Round,Match,Player,Team,Rank,Votes,Votes3_Probability,Votes_Optimistic,CoachesVotes,RatingPoints,Supercoach,Disposals,ContestedPossessions,Clearances,MetresGained,Goals,ScoreInvolvements
0,Bris v WB,Bruce Reville,Brisbane,32,0.0,0.0,0.0,0,11.4,72,18,6,2,498,0,5
0,Bris v WB,Cam Rayner,Brisbane,28,0.002,0.0,0.0,0,7.7,63,16,8,3,149,1,7
0,Bris v WB,Charlie Cameron,Brisbane,4,0.273,1.7,0.2,6,17.8,94,15,6,0,373,4,8
0,Bris v WB,Darcy Fort,Brisbane,29,0.002,0.0,0.0,0,6.1,63,11,5,3,168,1,3
0,Bris v WB,Darcy Gardiner,Brisbane,44,0.0,0.0,0.0,0,0.8,16,7,2,0,89,0,2
0,Bris v WB,Darcy Wilmot,Brisbane,23,0.003,0.0,0.0,0,6.4,74,23,5,1,392,0,5
0,Bris v WB,Dayne Zorko,Brisbane,11,0.066,0.1,0.0,0,20.0,131,31,5,0,597,1,8
0,Bris v WB,Harris Andrews,Brisbane,13,0.017,0.0,0.0,2,14.6,89,18,8,0,210,0,5
0,Bris v WB,Hugh McCluggage,Brisbane,46,0.0,0.0,0.0,0,2.1,13,4,0,0,39,0,0
0,Bris v WB,Jarrod Berry,Brisbane,17,0.007,0.0,0.0,0,7.9,95,22,8,4,415,0,5
0,Bris v WB,Jaspa Fletcher,Brisbane,20,0.003,0.0,0.0,0,7.1,69,21,5,2,289,0,6
0,Bris v WB,Josh Dunkley,Brisbane,18,0.007,0.0,0.0,0,12.5,88,19,9,4,261,0,5
0,Bris v WB,Kai Lohmann,Brisbane,21,0.003,0.0,0.0,0,13.3,82,15,7,4,333,2,7
0,Bris v WB,Keidean Coleman,Brisbane,30,0.002,0.0,0.0,0,4.9,61,18,3,0,337,0,4
0,Bris v WB,Lachie Neale,Brisbane,2,1.74,23.7,2.0,4,13.3,123,39,15,8,313,0,4
0,Bris v WB,Levi Ashcroft,Brisbane,33,0.0,0.0,0.0,0,8.7,64,18,4,2,192,0,5
0,Bris v WB,Logan Morris,Brisbane,19,0.004,0.0,0.0,0,14.8,76,14,3,0,317,3,7
0,Bris v WB,Oscar Allen,Brisbane,40,0.0,0.0,0.0,0,2.0,44,11,2,0,250,1,8
0,Bris v WB,Ryan Lester,Brisbane,12,0.021,0.0,0.0,1,18.0,97,24,5,0,405,0,4
0,Bris v WB,Ty Gallop,Brisbane,42,0.0,0.0,0.0,0,5.5,51,10,5,0,168,0,2
0,Bris v WB,Will Ashcroft,Brisbane,7,0.116,0.5,0.0,0,12.8,98,30,11,7,388,0,5
0,Bris v WB,Zac Bailey,Brisbane,25,0.002,0.0,0.0,0,11.6,76,18,7,4,154,1,6
0,Bris v WB,Zane Zakostelsky,Brisbane,41,0.0,0.0,0.0,0,4.8,56,6,4,1,1,1,4
0,Syd v Carl,Adam Saad,Carlton,36,0.0,0.0,0.0,0,12.2,83,11,5,0,221,0,3
0,Syd v Carl,Ashton Moir,Carlton,41,0.0,0.0,0.0,0,6.8,57,10,3,2,105,1,5
0,Syd v Carl,Ben Ainsworth,Carlton,39,0.0,0.0,0.0,0,16.3,62,14,3,1,287,2,5
0,Syd v Carl,Brodie Kemp,Carlton,40,0.0,0.0,0.0,0,5.4,68,15,6,0,132,1,3
0,Syd v Carl,Campbell Chesser,Carlton,33,0.0,0.0,0.0,0,3.7,63,17,5,0,274,0,2
0,Syd v Carl,Cooper Lord,Carlton,24,0.002,0.0,0.0,0,11.3,85,26,7,1,408,0,5
0,Syd v Carl,Elijah Hollands,Carlton,32,0.0,0.0,0.0,0,5.9,61,19,8,0,216,1,2
0,Syd v Carl,George Hewett,Carlton,35,0.0,0.0,0.0,0,2.8,70,19,7,2,181,0,2
0,Syd v Carl,Harry Dean,Carlton,42,0.0,0.0,0.0,0,11.2,59,14,7,0,220,0,1
0,Syd v Carl,Harry McKay,Carlton,38,0.0,0.0,0.0,0,4.8,50,13,7,0,321,1,5
0,Syd v Carl,Jacob Weitering,Carlton,34,0.0,0.0,0.0,0,5.8,73,15,4,0,214,0,0
0,Syd v Carl,Jagga Smith,Carlton,18,0.003,0.0,0.0,0,6.0,65,27,5,3,347,0,4
0,Syd v Carl,Lachie Fogarty,Carlton,45,0.0,0.0,0.0,0,4.9,58,14,7,0,212,0,1
0,Syd v Carl,Lewis Young,Carlton,43,0.0,0.0,0.0,0,3.2,60,11,5,0,138,0,0
0,Syd v Carl,Liam Reidy,Carlton,46,0.0,0.0,0.0,0,1.8,31,5,4,1,83,0,2
0,Syd v Carl,Marc Pittonet,Carlton,10,0.016,0.0,0.0,0,26.0,108,18,12,8,175,3,5
0,Syd v Carl,Mitch McGovern,Carlton,37,0.0,0.0,0.0,0,10.0,58,16,3,0,421,0,1
0,Syd v Carl,Oliver Florent,Carlton,20,0.002,0.0,0.0,0,12.1,95,22,9,2,464,0,3
0,Syd v Carl,Oliver Hollands,Carlton,31,0.0,0.0,0.0,0,7.5,73,18,6,3,336,0,3
0,Syd v Carl,Patrick Cripps,Carlton,21,0.003,0.0,0.0,0,8.9,60,19,10,4,186,0,4
0,Syd v Carl,Sam Walsh,Carlton,4,0.222,1.1,0.0,3,15.7,114,32,13,6,696,0,8
0,Syd v Carl,Will Hayward,Carlton,44,0.0,0.0,0.0,0,6.0,53,11,3,0,223,1,4
0,Syd v Carl,Zac Williams,Carlton,30,0.0,0.0,0.0,0,14.9,82,16,12,6,257,0,3
0,St K v Coll,Beau McCreery,Collingwood,12,0.049,0.0,0.0,0,13.5,60,16,2,1,368,2,5
0,St K v Coll,Billy Frampton,Collingwood,19,0.013,0.0,0.0,0,5.8,81,19,4,0,239,0,4
0,St K v Coll,Brayden Maynard,Collingwood,10,0.077,0.0,0.0,0,11.8,128,27,9,0,436,0,5
0,St K v Coll,Dan Houston,Collingwood,5,0.212,0.1,0.0,2,6.9,94,28,2,1,629,0,4
0,St K v Coll,Daniel McStay,Collingwood,36,0.0,0.0,0.0,0,5.9,39,6,3,1,42,1,2
0,St K v Coll,Darcy Cameron,Collingwood,8,0.082,0.0,0.0,0,14.8,107,19,13,5,153,1,5
0,St K v Coll,Edward Allan,Collingwood,37,0.0,0.0,0.0,0,2.9,35,10,4,1,129,0,2
0,St K v Coll,Harry Perryman,Collingwood,14,0.037,0.0,0.0,0,5.8,63,22,5,2,301,0,4
0,St K v Coll,Isaac Quaynor,Collingwood,6,0.097,0.0,0.0,2,9.9,90,23,5,1,250,0,7
0,St K v Coll,Jack Buller,Collingwood,39,0.0,0.0,0.0,0,0.9,20,6,3,0,84,0,1
0,St K v Coll,Jack Crisp,Collingwood,13,0.042,0.0,0.0,0,14.7,109,26,9,0,237,0,8
0,St K v Coll,Jamie Elliott,Collingwood,26,0.005,0.0,0.0,0,7.0,50,11,3,1,257,1,6
0,St K v Coll,Jordan De Goey,Collingwood,3,0.608,1.1,1.1,4,18.2,90,19,5,2,405,3,7
0,St K v Coll,Josh Daicos,Collingwood,2,1.116,4.3,1.9,4,10.7,134,36,9,3,444,0,8
0,St K v Coll,Lachie Schultz,Collingwood,9,0.077,0.0,0.0,0,7.8,108,20,3,0,277,2,5
0,St K v Coll,Ned Long,Collingwood,27,0.002,0.0,0.0,0,6.8,70,13,6,2,75,0,2
0,St K v Coll,Nick Daicos,Collingwood,1,2.94,94.1,3.0,10,9.3,117,41,6,4,844,0,11
0,St K v Coll,Patrick Lipinski,Collingwood,20,0.012,0.0,0.0,0,6.7,59,21,2,1,346,0,6
0,St K v Coll,Roan Steele,Collingwood,33,0.002,0.0,0.0,0,7.4,53,11,1,0,223,1,4
0,St K v Coll,Scott Pendlebury,Collingwood,7,0.093,0.0,0.0,2,14.7,112,26,11,3,31,0,10
0,St K v Coll,Steele Sidebottom,Collingwood,23,0.007,0.0,0.0,0,6.7,55,15,3,1,275,0,6
0,St K v Coll,Tim Membrey,Collingwood,38,0.0,0.0,0.0,0,-2.9,32,8,2,0,91,0,6
0,St K v Coll,Wil Parker,Collingwood,30,0.002,0.0,0.0,0,8.7,49,11,3,0,199,0,1
0,GC v Geel,Bailey Smith,Geelong,23,0.008,0.0,0.0,0,7.6,67,23,5,0,667,0,3
0,GC v Geel,Brad Close,Geelong,45,0.0,0.0,0.0,0,2.2,21,8,4,0,70,0,2
0,GC v Geel,Connor O'Sullivan,Geelong,31,0.001,0.0,0.0,0,10.0,75,18,5,0,292,0,3
0,GC v Geel,Gryan Miers,Geelong,22,0.009,0.0,0.0,0,3.5,75,28,5,1,404,0,3
0,GC v Geel,Jack Henry,Geelong,36,0.0,0.0,0.0,0,7.4,63,15,5,0,118,0,3
0,GC v Geel,Jack Martin,Geelong,43,0.0,0.0,0.0,0,4.1,52,13,7,1,132,0,2
0,GC v Geel,James Worpel,Geelong,25,0.007,0.0,0.0,0,9.5,78,17,7,9,276,0,3
0,GC v Geel,Jhye Clark,Geelong,39,0.0,0.0,0.0,0,9.1,34,11,5,2,300,1,1
0,GC v Geel,Lawson Humphries,Geelong,37,0.0,0.0,0.0,0,8.7,63,16,1,0,369,0,3
0,GC v Geel,Mark Blicavs,Geelong,35,0.0,0.0,0.0,0,4.8,49,15,6,2,-25,0,3
0,GC v Geel,Mark O'Connor,Geelong,32,0.001,0.0,0.0,0,7.6,80,17,8,2,137,0,5
0,GC v Geel,Max Holmes,Geelong,12,0.021,0.0,0.0,0,10.2,103,29,14,9,493,0,3
0,GC v Geel,Mitch Knevitt,Geelong,41,0.0,0.0,0.0,0,7.4,46,11,5,0,194,1,5
0,GC v Geel,Oisin Mullin,Geelong,46,0.0,0.0,0.0,0,1.2,25,4,1,0,11,0,2
0,GC v Geel,Oliver Dempsey,Geelong,16,0.019,0.0,0.0,0,22.6,109,20,10,2,228,4,9
0,GC v Geel,Oliver Henry,Geelong,38,0.0,0.0,0.0,0,6.4,42,9,3,0,238,2,3
0,GC v Geel,Sam De Koning,Geelong,34,0.0,0.0,0.0,0,2.9,41,13,4,2,139,0,0
0,GC v Geel,Shannon Neale,Geelong,44,0.0,0.0,0.0,0,3.8,48,5,5,1,131,1,5
0,GC v Geel,Shaun Mannagh,Geelong,42,0.0,0.0,0.0,0,10.6,56,10,3,1,272,1,4
0,GC v Geel,Tanner Bruhn,Geelong,10,0.031,0.0,0.0,0,13.6,91,31,6,2,600,0,6
0,GC v Geel,Tom Atkins,Geelong,14,0.023,0.0,0.0,0,14.6,98,26,16,6,261,0,5
0,GC v Geel,Tom Stewart,Geelong,28,0.005,0.0,0.0,0,11.1,104,24,6,1,596,0,2
0,GC v Geel,Zach Guthrie,Geelong,33,0.001,0.0,0.0,0,8.6,81,18,5,0,229,0,2
0,GC v Geel,Alex Davies,Gold Coast,13,0.022,0.0,0.0,0,9.4,60,17,14,4,157,0,3
0,GC v Geel,Bailey Humphrey,Gold Coast,2,1.203,3.7,1.9,8,16.7,116,15,6,1,335,4,9
0,GC v Geel,Ben King,Gold Coast,9,0.045,0.0,0.0,0,7.2,46,5,3,0,84,4,4
0,GC v Geel,Ben Long,Gold Coast,19,0.012,0.0,0.0,0,11.1,74,14,7,0,111,2,5
0,GC v Geel,Bodhi Uwland,Gold Coast,21,0.01,0.0,0.0,0,8.9,71,19,3,1,352,0,2
0,GC v Geel,Christian Petracca,Gold Coast,1,2.948,94.9,3.0,10,36.9,170,34,15,6,678,3,12
0,GC v Geel,Daniel Rioli,Gold Coast,7,0.079,0.0,0.0,0,7.6,96,24,6,3,475,0,3
0,GC v Geel,Ethan Read,Gold Coast,27,0.005,0.0,0.0,0,-5.8,43,14,3,0,102,0,5
0,GC v Geel,Jarrod Witts,Gold Coast,20,0.013,0.0,0.0,0,8.3,71,8,6,1,66,0,5
0,GC v Geel,Joel Jeffrey,Gold Coast,17,0.019,0.0,0.0,0,9.2,88,22,4,0,537,0,2
0,GC v Geel,John Noble,Gold Coast,3,0.7,1.1,1.1,4,14.2,116,28,2,0,570,2,4
0,GC v Geel,Jy Farrar,Gold Coast,40,0.0,0.0,0.0,0,3.2,29,5,3,0,-38,0,1
0,GC v Geel,Lachie Weller,Gold Coast,15,0.022,0.0,0.0,0,9.9,73,21,6,2,563,0,4
0,GC v Geel,Leonardo Lombard,Gold Coast,18,0.021,0.0,0.0,0,10.6,69,15,4,0,369,2,7
0,GC v Geel,Mac Andrew,Gold Coast,11,0.024,0.0,0.0,0,14.0,73,26,8,2,289,0,3
0,GC v Geel,Noah Anderson,Gold Coast,5,0.245,0.1,0.0,0,12.1,100,24,12,6,562,1,12
0,GC v Geel,Oscar Adams,Gold Coast,30,0.001,0.0,0.0,0,9.2,53,12,7,0,98,0,1
0,GC v Geel,Sam Clohesy,Gold Coast,24,0.007,0.0,0.0,0,9.1,74,19,5,0,410,0,2
0,GC v Geel,Sam Collins,Gold Coast,6,0.096,0.0,0.0,3,11.1,89,17,7,0,137,0,1
0,GC v Geel,Touk Miller,Gold Coast,4,0.333,0.2,0.0,4,20.1,120,30,11,4,356,1,4
0,GC v Geel,Wil Powell,Gold Coast,8,0.058,0.0,0.0,1,14.4,87,19,5,2,365,0,3
0,GC v Geel,Will Graham,Gold Coast,29,0.003,0.0,0.0,0,0.2,46,8,4,2,202,0,6
0,GC v Geel,Zeke Uwland,Gold Coast,26,0.006,0.0,0.0,0,1.2,37,16,4,0,339,0,4
0,GWS v Haw,Callum Brown,Greater Western Sydney,29,0.001,0.0,0.0,0,6.7,35,10,4,0,163,1,1
0,GWS v Haw,Clayton Oliver,Greater Western Sydney,3,1.298,19.4,1.4,7,21.6,121,26,19,10,274,1,7
0,GWS v Haw,Connor Idun,Greater Western Sydney,19,0.002,0.0,0.0,0,8.2,71,13,4,1,163,0,2
0,GWS v Haw,Finn Callaghan,Greater Western Sydney,2,1.464,22.7,1.7,6,14.1,89,26,7,6,735,0,6
0,GWS v Haw,Harry Himmelberg,Greater Western Sydney,17,0.004,0.0,0.0,0,7.4,70,19,4,1,312,0,1
0,GWS v Haw,Harry Rowston,Greater Western Sydney,11,0.012,0.0,0.0,0,6.6,60,15,4,3,313,1,4
0,GWS v Haw,Harvey Thomas,Greater Western Sydney,13,0.006,0.0,0.0,0,12.6,84,20,7,2,386,0,4
0,GWS v Haw,Jack Buckley,Greater Western Sydney,24,0.002,0.0,0.0,0,6.1,66,12,1,0,203,0,0
0,GWS v Haw,Jake Riccardi,Greater Western Sydney,5,0.138,1.3,0.0,0,11.4,111,17,4,0,429,3,7
0,GWS v Haw,Jake Stringer,Greater Western Sydney,1,2.293,48.7,2.9,10,23.6,131,14,8,2,362,5,11
0,GWS v Haw,Jayden Laverde,Greater Western Sydney,16,0.005,0.0,0.0,0,7.4,75,14,3,0,329,0,4
0,GWS v Haw,Jesse Hogan,Greater Western Sydney,15,0.005,0.0,0.0,0,11.4,75,8,4,0,229,3,6
0,GWS v Haw,Joe Fonti,Greater Western Sydney,6,0.118,1.2,0.0,2,15.9,119,22,10,3,304,0,4
0,GWS v Haw,Josaia Delana,Greater Western Sydney,43,0.0,0.0,0.0,0,6.5,43,6,5,0,93,0,5
0,GWS v Haw,Kieren Briggs,Greater Western Sydney,14,0.006,0.0,0.0,0,15.0,78,9,9,7,237,0,2
0,GWS v Haw,Lachie Ash,Greater Western Sydney,12,0.012,0.0,0.0,0,10.0,69,20,3,0,406,0,2
0,GWS v Haw,Lachie Whitfield,Greater Western Sydney,9,0.036,0.2,0.0,0,6.6,103,27,2,0,377,0,5
0,GWS v Haw,Max Gruzewski,Greater Western Sydney,30,0.001,0.0,0.0,0,9.2,54,6,3,0,127,2,4
0,GWS v Haw,Phoenix Gothard,Greater Western Sydney,31,0.0,0.0,0.0,0,10.1,47,10,4,2,237,1,3
0,GWS v Haw,Ryan Angwin,Greater Western Sydney,33,0.0,0.0,0.0,0,7.8,56,12,3,1,248,0,2
0,GWS v Haw,Stephen Coniglio,Greater Western Sydney,4,0.427,5.5,0.0,5,12.3,122,22,10,3,282,2,9
0,GWS v Haw,Toby Greene,Greater Western Sydney,7,0.075,0.6,0.0,0,11.7,89,20,12,3,504,0,6
0,GWS v Haw,Xavier O'Halloran,Greater Western Sydney,40,0.0,0.0,0.0,0,5.0,30,9,4,0,153,0,2
0,GWS v Haw,Blake Hardwick,Hawthorn,39,0.0,0.0,0.0,0,13.0,69,12,5,1,193,0,0
0,GWS v Haw,Connor Macdonald,Hawthorn,18,0.004,0.0,0.0,0,11.3,94,20,9,4,333,0,7
0,GWS v Haw,Conor Nash,Hawthorn,23,0.002,0.0,0.0,0,6.8,62,17,8,6,164,0,4
0,GWS v Haw,Dylan Moore,Hawthorn,45,0.0,0.0,0.0,0,8.6,45,13,6,1,128,0,3
0,GWS v Haw,Finn Maginness,Hawthorn,46,0.0,0.0,0.0,0,3.3,32,8,0,0,76,0,3
0,GWS v Haw,Harry Morrison,Hawthorn,38,0.0,0.0,0.0,0,4.4,39,17,0,0,384,0,4
0,GWS v Haw,Jack Ginnivan,Hawthorn,26,0.002,0.0,0.0,0,11.7,70,17,5,2,291,2,4
0,GWS v Haw,Jack Gunston,Hawthorn,25,0.001,0.0,0.0,0,17.0,69,7,3,0,214,4,7
0,GWS v Haw,Jack Scrimshaw,Hawthorn,28,0.001,0.0,0.0,0,10.2,78,20,7,0,460,0,1
0,GWS v Haw,Jai Newcombe,Hawthorn,8,0.062,0.4,0.0,0,7.8,63,25,4,4,535,0,5
0,GWS v Haw,James Sicily,Hawthorn,10,0.016,0.0,0.0,0,18.5,128,23,12,1,592,0,1
0,GWS v Haw,Jarman Impey,Hawthorn,35,0.0,0.0,0.0,0,8.7,67,18,5,0,416,0,2
0,GWS v Haw,Josh Battle,Hawthorn,22,0.002,0.0,0.0,0,11.0,82,20,7,0,422,0,1
0,GWS v Haw,Josh Ward,Hawthorn,21,0.002,0.0,0.0,0,11.7,66,18,6,1,283,0,5
0,GWS v Haw,Josh Weddle,Hawthorn,34,0.0,0.0,0.0,0,8.1,62,14,5,1,297,0,3
0,GWS v Haw,Karl Amon,Hawthorn,36,0.0,0.0,0.0,0,1.8,62,15,0,1,423,0,4
0,GWS v Haw,Lloyd Meek,Hawthorn,41,0.0,0.0,0.0,0,8.4,71,6,5,2,26,1,2
0,GWS v Haw,Mabior Chol,Hawthorn,20,0.002,0.0,0.0,0,11.8,63,9,8,5,128,2,5
0,GWS v Haw,Massimo D'Ambrosio,Hawthorn,32,0.0,0.0,0.0,0,9.1,51,17,7,2,359,0,3
0,GWS v Haw,Mitch Lewis,Hawthorn,42,0.0,0.0,0.0,0,4.2,59,10,7,2,141,1,3
0,GWS v Haw,Nick Watson,Hawthorn,27,0.002,0.0,0.0,0,12.1,78,17,7,1,310,2,8
0,GWS v Haw,Sam Butler,Hawthorn,37,0.0,0.0,0.0,0,10.8,54,10,4,3,244,2,2
0,GWS v Haw,Tom Barrass,Hawthorn,44,0.0,0.0,0.0,0,9.6,38,8,3,0,0,0,3
0,St K v Coll,Alix Tauru,St Kilda,46,0.0,0.0,0.0,0,3.2,21,6,2,1,72,0,2
0,St K v Coll,Anthony Caminiti,St Kilda,43,0.0,0.0,0.0,0,5.5,45,10,5,0,93,0,2
0,St K v Coll,Bradley Hill,St Kilda,21,0.011,0.0,0.0,0,10.1,83,24,4,0,760,1,4
0,St K v Coll,Callum Wilkie,St Kilda,17,0.021,0.0,0.0,0,16.0,104,26,7,0,278,0,4
0,St K v Coll,Cooper Sharman,St Kilda,32,0.002,0.0,0.0,0,2.2,53,10,6,0,125,2,4
0,St K v Coll,Darcy Wilson,St Kilda,28,0.002,0.0,0.0,0,-2.1,49,21,3,0,402,0,6
0,St K v Coll,Hugh Boxshall,St Kilda,45,0.0,0.0,0.0,0,1.1,33,7,1,1,121,0,1
0,St K v Coll,Hugo Garcia,St Kilda,22,0.01,0.0,0.0,0,8.7,78,17,7,5,177,0,4
0,St K v Coll,Jack Carroll,St Kilda,35,0.001,0.0,0.0,0,5.0,54,16,2,0,361,0,2
0,St K v Coll,Jack Higgins,St Kilda,41,0.0,0.0,0.0,0,12.0,72,11,5,1,100,1,5
0,St K v Coll,Jack Macrae,St Kilda,34,0.001,0.0,0.0,0,8.8,53,14,9,4,127,0,3
0,St K v Coll,Jack Silvagni,St Kilda,25,0.005,0.0,0.0,0,8.7,80,19,6,0,253,0,2
0,St K v Coll,Jack Sinclair,St Kilda,4,0.342,0.4,0.0,6,24.9,143,35,7,1,560,0,4
0,St K v Coll,Liam Ryan,St Kilda,40,0.0,0.0,0.0,0,1.2,24,9,4,0,251,1,5
0,St K v Coll,Marcus Windhager,St Kilda,15,0.023,0.0,0.0,0,9.9,102,29,7,2,514,0,3
0,St K v Coll,Mason Wood,St Kilda,42,0.0,0.0,0.0,0,6.3,55,13,5,2,264,0,1
0,St K v Coll,Mattaes Phillipou,St Kilda,24,0.007,0.0,0.0,0,9.4,66,18,10,3,267,0,4
0,St K v Coll,Max Hall,St Kilda,31,0.002,0.0,0.0,0,9.3,79,17,6,1,127,1,6
0,St K v Coll,Mitch Owens,St Kilda,29,0.002,0.0,0.0,0,11.3,77,12,5,0,263,2,6
0,St K v Coll,Nasiah Wanganeen-Milera,St Kilda,16,0.022,0.0,0.0,0,11.8,63,19,5,2,374,1,4
0,St K v Coll,Rowan Marshall,St Kilda,44,0.0,0.0,0.0,0,6.1,38,6,7,3,86,0,4
0,St K v Coll,Sam Flanders,St Kilda,11,0.063,0.0,0.0,0,7.0,77,28,7,1,505,0,4
0,St K v Coll,Tom De Koning,St Kilda,18,0.014,0.0,0.0,0,14.0,96,20,8,4,173,0,6
0,Syd v Carl,Angus Sheldrick,Sydney,7,0.036,0.0,0.0,0,10.5,48,23,6,3,413,1,5
0,Syd v Carl,Brodie Grundy,Sydney,9,0.018,0.0,0.0,0,18.1,112,16,6,3,224,1,7
0,Syd v Carl,Callum Mills,Sydney,12,0.013,0.0,0.0,0,4.5,66,25,5,0,429,0,6
0,Syd v Carl,Chad Warner,Sydney,5,0.206,1.1,0.0,1,16.6,91,20,9,4,563,1,7
0,Syd v Carl,Charlie Curnow,Sydney,15,0.01,0.0,0.0,0,14.5,65,10,4,0,270,3,5
0,Syd v Carl,Dane Rampe,Sydney,23,0.002,0.0,0.0,0,14.3,85,14,9,1,155,0,5
0,Syd v Carl,Errol Gulden,Sydney,2,1.749,22.5,1.9,8,10.2,113,27,8,5,549,0,10
0,Syd v Carl,Isaac Heeney,Sydney,3,0.959,7.7,1.1,5,18.6,89,20,10,6,290,2,6
0,Syd v Carl,Jai Serong,Sydney,17,0.006,0.0,0.0,0,8.5,77,19,5,2,373,0,4
0,Syd v Carl,Jake Lloyd,Sydney,22,0.002,0.0,0.0,0,8.5,59,18,5,0,301,0,5
0,Syd v Carl,James Jordon,Sydney,19,0.003,0.0,0.0,0,7.9,52,16,5,1,138,0,4
0,Syd v Carl,James Rowbottom,Sydney,6,0.047,0.0,0.0,0,17.2,95,20,12,7,311,1,6
0,Syd v Carl,Joel Amartey,Sydney,11,0.015,0.0,0.0,0,6.6,58,7,3,0,203,3,4
0,Syd v Carl,Justin McInerney,Sydney,1,2.631,67.6,3.0,10,23.7,142,31,7,2,461,3,14
0,Syd v Carl,Lewis Melican,Sydney,26,0.001,0.0,0.0,0,4.6,37,7,3,0,91,0,1
0,Syd v Carl,Logan McDonald,Sydney,25,0.001,0.0,0.0,0,3.5,52,11,4,2,94,1,2
0,Syd v Carl,Malcolm Rosas,Sydney,27,0.001,0.0,0.0,0,11.3,68,10,4,0,124,1,5
0,Syd v Carl,Matt Roberts,Sydney,8,0.026,0.0,0.0,0,20.7,112,18,7,1,483,2,8
0,Syd v Carl,Nick Blakey,Sydney,14,0.01,0.0,0.0,0,13.0,71,21,5,0,569,0,8
0,Syd v Carl,Riley Bice,Sydney,16,0.007,0.0,0.0,0,11.6,78,16,6,0,284,0,3
0,Syd v Carl,Sam Wicks,Sydney,29,0.001,0.0,0.0,0,4.5,29,9,2,1,263,0,3
0,Syd v Carl,Tom McCartin,Sydney,13,0.01,0.0,0.0,3,11.2,66,17,5,2,67,0,1
0,Syd v Carl,Tom Papley,Sydney,28,0.001,0.0,0.0,0,5.6,46,9,4,0,114,1,5
0,Bris v WB,Aaron Naughton,Western Bulldogs,27,0.002,0.0,0.0,0,8.6,79,10,5,1,186,2,6
0,Bris v WB,Arthur Jones,Western Bulldogs,45,0.0,0.0,0.0,0,1.8,21,7,1,0,72,0,2
0,Bris v WB,Bailey Dale,Western Bulldogs,16,0.008,0.0,0.0,0,4.1,60,19,5,1,248,0,4
0,Bris v WB,Bailey Williams,Western Bulldogs,10,0.083,0.3,0.0,3,4.8,90,25,5,3,459,1,11
0,Bris v WB,Buku Khamis,Western Bulldogs,38,0.0,0.0,0.0,0,4.4,30,5,2,0,13,0,2
0,Bris v WB,Connor Budarick,Western Bulldogs,8,0.106,0.4,0.0,1,12.5,105,27,6,1,515,1,9
0,Bris v WB,Cooper Hynes,Western Bulldogs,36,0.0,0.0,0.0,0,2.6,38,12,3,2,41,0,7
0,Bris v WB,Ed Richards,Western Bulldogs,1,2.641,68.3,3.0,10,29.0,144,30,6,7,726,2,16
0,Bris v WB,James O'Donnell,Western Bulldogs,34,0.001,0.0,0.0,0,5.7,51,8,5,0,61,0,1
0,Bris v WB,Joel Freijah,Western Bulldogs,15,0.01,0.0,0.0,0,8.3,50,20,7,4,119,0,8
0,Bris v WB,Jordan Croft,Western Bulldogs,43,0.0,0.0,0.0,0,-0.6,18,4,3,1,67,0,2
0,Bris v WB,Lachie Jaques,Western Bulldogs,26,0.002,0.0,0.0,0,9.3,84,16,4,0,377,0,4
0,Bris v WB,Lachlan Bramble,Western Bulldogs,24,0.002,0.0,0.0,0,15.3,71,16,4,2,419,1,8
0,Bris v WB,Marcus Bontempelli,Western Bulldogs,3,0.394,2.9,0.7,0,26.5,113,19,9,4,422,3,8
0,Bris v WB,Matthew Kennedy,Western Bulldogs,5,0.239,1.4,0.1,0,8.0,88,30,11,5,520,0,8
0,Bris v WB,Michael Sellwood,Western Bulldogs,37,0.0,0.0,0.0,0,5.8,70,10,4,0,136,0,1
0,Bris v WB,Oskar Baker,Western Bulldogs,35,0.001,0.0,0.0,0,7.7,43,11,3,2,159,0,4
0,Bris v WB,Rhylee West,Western Bulldogs,31,0.002,0.0,0.0,0,14.0,72,16,4,0,222,1,7
0,Bris v WB,Rory Lobb,Western Bulldogs,14,0.011,0.0,0.0,3,13.0,66,13,2,0,337,0,1
0,Bris v WB,Sam Darcy,Western Bulldogs,22,0.002,0.0,0.0,0,9.8,61,10,5,1,181,2,6
0,Bris v WB,Sam Davidson,Western Bulldogs,39,0.0,0.0,0.0,0,8.9,50,9,4,1,98,1,7
0,Bris v WB,Tim English,Western Bulldogs,9,0.097,0.3,0.0,0,20.6,117,16,8,0,222,2,9
0,Bris v WB,Tom Liberatore,Western Bulldogs,6,0.13,0.5,0.0,0,11.6,86,28,10,4,367,0,6
1,Coll v Adel,Alex Neal-Bullen,Adelaide,6,0.268,4.1,0.0,3,18.2,94,26,10,2,407,1,12
1,Coll v Adel,Ben Keays,Adelaide,27,0.002,0.0,0.0,0,6.5,42,13,2,0,264,1,6
1,Coll v Adel,Brayden Cook,Adelaide,15,0.019,0.2,0.0,0,18.1,92,19,10,0,329,1,5
1,Coll v Adel,Callum Ah Chee,Adelaide,35,0.001,0.0,0.0,0,7.0,47,12,4,1,186,0,2
1,Coll v Adel,Darcy Fogarty,Adelaide,26,0.002,0.0,0.0,0,6.2,52,8,6,0,156,2,5
1,Coll v Adel,Hugh Bond,Adelaide,28,0.002,0.0,0.0,0,-1.0,50,13,4,1,265,0,3
1,Coll v Adel,Isaac Cumming,Adelaide,13,0.035,0.5,0.0,0,9.5,90,19,1,0,372,2,5
1,Coll v Adel,Jake Soligo,Adelaide,19,0.006,0.0,0.0,0,8.2,74,14,7,2,167,1,3
1,Coll v Adel,James Peatling,Adelaide,12,0.038,0.5,0.0,0,10.7,87,20,10,5,177,0,6
1,Coll v Adel,Jordan Dawson,Adelaide,7,0.158,2.3,0.0,0,13.9,91,21,8,2,148,0,5
1,Coll v Adel,Jordon Butts,Adelaide,37,0.0,0.0,0.0,0,4.4,45,8,4,0,88,0,0
1,Coll v Adel,Josh Rachele,Adelaide,8,0.148,2.2,0.0,0,7.9,88,24,9,3,247,1,10
1,Coll v Adel,Josh Worrell,Adelaide,5,0.284,4.6,0.0,5,11.1,116,27,8,0,536,0,4
1,Coll v Adel,Lachlan McAndrew,Adelaide,16,0.013,0.1,0.0,0,12.0,88,13,8,5,167,0,5
1,Coll v Adel,Luke Pedlar,Adelaide,38,0.001,0.0,0.0,0,7.3,58,7,3,0,193,1,3
1,Coll v Adel,Max Michalanney,Adelaide,22,0.002,0.0,0.0,0,7.4,62,16,2,0,391,0,6
1,Coll v Adel,Nick Murray,Adelaide,29,0.002,0.0,0.0,0,8.5,70,13,3,1,234,0,2
1,Coll v Adel,Riley Thilthorpe,Adelaide,3,0.763,12.3,1.0,5,9.4,85,15,6,1,510,3,5
1,Coll v Adel,Rory Laird,Adelaide,10,0.054,0.7,0.0,0,7.0,86,25,5,1,352,0,3
1,Coll v Adel,Sam Berry,Adelaide,9,0.099,1.4,0.0,0,6.0,99,19,10,4,515,0,8
1,Coll v Adel,Taylor Walker,Adelaide,17,0.01,0.0,0.0,0,12.4,88,19,10,0,315,0,9
1,Coll v Adel,Toby Murray,Adelaide,44,0.0,0.0,0.0,0,-0.9,12,2,1,0,5,0,0
1,Coll v Adel,Wayne Milera,Adelaide,2,1.793,31.3,2.5,10,21.8,142,34,8,1,673,0,8
1,Syd v Bris,Bruce Reville,Brisbane,29,0.001,0.0,0.0,0,17.5,78,13,6,3,452,2,5
1,Syd v Bris,Cam Rayner,Brisbane,23,0.006,0.0,0.0,0,8.3,64,16,6,3,296,1,6
1,Syd v Bris,Charlie Cameron,Brisbane,30,0.001,0.0,0.0,0,10.5,74,12,6,2,277,2,2
1,Syd v Bris,Daniel Annable,Brisbane,44,0.0,0.0,0.0,0,4.6,40,13,2,0,239,0,5
1,Syd v Bris,Darcy Fort,Brisbane,20,0.008,0.0,0.0,0,16.3,100,18,10,7,414,0,4
1,Syd v Bris,Darcy Wilmot,Brisbane,15,0.028,0.1,0.0,0,2.7,90,24,7,4,397,0,2
1,Syd v Bris,Dayne Zorko,Brisbane,12,0.046,0.2,0.0,0,7.3,102,30,6,1,669,0,4
1,Syd v Bris,James Tunstill,Brisbane,40,0.0,0.0,0.0,0,3.7,53,16,4,0,86,1,2
1,Syd v Bris,Jarrod Berry,Brisbane,33,0.0,0.0,0.0,1,7.5,55,12,3,1,231,0,3
1,Syd v Bris,Jaspa Fletcher,Brisbane,32,0.001,0.0,0.0,0,9.3,89,18,3,0,422,0,5
1,Syd v Bris,Josh Dunkley,Brisbane,26,0.004,0.0,0.0,0,9.3,101,22,10,2,136,0,4
1,Syd v Bris,Kai Lohmann,Brisbane,42,0.0,0.0,0.0,0,3.1,29,8,7,3,111,1,2
1,Syd v Bris,Keidean Coleman,Brisbane,34,0.0,0.0,0.0,0,3.7,50,16,4,1,125,0,2
1,Syd v Bris,Lachie Neale,Brisbane,10,0.052,0.3,0.0,0,15.2,93,28,12,9,283,0,4
1,Syd v Bris,Levi Ashcroft,Brisbane,28,0.001,0.0,0.0,0,9.4,78,18,6,3,329,0,4
1,Syd v Bris,Lincoln McCarthy,Brisbane,41,0.0,0.0,0.0,0,6.6,46,11,7,1,196,0,1
1,Syd v Bris,Noah Answerth,Brisbane,43,0.0,0.0,0.0,0,3.7,50,10,2,0,226,0,3
1,Syd v Bris,Oscar Allen,Brisbane,45,0.0,0.0,0.0,0,5.8,26,5,1,0,127,1,2
1,Syd v Bris,Ryan Lester,Brisbane,37,0.0,0.0,0.0,0,11.6,63,11,6,0,196,0,0
1,Syd v Bris,Sam Draper,Brisbane,36,0.0,0.0,0.0,0,-0.9,26,8,4,0,96,0,4
1,Syd v Bris,Ty Gallop,Brisbane,46,0.0,0.0,0.0,0,2.9,26,3,3,0,84,0,2
1,Syd v Bris,Will Ashcroft,Brisbane,21,0.007,0.0,0.0,0,5.4,64,21,8,5,170,0,3
1,Syd v Bris,Zane Zakostelsky,Brisbane,38,0.0,0.0,0.0,0,7.7,62,12,3,0,284,0,1
1,Carl v Rich,Ben Ainsworth,Carlton,42,0.0,0.0,0.0,0,8.1,41,8,4,0,140,0,2
1,Carl v Rich,Brodie Kemp,Carlton,37,0.0,0.0,0.0,0,1.2,51,10,0,0,137,1,4
1,Carl v Rich,Campbell Chesser,Carlton,30,0.001,0.0,0.0,0,2.8,54,15,2,1,328,0,5
1,Carl v Rich,Cooper Lord,Carlton,15,0.007,0.0,0.0,0,7.6,75,20,6,2,375,1,5
1,Carl v Rich,Elijah Hollands,Carlton,29,0.001,0.0,0.0,0,10.9,68,14,8,1,194,0,4
1,Carl v Rich,George Hewett,Carlton,6,0.067,0.6,0.0,0,18.6,117,23,12,5,149,1,6
1,Carl v Rich,Harry Dean,Carlton,40,0.0,0.0,0.0,0,2.6,38,7,1,0,207,0,1
1,Carl v Rich,Harry McKay,Carlton,11,0.008,0.0,0.0,0,5.7,79,12,5,0,243,2,6
1,Carl v Rich,Hudson O'Keeffe,Carlton,35,0.0,0.0,0.0,0,0.9,32,7,3,1,67,0,4
1,Carl v Rich,Jacob Weitering,Carlton,21,0.003,0.0,0.0,1,14.4,72,9,6,0,243,0,0
1,Carl v Rich,Jagga Smith,Carlton,3,0.581,6.6,0.6,5,10.7,113,32,11,3,303,0,11
1,Carl v Rich,Lachie Fogarty,Carlton,43,0.0,0.0,0.0,0,3.5,36,6,4,1,16,0,4
1,Carl v Rich,Lachlan Cowan,Carlton,32,0.0,0.0,0.0,0,1.3,39,14,2,0,269,0,0
1,Carl v Rich,Lewis Young,Carlton,28,0.001,0.0,0.0,0,1.7,58,10,5,1,165,0,1
1,Carl v Rich,Marc Pittonet,Carlton,9,0.011,0.0,0.0,0,18.7,110,13,11,6,136,1,8
1,Carl v Rich,Matthew Carroll,Carlton,17,0.004,0.0,0.0,0,12.0,75,19,8,0,416,0,4
1,Carl v Rich,Mitch McGovern,Carlton,12,0.008,0.0,0.0,0,16.0,106,15,9,0,346,2,5
1,Carl v Rich,Oliver Florent,Carlton,8,0.009,0.0,0.0,0,4.8,81,24,1,0,606,0,2
1,Carl v Rich,Oliver Hollands,Carlton,31,0.001,0.0,0.0,0,-0.5,45,14,2,0,298,0,2
1,Carl v Rich,Patrick Cripps,Carlton,2,2.089,37.4,2.3,6,8.4,114,32,19,9,278,0,10
1,Carl v Rich,Sam Walsh,Carlton,1,2.297,46.2,2.7,10,13.4,96,30,9,6,480,0,3
1,Carl v Rich,Will Hayward,Carlton,22,0.002,0.0,0.0,0,12.0,88,16,5,0,322,1,5
1,Carl v Rich,Zac Williams,Carlton,16,0.006,0.0,0.0,0,14.6,103,17,5,1,405,1,2
1,Coll v Adel,Beau McCreery,Collingwood,24,0.002,0.0,0.0,0,6.4,71,17,5,1,434,1,5
1,Coll v Adel,Billy Frampton,Collingwood,42,0.0,0.0,0.0,0,4.2,29,5,4,0,26,0,1
1,Coll v Adel,Brayden Maynard,Collingwood,31,0.001,0.0,0.0,0,8.2,76,15,5,0,405,0,2
1,Coll v Adel,Dan Houston,Collingwood,4,0.35,5.7,0.0,3,16.8,132,32,8,1,702,0,5
1,Coll v Adel,Daniel McStay,Collingwood,40,0.0,0.0,0.0,0,-1.3,34,10,4,1,170,0,2
1,Coll v Adel,Darcy Cameron,Collingwood,18,0.009,0.0,0.0,0,9.1,86,20,10,9,213,0,6
1,Coll v Adel,Edward Allan,Collingwood,43,0.0,0.0,0.0,0,6.0,41,8,5,0,155,0,2
1,Coll v Adel,Harry Perryman,Collingwood,32,0.001,0.0,0.0,0,6.3,75,17,3,0,337,0,2
1,Coll v Adel,Isaac Quaynor,Collingwood,20,0.004,0.0,0.0,0,10.1,85,21,1,0,668,0,6
1,Coll v Adel,Jack Buller,Collingwood,45,0.0,0.0,0.0,0,-1.4,20,8,2,0,72,0,1
1,Coll v Adel,Jack Crisp,Collingwood,14,0.029,0.3,0.0,0,19.6,93,24,9,2,445,1,6
1,Coll v Adel,Jamie Elliott,Collingwood,39,0.0,0.0,0.0,0,8.3,40,5,2,1,102,2,5
1,Coll v Adel,Jordan De Goey,Collingwood,36,0.0,0.0,0.0,0,6.9,56,12,4,0,153,0,3
1,Coll v Adel,Josh Daicos,Collingwood,11,0.042,0.5,0.0,0,11.2,94,28,4,1,460,0,5
1,Coll v Adel,Lachie Schultz,Collingwood,21,0.003,0.0,0.0,0,12.5,63,15,5,0,318,2,8
1,Coll v Adel,Ned Long,Collingwood,33,0.001,0.0,0.0,0,7.6,63,16,7,2,67,0,2
1,Coll v Adel,Nick Daicos,Collingwood,1,1.854,33.3,2.5,4,20.1,126,33,7,4,790,2,8
1,Coll v Adel,Patrick Lipinski,Collingwood,23,0.002,0.0,0.0,0,5.9,91,22,7,1,347,0,8
1,Coll v Adel,Roan Steele,Collingwood,34,0.001,0.0,0.0,0,8.7,65,12,3,0,202,2,6
1,Coll v Adel,Scott Pendlebury,Collingwood,30,0.001,0.0,0.0,0,13.0,70,16,5,3,172,0,6
1,Coll v Adel,Steele Sidebottom,Collingwood,25,0.002,0.0,0.0,0,7.9,65,17,7,3,268,0,1
1,Coll v Adel,Tim Membrey,Collingwood,46,0.0,0.0,0.0,0,6.0,40,3,4,0,55,1,3
1,Coll v Adel,Wil Parker,Collingwood,41,0.0,0.0,0.0,0,5.1,29,9,4,0,188,0,1
1,Ess v Haw,Andrew McGrath,Essendon,28,0.001,0.0,0.0,0,7.2,85,21,4,0,276,0,2
1,Ess v Haw,Archer May,Essendon,46,0.0,0.0,0.0,0,1.6,25,3,2,0,109,0,0
1,Ess v Haw,Archie Perkins,Essendon,35,0.0,0.0,0.0,0,7.6,56,17,4,0,223,1,2
1,Ess v Haw,Archie Roberts,Essendon,27,0.002,0.0,0.0,0,5.5,53,20,5,3,356,0,0
1,Ess v Haw,Ben McKay,Essendon,31,0.0,0.0,0.0,0,14.7,73,12,3,0,41,0,2
1,Ess v Haw,Brayden Fiorini,Essendon,29,0.0,0.0,0.0,0,6.6,59,20,5,1,255,1,4
1,Ess v Haw,Darcy Parish,Essendon,25,0.003,0.0,0.0,0,13.8,93,21,10,6,383,0,6
1,Ess v Haw,Dyson Sharp,Essendon,37,0.0,0.0,0.0,0,8.2,57,6,3,0,110,2,2
1,Ess v Haw,Hussien El Achkar,Essendon,45,0.0,0.0,0.0,0,9.0,40,8,4,0,150,1,3
1,Ess v Haw,Jaxon Prior,Essendon,40,0.0,0.0,0.0,0,7.6,53,10,5,1,174,0,3
1,Ess v Haw,Jayden Nguyen,Essendon,38,0.0,0.0,0.0,0,3.6,30,12,3,0,201,0,0
1,Ess v Haw,Jye Caldwell,Essendon,26,0.003,0.0,0.0,0,3.7,69,18,4,2,295,1,4
1,Ess v Haw,Kyle Langford,Essendon,44,0.0,0.0,0.0,0,1.8,29,9,4,0,138,0,3
1,Ess v Haw,Lachlan Blakiston,Essendon,32,0.0,0.0,0.0,0,5.3,62,9,8,5,80,0,3
1,Ess v Haw,Mason Redman,Essendon,19,0.02,0.2,0.0,0,13.8,118,26,2,0,558,0,3
1,Ess v Haw,Max Kondogiannis,Essendon,42,0.0,0.0,0.0,0,5.9,51,15,2,1,227,0,2
1,Ess v Haw,Nate Caddy,Essendon,39,0.0,0.0,0.0,0,4.6,50,11,5,0,193,1,3
1,Ess v Haw,Peter Wright,Essendon,41,0.0,0.0,0.0,0,6.6,50,7,5,0,80,1,3
1,Ess v Haw,Sam Durham,Essendon,13,0.038,0.5,0.0,0,15.5,101,23,9,5,430,2,5
1,Ess v Haw,Xavier Duursma,Essendon,33,0.0,0.0,0.0,0,11.7,61,12,5,0,158,2,4
1,Ess v Haw,Zach Merrett,Essendon,10,0.122,1.8,0.0,1,20.1,139,32,10,4,599,1,8
1,Ess v Haw,Zach Reid,Essendon,43,0.0,0.0,0.0,0,2.1,21,10,0,0,168,0,1
1,Ess v Haw,Zak Johnson,Essendon,36,0.0,0.0,0.0,0,4.2,48,16,3,0,240,0,1
1,Geel v Frem,Alex Pearce,Frem,35,0.0,0.0,0.0,0,5.6,36,8,3,1,185,0,2
1,Geel v Frem,Andrew Brayshaw,Frem,11,0.017,0.0,0.0,0,5.5,47,14,8,6,322,1,5
1,Geel v Frem,Brandon Walker,Frem,41,0.0,0.0,0.0,0,5.0,38,10,3,1,203,0,2
1,Geel v Frem,Caleb Serong,Frem,5,0.479,6.5,0.1,2,26.5,150,30,13,8,616,1,11
1,Geel v Frem,Corey Wagner,Frem,39,0.0,0.0,0.0,0,2.4,49,13,4,0,287,0,2
1,Geel v Frem,Hayden Young,Frem,15,0.003,0.0,0.0,0,13.6,80,16,7,3,270,1,6
1,Geel v Frem,Heath Chapman,Frem,27,0.0,0.0,0.0,0,6.6,61,19,5,1,307,0,2
1,Geel v Frem,Isaiah Dudley,Frem,24,0.001,0.0,0.0,0,11.2,89,10,5,0,133,3,8
1,Geel v Frem,Jordan Clark,Frem,23,0.001,0.0,0.0,0,10.2,75,19,5,2,510,0,4
1,Geel v Frem,Josh Treacy,Frem,29,0.0,0.0,0.0,0,9.3,74,10,5,0,308,2,7
1,Geel v Frem,Judd McVee,Frem,34,0.0,0.0,0.0,0,9.1,58,14,6,2,230,0,3
1,Geel v Frem,Jye Amiss,Frem,45,0.0,0.0,0.0,0,5.6,35,4,2,0,53,1,4
1,Geel v Frem,Karl Worner,Frem,19,0.001,0.0,0.0,0,3.6,87,19,2,0,470,0,7
1,Geel v Frem,Luke Jackson,Frem,3,0.942,14.6,1.2,7,20.6,142,27,18,10,280,1,8
1,Geel v Frem,Matthew Johnson,Frem,33,0.0,0.0,0.0,0,7.6,57,14,4,2,334,0,5
1,Geel v Frem,Murphy Reid,Frem,14,0.005,0.0,0.0,0,4.1,89,19,7,2,210,1,6
1,Geel v Frem,Nathan O'Driscoll,Frem,40,0.0,0.0,0.0,0,9.1,60,11,6,1,123,1,5
1,Geel v Frem,Neil Erasmus,Frem,18,0.002,0.0,0.0,0,1.0,45,21,7,1,348,0,4
1,Geel v Frem,Oscar McDonald,Frem,43,0.0,0.0,0.0,0,5.6,45,5,2,0,196,0,0
1,Geel v Frem,Patrick Voss,Frem,37,0.0,0.0,0.0,0,-2.1,55,11,5,0,207,0,8
1,Geel v Frem,Sam Switkowski,Frem,46,0.0,0.0,0.0,0,3.9,37,9,1,0,127,0,4
1,Geel v Frem,Sean Darcy,Frem,42,0.0,0.0,0.0,0,3.3,56,10,5,0,131,0,3
1,Geel v Frem,Shai Bolton,Frem,17,0.001,0.0,0.0,0,17.9,68,16,9,2,262,2,7
1,Geel v Frem,Bailey Smith,Geelong,4,0.712,10.5,0.4,0,15.6,118,31,8,3,673,1,6
1,Geel v Frem,Brad Close,Geelong,44,0.0,0.0,0.0,0,3.2,20,4,2,0,34,0,1
1,Geel v Frem,Connor O'Sullivan,Geelong,21,0.001,0.0,0.0,0,5.7,59,12,5,0,309,0,2
1,Geel v Frem,Gryan Miers,Geelong,10,0.019,0.0,0.0,0,11.2,108,25,5,2,309,0,8
1,Geel v Frem,Jack Henry,Geelong,16,0.003,0.0,0.0,0,9.3,87,13,4,0,101,1,3
1,Geel v Frem,Jack Martin,Geelong,25,0.001,0.0,0.0,0,8.1,83,11,5,1,184,1,8
1,Geel v Frem,Jeremy Cameron,Geelong,6,0.396,5.3,0.0,2,13.2,107,23,3,0,527,3,11
1,Geel v Frem,Jhye Clark,Geelong,31,0.0,0.0,0.0,0,1.3,37,9,4,0,131,1,4
1,Geel v Frem,Lawson Humphries,Geelong,12,0.006,0.0,0.0,0,8.2,99,22,3,0,259,0,5
1,Geel v Frem,Mark Blicavs,Geelong,22,0.001,0.0,0.0,0,6.0,72,17,8,2,119,0,4
1,Geel v Frem,Mark O'Connor,Geelong,38,0.0,0.0,0.0,0,3.9,26,8,2,1,286,0,2
1,Geel v Frem,Max Holmes,Geelong,1,2.196,46.0,3.0,8,12.9,141,32,11,5,657,0,10
1,Geel v Frem,Mitchell Edwards,Geelong,32,0.0,0.0,0.0,0,8.2,42,7,5,1,128,0,2
1,Geel v Frem,Oisin Mullin,Geelong,28,0.0,0.0,0.0,0,6.0,54,11,3,1,251,0,4
1,Geel v Frem,Oliver Dempsey,Geelong,30,0.0,0.0,0.0,0,2.5,42,16,7,1,177,0,5
1,Geel v Frem,Patrick Dangerfield,Geelong,36,0.0,0.0,0.0,0,6.8,33,4,3,0,87,1,2
1,Geel v Frem,Sam De Koning,Geelong,20,0.001,0.0,0.0,0,7.9,63,11,5,0,208,0,3
1,Geel v Frem,Shannon Neale,Geelong,2,1.014,15.4,1.3,7,17.2,100,9,5,1,161,5,7
1,Geel v Frem,Shaun Mannagh,Geelong,7,0.084,0.8,0.0,4,15.6,81,16,7,1,368,3,8
1,Geel v Frem,Tanner Bruhn,Geelong,9,0.053,0.4,0.0,0,6.0,110,24,7,4,365,0,4
1,Geel v Frem,Tom Atkins,Geelong,13,0.004,0.0,0.0,0,15.1,89,15,8,4,281,0,3
1,Geel v Frem,Tom Stewart,Geelong,8,0.057,0.5,0.0,0,12.5,133,27,7,0,534,0,6
1,Geel v Frem,Zach Guthrie,Geelong,26,0.001,0.0,0.0,0,3.7,64,14,3,1,330,0,5
1,GC v WC,Alex Davies,Gold Coast,8,0.038,0.0,0.0,0,11.8,92,25,11,3,292,1,10
1,GC v WC,Ben King,Gold Coast,4,0.372,0.4,0.0,3,13.7,88,8,4,0,172,5,7
1,GC v WC,Ben Long,Gold Coast,27,0.001,0.0,0.0,0,10.0,47,9,3,0,178,1,5
1,GC v WC,Bodhi Uwland,Gold Coast,9,0.032,0.0,0.0,0,11.5,95,24,8,2,359,0,4
1,GC v WC,Christian Petracca,Gold Coast,1,2.883,88.7,3.0,10,31.0,152,23,12,6,537,4,14
1,GC v WC,Daniel Rioli,Gold Coast,24,0.001,0.0,0.0,0,9.8,64,12,2,0,187,1,4
1,GC v WC,Ethan Read,Gold Coast,20,0.001,0.0,0.0,0,-0.3,27,11,6,0,140,0,3
1,GC v WC,Jake Rogers,Gold Coast,17,0.003,0.0,0.0,0,15.1,96,15,7,3,110,1,9
1,GC v WC,Jarrod Witts,Gold Coast,3,0.796,1.6,1.0,8,17.2,137,20,16,7,172,1,8
1,GC v WC,Joel Jeffrey,Gold Coast,7,0.044,0.0,0.0,0,13.4,113,28,10,3,442,0,8
1,GC v WC,John Noble,Gold Coast,10,0.022,0.0,0.0,0,10.6,81,25,5,0,443,0,3
1,GC v WC,Jy Farrar,Gold Coast,30,0.001,0.0,0.0,0,-1.2,35,9,2,0,168,1,4
1,GC v WC,Lachie Weller,Gold Coast,19,0.002,0.0,0.0,0,7.2,60,12,3,2,261,0,4
1,GC v WC,Leonardo Lombard,Gold Coast,15,0.004,0.0,0.0,0,4.6,55,11,3,0,326,2,5
1,GC v WC,Mac Andrew,Gold Coast,16,0.003,0.0,0.0,0,8.3,73,15,7,0,175,0,5
1,GC v WC,Noah Anderson,Gold Coast,2,1.627,9.4,2.0,6,18.5,132,34,12,4,473,1,11
1,GC v WC,Oscar Adams,Gold Coast,31,0.0,0.0,0.0,0,2.5,21,6,1,0,119,0,0
1,GC v WC,Sam Clohesy,Gold Coast,12,0.01,0.0,0.0,0,6.6,69,17,3,2,507,1,5
1,GC v WC,Sam Collins,Gold Coast,18,0.002,0.0,0.0,0,8.5,55,8,4,0,151,0,0
1,GC v WC,Touk Miller,Gold Coast,5,0.08,0.0,0.0,2,16.5,103,24,7,3,497,1,8
1,GC v WC,Wil Powell,Gold Coast,6,0.049,0.0,0.0,0,8.6,95,20,8,3,388,0,7
1,GC v WC,Will Graham,Gold Coast,29,0.0,0.0,0.0,0,6.3,41,8,2,0,231,0,3
1,GC v WC,Zeke Uwland,Gold Coast,32,0.0,0.0,0.0,0,5.4,23,5,2,2,167,0,1
1,WB v GWS,Callum Brown,Greater Western Sydney,43,0.0,0.0,0.0,0,0.8,31,9,0,0,110,0,4
1,WB v GWS,Clayton Oliver,Greater Western Sydney,17,0.003,0.0,0.0,0,8.8,69,26,8,4,188,0,2
1,WB v GWS,Connor Idun,Greater Western Sydney,31,0.0,0.0,0.0,0,14.0,99,23,6,0,162,0,2
1,WB v GWS,Finn Callaghan,Greater Western Sydney,8,0.019,0.0,0.0,0,19.3,120,27,11,4,489,2,5
1,WB v GWS,Harry Himmelberg,Greater Western Sydney,36,0.0,0.0,0.0,0,11.4,65,17,5,0,250,0,5
1,WB v GWS,Harry Rowston,Greater Western Sydney,35,0.0,0.0,0.0,0,8.6,45,15,4,2,213,1,3
1,WB v GWS,Harvey Thomas,Greater Western Sydney,33,0.0,0.0,0.0,0,5.9,71,21,3,0,302,0,2
1,WB v GWS,Jack Buckley,Greater Western Sydney,28,0.0,0.0,0.0,0,14.6,79,16,7,0,197,0,4
1,WB v GWS,Jake Riccardi,Greater Western Sydney,29,0.0,0.0,0.0,0,11.3,99,19,6,2,171,1,3
1,WB v GWS,Jake Stringer,Greater Western Sydney,45,0.0,0.0,0.0,0,5.2,34,5,4,0,82,0,2
1,WB v GWS,Jayden Laverde,Greater Western Sydney,32,0.0,0.0,0.0,0,2.4,66,19,2,0,272,0,0
1,WB v GWS,Jesse Hogan,Greater Western Sydney,42,0.0,0.0,0.0,0,4.6,61,10,6,0,55,0,3
1,WB v GWS,Joe Fonti,Greater Western Sydney,30,0.0,0.0,0.0,0,7.9,83,20,7,0,257,0,3
1,WB v GWS,Josaia Delana,Greater Western Sydney,46,0.0,0.0,0.0,0,3.1,40,7,3,1,64,0,1
1,WB v GWS,Kieren Briggs,Greater Western Sydney,39,0.0,0.0,0.0,0,1.9,20,9,4,5,65,0,2
1,WB v GWS,Lachie Ash,Greater Western Sydney,15,0.003,0.0,0.0,0,19.0,136,31,5,0,697,0,5
1,WB v GWS,Lachie Whitfield,Greater Western Sydney,26,0.001,0.0,0.0,0,5.1,70,25,3,0,307,0,2
1,WB v GWS,Max Gruzewski,Greater Western Sydney,44,0.0,0.0,0.0,0,2.6,35,7,4,0,72,0,1
1,WB v GWS,Phoenix Gothard,Greater Western Sydney,38,0.0,0.0,0.0,0,1.2,46,12,6,1,233,0,3
1,WB v GWS,Ryan Angwin,Greater Western Sydney,40,0.0,0.0,0.0,0,10.2,57,15,4,0,281,0,5
1,WB v GWS,Stephen Coniglio,Greater Western Sydney,37,0.0,0.0,0.0,0,10.5,60,15,5,1,197,1,2
1,WB v GWS,Toby Greene,Greater Western Sydney,12,0.007,0.0,0.0,0,4.7,62,26,9,6,401,1,4
1,WB v GWS,Xavier O'Halloran,Greater Western Sydney,41,0.0,0.0,0.0,0,8.7,57,13,6,0,263,1,3
1,Ess v Haw,Blake Hardwick,Hawthorn,17,0.03,0.4,0.0,0,11.4,96,21,5,1,195,0,5
1,Ess v Haw,Cam Mackenzie,Hawthorn,9,0.13,2.0,0.0,0,5.7,85,21,6,5,132,0,8
1,Ess v Haw,Connor Macdonald,Hawthorn,8,0.164,2.6,0.0,0,21.5,103,24,7,1,439,2,12
1,Ess v Haw,Conor Nash,Hawthorn,4,0.5,8.4,0.2,4,14.7,90,23,13,7,136,1,9
1,Ess v Haw,Dylan Moore,Hawthorn,12,0.07,1.0,0.0,0,13.6,104,24,5,2,375,1,13
1,Ess v Haw,Jack Ginnivan,Hawthorn,18,0.022,0.2,0.0,0,6.9,79,20,4,1,410,1,10
1,Ess v Haw,Jack Gunston,Hawthorn,3,0.836,14.3,1.2,4,10.0,101,10,3,0,171,5,7
1,Ess v Haw,Jack Scrimshaw,Hawthorn,22,0.008,0.0,0.0,0,2.0,55,16,3,0,223,0,3
1,Ess v Haw,Jai Newcombe,Hawthorn,2,1.027,17.4,1.7,1,11.2,104,22,7,6,318,1,10
1,Ess v Haw,James Sicily,Hawthorn,6,0.435,7.2,0.0,3,15.9,106,26,4,0,443,0,8
1,Ess v Haw,Jarman Impey,Hawthorn,7,0.178,2.6,0.0,3,14.7,99,23,3,0,449,0,8
1,Ess v Haw,Josh Battle,Hawthorn,21,0.009,0.0,0.0,0,9.5,76,18,4,0,244,0,5
1,Ess v Haw,Josh Ward,Hawthorn,5,0.434,7.3,0.0,0,17.0,104,26,7,5,406,0,12
1,Ess v Haw,Josh Weddle,Hawthorn,11,0.101,1.5,0.0,0,12.0,80,16,4,2,282,2,10
1,Ess v Haw,Karl Amon,Hawthorn,14,0.032,0.4,0.0,0,8.2,71,23,2,0,629,0,6
1,Ess v Haw,Lloyd Meek,Hawthorn,16,0.028,0.3,0.0,0,10.5,65,13,8,5,157,0,1
1,Ess v Haw,Mabior Chol,Hawthorn,24,0.004,0.0,0.0,0,3.7,75,14,5,1,280,1,9
1,Ess v Haw,Massimo D'Ambrosio,Hawthorn,23,0.006,0.0,0.0,0,6.9,53,12,3,0,277,1,5
1,Ess v Haw,Mitch Lewis,Hawthorn,30,0.0,0.0,0.0,0,6.0,55,11,2,0,158,0,7
1,Ess v Haw,Ned Reeves,Hawthorn,15,0.027,0.2,0.0,0,19.4,104,12,8,4,205,2,12
1,Ess v Haw,Nick Watson,Hawthorn,1,1.753,31.5,2.9,9,22.8,112,17,6,1,337,4,11
1,Ess v Haw,Sam Butler,Hawthorn,34,0.0,0.0,0.0,0,0.6,29,9,0,0,68,0,3
1,Ess v Haw,Tom Barrass,Hawthorn,20,0.017,0.1,0.0,5,5.9,34,8,1,0,49,0,5
1,Melb v St K,Bayley Fritsch,Melbourne,27,0.003,0.0,0.0,0,11.6,85,15,6,0,360,1,8
1,Melb v St K,Blake Howes,Melbourne,28,0.002,0.0,0.0,0,10.1,65,15,5,0,111,0,1
1,Melb v St K,Brody Mihocek,Melbourne,12,0.021,0.0,0.0,0,6.9,52,14,5,0,339,3,4
1,Melb v St K,Caleb Windsor,Melbourne,10,0.028,0.0,0.0,1,12.3,70,21,5,1,308,1,7
1,Melb v St K,Changkuoth Jiath,Melbourne,14,0.01,0.0,0.0,0,8.2,78,19,3,1,325,0,2
1,Melb v St K,Christian Salem,Melbourne,13,0.013,0.0,0.0,0,6.3,71,23,3,0,445,0,4
1,Melb v St K,Daniel Turner,Melbourne,22,0.003,0.0,0.0,0,10.7,66,15,4,0,298,0,4
1,Melb v St K,Ed Langdon,Melbourne,37,0.0,0.0,0.0,0,4.2,47,10,2,0,219,0,4
1,Melb v St K,Harrison Petty,Melbourne,23,0.003,0.0,0.0,0,10.6,49,7,5,1,182,0,3
1,Melb v St K,Harry Sharp,Melbourne,24,0.002,0.0,0.0,0,13.9,76,15,8,3,233,1,6
1,Melb v St K,Harvey Langford,Melbourne,35,0.001,0.0,0.0,0,10.2,37,9,4,2,199,0,4
1,Melb v St K,Jack Steele,Melbourne,5,0.133,0.8,0.0,1,19.7,92,21,8,5,449,1,7
1,Melb v St K,Jacob van Rooyen,Melbourne,1,2.514,58.9,2.9,9,25.0,113,14,5,2,278,6,9
1,Melb v St K,Jai Culley,Melbourne,31,0.001,0.0,0.0,0,7.0,63,11,5,1,114,1,7
1,Melb v St K,Jake Lever,Melbourne,26,0.002,0.0,0.0,0,5.8,61,12,4,0,273,0,2
1,Melb v St K,Kade Chandler,Melbourne,29,0.002,0.0,0.0,0,11.5,69,15,4,1,211,1,5
1,Melb v St K,Koltyn Tholstrup,Melbourne,18,0.004,0.0,0.0,0,8.8,55,17,5,3,359,0,8
1,Melb v St K,Kysaiah Pickett,Melbourne,8,0.04,0.2,0.0,0,7.0,74,19,9,6,291,1,5
1,Melb v St K,Latrelle Pickett,Melbourne,33,0.0,0.0,0.0,0,7.0,45,7,5,2,182,1,4
1,Melb v St K,Max Gawn,Melbourne,3,0.99,9.8,1.1,7,15.7,122,22,13,5,310,1,8
1,Melb v St K,Tom Sparrow,Melbourne,44,0.0,0.0,0.0,0,5.1,32,6,2,0,131,0,1
1,Melb v St K,Trent Rivers,Melbourne,20,0.004,0.0,0.0,0,11.4,55,16,3,2,277,0,4
1,Melb v St K,Xavier Lindsay,Melbourne,16,0.006,0.0,0.0,0,13.4,71,18,6,1,418,0,4
1,NM v Port,Caleb Daniel,North Melbourne,11,0.025,0.2,0.0,0,8.5,79,23,3,2,361,0,6
1,NM v Port,Cameron Zurhaar,North Melbourne,18,0.005,0.0,0.0,0,0.5,76,11,3,0,168,2,7
1,NM v Port,Charlie Comben,North Melbourne,2,1.119,18.2,1.4,10,12.8,118,18,10,0,238,1,6
1,NM v Port,Colby McKercher,North Melbourne,22,0.003,0.0,0.0,0,8.8,60,11,3,0,142,1,3
1,NM v Port,Cooper Trembath,North Melbourne,12,0.024,0.2,0.0,0,10.2,69,9,5,0,173,3,4
1,NM v Port,Dylan Stephens,North Melbourne,5,0.607,9.4,0.2,4,9.2,135,29,4,1,536,1,9
1,NM v Port,Finn O'Sullivan,North Melbourne,9,0.033,0.2,0.0,0,11.3,85,15,8,6,74,0,4
1,NM v Port,Griffin Logue,North Melbourne,20,0.003,0.0,0.0,0,0.9,62,14,4,0,232,0,4
1,NM v Port,Harry Sheezel,North Melbourne,1,2.02,39.2,2.9,4,8.3,134,31,7,5,447,0,8
1,NM v Port,Jack Darling,North Melbourne,17,0.006,0.0,0.0,0,14.6,95,12,8,2,196,1,6
1,NM v Port,Jacob Konstanty,North Melbourne,33,0.0,0.0,0.0,0,5.5,40,6,6,1,85,0,0
1,NM v Port,Jy Simpkin,North Melbourne,13,0.021,0.1,0.0,0,16.1,89,17,7,3,254,1,7
1,NM v Port,Lachy Dovaston,North Melbourne,24,0.0,0.0,0.0,0,5.7,42,10,4,1,226,0,3
1,NM v Port,Luke Davies-Uniacke,North Melbourne,3,1.072,17.5,1.3,2,9.0,104,24,10,6,476,0,7
1,NM v Port,Luke McDonald,North Melbourne,15,0.011,0.0,0.0,0,4.0,60,20,2,1,338,0,4
1,NM v Port,Luke Parker,North Melbourne,4,0.653,10.1,0.2,6,15.5,137,24,4,2,252,1,4
1,NM v Port,Nick Larkey,North Melbourne,8,0.043,0.4,0.0,0,12.9,74,7,6,0,75,4,5
1,NM v Port,Paul Curtis,North Melbourne,23,0.0,0.0,0.0,0,2.4,60,7,6,0,165,1,6
1,NM v Port,Toby Pink,North Melbourne,21,0.003,0.0,0.0,0,6.4,75,15,2,0,376,0,2
1,NM v Port,Tom Blamires,North Melbourne,14,0.012,0.0,0.0,0,2.6,70,23,3,0,396,0,3
1,NM v Port,Tom Powell,North Melbourne,7,0.045,0.4,0.0,0,10.8,79,20,7,4,337,0,4
1,NM v Port,Tristan Xerri,North Melbourne,6,0.254,3.8,0.0,4,15.2,128,19,16,5,123,0,4
1,NM v Port,Zane Duursma,North Melbourne,32,0.0,0.0,0.0,0,7.8,38,5,4,1,70,1,2
1,NM v Port,Aliir Aliir,Port,28,0.0,0.0,0.0,0,6.6,56,15,6,0,204,0,4
1,NM v Port,Connor Rozee,Port,16,0.009,0.0,0.0,0,3.7,105,24,8,1,442,0,4
1,NM v Port,Corey Durdin,Port,39,0.0,0.0,0.0,0,4.0,42,7,1,0,197,2,5
1,NM v Port,Dante Visentini,Port,38,0.0,0.0,0.0,0,3.8,62,6,1,1,77,0,3
1,NM v Port,Darcy Byrne-Jones,Port,46,0.0,0.0,0.0,0,6.6,56,7,3,1,157,1,5
1,NM v Port,Esava Ratugolea,Port,35,0.0,0.0,0.0,0,9.4,53,8,6,0,83,0,2
1,NM v Port,Ewan Mackinlay,Port,42,0.0,0.0,0.0,0,9.5,63,13,8,0,256,0,4
1,NM v Port,Jack Watkins,Port,40,0.0,0.0,0.0,0,3.8,45,10,4,0,151,0,3
1,NM v Port,Jack Whitlock,Port,41,0.0,0.0,0.0,0,4.4,43,3,1,1,79,2,3
1,NM v Port,Jacob Wehr,Port,36,0.0,0.0,0.0,0,3.7,41,13,6,3,252,0,3
1,NM v Port,Jase Burgoyne,Port,34,0.0,0.0,0.0,0,8.6,69,17,4,0,54,0,6
1,NM v Port,Jason Horne-Francis,Port,26,0.0,0.0,0.0,0,3.4,48,12,7,3,160,0,2
1,NM v Port,Joe Berry,Port,44,0.0,0.0,0.0,0,4.6,39,11,5,1,285,0,2
1,NM v Port,Joe Richards,Port,37,0.0,0.0,0.0,0,4.5,65,14,2,0,225,0,6
1,NM v Port,Kane Farrell,Port,30,0.0,0.0,0.0,0,3.4,67,17,3,1,414,0,4
1,NM v Port,Lachie Jones,Port,43,0.0,0.0,0.0,0,8.1,57,9,1,0,317,0,3
1,NM v Port,Logan Evans,Port,31,0.0,0.0,0.0,0,0.8,60,16,3,1,293,0,5
1,NM v Port,Miles Bergman,Port,27,0.0,0.0,0.0,0,6.8,56,12,7,2,281,1,5
1,NM v Port,Mitch Georgiades,Port,25,0.0,0.0,0.0,0,6.9,48,8,5,0,117,3,6
1,NM v Port,Ollie Lord,Port,45,0.0,0.0,0.0,0,3.5,41,7,5,1,22,0,2
1,NM v Port,Todd Marshall,Port,29,0.0,0.0,0.0,0,5.2,90,14,6,0,280,0,3
1,NM v Port,Willem Drew,Port,19,0.005,0.0,0.0,0,9.9,91,21,9,4,380,0,4
1,NM v Port,Zak Butters,Port,10,0.025,0.2,0.0,0,16.2,94,23,11,9,289,0,4
1,Carl v Rich,Ben Miller,Richmond,25,0.001,0.0,0.0,0,8.8,83,17,2,0,316,0,4
1,Carl v Rich,Campbell Gray,Richmond,46,0.0,0.0,0.0,0,-0.2,6,2,1,0,19,0,1
1,Carl v Rich,Harry Armstrong,Richmond,45,0.0,0.0,0.0,0,-0.3,29,6,2,0,122,0,2
1,Carl v Rich,Hugo Ralphsmith,Richmond,41,0.0,0.0,0.0,0,9.0,34,11,3,1,268,0,4
1,Carl v Rich,Jack Ross,Richmond,10,0.009,0.0,0.0,0,11.2,102,23,9,4,283,0,5
1,Carl v Rich,Jacob Hopper,Richmond,20,0.003,0.0,0.0,0,7.5,50,18,9,2,247,0,4
1,Carl v Rich,James Trezise,Richmond,38,0.0,0.0,0.0,0,8.8,66,12,2,0,83,0,4
1,Carl v Rich,Jayden Short,Richmond,5,0.299,3.1,0.0,6,18.7,134,29,6,1,753,1,9
1,Carl v Rich,Jonty Faull,Richmond,39,0.0,0.0,0.0,0,-0.8,49,10,3,0,254,0,6
1,Carl v Rich,Josh Gibcus,Richmond,36,0.0,0.0,0.0,0,2.6,56,9,4,0,127,0,1
1,Carl v Rich,Kane McAuliffe,Richmond,33,0.001,0.0,0.0,0,2.9,52,16,3,0,408,0,4
1,Carl v Rich,Maurice Rioli,Richmond,44,0.0,0.0,0.0,0,8.6,42,6,4,1,78,0,3
1,Carl v Rich,Nathan Broad,Richmond,26,0.002,0.0,0.0,0,2.1,81,15,2,0,125,0,4
1,Carl v Rich,Noah Balta,Richmond,14,0.008,0.0,0.0,0,7.2,74,19,8,0,546,0,5
1,Carl v Rich,Rhyan Mansell,Richmond,24,0.002,0.0,0.0,0,13.7,85,12,5,0,262,2,7
1,Carl v Rich,Sam Banks,Richmond,18,0.004,0.0,0.0,0,9.1,88,24,3,0,458,0,6
1,Carl v Rich,Sam Grlj,Richmond,23,0.002,0.0,0.0,0,9.9,73,19,5,0,369,0,5
1,Carl v Rich,Sam Lalor,Richmond,7,0.036,0.2,0.0,0,14.1,75,16,9,4,450,2,4
1,Carl v Rich,Seth Campbell,Richmond,34,0.0,0.0,0.0,0,10.1,53,17,8,2,250,0,7
1,Carl v Rich,Steely Green,Richmond,27,0.002,0.0,0.0,0,13.3,73,12,5,0,287,2,7
1,Carl v Rich,Tim Taranto,Richmond,4,0.524,5.8,0.4,2,13.6,107,29,15,7,329,0,7
1,Carl v Rich,Toby Nankervis,Richmond,13,0.008,0.0,0.0,0,18.6,103,21,12,7,174,0,4
1,Carl v Rich,Tom Lynch,Richmond,19,0.004,0.0,0.0,0,-6.2,92,12,7,0,259,2,11
1,Melb v St K,Alix Tauru,St Kilda,42,0.0,0.0,0.0,0,4.2,44,11,2,0,192,0,2
1,Melb v St K,Anthony Caminiti,St Kilda,43,0.0,0.0,0.0,0,15.3,70,11,7,0,45,0,4
1,Melb v St K,Bradley Hill,St Kilda,15,0.008,0.0,0.0,0,6.0,85,27,5,2,401,0,6
1,Melb v St K,Callum Wilkie,St Kilda,11,0.024,0.0,0.0,2,10.5,114,27,4,0,454,0,8
1,Melb v St K,Cooper Sharman,St Kilda,46,0.0,0.0,0.0,0,6.3,40,8,4,0,48,0,6
1,Melb v St K,Darcy Wilson,St Kilda,30,0.001,0.0,0.0,0,13.8,78,18,6,3,323,1,12
1,Melb v St K,Hugh Boxshall,St Kilda,36,0.0,0.0,0.0,0,2.3,54,15,6,2,211,0,5
1,Melb v St K,Hugo Garcia,St Kilda,17,0.004,0.0,0.0,0,13.9,70,19,4,4,404,0,9
1,Melb v St K,Isaac Keeler,St Kilda,41,0.0,0.0,0.0,0,3.3,49,10,6,1,114,1,5
1,Melb v St K,Jack Carroll,St Kilda,40,0.0,0.0,0.0,0,7.8,59,15,4,0,280,0,4
1,Melb v St K,Jack Higgins,St Kilda,38,0.0,0.0,0.0,0,6.8,56,9,3,0,130,2,8
1,Melb v St K,Jack Macrae,St Kilda,21,0.003,0.0,0.0,0,6.9,81,23,9,2,175,0,7
1,Melb v St K,Jack Silvagni,St Kilda,32,0.001,0.0,0.0,0,7.4,62,15,3,0,144,0,5
1,Melb v St K,Jack Sinclair,St Kilda,4,0.131,0.8,0.0,2,20.2,123,31,5,0,539,0,8
1,Melb v St K,Liam Ryan,St Kilda,45,0.0,0.0,0.0,0,6.7,48,10,4,0,158,1,6
1,Melb v St K,Marcus Windhager,St Kilda,7,0.045,0.1,0.0,0,12.9,103,32,11,6,371,0,13
1,Melb v St K,Mason Wood,St Kilda,34,0.001,0.0,0.0,0,7.0,76,15,3,2,298,1,6
1,Melb v St K,Mattaes Phillipou,St Kilda,39,0.0,0.0,0.0,0,1.9,27,11,5,3,135,0,4
1,Melb v St K,Max Hall,St Kilda,2,1.903,29.0,2.0,8,28.6,141,26,8,6,480,4,13
1,Melb v St K,Mitch Owens,St Kilda,19,0.003,0.0,0.0,0,6.2,93,17,7,1,379,2,10
1,Melb v St K,Nasiah Wanganeen-Milera,St Kilda,6,0.065,0.3,0.0,0,16.4,88,18,4,2,390,3,6
1,Melb v St K,Sam Flanders,St Kilda,9,0.029,0.0,0.0,0,15.8,104,28,13,4,376,0,6
1,Melb v St K,Tom De Koning,St Kilda,25,0.002,0.0,0.0,0,11.3,89,15,6,3,252,0,12
1,Syd v Bris,Angus Sheldrick,Sydney,8,0.115,0.9,0.0,0,10.1,80,25,10,4,230,0,5
1,Syd v Bris,Brodie Grundy,Sydney,18,0.011,0.0,0.0,0,14.1,89,9,10,3,157,1,6
1,Syd v Bris,Callum Mills,Sydney,9,0.066,0.4,0.0,0,12.9,100,22,4,0,314,0,2
1,Syd v Bris,Chad Warner,Sydney,13,0.04,0.2,0.0,0,12.8,68,15,10,2,149,0,6
1,Syd v Bris,Charlie Curnow,Sydney,24,0.006,0.0,0.0,0,-2.8,44,13,8,0,187,0,5
1,Syd v Bris,Dane Rampe,Sydney,22,0.004,0.0,0.0,0,8.8,72,15,5,0,353,0,3
1,Syd v Bris,Errol Gulden,Sydney,7,0.196,1.9,0.0,0,13.5,112,20,3,1,327,1,7
1,Syd v Bris,Isaac Heeney,Sydney,5,0.258,2.6,0.0,2,14.5,97,16,10,3,302,2,7
1,Syd v Bris,Jai Serong,Sydney,19,0.01,0.0,0.0,0,6.7,54,18,2,0,306,0,4
1,Syd v Bris,Jake Lloyd,Sydney,35,0.001,0.0,0.0,0,4.2,44,8,1,0,122,0,3
1,Syd v Bris,James Jordon,Sydney,39,0.0,0.0,0.0,0,4.5,37,9,0,0,91,0,3
1,Syd v Bris,James Rowbottom,Sydney,11,0.045,0.2,0.0,0,8.4,85,21,10,3,240,0,6
1,Syd v Bris,Joel Amartey,Sydney,1,2.454,58.7,3.0,8,13.4,111,13,5,0,272,5,7
1,Syd v Bris,Justin McInerney,Sydney,6,0.205,2.0,0.0,0,14.3,90,23,2,2,377,2,7
1,Syd v Bris,Lewis Melican,Sydney,25,0.004,0.0,0.0,0,5.5,59,11,2,0,195,0,3
1,Syd v Bris,Logan McDonald,Sydney,17,0.011,0.0,0.0,0,12.3,101,12,7,0,172,2,7
1,Syd v Bris,Malcolm Rosas,Sydney,31,0.001,0.0,0.0,0,8.8,50,8,2,0,70,1,4
1,Syd v Bris,Matt Roberts,Sydney,14,0.031,0.1,0.0,0,11.4,93,20,10,1,496,0,6
1,Syd v Bris,Nick Blakey,Sydney,2,1.225,17.8,1.8,8,21.3,127,25,7,2,605,1,7
1,Syd v Bris,Riley Bice,Sydney,4,0.43,4.8,0.2,4,14.6,114,28,1,0,574,0,7
1,Syd v Bris,Sam Wicks,Sydney,27,0.001,0.0,0.0,0,6.6,47,10,4,0,247,0,3
1,Syd v Bris,Tom McCartin,Sydney,3,0.714,9.5,1.0,7,13.4,110,27,8,0,533,0,2
1,Syd v Bris,Tom Papley,Sydney,16,0.017,0.0,0.0,0,5.2,57,18,5,2,380,0,5
1,GC v WC,Archer Reid,West Coast,45,0.0,0.0,0.0,0,1.7,30,8,5,1,130,1,5
1,GC v WC,Bo Allan,West Coast,28,0.0,0.0,0.0,0,9.3,71,15,8,0,268,0,7
1,GC v WC,Brady Hough,West Coast,42,0.0,0.0,0.0,0,3.8,40,10,1,0,78,0,3
1,GC v WC,Cooper Duff-Tytler,West Coast,43,0.0,0.0,0.0,0,3.4,37,8,4,2,198,0,3
1,GC v WC,Deven Robertson,West Coast,23,0.001,0.0,0.0,0,10.0,105,17,10,5,296,0,1
1,GC v WC,Elliot Yeo,West Coast,14,0.004,0.0,0.0,0,17.1,91,17,9,2,388,2,5
1,GC v WC,Hamish Davis,West Coast,37,0.0,0.0,0.0,0,6.9,55,14,4,0,351,0,3
1,GC v WC,Harley Reid,West Coast,11,0.011,0.0,0.0,0,16.1,83,23,12,5,357,0,7
1,GC v WC,Jack Graham,West Coast,25,0.002,0.0,0.0,0,3.9,83,19,9,4,203,0,5
1,GC v WC,Jacob Newton,West Coast,46,0.0,0.0,0.0,0,7.4,36,9,6,2,94,1,3
1,GC v WC,Jake Waterman,West Coast,21,0.001,0.0,0.0,0,8.1,61,11,5,0,321,3,9
1,GC v WC,Jamie Cripps,West Coast,39,0.0,0.0,0.0,0,2.0,55,13,3,1,82,0,3
1,GC v WC,Jobe Shanahan,West Coast,44,0.0,0.0,0.0,0,6.8,52,10,5,0,111,1,4
1,GC v WC,Josh Lindsay,West Coast,36,0.0,0.0,0.0,0,1.6,61,16,5,0,175,0,0
1,GC v WC,Liam Duggan,West Coast,22,0.001,0.0,0.0,0,7.0,94,21,3,1,432,0,3
1,GC v WC,Matt Flynn,West Coast,41,0.0,0.0,0.0,0,5.4,48,9,6,2,45,0,2
1,GC v WC,Milan Murdock,West Coast,13,0.007,0.0,0.0,1,13.9,110,22,14,4,296,2,8
1,GC v WC,Reuben Ginbey,West Coast,40,0.0,0.0,0.0,0,10.3,73,11,3,0,173,0,2
1,GC v WC,Ryan Maric,West Coast,33,0.0,0.0,0.0,0,11.3,74,19,3,0,243,0,5
1,GC v WC,Tom Cole,West Coast,38,0.0,0.0,0.0,0,6.2,51,9,2,1,172,0,4
1,GC v WC,Tom McCarthy,West Coast,26,0.001,0.0,0.0,0,6.6,86,17,4,3,407,0,3
1,GC v WC,Tylar Young,West Coast,34,0.0,0.0,0.0,0,10.1,74,16,4,0,321,0,3
1,GC v WC,Willem Duursma,West Coast,35,0.0,0.0,0.0,0,8.7,78,14,5,1,205,0,3
1,WB v GWS,Aaron Naughton,Western Bulldogs,2,2.192,30.4,2.0,8,28.6,124,15,6,0,335,6,10
1,WB v GWS,Bailey Dale,Western Bulldogs,11,0.007,0.0,0.0,0,12.4,79,23,3,0,381,0,3
1,WB v GWS,Bailey Williams,Western Bulldogs,22,0.003,0.0,0.0,0,9.8,76,17,6,0,193,0,7
1,WB v GWS,Buku Khamis,Western Bulldogs,21,0.003,0.0,0.0,0,6.7,62,13,2,0,70,0,2
1,WB v GWS,Connor Budarick,Western Bulldogs,10,0.009,0.0,0.0,0,9.9,73,23,4,3,350,0,4
1,WB v GWS,Cooper Hynes,Western Bulldogs,24,0.001,0.0,0.0,0,5.9,46,14,7,2,105,1,1
1,WB v GWS,Ed Richards,Western Bulldogs,9,0.017,0.0,0.0,0,16.9,90,19,9,6,369,0,6
1,WB v GWS,James O'Donnell,Western Bulldogs,27,0.0,0.0,0.0,0,4.8,44,7,2,0,192,0,1
1,WB v GWS,Joel Freijah,Western Bulldogs,13,0.005,0.0,0.0,0,2.2,63,20,3,1,131,0,5
1,WB v GWS,Lachie Jaques,Western Bulldogs,7,0.048,0.0,0.0,1,9.7,80,29,6,2,562,0,4
1,WB v GWS,Lachlan Bramble,Western Bulldogs,18,0.002,0.0,0.0,0,10.2,57,16,3,1,142,1,6
1,WB v GWS,Marcus Bontempelli,Western Bulldogs,1,2.667,67.8,3.0,10,28.7,160,33,14,6,677,3,11
1,WB v GWS,Matthew Kennedy,Western Bulldogs,4,0.286,0.5,0.0,3,14.3,115,27,9,8,583,1,8
1,WB v GWS,Michael Sellwood,Western Bulldogs,23,0.001,0.0,0.0,0,5.4,38,9,3,0,71,0,1
1,WB v GWS,Oskar Baker,Western Bulldogs,19,0.002,0.0,0.0,0,9.1,69,11,1,1,332,2,4
1,WB v GWS,Rhylee West,Western Bulldogs,25,0.001,0.0,0.0,0,7.3,63,13,6,1,207,0,4
1,WB v GWS,Rory Lobb,Western Bulldogs,16,0.003,0.0,0.0,0,11.7,67,12,2,0,316,0,2
1,WB v GWS,Ryley Sanders,Western Bulldogs,14,0.006,0.0,0.0,0,10.5,68,21,8,1,125,0,5
1,WB v GWS,Sam Darcy,Western Bulldogs,6,0.082,0.0,0.0,0,16.7,99,16,7,2,332,4,6
1,WB v GWS,Sam Davidson,Western Bulldogs,20,0.002,0.0,0.0,0,8.7,54,11,2,0,240,2,4
1,WB v GWS,Tim English,Western Bulldogs,5,0.123,0.1,0.0,2,17.1,127,22,11,5,329,0,4
1,WB v GWS,Tom Liberatore,Western Bulldogs,3,0.507,1.1,1.0,6,16.7,126,29,9,6,390,1,12
1,WB v GWS,Will Lewis,Western Bulldogs,34,0.0,0.0,0.0,0,0.9,18,6,2,0,72,0,3
2,Adel v WB,Alex Neal-Bullen,Adelaide,33,0.001,0.0,0.0,0,6.4,48,17,5,0,283,0,5
2,Adel v WB,Ben Keays,Adelaide,38,0.001,0.0,0.0,0,4.9,53,15,6,0,144,0,4
2,Adel v WB,Brayden Cook,Adelaide,40,0.0,0.0,0.0,0,7.4,62,13,4,0,265,0,2
2,Adel v WB,Callum Ah Chee,Adelaide,43,0.0,0.0,0.0,0,4.5,43,8,5,2,112,0,3
2,Adel v WB,Chayce Jones,Adelaide,26,0.003,0.0,0.0,0,9.1,86,22,10,0,227,0,3
2,Adel v WB,Darcy Fogarty,Adelaide,34,0.001,0.0,0.0,0,4.2,52,11,0,0,315,2,7
2,Adel v WB,Isaac Cumming,Adelaide,31,0.001,0.0,0.0,0,4.4,55,18,5,2,428,0,3
2,Adel v WB,Izak Rankine,Adelaide,22,0.003,0.0,0.0,0,10.7,77,16,5,0,303,1,2
2,Adel v WB,Jake Soligo,Adelaide,28,0.002,0.0,0.0,0,14.6,70,12,7,4,170,1,5
2,Adel v WB,James Peatling,Adelaide,36,0.001,0.0,0.0,0,8.9,51,12,4,2,316,0,1
2,Adel v WB,Jordan Dawson,Adelaide,6,0.142,1.1,0.0,0,18.7,103,25,7,8,376,1,6
2,Adel v WB,Jordon Butts,Adelaide,8,0.086,0.5,0.0,4,7.7,100,19,5,0,443,1,6
2,Adel v WB,Josh Rachele,Adelaide,12,0.013,0.0,0.0,0,7.4,50,18,7,3,303,2,3
2,Adel v WB,Josh Worrell,Adelaide,15,0.006,0.0,0.0,0,11.2,123,25,7,1,443,0,2
2,Adel v WB,Lachlan McAndrew,Adelaide,20,0.004,0.0,0.0,0,14.2,81,13,9,6,211,0,3
2,Adel v WB,Luke Pedlar,Adelaide,46,0.0,0.0,0.0,0,1.7,27,7,4,0,154,0,2
2,Adel v WB,Max Michalanney,Adelaide,39,0.001,0.0,0.0,0,4.6,65,13,5,0,286,0,0
2,Adel v WB,Nick Murray,Adelaide,24,0.003,0.0,0.0,0,12.4,109,16,5,0,92,0,1
2,Adel v WB,Riley Thilthorpe,Adelaide,14,0.01,0.0,0.0,0,12.9,81,13,8,3,215,2,5
2,Adel v WB,Rory Laird,Adelaide,29,0.002,0.0,0.0,0,5.8,67,18,4,1,59,0,1
2,Adel v WB,Sam Berry,Adelaide,9,0.044,0.2,0.0,0,12.0,107,22,13,5,432,0,6
2,Adel v WB,Taylor Walker,Adelaide,21,0.004,0.0,0.0,0,12.1,71,11,1,0,352,3,6
2,Adel v WB,Wayne Milera,Adelaide,27,0.002,0.0,0.0,0,5.6,61,19,5,1,178,0,5
2,Port v Ess,Andrew McGrath,Essendon,32,0.003,0.0,0.0,0,6.7,80,21,5,0,264,0,5
2,Port v Ess,Archie Perkins,Essendon,42,0.0,0.0,0.0,0,5.1,35,9,2,0,126,1,3
2,Port v Ess,Archie Roberts,Essendon,21,0.008,0.0,0.0,0,12.2,102,26,11,2,476,0,7
2,Port v Ess,Ben McKay,Essendon,43,0.0,0.0,0.0,0,7.0,38,6,4,0,55,0,1
2,Port v Ess,Brayden Fiorini,Essendon,36,0.0,0.0,0.0,0,7.6,56,10,3,0,139,1,3
2,Port v Ess,Darcy Parish,Essendon,16,0.011,0.0,0.0,0,6.8,67,24,13,8,262,0,4
2,Port v Ess,Dyson Sharp,Essendon,45,0.0,0.0,0.0,0,2.0,14,5,3,1,16,0,2
2,Port v Ess,Hussien El Achkar,Essendon,46,0.0,0.0,0.0,0,3.8,24,5,4,1,3,0,2
2,Port v Ess,Isaac Kako,Essendon,39,0.0,0.0,0.0,0,1.0,39,11,3,0,289,1,6
2,Port v Ess,Jaxon Prior,Essendon,29,0.003,0.0,0.0,0,11.3,87,20,8,1,474,0,2
2,Port v Ess,Jayden Nguyen,Essendon,37,0.0,0.0,0.0,0,7.0,44,14,3,1,57,0,3
2,Port v Ess,Jye Caldwell,Essendon,11,0.019,0.0,0.0,0,10.6,116,27,9,3,424,1,5
2,Port v Ess,Kyle Langford,Essendon,41,0.0,0.0,0.0,0,3.3,37,10,5,0,93,1,4
2,Port v Ess,Lachlan Blakiston,Essendon,33,0.0,0.0,0.0,0,13.6,65,9,7,0,107,0,8
2,Port v Ess,Mason Redman,Essendon,44,0.0,0.0,0.0,0,1.9,30,4,1,0,77,0,0
2,Port v Ess,Max Kondogiannis,Essendon,38,0.0,0.0,0.0,0,7.5,49,12,6,0,178,0,1
2,Port v Ess,Nate Caddy,Essendon,14,0.011,0.0,0.0,1,9.5,69,12,4,0,352,4,9
2,Port v Ess,Peter Wright,Essendon,40,0.0,0.0,0.0,0,12.8,89,11,5,1,185,0,4
2,Port v Ess,Sam Durham,Essendon,19,0.01,0.0,0.0,0,14.5,75,21,6,4,381,1,6
2,Port v Ess,Xavier Duursma,Essendon,34,0.0,0.0,0.0,0,6.8,41,15,8,1,12,0,4
2,Port v Ess,Zach Merrett,Essendon,15,0.01,0.0,0.0,0,11.9,107,25,8,2,509,0,6
2,Port v Ess,Zach Reid,Essendon,35,0.0,0.0,0.0,0,3.0,53,14,1,0,123,0,2
2,Port v Ess,Zak Johnson,Essendon,23,0.006,0.0,0.0,0,10.3,76,26,1,1,500,0,5
2,Frem v Melb,Alex Pearce,Frem,25,0.001,0.0,0.0,0,9.2,35,5,5,0,18,0,1
2,Frem v Melb,Andrew Brayshaw,Frem,2,2.126,35.4,2.2,6,10.3,122,39,5,1,503,1,10
2,Frem v Melb,Caleb Serong,Frem,10,0.015,0.0,0.0,0,14.6,68,16,11,3,286,1,2
2,Frem v Melb,Christopher Scerri,Frem,17,0.004,0.0,0.0,0,8.5,73,20,7,0,264,0,5
2,Frem v Melb,Corey Wagner,Frem,20,0.003,0.0,0.0,0,4.6,72,19,2,0,469,0,4
2,Frem v Melb,Heath Chapman,Frem,19,0.002,0.0,0.0,0,9.4,80,18,2,1,464,0,4
2,Frem v Melb,Isaiah Dudley,Frem,7,0.027,0.0,0.0,1,11.9,74,15,4,1,365,3,7
2,Frem v Melb,Jordan Clark,Frem,12,0.009,0.0,0.0,0,11.4,119,25,3,1,613,0,5
2,Frem v Melb,Josh Treacy,Frem,3,0.887,7.7,1.0,6,14.4,125,17,12,0,335,4,10
2,Frem v Melb,Judd McVee,Frem,24,0.001,0.0,0.0,0,4.2,52,12,4,1,123,0,3
2,Frem v Melb,Jye Amiss,Frem,28,0.0,0.0,0.0,0,-4.8,30,10,3,0,170,0,3
2,Frem v Melb,Karl Worner,Frem,13,0.008,0.0,0.0,0,4.8,90,20,4,1,457,0,3
2,Frem v Melb,Luke Jackson,Frem,8,0.022,0.0,0.0,0,15.3,113,17,10,5,214,1,7
2,Frem v Melb,Luke Ryan,Frem,9,0.016,0.0,0.0,0,8.5,88,24,2,0,368,0,3
2,Frem v Melb,Matthew Johnson,Frem,14,0.007,0.0,0.0,0,19.9,102,19,10,1,359,1,7
2,Frem v Melb,Murphy Reid,Frem,6,0.044,0.1,0.0,1,22.8,95,24,8,3,301,2,7
2,Frem v Melb,Nathan O'Driscoll,Frem,18,0.003,0.0,0.0,0,12.9,84,20,10,1,251,0,8
2,Frem v Melb,Neil Erasmus,Frem,11,0.01,0.0,0.0,0,5.5,62,21,10,3,231,0,3
2,Frem v Melb,Oscar McDonald,Frem,15,0.006,0.0,0.0,0,7.9,67,19,4,0,294,0,4
2,Frem v Melb,Patrick Voss,Frem,22,0.001,0.0,0.0,0,5.7,63,12,4,0,147,1,4
2,Frem v Melb,Sam Switkowski,Frem,30,0.0,0.0,0.0,0,3.9,46,7,3,0,73,1,3
2,Frem v Melb,Sean Darcy,Frem,27,0.001,0.0,0.0,0,4.3,43,6,5,2,50,0,3
2,Frem v Melb,Shai Bolton,Frem,1,2.473,54.9,2.8,10,26.9,142,32,15,9,638,2,9
2,Rich v GC,Alex Davies,Gold Coast,17,0.009,0.0,0.0,0,9.5,70,18,7,2,140,0,4
2,Rich v GC,Bailey Humphrey,Gold Coast,19,0.008,0.0,0.0,0,5.2,54,14,8,2,469,0,6
2,Rich v GC,Ben King,Gold Coast,1,2.781,79.9,3.0,8,18.9,106,11,2,0,231,7,7
2,Rich v GC,Ben Long,Gold Coast,25,0.002,0.0,0.0,0,10.6,62,12,4,0,119,1,5
2,Rich v GC,Bodhi Uwland,Gold Coast,3,1.141,8.3,1.4,8,13.5,122,29,5,0,490,0,5
2,Rich v GC,Charlie Ballard,Gold Coast,13,0.017,0.0,0.0,0,6.0,72,16,5,0,95,0,6
2,Rich v GC,Christian Petracca,Gold Coast,9,0.048,0.0,0.0,0,12.4,86,20,7,1,285,0,10
2,Rich v GC,Daniel Rioli,Gold Coast,23,0.002,0.0,0.0,0,5.8,62,15,1,0,168,0,3
2,Rich v GC,Ethan Read,Gold Coast,4,0.288,1.0,0.0,2,12.3,108,12,2,0,196,4,8
2,Rich v GC,Jake Rogers,Gold Coast,28,0.001,0.0,0.0,0,10.4,70,9,2,0,116,1,5
2,Rich v GC,Jarrod Witts,Gold Coast,10,0.037,0.0,0.0,0,14.9,91,14,11,8,282,0,5
2,Rich v GC,Joel Jeffrey,Gold Coast,8,0.055,0.0,0.0,0,15.0,107,23,2,1,590,1,7
2,Rich v GC,John Noble,Gold Coast,14,0.016,0.0,0.0,0,11.4,81,20,2,0,324,1,8
2,Rich v GC,Lachie Weller,Gold Coast,30,0.0,0.0,0.0,0,8.3,57,7,2,0,230,0,3
2,Rich v GC,Leonardo Lombard,Gold Coast,31,0.0,0.0,0.0,0,0.5,20,11,3,0,174,0,3
2,Rich v GC,Mac Andrew,Gold Coast,18,0.007,0.0,0.0,0,10.8,84,18,7,0,237,0,4
2,Rich v GC,Noah Anderson,Gold Coast,5,0.064,0.0,0.0,0,14.6,96,21,5,5,409,0,5
2,Rich v GC,Sam Clohesy,Gold Coast,12,0.021,0.0,0.0,0,10.4,84,21,4,0,265,1,8
2,Rich v GC,Sam Collins,Gold Coast,6,0.07,0.0,0.0,4,11.0,98,14,4,0,184,0,4
2,Rich v GC,Touk Miller,Gold Coast,2,1.298,10.8,1.6,8,12.8,116,31,5,4,428,1,10
2,Rich v GC,Wil Powell,Gold Coast,7,0.056,0.0,0.0,0,11.2,85,19,6,3,328,1,4
2,Rich v GC,Will Graham,Gold Coast,20,0.007,0.0,0.0,0,9.8,94,15,9,1,168,1,7
2,Rich v GC,Zeke Uwland,Gold Coast,24,0.002,0.0,0.0,0,13.0,55,15,5,0,279,0,6
2,GWS v St K,Callum Brown,Greater Western Sydney,42,0.0,0.0,0.0,0,4.3,27,8,2,0,222,0,2
2,GWS v St K,Clayton Oliver,Greater Western Sydney,5,0.553,9.5,0.1,3,9.8,117,33,15,5,244,1,13
2,GWS v St K,Connor Idun,Greater Western Sydney,22,0.007,0.0,0.0,0,14.3,95,21,6,1,306,0,2
2,GWS v St K,Finn Callaghan,Greater Western Sydney,6,0.253,4.4,0.0,0,10.1,86,32,6,1,424,0,5
2,GWS v St K,Harry Himmelberg,Greater Western Sydney,25,0.003,0.0,0.0,0,8.1,63,18,5,1,371,0,2
2,GWS v St K,Harry Rowston,Greater Western Sydney,39,0.0,0.0,0.0,0,6.9,57,12,3,0,173,1,5
2,GWS v St K,Harvey Thomas,Greater Western Sydney,20,0.006,0.0,0.0,0,17.3,109,22,8,5,209,1,8
2,GWS v St K,Jack Buckley,Greater Western Sydney,31,0.0,0.0,0.0,0,9.8,58,15,6,0,334,0,2
2,GWS v St K,Jake Riccardi,Greater Western Sydney,44,0.0,0.0,0.0,0,5.6,58,7,5,2,123,0,5
2,GWS v St K,Jake Stringer,Greater Western Sydney,41,0.0,0.0,0.0,0,9.3,31,10,3,0,235,1,5
2,GWS v St K,Jayden Laverde,Greater Western Sydney,30,0.0,0.0,0.0,0,4.4,60,15,6,1,188,0,1
2,GWS v St K,Jesse Hogan,Greater Western Sydney,33,0.0,0.0,0.0,0,2.7,57,7,4,0,118,2,5
2,GWS v St K,Joe Fonti,Greater Western Sydney,27,0.001,0.0,0.0,0,11.4,77,16,2,1,299,0,2
2,GWS v St K,Josaia Delana,Greater Western Sydney,46,0.0,0.0,0.0,0,4.7,47,8,4,1,138,0,3
2,GWS v St K,Kieren Briggs,Greater Western Sydney,29,0.001,0.0,0.0,0,8.2,80,11,5,3,210,0,2
2,GWS v St K,Lachie Ash,Greater Western Sydney,2,1.372,22.9,2.2,4,13.5,130,39,6,2,774,0,9
2,GWS v St K,Lachie Whitfield,Greater Western Sydney,11,0.035,0.5,0.0,0,12.3,96,28,6,0,458,0,7
2,GWS v St K,Max Gruzewski,Greater Western Sydney,40,0.0,0.0,0.0,0,5.9,44,10,2,0,144,1,4
2,GWS v St K,Phoenix Gothard,Greater Western Sydney,17,0.016,0.2,0.0,0,8.5,84,19,7,3,255,2,7
2,GWS v St K,Ryan Angwin,Greater Western Sydney,15,0.017,0.2,0.0,1,16.9,103,21,6,3,311,1,5
2,GWS v St K,Stephen Coniglio,Greater Western Sydney,9,0.078,1.2,0.0,0,6.2,102,28,10,2,238,0,7
2,GWS v St K,Toby Greene,Greater Western Sydney,12,0.021,0.3,0.0,0,9.1,80,21,10,1,355,0,5
2,GWS v St K,Xavier O'Halloran,Greater Western Sydney,23,0.006,0.0,0.0,0,4.8,48,18,7,5,322,0,5
2,Haw v Syd,Blake Hardwick,Hawthorn,28,0.009,0.0,0.0,0,5.4,66,15,6,0,344,0,3
2,Haw v Syd,Cam Mackenzie,Hawthorn,9,0.055,0.0,0.0,0,12.6,82,17,8,5,255,1,5
2,Haw v Syd,Connor Macdonald,Hawthorn,17,0.017,0.0,0.0,0,4.3,76,20,6,0,305,0,8
2,Haw v Syd,Conor Nash,Hawthorn,10,0.05,0.0,0.0,0,12.3,102,19,15,6,68,0,6
2,Haw v Syd,Dylan Moore,Hawthorn,3,0.829,7.7,1.4,6,14.6,104,22,6,0,431,3,7
2,Haw v Syd,Jack Ginnivan,Hawthorn,14,0.043,0.0,0.0,1,5.5,77,22,9,1,344,0,4
2,Haw v Syd,Jack Gunston,Hawthorn,2,0.963,9.9,1.6,6,10.9,106,13,7,0,330,4,9
2,Haw v Syd,Jack Scrimshaw,Hawthorn,19,0.015,0.0,0.0,0,8.8,75,22,11,0,197,0,4
2,Haw v Syd,Jai Newcombe,Hawthorn,1,2.747,77.8,3.0,9,20.4,103,31,12,9,337,1,7
2,Haw v Syd,James Sicily,Hawthorn,6,0.126,0.3,0.0,0,7.3,90,23,7,1,183,0,4
2,Haw v Syd,Jarman Impey,Hawthorn,18,0.017,0.0,0.0,0,9.2,48,19,8,2,504,0,3
2,Haw v Syd,Josh Battle,Hawthorn,15,0.038,0.0,0.0,0,8.4,85,22,6,0,416,0,3
2,Haw v Syd,Josh Ward,Hawthorn,4,0.335,2.2,0.0,0,3.4,72,27,8,2,339,0,8
2,Haw v Syd,Josh Weddle,Hawthorn,12,0.047,0.0,0.0,0,8.6,89,20,3,0,482,0,3
2,Haw v Syd,Karl Amon,Hawthorn,24,0.01,0.0,0.0,0,12.5,80,16,3,1,375,0,4
2,Haw v Syd,Lloyd Meek,Hawthorn,26,0.008,0.0,0.0,0,7.1,68,14,6,2,155,0,5
2,Haw v Syd,Mabior Chol,Hawthorn,30,0.005,0.0,0.0,0,7.2,58,6,6,0,73,2,4
2,Haw v Syd,Massimo D'Ambrosio,Hawthorn,21,0.016,0.0,0.0,0,12.0,77,18,6,3,369,0,4
2,Haw v Syd,Mitch Lewis,Hawthorn,22,0.012,0.0,0.0,0,6.3,86,17,5,1,288,1,3
2,Haw v Syd,Ned Reeves,Hawthorn,35,0.002,0.0,0.0,0,11.5,85,7,3,1,11,0,4
2,Haw v Syd,Nick Watson,Hawthorn,20,0.017,0.0,0.0,0,15.5,85,18,8,0,370,1,7
2,Haw v Syd,Sam Butler,Hawthorn,29,0.006,0.0,0.0,0,8.6,72,14,5,1,248,1,3
2,Haw v Syd,Tom Barrass,Hawthorn,7,0.099,0.2,0.0,7,15.5,94,15,7,0,178,0,1
2,Frem v Melb,Bayley Fritsch,Melbourne,32,0.0,0.0,0.0,0,12.8,76,12,6,0,168,2,6
2,Frem v Melb,Blake Howes,Melbourne,44,0.0,0.0,0.0,0,4.1,48,11,1,0,229,0,1
2,Frem v Melb,Brody Mihocek,Melbourne,43,0.0,0.0,0.0,0,0.9,50,8,2,0,245,1,6
2,Frem v Melb,Caleb Windsor,Melbourne,36,0.0,0.0,0.0,0,2.9,53,13,6,2,207,0,3
2,Frem v Melb,Changkuoth Jiath,Melbourne,34,0.0,0.0,0.0,0,4.7,52,14,2,0,351,0,2
2,Frem v Melb,Christian Salem,Melbourne,16,0.004,0.0,0.0,0,10.7,98,26,6,1,618,0,3
2,Frem v Melb,Daniel Turner,Melbourne,45,0.0,0.0,0.0,0,5.6,42,4,3,0,121,0,0
2,Frem v Melb,Ed Langdon,Melbourne,21,0.003,0.0,0.0,0,13.0,103,22,10,0,284,2,6
2,Frem v Melb,Harrison Petty,Melbourne,35,0.0,0.0,0.0,0,-0.7,31,10,4,0,162,0,2
2,Frem v Melb,Harry Sharp,Melbourne,37,0.0,0.0,0.0,0,13.2,44,10,4,1,293,2,3
2,Frem v Melb,Harvey Langford,Melbourne,39,0.0,0.0,0.0,0,4.6,40,14,7,3,241,0,3
2,Frem v Melb,Jack Steele,Melbourne,5,0.057,0.2,0.0,0,11.6,110,31,15,9,610,0,6
2,Frem v Melb,Jacob van Rooyen,Melbourne,40,0.0,0.0,0.0,0,3.9,40,10,4,0,168,0,2
2,Frem v Melb,Jai Culley,Melbourne,42,0.0,0.0,0.0,0,11.6,62,12,9,2,152,0,4
2,Frem v Melb,Jake Lever,Melbourne,26,0.001,0.0,0.0,0,8.5,64,16,4,0,259,0,4
2,Frem v Melb,Kade Chandler,Melbourne,31,0.0,0.0,0.0,0,15.9,62,15,6,2,354,1,5
2,Frem v Melb,Koltyn Tholstrup,Melbourne,38,0.0,0.0,0.0,0,0.2,29,11,1,0,295,0,2
2,Frem v Melb,Kysaiah Pickett,Melbourne,29,0.0,0.0,0.0,0,13.3,86,16,6,1,221,1,4
2,Frem v Melb,Latrelle Pickett,Melbourne,46,0.0,0.0,0.0,0,-1.2,13,7,2,1,150,0,0
2,Frem v Melb,Max Gawn,Melbourne,4,0.267,1.8,0.0,6,20.8,141,23,15,7,288,0,4
2,Frem v Melb,Tom Sparrow,Melbourne,33,0.0,0.0,0.0,0,8.5,68,13,6,1,190,1,3
2,Frem v Melb,Trent Rivers,Melbourne,23,0.001,0.0,0.0,0,4.5,73,21,2,0,501,0,7
2,Frem v Melb,Xavier Lindsay,Melbourne,41,0.0,0.0,0.0,0,7.5,69,14,3,0,228,0,1
2,WC v NM,Caleb Daniel,North Melbourne,11,0.008,0.0,0.0,0,14.3,127,25,7,4,401,0,2
2,WC v NM,Cameron Zurhaar,North Melbourne,35,0.0,0.0,0.0,0,5.1,51,11,6,0,127,2,4
2,WC v NM,Charlie Comben,North Melbourne,36,0.0,0.0,0.0,0,12.4,80,11,5,1,278,0,1
2,WC v NM,Colby McKercher,North Melbourne,30,0.002,0.0,0.0,0,13.3,78,20,4,2,380,0,4
2,WC v NM,Cooper Trembath,North Melbourne,45,0.0,0.0,0.0,0,6.2,52,7,2,0,100,0,1
2,WC v NM,Dylan Stephens,North Melbourne,31,0.001,0.0,0.0,0,11.7,70,17,3,1,399,0,2
2,WC v NM,Finn O'Sullivan,North Melbourne,25,0.003,0.0,0.0,0,6.0,42,18,4,3,348,1,3
2,WC v NM,Griffin Logue,North Melbourne,46,0.0,0.0,0.0,0,0.8,4,1,1,0,3,0,0
2,WC v NM,Harry Sheezel,North Melbourne,2,1.439,23.5,1.8,0,12.4,124,39,14,8,612,0,4
2,WC v NM,Jack Darling,North Melbourne,44,0.0,0.0,0.0,0,3.4,24,5,2,1,166,0,2
2,WC v NM,Jacob Konstanty,North Melbourne,43,0.0,0.0,0.0,0,4.0,27,9,2,1,107,1,4
2,WC v NM,Jy Simpkin,North Melbourne,15,0.005,0.0,0.0,0,4.7,65,23,4,1,473,0,3
2,WC v NM,Lachy Dovaston,North Melbourne,40,0.0,0.0,0.0,0,5.2,45,8,4,0,138,1,5
2,WC v NM,Luke Davies-Uniacke,North Melbourne,6,0.195,2.5,0.0,0,13.1,118,32,15,6,319,0,7
2,WC v NM,Luke McDonald,North Melbourne,32,0.0,0.0,0.0,0,7.8,72,12,4,1,385,1,1
2,WC v NM,Luke Parker,North Melbourne,28,0.001,0.0,0.0,0,8.3,67,22,5,1,322,0,0
2,WC v NM,Nick Larkey,North Melbourne,3,0.97,14.3,1.1,5,19.8,114,10,5,0,130,6,8
2,WC v NM,Paul Curtis,North Melbourne,33,0.0,0.0,0.0,0,7.2,54,12,5,2,256,2,7
2,WC v NM,Toby Pink,North Melbourne,38,0.0,0.0,0.0,0,9.1,55,11,5,0,106,0,0
2,WC v NM,Tom Blamires,North Melbourne,34,0.0,0.0,0.0,0,7.8,79,16,8,2,163,0,1
2,WC v NM,Tom Powell,North Melbourne,18,0.005,0.0,0.0,0,16.3,90,23,8,4,349,1,6
2,WC v NM,Tristan Xerri,North Melbourne,4,0.664,9.6,0.2,6,28.6,199,25,23,7,173,0,5
2,WC v NM,Zane Duursma,North Melbourne,42,0.0,0.0,0.0,0,3.2,45,11,3,1,162,0,3
2,Port v Ess,Aliir Aliir,Port,3,0.453,1.1,1.0,6,14.9,109,21,4,0,308,0,6
2,Port v Ess,Connor Rozee,Port,8,0.057,0.0,0.0,0,5.1,55,21,6,4,443,0,0
2,Port v Ess,Corey Durdin,Port,27,0.003,0.0,0.0,0,8.3,58,7,1,1,104,2,5
2,Port v Ess,Darcy Byrne-Jones,Port,28,0.004,0.0,0.0,0,6.3,36,12,4,2,192,1,2
2,Port v Ess,Esava Ratugolea,Port,26,0.006,0.0,0.0,0,6.2,62,12,2,1,175,0,4
2,Port v Ess,Ewan Mackinlay,Port,20,0.008,0.0,0.0,0,7.0,60,18,5,2,407,0,6
2,Port v Ess,Jack Lukosius,Port,9,0.048,0.0,0.0,0,13.8,110,16,7,0,357,3,9
2,Port v Ess,Jack Watkins,Port,6,0.068,0.0,0.0,0,13.1,74,23,6,4,282,1,9
2,Port v Ess,Jack Whitlock,Port,30,0.002,0.0,0.0,0,-3.4,47,8,2,0,119,0,3
2,Port v Ess,Jackson Mead,Port,17,0.009,0.0,0.0,0,9.4,65,16,4,1,259,0,3
2,Port v Ess,Jacob Wehr,Port,25,0.005,0.0,0.0,0,4.9,47,18,2,0,274,0,3
2,Port v Ess,Jase Burgoyne,Port,10,0.035,0.0,0.0,2,10.5,105,22,10,1,202,1,6
2,Port v Ess,Jason Horne-Francis,Port,2,2.223,31.4,2.1,8,17.9,147,26,7,2,416,3,12
2,Port v Ess,Joe Berry,Port,13,0.015,0.0,0.0,0,10.6,84,19,5,0,290,2,9
2,Port v Ess,Joe Richards,Port,4,0.132,0.1,0.0,2,21.0,122,21,11,4,271,2,9
2,Port v Ess,Jordon Sweet,Port,7,0.058,0.0,0.0,1,15.9,121,12,9,4,113,1,7
2,Port v Ess,Kane Farrell,Port,22,0.007,0.0,0.0,0,9.5,89,17,2,1,320,0,4
2,Port v Ess,Logan Evans,Port,12,0.016,0.0,0.0,0,7.0,85,22,4,0,243,0,4
2,Port v Ess,Miles Bergman,Port,31,0.002,0.0,0.0,0,0.9,45,10,3,0,173,1,4
2,Port v Ess,Mitch Georgiades,Port,18,0.009,0.0,0.0,0,0.3,71,14,1,0,139,2,9
2,Port v Ess,Todd Marshall,Port,24,0.006,0.0,0.0,0,10.1,73,15,3,0,370,0,6
2,Port v Ess,Willem Drew,Port,5,0.088,0.0,0.0,0,21.3,106,21,12,8,117,1,9
2,Port v Ess,Zak Butters,Port,1,2.664,67.3,2.9,10,23.2,135,36,10,7,771,0,13
2,Rich v GC,Ben Miller,Richmond,32,0.0,0.0,0.0,0,12.4,54,12,5,1,212,0,0
2,Rich v GC,Dion Prestia,Richmond,27,0.001,0.0,0.0,0,11.9,86,18,4,2,233,1,6
2,Rich v GC,Harry Armstrong,Richmond,43,0.0,0.0,0.0,0,5.0,25,4,2,0,103,1,2
2,Rich v GC,Hugo Ralphsmith,Richmond,35,0.0,0.0,0.0,0,10.7,53,17,5,2,423,1,2
2,Rich v GC,Jack Ross,Richmond,22,0.005,0.0,0.0,0,4.7,77,24,10,5,247,0,3
2,Rich v GC,Jacob Hopper,Richmond,21,0.007,0.0,0.0,0,-1.4,46,26,11,6,245,0,3
2,Rich v GC,James Trezise,Richmond,44,0.0,0.0,0.0,0,7.1,41,7,3,1,71,0,1
2,Rich v GC,Jayden Short,Richmond,15,0.013,0.0,0.0,0,7.5,104,33,2,0,730,0,3
2,Rich v GC,Maurice Rioli,Richmond,42,0.0,0.0,0.0,0,6.5,54,8,6,1,72,0,2
2,Rich v GC,Mykelti Lefau,Richmond,39,0.0,0.0,0.0,0,11.8,72,7,7,2,99,1,2
2,Rich v GC,Nathan Broad,Richmond,40,0.0,0.0,0.0,0,7.8,49,9,1,0,88,0,2
2,Rich v GC,Nick Vlastuin,Richmond,37,0.0,0.0,0.0,0,8.1,59,12,3,0,176,1,3
2,Rich v GC,Noah Balta,Richmond,36,0.0,0.0,0.0,0,-0.6,29,11,1,0,298,0,0
2,Rich v GC,Sam Banks,Richmond,33,0.0,0.0,0.0,0,9.3,77,19,2,1,337,0,1
2,Rich v GC,Sam Grlj,Richmond,38,0.0,0.0,0.0,0,8.0,43,13,3,0,214,0,1
2,Rich v GC,Sam Lalor,Richmond,29,0.0,0.0,0.0,0,5.6,74,17,6,1,273,1,7
2,Rich v GC,Seth Campbell,Richmond,16,0.01,0.0,0.0,0,11.3,96,19,7,4,395,3,7
2,Rich v GC,Steely Green,Richmond,45,0.0,0.0,0.0,0,0.9,28,7,2,1,69,0,5
2,Rich v GC,Tim Taranto,Richmond,11,0.034,0.0,0.0,0,11.1,103,26,14,6,190,0,2
2,Rich v GC,Toby Nankervis,Richmond,26,0.001,0.0,0.0,0,10.9,117,13,8,4,223,0,1
2,Rich v GC,Tom Brown,Richmond,41,0.0,0.0,0.0,0,3.0,26,7,1,0,156,0,3
2,Rich v GC,Tom Lynch,Richmond,46,0.0,0.0,0.0,0,3.9,16,3,1,0,4,0,1
2,Rich v GC,Tyler Sonsie,Richmond,34,0.0,0.0,0.0,0,9.9,88,18,9,1,266,0,5
2,GWS v St K,Alix Tauru,St Kilda,28,0.001,0.0,0.0,0,5.3,40,6,4,0,94,2,3
2,GWS v St K,Anthony Caminiti,St Kilda,45,0.0,0.0,0.0,0,0.4,4,0,0,0,0,0,0
2,GWS v St K,Bradley Hill,St Kilda,16,0.015,0.1,0.0,0,9.1,89,20,2,2,514,1,5
2,GWS v St K,Callum Wilkie,St Kilda,1,1.503,24.9,2.4,10,21.1,129,28,10,0,450,0,2
2,GWS v St K,Cooper Sharman,St Kilda,34,0.0,0.0,0.0,0,2.8,57,9,5,0,166,0,4
2,GWS v St K,Darcy Wilson,St Kilda,8,0.138,2.4,0.0,6,10.4,102,22,9,1,531,1,6
2,GWS v St K,Hugh Boxshall,St Kilda,37,0.0,0.0,0.0,0,6.7,55,14,4,1,194,0,3
2,GWS v St K,Hugo Garcia,St Kilda,10,0.066,1.0,0.0,0,17.8,86,21,9,6,254,0,2
2,GWS v St K,Jack Carroll,St Kilda,38,0.0,0.0,0.0,0,1.2,44,11,1,0,306,0,1
2,GWS v St K,Jack Higgins,St Kilda,26,0.004,0.0,0.0,0,6.0,70,11,7,0,105,2,5
2,GWS v St K,Jack Silvagni,St Kilda,21,0.005,0.0,0.0,0,11.4,62,16,4,0,313,0,1
2,GWS v St K,Jack Sinclair,St Kilda,3,0.866,14.8,0.8,6,15.3,118,31,5,1,414,0,5
2,GWS v St K,Liam Ryan,St Kilda,43,0.0,0.0,0.0,0,6.1,21,4,2,0,50,1,2
2,GWS v St K,Liam Stocker,St Kilda,35,0.0,0.0,0.0,0,4.3,51,12,3,0,68,0,1
2,GWS v St K,Marcus Windhager,St Kilda,19,0.01,0.1,0.0,0,6.9,86,22,9,3,212,0,1
2,GWS v St K,Mason Wood,St Kilda,14,0.019,0.2,0.0,0,19.6,112,20,10,3,281,1,5
2,GWS v St K,Mattaes Phillipou,St Kilda,32,0.0,0.0,0.0,0,7.5,42,8,3,1,70,1,2
2,GWS v St K,Max Hall,St Kilda,18,0.015,0.2,0.0,0,10.6,60,15,7,4,327,1,4
2,GWS v St K,Mitch Owens,St Kilda,36,0.0,0.0,0.0,0,6.0,49,10,6,1,106,1,4
2,GWS v St K,Nasiah Wanganeen-Milera,St Kilda,4,0.793,13.9,0.5,0,17.6,122,27,9,5,694,0,8
2,GWS v St K,Rowan Marshall,St Kilda,24,0.005,0.0,0.0,0,6.7,66,16,9,6,342,0,3
2,GWS v St K,Sam Flanders,St Kilda,7,0.165,2.8,0.0,0,9.8,81,23,8,4,436,0,6
2,GWS v St K,Tom De Koning,St Kilda,13,0.023,0.3,0.0,0,-10.1,45,21,9,2,210,0,7
2,Haw v Syd,Angus Sheldrick,Sydney,27,0.009,0.0,0.0,0,11.3,70,19,7,5,376,0,3
2,Haw v Syd,Brodie Grundy,Sydney,11,0.049,0.0,0.0,1,23.4,135,19,18,7,208,1,4
2,Haw v Syd,Caiden Cleary,Sydney,46,0.0,0.0,0.0,0,-0.5,19,4,1,0,43,0,0
2,Haw v Syd,Callum Mills,Sydney,8,0.087,0.2,0.0,0,12.3,107,29,5,0,452,0,2
2,Haw v Syd,Chad Warner,Sydney,5,0.29,1.6,0.0,0,17.7,90,27,11,6,513,1,5
2,Haw v Syd,Charlie Curnow,Sydney,43,0.0,0.0,0.0,0,2.5,33,7,3,0,50,2,4
2,Haw v Syd,Corey Warner,Sydney,40,0.0,0.0,0.0,0,4.2,34,13,4,0,295,1,3
2,Haw v Syd,Dane Rampe,Sydney,36,0.0,0.0,0.0,0,7.4,48,11,4,0,101,0,0
2,Haw v Syd,Jai Serong,Sydney,34,0.001,0.0,0.0,0,4.4,48,18,8,1,426,0,2
2,Haw v Syd,Jake Lloyd,Sydney,32,0.004,0.0,0.0,0,7.3,67,19,8,2,312,0,2
2,Haw v Syd,James Jordon,Sydney,42,0.0,0.0,0.0,0,8.8,64,12,3,1,147,1,5
2,Haw v Syd,James Rowbottom,Sydney,31,0.005,0.0,0.0,0,19.5,88,12,9,5,262,0,6
2,Haw v Syd,Joel Amartey,Sydney,39,0.0,0.0,0.0,0,7.9,43,7,6,1,138,1,2
2,Haw v Syd,Justin McInerney,Sydney,13,0.046,0.0,0.0,0,11.6,77,24,9,3,332,1,6
2,Haw v Syd,Lewis Melican,Sydney,44,0.0,0.0,0.0,0,5.3,34,9,4,0,207,0,1
2,Haw v Syd,Logan McDonald,Sydney,25,0.01,0.0,0.0,0,11.5,89,11,4,0,118,3,6
2,Haw v Syd,Malcolm Rosas,Sydney,45,0.0,0.0,0.0,0,9.7,43,7,5,2,72,1,4
2,Haw v Syd,Matt Roberts,Sydney,38,0.0,0.0,0.0,0,5.7,45,13,3,0,279,0,1
2,Haw v Syd,Nick Blakey,Sydney,16,0.022,0.0,0.0,0,11.0,78,23,3,0,838,0,2
2,Haw v Syd,Riley Bice,Sydney,23,0.01,0.0,0.0,0,10.0,80,24,8,0,296,0,2
2,Haw v Syd,Sam Wicks,Sydney,41,0.0,0.0,0.0,0,-1.5,23,13,1,1,224,0,1
2,Haw v Syd,Tom McCartin,Sydney,37,0.0,0.0,0.0,0,5.2,48,13,5,0,263,0,0
2,Haw v Syd,Tom Papley,Sydney,33,0.002,0.0,0.0,0,9.5,60,14,6,3,284,1,6
2,WC v NM,Archer Reid,West Coast,23,0.004,0.0,0.0,0,13.2,52,9,6,2,140,2,4
2,WC v NM,Bo Allan,West Coast,26,0.002,0.0,0.0,0,3.8,58,17,5,1,392,0,5
2,WC v NM,Brady Hough,West Coast,17,0.005,0.0,0.0,0,8.5,89,17,5,1,285,0,3
2,WC v NM,Cooper Duff-Tytler,West Coast,14,0.007,0.0,0.0,0,16.8,100,12,9,3,130,2,5
2,WC v NM,Deven Robertson,West Coast,9,0.04,0.3,0.0,0,10.3,95,26,14,4,342,0,3
2,WC v NM,Elliot Yeo,West Coast,5,0.254,3.3,0.0,2,17.0,86,19,14,3,461,2,4
2,WC v NM,Hamish Davis,West Coast,29,0.001,0.0,0.0,0,5.3,43,18,6,0,262,0,3
2,WC v NM,Harley Reid,West Coast,1,2.201,45.2,2.9,10,5.6,76,30,11,3,387,0,4
2,WC v NM,Harry Edwards,West Coast,41,0.0,0.0,0.0,0,2.0,7,1,1,0,25,0,0
2,WC v NM,Jack Graham,West Coast,7,0.077,0.7,0.0,1,11.4,88,23,8,4,356,0,4
2,WC v NM,Jacob Newton,West Coast,39,0.0,0.0,0.0,0,2.3,21,6,3,1,111,0,1
2,WC v NM,Jake Waterman,West Coast,27,0.002,0.0,0.0,0,2.3,75,14,4,0,374,1,7
2,WC v NM,Jamie Cripps,West Coast,20,0.004,0.0,0.0,0,13.6,63,10,3,1,230,3,8
2,WC v NM,Jobe Shanahan,West Coast,13,0.007,0.0,0.0,0,13.7,77,14,6,0,202,2,4
2,WC v NM,Liam Baker,West Coast,22,0.004,0.0,0.0,0,7.9,54,19,6,1,310,0,2
2,WC v NM,Liam Duggan,West Coast,21,0.003,0.0,0.0,0,10.4,76,19,8,1,380,0,4
2,WC v NM,Matt Flynn,West Coast,24,0.002,0.0,0.0,0,12.0,90,12,9,3,132,1,3
2,WC v NM,Milan Murdock,West Coast,10,0.025,0.1,0.0,2,17.2,92,16,12,2,161,2,6
2,WC v NM,Reuben Ginbey,West Coast,12,0.008,0.0,0.0,4,13.8,82,13,7,0,260,0,1
2,WC v NM,Tim Kelly,West Coast,8,0.054,0.5,0.0,0,12.8,90,20,8,4,402,0,4
2,WC v NM,Tom McCarthy,West Coast,19,0.004,0.0,0.0,0,11.8,82,18,5,2,416,0,4
2,WC v NM,Tylar Young,West Coast,37,0.0,0.0,0.0,0,5.8,36,8,5,0,81,0,1
2,WC v NM,Willem Duursma,West Coast,16,0.005,0.0,0.0,0,16.3,88,15,4,1,244,2,4
2,Adel v WB,Aaron Naughton,Western Bulldogs,18,0.004,0.0,0.0,0,5.6,55,8,2,0,144,3,6
2,Adel v WB,Bailey Dale,Western Bulldogs,17,0.006,0.0,0.0,0,5.8,56,20,3,0,368,0,4
2,Adel v WB,Bailey Williams,Western Bulldogs,3,0.429,4.1,0.6,5,11.0,112,23,5,2,484,2,6
2,Adel v WB,Buku Khamis,Western Bulldogs,11,0.013,0.0,0.0,2,13.6,74,20,5,0,264,0,5
2,Adel v WB,Connor Budarick,Western Bulldogs,19,0.005,0.0,0.0,0,10.0,67,21,5,1,385,0,7
2,Adel v WB,Cooper Hynes,Western Bulldogs,44,0.0,0.0,0.0,0,1.1,25,5,1,0,174,0,2
2,Adel v WB,Ed Richards,Western Bulldogs,5,0.23,2.0,0.0,0,11.8,94,29,12,4,571,0,6
2,Adel v WB,James O'Donnell,Western Bulldogs,35,0.001,0.0,0.0,0,7.5,64,8,5,0,155,0,2
2,Adel v WB,Joel Freijah,Western Bulldogs,2,2.017,34.7,2.2,8,25.0,121,24,9,3,473,3,12
2,Adel v WB,Jordan Croft,Western Bulldogs,42,0.0,0.0,0.0,0,6.1,32,2,2,0,13,1,1
2,Adel v WB,Lachie Jaques,Western Bulldogs,30,0.002,0.0,0.0,0,6.5,70,16,2,0,255,0,4
2,Adel v WB,Lachlan Bramble,Western Bulldogs,32,0.001,0.0,0.0,0,10.9,51,14,4,1,239,0,6
2,Adel v WB,Marcus Bontempelli,Western Bulldogs,1,2.402,52.3,2.8,9,18.3,141,30,14,7,491,1,7
2,Adel v WB,Matthew Kennedy,Western Bulldogs,7,0.129,1.1,0.0,0,11.5,93,27,11,8,215,0,8
2,Adel v WB,Michael Sellwood,Western Bulldogs,25,0.003,0.0,0.0,0,1.8,61,16,6,0,283,0,1
2,Adel v WB,Oskar Baker,Western Bulldogs,16,0.006,0.0,0.0,0,14.2,72,8,4,1,131,3,5
2,Adel v WB,Rhylee West,Western Bulldogs,45,0.0,0.0,0.0,0,5.1,39,6,4,1,45,0,1
2,Adel v WB,Rory Lobb,Western Bulldogs,37,0.001,0.0,0.0,0,7.6,53,9,5,0,296,0,2
2,Adel v WB,Ryley Sanders,Western Bulldogs,13,0.011,0.0,0.0,0,8.6,65,19,9,4,71,0,3
2,Adel v WB,Sam Darcy,Western Bulldogs,23,0.003,0.0,0.0,0,2.5,57,12,8,0,142,1,4
2,Adel v WB,Sam Davidson,Western Bulldogs,41,0.0,0.0,0.0,0,3.0,36,7,4,2,241,0,3
2,Adel v WB,Tim English,Western Bulldogs,10,0.017,0.0,0.0,0,15.6,114,15,10,5,309,0,3
2,Adel v WB,Tom Liberatore,Western Bulldogs,4,0.391,4.0,0.4,2,10.5,105,28,13,6,535,0,8
3,Geel v Adel,Alex Neal-Bullen,Adelaide,34,0.0,0.0,0.0,0,3.9,54,11,5,0,268,1,2
3,Geel v Adel,Ben Keays,Adelaide,33,0.0,0.0,0.0,0,8.3,57,15,4,0,170,0,6
3,Geel v Adel,Brayden Cook,Adelaide,17,0.01,0.0,0.0,0,9.3,80,21,3,1,518,0,3
3,Geel v Adel,Chayce Jones,Adelaide,41,0.0,0.0,0.0,0,6.2,38,9,2,0,281,0,1
3,Geel v Adel,Darcy Fogarty,Adelaide,43,0.0,0.0,0.0,0,0.2,24,7,6,0,88,0,2
3,Geel v Adel,Finnbar Maley,Adelaide,44,0.0,0.0,0.0,0,2.5,41,7,4,0,96,0,3
3,Geel v Adel,Hugh Bond,Adelaide,45,0.0,0.0,0.0,0,8.5,84,8,4,1,222,0,0
3,Geel v Adel,Isaac Cumming,Adelaide,40,0.0,0.0,0.0,0,7.1,44,10,3,0,145,1,1
3,Geel v Adel,Izak Rankine,Adelaide,42,0.0,0.0,0.0,0,8.6,34,7,5,1,165,1,3
3,Geel v Adel,Jake Soligo,Adelaide,15,0.04,0.0,0.0,0,9.0,94,21,8,2,349,0,2
3,Geel v Adel,James Peatling,Adelaide,16,0.025,0.0,0.0,0,10.0,86,22,10,6,306,0,5
3,Geel v Adel,Jordon Butts,Adelaide,39,0.0,0.0,0.0,0,8.7,49,11,4,1,92,0,0
3,Geel v Adel,Josh Rachele,Adelaide,2,1.044,4.4,1.8,6,17.5,127,31,13,7,651,1,6
3,Geel v Adel,Josh Worrell,Adelaide,14,0.049,0.0,0.0,0,12.1,97,30,8,0,895,0,2
3,Geel v Adel,Lachlan McAndrew,Adelaide,20,0.007,0.0,0.0,0,11.1,68,17,7,4,177,0,2
3,Geel v Adel,Luke Nankervis,Adelaide,38,0.0,0.0,0.0,0,5.5,39,10,4,0,231,0,2
3,Geel v Adel,Luke Pedlar,Adelaide,46,0.0,0.0,0.0,0,-0.2,1,7,3,0,141,0,1
3,Geel v Adel,Max Michalanney,Adelaide,35,0.0,0.0,0.0,0,7.1,73,11,5,1,142,0,1
3,Geel v Adel,Nick Murray,Adelaide,27,0.002,0.0,0.0,0,8.8,80,12,4,1,439,1,2
3,Geel v Adel,Riley Thilthorpe,Adelaide,30,0.002,0.0,0.0,0,10.7,71,14,6,0,358,1,5
3,Geel v Adel,Sam Berry,Adelaide,10,0.084,0.0,0.0,0,6.6,81,22,13,9,367,0,2
3,Geel v Adel,Wayne Milera,Adelaide,25,0.002,0.0,0.0,0,6.6,57,19,5,1,312,0,2
3,Geel v Adel,Zac Taylor,Adelaide,24,0.002,0.0,0.0,0,10.1,64,7,1,0,110,3,6
3,St K v Bris,Bruce Reville,Brisbane,18,0.01,0.0,0.0,0,4.7,81,20,4,1,372,0,5
3,St K v Bris,Cam Rayner,Brisbane,12,0.021,0.1,0.0,0,3.8,43,12,5,2,202,2,5
3,St K v Bris,Charlie Cameron,Brisbane,23,0.006,0.0,0.0,0,5.5,49,12,3,0,171,2,6
3,St K v Bris,Darcy Fort,Brisbane,21,0.007,0.0,0.0,0,14.9,79,13,6,1,56,0,3
3,St K v Bris,Darcy Gardiner,Brisbane,15,0.012,0.0,0.0,0,9.5,71,16,8,0,137,0,4
3,St K v Bris,Darcy Wilmot,Brisbane,19,0.007,0.0,0.0,0,14.0,72,15,5,0,177,0,4
3,St K v Bris,Dayne Zorko,Brisbane,4,0.397,5.0,0.1,1,16.8,96,28,9,3,732,0,5
3,St K v Bris,Jarrod Berry,Brisbane,2,1.942,35.0,2.3,9,13.4,132,31,6,2,600,1,7
3,St K v Bris,Jaspa Fletcher,Brisbane,20,0.005,0.0,0.0,0,5.9,69,17,4,1,335,1,3
3,St K v Bris,Josh Dunkley,Brisbane,6,0.107,1.1,0.0,0,8.3,99,24,11,3,185,0,3
3,St K v Bris,Kai Lohmann,Brisbane,24,0.005,0.0,0.0,0,13.8,82,11,7,1,177,2,6
3,St K v Bris,Keidean Coleman,Brisbane,10,0.03,0.2,0.0,0,14.8,100,21,6,0,378,1,7
3,St K v Bris,Lachie Neale,Brisbane,8,0.06,0.6,0.0,0,14.4,73,19,11,7,200,0,6
3,St K v Bris,Levi Ashcroft,Brisbane,9,0.036,0.3,0.0,0,11.2,98,25,7,1,189,1,6
3,St K v Bris,Lincoln McCarthy,Brisbane,22,0.008,0.0,0.0,0,5.7,69,17,7,2,230,1,6
3,St K v Bris,Logan Morris,Brisbane,13,0.017,0.0,0.0,0,7.5,68,17,6,1,304,2,4
3,St K v Bris,Noah Answerth,Brisbane,37,0.001,0.0,0.0,0,-0.4,21,8,3,0,164,0,2
3,St K v Bris,Oscar Allen,Brisbane,17,0.01,0.0,0.0,0,4.6,67,11,2,0,237,2,4
3,St K v Bris,Ryan Lester,Brisbane,14,0.015,0.0,0.0,0,10.0,86,20,7,0,368,0,4
3,St K v Bris,Sam Draper,Brisbane,27,0.003,0.0,0.0,0,3.3,52,8,4,4,204,0,2
3,St K v Bris,Ty Gallop,Brisbane,35,0.001,0.0,0.0,0,5.8,26,6,2,0,156,0,1
3,St K v Bris,Will Ashcroft,Brisbane,1,2.223,44.7,2.7,9,10.6,92,31,11,10,254,0,3
3,St K v Bris,Zac Bailey,Brisbane,3,0.574,7.3,0.8,4,15.7,115,17,5,3,310,2,10
3,Carl v Melb,Ben Ainsworth,Carlton,32,0.0,0.0,0.0,0,9.2,77,17,4,1,297,1,5
3,Carl v Melb,Brodie Kemp,Carlton,45,0.0,0.0,0.0,0,-1.0,29,7,2,0,87,0,0
3,Carl v Melb,Campbell Chesser,Carlton,41,0.0,0.0,0.0,0,8.0,71,14,3,1,228,0,3
3,Carl v Melb,Elijah Hollands,Carlton,10,0.031,0.0,0.0,1,22.0,108,25,9,2,284,2,7
3,Carl v Melb,Francis Evans,Carlton,44,0.0,0.0,0.0,0,2.6,49,11,0,1,210,0,4
3,Carl v Melb,George Hewett,Carlton,22,0.004,0.0,0.0,0,4.2,75,18,11,5,37,0,6
3,Carl v Melb,Harry Dean,Carlton,42,0.0,0.0,0.0,0,10.0,61,10,2,1,171,0,0
3,Carl v Melb,Harry McKay,Carlton,25,0.002,0.0,0.0,0,8.5,72,16,10,0,329,1,5
3,Carl v Melb,Hudson O'Keeffe,Carlton,46,0.0,0.0,0.0,0,-0.8,12,3,2,1,23,0,1
3,Carl v Melb,Jacob Weitering,Carlton,26,0.003,0.0,0.0,0,13.3,95,17,8,0,223,0,2
3,Carl v Melb,Jagga Smith,Carlton,13,0.017,0.0,0.0,0,6.2,88,25,8,3,238,1,7
3,Carl v Melb,Lachlan Cowan,Carlton,35,0.0,0.0,0.0,0,8.4,51,16,6,2,318,0,1
3,Carl v Melb,Lewis Young,Carlton,29,0.002,0.0,0.0,0,8.9,67,16,6,1,256,0,1
3,Carl v Melb,Marc Pittonet,Carlton,39,0.0,0.0,0.0,0,4.7,49,8,5,0,108,0,4
3,Carl v Melb,Matthew Carroll,Carlton,34,0.0,0.0,0.0,0,9.4,53,15,4,0,414,1,2
3,Carl v Melb,Mitch McGovern,Carlton,21,0.005,0.0,0.0,0,16.6,84,13,9,0,240,3,8
3,Carl v Melb,Oliver Florent,Carlton,24,0.002,0.0,0.0,0,11.6,104,17,6,4,501,0,3
3,Carl v Melb,Oliver Hollands,Carlton,20,0.006,0.0,0.0,0,9.3,112,23,5,0,414,0,3
3,Carl v Melb,Patrick Cripps,Carlton,8,0.059,0.0,0.0,0,15.1,92,21,15,9,183,1,7
3,Carl v Melb,Sam Walsh,Carlton,7,0.09,0.0,0.0,0,12.1,102,31,9,3,430,0,6
3,Carl v Melb,Talor Byrne,Carlton,43,0.0,0.0,0.0,0,6.8,52,8,4,0,179,1,4
3,Carl v Melb,Will Hayward,Carlton,37,0.0,0.0,0.0,0,4.4,41,15,3,0,347,0,5
3,Carl v Melb,Zac Williams,Carlton,28,0.001,0.0,0.0,0,11.5,51,19,7,4,455,0,3
3,Coll v GWS,Beau McCreery,Collingwood,15,0.019,0.0,0.0,0,12.1,61,14,7,3,249,0,3
3,Coll v GWS,Billy Frampton,Collingwood,9,0.053,0.0,0.0,3,12.5,74,15,6,0,204,0,0
3,Coll v GWS,Brayden Maynard,Collingwood,16,0.014,0.0,0.0,0,10.9,84,18,5,0,431,0,2
3,Coll v GWS,Dan Houston,Collingwood,11,0.029,0.0,0.0,0,4.0,61,18,2,0,454,1,2
3,Coll v GWS,Daniel McStay,Collingwood,21,0.006,0.0,0.0,0,11.1,61,9,2,0,134,2,5
3,Coll v GWS,Darcy Cameron,Collingwood,24,0.005,0.0,0.0,0,6.5,59,12,8,4,139,0,4
3,Coll v GWS,Darcy Moore,Collingwood,31,0.002,0.0,0.0,0,1.3,29,7,1,0,81,0,2
3,Coll v GWS,Harry Perryman,Collingwood,17,0.014,0.0,0.0,0,6.5,41,15,3,0,176,0,2
3,Coll v GWS,Isaac Quaynor,Collingwood,26,0.006,0.0,0.0,0,9.6,66,15,5,0,409,0,1
3,Coll v GWS,Jack Crisp,Collingwood,7,0.177,0.0,0.0,2,16.1,102,26,9,1,419,0,6
3,Coll v GWS,Jamie Elliott,Collingwood,37,0.0,0.0,0.0,0,6.2,40,4,4,0,13,1,5
3,Coll v GWS,Jeremy Howe,Collingwood,25,0.006,0.0,0.0,0,3.0,37,11,4,0,145,0,1
3,Coll v GWS,Jordan De Goey,Collingwood,12,0.031,0.0,0.0,0,6.6,64,16,5,4,228,0,7
3,Coll v GWS,Josh Daicos,Collingwood,3,0.624,0.2,1.1,4,8.9,117,33,3,0,662,0,5
3,Coll v GWS,Lachie Schultz,Collingwood,10,0.042,0.0,0.0,0,17.6,102,17,10,3,265,1,7
3,Coll v GWS,Ned Long,Collingwood,20,0.008,0.0,0.0,0,9.5,90,11,6,0,110,1,4
3,Coll v GWS,Nick Daicos,Collingwood,1,2.993,99.3,3.0,10,22.8,150,36,12,6,770,2,7
3,Coll v GWS,Oscar Steene,Collingwood,19,0.01,0.0,0.0,0,14.7,83,8,7,1,-1,1,3
3,Coll v GWS,Patrick Lipinski,Collingwood,29,0.004,0.0,0.0,0,6.8,50,16,3,0,228,0,7
3,Coll v GWS,Roan Steele,Collingwood,35,0.001,0.0,0.0,0,1.7,23,8,2,2,210,0,0
3,Coll v GWS,Scott Pendlebury,Collingwood,28,0.004,0.0,0.0,0,4.4,45,10,3,2,105,0,3
3,Coll v GWS,Steele Sidebottom,Collingwood,2,0.678,0.3,1.2,2,11.3,98,31,9,4,473,0,7
3,Coll v GWS,Tim Membrey,Collingwood,6,0.238,0.0,0.0,1,12.2,79,13,3,0,169,4,8
3,Ess v NM,Andrew McGrath,Essendon,17,0.003,0.0,0.0,0,8.3,81,22,4,0,316,0,7
3,Ess v NM,Archer Day-Wicks,Essendon,35,0.0,0.0,0.0,0,5.5,40,15,3,1,385,0,4
3,Ess v NM,Archer May,Essendon,42,0.0,0.0,0.0,0,3.6,45,7,3,0,142,0,3
3,Ess v NM,Archie Perkins,Essendon,32,0.0,0.0,0.0,0,5.7,63,16,5,0,204,0,5
3,Ess v NM,Archie Roberts,Essendon,21,0.002,0.0,0.0,0,14.2,100,25,8,0,355,0,5
3,Ess v NM,Ben McKay,Essendon,43,0.0,0.0,0.0,0,5.8,44,5,1,0,59,0,0
3,Ess v NM,Darcy Parish,Essendon,22,0.001,0.0,0.0,0,9.6,67,19,6,1,239,0,4
3,Ess v NM,Isaac Kako,Essendon,23,0.002,0.0,0.0,2,12.9,62,12,6,3,153,1,3
3,Ess v NM,Jacob Farrow,Essendon,36,0.0,0.0,0.0,0,1.4,49,13,2,0,366,0,1
3,Ess v NM,Jade Gresham,Essendon,39,0.0,0.0,0.0,0,6.2,49,11,4,1,69,1,3
3,Ess v NM,Jaxon Prior,Essendon,24,0.001,0.0,0.0,0,14.4,94,18,5,0,404,0,3
3,Ess v NM,Jye Caldwell,Essendon,7,0.018,0.2,0.0,0,10.1,95,22,9,4,299,1,6
3,Ess v NM,Kyle Langford,Essendon,28,0.0,0.0,0.0,0,5.3,71,19,3,0,332,0,5
3,Ess v NM,Lachlan Blakiston,Essendon,26,0.001,0.0,0.0,0,4.0,60,12,5,3,362,1,3
3,Ess v NM,Matt Guelfi,Essendon,44,0.0,0.0,0.0,0,3.3,50,9,6,0,32,0,2
3,Ess v NM,Nate Caddy,Essendon,40,0.0,0.0,0.0,0,3.1,33,9,4,1,150,1,5
3,Ess v NM,Peter Wright,Essendon,8,0.019,0.2,0.0,1,17.4,127,15,5,1,250,2,9
3,Ess v NM,Saad El-Hawli,Essendon,37,0.0,0.0,0.0,0,9.3,58,13,4,1,188,1,4
3,Ess v NM,Sam Durham,Essendon,15,0.004,0.0,0.0,0,9.9,60,19,6,4,193,0,4
3,Ess v NM,Xavier Duursma,Essendon,33,0.0,0.0,0.0,0,5.4,64,17,4,0,143,0,2
3,Ess v NM,Zach Merrett,Essendon,31,0.0,0.0,0.0,0,12.6,87,10,6,1,159,1,5
3,Ess v NM,Zach Reid,Essendon,38,0.0,0.0,0.0,0,7.0,69,11,5,0,156,0,3
3,Ess v NM,Zak Johnson,Essendon,46,0.0,0.0,0.0,0,1.7,26,9,1,0,170,0,0
3,Frem v Rich,Alex Pearce,Frem,19,0.003,0.0,0.0,0,4.9,44,10,2,1,104,0,4
3,Frem v Rich,Andrew Brayshaw,Frem,4,0.115,0.5,0.0,0,7.5,95,21,4,3,484,0,7
3,Frem v Rich,Brennan Cox,Frem,14,0.005,0.0,0.0,0,6.6,85,17,5,0,184,0,3
3,Frem v Rich,Caleb Serong,Frem,1,2.58,63.0,3.0,9,14.8,135,32,15,9,579,2,12
3,Frem v Rich,Christopher Scerri,Frem,34,0.0,0.0,0.0,0,6.1,31,8,5,0,74,0,4
3,Frem v Rich,Corey Wagner,Frem,11,0.007,0.0,0.0,0,12.8,94,22,8,1,522,0,9
3,Frem v Rich,Heath Chapman,Frem,17,0.005,0.0,0.0,0,7.0,81,19,3,1,328,0,5
3,Frem v Rich,Isaiah Dudley,Frem,23,0.001,0.0,0.0,0,11.3,76,11,7,0,90,1,5
3,Frem v Rich,Jaeger O'Meara,Frem,8,0.009,0.0,0.0,0,10.2,92,19,9,3,248,0,7
3,Frem v Rich,Jordan Clark,Frem,7,0.066,0.1,0.0,3,14.4,129,27,10,1,344,0,3
3,Frem v Rich,Josh Treacy,Frem,2,1.977,28.1,2.0,9,14.7,140,16,8,1,335,4,11
3,Frem v Rich,Judd McVee,Frem,20,0.002,0.0,0.0,0,9.5,54,17,7,3,120,0,4
3,Frem v Rich,Jye Amiss,Frem,15,0.005,0.0,0.0,0,9.9,94,10,7,1,162,2,6
3,Frem v Rich,Karl Worner,Frem,24,0.001,0.0,0.0,0,2.0,48,14,1,0,214,0,4
3,Frem v Rich,Luke Jackson,Frem,6,0.076,0.2,0.0,2,7.4,108,17,13,5,171,1,8
3,Frem v Rich,Luke Ryan,Frem,22,0.001,0.0,0.0,0,5.5,72,14,0,0,295,0,0
3,Frem v Rich,Matthew Johnson,Frem,13,0.005,0.0,0.0,0,10.6,69,17,3,2,223,1,5
3,Frem v Rich,Murphy Reid,Frem,12,0.007,0.0,0.0,0,0.9,57,23,6,1,213,0,4
3,Frem v Rich,Neil Erasmus,Frem,9,0.011,0.0,0.0,0,0.3,54,21,9,2,198,0,5
3,Frem v Rich,Patrick Voss,Frem,10,0.009,0.0,0.0,0,6.2,89,18,8,0,196,1,11
3,Frem v Rich,Sam Switkowski,Frem,30,0.0,0.0,0.0,0,3.4,47,12,4,0,115,0,4
3,Frem v Rich,Sean Darcy,Frem,18,0.004,0.0,0.0,0,12.5,96,8,6,3,144,1,6
3,Frem v Rich,Shai Bolton,Frem,3,1.017,7.8,1.0,6,10.1,130,33,11,4,573,0,7
3,Geel v Adel,Bailey Smith,Geelong,1,2.932,93.4,3.0,9,22.6,172,40,16,6,795,0,5
3,Geel v Adel,Connor O'Sullivan,Geelong,13,0.051,0.0,0.0,0,11.9,106,23,9,0,436,0,2
3,Geel v Adel,Gryan Miers,Geelong,5,0.171,0.1,0.0,1,10.0,113,25,5,2,393,0,4
3,Geel v Adel,Jack Henry,Geelong,26,0.002,0.0,0.0,0,7.2,63,10,5,0,173,0,1
3,Geel v Adel,Jack Martin,Geelong,12,0.072,0.0,0.0,0,8.9,81,14,5,1,328,3,5
3,Geel v Adel,Jeremy Cameron,Geelong,28,0.001,0.0,0.0,0,0.8,45,11,1,0,262,0,2
3,Geel v Adel,Jhye Clark,Geelong,18,0.008,0.0,0.0,0,8.5,69,15,8,2,251,0,1
3,Geel v Adel,Lawson Humphries,Geelong,31,0.001,0.0,0.0,0,3.9,51,12,4,0,245,0,3
3,Geel v Adel,Mark Blicavs,Geelong,4,0.221,0.2,0.0,0,7.9,92,24,8,4,431,0,6
3,Geel v Adel,Mark O'Connor,Geelong,21,0.004,0.0,0.0,0,7.3,83,17,7,2,150,0,2
3,Geel v Adel,Max Holmes,Geelong,3,0.688,1.8,1.2,4,15.5,121,27,9,2,603,1,7
3,Geel v Adel,Mitchell Edwards,Geelong,36,0.0,0.0,0.0,0,5.8,32,6,6,2,95,0,1
3,Geel v Adel,Oisin Mullin,Geelong,23,0.004,0.0,0.0,1,6.5,52,13,4,2,143,0,1
3,Geel v Adel,Oliver Dempsey,Geelong,11,0.078,0.0,0.0,0,5.8,96,21,8,1,333,2,7
3,Geel v Adel,Oliver Henry,Geelong,22,0.004,0.0,0.0,0,5.3,43,12,5,1,178,1,4
3,Geel v Adel,Oliver Wiltshire,Geelong,29,0.001,0.0,0.0,0,6.0,39,14,5,1,214,0,5
3,Geel v Adel,Sam De Koning,Geelong,9,0.103,0.0,0.0,2,6.7,87,18,6,0,273,0,1
3,Geel v Adel,Shannon Neale,Geelong,32,0.001,0.0,0.0,0,11.3,105,13,9,2,119,0,4
3,Geel v Adel,Shaun Mannagh,Geelong,8,0.122,0.0,0.0,5,22.2,119,24,11,4,387,1,8
3,Geel v Adel,Tanner Bruhn,Geelong,19,0.007,0.0,0.0,0,6.9,47,15,5,3,157,0,2
3,Geel v Adel,Tom Atkins,Geelong,7,0.122,0.0,0.0,0,5.5,81,23,14,6,225,0,4
3,Geel v Adel,Tom Stewart,Geelong,6,0.14,0.0,0.0,2,10.6,120,24,8,1,632,1,3
3,Geel v Adel,Zach Guthrie,Geelong,37,0.0,0.0,0.0,0,1.6,40,8,1,0,65,0,0
3,Coll v GWS,Callum Brown,Greater Western Sydney,42,0.0,0.0,0.0,0,2.4,49,11,4,0,178,0,4
3,Coll v GWS,Clayton Oliver,Greater Western Sydney,5,0.387,0.0,0.2,3,17.8,111,37,16,9,271,0,6
3,Coll v GWS,Connor Idun,Greater Western Sydney,22,0.007,0.0,0.0,1,15.7,107,23,6,0,344,0,2
3,Coll v GWS,Finn Callaghan,Greater Western Sydney,4,0.505,0.1,0.5,4,15.3,124,35,6,3,605,0,4
3,Coll v GWS,Harry Himmelberg,Greater Western Sydney,38,0.0,0.0,0.0,0,9.4,66,13,1,0,283,0,1
3,Coll v GWS,Harvey Thomas,Greater Western Sydney,18,0.01,0.0,0.0,0,16.5,117,27,8,3,232,1,7
3,Coll v GWS,Jake Riccardi,Greater Western Sydney,32,0.002,0.0,0.0,0,3.6,70,16,3,0,227,1,4
3,Coll v GWS,Jake Stringer,Greater Western Sydney,30,0.001,0.0,0.0,0,10.7,74,13,7,0,364,2,5
3,Coll v GWS,James Leake,Greater Western Sydney,41,0.0,0.0,0.0,0,3.0,56,16,3,0,242,0,2
3,Coll v GWS,Jayden Laverde,Greater Western Sydney,33,0.002,0.0,0.0,0,12.1,97,17,4,0,220,0,0
3,Coll v GWS,Jesse Hogan,Greater Western Sydney,45,0.0,0.0,0.0,0,-3.6,19,4,0,0,97,0,2
3,Coll v GWS,Joe Fonti,Greater Western Sydney,34,0.001,0.0,0.0,0,9.3,80,21,2,0,295,0,4
3,Coll v GWS,Josaia Delana,Greater Western Sydney,46,0.0,0.0,0.0,0,0.8,16,3,0,0,53,0,0
3,Coll v GWS,Kieren Briggs,Greater Western Sydney,27,0.005,0.0,0.0,0,12.4,99,15,7,4,215,0,6
3,Coll v GWS,Lachie Ash,Greater Western Sydney,14,0.019,0.0,0.0,0,12.4,106,28,4,0,347,0,5
3,Coll v GWS,Lachie Whitfield,Greater Western Sydney,8,0.065,0.0,0.0,0,18.3,128,39,10,2,443,0,6
3,Coll v GWS,Max Gruzewski,Greater Western Sydney,43,0.0,0.0,0.0,0,3.2,35,5,0,0,180,1,2
3,Coll v GWS,Oliver Hannaford,Greater Western Sydney,44,0.0,0.0,0.0,0,0.4,16,8,2,0,87,0,3
3,Coll v GWS,Phoenix Gothard,Greater Western Sydney,36,0.0,0.0,0.0,0,8.0,57,19,6,3,127,1,4
3,Coll v GWS,Ryan Angwin,Greater Western Sydney,23,0.007,0.0,0.0,0,8.1,95,25,6,2,442,0,5
3,Coll v GWS,Stephen Coniglio,Greater Western Sydney,39,0.0,0.0,0.0,0,0.3,43,13,3,1,55,0,3
3,Coll v GWS,Toby Greene,Greater Western Sydney,13,0.027,0.0,0.0,0,13.8,78,21,11,5,308,1,5
3,Coll v GWS,Xavier O'Halloran,Greater Western Sydney,40,0.0,0.0,0.0,0,2.1,42,16,5,0,274,0,3
3,Carl v Melb,Bayley Fritsch,Melbourne,6,0.098,0.0,0.0,2,17.7,91,9,2,0,228,4,6
3,Carl v Melb,Blake Howes,Melbourne,31,0.001,0.0,0.0,0,3.9,47,13,2,0,98,0,2
3,Carl v Melb,Brody Mihocek,Melbourne,30,0.001,0.0,0.0,0,-5.0,28,11,3,1,150,1,5
3,Carl v Melb,Caleb Windsor,Melbourne,9,0.051,0.0,0.0,0,8.7,70,24,5,1,447,0,4
3,Carl v Melb,Changkuoth Jiath,Melbourne,33,0.0,0.0,0.0,0,1.5,38,11,2,0,188,0,2
3,Carl v Melb,Christian Salem,Melbourne,14,0.011,0.0,0.0,0,9.3,77,20,9,1,330,0,1
3,Carl v Melb,Ed Langdon,Melbourne,17,0.01,0.0,0.0,0,12.9,66,13,4,1,218,2,6
3,Carl v Melb,Harrison Petty,Melbourne,27,0.002,0.0,0.0,0,4.1,41,8,6,0,61,0,3
3,Carl v Melb,Harry Sharp,Melbourne,23,0.002,0.0,0.0,0,7.0,71,13,4,1,273,1,3
3,Carl v Melb,Harvey Langford,Melbourne,12,0.023,0.0,0.0,0,10.7,74,16,7,1,362,2,3
3,Carl v Melb,Jack Steele,Melbourne,4,0.339,0.9,0.0,4,13.8,109,23,10,4,386,0,4
3,Carl v Melb,Jacob van Rooyen,Melbourne,40,0.0,0.0,0.0,0,-3.0,21,5,0,0,197,0,4
3,Carl v Melb,Jai Culley,Melbourne,15,0.01,0.0,0.0,0,12.9,85,18,8,3,245,0,5
3,Carl v Melb,Jake Lever,Melbourne,5,0.16,0.2,0.0,6,16.6,117,21,7,0,403,0,2
3,Carl v Melb,Kade Chandler,Melbourne,11,0.022,0.0,0.0,0,15.8,107,16,7,2,241,2,6
3,Carl v Melb,Koltyn Tholstrup,Melbourne,16,0.009,0.0,0.0,0,11.2,66,15,7,2,95,0,3
3,Carl v Melb,Kysaiah Pickett,Melbourne,1,2.845,85.4,3.0,10,23.2,135,33,11,6,834,1,10
3,Carl v Melb,Latrelle Pickett,Melbourne,36,0.0,0.0,0.0,0,2.6,32,9,2,0,159,0,1
3,Carl v Melb,Max Gawn,Melbourne,2,1.274,8.9,1.8,6,18.9,131,23,13,6,362,0,5
3,Carl v Melb,Paddy Cross,Melbourne,38,0.0,0.0,0.0,0,3.8,36,6,2,0,25,1,3
3,Carl v Melb,Tom McDonald,Melbourne,18,0.008,0.0,0.0,0,12.8,88,18,5,0,257,0,2
3,Carl v Melb,Tom Sparrow,Melbourne,3,0.902,4.6,1.2,1,14.7,104,29,13,9,427,1,6
3,Carl v Melb,Xavier Lindsay,Melbourne,19,0.009,0.0,0.0,0,6.6,69,18,4,2,329,0,2
3,Ess v NM,Aidan Corr,North Melbourne,45,0.0,0.0,0.0,0,1.5,19,5,0,0,57,0,0
3,Ess v NM,Caleb Daniel,North Melbourne,14,0.005,0.0,0.0,0,3.3,79,23,1,0,251,0,6
3,Ess v NM,Callum Coleman-Jones,North Melbourne,41,0.0,0.0,0.0,0,2.0,23,6,3,2,-3,0,1
3,Ess v NM,Cameron Zurhaar,North Melbourne,30,0.0,0.0,0.0,0,5.5,37,8,4,0,200,1,2
3,Ess v NM,Charlie Comben,North Melbourne,27,0.001,0.0,0.0,0,4.9,58,12,2,0,-4,0,3
3,Ess v NM,Colby McKercher,North Melbourne,3,1.223,20.6,1.4,5,15.1,118,35,6,1,567,0,3
3,Ess v NM,Cooper Trembath,North Melbourne,25,0.002,0.0,0.0,0,11.6,71,9,3,0,151,2,5
3,Ess v NM,Dylan Stephens,North Melbourne,13,0.008,0.0,0.0,0,2.1,70,23,4,2,366,0,3
3,Ess v NM,Finn O'Sullivan,North Melbourne,4,0.758,12.5,0.2,9,17.4,142,24,11,3,355,0,6
3,Ess v NM,George Wardlaw,North Melbourne,6,0.039,0.5,0.0,0,14.4,68,16,9,7,400,0,4
3,Ess v NM,Harry Sheezel,North Melbourne,1,1.786,31.2,2.6,5,10.2,145,33,9,0,365,0,7
3,Ess v NM,Jy Simpkin,North Melbourne,11,0.008,0.0,0.0,0,10.2,79,22,7,3,215,0,7
3,Ess v NM,Lachy Dovaston,North Melbourne,34,0.0,0.0,0.0,0,-1.6,33,7,3,0,75,1,2
3,Ess v NM,Luke Davies-Uniacke,North Melbourne,2,1.34,22.5,1.6,3,10.5,124,31,11,4,306,0,7
3,Ess v NM,Luke McDonald,North Melbourne,19,0.003,0.0,0.0,0,7.7,77,18,2,1,426,0,4
3,Ess v NM,Luke Parker,North Melbourne,5,0.728,12.0,0.2,4,14.0,161,33,8,0,377,0,4
3,Ess v NM,Nick Larkey,North Melbourne,16,0.004,0.0,0.0,0,9.0,71,12,4,0,127,2,7
3,Ess v NM,Paul Curtis,North Melbourne,29,0.0,0.0,0.0,0,5.0,54,9,4,0,184,1,4
3,Ess v NM,Toby Pink,North Melbourne,10,0.015,0.2,0.0,1,8.4,86,19,4,0,371,0,3
3,Ess v NM,Tom Blamires,North Melbourne,20,0.003,0.0,0.0,0,11.5,85,17,4,0,313,1,4
3,Ess v NM,Tom Powell,North Melbourne,12,0.008,0.0,0.0,0,2.7,78,23,2,0,308,0,6
3,Ess v NM,Tristan Xerri,North Melbourne,9,0.016,0.1,0.0,0,7.7,68,15,13,8,41,1,5
3,Ess v NM,Zane Duursma,North Melbourne,18,0.002,0.0,0.0,0,13.1,59,5,2,0,130,3,5
3,Port v WC,Aliir Aliir,Port,26,0.001,0.0,0.0,0,7.7,73,12,2,0,187,0,6
3,Port v WC,Corey Durdin,Port,37,0.0,0.0,0.0,0,10.2,60,7,3,0,156,2,3
3,Port v WC,Darcy Byrne-Jones,Port,30,0.0,0.0,0.0,0,5.5,73,15,2,0,185,1,9
3,Port v WC,Esava Ratugolea,Port,36,0.0,0.0,0.0,0,6.7,50,11,5,0,4,0,4
3,Port v WC,Ewan Mackinlay,Port,45,0.0,0.0,0.0,0,2.3,36,9,2,1,241,0,2
3,Port v WC,Jack Lukosius,Port,28,0.0,0.0,0.0,0,13.7,95,12,5,0,340,1,6
3,Port v WC,Jack Watkins,Port,15,0.012,0.1,0.0,0,7.4,69,19,6,3,273,1,4
3,Port v WC,Jack Whitlock,Port,12,0.015,0.1,0.0,0,10.3,86,10,5,0,79,3,8
3,Port v WC,Jackson Mead,Port,35,0.0,0.0,0.0,0,1.1,43,12,3,0,292,0,1
3,Port v WC,Jacob Wehr,Port,31,0.0,0.0,0.0,0,1.5,53,15,4,1,259,0,5
3,Port v WC,Jase Burgoyne,Port,16,0.008,0.0,0.0,0,8.5,103,21,7,1,335,0,6
3,Port v WC,Jason Horne-Francis,Port,5,0.06,0.9,0.0,0,7.0,75,18,9,2,357,1,6
3,Port v WC,Joe Berry,Port,46,0.0,0.0,0.0,0,3.5,24,7,3,0,161,0,4
3,Port v WC,Joe Richards,Port,39,0.0,0.0,0.0,0,7.5,65,14,4,0,211,0,6
3,Port v WC,Jordon Sweet,Port,19,0.003,0.0,0.0,0,7.6,94,13,9,6,191,0,5
3,Port v WC,Josh Lai,Port,32,0.0,0.0,0.0,0,7.6,52,13,3,0,181,0,2
3,Port v WC,Kane Farrell,Port,7,0.045,0.6,0.0,0,14.3,141,25,6,1,758,0,8
3,Port v WC,Lachie Jones,Port,41,0.0,0.0,0.0,0,6.5,52,8,1,0,237,1,2
3,Port v WC,Logan Evans,Port,18,0.004,0.0,0.0,0,4.8,74,19,5,0,287,0,3
3,Port v WC,Mitch Georgiades,Port,10,0.019,0.2,0.0,0,14.2,105,12,4,0,283,3,9
3,Port v WC,Will Brodie,Port,21,0.003,0.0,0.0,0,5.9,67,18,10,3,65,0,1
3,Port v WC,Willem Drew,Port,6,0.043,0.5,0.0,0,2.8,73,20,10,3,231,0,6
3,Port v WC,Zak Butters,Port,2,1.78,31.0,2.2,8,20.3,126,30,14,6,542,0,11
3,Frem v Rich,Ben Miller,Richmond,31,0.0,0.0,0.0,0,3.1,58,15,4,0,256,0,2
3,Frem v Rich,Campbell Gray,Richmond,45,0.0,0.0,0.0,0,-1.3,8,3,2,0,7,0,1
3,Frem v Rich,Dion Prestia,Richmond,36,0.0,0.0,0.0,0,5.1,71,16,6,2,265,0,3
3,Frem v Rich,Harry Armstrong,Richmond,46,0.0,0.0,0.0,0,1.5,4,0,1,0,5,0,0
3,Frem v Rich,Hugo Ralphsmith,Richmond,40,0.0,0.0,0.0,0,6.0,47,14,6,1,139,0,1
3,Frem v Rich,Jack Ross,Richmond,21,0.002,0.0,0.0,0,16.2,104,23,12,5,238,0,6
3,Frem v Rich,Jacob Hopper,Richmond,26,0.001,0.0,0.0,0,9.6,60,20,10,4,76,0,1
3,Frem v Rich,Jasper Alger,Richmond,44,0.0,0.0,0.0,0,-1.9,16,3,2,1,20,0,2
3,Frem v Rich,Jayden Short,Richmond,27,0.001,0.0,0.0,0,0.9,68,20,2,0,441,0,0
3,Frem v Rich,Jonty Faull,Richmond,38,0.0,0.0,0.0,0,9.2,48,8,5,0,220,1,4
3,Frem v Rich,Luke Trainor,Richmond,16,0.004,0.0,0.0,0,4.8,102,28,5,1,491,0,1
3,Frem v Rich,Maurice Rioli,Richmond,41,0.0,0.0,0.0,0,2.4,44,10,3,0,191,0,2
3,Frem v Rich,Mykelti Lefau,Richmond,42,0.0,0.0,0.0,0,2.4,44,6,5,2,5,0,0
3,Frem v Rich,Nick Vlastuin,Richmond,28,0.001,0.0,0.0,0,3.0,87,19,5,1,342,0,1
3,Frem v Rich,Noah Balta,Richmond,37,0.0,0.0,0.0,0,5.5,53,7,4,0,177,0,0
3,Frem v Rich,Sam Banks,Richmond,33,0.0,0.0,0.0,0,4.0,56,18,7,0,179,0,2
3,Frem v Rich,Sam Grlj,Richmond,35,0.0,0.0,0.0,0,8.1,68,18,5,1,327,0,1
3,Frem v Rich,Sam Lalor,Richmond,29,0.0,0.0,0.0,0,6.8,83,15,7,1,490,0,4
3,Frem v Rich,Seth Campbell,Richmond,43,0.0,0.0,0.0,0,1.1,30,7,1,0,102,0,2
3,Frem v Rich,Steely Green,Richmond,25,0.001,0.0,0.0,0,7.4,81,9,4,0,177,3,5
3,Frem v Rich,Tim Taranto,Richmond,5,0.086,0.3,0.0,1,13.0,148,24,13,3,148,2,4
3,Frem v Rich,Tom Brown,Richmond,39,0.0,0.0,0.0,0,5.2,42,11,3,0,241,0,0
3,Frem v Rich,Tyler Sonsie,Richmond,32,0.0,0.0,0.0,0,5.1,57,20,6,4,263,0,6
3,St K v Bris,Alix Tauru,St Kilda,46,0.0,0.0,0.0,0,2.2,25,3,3,0,49,1,2
3,St K v Bris,Bradley Hill,St Kilda,31,0.001,0.0,0.0,0,10.5,74,21,4,1,322,0,3
3,St K v Bris,Callum Wilkie,St Kilda,7,0.082,0.7,0.0,6,13.0,102,24,9,1,224,0,6
3,St K v Bris,Cooper Sharman,St Kilda,29,0.002,0.0,0.0,0,13.5,84,9,4,0,213,3,7
3,St K v Bris,Dan Butler,St Kilda,44,0.0,0.0,0.0,0,3.8,36,9,4,0,185,0,4
3,St K v Bris,Darcy Wilson,St Kilda,41,0.0,0.0,0.0,0,12.0,57,16,4,0,248,0,4
3,St K v Bris,Dougal Howard,St Kilda,40,0.0,0.0,0.0,0,4.9,65,12,3,1,99,0,1
3,St K v Bris,Hugo Garcia,St Kilda,36,0.001,0.0,0.0,0,6.4,56,12,5,3,14,0,3
3,St K v Bris,Jack Carroll,St Kilda,45,0.0,0.0,0.0,0,1.7,40,10,3,0,188,0,1
3,St K v Bris,Jack Higgins,St Kilda,34,0.001,0.0,0.0,0,11.5,72,10,7,0,191,2,7
3,St K v Bris,Jack Silvagni,St Kilda,43,0.0,0.0,0.0,0,6.6,61,11,6,0,193,0,3
3,St K v Bris,Jack Sinclair,St Kilda,11,0.022,0.1,0.0,0,11.1,114,29,4,0,480,0,4
3,St K v Bris,Liam Ryan,St Kilda,26,0.003,0.0,0.0,0,11.8,62,11,4,0,226,3,5
3,St K v Bris,Liam Stocker,St Kilda,39,0.0,0.0,0.0,0,5.2,52,10,8,0,73,0,2
3,St K v Bris,Marcus Windhager,St Kilda,25,0.004,0.0,0.0,0,5.6,65,19,8,4,479,0,7
3,St K v Bris,Mason Wood,St Kilda,38,0.0,0.0,0.0,0,9.6,61,14,7,0,322,0,4
3,St K v Bris,Mattaes Phillipou,St Kilda,28,0.003,0.0,0.0,0,5.9,69,15,9,4,308,0,3
3,St K v Bris,Max Hall,St Kilda,30,0.002,0.0,0.0,0,6.9,81,17,9,3,263,0,7
3,St K v Bris,Mitch Owens,St Kilda,33,0.001,0.0,0.0,0,7.0,68,10,3,1,223,2,4
3,St K v Bris,Nasiah Wanganeen-Milera,St Kilda,5,0.368,4.8,0.1,1,11.7,99,29,9,4,698,0,10
3,St K v Bris,Rowan Marshall,St Kilda,42,0.0,0.0,0.0,0,4.2,43,12,4,1,150,0,2
3,St K v Bris,Sam Flanders,St Kilda,16,0.013,0.0,0.0,0,13.2,93,22,8,2,282,0,6
3,St K v Bris,Tom De Koning,St Kilda,32,0.001,0.0,0.0,0,6.9,82,11,8,3,125,0,5
3,Port v WC,Archer Reid,West Coast,43,0.0,0.0,0.0,0,6.2,45,5,2,0,141,0,5
3,Port v WC,Bo Allan,West Coast,24,0.001,0.0,0.0,0,12.3,69,10,3,0,244,2,4
3,Port v WC,Brady Hough,West Coast,33,0.0,0.0,0.0,0,1.9,40,11,2,1,150,0,1
3,Port v WC,Cooper Duff-Tytler,West Coast,40,0.0,0.0,0.0,0,5.6,42,11,7,2,145,0,4
3,Port v WC,Deven Robertson,West Coast,11,0.018,0.1,0.0,0,5.7,53,16,8,5,311,0,3
3,Port v WC,Elliot Yeo,West Coast,29,0.0,0.0,0.0,0,10.4,46,7,3,1,303,1,3
3,Port v WC,Hamish Davis,West Coast,25,0.001,0.0,0.0,0,5.3,72,12,5,3,56,1,3
3,Port v WC,Harley Reid,West Coast,1,1.827,31.8,2.3,5,11.1,112,21,8,6,522,2,9
3,Port v WC,Harry Schoenberg,West Coast,34,0.0,0.0,0.0,0,11.8,59,13,4,2,280,0,4
3,Port v WC,Jack Graham,West Coast,17,0.006,0.0,0.0,0,3.1,65,13,6,3,146,1,4
3,Port v WC,Jacob Newton,West Coast,44,0.0,0.0,0.0,0,2.7,26,6,2,0,153,0,1
3,Port v WC,Jake Waterman,West Coast,3,1.471,24.0,1.5,10,10.0,96,13,6,0,332,4,10
3,Port v WC,Jamie Cripps,West Coast,38,0.0,0.0,0.0,0,-1.2,38,10,1,0,207,1,4
3,Port v WC,Jobe Shanahan,West Coast,14,0.013,0.1,0.0,2,3.2,67,13,10,0,262,0,3
3,Port v WC,Josh Lindsay,West Coast,20,0.003,0.0,0.0,0,13.1,70,19,6,2,472,0,5
3,Port v WC,Liam Baker,West Coast,13,0.013,0.1,0.0,0,10.4,82,20,11,2,213,0,4
3,Port v WC,Liam Duggan,West Coast,27,0.001,0.0,0.0,0,7.2,75,14,2,0,269,0,5
3,Port v WC,Matt Flynn,West Coast,22,0.002,0.0,0.0,0,13.3,112,9,5,4,89,0,5
3,Port v WC,Reuben Ginbey,West Coast,42,0.0,0.0,0.0,0,4.0,57,5,4,0,158,0,1
3,Port v WC,Tim Kelly,West Coast,4,0.586,9.7,0.0,5,14.8,119,23,13,7,312,0,10
3,Port v WC,Tom McCarthy,West Coast,9,0.027,0.3,0.0,0,8.4,92,20,5,0,438,0,1
3,Port v WC,Tylar Young,West Coast,23,0.002,0.0,0.0,0,5.6,69,12,5,0,187,0,1
3,Port v WC,Willem Duursma,West Coast,8,0.036,0.4,0.0,0,7.9,104,20,8,4,326,1,7
4,Adel v Frem,Alex Neal-Bullen,Adelaide,19,0.008,0.0,0.0,0,11.3,67,19,10,2,324,1,4
4,Adel v Frem,Ben Keays,Adelaide,26,0.001,0.0,0.0,0,9.5,65,15,7,3,188,0,2
4,Adel v Frem,Brayden Cook,Adelaide,31,0.0,0.0,0.0,0,11.1,60,10,3,0,332,1,3
4,Adel v Frem,Chayce Jones,Adelaide,46,0.0,0.0,0.0,0,1.5,18,4,2,0,90,0,0
4,Adel v Frem,Finnbar Maley,Adelaide,36,0.0,0.0,0.0,0,6.8,60,9,4,0,84,1,3
4,Adel v Frem,Hugh Bond,Adelaide,44,0.0,0.0,0.0,0,0.0,34,7,2,1,136,0,2
4,Adel v Frem,Izak Rankine,Adelaide,27,0.001,0.0,0.0,0,5.4,67,14,5,0,415,0,6
4,Adel v Frem,Jake Soligo,Adelaide,39,0.0,0.0,0.0,0,6.1,66,12,4,2,142,0,5
4,Adel v Frem,James Borlase,Adelaide,41,0.0,0.0,0.0,0,6.1,49,4,2,0,34,0,2
4,Adel v Frem,James Peatling,Adelaide,4,0.568,7.5,0.5,1,16.8,115,26,15,8,526,1,3
4,Adel v Frem,Jordan Dawson,Adelaide,3,0.596,8.1,0.6,0,17.6,101,23,12,2,283,2,2
4,Adel v Frem,Josh Rachele,Adelaide,12,0.033,0.2,0.0,0,12.6,94,19,10,5,494,1,4
4,Adel v Frem,Josh Worrell,Adelaide,8,0.081,0.7,0.0,1,18.5,120,23,7,1,577,0,2
4,Adel v Frem,Lachlan McAndrew,Adelaide,21,0.005,0.0,0.0,2,15.3,123,8,5,3,78,0,4
4,Adel v Frem,Luke Pedlar,Adelaide,42,0.0,0.0,0.0,0,2.0,30,8,4,1,128,0,0
4,Adel v Frem,Max Michalanney,Adelaide,30,0.0,0.0,0.0,0,9.2,61,12,5,0,256,0,1
4,Adel v Frem,Nick Murray,Adelaide,38,0.0,0.0,0.0,0,5.2,45,9,2,0,303,0,0
4,Adel v Frem,Reilly O'Brien,Adelaide,43,0.0,0.0,0.0,0,-1.6,8,3,2,2,36,0,0
4,Adel v Frem,Riley Thilthorpe,Adelaide,20,0.007,0.0,0.0,0,19.0,104,15,9,4,282,1,8
4,Adel v Frem,Sam Berry,Adelaide,11,0.031,0.2,0.0,0,10.4,85,21,10,4,220,1,3
4,Adel v Frem,Taylor Walker,Adelaide,33,0.0,0.0,0.0,0,5.5,56,9,5,0,193,1,3
4,Adel v Frem,Wayne Milera,Adelaide,6,0.269,3.3,0.0,2,13.8,125,27,6,1,547,0,4
4,Adel v Frem,Zac Taylor,Adelaide,40,0.0,0.0,0.0,0,7.1,43,9,3,0,212,1,3
4,Bris v Coll,Bruce Reville,Brisbane,19,0.006,0.0,0.0,0,11.7,81,15,3,0,399,1,5
4,Bris v Coll,Cam Rayner,Brisbane,16,0.016,0.0,0.0,0,4.7,85,17,7,2,307,0,9
4,Bris v Coll,Charlie Cameron,Brisbane,27,0.001,0.0,0.0,0,9.9,57,11,5,2,132,0,2
4,Bris v Coll,Darcy Fort,Brisbane,24,0.002,0.0,0.0,0,11.3,60,13,7,4,118,0,6
4,Bris v Coll,Darcy Wilmot,Brisbane,11,0.028,0.0,0.0,2,7.2,80,21,5,1,177,0,3
4,Bris v Coll,Darragh Joyce,Brisbane,28,0.0,0.0,0.0,0,2.6,57,10,0,0,156,0,1
4,Bris v Coll,Dayne Zorko,Brisbane,6,0.166,0.5,0.0,0,17.2,111,28,2,2,631,1,7
4,Bris v Coll,James Tunstill,Brisbane,32,0.0,0.0,0.0,0,-0.7,26,5,1,0,90,0,2
4,Bris v Coll,Jarrod Berry,Brisbane,18,0.011,0.0,0.0,0,10.3,76,20,8,3,311,0,6
4,Bris v Coll,Jaspa Fletcher,Brisbane,9,0.062,0.1,0.0,0,13.0,123,27,7,0,395,0,3
4,Bris v Coll,Josh Dunkley,Brisbane,8,0.064,0.1,0.0,0,12.7,72,23,6,2,131,0,5
4,Bris v Coll,Kai Lohmann,Brisbane,4,0.286,1.5,0.0,3,13.8,83,13,6,2,198,4,6
4,Bris v Coll,Keidean Coleman,Brisbane,14,0.024,0.0,0.0,0,9.2,113,22,5,0,279,0,6
4,Bris v Coll,Lachie Neale,Brisbane,3,0.761,6.1,1.1,2,14.9,114,29,8,6,346,0,8
4,Bris v Coll,Levi Ashcroft,Brisbane,13,0.028,0.0,0.0,0,3.5,82,25,5,0,226,0,5
4,Bris v Coll,Lincoln McCarthy,Brisbane,21,0.005,0.0,0.0,0,7.9,59,10,4,1,221,2,5
4,Bris v Coll,Logan Morris,Brisbane,5,0.272,1.4,0.0,4,8.2,104,20,7,1,181,3,10
4,Bris v Coll,Oscar Allen,Brisbane,12,0.026,0.0,0.0,0,9.7,87,9,5,1,187,3,6
4,Bris v Coll,Ryan Lester,Brisbane,15,0.017,0.0,0.0,0,10.2,74,19,5,0,412,0,5
4,Bris v Coll,Sam Draper,Brisbane,7,0.097,0.3,0.0,1,12.0,89,18,12,5,346,0,4
4,Bris v Coll,Ty Gallop,Brisbane,26,0.001,0.0,0.0,0,4.8,49,9,2,0,215,0,1
4,Bris v Coll,Will Ashcroft,Brisbane,1,2.719,75.1,3.0,10,18.2,139,36,15,6,475,1,11
4,Bris v Coll,Zac Bailey,Brisbane,2,1.347,14.9,1.9,8,15.0,107,25,6,4,493,2,11
4,NM v Carl,Adam Cerra,Carlton,12,0.05,0.7,0.0,0,5.5,72,19,10,6,403,0,5
4,NM v Carl,Ben Ainsworth,Carlton,21,0.019,0.2,0.0,3,3.1,64,21,2,1,158,0,4
4,NM v Carl,Brodie Kemp,Carlton,24,0.011,0.1,0.0,0,6.6,70,11,2,1,151,3,6
4,NM v Carl,Elijah Hollands,Carlton,17,0.029,0.4,0.0,2,10.1,71,18,3,0,301,1,5
4,NM v Carl,Francis Evans,Carlton,38,0.001,0.0,0.0,0,1.4,53,17,3,1,287,0,3
4,NM v Carl,George Hewett,Carlton,11,0.063,1.0,0.0,0,7.2,104,22,10,3,137,0,3
4,NM v Carl,Harry McKay,Carlton,23,0.013,0.1,0.0,0,9.3,83,12,5,0,281,2,4
4,NM v Carl,Jacob Weitering,Carlton,41,0.0,0.0,0.0,0,7.6,52,10,2,0,64,0,2
4,NM v Carl,Jagga Smith,Carlton,22,0.014,0.1,0.0,0,10.2,70,17,10,3,139,1,4
4,NM v Carl,Jordan Boyd,Carlton,31,0.002,0.0,0.0,0,7.1,82,16,1,0,385,0,4
4,NM v Carl,Lachlan Cowan,Carlton,37,0.001,0.0,0.0,0,6.4,65,13,4,0,171,0,2
4,NM v Carl,Lewis Young,Carlton,44,0.0,0.0,0.0,0,4.5,38,7,3,1,45,0,1
4,NM v Carl,Marc Pittonet,Carlton,9,0.073,1.1,0.0,0,20.5,117,11,11,4,100,2,7
4,NM v Carl,Matthew Carroll,Carlton,36,0.001,0.0,0.0,0,12.2,64,15,6,1,398,0,1
4,NM v Carl,Mitch McGovern,Carlton,35,0.002,0.0,0.0,0,9.8,70,8,5,0,139,2,4
4,NM v Carl,Nic Newman,Carlton,28,0.006,0.0,0.0,0,11.5,96,19,1,0,426,1,2
4,NM v Carl,Oliver Florent,Carlton,25,0.007,0.0,0.0,0,7.1,67,20,4,1,263,0,4
4,NM v Carl,Oliver Hollands,Carlton,16,0.029,0.4,0.0,1,4.1,97,21,5,1,401,0,2
4,NM v Carl,Patrick Cripps,Carlton,6,0.274,4.6,0.0,0,15.2,91,21,14,7,326,0,7
4,NM v Carl,Sam Walsh,Carlton,14,0.047,0.7,0.0,0,12.3,91,19,9,4,290,1,7
4,NM v Carl,Talor Byrne,Carlton,46,0.0,0.0,0.0,0,3.2,29,5,1,0,-5,0,1
4,NM v Carl,Wade Derksen,Carlton,43,0.0,0.0,0.0,0,10.3,53,11,3,1,194,0,3
4,NM v Carl,Will Hayward,Carlton,45,0.0,0.0,0.0,0,-1.3,22,6,1,0,84,0,0
4,Bris v Coll,Beau McCreery,Collingwood,29,0.0,0.0,0.0,0,8.5,68,12,7,1,199,0,3
4,Bris v Coll,Billy Frampton,Collingwood,35,0.0,0.0,0.0,0,18.1,84,6,4,0,123,0,2
4,Bris v Coll,Brayden Maynard,Collingwood,23,0.002,0.0,0.0,0,11.9,97,24,7,1,488,0,2
4,Bris v Coll,Dan Houston,Collingwood,10,0.035,0.0,0.0,0,15.9,101,32,10,4,596,0,6
4,Bris v Coll,Daniel McStay,Collingwood,20,0.005,0.0,0.0,0,10.4,64,8,5,1,147,4,5
4,Bris v Coll,Darcy Cameron,Collingwood,36,0.0,0.0,0.0,0,7.0,59,9,6,3,71,0,2
4,Bris v Coll,Edward Allan,Collingwood,42,0.0,0.0,0.0,0,6.7,50,14,3,1,187,0,2
4,Bris v Coll,Harry Perryman,Collingwood,34,0.0,0.0,0.0,0,3.9,55,12,5,0,258,0,0
4,Bris v Coll,Isaac Quaynor,Collingwood,38,0.0,0.0,0.0,0,2.9,45,12,0,1,272,0,2
4,Bris v Coll,Jack Crisp,Collingwood,30,0.0,0.0,0.0,0,1.9,53,15,2,0,320,0,4
4,Bris v Coll,Jamie Elliott,Collingwood,41,0.0,0.0,0.0,0,5.8,49,10,2,0,75,1,5
4,Bris v Coll,Jeremy Howe,Collingwood,33,0.0,0.0,0.0,0,9.5,68,13,4,0,317,0,1
4,Bris v Coll,Jordan De Goey,Collingwood,25,0.002,0.0,0.0,0,1.7,63,15,2,1,258,1,3
4,Bris v Coll,Josh Daicos,Collingwood,17,0.013,0.0,0.0,0,11.4,94,25,5,2,722,0,5
4,Bris v Coll,Lachie Schultz,Collingwood,39,0.0,0.0,0.0,0,12.5,53,10,6,0,245,1,2
4,Bris v Coll,Lachlan Sullivan,Collingwood,44,0.0,0.0,0.0,0,3.7,41,11,2,0,159,1,5
4,Bris v Coll,Ned Long,Collingwood,22,0.003,0.0,0.0,0,6.5,69,22,6,3,252,0,5
4,Bris v Coll,Oscar Steene,Collingwood,37,0.0,0.0,0.0,0,6.1,41,10,5,3,74,0,2
4,Bris v Coll,Patrick Lipinski,Collingwood,45,0.0,0.0,0.0,0,3.6,38,12,1,1,111,0,3
4,Bris v Coll,Roan Steele,Collingwood,40,0.0,0.0,0.0,0,8.0,60,13,2,0,138,1,3
4,Bris v Coll,Steele Sidebottom,Collingwood,31,0.0,0.0,0.0,0,2.3,30,11,4,2,171,0,2
4,Bris v Coll,Tim Membrey,Collingwood,43,0.0,0.0,0.0,0,5.9,57,9,3,0,110,1,2
4,Bris v Coll,William Hayes,Collingwood,46,0.0,0.0,0.0,0,4.7,32,5,1,0,40,0,2
4,WB v Ess,Andrew McGrath,Essendon,22,0.002,0.0,0.0,0,11.0,88,23,9,0,231,0,2
4,WB v Ess,Archer Day-Wicks,Essendon,41,0.0,0.0,0.0,0,-5.8,38,10,3,1,191,0,3
4,WB v Ess,Archer May,Essendon,34,0.001,0.0,0.0,0,11.2,58,6,5,0,166,2,4
4,WB v Ess,Archie Perkins,Essendon,45,0.0,0.0,0.0,0,3.6,30,8,2,0,144,0,1
4,WB v Ess,Archie Roberts,Essendon,7,0.055,0.1,0.0,0,10.9,136,37,4,0,708,0,6
4,WB v Ess,Ben McKay,Essendon,44,0.0,0.0,0.0,0,1.9,18,4,2,0,26,0,1
4,WB v Ess,Darcy Parish,Essendon,25,0.002,0.0,0.0,0,12.7,73,19,6,2,201,0,4
4,WB v Ess,Isaac Kako,Essendon,42,0.0,0.0,0.0,0,3.4,15,7,4,2,90,0,2
4,WB v Ess,Jacob Farrow,Essendon,24,0.003,0.0,0.0,0,7.2,90,21,3,0,358,0,5
4,WB v Ess,Jade Gresham,Essendon,29,0.001,0.0,0.0,0,14.1,63,11,3,0,135,3,5
4,WB v Ess,Jaxon Prior,Essendon,23,0.003,0.0,0.0,0,6.9,88,22,3,0,490,0,4
4,WB v Ess,Jye Caldwell,Essendon,15,0.008,0.0,0.0,0,9.3,71,19,9,7,219,1,4
4,WB v Ess,Kyle Langford,Essendon,39,0.0,0.0,0.0,0,5.9,69,12,6,2,160,0,6
4,WB v Ess,Lachlan Blakiston,Essendon,43,0.0,0.0,0.0,0,3.4,33,6,3,1,34,0,2
4,WB v Ess,Matt Guelfi,Essendon,46,0.0,0.0,0.0,0,2.8,22,5,3,0,105,0,2
4,WB v Ess,Peter Wright,Essendon,36,0.0,0.0,0.0,0,4.1,65,10,6,0,72,1,6
4,WB v Ess,Saad El-Hawli,Essendon,37,0.0,0.0,0.0,0,4.3,45,13,3,0,291,0,4
4,WB v Ess,Sam Durham,Essendon,35,0.0,0.0,0.0,0,7.3,57,12,6,1,209,0,3
4,WB v Ess,Thomas Edwards,Essendon,32,0.001,0.0,0.0,0,9.0,58,10,7,0,196,2,7
4,WB v Ess,Xavier Duursma,Essendon,40,0.0,0.0,0.0,0,0.1,47,15,2,1,204,0,4
4,WB v Ess,Zach Merrett,Essendon,4,0.235,1.1,0.0,3,16.9,116,30,11,7,336,0,6
4,WB v Ess,Zach Reid,Essendon,28,0.001,0.0,0.0,0,8.2,91,19,6,0,243,0,2
4,WB v Ess,Zak Johnson,Essendon,26,0.002,0.0,0.0,0,0.6,63,23,4,0,189,0,3
4,Adel v Frem,Alex Pearce,Frem,13,0.015,0.0,0.0,5,9.9,69,9,5,0,174,0,1
4,Adel v Frem,Andrew Brayshaw,Frem,2,1.362,21.9,1.9,4,16.5,120,25,11,7,397,1,7
4,Adel v Frem,Brennan Cox,Frem,25,0.002,0.0,0.0,0,6.2,70,11,4,0,199,0,1
4,Adel v Frem,Caleb Serong,Frem,1,2.325,51.5,3.0,8,11.3,118,32,13,6,630,0,6
4,Adel v Frem,Christopher Scerri,Frem,45,0.0,0.0,0.0,0,5.0,32,6,4,0,19,0,4
4,Adel v Frem,Corey Wagner,Frem,24,0.003,0.0,0.0,0,6.9,54,18,7,5,283,0,2
4,Adel v Frem,Heath Chapman,Frem,23,0.003,0.0,0.0,0,7.5,78,16,5,0,203,0,2
4,Adel v Frem,Isaiah Dudley,Frem,29,0.001,0.0,0.0,0,9.1,55,12,4,0,165,1,7
4,Adel v Frem,Jaeger O'Meara,Frem,34,0.0,0.0,0.0,0,4.9,48,11,3,1,136,0,3
4,Adel v Frem,Jordan Clark,Frem,22,0.005,0.0,0.0,0,4.2,52,18,3,0,470,0,3
4,Adel v Frem,Josh Treacy,Frem,18,0.011,0.0,0.0,0,16.5,121,13,10,0,300,2,8
4,Adel v Frem,Judd McVee,Frem,16,0.014,0.0,0.0,0,9.3,68,23,9,3,231,0,2
4,Adel v Frem,Jye Amiss,Frem,5,0.319,3.9,0.0,4,15.4,74,10,7,0,110,4,8
4,Adel v Frem,Karl Worner,Frem,35,0.0,0.0,0.0,0,1.9,43,10,2,0,196,0,1
4,Adel v Frem,Luke Jackson,Frem,9,0.071,0.6,0.0,0,17.5,126,20,14,7,200,0,6
4,Adel v Frem,Luke Ryan,Frem,28,0.001,0.0,0.0,0,5.1,56,10,1,0,311,0,2
4,Adel v Frem,Matthew Johnson,Frem,15,0.015,0.0,0.0,0,7.1,50,20,6,2,403,0,4
4,Adel v Frem,Murphy Reid,Frem,7,0.163,1.8,0.0,3,13.2,115,26,10,2,315,0,7
4,Adel v Frem,Neil Erasmus,Frem,14,0.014,0.0,0.0,0,12.2,85,21,8,2,203,0,3
4,Adel v Frem,Patrick Voss,Frem,17,0.012,0.0,0.0,0,3.7,74,13,7,0,222,2,8
4,Adel v Frem,Sam Switkowski,Frem,32,0.0,0.0,0.0,0,9.4,71,13,6,1,196,0,4
4,Adel v Frem,Sean Darcy,Frem,37,0.0,0.0,0.0,0,7.1,42,7,3,1,173,0,4
4,Adel v Frem,Shai Bolton,Frem,10,0.064,0.5,0.0,0,12.4,85,21,7,2,510,1,8
4,Haw v Geel,Bailey Smith,Geelong,1,1.726,30.7,3.0,2,15.5,118,33,14,6,663,0,6
4,Haw v Geel,Brad Close,Geelong,45,0.0,0.0,0.0,0,5.8,44,9,1,0,103,0,5
4,Haw v Geel,Connor O'Sullivan,Geelong,30,0.004,0.0,0.0,0,10.6,70,13,3,0,241,0,3
4,Haw v Geel,Gryan Miers,Geelong,21,0.014,0.1,0.0,0,6.4,70,22,3,0,358,0,2
4,Haw v Geel,Jack Bowes,Geelong,17,0.029,0.3,0.0,0,17.4,77,13,3,1,338,2,6
4,Haw v Geel,Jack Henry,Geelong,44,0.0,0.0,0.0,0,1.8,41,7,2,0,64,0,0
4,Haw v Geel,Jack Martin,Geelong,41,0.0,0.0,0.0,0,3.8,47,11,2,0,197,1,1
4,Haw v Geel,Jeremy Cameron,Geelong,24,0.008,0.0,0.0,0,3.6,51,16,5,0,414,1,4
4,Haw v Geel,Lawson Humphries,Geelong,15,0.034,0.4,0.0,0,10.5,76,20,4,2,456,0,2
4,Haw v Geel,Mark Blicavs,Geelong,31,0.004,0.0,0.0,0,10.8,77,14,7,3,265,1,3
4,Haw v Geel,Max Holmes,Geelong,6,0.31,5.1,0.0,0,7.2,112,27,6,1,647,0,6
4,Haw v Geel,Mitchell Edwards,Geelong,27,0.008,0.0,0.0,0,10.3,57,10,10,6,101,0,3
4,Haw v Geel,Oisin Mullin,Geelong,33,0.003,0.0,0.0,0,7.8,66,16,7,2,226,0,1
4,Haw v Geel,Oliver Dempsey,Geelong,38,0.001,0.0,0.0,0,8.2,51,12,2,1,272,1,3
4,Haw v Geel,Oliver Henry,Geelong,25,0.007,0.0,0.0,0,12.2,63,7,4,0,129,3,5
4,Haw v Geel,Oliver Wiltshire,Geelong,40,0.001,0.0,0.0,0,4.2,42,11,2,0,231,1,4
4,Haw v Geel,Sam De Koning,Geelong,36,0.002,0.0,0.0,0,9.5,60,10,6,0,150,0,0
4,Haw v Geel,Shannon Neale,Geelong,12,0.07,1.0,0.0,0,11.3,75,6,4,0,193,4,4
4,Haw v Geel,Shaun Mannagh,Geelong,46,0.0,0.0,0.0,0,2.6,25,6,1,0,153,0,2
4,Haw v Geel,Tanner Bruhn,Geelong,13,0.07,0.9,0.0,0,11.7,92,26,5,2,383,0,5
4,Haw v Geel,Tom Atkins,Geelong,35,0.002,0.0,0.0,0,10.2,54,12,8,1,32,0,3
4,Haw v Geel,Tom Stewart,Geelong,9,0.24,3.9,0.0,5,15.0,111,22,5,1,381,0,4
4,Haw v Geel,Zach Guthrie,Geelong,22,0.011,0.0,0.0,0,12.6,85,19,8,2,196,0,1
4,Melb v GC,Ben King,Gold Coast,15,0.003,0.0,0.0,0,7.9,70,10,7,0,116,3,5
4,Melb v GC,Ben Long,Gold Coast,45,0.0,0.0,0.0,0,1.1,16,8,2,0,66,0,4
4,Melb v GC,Bodhi Uwland,Gold Coast,11,0.004,0.0,0.0,0,18.2,100,24,8,1,430,0,2
4,Melb v GC,Charlie Ballard,Gold Coast,43,0.0,0.0,0.0,0,6.7,42,10,4,0,14,0,1
4,Melb v GC,Daniel Rioli,Gold Coast,23,0.002,0.0,0.0,0,8.8,73,23,1,1,382,0,5
4,Melb v GC,Ethan Read,Gold Coast,33,0.0,0.0,0.0,0,7.9,54,9,2,0,113,3,6
4,Melb v GC,Jake Rogers,Gold Coast,46,0.0,0.0,0.0,0,3.5,37,8,4,0,117,0,2
4,Melb v GC,Jarrod Witts,Gold Coast,42,0.0,0.0,0.0,0,7.5,43,8,6,2,92,0,2
4,Melb v GC,Jed Walter,Gold Coast,18,0.003,0.0,0.0,0,7.8,74,10,7,1,198,2,4
4,Melb v GC,Joel Jeffrey,Gold Coast,36,0.0,0.0,0.0,0,11.9,75,16,5,3,312,1,6
4,Melb v GC,John Noble,Gold Coast,10,0.007,0.0,0.0,0,8.9,96,26,3,0,594,0,6
4,Melb v GC,Lachie Weller,Gold Coast,38,0.0,0.0,0.0,0,14.5,73,14,3,0,460,0,4
4,Melb v GC,Lachlan Gulbin,Gold Coast,26,0.001,0.0,0.0,0,12.6,82,22,7,0,304,1,8
4,Melb v GC,Leonardo Lombard,Gold Coast,40,0.0,0.0,0.0,0,4.4,56,18,8,1,149,0,4
4,Melb v GC,Mac Andrew,Gold Coast,41,0.0,0.0,0.0,0,12.3,84,12,4,0,186,0,3
4,Melb v GC,Matt Rowell,Gold Coast,13,0.003,0.0,0.0,0,5.6,55,13,7,4,87,0,4
4,Melb v GC,Noah Anderson,Gold Coast,8,0.009,0.0,0.0,0,14.7,85,22,7,7,516,0,4
4,Melb v GC,Sam Clohesy,Gold Coast,34,0.0,0.0,0.0,0,12.2,98,17,6,2,429,0,5
4,Melb v GC,Sam Collins,Gold Coast,39,0.0,0.0,0.0,0,6.6,59,14,6,0,169,0,2
4,Melb v GC,Touk Miller,Gold Coast,19,0.002,0.0,0.0,0,10.5,88,21,5,2,354,0,4
4,Melb v GC,Wil Powell,Gold Coast,28,0.001,0.0,0.0,0,10.8,80,15,5,0,295,1,4
4,Melb v GC,Will Graham,Gold Coast,14,0.003,0.0,0.0,0,8.3,89,15,5,4,184,1,5
4,Melb v GC,Zeke Uwland,Gold Coast,21,0.001,0.0,0.0,0,15.7,85,16,4,0,284,2,3
4,Haw v Geel,Blake Hardwick,Hawthorn,34,0.003,0.0,0.0,0,6.5,77,15,2,2,303,0,2
4,Haw v Geel,Connor Macdonald,Hawthorn,3,0.651,11.3,0.9,7,15.3,112,26,8,2,424,0,8
4,Haw v Geel,Conor Nash,Hawthorn,16,0.034,0.4,0.0,0,8.1,66,17,5,3,273,0,6
4,Haw v Geel,Dylan Moore,Hawthorn,29,0.004,0.0,0.0,0,2.6,61,18,7,1,153,0,6
4,Haw v Geel,Flynn Perez,Hawthorn,39,0.001,0.0,0.0,0,9.8,64,13,5,1,197,0,1
4,Haw v Geel,Jack Dalton,Hawthorn,43,0.0,0.0,0.0,0,3.4,38,10,5,1,168,0,2
4,Haw v Geel,Jack Ginnivan,Hawthorn,8,0.258,4.2,0.0,4,17.6,90,19,6,2,360,2,7
4,Haw v Geel,Jack Gunston,Hawthorn,10,0.174,2.8,0.0,3,9.2,81,14,4,0,281,3,8
4,Haw v Geel,Jack Scrimshaw,Hawthorn,42,0.0,0.0,0.0,0,5.1,36,13,3,1,145,0,2
4,Haw v Geel,Jai Newcombe,Hawthorn,2,0.685,11.8,1.0,0,12.2,87,25,14,6,282,0,5
4,Haw v Geel,James Sicily,Hawthorn,14,0.067,1.0,0.0,0,11.3,86,20,3,0,264,0,4
4,Haw v Geel,Jarman Impey,Hawthorn,4,0.557,9.6,0.6,5,14.6,93,26,6,2,554,0,6
4,Haw v Geel,Josh Battle,Hawthorn,20,0.017,0.2,0.0,0,6.3,69,15,8,0,298,0,1
4,Haw v Geel,Josh Ward,Hawthorn,5,0.553,9.7,0.5,0,9.1,75,29,10,3,326,0,4
4,Haw v Geel,Josh Weddle,Hawthorn,23,0.009,0.0,0.0,1,11.1,59,13,2,0,297,1,5
4,Haw v Geel,Lloyd Meek,Hawthorn,37,0.001,0.0,0.0,0,5.3,55,9,2,1,177,0,2
4,Haw v Geel,Mabior Chol,Hawthorn,26,0.008,0.0,0.0,0,4.9,82,12,5,0,241,2,9
4,Haw v Geel,Massimo D'Ambrosio,Hawthorn,11,0.083,1.2,0.0,0,10.3,105,23,6,2,381,0,3
4,Haw v Geel,Mitch Lewis,Hawthorn,28,0.006,0.0,0.0,0,8.0,85,11,2,0,93,2,5
4,Haw v Geel,Ned Reeves,Hawthorn,32,0.004,0.0,0.0,0,6.5,65,10,5,3,124,0,6
4,Haw v Geel,Nick Watson,Hawthorn,7,0.288,4.8,0.0,3,19.2,95,13,9,2,145,3,4
4,Haw v Geel,Sam Butler,Hawthorn,18,0.026,0.3,0.0,0,6.4,57,19,4,1,416,0,4
4,Haw v Geel,Tom Barrass,Hawthorn,19,0.026,0.2,0.0,0,13.7,98,17,8,0,348,0,1
4,Melb v GC,Bailey Laurie,Melbourne,30,0.001,0.0,0.0,0,1.7,31,12,4,2,296,0,0
4,Melb v GC,Blake Howes,Melbourne,35,0.001,0.0,0.0,0,9.0,59,12,5,0,120,0,3
4,Melb v GC,Brody Mihocek,Melbourne,29,0.001,0.0,0.0,0,11.5,61,6,3,0,186,2,5
4,Melb v GC,Caleb Windsor,Melbourne,6,0.011,0.0,0.0,0,7.4,56,17,8,2,292,0,3
4,Melb v GC,Christian Salem,Melbourne,7,0.009,0.0,0.0,0,10.2,83,22,7,1,244,1,7
4,Melb v GC,Daniel Turner,Melbourne,27,0.001,0.0,0.0,0,3.2,65,11,3,0,160,0,0
4,Melb v GC,Ed Langdon,Melbourne,32,0.001,0.0,0.0,0,5.5,53,15,3,0,203,0,4
4,Melb v GC,Harrison Petty,Melbourne,44,0.0,0.0,0.0,0,1.6,31,6,3,0,144,0,2
4,Melb v GC,Harry Sharp,Melbourne,9,0.008,0.0,0.0,0,10.0,75,16,3,2,388,1,7
4,Melb v GC,Harvey Langford,Melbourne,24,0.001,0.0,0.0,0,9.7,54,10,4,1,122,2,5
4,Melb v GC,Jack Steele,Melbourne,2,1.76,27.1,1.8,8,24.4,147,26,18,11,208,0,7
4,Melb v GC,Jacob van Rooyen,Melbourne,16,0.003,0.0,0.0,0,8.1,80,14,7,0,212,1,5
4,Melb v GC,Jai Culley,Melbourne,37,0.0,0.0,0.0,0,6.7,46,9,5,1,268,0,4
4,Melb v GC,Jake Lever,Melbourne,20,0.002,0.0,0.0,0,4.1,58,15,3,0,181,0,4
4,Melb v GC,Jake Melksham,Melbourne,5,0.124,1.3,0.0,2,9.5,80,11,3,0,158,4,7
4,Melb v GC,Kade Chandler,Melbourne,22,0.002,0.0,0.0,0,12.9,75,16,9,3,206,0,6
4,Melb v GC,Koltyn Tholstrup,Melbourne,17,0.002,0.0,0.0,0,8.6,71,15,5,0,300,1,4
4,Melb v GC,Kysaiah Pickett,Melbourne,3,1.561,22.3,1.4,6,22.0,126,25,10,6,633,1,6
4,Melb v GC,Latrelle Pickett,Melbourne,31,0.001,0.0,0.0,0,11.1,60,13,5,2,282,1,8
4,Melb v GC,Max Gawn,Melbourne,1,2.29,47.2,2.8,10,24.3,175,22,16,4,285,1,8
4,Melb v GC,Tom McDonald,Melbourne,25,0.001,0.0,0.0,0,6.0,39,11,2,0,250,0,4
4,Melb v GC,Tom Sparrow,Melbourne,4,0.177,2.1,0.0,4,15.0,98,21,7,4,357,0,8
4,Melb v GC,Xavier Lindsay,Melbourne,12,0.002,0.0,0.0,0,7.6,66,16,5,0,367,1,3
4,NM v Carl,Aidan Corr,North Melbourne,42,0.0,0.0,0.0,0,0.7,28,8,0,0,128,0,3
4,NM v Carl,Caleb Daniel,North Melbourne,2,1.606,27.5,2.4,10,13.6,128,27,8,2,498,0,6
4,NM v Carl,Callum Coleman-Jones,North Melbourne,33,0.002,0.0,0.0,0,6.4,29,10,6,4,99,0,3
4,NM v Carl,Cameron Zurhaar,North Melbourne,32,0.001,0.0,0.0,0,5.1,45,9,5,0,169,1,4
4,NM v Carl,Charlie Comben,North Melbourne,34,0.001,0.0,0.0,0,5.9,50,9,4,0,96,0,1
4,NM v Carl,Colby McKercher,North Melbourne,8,0.086,1.3,0.0,0,6.6,107,24,6,0,197,0,3
4,NM v Carl,Cooper Trembath,North Melbourne,4,0.464,8.0,0.1,5,10.1,94,11,2,0,174,3,5
4,NM v Carl,Dylan Stephens,North Melbourne,5,0.357,6.0,0.0,3,10.1,104,26,5,0,665,0,2
4,NM v Carl,Finn O'Sullivan,North Melbourne,7,0.281,4.9,0.0,2,11.0,68,21,4,1,534,0,6
4,NM v Carl,George Wardlaw,North Melbourne,13,0.045,0.6,0.0,0,11.2,99,16,8,1,113,0,3
4,NM v Carl,Harry Sheezel,North Melbourne,3,0.698,11.7,1.0,0,11.2,97,24,7,6,347,1,7
4,NM v Carl,Jack Darling,North Melbourne,30,0.003,0.0,0.0,0,10.0,85,10,9,2,139,1,4
4,NM v Carl,Jy Simpkin,North Melbourne,18,0.022,0.3,0.0,0,14.1,91,17,7,3,266,1,9
4,NM v Carl,Luke Davies-Uniacke,North Melbourne,1,1.644,28.7,2.5,4,18.5,115,22,16,9,205,0,7
4,NM v Carl,Luke McDonald,North Melbourne,19,0.02,0.2,0.0,0,3.8,69,18,1,0,291,0,5
4,NM v Carl,Luke Parker,North Melbourne,10,0.065,0.9,0.0,0,10.4,92,20,6,1,300,0,6
4,NM v Carl,Nick Larkey,North Melbourne,27,0.005,0.0,0.0,0,12.5,68,11,5,0,146,2,9
4,NM v Carl,Paul Curtis,North Melbourne,20,0.018,0.2,0.0,0,10.7,61,10,2,0,240,2,5
4,NM v Carl,Toby Pink,North Melbourne,40,0.001,0.0,0.0,0,3.4,32,7,4,0,59,0,0
4,NM v Carl,Tom Blamires,North Melbourne,29,0.004,0.0,0.0,0,8.0,56,15,5,0,388,0,6
4,NM v Carl,Tom Powell,North Melbourne,26,0.007,0.0,0.0,0,-1.1,58,18,6,1,127,0,8
4,NM v Carl,Zac Banch,North Melbourne,39,0.0,0.0,0.0,0,-0.8,41,10,4,1,190,0,4
4,NM v Carl,Zane Duursma,North Melbourne,15,0.03,0.4,0.0,0,7.6,62,9,5,0,174,3,5
4,Rich v Port,Aliir Aliir,Port,2,2.121,39.1,2.4,10,17.6,128,23,14,0,267,0,4
4,Rich v Port,Corey Durdin,Port,29,0.002,0.0,0.0,0,4.2,53,7,3,0,138,1,5
4,Rich v Port,Darcy Byrne-Jones,Port,3,0.39,4.5,0.3,6,4.7,103,26,6,0,328,0,6
4,Rich v Port,Ewan Mackinlay,Port,37,0.0,0.0,0.0,0,2.5,21,9,0,0,209,0,3
4,Rich v Port,Jack Lukosius,Port,9,0.023,0.1,0.0,0,13.4,78,13,5,0,408,2,6
4,Rich v Port,Jack Watkins,Port,32,0.001,0.0,0.0,0,-1.2,7,8,2,0,107,0,1
4,Rich v Port,Jack Whitlock,Port,8,0.025,0.1,0.0,0,10.4,92,11,4,1,180,2,4
4,Rich v Port,Jacob Wehr,Port,20,0.004,0.0,0.0,0,8.4,76,13,4,0,342,1,4
4,Rich v Port,Jase Burgoyne,Port,10,0.015,0.0,0.0,0,10.1,97,23,9,2,307,0,2
4,Rich v Port,Jason Horne-Francis,Port,4,0.37,4.3,0.3,0,11.4,85,18,7,4,460,2,3
4,Rich v Port,Joe Berry,Port,28,0.002,0.0,0.0,0,1.2,37,12,4,1,164,0,2
4,Rich v Port,Joe Richards,Port,13,0.01,0.0,0.0,0,13.0,93,18,2,1,185,1,7
4,Rich v Port,Jordon Sweet,Port,6,0.325,3.9,0.2,2,14.4,130,15,10,5,253,1,6
4,Rich v Port,Josh Lai,Port,25,0.002,0.0,0.0,0,4.0,54,14,2,0,313,0,1
4,Rich v Port,Kane Farrell,Port,5,0.356,4.1,0.2,5,15.0,120,24,6,1,808,0,9
4,Rich v Port,Lachie Jones,Port,18,0.004,0.0,0.0,0,2.6,35,13,4,0,342,0,2
4,Rich v Port,Logan Evans,Port,24,0.002,0.0,0.0,0,3.3,56,13,2,0,253,0,2
4,Rich v Port,Miles Bergman,Port,21,0.002,0.0,0.0,0,5.8,66,13,2,0,256,0,2
4,Rich v Port,Mitch Georgiades,Port,11,0.013,0.0,0.0,0,8.7,83,12,4,0,196,2,4
4,Rich v Port,Mitch Zadow,Port,42,0.0,0.0,0.0,0,0.9,28,3,1,0,9,0,0
4,Rich v Port,Ollie Wines,Port,16,0.006,0.0,0.0,0,5.3,50,11,5,1,37,0,2
4,Rich v Port,Willem Drew,Port,7,0.036,0.2,0.0,0,7.6,59,11,5,5,117,1,3
4,Rich v Port,Zak Butters,Port,1,2.238,43.6,2.6,7,15.7,114,30,10,6,495,0,8
4,Rich v Port,Ben Miller,Richmond,19,0.003,0.0,0.0,0,10.7,115,19,3,0,343,0,3
4,Rich v Port,Campbell Gray,Richmond,26,0.002,0.0,0.0,0,0.5,73,14,5,0,203,0,2
4,Rich v Port,Dion Prestia,Richmond,12,0.013,0.0,0.0,0,3.3,79,24,6,3,389,0,5
4,Rich v Port,Jack Ross,Richmond,30,0.002,0.0,0.0,0,3.4,52,15,7,2,213,0,4
4,Rich v Port,Jacob Hopper,Richmond,14,0.011,0.0,0.0,0,9.4,82,22,11,8,207,0,8
4,Rich v Port,Jayden Short,Richmond,17,0.004,0.0,0.0,0,6.1,121,22,7,2,603,0,2
4,Rich v Port,Jonty Faull,Richmond,46,0.0,0.0,0.0,0,3.4,34,6,4,0,113,0,3
4,Rich v Port,Kane McAuliffe,Richmond,33,0.001,0.0,0.0,0,1.8,67,16,7,1,334,0,2
4,Rich v Port,Liam Fawcett,Richmond,34,0.001,0.0,0.0,0,1.4,56,8,4,0,151,2,2
4,Rich v Port,Luke Trainor,Richmond,39,0.0,0.0,0.0,0,6.5,74,14,2,0,346,0,2
4,Rich v Port,Maurice Rioli,Richmond,38,0.0,0.0,0.0,0,13.9,76,10,6,1,69,1,5
4,Rich v Port,Mykelti Lefau,Richmond,43,0.0,0.0,0.0,0,2.3,33,4,2,0,128,0,2
4,Rich v Port,Nathan Broad,Richmond,41,0.0,0.0,0.0,0,5.9,45,9,3,1,15,0,1
4,Rich v Port,Nick Vlastuin,Richmond,44,0.0,0.0,0.0,0,4.3,49,11,3,0,107,0,1
4,Rich v Port,Sam Banks,Richmond,27,0.002,0.0,0.0,0,5.3,78,20,3,1,454,1,2
4,Rich v Port,Sam Grlj,Richmond,23,0.002,0.0,0.0,0,8.4,90,19,5,2,471,0,2
4,Rich v Port,Sam Lalor,Richmond,22,0.002,0.0,0.0,0,14.7,82,12,7,1,119,2,5
4,Rich v Port,Samson Ryan,Richmond,36,0.0,0.0,0.0,0,0.5,46,9,5,2,48,0,3
4,Rich v Port,Seth Campbell,Richmond,45,0.0,0.0,0.0,0,6.9,52,10,2,0,178,0,2
4,Rich v Port,Steely Green,Richmond,35,0.0,0.0,0.0,0,5.6,83,14,7,0,245,0,8
4,Rich v Port,Tim Taranto,Richmond,15,0.007,0.0,0.0,0,13.4,110,20,9,6,139,0,3
4,Rich v Port,Tom Brown,Richmond,40,0.0,0.0,0.0,0,6.0,47,10,3,0,320,0,1
4,Rich v Port,Tyler Sonsie,Richmond,31,0.001,0.0,0.0,0,6.1,92,20,4,0,436,0,4
4,WC v Syd,Angus Sheldrick,Sydney,12,0.012,0.0,0.0,0,10.3,87,25,9,3,346,0,11
4,WC v Syd,Brodie Grundy,Sydney,2,1.672,21.2,1.9,9,23.5,184,28,18,9,312,1,13
4,WC v Syd,Callum Mills,Sydney,15,0.003,0.0,0.0,0,5.6,73,18,3,0,248,0,6
4,WC v Syd,Chad Warner,Sydney,3,1.147,10.9,1.1,3,21.0,88,24,9,8,445,2,13
4,WC v Syd,Charlie Curnow,Sydney,8,0.018,0.0,0.0,0,9.4,82,10,5,0,183,4,9
4,WC v Syd,Corey Warner,Sydney,25,0.0,0.0,0.0,0,7.4,47,12,3,0,178,0,5
4,WC v Syd,Dane Rampe,Sydney,21,0.001,0.0,0.0,0,5.9,51,12,4,0,91,0,4
4,WC v Syd,Harry Cunningham,Sydney,24,0.0,0.0,0.0,0,5.0,40,12,2,1,253,1,5
4,WC v Syd,Isaac Heeney,Sydney,1,2.593,65.0,3.0,9,20.7,156,26,10,4,518,4,12
4,WC v Syd,Jai Serong,Sydney,6,0.032,0.0,0.0,1,15.3,126,27,7,0,476,1,13
4,WC v Syd,Jake Lloyd,Sydney,9,0.013,0.0,0.0,0,16.1,100,19,5,2,321,3,11
4,WC v Syd,James Jordon,Sydney,16,0.002,0.0,0.0,1,11.0,96,17,2,0,340,1,6
4,WC v Syd,James Rowbottom,Sydney,13,0.007,0.0,0.0,0,6.9,72,20,5,0,202,0,9
4,WC v Syd,Joel Amartey,Sydney,14,0.002,0.0,0.0,0,10.8,102,10,6,0,146,2,9
4,WC v Syd,Justin McInerney,Sydney,5,0.043,0.0,0.0,0,7.0,105,24,7,3,407,1,13
4,WC v Syd,Lewis Melican,Sydney,19,0.001,0.0,0.0,0,7.2,46,8,6,0,89,0,1
4,WC v Syd,Logan McDonald,Sydney,23,0.0,0.0,0.0,0,5.3,69,10,2,0,166,0,5
4,WC v Syd,Matt Roberts,Sydney,18,0.001,0.0,0.0,0,8.3,76,17,4,3,248,0,5
4,WC v Syd,Nick Blakey,Sydney,7,0.023,0.0,0.0,2,11.9,107,20,5,3,379,1,6
4,WC v Syd,Riley Bice,Sydney,10,0.015,0.0,0.0,0,12.5,102,27,4,0,347,0,10
4,WC v Syd,Sam Wicks,Sydney,11,0.012,0.0,0.0,0,17.8,105,21,8,2,556,1,5
4,WC v Syd,Tom McCartin,Sydney,17,0.002,0.0,0.0,0,7.7,68,16,4,0,128,0,3
4,WC v Syd,Tom Papley,Sydney,4,0.399,2.8,0.0,5,3.7,115,24,7,3,575,2,14
4,WC v Syd,Archer Reid,West Coast,35,0.0,0.0,0.0,0,3.2,39,8,4,2,117,0,3
4,WC v Syd,Bo Allan,West Coast,32,0.0,0.0,0.0,0,8.9,55,14,7,2,279,0,3
4,WC v Syd,Brady Hough,West Coast,30,0.0,0.0,0.0,0,4.2,91,21,3,0,374,0,2
4,WC v Syd,Cooper Duff-Tytler,West Coast,40,0.0,0.0,0.0,0,6.0,39,9,4,1,73,0,3
4,WC v Syd,Hamish Davis,West Coast,38,0.0,0.0,0.0,0,6.8,51,13,3,2,239,0,3
4,WC v Syd,Harley Reid,West Coast,28,0.0,0.0,0.0,0,1.2,42,17,5,1,151,0,2
4,WC v Syd,Harry Schoenberg,West Coast,45,0.0,0.0,0.0,0,10.7,48,8,6,1,34,0,3
4,WC v Syd,Jack Graham,West Coast,27,0.0,0.0,0.0,0,0.1,53,19,7,2,294,0,3
4,WC v Syd,Jake Waterman,West Coast,41,0.0,0.0,0.0,0,3.2,43,7,3,0,154,1,5
4,WC v Syd,Jamie Cripps,West Coast,43,0.0,0.0,0.0,0,3.8,39,9,4,0,21,0,2
4,WC v Syd,Jobe Shanahan,West Coast,36,0.0,0.0,0.0,0,4.8,56,9,3,0,134,0,2
4,WC v Syd,Josh Lindsay,West Coast,33,0.0,0.0,0.0,0,0.9,46,17,0,0,267,0,2
4,WC v Syd,Liam Baker,West Coast,31,0.0,0.0,0.0,0,9.8,62,14,2,1,262,1,2
4,WC v Syd,Liam Duggan,West Coast,29,0.0,0.0,0.0,0,5.9,63,19,5,0,324,0,2
4,WC v Syd,Malakai Champion,West Coast,44,0.0,0.0,0.0,0,3.2,34,5,3,0,144,0,2
4,WC v Syd,Matt Flynn,West Coast,34,0.0,0.0,0.0,0,5.3,44,9,7,6,105,0,0
4,WC v Syd,Matthew Owies,West Coast,46,0.0,0.0,0.0,0,5.0,32,5,2,0,236,0,2
4,WC v Syd,Reuben Ginbey,West Coast,37,0.0,0.0,0.0,0,6.1,43,11,4,0,105,0,1
4,WC v Syd,Sandy Brock,West Coast,39,0.0,0.0,0.0,0,3.1,37,8,1,0,197,0,2
4,WC v Syd,Tim Kelly,West Coast,20,0.001,0.0,0.0,0,8.7,96,24,8,4,376,0,3
4,WC v Syd,Tom McCarthy,West Coast,26,0.0,0.0,0.0,0,7.4,80,19,5,4,463,0,4
4,WC v Syd,Tylar Young,West Coast,42,0.0,0.0,0.0,0,2.3,39,8,1,0,300,0,0
4,WC v Syd,Willem Duursma,West Coast,22,0.0,0.0,0.0,0,12.7,72,16,5,2,360,2,5
4,WB v Ess,Aaron Naughton,Western Bulldogs,13,0.012,0.0,0.0,0,7.0,71,10,3,0,213,3,6
4,WB v Ess,Arthur Jones,Western Bulldogs,8,0.042,0.0,0.0,4,11.1,82,10,3,0,217,3,10
4,WB v Ess,Bailey Dale,Western Bulldogs,14,0.008,0.0,0.0,0,12.1,102,22,2,0,312,0,6
4,WB v Ess,Bailey Williams,Western Bulldogs,9,0.033,0.0,0.0,2,10.0,101,20,6,1,320,1,7
4,WB v Ess,Buku Khamis,Western Bulldogs,20,0.003,0.0,0.0,0,4.7,66,12,4,0,157,0,3
4,WB v Ess,Connor Budarick,Western Bulldogs,11,0.018,0.0,0.0,0,6.0,72,21,4,2,379,0,6
4,WB v Ess,James O'Donnell,Western Bulldogs,27,0.002,0.0,0.0,0,5.1,76,11,4,0,112,0,1
4,WB v Ess,Joel Freijah,Western Bulldogs,6,0.11,0.4,0.0,0,13.4,104,26,8,3,411,0,8
4,WB v Ess,Jordan Croft,Western Bulldogs,33,0.001,0.0,0.0,0,0.5,41,8,5,1,88,0,3
4,WB v Ess,Josh Dolan,Western Bulldogs,21,0.003,0.0,0.0,0,7.1,71,16,3,0,214,1,10
4,WB v Ess,Lachie Jaques,Western Bulldogs,18,0.004,0.0,0.0,0,2.5,67,17,4,1,205,0,4
4,WB v Ess,Lachlan Bramble,Western Bulldogs,16,0.005,0.0,0.0,0,9.9,79,17,3,0,419,1,8
4,WB v Ess,Lachlan McNeil,Western Bulldogs,38,0.0,0.0,0.0,0,1.8,18,8,6,0,52,0,2
4,WB v Ess,Marcus Bontempelli,Western Bulldogs,1,2.545,58.5,2.9,9,16.7,153,35,10,7,354,1,8
4,WB v Ess,Matthew Kennedy,Western Bulldogs,2,2.192,36.5,2.1,9,20.2,115,36,18,11,307,1,8
4,WB v Ess,Michael Sellwood,Western Bulldogs,30,0.001,0.0,0.0,0,1.6,28,7,3,0,1,0,2
4,WB v Ess,Oskar Baker,Western Bulldogs,12,0.013,0.0,0.0,0,9.9,95,24,6,1,334,0,7
4,WB v Ess,Rhylee West,Western Bulldogs,17,0.005,0.0,0.0,0,7.6,68,19,6,2,184,0,5
4,WB v Ess,Rory Lobb,Western Bulldogs,10,0.018,0.0,0.0,0,7.3,90,15,3,0,277,0,4
4,WB v Ess,Ryley Sanders,Western Bulldogs,3,0.475,2.7,1.0,0,14.9,122,34,13,5,235,0,6
4,WB v Ess,Sam Darcy,Western Bulldogs,5,0.192,0.8,0.0,3,7.6,111,15,10,1,215,3,9
4,WB v Ess,Sam Davidson,Western Bulldogs,31,0.001,0.0,0.0,0,11.1,53,11,2,0,204,0,3
4,WB v Ess,Tim English,Western Bulldogs,19,0.004,0.0,0.0,0,8.1,79,8,3,3,165,0,4
5,Adel v Carl,Alex Neal-Bullen,Adelaide,9,0.065,0.0,0.0,1,14.8,74,16,6,0,336,2,6
5,Adel v Carl,Ben Keays,Adelaide,8,0.102,0.0,0.0,0,15.8,82,16,5,1,286,3,5
5,Adel v Carl,Brayden Cook,Adelaide,21,0.006,0.0,0.0,0,6.9,63,18,8,1,237,0,3
5,Adel v Carl,Finnbar Maley,Adelaide,26,0.002,0.0,0.0,0,6.0,52,7,6,0,98,1,4
5,Adel v Carl,Isaac Cumming,Adelaide,13,0.025,0.0,0.0,0,10.3,76,21,13,1,311,1,3
5,Adel v Carl,Izak Rankine,Adelaide,7,0.157,0.0,0.0,0,17.5,103,22,9,2,370,2,7
5,Adel v Carl,Jake Soligo,Adelaide,29,0.002,0.0,0.0,0,11.6,62,12,5,0,152,1,5
5,Adel v Carl,James Borlase,Adelaide,32,0.001,0.0,0.0,0,8.8,61,7,3,0,133,0,1
5,Adel v Carl,James Peatling,Adelaide,10,0.055,0.0,0.0,0,11.2,73,20,11,6,323,0,7
5,Adel v Carl,Jordan Dawson,Adelaide,3,0.642,1.1,1.1,0,16.0,80,26,10,6,525,1,7
5,Adel v Carl,Josh Rachele,Adelaide,1,2.945,94.6,3.0,10,25.7,127,26,13,6,567,4,7
5,Adel v Carl,Josh Worrell,Adelaide,11,0.038,0.0,0.0,1,6.8,68,21,8,1,480,0,4
5,Adel v Carl,Lachlan McAndrew,Adelaide,16,0.017,0.0,0.0,0,11.9,83,10,6,5,238,0,5
5,Adel v Carl,Luke Nankervis,Adelaide,18,0.011,0.0,0.0,0,5.7,60,20,4,2,207,0,4
5,Adel v Carl,Max Michalanney,Adelaide,22,0.008,0.0,0.0,0,1.4,49,16,7,2,250,0,2
5,Adel v Carl,Mitchell Hinge,Adelaide,33,0.001,0.0,0.0,0,8.3,44,10,4,1,231,0,4
5,Adel v Carl,Nick Murray,Adelaide,30,0.002,0.0,0.0,0,10.1,61,8,3,0,183,0,3
5,Adel v Carl,Riley Thilthorpe,Adelaide,17,0.013,0.0,0.0,0,2.4,81,14,6,0,297,1,9
5,Adel v Carl,Rory Laird,Adelaide,12,0.04,0.0,0.0,0,7.8,67,24,6,0,364,0,5
5,Adel v Carl,Sam Berry,Adelaide,2,1.225,4.3,1.9,7,20.0,121,29,18,4,271,0,6
5,Adel v Carl,Taylor Walker,Adelaide,20,0.011,0.0,0.0,0,11.2,93,14,9,0,410,1,9
5,Adel v Carl,Wayne Milera,Adelaide,5,0.185,0.0,0.0,4,13.7,110,25,7,1,645,0,4
5,Adel v Carl,Zac Taylor,Adelaide,34,0.001,0.0,0.0,0,7.6,54,11,6,1,195,0,2
5,NM v Bris,Bruce Reville,Brisbane,28,0.005,0.0,0.0,0,8.4,51,12,4,1,278,0,3
5,NM v Bris,Cam Rayner,Brisbane,10,0.056,0.1,0.0,0,14.2,78,17,13,3,362,1,4
5,NM v Bris,Charlie Cameron,Brisbane,31,0.002,0.0,0.0,0,5.2,40,9,3,1,147,1,4
5,NM v Bris,Darcy Fort,Brisbane,37,0.001,0.0,0.0,0,3.0,38,4,3,2,112,0,1
5,NM v Bris,Darcy Wilmot,Brisbane,21,0.005,0.0,0.0,0,8.7,69,14,6,1,218,0,4
5,NM v Bris,Dayne Zorko,Brisbane,29,0.002,0.0,0.0,0,1.7,36,8,2,0,250,0,2
5,NM v Bris,Harris Andrews,Brisbane,16,0.012,0.0,0.0,0,13.3,79,15,6,0,231,0,3
5,NM v Bris,Hugh McCluggage,Brisbane,11,0.048,0.0,0.0,0,9.8,89,20,6,1,344,0,5
5,NM v Bris,Jarrod Berry,Brisbane,9,0.093,0.3,0.0,4,9.4,71,18,10,3,285,0,1
5,NM v Bris,Jaspa Fletcher,Brisbane,27,0.004,0.0,0.0,0,6.5,69,12,4,0,272,0,1
5,NM v Bris,Josh Dunkley,Brisbane,13,0.015,0.0,0.0,0,7.9,68,13,8,1,161,0,2
5,NM v Bris,Kai Lohmann,Brisbane,22,0.006,0.0,0.0,0,1.1,51,11,5,1,154,1,6
5,NM v Bris,Keidean Coleman,Brisbane,18,0.01,0.0,0.0,0,12.5,68,13,1,0,268,1,4
5,NM v Bris,Lachie Neale,Brisbane,1,2.701,73.6,3.0,10,19.4,132,30,20,10,438,0,3
5,NM v Bris,Levi Ashcroft,Brisbane,19,0.008,0.0,0.0,0,7.8,87,16,7,2,204,0,2
5,NM v Bris,Lincoln McCarthy,Brisbane,14,0.015,0.0,0.0,0,8.8,69,12,2,1,171,2,3
5,NM v Bris,Logan Morris,Brisbane,35,0.001,0.0,0.0,0,-3.1,30,7,2,0,194,0,5
5,NM v Bris,Oscar Allen,Brisbane,12,0.039,0.0,0.0,0,9.1,76,8,3,2,162,3,5
5,NM v Bris,Ryan Lester,Brisbane,24,0.005,0.0,0.0,0,10.1,64,12,1,1,235,0,1
5,NM v Bris,Sam Draper,Brisbane,5,0.274,1.5,0.0,1,18.1,117,12,10,5,244,2,3
5,NM v Bris,Ty Gallop,Brisbane,33,0.001,0.0,0.0,0,3.9,45,6,3,0,170,0,0
5,NM v Bris,Will Ashcroft,Brisbane,8,0.093,0.3,0.0,0,0.4,51,19,6,5,340,0,3
5,NM v Bris,Zac Bailey,Brisbane,3,0.423,3.0,0.6,4,21.1,130,21,6,1,559,2,5
5,Adel v Carl,Adam Cerra,Carlton,14,0.018,0.0,0.0,0,9.8,96,23,14,7,186,1,5
5,Adel v Carl,Ben Ainsworth,Carlton,36,0.0,0.0,0.0,0,11.7,68,13,4,1,187,2,5
5,Adel v Carl,Brodie Kemp,Carlton,45,0.0,0.0,0.0,0,9.3,52,9,2,0,195,0,3
5,Adel v Carl,Elijah Hollands,Carlton,31,0.002,0.0,0.0,0,8.6,78,16,7,1,276,1,2
5,Adel v Carl,Francis Evans,Carlton,39,0.0,0.0,0.0,0,10.2,63,15,8,1,262,1,3
5,Adel v Carl,Harry McKay,Carlton,40,0.0,0.0,0.0,0,2.0,43,7,7,0,142,1,1
5,Adel v Carl,Hudson O'Keeffe,Carlton,44,0.0,0.0,0.0,0,7.4,45,7,6,1,164,0,4
5,Adel v Carl,Jagga Smith,Carlton,27,0.002,0.0,0.0,0,7.5,53,19,10,5,226,0,4
5,Adel v Carl,Jordan Boyd,Carlton,42,0.0,0.0,0.0,0,8.5,50,13,3,0,276,0,0
5,Adel v Carl,Lachlan Cowan,Carlton,38,0.001,0.0,0.0,0,4.1,48,18,4,1,424,0,1
5,Adel v Carl,Lewis Young,Carlton,43,0.0,0.0,0.0,0,11.4,63,10,4,0,84,0,1
5,Adel v Carl,Marc Pittonet,Carlton,15,0.017,0.0,0.0,2,12.1,90,16,11,10,166,0,3
5,Adel v Carl,Matthew Carroll,Carlton,37,0.0,0.0,0.0,0,9.2,69,13,7,0,327,1,4
5,Adel v Carl,Mitch McGovern,Carlton,35,0.001,0.0,0.0,0,9.9,62,10,4,0,185,2,3
5,Adel v Carl,Nic Newman,Carlton,24,0.003,0.0,0.0,0,7.9,90,19,4,2,546,0,1
5,Adel v Carl,Nick Haynes,Carlton,23,0.005,0.0,0.0,0,11.6,68,18,4,1,478,0,3
5,Adel v Carl,Oliver Florent,Carlton,19,0.01,0.0,0.0,0,17.9,96,25,10,2,580,1,3
5,Adel v Carl,Oliver Hollands,Carlton,28,0.002,0.0,0.0,0,0.0,65,15,6,2,375,1,3
5,Adel v Carl,Patrick Cripps,Carlton,6,0.19,0.0,0.0,0,7.8,92,29,16,7,361,0,10
5,Adel v Carl,Sam Walsh,Carlton,4,0.193,0.0,0.0,5,19.9,118,29,14,0,369,0,11
5,Adel v Carl,Talor Byrne,Carlton,46,0.0,0.0,0.0,0,6.7,36,9,5,0,136,0,0
5,Adel v Carl,Wade Derksen,Carlton,41,0.0,0.0,0.0,0,2.3,40,10,2,0,214,0,1
5,Adel v Carl,Zac Williams,Carlton,25,0.003,0.0,0.0,0,13.9,73,15,10,4,220,1,6
5,Coll v Frem,Angus Anderson,Collingwood,12,0.044,0.5,0.0,0,10.2,79,16,6,2,482,1,3
5,Coll v Frem,Beau McCreery,Collingwood,39,0.0,0.0,0.0,0,10.1,63,13,1,0,298,0,3
5,Coll v Frem,Billy Frampton,Collingwood,21,0.009,0.0,0.0,1,11.7,86,15,5,0,209,0,1
5,Coll v Frem,Brayden Maynard,Collingwood,18,0.017,0.1,0.0,1,12.1,109,17,4,0,544,0,4
5,Coll v Frem,Dan Houston,Collingwood,41,0.0,0.0,0.0,0,3.2,55,14,3,0,119,0,2
5,Coll v Frem,Daniel McStay,Collingwood,37,0.001,0.0,0.0,0,8.2,61,8,4,0,112,1,3
5,Coll v Frem,Darcy Cameron,Collingwood,11,0.058,0.7,0.0,0,10.9,107,18,14,4,156,0,0
5,Coll v Frem,Harry Perryman,Collingwood,33,0.001,0.0,0.0,0,12.4,95,16,7,1,284,0,3
5,Coll v Frem,Isaac Quaynor,Collingwood,23,0.008,0.0,0.0,0,10.6,111,21,6,1,339,0,4
5,Coll v Frem,Jack Crisp,Collingwood,5,0.352,5.8,0.0,2,17.4,101,23,12,0,374,1,6
5,Coll v Frem,Jamie Elliott,Collingwood,35,0.001,0.0,0.0,0,4.8,46,15,4,1,155,0,4
5,Coll v Frem,Jeremy Howe,Collingwood,30,0.002,0.0,0.0,0,10.3,84,14,4,0,199,0,1
5,Coll v Frem,Jordan De Goey,Collingwood,45,0.0,0.0,0.0,0,4.4,16,6,3,0,60,0,1
5,Coll v Frem,Josh Daicos,Collingwood,19,0.015,0.1,0.0,0,11.0,95,23,11,2,368,0,3
5,Coll v Frem,Lachie Schultz,Collingwood,20,0.017,0.2,0.0,0,-1.0,86,18,8,0,299,0,4
5,Coll v Frem,Ned Long,Collingwood,32,0.003,0.0,0.0,0,5.5,48,13,4,2,190,1,2
5,Coll v Frem,Nick Daicos,Collingwood,1,1.886,35.7,2.8,6,16.7,94,31,10,5,638,0,5
5,Coll v Frem,Oscar Steene,Collingwood,46,0.0,0.0,0.0,0,3.4,28,4,3,0,-6,0,1
5,Coll v Frem,Patrick Lipinski,Collingwood,36,0.001,0.0,0.0,0,7.6,65,17,5,3,161,0,4
5,Coll v Frem,Roan Steele,Collingwood,38,0.001,0.0,0.0,0,7.5,56,13,7,1,197,0,1
5,Coll v Frem,Scott Pendlebury,Collingwood,10,0.069,0.9,0.0,0,16.6,104,22,10,4,254,0,5
5,Coll v Frem,Steele Sidebottom,Collingwood,28,0.005,0.0,0.0,0,6.1,43,14,5,4,163,0,1
5,Coll v Frem,Tim Membrey,Collingwood,34,0.002,0.0,0.0,0,5.9,60,13,2,0,217,1,5
5,Ess v Melb,Andrew McGrath,Essendon,15,0.013,0.0,0.0,0,9.9,53,13,5,3,231,0,2
5,Ess v Melb,Archer Day-Wicks,Essendon,20,0.004,0.0,0.0,0,12.5,59,15,5,0,284,1,5
5,Ess v Melb,Archer May,Essendon,25,0.001,0.0,0.0,0,4.2,36,4,2,0,96,2,3
5,Ess v Melb,Archie Roberts,Essendon,1,2.737,75.9,3.0,10,12.7,145,42,10,2,658,1,2
5,Ess v Melb,Ben McKay,Essendon,12,0.021,0.0,0.0,0,10.0,87,23,7,0,295,0,3
5,Ess v Melb,Darcy Parish,Essendon,2,1.61,17.1,1.9,7,16.1,137,34,11,7,408,0,13
5,Ess v Melb,Elijah Tsatas,Essendon,5,0.13,0.3,0.0,0,6.0,82,29,8,1,323,1,3
5,Ess v Melb,Isaac Kako,Essendon,6,0.126,0.3,0.0,5,17.0,113,19,8,0,183,2,6
5,Ess v Melb,Jacob Farrow,Essendon,13,0.019,0.0,0.0,0,6.2,102,22,3,1,348,0,5
5,Ess v Melb,Jade Gresham,Essendon,22,0.002,0.0,0.0,0,7.5,59,13,5,1,114,1,6
5,Ess v Melb,Jaxon Prior,Essendon,19,0.002,0.0,0.0,0,7.0,81,17,3,0,295,0,4
5,Ess v Melb,Jordan Ridley,Essendon,14,0.016,0.0,0.0,0,13.3,101,26,6,1,279,0,4
5,Ess v Melb,Jye Caldwell,Essendon,16,0.011,0.0,0.0,0,10.8,60,16,8,6,350,0,5
5,Ess v Melb,Kyle Langford,Essendon,10,0.032,0.0,0.0,0,15.3,91,27,10,2,393,0,4
5,Ess v Melb,Lachlan Blakiston,Essendon,30,0.0,0.0,0.0,0,4.8,47,8,4,1,59,0,0
5,Ess v Melb,Nate Caddy,Essendon,21,0.002,0.0,0.0,0,7.0,58,12,4,0,265,2,7
5,Ess v Melb,Peter Wright,Essendon,4,0.197,0.6,0.0,3,18.4,120,18,14,8,296,1,6
5,Ess v Melb,Sam Durham,Essendon,18,0.006,0.0,0.0,0,10.5,78,16,5,0,413,1,5
5,Ess v Melb,Sullivan Robey,Essendon,34,0.0,0.0,0.0,0,1.9,28,9,2,0,133,0,2
5,Ess v Melb,Thomas Edwards,Essendon,23,0.002,0.0,0.0,0,5.0,52,8,1,0,157,2,4
5,Ess v Melb,Xavier Duursma,Essendon,11,0.028,0.0,0.0,0,18.8,107,21,10,1,388,2,7
5,Ess v Melb,Zach Merrett,Essendon,3,0.823,5.4,1.1,4,17.2,127,31,9,5,455,1,9
5,Ess v Melb,Zach Reid,Essendon,17,0.005,0.0,0.0,0,2.9,62,18,2,1,102,0,2
5,Coll v Frem,Alex Pearce,Frem,7,0.217,3.2,0.0,5,18.0,99,14,11,0,212,0,0
5,Coll v Frem,Andrew Brayshaw,Frem,6,0.239,3.7,0.0,0,8.9,73,19,9,5,377,0,4
5,Coll v Frem,Brennan Cox,Frem,31,0.004,0.0,0.0,0,8.5,70,13,4,1,100,0,3
5,Coll v Frem,Caleb Serong,Frem,4,0.379,6.1,0.0,0,13.0,73,24,11,8,260,0,1
5,Coll v Frem,Christopher Scerri,Frem,44,0.0,0.0,0.0,0,2.6,25,7,3,0,11,0,5
5,Coll v Frem,Corey Wagner,Frem,24,0.008,0.0,0.0,0,16.2,81,16,7,3,305,0,3
5,Coll v Frem,Heath Chapman,Frem,29,0.003,0.0,0.0,0,8.5,63,17,3,0,446,0,3
5,Coll v Frem,Isaiah Dudley,Frem,22,0.009,0.0,0.0,0,6.9,50,8,3,1,103,2,4
5,Coll v Frem,Jaeger O'Meara,Frem,14,0.032,0.3,0.0,0,8.5,74,21,5,1,452,0,4
5,Coll v Frem,Jordan Clark,Frem,8,0.117,1.7,0.0,0,12.1,106,27,11,3,459,0,2
5,Coll v Frem,Josh Treacy,Frem,27,0.005,0.0,0.0,0,8.9,66,14,7,0,178,0,2
5,Coll v Frem,Judd McVee,Frem,40,0.001,0.0,0.0,0,7.3,49,10,6,0,255,0,0
5,Coll v Frem,Jye Amiss,Frem,13,0.039,0.5,0.0,0,8.7,75,12,5,0,166,2,3
5,Coll v Frem,Karl Worner,Frem,16,0.028,0.3,0.0,0,14.2,97,19,7,0,347,0,1
5,Coll v Frem,Luke Jackson,Frem,2,1.325,22.8,1.9,9,16.2,125,17,9,5,146,0,2
5,Coll v Frem,Luke Ryan,Frem,3,0.916,15.1,1.3,6,15.6,126,25,6,1,501,0,1
5,Coll v Frem,Matthew Johnson,Frem,26,0.005,0.0,0.0,0,11.1,60,10,3,1,270,1,4
5,Coll v Frem,Murphy Reid,Frem,15,0.031,0.3,0.0,0,6.4,84,22,9,0,244,0,3
5,Coll v Frem,Neil Erasmus,Frem,25,0.007,0.0,0.0,0,4.9,48,18,3,0,234,0,1
5,Coll v Frem,Patrick Voss,Frem,43,0.0,0.0,0.0,0,-3.4,16,6,1,0,121,0,2
5,Coll v Frem,Sam Switkowski,Frem,17,0.023,0.2,0.0,0,9.3,62,17,10,1,236,1,4
5,Coll v Frem,Sean Darcy,Frem,42,0.0,0.0,0.0,0,3.7,21,5,5,1,-26,0,1
5,Coll v Frem,Shai Bolton,Frem,9,0.12,1.7,0.0,0,5.8,69,17,9,3,398,1,2
5,Geel v WC,Bailey Smith,Geelong,1,2.687,72.6,3.0,9,18.8,151,34,11,7,868,1,13
5,Geel v WC,Brad Close,Geelong,18,0.002,0.0,0.0,0,11.5,70,10,3,0,205,2,7
5,Geel v WC,Connor O'Sullivan,Geelong,10,0.01,0.0,0.0,0,5.3,84,19,5,0,310,0,4
5,Geel v WC,Gryan Miers,Geelong,13,0.005,0.0,0.0,0,10.9,73,19,6,1,286,0,6
5,Geel v WC,Jack Bowes,Geelong,11,0.006,0.0,0.0,0,14.1,90,19,6,2,329,1,10
5,Geel v WC,Jake Kolodjashnij,Geelong,15,0.003,0.0,0.0,0,1.7,29,12,3,0,248,0,3
5,Geel v WC,James Worpel,Geelong,5,0.118,0.3,0.0,1,15.4,102,20,14,11,254,1,9
5,Geel v WC,Jeremy Cameron,Geelong,7,0.026,0.0,0.0,0,10.6,87,13,7,0,237,3,5
5,Geel v WC,Lawson Humphries,Geelong,16,0.003,0.0,0.0,0,5.4,56,18,3,0,476,0,8
5,Geel v WC,Mark O'Connor,Geelong,6,0.039,0.0,0.0,2,17.9,107,14,4,1,301,3,5
5,Geel v WC,Max Holmes,Geelong,2,1.293,12.6,1.6,9,18.3,138,34,8,3,670,0,7
5,Geel v WC,Mitchell Edwards,Geelong,26,0.001,0.0,0.0,0,5.4,74,8,8,3,28,0,6
5,Geel v WC,Oisin Mullin,Geelong,33,0.0,0.0,0.0,0,4.5,50,12,2,0,129,0,3
5,Geel v WC,Oliver Dempsey,Geelong,21,0.002,0.0,0.0,0,4.3,66,16,5,0,205,0,5
5,Geel v WC,Oliver Henry,Geelong,19,0.002,0.0,0.0,0,7.4,71,10,7,0,202,2,7
5,Geel v WC,Oliver Wiltshire,Geelong,31,0.0,0.0,0.0,0,3.1,45,8,4,1,169,1,3
5,Geel v WC,Sam De Koning,Geelong,9,0.012,0.0,0.0,0,12.6,76,12,5,1,166,1,5
5,Geel v WC,Shannon Neale,Geelong,17,0.002,0.0,0.0,0,6.5,78,8,5,0,158,2,7
5,Geel v WC,Shaun Mannagh,Geelong,37,0.0,0.0,0.0,0,0.4,24,8,1,1,177,0,2
5,Geel v WC,Tanner Bruhn,Geelong,3,1.05,9.0,1.1,6,8.4,115,28,10,5,510,0,11
5,Geel v WC,Tom Atkins,Geelong,4,0.707,5.4,0.3,3,17.1,133,30,19,6,391,0,9
5,Geel v WC,Tom Stewart,Geelong,14,0.004,0.0,0.0,0,7.2,47,14,4,0,366,0,4
5,Geel v WC,Zach Guthrie,Geelong,25,0.001,0.0,0.0,0,9.4,77,13,4,0,117,0,3
5,Syd v GC,Alex Davies,Gold Coast,36,0.0,0.0,0.0,0,9.7,59,11,8,1,113,1,5
5,Syd v GC,Ben King,Gold Coast,38,0.0,0.0,0.0,0,2.8,34,5,2,0,86,2,3
5,Syd v GC,Ben Long,Gold Coast,18,0.007,0.0,0.0,0,14.0,80,14,4,1,318,3,7
5,Syd v GC,Bodhi Uwland,Gold Coast,11,0.02,0.0,0.0,0,13.2,107,26,8,2,497,0,3
5,Syd v GC,Charlie Ballard,Gold Coast,40,0.0,0.0,0.0,0,6.7,48,8,3,0,189,0,2
5,Syd v GC,Daniel Rioli,Gold Coast,44,0.0,0.0,0.0,0,5.6,36,10,1,0,277,0,3
5,Syd v GC,Ethan Read,Gold Coast,46,0.0,0.0,0.0,0,1.0,15,6,3,0,81,0,1
5,Syd v GC,Jarrod Witts,Gold Coast,27,0.002,0.0,0.0,0,9.9,82,13,9,6,214,0,5
5,Syd v GC,Jed Walter,Gold Coast,35,0.0,0.0,0.0,0,3.5,50,7,6,0,197,2,5
5,Syd v GC,Joel Jeffrey,Gold Coast,41,0.0,0.0,0.0,0,9.7,60,11,4,1,292,0,2
5,Syd v GC,John Noble,Gold Coast,22,0.002,0.0,0.0,0,12.5,91,24,3,0,575,0,3
5,Syd v GC,Lachie Weller,Gold Coast,33,0.0,0.0,0.0,0,9.1,60,15,5,1,258,0,1
5,Syd v GC,Lachlan Gulbin,Gold Coast,45,0.0,0.0,0.0,0,7.0,39,6,7,0,109,0,1
5,Syd v GC,Leonardo Lombard,Gold Coast,42,0.0,0.0,0.0,0,3.6,49,12,6,2,121,0,4
5,Syd v GC,Mac Andrew,Gold Coast,21,0.005,0.0,0.0,0,10.4,71,17,2,2,356,0,3
5,Syd v GC,Matt Rowell,Gold Coast,4,0.383,0.4,0.2,0,15.0,106,32,17,8,549,0,2
5,Syd v GC,Noah Anderson,Gold Coast,17,0.008,0.0,0.0,0,9.2,72,20,10,5,286,0,2
5,Syd v GC,Sam Clohesy,Gold Coast,43,0.0,0.0,0.0,0,4.3,44,13,3,0,253,0,1
5,Syd v GC,Sam Collins,Gold Coast,34,0.0,0.0,0.0,0,7.6,49,12,4,0,155,0,1
5,Syd v GC,Touk Miller,Gold Coast,13,0.009,0.0,0.0,0,6.7,72,26,12,6,383,0,3
5,Syd v GC,Wil Powell,Gold Coast,32,0.0,0.0,0.0,0,9.9,77,14,4,1,492,0,2
5,Syd v GC,Will Graham,Gold Coast,23,0.002,0.0,0.0,0,9.7,78,17,11,2,312,1,4
5,Syd v GC,Zeke Uwland,Gold Coast,39,0.0,0.0,0.0,0,3.7,35,14,3,1,385,0,4
5,GWS v Rich,Aaron Cadman,Greater Western Sydney,5,0.241,1.7,0.0,2,19.3,119,11,9,0,163,4,6
5,GWS v Rich,Brent Daniels,Greater Western Sydney,11,0.018,0.0,0.0,0,15.7,81,14,7,1,287,3,7
5,GWS v Rich,Clayton Oliver,Greater Western Sydney,3,0.889,9.8,1.1,6,16.0,108,31,15,8,319,0,10
5,GWS v Rich,Connor Idun,Greater Western Sydney,12,0.011,0.0,0.0,0,10.0,77,17,6,0,186,0,2
5,GWS v Rich,Finn Callaghan,Greater Western Sydney,1,2.611,67.6,3.0,10,17.6,135,37,17,6,483,0,8
5,GWS v Rich,Harry Himmelberg,Greater Western Sydney,24,0.004,0.0,0.0,0,9.3,55,13,3,0,301,0,4
5,GWS v Rich,Harvey Thomas,Greater Western Sydney,14,0.01,0.0,0.0,0,14.9,85,20,9,0,367,0,7
5,GWS v Rich,Jack Buckley,Greater Western Sydney,15,0.008,0.0,0.0,0,9.4,62,13,4,0,342,0,4
5,GWS v Rich,Jake Riccardi,Greater Western Sydney,18,0.008,0.0,0.0,0,13.5,61,11,5,1,123,2,7
5,GWS v Rich,Jake Stringer,Greater Western Sydney,6,0.176,0.9,0.0,3,13.1,91,21,9,5,507,1,9
5,GWS v Rich,Jayden Laverde,Greater Western Sydney,8,0.051,0.1,0.0,1,16.3,89,20,5,0,127,0,4
5,GWS v Rich,Jesse Hogan,Greater Western Sydney,23,0.004,0.0,0.0,0,9.7,80,9,4,0,302,2,8
5,GWS v Rich,Joe Fonti,Greater Western Sydney,21,0.004,0.0,0.0,0,6.2,57,14,2,0,305,0,1
5,GWS v Rich,Lachie Ash,Greater Western Sydney,2,1.131,13.4,1.6,4,17.1,106,35,8,4,932,0,6
5,GWS v Rich,Lachie Whitfield,Greater Western Sydney,7,0.137,0.7,0.0,1,9.9,102,31,6,1,407,0,4
5,GWS v Rich,Nicholas Madden,Greater Western Sydney,10,0.02,0.0,0.0,0,8.7,104,16,11,5,113,0,6
5,GWS v Rich,Oliver Hannaford,Greater Western Sydney,20,0.007,0.0,0.0,0,5.3,63,13,7,0,199,2,7
5,GWS v Rich,Phoenix Gothard,Greater Western Sydney,17,0.008,0.0,0.0,0,10.1,92,18,3,0,241,1,9
5,GWS v Rich,Ryan Angwin,Greater Western Sydney,22,0.004,0.0,0.0,0,11.8,58,14,4,0,202,2,3
5,GWS v Rich,Stephen Coniglio,Greater Western Sydney,34,0.0,0.0,0.0,0,3.0,27,7,1,1,104,0,1
5,GWS v Rich,Toby Bedford,Greater Western Sydney,19,0.005,0.0,0.0,0,8.4,85,13,4,0,161,2,6
5,GWS v Rich,Toby Greene,Greater Western Sydney,4,0.588,5.6,0.3,3,10.7,94,29,9,2,493,1,7
5,GWS v Rich,Xavier O'Halloran,Greater Western Sydney,16,0.008,0.0,0.0,0,11.1,69,18,4,1,400,0,5
5,Haw v WB,Blake Hardwick,Hawthorn,5,0.215,0.7,0.0,2,12.9,125,25,6,0,274,0,3
5,Haw v WB,Cam Mackenzie,Hawthorn,17,0.028,0.0,0.0,0,1.0,58,17,6,3,152,0,3
5,Haw v WB,Connor Macdonald,Hawthorn,7,0.142,0.4,0.0,0,12.5,94,23,8,6,460,1,6
5,Haw v WB,Conor Nash,Hawthorn,11,0.069,0.0,0.0,0,7.0,64,18,10,5,174,0,1
5,Haw v WB,Dylan Moore,Hawthorn,8,0.084,0.1,0.0,0,12.0,91,23,6,0,262,2,8
5,Haw v WB,Flynn Perez,Hawthorn,30,0.001,0.0,0.0,0,8.8,57,13,3,0,125,0,4
5,Haw v WB,Jack Ginnivan,Hawthorn,2,0.943,7.8,1.8,7,14.0,125,28,11,4,464,1,10
5,Haw v WB,Jack Gunston,Hawthorn,21,0.025,0.0,0.0,0,7.9,60,8,3,0,174,3,6
5,Haw v WB,Jai Newcombe,Hawthorn,1,2.841,85.3,3.0,10,21.3,112,28,19,14,388,1,3
5,Haw v WB,James Sicily,Hawthorn,6,0.22,0.7,0.0,0,9.0,106,24,4,0,493,0,3
5,Haw v WB,Jarman Impey,Hawthorn,13,0.059,0.0,0.0,0,2.6,64,26,2,0,396,0,0
5,Haw v WB,Josh Battle,Hawthorn,3,0.525,3.1,0.9,6,10.5,92,23,7,0,329,0,4
5,Haw v WB,Josh Ward,Hawthorn,19,0.026,0.0,0.0,0,5.9,47,14,6,1,185,0,1
5,Haw v WB,Josh Weddle,Hawthorn,20,0.023,0.0,0.0,0,11.2,71,15,8,1,225,1,7
5,Haw v WB,Karl Amon,Hawthorn,9,0.081,0.1,0.0,0,4.0,73,24,3,0,538,0,1
5,Haw v WB,Lloyd Meek,Hawthorn,14,0.05,0.0,0.0,0,14.5,111,16,11,4,19,1,2
5,Haw v WB,Mabior Chol,Hawthorn,38,0.0,0.0,0.0,0,1.3,12,1,1,0,32,0,1
5,Haw v WB,Massimo D'Ambrosio,Hawthorn,15,0.038,0.0,0.0,0,10.9,88,21,1,2,653,0,2
5,Haw v WB,Mitch Lewis,Hawthorn,4,0.366,1.8,0.3,1,16.4,113,18,9,0,321,3,7
5,Haw v WB,Ned Reeves,Hawthorn,25,0.007,0.0,0.0,0,10.4,74,4,3,1,13,1,3
5,Haw v WB,Nick Watson,Hawthorn,23,0.01,0.0,0.0,0,13.1,81,12,5,2,275,1,5
5,Haw v WB,Sam Butler,Hawthorn,34,0.0,0.0,0.0,0,1.9,42,9,4,0,98,0,0
5,Haw v WB,Tom Barrass,Hawthorn,10,0.07,0.0,0.0,3,8.0,76,12,6,0,113,0,1
5,Ess v Melb,Bayley Fritsch,Melbourne,36,0.0,0.0,0.0,0,10.4,59,13,4,1,192,1,4
5,Ess v Melb,Blake Howes,Melbourne,33,0.0,0.0,0.0,0,5.5,64,14,2,1,154,0,1
5,Ess v Melb,Brody Mihocek,Melbourne,45,0.0,0.0,0.0,0,7.9,34,6,3,1,142,1,2
5,Ess v Melb,Caleb Windsor,Melbourne,42,0.0,0.0,0.0,0,1.7,30,7,2,1,192,0,0
5,Ess v Melb,Christian Salem,Melbourne,39,0.0,0.0,0.0,0,6.4,55,12,3,0,289,0,2
5,Ess v Melb,Daniel Turner,Melbourne,27,0.001,0.0,0.0,0,10.8,93,17,9,0,369,0,2
5,Ess v Melb,Ed Langdon,Melbourne,43,0.0,0.0,0.0,0,10.0,64,13,3,0,194,0,3
5,Ess v Melb,Harrison Petty,Melbourne,38,0.0,0.0,0.0,0,0.4,36,7,4,1,95,0,2
5,Ess v Melb,Harry Sharp,Melbourne,35,0.0,0.0,0.0,0,16.4,83,14,6,0,307,1,5
5,Ess v Melb,Harvey Langford,Melbourne,28,0.001,0.0,0.0,0,11.4,63,17,5,1,396,1,4
5,Ess v Melb,Jack Steele,Melbourne,9,0.034,0.0,0.0,0,10.5,100,28,12,6,405,0,6
5,Ess v Melb,Jacob van Rooyen,Melbourne,41,0.0,0.0,0.0,0,-2.7,32,9,3,0,70,0,5
5,Ess v Melb,Jai Culley,Melbourne,40,0.0,0.0,0.0,0,1.5,33,10,5,1,132,0,4
5,Ess v Melb,Jake Lever,Melbourne,29,0.0,0.0,0.0,0,1.8,66,18,1,0,392,0,0
5,Ess v Melb,Jake Melksham,Melbourne,46,0.0,0.0,0.0,0,-0.4,9,5,0,0,42,0,2
5,Ess v Melb,Kade Chandler,Melbourne,32,0.0,0.0,0.0,0,9.2,65,14,6,2,231,1,5
5,Ess v Melb,Koltyn Tholstrup,Melbourne,26,0.001,0.0,0.0,0,6.0,58,22,5,0,355,0,3
5,Ess v Melb,Kysaiah Pickett,Melbourne,7,0.099,0.2,0.0,0,13.4,94,28,7,2,633,2,6
5,Ess v Melb,Latrelle Pickett,Melbourne,44,0.0,0.0,0.0,0,6.8,31,7,3,1,138,1,3
5,Ess v Melb,Max Gawn,Melbourne,8,0.073,0.1,0.0,1,21.3,131,22,19,11,478,1,4
5,Ess v Melb,Tom McDonald,Melbourne,31,0.001,0.0,0.0,0,5.8,60,15,2,0,333,0,1
5,Ess v Melb,Tom Sparrow,Melbourne,24,0.002,0.0,0.0,0,11.3,78,18,7,3,135,1,2
5,Ess v Melb,Xavier Lindsay,Melbourne,37,0.0,0.0,0.0,0,7.9,78,16,4,0,362,0,3
5,NM v Bris,Aidan Corr,North Melbourne,43,0.0,0.0,0.0,0,6.4,45,11,3,0,211,0,0
5,NM v Bris,Caleb Daniel,North Melbourne,30,0.001,0.0,0.0,0,2.6,66,18,6,1,267,0,1
5,NM v Bris,Callum Coleman-Jones,North Melbourne,42,0.0,0.0,0.0,0,2.7,45,7,3,1,73,0,4
5,NM v Bris,Cameron Zurhaar,North Melbourne,41,0.0,0.0,0.0,0,8.8,56,11,8,1,42,0,3
5,NM v Bris,Charlie Comben,North Melbourne,40,0.0,0.0,0.0,0,6.5,57,9,2,0,241,0,1
5,NM v Bris,Charlie Spargo,North Melbourne,45,0.0,0.0,0.0,0,0.0,24,7,1,1,145,0,3
5,NM v Bris,Colby McKercher,North Melbourne,23,0.007,0.0,0.0,0,5.3,72,22,2,0,544,0,1
5,NM v Bris,Cooper Trembath,North Melbourne,15,0.013,0.0,0.0,0,17.5,95,12,8,2,126,2,5
5,NM v Bris,Dylan Stephens,North Melbourne,39,0.0,0.0,0.0,0,0.1,49,13,2,1,332,0,2
5,NM v Bris,George Wardlaw,North Melbourne,17,0.011,0.0,0.0,0,11.3,80,17,11,3,267,0,5
5,NM v Bris,Griffin Logue,North Melbourne,20,0.008,0.0,0.0,0,12.6,87,18,9,1,130,0,2
5,NM v Bris,Harry Sheezel,North Melbourne,6,0.194,0.9,0.0,0,13.2,127,30,13,6,236,0,7
5,NM v Bris,Jack Darling,North Melbourne,34,0.001,0.0,0.0,0,12.1,73,12,7,1,208,1,4
5,NM v Bris,Jy Simpkin,North Melbourne,4,0.378,2.5,0.4,4,9.2,125,27,11,5,572,0,5
5,NM v Bris,Luke Davies-Uniacke,North Melbourne,2,1.445,17.4,2.0,6,18.0,125,27,10,7,503,1,6
5,NM v Bris,Luke McDonald,North Melbourne,32,0.002,0.0,0.0,0,8.9,89,15,7,0,213,0,2
5,NM v Bris,Luke Parker,North Melbourne,7,0.107,0.4,0.0,1,16.4,129,25,9,2,341,0,5
5,NM v Bris,Nick Larkey,North Melbourne,36,0.001,0.0,0.0,0,3.1,73,10,5,0,161,1,6
5,NM v Bris,Paul Curtis,North Melbourne,26,0.007,0.0,0.0,0,7.6,101,18,8,0,355,1,9
5,NM v Bris,Tom Blamires,North Melbourne,25,0.006,0.0,0.0,0,11.3,79,20,5,4,336,1,6
5,NM v Bris,Tom Powell,North Melbourne,38,0.0,0.0,0.0,0,6.2,45,12,2,1,197,1,3
5,NM v Bris,Zac Banch,North Melbourne,44,0.0,0.0,0.0,0,1.1,31,5,1,1,240,1,4
5,NM v Bris,Zane Duursma,North Melbourne,46,0.0,0.0,0.0,0,1.0,22,4,2,0,10,0,3
5,Port v St K,Aliir Aliir,Port,16,0.004,0.0,0.0,0,8.5,96,16,6,0,256,0,2
5,Port v St K,Corey Durdin,Port,41,0.0,0.0,0.0,0,9.4,52,7,2,0,98,2,4
5,Port v St K,Darcy Byrne-Jones,Port,18,0.002,0.0,0.0,0,12.4,83,21,6,1,370,1,3
5,Port v St K,Ewan Mackinlay,Port,37,0.0,0.0,0.0,0,7.3,81,15,4,0,158,0,2
5,Port v St K,Jack Lukosius,Port,40,0.0,0.0,0.0,0,0.7,38,12,2,1,398,0,3
5,Port v St K,Jack Watkins,Port,39,0.0,0.0,0.0,0,1.1,17,13,4,0,186,0,1
5,Port v St K,Jack Whitlock,Port,45,0.0,0.0,0.0,0,-2.4,30,6,1,0,59,0,2
5,Port v St K,Jacob Wehr,Port,46,0.0,0.0,0.0,0,0.9,38,9,0,0,237,0,1
5,Port v St K,Jase Burgoyne,Port,26,0.001,0.0,0.0,0,5.8,64,15,8,2,277,0,1
5,Port v St K,Jason Horne-Francis,Port,3,0.835,4.3,1.0,4,9.7,88,26,13,7,376,2,8
5,Port v St K,Joe Berry,Port,34,0.0,0.0,0.0,0,6.0,56,13,4,1,147,1,4
5,Port v St K,Joe Richards,Port,36,0.0,0.0,0.0,0,6.9,71,17,6,2,341,0,6
5,Port v St K,Jordon Sweet,Port,22,0.002,0.0,0.0,0,10.6,105,11,12,5,107,0,3
5,Port v St K,Josh Lai,Port,42,0.0,0.0,0.0,0,5.1,46,9,4,1,87,0,2
5,Port v St K,Kane Farrell,Port,25,0.002,0.0,0.0,0,8.5,63,20,5,0,534,0,2
5,Port v St K,Lachie Jones,Port,29,0.001,0.0,0.0,0,11.7,90,18,4,0,347,0,2
5,Port v St K,Logan Evans,Port,17,0.003,0.0,0.0,0,7.5,90,21,5,0,346,0,4
5,Port v St K,Miles Bergman,Port,38,0.0,0.0,0.0,0,5.2,34,11,4,2,288,0,1
5,Port v St K,Mitch Georgiades,Port,19,0.003,0.0,0.0,0,11.2,66,15,5,0,244,2,7
5,Port v St K,Ollie Wines,Port,9,0.027,0.0,0.0,0,8.9,101,26,13,2,193,0,9
5,Port v St K,Todd Marshall,Port,43,0.0,0.0,0.0,0,1.4,48,13,1,0,275,0,4
5,Port v St K,Willem Drew,Port,12,0.012,0.0,0.0,0,17.3,101,19,14,4,321,0,6
5,Port v St K,Zak Butters,Port,2,1.603,14.5,2.0,9,18.7,145,31,16,5,631,1,6
5,GWS v Rich,Ben Miller,Richmond,33,0.0,0.0,0.0,0,14.2,90,15,5,0,357,0,2
5,GWS v Rich,Campbell Gray,Richmond,44,0.0,0.0,0.0,0,7.4,39,5,2,1,33,1,2
5,GWS v Rich,Dion Prestia,Richmond,29,0.001,0.0,0.0,0,4.0,56,20,6,3,322,0,3
5,GWS v Rich,Jack Ross,Richmond,31,0.0,0.0,0.0,0,15.2,86,19,8,2,364,0,4
5,GWS v Rich,Jacob Hopper,Richmond,13,0.01,0.0,0.0,0,9.0,68,26,18,9,326,0,4
5,GWS v Rich,Jayden Short,Richmond,27,0.002,0.0,0.0,0,3.7,60,23,3,1,439,0,3
5,GWS v Rich,Jonty Faull,Richmond,46,0.0,0.0,0.0,0,2.1,9,2,2,0,35,0,1
5,GWS v Rich,Liam Fawcett,Richmond,38,0.0,0.0,0.0,0,7.0,52,6,2,0,91,3,6
5,GWS v Rich,Luke Trainor,Richmond,41,0.0,0.0,0.0,0,-1.8,17,12,5,0,112,0,0
5,GWS v Rich,Maurice Rioli,Richmond,45,0.0,0.0,0.0,0,4.0,50,7,5,1,111,0,2
5,GWS v Rich,Mykelti Lefau,Richmond,26,0.004,0.0,0.0,0,16.3,85,6,6,0,115,4,5
5,GWS v Rich,Nathan Broad,Richmond,28,0.002,0.0,0.0,0,15.0,86,20,9,1,258,0,4
5,GWS v Rich,Nick Vlastuin,Richmond,37,0.0,0.0,0.0,0,6.6,54,11,4,0,233,0,1
5,GWS v Rich,Noah Balta,Richmond,30,0.001,0.0,0.0,0,4.1,54,14,4,0,368,0,1
5,GWS v Rich,Oliver Hayes-Brown,Richmond,40,0.0,0.0,0.0,0,7.9,53,10,8,4,117,0,3
5,GWS v Rich,Sam Banks,Richmond,36,0.0,0.0,0.0,0,8.9,65,17,5,1,226,0,1
5,GWS v Rich,Sam Grlj,Richmond,43,0.0,0.0,0.0,0,5.9,59,14,4,0,166,0,1
5,GWS v Rich,Sam Lalor,Richmond,25,0.004,0.0,0.0,0,4.2,74,18,7,3,403,1,3
5,GWS v Rich,Seth Campbell,Richmond,32,0.0,0.0,0.0,0,14.0,84,16,8,2,413,1,5
5,GWS v Rich,Steely Green,Richmond,42,0.0,0.0,0.0,0,8.3,53,15,6,1,202,0,5
5,GWS v Rich,Tim Taranto,Richmond,9,0.033,0.0,0.0,0,16.9,94,25,12,10,416,1,6
5,GWS v Rich,Tom Brown,Richmond,35,0.0,0.0,0.0,0,10.8,65,15,3,0,376,0,1
5,GWS v Rich,Tyler Sonsie,Richmond,39,0.0,0.0,0.0,0,4.8,48,17,3,0,412,0,1
5,Port v St K,Alix Tauru,St Kilda,21,0.002,0.0,0.0,0,6.8,68,13,4,1,119,0,1
5,Port v St K,Bradley Hill,St Kilda,13,0.008,0.0,0.0,0,7.8,69,21,5,0,414,0,1
5,Port v St K,Callum Wilkie,St Kilda,5,0.11,0.1,0.0,4,10.5,125,23,3,0,416,0,1
5,Port v St K,Cooper Sharman,St Kilda,35,0.0,0.0,0.0,0,4.8,37,7,3,1,81,1,3
5,Port v St K,Dan Butler,St Kilda,33,0.0,0.0,0.0,0,7.2,57,9,5,0,173,0,1
5,Port v St K,Darcy Wilson,St Kilda,31,0.0,0.0,0.0,0,5.5,57,13,4,1,123,0,3
5,Port v St K,Hugh Boxshall,St Kilda,24,0.001,0.0,0.0,0,1.1,50,9,5,1,184,0,0
5,Port v St K,Hugo Garcia,St Kilda,4,0.43,1.6,0.0,1,15.0,95,26,14,10,357,1,4
5,Port v St K,Hunter Clark,St Kilda,23,0.002,0.0,0.0,0,2.2,65,15,2,1,341,0,0
5,Port v St K,Jack Carroll,St Kilda,14,0.004,0.0,0.0,0,7.3,76,18,4,0,469,0,2
5,Port v St K,Jack Higgins,St Kilda,44,0.0,0.0,0.0,0,0.5,35,7,1,0,157,0,3
5,Port v St K,Jack Silvagni,St Kilda,6,0.066,0.0,0.0,3,15.1,121,18,10,0,372,1,2
5,Port v St K,Jack Sinclair,St Kilda,10,0.021,0.0,0.0,0,4.2,82,23,1,0,345,0,1
5,Port v St K,Liam Ryan,St Kilda,30,0.001,0.0,0.0,0,5.4,56,8,5,1,188,1,4
5,Port v St K,Marcus Windhager,St Kilda,7,0.028,0.0,0.0,0,9.1,106,24,12,2,490,0,5
5,Port v St K,Mason Wood,St Kilda,32,0.0,0.0,0.0,0,7.0,36,7,4,0,134,1,4
5,Port v St K,Mattaes Phillipou,St Kilda,11,0.019,0.0,0.0,0,5.8,69,15,3,2,249,2,6
5,Port v St K,Max Hall,St Kilda,15,0.003,0.0,0.0,0,14.5,79,14,11,1,147,1,6
5,Port v St K,Mitch Owens,St Kilda,20,0.002,0.0,0.0,0,12.9,78,9,8,1,109,2,7
5,Port v St K,Nasiah Wanganeen-Milera,St Kilda,1,2.779,79.4,3.0,9,23.9,136,28,13,6,524,2,6
5,Port v St K,Rowan Marshall,St Kilda,27,0.001,0.0,0.0,0,5.5,40,8,6,4,79,0,2
5,Port v St K,Sam Flanders,St Kilda,8,0.028,0.0,0.0,0,7.6,88,18,8,2,350,0,4
5,Port v St K,Tom De Koning,St Kilda,28,0.001,0.0,0.0,0,12.4,73,9,4,1,121,0,5
5,Syd v GC,Brodie Grundy,Sydney,5,0.279,0.2,0.0,6,6.2,124,20,10,7,82,0,10
5,Syd v GC,Callum Mills,Sydney,7,0.178,0.0,0.0,3,13.6,114,25,9,0,469,0,4
5,Syd v GC,Chad Warner,Sydney,3,0.592,1.0,1.0,0,12.1,84,22,13,6,466,2,8
5,Syd v GC,Charlie Curnow,Sydney,24,0.002,0.0,0.0,0,-3.5,55,11,9,1,213,0,7
5,Syd v GC,Corey Warner,Sydney,37,0.0,0.0,0.0,0,7.2,37,6,0,0,121,1,2
5,Syd v GC,Dane Rampe,Sydney,15,0.007,0.0,0.0,0,9.3,71,17,5,1,312,0,3
5,Syd v GC,Harry Cunningham,Sydney,25,0.002,0.0,0.0,0,8.3,75,13,2,1,198,1,5
5,Syd v GC,Isaac Heeney,Sydney,1,2.95,95.2,3.0,10,30.8,196,33,18,10,531,2,12
5,Syd v GC,Jai Serong,Sydney,14,0.008,0.0,0.0,0,10.4,75,12,6,1,229,0,3
5,Syd v GC,Jake Lloyd,Sydney,30,0.001,0.0,0.0,0,6.7,49,11,5,1,262,0,4
5,Syd v GC,James Jordon,Sydney,29,0.002,0.0,0.0,0,6.8,66,14,8,2,172,0,5
5,Syd v GC,James Rowbottom,Sydney,19,0.004,0.0,0.0,0,7.3,71,15,6,3,276,0,3
5,Syd v GC,Joel Amartey,Sydney,26,0.002,0.0,0.0,0,-0.8,48,7,3,1,99,0,6
5,Syd v GC,Joel Hamling,Sydney,20,0.004,0.0,0.0,0,9.7,89,14,7,0,163,0,1
5,Syd v GC,Justin McInerney,Sydney,2,1.017,3.0,1.8,7,14.6,97,27,8,6,480,1,12
5,Syd v GC,Logan McDonald,Sydney,31,0.0,0.0,0.0,0,0.6,36,9,3,0,129,1,4
5,Syd v GC,Malcolm Rosas,Sydney,16,0.007,0.0,0.0,0,17.4,84,12,3,0,247,2,5
5,Syd v GC,Matt Roberts,Sydney,10,0.039,0.0,0.0,0,11.8,81,25,9,2,563,0,4
5,Syd v GC,Nick Blakey,Sydney,9,0.057,0.0,0.0,0,9.9,91,24,5,0,637,0,4
5,Syd v GC,Riley Bice,Sydney,12,0.012,0.0,0.0,0,4.7,52,18,1,0,442,1,1
5,Syd v GC,Sam Wicks,Sydney,28,0.002,0.0,0.0,0,4.3,63,15,2,0,249,0,1
5,Syd v GC,Tom McCartin,Sydney,6,0.224,0.2,0.0,3,16.4,112,24,11,0,311,0,3
5,Syd v GC,Tom Papley,Sydney,8,0.171,0.0,0.0,1,19.6,112,17,8,1,357,3,9
5,Geel v WC,Archer Reid,West Coast,45,0.0,0.0,0.0,0,0.1,24,2,0,0,23,0,1
5,Geel v WC,Bailey J. Williams,West Coast,20,0.002,0.0,0.0,0,12.7,106,20,17,7,213,0,5
5,Geel v WC,Bo Allan,West Coast,43,0.0,0.0,0.0,0,0.7,35,9,2,2,189,0,2
5,Geel v WC,Brady Hough,West Coast,42,0.0,0.0,0.0,0,5.5,45,9,1,0,206,0,4
5,Geel v WC,Cooper Duff-Tytler,West Coast,46,0.0,0.0,0.0,0,3.0,14,4,4,1,40,0,1
5,Geel v WC,Deven Robertson,West Coast,34,0.0,0.0,0.0,0,12.5,85,15,7,1,185,0,4
5,Geel v WC,Elijah Hewett,West Coast,38,0.0,0.0,0.0,0,-2.0,52,14,4,0,260,0,5
5,Geel v WC,Hamish Davis,West Coast,32,0.0,0.0,0.0,0,9.5,59,17,6,1,348,0,2
5,Geel v WC,Harley Reid,West Coast,8,0.016,0.0,0.0,0,7.4,84,22,12,6,337,1,6
5,Geel v WC,Harry Schoenberg,West Coast,40,0.0,0.0,0.0,0,2.3,47,11,5,1,141,1,4
5,Geel v WC,Jack Graham,West Coast,35,0.0,0.0,0.0,0,9.2,71,14,6,2,176,1,4
5,Geel v WC,Jake Waterman,West Coast,39,0.0,0.0,0.0,0,3.7,69,12,3,0,211,1,8
5,Geel v WC,Jobe Shanahan,West Coast,23,0.002,0.0,0.0,0,11.8,76,9,2,0,246,4,7
5,Geel v WC,Josh Lindsay,West Coast,27,0.001,0.0,0.0,0,7.1,80,21,3,0,537,0,4
5,Geel v WC,Liam Baker,West Coast,30,0.0,0.0,0.0,0,12.4,68,13,8,2,236,1,5
5,Geel v WC,Liam Duggan,West Coast,28,0.0,0.0,0.0,0,5.4,66,22,4,1,489,0,4
5,Geel v WC,Matthew Owies,West Coast,44,0.0,0.0,0.0,0,5.7,45,7,3,0,155,1,3
5,Geel v WC,Reuben Ginbey,West Coast,29,0.0,0.0,0.0,0,10.9,84,16,6,2,150,0,1
5,Geel v WC,Sandy Brock,West Coast,41,0.0,0.0,0.0,0,6.3,42,10,6,0,172,0,3
5,Geel v WC,Tim Kelly,West Coast,12,0.005,0.0,0.0,0,9.2,83,22,7,4,380,0,6
5,Geel v WC,Tom McCarthy,West Coast,22,0.001,0.0,0.0,0,6.3,64,28,1,1,791,0,3
5,Geel v WC,Tylar Young,West Coast,36,0.0,0.0,0.0,0,5.2,53,12,4,0,216,0,0
5,Geel v WC,Willem Duursma,West Coast,24,0.001,0.0,0.0,0,10.3,105,20,8,3,531,1,4
5,Haw v WB,Aaron Naughton,Western Bulldogs,39,0.0,0.0,0.0,0,2.6,35,7,5,0,163,1,7
5,Haw v WB,Bailey Dale,Western Bulldogs,24,0.008,0.0,0.0,0,9.0,74,20,2,0,481,0,3
5,Haw v WB,Bailey Williams,Western Bulldogs,27,0.002,0.0,0.0,0,11.1,89,22,6,0,438,0,1
5,Haw v WB,Buku Khamis,Western Bulldogs,44,0.0,0.0,0.0,0,1.2,34,9,1,0,157,0,1
5,Haw v WB,Connor Budarick,Western Bulldogs,35,0.0,0.0,0.0,0,7.3,72,15,5,1,226,0,4
5,Haw v WB,Cooper Hynes,Western Bulldogs,36,0.0,0.0,0.0,0,6.3,52,15,4,0,92,1,7
5,Haw v WB,Ed Richards,Western Bulldogs,22,0.019,0.0,0.0,0,12.8,109,22,9,3,480,0,6
5,Haw v WB,Harvey Gallagher,Western Bulldogs,43,0.0,0.0,0.0,0,9.9,41,10,4,0,146,1,3
5,Haw v WB,James O'Donnell,Western Bulldogs,28,0.003,0.0,0.0,1,9.0,76,12,2,0,253,0,3
5,Haw v WB,Joel Freijah,Western Bulldogs,26,0.005,0.0,0.0,0,9.2,57,17,4,3,150,1,3
5,Haw v WB,Jordan Croft,Western Bulldogs,33,0.0,0.0,0.0,0,9.6,68,10,7,2,131,1,6
5,Haw v WB,Josh Dolan,Western Bulldogs,42,0.0,0.0,0.0,0,3.7,37,10,4,0,143,1,4
5,Haw v WB,Lachlan Bramble,Western Bulldogs,37,0.0,0.0,0.0,0,4.9,58,13,3,0,117,0,2
5,Haw v WB,Louis Emmett,Western Bulldogs,41,0.0,0.0,0.0,0,4.5,37,8,4,4,105,0,1
5,Haw v WB,Marcus Bontempelli,Western Bulldogs,12,0.069,0.0,0.0,0,11.2,84,26,9,2,723,0,5
5,Haw v WB,Matthew Kennedy,Western Bulldogs,18,0.032,0.0,0.0,0,8.9,87,22,9,7,300,0,7
5,Haw v WB,Michael Sellwood,Western Bulldogs,31,0.001,0.0,0.0,0,8.7,74,17,9,0,388,0,3
5,Haw v WB,Oskar Baker,Western Bulldogs,46,0.0,0.0,0.0,0,-0.9,18,6,2,0,77,0,0
5,Haw v WB,Rhylee West,Western Bulldogs,29,0.002,0.0,0.0,0,8.3,70,21,7,2,414,0,9
5,Haw v WB,Rory Lobb,Western Bulldogs,40,0.0,0.0,0.0,0,6.9,63,8,4,0,180,0,3
5,Haw v WB,Ryley Sanders,Western Bulldogs,16,0.035,0.0,0.0,0,14.1,95,25,13,7,142,0,5
5,Haw v WB,Sam Darcy,Western Bulldogs,32,0.001,0.0,0.0,0,6.0,81,11,6,0,143,2,7
5,Haw v WB,Sam Davidson,Western Bulldogs,45,0.0,0.0,0.0,0,10.6,55,11,2,0,374,0,5
