Team,Jumper_No,Player,DOB,Height,Position,Games,Age,Origin,Contract_Expiry,FA_Status,Draft_Year,Draft_Type,Draft_Round,Draft_Pick,Overall_Rating,data_provider_id,Team_API,Season_API,Position_API,Ball Winning_Rating,Ball Use_Rating,Aerial_Rating,Defence_Rating,Stoppage,Contest,Power,Receives,Handballing,Kicking,Goal Kicking,Connecting,Marking,Contested,Moks,Ruck,Pressure,Tackling,Intercepting,Neutralise
Adelaide,4,Callum Ah Chee,1997-10-09,182.0,Forward,171,28yr 6mth,South Fremantle,2031.0,Non-Free Agent,2025.0,Pre-Season,1.0,1.0,1.8,C.Ah Chee 9/10/1997,AFC,2026,M,1.46,1.6,2.87,1.88,1.19,1.26,2.21,1.6,0.79,2.14,1.9,1.36,3.95,1.91,3.12,2.42,1.79,1.18,2.56,4.37
Adelaide,3,Sam Berry,2002-02-12,181.0,Midfield,82,24yr 2mth,Gippsland Power,2026.0,Non-Free Agent,2020.0,National,2.0,28.0,2.75,S.Berry 12/2/2002,AFC,2026,M,3.14,2.35,1.74,3.42,3.57,3.69,2.63,2.31,2.33,2.61,1.98,2.27,1.34,1.91,2.08,3.0,3.39,3.38,3.28,3.81
Adelaide,21,Hugh Bond,2004-09-25,185.0,Defender,16,21yr 6mth,Greater Western Victoria Rebels,2027.0,Non-Free Agent,2022.0,National,3.0,50.0,2.23,H.Bond 25/9/2004,AFC,2026,GD,1.92,2.13,2.04,2.81,2.06,1.66,2.64,1.89,2.38,2.01,2.28,1.8,1.63,1.72,2.9,2.48,3.05,3.35,2.62,1.95
Adelaide,35,James Borlase,2002-07-18,192.0,Defender,18,23yr 9mth,Sturt,2026.0,Unrestricted Free Agent,2023.0,Rookie,2.0,20.0,2.57,J.Borlase 18/7/2002,AFC,2026,KD,1.52,2.01,2.49,3.47,1.76,1.41,2.69,0.9,2.14,1.47,3.71,1.92,2.04,3.55,1.59,2.36,3.1,3.25,1.57,4.89
Adelaide,41,Jordon Butts,1999-12-31,195.0,Defender,89,26yr 3mth,Murray Bushrangers,2026.0,Restricted Free Agent,2018.0,Rookie,3.0,39.0,2.78,J.Butts 31/12/1999,AFC,2026,KD,2.75,2.75,2.98,2.63,2.5,2.76,2.32,3.12,2.82,2.31,4.46,2.51,2.48,2.87,3.48,2.36,1.83,2.03,3.01,2.75
Adelaide,15,Brayden Cook,2002-07-18,189.0,MidfieldForward,36,23yr 9mth,South Adelaide,2026.0,Non-Free Agent,2020.0,National,1.0,25.0,2.77,B.Cook 18/7/2002,AFC,2026,W,2.43,2.86,3.06,2.9,1.29,1.94,2.5,3.35,1.95,3.21,2.81,2.85,2.92,2.63,3.58,2.5,2.0,2.62,4.1,2.48
Adelaide,33,Indy Cotton,2007-05-08,195.0,Forward,0,18yr 11mth,NBL One East,2027.0,Unknown,,,,,,,,,,,,,,,,,,,,,,,,,,,,,
Adelaide,44,Isaac Cumming,1998-08-11,188.0,Midfield,110,27yr 8mth,Broken Hill,2030.0,Non-Free Agent,2016.0,National,1.0,20.0,2.35,I.Cumming 11/8/1998,AFC,2026,W,2.44,2.21,2.03,2.7,2.74,2.67,2.48,2.11,1.93,1.67,3.46,2.06,2.2,1.9,1.81,2.5,2.96,1.75,2.46,3.4
Adelaide,6,Daniel Curtin,2005-03-08,197.0,Midfield,32,21yr 1mth,Claremont,2029.0,Non-Free Agent,2023.0,National,1.0,8.0,2.9,D.Curtin 8/3/2005,AFC,2025,W,2.63,2.43,4.24,3.13,2.53,3.45,3.67,1.8,1.66,2.69,3.19,2.04,3.17,5.0,5.0,2.54,2.82,3.41,3.56,2.71
Adelaide,12,Jordan Dawson,1997-04-09,190.0,Midfield,160,29yr,Sturt,2029.0,Restricted Free Agent,2015.0,National,4.0,56.0,2.89,J.Dawson 9/4/1997,AFC,2026,M,2.8,2.7,3.06,3.2,3.02,2.92,2.85,2.35,2.51,2.89,3.0,2.32,2.31,2.91,4.68,2.42,2.96,3.16,3.58,3.94
Adelaide,31,Billy Dowling,2004-07-01,187.0,MidfieldForward,10,21yr 9mth,North Adelaide,2026.0,Non-Free Agent,2022.0,National,3.0,43.0,3.67,B.Dowling 1/7/2004,ADL SA,2026,M,4.32,3.61,2.85,3.26,4.93,3.97,3.25,4.45,4.18,3.16,3.91,3.38,3.02,3.18,1.8,2.45,4.05,2.34,3.93,3.09
Adelaide,5,Sid Draper,2006-07-05,182.0,MidfieldForward,10,19yr 9mth,South Adelaide,2027.0,Non-Free Agent,2024.0,National,1.0,4.0,2.66,S.Draper 5/7/2006,ADL SA,2026,M,3.15,2.63,1.97,2.37,3.52,2.85,3.79,2.53,2.92,2.55,2.34,2.69,0.95,2.85,1.8,2.45,2.19,2.63,2.2,2.19
Adelaide,11,Charlie Edwards,2005-05-18,191.0,DefenderMidfield,1,20yr 11mth,Sandringham Dragons,2026.0,Non-Free Agent,2023.0,National,1.0,21.0,2.84,C.Edwards 18/5/2005,ADL SA,2026,M,3.46,2.69,2.34,2.34,4.22,3.54,2.2,3.08,2.74,2.5,1.81,3.83,2.23,2.08,3.1,2.45,2.46,1.99,3.31,2.28
Adelaide,32,Darcy Fogarty,1999-09-25,192.0,Forward,129,26yr 6mth,Glenelg,2031.0,Unrestricted Free Agent,2017.0,National,1.0,12.0,2.08,D.Fogarty 25/9/1999,AFC,2026,KF,2.3,2.06,1.63,2.92,1.94,2.36,2.29,2.58,0.87,2.36,2.1,2.2,2.13,0.96,1.82,1.96,2.94,3.39,3.22,1.86
Adelaide,20,Mitchell Hinge,1998-06-28,187.0,Defender,90,27yr 9mth,Glenelg,2026.0,Unrestricted Free Agent,2016.0,Rookie,2.0,20.0,2.5,M.Hinge 28/6/1998,AFC,2025,GD,2.5,2.06,2.61,3.04,2.44,2.89,2.94,2.17,1.19,2.64,2.01,2.57,2.25,2.7,2.93,2.46,3.2,3.28,2.94,2.59
Adelaide,1,Chayce Jones,2000-01-14,180.0,DefenderMidfield,100,26yr 3mth,Launceston,2026.0,Restricted Free Agent,2018.0,National,1.0,9.0,2.05,C.Jones 14/1/2000,AFC,2026,GD,1.99,2.0,1.49,2.5,1.52,2.78,3.18,1.35,2.4,1.87,1.83,1.64,1.5,1.82,1.1,2.48,2.4,2.27,3.33,1.92
Adelaide,48,Mark Keane,2000-03-17,194.0,Defender,56,26yr 1mth,Cork,2028.0,Non-Free Agent,,,,,2.69,M.Keane 17/3/2000,AFC,2025,KD,2.83,2.23,2.5,2.98,2.43,3.19,3.02,2.58,1.45,2.85,1.96,3.21,1.89,2.29,3.18,2.34,2.25,2.0,3.96,2.81
Adelaide,2,Ben Keays,1997-02-23,185.0,Forward,167,29yr 1mth,Brisbane Reserves,2027.0,Unrestricted Free Agent,2019.0,Rookie,1.0,7.0,2.6,B.Keays 23/2/1997,AFC,2026,GF,2.76,2.72,1.93,2.89,2.69,2.92,3.15,2.58,2.67,2.83,2.69,2.57,1.99,1.86,1.96,2.44,3.23,3.04,2.0,2.27
Adelaide,29,Rory Laird,1993-12-29,178.0,Defender,273,32yr 3mth,West Adelaide,2027.0,Unrestricted Free Agent,2013.0,National,6.0,86.0,2.71,R.Laird 29/12/1993,AFC,2026,GD,3.06,2.91,2.54,2.2,2.95,2.87,2.12,3.42,3.87,2.44,1.83,2.61,3.27,1.82,2.54,2.48,1.68,1.58,3.42,2.26
Adelaide,34,Archie Ludowyke,2007-11-19,197.0,Forward,0,18yr 5mth,Sandringham Dragons,2027.0,Unknown,2025.0,National,3.0,50.0,,,,,,,,,,,,,,,,,,,,,,,,,
Adelaide,36,Finnbar Maley,2003-07-18,197.0,Forward,11,22yr 9mth,Northern Bullants,2026.0,Non-Free Agent,2023.0,Rookie,1.0,2.0,2.55,F.Maley 18/7/2003,AFC,2026,KF,2.08,1.78,3.53,3.42,2.3,2.19,1.87,1.82,3.41,1.63,1.42,2.16,2.15,3.53,4.14,4.54,3.01,3.64,3.22,3.79
Adelaide,26,Mitchell Marsh,2007-02-15,192.0,Forward,0,19yr 2mth,West Adelaide,2027.0,Unknown,2025.0,National,1.0,22.0,,,,,,,,,,,,,,,,,,,,,,,,,
Adelaide,42,Lachlan McAndrew,2000-05-26,209.0,Ruck,8,25yr 10mth,Sydney,2027.0,Unrestricted Free Agent,2021.0,Mid-Season,1.0,12.0,2.71,L.McAndrew 26/5/2000,AFC,2026,R,2.67,2.26,3.02,2.65,2.76,2.33,3.48,2.26,2.85,2.35,1.58,2.27,2.06,2.48,2.88,3.69,3.24,3.44,2.47,1.84
Adelaide,16,Max Michalanney,2004-02-26,190.0,Defender,72,22yr 1mth,Norwood,2030.0,Restricted Free Agent,2022.0,National,1.0,17.0,2.45,M.Michalanney 26/2/2004,AFC,2026,GD,2.32,1.9,2.93,3.07,2.15,2.74,2.76,1.99,1.15,2.42,1.83,2.33,3.06,2.96,2.76,2.48,3.35,3.44,3.04,2.2
Adelaide,30,Wayne Milera,1997-09-14,185.0,Defender,129,28yr 7mth,Central District,2028.0,Unrestricted Free Agent,2015.0,National,1.0,11.0,3.05,W.Milera 14/9/1997,AFC,2026,GD,3.13,3.17,2.89,2.91,2.93,3.24,2.64,3.23,3.48,3.38,1.83,2.92,2.66,2.82,3.24,2.48,2.52,2.78,4.02,2.22
Adelaide,9,Nick Murray,2000-12-18,195.0,Defender,73,25yr 4mth,Allies,2028.0,Restricted Free Agent,,,,,2.65,N.Murray 18/12/2000,AFC,2026,KD,2.38,2.69,2.17,3.21,2.71,2.27,3.03,1.97,2.38,2.79,3.14,3.11,1.88,2.49,2.01,2.36,3.06,3.33,1.99,4.01
Adelaide,39,Toby Murray,2003-11-03,200.0,Forward,1,22yr 5mth,Adelaide SANFL,2027.0,Non-Free Agent,2024.0,Mid-Season,1.0,7.0,2.2,T.Murray 3/11/2003,ADL SA,2026,R,2.01,2.34,2.38,1.75,1.24,1.65,3.2,2.36,1.06,3.26,3.38,1.66,4.51,3.37,1.47,1.8,1.5,2.36,1.37,1.67
Adelaide,27,Luke Nankervis,2003-05-25,189.0,Midfield,34,22yr 10mth,Sandringham Dragons,2027.0,Non-Free Agent,2021.0,Pre-Season,1.0,2.0,2.14,L.Nankervis 25/5/2003,AFC,2026,GD,2.25,2.08,2.34,1.99,2.5,2.38,3.55,1.8,2.67,1.52,2.99,1.56,1.01,3.12,3.0,2.48,2.11,2.41,1.46,1.9
Adelaide,28,Alex Neal-Bullen,1996-01-09,182.0,Forward,207,30yr 3mth,Glenelg,2028.0,Unrestricted Free Agent,2014.0,National,2.0,40.0,2.86,A.Neal-Bullen 9/1/1996,AFC,2026,GF,3.19,2.62,2.7,2.96,2.22,3.28,2.89,3.68,2.6,2.5,2.58,2.97,3.02,2.39,2.86,2.44,2.61,2.73,5.0,2.95
Adelaide,43,Reilly O'Brien,1995-08-20,201.0,Ruck,147,30yr 8mth,Calder Cannons,2028.0,Unrestricted Free Agent,,,,,3.84,R.O'Brien 20/8/1995,ADL SA,2026,R,3.62,3.49,4.51,2.92,3.93,3.54,2.6,4.16,4.12,3.02,3.28,3.57,3.9,5.0,5.0,3.93,2.79,2.33,3.64,3.01
Adelaide,25,James Peatling,2000-08-21,186.0,Midfield,74,25yr 7mth,GWS Giants,2028.0,Non-Free Agent,2021.0,Mid-Season,1.0,8.0,2.59,J.Peatling 21/8/2000,AFC,2026,M,2.67,2.51,2.84,2.38,2.9,3.07,2.47,2.08,2.44,2.98,2.1,2.19,1.76,3.77,2.66,2.42,2.24,2.73,1.55,2.38
Adelaide,10,Luke Pedlar,2002-05-17,183.0,Forward,44,23yr 11mth,Glenelg,2026.0,Non-Free Agent,2020.0,National,1.0,11.0,1.94,L.Pedlar 17/5/2002,AFC,2026,GF,2.07,1.59,2.14,2.21,1.75,2.29,3.07,1.82,0.6,1.98,1.52,1.86,1.9,1.92,3.05,2.44,1.81,2.15,3.0,2.76
Adelaide,8,Josh Rachele,2003-04-11,180.0,MidfieldForward,76,23yr,Murray Bushrangers,2029.0,Restricted Free Agent,2021.0,National,1.0,6.0,2.58,J.Rachele 11/4/2003,AFC,2026,M,2.78,2.79,2.08,2.27,2.81,2.83,2.71,2.72,1.75,2.86,4.17,2.61,2.6,1.91,1.56,2.42,2.28,2.23,2.56,2.09
Adelaide,23,Izak Rankine,2000-04-23,179.0,MidfieldForward,110,25yr 11mth,West Adelaide,2027.0,Non-Free Agent,2018.0,National,1.0,3.0,2.94,I.Rankine 23/4/2000,AFC,2026,GF,3.44,2.74,2.42,3.07,4.31,3.83,3.12,2.79,2.15,2.68,2.92,3.07,1.9,3.04,1.96,2.44,3.17,3.03,2.91,3.04
Adelaide,22,Oscar Ryan,2005-05-15,187.0,Defender,0,20yr 11mth,Murray Bushrangers,2026.0,Non-Free Agent,2023.0,National,1.0,27.0,2.28,O.Ryan 15/5/2005,ADL SA,2026,GD,2.5,2.05,2.15,2.47,2.65,2.6,2.55,2.37,1.22,2.47,2.88,2.35,2.06,1.91,2.52,2.46,3.1,2.01,2.12,2.83
Adelaide,38,Lachlan Sholl,2000-03-07,186.0,Midfield,79,26yr 1mth,Calder Cannons,2026.0,Restricted Free Agent,2018.0,National,4.0,64.0,2.3,L.Sholl 7/3/2000,ADL SA,2026,M,2.39,2.37,2.35,2.01,1.93,2.11,2.15,3.46,1.9,2.49,2.21,2.91,3.02,2.08,1.8,2.45,1.67,1.58,4.34,2.82
Adelaide,14,Jake Soligo,2003-01-25,179.0,Midfield,90,23yr 2mth,Eastern Ranges,2029.0,Restricted Free Agent,2021.0,National,2.0,36.0,2.16,J.Soligo 25/1/2003,AFC,2026,M,1.87,2.29,2.1,2.51,1.67,2.21,2.56,1.42,2.15,2.46,2.56,1.89,1.96,1.91,2.8,2.42,2.6,2.57,2.28,2.1
Adelaide,19,Zac Taylor,2003-01-31,180.0,Forward,30,23yr 2mth,Calder Cannons,2026.0,Non-Free Agent,2021.0,National,3.0,44.0,2.35,Z.Taylor 31/1/2003,AFC,2026,GF,2.2,2.62,2.23,2.18,2.03,2.1,1.86,2.45,1.89,2.89,2.6,2.78,2.79,1.92,1.96,2.44,1.97,2.25,1.47,2.94
Adelaide,7,Riley Thilthorpe,2002-07-07,201.0,Forward,84,23yr 9mth,West Adelaide Fc,2028.0,Restricted Free Agent,2020.0,National,1.0,2.0,3.11,R.Thilthorpe 7/7/2002,AFC,2026,KF,3.72,2.89,3.09,2.45,4.61,3.93,2.78,3.08,1.94,2.92,2.8,3.78,3.31,3.57,2.74,2.41,2.34,2.72,2.64,1.99
Adelaide,13,Taylor Walker,1990-04-25,192.0,Forward,306,35yr 11mth,Broken Hill North,2026.0,Unrestricted Free Agent,,,,,2.87,T.Walker 25/4/1990,AFC,2026,KF,2.87,2.99,2.66,3.06,1.67,3.01,2.81,3.93,2.72,2.82,2.88,3.78,3.72,2.52,2.37,1.97,3.05,3.32,3.28,2.43
Adelaide,17,Tyler Welsh,2006-08-15,191.0,Forward,0,19yr 8mth,Woodville-West Torrens,2026.0,Unrestricted Free Agent,2025.0,Rookie,1.0,11.0,2.15,T.Welsh 15/8/2006,ADL SA,2026,KF,2.09,2.23,1.96,2.66,1.52,1.88,2.07,2.95,3.32,2.0,2.13,2.21,3.16,1.01,2.33,1.87,4.55,1.51,2.23,2.15
Adelaide,24,Josh Worrell,2001-04-11,195.0,Defender,61,25yr,Sandringham Dragons,2033.0,Unrestricted Free Agent,2019.0,National,2.0,28.0,3.09,J.Worrell 11/4/2001,AFC,2026,GD,3.25,3.12,2.8,3.04,2.26,3.74,2.39,3.44,3.1,3.33,1.83,3.46,3.08,2.15,3.25,2.48,1.71,1.99,4.9,3.98
Brisbane,4,Oscar Allen,1999-03-19,196.0,Forward,111,27yr 1mth,West Perth,2031.0,Non-Free Agent,2017.0,National,2.0,21.0,2.35,O.Allen 19/3/1999,BFC,2026,KF,2.21,2.66,2.26,1.87,2.44,1.88,2.37,2.35,1.23,3.06,2.73,2.72,2.58,1.8,2.28,2.57,1.94,1.9,2.15,1.5
Brisbane,31,Harris Andrews,1996-12-11,200.0,Defender,242,29yr 4mth,Aspley,2029.0,Unrestricted Free Agent,2014.0,National,4.0,61.0,3.67,H.Andrews 11/12/1996,BFC,2026,KD,3.47,3.17,4.06,3.66,1.76,4.28,3.23,3.8,3.39,3.37,2.02,2.66,3.38,4.56,3.97,2.36,2.03,1.93,4.57,3.99
Brisbane,14,Daniel Annable,2007-04-05,184.0,Midfield,1,19yr,Brisbane Lions Academy,2028.0,Unknown,2025.0,National,1.0,6.0,,,,,,,,,,,,,,,,,,,,,,,,,
Brisbane,43,Noah Answerth,1999-08-06,182.0,Defender,91,26yr 8mth,Oakleigh Chargers,2028.0,Unrestricted Free Agent,2018.0,National,3.0,55.0,1.87,N.Answerth 6/8/1999,BFC,2026,GD,1.59,1.99,1.76,2.03,1.66,1.29,1.9,1.71,2.36,1.7,1.83,1.93,2.34,1.75,1.1,2.48,2.24,2.28,1.51,2.06
Brisbane,10,Levi Ashcroft,2006-12-18,179.0,Midfield,33,19yr 4mth,Sandringham Dragons,2030.0,Non-Free Agent,2024.0,National,1.0,5.0,2.61,L.Ashcroft 18/12/2006,BFC,2026,W,2.68,2.47,3.3,2.21,2.81,1.84,2.5,3.29,2.84,3.54,1.83,1.9,3.71,2.74,2.99,2.5,2.11,2.54,1.61,2.65
Brisbane,8,Will Ashcroft,2004-05-06,182.0,Midfield,64,21yr 11mth,Sandringham Dragons,2030.0,Restricted Free Agent,2022.0,National,1.0,2.0,2.71,W.Ashcroft 6/5/2004,BFC,2026,M,3.07,2.6,2.53,2.36,3.25,2.69,2.89,3.32,3.09,2.54,2.17,2.51,2.75,2.55,2.08,2.42,2.55,2.37,1.97,1.99
Brisbane,33,Zac Bailey,1999-09-23,181.0,MidfieldForward,171,26yr 6mth,Norwood,2026.0,Restricted Free Agent,2017.0,National,1.0,15.0,2.46,Z.Bailey 23/9/1999,BFC,2026,M,2.21,3.14,2.41,1.92,1.83,1.89,3.01,2.58,2.38,3.21,4.28,2.86,3.26,1.85,2.18,2.42,2.0,2.09,0.81,2.05
Brisbane,17,Luke Beecken,2001-04-18,185.0,Midfield,1,25yr,Woodville-West Torrens,2026.0,Non-Free Agent,2024.0,Mid-Season,2.0,17.0,2.69,L.Beecken 18/4/2001,BLR VFL,2026,M,2.14,2.85,3.82,2.55,1.59,1.68,2.76,3.01,1.52,3.81,2.77,2.89,4.73,3.68,2.53,2.49,2.78,1.98,2.78,3.67
Brisbane,7,Jarrod Berry,1998-02-05,193.0,Midfield,190,28yr 2mth,North Ballarat Rebels,2029.0,Unrestricted Free Agent,2016.0,National,1.0,17.0,2.78,J.Berry 5/2/1998,BFC,2026,W,3.1,2.61,2.4,2.9,4.12,3.46,2.34,2.5,2.43,2.88,2.06,2.73,3.04,1.55,1.89,2.5,2.57,3.08,2.98,2.93
Brisbane,34,Shadeau Brain,2004-02-13,183.0,Defender,9,22yr 2mth,Noosa,2027.0,Non-Free Agent,,,,,3.0,S.Brain 13/2/2004,BLR VFL,2026,GD,3.15,2.65,2.77,3.49,3.27,3.7,2.96,2.78,1.95,3.31,2.9,2.57,2.78,2.55,3.02,2.5,4.5,2.59,4.21,2.66
Brisbane,23,Charlie Cameron,1994-07-05,180.0,Forward,260,31yr 9mth,Swan Districts,2028.0,Unrestricted Free Agent,2013.0,Rookie,1.0,7.0,2.68,C.Cameron 5/7/1994,BFC,2026,GF,2.42,2.9,2.48,2.93,2.51,2.36,2.54,2.4,0.43,2.86,4.07,2.74,3.65,1.8,1.96,2.44,2.74,3.03,2.98,3.08
Brisbane,18,Keidean Coleman,2000-03-31,182.0,Defender,72,26yr,Brisbane,2027.0,Restricted Free Agent,2019.0,National,2.0,37.0,2.57,K.Coleman 31/3/2000,BFC,2026,GD,2.44,2.54,3.15,2.38,1.59,2.82,2.8,2.39,2.24,2.71,3.49,2.3,3.52,2.91,3.0,2.48,2.23,2.17,3.02,2.08
Brisbane,37,Cody Curtin,2007-05-18,200.0,Forward,0,18yr 11mth,Claremont,2027.0,Unknown,2025.0,National,3.0,43.0,,,,,,,,,,,,,,,,,,,,,,,,,
Brisbane,12,Tom Doedee,1997-03-01,190.0,Defender,83,29yr 1mth,Geelong Falcons,2027.0,Non-Free Agent,2015.0,National,1.0,17.0,2.52,T.Doedee 1/3/1997,BLR VFL,2026,GD,2.56,2.74,1.88,2.57,2.27,3.04,2.42,2.37,2.82,3.32,2.05,1.92,2.38,1.83,1.36,2.5,1.71,2.82,2.5,3.36
Brisbane,2,Sam Draper,1998-09-28,205.0,ForwardRuck,83,27yr 6mth,South Adelaide,2030.0,Non-Free Agent,2016.0,Rookie,1.0,1.0,2.58,S.Draper 28/9/1998,BFC,2026,R,2.2,2.73,2.92,1.96,2.4,2.24,2.36,1.79,2.38,2.34,3.76,2.46,2.97,3.71,3.21,2.22,1.54,1.92,1.97,2.23
Brisbane,5,Josh Dunkley,1997-01-09,191.0,Midfield,200,29yr 3mth,Gippsland Power,2030.0,Restricted Free Agent,2015.0,National,2.0,25.0,2.66,J.Dunkley 9/1/1997,BFC,2026,M,2.2,2.24,4.11,3.02,2.16,2.45,1.58,2.38,2.96,2.41,1.46,1.83,3.21,5.0,3.17,2.87,2.73,3.23,3.33,3.08
Brisbane,24,Koby Evans,2007-09-08,187.0,Midfield,0,18yr 7mth,Perth,2027.0,Unknown,2025.0,National,3.0,38.0,,,,,,,,,,,,,,,,,,,,,,,,,
Brisbane,3,Jaspa Fletcher,2004-02-24,184.0,Defender,74,22yr 1mth,Brisbane Lions,2030.0,Restricted Free Agent,2022.0,National,1.0,12.0,2.67,J.Fletcher 24/2/2004,BFC,2026,GD,2.68,2.84,2.39,2.61,2.24,2.57,2.54,2.92,3.14,2.5,3.22,2.69,3.03,1.82,2.3,2.48,2.59,2.83,2.52,2.42
Brisbane,32,Darcy Fort,1993-08-06,204.0,Ruck,62,32yr 8mth,Central District,2026.0,Non-Free Agent,2018.0,National,4.0,65.0,2.52,D.Fort 6/8/1993,BFC,2026,R,2.41,2.6,2.68,2.08,2.33,2.04,2.58,2.73,2.65,2.83,2.35,2.59,3.07,2.15,3.87,2.18,1.98,2.22,2.69,1.69
Brisbane,22,Ty Gallop,2006-02-09,194.0,DefenderForward,12,20yr 2mth,Maroochydore,2029.0,Non-Free Agent,2024.0,National,3.0,42.0,1.98,T.Gallop 9/2/2006,BFC,2026,KD,1.92,1.81,2.19,1.91,2.4,1.75,2.9,1.3,1.48,1.69,3.6,1.87,2.66,2.45,1.55,2.13,2.96,3.05,0.59,2.19
Brisbane,27,Darcy Gardiner,1995-09-22,192.0,Defender,185,30yr 6mth,Geelong Falcons,2026.0,Unrestricted Free Agent,2013.0,National,2.0,22.0,2.29,D.Gardiner 22/9/1995,BFC,2026,KD,2.36,1.99,2.73,2.0,1.76,3.05,2.44,1.92,1.59,2.35,2.02,2.13,2.75,2.78,2.66,2.36,0.92,1.3,2.46,2.16
Brisbane,42,Tai Hayes,2004-11-18,190.0,MidfieldForward,0,21yr 5mth,Southport Sharks,2027.0,Unknown,2025.0,National,3.0,44.0,2.6,T.Hayes 18/11/2004,BLR VFL,2026,M,2.22,2.49,3.91,2.45,1.78,2.31,2.38,2.65,1.82,2.87,2.62,2.55,3.98,3.75,4.14,2.49,1.95,3.0,2.5,2.24
Brisbane,30,Eric Hipwood,1997-09-13,204.0,Forward,199,28yr 7mth,Aspley,2029.0,Unrestricted Free Agent,2015.0,National,1.0,14.0,2.52,E.Hipwood 13/9/1997,BFC,2025,KF,2.46,2.52,2.6,2.49,2.03,2.26,2.35,3.22,1.79,2.79,2.25,3.41,3.21,1.91,4.05,2.06,2.3,2.17,3.51,2.58
Brisbane,41,Darragh Joyce,1997-04-23,195.0,Defender,25,28yr 11mth,Kilkenny,2026.0,Unrestricted Free Agent,2024.0,Rookie,1.0,15.0,2.87,D.Joyce 23/4/1997,BLR VFL,2026,KD,3.39,2.74,2.91,2.6,3.99,2.57,2.51,4.4,2.32,2.96,2.15,4.14,3.48,2.51,2.96,2.46,1.77,2.03,2.5,3.04
Brisbane,35,Ryan Lester,1992-08-26,190.0,Defender,239,33yr 7mth,Oakleigh Chargers,2026.0,Unrestricted Free Agent,2022.0,Rookie,1.0,15.0,,,,,,,,,,,,,,,,,,,,,,,,,
Brisbane,19,Luke Lloyd,2005-08-08,193.0,Forward,0,20yr 8mth,Sandringham Dragons,2026.0,Non-Free Agent,2023.0,National,2.0,42.0,,,,,,,,,,,,,,,,,,,,,,,,,
Brisbane,1,Kai Lohmann,2003-05-06,185.0,Forward,59,22yr 11mth,GWV Rebels,2027.0,Non-Free Agent,2021.0,National,1.0,20.0,,,,,,,,,,,,,,,,,,,,,,,,,
Brisbane,20,Sam Marshall,2006-01-19,185.0,Midfield,11,20yr 3mth,Sandringham Dragons,2027.0,Non-Free Agent,2024.0,National,1.0,25.0,,,,,,,,,,,,,,,,,,,,,,,,,
Brisbane,11,Lincoln McCarthy,1993-10-22,176.0,Forward,156,32yr 5mth,Glenelg,2026.0,Restricted Free Agent,2025.0,Rookie,1.0,14.0,,,,,,,,,,,,,,,,,,,,,,,,,
Brisbane,6,Hugh McCluggage,1998-03-03,187.0,Midfield,212,28yr 1mth,North Ballarat Rebels,2031.0,Unrestricted Free Agent,2016.0,National,1.0,3.0,,,,,,,,,,,,,,,,,,,,,,,,,
Brisbane,26,Conor McKenna,1996-03-28,184.0,Forward,128,30yr,"Eglish, Tyrone",2026.0,Non-Free Agent,,,,,3.01,C.McKenna 28/3/1996,BLR VFL,2026,GF,3.27,3.4,1.92,3.02,3.05,3.35,2.79,3.43,2.43,2.77,4.1,4.22,1.85,1.94,1.98,2.48,3.14,3.08,2.5,2.96
Brisbane,28,Will McLachlan,2005-04-13,185.0,Forward,6,21yr,Geelong Falcons,2026.0,Non-Free Agent,2024.0,Mid-Season,1.0,6.0,3.34,W.McLachlan 13/4/2005,BLR VFL,2026,GF,2.76,3.97,4.12,1.97,1.78,2.39,2.71,3.54,2.63,3.95,5.0,2.57,5.0,2.77,5.0,2.48,1.74,2.01,2.5,2.02
Brisbane,13,Logan Morris,2005-05-10,191.0,Forward,50,20yr 11mth,Western Jets,2027.0,Non-Free Agent,2023.0,National,2.0,31.0,2.66,L.Morris 10/5/2005,BFC,2026,KF,2.93,3.04,2.18,2.12,2.25,2.89,3.05,3.58,2.39,2.88,3.25,3.01,3.19,1.77,1.82,1.96,2.04,2.33,2.15,1.85
Brisbane,39,Ben Murphy,,191.0,Defender,0,,Kerry GAA,2027.0,Unknown,,,,,,,,,,,,,,,,,,,,,,,,,,,,,
Brisbane,9,Lachie Neale,1993-05-24,177.0,Midfield,300,32yr 10mth,Glenelg,2026.0,Restricted Free Agent,2011.0,National,3.0,58.0,3.1,L.Neale 24/5/1993,BFC,2026,M,3.8,2.86,3.71,1.76,4.53,3.58,3.19,3.36,3.68,3.28,1.43,2.52,3.44,4.44,2.58,2.42,1.6,1.7,2.11,2.29
Brisbane,40,Jack Payne,1999-10-15,196.0,Defender,81,26yr 6mth,Lions Academy,2029.0,Unrestricted Free Agent,2017.0,National,3.0,54.0,2.8,J.Payne 15/10/1999,BFC,2025,KD,2.1,2.39,3.21,3.01,2.14,2.05,1.72,2.33,1.67,3.17,1.96,2.6,3.02,2.59,4.06,2.34,2.22,2.53,3.19,3.22
Brisbane,16,Cameron Rayner,1999-10-21,187.0,Forward,173,26yr 5mth,Western Jets,2031.0,Unrestricted Free Agent,2017.0,National,1.0,1.0,3.02,C.Rayner 21/10/1999,BFC,2026,GF,3.58,2.83,3.08,2.27,4.8,3.87,3.25,2.83,2.43,2.39,3.4,2.97,2.96,3.28,2.86,2.44,2.24,2.25,2.59,2.17
Brisbane,38,Bruce Reville,2001-02-22,185.0,Midfield,31,25yr 1mth,Coates Talent League Boys,2026.0,Non-Free Agent,,,,,2.67,B.Reville 22/2/2001,BFC,2026,W,2.53,3.01,2.77,2.21,2.67,1.67,2.73,3.06,1.98,3.41,2.61,3.16,3.28,2.37,2.19,2.5,2.2,2.02,2.22,2.33
Brisbane,25,Henry Smith,2002-09-24,202.0,Forward,6,23yr 6mth,Woodville-west Torrens,2026.0,Non-Free Agent,2020.0,National,3.0,48.0,2.26,H.Smith 24/9/2002,BFC,2025,KF,1.53,2.47,2.35,3.1,1.74,1.48,1.36,1.48,2.06,1.94,3.06,1.65,3.04,0.91,1.77,4.02,3.35,3.29,2.49,2.88
Brisbane,36,Reece Torrent,2005-08-03,184.0,Midfield,0,20yr 8mth,Peel Thunder,2026.0,Non-Free Agent,2023.0,National,5.0,64.0,2.84,R.Torrent 3/8/2005,BLR VFL,2026,M,2.69,3.02,3.33,2.5,2.81,2.32,2.35,3.08,2.09,3.25,3.97,2.81,3.98,3.18,2.5,2.49,1.95,2.87,2.5,3.26
Brisbane,29,James Tunstill,2003-07-18,187.0,Midfield,14,22yr 9mth,East Perth,2026.0,Non-Free Agent,2021.0,National,3.0,41.0,2.23,J.Tunstill 18/7/2003,BFC,2026,GF,1.98,2.01,3.71,1.25,1.38,1.72,2.15,2.43,1.45,2.51,2.03,1.35,4.83,3.61,1.96,2.44,0.83,1.18,2.18,1.79
Brisbane,44,Darcy Wilmot,2003-12-31,183.0,Defender,89,22yr 3mth,Northern Knights,2029.0,Restricted Free Agent,2021.0,National,1.0,16.0,2.55,D.Wilmot 31/12/2003,BFC,2026,GD,2.92,2.26,3.1,2.26,4.14,2.89,2.45,2.65,1.76,2.81,2.1,2.25,3.2,2.87,3.24,2.48,1.83,1.96,2.7,2.72
Brisbane,21,Zane Zakostelsky,2005-12-14,196.0,DefenderRuck,3,20yr 4mth,Claremont,2026.0,Non-Free Agent,2023.0,National,3.0,51.0,1.86,Z.Zakostelsky 14/12/2005,BFC,2026,KD,2.45,1.77,1.81,1.61,5.0,2.13,2.22,1.15,0.57,2.39,4.17,1.74,2.58,2.03,1.0,4.39,2.94,3.03,0.15,1.83
Brisbane,15,Dayne Zorko,1989-02-09,175.0,Defender,309,37yr 2mth,Broadbeach,2026.0,Unrestricted Free Agent,,,,,2.63,D.Zorko 9/2/1989,BFC,2026,GD,3.09,2.85,2.26,2.06,3.6,2.61,1.94,3.5,1.71,3.41,3.48,3.58,3.19,1.82,1.68,2.48,2.46,2.42,1.76,1.42
Carlton,13,Blake Acres,1995-10-07,193.0,Midfield,187,30yr 6mth,West Perth,2027.0,Non-Free Agent,2013.0,National,1.0,19.0,2.49,B.Acres 7/10/1995,CAR VFL,2026,M,2.18,2.53,3.0,2.57,1.8,2.09,2.35,2.71,2.66,3.15,1.61,2.18,2.55,3.57,2.53,2.49,3.19,1.29,5.0,2.27
Carlton,12,Ben Ainsworth,1998-02-10,178.0,Forward,164,28yr 2mth,Gippsland Power,2029.0,Unrestricted Free Agent,2016.0,National,1.0,4.0,2.66,B.Ainsworth 10/2/1998,CFC,2026,GF,2.61,2.97,2.74,1.95,2.24,1.97,2.08,3.41,3.17,3.05,2.97,2.54,3.6,2.41,1.96,2.44,1.99,1.98,1.96,1.79
Carlton,37,Jordan Boyd,1998-09-22,182.0,Defender,40,27yr 6mth,Footscray,2026.0,Non-Free Agent,2021.0,Mid-Season,2.0,19.0,2.05,J.Boyd 22/9/1998,CFC,2026,GD,1.34,1.81,2.12,3.04,1.35,1.04,1.76,1.44,0.27,2.98,1.83,2.43,2.68,1.82,1.82,2.48,3.14,3.57,2.35,2.99
Carlton,39,Talor Byrne,2007-11-14,174.0,MidfieldForward,4,18yr 5mth,GWV Rebels,2027.0,Unknown,2025.0,National,3.0,45.0,,,,,,,,,,,,,,,,,,,,,,,,,
Carlton,16,Ben Camporeale,2006-07-21,186.0,Midfield,0,19yr 8mth,Glenelg,2026.0,Non-Free Agent,2024.0,National,3.0,43.0,2.68,B.Camporeale 21/7/2006,CAR VFL,2026,M,2.79,2.74,2.66,2.41,2.98,2.46,2.61,2.96,3.47,2.37,2.56,2.64,1.5,3.62,2.53,2.49,1.95,2.77,2.95,2.27
Carlton,21,Lucas Camporeale,2006-07-21,184.0,Midfield,3,19yr 8mth,Glenelg,2026.0,Non-Free Agent,2024.0,National,3.0,54.0,2.41,L.Camporeale 21/7/2006,CAR VFL,2026,M,2.12,2.12,2.95,2.96,2.01,1.94,1.98,2.54,2.09,2.25,1.94,2.1,3.25,3.28,1.69,2.49,3.19,2.88,3.11,2.24
Carlton,32,Matt Carroll,2005-11-28,188.0,DefenderMidfield,22,20yr 4mth,Sandringham Dragons,2027.0,Unrestricted Free Agent,2023.0,Rookie,1.0,15.0,2.65,M.Carroll 28/11/2005,CFC,2026,W,2.55,2.71,2.42,2.88,0.87,1.96,2.71,3.8,2.05,2.49,2.92,2.93,2.08,3.99,1.93,2.5,2.07,1.9,4.29,2.68
Carlton,5,Adam Cerra,1999-10-07,188.0,Midfield,151,26yr 6mth,Eastern Ranges,2030.0,Restricted Free Agent,2017.0,National,1.0,5.0,2.39,A.Cerra 7/10/1999,CFC,2026,M,2.83,1.85,1.79,2.86,3.14,3.03,2.49,2.39,1.46,1.94,2.09,1.95,1.76,1.91,1.56,2.42,2.76,3.31,1.36,2.94
Carlton,28,Harry Charleson,2006-06-26,183.0,DefenderMidfield,0,19yr 9mth,Greater Western Victoria Rebels,2026.0,Non-Free Agent,2024.0,Rookie,1.0,9.0,2.53,H.Charleson 26/6/2006,CAR VFL,2026,GD,2.4,2.67,2.49,2.49,2.23,1.93,1.47,2.98,3.52,1.87,2.05,2.88,2.35,1.83,3.43,2.5,1.71,2.99,2.78,2.37
Carlton,31,Campbell Chesser,2003-04-27,186.0,Midfield,39,22yr 11mth,Sandringham Dragons,2027.0,Non-Free Agent,2021.0,National,1.0,14.0,2.1,C.Chesser 27/4/2003,CFC,2026,W,2.08,1.57,2.25,2.95,1.93,2.89,1.62,1.66,2.05,1.89,0.84,1.58,2.37,1.9,2.29,2.5,2.82,2.45,2.08,4.25
Carlton,46,Matt Cottrell,2000-02-29,184.0,MidfieldForward,74,26yr 1mth,Dandenong Stingrays,2027.0,Unrestricted Free Agent,2021.0,Rookie,2.0,24.0,2.2,M.Cottrell 29/2/2000,CAR VFL,2026,M,2.03,2.51,2.29,1.97,1.94,1.79,2.34,2.19,2.56,2.62,2.19,2.54,2.86,2.12,1.69,2.49,1.53,2.17,2.96,1.96
Carlton,2,Lachlan Cowan,2004-12-01,188.0,Defender,43,21yr 4mth,Tasmania Devils,2028.0,Non-Free Agent,2022.0,National,2.0,30.0,2.3,L.Cowan 1/12/2004,CFC,2026,GD,2.25,2.11,2.84,2.28,2.72,2.03,2.08,2.27,2.27,1.95,1.83,2.24,2.28,3.18,3.1,2.48,2.31,2.01,2.71,2.13
Carlton,9,Patrick Cripps,1995-03-18,195.0,Midfield,236,31yr 1mth,East Fremantle,2027.0,Unrestricted Free Agent,2013.0,National,1.0,13.0,2.93,P.Cripps 18/3/1995,CFC,2026,M,3.69,2.42,2.29,2.85,5.0,4.64,2.37,1.67,2.8,2.27,2.42,2.19,1.38,3.33,1.56,2.93,3.24,2.74,1.15,3.41
Carlton,35,Harry Dean,2007-11-13,194.0,Defender,4,18yr 5mth,Murray Bushrangers,2028.0,Unknown,2025.0,National,1.0,3.0,,,,,,,,,,,,,,,,,,,,,,,,,
Carlton,47,Wade Derksen,2001-06-18,194.0,Defender,2,24yr 10mth,Peel Thunder,2026.0,Unrestricted Free Agent,2022.0,Mid-Season,1.0,5.0,2.29,W.Derksen 18/6/2001,CFC,2026,KD,2.09,1.48,2.19,2.83,3.24,1.36,1.95,2.25,0.78,1.95,2.02,1.87,2.06,1.2,3.42,2.36,2.43,1.91,2.58,3.38
Carlton,41,Matt Duffy,2004-01-02,194.0,Defender,0,22yr 3mth,Longford GAA,2026.0,Non-Free Agent,,,,,1.71,M.Duffy 2/1/2004,CAR VFL,2026,KD,1.56,1.87,1.25,2.13,1.87,1.35,2.09,1.34,1.18,2.47,2.15,1.99,1.89,1.15,0.9,2.46,1.77,2.37,2.5,1.88
Carlton,44,Francis Evans,2001-08-23,182.0,Forward,48,24yr 7mth,Calder Cannons,2026.0,Unrestricted Free Agent,2019.0,National,2.0,41.0,2.45,F.Evans 23/8/2001,CFC,2026,GF,2.43,2.43,1.89,3.32,2.49,2.01,1.9,2.84,1.94,2.74,2.0,3.18,1.92,1.83,1.96,2.44,3.34,3.92,2.03,2.56
Carlton,14,Oliver Florent,1998-07-22,184.0,DefenderMidfield,190,27yr 8mth,Sandringham Dragons,2030.0,Unrestricted Free Agent,2016.0,National,1.0,11.0,2.85,O.Florent 22/7/1998,CFC,2026,GD,3.26,2.5,2.82,2.94,4.33,3.43,2.86,2.88,2.06,2.69,2.83,2.79,2.19,2.89,3.48,2.48,3.26,2.68,3.35,2.42
Carlton,8,Lachlan Fogarty,1999-04-01,180.0,Forward,92,27yr,Western Jets,2026.0,Non-Free Agent,2017.0,National,2.0,22.0,2.01,L.Fogarty 1/4/1999,CFC,2026,GF,2.45,1.79,1.72,2.04,2.38,2.82,2.48,2.2,3.38,1.84,1.11,1.69,1.32,1.92,1.96,2.44,1.91,2.0,2.21,2.32
Carlton,26,Nick Haynes,1992-05-18,192.0,Defender,236,33yr 11mth,Dandenong Stingrays,2026.0,Unrestricted Free Agent,2011.0,National,1.0,7.0,2.7,N.Haynes 18/5/1992,CFC,2026,GD,2.7,1.85,3.21,3.59,2.51,3.02,2.72,2.55,1.52,1.93,1.83,2.32,3.21,1.72,4.94,2.48,3.16,2.89,4.34,4.26
Carlton,19,Will Hayward,1998-10-26,186.0,Forward,189,27yr 5mth,North Adelaide,2030.0,Unrestricted Free Agent,2016.0,National,1.0,21.0,2.58,W.Hayward 26/10/1998,CFC,2026,GF,2.31,2.46,3.4,2.36,1.38,2.12,2.25,2.92,2.42,2.76,2.12,2.56,3.75,3.76,1.96,2.44,2.47,2.54,2.05,1.79
Carlton,29,George Hewett,1995-12-29,187.0,Midfield,206,30yr 3mth,North Adelaide,2027.0,Non-Free Agent,2013.0,National,2.0,32.0,2.77,G.Hewett 29/12/1995,CFC,2026,M,2.66,2.44,3.68,2.78,2.72,2.89,2.16,2.66,2.59,3.02,2.03,1.66,3.36,4.17,3.12,2.42,2.81,2.95,2.35,2.47
Carlton,20,Elijah Hollands,2002-04-25,189.0,MidfieldForward,47,23yr 11mth,Murray Bushrangers,2026.0,Unrestricted Free Agent,2020.0,National,1.0,7.0,2.11,E.Hollands 25/4/2002,CFC,2026,M,1.67,2.28,3.38,1.7,0.79,1.96,2.9,1.86,1.99,2.33,2.89,1.93,2.53,3.9,3.69,2.42,1.44,1.38,3.94,1.8
Carlton,4,Oliver Hollands,2004-01-16,184.0,Defender,71,22yr 3mth,Murray Bushrangers,2026.0,Non-Free Agent,2022.0,National,1.0,11.0,2.6,O.Hollands 16/1/2004,CFC,2026,GD,2.74,2.39,2.45,2.84,3.22,2.88,2.71,2.48,2.29,2.17,3.1,2.59,2.96,2.29,2.05,2.48,3.42,3.22,2.44,2.02
Carlton,30,Jack Ison,2007-03-26,192.0,Midfield,0,19yr,Oakleigh Chargers,2027.0,Unknown,2025.0,National,3.0,47.0,,,,,,,,,,,,,,,,,,,,,,,,,
Carlton,17,Brodie Kemp,2001-05-01,192.0,Forward,55,24yr 11mth,Bendigo Pioneers,2027.0,Restricted Free Agent,2019.0,National,1.0,17.0,2.28,B.Kemp 1/5/2001,CFC,2026,KF,2.23,2.24,2.19,2.77,1.88,2.01,2.1,2.99,3.67,2.18,1.99,2.22,2.78,1.7,2.74,1.97,3.01,2.76,2.27,2.8
Carlton,36,Cooper Lord,2005-03-20,184.0,Midfield,25,21yr 1mth,North Melbourne,2029.0,Non-Free Agent,2024.0,Mid-Season,1.0,9.0,2.85,C.Lord 20/3/2005,CFC,2026,W,3.2,3.24,2.09,2.19,2.5,5.0,2.46,2.22,3.8,2.42,2.82,3.93,2.23,1.9,1.99,2.5,2.16,2.52,2.22,1.95
Carlton,11,Mitch McGovern,1994-10-11,190.0,DefenderForward,151,31yr 6mth,Claremont,2026.0,Restricted Free Agent,,,,,2.63,M.McGovern 11/10/1994,CFC,2026,KF,2.61,3.02,1.88,3.59,1.67,3.08,2.52,2.95,3.23,3.34,2.77,3.19,1.55,1.69,2.74,1.96,3.48,3.34,4.43,3.54
Carlton,10,Harry McKay,1997-12-24,200.0,Forward,146,28yr 3mth,Gippsland Power,2030.0,Unrestricted Free Agent,2015.0,National,1.0,10.0,2.69,H.McKay 24/12/1997,CFC,2026,KF,2.88,2.43,2.93,2.43,2.02,3.65,2.22,3.07,1.8,3.13,2.25,2.3,3.39,3.17,3.2,1.96,2.61,2.07,2.96,2.4
Carlton,43,Ashton Moir,2005-04-15,188.0,Forward,12,21yr,Glenelg,2027.0,Non-Free Agent,2023.0,National,1.0,29.0,2.72,A.Moir 15/4/2005,CAR VFL,2026,GF,2.38,2.45,3.64,2.79,2.73,2.54,2.35,2.08,1.98,2.15,3.19,1.89,3.08,4.81,1.98,2.48,3.61,2.36,2.5,2.2
Carlton,34,Rob Monahan,2004-06-29,194.0,Forward,0,21yr 9mth,Kerry,2026.0,Non-Free Agent,,,,,2.42,R.Monahan 29/6/2004,CAR VFL,2026,GD,2.1,2.64,2.54,2.37,1.91,1.76,1.88,2.44,2.86,2.97,2.05,1.98,3.2,1.83,2.6,2.5,2.83,1.89,2.5,2.37
Carlton,3,Jesse Motlop,2003-11-23,180.0,Forward,63,22yr 4mth,South Fremantle,2027.0,Non-Free Agent,2021.0,National,2.0,27.0,2.7,J.Motlop 23/11/2003,CFC,2025,GF,2.79,2.58,2.28,3.39,3.25,2.77,2.97,2.53,2.68,2.49,2.57,2.68,2.24,2.26,2.4,2.46,3.68,3.45,2.25,3.33
Carlton,24,Nic Newman,1993-01-15,186.0,Defender,137,33yr 3mth,Frankston,2026.0,Restricted Free Agent,2014.0,Rookie,2.0,35.0,2.64,N.Newman 15/1/1993,CFC,2026,GD,2.13,3.01,3.07,2.39,1.98,1.76,2.94,2.25,2.66,3.67,3.22,2.4,2.64,3.99,2.5,2.48,2.98,3.22,1.43,1.59
Carlton,22,Harry O'Farrell,2006-05-03,196.0,Defender,6,19yr 11mth,Calder Cannons,2027.0,Non-Free Agent,2024.0,National,2.0,40.0,2.37,H.O'Farrell 3/5/2006,CFC,2025,KD,2.12,2.26,2.39,2.53,1.86,2.23,1.94,2.26,1.92,2.33,3.32,2.26,2.57,1.59,3.17,2.34,2.75,2.62,2.83,2.27
Carlton,40,Hudson O'Keeffe,2004-12-16,202.0,ForwardRuck,8,21yr 4mth,Oakleigh Chargers,2026.0,Non-Free Agent,,,,,1.56,H.O'Keeffe 16/12/2004,CFC,2026,R,1.47,1.58,1.56,1.67,1.34,1.41,1.47,1.68,0.77,1.82,1.74,1.98,2.2,2.15,1.17,1.28,1.81,1.63,0.79,2.12
Carlton,27,Marc Pittonet,1996-06-03,202.0,Ruck,86,29yr 10mth,Oakleigh Chargers,2027.0,Restricted Free Agent,2014.0,National,3.0,50.0,2.71,M.Pittonet 3/6/1996,CFC,2026,R,2.95,3.0,2.53,2.4,3.7,3.13,2.4,2.31,2.97,2.2,4.29,2.57,1.65,2.5,2.02,3.08,2.46,2.52,2.06,2.47
Carlton,25,Liam Reidy,2000-06-14,204.0,ForwardRuck,4,25yr 10mth,Frankston Dolphins,2028.0,Non-Free Agent,2022.0,Rookie,1.0,13.0,2.98,L.Reidy 14/6/2000,CAR VFL,2026,R,3.83,2.83,2.77,2.66,4.73,3.85,3.49,3.02,3.08,2.64,2.56,3.04,2.63,2.69,3.24,2.57,2.51,3.44,2.5,2.3
Carlton,42,Adam Saad,1994-07-23,178.0,Defender,217,31yr 8mth,Coburg,2026.0,Non-Free Agent,2014.0,Rookie,2.0,25.0,2.79,A.Saad 23/7/1994,CAR VFL,2026,GD,2.97,3.08,1.57,2.94,1.95,3.6,2.47,3.0,3.19,3.16,2.05,3.27,1.15,1.83,1.77,2.5,3.39,3.11,2.5,2.66
Carlton,7,Jagga Smith,2006-01-28,182.0,Midfield,6,20yr 2mth,Oakleigh Chargers,2030.0,Non-Free Agent,2024.0,National,1.0,3.0,2.29,J.Smith 28/1/2006,CFC,2026,M,2.44,2.48,2.02,1.92,2.18,2.12,2.85,2.89,3.48,1.89,2.1,2.64,1.5,2.63,1.56,2.42,1.88,1.87,2.03,2.15
Carlton,18,Sam Walsh,2000-07-02,184.0,Midfield,139,25yr 9mth,Geelong Falcons,2034.0,Unrestricted Free Agent,2018.0,National,1.0,1.0,2.86,S.Walsh 2/7/2000,CFC,2026,M,3.0,2.88,2.25,3.04,2.67,3.1,2.88,3.44,3.82,2.58,1.87,3.26,2.25,1.86,3.12,2.42,3.16,2.82,3.97,2.53
Carlton,23,Jacob Weitering,1997-11-23,195.0,Defender,209,28yr 4mth,Mount Eliza Football Club,2031.0,Unrestricted Free Agent,2015.0,National,1.0,1.0,2.73,J.Weitering 23/11/1997,CFC,2026,KD,2.64,2.47,2.6,3.0,1.76,3.01,2.35,2.94,2.47,2.59,2.02,2.37,2.88,2.26,2.79,2.3,1.77,2.14,3.64,3.12
Carlton,6,Zachary Williams,1994-09-20,186.0,DefenderForward,179,31yr 7mth,Narrandera,2026.0,Non-Free Agent,2013.0,National,8.0,95.0,2.9,Z.Williams 20/9/1994,CFC,2026,GD,3.69,2.73,1.77,3.01,5.0,4.41,3.35,2.72,2.71,2.52,4.17,2.43,1.09,2.29,1.97,2.48,3.63,3.79,2.61,1.56
Carlton,15,Billy Wilson,2005-06-16,183.0,Defender,4,20yr 10mth,Dandenong Stringrays,2026.0,Non-Free Agent,2023.0,National,2.0,34.0,2.76,B.Wilson 16/6/2005,CAR VFL,2026,GD,3.38,2.92,2.0,2.38,3.64,3.34,3.02,3.41,3.41,2.54,2.9,2.72,2.43,1.77,1.77,2.5,2.27,2.43,2.5,2.29
Carlton,45,Flynn Young,2002-02-03,181.0,Forward,8,24yr 2mth,Werribee,2026.0,Non-Free Agent,2025.0,Mid-Season,1.0,4.0,3.45,F.Young 3/2/2002,CAR VFL,2026,GF,3.57,3.66,3.7,2.35,2.91,3.18,3.42,4.24,2.59,3.12,4.74,3.48,5.0,2.55,3.98,2.48,2.21,2.45,2.5,2.34
Carlton,33,Lewis Young,1998-12-20,202.0,Defender,86,27yr 4mth,Sturt,2026.0,Non-Free Agent,2016.0,National,3.0,49.0,2.34,L.Young 20/12/1998,CFC,2026,KD,2.56,1.99,1.86,2.76,3.84,2.16,2.96,1.97,2.09,1.79,2.02,2.38,1.49,2.24,1.69,3.96,2.48,2.72,2.5,3.02
Collingwood,16,Edward Allan,2004-05-26,194.0,Midfield,19,21yr 10mth,Claremont,2026.0,Non-Free Agent,2022.0,National,1.0,19.0,1.86,E.Allan 26/5/2004,COFC,2026,W,1.92,1.59,1.98,2.16,1.66,2.37,1.85,1.73,1.83,1.57,1.68,1.5,2.18,1.9,1.7,2.5,2.65,2.97,1.57,1.88
Collingwood,41,Angus Anderson,2003-05-25,193.0,Midfield,2,22yr 10mth,Sturt,2027.0,Unknown,2025.0,National,4.0,57.0,2.2,A.Anderson 25/5/2003,COFC,2026,M,1.96,1.82,2.49,2.99,1.67,1.98,2.79,1.84,0.18,2.48,2.25,2.31,2.87,1.91,3.12,2.42,3.13,3.23,2.19,2.31
Collingwood,34,Jack Buller,2001-05-16,199.0,Forward,12,24yr 11mth,Claremont,2027.0,Non-Free Agent,2023.0,Mid-Season,2.0,15.0,1.61,J.Buller 16/5/2001,COFC,2026,GF,1.57,1.31,1.73,2.24,1.81,2.05,1.47,1.12,1.58,1.36,1.19,1.23,1.35,1.92,1.96,3.07,2.48,2.35,1.62,1.79
Collingwood,14,Darcy Cameron,1995-07-18,204.0,Ruck,126,30yr 9mth,Claremont,2029.0,Unrestricted Free Agent,2016.0,National,3.0,48.0,2.89,D.Cameron 18/7/1995,COFC,2026,R,2.96,2.47,3.23,2.62,3.13,3.42,2.63,2.58,2.2,3.08,2.19,2.39,3.44,3.6,4.57,2.1,2.67,2.93,3.68,1.76
Collingwood,27,Joel Cochran,2006-03-28,195.0,Defender,0,20yr,UNSW-Eastern Suburbs,2026.0,Non-Free Agent,2024.0,National,3.0,47.0,2.57,J.Cochran 28/3/2006,COFC VFL,2026,GD,2.07,2.25,3.22,3.13,1.63,2.09,2.3,2.14,1.74,2.53,2.05,2.77,2.11,3.8,3.83,2.5,4.5,1.81,3.75,2.61
Collingwood,25,Jack Crisp,1993-10-02,190.0,Midfield,280,32yr 6mth,Murray Bushrangers,2026.0,Unrestricted Free Agent,2012.0,National,5.0,86.0,3.31,J.Crisp 2/10/1993,COFC,2026,W,3.53,2.82,4.21,3.19,2.04,3.61,3.32,4.26,4.29,2.65,2.41,2.77,3.93,4.04,4.78,2.5,3.08,2.12,4.2,2.98
Collingwood,7,Josh Daicos,1998-11-26,178.0,Defender,157,27yr 4mth,Oakleigh Chargers,2030.0,Unrestricted Free Agent,2016.0,National,4.0,57.0,2.99,J.Daicos 26/11/1998,COFC,2026,GD,3.66,3.3,2.18,2.36,4.18,3.32,1.86,4.12,3.12,3.75,2.1,3.4,3.06,1.82,1.58,2.48,2.58,2.99,2.19,1.34
Collingwood,35,Nick Daicos,2003-01-03,184.0,Midfield,100,23yr 3mth,Oakleigh Chargers,2029.0,Restricted Free Agent,2021.0,National,1.0,4.0,3.09,N.Daicos 3/1/2003,COFC,2026,M,3.4,3.79,2.68,1.8,3.07,2.98,2.94,4.57,3.89,3.5,3.9,4.06,3.32,2.67,1.56,2.42,1.66,1.74,2.27,2.1
Collingwood,2,Jordan De Goey,1996-03-15,188.0,MidfieldForward,187,30yr 1mth,Oakleigh Chargers,2027.0,Unrestricted Free Agent,2014.0,National,1.0,5.0,1.99,J.De Goey 15/3/1996,COFC,2026,M,1.42,2.38,3.19,1.49,1.2,1.2,2.18,1.49,2.02,2.62,2.79,2.0,2.66,4.05,2.18,2.42,1.43,1.36,1.6,2.17
Collingwood,13,Harry Demattia,2005-09-11,186.0,Midfield,0,20yr 7mth,Dandenong Stingrays,2027.0,Non-Free Agent,2023.0,National,1.0,25.0,,,,,,,,,,,,,,,,,,,,,,,,,
Collingwood,5,Jamie Elliott,1992-08-21,178.0,Forward,225,33yr 7mth,Murray Bushrangers,2027.0,Unrestricted Free Agent,,,,,2.37,J.Elliott 21/8/1992,COFC,2026,GF,2.07,2.64,2.55,2.08,2.36,2.02,2.03,1.98,2.25,2.5,3.07,2.36,3.16,2.34,1.96,2.44,1.75,2.12,2.18,2.65
Collingwood,17,Billy Frampton,1996-11-20,201.0,Defender,80,29yr 5mth,South Fremantle,2026.0,Non-Free Agent,2014.0,National,6.0,84.0,2.71,B.Frampton 20/11/1996,COFC,2026,KD,2.33,2.63,2.75,2.92,1.76,2.64,2.21,2.4,2.67,2.73,2.02,2.68,3.56,2.07,2.95,2.36,2.39,2.26,3.02,3.19
Collingwood,36,Harvey Harrison,2003-11-10,181.0,Forward,16,22yr 5mth,North Adelaide,2027.0,Non-Free Agent,2021.0,National,3.0,52.0,2.55,H.Harrison 10/11/2003,COFC VFL,2026,GF,2.63,2.57,2.11,2.96,2.3,2.61,2.96,2.73,2.22,3.21,1.9,2.97,2.39,1.94,1.98,2.48,3.61,2.87,2.5,2.02
Collingwood,39,Will Hayes,2006-05-16,180.0,Forward,4,19yr 11mth,Claremont,2028.0,Non-Free Agent,2022.0,Mid-Season,2.0,22.0,2.06,W.Hayes 16/5/2006,COFC,2026,GF,1.54,2.19,2.86,1.73,1.38,1.33,1.93,1.68,2.44,2.3,1.9,2.35,3.03,1.92,4.68,2.44,1.08,1.37,2.81,3.46
Collingwood,23,Bobby Hill,2000-02-09,175.0,Forward,102,26yr 2mth,Perth,2030.0,Restricted Free Agent,2018.0,National,2.0,24.0,2.68,B.Hill 9/2/2000,COFC,2025,GF,2.27,3.05,2.82,2.41,2.03,2.3,2.66,2.27,2.24,2.7,3.81,2.92,2.94,2.39,3.59,2.46,2.67,2.34,1.97,2.3
Collingwood,9,Dan Houston,1997-05-12,186.0,Defender,195,28yr 11mth,Oakleigh Chargers,2030.0,Non-Free Agent,2015.0,Rookie,3.0,45.0,2.85,D.Houston 12/5/1997,COFC,2026,GD,2.88,2.99,3.06,2.49,3.37,2.44,2.0,3.2,3.3,2.74,3.16,2.82,3.93,2.24,3.01,2.48,2.52,2.42,2.59,2.42
Collingwood,38,Jeremy Howe,1990-06-29,190.0,Defender,275,35yr 9mth,Hobart,2026.0,Unrestricted Free Agent,2010.0,National,2.0,33.0,2.47,J.Howe 29/6/1990,COFC,2026,KD,2.21,2.39,2.73,2.41,1.76,2.55,2.05,2.21,1.67,3.13,2.02,2.71,2.97,2.55,2.77,2.36,2.17,2.09,2.47,2.53
Collingwood,40,Noah Howes,2005-10-28,196.0,Forward,0,20yr 5mth,South Adelaide,2026.0,Non-Free Agent,2025.0,Mid-Season,2.0,15.0,2.16,N.Howes 28/10/2005,COFC VFL,2026,KF,1.98,2.24,2.18,2.24,1.78,1.61,2.09,2.61,3.08,2.26,2.16,1.95,2.94,1.61,2.42,2.05,2.73,1.33,2.5,2.9
Collingwood,19,Tew Jiath,2005-03-02,188.0,Defender,1,21yr 1mth,Gippsland Power,2027.0,Non-Free Agent,2023.0,National,2.0,37.0,,,,,,,,,,,,,,,,,,,,,,,,,
Collingwood,1,Patrick Lipinski,1998-07-17,190.0,MidfieldForward,147,27yr 9mth,Northern Knights,2027.0,Non-Free Agent,2016.0,National,2.0,28.0,2.14,P.Lipinski 17/7/1998,COFC,2026,M,1.67,2.38,2.98,1.97,1.05,1.27,2.27,2.57,2.54,2.43,1.98,2.48,3.35,2.63,3.12,2.42,1.63,2.01,2.47,2.73
Collingwood,44,Ned Long,2003-02-05,194.0,Midfield,43,23yr 2mth,Northern Knights,2027.0,Unrestricted Free Agent,2024.0,Mid-Season,2.0,19.0,2.19,N.Long 5/2/2003,COFC,2026,M,1.85,1.85,2.28,3.23,1.9,1.76,1.77,1.92,2.29,1.44,2.27,1.61,1.86,2.69,2.08,2.42,3.56,3.46,1.83,2.43
Collingwood,4,Brayden Maynard,1996-09-20,189.0,Defender,235,29yr 7mth,Sandringham Dragons,2029.0,Unrestricted Free Agent,2014.0,National,2.0,30.0,2.87,B.Maynard 20/9/1996,COFC,2026,KD,3.29,3.19,2.3,3.0,2.73,3.28,2.6,4.01,2.86,3.53,2.54,3.76,2.92,2.31,1.84,2.37,4.67,4.69,2.21,2.59
Collingwood,37,Zac McCarthy,2007-10-27,199.0,ForwardRuck,0,18yr 5mth,Oakleigh Chargers,2027.0,Unknown,2025.0,National,3.0,55.0,,,,,,,,,,,,,,,,,,,,,,,,,
Collingwood,31,Beau McCreery,2001-04-19,186.0,Forward,102,25yr,South Adelaide,2027.0,Non-Free Agent,2020.0,National,3.0,44.0,2.75,B.McCreery 19/4/2001,COFC,2026,GF,2.93,2.65,2.02,3.55,3.63,2.75,2.8,2.76,3.07,2.74,2.15,3.23,2.19,1.92,1.96,2.44,4.1,3.51,2.61,3.02
Collingwood,26,Reef McInnes,2002-12-12,194.0,Defender,23,23yr 4mth,Oakleigh Chargers,2027.0,Non-Free Agent,2020.0,National,1.0,23.0,2.07,R.McInnes 12/12/2002,COFC VFL,2026,KD,1.59,2.37,2.11,2.19,1.87,1.11,1.76,1.88,2.75,1.99,2.15,2.51,2.71,1.77,2.06,2.46,1.77,2.14,2.5,2.09
Collingwood,11,Daniel McStay,1995-06-24,195.0,Forward,204,30yr 9mth,Eastern Ranges,2027.0,Non-Free Agent,2013.0,National,2.0,25.0,2.41,D.McStay 24/6/1995,COFC,2026,KF,2.21,2.24,2.7,2.65,3.14,1.9,1.95,1.87,2.28,1.78,2.4,2.43,3.13,3.08,1.82,2.28,2.69,3.0,1.63,2.72
Collingwood,28,Tim Membrey,1994-05-26,188.0,Forward,208,31yr 10mth,Gippsland Power,2026.0,Unrestricted Free Agent,2012.0,National,3.0,46.0,2.18,T.Membrey 26/5/1994,COFC,2026,KF,1.88,2.37,2.22,2.08,1.67,1.49,1.81,2.7,2.14,2.57,2.33,2.29,3.0,2.03,1.82,1.96,1.82,1.93,1.86,2.9
Collingwood,30,Darcy Moore,1996-01-25,203.0,Defender,196,30yr 2mth,Oakleigh Chargers,2028.0,Unrestricted Free Agent,2014.0,National,1.0,9.0,3.09,D.Moore 25/1/1996,COFC,2025,KD,2.45,2.66,3.14,3.61,1.83,2.85,2.9,2.16,3.12,2.36,1.98,2.64,2.39,3.15,3.67,2.34,3.16,2.86,4.02,3.69
Collingwood,15,Wil Parker,2002-05-29,183.0,Defender,11,23yr 10mth,Eastern Ranges,2026.0,Non-Free Agent,,,,,1.81,W.Parker 29/5/2002,COFC,2026,KD,2.01,1.93,1.11,2.24,1.76,2.01,2.3,2.05,1.65,2.07,2.02,2.37,0.76,1.2,1.26,2.36,2.08,1.3,2.66,2.32
Collingwood,10,Scott Pendlebury,1988-01-07,191.0,Midfield,430,38yr 3mth,Gippsland Power,2026.0,Unrestricted Free Agent,2005.0,National,1.0,5.0,2.43,S.Pendlebury 7/1/1988,COFC,2026,M,2.19,2.61,2.95,2.19,1.72,1.67,2.84,2.96,3.11,3.21,1.38,2.16,3.54,2.83,2.18,2.42,2.03,2.27,2.1,2.63
Collingwood,12,Harry Perryman,1998-12-19,187.0,Defender,160,27yr 4mth,Collingullie,2030.0,Non-Free Agent,2016.0,National,1.0,14.0,2.61,H.Perryman 19/12/1998,COFC,2026,GD,2.54,2.23,3.11,2.91,2.16,3.07,2.35,2.35,2.18,2.17,2.45,2.31,2.81,3.51,2.99,2.48,2.97,3.33,2.67,2.5
Collingwood,18,Tyan Prindable,2007-01-25,182.0,Midfield,0,19yr 2mth,Brisbane Lions Academy,2027.0,Unknown,2025.0,National,2.0,32.0,,,,,,,,,,,,,,,,,,,,,,,,,
Collingwood,3,Isaac Quaynor,2000-01-15,180.0,Defender,139,26yr 3mth,Oakleigh Chargers,2029.0,Unrestricted Free Agent,2018.0,National,1.0,13.0,2.46,I.Quaynor 15/1/2000,COFC,2026,GD,2.22,2.37,2.7,2.68,1.9,1.83,2.36,2.55,1.81,2.9,1.83,2.71,2.96,2.36,2.77,2.48,2.29,2.21,2.71,3.82
Collingwood,24,Jakob Ryan,2004-09-20,189.0,Defender,1,21yr 7mth,Glenelg,2026.0,Non-Free Agent,2022.0,National,2.0,28.0,2.95,J.Ryan 20/9/2004,COFC VFL,2026,GD,2.63,3.52,3.26,2.28,2.23,2.5,2.08,2.98,3.83,3.65,2.9,3.07,2.96,2.72,4.25,2.5,1.71,2.6,2.5,2.24
Collingwood,43,Jai Saxena,2007-07-27,179.0,Forward,0,18yr 8mth,Oakleigh Chargers,2026.0,Non-Free Agent,,,,,,,,,,,,,,,,,,,,,,,,,,,,,
Collingwood,8,Lachlan Schultz,1997-11-30,178.0,Forward,132,28yr 4mth,Williamstown,2027.0,Unrestricted Free Agent,2018.0,National,4.0,57.0,3.14,L.Schultz 30/11/1997,COFC,2026,GF,3.03,2.87,3.53,3.48,2.51,3.25,2.78,3.2,2.09,3.44,2.78,2.57,4.0,3.86,1.96,2.44,3.57,4.08,2.55,2.25
Collingwood,22,Steele Sidebottom,1991-01-02,184.0,Midfield,359,35yr 3mth,Murray Bushrangers,2026.0,Unrestricted Free Agent,2008.0,National,1.0,11.0,2.58,S.Sidebottom 2/1/1991,COFC,2026,W,3.0,2.22,3.49,1.9,4.81,1.66,2.71,3.18,3.0,2.2,1.39,2.47,3.51,3.47,3.48,2.5,2.23,1.32,1.33,2.65
Collingwood,20,Iliro Smit,2005-08-09,200.0,Ruck,0,20yr 8mth,Eastern Ranges,2026.0,Non-Free Agent,2024.0,Mid-Season,1.0,10.0,2.04,I.Smit 9/8/2005,COFC VFL,2026,R,1.98,1.94,1.95,2.51,1.74,1.78,2.34,2.16,1.14,2.04,2.56,2.0,2.03,1.41,1.71,2.42,1.58,3.23,2.5,2.52
Collingwood,45,Roan Steele,2001-10-22,183.0,Midfield,11,24yr 5mth,West Perth,2028.0,Non-Free Agent,2025.0,Mid-Season,1.0,8.0,2.04,R.Steele 22/10/2001,COFC,2026,W,1.79,2.24,2.05,2.07,1.86,1.76,2.03,1.72,1.75,1.79,3.19,2.22,2.32,1.79,1.8,2.5,2.51,2.28,1.29,2.42
Collingwood,21,Oscar Steene,2003-08-23,201.0,ForwardRuck,4,22yr 7mth,West Adelaide,2027.0,Non-Free Agent,,,,,2.27,O.Steene 23/8/2003,COFC,2026,R,1.65,2.56,2.39,2.31,1.21,1.85,2.1,1.61,2.84,2.37,3.35,1.69,3.34,2.93,2.41,1.79,1.65,1.86,3.12,2.56
Collingwood,33,Lachie Sullivan,1997-09-25,180.0,Forward,25,28yr 6mth,Footscray,2026.0,Non-Free Agent,,,,,3.01,L.Sullivan 25/9/1997,COFC VFL,2026,GF,3.67,2.65,2.16,3.65,4.42,3.76,2.19,3.61,4.74,1.96,2.13,3.4,1.69,1.94,3.48,2.48,4.54,3.49,2.5,2.75
Collingwood,32,Samuel Swadling,2007-01-16,189.0,Midfield,0,19yr 3mth,West Perth,2027.0,Unknown,2025.0,National,3.0,37.0,,,,,,,,,,,,,,,,,,,,,,,,,
Collingwood,29,Charlie West,2006-02-01,194.0,Forward,1,20yr 2mth,Woodville-West Torrens,2028.0,Non-Free Agent,2024.0,National,3.0,50.0,2.72,C.West 1/2/2006,COFC VFL,2026,KF,2.62,2.89,2.72,2.31,2.2,3.09,2.01,2.76,2.95,2.43,2.97,3.35,2.09,3.95,2.04,2.05,2.73,1.84,2.5,2.38
Essendon,46,Lachlan Blakiston,1998-09-09,203.0,DefenderRuck,17,27yr 7mth,East Fremantle,2028.0,Non-Free Agent,2025.0,Mid-Season,1.0,13.0,2.12,L.Blakiston 9/9/1998,EFC,2026,R,2.05,2.19,2.06,2.25,1.6,1.89,2.84,2.12,1.78,2.63,2.06,2.3,2.5,1.69,2.57,1.86,2.0,2.27,2.66,2.15
Essendon,39,Cillian Bourke,2006-06-07,190.0,Defender,0,19yr 10mth,County Offaly,2027.0,Unknown,,,,,,,,,,,,,,,,,,,,,,,,,,,,,
Essendon,24,Nick Bryan,2001-10-22,203.0,Ruck,23,24yr 5mth,Oakleigh Chargers,2027.0,Restricted Free Agent,2019.0,National,2.0,38.0,2.36,N.Bryan 22/10/2001,ESS VFL,2026,R,2.9,2.41,2.1,2.27,3.13,3.18,2.63,2.56,2.54,2.88,1.39,2.84,1.98,1.49,1.71,2.75,2.51,3.03,2.1,1.68
Essendon,30,Nate Caddy,2005-07-14,193.0,Forward,32,20yr 9mth,Northern Knights,2028.0,Non-Free Agent,2023.0,National,1.0,10.0,2.25,N.Caddy 14/7/2005,EFC,2026,KF,2.41,2.54,1.82,2.16,2.01,2.11,2.66,3.09,1.97,2.13,2.84,2.62,2.39,1.32,1.82,1.96,2.25,2.3,2.85,1.27
Essendon,6,Jye Caldwell,2000-09-28,183.0,Midfield,95,25yr 6mth,Bendigo Pioneers,2028.0,Restricted Free Agent,2018.0,National,1.0,11.0,2.47,J.Caldwell 28/9/2000,EFC,2026,M,2.56,2.46,1.94,2.74,2.99,2.43,1.93,2.48,1.57,2.69,3.17,2.46,2.21,1.91,1.56,2.42,3.0,2.96,1.19,2.35
Essendon,36,Angus Clarke,2006-05-08,188.0,DefenderMidfield,14,19yr 11mth,Glenelg,2028.0,Non-Free Agent,2024.0,National,2.0,39.0,,,,,,,,,,,,,,,,,,,,,,,,,
Essendon,13,Nikolas Cox,2002-01-15,200.0,Midfield,53,24yr 3mth,Northern Knights,2026.0,Non-Free Agent,2020.0,National,1.0,8.0,2.22,N.Cox 15/1/2002,ESS VFL,2026,M,1.75,2.44,2.86,2.22,1.5,1.74,2.67,1.54,1.62,2.39,4.16,1.83,3.09,3.21,1.69,3.12,2.78,1.37,2.34,3.26
Essendon,44,Archer Day-Wicks,2006-05-13,186.0,MidfieldForward,9,19yr 11mth,Bendigo Pioneers,2026.0,Non-Free Agent,2024.0,Rookie,1.0,6.0,1.91,A.Day-Wicks 13/5/2006,EFC,2026,M,1.33,1.76,2.5,2.73,0.95,1.35,1.84,1.55,1.74,1.42,1.91,2.21,2.9,1.91,3.12,2.42,2.76,2.59,2.07,3.81
Essendon,22,Sam Durham,2001-07-09,185.0,MidfieldForward,97,24yr 9mth,Richmond,2032.0,Unrestricted Free Agent,2021.0,Mid-Season,1.0,9.0,2.43,S.Durham 9/7/2001,EFC,2026,M,2.06,2.49,3.09,2.51,1.65,2.11,2.84,2.12,2.9,2.11,2.5,2.63,2.31,3.66,3.17,2.42,2.4,2.51,2.33,3.13
Essendon,28,Xavier Duursma,2000-07-07,186.0,Midfield,116,25yr 9mth,Gippsland Power,2027.0,Non-Free Agent,2018.0,National,1.0,18.0,2.26,X.Duursma 7/7/2000,EFC,2026,W,2.49,2.16,2.45,1.97,1.74,3.11,2.52,2.4,3.36,2.13,3.93,0.99,2.31,3.76,1.8,2.5,2.45,1.5,2.07,1.86
Essendon,45,Tom Edwards,2000-05-20,191.0,Forward,5,25yr 11mth,Swan Districts,2026.0,Non-Free Agent,,,,,2.39,T.Edwards 20/5/2000,EFC,2026,KF,2.08,2.67,2.16,2.9,1.67,2.19,2.24,2.25,1.3,2.68,2.86,2.92,1.89,2.18,2.91,1.96,3.0,2.87,3.22,2.6
Essendon,33,Hussien El Achkar,2007-04-02,171.0,Forward,2,19yr,Calder Cannons,2027.0,Unknown,2025.0,National,3.0,53.0,,,,,,,,,,,,,,,,,,,,,,,,,
Essendon,41,Saad El-Hawli,2001-05-15,184.0,Midfield,12,24yr 11mth,Northern Bullants,2026.0,Non-Free Agent,2024.0,Mid-Season,1.0,13.0,2.16,S.El-Hawli 15/5/2001,EFC,2026,W,2.13,1.96,2.25,2.47,2.04,2.33,2.65,1.89,1.25,2.29,2.74,1.51,2.25,1.9,2.48,2.5,2.53,2.2,3.24,1.86
Essendon,2,Jacob Farrow,2007-09-21,188.0,DefenderMidfield,4,18yr 6mth,West Perth,2028.0,Unknown,2025.0,National,1.0,10.0,,,,,,,,,,,,,,,,,,,,,,,,,
Essendon,8,Brayden Fiorini,1997-08-22,187.0,Midfield,125,28yr 7mth,Northern Knights,2029.0,Unrestricted Free Agent,2015.0,National,1.0,20.0,2.19,B.Fiorini 22/8/1997,EFC,2026,W,2.08,2.26,2.05,2.36,1.2,2.54,2.42,2.08,3.12,1.34,3.95,1.89,2.32,1.9,1.7,2.5,1.72,2.38,1.92,3.21
Essendon,19,Kayle Gerreyn,2006-05-10,199.0,Ruck,0,19yr 11mth,West Perth,2026.0,Non-Free Agent,2024.0,National,2.0,37.0,2.26,K.Gerreyn 10/5/2006,ESS VFL,2026,KF,2.5,2.13,2.18,2.35,2.28,2.16,2.37,3.29,2.45,3.76,1.12,2.59,2.55,1.01,4.04,2.35,2.07,1.9,2.5,3.47
Essendon,11,Jade Gresham,1997-08-24,177.0,Forward,181,28yr 7mth,Northern Knights,2026.0,Unrestricted Free Agent,2015.0,National,1.0,18.0,2.49,J.Gresham 24/8/1997,EFC,2026,GF,2.25,3.02,2.02,2.36,2.1,2.17,3.15,2.15,3.11,2.99,3.5,1.88,2.19,1.92,1.96,2.44,2.31,2.52,1.43,2.66
Essendon,35,Matt Guelfi,1997-08-14,184.0,Forward,123,28yr 8mth,Claremont,2026.0,Restricted Free Agent,2017.0,National,5.0,76.0,1.87,M.Guelfi 14/8/1997,EFC,2026,GF,2.13,1.5,1.54,2.62,2.44,2.66,2.5,1.49,2.42,1.37,1.11,1.81,0.82,1.92,1.96,2.44,2.55,2.25,3.42,3.27
Essendon,18,Lewis Hayes,2004-12-17,199.0,Defender,1,21yr 4mth,Eastern Ranges,2026.0,Non-Free Agent,2022.0,National,2.0,25.0,3.31,L.Hayes 17/12/2004,ESS VFL,2025,GD,2.69,3.22,4.51,3.34,1.54,3.02,2.18,2.98,3.09,3.84,1.83,3.04,4.93,4.88,3.57,2.49,2.03,3.31,3.84,4.4
Essendon,40,Zak Johnson,2006-12-24,185.0,Defender,13,19yr 3mth,Northern Knights,2026.0,Non-Free Agent,2024.0,National,5.0,70.0,1.96,Z.Johnson 24/12/2006,EFC,2026,GD,2.01,2.29,2.01,1.41,1.85,1.25,1.39,2.71,2.69,2.07,2.24,1.97,2.67,1.82,1.46,2.48,1.13,1.1,1.12,2.59
Essendon,23,Harrison Jones,2001-02-25,196.0,MidfieldForward,59,25yr 1mth,Calder Cannons,2027.0,Restricted Free Agent,2019.0,National,2.0,30.0,1.83,H.Jones 25/2/2001,ESS VFL,2026,M,1.34,1.88,2.37,2.2,1.24,1.16,2.25,1.12,0.54,2.39,3.38,1.16,3.08,2.12,1.69,2.49,2.78,1.54,2.5,2.24
Essendon,10,Isaac Kako,2006-03-07,175.0,Forward,28,20yr 1mth,Calder Cannons,2029.0,Non-Free Agent,2024.0,National,1.0,13.0,2.55,I.Kako 7/3/2006,EFC,2026,GF,2.75,2.71,2.29,2.11,2.89,3.01,3.23,2.36,2.84,2.49,3.01,2.42,2.14,2.56,1.96,2.44,2.14,1.91,2.34,2.43
Essendon,29,Max Kondogiannis,2007-11-14,191.0,Defender,2,18yr 5mth,Oakleigh Chargers,2027.0,Unknown,2025.0,National,2.0,36.0,,,,,,,,,,,,,,,,,,,,,,,,,
Essendon,4,Kyle Langford,1996-12-01,192.0,MidfieldForward,168,29yr 4mth,Northern Knights,2027.0,Unrestricted Free Agent,2014.0,National,1.0,17.0,2.88,K.Langford 1/12/1996,EFC,2026,GF,2.94,2.4,3.76,2.71,2.55,2.79,2.7,3.3,3.21,2.79,1.48,2.8,3.2,3.42,5.0,3.7,2.26,2.3,5.0,3.23
Essendon,37,Nicholas Martin,2001-04-03,192.0,MidfieldForward,83,25yr,Colts,2027.0,Non-Free Agent,,,,,2.87,N.Martin 3/4/2001,EFC,2025,M,2.11,3.47,4.03,2.43,1.1,1.66,2.57,3.69,3.02,3.91,3.01,3.7,4.71,3.33,4.44,2.41,2.02,2.02,4.14,4.0
Essendon,26,Archie May,2004-08-27,198.0,Forward,12,21yr 7mth,Subiaco,2028.0,Non-Free Agent,2025.0,Mid-Season,1.0,6.0,2.46,A.May 27/8/2004,EFC,2026,KF,1.78,2.1,3.19,3.22,1.67,1.81,2.58,1.35,2.03,2.22,1.94,2.46,2.81,4.19,2.93,2.35,3.57,3.67,2.29,2.59
Essendon,1,Andrew McGrath,1998-06-02,180.0,Defender,186,27yr 10mth,Sandringham Dragons,2030.0,Unrestricted Free Agent,2016.0,National,1.0,1.0,2.87,A.McGrath 2/6/1998,EFC,2026,GD,3.14,2.96,2.17,2.88,3.59,3.25,2.56,3.05,3.68,2.5,2.56,2.71,1.94,2.31,2.29,2.48,3.03,3.48,2.73,1.98
Essendon,32,Ben McKay,1997-12-24,202.0,Defender,110,28yr 3mth,Gippsland Power,2029.0,Non-Free Agent,2015.0,National,1.0,21.0,2.39,B.McKay 24/12/1997,EFC,2026,KD,1.82,2.17,2.94,2.35,1.76,1.55,2.58,1.8,2.46,1.99,2.02,1.85,3.0,2.92,2.92,2.37,2.14,2.48,2.52,2.24
Essendon,48,Liam McMahon,2002-05-02,197.0,Forward,7,23yr 11mth,Northern Knights,2026.0,Unrestricted Free Agent,2020.0,National,2.0,31.0,2.22,L.McMahon 2/5/2002,ESS VFL,2026,KF,1.89,2.74,1.96,2.01,1.78,1.55,2.25,2.24,2.76,2.59,2.94,2.33,2.55,1.43,2.04,2.05,2.07,1.68,2.5,2.16
Essendon,7,Zachary Merrett,1995-10-03,179.0,Midfield,257,30yr 6mth,Sandringham Dragons,2027.0,Unrestricted Free Agent,2013.0,National,2.0,26.0,2.98,Z.Merrett 3/10/1995,EFC,2026,M,2.69,3.28,2.87,3.11,2.27,2.74,2.36,3.41,3.19,3.57,2.72,3.43,3.37,2.6,2.6,2.42,3.17,2.91,4.0,2.75
Essendon,42,Jayden Nguyen,2006-07-27,178.0,Defender,7,19yr 8mth,Calder Cannons,2026.0,Non-Free Agent,,,,,1.9,J.Nguyen 27/7/2006,EFC,2026,GD,2.11,2.58,1.23,1.16,2.51,2.23,1.81,1.96,4.75,1.1,1.83,1.76,0.76,1.82,1.1,2.48,0.56,1.02,1.28,1.95
Essendon,3,Darcy Parish,1997-07-25,180.0,Midfield,171,28yr 8mth,Geelong Falcons,2029.0,Unrestricted Free Agent,2015.0,National,1.0,5.0,2.57,D.Parish 25/7/1997,EFC,2026,M,2.94,2.58,2.56,1.92,3.61,2.8,2.14,2.64,2.7,3.14,1.38,2.67,2.47,2.62,2.6,2.42,1.94,1.95,1.84,1.8
Essendon,16,Archie Perkins,2002-03-26,188.0,Forward,105,24yr,Sandringham Dragons,2026.0,Non-Free Agent,2020.0,National,1.0,9.0,2.29,A.Perkins 26/3/2002,EFC,2026,GF,2.06,2.13,3.17,1.95,1.48,1.74,1.68,2.69,3.04,1.86,1.9,2.37,3.45,3.5,1.96,2.44,1.94,2.06,1.73,1.79
Essendon,25,Jaxon Prior,2001-06-04,189.0,Defender,67,24yr 10mth,West Perth,2026.0,Unrestricted Free Agent,2019.0,National,4.0,59.0,2.65,J.Prior 4/6/2001,EFC,2026,GD,2.55,2.54,2.64,2.92,2.39,2.72,2.19,2.58,2.42,2.91,1.83,2.44,2.83,1.78,3.41,2.48,2.9,3.05,2.94,2.74
Essendon,27,Mason Redman,1997-08-26,187.0,Defender,145,28yr 7mth,Glenelg,2028.0,Unrestricted Free Agent,2015.0,National,2.0,30.0,2.25,M.Redman 26/8/1997,EFC,2026,GD,1.23,2.79,3.37,1.85,1.35,1.03,1.66,1.23,2.46,3.47,1.83,2.66,2.62,3.61,3.96,2.48,1.68,1.91,1.95,1.85
Essendon,31,Zach Reid,2002-03-02,202.0,Defender,25,24yr 1mth,Gippsland Power,2028.0,Restricted Free Agent,2020.0,National,1.0,10.0,1.87,Z.Reid 2/3/2002,EFC,2026,KD,2.13,2.56,1.85,1.43,2.4,1.62,2.04,2.6,2.28,3.07,2.02,2.18,3.18,1.41,1.4,2.38,2.25,2.38,0.89,1.3
Essendon,14,Jordan Ridley,1998-10-20,195.0,Defender,106,27yr 6mth,Oakleigh Chargers,2029.0,Unrestricted Free Agent,2016.0,National,2.0,22.0,2.34,J.Ridley 20/10/1998,EFC,2026,GD,2.17,2.65,2.95,1.68,2.09,1.59,1.55,2.72,2.66,2.94,2.69,2.13,4.44,1.82,2.54,2.48,1.52,1.17,2.54,1.6
Essendon,21,Archie Roberts,2005-11-18,184.0,Defender,33,20yr 5mth,Sandringham Dragons,2028.0,Non-Free Agent,2023.0,National,4.0,54.0,3.05,A.Roberts 18/11/2005,EFC,2026,GD,4.1,3.29,2.5,1.98,3.73,4.08,2.62,4.58,3.1,3.56,2.56,3.53,2.98,2.18,2.3,2.48,1.59,1.52,3.03,1.85
Essendon,9,Sullivan Robey,2007-10-04,192.0,MidfieldForward,2,18yr 6mth,Eastern Ranges,2028.0,Unknown,2025.0,National,1.0,9.0,,,,,,,,,,,,,,,,,,,,,,,,,
Essendon,12,Will Setterfield,1998-02-05,192.0,Midfield,84,28yr 2mth,Sandringham Dragons,2026.0,Unrestricted Free Agent,2016.0,National,1.0,5.0,2.71,W.Setterfield 5/2/1998,EFC,2025,M,2.4,2.47,2.75,3.58,2.38,2.57,1.71,2.67,2.71,2.95,1.61,2.22,3.02,2.67,2.47,2.41,3.83,3.74,2.27,3.21
Essendon,15,Dyson Sharp,2007-05-23,187.0,Midfield,2,18yr 10mth,Central District,2028.0,Unknown,2025.0,National,1.0,13.0,,,,,,,,,,,,,,,,,,,,,,,,,
Essendon,5,Elijah Tsatas,2004-10-18,187.0,Midfield,18,21yr 6mth,Oakleigh Chargers,2026.0,Non-Free Agent,2022.0,National,1.0,5.0,2.41,E.Tsatas 18/10/2004,EFC,2026,M,2.8,2.7,2.43,1.25,3.24,1.91,1.39,3.92,3.05,2.89,2.25,2.38,3.6,1.91,1.56,2.42,1.16,1.23,0.96,1.99
Essendon,38,Rhys Unwin,2006-10-11,179.0,Forward,3,19yr 6mth,Greater Western Victoria Rebels,2026.0,Non-Free Agent,2024.0,National,4.0,61.0,2.46,R.Unwin 11/10/2006,ESS VFL,2026,GF,2.52,2.64,1.76,2.88,2.58,2.57,3.41,2.23,2.44,2.5,2.71,3.03,1.41,1.94,1.98,2.48,3.14,2.79,2.5,2.75
Essendon,17,Vigo Visentini,2005-09-05,203.0,Ruck,2,20yr 7mth,Sandringham Dragons,2027.0,Non-Free Agent,2023.0,Rookie,1.0,8.0,2.32,V.Visentini 5/9/2005,EFC,2025,R,2.41,2.05,2.08,3.28,1.9,1.91,2.11,3.75,2.92,1.67,1.4,2.21,1.81,1.36,3.97,1.41,1.63,1.52,4.5,4.79
Essendon,20,Peter Wright,1996-09-08,203.0,ForwardRuck,158,29yr 7mth,Calder Cannons,2027.0,Non-Free Agent,2014.0,National,1.0,8.0,2.68,P.Wright 8/9/1996,EFC,2026,R,2.29,3.23,2.62,2.48,1.32,2.23,2.58,3.3,2.17,3.61,4.34,2.79,3.98,2.52,3.13,2.02,1.42,1.56,3.68,3.06
Fremantle,24,Jye Amiss,2003-07-31,196.0,Forward,77,22yr 8mth,East Perth,2029.0,Restricted Free Agent,2021.0,National,1.0,8.0,,,,,,,,,,,,,,,,,,,,,,,,,
Fremantle,41,Bailey Banfield,1998-02-26,190.0,Defender,118,28yr 1mth,Claremont,2026.0,Unrestricted Free Agent,2020.0,Rookie,2.0,22.0,,,,,,,,,,,,,,,,,,,,,,,,,
Fremantle,10,Shai Bolton,1998-12-08,176.0,MidfieldForward,164,27yr 4mth,South Fremantle,2029.0,Non-Free Agent,2016.0,National,2.0,29.0,,,,,,,,,,,,,,,,,,,,,,,,,
Fremantle,8,Andrew Brayshaw,1999-11-08,185.0,Midfield,176,26yr 5mth,Sandringham Dragons,2031.0,Unrestricted Free Agent,2017.0,National,1.0,2.0,,,,,,,,,,,,,,,,,,,,,,,,,
Fremantle,38,Jaren Carr,2004-01-27,191.0,Forward,0,22yr 2mth,South Fremantle,2026.0,Non-Free Agent,2024.0,National,4.0,63.0,,,,,,,,,,,,,,,,,,,,,,,,,
Fremantle,5,Heath Chapman,2002-01-31,193.0,Defender,71,24yr 2mth,West Perth,2027.0,Non-Free Agent,2020.0,National,1.0,14.0,,,,,,,,,,,,,,,,,,,,,,,,,
Fremantle,6,Jordan Clark,2000-10-16,185.0,Defender,132,25yr 6mth,Claremont,2028.0,Non-Free Agent,2018.0,National,1.0,15.0,,,,,,,,,,,,,,,,,,,,,,,,,
Fremantle,36,Brennan Cox,1998-08-13,195.0,Defender,139,27yr 8mth,Woodville-West Torrens,2030.0,Unrestricted Free Agent,2016.0,National,2.0,41.0,,,,,,,,,,,,,,,,,,,,,,,,,
Fremantle,18,Mason Cox,1991-03-14,211.0,ForwardRuck,140,35yr 1mth,Oklahoma State,2027.0,Unrestricted Free Agent,,,,,,,,,,,,,,,,,,,,,,,,,,,,,
Fremantle,4,Sean Darcy,1998-06-12,203.0,Ruck,132,27yr 10mth,Geelong Falcons,2030.0,Unrestricted Free Agent,2016.0,National,2.0,38.0,1.95,S.Darcy 12/6/1998,FRFC,2026,R,1.68,2.01,2.03,2.02,1.59,1.84,1.92,1.43,1.68,2.25,2.17,1.94,2.18,2.22,1.5,2.2,1.87,2.08,1.27,2.47
Fremantle,12,Hugh Davies,2004-09-28,196.0,Defender,2,21yr 6mth,Claremont,2026.0,Non-Free Agent,2022.0,National,2.0,33.0,2.81,H.Davies 28/9/2004,PTFC WAFL,2026,KD,2.85,3.09,2.82,2.65,1.95,3.42,2.27,3.07,2.92,3.61,2.22,2.51,3.02,2.83,2.67,2.41,2.67,2.61,2.83,2.54
Fremantle,37,Josh Draper,2004-02-08,197.0,Defender,31,22yr 2mth,Peel Thunder,2027.0,Non-Free Agent,,,,,2.11,J.Draper 8/2/2004,PTFC WAFL,2026,KD,2.76,3.01,1.51,1.88,3.87,1.67,3.18,3.09,4.0,1.97,3.55,2.62,1.06,1.53,1.79,2.41,1.78,2.71,1.5,1.88
Fremantle,43,Isaiah Dudley,2003-04-30,171.0,Forward,22,22yr 11mth,Central District,2026.0,Non-Free Agent,,,,,2.49,I.Dudley 30/4/2003,FRFC,2026,GF,2.21,2.94,1.91,2.76,1.76,2.18,2.43,2.4,2.9,2.45,3.68,2.44,1.9,1.89,1.96,2.44,2.73,3.25,2.2,1.87
Fremantle,28,Neil Erasmus,2003-12-02,190.0,Midfield,45,22yr 4mth,Subiaco,2028.0,Non-Free Agent,2021.0,National,1.0,10.0,2.51,N.Erasmus 2/12/2003,FRFC,2026,W,3.3,2.3,2.11,2.02,3.15,4.5,2.29,2.71,2.83,1.9,1.84,2.71,2.13,2.37,1.89,2.5,2.39,1.9,1.63,2.23
Fremantle,32,Michael Frederick,2000-05-17,183.0,Forward,103,25yr 11mth,Eagles,2029.0,Unrestricted Free Agent,2019.0,National,4.0,61.0,2.83,M.Frederick 17/5/2000,STU SA,2026,M,2.98,2.93,1.93,3.1,3.06,2.65,3.0,3.18,2.98,2.57,3.26,3.16,1.81,2.08,1.8,2.45,3.25,3.27,2.4,2.46
Fremantle,9,Luke Jackson,2001-09-29,199.0,Ruck,125,24yr 6mth,East Fremantle,2029.0,Non-Free Agent,2019.0,National,1.0,3.0,3.03,L.Jackson 29/9/2001,FRFC,2026,R,3.5,3.34,2.65,2.92,3.68,3.47,3.15,3.6,3.46,2.79,4.27,2.85,1.94,2.32,2.57,3.08,4.23,3.85,2.28,1.89
Fremantle,44,Matt Johnson,2003-03-16,193.0,Midfield,61,23yr 1mth,Subiaco,2026.0,Non-Free Agent,2021.0,National,2.0,21.0,2.42,M.Johnson 16/3/2003,FRFC,2026,W,2.6,2.46,2.26,2.21,3.49,2.14,2.85,2.44,3.28,1.8,2.56,2.7,1.66,2.51,3.09,2.5,2.88,2.9,1.52,1.98
Fremantle,19,Leon Kickett,2000-01-01,,MidfieldForward,0,26yr 3mth,Swan Districts,2026.0,Unknown,2025.0,Rookie,1.0,8.0,,,,,,,,,,,,,,,,,,,,,,,,,
Fremantle,40,Ryda Luke,2007-09-19,185.0,Forward,0,18yr 7mth,South Fremantle,2027.0,Unknown,,,,,,,,,,,,,,,,,,,,,,,,,,,,,
Fremantle,21,Oscar McDonald,1996-03-18,196.0,Defender,96,30yr 1mth,North Ballarat Rebels,2026.0,Unrestricted Free Agent,2014.0,National,3.0,53.0,2.32,O.McDonald 18/3/1996,FRFC,2026,KD,1.93,1.67,2.16,2.97,1.76,1.81,2.06,2.12,1.21,1.92,2.02,2.18,1.91,2.27,2.23,2.36,2.83,3.25,2.41,3.28
Fremantle,17,Judd McVee,2003-08-07,185.0,Defender,71,22yr 8mth,East Fremantle,2030.0,Non-Free Agent,2021.0,Rookie,1.0,18.0,2.36,J.McVee 7/8/2003,FRFC,2026,GD,2.94,2.05,2.56,2.09,4.01,3.26,3.07,2.33,2.31,1.72,1.83,2.26,2.16,2.99,2.52,2.48,1.38,1.53,3.5,2.04
Fremantle,33,Ollie Murphy,2005-09-16,200.0,Defender,0,20yr 7mth,Sandringham Dragons,2026.0,Non-Free Agent,2023.0,National,2.0,41.0,2.08,O.Murphy 16/9/2005,PTFC WAFL,2026,KD,1.53,2.18,2.24,2.23,1.95,1.16,1.85,1.53,2.15,2.22,2.22,2.06,2.51,2.05,2.26,2.41,3.55,1.99,1.35,2.6
Fremantle,11,Tobyn Murray,2005-05-05,180.0,Forward,0,20yr 11mth,Geelong Cats,2027.0,Unknown,2025.0,National,3.0,40.0,2.68,T.Murray 5/5/2005,PTFC WAFL,2026,GF,2.93,2.73,2.15,2.76,2.54,2.72,3.59,3.11,3.51,2.19,3.08,2.42,2.6,1.86,2.01,2.46,2.63,2.61,4.48,2.33
Fremantle,22,Charlie Nicholls,2006-06-08,197.0,Forward,0,19yr 10mth,Central District,2026.0,Non-Free Agent,2024.0,National,2.0,34.0,2.15,C.Nicholls 8/6/2006,PTFC WAFL,2026,KF,1.87,1.94,2.55,2.35,2.21,1.6,1.51,2.1,1.79,1.75,2.06,1.97,2.85,2.61,2.88,1.97,2.52,2.17,1.9,2.73
Fremantle,30,Nathan O'Driscoll,2002-05-17,188.0,Midfield,40,23yr 11mth,Perth,2026.0,Non-Free Agent,2020.0,National,2.0,27.0,2.7,N.O'Driscoll 17/5/2002,FRFC,2026,W,3.4,2.46,1.75,2.77,1.85,3.03,2.9,4.58,3.8,1.74,2.82,2.49,1.53,1.9,1.99,2.5,3.1,1.16,3.46,2.93
Fremantle,2,Jaeger O'Meara,1994-02-23,184.0,Midfield,203,32yr 1mth,Perth Demons,2026.0,Non-Free Agent,,,,,2.4,J.O'Meara 23/2/1994,FRFC,2026,W,2.6,2.35,2.09,2.41,3.3,1.71,2.78,2.87,3.06,2.52,1.68,2.37,2.39,1.9,1.7,2.5,2.54,3.5,1.68,2.32
Fremantle,25,Alex Pearce,1995-06-09,201.0,Defender,144,30yr 10mth,Devonport,2027.0,Unrestricted Free Agent,2013.0,National,2.0,37.0,2.69,A.Pearce 9/6/1995,FRFC,2026,KD,2.61,2.15,3.38,2.37,3.7,2.78,2.85,1.56,2.12,2.26,2.02,1.97,2.44,3.86,3.5,2.36,2.0,2.32,2.98,2.08
Fremantle,16,Murphy Reid,2006-07-30,181.0,Forward,30,19yr 8mth,Sandringham Dragons,2029.0,Non-Free Agent,2024.0,National,1.0,17.0,3.16,M.Reid 30/7/2006,FRFC,2026,GF,4.07,3.12,2.13,2.79,3.81,4.14,2.47,4.55,4.13,3.59,2.1,3.4,2.5,1.92,1.96,2.44,2.71,2.98,2.85,2.41
Fremantle,42,Aiden Riddle,2005-12-27,200.0,Ruck,0,20yr 3mth,Claremont,2026.0,Non-Free Agent,2024.0,Rookie,1.0,7.0,2.31,A.Riddle 27/12/2005,PTFC WAFL,2025,KF,2.13,2.05,2.66,2.65,1.99,2.02,3.01,1.89,3.25,2.21,1.91,1.44,1.04,3.29,2.16,3.72,2.6,2.64,2.9,2.56
Fremantle,13,Luke Ryan,1996-02-06,186.0,Defender,184,30yr 2mth,Coburg,2027.0,Unrestricted Free Agent,2016.0,National,4.0,66.0,2.68,L.Ryan 6/2/1996,FRFC,2026,GD,2.0,2.67,3.55,2.83,1.65,1.99,1.92,2.14,1.71,3.83,2.17,2.58,3.33,3.68,3.66,2.48,2.23,2.42,3.12,3.85
Fremantle,45,Chris Scerri,2006-07-06,177.0,MidfieldForward,4,19yr 9mth,Northern Bullants,2026.0,Unknown,,,,,1.98,C.Scerri 6/7/2006,FRFC,2026,GF,2.28,1.84,1.77,1.99,1.38,2.54,2.96,2.36,4.14,1.49,1.03,2.25,1.46,1.92,1.96,2.44,1.75,1.63,4.02,2.16
Fremantle,3,Caleb Serong,2001-02-09,180.0,Midfield,133,25yr 2mth,Gippsland Power,2034.0,Unrestricted Free Agent,2019.0,National,1.0,8.0,2.9,C.Serong 9/2/2001,FRFC,2026,M,3.5,2.81,2.18,2.56,4.04,3.32,3.13,3.12,2.73,2.69,3.06,2.85,2.27,1.91,2.6,2.42,2.62,2.35,3.51,2.25
Fremantle,14,Jeremy Sharp,2001-08-13,189.0,Midfield,60,24yr 8mth,East Fremantle,2027.0,Unrestricted Free Agent,2019.0,National,2.0,27.0,2.95,J.Sharp 13/8/2001,PTFC WAFL,2026,M,3.38,3.18,2.06,2.51,3.75,2.93,3.27,3.38,3.41,2.39,3.95,3.51,2.05,2.17,1.84,2.47,2.98,2.2,1.76,2.6
Fremantle,29,Cooper Simpson,2005-02-13,182.0,Defender,5,21yr 2mth,Dandenong Stringrays,2027.0,Non-Free Agent,2023.0,National,2.0,35.0,2.49,C.Simpson 13/2/2005,PTFC WAFL,2026,GD,2.44,3.05,1.45,2.36,1.6,2.23,2.4,2.87,3.61,2.64,3.12,2.77,0.98,1.89,1.5,2.44,2.26,2.01,3.07,2.11
Fremantle,1,Sam Sturt,2000-05-12,190.0,Forward,31,25yr 11mth,Dandenong Stingrays,2026.0,Restricted Free Agent,2018.0,National,1.0,17.0,2.14,S.Sturt 12/5/2000,PTFC WAFL,2025,GF,2.39,2.26,1.76,1.91,2.67,2.12,2.74,2.35,3.08,2.58,1.82,1.69,1.66,1.82,1.82,2.48,1.43,2.13,1.31,2.83
Fremantle,15,Adam Sweid,2007-09-14,176.0,Midfield,0,18yr 7mth,Calder Cannons,2028.0,Non-Free Agent,2025.0,National,1.0,25.0,,,,,,,,,,,,,,,,,,,,,,,,,
Fremantle,39,Sam Switkowski,1996-11-20,179.0,Forward,111,29yr 5mth,Box Hill Hawks,2026.0,Restricted Free Agent,2017.0,National,5.0,73.0,2.41,S.Switkowski 20/11/1996,FRFC,2026,GF,2.39,2.27,2.44,2.73,1.98,2.41,2.95,2.44,3.45,2.24,1.71,2.46,1.99,3.0,1.96,2.44,2.61,2.81,3.48,2.33
Fremantle,35,Josh Treacy,2002-08-04,195.0,Forward,86,23yr 8mth,Bendigo Pioneers,2030.0,Unrestricted Free Agent,2020.0,Rookie,1.0,7.0,3.36,J.Treacy 4/8/2002,FRFC,2026,KF,3.29,3.2,3.61,3.33,1.88,4.13,3.95,3.15,3.62,2.97,3.12,3.53,3.81,4.76,3.37,1.96,3.26,3.44,2.9,3.55
Fremantle,20,Patrick Voss,2003-06-29,195.0,Forward,33,22yr 9mth,Giants Academy,2030.0,Unrestricted Free Agent,2021.0,Rookie,1.0,11.0,2.52,P.Voss 29/6/2003,FRFC,2026,KF,2.87,2.51,1.95,3.36,1.67,3.02,3.62,3.41,3.38,2.92,2.18,2.39,2.16,1.66,2.28,1.96,3.99,3.57,2.02,3.05
Fremantle,34,Corey Wagner,1997-03-23,181.0,Midfield,63,29yr,Aspley,2026.0,Unrestricted Free Agent,2022.0,National,4.0,57.0,2.76,C.Wagner 23/3/1997,FRFC,2026,W,2.99,2.86,2.15,2.71,3.14,2.08,3.22,3.55,2.62,3.14,1.67,3.3,2.52,1.9,1.7,2.5,2.1,2.3,3.18,2.93
Fremantle,31,Brandon Walker,2002-10-17,186.0,Defender,67,23yr 6mth,East Fremantle,2027.0,Non-Free Agent,2020.0,National,3.0,50.0,2.94,B.Walker 17/10/2002,PTFC WAFL,2026,GD,3.37,2.75,2.92,2.8,4.09,3.3,3.98,3.05,3.11,2.67,2.09,2.56,2.88,3.38,2.45,2.44,2.73,3.1,3.01,2.2
Fremantle,27,Toby Whan,2007-05-09,184.0,Midfield,0,18yr 11mth,South Fremantle,2027.0,Unknown,,,,,,,,,,,,,,,,,,,,,,,,,,,,,
Fremantle,23,Karl Worner,2002-06-16,188.0,Defender,37,23yr 10mth,Oakleigh Chargers,2027.0,Non-Free Agent,2021.0,Rookie,1.0,8.0,2.57,K.Worner 16/6/2002,FRFC,2026,GD,2.12,2.24,2.97,3.23,2.24,2.22,1.71,2.09,2.09,2.55,1.83,2.18,3.21,1.66,4.23,2.48,3.19,3.31,3.15,3.26
Fremantle,26,Hayden Young,2001-04-11,189.0,Midfield,91,25yr,Dandenong Stingrays,2033.0,Unrestricted Free Agent,2019.0,National,1.0,7.0,2.41,H.Young 11/4/2001,FRFC,2026,M,2.1,2.78,2.78,2.13,2.02,1.79,2.51,2.25,2.87,2.76,2.45,3.02,3.89,1.76,3.12,4.24,2.28,2.01,2.1,1.99
Geelong,30,Tom Atkins,1995-09-18,180.0,Midfield,159,30yr 7mth,Geelong,2027.0,Restricted Free Agent,2018.0,Rookie,1.0,11.0,2.67,T.Atkins 18/9/1995,GFC,2026,M,3.04,2.08,1.64,3.7,3.3,4.09,2.85,1.75,2.78,1.9,1.38,2.24,1.34,1.91,1.56,2.42,3.96,3.68,4.22,2.19
Geelong,26,Harley Barker,2007-05-02,188.0,Midfield,0,18yr 11mth,Sturt,2027.0,Unknown,2025.0,National,1.0,24.0,,,,,,,,,,,,,,,,,,,,,,,,,
Geelong,24,Jed Bews,1993-12-14,186.0,Defender,175,32yr 4mth,Geelong Falcons,2026.0,Unrestricted Free Agent,2011.0,National,5.0,86.0,2.9,J.Bews 14/12/1993,GEEL VFL,2026,GD,2.68,2.62,3.52,3.13,2.53,2.36,3.16,2.85,2.37,2.4,2.48,3.52,3.87,3.18,3.52,2.5,3.39,2.95,3.72,2.34
Geelong,46,Mark Blicavs,1991-03-28,198.0,Ruck,300,35yr,Geelong Vfl,2026.0,Unrestricted Free Agent,2011.0,Rookie,3.0,54.0,2.55,M.Blicavs 28/3/1991,GFC,2026,R,2.7,2.82,2.03,3.29,2.16,2.4,2.58,3.75,3.74,2.39,2.61,2.53,2.61,2.39,2.52,1.35,3.3,3.29,3.06,3.42
Geelong,12,Jack Bowes,1998-01-26,189.0,Midfield,146,28yr 2mth,Cairns,2026.0,Non-Free Agent,2016.0,National,1.0,10.0,2.49,J.Bowes 26/1/1998,GFC,2026,W,2.29,3.13,1.85,2.14,2.23,2.63,1.66,2.23,2.42,2.92,3.52,3.27,1.91,1.9,1.7,2.5,3.01,2.28,0.64,2.98
Geelong,4,Tanner Bruhn,2002-05-27,184.0,Midfield,72,23yr 10mth,Geelong Falcons,2027.0,Non-Free Agent,2020.0,National,1.0,12.0,2.95,T.Bruhn 27/5/2002,GFC,2026,GD,3.86,2.97,1.82,2.7,5.0,4.23,3.38,3.21,3.1,2.64,3.51,3.05,2.26,1.79,1.34,2.48,3.36,3.86,1.38,1.77
Geelong,41,Cillian Burke,2003-03-29,192.0,Defender,0,23yr,Kerry GAA,2026.0,Non-Free Agent,,,,,2.65,C.Burke 29/3/2003,GEEL VFL,2026,GF,2.7,2.48,2.69,2.85,2.02,2.78,2.88,2.93,3.83,3.03,1.42,2.35,1.99,2.56,4.22,2.48,2.44,2.29,5.0,3.58
Geelong,5,Jeremy Cameron,1993-04-01,196.0,Forward,285,33yr,Dartmoor,2027.0,Non-Free Agent,,,,,3.11,J.Cameron 1/4/1993,GFC,2026,KF,2.74,3.66,2.91,2.68,2.09,2.3,2.48,4.17,1.59,3.1,4.57,2.93,3.83,2.46,4.03,1.95,2.89,3.04,2.36,2.0
Geelong,13,Jhye Clark,2004-07-23,181.0,MidfieldForward,29,21yr 8mth,Geelong Falcons,2026.0,Non-Free Agent,2022.0,National,1.0,8.0,1.74,J.Clark 23/7/2004,GFC,2026,M,1.44,1.53,2.7,1.86,1.36,1.93,1.66,0.93,0.53,1.34,3.3,1.37,1.89,3.83,1.56,2.42,1.59,1.77,1.6,3.55
Geelong,45,Bradley Close,1998-07-30,183.0,Forward,131,27yr 8mth,Glenelg,2028.0,Restricted Free Agent,2019.0,Rookie,1.0,14.0,2.04,B.Close 30/7/1998,GFC,2026,GF,1.6,1.94,2.68,2.26,1.38,1.52,2.01,1.68,2.17,1.77,2.0,1.99,2.1,2.86,3.32,2.44,2.34,2.02,2.0,2.89
Geelong,6,Toby Conway,2003-04-24,206.0,Ruck,6,22yr 11mth,Geelong Falcons,2027.0,Non-Free Agent,2021.0,National,2.0,24.0,2.47,T.Conway 24/4/2003,GEEL VFL,2025,R,3.03,2.3,2.4,2.21,3.46,3.11,3.87,1.78,4.01,1.52,1.49,2.16,1.65,2.0,3.01,2.45,2.12,2.34,2.91,1.78
Geelong,35,Patrick Dangerfield,1990-04-05,189.0,Forward,362,36yr,Geelong Falcons,2026.0,Unrestricted Free Agent,2007.0,National,1.0,10.0,2.77,P.Dangerfield 5/4/1990,GFC,2026,GF,2.71,2.77,3.9,1.37,3.55,3.06,2.28,2.14,2.42,2.24,3.61,2.38,3.31,5.0,1.96,2.44,0.84,1.49,1.42,2.28
Geelong,16,Sam De Koning,2001-02-26,204.0,Defender,91,25yr 1mth,Dandenong Stingrays,2027.0,Restricted Free Agent,2019.0,National,1.0,19.0,2.89,S.De Koning 26/2/2001,GFC,2026,KD,2.94,2.45,3.17,2.8,4.32,2.73,2.57,2.45,3.37,1.27,3.61,2.38,2.82,3.55,2.99,3.59,2.98,3.43,2.95,2.45
Geelong,28,Ollie Dempsey,2003-01-07,187.0,Midfield,64,23yr 3mth,Carey Grammar,2029.0,Restricted Free Agent,2021.0,Rookie,1.0,15.0,2.59,O.Dempsey 7/1/2003,GFC,2026,W,2.58,2.7,3.3,1.88,2.25,3.23,2.24,2.36,3.38,2.38,4.0,2.12,3.27,3.55,3.19,2.5,2.42,1.93,1.48,1.9
Geelong,27,Nick Driscoll,2000-01-01,,Midfield,0,26yr 3mth,Northern Knights,2026.0,Unknown,2025.0,Rookie,3.0,28.0,,,,,,,,,,,,,,,,,,,,,,,,,
Geelong,11,Mitchell Edwards,2005-06-02,206.0,Ruck,5,20yr 10mth,Peel Thunder,2027.0,Non-Free Agent,2023.0,National,2.0,32.0,2.02,M.Edwards 2/6/2005,GFC,2026,R,2.12,1.82,1.99,2.31,2.21,2.3,2.63,1.41,1.69,2.08,1.61,1.89,1.31,2.25,1.52,2.28,2.36,2.15,2.1,2.5
Geelong,39,Zach Guthrie,1998-06-30,188.0,Defender,134,27yr 9mth,Calder Cannons,2028.0,Unrestricted Free Agent,2016.0,Rookie,2.0,33.0,2.71,Z.Guthrie 30/6/1998,GFC,2026,GD,2.54,2.57,2.67,3.11,1.9,2.62,2.75,2.64,3.09,2.53,2.1,1.95,2.68,2.37,3.01,2.48,3.29,3.49,2.88,2.59
Geelong,38,Jack Henry,1998-08-29,192.0,Defender,168,27yr 7mth,Geelong Falcons,2029.0,Unrestricted Free Agent,2016.0,Rookie,1.0,16.0,2.18,J.Henry 29/8/1998,GFC,2026,KD,2.24,2.53,1.95,2.2,1.76,2.67,2.78,1.8,1.97,2.93,3.65,2.0,2.45,1.81,1.75,2.36,1.77,1.52,2.33,2.45
Geelong,36,Oliver Henry,2002-07-29,189.0,Forward,90,23yr 8mth,Geelong Falcons,2027.0,Non-Free Agent,2020.0,National,1.0,17.0,2.33,O.Henry 29/7/2002,GFC,2026,GF,2.09,2.81,2.21,1.82,1.82,2.51,2.17,1.9,1.67,2.45,3.86,2.34,1.94,2.53,1.96,2.44,1.53,1.91,1.95,2.14
Geelong,23,Lennox Hoffman,2006-08-08,191.0,Defender,0,19yr 8mth,Sandringham Dragons,2026.0,Non-Free Agent,2024.0,National,4.0,66.0,,,,,,,,,,,,,,,,,,,,,,,,,
Geelong,22,Hunter Holmes,2007-02-19,188.0,Midfield,0,19yr 2mth,Oakleigh Chargers,2027.0,Unknown,2025.0,National,2.0,33.0,,,,,,,,,,,,,,,,,,,,,,,,,
Geelong,9,Max Holmes,2002-08-29,190.0,Midfield,108,23yr 7mth,Sandringham Dragons,2028.0,Restricted Free Agent,2020.0,National,1.0,20.0,2.96,M.Holmes 29/8/2002,GFC,2026,M,2.8,3.31,3.16,2.6,2.4,2.48,2.18,4.05,2.82,3.97,1.95,4.13,3.89,1.91,4.68,2.6,2.55,2.35,4.11,2.24
Geelong,17,Lawson Humphries,2003-04-24,182.0,Defender,42,22yr 11mth,Swan Districts,2028.0,Non-Free Agent,2023.0,National,5.0,63.0,2.59,L.Humphries 24/4/2003,GFC,2026,GD,2.41,2.42,2.92,2.81,1.83,2.49,2.32,2.57,2.59,2.05,2.83,2.57,3.25,2.93,2.52,2.48,2.88,3.35,2.29,2.55
Geelong,10,Mitchell Knevitt,2003-01-08,193.0,Midfield,22,23yr 3mth,Geelong Falcons,2026.0,Non-Free Agent,2021.0,National,2.0,25.0,3.16,M.Knevitt 8/1/2003,GEEL VFL,2026,KF,4.55,2.81,2.55,2.78,5.0,4.56,2.52,4.82,4.54,3.2,1.94,3.91,2.23,2.84,3.19,2.05,2.2,3.63,2.5,2.38
Geelong,8,Jake Kolodjashnij,1995-08-09,193.0,Defender,200,30yr 8mth,Launceston,2026.0,Unrestricted Free Agent,2013.0,National,3.0,41.0,2.48,J.Kolodjashnij 9/8/1995,GFC,2026,KD,2.23,2.66,2.64,2.42,1.76,1.94,2.12,2.92,2.7,2.13,4.72,2.61,1.46,2.89,3.21,2.36,1.64,1.79,2.0,3.08
Geelong,7,Shaun Mannagh,1997-08-06,178.0,Forward,41,28yr 8mth,Werribee,2029.0,Non-Free Agent,2023.0,National,2.0,36.0,2.76,S.Mannagh 6/8/1997,GFC,2026,GF,2.91,2.64,2.84,2.63,3.92,3.0,2.21,2.51,2.17,2.67,2.58,3.21,2.2,2.92,3.77,2.44,2.64,2.87,2.63,1.96
Geelong,19,Jack Martin,1995-01-29,186.0,Forward,169,31yr 2mth,Geraldton,2026.0,Unrestricted Free Agent,2019.0,Pre-Season,1.0,1.0,2.77,J.Martin 29/1/1995,GFC,2026,GF,2.79,2.81,2.93,2.45,2.38,2.88,3.24,2.81,2.72,2.64,3.2,2.37,4.0,2.54,1.96,2.44,2.37,2.54,2.03,2.69
Geelong,31,Keighton Matofai-Forbes,2006-02-02,188.0,DefenderForward,0,20yr 2mth,Western Jets,2026.0,Non-Free Agent,2025.0,Rookie,2.0,23.0,2.05,K.Matofai-Forbes 2/2/2006,GEEL VFL,2025,GD,1.86,2.2,1.76,2.21,2.24,1.93,2.5,1.55,1.73,1.89,4.01,2.66,1.56,2.15,1.53,2.49,2.75,2.07,1.33,2.84
Geelong,25,Jesse Mellor,2007-01-04,185.0,Forward,0,19yr 3mth,Geelong Falcons,2027.0,Unknown,,,,,,,,,,,,,,,,,,,,,,,,,,,,,
Geelong,32,Gryan Miers,1999-03-30,179.0,Forward,160,27yr,Geelong Falcons,2028.0,Unrestricted Free Agent,2017.0,National,4.0,57.0,3.04,G.Miers 30/3/1999,GFC,2026,GF,3.56,2.81,2.61,3.12,3.19,2.79,2.18,4.67,3.7,3.8,1.17,3.39,3.24,1.92,3.05,2.54,3.25,3.3,2.84,2.5
Geelong,20,Jacob Molier,2006-10-11,201.0,Ruck,0,19yr 6mth,Sturt,2026.0,Non-Free Agent,2024.0,National,3.0,52.0,2.44,J.Molier 11/10/2006,GEEL VFL,2025,KF,2.38,2.62,2.3,2.37,2.23,2.17,2.24,2.92,3.37,2.86,2.34,2.65,2.73,2.13,2.22,2.17,1.86,2.95,2.38,2.13
Geelong,34,Oisin Mullin,2000-02-11,182.0,DefenderMidfield,49,26yr 2mth,Mayo,2027.0,Non-Free Agent,,,,,2.19,O.Mullin 11/2/2000,GFC,2026,GD,2.03,2.03,2.2,2.55,2.71,2.08,2.54,1.65,2.25,1.86,2.45,1.72,2.29,1.82,2.54,2.48,3.32,3.24,1.75,1.57
Geelong,33,Shannon Neale,2002-07-25,203.0,Forward,51,23yr 8mth,South Fremantle,2028.0,Restricted Free Agent,2020.0,National,2.0,33.0,2.99,S.Neale 25/7/2002,GFC,2026,KF,2.85,2.82,3.24,3.17,3.21,3.25,3.04,1.81,3.32,2.29,3.06,2.56,1.79,3.95,1.82,4.55,3.04,3.46,2.67,3.21
Geelong,42,Mark O'Connor,1997-01-17,189.0,DefenderMidfield,151,29yr 3mth,Ireland,2026.0,Unrestricted Free Agent,,,,,,,,,,,,,,,,,,,,,,,,,,,,,
Geelong,14,Connor O'Sullivan,2005-05-19,198.0,Defender,32,20yr 11mth,Murray Bushrangers,2028.0,Non-Free Agent,2023.0,National,1.0,11.0,,,,,,,,,,,,,,,,,,,,,,,,,
Geelong,37,Joe Pike,2005-05-17,203.0,Ruck,0,20yr 11mth,Geelong Falcons,2026.0,Non-Free Agent,2024.0,Rookie,3.0,31.0,,,,,,,,,,,,,,,,,,,,,,,,,
Geelong,2,Jay Polkinghorne,2006-06-02,191.0,Forward,0,19yr 10mth,Norwood,2026.0,Non-Free Agent,2024.0,National,3.0,44.0,,,,,,,,,,,,,,,,,,,,,,,,,
Geelong,3,Bailey Smith,2000-12-07,185.0,Midfield,132,25yr 4mth,Sandringham Dragons,2031.0,Non-Free Agent,2018.0,National,1.0,7.0,,,,,,,,,,,,,,,,,,,,,,,,,
Geelong,1,Rhys Stanley,1990-12-01,200.0,Ruck,229,35yr 4mth,West Adelaide,2026.0,Unrestricted Free Agent,2008.0,National,3.0,47.0,,,,,,,,,,,,,,,,,,,,,,,,,
Geelong,18,Tyson Stengle,1998-10-19,175.0,Forward,109,27yr 6mth,Woodville West Torrens,2029.0,Unrestricted Free Agent,2016.0,Rookie,1.0,6.0,,,,,,,,,,,,,,,,,,,,,,,,,
Geelong,15,George Stevens,2005-04-14,189.0,Midfield,2,21yr,Greater Western Victoria Rebels,2026.0,Unrestricted Free Agent,2025.0,Rookie,1.0,13.0,,,,,,,,,,,,,,,,,,,,,,,,,
Geelong,44,Thomas Stewart,1993-03-15,190.0,Defender,197,33yr 1mth,Geelong Vfl,2027.0,Unrestricted Free Agent,2016.0,National,2.0,40.0,,,,,,,,,,,,,,,,,,,,,,,,,
Geelong,21,Oliver Wiltshire,2002-09-15,180.0,Forward,6,23yr 7mth,Barwon Heads,2026.0,Non-Free Agent,2023.0,National,5.0,61.0,,,,,,,,,,,,,,,,,,,,,,,,,
Geelong,29,James Worpel,1999-01-24,186.0,Midfield,151,27yr 2mth,Geelong Falcons,2029.0,Unrestricted Free Agent,2017.0,National,3.0,45.0,2.74,J.Worpel 24/1/1999,GFC,2026,M,2.9,2.54,1.67,3.53,3.79,2.84,3.31,1.48,2.69,2.59,2.27,2.56,1.54,1.81,1.56,2.6,3.99,3.78,2.15,2.09
Gold Coast,48,Oscar Adams,2003-07-23,197.0,Defender,11,22yr 8mth,Glenelg,2026.0,Unrestricted Free Agent,2025.0,Mid-Season,1.0,7.0,1.88,O.Adams 23/7/2003,GCFC,2026,KD,2.04,2.68,1.35,1.89,1.76,2.47,2.2,1.63,4.06,1.71,2.02,1.73,1.39,1.25,1.44,2.36,2.03,2.27,1.18,2.21
Gold Coast,38,Beau Addinsall,2007-03-09,182.0,Midfield,0,19yr 1mth,Gold Coast Suns Academy,2028.0,Unknown,2025.0,National,1.0,18.0,,,,,,,,,,,,,,,,,,,,,,,,,
Gold Coast,15,Noah Anderson,2001-02-17,192.0,Midfield,134,25yr 2mth,Oakleigh Chargers,2027.0,Restricted Free Agent,2019.0,National,1.0,2.0,2.63,N.Anderson 17/2/2001,GCFC,2026,M,2.92,2.97,2.24,1.92,3.19,2.79,2.25,3.08,2.51,3.13,2.91,3.31,2.7,1.91,2.18,2.42,1.93,1.7,2.63,2.05
Gold Coast,1,Mac Andrew,2003-12-04,202.0,Defender,71,22yr 4mth,Dandenong Stingrays,2030.0,Restricted Free Agent,2021.0,National,1.0,5.0,2.8,M.Andrew 4/12/2003,GCFC,2026,KD,3.61,3.29,2.22,2.62,4.98,3.21,2.67,3.63,3.77,2.69,4.03,3.05,1.76,2.18,2.59,2.91,3.17,2.88,2.66,2.38
Gold Coast,10,Charlie Ballard,1999-07-23,196.0,Defender,138,26yr 8mth,Sturt,2029.0,Unrestricted Free Agent,2017.0,National,3.0,42.0,2.2,C.Ballard 23/7/1999,GCFC,2026,GD,1.73,1.8,3.81,2.24,1.48,2.18,3.14,1.21,1.39,2.42,1.83,1.43,2.5,5.0,3.56,2.48,1.89,1.38,3.12,2.89
Gold Coast,31,Cooper Bell,2006-11-30,199.0,DefenderForward,0,19yr 4mth,Belconnen,2026.0,Non-Free Agent,2024.0,National,3.0,49.0,1.76,C.Bell 30/11/2006,GCS VFL,2026,KD,1.75,2.3,1.51,1.75,1.87,1.51,2.13,1.77,2.4,1.97,3.8,1.77,1.51,2.04,0.9,2.46,2.29,2.46,0.95,1.92
Gold Coast,33,Sam Clohesy,2002-12-12,189.0,Midfield,39,23yr 4mth,Werribee,2028.0,Non-Free Agent,2023.0,Rookie,1.0,4.0,2.49,S.Clohesy 12/12/2002,GCFC,2026,W,2.24,2.38,2.46,3.1,1.71,2.38,2.37,2.37,2.47,2.99,2.29,1.94,2.84,1.76,2.29,2.5,2.55,2.71,3.79,3.02
Gold Coast,25,Samuel Collins,1994-06-15,194.0,Defender,155,31yr 10mth,Box Hill Hawks,2028.0,Unrestricted Free Agent,2015.0,National,4.0,55.0,2.99,S.Collins 15/6/1994,GCFC,2026,KD,2.52,2.53,3.72,2.83,2.38,2.82,1.9,2.57,2.83,2.45,2.02,2.19,3.19,3.42,4.43,2.37,2.46,1.94,3.75,2.58
Gold Coast,43,Koby Coulson,2007-07-31,180.0,Midfield,0,18yr 8mth,Gold Coast Suns Academy,2027.0,Unknown,2025.0,National,3.0,46.0,,,,,,,,,,,,,,,,,,,,,,,,,
Gold Coast,5,Alex Davies,2002-03-18,193.0,Midfield,44,24yr 1mth,Suns Academy,2026.0,Non-Free Agent,,,,,2.23,A.Davies 18/3/2002,GCFC,2026,M,2.31,2.1,1.37,2.92,2.26,2.75,2.22,1.98,2.2,1.68,2.74,2.09,0.58,1.91,1.56,2.82,2.74,2.84,3.53,3.33
Gold Coast,42,Asher Eastham,2006-05-13,190.0,Forward,0,19yr 11mth,Gippsland Power,2026.0,Non-Free Agent,2024.0,Rookie,2.0,17.0,2.77,A.Eastham 13/5/2006,GCS VFL,2026,GD,2.54,3.11,2.81,2.51,2.36,2.34,2.33,2.77,3.34,2.57,5.0,2.62,3.01,3.14,2.19,2.5,1.71,3.45,2.5,2.11
Gold Coast,36,Zak Evans,2000-03-26,190.0,Midfield,0,26yr,Melbourne Renegades,2026.0,Non-Free Agent,,,,,2.74,Z.Evans 26/3/2000,GCS VFL,2026,GD,3.39,3.03,1.72,2.29,4.78,3.35,2.14,3.24,3.28,2.24,4.91,3.03,1.93,1.83,1.36,2.5,2.27,2.43,2.5,1.84
Gold Coast,50,Jy Farrar,1996-12-07,190.0,Forward,44,29yr 4mth,Scotch OC,2026.0,Non-Free Agent,2019.0,National,4.0,60.0,1.93,J.Farrar 7/12/1996,GCFC,2026,GF,1.67,1.91,2.05,2.29,2.1,1.6,1.47,1.56,1.88,2.06,1.9,1.64,2.28,1.92,1.96,2.44,3.01,1.82,1.62,2.32
Gold Coast,46,Caleb Graham,2000-09-12,194.0,Defender,37,25yr 7mth,Gold Coast Academy,2026.0,Restricted Free Agent,2018.0,National,5.0,71.0,3.09,C.Graham 12/9/2000,GCS VFL,2026,KD,2.48,2.7,4.17,2.67,2.45,2.21,2.61,2.75,2.94,2.72,2.15,2.22,3.47,4.51,4.29,2.46,1.77,3.05,2.5,2.87
Gold Coast,26,Will Graham,2005-07-27,186.0,MidfieldForward,31,20yr 8mth,Palm Beach Currumbin AFC,2027.0,Non-Free Agent,2023.0,National,1.0,26.0,2.12,W.Graham 27/7/2005,GCFC,2026,M,1.75,2.0,2.65,2.53,1.21,1.88,3.17,1.54,1.58,2.02,2.52,1.98,3.02,2.85,1.56,2.42,2.64,2.65,1.38,2.73
Gold Coast,39,Lachlan Gulbin,2006-11-24,187.0,Forward,3,19yr 4mth,Broadbeach,2026.0,Non-Free Agent,,,,,2.53,L.Gulbin 24/11/2006,GCFC,2026,GF,3.01,2.22,2.24,2.66,1.38,3.43,2.92,3.53,2.98,2.04,1.9,2.63,2.79,1.92,1.96,2.44,2.08,2.47,3.91,3.69
Gold Coast,12,Elliott Himmelberg,1998-06-04,196.0,Forward,50,27yr 10mth,Redlands,2027.0,Non-Free Agent,2016.0,National,3.0,51.0,2.19,E.Himmelberg 4/6/1998,GCS VFL,2025,KF,2.24,2.26,2.13,1.96,1.88,2.49,2.0,2.4,3.43,1.92,2.18,2.29,2.05,2.07,2.06,2.34,1.86,2.16,2.05,1.71
Gold Coast,7,Nicholas Holman,1995-05-29,188.0,MidfieldForward,147,30yr 10mth,Central District,2026.0,Unrestricted Free Agent,2013.0,National,3.0,51.0,2.99,N.Holman 29/5/1995,GCS VFL,2026,M,3.13,2.68,2.33,3.7,3.37,3.75,2.38,2.64,3.59,2.42,1.61,3.06,1.6,2.12,4.11,2.49,4.44,3.62,2.5,2.27
Gold Coast,19,Bailey Humphrey,2004-09-11,186.0,MidfieldForward,66,21yr 7mth,Gippsland Power,2028.0,Non-Free Agent,2022.0,National,1.0,6.0,3.35,B.Humphrey 11/9/2004,GCFC,2026,GF,3.57,2.88,3.87,3.35,4.19,3.55,3.85,3.2,1.97,2.19,3.73,3.39,4.04,3.78,3.77,2.44,3.47,3.19,4.34,2.84
Gold Coast,16,Joel Jeffrey,2002-03-12,192.0,Defender,59,24yr 1mth,Suns Academy,2028.0,Restricted Free Agent,,,,,2.57,J.Jeffrey 12/3/2002,GCFC,2026,GD,3.02,2.82,2.11,2.06,3.32,2.91,2.83,3.04,2.41,3.09,3.22,2.88,2.48,1.79,2.06,2.48,1.87,2.09,1.8,2.57
Gold Coast,44,Ben Jepson,2001-10-10,184.0,Midfield,1,24yr 6mth,Coburg,2026.0,Unrestricted Free Agent,2025.0,Rookie,1.0,10.0,2.73,B.Jepson 10/10/2001,GCS VFL,2026,M,2.77,3.05,2.19,2.6,2.44,2.94,1.87,3.59,3.61,3.11,2.92,2.36,2.11,2.12,2.5,2.49,3.19,2.05,2.5,2.52
Gold Coast,34,Ben King,2000-07-07,202.0,Forward,126,25yr 9mth,Sandringham Dragons,2026.0,Restricted Free Agent,2018.0,National,1.0,6.0,2.6,B.King 7/7/2000,GCFC,2026,KF,1.98,3.65,2.27,1.46,1.81,1.95,2.08,2.14,1.94,2.99,4.88,1.77,2.46,2.55,1.82,1.96,1.04,1.19,1.35,2.63
Gold Coast,37,Max Knobel,2004-06-27,206.0,Ruck,0,21yr 9mth,Gippsland Power,2027.0,Non-Free Agent,2022.0,National,3.0,42.0,2.53,M.Knobel 27/6/2004,GCS VFL,2026,R,2.28,2.76,2.64,2.19,2.17,1.93,2.51,2.58,2.0,3.04,2.87,3.11,2.76,3.74,2.31,2.13,1.58,1.85,2.5,2.6
Gold Coast,45,Caleb Lewis,2003-09-29,198.0,Forward,0,22yr 6mth,Casey,2026.0,Non-Free Agent,2025.0,Mid-Season,1.0,14.0,2.49,C.Lewis 29/9/2003,GCS VFL,2026,KF,1.93,1.9,3.55,2.77,1.78,1.57,1.84,2.64,2.28,3.03,1.15,2.28,3.34,3.93,5.0,2.05,3.26,1.65,2.5,4.19
Gold Coast,8,Leo Lombard,2006-10-05,179.0,Forward,10,19yr 6mth,Broadbeach,2027.0,Non-Free Agent,2024.0,National,1.0,9.0,2.49,L.Lombard 5/10/2006,GCFC,2026,GF,2.73,2.58,2.14,2.29,2.2,2.76,3.34,2.83,3.45,2.2,2.34,3.14,2.53,1.92,1.96,2.44,2.1,2.21,3.36,2.25
Gold Coast,22,Ben Long,1997-08-21,186.0,Forward,141,28yr 7mth,Nt Thunder,2029.0,Non-Free Agent,2016.0,National,2.0,25.0,2.57,B.Long 21/8/1997,GCFC,2026,GF,2.19,2.82,2.51,2.85,1.88,2.33,2.06,2.27,2.9,2.14,3.37,3.02,2.56,2.32,2.86,2.44,2.72,3.02,2.34,3.02
Gold Coast,11,Touk Miller,1996-02-22,178.0,MidfieldForward,220,30yr 1mth,Calder Cannons,2027.0,Unrestricted Free Agent,2014.0,National,2.0,29.0,2.63,T.Miller 22/2/1996,GCFC,2026,M,2.64,2.88,2.54,2.28,2.47,2.27,2.36,3.42,3.44,2.51,2.64,3.09,2.73,2.6,2.08,2.42,2.23,2.35,2.15,2.32
Gold Coast,23,Ned Moyle,2002-02-15,206.0,Ruck,13,24yr 2mth,Oakleigh Chargers,2028.0,Restricted Free Agent,2021.0,Mid-Season,1.0,5.0,2.91,N.Moyle 15/2/2002,GCS VFL,2026,R,2.48,2.91,3.23,2.67,2.71,2.7,1.54,2.72,2.63,2.53,3.7,2.79,2.52,3.77,2.11,3.77,2.81,2.77,2.5,2.61
Gold Coast,35,Jai Murray,2007-03-09,185.0,Midfield,0,19yr 1mth,Gold Coast Suns Academy,2028.0,Unknown,2025.0,National,1.0,17.0,,,,,,,,,,,,,,,,,,,,,,,,,
Gold Coast,2,John Noble,1997-03-25,180.0,Defender,143,29yr,West Adelaide,2026.0,Non-Free Agent,2019.0,Mid-Season,1.0,14.0,2.62,J.Noble 25/3/1997,GCFC,2026,GD,2.68,3.29,1.68,2.19,1.77,2.21,1.97,3.44,3.91,2.69,3.87,2.95,2.04,1.82,1.1,2.48,2.27,1.96,2.25,2.34
Gold Coast,30,Dylan Patterson,2007-09-01,184.0,Defender,0,18yr 7mth,Gold Coast Suns Academy,2028.0,Unknown,2025.0,National,1.0,5.0,,,,,,,,,,,,,,,,,,,,,,,,,
Gold Coast,3,Christian Petracca,1996-01-04,187.0,MidfieldForward,216,30yr 3mth,Eastern Ranges,2029.0,Unrestricted Free Agent,2014.0,National,1.0,2.0,3.08,C.Petracca 4/1/1996,GCFC,2026,M,3.01,3.66,3.41,2.11,3.23,3.13,2.78,2.71,3.34,3.2,5.0,3.29,2.79,4.01,3.12,2.42,2.14,1.88,2.51,2.58
Gold Coast,27,Wil Powell,1999-08-26,188.0,DefenderMidfield,136,26yr 7mth,Claremont,2029.0,Unrestricted Free Agent,2017.0,National,1.0,19.0,2.54,W.Powell 26/8/1999,GCFC,2026,M,1.85,2.53,2.89,3.49,1.54,1.7,2.19,2.24,2.0,2.96,2.27,2.69,3.13,1.91,4.68,2.42,3.36,3.57,3.81,3.37
Gold Coast,20,Ethan Read,2005-07-07,202.0,Forward,31,20yr 9mth,Palm Beach Currumbin AFC,2028.0,Non-Free Agent,2023.0,National,1.0,9.0,2.51,E.Read 7/7/2005,GCFC,2026,KF,2.62,2.36,2.5,2.77,2.99,2.26,1.88,3.2,3.1,2.16,2.3,2.41,2.21,2.13,3.37,2.79,2.8,2.6,3.73,2.28
Gold Coast,17,Daniel Rioli,1997-04-16,179.0,Defender,209,29yr,North Ballarat Rebels,2029.0,Non-Free Agent,2015.0,National,1.0,15.0,2.43,D.Rioli 16/4/1997,GCFC,2026,GD,2.38,2.89,1.63,2.31,2.14,1.66,2.93,2.81,3.5,2.26,2.83,2.98,1.67,1.82,1.34,2.48,3.08,2.91,0.77,2.34
Gold Coast,29,Jake Rogers,2005-03-02,172.0,Forward,22,21yr 1mth,Broadbeach AFC,2026.0,Non-Free Agent,2023.0,National,1.0,14.0,2.43,J.Rogers 2/3/2005,GCFC,2026,GF,2.5,2.49,1.91,2.83,2.14,2.52,3.25,2.47,3.14,2.59,2.17,2.36,1.87,1.92,1.96,2.44,2.83,3.04,2.54,2.45
Gold Coast,18,Matt Rowell,2001-07-01,180.0,Midfield,113,24yr 9mth,Oakleigh Chargers,2027.0,Restricted Free Agent,2019.0,National,1.0,1.0,2.81,M.Rowell 1/7/2001,GCFC,2026,M,3.55,2.5,1.83,2.71,4.0,3.85,3.25,2.82,3.22,2.74,1.38,2.3,1.43,1.81,2.6,2.42,3.04,2.34,3.67,1.9
Gold Coast,41,Avery Thomas,2007-09-20,185.0,Defender,0,18yr 7mth,Tasmania Devils,2027.0,Unknown,2025.0,National,2.0,28.0,,,,,,,,,,,,,,,,,,,,,,,,,
Gold Coast,9,Jamarra Ugle-Hagan,2002-04-04,197.0,Forward,67,24yr,Oakleigh Chargers,2026.0,Non-Free Agent,2020.0,National,1.0,1.0,2.57,J.Ugle-Hagan 4/4/2002,GCS VFL,2026,KF,2.32,3.01,2.13,2.97,2.06,2.66,1.46,2.62,2.44,2.14,3.48,3.25,1.92,2.37,2.04,2.05,3.26,3.36,2.5,2.2
Gold Coast,6,Bodhi Uwland,2003-07-25,188.0,Defender,55,22yr 8mth,Allies,2030.0,Restricted Free Agent,,,,,2.98,B.Uwland 25/7/2003,GCFC,2026,GD,3.06,2.85,3.23,2.95,2.88,3.32,2.93,2.97,3.04,3.09,2.37,2.34,2.79,2.83,4.21,2.48,2.2,2.32,3.95,3.58
Gold Coast,32,Zeke Uwland,2007-04-24,179.0,DefenderMidfield,6,18yr 11mth,Gold Coast Suns Academy,2028.0,Unknown,2025.0,National,1.0,2.0,,,,,,,,,,,,,,,,,,,,,,,,,
Gold Coast,4,Jed Walter,2005-06-08,195.0,Forward,33,20yr 10mth,Palm Beach Currumbin AFC,2026.0,Non-Free Agent,2023.0,National,1.0,3.0,2.65,J.Walter 8/6/2005,GCFC,2026,KF,2.57,2.55,3.02,2.11,2.23,3.27,2.83,1.78,2.58,1.96,2.98,2.09,2.28,3.62,3.76,2.48,2.08,1.44,2.68,2.92
Gold Coast,14,Lachlan Weller,1996-02-23,182.0,Midfield,167,30yr 1mth,Southport,2029.0,Unrestricted Free Agent,2014.0,National,1.0,13.0,2.44,L.Weller 23/2/1996,GCFC,2026,W,2.45,2.56,1.69,2.77,2.14,2.85,2.75,2.23,1.95,2.57,2.17,2.89,1.48,1.9,1.89,2.5,2.64,2.86,3.32,2.27
Gold Coast,28,Jarrod Witts,1992-09-13,209.0,Ruck,211,33yr 7mth,Sydney University,2026.0,Unrestricted Free Agent,2011.0,National,4.0,67.0,2.59,J.Witts 13/9/1992,GCFC,2026,R,2.78,2.32,2.65,2.64,3.3,2.91,2.41,2.33,2.27,2.27,2.06,2.68,1.82,2.0,1.74,3.82,2.37,2.45,1.95,3.33
GWS Giants,21,Leek Aleer,2001-08-21,194.0,Defender,26,24yr 7mth,Central District,2027.0,Non-Free Agent,2021.0,National,1.0,15.0,2.42,L.Aleer 21/8/2001,GWS VFL,2026,R,2.84,2.95,1.71,2.87,1.65,2.78,3.52,3.77,4.02,3.19,1.59,3.01,2.53,1.49,2.17,1.35,1.58,1.85,4.31,3.51
GWS Giants,29,Cody Angove,2006-05-28,182.0,Forward,4,19yr 10mth,Claremont,2028.0,Non-Free Agent,2024.0,National,1.0,24.0,2.15,C.Angove 28/5/2006,GWS,2025,GF,2.28,1.98,2.03,2.43,1.29,2.64,1.95,2.59,2.45,1.51,1.65,3.42,1.41,1.87,3.49,2.46,2.19,2.45,3.69,2.08
GWS Giants,9,Ryan Angwin,2002-12-12,185.0,Midfield,36,23yr 4mth,Gippsland Power,2028.0,Restricted Free Agent,2020.0,National,1.0,18.0,2.51,R.Angwin 12/12/2002,GWS,2026,W,2.42,2.51,2.63,2.54,2.26,2.45,2.02,2.58,3.42,2.66,2.55,2.15,2.31,2.75,3.09,2.5,2.64,2.96,1.84,2.89
GWS Giants,7,Lachlan Ash,2001-06-21,188.0,Defender,131,24yr 9mth,Murray Bushrangers,2027.0,Restricted Free Agent,2019.0,National,1.0,4.0,3.02,L.Ash 21/6/2001,GWS,2026,GD,3.6,3.25,2.86,2.21,3.07,2.78,2.96,4.46,3.42,3.0,2.1,3.95,3.87,2.32,2.29,2.48,2.01,2.22,2.17,2.51
GWS Giants,14,Toby Bedford,2000-05-27,179.0,MidfieldForward,85,25yr 10mth,Dandenong Stingrays,2029.0,Non-Free Agent,2018.0,National,5.0,75.0,2.66,T.Bedford 27/5/2000,GWS,2026,GF,2.36,3.2,1.97,2.87,1.38,2.35,2.44,2.85,4.55,2.86,3.46,2.06,2.03,1.92,1.96,2.44,2.88,3.0,3.96,1.79
GWS Giants,32,Kieren Briggs,1999-10-06,201.0,Ruck,74,26yr 6mth,Pennant Hills,2026.0,Restricted Free Agent,2018.0,National,2.0,34.0,2.4,K.Briggs 6/10/1999,GWS,2026,R,2.53,2.36,2.56,1.88,2.8,2.03,2.69,2.57,2.22,2.77,2.08,2.38,2.86,2.35,2.44,2.69,1.99,2.28,1.85,1.55
GWS Giants,46,Callum Brown,2000-08-15,188.0,Forward,69,25yr 8mth,County Derry,2028.0,Unrestricted Free Agent,2016.0,National,2.0,35.0,1.96,C.Brown 15/8/2000,GWS,2026,GF,1.69,1.91,2.05,2.5,1.38,1.73,2.06,1.73,2.11,2.06,1.58,2.15,2.33,1.89,1.96,3.57,2.96,2.26,2.35,2.16
GWS Giants,44,Jack Buckley,1997-12-17,195.0,Defender,90,28yr 4mth,Swans Academy,2030.0,Unrestricted Free Agent,,,,,2.63,J.Buckley 17/12/1997,GWS,2026,KD,2.41,2.43,2.86,2.64,1.76,2.46,2.52,2.74,2.57,2.33,2.02,2.72,2.76,2.69,3.14,2.36,2.27,2.12,2.97,2.68
GWS Giants,5,Aaron Cadman,2004-03-03,195.0,Forward,60,22yr 1mth,Greater Western Victoria Rebels,2030.0,Restricted Free Agent,2022.0,National,1.0,1.0,2.63,A.Cadman 3/3/2004,GWS,2025,KF,2.27,2.86,2.72,2.48,1.55,2.49,2.19,2.73,1.51,2.95,3.08,2.87,3.37,3.09,2.14,1.9,2.54,2.43,1.79,2.98
GWS Giants,17,Finn Callaghan,2003-04-26,192.0,Midfield,77,22yr 11mth,Sandringham Dragons,2029.0,Restricted Free Agent,2021.0,National,1.0,3.0,2.79,F.Callaghan 26/4/2003,GWS,2026,M,2.8,2.87,3.09,2.4,2.61,2.48,1.93,3.91,3.54,2.29,2.37,3.54,2.01,3.7,3.62,2.42,2.35,2.23,3.42,2.24
GWS Giants,3,Stephen Coniglio,1993-12-15,182.0,MidfieldForward,232,32yr 4mth,Swan Districts,2026.0,Unrestricted Free Agent,2011.0,National,1.0,2.0,2.02,S.Coniglio 15/12/1993,GWS,2026,M,1.75,2.23,2.22,2.04,1.57,1.57,1.18,2.51,2.27,2.19,2.56,1.93,3.15,1.79,1.56,2.42,1.98,2.19,1.51,2.21
GWS Giants,16,Brent Daniels,1999-03-09,172.0,Forward,113,27yr 1mth,Bendigo Pioneers,2031.0,Unrestricted Free Agent,2017.0,National,2.0,27.0,1.88,B.Daniels 9/3/1999,GWS,2025,M,1.7,2.0,2.24,1.75,1.76,1.68,2.16,1.39,1.52,2.42,1.92,1.96,2.27,2.64,1.29,2.41,1.7,1.98,1.32,1.46
GWS Giants,45,Finnegan Davis,2007-01-21,188.0,Defender,0,19yr 2mth,Western Jets,2027.0,Unknown,2025.0,National,3.0,51.0,,,,,,,,,,,,,,,,,,,,,,,,,
GWS Giants,38,Josaia Delana,2006-07-01,176.0,Forward,7,19yr 9mth,East Coast Eagles,2028.0,Non-Free Agent,,,,,1.89,J.Delana 1/7/2006,GWS,2026,GF,1.77,1.77,1.59,2.79,1.84,1.81,2.9,1.42,1.74,2.32,1.07,2.19,0.96,1.92,1.96,2.44,3.11,2.8,3.19,1.77
GWS Giants,37,Joseph Fonti,2004-12-24,189.0,Defender,28,21yr 3mth,Claremont,2027.0,Non-Free Agent,2023.0,National,2.0,44.0,3.09,J.Fonti 24/12/2004,GWS,2026,GD,2.75,2.54,3.7,3.81,2.31,2.89,3.33,2.67,2.85,2.47,1.83,2.47,3.33,3.45,4.44,2.48,3.79,3.57,4.34,3.55
GWS Giants,11,Phoenix Gothard,2005-09-07,179.0,Forward,6,20yr 7mth,Murray Bushrangers,2028.0,Non-Free Agent,2023.0,National,1.0,12.0,3.02,P.Gothard 7/9/2005,GWS,2026,GF,3.33,3.0,2.4,3.25,3.84,3.18,2.71,3.33,3.77,2.64,3.04,2.99,2.22,1.92,3.77,2.44,3.33,3.44,2.52,3.02
GWS Giants,12,Tom Green,2001-01-23,192.0,Midfield,115,25yr 2mth,GWS Giants Academy,2027.0,Restricted Free Agent,2019.0,National,1.0,10.0,3.17,T.Green 23/1/2001,GWS,2025,M,4.15,3.07,2.1,2.41,5.0,4.14,2.98,3.44,3.33,2.86,2.92,3.24,2.14,1.94,2.41,3.13,2.41,2.26,3.0,2.38
GWS Giants,4,Toby Greene,1993-09-25,182.0,MidfieldForward,267,32yr 6mth,Oakleigh Chargers,2026.0,Unrestricted Free Agent,2011.0,National,1.0,11.0,2.45,T.Greene 25/9/1993,GWS,2026,M,2.76,2.44,2.48,1.88,2.75,3.07,2.08,2.87,1.56,2.22,3.27,3.1,2.29,2.57,2.6,2.51,1.79,1.65,2.54,2.52
GWS Giants,35,Max Gruzewski,2004-07-21,192.0,Forward,15,21yr 8mth,Oakleigh Chargers,2026.0,Non-Free Agent,2022.0,National,2.0,22.0,1.98,M.Gruzewski 21/7/2004,GWS,2026,KF,1.72,1.92,2.25,1.98,1.88,1.38,2.39,1.65,2.23,2.21,1.7,1.93,2.22,2.67,1.82,1.96,1.71,1.81,1.07,3.38
GWS Giants,43,Riley Hamilton,2006-08-15,189.0,MidfieldForward,0,19yr 8mth,Ainslie,2027.0,Unknown,,,,,2.52,R.Hamilton 15/8/2006,GWS VFL,2026,M,2.24,2.91,2.67,2.33,1.5,2.39,3.4,2.42,2.51,2.51,4.69,2.33,2.55,3.2,1.69,2.49,1.95,2.47,2.5,3.11
GWS Giants,13,Oliver Hannaford,2006-09-01,180.0,MidfieldForward,3,19yr 7mth,Greater Western Victoria Rebels,2027.0,Non-Free Agent,2024.0,National,1.0,18.0,2.01,O.Hannaford 1/9/2006,GWS,2026,GF,2.01,2.06,2.28,1.58,1.38,2.09,1.85,2.3,1.5,1.97,2.36,2.11,3.07,1.8,1.96,2.44,1.42,1.72,1.21,1.79
GWS Giants,27,Harrison Himmelberg,1996-05-08,195.0,Defender,207,29yr 11mth,Mangoplah Cookardinia United Eastlakes,2029.0,Unrestricted Free Agent,2015.0,National,1.0,16.0,2.57,H.Himmelberg 8/5/1996,GWS,2026,GD,2.49,2.35,2.84,2.79,1.96,2.82,2.91,2.34,2.76,2.14,1.83,2.24,2.49,2.86,3.24,2.48,1.96,2.0,3.92,3.58
GWS Giants,23,Jesse Hogan,1995-02-12,196.0,Forward,186,31yr 2mth,Claremont,2026.0,Non-Free Agent,,,,,,,,,,,,,,,,,,,,,,,,,,,,,
GWS Giants,39,Connor Idun,2000-07-29,193.0,Defender,123,25yr 8mth,Geelong Falcons,2032.0,Unrestricted Free Agent,2018.0,National,4.0,61.0,,,,,,,,,,,,,,,,,,,,,,,,,
GWS Giants,2,Darcy Jones,2004-04-03,175.0,Forward,37,22yr,Swan Districts,2028.0,Non-Free Agent,2022.0,National,1.0,21.0,,,,,,,,,,,,,,,,,,,,,,,,,
GWS Giants,22,Joshua Kelly,1995-02-12,184.0,Midfield,230,31yr 2mth,Sandringham Dragons,2029.0,Unrestricted Free Agent,2013.0,National,1.0,2.0,,,,,,,,,,,,,,,,,,,,,,,,,
GWS Giants,25,Jayden Laverde,1996-04-12,193.0,Defender,151,30yr,Western Jets,2026.0,Unrestricted Free Agent,2014.0,National,1.0,20.0,,,,,,,,,,,,,,,,,,,,,,,,,
GWS Giants,30,James Leake,2005-10-02,188.0,DefenderForward,4,20yr 6mth,Tasmania Devils,2028.0,Non-Free Agent,2023.0,National,1.0,17.0,,,,,,,,,,,,,,,,,,,,,,,,,
GWS Giants,41,Nick Madden,2004-05-17,204.0,Ruck,5,21yr 11mth,Greater Western Sydney,2026.0,Non-Free Agent,,,,,,,,,,,,,,,,,,,,,,,,,,,,,
GWS Giants,31,Toby McMullin,2004-08-06,183.0,Midfield,29,21yr 8mth,Sandringham Dragons,2028.0,Non-Free Agent,2022.0,National,2.0,34.0,,,,,,,,,,,,,,,,,,,,,,,,,
GWS Giants,33,Xavier O'Halloran,2000-07-11,187.0,MidfieldForward,96,25yr 9mth,Western Jets,2028.0,Unrestricted Free Agent,2018.0,National,1.0,22.0,,,,,,,,,,,,,,,,,,,,,,,,,
GWS Giants,10,Clayton Oliver,1997-07-22,189.0,Midfield,211,28yr 8mth,Murray Bushrangers,2030.0,Unrestricted Free Agent,2015.0,National,1.0,4.0,3.16,C.Oliver 22/7/1997,GWS,2026,M,3.98,3.09,2.64,2.24,4.93,4.1,2.37,3.5,4.68,2.56,2.32,2.8,1.73,3.58,2.13,2.51,2.24,2.18,2.42,2.24
GWS Giants,19,Harrison Oliver,2006-06-15,181.0,Defender,0,19yr 10mth,Sandringham Dragons,2027.0,Non-Free Agent,2024.0,National,1.0,19.0,2.81,H.Oliver 15/6/2006,GWS VFL,2025,GD,3.21,2.93,2.17,2.64,2.93,3.33,2.1,3.48,3.21,2.75,2.18,3.14,2.48,1.82,2.22,2.49,3.06,2.58,2.66,2.17
GWS Giants,28,Jack Ough,2006-12-15,194.0,Midfield,0,19yr 4mth,Greater Western Victoria Rebels,2028.0,Non-Free Agent,2024.0,National,2.0,36.0,3.03,J.Ough 15/12/2006,GWS VFL,2026,M,3.48,3.02,2.27,2.85,3.86,3.81,2.52,3.18,3.9,2.91,2.63,2.51,2.8,2.12,1.69,2.49,2.36,3.54,2.5,2.42
GWS Giants,26,Jake Riccardi,1999-11-07,198.0,ForwardRuck,95,26yr 5mth,Werribee,2026.0,Non-Free Agent,2019.0,National,3.0,51.0,2.89,J.Riccardi 7/11/1999,GWS,2026,KF,2.98,2.92,2.79,2.85,3.49,2.6,2.13,3.5,4.02,3.18,2.44,3.37,2.11,2.04,1.82,5.0,3.02,2.75,3.14,2.54
GWS Giants,24,Harry Rowston,2004-08-12,182.0,Midfield,21,21yr 8mth,Griffith Swans FNC,2028.0,Non-Free Agent,2022.0,National,1.0,16.0,2.03,H.Rowston 12/8/2004,GWS,2026,M,1.6,2.37,2.4,1.99,1.22,1.07,2.43,2.16,2.26,2.33,2.84,2.11,3.51,1.91,1.56,2.42,2.08,1.95,1.65,2.14
GWS Giants,36,Logan Smith,2006-09-24,204.0,Ruck,0,19yr 6mth,Queanbeyan,2028.0,Non-Free Agent,2024.0,National,5.0,71.0,2.04,L.Smith 24/9/2006,GWS VFL,2025,R,2.08,2.0,1.91,2.41,2.07,2.07,2.43,1.83,1.58,2.25,2.2,1.98,2.15,1.91,1.74,1.96,2.45,2.45,1.68,2.78
GWS Giants,18,Conor Stone,2002-04-22,189.0,Defender,20,23yr 11mth,Oakleigh Chargers,2026.0,Unrestricted Free Agent,2025.0,Rookie,1.0,9.0,3.05,C.Stone 22/4/2002,GWS VFL,2026,GD,3.01,3.22,3.34,2.68,3.17,2.56,2.62,3.34,3.11,3.02,4.35,3.23,3.62,3.17,3.21,2.5,4.22,1.92,2.5,2.12
GWS Giants,20,Jake Stringer,1994-04-25,192.0,Forward,233,31yr 11mth,Bendigo Pioneers,2027.0,Non-Free Agent,2025.0,National,5.0,59.0,2.7,J.Stringer 25/4/1994,GWS,2026,KF,3.63,2.68,1.91,2.82,3.98,3.54,3.55,3.46,2.74,2.8,2.47,3.16,1.93,1.51,2.74,1.96,2.95,2.73,3.38,2.34
GWS Giants,34,Oskar Taylor,2007-08-01,182.0,Defender,0,18yr 8mth,Eastern Ranges,2028.0,Unknown,2025.0,National,1.0,15.0,,,,,,,,,,,,,,,,,,,,,,,,,
GWS Giants,15,Sam Taylor,1999-05-05,198.0,Defender,131,26yr 11mth,Swan Districts,2032.0,Unrestricted Free Agent,2017.0,National,2.0,28.0,3.59,S.Taylor 5/5/1999,GWS,2025,KD,3.2,3.03,4.07,3.65,2.71,3.88,2.22,3.21,3.65,2.67,2.29,2.71,3.14,4.42,4.33,2.34,3.33,3.25,4.43,3.34
GWS Giants,1,Harvey Thomas,2005-08-08,176.0,MidfieldForward,46,20yr 8mth,GWS Giants Academy,2028.0,Non-Free Agent,2023.0,National,4.0,59.0,2.93,H.Thomas 8/8/2005,GWS,2026,W,3.33,2.99,2.54,2.51,3.58,2.63,2.53,3.94,3.74,3.16,2.42,2.97,2.12,2.63,3.19,2.5,2.84,2.3,2.58,2.35
GWS Giants,42,Nathan Wardius,2004-10-12,181.0,Forward,0,21yr 6mth,Rand-Walbundrie-Walla,2027.0,Non-Free Agent,,,,,3.03,N.Wardius 12/10/2004,GWS VFL,2025,GF,2.59,3.52,3.43,2.23,2.14,2.32,2.15,3.13,2.05,2.73,5.0,3.01,4.48,3.19,2.12,2.47,2.56,1.93,1.96,2.44
GWS Giants,6,Lachie Whitfield,1994-07-18,185.0,Defender,263,31yr 9mth,Dandenong Stingrays,2027.0,Unrestricted Free Agent,2012.0,National,1.0,1.0,3.03,L.Whitfield 18/7/1994,GWS,2026,GD,3.23,3.5,2.28,2.6,2.68,2.77,1.83,4.02,4.57,3.02,1.83,3.31,2.78,2.19,1.81,2.48,2.84,2.87,2.5,2.05
Hawthorn,10,Karl Amon,1995-08-19,181.0,Defender,200,30yr 8mth,Sandringham Dragons,2027.0,Non-Free Agent,2013.0,National,4.0,68.0,2.15,K.Amon 19/8/1995,HFC,2026,GD,1.94,2.66,1.82,1.83,1.83,1.12,1.69,2.57,2.42,2.55,2.17,3.51,2.19,1.82,1.39,2.48,2.59,2.28,0.47,1.92
Hawthorn,32,Cody Anderson,2006-01-30,183.0,Midfield,0,20yr 2mth,Eastern Ranges,2026.0,Non-Free Agent,2024.0,National,4.0,64.0,2.28,C.Anderson 30/1/2006,BH VFL,2026,M,2.19,2.4,2.32,2.23,2.25,2.25,2.96,1.6,2.22,1.97,3.49,2.3,1.73,3.06,1.69,2.49,1.53,2.88,2.4,2.28
Hawthorn,37,Tom Barrass,1995-10-08,197.0,Defender,181,30yr 6mth,Claremont,2028.0,Unrestricted Free Agent,2013.0,National,3.0,43.0,2.86,T.Barrass 8/10/1995,HFC,2026,KD,2.41,2.35,3.48,2.81,1.76,2.75,2.75,2.27,1.91,2.89,2.02,2.27,2.8,3.22,4.25,2.36,2.71,2.33,3.71,2.39
Hawthorn,24,Josh Battle,1998-09-01,193.0,Defender,155,27yr 7mth,Dandenong Stingrays,2030.0,Non-Free Agent,2016.0,National,2.0,39.0,2.68,J.Battle 1/9/1998,HFC,2026,KD,3.08,3.29,2.84,2.06,2.56,3.52,1.5,3.72,3.38,3.02,3.5,3.81,3.05,3.33,2.12,2.36,2.7,2.9,2.5,1.36
Hawthorn,36,James Blanck,2000-11-20,196.0,Defender,24,25yr 5mth,Box Hill Hawks,2026.0,Non-Free Agent,2022.0,Mid-Season,2.0,20.0,2.41,J.Blanck 20/11/2000,BH VFL,2025,KD,2.28,2.23,2.42,2.55,2.09,2.49,3.41,1.6,2.3,2.27,2.05,2.02,1.75,2.93,2.31,2.44,2.29,2.19,2.58,2.7
Hawthorn,30,Sam Butler,2003-02-10,184.0,MidfieldForward,31,23yr 2mth,GWV Rebels,2027.0,Non-Free Agent,2021.0,National,2.0,23.0,1.93,S.Butler 10/2/2003,HFC,2026,M,1.3,1.89,3.39,1.98,1.0,1.04,2.37,1.36,1.34,2.11,2.59,1.49,3.5,3.16,3.69,2.42,1.88,2.34,0.77,2.12
Hawthorn,18,Mabior Chol,1997-01-29,200.0,Forward,113,29yr 2mth,Aspley,2027.0,Unrestricted Free Agent,2018.0,Rookie,3.0,45.0,2.63,M.Chol 29/1/1997,HFC,2026,KF,2.87,2.37,2.81,2.44,4.11,2.78,2.91,1.74,2.14,2.44,2.39,2.37,2.39,3.8,1.82,2.44,2.28,2.54,1.73,3.03
Hawthorn,16,Massimo D'Ambrosio,2003-06-05,178.0,Midfield,72,22yr 10mth,Western Jets,2028.0,Non-Free Agent,2022.0,Mid-Season,1.0,3.0,2.82,M.D'Ambrosio 5/6/2003,HFC,2026,W,2.59,2.8,3.66,2.59,2.84,2.76,3.05,2.23,2.38,3.04,1.81,3.22,2.93,3.81,4.78,2.5,2.52,2.9,2.86,2.14
Hawthorn,34,Jack Dalton,2007-04-05,178.0,Midfield,1,19yr,Sandringham Dragons,2027.0,Unknown,2025.0,National,2.0,34.0,,,,,,,,,,,,,,,,,,,,,,,,,
Hawthorn,12,Will Day,2001-06-05,191.0,Midfield,76,24yr 10mth,West Adelaide,2027.0,Restricted Free Agent,2019.0,National,1.0,13.0,3.19,W.Day 5/6/2001,HFC,2025,M,3.06,2.84,4.13,3.23,3.34,3.69,3.36,1.87,2.87,2.42,3.7,2.67,2.18,5.0,5.0,2.41,2.92,2.84,4.22,5.0
Hawthorn,13,Calsher Dear,2005-08-04,195.0,Forward,27,20yr 8mth,Sandringham Dragons,2026.0,Non-Free Agent,2023.0,National,4.0,56.0,2.46,C.Dear 4/8/2005,BH VFL,2026,KF,3.01,2.45,1.82,3.04,2.08,3.3,4.18,2.81,2.68,2.39,2.22,3.17,2.48,1.07,2.04,2.05,3.26,3.46,2.5,2.38
Hawthorn,33,Jack Ginnivan,2002-12-09,185.0,Forward,96,23yr 4mth,Bendigo Pioneers,2027.0,Non-Free Agent,2020.0,Rookie,1.0,13.0,3.2,J.Ginnivan 9/12/2002,HFC,2026,GF,3.87,3.38,2.67,2.15,4.12,3.71,2.78,4.14,2.88,3.74,3.04,3.84,3.51,2.33,1.96,2.52,1.66,1.81,3.83,3.08
Hawthorn,35,Ollie Greeves,2007-02-07,192.0,Midfield,0,19yr 2mth,Eastern Ranges,2026.0,Unknown,2025.0,Rookie,1.0,12.0,,,,,,,,,,,,,,,,,,,,,,,,,
Hawthorn,19,Jack Gunston,1991-10-16,193.0,Forward,288,34yr 6mth,Sandringham,2026.0,Unrestricted Free Agent,2009.0,National,2.0,29.0,2.84,J.Gunston 16/10/1991,HFC,2026,KF,2.26,3.8,2.56,1.79,1.67,2.1,2.43,2.96,1.57,3.25,5.0,2.17,3.87,2.37,1.82,1.96,1.57,1.79,1.97,1.97
Hawthorn,15,Blake Hardwick,1997-02-05,183.0,Defender,204,29yr 2mth,Eastern Ranges,2029.0,Unrestricted Free Agent,2015.0,National,3.0,44.0,2.81,B.Hardwick 5/2/1997,HFC,2026,GD,2.56,2.51,3.29,3.17,2.57,2.85,2.49,2.38,2.01,3.14,2.1,2.5,3.31,3.32,3.24,2.48,3.24,3.36,3.16,2.83
Hawthorn,41,Matt Hill,2004-01-01,187.0,Defender,0,22yr 3mth,Melbourne Storm,2026.0,Non-Free Agent,,,,,2.52,M.Hill 1/1/2004,BH VFL,2026,GF,2.32,2.41,2.5,3.21,1.94,2.61,3.9,1.9,2.0,2.17,2.75,2.58,1.89,3.2,1.98,2.48,4.54,2.5,2.5,2.49
Hawthorn,44,Henry Hustwaite,2004-07-20,195.0,Midfield,10,21yr 9mth,Dandenong Stingrays,2026.0,Non-Free Agent,2022.0,National,2.0,37.0,3.07,H.Hustwaite 20/7/2004,BH VFL,2026,M,3.96,2.7,2.14,2.77,4.5,4.26,3.57,3.14,3.86,2.25,1.7,3.01,1.74,2.12,2.9,2.49,2.16,3.25,2.5,3.51
Hawthorn,4,Jarman Impey,1995-07-09,178.0,Defender,227,30yr 9mth,Murray Bushrangers,2026.0,Restricted Free Agent,2013.0,National,2.0,21.0,2.81,J.Impey 9/7/1995,HFC,2026,GD,2.83,2.59,3.64,2.6,2.83,2.73,1.72,3.15,2.7,2.29,2.1,3.16,3.57,2.81,4.69,2.48,2.63,2.57,3.1,1.98
Hawthorn,31,Matthew LeRay,2007-02-22,188.0,Midfield,0,19yr 1mth,Central District,2027.0,Unknown,2025.0,National,4.0,56.0,,,,,,,,,,,,,,,,,,,,,,,,,
Hawthorn,2,Mitchell Lewis,1998-10-14,199.0,Forward,84,27yr 6mth,Calder Cannons,2026.0,Unrestricted Free Agent,2016.0,National,5.0,76.0,3.02,M.Lewis 14/10/1998,HFC,2026,KF,3.06,2.92,3.22,2.62,2.92,2.95,3.02,3.37,3.8,3.38,2.57,2.73,4.55,3.78,1.82,1.96,2.2,2.59,2.2,3.61
Hawthorn,9,Connor MacDonald,2003-01-13,185.0,Forward,96,23yr 3mth,Dandenong Stingrays,2029.0,Restricted Free Agent,2021.0,National,2.0,26.0,3.24,C.Macdonald 13/1/2003,HFC,2026,GF,4.01,2.93,2.9,2.87,4.34,3.94,2.41,4.29,3.25,3.27,2.07,3.81,3.65,2.33,2.86,2.44,2.82,3.19,3.27,1.87
Hawthorn,42,Bailey Macdonald,2004-08-04,182.0,Defender,8,21yr 8mth,Oakleigh Chargers,2026.0,Non-Free Agent,2022.0,National,3.0,51.0,2.81,B.Macdonald 4/8/2004,BH VFL,2026,GD,3.08,3.02,1.82,2.86,2.95,2.97,2.7,3.28,3.19,2.79,2.92,3.17,2.21,1.83,1.36,2.5,3.39,3.11,2.5,2.26
Hawthorn,28,Cameron Mackenzie,2004-01-21,188.0,Midfield,50,22yr 2mth,Sandringham Dragons,2026.0,Non-Free Agent,2022.0,National,1.0,7.0,2.23,C.Mackenzie 21/1/2004,HFC,2026,M,2.19,2.21,2.22,2.33,2.51,2.13,2.09,1.87,2.14,2.47,2.03,2.04,2.54,1.91,2.33,2.42,2.64,2.48,0.51,2.33
Hawthorn,20,Finn Maginness,2001-02-23,189.0,Forward,59,25yr 1mth,Sandringham Dragons,2027.0,Restricted Free Agent,2019.0,National,2.0,29.0,3.62,F.Maginness 23/2/2001,BH VFL,2026,GF,4.82,3.24,2.62,3.41,5.0,5.0,2.7,4.82,3.31,3.33,2.78,4.03,2.49,2.34,3.48,2.48,2.79,4.53,2.5,2.52
Hawthorn,27,William McCabe,2005-09-29,197.0,Defender,1,20yr 6mth,Tanunda,2026.0,Non-Free Agent,2023.0,National,1.0,19.0,2.45,W.McCabe 29/9/2005,BH VFL,2026,KF,1.98,2.85,2.39,2.34,1.78,1.49,1.64,3.07,3.48,2.9,2.67,2.98,3.57,1.95,2.04,2.05,2.73,2.06,2.5,2.1
Hawthorn,17,Lloyd Meek,1998-04-22,203.0,Ruck,83,27yr 11mth,Gwv Rebels,2029.0,Non-Free Agent,2017.0,National,4.0,69.0,2.51,L.Meek 22/4/1998,HFC,2026,R,2.1,2.28,2.93,2.32,2.26,2.01,1.84,2.2,2.19,2.56,2.38,2.01,3.12,2.92,3.11,2.79,2.54,2.71,2.18,2.0
Hawthorn,8,Dylan Moore,1999-08-04,177.0,Forward,132,26yr 8mth,Eastern Ranges,2030.0,Unrestricted Free Agent,2017.0,National,4.0,67.0,2.97,D.Moore 4/8/1999,HFC,2026,GF,3.27,3.24,2.3,2.61,3.07,3.36,1.71,3.7,3.98,3.08,3.01,3.39,2.51,1.89,2.86,2.44,2.63,2.52,2.97,2.55
Hawthorn,1,Harry Morrison,1998-11-12,184.0,Midfield,124,27yr 5mth,Murray Bushrangers,2026.0,Unrestricted Free Agent,2016.0,National,5.0,74.0,2.51,H.Morrison 12/11/1998,BH VFL,2026,M,2.27,2.66,3.09,2.24,1.72,2.35,2.46,2.86,2.74,3.25,1.66,2.54,3.53,1.94,4.92,2.49,1.95,2.37,2.5,2.68
Hawthorn,21,Noah Mraz,2006-02-20,198.0,Defender,0,20yr 2mth,Dandenong Stingrays,2028.0,Non-Free Agent,2024.0,National,2.0,35.0,2.79,N.Mraz 20/2/2006,BH VFL,2026,KD,3.05,2.9,2.9,2.5,2.45,3.2,2.58,3.53,3.88,2.31,2.15,2.14,2.22,3.71,2.44,2.46,2.29,2.06,2.5,2.7
Hawthorn,22,Cameron Nairn,2007-10-15,188.0,MidfieldForward,0,18yr 6mth,Central District,2028.0,Unknown,2025.0,National,1.0,20.0,,,,,,,,,,,,,,,,,,,,,,,,,
Hawthorn,11,Conor Nash,1998-07-28,198.0,Midfield,126,27yr 8mth,Dublin,2029.0,Unrestricted Free Agent,,,,,2.49,C.Nash 28/7/1998,HFC,2026,M,2.72,2.16,1.83,3.09,3.42,2.7,2.47,1.92,2.77,2.07,1.73,1.98,1.9,1.91,1.56,2.69,3.06,3.37,2.66,2.52
Hawthorn,3,Jai Newcombe,2001-08-02,187.0,Midfield,108,24yr 8mth,Box Hill,2032.0,Unrestricted Free Agent,2021.0,Mid-Season,1.0,2.0,2.86,J.Newcombe 2/8/2001,HFC,2026,M,3.45,2.92,2.09,2.34,4.07,3.33,3.55,2.63,3.36,3.09,2.29,2.7,2.32,1.91,2.08,2.51,2.47,2.35,1.48,2.6
Hawthorn,39,Flynn Perez,2001-08-25,188.0,Defender,27,24yr 7mth,Bendigo Pioneers,2026.0,Unrestricted Free Agent,2019.0,National,2.0,35.0,2.38,F.Perez 25/8/2001,HFC,2026,GD,2.13,2.11,1.55,3.52,1.66,2.73,2.31,1.85,2.67,1.95,1.83,1.56,0.91,1.75,2.06,2.48,4.19,4.66,2.27,2.54
Hawthorn,38,Max Ramsden,2003-04-19,203.0,Forward,9,23yr,Sandringham Dragons,2026.0,Non-Free Agent,2022.0,Mid-Season,1.0,6.0,2.83,M.Ramsden 19/4/2003,BH VFL,2026,KF,3.48,2.37,2.93,2.56,4.47,3.47,2.44,3.11,2.68,2.36,1.98,3.48,1.94,2.52,2.96,4.48,2.07,3.02,2.5,2.55
Hawthorn,7,Ned Reeves,1998-10-31,210.0,Ruck,48,27yr 5mth,Box Hill,2029.0,Unrestricted Free Agent,,,,,2.18,N.Reeves 31/10/1998,HFC,2026,R,1.97,2.61,2.18,1.77,2.17,1.67,2.06,1.95,2.38,2.21,3.44,2.4,1.55,1.31,1.5,3.31,2.38,2.23,1.43,1.28
Hawthorn,26,Bodie Ryan,2005-04-20,187.0,Defender,0,21yr,Glenelg,2026.0,Non-Free Agent,2023.0,National,3.0,46.0,3.16,B.Ryan 20/4/2005,BH VFL,2026,GD,3.13,3.07,3.85,2.92,2.17,3.62,3.64,3.01,2.75,3.69,2.05,3.04,3.77,4.31,3.4,2.5,2.27,3.12,2.5,3.96
Hawthorn,29,Aidan Schubert,2007-12-21,198.0,ForwardRuck,0,18yr 3mth,Central District,2028.0,Non-Free Agent,2025.0,National,1.0,23.0,,,,,,,,,,,,,,,,,,,,,,,,,
Hawthorn,14,Jack Scrimshaw,1998-09-04,194.0,Defender,127,27yr 7mth,Sandringham Dragons,2027.0,Restricted Free Agent,2016.0,National,1.0,7.0,2.41,J.Scrimshaw 4/9/1998,HFC,2026,KD,3.66,2.82,1.71,2.12,4.42,3.1,3.35,3.97,3.83,1.95,2.02,3.04,2.15,1.64,1.47,2.36,2.69,2.4,2.44,1.68
Hawthorn,6,James Sicily,1995-01-06,188.0,Defender,185,31yr 3mth,Western Jets,2027.0,Unrestricted Free Agent,2013.0,National,3.0,56.0,3.22,J.Sicily 6/1/1995,HFC,2026,KD,3.76,3.64,3.25,2.7,4.01,3.83,2.91,3.92,3.74,3.84,2.02,4.09,2.94,3.0,3.75,2.36,3.4,3.56,3.5,1.73
Hawthorn,43,Jaime Uhr-Henry,2003-03-12,209.0,Ruck,0,23yr 1mth,Dandenong Rangers,2026.0,Non-Free Agent,,,,,,,,,,,,,,,,,,,,,,,,,,,,,
Hawthorn,25,Josh Ward,2003-08-15,183.0,Midfield,73,22yr 8mth,Northern Knights,2029.0,Restricted Free Agent,2021.0,National,1.0,7.0,2.29,J.Ward 15/8/2003,HFC,2026,M,2.24,2.3,2.51,2.22,2.13,1.89,2.13,2.8,2.54,2.59,1.43,2.37,2.65,1.91,3.64,2.42,1.97,2.26,3.47,1.8
Hawthorn,5,Nick Watson,2005-02-24,170.0,Forward,49,21yr 1mth,Eastern Ranges,2029.0,Non-Free Agent,2023.0,National,1.0,5.0,3.26,N.Watson 24/2/2005,HFC,2026,GF,3.3,3.84,2.57,2.72,3.09,3.53,3.77,3.12,2.99,3.25,5.0,3.04,3.17,2.38,1.96,2.44,2.69,2.75,2.58,2.79
Hawthorn,23,Joshua Weddle,2004-05-25,191.0,DefenderMidfield,66,21yr 10mth,Oakleigh Chargers,2030.0,Restricted Free Agent,2022.0,National,1.0,18.0,2.44,J.Weddle 25/5/2004,HFC,2026,W,1.84,2.99,2.56,2.28,1.92,1.76,2.06,1.8,2.71,2.51,2.78,3.53,2.67,3.3,1.89,2.5,2.39,2.75,1.7,2.47
Melbourne,26,Jed Adams,2004-05-14,196.0,Defender,1,21yr 11mth,Peel Thunder,2026.0,Non-Free Agent,2022.0,National,2.0,38.0,2.51,J.Adams 14/5/2004,CSY VFL,2026,KD,2.24,2.23,2.48,2.81,1.87,2.78,2.42,1.76,1.92,2.6,2.15,2.12,2.09,2.29,2.98,2.46,3.35,2.8,3.32,2.36
Melbourne,38,Oscar Berry,,196.0,Defender,0,,North Florida Ospreys,2027.0,Unknown,,,,,,,,,,,,,,,,,,,,,,,,,,,,,
Melbourne,17,Jake Bowey,2002-09-12,175.0,Defender,84,23yr 7mth,Sandringham Dragons,2028.0,Restricted Free Agent,2020.0,National,1.0,21.0,2.99,J.Bowey 12/9/2002,MFC,2025,GD,3.58,3.02,2.22,2.82,3.78,3.73,3.0,3.54,3.03,3.36,2.29,2.79,2.62,1.88,2.17,2.46,3.05,3.24,2.9,1.83
Melbourne,29,Tom Campbell,1991-11-02,201.0,Ruck,58,34yr 5mth,Bendigo Bombers,2026.0,Unrestricted Free Agent,2012.0,National,6.0,98.0,3.06,T.Campbell 2/11/1991,CSY VFL,2025,R,3.67,2.93,2.95,2.73,4.32,4.02,3.26,2.86,3.09,2.82,2.65,3.18,2.31,2.74,3.23,3.07,2.61,2.59,2.88,2.8
Melbourne,37,Kade Chandler,2000-01-13,175.0,Forward,85,26yr 3mth,Norwood,2026.0,Restricted Free Agent,2018.0,Rookie,1.0,15.0,3.03,K.Chandler 13/1/2000,MFC,2026,GF,3.24,3.2,2.26,3.25,3.4,2.8,2.94,3.56,3.66,3.12,3.2,2.91,2.34,1.92,2.86,2.44,3.26,3.52,3.17,2.56
Melbourne,41,Paddy Cross,2003-02-14,181.0,Forward,1,23yr 2mth,Casey VFL,2026.0,Unknown,,,,,2.82,P.Cross 14/2/2003,CSY VFL,2026,GF,2.27,2.26,3.94,3.78,2.31,2.45,1.96,2.19,3.13,2.03,2.06,2.38,4.52,3.03,4.95,2.48,3.84,3.92,3.85,3.21
Melbourne,13,Jai Culley,2003-02-24,194.0,Midfield,22,23yr 1mth,Dandenong Stingrays,2028.0,Unrestricted Free Agent,2022.0,Mid-Season,1.0,1.0,2.33,J.Culley 24/2/2003,MFC,2026,W,2.86,1.89,2.65,2.08,3.1,2.52,3.13,2.94,1.71,2.15,2.07,1.65,2.46,4.23,1.89,2.5,2.25,2.82,1.64,1.91
Melbourne,31,Bayley Fritsch,1996-12-06,188.0,Forward,176,29yr 4mth,Casey Demons,2026.0,Restricted Free Agent,2017.0,National,2.0,31.0,2.79,B.Fritsch 6/12/1996,MFC,2026,GF,2.37,3.36,3.09,1.91,1.84,2.13,2.44,2.8,2.53,3.19,4.14,2.76,3.64,3.17,1.96,2.44,1.88,1.78,2.32,2.06
Melbourne,11,Max Gawn,1991-12-30,209.0,Ruck,253,34yr 3mth,Sandringham Dragons,2027.0,Unrestricted Free Agent,2009.0,National,3.0,34.0,3.65,M.Gawn 30/12/1991,MFC,2026,R,3.97,3.34,3.99,2.81,4.45,4.52,2.85,3.74,3.36,3.65,3.0,3.37,3.32,4.13,4.58,3.7,2.07,2.4,4.21,2.73
Melbourne,27,Max Heath,2002-10-24,204.0,ForwardRuck,5,23yr 5mth,Sandringham Dragons,2028.0,Non-Free Agent,2021.0,Mid-Season,1.0,7.0,3.06,M.Heath 24/10/2002,CSY VFL,2026,R,3.31,2.3,3.68,2.34,3.98,4.19,1.78,2.87,2.33,2.16,2.33,2.39,2.96,2.21,5.0,3.92,2.51,2.57,2.5,1.99
Melbourne,43,Jack Henderson,1999-10-01,176.0,Forward,5,26yr 6mth,Werribee,2026.0,Non-Free Agent,,,,,3.0,J.Henderson 1/10/1999,CSY VFL,2026,GF,3.87,2.7,2.37,2.76,4.72,4.0,2.9,3.6,4.64,3.24,1.44,2.46,2.58,1.94,2.98,2.48,2.21,3.6,2.5,2.02
Melbourne,22,Blake Howes,2003-04-07,191.0,Defender,34,23yr,Sandringham Dragons,2027.0,Non-Free Agent,2021.0,National,2.0,39.0,,,,,,,,,,,,,,,,,,,,,,,,,
Melbourne,21,Matthew Jefferson,2004-03-08,195.0,Forward,8,22yr 1mth,Oakleigh Chargers,2026.0,Non-Free Agent,2022.0,National,1.0,15.0,,,,,,,,,,,,,,,,,,,,,,,,,
Melbourne,14,Changkuoth Jiath,1999-06-13,185.0,Defender,79,26yr 10mth,Ethiopia,2028.0,Non-Free Agent,,,,,,,,,,,,,,,,,,,,,,,,,,,,,
Melbourne,42,Aidan Johnson,2000-03-09,193.0,Forward,5,26yr 1mth,Werribee,2026.0,Non-Free Agent,2024.0,National,5.0,68.0,,,,,,,,,,,,,,,,,,,,,,,,,
Melbourne,44,Luker Kentfield,2005-09-10,194.0,Forward,0,20yr 7mth,Subiaco,2026.0,Non-Free Agent,2024.0,Mid-Season,1.0,11.0,,,,,,,,,,,,,,,,,,,,,,,,,
Melbourne,15,Ed Langdon,1996-02-01,182.0,MidfieldForward,208,30yr 2mth,Sandringham Dragons,2028.0,Restricted Free Agent,2014.0,National,3.0,54.0,,,,,,,,,,,,,,,,,,,,,,,,,
Melbourne,4,Harvey Langford,2006-03-15,191.0,Midfield,28,20yr 1mth,Dandenong Stingrays,2029.0,Non-Free Agent,2024.0,National,1.0,6.0,,,,,,,,,,,,,,,,,,,,,,,,,
Melbourne,16,Bailey Laurie,2002-03-24,179.0,Forward,14,24yr,Oakleigh Chargers,2026.0,Non-Free Agent,2020.0,National,1.0,22.0,,,,,,,,,,,,,,,,,,,,,,,,,
Melbourne,8,Jake Lever,1996-03-05,194.0,Defender,192,30yr 1mth,Calder Cannons,2028.0,Unrestricted Free Agent,,,,,,,,,,,,,,,,,,,,,,,,,,,,,
Melbourne,5,Xavier Lindsay,2006-08-03,183.0,DefenderMidfield,23,19yr 8mth,Gippsland Power,2027.0,Non-Free Agent,2024.0,National,1.0,11.0,,,,,,,,,,,,,,,,,,,,,,,,,
Melbourne,20,Thomas Matthews,2007-02-28,171.0,Forward,0,19yr 1mth,Gippsland Power,2027.0,Unknown,2025.0,National,2.0,30.0,,,,,,,,,,,,,,,,,,,,,,,,,
Melbourne,1,Steven May,1992-01-10,193.0,Defender,251,34yr 3mth,Southern Districts,2026.0,Restricted Free Agent,,,,,2.79,S.May 10/1/1992,MFC,2025,KD,2.34,2.98,3.22,2.59,1.75,2.42,1.79,2.91,1.97,4.14,1.96,3.36,2.97,3.1,3.54,2.34,1.72,1.62,2.78,2.98
Melbourne,23,Shane McAdam,1995-05-28,186.0,Forward,53,30yr 10mth,Sturt,2026.0,Non-Free Agent,,,,,1.98,S.McAdam 28/5/1995,MFC,2024,GF,1.64,1.66,2.91,2.16,2.07,1.12,1.28,1.89,2.36,1.41,1.51,1.9,3.63,2.94,1.6,2.44,1.93,2.77,0.87,1.95
Melbourne,25,Tom McDonald,1992-09-18,195.0,Defender,252,33yr 7mth,North Ballarat,2026.0,Unrestricted Free Agent,2010.0,National,3.0,53.0,2.42,T.McDonald 18/9/1992,MFC,2026,KD,2.07,2.71,2.46,2.48,1.76,1.95,1.85,2.53,2.62,2.88,2.02,3.06,2.88,1.57,3.17,2.36,1.96,2.27,2.5,2.65
Melbourne,18,Jake Melksham,1991-08-29,186.0,Forward,250,34yr 7mth,Calder Cannons,2026.0,Unrestricted Free Agent,2009.0,National,1.0,10.0,2.21,J.Melksham 29/8/1991,MFC,2026,GF,1.46,2.64,2.99,1.65,1.38,1.29,1.45,1.63,0.95,2.36,3.9,2.04,2.71,3.67,1.96,2.44,1.77,1.23,1.56,2.56
Melbourne,39,Ricky Mentha,2006-09-04,178.0,DefenderForward,0,19yr 7mth,Gippsland Power,2026.0,Non-Free Agent,,,,,2.6,R.Mentha 4/9/2006,CSY VFL,2026,GF,2.52,2.54,2.67,2.85,1.94,2.23,1.77,3.21,3.17,3.44,1.42,2.41,2.94,1.87,3.98,2.48,2.67,3.23,2.5,2.51
Melbourne,28,Brody Mihocek,1993-02-04,192.0,Forward,165,33yr 2mth,Port Melbourne,2027.0,Non-Free Agent,2017.0,Rookie,2.0,22.0,2.33,B.Mihocek 4/2/1993,MFC,2026,KF,2.12,2.48,2.52,1.69,2.23,1.98,2.1,2.23,1.44,2.61,2.49,2.95,2.69,2.53,2.36,2.45,1.84,1.9,1.87,0.97
Melbourne,45,Andy Moniz-Wakefield,2003-10-26,182.0,Defender,6,22yr 5mth,NT Thunder,2026.0,Non-Free Agent,,,,,2.64,A.Moniz-Wakefield 26/10/2003,CSY VFL,2026,GD,3.06,2.66,2.24,2.43,2.95,2.91,2.62,3.29,2.32,2.68,2.05,3.51,2.89,1.64,2.19,2.5,1.71,3.24,2.5,2.02
Melbourne,40,Riley Onley,2000-01-01,,Midfield,0,26yr 3mth,Murray Bushrangers,2026.0,Unknown,2025.0,Rookie,1.0,3.0,,,,,,,,,,,,,,,,,,,,,,,,,
Melbourne,35,Harrison Petty,1999-11-12,197.0,DefenderForward,107,26yr 5mth,Norwood,2027.0,Unrestricted Free Agent,2017.0,National,2.0,37.0,2.13,H.Petty 12/11/1999,MFC,2026,KD,2.41,1.58,2.28,2.07,3.37,2.4,3.12,1.42,1.48,1.26,3.13,1.68,2.09,3.04,1.55,3.16,2.76,2.78,1.73,1.9
Melbourne,36,Kysaiah Pickett,2001-06-02,171.0,MidfieldForward,132,24yr 10mth,Woodville West Torrens,2034.0,Unrestricted Free Agent,2019.0,National,1.0,12.0,2.69,K.Pickett 2/6/2001,MFC,2026,M,2.73,2.78,2.1,2.9,2.55,2.3,3.77,2.78,0.99,3.06,3.73,3.58,2.14,1.86,2.6,2.42,3.08,3.2,2.19,1.73
Melbourne,33,Latrelle Pickett,2005-12-28,182.0,Forward,6,20yr 3mth,Glenelg,2028.0,Unknown,2025.0,National,1.0,12.0,2.13,L.Pickett 28/12/2005,MFC,2026,GF,2.31,2.13,2.14,1.73,2.83,2.05,2.93,2.1,1.9,1.99,1.95,3.12,2.01,1.92,2.86,2.44,1.31,1.55,3.01,2.33
Melbourne,24,Trent Rivers,2001-07-30,188.0,Defender,125,24yr 8mth,East Fremantle,2027.0,Restricted Free Agent,2019.0,National,2.0,32.0,2.53,T.Rivers 30/7/2001,MFC,2026,GD,2.28,2.86,2.51,2.35,2.72,1.45,1.68,2.82,3.13,2.54,2.8,2.96,3.17,1.82,2.54,2.48,3.16,2.99,1.12,1.95
Melbourne,3,Christian Salem,1995-07-15,184.0,Defender,204,30yr 9mth,Sandringham Dragons,2026.0,Unrestricted Free Agent,2013.0,National,1.0,9.0,2.32,C.Salem 15/7/1995,MFC,2026,GD,2.73,2.33,1.6,2.32,2.34,3.0,2.79,2.66,1.54,2.8,2.69,2.71,1.43,1.7,1.68,2.48,2.32,2.03,2.81,2.14
Melbourne,30,Harry Sharp,2002-12-17,182.0,Forward,40,23yr 4mth,Gwv Rebels,2027.0,Non-Free Agent,2020.0,National,3.0,43.0,2.67,H.Sharp 17/12/2002,MFC,2026,GF,2.77,2.91,1.98,2.81,3.33,2.77,2.09,2.67,2.01,3.01,3.11,3.1,2.11,1.89,1.96,2.44,3.26,2.85,1.84,2.33
Melbourne,32,Tom Sparrow,2000-05-31,183.0,MidfieldForward,123,25yr 10mth,South Adelaide,2026.0,Restricted Free Agent,2018.0,National,2.0,27.0,2.26,T.Sparrow 31/5/2000,MFC,2026,M,2.14,2.15,1.83,2.97,2.42,2.0,2.67,1.58,2.39,1.95,2.45,1.87,1.58,1.91,2.08,2.42,3.1,3.43,1.43,2.12
Melbourne,9,Jack Steele,1995-12-13,187.0,Midfield,208,30yr 4mth,Belconnen,2028.0,Non-Free Agent,2014.0,National,2.0,24.0,3.17,J.Steele 13/12/1995,MFC,2026,M,3.21,2.44,3.73,3.77,3.79,3.15,2.43,2.93,3.09,2.06,2.17,2.58,2.85,3.67,5.0,2.42,3.78,4.11,3.89,2.24
Melbourne,19,Xavier Taylor,2007-01-30,192.0,Defender,1,19yr 2mth,Eastern Ranges,2028.0,Unknown,2025.0,National,1.0,11.0,,,,,,,,,,,,,,,,,,,,,,,,,
Melbourne,12,Koltyn Tholstrup,2005-06-28,186.0,DefenderForward,25,20yr 9mth,Subiaco,2028.0,Non-Free Agent,2023.0,National,1.0,13.0,2.42,K.Tholstrup 28/6/2005,MFC,2026,GD,2.63,2.53,2.11,2.23,2.81,3.16,2.65,2.21,2.55,2.34,2.83,2.69,1.68,2.39,2.29,2.48,2.14,2.28,2.57,1.87
Melbourne,10,Daniel Turner,2002-01-28,194.0,Defender,42,24yr 2mth,Murray Bushrangers,2030.0,Unrestricted Free Agent,2021.0,Mid-Season,2.0,22.0,2.77,D.Turner 28/1/2002,MFC,2026,KD,2.38,2.75,2.91,2.88,1.76,2.76,2.74,2.17,2.84,2.65,3.22,2.33,3.02,3.02,2.71,2.36,3.27,3.11,2.82,2.76
Melbourne,2,Jacob Van Rooyen,2003-04-16,193.0,Forward,63,23yr,Claremont,2029.0,Restricted Free Agent,2021.0,National,1.0,19.0,2.59,J.van Rooyen 16/4/2003,MFC,2026,KF,2.77,2.69,2.56,1.9,3.35,2.58,2.18,2.81,3.52,2.8,2.52,2.54,2.58,2.45,2.28,2.88,1.44,1.92,1.8,2.62
Melbourne,7,Jack Viney,1994-04-13,179.0,Midfield,237,32yr,Oakleigh Chargers,2028.0,Unrestricted Free Agent,2012.0,National,2.0,26.0,2.68,J.Viney 13/4/1994,MFC,2025,M,2.87,2.1,2.36,3.47,2.98,3.31,2.36,2.58,2.04,2.05,2.09,2.3,2.0,2.51,2.67,2.41,3.46,3.83,3.15,2.41
Melbourne,34,Kalani White,2007-05-05,201.0,ForwardRuck,0,18yr 11mth,Casey Demons,2026.0,Non-Free Agent,,,,,,,,,,,,,,,,,,,,,,,,,,,,,
Melbourne,6,Caleb Windsor,2005-06-09,185.0,DefenderMidfield,42,20yr 10mth,Eastern Ranges,2028.0,Non-Free Agent,2023.0,National,1.0,7.0,1.86,C.Windsor 9/6/2005,MFC,2026,M,1.51,1.89,1.77,2.5,1.36,1.44,1.47,1.81,1.73,1.85,1.81,2.22,1.71,1.91,1.56,2.42,2.46,2.38,3.36,2.29
North Melbourne,34,Jackson Archer,2003-01-09,187.0,Defender,26,23yr 3mth,Northern Knights,2028.0,Non-Free Agent,2021.0,National,4.0,59.0,1.81,J.Archer 9/1/2003,NMFC,2025,GD,1.63,2.04,1.4,1.91,1.44,1.49,2.82,1.52,2.33,2.14,1.75,1.52,0.62,1.66,2.0,2.46,1.38,1.61,2.48,2.29
North Melbourne,45,Zac Banch,2003-07-21,175.0,Forward,6,22yr 8mth,Werribee,2026.0,Non-Free Agent,2025.0,Mid-Season,1.0,2.0,2.03,Z.Banch 21/1/2003,NMFC,2026,GF,1.74,2.28,1.73,2.45,2.09,1.74,1.93,1.52,2.63,2.15,2.18,2.45,1.59,1.74,1.96,2.44,2.81,2.43,0.73,2.78
North Melbourne,39,Tom Blamires,2002-08-13,181.0,DefenderMidfield,6,23yr 8mth,Frankston VFL,2026.0,Unknown,,,,,2.41,T.Blamires 13/8/2002,NMFC,2026,W,2.37,2.8,1.99,2.1,2.12,2.92,2.09,2.16,2.05,3.22,2.43,2.86,2.15,1.9,1.8,2.5,1.7,2.69,2.65,1.44
North Melbourne,21,Callum Coleman-Jones,1999-06-13,200.0,Ruck,36,26yr 10mth,Sturt,2026.0,Non-Free Agent,2017.0,National,2.0,20.0,1.78,C.Coleman-Jones 13/6/1999,NMFC,2026,R,2.21,1.83,1.5,1.83,2.36,1.95,2.58,2.0,2.57,1.12,1.86,1.79,2.07,1.31,1.58,1.42,1.95,1.97,1.15,2.06
North Melbourne,30,Charlie Comben,2001-07-20,199.0,Defender,54,24yr 9mth,Gippsland Power,2027.0,Restricted Free Agent,2019.0,National,2.0,31.0,2.76,C.Comben 20/7/2001,NMFC,2026,KD,2.66,2.58,2.68,2.95,2.4,2.97,2.51,2.55,2.9,2.22,3.14,2.15,3.05,2.74,2.34,2.36,3.55,3.75,2.49,2.86
North Melbourne,4,Aidan Corr,1994-05-17,195.0,Defender,176,31yr 11mth,Northern Knights,2026.0,Unrestricted Free Agent,2012.0,National,1.0,14.0,1.51,A.Corr 17/5/1994,NMFC,2026,KD,1.48,2.03,1.38,1.41,1.76,1.0,1.72,1.73,2.11,1.99,2.02,1.88,2.22,1.2,0.99,2.36,2.63,2.58,0.44,1.39
North Melbourne,25,Paul Curtis,2003-03-04,185.0,Forward,84,23yr 1mth,Western Jets,2028.0,Non-Free Agent,2021.0,National,2.0,35.0,2.98,P.Curtis 4/3/2003,NMFC,2026,GF,2.5,3.23,3.54,2.63,2.48,2.78,2.8,2.24,1.88,2.69,4.57,2.69,2.66,4.52,2.86,2.44,2.94,2.52,2.11,2.56
North Melbourne,5,Caleb Daniel,1996-07-07,171.0,Defender,221,29yr 9mth,South Adelaide,2028.0,Unrestricted Free Agent,2014.0,National,3.0,46.0,2.95,C.Daniel 7/7/1996,NMFC,2026,GD,3.06,3.3,2.08,2.86,3.25,2.66,2.48,3.39,3.93,3.05,1.83,3.33,2.41,1.75,2.06,2.48,3.18,3.66,2.25,2.04
North Melbourne,27,Jack Darling,1992-06-13,191.0,Forward,325,33yr 10mth,West Perth,2027.0,Unrestricted Free Agent,,,,,2.98,J.Darling 13/6/1992,NMFC,2026,KF,3.98,2.07,2.94,3.77,5.0,4.39,3.03,2.48,3.25,2.5,1.48,2.54,2.09,2.67,3.58,3.77,4.44,4.38,3.07,2.22
North Melbourne,9,Luke Davies-Uniacke,1999-06-08,188.0,Midfield,136,26yr 10mth,Dandenong Stingrays,2032.0,Unrestricted Free Agent,2017.0,National,1.0,4.0,3.17,L.Davies-Uniacke 8/6/1999,NMFC,2026,M,3.47,3.21,2.69,2.96,3.51,3.18,3.83,3.51,3.97,3.29,2.32,3.01,2.91,1.86,4.16,2.42,2.8,2.94,3.66,2.99
North Melbourne,18,Wil Dawson,2005-12-20,200.0,Defender,8,20yr 4mth,Gipplands Power,2026.0,Non-Free Agent,2023.0,National,1.0,22.0,2.69,W.Dawson 20/12/2005,NM VFL,2026,KD,3.71,2.17,1.98,2.92,5.0,3.51,3.57,2.83,2.83,1.55,2.15,2.07,1.39,2.1,2.27,3.26,3.87,4.58,2.5,2.44
North Melbourne,1,Lachy Dovaston,2007-05-29,178.0,Forward,4,18yr 10mth,Eastern Ranges,2028.0,Unknown,2025.0,National,1.0,16.0,,,,,,,,,,,,,,,,,,,,,,,,,
North Melbourne,7,Zane Duursma,2005-08-28,190.0,DefenderForward,29,20yr 7mth,Gippsland Power,2026.0,Non-Free Agent,2023.0,National,1.0,4.0,2.33,Z.Duursma 28/8/2005,NMFC,2026,GF,1.8,2.42,3.17,2.1,1.84,1.67,2.74,1.63,1.63,2.12,3.42,1.55,2.12,3.32,4.68,2.44,2.02,1.8,2.63,2.71
North Melbourne,16,Zac Fisher,1998-06-15,175.0,Forward,132,27yr 10mth,Perth,2027.0,Non-Free Agent,2016.0,National,2.0,27.0,3.18,Z.Fisher 15/6/1998,NM VFL,2026,GF,3.73,3.32,2.56,2.56,2.6,3.07,3.18,4.93,4.73,3.5,2.29,3.88,3.69,1.94,1.98,2.48,2.67,2.04,2.5,3.75
North Melbourne,33,Brayden George,2004-01-13,187.0,Forward,0,22yr 3mth,Murray Bushrangers,2026.0,Non-Free Agent,2022.0,National,2.0,26.0,2.63,B.George 13/1/2004,NM VFL,2026,GF,2.33,2.96,2.44,2.7,2.14,2.42,2.94,2.2,3.04,2.21,3.91,2.39,3.36,1.94,1.98,2.48,1.74,3.67,2.5,2.51
North Melbourne,22,Taylor Goad,2005-04-28,207.0,Ruck,0,20yr 11mth,South Adelaide,2028.0,Non-Free Agent,2023.0,National,1.0,20.0,2.41,T.Goad 28/4/2005,NM VFL,2026,R,2.5,2.35,2.2,2.98,2.77,2.59,2.87,1.78,2.39,2.48,2.33,2.18,1.43,2.11,1.71,2.76,1.58,3.87,2.5,3.42
North Melbourne,31,Josh Goater,2003-06-02,190.0,Defender,12,22yr 10mth,Calder Cannons,2026.0,Non-Free Agent,2021.0,National,2.0,22.0,1.81,J.Goater 2/6/2003,NM VFL,2025,GD,1.68,2.26,1.48,1.52,1.94,0.99,1.88,2.0,2.57,1.93,2.31,2.29,1.23,1.57,1.67,2.49,1.55,1.63,0.89,2.13
North Melbourne,46,Robert Hansen,2004-03-13,182.0,MidfieldForward,20,22yr 1mth,Subiaco,2026.0,Non-Free Agent,2023.0,Mid-Season,1.0,2.0,,,,,,,,,,,,,,,,,,,,,,,,,
North Melbourne,17,Riley Hardeman,2005-02-27,184.0,Defender,20,21yr 1mth,Swan Districts,2026.0,Non-Free Agent,2023.0,National,1.0,23.0,2.59,R.Hardeman 27/2/2005,NM VFL,2026,GD,2.72,2.64,2.31,2.56,2.64,2.63,3.67,2.61,2.93,2.7,2.05,2.3,1.92,2.83,2.18,2.5,2.27,2.06,2.5,3.76
North Melbourne,37,Cooper Harvey,2004-07-12,180.0,Forward,10,21yr 9mth,Northern Knights,2026.0,Non-Free Agent,2022.0,National,4.0,56.0,2.82,C.Harvey 12/7/2004,NM VFL,2026,GF,2.88,2.65,3.39,2.36,2.07,2.41,2.08,3.84,3.91,3.09,1.42,3.24,3.1,2.69,5.0,2.48,1.74,2.35,2.5,3.75
North Melbourne,41,Jacob Konstanty,2004-11-09,177.0,Forward,25,21yr 5mth,Gippsland Power,2028.0,Non-Free Agent,2022.0,National,1.0,20.0,2.13,J.Konstanty 9/11/2004,NMFC,2026,GF,2.17,1.9,1.91,2.86,2.75,2.12,2.37,1.88,1.94,2.1,1.9,1.43,1.98,1.83,1.96,2.44,3.07,2.34,2.45,4.03
North Melbourne,20,Nick Larkey,1998-06-06,198.0,Forward,140,27yr 10mth,Oakleigh Chargers,2029.0,Unrestricted Free Agent,2016.0,National,5.0,73.0,2.7,N.Larkey 6/6/1998,NMFC,2026,KF,2.34,3.27,2.6,1.91,1.67,2.77,2.38,2.38,2.9,3.12,3.72,2.26,2.74,3.05,2.36,1.96,1.81,2.17,1.84,1.65
North Melbourne,19,Griffin Logue,1998-04-13,193.0,Defender,101,28yr,Swan Districts,2027.0,Non-Free Agent,2016.0,National,1.0,8.0,2.32,G.Logue 13/4/1998,NMFC,2026,KD,2.73,2.31,2.47,1.95,4.64,2.36,1.99,2.25,2.72,2.1,2.02,1.85,2.65,2.62,2.18,2.36,1.9,1.85,1.88,2.05
North Melbourne,11,Luke McDonald,1995-02-09,189.0,Defender,224,31yr 2mth,Werribee,2026.0,Unrestricted Free Agent,2013.0,National,1.0,8.0,2.53,L.McDonald 9/2/1995,NMFC,2026,GD,2.34,2.48,2.75,2.66,2.16,2.01,2.38,2.61,2.05,2.73,2.56,2.78,3.33,2.35,2.53,2.48,2.49,3.03,1.96,3.2
North Melbourne,10,Colby McKercher,2005-04-12,182.0,Defender,45,21yr,Tasmania Devils,2028.0,Non-Free Agent,2023.0,National,1.0,2.0,2.53,C.McKercher 12/4/2005,NMFC,2026,GD,2.81,3.03,1.35,2.25,2.16,2.52,3.36,3.09,2.97,2.91,3.49,3.11,1.13,1.79,1.1,2.48,2.96,3.0,1.04,1.77
North Melbourne,28,Hugo Mikunda,2007-03-13,180.0,MidfieldForward,0,19yr 1mth,Geelong Falcons,2027.0,Unknown,2025.0,National,3.0,48.0,,,,,,,,,,,,,,,,,,,,,,,,,
North Melbourne,2,Finn O'Sullivan,2006-05-30,182.0,DefenderMidfield,26,19yr 10mth,Oakleigh Chargers,2027.0,Non-Free Agent,2024.0,National,1.0,2.0,2.37,F.O'Sullivan 30/5/2006,NMFC,2026,M,2.36,2.58,2.51,1.94,1.93,2.1,3.11,2.75,2.38,3.09,1.87,2.68,3.4,1.91,2.33,2.42,1.92,1.88,2.38,1.87
North Melbourne,26,Luke Parker,1992-10-25,183.0,DefenderMidfield,321,33yr 5mth,Dandenong Stingrays,2026.0,Unrestricted Free Agent,2010.0,National,2.0,40.0,3.22,L.Parker 25/10/1992,NMFC,2026,GD,3.29,3.32,4.05,2.52,3.22,3.7,2.55,3.2,4.27,2.85,2.56,2.85,3.48,4.76,3.89,2.48,2.47,2.14,3.14,2.41
North Melbourne,32,Toby Pink,1998-08-11,194.0,Defender,36,27yr 8mth,Glenelg,2026.0,Unrestricted Free Agent,2024.0,Rookie,1.0,1.0,1.99,T.Pink 11/8/1998,NMFC,2026,KD,2.3,2.82,1.44,1.92,1.76,1.98,2.57,2.91,2.93,2.97,2.02,2.57,2.2,1.13,1.26,2.36,1.9,2.01,1.68,2.05
North Melbourne,24,Tom Powell,2002-03-02,184.0,MidfieldForward,97,24yr 1mth,Sturt,2028.0,Restricted Free Agent,2020.0,National,1.0,13.0,2.82,T.Powell 2/3/2002,NMFC,2026,GF,3.23,2.77,2.58,2.47,3.55,2.64,1.74,3.88,3.4,3.13,1.99,3.11,3.27,1.92,2.86,2.44,2.56,2.41,2.81,2.17
North Melbourne,8,Bailey Scott,2000-07-09,186.0,Midfield,113,25yr 9mth,Gc Suns Academy,2026.0,Restricted Free Agent,2018.0,National,3.0,49.0,2.19,B.Scott 9/7/2000,NM VFL,2026,M,2.18,2.08,2.11,2.41,1.57,2.02,2.71,2.9,1.9,2.26,1.52,2.53,2.34,2.12,1.69,2.49,2.78,1.82,2.5,3.22
North Melbourne,3,Harry Sheezel,2004-10-13,185.0,MidfieldForward,73,21yr 6mth,Sandringham Dragons,2030.0,Restricted Free Agent,2022.0,National,1.0,3.0,3.13,H.Sheezel 13/10/2004,NMFC,2026,M,3.47,3.25,3.28,2.26,3.65,3.18,2.25,4.25,3.85,3.34,2.49,3.08,4.12,2.46,3.64,2.42,2.35,2.21,2.24,2.09
North Melbourne,12,Jy Simpkin,1998-03-05,183.0,MidfieldForward,179,28yr 1mth,Murray Bushrangers,2029.0,Unrestricted Free Agent,2016.0,National,1.0,12.0,2.89,J.Simpkin 5/3/1998,NMFC,2026,W,3.67,2.91,2.41,2.05,5.0,3.21,2.9,3.29,2.89,3.34,1.94,3.07,2.81,1.9,2.09,2.5,2.76,2.38,1.26,2.14
North Melbourne,13,Charlie Spargo,1999-11-25,172.0,Forward,110,26yr 4mth,Murray Bushrangers,2028.0,Non-Free Agent,2017.0,National,2.0,29.0,1.92,C.Spargo 25/11/1999,NMFC,2026,GF,1.58,2.23,2.12,1.66,1.75,0.94,1.15,2.08,1.64,2.82,1.9,2.21,2.58,1.83,1.96,2.44,1.6,1.68,1.53,1.79
North Melbourne,15,Dylan Stephens,2001-01-08,184.0,Midfield,87,25yr 3mth,Norwood,2027.0,Non-Free Agent,2019.0,National,1.0,5.0,2.7,D.Stephens 8/1/2001,NMFC,2026,W,2.13,3.24,2.96,2.4,2.24,1.55,2.6,2.4,3.03,3.58,2.43,3.44,3.06,2.51,3.09,2.5,2.37,3.04,2.42,1.99
North Melbourne,36,River Stevens,2006-06-26,176.0,MidfieldForward,0,19yr 9mth,Geelong Falcons,2026.0,Non-Free Agent,2024.0,National,5.0,67.0,2.83,R.Stevens 26/6/2006,NM VFL,2026,GF,2.56,3.15,3.15,2.17,2.07,2.54,1.59,3.07,1.95,3.84,3.31,2.39,4.52,1.94,3.48,2.48,1.74,2.52,2.5,2.02
North Melbourne,23,Blake Thredgold,2007-08-27,195.0,Defender,0,18yr 7mth,Sturt,2027.0,Unknown,2025.0,National,2.0,26.0,,,,,,,,,,,,,,,,,,,,,,,,,
North Melbourne,47,Cooper Trembath,2005-10-17,193.0,Forward,9,20yr 6mth,North Melbourne VFL,2029.0,Non-Free Agent,2025.0,Mid-Season,1.0,10.0,2.94,C.Trembath 17/10/2005,NMFC,2026,KF,2.31,2.93,3.5,2.84,2.72,2.15,2.06,2.29,3.65,3.2,2.93,2.03,2.82,3.69,2.28,4.65,2.82,3.41,1.84,2.6
North Melbourne,14,Luke Urquhart,2006-09-19,184.0,Midfield,0,19yr 7mth,East Fremantle,2026.0,Non-Free Agent,2024.0,National,4.0,57.0,2.35,L.Urquhart 19/9/2006,NM VFL,2025,M,2.17,2.09,2.96,2.61,2.2,2.21,2.09,2.14,1.74,2.27,2.37,1.95,2.74,3.39,2.38,2.48,2.91,2.26,2.52,2.91
North Melbourne,6,George Wardlaw,2004-06-11,182.0,Midfield,43,21yr 10mth,Oakleigh Chargers,2026.0,Non-Free Agent,2022.0,National,1.0,4.0,2.46,G.Wardlaw 11/6/2004,NMFC,2026,M,2.6,2.05,2.25,2.98,2.85,3.34,1.83,1.96,2.46,2.17,1.38,2.02,2.19,1.91,3.12,2.42,3.1,3.1,2.41,2.61
North Melbourne,35,Matt Whitlock,2006-05-16,198.0,DefenderForward,2,19yr 11mth,Murray Bushrangers,2027.0,Non-Free Agent,2024.0,National,1.0,27.0,1.7,M.Whitlock 16/5/2006,NM VFL,2026,KD,1.61,1.86,1.3,2.04,2.68,1.13,1.76,1.38,1.3,1.7,4.69,1.85,2.28,1.03,0.9,2.46,1.77,2.68,2.5,1.58
North Melbourne,38,Tristan Xerri,1999-03-15,202.0,Ruck,79,27yr 1mth,Western Jets,2031.0,Unrestricted Free Agent,2017.0,National,5.0,72.0,3.28,T.Xerri 15/3/1999,NMFC,2026,R,3.95,2.77,2.96,4.08,4.79,4.91,2.64,3.04,3.44,2.91,2.38,2.35,1.77,3.23,2.9,3.13,4.09,4.58,4.14,3.69
North Melbourne,44,Cameron Zurhaar,1998-05-22,190.0,Forward,149,27yr 10mth,East Fremantle,2029.0,Unrestricted Free Agent,2016.0,Rookie,1.0,11.0,,,,,,,,,,,,,,,,,,,,,,,,,
Port Adelaide,21,Aliir Aliir,1994-09-05,194.0,Defender,184,31yr 7mth,East Fremantle,2027.0,Non-Free Agent,2013.0,National,3.0,44.0,,,,,,,,,,,,,,,,,,,,,,,,,
Port Adelaide,29,Tom Anastasopoulos,2005-05-31,176.0,Forward,0,20yr 10mth,Geelong Falcons,2026.0,Non-Free Agent,2023.0,National,3.0,48.0,,,,,,,,,,,,,,,,,,,,,,,,,
Port Adelaide,40,Benny Barrett,2006-05-01,172.0,Midfield,0,19yr 11mth,South Adelaide,2026.0,Non-Free Agent,,,,,,,,,,,,,,,,,,,,,,,,,,,,,
Port Adelaide,14,Miles Bergman,2001-10-18,189.0,Defender,107,24yr 6mth,Sandringham Dragons,2027.0,Restricted Free Agent,2019.0,National,1.0,14.0,,,,,,,,,,,,,,,,,,,,,,,,,
Port Adelaide,5,Joe Berry,2006-04-18,181.0,Forward,18,20yr,Murray Bushrangers,2027.0,Non-Free Agent,2024.0,National,1.0,15.0,,,,,,,,,,,,,,,,,,,,,,,,,
Port Adelaide,23,Will Brodie,1998-08-23,190.0,Midfield,55,27yr 7mth,Murray Bushrangers,2027.0,Non-Free Agent,2016.0,National,1.0,9.0,,,,,,,,,,,,,,,,,,,,,,,,,
Port Adelaide,7,Jase Burgoyne,2003-07-15,186.0,DefenderMidfield,62,22yr 9mth,Eagles,2029.0,Restricted Free Agent,2021.0,National,4.0,60.0,,,,,,,,,,,,,,,,,,,,,,,,,
Port Adelaide,9,Zak Butters,2000-09-08,181.0,Midfield,145,25yr 7mth,Western Jets,2026.0,Restricted Free Agent,2018.0,National,1.0,12.0,,,,,,,,,,,,,,,,,,,,,,,,,
Port Adelaide,33,Darcy Byrne-Jones,1995-09-20,181.0,DefenderForward,227,30yr 7mth,Oakleigh Chargers,2026.0,Unrestricted Free Agent,2013.0,National,3.0,52.0,,,,,,,,,,,,,,,,,,,,,,,,,
Port Adelaide,26,Tom Cochrane,2006-01-27,182.0,Forward,3,20yr 2mth,Central District,2027.0,Non-Free Agent,2024.0,Rookie,1.0,13.0,2.0,T.Cochrane 27/1/2006,PAFC,2025,GF,1.9,2.19,1.92,1.85,2.18,1.46,1.75,2.12,1.79,2.14,2.54,1.88,2.08,1.87,1.73,2.46,2.07,1.96,1.26,1.45
Port Adelaide,28,Willem Drew,1998-10-01,188.0,Midfield,136,27yr 6mth,North Ballarat Rebels,2028.0,Unrestricted Free Agent,2016.0,National,2.0,33.0,2.61,W.Drew 1/10/1998,PAFC,2026,M,2.74,2.34,2.28,3.05,3.37,3.14,2.56,1.57,2.19,2.72,2.02,2.17,2.16,2.69,1.56,2.42,3.41,3.13,1.77,2.63
Port Adelaide,44,Corey Durdin,2002-04-14,173.0,Forward,70,24yr,Central Districts,2027.0,Non-Free Agent,2020.0,National,2.0,37.0,2.23,C.Durdin 14/4/2002,PAFC,2026,GF,1.57,2.61,2.6,2.19,1.49,1.36,1.67,1.73,0.82,2.54,3.56,2.3,3.84,1.92,1.96,2.44,2.15,2.46,1.35,2.09
Port Adelaide,22,Logan Evans,2005-10-07,189.0,Defender,29,20yr 6mth,Port Adelaide,2028.0,Non-Free Agent,2024.0,Mid-Season,1.0,12.0,2.35,L.Evans 7/10/2005,PAFC,2026,GD,2.17,2.15,2.7,2.59,1.68,2.54,2.71,1.97,1.52,2.92,1.83,2.06,2.61,2.96,2.52,2.48,2.67,2.12,2.64,3.13
Port Adelaide,6,Kane Farrell,1999-03-17,182.0,Defender,120,27yr 1mth,Bendigo Pioneers,2030.0,Unrestricted Free Agent,2017.0,National,3.0,51.0,2.51,K.Farrell 17/3/1999,PAFC,2026,GD,2.49,2.53,2.14,2.73,2.55,2.03,2.69,2.72,1.88,2.98,2.45,2.94,3.16,1.82,1.34,3.1,3.19,2.97,2.02,2.69
Port Adelaide,19,Mitch Georgiades,2001-09-28,192.0,Forward,98,24yr 6mth,Subiaco,2027.0,Restricted Free Agent,2019.0,National,1.0,18.0,2.72,M.Georgiades 28/9/2001,PAFC,2026,KF,2.23,3.08,2.83,2.4,2.16,1.93,1.76,3.02,3.44,2.85,3.32,2.4,4.04,3.02,1.82,1.96,2.63,2.31,1.55,2.84
Port Adelaide,18,Jason Horne-Francis,2003-06-21,185.0,MidfieldForward,86,22yr 9mth,South Adelaide,2028.0,Non-Free Agent,2021.0,National,1.0,1.0,2.72,J.Horne-Francis 21/6/2003,PAFC,2026,M,2.55,2.71,4.0,2.09,2.46,2.72,2.73,2.4,0.65,3.05,4.82,2.56,4.5,4.0,3.12,2.42,2.18,1.77,2.06,3.0
Port Adelaide,34,Lachlan Jones,2002-04-09,186.0,Defender,79,24yr,-,2026.0,Non-Free Agent,2020.0,National,1.0,16.0,2.16,L.Jones 9/4/2002,PAFC,2026,GD,1.63,2.13,2.56,2.51,1.46,1.51,2.57,1.56,1.46,2.48,3.48,2.03,2.61,2.52,2.53,2.48,1.88,1.93,3.15,3.36
Port Adelaide,43,Josh Lai,2005-10-01,185.0,DefenderMidfield,4,20yr 6mth,Cheltenham,2026.0,Non-Free Agent,,,,,1.99,J.Lai 1/10/2005,PAFC,2026,GD,1.81,1.78,2.55,2.15,1.95,1.66,2.35,1.73,2.14,1.59,1.83,1.44,2.36,2.76,2.53,2.48,1.87,2.33,1.84,2.61
Port Adelaide,50,Mani Liddy,2002-02-20,181.0,Midfield,9,24yr 2mth,Central Districts,2026.0,Non-Free Agent,2025.0,Mid-Season,2.0,16.0,2.19,M.Liddy 20/2/2002,PAFC,2025,W,1.99,2.23,2.29,2.31,1.75,2.0,3.98,1.61,2.03,1.83,1.93,2.74,2.48,1.8,2.29,2.54,2.17,3.19,2.47,1.67
Port Adelaide,30,Ollie Lord,2002-01-02,197.0,Forward,35,24yr 3mth,Sandringham Dragons,2026.0,Non-Free Agent,2020.0,National,3.0,49.0,2.43,O.Lord 2/1/2002,POR SA,2026,KF,1.97,2.46,2.91,1.98,2.28,1.72,2.39,1.75,2.37,2.12,2.93,1.53,3.88,2.69,2.01,2.8,1.98,2.03,1.61,2.17
Port Adelaide,36,Will Lorenz,2005-02-19,186.0,Midfield,8,21yr 2mth,Oakleigh Chargers,2026.0,Non-Free Agent,2023.0,National,4.0,57.0,3.24,W.Lorenz 19/2/2005,POR SA,2026,M,3.65,3.04,2.46,3.4,4.06,3.39,2.32,4.13,4.06,2.42,1.73,4.18,3.32,2.08,1.8,2.45,4.6,2.15,3.86,3.18
Port Adelaide,12,Jack Lukosius,2000-08-09,195.0,Forward,127,25yr 8mth,Woodville-West Torrens,2030.0,Non-Free Agent,2018.0,National,1.0,2.0,2.7,J.Lukosius 9/8/2000,PAFC,2026,KF,2.78,2.77,2.4,3.13,2.41,2.17,2.21,4.33,2.77,3.03,2.33,3.84,3.11,2.12,2.63,1.96,2.95,2.57,4.16,3.63
Port Adelaide,31,Ewan Mackinlay,2003-07-18,182.0,Midfield,7,22yr 9mth,North Adelaide,2026.0,Non-Free Agent,2025.0,Mid-Season,1.0,11.0,2.09,E.Mackinlay 18/7/2003,PAFC,2026,M,1.51,2.13,3.33,2.11,0.8,1.25,3.47,1.59,1.86,2.45,2.17,1.86,3.01,3.18,4.21,2.42,1.98,2.07,2.76,2.14
Port Adelaide,4,Todd Marshall,1998-10-08,198.0,DefenderForward,120,27yr 6mth,Murray Bushrangers,2029.0,Unrestricted Free Agent,2016.0,National,1.0,16.0,2.27,T.Marshall 8/10/1998,PAFC,2026,KD,2.05,2.64,2.9,1.7,1.76,1.68,2.04,2.68,2.21,2.99,2.02,3.54,3.74,2.24,3.04,2.36,2.5,1.6,2.62,0.95
Port Adelaide,3,Jackson Mead,2001-09-30,184.0,Midfield,66,24yr 6mth,Woodville West Torrens,2026.0,Non-Free Agent,2019.0,National,2.0,25.0,2.11,J.Mead 30/9/2001,PAFC,2026,GD,1.84,2.05,3.17,1.82,2.34,1.7,2.15,1.71,1.8,2.1,1.83,2.5,2.72,3.55,3.23,2.48,1.38,1.48,2.75,1.7
Port Adelaide,11,Christian Moraes,2006-11-08,183.0,Midfield,15,19yr 5mth,Eastern Ranges,2027.0,Non-Free Agent,2024.0,National,2.0,38.0,2.97,C.Moraes 8/11/2006,POR SA,2026,M,3.0,3.34,2.92,2.41,2.7,2.25,3.3,3.99,4.8,3.29,2.06,2.86,3.16,3.22,1.8,2.45,2.46,2.66,1.32,2.28
Port Adelaide,42,Jacob Moss,2004-12-22,198.0,Defender,0,21yr 3mth,Sturt Sabres,2026.0,Non-Free Agent,,,,,2.17,J.Moss 22/12/2004,POR SA,2025,KD,3.07,2.26,1.35,2.3,5.0,3.01,2.56,1.95,2.86,1.75,1.99,2.15,1.3,1.46,1.27,3.2,1.76,2.35,1.08,3.22
Port Adelaide,41,Balyn O'Brien,2007-01-26,187.0,Defender,0,19yr 2mth,Norwood,2026.0,Unknown,,,,,,,,,,,,,,,,,,,,,,,,,,,,,
Port Adelaide,2,Sam Powell-Pepper,1998-01-08,187.0,Forward,158,28yr 3mth,East Perth,2029.0,Unrestricted Free Agent,2016.0,National,1.0,18.0,3.05,S.Powell-Pepper 8/1/1998,PAFC,2025,GF,3.24,3.21,2.63,2.86,2.58,3.2,3.37,3.56,3.32,3.03,3.29,3.34,3.2,2.39,2.17,2.46,2.99,2.74,2.3,3.27
Port Adelaide,32,Harrison Ramm,2006-12-05,202.0,Defender,1,19yr 4mth,Glenelg,2026.0,Non-Free Agent,2025.0,Mid-Season,1.0,3.0,2.81,H.Ramm 5/12/2006,POR SA,2025,KD,2.68,2.24,2.7,3.21,2.42,3.22,2.53,2.29,2.31,2.29,1.99,2.03,1.92,3.03,2.88,2.12,2.72,2.33,3.31,3.55
Port Adelaide,27,Esava Ratugolea,1998-07-24,197.0,Defender,114,27yr 8mth,Murray Bushrangers,2028.0,Non-Free Agent,2016.0,National,3.0,43.0,2.46,E.Ratugolea 24/7/1998,PAFC,2026,KD,2.31,2.49,3.03,2.05,2.75,2.02,2.53,2.24,2.38,2.86,2.02,1.9,2.93,3.42,2.66,2.36,0.53,1.3,2.5,2.33
Port Adelaide,35,Joe Richards,1999-11-23,177.0,Forward,37,26yr 4mth,Wangaratta,2027.0,Non-Free Agent,2022.0,National,3.0,48.0,2.88,J.Richards 23/11/1999,PAFC,2026,GF,3.05,2.84,2.59,3.05,2.72,2.6,3.02,3.56,3.13,3.34,1.94,3.43,3.33,1.89,2.86,2.44,3.31,3.37,2.32,2.09
Port Adelaide,1,Connor Rozee,2000-01-22,185.0,DefenderMidfield,152,26yr 2mth,North Adelaide,2032.0,Unrestricted Free Agent,2018.0,National,1.0,5.0,2.27,C.Rozee 22/1/2000,PAFC,2026,M,2.18,2.21,2.35,2.44,2.28,1.83,1.27,2.95,2.43,2.13,1.61,2.68,3.56,1.76,1.56,2.42,2.7,1.86,3.61,2.6
Port Adelaide,8,Josh Sinn,2003-01-07,187.0,Defender,30,23yr 3mth,Sandringham Dragons,2027.0,Non-Free Agent,2021.0,National,1.0,12.0,1.86,J.Sinn 7/1/2003,PAFC,2025,GD,1.69,1.95,1.87,1.9,1.92,1.62,2.1,1.58,1.82,2.11,1.74,1.98,2.0,2.03,1.52,2.46,1.7,1.83,1.44,2.86
Port Adelaide,13,Ivan Soldo,1996-04-14,204.0,ForwardRuck,66,30yr,Daramalan College,2026.0,Non-Free Agent,,,,,2.54,I.Soldo 14/4/1996,POR SA,2025,R,2.57,2.49,2.44,2.85,2.77,2.85,2.59,2.05,2.46,2.67,2.37,2.47,1.84,2.31,1.68,3.15,2.27,3.19,2.06,3.38
Port Adelaide,24,Jordon Sweet,1998-02-02,206.0,Ruck,52,28yr 2mth,North Adelaide,2026.0,Non-Free Agent,2018.0,Rookie,2.0,23.0,2.59,J.Sweet 2/2/1998,PAFC,2026,R,3.02,2.65,2.34,2.58,3.12,3.02,3.82,2.26,2.06,2.38,3.27,2.88,2.46,1.23,1.5,3.52,2.23,1.89,1.91,3.67
Port Adelaide,38,Dante Visentini,2003-02-13,202.0,Ruck,16,23yr 2mth,Sandringham Dragons,2027.0,Non-Free Agent,2021.0,National,4.0,56.0,1.87,D.Visentini 13/2/2003,PAFC,2026,R,1.11,1.77,1.87,3.05,1.32,0.91,1.34,0.89,2.11,1.4,1.52,2.04,1.27,1.31,1.17,2.81,3.55,3.44,1.09,3.59
Port Adelaide,45,Xavier Walsh,2005-09-06,195.0,Forward,0,20yr 7mth,East Perth,2026.0,Non-Free Agent,2023.0,Rookie,1.0,13.0,2.27,X.Walsh 6/9/2005,POR SA,2026,KD,2.65,2.61,2.1,2.05,2.75,2.45,2.55,2.87,2.39,2.26,5.0,2.24,2.78,1.93,1.79,2.45,1.93,2.24,1.89,2.13
Port Adelaide,37,Jack Watkins,2000-01-01,,MidfieldForward,5,26yr 3mth,Port Adelaide,2026.0,Unknown,2025.0,Rookie,1.0,4.0,,,,,,,,,,,,,,,,,,,,,,,,,
Port Adelaide,15,Jacob Wehr,1998-07-05,185.0,DefenderMidfield,45,27yr 9mth,Woodville-west Torrens,2028.0,Unrestricted Free Agent,2024.0,Rookie,2.0,22.0,1.99,J.Wehr 5/7/1998,PAFC,2026,W,1.59,2.15,1.9,2.38,1.65,1.37,1.63,1.73,1.28,2.31,1.82,2.41,2.06,1.67,1.8,2.5,2.74,3.01,1.63,2.46
Port Adelaide,17,Jack Whitlock,2006-05-16,200.0,Forward,10,19yr 11mth,Murray Bushrangers,2027.0,Non-Free Agent,2024.0,National,2.0,33.0,2.35,J.Whitlock 16/5/2006,PAFC,2026,KF,2.22,2.21,2.62,2.37,2.43,1.77,2.73,2.34,2.12,2.01,2.37,2.03,2.77,1.84,2.28,3.78,2.61,2.2,2.2,2.43
Port Adelaide,16,Oliver Wines,1994-10-07,187.0,Midfield,276,31yr 6mth,Bendigo Pioneers,2026.0,Unrestricted Free Agent,2012.0,National,1.0,7.0,2.31,O.Wines 7/10/1994,PAFC,2026,M,2.2,2.3,2.55,2.35,1.83,2.3,2.35,2.5,3.09,2.06,2.15,1.88,2.75,1.91,3.64,3.07,2.26,2.25,3.58,1.9
Port Adelaide,39,Mitch Zadow,2004-03-11,180.0,Forward,1,22yr 1mth,East Fremantle,2026.0,Unknown,,,,,2.5,M.Zadow 11/3/2004,POR SA,2026,GF,1.96,2.72,3.37,1.9,2.15,1.66,2.65,1.93,1.91,2.39,3.55,2.38,4.12,3.34,2.12,2.46,1.78,1.88,1.38,2.57
Port Adelaide,25,Brandon Zerk-Thatcher,1998-08-25,195.0,Defender,90,27yr 7mth,Sturt,2026.0,Non-Free Agent,2017.0,National,4.0,66.0,2.85,B.Zerk-Thatcher 25/8/1998,POR SA,2026,KD,2.92,3.12,3.03,2.55,1.84,3.07,3.04,3.39,3.76,2.89,2.23,2.36,2.81,3.03,3.19,2.45,1.93,2.16,3.76,2.01
Richmond,29,Jasper Alger,2006-12-17,183.0,Forward,5,19yr 4mth,Oakleigh Chargers,2026.0,Non-Free Agent,2024.0,National,4.0,58.0,1.81,J.Alger 17/12/2006,RFC,2025,GF,1.65,2.2,1.7,1.4,1.29,1.75,2.15,1.62,1.35,2.65,2.32,1.7,1.57,1.79,1.73,2.46,1.21,1.59,1.24,1.45
Richmond,34,Harry Armstrong,2006-06-14,195.0,Forward,11,19yr 10mth,Sandringham Dragons,2027.0,Non-Free Agent,2024.0,National,1.0,23.0,1.62,H.Armstrong 14/6/2006,RFC,2026,KF,1.39,1.21,2.31,1.53,1.67,1.06,2.18,1.1,1.94,1.34,0.95,1.41,2.35,2.72,1.82,1.98,1.29,1.16,1.98,2.21
Richmond,21,Noah Balta,1999-10-23,194.0,DefenderForward,122,26yr 5mth,Calder Cannons,2032.0,Unrestricted Free Agent,2017.0,National,2.0,25.0,2.29,N.Balta 23/10/1999,RFC,2026,KD,2.09,2.31,3.08,1.72,1.76,2.36,2.18,1.96,1.94,2.02,4.54,2.74,3.06,3.28,2.88,2.36,2.14,1.62,2.05,1.45
Richmond,6,Sam Banks,2003-04-02,187.0,DefenderMidfield,49,23yr,Tasmania Devils,2027.0,Non-Free Agent,2021.0,National,2.0,29.0,2.13,S.Banks 2/4/2003,RFC,2026,GD,2.23,2.43,1.64,1.91,2.08,1.78,1.91,2.65,2.86,2.18,2.56,2.04,1.52,1.82,1.58,2.48,1.98,2.23,1.41,1.97
Richmond,35,Nathan Broad,1993-04-15,192.0,Defender,175,33yr,Swan Districts,2026.0,Unrestricted Free Agent,2015.0,National,5.0,67.0,2.51,N.Broad 15/4/1993,RFC,2026,GD,2.08,1.97,4.43,2.53,2.42,2.31,1.98,1.84,1.35,2.59,1.83,2.06,3.37,4.74,5.0,2.48,1.43,1.43,3.58,4.26
Richmond,30,Tom Brown,2003-07-30,193.0,Defender,46,22yr 8mth,Murray Bushrangers,2027.0,Non-Free Agent,2021.0,National,1.0,17.0,1.92,T.Brown 30/7/2003,RFC,2026,GD,1.46,2.1,2.3,1.89,1.35,1.31,3.46,1.16,2.1,2.1,2.24,2.01,1.97,2.74,2.16,2.48,1.53,1.64,2.0,2.57
Richmond,44,Seth Campbell,2004-12-29,182.0,Forward,49,21yr 3mth,Tasmania Devils,2029.0,Non-Free Agent,2022.0,Rookie,1.0,12.0,2.66,S.Campbell 29/12/2004,RFC,2026,GF,2.86,2.68,2.7,2.19,2.94,2.83,3.18,2.76,2.42,2.66,2.8,2.72,2.3,2.93,2.86,2.44,1.91,2.03,2.22,3.27
Richmond,23,Judson Clarke,2003-10-17,180.0,Forward,17,22yr 6mth,Dandenong Stingrays,2026.0,Non-Free Agent,2021.0,National,2.0,30.0,2.43,J.Clarke 17/10/2003,RFC VFL,2025,GD,2.58,2.44,2.55,2.19,2.38,2.25,2.26,2.94,1.79,2.2,5.0,2.65,2.61,2.53,2.5,2.49,1.87,1.81,2.98,2.18
Richmond,22,Sam Cumming,2007-07-27,184.0,Midfield,0,18yr 8mth,North Adelaide,2028.0,Unknown,2025.0,National,1.0,7.0,,,,,,,,,,,,,,,,,,,,,,,,,
Richmond,8,Jonty Faull,2006-02-01,195.0,Forward,21,20yr 2mth,Greater Western Victoria Rebels,2027.0,Non-Free Agent,2024.0,National,1.0,14.0,1.72,J.Faull 1/2/2006,RFC,2026,KF,1.81,1.34,1.75,2.73,1.76,2.07,1.77,1.52,2.3,1.32,0.93,2.1,1.45,1.39,2.37,2.16,2.82,2.47,2.58,3.17
Richmond,43,Liam Fawcett,2005-04-22,197.0,Forward,4,20yr 11mth,Central District,2026.0,Non-Free Agent,2023.0,National,2.0,43.0,1.83,L.Fawcett 22/4/2005,RFC,2026,KF,1.72,1.85,1.93,1.73,2.09,1.31,2.22,1.62,0.35,1.28,2.5,1.67,2.27,1.67,1.82,2.04,2.09,1.8,1.07,1.55
Richmond,18,Josh Gibcus,2003-04-04,196.0,Defender,22,23yr,GWV Rebels,2029.0,Restricted Free Agent,2021.0,National,1.0,9.0,2.47,J.Gibcus 4/4/2003,RFC VFL,2026,KD,2.05,2.13,2.12,3.16,1.87,2.13,2.24,1.97,2.09,2.04,2.15,2.67,2.54,2.03,1.93,2.46,2.56,2.17,2.5,4.06
Richmond,50,Campbell Gray,2003-08-01,195.0,DefenderRuck,8,22yr 8mth,Essendon VFL,2027.0,Non-Free Agent,2024.0,Mid-Season,2.0,16.0,2.55,C.Gray 1/8/2003,ESS VFL,2024,KF,2.36,2.36,2.67,3.31,2.2,2.41,2.43,2.42,1.61,2.67,2.42,2.15,2.13,2.94,3.94,2.07,2.67,2.85,3.52,4.89
Richmond,48,Steely Green,2004-01-09,179.0,Forward,31,22yr 3mth,South Fremantle,2026.0,Non-Free Agent,2022.0,National,4.0,55.0,2.47,S.Green 9/1/2004,RFC,2026,GF,2.34,2.64,2.09,2.85,1.75,2.59,2.72,2.34,2.79,2.58,2.75,2.37,2.37,1.92,1.96,2.44,3.34,2.65,2.66,2.33
Richmond,24,Samuel Grlj,2007-07-26,182.0,DefenderMidfield,6,18yr 8mth,Oakleigh Chargers,2028.0,Unknown,2025.0,National,1.0,8.0,,,,,,,,,,,,,,,,,,,,,,,,,
Richmond,47,Oliver Hayes-Brown,2000-04-28,208.0,Ruck,1,25yr 11mth,Perth Wildcats,2026.0,Non-Free Agent,,,,,2.59,O.Hayes-Brown 28/4/2000,RFC VFL,2026,R,3.22,2.68,2.29,2.38,4.01,3.65,2.35,2.52,3.93,2.87,1.39,2.53,1.71,2.96,2.42,1.95,2.2,2.11,2.5,2.61
Richmond,2,Jacob Hopper,1997-02-06,187.0,Midfield,170,29yr 2mth,North Ballarat Rebels,2029.0,Non-Free Agent,2015.0,National,1.0,7.0,2.19,J.Hopper 6/2/1997,RFC,2026,M,3.16,1.69,1.77,1.56,3.88,3.84,1.84,2.29,2.79,0.95,1.51,1.77,1.34,1.91,2.18,2.42,1.29,1.45,2.46,2.21
Richmond,10,Taj Hotton,2006-06-17,182.0,Forward,7,19yr 10mth,Sandringham Dragons,2027.0,Non-Free Agent,2024.0,National,1.0,12.0,2.84,T.Hotton 17/6/2006,RFC,2025,GF,3.36,2.29,3.25,2.54,3.26,3.77,3.23,3.14,4.43,1.73,1.94,2.26,3.07,3.63,2.73,2.46,2.35,2.67,2.68,2.52
Richmond,4,Sam Lalor,2006-08-30,188.0,MidfieldForward,17,19yr 7mth,Greater Western Victoria Rebels,2027.0,Non-Free Agent,2024.0,National,1.0,1.0,2.51,S.Lalor 30/8/2006,RFC,2026,M,2.1,2.75,3.89,1.83,1.7,2.24,2.96,2.02,2.11,2.89,3.6,2.45,3.36,5.0,2.13,2.42,1.63,1.94,2.0,2.04
Richmond,42,Mykelti Lefau,1998-06-22,195.0,Forward,16,27yr 9mth,Rugby League,2026.0,Non-Free Agent,,,,,2.49,M.Lefau 22/6/1998,RFC,2026,KF,2.45,1.88,2.73,4.05,3.27,2.22,2.86,1.72,1.65,2.22,1.7,2.07,2.26,2.14,3.48,3.55,4.28,4.6,4.25,2.59
Richmond,19,Tom Lynch,1992-10-31,199.0,Forward,238,33yr 5mth,Dandenong Stingrays,2026.0,Restricted Free Agent,2010.0,National,1.0,11.0,2.27,T.Lynch 31/10/1992,RFC,2026,KF,2.19,2.16,2.27,2.85,2.3,2.71,1.95,1.51,2.47,2.17,2.33,1.4,2.41,2.49,1.82,2.09,2.83,2.74,1.07,4.43
Richmond,7,Rhyan Mansell,2000-06-04,180.0,Forward,74,25yr 10mth,Woodville West-Torrens,2026.0,Non-Free Agent,,,,,2.74,R.Mansell 4/6/2000,RFC,2025,GF,2.5,2.72,2.78,3.21,1.78,2.81,2.45,2.65,2.14,2.87,2.84,2.65,3.22,2.75,2.08,2.46,3.4,3.32,2.53,2.89
Richmond,28,Kane McAuliffe,2005-03-01,187.0,Midfield,17,21yr 1mth,North Adelaide,2027.0,Non-Free Agent,2023.0,National,2.0,40.0,2.81,K.McAuliffe 1/3/2005,RFC,2026,W,2.67,2.41,2.95,3.59,2.76,2.47,2.35,2.85,2.61,1.87,1.68,3.13,1.51,3.35,5.0,2.5,3.9,3.28,4.02,3.17
Richmond,12,Ben Miller,1999-08-31,198.0,Defender,75,26yr 7mth,Subiaco,2027.0,Unrestricted Free Agent,2017.0,National,4.0,63.0,2.47,B.Miller 31/8/1999,RFC,2026,KD,2.26,2.61,2.49,2.5,2.4,1.84,2.8,2.4,2.57,2.75,2.02,2.8,2.79,2.22,2.59,2.25,2.4,2.13,2.03,2.95
Richmond,25,Toby Nankervis,1994-08-12,199.0,Ruck,181,31yr 8mth,North Launceston,2026.0,Unrestricted Free Agent,2013.0,National,2.0,35.0,2.7,T.Nankervis 12/8/1994,RFC,2026,R,3.09,2.73,2.58,2.45,3.5,2.81,2.28,3.54,3.71,2.97,1.52,2.71,1.93,2.32,2.88,2.71,3.28,2.85,2.61,1.59
Richmond,26,Zane Peucker,2007-12-04,180.0,MidfieldForward,0,18yr 4mth,Woodville-West Torrens,2027.0,Unknown,2025.0,National,2.0,31.0,,,,,,,,,,,,,,,,,,,,,,,,,
Richmond,3,Dion Prestia,1992-10-12,175.0,MidfieldForward,242,33yr 6mth,Calder Cannons,2026.0,Unrestricted Free Agent,2010.0,National,1.0,9.0,2.21,D.Prestia 12/10/1992,RFC,2026,M,2.16,2.18,2.35,2.24,1.8,1.72,2.33,2.99,2.73,1.8,1.98,2.36,3.45,1.85,1.56,2.42,2.36,2.19,2.09,2.17
Richmond,13,Hugo Ralphsmith,2001-11-09,187.0,Midfield,66,24yr 5mth,Sandringham Dragons,2026.0,Non-Free Agent,2019.0,National,3.0,46.0,2.09,H.Ralphsmith 9/11/2001,RFC,2026,W,2.06,2.29,1.95,1.89,2.79,2.4,2.32,1.38,1.93,1.74,2.24,2.82,2.12,1.9,1.7,2.5,1.79,1.52,1.7,2.38
Richmond,33,Patrick Retschko,2006-02-28,186.0,Midfield,1,20yr 1mth,Oakleigh Chargers,2026.0,Non-Free Agent,2024.0,Rookie,2.0,23.0,2.32,P.Retschko 28/2/2006,RFC VFL,2026,M,2.41,2.32,2.18,2.25,1.64,2.3,2.75,3.4,2.96,1.85,1.75,2.93,2.66,2.03,1.69,2.49,2.36,1.9,2.5,2.96
Richmond,17,Maurice Rioli,2002-09-01,179.0,Forward,55,23yr 7mth,Oakleigh,2026.0,Non-Free Agent,2020.0,National,3.0,51.0,2.31,M.Rioli 1/9/2002,RFC,2026,GF,2.07,1.85,2.96,2.98,2.24,2.33,3.02,1.55,1.58,2.44,1.35,1.95,1.74,3.96,2.86,2.44,2.8,3.11,3.68,2.59
Richmond,27,Noah Roberts-Thomson,2007-03-29,181.0,Midfield,0,19yr,Sturt,2027.0,Unknown,2025.0,National,3.0,54.0,,,,,,,,,,,,,,,,,,,,,,,,,
Richmond,5,Jack Ross,2000-09-03,187.0,MidfieldForward,99,25yr 7mth,Oakleigh Chargers,2028.0,Unrestricted Free Agent,2018.0,National,2.0,43.0,2.75,J.Ross 3/9/2000,RFC,2026,M,2.8,2.37,2.95,3.07,2.5,3.5,2.76,2.56,2.85,2.1,2.27,2.36,2.57,3.39,2.6,2.42,3.38,2.89,3.46,2.19
Richmond,32,Samson Ryan,2000-12-09,206.0,Ruck,27,25yr 4mth,Lions Academy,2027.0,Non-Free Agent,2020.0,National,2.0,40.0,,,,,,,,,,,,,,,,,,,,,,,,,
Richmond,15,Jayden Short,1996-01-24,178.0,Defender,196,30yr 2mth,Northern Knights,2027.0,Unrestricted Free Agent,2014.0,Rookie,1.0,11.0,,,,,,,,,,,,,,,,,,,,,,,,,
Richmond,38,Thomas Sims,2006-05-12,199.0,Forward,11,19yr 11mth,Northern Knights,2027.0,Non-Free Agent,2024.0,National,1.0,28.0,,,,,,,,,,,,,,,,,,,,,,,,,
Richmond,16,Josh Smillie,2006-05-17,195.0,Midfield,0,19yr 11mth,Eastern Ranges,2027.0,Non-Free Agent,2024.0,National,1.0,7.0,,,,,,,,,,,,,,,,,,,,,,,,,
Richmond,49,Kaleb Smith,2004-11-20,181.0,Defender,12,21yr 5mth,East Fremantle,2026.0,Non-Free Agent,2022.0,National,3.0,49.0,,,,,,,,,,,,,,,,,,,,,,,,,
Richmond,40,Tyler Sonsie,2003-01-27,181.0,MidfieldForward,45,23yr 2mth,Eastern Ranges,2026.0,Non-Free Agent,2021.0,National,2.0,28.0,,,,,,,,,,,,,,,,,,,,,,,,,
Richmond,14,Tim Taranto,1998-01-28,188.0,Midfield,179,28yr 2mth,Sandringham Dragons,2029.0,Non-Free Agent,2016.0,National,1.0,2.0,,,,,,,,,,,,,,,,,,,,,,,,,
Richmond,11,Luke Trainor,2006-04-10,193.0,Defender,24,20yr,Sandringham Dragons,2027.0,Non-Free Agent,2024.0,National,1.0,21.0,2.18,L.Trainor 10/4/2006,RFC,2026,GD,2.35,1.86,1.92,2.62,2.2,2.19,1.78,2.63,1.14,2.4,1.83,2.2,2.09,1.63,2.06,2.48,3.16,2.29,2.2,2.98
Richmond,36,James Trezise,2002-06-15,188.0,Midfield,26,23yr 10mth,Richmond,2026.0,Non-Free Agent,2023.0,Mid-Season,2.0,13.0,1.87,J.Trezise 15/6/2002,RFC,2026,W,1.35,1.87,1.6,2.86,1.34,2.07,1.82,0.69,2.45,2.41,1.66,1.42,1.24,1.9,1.99,2.5,2.49,3.35,3.4,2.24
Richmond,1,Nick Vlastuin,1994-04-19,187.0,Defender,260,32yr,Northern Knights,2026.0,Unrestricted Free Agent,2012.0,National,1.0,9.0,2.37,N.Vlastuin 19/4/1994,RFC,2026,GD,2.14,2.3,2.2,2.78,1.83,2.8,2.78,1.66,2.69,2.1,3.03,1.61,1.8,2.57,2.24,2.48,2.91,2.85,3.05,2.18
St Kilda,46,Eamonn Armstrong,2006-07-26,191.0,Defender,0,19yr 8mth,Meath GAA,2026.0,Non-Free Agent,,,,,2.4,E.Armstrong 26/7/2006,STK VFL,2026,GD,2.13,2.29,1.96,3.11,1.83,2.43,2.76,1.89,2.95,1.97,2.05,1.8,1.49,2.67,1.66,2.5,3.39,2.23,3.66,3.38
St Kilda,36,Charlie Banfield,2007-07-18,192.0,MidfieldForward,0,18yr 9mth,Claremont,2027.0,Unknown,2025.0,National,3.0,41.0,,,,,,,,,,,,,,,,,,,,,,,,,
St Kilda,28,James Barrat,2006-11-23,194.0,DefenderForward,0,19yr 4mth,Bendigo Pioneers,2027.0,Non-Free Agent,2024.0,National,2.0,32.0,2.69,J.Barrat 23/11/2006,STK VFL,2026,KD,2.38,2.14,2.7,3.09,1.87,2.68,2.24,2.45,1.6,2.64,2.15,2.32,2.5,2.41,3.19,2.46,2.29,2.29,3.65,3.17
St Kilda,38,Hugh Boxshall,2006-07-11,188.0,Midfield,16,19yr 9mth,Claremont,2028.0,Non-Free Agent,2024.0,National,3.0,45.0,1.96,H.Boxshall 11/7/2006,SKFC,2026,W,2.16,1.42,1.71,2.82,2.88,2.95,2.39,1.15,1.44,1.29,1.7,1.37,1.7,1.76,1.7,2.5,3.13,2.88,2.19,3.19
St Kilda,16,Daniel Butler,1996-06-03,182.0,Forward,154,29yr 10mth,North Ballarat Rebels,2026.0,Non-Free Agent,2014.0,National,4.0,67.0,2.39,D.Butler 3/6/1996,SKFC,2026,GF,2.01,2.22,3.03,2.67,1.9,2.1,2.2,1.95,2.33,2.5,2.06,1.85,1.96,4.33,1.96,2.44,2.8,2.97,2.32,1.79
St Kilda,13,Ryan Byrnes,2001-05-03,181.0,Defender,80,24yr 11mth,Sandringham Dragons,2027.0,Unrestricted Free Agent,2025.0,National,5.0,58.0,2.42,R.Byrnes 3/5/2001,SKFC,2025,GD,2.75,2.48,2.41,2.01,2.92,2.7,1.92,2.9,2.67,2.14,3.02,2.49,3.0,2.27,1.88,2.46,2.3,2.23,1.9,1.45
St Kilda,47,Anthony Caminiti,2003-12-09,196.0,Defender,59,22yr 4mth,Northern Knights,2027.0,Non-Free Agent,,,,,1.94,A.Caminiti 9/12/2003,SKFC,2026,KD,2.1,2.14,1.35,2.27,1.76,2.18,2.82,1.89,2.53,1.95,2.02,1.45,1.02,1.85,1.0,2.36,1.77,1.38,2.07,2.81
St Kilda,18,Jack Carroll,2002-12-20,188.0,DefenderMidfield,30,23yr 4mth,East Fremantle,2026.0,Unrestricted Free Agent,2020.0,National,2.0,41.0,2.13,J.Carroll 20/12/2002,SKFC,2026,GD,1.86,1.94,2.77,2.28,1.68,1.7,1.83,2.03,1.62,2.01,2.1,2.32,3.23,2.93,2.05,2.48,2.57,2.55,1.77,2.17
St Kilda,11,Hunter Clark,1999-03-26,186.0,Midfield,113,27yr,Dandenong Stingrays,2027.0,Unrestricted Free Agent,2017.0,National,1.0,7.0,2.41,H.Clark 26/3/1999,SKFC,2026,GD,2.26,2.52,2.69,2.22,2.51,1.93,2.06,2.44,2.92,2.51,1.83,2.19,3.06,3.06,1.82,2.48,2.3,2.74,1.16,2.69
St Kilda,4,Lance Collard,2005-03-26,185.0,Forward,15,21yr,Subiaco,2027.0,Non-Free Agent,2023.0,National,1.0,28.0,1.98,L.Collard 26/3/2005,SKFC,2025,GF,1.66,2.19,2.02,2.07,1.48,1.61,2.36,1.61,2.31,1.84,2.5,2.14,1.56,2.24,2.37,2.46,2.17,1.96,2.37,1.92
St Kilda,21,Tom De Koning,1999-07-16,201.0,Ruck,106,26yr 9mth,Dandenong Stingrays,2033.0,Restricted Free Agent,2017.0,National,2.0,30.0,2.61,T.De Koning 16/7/1999,SKFC,2026,R,2.31,2.69,2.85,2.23,1.98,2.18,2.12,3.01,2.77,2.22,2.71,3.04,3.94,3.29,2.88,2.28,1.92,1.5,2.39,2.85
St Kilda,30,Alex Dodson,2006-06-15,203.0,Forward,1,19yr 10mth,Sturt,2026.0,Non-Free Agent,2024.0,National,3.0,53.0,2.52,A.Dodson 15/6/2006,STK VFL,2026,R,2.62,2.56,2.54,2.26,2.12,2.44,2.44,3.53,2.51,3.01,2.33,2.39,2.27,2.21,2.77,2.66,1.58,2.14,2.5,2.6
St Kilda,15,Paddy Dow,1999-10-16,184.0,Midfield,83,26yr 6mth,Bendigo Pioneers,2026.0,Non-Free Agent,2017.0,National,1.0,3.0,2.81,P.Dow 16/10/1999,SAN VFL,2025,M,3.45,2.46,1.89,2.89,3.97,3.52,3.3,2.73,2.56,2.38,2.27,2.64,1.88,1.88,1.93,2.48,3.88,2.36,1.97,1.98
St Kilda,37,Kye Fincher,2007-11-18,186.0,DefenderMidfield,0,18yr 5mth,Sandringham Dragons,2027.0,Unknown,2025.0,National,3.0,52.0,,,,,,,,,,,,,,,,,,,,,,,,,
St Kilda,9,Sam Flanders,2001-07-24,183.0,MidfieldForward,95,24yr 8mth,Gippsland Power,2031.0,Non-Free Agent,2019.0,National,1.0,11.0,2.61,S.Flanders 24/7/2001,SKFC,2026,M,2.55,2.72,2.44,2.66,2.03,2.8,1.91,3.42,3.05,3.11,1.46,2.9,3.03,1.91,2.6,2.42,2.42,2.52,4.23,2.64
St Kilda,34,Hugo Garcia,2005-05-22,185.0,Midfield,32,20yr 10mth,Calder Cannons,2027.0,Non-Free Agent,2023.0,National,3.0,50.0,2.47,H.Garcia 22/5/2005,SKFC,2026,M,2.64,2.23,1.8,3.01,3.3,2.31,2.48,2.14,2.59,2.31,1.73,2.17,1.8,1.91,1.56,2.42,3.19,3.18,1.2,3.44
St Kilda,40,Max Hall,2002-04-15,183.0,Forward,29,24yr,Box Hill,2027.0,Non-Free Agent,2024.0,Mid-Season,1.0,4.0,3.2,M.Hall 15/4/2002,SKFC,2026,GF,3.77,3.18,2.7,2.73,4.98,3.75,2.94,3.4,3.77,3.16,2.92,3.27,2.47,2.4,3.77,2.44,3.18,2.71,2.11,2.18
St Kilda,24,Angus Hastie,2005-09-19,190.0,Defender,14,20yr 7mth,Geelong Falcons,2027.0,Non-Free Agent,2023.0,National,2.0,33.0,3.02,A.Hastie 19/9/2005,STK VFL,2026,GD,3.3,3.1,2.81,2.76,2.19,3.37,2.21,3.87,3.3,2.8,2.71,3.47,3.97,1.83,2.6,2.5,1.71,3.66,2.5,3.04
St Kilda,23,Liam Henry,2001-08-28,180.0,Forward,61,24yr 7mth,Claremont,2027.0,Non-Free Agent,2019.0,National,1.0,9.0,2.01,L.Henry 28/8/2001,SKFC,2025,GF,1.99,2.02,2.35,1.56,2.24,1.81,2.79,1.81,2.44,2.03,1.83,2.01,2.45,2.56,1.73,2.46,1.16,1.71,1.78,1.97
St Kilda,1,Jack Higgins,1999-03-19,178.0,Forward,151,27yr 1mth,Oakleigh Chargers,2029.0,Unrestricted Free Agent,2017.0,National,1.0,17.0,2.39,J.Higgins 19/3/1999,SKFC,2026,GF,2.14,2.85,2.08,2.26,1.72,2.77,2.11,1.89,1.98,2.44,4.05,1.88,2.38,1.89,1.96,2.44,2.21,2.35,1.75,2.47
St Kilda,8,Bradley Hill,1993-07-09,182.0,MidfieldForward,283,32yr 9mth,West Perth,2027.0,Restricted Free Agent,2011.0,National,2.0,33.0,2.6,B.Hill 9/7/1993,SKFC,2026,W,1.79,3.27,2.69,2.6,2.21,1.31,1.55,2.0,2.56,3.86,2.57,3.35,3.52,1.79,1.89,2.5,2.37,2.97,2.22,2.89
St Kilda,20,Dougal Howard,1996-03-25,199.0,Defender,139,30yr,Murray Bushrangers,2026.0,Non-Free Agent,2014.0,National,3.0,56.0,2.44,D.Howard 25/3/1996,STK VFL,2026,KD,1.87,2.55,2.7,2.51,1.87,1.51,1.78,2.35,1.55,3.41,2.15,3.48,2.78,2.42,2.96,2.46,2.56,2.25,2.5,2.59
St Kilda,17,Isaac Keeler,2004-04-23,198.0,Forward,12,21yr 11mth,North Adelaide,2026.0,Non-Free Agent,2022.0,National,3.0,44.0,2.52,I.Keeler 23/4/2004,STK VFL,2026,KF,2.47,2.0,2.99,3.07,2.51,2.35,2.01,2.89,2.68,2.61,1.52,2.1,2.02,2.82,2.88,4.28,4.33,2.56,2.5,2.52
St Kilda,12,Max King,2000-07-07,202.0,Forward,83,25yr 9mth,Sandringham Dragons,2032.0,Unrestricted Free Agent,2018.0,National,1.0,4.0,2.55,M.King 7/7/2000,SKFC,2024,KF,2.66,2.76,2.47,1.72,1.81,3.4,2.83,2.38,2.51,2.69,2.84,2.78,2.52,3.08,2.05,1.84,2.11,1.58,1.63,1.46
St Kilda,6,Jackson Macrae,1994-08-03,192.0,Midfield,272,31yr 8mth,Oakleigh Chargers,2027.0,Unrestricted Free Agent,2012.0,National,1.0,6.0,2.17,J.Macrae 3/8/1994,SKFC,2026,M,2.25,1.98,1.75,2.6,1.93,2.26,2.77,2.39,2.74,1.84,1.38,1.9,1.85,1.76,1.56,2.42,2.6,2.67,3.22,1.7
St Kilda,19,Rowan Marshall,1995-11-24,201.0,ForwardRuck,161,30yr 4mth,North Ballarat,2027.0,Unrestricted Free Agent,2016.0,Rookie,1.0,10.0,2.29,R.Marshall 24/11/1995,SKFC,2026,R,2.62,2.4,2.23,1.84,2.94,2.78,2.26,2.34,2.57,2.3,1.94,2.81,3.04,2.14,2.85,1.69,1.9,1.5,2.44,1.72
St Kilda,42,Kobe McDonald,2007-12-08,193.0,Defender,0,18yr 4mth,Mayo GAA,2027.0,Unknown,,,,,,,,,,,,,,,,,,,,,,,,,,,,,
St Kilda,45,Liam O'Connell,2003-03-04,189.0,Defender,7,23yr 1mth,Ireland,2026.0,Non-Free Agent,,,,,2.63,L.O'Connell 4/3/2003,STK VFL,2026,GD,2.98,2.31,2.36,2.9,5.0,3.54,3.22,1.76,2.96,1.66,2.9,2.02,2.0,3.57,1.36,2.5,1.71,4.86,2.5,1.97
St Kilda,10,Mitchito Owens,2003-09-24,191.0,Forward,78,22yr 6mth,Sandringham Dragons,2029.0,Restricted Free Agent,2021.0,National,2.0,33.0,2.78,M.Owens 24/9/2003,SKFC,2026,KF,3.13,2.83,2.36,2.97,3.28,3.08,3.51,2.8,3.5,2.56,2.8,2.95,1.71,2.68,2.83,2.3,2.69,2.79,3.24,3.51
St Kilda,25,Mattaes Phillipou,2004-12-27,190.0,MidfieldForward,50,21yr 3mth,Eagles,2028.0,Non-Free Agent,2022.0,National,1.0,10.0,1.94,M.Phillipou 27/12/2004,SKFC,2026,M,1.76,1.8,2.43,2.1,1.82,1.93,2.57,1.03,1.31,1.73,2.71,1.6,1.35,3.18,2.66,2.42,2.1,2.31,1.35,2.05
St Kilda,31,Liam Ryan,1996-10-02,181.0,Forward,131,29yr 6mth,Subiaco,2028.0,Non-Free Agent,2017.0,National,2.0,26.0,2.3,L.Ryan 2/10/1996,SKFC,2026,GF,1.85,2.64,2.84,1.68,1.67,2.03,2.18,1.73,1.93,2.38,3.37,2.25,2.94,3.16,1.96,2.44,1.59,1.59,1.83,2.0
St Kilda,33,Patrick Said,2006-04-24,180.0,MidfieldForward,0,19yr 11mth,Calder Cannons,2026.0,Unrestricted Free Agent,2025.0,Rookie,1.0,5.0,2.84,P.Said 24/4/2006,STK VFL,2026,GF,3.21,2.42,2.61,3.37,3.71,3.14,2.81,3.12,2.74,2.07,2.44,2.9,2.17,2.57,3.47,2.48,4.6,2.93,2.5,2.26
St Kilda,43,Cooper Sharman,2000-07-25,193.0,Forward,76,25yr 8mth,Woodville-West Torrens,2026.0,Non-Free Agent,2021.0,Mid-Season,2.0,20.0,2.25,C.Sharman 25/7/2000,SKFC,2026,KF,2.26,2.25,2.19,2.44,1.88,2.17,2.5,2.62,2.74,2.32,1.9,2.94,1.8,2.32,2.74,2.05,2.31,2.33,3.47,2.03
St Kilda,3,Jack Silvagni,1997-12-17,194.0,Defender,134,28yr 4mth,Oakleigh Chargers,2030.0,Unrestricted Free Agent,2015.0,National,4.0,53.0,2.57,J.Silvagni 17/12/1997,SKFC,2026,KD,2.53,2.49,2.44,2.74,1.76,2.92,2.28,2.7,2.1,2.64,3.14,2.83,2.54,2.43,2.38,2.36,3.72,3.15,2.81,2.33
St Kilda,35,Jack Sinclair,1995-02-12,181.0,Defender,216,31yr 2mth,Oakleigh Chargers,2027.0,Unrestricted Free Agent,2014.0,Rookie,1.0,1.0,3.13,J.Sinclair 12/2/1995,SKFC,2026,GD,3.23,3.57,2.62,2.72,2.93,3.07,2.27,3.66,3.86,3.93,1.83,3.29,2.93,2.18,2.78,2.48,2.55,2.69,3.35,2.19
St Kilda,14,Liam Stocker,2000-01-23,184.0,Defender,87,26yr 2mth,Sandringham Dragons,2026.0,Unrestricted Free Agent,2018.0,National,1.0,19.0,2.07,L.Stocker 23/1/2000,SKFC,2026,GD,1.84,1.6,2.2,2.86,1.52,2.5,2.53,1.35,1.25,1.95,1.83,1.5,2.3,1.82,2.54,2.48,2.57,2.63,3.49,2.78
St Kilda,26,Alix Tauru,2006-11-16,193.0,DefenderForward,15,19yr 5mth,Gippsland Power,2027.0,Non-Free Agent,2024.0,National,1.0,10.0,1.91,A.Tauru 16/11/2006,SKFC,2026,GD,1.57,1.92,2.38,1.95,1.99,1.93,2.86,0.9,1.61,1.7,5.0,1.28,1.83,3.3,1.97,2.48,2.04,2.05,1.18,2.63
St Kilda,5,Tobie Travaglia,2006-10-26,187.0,DefenderMidfield,12,19yr 5mth,Bendigo Pioneers,2027.0,Non-Free Agent,2024.0,National,1.0,8.0,2.05,T.Travaglia 26/10/2006,SKFC,2025,GD,1.95,2.23,1.6,2.18,2.26,2.17,2.13,1.65,2.61,1.92,2.87,1.77,1.94,1.66,1.13,2.46,2.76,3.05,0.96,1.66
St Kilda,7,Nasiah Wanganeen-Milera,2003-02-22,187.0,DefenderMidfield,92,23yr 1mth,Glenelg,2027.0,Non-Free Agent,2021.0,National,1.0,11.0,2.6,N.Wanganeen-Milera 22/2/2003,SKFC,2026,M,2.34,3.07,2.9,2.12,2.33,2.6,2.04,2.29,1.82,3.41,3.51,3.58,1.8,3.62,3.17,2.42,2.13,2.16,2.0,2.04
St Kilda,44,Callum Wilkie,1996-03-10,191.0,Defender,161,30yr 1mth,North Adelaide,2029.0,Unrestricted Free Agent,2018.0,Rookie,1.0,3.0,3.74,C.Wilkie 10/3/1996,SKFC,2026,KD,3.66,3.79,4.44,3.15,2.73,3.58,2.9,4.77,4.08,3.93,2.02,3.85,4.24,4.38,4.65,2.36,2.98,3.24,4.56,2.22
St Kilda,22,Darcy Wilson,2005-08-18,185.0,MidfieldForward,47,20yr 8mth,Murray Bushrangers,2026.0,Non-Free Agent,2023.0,National,1.0,18.0,2.21,D.Wilson 18/8/2005,SKFC,2026,M,1.89,2.54,2.75,1.89,0.88,1.77,3.5,2.46,2.3,2.41,3.06,2.53,3.04,2.58,2.6,2.42,1.36,1.73,3.39,3.1
St Kilda,2,Marcus Windhager,2003-05-16,185.0,DefenderMidfield,81,22yr 11mth,Sandringham Dragons,2029.0,Restricted Free Agent,2021.0,National,3.0,47.0,2.92,M.Windhager 16/5/2003,SKFC,2026,GD,4.12,2.78,1.93,2.5,5.0,4.61,2.48,3.73,2.97,2.56,1.83,3.3,2.53,1.82,1.34,2.48,2.97,2.41,2.49,2.06
St Kilda,32,Mason Wood,1993-09-13,192.0,MidfieldForward,162,32yr 7mth,Geelong Falcons,2027.0,Unrestricted Free Agent,2012.0,National,2.0,41.0,2.66,M.Wood 13/9/1993,SKFC,2026,W,2.65,2.4,3.07,2.84,2.77,2.76,2.37,2.58,1.93,2.18,3.2,2.3,2.88,3.21,3.29,2.5,2.64,2.58,3.18,2.8
Sydney,3,Taylor Adams,1993-09-20,181.0,Forward,229,32yr 7mth,Geelong Falcons,2026.0,Non-Free Agent,2011.0,National,1.0,13.0,2.35,T.Adams 20/9/1993,SYFC,2025,GF,2.76,2.04,1.96,2.76,4.51,2.9,2.25,1.91,2.12,2.18,1.8,2.2,2.45,1.68,1.73,2.46,3.1,3.56,0.37,1.45
Sydney,36,Joel Amartey,1999-09-02,195.0,Forward,67,26yr 7mth,Sandringham Dragons,2026.0,Restricted Free Agent,2017.0,Rookie,2.0,28.0,2.66,J.Amartey 2/9/1999,SYFC,2026,KF,2.48,2.68,2.8,2.6,2.44,2.66,2.83,2.06,2.42,2.37,3.07,2.1,2.64,3.03,2.83,2.62,2.45,2.73,2.15,2.94
Sydney,20,Riak Andrew,2005-02-17,193.0,Defender,0,21yr 2mth,Dandenong Stingrays,2027.0,Non-Free Agent,2024.0,National,3.0,55.0,3.01,R.Andrew 17/2/2005,DSFC Boys,2024,KD,2.97,2.7,2.53,3.58,3.78,3.33,2.51,2.23,3.22,2.36,2.11,2.59,2.08,2.97,2.35,3.48,1.73,4.74,2.62,4.24
Sydney,26,Riley Bice,2000-09-26,185.0,Defender,22,25yr 6mth,Werribee,2028.0,Non-Free Agent,2024.0,National,3.0,41.0,2.73,R.Bice 26/9/2000,SYFC,2026,GD,2.5,3.04,2.79,2.48,2.14,2.25,1.41,3.03,3.3,2.84,2.56,3.17,2.83,2.78,2.76,2.48,2.64,2.47,2.19,2.65
Sydney,22,Nick Blakey,2000-02-27,196.0,Defender,157,26yr 1mth,UNSW,2031.0,Unrestricted Free Agent,2018.0,National,1.0,10.0,2.91,N.Blakey 27/2/2000,SYFC,2026,GD,3.03,3.37,2.1,2.64,2.59,3.02,3.03,3.19,3.05,2.7,4.46,4.54,1.53,2.31,2.53,2.48,2.37,2.0,3.49,2.88
Sydney,23,Ned Bowman,2006-09-12,186.0,Forward,0,19yr 7mth,Norwood,2027.0,Non-Free Agent,2024.0,National,1.0,26.0,2.44,N.Bowman 12/9/2006,SYD VFL,2025,GF,2.49,2.11,2.57,2.98,2.01,2.46,2.79,2.67,2.2,2.33,1.55,2.8,2.3,2.3,3.63,2.58,2.62,2.26,4.86,4.46
Sydney,16,Braeden Campbell,2002-02-04,181.0,Forward,94,24yr 2mth,Sydney Academy,2028.0,Restricted Free Agent,2020.0,National,1.0,5.0,2.75,B.Campbell 4/2/2002,SYFC,2025,GF,2.65,2.72,2.75,3.02,2.02,2.43,2.49,3.17,2.83,2.78,2.51,2.99,3.63,1.83,3.26,2.46,3.13,2.97,2.98,2.94
Sydney,42,Noah Chamberlain,2007-03-21,191.0,Forward,0,19yr,St Ives Saints,2027.0,Unknown,,,,,,,,,,,,,,,,,,,,,,,,,,,,,
Sydney,33,Caiden Cleary,2005-03-05,182.0,Forward,18,21yr 1mth,Sydney University,2027.0,Non-Free Agent,2023.0,National,1.0,24.0,3.28,C.Cleary 5/3/2005,SYD VFL,2026,GF,4.17,3.0,2.06,3.77,5.0,4.11,2.39,4.12,4.35,3.19,2.06,3.42,2.27,1.94,1.98,2.48,4.6,3.11,3.63,3.68
Sydney,25,Billy Cootee,2002-12-18,179.0,Midfield,0,23yr 4mth,Norwood,2027.0,Unknown,2025.0,National,3.0,42.0,2.41,B.Cootee 18/12/2002,SYD VFL,2026,M,2.43,2.57,2.27,2.27,1.97,3.14,2.89,2.09,2.27,2.16,4.3,1.93,2.79,2.12,1.69,2.49,1.53,2.65,3.16,2.84
Sydney,7,Harry Cunningham,1993-12-06,181.0,Defender,222,32yr 4mth,Turvey Park,2026.0,Unrestricted Free Agent,2012.0,National,7.0,107.0,2.59,H.Cunningham 6/12/1993,SYFC,2026,GF,2.15,2.69,2.6,3.21,2.14,1.46,2.23,2.66,2.93,3.14,2.18,2.55,2.58,2.91,1.96,2.44,2.87,3.07,2.5,4.86
Sydney,35,Charlie Curnow,1997-02-03,194.0,Forward,155,29yr 2mth,Geelong Falcons,2030.0,Unrestricted Free Agent,2015.0,National,1.0,12.0,2.6,C.Curnow 3/2/1997,SYFC,2026,KF,2.56,2.78,2.65,1.92,1.95,3.33,2.56,2.09,2.36,2.43,3.04,2.76,2.61,3.53,1.82,1.96,1.65,1.74,1.82,2.71
Sydney,9,Jesse Dattoli,2006-07-07,179.0,Forward,3,19yr 9mth,Northern Knights,2027.0,Non-Free Agent,2024.0,National,1.0,22.0,,,,,,,,,,,,,,,,,,,,,,,,,
Sydney,28,Will Edwards,2003-05-08,197.0,Defender,0,22yr 11mth,Sydney,2027.0,Non-Free Agent,,,,,2.57,W.Edwards 8/5/2003,SYD VFL,2026,KD,2.64,2.68,2.21,2.78,1.87,3.12,2.85,2.49,2.69,2.66,2.15,3.23,1.95,1.89,2.74,2.46,3.87,2.0,2.5,3.0
Sydney,45,Will Green,2005-09-08,204.0,Ruck,0,20yr 7mth,Northern Knights,2027.0,Non-Free Agent,2023.0,National,1.0,16.0,2.68,W.Green 8/9/2005,SYD VFL,2025,R,2.45,2.7,2.53,3.33,2.25,2.25,3.06,2.4,3.04,2.6,2.57,2.59,2.7,2.83,2.23,2.49,3.08,3.52,2.66,3.72
Sydney,4,Brodie Grundy,1994-04-15,202.0,Ruck,248,32yr,Sturt,2027.0,Unrestricted Free Agent,2012.0,National,1.0,18.0,3.37,B.Grundy 15/4/1994,SYFC,2026,R,3.41,3.49,3.24,3.45,3.69,3.43,2.33,3.93,3.88,2.84,3.55,3.68,2.31,2.88,2.63,4.08,3.5,3.75,2.98,3.47
Sydney,21,Errol Gulden,2002-07-18,175.0,Midfield,105,23yr 9mth,Sydney Academy,2028.0,Restricted Free Agent,2020.0,National,2.0,32.0,2.79,E.Gulden 18/7/2002,SYFC,2026,M,2.11,3.11,2.11,4.01,2.27,1.62,1.42,2.78,3.34,2.85,2.74,3.64,2.88,1.76,1.56,2.42,4.33,4.81,1.51,1.99
Sydney,29,Joel Hamling,1993-04-09,194.0,Defender,107,33yr,Claremont,2026.0,Unrestricted Free Agent,2011.0,National,2.0,32.0,2.67,J.Hamling 9/4/1993,SYFC,2026,KD,2.71,2.66,2.33,2.95,1.76,3.68,2.82,2.15,3.17,2.52,2.02,1.88,1.43,3.07,2.12,2.36,2.43,2.9,3.12,2.97
Sydney,40,Tom Hanily,2005-05-31,179.0,Forward,8,20yr 10mth,Gippsland Power,2027.0,Non-Free Agent,2024.0,Mid-Season,1.0,14.0,,,,,,,,,,,,,,,,,,,,,,,,,
Sydney,5,Isaac Heeney,1996-05-05,185.0,Midfield,229,29yr 11mth,Cardiff,2028.0,Unrestricted Free Agent,2014.0,National,1.0,18.0,,,,,,,,,,,,,,,,,,,,,,,,,
Sydney,39,Liam Hetherton,2007-05-02,198.0,Forward,0,18yr 11mth,Murray Bushrangers,2027.0,Unknown,,,,,,,,,,,,,,,,,,,,,,,,,,,,,
Sydney,17,James Jordon,2000-12-20,187.0,MidfieldForward,120,25yr 4mth,Oakleigh Chargers,2027.0,Non-Free Agent,2018.0,National,2.0,33.0,,,,,,,,,,,,,,,,,,,,,,,,,
Sydney,31,Max King,2007-01-09,192.0,Forward,0,19yr 3mth,Sydney Swans Academy,2027.0,Unknown,2018.0,National,1.0,4.0,2.55,M.King 7/7/2000,SKFC,2024,KF,2.66,2.76,2.47,1.72,1.81,3.4,2.83,2.38,2.51,2.69,2.84,2.78,2.52,3.08,2.05,1.84,2.11,1.58,1.63,1.46
Sydney,32,Harry Kyle,2007-07-16,188.0,DefenderMidfield,0,18yr 9mth,Sydney Swans Academy,2028.0,Unknown,2025.0,National,1.0,14.0,,,,,,,,,,,,,,,,,,,,,,,,,
Sydney,19,Peter Ladhams,1998-01-14,204.0,ForwardRuck,63,28yr 3mth,Norwood,2027.0,Non-Free Agent,2016.0,Rookie,1.0,9.0,,,,,,,,,,,,,,,,,,,,,,,,,
Sydney,44,Jake Lloyd,1993-09-20,182.0,MidfieldForward,277,32yr 7mth,North Ballarat Rebels,2026.0,Unrestricted Free Agent,2025.0,Rookie,1.0,7.0,2.64,J.Lloyd 20/9/1993,SYFC,2026,GF,2.75,2.38,2.83,2.76,2.53,2.62,2.38,3.06,3.43,2.03,2.16,2.67,2.98,1.89,4.68,2.44,2.45,2.71,3.88,2.84
Sydney,30,Tom McCartin,1999-12-30,194.0,Defender,158,26yr 3mth,Geelong Falcons,2027.0,Unrestricted Free Agent,2017.0,National,2.0,33.0,2.98,T.McCartin 30/12/1999,SYFC,2026,KD,3.74,3.34,2.76,2.57,3.7,3.93,2.99,3.93,4.42,2.68,2.02,2.93,2.59,2.78,2.85,2.36,1.75,1.27,3.49,2.58
Sydney,6,Logan McDonald,2002-04-04,195.0,Forward,76,24yr,Perth Fc,2028.0,Restricted Free Agent,2020.0,National,1.0,4.0,2.55,L.McDonald 4/4/2002,SYFC,2026,KF,2.41,2.61,2.56,2.65,2.23,2.06,2.88,2.78,4.26,2.62,2.29,2.55,2.24,2.5,3.28,2.54,2.33,2.75,3.57,2.24
Sydney,27,Justin McInerney,2000-08-18,189.0,MidfieldForward,115,25yr 8mth,Northern Knights,2031.0,Unrestricted Free Agent,2018.0,National,3.0,44.0,2.78,J.McInerney 18/8/2000,SYFC,2026,M,2.47,3.58,2.88,2.03,1.83,2.06,3.21,3.33,3.65,3.08,4.47,3.5,3.08,2.6,3.12,2.51,2.19,1.61,2.5,2.58
Sydney,2,Hayden McLean,1999-01-20,197.0,Forward,98,27yr 3mth,Sandringham,2027.0,Restricted Free Agent,,,,,2.77,H.McLean 20/1/1999,SYD VFL,2026,KF,2.19,2.84,3.32,2.32,2.45,2.29,2.31,1.71,1.86,2.3,3.49,2.27,2.78,4.48,2.42,2.77,2.2,2.19,2.5,2.6
Sydney,43,Lewis Melican,1996-11-04,194.0,Defender,105,29yr 5mth,Geelong Falcons,2027.0,Unrestricted Free Agent,2014.0,Rookie,3.0,52.0,1.97,L.Melican 4/11/1996,SYFC,2026,KD,2.23,1.92,1.67,2.1,2.75,2.28,2.59,1.64,1.44,2.12,2.83,2.08,1.1,2.19,1.47,2.36,2.82,2.34,1.95,1.96
Sydney,14,Callum Mills,1997-04-02,188.0,Defender,180,29yr,North Shore,2029.0,Unrestricted Free Agent,2015.0,National,1.0,3.0,2.97,C.Mills 2/4/1997,SYFC,2026,GD,2.7,2.99,3.03,3.18,1.93,2.74,1.93,3.1,4.12,2.19,2.1,2.88,2.48,2.77,3.96,2.48,2.67,2.47,4.09,3.73
Sydney,11,Tom Papley,1996-07-13,177.0,Forward,202,29yr 9mth,Gippsland Power,2028.0,Unrestricted Free Agent,2015.0,Rookie,1.0,14.0,3.02,T.Papley 13/7/1996,SYFC,2026,GF,3.15,3.12,2.59,3.09,3.66,3.21,2.77,2.96,2.75,2.73,3.48,3.56,2.88,1.83,3.77,2.44,3.06,3.09,2.76,3.4
Sydney,18,Jevan Phillipou,2007-03-30,183.0,Midfield,0,19yr,Woodville-West Torrens,2027.0,Unknown,2025.0,National,2.0,35.0,,,,,,,,,,,,,,,,,,,,,,,,,
Sydney,24,Dane Rampe,1990-06-02,187.0,Defender,277,35yr 10mth,Williamstown,2026.0,Unrestricted Free Agent,2025.0,Rookie,2.0,18.0,2.33,D.Rampe 2/6/1990,SYFC,2026,KD,3.14,2.88,1.34,2.47,4.08,3.07,2.98,2.68,3.63,2.32,2.02,3.01,0.73,1.95,1.07,2.36,3.46,3.55,2.31,1.99
Sydney,34,Matthew Roberts,2003-07-31,184.0,DefenderMidfield,54,22yr 8mth,South Adelaide,2027.0,Non-Free Agent,2021.0,National,2.0,34.0,2.98,M.Roberts 31/7/2003,SYFC,2026,W,3.23,3.11,2.15,2.98,3.33,2.43,2.61,3.94,2.14,3.55,2.44,3.36,2.29,1.9,2.09,2.5,2.02,2.13,4.14,3.02
Sydney,10,Malcolm Rosas,2001-06-27,180.0,Forward,54,24yr 9mth,NT Thunder,2028.0,Non-Free Agent,2019.0,Rookie,4.0,37.0,2.44,M.Rosas 27/6/2001,SYFC,2026,GF,2.45,2.76,1.64,2.73,2.48,2.76,2.98,2.08,3.04,2.81,2.86,2.17,1.09,1.92,1.96,2.44,2.71,2.85,2.51,2.59
Sydney,8,James Rowbottom,2000-09-19,186.0,Midfield,146,25yr 7mth,Oakleigh Chargers,2028.0,Unrestricted Free Agent,2018.0,National,2.0,25.0,2.43,J.Rowbottom 19/9/2000,SYFC,2026,M,2.23,2.09,1.88,3.73,2.28,2.71,2.13,1.73,1.97,2.15,1.88,2.34,1.44,1.91,2.6,2.42,4.06,4.06,2.35,2.38
Sydney,13,Jai Serong,2003-02-16,193.0,DefenderMidfield,16,23yr 2mth,Gippsland Power,2028.0,Non-Free Agent,2021.0,National,4.0,53.0,2.62,J.Serong 16/2/2003,SYFC,2026,W,2.25,2.59,2.72,3.13,2.36,2.54,2.54,1.91,2.66,2.71,1.8,2.89,2.3,2.8,3.39,2.5,2.79,3.0,4.04,2.54
Sydney,12,Angus Sheldrick,2003-11-07,178.0,Midfield,34,22yr 5mth,Claremont,2027.0,Non-Free Agent,2021.0,National,1.0,18.0,2.34,A.Sheldrick 7/11/2003,SYFC,2026,M,2.34,2.31,2.0,2.66,2.17,2.12,2.76,2.56,2.61,2.05,2.28,2.4,1.8,1.79,2.8,2.42,2.52,2.57,3.51,2.7
Sydney,41,Patrick Snell,2005-07-18,194.0,DefenderForward,0,20yr 9mth,Wilston Grange,2027.0,Non-Free Agent,2023.0,National,4.0,53.0,2.52,P.Snell 18/7/2005,SYD VFL,2026,KD,3.28,2.77,2.06,2.36,2.45,3.98,2.75,3.29,2.58,3.01,2.15,3.16,1.66,2.12,2.27,2.46,2.29,2.29,2.5,2.31
Sydney,1,Chad Warner,2001-05-19,185.0,MidfieldForward,114,24yr 11mth,East Fremantle,2027.0,Restricted Free Agent,2019.0,National,2.0,39.0,2.5,Ch.Warner 19/5/2001,SYFC,2026,M,2.84,2.84,1.8,1.91,2.9,2.96,3.45,2.26,2.14,2.41,3.85,3.44,1.51,1.91,2.08,2.42,1.84,1.59,2.74,2.61
Sydney,37,Corey Warner,2003-10-07,182.0,MidfieldForward,27,22yr 6mth,East Fremantle,2027.0,Non-Free Agent,2021.0,National,3.0,40.0,2.02,Co.Warner 7/10/2003,SYFC,2026,GF,1.83,2.33,1.77,2.0,1.48,1.66,2.0,2.09,2.51,2.55,1.9,2.64,1.52,1.88,1.96,2.44,1.92,1.78,1.86,2.89
Sydney,15,Sam Wicks,1999-09-14,181.0,Defender,93,26yr 7mth,Swans Academy,2028.0,Unrestricted Free Agent,,,,,2.52,S.Wicks 14/9/1999,SYFC,2026,GD,2.49,2.33,2.31,2.95,2.29,2.49,3.82,2.27,2.58,1.79,2.83,2.6,1.45,2.98,2.52,2.48,4.23,2.94,2.33,2.15
West Coast,26,Bo Allan,2006-02-16,191.0,DefenderMidfield,12,20yr 2mth,Peel Thunder,2028.0,Non-Free Agent,2024.0,National,1.0,16.0,2.5,B.Allan 16/2/2006,WCFC,2026,W,2.44,2.17,3.37,2.5,2.25,1.98,3.59,2.6,2.19,2.05,2.18,2.24,2.26,4.05,4.78,2.5,2.52,1.56,3.57,2.05
West Coast,12,Sam Allen,2007-01-13,184.0,MidfieldForward,0,19yr 3mth,Oakleigh Chargers,2027.0,Unknown,2025.0,National,2.0,29.0,,,,,,,,,,,,,,,,,,,,,,,,,
West Coast,3,Liam Baker,1998-01-27,173.0,Defender,156,28yr 2mth,Subiaco,2029.0,Non-Free Agent,2017.0,Rookie,1.0,18.0,2.69,L.Baker 27/1/1998,WCFC,2026,GD,3.39,2.43,1.75,2.9,3.73,4.01,4.18,2.69,3.11,1.2,5.0,2.02,1.58,1.74,1.97,2.48,3.94,3.54,2.27,1.42
West Coast,30,Harry Barnett,2004-01-22,203.0,Ruck,2,22yr 2mth,West Adelaide,2026.0,Non-Free Agent,2022.0,National,2.0,23.0,2.15,H.Barnett 22/1/2004,WCE WAFL,2026,R,1.7,2.22,2.37,2.04,1.32,2.07,1.65,1.83,2.09,2.44,2.21,2.12,2.25,2.68,2.49,2.13,1.56,1.86,2.02,2.46
West Coast,33,Rhett Bazzo,2003-10-17,195.0,Defender,28,22yr 6mth,Swan Districts,2026.0,Non-Free Agent,2021.0,National,2.0,37.0,3.09,R.Bazzo 17/10/2003,WCE WAFL,2026,KD,3.11,3.28,3.08,3.0,1.95,3.65,2.74,3.45,3.66,3.31,2.22,2.73,3.47,3.24,2.62,2.41,2.67,2.18,3.48,3.02
West Coast,41,Sandy Brock,2002-12-14,198.0,Defender,17,23yr 4mth,Peel Thunder,2027.0,Unrestricted Free Agent,,,,,2.05,S.Brock 14/12/2002,WCFC,2026,KD,2.41,2.28,1.85,1.92,3.04,1.91,3.02,2.26,2.53,2.05,2.02,2.46,1.93,1.9,1.73,2.36,2.4,1.73,1.92,1.87
West Coast,10,Tyler Brockman,2002-11-22,180.0,Forward,56,23yr 4mth,Subiaco,2026.0,Non-Free Agent,2020.0,National,3.0,46.0,2.69,T.Brockman 22/11/2002,WCFC,2025,GF,3.03,2.48,2.45,2.81,3.59,3.58,3.06,2.34,2.83,2.44,2.46,2.3,2.42,2.63,2.08,2.46,2.83,2.93,2.43,2.7
West Coast,37,Malakai Champion,2006-05-17,172.0,Forward,3,19yr 11mth,Subiaco,2026.0,Non-Free Agent,,,,,2.82,M.Champion 17/5/2006,WCE WAFL,2026,M,2.74,3.36,2.43,2.46,2.47,2.87,2.48,3.12,2.79,2.81,5.0,3.21,3.11,2.17,1.84,2.47,2.31,2.8,1.52,2.66
West Coast,28,Tom Cole,1997-05-28,188.0,Defender,132,28yr 10mth,Sandhurst Football Netball Club,2026.0,Unrestricted Free Agent,2015.0,National,2.0,36.0,3.36,T.Cole 28/5/1997,WCE WAFL,2026,GD,3.34,3.87,3.19,2.77,4.85,2.69,2.67,3.43,3.55,4.54,2.09,4.14,3.96,3.31,2.15,2.44,1.79,4.02,2.22,2.8
West Coast,15,Jamie Cripps,1992-04-23,184.0,Forward,277,33yr 11mth,East Fremantle,2026.0,Unrestricted Free Agent,2010.0,National,1.0,24.0,2.36,J.Cripps 23/4/1992,WCFC,2026,GF,2.07,2.3,3.01,2.19,2.09,1.75,1.6,2.41,2.11,2.25,2.49,2.16,3.76,1.92,4.13,2.44,2.38,2.03,2.49,2.02
West Coast,38,Hamish Davis,2006-05-02,190.0,Midfield,14,19yr 11mth,Claremont,2027.0,Non-Free Agent,2024.0,National,4.0,65.0,2.36,H.Davis 2/5/2006,WCFC,2026,W,2.26,1.9,3.12,2.74,2.27,2.15,2.46,2.29,1.71,1.71,1.8,2.15,2.92,3.21,3.39,2.5,3.03,2.05,2.82,2.93
West Coast,43,Tyrell Dewar,2004-03-27,185.0,DefenderMidfield,23,22yr,Subiaco,2028.0,Non-Free Agent,,,,,2.27,T.Dewar 27/3/2004,WCE WAFL,2026,M,2.22,2.41,2.15,2.22,1.85,1.88,2.17,3.09,3.0,2.21,1.62,2.83,2.31,2.17,1.84,2.47,2.54,1.32,3.93,2.88
West Coast,21,Cooper Duff-Tytler,2007-08-22,201.0,ForwardRuck,6,18yr 7mth,Calder Cannons,2028.0,Unknown,2025.0,National,1.0,4.0,,,,,,,,,,,,,,,,,,,,,,,,,
West Coast,14,Liam Duggan,1996-12-11,186.0,Defender,206,29yr 4mth,Western Jets,2028.0,Unrestricted Free Agent,2014.0,National,1.0,11.0,2.48,L.Duggan 11/12/1996,WCFC,2026,GD,2.64,2.53,2.18,2.43,2.23,2.77,2.87,2.64,2.46,2.4,2.1,3.11,2.46,1.79,2.3,2.48,2.43,2.27,2.63,2.44
West Coast,1,Willem Duursma,2007-06-21,193.0,Midfield,6,18yr 9mth,Gippsland Power,2028.0,Unknown,2025.0,National,1.0,1.0,,,,,,,,,,,,,,,,,,,,,,,,,
West Coast,42,Harry Edwards,2000-10-01,200.0,Defender,56,25yr 6mth,Swan Districts,2027.0,Restricted Free Agent,2018.0,Rookie,1.0,18.0,2.7,H.Edwards 1/10/2000,WCFC,2025,KD,2.24,2.4,2.95,2.89,1.95,2.6,2.99,1.64,2.41,2.44,1.96,2.59,2.28,3.31,3.0,2.35,2.35,2.26,2.65,3.37
West Coast,25,Matthew Flynn,1997-09-13,202.0,Ruck,59,28yr 7mth,Narrandera,2026.0,Unrestricted Free Agent,2015.0,National,3.0,41.0,2.22,M.Flynn 13/9/1997,WCFC,2026,R,2.41,2.25,1.99,2.53,2.4,2.09,3.07,2.23,2.55,1.92,2.36,2.19,1.27,1.89,1.61,2.47,3.24,3.15,2.15,1.89
West Coast,7,Reuben Ginbey,2004-09-10,191.0,Defender,69,21yr 7mth,East Perth,2027.0,Non-Free Agent,2022.0,National,1.0,9.0,2.66,R.Ginbey 10/9/2004,WCFC,2026,KD,2.75,2.53,2.15,3.09,3.04,2.87,2.64,2.47,2.64,2.58,2.02,2.42,2.05,1.61,2.84,2.37,2.57,2.7,3.44,3.12
West Coast,17,Jack Graham,1998-02-25,181.0,MidfieldForward,154,28yr 1mth,North Adelaide,2028.0,Non-Free Agent,2016.0,National,3.0,53.0,2.34,J.Graham 25/2/1998,WCFC,2026,M,2.19,2.24,1.77,3.19,2.09,2.74,2.25,1.75,2.08,2.53,2.1,2.05,1.85,1.79,1.56,2.42,3.91,3.16,1.71,1.93
West Coast,31,Lucca Grego,2006-08-15,184.0,Defender,1,19yr 8mth,Western Jets,2027.0,Non-Free Agent,2024.0,National,3.0,48.0,,,,,,,,,,,,,,,,,,,,,,,,,
West Coast,27,Tom Gross,2006-09-15,181.0,MidfieldForward,8,19yr 7mth,Oakleigh Chargers,2027.0,Non-Free Agent,2024.0,National,3.0,46.0,2.82,T.Gross 15/9/2006,WCE WAFL,2026,M,2.62,2.75,3.53,2.74,2.71,2.91,2.03,2.55,2.35,2.58,3.26,3.05,2.29,3.92,4.82,2.47,2.98,2.57,2.74,2.48
West Coast,29,Clay Hall,2005-05-12,190.0,Midfield,16,20yr 11mth,Peel Thunder,2026.0,Non-Free Agent,2023.0,National,2.0,38.0,2.64,C.Hall 12/5/2005,WCE WAFL,2026,M,2.48,2.6,2.56,3.04,2.4,2.23,2.05,3.11,2.81,2.1,3.07,2.74,3.01,2.08,2.84,2.47,4.6,2.05,1.81,2.02
West Coast,8,Elijah Hewett,2004-05-27,186.0,Midfield,36,21yr 10mth,Swan Districts,2026.0,Non-Free Agent,2022.0,National,1.0,14.0,2.16,E.Hewett 27/5/2004,WCFC,2026,GF,1.92,1.54,2.99,2.97,1.94,1.92,2.56,1.75,1.94,1.76,1.18,1.5,2.54,3.79,1.96,2.44,3.22,3.34,2.34,1.79
West Coast,19,Brady Hough,2003-03-05,191.0,DefenderMidfield,81,23yr 1mth,Peel Thunder,2028.0,Non-Free Agent,2021.0,National,2.0,31.0,2.1,B.Hough 5/3/2003,WCFC,2026,GD,1.82,2.02,2.71,2.14,2.08,1.39,1.79,2.03,1.76,2.2,2.1,2.13,3.77,2.42,1.81,2.48,2.52,2.34,1.14,2.61
West Coast,44,Jack Hutchinson,2001-11-10,190.0,Midfield,23,24yr 5mth,Collingwood VFL,2029.0,Non-Free Agent,2024.0,Mid-Season,1.0,3.0,2.26,J.Hutchinson 10/11/2001,WCFC,2025,W,2.05,2.07,2.58,2.66,2.44,2.08,2.27,1.79,1.43,2.02,1.51,2.56,3.11,2.15,1.97,2.54,2.67,3.26,1.64,3.26
West Coast,24,Harvey Johnston,2005-08-18,185.0,Defender,6,20yr 8mth,Sandringham Dragons,2026.0,Non-Free Agent,2023.0,National,3.0,49.0,2.96,H.Johnston 18/8/2005,WCE WAFL,2026,GD,2.96,3.2,3.11,2.53,3.97,2.68,3.43,2.7,3.34,2.82,5.0,2.61,4.15,3.08,1.93,2.44,2.26,3.87,1.29,2.42
West Coast,11,Tim Kelly,1994-07-26,184.0,MidfieldForward,169,31yr 8mth,South Fremantle,2027.0,Restricted Free Agent,2017.0,National,2.0,24.0,2.57,T.Kelly 26/7/1994,WCFC,2026,M,2.9,2.3,2.68,2.31,2.58,2.39,3.91,3.25,2.45,2.26,1.69,2.8,2.25,1.91,5.0,2.42,2.25,1.88,4.55,2.05
West Coast,5,Josh Lindsay,2007-04-07,183.0,Defender,5,19yr,Geelong Falcons,2028.0,Unknown,2025.0,National,1.0,19.0,,,,,,,,,,,,,,,,,,,,,,,,,
West Coast,13,Noah Long,2004-08-23,179.0,Forward,36,21yr 7mth,Bendigo Pioneeers,2026.0,Non-Free Agent,2022.0,National,5.0,58.0,2.03,N.Long 23/8/2004,WCFC,2025,GF,1.98,2.1,1.86,2.18,2.41,1.52,1.87,2.14,2.75,2.08,1.75,2.34,1.93,1.87,1.73,2.46,2.33,2.36,1.82,1.61
West Coast,45,Finlay Macrae,2002-03-13,188.0,MidfieldForward,21,24yr 1mth,Oakleigh Chargers,2026.0,Unrestricted Free Agent,2020.0,National,1.0,19.0,2.57,F.Macrae 13/3/2002,WCE WAFL,2026,M,2.98,2.17,2.29,2.63,3.68,2.73,2.28,2.68,2.7,1.65,1.95,2.64,2.13,2.17,2.84,2.47,2.54,2.97,2.12,2.17
West Coast,23,Ryan Maric,2004-09-06,196.0,Defender,52,21yr 7mth,Gippsland Power,2026.0,Non-Free Agent,2023.0,Mid-Season,1.0,1.0,2.34,R.Maric 6/9/2004,WCE WAFL,2026,GD,1.96,3.09,2.25,1.73,1.96,1.1,1.81,2.56,2.77,3.6,3.65,2.48,2.27,1.78,2.8,2.44,1.79,2.0,0.97,2.2
West Coast,18,Tom McCarthy,2000-07-12,188.0,Defender,16,25yr 9mth,Richmond VFL,2028.0,Non-Free Agent,2025.0,Mid-Season,1.0,1.0,2.72,T.McCarthy 12/7/2000,WCFC,2026,GD,2.84,2.42,3.52,2.52,4.12,2.78,2.86,2.46,1.81,2.8,2.37,2.87,2.76,3.92,3.94,2.48,2.97,2.84,2.21,1.87
West Coast,47,Milan Murdock,2000-06-30,180.0,Midfield,3,25yr 9mth,East Fremantle,2026.0,Unknown,,,,,3.33,M.Murdock 30/6/2000,WCFC,2026,GF,4.27,3.02,1.64,4.39,5.0,4.99,3.69,3.31,3.49,2.8,3.22,2.6,1.17,1.86,1.96,2.44,4.59,4.99,5.0,1.79
West Coast,46,Jacob Newton,2006-03-20,179.0,Forward,5,20yr 1mth,Norwood,2026.0,Non-Free Agent,2025.0,Mid-Season,1.0,9.0,1.94,J.Newton 20/3/2006,WCFC,2026,GF,2.12,1.57,2.03,2.32,2.87,2.68,2.85,1.15,2.17,1.17,1.78,1.37,1.17,1.92,3.77,2.44,2.26,2.66,1.93,1.79
West Coast,16,Matt Owies,1997-03-19,179.0,Forward,90,29yr 1mth,St Kevins,2027.0,Non-Free Agent,,,,,2.1,M.Owies 19/3/1997,WCFC,2026,GF,1.64,1.95,2.23,3.23,1.38,1.64,2.79,1.48,2.06,1.98,1.83,2.08,2.77,1.92,1.96,2.44,3.44,3.46,3.68,1.79
West Coast,22,Archer Reid,2005-09-19,203.0,Forward,20,20yr 7mth,Gippsland Power,2027.0,Non-Free Agent,2023.0,National,2.0,30.0,2.08,A.Reid 19/9/2005,WCFC,2026,KF,2.33,1.54,2.5,2.07,3.14,1.94,2.99,1.66,2.62,1.69,1.17,1.84,1.94,2.49,1.82,3.49,1.98,2.19,1.39,2.5
West Coast,9,Harley Reid,2005-04-17,187.0,Midfield,45,21yr,Bendigo Pioneers,2028.0,Non-Free Agent,2023.0,National,1.0,1.0,2.4,H.Reid 17/4/2005,WCFC,2026,M,2.79,2.48,2.14,1.78,2.7,3.14,3.07,2.39,2.2,2.59,2.68,2.43,1.84,2.64,1.56,2.42,2.03,1.36,1.35,2.91
West Coast,40,Deven Robertson,2001-06-30,185.0,MidfieldForward,51,24yr 9mth,Perth,2026.0,Unrestricted Free Agent,2019.0,National,1.0,22.0,2.36,D.Robertson 30/6/2001,WCFC,2026,M,2.58,1.99,1.8,2.98,2.2,2.83,3.48,2.32,2.69,1.72,1.38,2.18,1.79,1.91,1.56,2.42,2.98,3.17,2.41,2.79
West Coast,39,Fred Rodriguez,2000-01-01,,Forward,0,26yr 3mth,South Fremantle,2026.0,Unknown,2025.0,Rookie,1.0,1.0,,,,,,,,,,,,,,,,,,,,,,,,,
West Coast,48,Harry Schoenberg,2001-02-21,180.0,MidfieldForward,66,25yr 1mth,Woodville West Torrens,2026.0,Unrestricted Free Agent,2024.0,Rookie,1.0,3.0,2.28,H.Schoenberg 21/2/2001,WCFC,2026,GF,2.6,2.21,1.92,2.28,2.89,2.5,2.33,2.6,3.02,2.67,1.59,1.79,1.89,1.92,1.96,2.44,2.43,2.48,1.75,1.79
West Coast,35,Jobe Shanahan,2006-08-02,195.0,Forward,15,19yr 8mth,Bendigo Pioneers,2028.0,Non-Free Agent,2024.0,National,2.0,30.0,2.54,J.Shanahan 2/8/2006,WCFC,2026,KF,2.4,2.29,2.99,2.42,1.81,2.67,2.24,2.71,2.05,3.31,1.87,2.15,2.66,2.89,5.0,1.97,1.95,1.75,5.0,2.0
West Coast,4,Brandon Starcevich,1999-07-24,188.0,Defender,132,26yr 8mth,East Perth,2031.0,Non-Free Agent,2017.0,National,1.0,18.0,2.16,B.Starcevich 24/7/1999,BFC,2025,GD,1.9,2.01,2.32,2.55,1.76,2.04,3.19,1.56,1.76,2.27,2.16,1.93,2.43,2.52,1.96,2.46,2.35,2.26,2.76,2.95
West Coast,2,Jake Waterman,1998-05-06,192.0,Forward,118,27yr 11mth,Claremont,2029.0,Unrestricted Free Agent,2016.0,National,6.0,77.0,2.76,J.Waterman 6/5/1998,WCFC,2026,KF,2.52,3.13,2.8,1.94,1.81,2.72,2.09,3.21,2.36,3.4,3.12,3.24,4.0,2.76,2.28,1.96,1.95,1.88,2.25,1.8
West Coast,32,Bailey J. Williams,2000-04-17,201.0,ForwardRuck,90,26yr,Dandenong Stingrays,,,,,,,2.89,B.Williams 10/10/1997,WBFC,2026,W,2.76,3.07,2.83,2.83,2.39,2.77,3.0,2.88,3.64,3.3,2.98,2.79,3.7,1.79,2.09,2.5,2.69,3.5,2.89,2.42
West Coast,34,Jack Williams,2003-12-01,198.0,Forward,42,22yr 4mth,East Fremantle,2026.0,Non-Free Agent,2021.0,National,4.0,57.0,2.99,J.Williams 1/12/2003,WCE WAFL,2026,KF,3.24,2.71,3.21,2.66,3.55,3.72,2.47,2.72,3.97,3.22,2.42,1.98,2.34,3.83,4.6,2.38,1.7,2.59,4.24,3.06
West Coast,36,Tylah Williams,2007-02-22,176.0,MidfieldForward,0,19yr 1mth,Swan Districts,2027.0,Unknown,2025.0,National,3.0,39.0,,,,,,,,,,,,,,,,,,,,,,,,,
West Coast,6,Elliot Yeo,1993-10-01,191.0,MidfieldForward,216,32yr 6mth,East Fremantle,2027.0,Unrestricted Free Agent,,,,,2.19,E.Yeo 1/10/1993,WCFC,2026,M,2.26,2.11,1.58,2.67,2.57,2.65,1.96,1.6,0.99,1.92,3.98,1.97,1.26,1.84,1.56,2.42,2.77,2.75,1.37,3.21
West Coast,20,Tylar Young,1998-09-05,196.0,Defender,41,27yr 7mth,Richmond VFL,2028.0,Non-Free Agent,2022.0,Rookie,2.0,26.0,2.0,T.Young 5/9/1998,WCFC,2026,KD,2.11,2.38,1.79,1.94,1.76,2.2,2.18,2.22,2.04,2.85,2.02,2.2,1.97,1.73,1.73,2.36,1.73,1.89,2.15,1.86
Western Bulldogs,13,Oskar Baker,1998-05-25,184.0,DefenderMidfieldForward,54,27yr 10mth,Aspley,2026.0,Unrestricted Free Agent,2017.0,National,3.0,48.0,,,,,,,,,,,,,,,,,,,,,,,,,
Western Bulldogs,4,Marcus Bontempelli,1995-11-24,194.0,Midfield,264,30yr 4mth,Northern Knights,2029.0,Unrestricted Free Agent,2013.0,National,1.0,4.0,,,,,,,,,,,,,,,,,,,,,,,,,
Western Bulldogs,29,Lachlan Bramble,1998-04-19,182.0,DefenderForward,83,28yr,Box Hill,2026.0,Unrestricted Free Agent,,,,,,,,,,,,,,,,,,,,,,,,,,,,,
Western Bulldogs,19,Connor Budarick,2001-04-06,175.0,DefenderForward,60,25yr,Gold Coast Suns Academy,2028.0,Non-Free Agent,2019.0,Rookie,2.0,16.0,,,,,,,,,,,,,,,,,,,,,,,,,
Western Bulldogs,5,Jedd Busslinger,2004-03-11,198.0,Defender,7,22yr 1mth,East Perth,2026.0,Non-Free Agent,2022.0,National,1.0,13.0,,,,,,,,,,,,,,,,,,,,,,,,,
Western Bulldogs,2,Lachlan Carmichael,2007-08-27,184.0,DefenderMidfield,0,18yr 7mth,Sydney Swans Academy,2027.0,Unknown,2025.0,National,1.0,21.0,,,,,,,,,,,,,,,,,,,,,,,,,
Western Bulldogs,36,Luke Cleary,2002-03-05,191.0,Defender,23,24yr 1mth,Sandringham Dragons,2027.0,Non-Free Agent,2021.0,National,4.0,61.0,,,,,,,,,,,,,,,,,,,,,,,,,
Western Bulldogs,17,Nicholas Coffield,1999-10-23,191.0,Defender,64,26yr 5mth,Northern Knights,2026.0,Non-Free Agent,2017.0,National,1.0,8.0,3.31,N.Coffield 23/10/1999,FTS VFL,2026,GD,2.99,3.47,4.3,2.82,1.63,2.68,2.03,3.87,3.83,3.45,2.34,3.42,4.32,4.35,4.23,2.5,1.71,1.89,4.73,3.22
Western Bulldogs,16,Jordan Croft,2005-05-12,201.0,Forward,7,20yr 11mth,Calder Cannons,2029.0,Non-Free Agent,2023.0,National,1.0,15.0,2.2,J.Croft 12/5/2005,WBFC,2026,KF,2.59,1.86,2.16,2.5,3.5,1.99,3.12,2.22,2.86,1.99,1.5,2.16,1.19,1.7,2.93,3.32,2.44,1.93,4.26,2.28
Western Bulldogs,31,Bailey Dale,1996-07-22,188.0,Defender,184,29yr 8mth,Dandenong Stingrays,2029.0,Unrestricted Free Agent,2014.0,National,3.0,45.0,2.41,B.Dale 22/7/1996,WBFC,2026,GD,2.22,2.65,2.52,2.19,2.08,1.82,2.33,2.5,2.31,3.12,2.37,2.53,1.79,2.85,3.0,2.48,1.9,2.11,2.31,2.51
Western Bulldogs,10,Sam Darcy,2003-07-19,208.0,Forward,51,22yr 9mth,Oakleigh Chargers,2029.0,Restricted Free Agent,2021.0,National,1.0,2.0,2.98,S.Darcy 19/7/2003,WBFC,2026,KF,3.62,2.74,2.84,2.61,4.68,4.52,2.57,1.92,2.34,2.66,2.97,2.42,2.02,3.2,1.82,3.78,2.98,2.37,1.55,3.3
Western Bulldogs,15,Will Darcy,2007-03-14,196.0,DefenderForward,0,19yr 1mth,Oakleigh Chargers,2027.0,Unknown,2025.0,National,8.0,60.0,,,,,,,,,,,,,,,,,,,,,,,,,
Western Bulldogs,42,Sam Davidson,2001-12-13,190.0,MidfieldForward,25,24yr 4mth,Richmond,2028.0,Non-Free Agent,2024.0,National,3.0,51.0,2.05,S.Davidson 13/12/2001,WBFC,2026,W,1.73,2.12,2.22,2.28,1.47,1.71,3.56,1.42,1.0,2.53,2.36,1.97,2.36,2.37,1.89,2.5,2.29,2.7,1.9,2.37
Western Bulldogs,26,Josh Dolan,2006-11-11,177.0,Forward,13,19yr 5mth,Sandringham Dragons,2028.0,Non-Free Agent,2024.0,National,2.0,31.0,2.26,J.Dolan 11/11/2006,WBFC,2026,GF,2.36,2.71,2.0,1.36,1.38,1.97,1.7,3.31,2.98,2.37,2.75,3.17,2.12,1.92,1.96,2.44,1.48,1.25,0.73,1.79
Western Bulldogs,25,Louis Emmett,2007-03-23,200.0,Ruck,2,19yr,Oakleigh Chargers,2027.0,Unknown,2025.0,National,2.0,27.0,,,,,,,,,,,,,,,,,,,,,,,,,
Western Bulldogs,44,Timothy English,1997-08-10,208.0,Ruck,158,28yr 8mth,South Fremantle,2029.0,Unrestricted Free Agent,2016.0,National,1.0,19.0,3.06,T.English 10/8/1997,WBFC,2026,R,2.62,3.2,3.2,3.01,2.2,2.72,1.95,3.57,2.74,3.78,2.77,3.51,3.92,2.88,3.3,3.16,2.04,2.31,3.33,3.89
Western Bulldogs,27,Joel Freijah,2005-11-14,191.0,MidfieldForward,42,20yr 5mth,Greater Western Victoria Rebels,2029.0,Non-Free Agent,2023.0,National,3.0,45.0,2.28,J.Freijah 14/11/2005,WBFC,2026,M,2.12,2.55,2.27,2.17,1.81,1.73,2.67,2.61,2.77,2.31,2.78,2.48,2.54,1.91,2.6,2.42,2.04,1.88,2.79,3.21
Western Bulldogs,12,Harvey Gallagher,2003-09-26,181.0,Defender,26,22yr 6mth,Bendigo Pioneers,2026.0,Non-Free Agent,2022.0,National,3.0,39.0,2.36,H.Gallagher 26/9/2003,FTS VFL,2026,M,1.94,2.26,4.22,1.86,1.67,1.49,2.71,2.31,1.72,2.93,1.7,2.32,3.97,4.5,4.02,2.49,1.53,1.6,2.5,3.51
Western Bulldogs,38,Riley Garcia,2001-01-30,178.0,MidfieldForward,39,25yr 2mth,Swan Districts,2027.0,Restricted Free Agent,2019.0,National,4.0,62.0,2.13,R.Garcia 30/1/2001,WBFC,2025,M,2.16,2.24,1.7,2.23,2.06,2.25,3.1,1.66,2.39,2.35,2.14,1.94,1.4,1.82,1.98,2.41,2.38,2.49,1.29,1.53
Western Bulldogs,43,Ryan Gardner,1997-06-01,197.0,Defender,54,28yr 10mth,Burnie Dockers,2026.0,Unrestricted Free Agent,2015.0,National,4.0,59.0,2.96,R.Gardner 1/6/1997,FTS VFL,2026,KD,2.91,2.97,3.23,2.76,4.55,2.67,1.88,2.62,3.32,2.84,2.15,2.87,3.04,3.0,3.65,2.34,2.29,2.01,2.5,3.29
Western Bulldogs,22,James Harmes,1995-10-05,186.0,Midfield,174,30yr 6mth,Dandenong Stingrays,2026.0,Non-Free Agent,2013.0,Rookie,1.0,2.0,2.79,J.Harmes 5/10/1995,WBFC,2025,W,3.17,2.54,2.77,2.66,2.35,2.94,2.84,3.84,3.47,2.18,3.61,2.04,2.27,3.16,3.36,2.54,2.78,2.43,3.24,2.15
Western Bulldogs,6,Cooper Hynes,2006-02-28,190.0,Forward,13,20yr 1mth,Dandenong Stingrays,2027.0,Non-Free Agent,2024.0,National,1.0,20.0,2.35,C.Hynes 28/2/2006,WBFC,2026,GF,2.61,2.09,2.07,2.78,3.0,2.49,2.12,2.64,3.04,1.91,1.78,2.26,1.81,1.85,3.05,2.44,3.12,2.84,2.65,1.92
Western Bulldogs,11,Lachie Jaques,2006-06-01,184.0,Defender,5,19yr 10mth,Geelong Falcons,2028.0,Non-Free Agent,2024.0,National,2.0,29.0,2.43,L.Jaques 1/6/2006,WBFC,2026,GD,2.37,2.31,2.2,2.81,2.19,2.33,2.04,2.52,2.01,2.3,2.49,2.74,2.77,1.82,1.97,2.48,3.42,3.45,2.07,2.01
Western Bulldogs,32,Arthur Jones,2003-07-18,180.0,MidfieldForward,20,22yr 9mth,Claremont,2026.0,Non-Free Agent,2021.0,National,3.0,43.0,2.4,A.Jones 18/7/2003,WBFC,2026,GF,1.59,2.87,3.04,2.09,1.38,1.6,1.57,1.69,3.21,2.43,3.4,2.33,2.7,3.79,1.96,2.44,2.31,2.34,0.73,1.79
Western Bulldogs,35,Luke Kennedy,2006-10-11,181.0,Midfield,0,19yr 6mth,Sandringham Dragons,2026.0,Non-Free Agent,2024.0,National,4.0,62.0,2.31,L.Kennedy 11/10/2006,FTS VFL,2026,M,2.16,2.28,2.44,2.5,2.18,2.08,2.18,2.22,1.66,2.7,2.31,2.27,1.75,3.31,1.69,2.49,2.36,2.71,2.5,2.24
Western Bulldogs,8,Matthew Kennedy,1997-04-06,188.0,Midfield,147,29yr,Collingullie Ashmont Kapooka,2027.0,Unrestricted Free Agent,2015.0,National,1.0,13.0,3.04,M.Kennedy 6/4/1997,WBFC,2026,M,3.7,2.82,2.29,2.78,4.7,3.47,2.4,3.31,3.89,2.38,2.32,2.77,2.73,1.81,2.6,2.42,3.03,2.98,1.46,2.32
Western Bulldogs,24,Buku Khamis,2000-03-24,191.0,DefenderForward,47,26yr,Western Jets,2026.0,Restricted Free Agent,,,,,2.2,B.Khamis 24/3/2000,WBFC,2026,KD,1.92,2.41,1.97,2.47,2.25,1.54,1.9,2.17,2.76,2.27,2.02,2.0,2.32,1.47,2.3,2.36,2.57,2.8,2.06,2.61
Western Bulldogs,28,Will Lewis,1999-05-05,194.0,Forward,2,26yr 11mth,Footscray VFL,2026.0,Unknown,,,,,1.93,W.Lewis 5/5/1999,WBFC,2026,KF,2.25,1.74,1.83,2.1,2.51,2.05,2.77,1.95,1.34,2.37,1.14,2.95,1.26,1.08,3.2,2.64,2.58,1.69,1.9,2.25
Western Bulldogs,21,Thomas Liberatore,1992-05-16,184.0,Midfield,261,33yr 11mth,Calder Cannons,2026.0,Unrestricted Free Agent,2010.0,National,2.0,41.0,2.63,T.Liberatore 16/5/1992,WBFC,2026,M,2.64,2.63,2.11,3.02,2.93,2.43,1.82,2.92,2.46,2.85,1.98,3.11,2.34,1.84,2.33,2.42,2.99,3.13,2.53,3.19
Western Bulldogs,7,Rory Lobb,1993-02-09,207.0,Defender,205,33yr 2mth,Swan Districts,2027.0,Non-Free Agent,2013.0,National,2.0,29.0,2.26,R.Lobb 9/2/1993,WBFC,2026,KD,1.81,2.17,2.46,2.39,2.23,1.54,1.31,2.09,1.54,2.49,2.54,3.05,2.42,2.56,2.38,3.77,2.18,1.99,1.77,2.99
Western Bulldogs,30,Lachlan McNeil,2001-09-02,184.0,Forward,76,24yr 7mth,Woodville-West Torrens,2026.0,Unrestricted Free Agent,2023.0,Rookie,1.0,10.0,3.06,L.McNeil 2/9/2001,FTS VFL,2026,GF,3.39,3.15,2.8,2.54,3.25,3.43,2.1,3.75,4.22,2.87,2.69,3.83,2.45,2.55,3.98,2.48,1.74,3.2,2.5,2.65
Western Bulldogs,33,Aaron Naughton,1999-11-30,196.0,Forward,172,26yr 4mth,Peel Thunder,2032.0,Unrestricted Free Agent,2017.0,National,1.0,9.0,2.77,A.Naughton 30/11/1999,WBFC,2026,KF,2.35,3.36,2.63,2.22,1.88,2.56,2.45,2.48,2.51,2.96,3.98,2.54,3.34,2.73,1.82,2.25,2.55,2.61,1.33,1.68
Western Bulldogs,18,James O'Donnell,2002-08-31,197.0,Defender,54,23yr 7mth,Cricket,2027.0,Non-Free Agent,,,,,2.4,J.O'Donnell 31/8/2002,WBFC,2026,KD,2.09,2.27,1.88,3.09,1.76,2.11,2.42,2.13,2.16,2.43,2.02,2.31,1.7,1.81,2.09,2.24,2.85,2.86,2.49,3.61
Western Bulldogs,20,Ed Richards,1999-07-03,188.0,Midfield,153,26yr 9mth,Oakleigh Chargers,2030.0,Unrestricted Free Agent,2017.0,National,1.0,16.0,2.88,E.Richards 3/7/1999,WBFC,2026,M,2.96,3.09,2.14,2.98,3.19,2.65,2.65,3.14,2.92,3.1,2.28,4.1,2.76,1.91,1.56,2.42,3.29,3.42,1.17,1.82
Western Bulldogs,9,Ryley Sanders,2005-01-21,186.0,MidfieldForward,40,21yr 2mth,Sandringham Dragons,2028.0,Non-Free Agent,2023.0,National,1.0,6.0,2.57,R.Sanders 21/1/2005,WBFC,2026,M,2.98,2.52,1.89,2.42,3.05,3.07,2.23,3.24,4.2,2.17,1.56,2.0,2.13,1.85,1.56,2.42,2.31,2.43,3.23,1.93
Western Bulldogs,37,Michael Sellwood,2003-10-02,186.0,Defender,6,22yr 6mth,Peel Thunder,2026.0,Non-Free Agent,2025.0,Mid-Season,1.0,5.0,2.41,M.Sellwood 2/10/2003,WBFC,2026,GD,2.08,1.77,3.07,3.25,1.84,2.77,2.82,1.53,1.4,2.02,1.83,1.94,2.52,3.68,2.99,2.48,3.34,2.91,4.0,2.7
Western Bulldogs,40,Lachlan Smith,2005-10-05,203.0,Ruck,0,20yr 6mth,Gippsland Power,2026.0,Non-Free Agent,2011.0,Rookie,1.0,17.0,2.42,L.Smith 5/10/2005,FTS VFL,2026,R,2.55,2.67,2.19,2.43,2.52,2.53,2.3,2.79,2.94,2.45,2.77,2.53,1.68,1.82,2.33,2.46,2.81,3.14,2.5,1.65
Western Bulldogs,1,Adam Treloar,1993-03-09,185.0,MidfieldForward,258,33yr 1mth,Aspendale,2026.0,Non-Free Agent,,,,,3.01,A.Treloar 9/3/1993,FTS VFL,2026,M,3.45,3.11,2.7,2.34,3.87,3.21,1.79,4.09,4.97,2.04,2.12,3.66,3.35,2.12,2.9,2.49,1.53,3.15,2.5,2.19
Western Bulldogs,23,Laitham Vandermeer,1999-02-03,182.0,Forward,87,27yr 2mth,Murray Bushrangers,2028.0,Unrestricted Free Agent,2018.0,National,2.0,37.0,2.45,L.Vandermeer 3/2/1999,WBFC,2025,GF,2.39,2.6,2.51,2.11,1.73,2.66,2.25,2.56,3.05,2.54,2.46,2.64,3.18,2.17,2.12,2.46,2.16,2.08,1.85,2.24
Western Bulldogs,41,Zac Walker,2006-03-03,191.0,Defender,0,20yr 1mth,Gippsland,2026.0,Non-Free Agent,2025.0,Mid-Season,1.0,12.0,1.98,Z.Walker 3/3/2006,FTS VFL,2025,KD,2.24,2.19,2.17,1.59,2.68,2.15,2.18,2.07,1.73,1.96,4.76,2.4,2.61,2.47,1.51,2.44,2.98,1.99,1.05,1.51
Western Bulldogs,3,Cody Weightman,2001-01-15,179.0,Forward,76,25yr 3mth,Dandenong Stingrays,2027.0,Restricted Free Agent,2019.0,National,1.0,15.0,2.62,C.Weightman 15/1/2001,WBFC,2024,GF,2.4,2.74,2.46,3.02,2.19,2.82,2.9,2.07,1.99,2.21,3.77,2.34,2.55,2.23,2.81,2.44,3.14,3.29,2.52,2.34
Western Bulldogs,14,Rhylee West,2000-07-12,183.0,Forward,87,25yr 9mth,Calder Cannons,2030.0,Unrestricted Free Agent,2018.0,National,2.0,26.0,2.62,R.West 12/7/2000,WBFC,2026,GF,3.09,2.52,1.98,2.73,3.03,3.58,2.67,2.86,3.99,2.75,1.63,2.61,2.1,1.89,1.96,2.44,2.79,2.87,3.18,1.94
Western Bulldogs,34,Bailey Williams,1997-10-10,190.0,DefenderMidfield,180,28yr 6mth,Glenelg,2027.0,Unrestricted Free Agent,2018.0,National,2.0,35.0,2.89,B.Williams 10/10/1997,WBFC,2026,W,2.76,3.07,2.83,2.83,2.39,2.77,3.0,2.88,3.64,3.3,2.98,2.79,3.7,1.79,2.09,2.5,2.69,3.5,2.89,2.42
