Player,Team,Age,Age_Decimal,Matches,RatingPoints_Avg,Supercoach_Avg,DreamTeamPoints_Avg,CoachesVotes_Total,CoachesVotes_Avg,CoachesVotes_MatchesPolled,BnFVotes_Total,TimeOnGround,Kicks,Handballs,Disposals,DisposalEfficiency,KickingEfficiency,HandballEfficiency,KickPercentage,Inside50s,Rebound50s,MetresGained,MetresGainedPerDisposal,Clangers,DisposalsPerClanger,Turnovers,DisposalsPerTurnover,ContestedPossessions,UncontestedPossessions,TotalPossessions,ContestedPossessionRate,Intercepts,GroundBallGets,GroundBallGetsForward50,CentreClearances,StoppageClearances,TotalClearances,Marks,ContestedMarks,MarksInside50,InterceptMarks,MarksOnLead,FreesFor,FreesAgainst,FreesDiff,RuckContests,RuckContestPercentage,Hitouts,HitoutsWinPercentage,HitoutsToAdvantage,HitoutsToAdvantagePercentage,Tackles,TacklesInside50,ContestDefensiveOneOnOnes,ContestDefensiveLossPercentage,ContestOffensiveOneOnOnes,ContestOffensiveWinPercentage,Goals_Total,Goals_Avg,Behinds,ShotsAtGoal,GoalAssists,GoalAccuracy,ScoreInvolvements,ScoreInvolvementPercentage,ScoreLaunches,Bounces,OnePercenters,PressureActs,PressureActsDefensiveHalf,Spoils
Luke Ball,Collingwood,30,30.6,17,8.976,73.706,78.588,4,0.235,1,0,72.059,9.176,9.0,18.176,63.754,45.324,81.679,50.485,2.294,1.118,197.467,10.97,2.176,8.351,3.533,5.094,7.529,10.588,18.118,41.558,2.333,5.267,0.933,1.176,2.059,3.235,4.059,0.294,0.647,0.2,0.133,1.0,0.706,0.294,0.0,0.0,0.176,,0.0,0.0,4.882,0.533,0.133,0.0,0.4,0.0,6,0.353,0.176,0.867,0.471,38.462,4.267,18.444,0.733,0.059,2.0,14.6,5.8,0.267
Dane Swan,Collingwood,30,30.84,17,10.588,86.412,93.706,13,0.765,2,5,81.647,14.353,10.588,24.941,63.208,49.767,76.774,57.547,3.471,2.235,349.667,14.176,3.235,7.709,4.533,5.441,8.824,15.176,24.0,36.765,2.867,6.733,1.6,1.471,1.706,3.176,4.647,0.353,0.647,0.267,0.4,0.647,0.412,0.235,0.0,0.0,0.0,,0.0,,2.882,0.667,0.067,100.0,0.8,33.333,11,0.647,0.706,1.867,0.353,35.714,5.733,24.157,1.467,0.824,1.176,13.6,5.667,0.533
Nick Maxwell,Collingwood,31,31.57,10,9.34,69.5,58.8,5,0.5,2,0,81.4,7.8,5.7,13.5,77.037,75.362,80.435,57.778,0.9,2.5,168.222,13.165,1.6,8.438,2.0,6.389,5.1,7.8,12.9,39.535,6.778,3.667,0.111,0.1,0.4,0.5,4.4,0.2,0.0,1.889,0.0,1.1,0.5,0.6,0.0,0.0,0.0,,0.0,,2.8,0.0,2.667,20.833,0.0,,0,0.0,0.0,0.0,0.3,,2.111,8.597,1.333,0.4,5.6,7.889,6.111,3.889
Heritier Lumumba,Collingwood,28,28.12,21,10.948,77.571,71.048,23,1.095,5,0,90.19,10.571,9.429,20.0,78.333,70.388,87.006,52.857,2.952,3.0,380.947,18.898,2.857,7.0,3.737,5.394,5.952,14.19,20.143,29.551,3.526,5.105,0.368,0.381,1.333,1.714,3.905,0.143,0.095,0.474,0.053,0.524,1.143,-0.619,0.0,0.0,0.095,,0.0,0.0,2.619,0.158,1.0,47.368,0.263,20.0,3,0.143,0.238,0.474,0.238,33.333,4.263,18.161,0.684,1.19,1.571,11.316,6.211,1.053
Travis Cloke,Collingwood,27,27.82,20,7.95,72.55,72.7,29,1.45,6,4,93.3,9.35,2.9,12.25,61.633,54.545,84.211,76.327,3.05,0.0,263.833,20.382,2.1,5.833,3.5,3.698,4.75,7.65,12.4,38.306,0.611,2.278,1.333,0.05,0.0,0.05,6.85,1.6,2.95,0.167,2.833,1.0,0.95,0.05,0.0,0.0,0.15,,0.056,33.333,1.7,0.833,0.056,0.0,5.667,26.471,39,1.95,1.5,4.444,0.65,46.25,6.778,28.372,0.278,0.0,1.35,7.833,0.944,0.722
Alan Toovey,Collingwood,27,27.77,17,6.535,52.588,50.353,2,0.118,1,0,89.471,6.118,5.176,11.294,64.583,55.102,77.215,54.167,0.765,1.882,157.2,13.322,1.941,5.818,2.6,4.538,4.941,6.529,11.471,43.077,4.333,4.533,0.2,0.118,0.353,0.471,2.588,0.176,0.0,0.333,0.0,0.412,0.647,-0.235,0.0,0.0,0.0,,0.0,,3.765,0.0,1.8,18.519,0.133,50.0,1,0.059,0.0,0.067,0.0,100.0,1.667,7.082,0.667,0.118,4.941,13.267,9.933,3.133
Clinton Young,Collingwood,28,28.87,19,9.826,68.053,71.789,11,0.579,2,1,75.737,11.105,5.053,16.158,73.29,72.872,75.0,68.73,3.632,3.105,473.353,29.585,2.105,7.675,4.706,3.4,3.105,12.895,16.0,19.408,2.765,2.529,0.353,0.105,0.474,0.579,5.263,0.158,0.421,0.588,0.176,0.105,0.579,-0.474,0.0,0.0,0.0,,0.0,,2.737,0.235,0.588,40.0,0.176,33.333,9,0.474,0.421,1.118,0.316,42.105,3.941,16.962,1.0,0.474,2.105,13.294,6.882,1.471
Tyson Goldsack,Collingwood,27,27.61,20,8.185,66.0,57.55,1,0.05,1,0,85.25,5.75,5.5,11.25,79.556,77.143,80.583,51.111,1.3,1.35,157.889,13.663,1.3,8.654,2.0,5.778,4.65,6.45,11.1,41.892,3.167,3.389,0.833,0.05,0.1,0.15,3.3,0.4,0.85,0.444,0.333,0.75,0.6,0.15,0.0,0.0,0.0,,0.0,,4.3,1.111,0.889,43.75,0.778,21.429,10,0.5,0.25,0.889,0.4,50.0,3.0,12.796,0.944,0.35,2.9,16.556,5.444,2.111
Nathan Brown,Collingwood,26,26.03,3,5.4,27.333,17.667,0,0.0,0,0,54.0,3.333,2.667,6.0,61.111,40.0,87.5,55.556,0.333,1.667,113.5,12.611,0.667,9.0,1.5,6.0,3.0,3.333,6.333,47.368,4.0,4.0,0.0,0.0,0.333,0.333,0.667,0.333,0.0,0.5,0.0,0.0,0.333,-0.333,0.0,0.0,0.0,,0.0,,0.333,0.0,4.5,33.333,0.0,,0,0.0,0.0,0.0,0.0,,1.5,6.0,1.0,0.0,3.667,5.5,5.5,4.5
Brent Macaffer,Collingwood,26,26.83,21,5.576,53.81,61.762,11,0.524,3,0,83.381,8.429,5.143,13.571,65.614,52.055,86.598,62.105,1.524,1.048,171.0,13.37,2.333,5.816,2.632,4.86,4.714,9.0,13.714,34.375,1.737,3.474,0.421,0.286,1.333,1.619,3.81,0.19,0.333,0.211,0.316,0.524,1.19,-0.667,0.0,0.0,0.048,,0.0,0.0,4.095,0.579,0.474,22.222,0.579,0.0,4,0.19,0.238,0.579,0.238,27.273,3.0,12.667,0.684,0.238,0.952,12.368,6.368,0.526
Dayne Beams,Collingwood,24,24.88,19,15.105,115.526,107.579,51,2.684,8,16,85.737,14.632,12.526,27.158,68.023,57.252,81.818,53.876,4.526,1.789,439.176,15.851,2.737,9.923,4.647,5.962,12.211,15.211,27.421,44.53,2.118,7.882,1.412,1.789,4.263,6.053,3.579,0.368,0.579,0.118,0.294,1.105,0.789,0.316,0.0,0.0,0.0,,0.0,,5.263,0.529,0.294,40.0,0.353,16.667,23,1.211,0.842,2.294,0.579,53.846,7.353,30.713,1.412,0.158,1.263,18.0,8.529,0.471
Martin Clarke,Collingwood,27,27.13,1,7.2,47.0,42.0,0,0.0,0,0,59.0,7.0,6.0,13.0,84.615,71.429,100.0,53.846,0.0,1.0,158.0,12.154,2.0,6.5,1.0,13.0,4.0,8.0,12.0,33.333,1.0,4.0,0.0,0.0,1.0,1.0,4.0,0.0,0.0,0.0,0.0,0.0,1.0,-1.0,0.0,0.0,0.0,,0.0,,0.0,0.0,0.0,,0.0,,0,0.0,0.0,0.0,0.0,,4.0,19.048,0.0,0.0,1.0,17.0,12.0,0.0
Jack Frost,Collingwood,22,22.84,22,6.986,53.318,40.545,11,0.5,3,0,89.227,4.955,3.545,8.5,77.54,77.0,79.221,58.289,0.318,1.818,128.75,14.548,1.682,5.054,1.9,4.658,3.5,5.0,8.5,41.176,4.55,2.5,0.0,0.045,0.045,0.091,3.136,0.364,0.0,0.8,0.0,0.545,0.818,-0.273,0.0,0.0,0.0,,0.0,,2.773,0.05,2.8,23.214,0.05,0.0,0,0.0,0.0,0.0,0.0,,1.2,5.15,0.6,0.182,7.636,9.0,7.1,6.45
Ben Sinclair,Collingwood,23,23.24,5,10.32,61.8,54.2,3,0.6,1,0,82.6,6.8,7.8,14.6,73.973,70.37,72.222,46.575,2.0,1.6,238.0,15.111,2.2,6.636,3.0,5.25,6.0,8.8,14.8,40.541,5.75,6.0,0.5,0.0,0.6,0.6,3.4,0.4,0.0,1.75,0.0,0.4,0.2,0.2,0.0,0.0,0.0,,0.0,,1.4,0.0,1.0,0.0,0.25,0.0,2,0.4,0.2,0.75,0.0,66.667,3.0,13.953,0.75,1.0,1.8,11.0,8.75,1.0
Ben Kennedy,Collingwood,20,20.83,8,7.438,48.625,44.5,0,0.0,0,0,50.375,6.75,5.5,12.25,68.367,55.556,77.778,55.102,2.0,0.875,198.286,17.136,1.5,8.167,2.571,4.5,5.625,6.75,12.375,45.455,1.571,4.429,0.714,0.625,1.25,1.875,1.375,0.25,0.375,0.143,0.0,0.25,0.625,-0.375,0.0,0.0,0.0,,0.0,,1.875,0.429,0.0,,0.143,0.0,4,0.5,0.25,0.857,0.25,66.667,2.429,10.759,0.571,0.25,0.75,7.571,2.571,0.143
Tom Langdon,Collingwood,20,20.56,19,9.379,71.0,68.632,7,0.368,1,1,78.632,10.105,6.474,16.579,76.508,71.351,84.746,60.952,1.789,2.842,275.389,16.36,2.105,7.875,3.333,5.05,5.368,10.632,16.0,33.553,6.444,4.278,0.056,0.0,0.368,0.368,5.632,0.632,0.0,1.889,0.0,0.368,0.632,-0.263,0.0,0.0,0.0,,0.0,,2.474,0.056,2.056,32.432,0.111,50.0,0,0.0,0.105,0.111,0.053,0.0,3.056,12.972,1.167,0.105,3.474,9.722,7.0,2.778
Matthew Pavlich,Fremantle,33,33.0,22,12.432,84.864,73.682,18,0.9,4,0,87.818,9.273,5.591,14.864,70.336,65.196,78.862,62.385,2.818,0.182,223.091,15.009,1.909,7.786,3.045,4.881,7.0,8.091,15.091,46.386,0.727,3.955,1.909,0.227,0.227,0.455,5.591,1.636,2.182,0.136,2.364,0.955,0.773,0.182,0.227,0.242,0.091,40.0,0.045,50.0,1.364,0.818,0.045,0.0,5.455,19.167,46,2.091,1.182,3.909,0.682,53.488,6.682,27.323,0.455,0.364,1.682,7.591,0.909,1.136
Luke McPharlin,Fremantle,33,33.08,13,7.015,69.923,64.769,11,0.846,2,2,90.846,10.154,6.077,16.231,85.308,82.576,89.873,62.559,0.769,3.846,245.077,15.1,2.231,7.276,2.154,7.536,4.0,11.231,15.231,26.263,5.308,2.769,0.077,0.0,0.077,0.077,7.154,0.769,0.0,1.692,0.077,0.385,1.308,-0.923,0.0,0.0,0.077,,0.0,0.0,0.923,0.0,2.615,20.588,0.077,100.0,1,0.077,0.0,0.077,0.077,100.0,2.692,11.589,1.385,0.615,4.231,4.385,3.538,4.0
Aaron Sandilands,Fremantle,32,32.06,23,14.548,108.348,87.043,38,1.81,7,7,80.652,3.261,9.478,12.739,72.696,61.333,76.606,25.597,1.087,0.652,76.739,6.024,1.391,9.156,1.739,7.325,7.348,5.435,12.783,57.483,2.696,3.913,0.565,1.0,1.609,2.609,3.696,1.783,0.565,1.522,0.13,1.0,0.826,0.174,61.565,66.106,38.696,62.853,12.13,31.348,1.913,0.087,0.739,11.765,1.522,37.143,8,0.348,0.261,0.652,0.391,53.333,5.261,21.007,3.826,0.043,2.87,6.87,3.087,2.13
Ryan Crowley,Fremantle,30,30.82,24,5.033,52.542,56.458,10,0.455,4,0,87.833,8.25,6.292,14.542,67.335,59.596,77.483,56.734,1.792,0.833,179.0,12.309,2.333,6.232,2.625,5.54,4.958,9.083,14.042,35.312,1.917,3.583,0.208,0.583,1.208,1.792,3.083,0.292,0.333,0.208,0.208,0.458,1.458,-1.0,0.083,0.089,0.333,100.0,0.083,25.0,2.75,0.292,0.542,23.077,0.625,0.0,9,0.375,0.208,0.708,0.167,52.941,2.75,11.168,0.625,0.042,1.25,9.958,5.167,0.792
Michael Johnson,Fremantle,30,30.19,18,11.7,87.167,77.556,12,0.667,4,3,93.722,13.444,6.278,19.722,76.62,73.554,83.186,68.169,1.667,4.111,407.333,20.654,2.167,9.103,4.333,4.551,5.611,12.611,18.222,30.793,6.556,4.389,0.0,0.056,0.222,0.278,6.111,0.5,0.167,1.667,0.222,0.444,0.222,0.222,0.0,0.0,0.111,,0.0,0.0,1.333,0.0,1.778,15.625,0.0,,3,0.167,0.111,0.389,0.167,42.857,3.333,13.514,1.278,1.722,4.278,7.333,5.333,3.5
David Mundy,Fremantle,29,29.44,24,12.429,101.75,95.375,40,1.818,9,13,78.583,14.25,10.25,24.5,65.136,59.357,73.171,58.163,4.042,1.75,414.333,16.912,2.375,10.316,4.125,5.939,11.708,13.125,24.833,47.148,2.125,7.625,0.792,2.125,3.458,5.583,3.625,0.042,0.375,0.25,0.292,0.708,0.583,0.125,0.042,0.045,0.875,100.0,0.375,42.857,4.542,0.417,0.208,20.0,0.333,25.0,11,0.458,0.5,1.083,0.458,42.308,4.875,19.797,1.333,0.25,1.375,16.958,8.25,0.25
Paul Duffield,Fremantle,29,29.9,24,9.15,87.917,80.667,3,0.136,3,0,94.208,12.458,6.292,18.75,84.222,81.271,90.066,66.444,1.875,3.5,336.292,17.936,1.833,10.227,3.208,5.844,4.75,13.375,18.125,26.207,4.458,3.958,0.333,0.042,0.833,0.875,5.042,0.375,0.167,1.25,0.042,0.208,0.875,-0.667,0.0,0.0,0.0,,0.0,,4.083,0.625,1.083,34.615,0.0,,6,0.25,0.167,0.458,0.25,54.545,3.583,14.552,1.417,0.208,2.0,14.083,8.042,1.125
Lee Spurr,Fremantle,27,27.43,24,7.987,72.25,69.083,13,0.591,2,0,93.125,10.875,6.75,17.625,79.669,77.395,83.333,61.702,1.333,3.125,268.167,15.215,1.875,9.4,2.958,5.958,4.958,12.25,17.208,28.814,4.792,3.958,0.083,0.0,0.333,0.333,5.25,0.375,0.042,0.958,0.25,0.875,0.708,0.167,0.0,0.0,0.042,,0.0,0.0,1.917,0.125,1.417,26.471,0.042,0.0,3,0.125,0.0,0.125,0.208,100.0,2.583,10.491,0.917,0.125,2.0,9.375,5.833,1.542
Zac Dawson,Fremantle,28,28.85,22,5.941,46.636,35.773,0,0.0,0,0,94.227,2.727,7.364,10.091,84.234,73.333,88.272,27.027,0.5,0.818,56.818,5.631,1.864,5.415,1.045,9.652,3.864,6.136,10.0,38.636,5.318,2.818,0.045,0.045,0.227,0.273,3.5,0.318,0.045,1.227,0.045,0.5,1.273,-0.773,0.182,0.195,0.682,100.0,0.182,26.667,1.182,0.0,3.318,31.507,0.045,100.0,1,0.045,0.0,0.045,0.091,100.0,1.545,6.227,0.591,0.0,6.455,5.364,4.227,5.0
Danyle Pearce,Fremantle,28,28.73,24,12.25,79.167,75.917,14,0.636,5,0,77.667,13.042,6.25,19.292,65.443,58.466,80.0,67.603,5.292,0.917,426.5,22.108,2.125,9.078,4.583,4.209,7.083,11.833,18.917,37.445,2.792,5.833,0.75,0.542,1.958,2.5,2.333,0.0,0.167,0.083,0.125,0.667,0.458,0.208,0.0,0.0,0.0,,0.0,,3.125,0.708,0.125,0.0,0.208,40.0,19,0.792,0.75,2.0,0.75,39.583,5.458,22.166,1.167,0.375,1.083,15.75,5.875,0.25
Hayden Ballantyne,Fremantle,27,27.46,20,10.985,74.2,71.15,42,2.211,7,6,82.8,9.7,2.45,12.15,64.609,62.887,71.429,79.835,3.05,0.35,239.5,19.712,2.5,4.86,2.65,4.585,4.45,7.55,12.0,37.083,0.85,3.45,2.0,0.1,0.55,0.65,4.3,0.2,1.9,0.05,1.4,0.45,1.0,-0.55,0.0,0.0,0.0,,0.0,,2.7,0.95,0.05,100.0,1.15,4.348,49,2.45,1.3,4.05,0.55,60.494,6.55,26.096,0.7,0.25,1.5,13.3,3.1,0.3
Matt de Boer,Fremantle,24,24.81,14,8.35,68.357,70.214,0,0.0,0,0,69.071,6.857,9.0,15.857,72.072,59.375,81.746,43.243,1.786,0.857,141.143,8.901,2.0,7.929,2.5,6.343,7.714,8.0,15.714,49.091,1.929,6.0,0.786,0.929,1.643,2.571,3.0,0.214,0.286,0.286,0.214,0.571,0.714,-0.143,0.0,0.0,0.071,,0.071,100.0,5.571,1.5,0.143,50.0,0.143,0.0,4,0.286,0.143,0.714,0.571,40.0,3.929,16.32,1.143,0.0,1.0,17.643,7.5,0.5
Stephen Hill,Fremantle,24,24.66,20,13.915,95.3,83.2,47,2.611,9,9,79.65,15.15,7.0,22.15,66.14,58.086,83.571,68.397,5.25,1.75,468.25,21.14,2.05,10.805,4.15,5.337,8.7,13.65,22.35,38.926,3.15,6.55,0.85,1.0,2.55,3.55,2.65,0.15,0.4,0.45,0.35,0.35,0.6,-0.25,0.1,0.107,0.1,100.0,0.0,0.0,2.8,0.75,0.35,14.286,0.45,22.222,18,0.9,0.55,1.6,0.75,56.25,6.3,24.95,1.45,1.35,1.65,16.35,7.3,0.6
Chris Mayne,Fremantle,26,26.16,23,9.109,69.87,64.957,0,0.0,0,0,83.913,5.13,8.087,13.217,78.618,70.339,83.871,38.816,1.217,0.391,101.913,7.711,0.87,15.2,1.391,9.5,5.435,7.913,13.348,40.717,2.043,3.304,1.261,0.261,0.435,0.696,4.609,0.826,1.0,0.391,1.0,0.913,0.348,0.565,0.0,0.0,0.0,,0.0,,3.957,1.174,0.304,57.143,1.609,16.216,13,0.565,0.478,1.261,0.783,44.828,5.087,20.599,0.739,0.261,1.696,19.087,6.261,0.696
Tendai Mzungu,Fremantle,28,28.83,23,10.987,79.957,77.478,16,0.762,4,2,84.13,12.0,6.478,18.478,68.471,63.406,77.852,64.941,3.0,2.304,314.043,16.995,1.957,9.444,3.478,5.313,7.043,11.609,18.652,37.762,4.0,5.696,0.826,0.348,1.261,1.609,4.609,0.478,0.391,1.304,0.304,0.522,0.652,-0.13,0.0,0.0,0.261,,0.13,50.0,3.087,0.391,0.739,58.824,0.261,50.0,12,0.522,0.391,1.043,0.304,50.0,4.087,16.578,1.304,0.304,1.739,15.87,8.435,1.217
Jack Hannath,Fremantle,23,23.47,3,1.433,35.667,39.333,0,0.0,0,0,73.333,5.0,1.0,6.0,61.111,53.333,100.0,83.333,1.333,0.0,107.333,17.889,2.0,3.0,1.333,4.5,2.333,3.0,5.333,43.75,0.333,1.333,0.333,0.0,0.0,0.0,2.333,0.333,0.0,0.0,0.333,0.333,0.667,-0.333,27.667,30.403,8.667,31.325,2.333,26.923,2.0,0.333,0.333,0.0,1.0,33.333,0,0.0,0.333,0.333,0.0,0.0,2.667,9.756,0.667,0.0,2.667,8.0,4.0,2.667
Cam Sutcliffe,Fremantle,22,22.6,24,6.692,70.458,67.917,0,0.0,0,0,94.833,10.5,5.625,16.125,77.261,74.206,82.963,65.116,1.542,2.417,272.792,16.917,2.0,8.062,2.708,5.954,3.417,12.583,16.0,21.354,3.167,2.833,0.167,0.042,0.042,0.083,4.125,0.042,0.083,0.333,0.208,0.5,0.917,-0.417,0.0,0.0,0.0,,0.0,,3.458,0.208,1.417,23.529,0.083,50.0,4,0.167,0.208,0.458,0.125,36.364,3.542,14.382,0.75,0.583,2.333,12.292,7.875,1.708
Tommy Sheridan,Fremantle,21,21.17,8,6.537,45.25,40.625,0,0.0,0,0,53.875,4.375,5.125,9.5,78.947,77.143,80.488,46.053,1.125,0.625,125.0,13.158,0.25,38.0,0.5,19.0,3.375,6.125,9.5,35.526,1.75,2.25,0.5,0.0,0.5,0.5,1.375,0.25,0.375,0.0,0.0,0.625,0.25,0.375,0.0,0.0,0.0,,0.0,,2.5,0.5,0.375,66.667,0.25,50.0,4,0.5,0.25,0.75,0.25,66.667,2.125,7.981,0.375,0.375,0.75,12.125,4.375,0.25
Michael Barlow,Fremantle,27,27.03,19,12.379,109.737,111.158,26,1.529,7,13,78.789,13.421,13.158,26.579,66.733,56.863,76.8,50.495,2.947,1.421,322.105,12.119,2.263,11.744,4.684,5.674,10.789,15.684,26.474,40.755,3.211,8.211,1.316,1.316,2.632,3.947,5.842,0.211,0.895,0.526,0.474,0.895,0.368,0.526,0.0,0.0,0.684,,0.158,23.077,5.105,0.737,0.0,,0.684,38.462,18,0.947,0.474,1.579,0.737,60.0,6.474,26.059,1.421,0.316,1.211,15.105,6.842,0.158
Josh Hunt,Greater Western Sydney,32,32.8,14,9.0,65.143,60.429,0,0.0,0,1,76.929,9.643,4.357,14.0,78.061,74.815,85.246,68.878,1.857,2.571,293.214,20.944,2.5,5.6,3.286,4.261,3.857,10.0,13.857,27.835,4.0,2.857,0.286,0.071,0.143,0.214,4.786,0.357,0.357,1.286,0.357,0.286,0.714,-0.429,0.0,0.0,0.0,,0.0,,2.071,0.0,1.143,6.25,0.214,33.333,4,0.286,0.286,0.714,0.429,40.0,3.143,13.018,1.0,0.143,2.714,6.786,4.643,1.857
Dylan Addison,Greater Western Sydney,27,27.23,5,4.16,45.8,46.6,0,0.0,0,0,71.0,5.2,4.8,10.0,74.0,61.538,87.5,52.0,1.2,0.0,79.2,7.92,2.2,4.545,1.6,6.25,3.8,6.2,10.0,38.0,2.8,2.8,0.6,0.0,0.0,0.0,4.0,0.0,0.4,0.8,1.4,0.8,1.0,-0.2,0.0,0.0,0.0,,0.0,,2.8,0.2,0.8,25.0,1.8,11.111,0,0.0,0.4,0.8,0.0,0.0,2.0,8.772,0.6,0.0,2.2,13.4,6.8,1.2
Heath Shaw,Greater Western Sydney,29,29.09,18,10.744,92.611,80.556,15,0.833,5,0,85.556,16.556,4.889,21.444,75.907,72.819,86.364,77.202,2.0,5.556,466.833,21.769,2.5,8.578,4.222,5.079,5.389,13.056,18.444,29.217,6.667,4.222,0.056,0.167,0.389,0.556,5.278,0.667,0.056,1.944,0.222,0.333,0.722,-0.389,0.0,0.0,0.056,,0.0,0.0,1.722,0.111,1.278,30.435,0.056,100.0,0,0.0,0.167,0.333,0.167,0.0,3.0,13.203,1.833,2.778,2.722,6.667,4.722,2.167
Rhys Palmer,Greater Western Sydney,25,25.87,17,10.365,72.588,69.235,7,0.412,2,2,86.0,8.647,8.0,16.647,66.784,53.741,80.882,51.943,2.941,0.706,228.059,13.7,2.118,7.861,3.118,5.34,7.0,9.471,16.471,42.5,1.706,5.471,1.412,0.765,1.176,1.941,3.176,0.118,0.706,0.059,0.235,0.824,1.176,-0.353,0.0,0.0,0.118,,0.0,0.0,2.882,1.0,0.176,66.667,1.412,25.0,23,1.353,0.706,2.529,0.529,53.488,5.882,26.738,1.0,0.588,1.176,12.647,4.118,0.529
Jonathan Giles,Greater Western Sydney,26,26.97,9,10.989,73.778,62.333,0,0.0,0,0,90.667,5.889,2.444,8.333,52.0,35.849,90.909,70.667,1.889,0.444,112.889,13.547,1.333,6.25,1.778,4.688,5.333,2.667,8.0,66.667,1.222,3.111,0.667,0.778,1.556,2.333,0.889,0.444,0.222,0.222,0.0,0.667,1.0,-0.333,48.0,47.525,23.667,49.306,7.0,29.577,2.667,0.556,0.778,14.286,1.889,17.647,7,0.778,0.444,1.333,0.222,58.333,3.889,17.073,2.444,0.0,2.778,10.667,5.556,2.111
Shane Mumford,Greater Western Sydney,28,28.49,17,12.876,114.176,92.294,24,1.412,6,8,90.588,3.412,9.294,12.706,74.537,72.414,75.316,26.852,1.412,0.471,74.176,5.838,2.529,5.023,1.882,6.75,8.059,4.529,12.588,64.019,2.235,5.824,0.941,0.765,2.294,3.059,2.235,0.529,0.176,0.647,0.059,1.294,1.824,-0.529,85.118,86.803,36.353,42.709,9.882,27.184,5.765,0.765,0.706,25.0,1.412,20.833,4,0.235,0.118,0.412,0.647,57.143,4.294,18.863,2.824,0.0,3.588,16.882,7.765,2.118
Phil Davis,Greater Western Sydney,24,24.33,11,7.845,59.455,52.364,2,0.182,2,0,84.364,7.364,4.727,12.091,79.699,74.074,88.462,60.902,0.545,3.364,163.182,13.496,1.182,10.231,2.273,5.32,3.909,8.364,12.273,31.852,4.818,2.0,0.091,0.0,0.273,0.273,5.0,0.364,0.091,1.818,0.091,1.455,0.727,0.727,0.091,0.099,0.0,0.0,0.0,,1.636,0.0,4.0,25.0,0.091,0.0,0,0.0,0.0,0.0,0.0,,1.364,5.906,0.727,0.0,5.182,4.818,4.273,4.636
Tom Scully,Greater Western Sydney,23,23.63,15,11.087,79.067,77.667,11,0.733,2,1,90.8,9.267,10.533,19.8,73.401,64.029,81.646,46.801,3.8,1.6,325.8,16.455,2.467,8.027,3.8,5.211,7.8,11.933,19.733,39.527,2.267,6.0,1.0,1.067,2.067,3.133,3.267,0.067,0.133,0.2,0.133,0.733,0.733,0.0,0.0,0.0,0.0,,0.0,,4.533,0.733,0.467,57.143,0.133,50.0,5,0.333,0.333,0.733,0.6,45.455,5.2,22.478,1.467,0.667,1.067,19.467,9.6,0.533
Curtly Hampton,Greater Western Sydney,21,21.81,11,9.909,74.909,68.273,0,0.0,0,0,80.727,9.727,7.091,16.818,73.514,66.355,83.333,57.838,2.636,2.364,309.0,18.373,2.091,8.043,3.364,5.0,5.727,11.455,17.182,33.333,5.273,4.455,0.182,0.273,0.545,0.818,3.636,0.0,0.091,0.636,0.091,0.909,0.636,0.273,0.0,0.0,0.091,,0.0,0.0,3.545,0.273,1.364,40.0,0.0,,1,0.091,0.182,0.455,0.455,20.0,2.909,12.5,0.727,1.091,2.364,11.364,8.182,1.636
Adam Kennedy,Greater Western Sydney,22,22.47,20,6.59,65.25,64.4,0,0.0,0,0,84.55,9.0,7.4,16.4,78.354,67.778,91.216,54.878,1.8,2.75,262.0,15.976,1.45,11.31,2.6,6.308,2.85,13.15,16.0,17.812,3.95,2.3,0.1,0.15,0.25,0.4,4.85,0.15,0.1,1.4,0.0,0.15,0.3,-0.15,0.0,0.0,0.0,,0.0,,1.95,0.1,0.8,31.25,0.05,0.0,3,0.15,0.1,0.25,0.1,60.0,3.05,13.708,0.75,1.4,2.15,9.05,6.75,1.45
Devon Smith,Greater Western Sydney,21,21.61,21,12.629,91.19,94.048,28,1.333,6,4,86.0,13.619,7.905,21.524,69.69,67.483,73.494,63.274,3.762,1.476,389.571,18.1,2.952,7.29,4.429,4.86,6.619,14.952,21.571,30.684,2.0,4.476,1.048,0.095,1.952,2.048,4.238,0.143,0.524,0.048,0.429,1.286,0.952,0.333,0.0,0.0,0.0,,0.0,,4.524,0.667,0.143,33.333,0.143,0.0,26,1.238,0.714,2.524,0.476,49.057,5.857,25.786,1.048,1.238,0.952,25.333,10.476,0.143
Tomas Bugg,Greater Western Sydney,21,21.73,17,5.435,57.0,62.941,3,0.176,1,0,82.941,7.824,7.118,14.941,71.26,57.895,85.95,52.362,1.176,1.647,136.118,9.11,1.765,8.467,2.471,6.048,4.765,10.059,14.824,32.143,2.412,3.412,0.471,0.294,1.412,1.706,3.294,0.059,0.235,0.176,0.176,1.235,0.765,0.471,0.0,0.0,0.0,,0.0,,3.706,0.647,0.294,20.0,0.294,20.0,4,0.235,0.176,0.647,0.118,36.364,2.647,11.194,0.588,0.235,1.647,13.412,7.235,1.0
Jonathon Patton,Greater Western Sydney,21,21.61,19,7.868,62.632,60.053,0,0.0,0,0,85.0,7.737,3.579,11.316,72.558,66.667,85.294,68.372,1.579,0.632,174.316,15.405,1.947,5.811,2.211,5.119,5.158,6.474,11.632,44.344,1.474,2.579,0.737,0.316,0.316,0.632,5.053,1.526,1.474,0.526,1.895,0.842,0.684,0.158,3.737,3.867,1.053,28.169,0.105,10.0,1.474,0.579,0.158,33.333,2.895,23.636,25,1.316,0.895,2.368,0.368,55.556,4.263,18.493,0.263,0.105,1.579,10.947,3.368,1.158
Rhyce Shaw,Sydney,33,33.2,20,8.41,73.7,73.45,7,0.412,3,1,79.2,13.4,8.0,21.4,75.234,69.03,85.625,62.617,2.4,3.2,366.9,17.145,2.75,7.782,3.6,5.944,5.15,15.05,20.2,25.495,4.45,4.15,0.0,0.05,0.7,0.75,4.25,0.0,0.05,0.35,0.15,0.55,0.8,-0.25,0.0,0.0,0.0,,0.0,,1.5,0.05,0.55,27.273,0.05,0.0,1,0.05,0.05,0.15,0.35,33.333,4.1,15.739,1.25,1.45,2.2,7.75,5.25,1.45
Ryan O'Keefe,Sydney,33,33.93,4,5.2,43.0,46.25,0,0.0,0,0,75.0,6.0,5.0,11.0,63.636,50.0,80.0,54.545,1.75,1.0,117.5,10.682,2.0,5.5,2.0,5.5,5.0,5.0,10.0,50.0,1.75,4.0,0.75,1.0,0.75,1.75,2.75,0.5,0.5,0.0,0.25,0.5,1.0,-0.5,0.0,0.0,0.0,,0.0,,2.75,0.5,0.0,,1.0,50.0,1,0.25,0.0,0.75,0.25,33.333,2.5,11.364,0.5,0.25,0.75,13.25,3.25,0.25
Ted Richards,Sydney,31,31.96,25,9.84,67.96,55.04,0,0.0,0,0,98.6,7.68,6.04,13.72,78.134,71.875,86.093,55.977,0.88,3.12,200.68,14.627,1.48,9.27,2.0,6.86,4.6,8.64,13.24,34.743,6.44,3.12,0.08,0.0,0.04,0.04,4.68,0.68,0.0,2.32,0.0,0.8,0.48,0.32,0.04,0.041,0.04,100.0,0.0,0.0,1.6,0.0,4.76,24.37,0.08,100.0,0,0.0,0.08,0.12,0.08,0.0,2.28,8.457,0.92,0.24,6.88,7.52,5.88,5.88
Lewis Roberts-Thomson,Sydney,31,31.31,5,3.3,23.2,32.0,0,0.0,0,0,85.8,4.2,2.4,6.6,57.576,38.095,91.667,63.636,0.8,0.4,91.6,13.879,3.0,2.2,3.0,2.2,2.2,4.2,6.4,34.375,0.8,1.6,0.2,0.0,0.2,0.2,2.6,0.4,0.4,0.0,0.2,0.2,1.2,-1.0,4.0,4.082,0.4,10.0,0.2,50.0,1.8,0.6,0.2,0.0,2.4,16.667,2,0.4,0.2,1.0,0.0,40.0,1.6,6.667,0.2,0.0,1.6,8.8,1.8,1.0
Nick Malceski,Sydney,30,30.37,25,15.372,101.4,87.84,26,1.182,7,4,80.16,17.08,5.96,23.04,72.569,69.321,81.879,74.132,3.64,5.12,573.24,24.88,2.12,10.868,4.4,5.236,5.36,16.44,21.8,24.587,5.68,4.44,0.2,0.28,0.8,1.08,3.92,0.28,0.08,1.52,0.12,0.52,0.44,0.08,0.0,0.0,0.0,,0.0,,2.88,0.16,1.0,12.0,0.12,66.667,8,0.32,0.28,0.68,0.52,47.059,5.12,18.991,1.84,1.4,2.88,9.0,6.24,2.08
Ben McGlynn,Sydney,29,29.4,19,14.432,97.158,98.474,41,2.562,9,12,87.211,12.263,7.947,20.211,66.146,60.086,75.497,60.677,4.526,1.105,372.684,18.44,2.684,7.529,4.105,4.923,9.105,11.263,20.368,44.703,2.368,6.474,0.842,1.474,2.211,3.684,4.368,0.105,0.895,0.368,0.526,1.632,0.947,0.684,0.0,0.0,0.0,,0.0,,6.368,1.684,0.316,33.333,0.368,0.0,24,1.263,0.842,2.263,0.789,55.814,6.579,23.901,1.316,0.053,2.053,25.421,10.053,0.737
Jarrad McVeigh,Sydney,29,29.73,25,13.352,99.2,92.84,32,1.455,8,5,90.68,13.08,10.2,23.28,73.196,67.278,80.784,56.186,3.48,1.68,348.68,14.978,1.76,13.227,4.48,5.196,7.4,15.72,23.12,32.007,3.8,5.96,0.76,0.6,1.64,2.24,4.2,0.12,0.52,0.48,0.48,0.36,0.44,-0.08,0.0,0.0,0.0,,0.0,,4.4,0.8,0.52,15.385,0.52,15.385,15,0.6,0.36,1.24,0.96,48.387,6.16,22.849,1.6,0.32,2.8,20.88,9.8,1.24
Heath Grundy,Sydney,28,28.58,25,8.84,73.24,62.36,7,0.318,1,0,97.48,8.96,7.8,16.76,81.384,76.786,86.667,53.461,0.96,3.12,207.96,12.408,1.84,9.109,2.52,6.651,4.72,11.68,16.4,28.78,5.84,3.52,0.08,0.0,0.08,0.08,4.68,0.68,0.04,1.48,0.0,0.4,0.84,-0.44,0.0,0.0,0.04,,0.0,0.0,1.92,0.04,3.28,18.293,0.04,0.0,1,0.04,0.0,0.04,0.04,100.0,2.6,9.644,0.8,0.76,5.6,6.68,5.24,4.96
Lance Franklin,Sydney,27,27.91,22,17.259,100.864,95.955,80,4.211,11,22,88.091,12.136,4.545,16.682,63.76,60.3,73.0,72.752,3.864,0.091,368.864,22.112,3.864,4.318,3.864,4.318,7.318,9.636,16.955,43.164,1.364,3.227,1.409,0.136,0.364,0.5,6.318,2.318,3.455,0.182,2.182,1.409,2.0,-0.591,0.045,0.047,0.045,100.0,0.0,0.0,3.045,1.091,0.136,33.333,6.364,39.286,79,3.591,2.318,6.682,0.909,53.741,9.318,34.338,0.636,0.409,1.273,14.091,2.273,0.409
Nick Smith,Sydney,26,26.55,23,9.965,72.261,60.652,5,0.25,3,0,89.826,8.174,7.348,15.522,83.193,73.936,93.491,52.661,0.304,2.565,188.174,12.123,0.87,17.85,1.783,8.707,5.609,10.261,15.87,35.342,5.348,4.174,0.043,0.087,0.478,0.565,3.609,0.261,0.087,0.783,0.0,0.826,0.174,0.652,0.0,0.0,0.0,,0.0,,2.565,0.043,1.826,19.048,0.087,0.0,0,0.0,0.043,0.043,0.13,0.0,2.826,10.518,0.696,0.217,3.913,10.957,8.652,3.0
Josh P. Kennedy,Sydney,26,26.53,23,15.974,113.13,104.261,83,4.15,14,21,81.043,11.826,16.739,28.565,64.688,50.0,75.065,41.4,4.304,0.739,321.652,11.26,3.304,8.645,4.087,6.989,16.13,12.174,28.304,56.989,3.087,11.87,2.435,1.957,4.435,6.391,3.261,0.261,0.478,0.261,0.522,1.043,0.957,0.087,0.217,0.226,0.13,60.0,0.087,66.667,5.739,0.826,0.087,0.0,0.87,20.0,13,0.565,0.87,1.826,0.522,30.952,7.826,28.846,2.391,0.087,1.261,19.565,8.565,0.348
Craig Bird,Sydney,25,25.94,21,10.676,80.619,77.143,10,0.556,3,2,72.571,9.81,9.952,19.762,69.398,58.252,80.383,49.639,3.095,1.19,243.048,12.299,2.524,7.83,3.714,5.321,9.333,11.095,20.429,45.688,2.762,7.714,1.714,1.238,2.333,3.571,2.762,0.19,0.19,0.143,0.19,0.571,1.0,-0.429,0.0,0.0,0.0,,0.0,,5.0,0.81,0.286,0.0,0.238,20.0,6,0.286,0.238,0.762,0.381,37.5,5.143,18.718,1.571,0.143,1.762,16.619,7.714,0.429
Jeremy Laidler,Sydney,25,25.4,19,8.226,58.789,50.947,0,0.0,0,0,76.053,6.579,7.474,14.053,74.157,68.0,79.577,46.816,2.105,1.421,175.158,12.464,1.368,10.269,2.632,5.34,5.842,8.211,14.053,41.573,5.368,5.053,0.263,0.053,0.368,0.421,3.211,0.263,0.105,0.947,0.053,0.316,0.526,-0.211,0.0,0.0,0.0,,0.0,,1.684,0.0,1.211,17.391,0.0,,3,0.158,0.211,0.368,0.263,42.857,3.053,11.09,1.105,0.0,3.211,8.368,5.737,1.895
Lewis Jetta,Sydney,25,25.66,25,10.276,73.16,74.52,5,0.227,1,0,81.48,12.44,4.64,17.08,70.492,65.595,83.621,72.834,4.68,1.36,448.36,26.251,2.2,7.764,3.92,4.357,4.24,13.16,17.4,24.368,2.16,3.04,0.56,0.04,1.2,1.24,4.28,0.0,0.28,0.2,0.56,0.56,0.68,-0.12,0.0,0.0,0.0,,0.0,,3.08,0.44,0.28,57.143,0.48,41.667,14,0.56,0.88,1.88,0.68,29.787,5.24,19.436,1.08,0.84,1.76,17.04,6.6,0.52
Dan Hannebery,Sydney,23,23.84,19,14.147,99.211,95.316,37,2.312,5,11,80.632,11.368,13.842,25.211,70.772,55.556,83.27,45.094,3.474,0.842,310.947,12.334,2.263,11.14,4.211,5.987,10.789,14.316,25.105,42.977,3.474,9.053,1.526,1.211,3.105,4.316,3.368,0.211,0.263,0.158,0.947,1.158,0.684,0.474,0.0,0.0,0.0,,0.0,,5.105,0.368,0.263,60.0,0.263,20.0,11,0.579,0.421,1.158,0.684,50.0,6.737,25.0,2.211,0.158,0.842,17.105,8.842,0.263
Sam Reid,Sydney,23,23.01,20,7.835,59.35,52.6,5,0.294,1,0,84.05,5.0,5.3,10.3,71.845,62.0,81.132,48.544,1.0,0.4,108.9,10.573,1.6,6.438,2.05,5.024,5.3,5.45,10.75,49.302,1.6,3.25,1.0,0.5,0.75,1.25,3.4,1.0,1.0,0.6,0.7,0.55,0.4,0.15,9.85,10.123,2.3,23.35,0.45,19.565,2.4,0.35,0.3,0.0,1.6,37.5,17,0.85,0.45,1.45,0.2,58.621,3.3,12.088,0.55,0.0,2.7,13.15,4.8,1.65
Mike Pyke,Sydney,30,30.77,19,9.237,77.632,67.105,0,0.0,0,0,84.526,4.632,4.895,9.526,64.088,47.727,79.57,48.619,1.526,0.737,99.0,10.392,1.895,5.028,2.053,4.641,5.789,3.579,9.368,61.798,2.105,2.842,0.368,0.789,1.579,2.368,2.211,1.053,0.158,0.632,0.0,1.263,0.947,0.316,65.895,68.007,27.632,41.933,7.211,26.095,2.368,0.105,0.842,12.5,1.632,32.258,3,0.158,0.316,0.526,0.105,30.0,3.421,12.795,2.316,0.0,3.526,9.474,4.526,2.474
Gary Rohan,Sydney,23,23.56,16,8.775,53.75,47.688,1,0.077,1,0,68.062,6.438,4.312,10.75,69.767,63.107,79.71,59.884,2.375,1.312,211.562,19.68,1.562,6.88,1.875,5.733,4.625,6.312,10.938,42.286,3.562,3.25,0.5,0.125,0.438,0.562,2.625,0.375,0.375,1.0,0.375,0.75,0.312,0.438,0.0,0.0,0.0,,0.0,,2.312,0.5,0.75,0.0,0.438,14.286,6,0.375,0.562,1.188,0.312,31.579,3.938,14.858,1.312,0.812,4.125,12.062,6.0,3.062
Gary Ablett,Gold Coast,30,30.63,15,22.213,136.667,119.133,72,4.8,10,22,90.533,16.933,15.133,32.067,69.023,62.992,75.771,52.807,5.133,2.533,441.133,13.757,4.2,7.635,4.733,6.775,17.467,14.067,31.533,55.391,4.2,13.4,2.2,3.333,4.6,7.933,2.0,0.2,0.267,0.267,0.6,2.333,1.533,0.8,0.0,0.0,0.0,,0.0,,6.067,0.667,0.333,20.0,1.133,47.059,24,1.6,0.467,2.2,1.267,72.727,8.467,33.421,2.933,0.667,1.267,17.2,7.6,0.333
Jarrod Harbrow,Gold Coast,26,26.45,22,10.355,81.636,75.727,5,0.227,2,0,88.0,12.455,6.727,19.182,70.853,64.964,81.757,64.929,2.909,2.818,383.182,19.976,2.636,7.276,4.227,4.538,6.455,12.364,18.818,34.3,4.227,4.955,0.455,0.273,1.455,1.727,3.409,0.273,0.091,0.591,0.227,0.636,1.045,-0.409,0.0,0.0,0.0,,0.0,,3.773,0.545,1.136,20.0,0.136,66.667,6,0.273,0.455,0.773,0.182,35.294,3.818,15.939,0.955,1.455,2.5,12.318,7.727,1.727
Michael Rischitelli,Gold Coast,28,28.97,21,9.314,75.857,73.0,15,0.714,3,1,84.762,9.571,9.143,18.714,69.975,56.219,84.375,51.145,2.714,1.714,257.81,13.776,1.905,9.825,3.619,5.171,7.238,11.048,18.286,39.583,2.429,6.048,1.143,0.762,1.619,2.381,3.333,0.238,0.238,0.286,0.571,0.476,0.476,0.0,0.048,0.049,0.095,100.0,0.0,0.0,3.524,0.238,0.19,0.0,0.381,37.5,8,0.381,0.476,1.095,0.333,34.783,4.238,17.417,1.143,0.19,1.333,13.952,6.381,0.857
Danny Stanley,Gold Coast,26,26.86,22,6.982,66.636,66.227,0,0.0,0,0,85.818,9.227,7.591,16.818,73.784,67.98,80.838,54.865,2.091,1.318,222.318,13.219,2.455,6.852,3.364,5.0,6.591,10.273,16.864,39.084,2.864,4.636,0.773,0.591,0.773,1.364,4.045,0.636,0.364,0.5,0.182,0.682,0.955,-0.273,0.0,0.0,0.182,,0.045,25.0,2.773,0.409,0.636,14.286,1.0,27.273,7,0.318,0.227,0.636,0.227,50.0,3.318,13.852,0.591,0.091,1.045,9.227,5.091,0.682
Matthew Warnock,Gold Coast,30,30.74,6,7.6,56.5,39.5,0,0.0,0,0,97.0,5.167,6.333,11.5,82.609,80.645,84.211,44.928,0.667,2.167,110.0,9.565,1.167,9.857,1.5,7.667,4.667,6.833,11.5,40.58,4.167,4.0,0.167,0.0,0.167,0.167,3.333,0.5,0.167,0.667,0.333,0.0,1.0,-1.0,0.167,0.18,0.167,100.0,0.0,0.0,1.0,0.0,2.167,30.769,1.167,14.286,0,0.0,0.167,0.167,0.167,0.0,2.667,10.063,0.667,0.667,5.5,5.833,4.0,4.833
Greg Broughton,Gold Coast,28,28.25,20,8.365,75.6,69.45,2,0.1,1,0,85.95,7.7,9.75,17.45,80.229,73.377,85.641,44.126,0.8,2.4,195.35,11.195,1.5,11.633,2.4,7.271,6.5,10.45,16.95,38.348,5.8,4.9,0.15,0.2,0.85,1.05,4.2,0.5,0.15,1.1,0.25,1.25,0.8,0.45,0.0,0.0,0.0,,0.0,,3.65,0.1,1.5,23.333,0.15,33.333,2,0.1,0.2,0.35,0.1,28.571,3.15,12.831,0.8,0.7,2.4,11.1,7.3,1.8
Charlie Dixon,Gold Coast,24,24.27,14,11.321,67.643,54.0,0,0.0,0,0,75.143,5.286,3.929,9.214,70.543,67.568,74.545,57.364,1.0,0.429,128.0,13.891,1.357,6.789,1.857,4.962,6.429,3.071,9.5,67.669,0.929,3.429,1.214,0.214,0.786,1.0,2.643,1.0,1.571,0.214,1.143,1.286,0.929,0.357,12.786,12.832,4.929,38.547,1.643,33.333,2.0,0.643,0.357,20.0,3.571,24.0,24,1.714,0.643,2.643,0.214,64.865,4.857,21.184,1.357,0.143,1.214,10.071,3.0,0.571
Trent McKenzie,Gold Coast,22,22.74,19,10.716,80.263,70.263,1,0.053,1,0,81.053,11.947,4.368,16.316,72.903,70.044,80.723,73.226,2.316,4.579,404.0,24.761,2.158,7.561,4.263,3.827,5.211,9.579,14.789,35.231,5.632,4.0,0.0,0.053,0.579,0.632,4.737,0.474,0.0,1.737,0.0,0.842,0.474,0.368,0.0,0.0,0.0,,0.0,,2.895,0.105,2.842,27.778,0.0,,1,0.053,0.158,0.421,0.105,12.5,3.526,14.378,1.421,1.105,4.158,8.421,6.579,3.263
Matt Shaw,Gold Coast,22,22.9,20,7.155,57.95,60.85,3,0.15,1,0,71.65,7.5,7.55,15.05,73.422,66.667,80.132,49.834,1.6,1.4,205.5,13.654,1.6,9.406,2.55,5.902,4.25,10.8,15.05,28.239,2.2,3.3,0.75,0.05,1.15,1.2,4.7,0.25,0.25,0.6,0.4,0.35,0.3,0.05,0.0,0.0,0.2,,0.0,0.0,1.8,0.25,0.4,12.5,0.2,0.0,7,0.35,0.2,0.8,0.4,43.75,3.8,15.51,0.55,0.7,1.4,11.35,4.75,0.85
Tom Nicholls,Gold Coast,22,22.82,6,10.017,78.667,60.0,0,0.0,0,0,80.5,3.667,7.167,10.833,69.231,50.0,79.07,33.846,0.833,0.667,79.667,7.354,3.167,3.421,2.5,4.333,8.333,3.333,11.667,71.429,2.0,5.167,0.5,1.167,3.167,4.333,1.5,0.333,0.0,0.667,0.0,0.667,2.167,-1.5,74.667,78.596,21.333,28.571,6.667,31.25,3.667,0.333,0.833,40.0,1.5,11.111,0,0.0,0.0,0.0,0.167,,2.833,11.724,1.667,0.0,2.833,12.167,5.167,1.5
Brandon Matera,Gold Coast,22,22.8,16,12.256,74.625,68.562,2,0.125,1,0,81.688,9.188,4.25,13.438,66.977,61.905,77.941,68.372,2.188,0.938,238.25,17.73,1.375,9.773,2.5,5.375,4.938,8.125,13.062,37.799,1.625,3.812,1.5,0.375,0.438,0.812,3.25,0.125,0.938,0.188,0.375,0.625,0.438,0.188,0.0,0.0,0.0,,0.0,,3.062,1.25,0.125,100.0,0.812,23.077,27,1.688,1.062,3.188,0.625,52.941,5.562,21.921,1.0,0.688,1.125,12.75,3.875,0.188
Clay Cameron,Gold Coast,20,20.59,9,3.578,39.778,35.667,0,0.0,0,0,83.778,4.444,3.0,7.444,71.642,70.0,74.074,59.701,0.556,1.444,107.556,14.448,1.333,5.583,1.667,4.467,3.0,4.667,7.667,39.13,3.0,2.111,0.111,0.111,0.0,0.111,2.444,0.222,0.111,0.333,0.444,0.889,0.778,0.111,0.0,0.0,0.222,,0.0,0.0,2.333,0.333,2.111,31.579,0.556,0.0,1,0.111,0.222,0.333,0.444,33.333,1.778,8.247,0.333,0.222,3.889,9.222,7.111,3.333
Aaron Hall,Gold Coast,24,24.14,16,9.812,59.188,56.75,2,0.125,1,0,81.562,7.5,5.625,13.125,66.667,60.0,75.556,57.143,2.75,0.875,257.188,19.595,2.438,5.385,3.188,4.118,5.562,7.812,13.375,41.589,1.75,4.688,1.125,0.125,1.0,1.125,2.438,0.188,0.25,0.125,0.375,0.375,1.188,-0.812,0.0,0.0,0.0,,0.0,,3.438,1.062,0.25,0.0,0.75,33.333,12,0.75,0.625,1.438,0.688,52.174,5.0,20.151,0.938,0.25,0.812,16.375,4.75,0.5
Timmy Sumner,Gold Coast,20,20.22,6,4.617,35.667,26.667,0,0.0,0,0,59.167,3.5,3.333,6.833,63.415,47.619,80.0,51.22,1.167,0.333,112.833,16.512,1.5,4.556,1.167,5.857,4.333,2.667,7.0,61.905,1.167,3.667,1.167,0.0,0.0,0.0,0.667,0.167,0.167,0.0,0.167,0.5,0.833,-0.333,0.0,0.0,0.0,,0.0,,2.167,0.5,0.0,,1.667,40.0,0,0.0,0.833,1.167,0.167,0.0,2.833,11.888,0.5,1.0,1.333,9.833,2.333,1.0
Chris Newman,Richmond,32,32.62,18,7.039,64.444,59.278,0,0.0,0,0,77.167,9.667,3.778,13.444,82.231,79.31,89.706,71.901,2.333,2.444,299.222,22.256,1.167,11.524,2.444,5.5,3.444,8.778,12.222,28.182,3.444,2.722,0.111,0.167,0.278,0.444,3.833,0.111,0.167,0.333,0.278,0.389,0.222,0.167,0.0,0.0,0.0,,0.0,,2.5,0.278,0.556,30.0,0.167,0.0,4,0.222,0.167,0.444,0.556,50.0,3.333,14.423,0.889,0.278,1.667,10.389,6.333,0.833
Nathan Foley,Richmond,29,29.31,18,9.239,68.0,64.111,3,0.176,2,0,63.611,7.556,9.278,16.833,75.578,60.294,88.024,44.884,2.611,1.111,212.833,12.644,1.667,10.1,2.556,6.587,6.333,10.444,16.778,37.748,1.556,5.278,1.111,0.667,2.111,2.778,2.167,0.0,0.056,0.222,0.333,0.5,0.611,-0.111,0.0,0.0,0.0,,0.0,,4.056,0.722,0.111,0.0,0.111,0.0,4,0.222,0.167,0.444,0.333,50.0,3.889,16.355,0.944,0.444,0.889,12.722,4.333,0.167
Troy Chaplin,Richmond,28,28.85,23,10.648,73.435,56.739,6,0.273,3,0,99.913,7.435,7.478,14.913,83.09,76.608,89.535,49.854,0.87,2.13,210.348,14.105,1.261,11.828,1.522,9.8,5.087,10.043,15.13,33.621,6.217,3.739,0.043,0.0,0.174,0.174,4.609,0.304,0.087,1.609,0.0,0.522,0.522,0.0,0.0,0.0,0.043,,0.0,0.0,1.522,0.043,2.696,22.581,0.043,0.0,2,0.087,0.043,0.174,0.13,50.0,3.043,13.035,1.043,0.13,5.174,7.043,5.609,4.0
Brett Deledio,Richmond,27,27.7,19,14.132,104.158,97.316,37,2.056,6,12,88.579,13.579,11.842,25.421,71.843,64.729,80.0,53.416,4.737,2.0,439.579,17.292,2.684,9.471,4.421,5.75,9.263,15.474,24.737,37.447,2.368,6.895,1.211,1.211,1.947,3.158,5.368,0.579,0.789,0.263,1.053,0.789,0.789,0.0,0.105,0.109,0.263,100.0,0.053,20.0,2.737,0.684,0.474,33.333,1.474,32.143,20,1.053,0.842,2.316,0.632,45.455,7.316,31.306,1.368,1.474,1.368,10.947,3.895,0.579
Matt Thomas,Richmond,27,27.84,13,11.031,87.923,77.846,2,0.154,1,0,73.077,6.231,14.231,20.462,75.94,62.963,81.622,30.451,1.769,0.615,197.077,9.632,3.462,5.911,2.615,7.824,9.308,11.846,21.154,44.0,2.385,6.769,0.462,1.769,2.077,3.846,3.846,0.231,0.154,0.538,0.231,0.923,2.462,-1.538,0.0,0.0,0.077,,0.0,0.0,5.923,0.692,0.154,100.0,0.308,0.0,4,0.308,0.0,0.308,0.615,100.0,4.385,18.387,1.0,0.0,1.385,19.769,8.385,0.308
Shaun Grigg,Richmond,26,26.7,15,8.16,71.067,73.267,2,0.143,1,0,86.333,10.067,10.4,20.467,73.29,60.265,85.897,49.186,2.533,1.6,250.2,12.225,2.533,8.079,3.2,6.396,6.867,13.467,20.333,33.77,1.933,4.667,1.067,1.0,2.4,3.4,4.267,0.267,0.067,0.467,0.2,0.733,0.867,-0.133,0.0,0.0,0.133,,0.067,50.0,2.4,0.067,0.6,33.333,0.667,0.0,3,0.2,0.4,0.8,0.467,25.0,4.533,19.263,0.8,0.533,0.933,11.4,4.733,0.467
Bachar Houli,Richmond,26,26.63,23,8.739,85.043,79.391,2,0.091,1,0,85.391,12.609,8.913,21.522,78.788,71.724,88.78,58.586,3.0,2.783,369.565,17.172,2.087,10.312,3.957,5.44,5.217,15.87,21.087,24.742,3.826,4.174,0.174,0.217,0.826,1.043,4.522,0.217,0.261,1.0,0.13,0.652,0.652,0.0,0.0,0.0,0.0,,0.0,,2.478,0.043,0.826,31.579,0.087,0.0,5,0.217,0.261,0.696,0.348,31.25,4.478,19.181,1.391,1.087,1.783,10.391,6.87,1.348
Ricky Petterd,Richmond,26,26.43,17,8.329,78.471,83.235,15,0.938,3,0,77.706,11.412,6.353,17.765,75.497,72.68,80.556,64.238,3.235,2.059,304.294,17.129,2.176,8.162,2.941,6.04,6.412,11.471,17.882,35.855,2.471,3.882,0.471,0.353,1.765,2.118,5.882,0.471,0.588,0.647,0.765,1.118,0.706,0.412,0.0,0.0,0.294,,0.118,40.0,3.706,0.471,0.647,45.455,1.0,17.647,12,0.706,0.294,1.0,0.176,70.588,4.0,17.085,0.765,0.529,1.765,13.941,6.412,0.941
Jack Riewoldt,Richmond,26,26.16,23,12.67,83.522,77.087,30,1.364,5,7,95.217,9.522,3.217,12.739,61.092,56.621,74.324,74.744,2.13,0.043,224.609,17.631,2.13,5.98,2.304,5.528,5.87,6.696,12.565,46.713,1.043,3.652,1.87,0.043,0.304,0.348,5.913,1.217,3.87,0.087,2.652,0.783,0.826,-0.043,0.0,0.0,0.13,,0.0,0.0,2.087,1.13,0.0,,3.565,26.829,61,2.652,1.652,4.913,0.783,53.982,6.87,29.423,0.609,0.13,1.478,10.739,1.913,0.652
Steven Morris,Richmond,26,26.0,21,6.714,51.095,44.143,0,0.0,0,0,83.714,4.81,7.333,12.143,77.647,69.307,83.117,39.608,1.19,1.143,133.0,10.953,1.905,6.375,2.095,5.795,4.476,8.095,12.571,35.606,3.143,3.19,0.095,0.048,0.667,0.714,2.048,0.048,0.0,0.476,0.19,1.048,0.857,0.19,0.0,0.0,0.0,,0.0,,2.524,0.286,1.143,33.333,0.286,66.667,1,0.048,0.048,0.095,0.143,50.0,2.429,10.324,0.619,0.238,2.667,13.143,8.333,1.81
Shane Edwards,Richmond,26,26.18,23,13.709,83.217,68.652,19,0.864,4,0,79.435,8.348,9.304,17.652,69.951,57.812,80.841,47.291,2.957,0.783,266.261,15.084,1.783,9.902,3.261,5.413,9.0,8.565,17.565,51.238,1.913,7.261,1.87,0.957,2.261,3.217,2.348,0.435,0.826,0.217,0.087,0.435,0.652,-0.217,0.0,0.0,0.0,,0.0,,3.261,1.174,0.304,28.571,0.783,38.889,22,0.957,0.696,1.826,0.696,52.381,5.435,23.277,1.348,0.304,1.261,16.174,5.87,0.348
Alex Rance,Richmond,25,25.22,18,13.028,88.0,69.944,36,2.118,7,3,97.444,8.556,8.778,17.333,79.808,69.481,89.873,49.359,0.833,3.056,215.444,12.429,2.611,6.638,2.722,6.367,6.5,10.611,17.111,37.987,8.0,3.833,0.0,0.056,0.333,0.389,5.778,0.944,0.0,2.389,0.056,1.667,1.056,0.611,0.0,0.0,0.0,,0.0,,2.722,0.0,5.056,19.78,0.222,50.0,0,0.0,0.0,0.0,0.167,,3.056,13.221,1.222,0.944,8.556,9.222,7.056,6.833
Shaun Hampson,Richmond,26,26.78,11,8.536,75.909,57.273,0,0.0,0,0,80.0,2.364,6.0,8.364,73.913,53.846,81.818,28.261,1.091,0.182,55.455,6.63,1.636,5.111,1.273,6.571,4.091,4.455,8.545,47.872,1.455,2.909,0.182,0.818,0.909,1.727,1.818,0.273,0.364,0.545,0.273,0.727,0.545,0.182,56.545,60.565,28.909,51.125,9.182,31.761,1.0,0.182,0.909,20.0,1.818,10.0,1,0.091,0.182,0.455,0.273,20.0,3.545,15.234,2.364,0.0,3.182,5.636,2.455,2.727
Trent Cotchin,Richmond,24,24.73,23,12.404,100.739,98.739,47,2.136,10,18,83.652,15.652,10.304,25.957,63.819,53.611,79.325,60.302,3.13,2.13,338.391,13.037,3.522,7.37,4.522,5.74,11.522,13.913,25.435,45.299,2.522,7.609,1.348,2.261,3.043,5.304,3.478,0.087,0.478,0.174,0.565,1.739,0.957,0.783,0.087,0.089,0.174,100.0,0.087,50.0,4.13,0.826,0.261,33.333,1.348,32.258,18,0.783,0.478,1.478,0.565,52.941,5.217,22.346,1.348,0.217,1.435,16.087,6.87,0.478
Ty Vickery,Richmond,24,24.58,12,8.25,76.833,65.25,7,0.583,1,1,89.083,6.667,3.917,10.583,66.929,61.25,76.596,62.992,1.833,0.25,171.583,16.213,2.083,5.08,2.25,4.704,4.667,6.167,10.833,43.077,1.167,2.583,1.167,0.083,1.0,1.083,3.833,0.833,2.0,0.25,1.167,1.083,1.083,0.0,19.083,18.786,6.75,35.371,1.583,23.457,2.25,0.667,0.25,66.667,3.667,27.273,23,1.917,0.833,2.75,0.417,69.697,4.833,20.0,0.583,0.083,1.917,8.667,1.75,1.25
Ben Griffiths,Richmond,23,23.28,16,7.844,66.562,57.875,0,0.0,0,0,87.812,6.312,2.688,9.0,72.917,63.366,95.349,70.139,2.312,0.188,214.312,23.812,2.125,4.235,2.0,4.5,5.062,4.438,9.5,53.289,1.438,2.438,0.688,0.312,0.375,0.688,4.438,1.562,1.062,0.5,0.938,0.625,1.438,-0.812,21.25,22.636,7.5,35.294,1.75,23.333,2.75,1.062,0.438,14.286,3.0,27.083,12,0.75,0.938,2.0,0.375,37.5,4.438,18.49,0.875,0.0,2.562,11.312,3.312,1.562
David Astbury,Richmond,23,23.84,8,8.075,68.5,58.125,5,0.625,2,0,92.625,8.875,4.625,13.5,78.704,81.69,72.973,65.741,0.0,2.625,196.125,14.528,0.875,15.429,2.25,6.0,3.625,10.0,13.625,26.606,3.875,2.375,0.0,0.0,0.25,0.25,5.25,0.375,0.0,1.0,0.0,0.5,0.5,0.0,0.0,0.0,0.0,,0.0,,1.875,0.0,5.375,16.279,0.125,0.0,0,0.0,0.0,0.0,0.0,,1.375,5.946,0.375,0.125,6.625,7.625,6.5,6.0
Reece Conca,Richmond,22,22.38,19,9.468,77.842,76.421,4,0.222,1,2,76.316,10.526,8.211,18.737,69.944,60.5,82.051,56.18,3.053,1.263,237.316,12.666,2.421,7.739,2.158,8.683,6.842,11.158,18.0,38.012,2.316,4.684,0.526,0.737,1.737,2.474,3.526,0.263,0.211,0.316,0.263,0.789,1.421,-0.632,0.0,0.0,0.0,,0.0,,5.053,0.895,0.316,50.0,0.316,0.0,3,0.158,0.158,0.368,0.526,42.857,3.842,16.782,1.0,0.895,1.368,14.579,6.368,0.526
Dustin Martin,Richmond,23,23.51,22,12.536,99.273,97.591,45,2.143,10,13,83.227,17.5,7.955,25.455,66.964,59.481,83.429,68.75,3.818,1.864,381.682,14.995,4.227,6.022,5.545,4.59,8.091,17.273,25.364,31.9,1.864,5.864,1.5,0.545,2.0,2.545,4.909,0.318,0.682,0.045,0.864,0.727,1.5,-0.773,0.091,0.093,0.0,0.0,0.0,,2.545,0.545,0.182,0.0,1.364,56.667,27,1.227,0.682,2.409,0.818,50.943,6.955,29.767,1.091,0.864,1.182,12.545,5.227,0.409
Matthew McDonough,Richmond,20,20.92,7,7.486,51.571,44.429,0,0.0,0,0,69.429,6.286,5.429,11.714,80.488,79.545,81.579,53.659,1.286,2.429,208.143,17.768,0.429,27.333,1.429,8.2,2.857,8.571,11.429,25.0,2.714,1.857,0.0,0.0,0.286,0.286,2.286,0.286,0.143,1.0,0.0,0.429,0.143,0.286,0.0,0.0,0.0,,0.0,,1.714,0.143,0.571,0.0,0.143,0.0,1,0.143,0.143,0.286,0.143,50.0,3.0,13.376,1.286,1.571,2.0,8.714,6.143,1.429
Brandon Ellis,Richmond,21,21.41,23,9.057,95.652,94.957,51,2.318,9,9,86.13,15.435,10.696,26.13,73.378,68.451,80.488,59.068,2.783,4.087,408.609,15.637,2.696,9.694,4.565,5.724,6.609,18.304,24.913,26.527,3.609,5.261,0.304,0.043,1.739,1.783,5.478,0.217,0.435,0.739,0.261,0.609,0.87,-0.261,0.0,0.0,0.0,,0.0,,2.435,0.261,0.435,30.0,0.565,38.462,10,0.435,0.478,1.13,0.348,38.462,5.87,25.14,1.13,1.13,1.261,11.913,7.13,0.826
Jarrad Waite,Carlton,31,31.9,16,11.769,91.5,80.25,16,1.0,3,4,88.125,10.562,3.875,14.438,65.368,59.763,80.645,73.16,2.25,0.562,228.188,15.805,2.125,6.794,3.125,4.62,7.688,7.438,15.125,50.826,2.125,4.125,1.625,0.062,0.125,0.188,6.25,2.188,2.5,0.312,2.0,0.875,0.75,0.125,0.0,0.0,0.0,,0.0,,2.875,1.375,0.125,0.0,4.312,20.29,29,1.812,1.062,3.5,0.625,51.786,6.562,28.075,1.062,0.688,1.438,10.5,2.312,0.5
Kade Simpson,Carlton,30,30.65,22,12.182,95.409,92.0,30,1.364,7,8,88.364,15.864,7.773,23.636,76.731,71.633,87.135,67.115,2.591,3.455,385.682,16.317,2.591,9.123,4.182,5.652,7.136,15.136,22.273,32.041,5.182,5.455,0.273,0.727,1.455,2.182,6.318,0.318,0.091,1.136,0.182,1.091,0.682,0.409,0.045,0.048,0.045,100.0,0.0,0.0,2.364,0.136,1.273,17.857,0.182,0.0,4,0.182,0.273,0.545,0.5,33.333,5.045,21.722,1.591,1.364,1.955,10.045,5.682,0.773
Andrew Walker,Carlton,28,28.62,14,7.85,87.929,82.929,7,0.5,1,0,92.286,15.857,6.571,22.429,75.478,71.622,84.783,70.701,2.357,5.571,496.286,22.127,2.357,9.515,5.071,4.423,4.214,16.357,20.571,20.486,3.786,3.429,0.0,0.143,0.5,0.643,5.071,0.286,0.286,0.571,0.143,0.571,0.857,-0.286,0.0,0.0,0.0,,0.0,,2.0,0.071,1.857,34.615,0.214,33.333,2,0.143,0.143,0.357,0.071,40.0,4.357,18.654,0.786,1.571,2.929,10.571,7.786,1.929
Brock McLean,Carlton,28,28.8,16,7.763,74.312,76.062,12,0.75,2,3,73.688,11.375,7.812,19.188,65.472,56.593,78.4,59.283,2.438,0.875,269.438,14.042,2.688,7.14,3.5,5.482,8.188,11.375,19.562,41.853,1.188,4.875,0.625,1.625,2.188,3.812,4.125,0.188,0.375,0.125,0.5,0.812,1.125,-0.312,0.0,0.0,0.062,,0.062,100.0,3.062,0.188,0.312,80.0,1.125,33.333,9,0.562,0.812,1.625,0.312,34.615,5.062,21.316,1.062,0.062,0.875,14.438,6.312,0.25
Dale Thomas,Carlton,27,27.52,20,9.415,75.65,75.7,8,0.4,3,0,80.4,11.2,6.1,17.3,72.832,69.643,78.689,64.74,2.05,1.95,257.65,14.893,2.25,7.689,2.9,5.966,5.6,11.35,16.95,33.038,2.1,3.95,1.1,0.2,0.9,1.1,5.65,0.5,0.45,0.45,0.5,0.7,1.05,-0.35,0.0,0.0,0.0,,0.0,,2.85,0.55,0.25,40.0,0.95,26.316,12,0.6,0.4,1.45,0.55,41.379,4.45,18.58,0.65,0.9,1.2,13.65,6.25,0.3
Marc Murphy,Carlton,27,27.45,20,14.54,106.05,96.15,39,1.95,8,9,80.9,13.75,10.35,24.1,70.954,64.727,79.227,57.054,3.75,1.35,353.4,14.664,2.5,9.64,3.65,6.603,11.2,12.65,23.85,46.96,3.4,7.0,1.0,1.3,3.65,4.95,3.75,0.25,0.2,0.4,0.15,2.7,1.0,1.7,0.0,0.0,0.0,,0.0,,4.95,0.25,0.3,50.0,0.3,0.0,10,0.5,0.45,1.0,0.6,50.0,6.4,27.292,1.9,1.2,1.15,17.7,8.35,0.2
Bryce Gibbs,Carlton,25,25.79,22,13.595,106.227,101.364,50,2.273,8,9,83.818,14.0,10.773,24.773,67.339,59.416,77.637,56.514,4.136,1.727,351.545,14.191,2.227,11.122,4.364,5.677,10.727,13.818,24.545,43.704,2.591,7.364,0.773,2.273,3.364,5.636,4.045,0.273,0.5,0.455,0.136,1.364,0.636,0.727,0.136,0.144,1.0,100.0,0.227,22.727,4.909,0.591,0.182,0.0,0.273,33.333,18,0.818,0.682,1.773,0.636,46.154,6.5,27.984,1.409,0.727,1.591,14.045,7.818,0.591
Robert Warnock,Carlton,27,27.94,16,10.494,80.938,66.562,2,0.125,1,1,81.812,4.938,3.75,8.688,57.554,48.101,70.0,56.835,1.875,0.938,118.812,13.676,2.375,3.658,2.25,3.861,6.125,2.375,8.5,72.059,1.125,4.125,0.375,1.312,2.062,3.375,0.875,0.188,0.125,0.125,0.062,1.0,0.875,0.125,75.562,78.558,34.25,45.327,8.875,25.912,1.875,0.312,0.938,26.667,0.25,25.0,4,0.25,0.0,0.438,0.062,57.143,3.938,16.623,3.312,0.0,3.5,7.062,2.75,2.5
Michael Jamison,Carlton,28,28.55,20,8.14,61.85,51.6,2,0.1,2,0,91.85,7.35,3.95,11.3,85.841,85.034,87.342,65.044,0.75,2.35,201.7,17.85,0.85,13.294,1.65,6.848,2.75,8.8,11.55,23.81,3.35,1.95,0.05,0.0,0.15,0.15,5.4,0.35,0.05,1.15,0.1,0.3,0.3,0.0,0.05,0.053,0.0,0.0,0.0,,1.4,0.0,3.5,15.714,0.35,42.857,1,0.05,0.15,0.2,0.0,25.0,2.05,8.972,0.6,0.05,6.05,6.55,5.55,5.2
Andrejs Everitt,Carlton,25,25.8,17,10.441,81.176,72.765,13,0.765,2,3,86.118,9.412,7.412,16.824,81.469,76.25,88.095,55.944,2.412,1.529,267.235,15.885,0.882,19.067,2.059,8.171,5.529,10.941,16.471,33.571,3.294,4.529,0.706,0.235,1.0,1.235,5.235,0.235,0.882,0.529,0.471,0.294,0.176,0.118,0.0,0.0,0.294,,0.0,0.0,2.235,0.353,1.118,42.105,0.235,0.0,13,0.765,0.412,1.294,0.706,59.091,4.588,19.118,0.765,1.294,2.529,11.118,5.941,2.059
David Ellard,Carlton,25,25.8,13,5.5,60.308,59.692,1,0.077,1,0,71.308,6.462,4.462,10.923,60.563,55.952,67.241,59.155,1.769,0.308,137.154,12.556,1.923,5.68,2.0,5.462,5.692,5.769,11.462,49.664,1.154,4.308,1.308,0.615,0.615,1.231,2.615,0.231,0.692,0.077,0.615,0.769,0.692,0.077,0.0,0.0,0.0,,0.0,,4.769,1.923,0.231,66.667,1.385,22.222,11,0.846,0.692,2.0,0.231,42.308,4.538,18.971,0.692,0.077,1.154,16.0,4.385,0.538
Matthew Kreuzer,Carlton,25,25.63,1,5.9,69.0,59.0,0,0.0,0,0,72.0,9.0,5.0,14.0,42.857,44.444,40.0,64.286,1.0,1.0,238.0,17.0,4.0,3.5,1.0,14.0,7.0,6.0,13.0,53.846,0.0,2.0,0.0,0.0,0.0,0.0,3.0,0.0,0.0,0.0,0.0,3.0,1.0,2.0,35.0,35.354,13.0,37.143,5.0,38.462,0.0,0.0,0.0,,0.0,,0,0.0,0.0,0.0,0.0,,4.0,14.815,1.0,0.0,7.0,9.0,5.0,4.0
Ed Curnow,Carlton,25,25.14,15,10.0,87.133,85.2,3,0.2,1,0,89.8,10.867,10.4,21.267,67.712,54.601,81.41,51.097,1.733,2.0,253.133,11.903,2.267,9.382,3.4,6.255,9.0,12.4,21.4,42.056,2.8,7.8,0.667,0.333,2.133,2.467,4.0,0.0,0.0,0.133,0.133,0.467,0.467,0.0,0.0,0.0,0.0,,0.0,,4.933,0.467,0.467,28.571,0.4,33.333,2,0.133,0.2,0.333,0.467,40.0,3.867,16.86,1.133,0.8,1.467,16.733,9.733,0.6
Lachie Henderson,Carlton,25,25.04,17,9.459,73.529,64.294,17,1.0,2,6,91.529,8.059,3.235,11.294,77.083,70.803,92.727,71.354,1.882,0.353,191.765,16.979,0.941,12.0,1.706,6.621,4.824,6.882,11.706,41.206,1.412,2.882,0.941,0.059,0.118,0.176,5.176,0.706,2.235,0.353,2.118,1.059,0.471,0.588,0.118,0.122,0.0,0.0,0.0,,1.941,0.588,0.353,16.667,3.588,18.033,28,1.647,0.824,2.647,0.765,62.222,5.824,24.384,0.471,0.235,2.059,10.647,2.529,1.353
Jeff Garlett,Carlton,25,25.41,9,7.5,48.222,47.667,0,0.0,0,0,66.0,6.444,1.556,8.0,63.889,63.793,64.286,80.556,2.0,0.0,141.889,17.736,1.889,4.235,2.222,3.6,3.444,4.667,8.111,42.466,0.667,2.889,1.222,0.333,0.444,0.778,2.333,0.0,1.333,0.111,0.889,0.222,0.333,-0.111,0.0,0.0,0.0,,0.0,,2.556,0.778,0.0,,0.889,0.0,12,1.333,0.778,2.556,0.667,52.174,4.556,19.34,0.444,0.778,1.333,15.444,3.444,0.333
Chris Yarran,Carlton,24,24.03,21,13.748,82.714,71.81,34,1.619,7,4,81.19,11.905,4.429,16.333,72.303,70.0,78.495,72.886,3.476,1.857,341.905,20.933,1.524,10.719,2.571,6.352,5.19,11.19,16.381,31.686,3.19,4.048,0.714,0.143,0.476,0.619,4.238,0.286,0.429,0.714,0.333,0.714,0.524,0.19,0.0,0.0,0.0,,0.0,,2.238,0.381,0.952,5.0,0.667,42.857,21,1.0,0.429,1.714,0.571,58.333,4.857,20.774,0.714,3.19,1.952,10.524,5.19,1.286
Mitch Robinson,Carlton,25,25.56,12,11.683,83.083,82.75,6,0.5,1,1,79.75,10.333,9.583,19.917,72.803,60.484,86.087,51.883,3.833,0.75,304.917,15.31,3.083,6.459,3.667,5.432,9.0,11.083,20.083,44.813,3.167,6.583,1.167,0.75,1.583,2.333,4.667,0.333,0.75,0.333,0.417,1.083,0.917,0.167,0.0,0.0,0.5,,0.083,16.667,4.083,0.75,0.25,33.333,0.75,22.222,6,0.5,0.417,1.167,0.833,42.857,5.583,23.264,1.083,0.25,1.5,16.833,7.25,0.583
Matthew Watson,Carlton,22,22.46,3,9.1,79.333,59.0,2,0.667,1,0,83.333,8.333,5.333,13.667,75.61,80.0,68.75,60.976,1.333,2.0,223.0,16.317,2.0,6.833,3.667,3.727,6.667,7.0,13.667,48.78,5.0,5.0,1.0,0.0,0.0,0.0,3.333,0.333,0.667,0.333,0.667,1.333,0.667,0.667,0.0,0.0,0.333,,0.0,0.0,1.333,0.0,3.333,40.0,1.0,66.667,4,1.333,0.333,1.667,0.0,80.0,4.0,16.667,1.0,0.0,4.333,7.667,5.0,4.0
Andrew McInnes,Carlton,22,22.78,1,4.7,53.0,40.0,0,0.0,0,0,89.0,7.0,4.0,11.0,36.364,42.857,25.0,63.636,1.0,0.0,175.0,15.909,1.0,11.0,2.0,5.5,4.0,7.0,11.0,36.364,4.0,4.0,0.0,0.0,1.0,1.0,1.0,0.0,0.0,1.0,0.0,0.0,0.0,0.0,0.0,0.0,0.0,,0.0,,2.0,0.0,2.0,0.0,0.0,,0,0.0,0.0,0.0,0.0,,1.0,3.704,1.0,0.0,7.0,8.0,4.0,6.0
Zach Tuohy,Carlton,25,25.05,22,8.436,60.455,51.409,0,0.0,0,0,91.591,8.909,5.136,14.045,74.434,69.898,82.301,63.43,1.955,3.5,303.955,21.641,2.045,6.867,3.455,4.066,5.091,8.0,13.091,38.889,4.182,4.227,0.045,0.318,0.864,1.182,2.909,0.136,0.045,0.5,0.045,0.591,0.636,-0.045,0.0,0.0,0.0,,0.0,,1.409,0.045,1.5,30.303,0.0,,4,0.182,0.273,0.545,0.182,33.333,3.227,13.894,0.955,0.545,2.682,7.727,5.727,1.727
Troy Menzel,Carlton,20,20.27,19,6.516,50.684,49.632,3,0.158,2,0,65.947,6.842,2.368,9.211,71.429,68.462,80.0,74.286,1.211,0.526,136.526,14.823,1.263,7.292,1.474,6.25,3.211,5.737,8.947,35.882,1.158,1.947,0.579,0.105,0.211,0.316,3.474,0.579,1.158,0.316,0.684,0.579,0.474,0.105,0.0,0.0,0.0,,0.0,,1.474,0.632,0.105,50.0,1.053,30.0,26,1.368,0.684,2.158,0.421,63.415,3.947,16.93,0.316,0.105,0.789,8.579,2.895,0.316
Tom Bell,Carlton,23,23.55,13,9.592,63.923,67.385,3,0.231,1,1,72.846,9.308,5.0,14.308,63.441,57.851,73.846,65.054,3.308,1.154,304.0,21.247,2.077,6.889,4.0,3.577,5.846,8.692,14.538,40.212,1.385,4.538,1.154,0.308,1.385,1.692,3.692,0.231,0.462,0.154,0.385,0.231,0.462,-0.231,0.0,0.0,0.077,,0.077,100.0,3.538,0.615,0.0,,0.231,33.333,11,0.846,0.231,1.462,0.231,57.895,4.077,17.785,0.923,0.231,1.769,13.385,5.077,0.308
Kane Cornes,Port Adelaide,31,31.98,25,7.152,85.28,94.04,17,0.773,4,5,89.44,13.12,11.16,24.28,73.641,67.683,80.645,54.036,2.16,1.56,274.64,11.311,2.12,11.453,2.96,8.203,6.24,17.92,24.16,25.828,2.0,5.16,0.4,0.48,1.56,2.04,5.28,0.0,0.12,0.12,0.24,0.6,0.76,-0.16,0.04,0.04,0.0,0.0,0.0,,4.44,0.44,0.16,50.0,0.04,0.0,1,0.04,0.2,0.36,0.28,11.111,5.16,18.402,1.08,0.48,1.0,13.96,6.52,0.36
Dom Cassisi,Port Adelaide,32,32.27,13,8.415,58.154,53.308,0,0.0,0,0,77.923,6.0,7.769,13.769,73.184,60.256,83.168,43.575,1.923,0.846,151.154,10.978,2.308,5.967,2.077,6.63,6.462,7.538,14.0,46.154,3.846,5.462,0.462,0.385,1.231,1.615,2.308,0.154,0.0,0.615,0.077,1.0,1.0,0.0,0.0,0.0,0.0,,0.0,,3.538,0.231,1.308,29.412,0.308,50.0,1,0.077,0.231,0.462,0.462,16.667,3.077,10.84,1.154,0.231,2.615,13.154,7.231,1.231
Jay Schulz,Port Adelaide,29,29.7,25,11.228,80.4,76.72,20,0.909,4,6,96.4,8.76,3.76,12.52,69.649,66.667,76.596,69.968,2.0,0.16,191.72,15.313,2.08,6.019,2.8,4.471,5.0,7.64,12.64,39.557,0.84,2.04,0.8,0.0,0.08,0.08,6.4,1.68,3.44,0.2,2.72,0.96,1.12,-0.16,0.08,0.081,0.12,100.0,0.0,0.0,2.28,0.92,0.04,100.0,3.64,24.176,66,2.64,1.04,4.32,0.6,61.111,6.84,24.394,0.4,0.36,2.04,7.24,1.28,1.12
Angus Monfries,Port Adelaide,27,27.94,17,7.276,65.353,64.882,0,0.0,0,0,79.235,7.706,5.235,12.941,65.909,59.542,75.281,59.545,2.118,0.294,172.647,13.341,1.059,12.222,2.353,5.5,4.588,8.353,12.941,35.455,1.059,3.353,1.412,0.176,0.647,0.824,3.824,0.412,1.353,0.176,1.176,0.882,0.294,0.588,0.0,0.0,0.0,,0.0,,2.941,1.176,0.176,33.333,1.294,18.182,21,1.235,0.647,2.353,0.647,52.5,5.412,18.891,0.706,0.471,1.059,11.412,3.176,0.412
Matthew White,Port Adelaide,27,27.71,22,12.577,73.0,70.182,5,0.263,2,0,75.773,9.591,4.318,13.909,74.183,68.72,86.316,68.954,4.0,0.773,338.864,24.363,1.5,9.273,2.455,5.667,4.5,9.636,14.136,31.833,1.773,3.773,0.773,0.091,1.0,1.091,4.227,0.136,0.545,0.091,0.727,0.591,0.545,0.045,0.0,0.0,0.136,,0.091,66.667,3.364,0.727,0.091,50.0,0.682,26.667,25,1.136,0.727,1.955,0.909,58.14,5.091,17.949,0.636,1.091,1.136,14.909,5.955,0.5
Justin Westhoff,Port Adelaide,28,28.24,25,12.216,90.64,88.72,22,1.0,6,3,90.92,12.72,5.92,18.64,70.815,65.094,83.108,68.24,3.44,1.36,316.72,16.991,2.28,8.175,3.32,5.614,6.56,11.96,18.52,35.421,2.92,3.96,1.16,0.16,0.56,0.72,7.28,1.4,1.6,0.88,1.24,0.84,0.56,0.28,4.76,4.804,1.84,38.655,0.4,21.739,2.0,0.8,0.36,0.0,2.28,31.579,29,1.16,0.92,2.6,0.68,44.615,6.68,23.823,0.72,0.48,2.36,10.08,2.92,1.16
Matthew Lobbe,Port Adelaide,25,25.88,24,9.321,97.292,86.542,5,0.238,3,3,86.125,4.917,5.583,10.5,67.063,50.0,82.09,46.825,1.292,0.417,92.958,8.853,3.042,3.452,1.5,7.0,6.125,4.708,10.833,56.538,1.833,3.583,0.375,1.208,1.667,2.875,2.042,0.5,0.083,0.5,0.125,1.583,2.208,-0.625,84.292,85.179,31.708,37.617,8.917,28.121,6.542,0.792,0.708,23.529,0.667,18.75,6,0.25,0.167,0.458,0.167,54.545,4.042,14.435,3.167,0.0,3.792,17.0,7.25,2.917
Robbie Gray,Port Adelaide,26,26.75,25,15.2,110.72,94.64,111,5.045,18,14,82.6,12.08,12.8,24.88,69.614,55.298,83.125,48.553,3.24,1.04,304.04,12.22,2.36,10.542,3.28,7.585,11.92,12.84,24.76,48.142,2.52,7.08,1.48,2.32,3.48,5.8,3.88,0.48,1.6,0.28,1.4,1.68,1.0,0.68,0.0,0.0,0.04,,0.0,0.0,2.76,0.68,0.12,33.333,1.64,29.268,42,1.68,1.32,3.44,1.32,48.837,9.12,32.525,2.2,0.48,1.68,13.36,4.24,0.32
Hamish Hartlett,Port Adelaide,24,24.38,22,14.495,97.227,89.409,47,2.474,9,10,77.409,12.273,9.182,21.455,70.763,63.704,80.198,57.203,3.364,1.364,369.136,17.206,2.455,8.741,3.227,6.648,8.955,12.727,21.682,41.3,3.636,6.818,0.909,0.591,2.455,3.045,4.591,0.318,0.5,0.545,0.591,0.818,0.591,0.227,0.045,0.046,0.545,100.0,0.182,33.333,3.591,0.545,0.182,50.0,0.455,10.0,21,0.955,0.773,1.773,0.5,53.846,5.909,21.277,1.545,0.636,1.909,16.136,6.136,0.727
Brad Ebert,Port Adelaide,24,24.74,25,12.68,94.08,97.72,27,1.227,4,7,84.88,13.04,9.16,22.2,68.288,60.429,79.476,58.739,4.04,1.6,395.0,17.793,3.08,7.208,3.72,5.968,8.12,14.08,22.2,36.577,2.68,5.68,0.48,1.0,2.4,3.4,4.84,0.28,0.48,0.6,0.44,0.72,1.24,-0.52,0.16,0.161,1.4,100.0,0.32,22.857,5.96,0.76,0.36,22.222,0.24,16.667,13,0.52,0.4,1.04,0.6,50.0,5.08,18.117,1.12,0.56,1.24,19.04,9.04,0.52
Matthew Broadbent,Port Adelaide,24,24.41,25,10.024,79.48,72.92,3,0.136,3,0,85.52,13.2,5.16,18.36,74.728,70.303,86.047,71.895,2.64,3.6,423.88,23.087,1.4,13.114,3.68,4.989,4.44,11.92,16.36,27.139,4.88,3.56,0.04,0.2,0.68,0.88,4.68,0.32,0.04,1.24,0.0,0.32,0.12,0.2,0.04,0.04,0.0,0.0,0.0,,2.0,0.2,0.76,10.526,0.0,,3,0.12,0.28,0.52,0.28,23.077,3.76,13.409,1.48,2.44,2.36,10.56,6.24,1.72
Jackson Trengove,Port Adelaide,24,24.16,20,9.825,66.6,54.7,0,0.0,0,0,81.85,5.9,7.65,13.55,74.539,61.864,84.314,43.542,1.45,1.15,155.1,11.446,2.15,6.302,1.95,6.949,6.7,6.55,13.25,50.566,4.9,4.35,0.3,0.3,0.9,1.2,3.5,0.9,0.05,1.45,0.1,0.7,1.2,-0.5,13.1,13.61,4.65,35.496,1.1,23.656,2.25,0.2,1.9,18.421,0.45,33.333,1,0.05,0.15,0.35,0.0,14.286,3.65,12.436,1.8,0.25,4.3,9.1,4.5,2.85
John Butcher,Port Adelaide,23,23.49,3,5.133,48.667,53.0,0,0.0,0,0,76.667,7.0,4.0,11.0,66.667,52.381,91.667,63.636,2.667,0.0,161.0,14.636,2.667,4.125,2.667,4.125,5.0,5.333,10.333,48.387,0.667,3.333,1.667,0.0,0.333,0.333,4.333,0.333,1.333,0.0,2.0,1.333,0.667,0.667,0.0,0.0,0.0,,0.0,,1.667,1.333,0.0,,2.667,12.5,2,0.667,1.0,3.0,0.667,22.222,5.0,17.241,0.333,0.0,1.0,7.0,0.667,0.333
Jasper Pittard,Port Adelaide,23,23.75,25,8.984,66.48,65.64,7,0.318,1,0,78.92,11.2,4.76,15.96,73.684,69.643,83.193,70.175,2.16,3.56,399.0,25.0,2.2,7.255,3.76,4.245,3.24,11.6,14.84,21.833,4.32,2.52,0.0,0.16,0.28,0.44,4.4,0.28,0.12,1.24,0.0,0.44,0.32,0.12,0.0,0.0,0.12,,0.04,33.333,2.2,0.08,1.2,26.667,0.04,100.0,3,0.12,0.2,0.44,0.16,27.273,3.56,12.696,1.36,3.16,2.88,9.24,6.4,2.4
Jared Polec,Port Adelaide,22,22.21,24,12.821,81.917,74.375,22,1.048,4,5,83.292,11.25,8.333,19.583,71.489,70.0,73.5,57.447,3.75,2.208,362.625,18.517,2.625,7.46,2.875,6.812,7.167,12.667,19.833,36.134,3.25,5.333,0.667,0.583,1.708,2.292,3.083,0.083,0.25,0.375,0.125,0.875,0.708,0.167,0.0,0.0,0.417,,0.125,30.0,2.625,0.417,0.333,25.0,0.208,20.0,17,0.708,0.792,1.625,0.625,43.59,5.542,19.792,1.208,2.25,1.75,12.125,4.917,1.0
Chad Wingard,Port Adelaide,21,21.42,24,12.287,81.958,77.917,23,1.095,4,6,91.583,10.125,6.125,16.25,60.513,52.675,73.469,62.308,3.292,0.417,285.542,17.572,1.583,10.263,3.0,5.417,7.0,9.042,16.042,43.636,2.042,5.042,1.792,0.417,1.167,1.583,3.917,0.833,1.667,0.375,0.5,0.667,0.5,0.167,0.0,0.0,0.0,,0.0,,3.083,1.083,0.25,16.667,1.042,48.0,43,1.792,1.292,3.625,1.0,49.425,6.917,25.076,1.417,0.125,1.375,13.125,3.25,0.667
Jack Hombsch,Port Adelaide,21,21.81,24,8.671,66.917,58.5,6,0.286,2,0,90.792,8.458,5.083,13.542,79.385,76.847,83.607,62.462,1.125,1.792,208.667,15.409,1.708,7.927,2.083,6.5,4.125,9.375,13.5,30.556,5.333,2.958,0.0,0.0,0.125,0.125,5.0,0.875,0.042,2.125,0.0,0.292,0.667,-0.375,0.042,0.042,0.083,100.0,0.042,50.0,2.375,0.0,3.542,32.941,0.208,40.0,0,0.0,0.083,0.083,0.083,0.0,2.667,9.398,1.25,0.125,5.792,7.833,5.833,5.125
Tom Jonas,Port Adelaide,23,23.97,22,8.936,66.727,60.727,5,0.263,3,0,88.318,8.591,6.545,15.136,79.88,76.19,84.722,56.757,1.591,1.955,227.091,15.003,1.909,7.929,2.545,5.946,4.818,10.227,15.045,32.024,5.5,3.591,0.0,0.0,0.409,0.409,5.045,0.636,0.045,1.773,0.0,0.455,0.909,-0.455,0.0,0.0,0.0,,0.0,,2.182,0.091,2.136,19.149,0.227,40.0,1,0.045,0.0,0.091,0.227,50.0,3.227,11.415,1.0,0.318,4.364,9.455,5.864,3.591
Tom Clurey,Port Adelaide,20,20.77,1,2.5,31.0,28.0,0,0.0,0,0,88.0,6.0,1.0,7.0,85.714,83.333,100.0,85.714,0.0,2.0,130.0,18.571,1.0,7.0,0.0,,2.0,4.0,6.0,33.333,3.0,1.0,0.0,0.0,0.0,0.0,2.0,0.0,0.0,0.0,0.0,1.0,1.0,0.0,0.0,0.0,0.0,,0.0,,1.0,0.0,0.0,,0.0,,0,0.0,0.0,0.0,0.0,,3.0,10.0,2.0,0.0,1.0,7.0,6.0,0.0
James Podsiadly,Adelaide,33,33.3,21,9.086,69.381,65.952,5,0.238,2,4,90.0,9.0,4.81,13.81,65.517,62.434,71.287,65.172,2.476,0.81,227.429,16.469,3.0,4.603,3.714,3.718,6.286,7.857,14.143,44.444,2.667,3.238,1.19,0.0,0.095,0.095,5.667,1.952,1.667,0.714,1.048,0.667,1.19,-0.524,0.143,0.155,0.095,66.667,0.048,50.0,1.762,0.857,0.333,28.571,3.905,34.146,26,1.238,0.667,2.429,0.762,50.98,5.333,20.108,0.238,0.048,2.857,8.619,2.81,1.81
Scott Thompson,Adelaide,31,31.8,19,11.432,94.789,96.105,30,1.579,6,14,81.526,13.526,13.789,27.316,67.245,56.031,78.244,49.518,4.053,1.474,358.579,13.127,3.211,8.508,4.526,6.035,11.789,14.737,26.526,44.444,2.474,7.526,0.737,2.684,3.526,6.211,3.632,0.158,0.263,0.105,0.158,1.0,1.158,-0.158,0.0,0.0,0.105,,0.0,0.0,4.526,0.526,0.158,0.0,0.421,50.0,3,0.158,0.368,0.632,0.368,25.0,6.684,25.149,1.368,0.053,1.105,14.526,6.684,0.263
Ben Rutten,Adelaide,31,31.59,14,6.457,50.857,43.857,0,0.0,0,0,77.5,5.143,5.714,10.857,87.5,81.944,92.5,47.368,0.643,1.429,133.071,12.257,0.857,12.667,1.214,8.941,2.786,8.143,10.929,25.49,3.286,1.929,0.0,0.0,0.214,0.214,3.714,0.214,0.0,1.0,0.0,0.286,0.571,-0.286,0.143,0.16,0.0,0.0,0.0,,1.714,0.0,3.071,32.558,0.071,0.0,1,0.071,0.0,0.071,0.0,100.0,2.286,8.649,0.429,0.214,4.286,5.143,4.143,3.571
Jason Porplyzia,Adelaide,30,30.09,4,6.025,32.0,34.25,0,0.0,0,0,48.25,5.25,3.0,8.25,57.576,52.381,66.667,63.636,1.75,1.0,169.0,20.485,1.75,4.714,2.0,4.125,4.25,4.5,8.75,48.571,2.0,3.25,0.25,0.25,0.25,0.5,2.0,0.25,0.0,0.5,0.25,0.5,0.5,0.0,0.0,0.0,0.0,,0.0,,1.5,0.25,0.25,0.0,0.5,50.0,1,0.25,0.0,0.25,0.25,100.0,1.5,6.667,0.25,0.0,0.75,11.0,6.25,0.0
Eddie Betts,Adelaide,28,28.09,22,13.85,79.364,68.227,31,1.409,7,4,88.273,7.591,5.591,13.182,65.862,55.689,79.675,57.586,1.682,0.364,167.0,12.669,1.773,7.436,2.318,5.686,6.773,6.182,12.955,52.281,1.318,5.227,2.909,0.091,1.273,1.364,2.409,0.136,1.318,0.0,0.955,0.864,0.727,0.136,0.0,0.0,0.0,,0.0,,3.364,1.409,0.0,,1.455,31.25,51,2.318,1.0,3.818,1.318,60.714,7.045,25.833,0.864,0.364,0.955,14.409,2.409,0.045
David Mackay,Adelaide,26,26.43,19,13.047,81.211,73.158,4,0.211,1,0,81.053,8.842,9.158,18.0,78.947,70.833,86.782,49.123,3.263,1.579,306.263,17.015,1.632,11.032,2.789,6.453,6.684,11.789,18.474,36.182,3.158,4.421,0.632,0.263,1.421,1.684,3.053,0.263,0.158,0.421,0.0,1.158,0.684,0.474,0.0,0.0,0.0,,0.0,,4.053,0.474,0.632,41.667,0.211,50.0,11,0.579,0.368,1.0,0.421,57.895,5.368,19.615,1.526,1.947,1.789,17.737,9.895,0.737
Matthew Jaensch,Adelaide,25,25.28,22,9.85,89.5,84.227,7,0.318,2,0,81.136,13.5,7.545,21.045,82.937,83.502,81.928,64.147,2.455,4.045,423.864,20.14,1.545,13.618,4.318,4.874,4.818,14.773,19.591,24.594,5.409,3.318,0.136,0.091,0.227,0.318,5.727,0.727,0.045,1.591,0.136,0.864,0.455,0.409,0.0,0.0,0.0,,0.0,,2.455,0.045,1.091,20.833,0.045,0.0,7,0.318,0.227,0.545,0.136,58.333,4.318,15.833,1.318,1.545,2.591,9.0,7.045,2.0
Matthew Wright,Adelaide,25,25.04,20,11.465,79.65,80.75,0,0.0,0,0,80.0,11.2,7.5,18.7,75.936,70.089,84.667,59.893,2.35,1.1,239.85,12.826,1.35,13.852,2.25,8.311,7.05,11.35,18.4,38.315,2.25,4.65,1.25,0.55,1.4,1.95,4.45,0.2,0.6,0.35,0.25,1.5,0.3,1.2,0.0,0.0,0.0,,0.0,,3.4,0.4,0.4,37.5,0.7,21.429,14,0.7,0.4,1.25,0.85,56.0,6.0,21.661,1.35,0.3,1.3,14.05,5.7,0.6
Sam Jacobs,Adelaide,26,26.72,22,15.164,115.364,97.136,38,1.727,7,6,87.727,8.773,7.5,16.273,71.229,56.477,88.485,53.911,1.818,0.909,185.364,11.391,1.5,10.848,2.227,7.306,6.818,8.591,15.409,44.248,2.773,4.136,0.545,1.455,1.682,3.136,4.091,0.864,0.182,1.136,0.136,0.5,0.682,-0.182,75.909,82.266,34.682,45.689,11.682,33.683,2.091,0.273,1.091,25.0,1.318,34.483,7,0.318,0.136,0.545,0.455,58.333,6.409,23.5,3.955,0.045,2.864,9.409,5.045,2.318
Rory Sloane,Adelaide,24,24.79,22,16.886,114.773,104.591,45,2.045,9,10,88.045,12.227,11.455,23.682,72.169,69.145,75.397,51.631,4.5,2.045,358.545,15.14,2.273,10.42,3.864,6.129,12.5,11.636,24.136,51.789,3.818,8.682,1.182,1.5,2.773,4.273,4.773,0.409,0.318,0.727,0.409,1.182,0.682,0.5,0.0,0.0,0.864,,0.409,47.368,6.682,1.227,0.636,0.0,0.591,30.769,13,0.591,0.409,1.136,0.955,52.0,6.636,24.333,1.909,0.227,2.909,23.636,11.455,1.727
Shaun McKernan,Adelaide,24,24.33,2,9.65,47.5,44.0,0,0.0,0,0,85.5,5.0,5.5,10.5,61.905,40.0,81.818,47.619,3.0,0.0,169.5,16.143,2.0,5.25,2.5,4.2,5.5,5.0,10.5,52.381,2.0,4.0,1.0,0.5,0.0,0.5,1.5,0.5,1.0,0.5,0.5,1.0,1.0,0.0,26.5,32.121,6.0,22.642,3.5,58.333,1.5,0.0,0.5,100.0,1.0,0.0,1,0.5,0.5,1.0,0.0,50.0,2.5,12.821,1.0,0.0,1.0,8.5,1.0,1.0
Brodie Martin,Adelaide,26,26.15,17,8.788,65.412,64.765,6,0.353,2,0,69.235,9.118,6.412,15.529,66.288,59.355,76.147,58.712,2.235,1.765,279.529,18.0,2.353,6.6,2.882,5.388,5.706,10.235,15.941,35.793,3.353,3.941,0.765,0.059,1.176,1.235,3.824,0.412,0.706,0.765,0.412,0.765,0.647,0.118,0.0,0.0,0.0,,0.0,,2.647,0.588,0.294,20.0,0.824,21.429,8,0.471,0.882,1.588,0.235,29.63,4.471,16.0,0.941,0.647,2.0,13.529,6.118,1.0
Lewis Johnston,Adelaide,23,23.83,2,10.9,57.5,57.5,0,0.0,0,0,70.0,7.5,3.0,10.5,76.19,80.0,66.667,71.429,2.5,0.0,214.0,20.381,1.5,7.0,2.5,4.2,2.5,7.0,9.5,26.316,1.0,1.0,0.5,0.0,0.5,0.5,2.5,0.5,1.5,0.0,0.5,1.0,0.5,0.5,1.0,1.212,0.0,0.0,0.0,,2.5,0.5,0.5,0.0,4.5,11.111,4,2.0,0.0,2.5,0.5,80.0,4.0,20.513,0.5,0.0,1.5,9.5,2.5,1.5
Daniel Talia,Adelaide,23,23.24,22,7.891,58.273,48.818,14,0.636,7,0,89.273,7.591,4.227,11.818,76.923,68.862,91.398,64.231,1.136,2.045,189.864,16.065,1.318,8.966,2.136,5.532,3.591,8.318,11.909,30.153,4.273,2.318,0.182,0.0,0.0,0.0,4.773,0.591,0.0,1.227,0.045,0.5,0.545,-0.045,0.0,0.0,0.0,,0.0,,1.091,0.0,4.909,16.667,0.182,50.0,0,0.0,0.045,0.045,0.091,0.0,2.955,10.833,1.045,0.045,6.773,5.091,3.955,6.136
Sam Shaw,Adelaide,23,23.73,6,6.25,48.333,45.5,0,0.0,0,0,83.0,6.5,4.333,10.833,66.154,61.538,73.077,60.0,1.667,1.667,237.167,21.892,1.5,7.222,1.833,5.909,3.667,7.0,10.667,34.375,3.5,3.0,0.0,0.167,0.0,0.167,3.0,0.333,0.0,0.667,0.0,0.5,0.5,0.0,0.0,0.0,0.0,,0.0,,2.333,0.0,2.167,15.385,0.167,0.0,0,0.0,0.0,0.0,0.167,,2.333,9.722,0.833,0.0,4.667,9.333,6.333,4.5
Mitchell Grigg,Adelaide,21,21.99,9,6.033,49.778,49.778,0,0.0,0,0,53.111,7.444,4.222,11.667,73.333,67.164,84.211,63.81,2.222,1.0,238.444,20.438,1.556,7.5,2.667,4.375,4.778,6.889,11.667,40.952,0.667,3.0,1.0,0.222,1.333,1.556,2.778,0.222,0.667,0.0,0.333,1.0,0.556,0.444,0.0,0.0,0.0,,0.0,,1.667,0.444,0.111,100.0,0.333,0.0,6,0.667,0.667,1.556,0.333,42.857,4.222,16.239,0.111,0.444,0.778,7.556,2.444,0.556
Sam Kerridge,Adelaide,21,21.68,14,7.529,51.071,50.929,0,0.0,0,0,83.429,5.143,6.0,11.143,78.205,65.278,89.286,46.154,1.643,0.714,129.643,11.635,1.786,6.24,1.643,6.783,3.857,6.929,10.786,35.762,0.929,3.071,0.429,0.786,1.071,1.857,2.357,0.143,0.643,0.071,0.214,0.214,1.0,-0.786,0.0,0.0,0.0,,0.0,,3.714,0.714,0.571,37.5,0.429,16.667,10,0.714,0.071,1.0,0.357,71.429,3.429,13.333,0.429,0.286,0.643,14.5,6.786,0.286
Luke Brown,Adelaide,22,22.27,22,6.405,52.682,49.818,0,0.0,0,0,85.636,6.273,6.727,13.0,83.916,79.71,87.838,48.252,0.727,1.682,163.045,12.542,0.818,15.889,1.545,8.412,3.682,9.318,13.0,28.322,3.318,3.0,0.0,0.091,0.273,0.364,2.5,0.045,0.045,0.5,0.0,0.591,0.227,0.364,0.0,0.0,0.0,,0.0,,2.455,0.045,1.591,34.286,0.091,50.0,1,0.045,0.045,0.136,0.182,33.333,2.5,9.167,0.636,0.045,1.909,8.773,6.773,1.591
Brad Crouch,Adelaide,20,20.96,11,12.973,94.545,92.545,6,0.545,5,0,80.0,11.364,13.364,24.727,68.382,57.6,77.551,45.956,3.636,2.0,389.182,15.739,2.727,9.067,3.545,6.974,10.364,14.182,24.545,42.222,1.455,6.273,0.636,1.636,3.455,5.091,2.364,0.091,0.182,0.182,0.091,0.727,0.545,0.182,0.0,0.0,0.091,,0.0,0.0,5.545,0.909,0.455,60.0,0.0,,5,0.455,0.545,1.091,0.545,41.667,5.909,20.968,1.273,0.818,1.545,17.455,7.909,0.636
Corey Enright,Geelong,33,33.29,22,10.45,87.045,80.545,11,0.55,4,0,87.682,11.591,9.409,21.0,77.922,72.549,84.541,55.195,2.273,3.0,340.091,16.195,2.545,8.25,4.136,5.077,5.273,15.409,20.682,25.495,4.773,4.227,0.5,0.136,0.773,0.909,5.182,0.227,0.182,1.045,0.136,0.273,0.773,-0.5,0.0,0.0,0.0,,0.0,,2.773,0.0,1.227,40.741,0.182,50.0,8,0.364,0.182,0.591,0.182,61.538,5.045,19.204,1.364,0.318,2.818,11.682,7.682,2.045
Jimmy Bartel,Geelong,31,31.07,23,14.1,100.348,98.043,36,1.714,6,7,94.0,13.957,7.957,21.913,68.651,64.174,76.503,63.69,4.217,1.304,399.957,18.252,2.826,7.754,3.957,5.538,8.0,13.609,21.609,37.022,2.739,5.391,1.217,0.565,1.217,1.783,5.435,0.783,1.348,0.652,0.783,1.0,0.826,0.174,0.0,0.0,0.217,,0.087,40.0,4.348,1.304,0.13,0.0,1.565,22.222,27,1.174,0.783,2.391,0.913,49.091,7.217,28.088,1.13,0.217,1.957,16.609,4.87,0.739
Steve Johnson,Geelong,31,31.49,18,13.072,103.889,105.944,48,2.824,9,19,88.278,14.722,11.056,25.778,64.655,58.868,72.362,57.112,4.722,1.444,428.333,16.616,3.722,6.925,5.222,4.936,10.111,15.444,25.556,39.565,2.556,6.667,1.389,1.389,2.556,3.944,5.111,0.333,0.889,0.444,0.444,0.944,1.333,-0.389,0.056,0.061,0.056,100.0,0.0,0.0,5.222,0.444,0.278,20.0,1.056,26.316,17,0.944,0.778,2.333,0.667,40.476,6.444,26.009,1.056,0.278,1.778,16.0,6.889,0.5
James Kelly,Geelong,31,31.0,23,9.913,85.0,83.217,11,0.524,3,1,87.522,13.565,7.652,21.217,74.385,71.795,78.977,63.934,2.478,2.87,345.913,16.303,3.522,6.025,4.261,4.98,6.609,14.522,21.13,31.276,5.348,5.0,0.261,0.478,0.739,1.217,4.913,0.435,0.13,1.174,0.043,0.739,1.304,-0.565,0.0,0.0,0.0,,0.0,,3.87,0.217,1.13,11.538,0.174,50.0,0,0.0,0.174,0.217,0.304,0.0,4.522,17.362,1.522,0.043,1.739,12.391,8.0,1.217
Tom Lonergan,Geelong,30,30.62,23,6.63,54.913,46.87,7,0.333,1,0,86.957,5.913,5.043,10.957,78.968,77.206,81.034,53.968,0.783,1.783,160.652,14.663,1.435,7.636,1.522,7.2,4.043,6.783,10.826,37.349,4.13,2.435,0.0,0.0,0.043,0.043,4.217,0.826,0.087,1.043,0.087,0.652,0.652,0.0,0.043,0.049,0.0,0.0,0.0,,1.826,0.0,3.174,13.699,0.13,0.0,1,0.043,0.13,0.217,0.087,20.0,2.174,8.264,0.565,0.13,4.652,4.87,3.435,4.0
Hamish McIntosh,Geelong,30,30.32,19,7.989,82.421,77.947,2,0.111,2,0,77.737,7.421,6.368,13.789,61.832,56.028,68.595,53.817,2.158,0.632,167.842,12.172,1.947,7.081,2.368,5.822,7.316,6.579,13.895,52.652,1.737,4.368,1.0,0.895,1.421,2.316,3.789,0.842,0.421,0.684,0.158,1.158,0.842,0.316,49.895,55.929,20.0,40.084,4.947,24.737,2.579,0.263,0.368,28.571,1.579,16.667,7,0.368,0.421,1.053,0.526,35.0,4.421,18.065,2.053,0.0,1.474,7.789,3.684,1.105
Mathew Stokes,Geelong,30,30.1,20,12.64,95.0,89.2,19,1.056,5,6,82.9,13.5,11.95,25.45,74.46,66.296,83.682,53.045,3.55,1.5,385.4,15.143,1.8,14.139,4.15,6.133,7.55,17.45,25.0,30.2,3.4,6.1,1.15,0.25,2.65,2.9,4.0,0.25,0.5,0.65,0.25,0.85,0.45,0.4,0.0,0.0,0.0,,0.0,,2.75,0.55,0.3,66.667,0.45,22.222,7,0.35,0.2,0.65,1.05,53.846,6.8,25.954,1.85,0.2,1.0,12.5,5.95,0.45
Andrew Mackie,Geelong,30,30.4,22,7.636,83.636,80.864,14,0.7,6,0,86.273,13.5,5.955,19.455,78.271,75.084,85.496,69.393,2.5,2.636,351.955,18.091,1.591,12.229,4.727,4.115,4.364,14.318,18.682,23.358,4.818,3.409,0.0,0.045,0.364,0.409,6.227,0.136,0.227,0.636,0.182,0.545,0.182,0.364,0.0,0.0,0.0,,0.0,,2.045,0.0,2.0,27.273,0.0,,5,0.227,0.227,0.545,0.318,41.667,4.318,16.667,1.091,0.227,2.636,8.591,6.091,1.818
Jared Rivers,Geelong,30,30.2,22,10.255,68.636,57.636,2,0.1,1,0,89.136,7.136,5.818,12.955,83.86,81.529,86.719,55.088,1.136,1.5,186.045,14.361,1.0,12.955,1.136,11.4,4.727,8.545,13.273,35.616,5.682,2.818,0.045,0.0,0.136,0.136,5.682,1.045,0.045,2.136,0.227,0.409,0.5,-0.091,0.182,0.206,0.045,25.0,0.0,0.0,2.136,0.045,3.045,11.94,0.409,33.333,0,0.0,0.045,0.045,0.136,0.0,2.864,11.311,1.273,0.091,6.409,7.364,5.591,5.455
Travis Varcoe,Geelong,26,26.72,23,9.448,66.435,63.478,1,0.048,1,0,82.304,6.565,8.826,15.391,75.989,62.914,85.714,42.655,2.391,1.261,215.783,14.02,1.348,11.419,2.261,6.808,4.652,10.652,15.304,30.398,2.652,3.783,0.696,0.348,0.652,1.0,3.0,0.217,0.261,0.435,0.304,0.522,0.435,0.087,0.0,0.0,0.0,,0.0,,3.826,0.739,0.522,16.667,0.435,10.0,9,0.391,0.261,0.826,0.304,47.368,4.043,15.736,1.13,0.217,1.478,15.174,6.913,0.478
Joel Selwood,Geelong,26,26.6,24,17.858,123.292,107.708,68,3.091,10,21,86.083,12.958,12.625,25.583,76.221,66.559,86.139,50.651,4.167,1.667,392.792,15.353,2.5,10.233,3.792,6.747,12.917,13.5,26.417,48.896,2.917,7.417,0.833,2.792,3.583,6.375,4.542,0.5,0.875,0.333,0.625,2.833,1.25,1.583,0.167,0.188,0.208,100.0,0.125,60.0,6.0,0.625,0.542,0.0,0.917,45.455,24,1.0,0.667,1.875,0.833,53.333,7.708,29.935,2.25,0.5,2.417,17.625,7.708,1.083
Harry Taylor,Geelong,28,28.55,23,13.174,81.478,66.957,44,2.095,9,7,92.652,9.261,6.043,15.304,81.534,77.465,87.77,60.511,1.13,2.913,270.391,17.668,1.174,13.037,2.0,7.652,6.391,9.478,15.87,40.274,6.348,3.696,0.261,0.087,0.217,0.304,6.478,1.348,0.217,2.261,0.174,0.478,0.609,-0.13,0.0,0.0,0.174,,0.087,50.0,2.043,0.043,2.609,11.667,0.565,38.462,2,0.087,0.13,0.304,0.261,28.571,2.783,10.756,0.826,0.304,6.0,6.739,4.609,4.652
Tom Hawkins,Geelong,26,26.44,24,13.192,87.25,77.333,37,1.682,6,7,94.125,9.25,3.125,12.375,65.32,62.613,73.333,74.747,2.167,0.0,218.167,17.63,1.667,7.425,2.375,5.211,6.625,5.958,12.583,52.649,0.417,2.875,1.833,0.0,0.042,0.042,6.708,2.333,4.042,0.042,3.042,1.042,0.625,0.417,0.375,0.422,0.042,11.111,0.042,100.0,1.333,0.917,0.0,,6.0,43.056,68,2.833,1.667,5.083,0.708,55.738,7.667,29.773,0.208,0.0,1.0,7.167,0.833,0.25
Dawson Simpson,Geelong,25,25.86,13,8.008,60.846,49.231,2,0.154,1,0,64.769,1.615,4.462,6.077,77.215,57.143,84.483,26.582,0.538,0.231,27.385,4.506,1.308,4.647,0.538,11.286,3.615,2.769,6.385,56.627,1.0,2.231,0.615,0.692,0.538,1.231,1.385,0.462,0.154,0.308,0.077,0.692,1.154,-0.462,45.846,52.604,22.077,48.154,7.077,32.056,2.615,0.615,0.462,50.0,0.846,18.182,3,0.231,0.154,0.538,0.231,42.857,3.231,12.069,2.308,0.0,1.923,11.308,4.692,1.308
Taylor Hunt,Geelong,24,24.15,7,8.386,60.0,63.857,0,0.0,0,0,78.0,8.286,5.0,13.286,73.118,65.517,85.714,62.366,2.143,0.714,166.571,12.538,1.0,13.286,2.143,6.2,4.571,8.286,12.857,35.556,3.571,3.286,0.429,0.143,0.429,0.571,3.0,0.0,0.286,0.143,0.286,0.714,0.571,0.143,0.0,0.0,0.0,,0.0,,4.571,0.0,0.857,33.333,0.286,0.0,3,0.429,0.143,0.571,0.286,75.0,2.286,8.791,0.571,0.286,1.429,13.143,9.429,0.857
Mitch Brown,Geelong,24,24.34,5,6.66,52.0,54.0,0,0.0,0,0,80.8,7.4,3.8,11.2,62.5,54.054,78.947,66.071,2.6,0.4,126.8,11.321,0.8,14.0,1.2,9.333,4.0,6.0,10.0,40.0,2.0,3.2,1.6,0.0,0.2,0.2,3.4,0.6,0.4,0.6,0.2,0.2,0.2,0.0,0.2,0.228,0.2,100.0,0.2,100.0,2.2,0.6,0.4,0.0,2.0,30.0,4,0.8,0.6,2.4,0.2,33.333,4.0,13.423,0.8,0.2,0.8,10.4,2.8,0.4
Josh Caddy,Geelong,22,22.25,16,10.006,78.0,69.062,12,0.857,2,2,69.188,7.562,9.125,16.688,68.914,62.81,73.973,45.318,2.5,1.0,219.688,13.165,2.5,6.675,2.688,6.209,8.062,9.062,17.125,47.08,1.938,5.875,0.625,0.938,1.688,2.625,3.25,0.375,0.875,0.375,0.562,0.625,1.125,-0.5,0.0,0.0,0.438,,0.125,28.571,4.0,0.812,0.312,40.0,0.438,14.286,11,0.688,0.562,1.438,0.375,47.826,4.688,18.029,1.25,0.5,1.562,15.938,6.188,0.25
Lincoln McCarthy,Geelong,21,21.19,4,5.55,46.0,39.75,0,0.0,0,0,66.75,6.0,4.0,10.0,55.0,45.833,68.75,60.0,2.75,0.5,184.5,18.45,2.25,4.444,2.75,3.636,6.25,4.75,11.0,56.818,2.0,5.0,2.5,0.0,0.5,0.5,1.25,0.25,0.0,0.25,0.5,0.75,1.0,-0.25,0.0,0.0,0.0,,0.0,,2.75,1.0,0.0,,1.0,0.0,0,0.0,1.25,1.5,0.75,0.0,4.0,13.115,1.0,0.0,1.5,9.5,2.5,1.25
Jordan Murdoch,Geelong,22,22.77,23,9.026,62.391,63.435,2,0.095,2,0,82.087,7.826,5.0,12.826,65.763,57.778,78.261,61.017,2.565,0.826,269.696,21.027,1.652,7.763,2.913,4.403,4.652,8.391,13.043,35.667,1.739,3.783,1.348,0.174,0.391,0.565,3.174,0.174,0.652,0.087,0.478,0.609,0.478,0.13,0.0,0.0,0.0,,0.0,,3.696,1.348,0.13,33.333,0.696,18.75,22,0.957,0.739,2.13,0.435,44.898,4.609,17.936,0.783,0.261,0.826,18.174,4.87,0.261
Paul Chapman,Essendon,33,33.15,20,12.045,96.2,91.8,14,0.737,4,4,80.15,12.5,7.4,19.9,76.131,70.4,85.811,62.814,3.75,0.8,298.45,14.997,1.4,14.214,2.8,7.107,6.3,13.35,19.65,32.061,1.4,4.85,1.15,0.85,1.4,2.25,5.6,0.3,0.9,0.2,0.95,0.5,0.6,-0.1,0.0,0.0,0.0,,0.0,,4.15,1.25,0.2,25.0,0.8,18.75,22,1.1,0.8,2.15,0.65,51.163,6.5,27.14,0.85,0.6,0.8,13.75,5.0,0.3
Brendon Goddard,Essendon,29,29.61,20,13.79,101.75,96.55,54,2.842,8,9,82.95,14.1,9.05,23.15,76.458,70.922,85.083,60.907,3.85,2.35,386.9,16.713,2.05,11.293,3.2,7.234,7.6,15.95,23.55,32.272,2.95,5.3,1.35,1.0,1.5,2.5,6.65,0.7,0.9,0.65,0.9,1.1,0.7,0.4,0.1,0.109,1.0,100.0,0.4,40.0,2.55,0.35,0.2,50.0,1.85,40.541,17,0.85,0.9,1.85,0.6,45.946,6.3,26.471,1.2,0.3,1.2,10.45,4.5,0.45
Jobe Watson,Essendon,29,29.89,15,16.447,106.4,103.2,30,2.143,6,8,82.8,12.333,15.067,27.4,76.399,71.351,80.531,45.012,3.267,0.867,272.267,9.937,2.333,11.743,2.867,9.558,11.133,16.333,27.467,40.534,2.733,6.733,0.933,2.867,2.933,5.8,4.667,0.2,0.2,0.267,0.667,1.067,0.667,0.4,0.0,0.0,0.2,,0.067,33.333,4.667,0.533,0.4,50.0,0.667,20.0,10,0.667,0.133,1.0,0.733,66.667,6.933,29.63,1.867,0.4,1.733,15.867,6.467,0.333
Brent Stanton,Essendon,28,28.66,23,10.348,89.478,99.043,11,0.5,4,2,84.261,15.087,8.13,23.217,73.221,66.571,85.561,64.981,3.261,1.739,346.957,14.944,2.0,11.609,3.609,6.434,5.87,17.0,22.87,25.665,3.13,4.565,0.478,0.435,1.087,1.522,6.043,0.087,0.652,0.217,0.348,0.739,0.435,0.304,0.0,0.0,0.0,,0.0,,3.739,0.261,0.435,10.0,0.652,13.333,17,0.739,0.565,1.783,0.217,41.463,5.478,23.377,0.957,0.304,1.348,15.043,7.0,0.652
Paddy Ryder,Essendon,26,26.8,21,12.976,101.571,88.714,16,0.8,3,2,86.524,7.81,5.095,12.905,69.742,57.317,88.785,60.517,2.286,0.905,186.476,14.45,1.524,8.469,1.952,6.61,7.571,5.81,13.381,56.584,0.952,3.667,0.762,1.571,2.381,3.952,4.048,0.762,1.238,0.286,0.952,1.81,0.714,1.095,63.429,69.592,26.143,41.216,6.714,25.683,2.667,0.476,0.857,11.111,1.333,25.0,20,0.952,0.762,1.81,0.381,52.632,5.857,25.051,2.571,0.048,3.524,9.143,4.571,2.571
Heath Hocking,Essendon,27,27.01,22,9.218,67.227,64.182,10,0.476,2,0,82.091,6.545,7.045,13.591,75.585,62.5,87.742,48.161,2.136,0.636,142.727,10.502,1.773,7.667,2.0,6.795,6.818,7.227,14.045,48.544,1.955,4.636,1.0,0.864,1.773,2.636,3.091,0.318,0.045,0.636,0.409,0.636,1.045,-0.409,0.136,0.15,0.091,66.667,0.0,0.0,5.364,0.591,0.727,18.75,0.273,50.0,7,0.318,0.227,0.773,0.364,41.176,3.591,15.222,1.0,0.091,2.182,16.909,7.0,0.727
Ben Howlett,Essendon,26,26.19,21,10.081,72.286,76.524,9,0.45,1,2,79.619,8.571,6.81,15.381,66.873,57.222,79.021,55.728,2.857,0.571,226.905,14.752,2.333,6.592,2.667,5.768,6.524,9.095,15.619,41.768,1.429,4.762,0.81,1.095,1.667,2.762,3.667,0.286,0.619,0.19,0.762,0.905,1.095,-0.19,0.0,0.0,0.095,,0.048,50.0,6.19,1.19,0.143,0.0,0.381,37.5,12,0.571,0.286,1.095,0.238,52.174,4.524,19.0,0.905,0.238,1.286,18.095,6.19,0.381
David Myers,Essendon,25,25.5,18,11.928,84.389,81.5,8,0.471,3,1,79.0,11.611,9.333,20.944,75.066,65.55,86.905,55.438,3.278,1.278,353.278,16.867,1.833,11.424,3.333,6.283,8.722,12.722,21.444,40.674,2.556,6.667,0.278,1.389,2.778,4.167,3.556,0.222,0.056,0.278,0.167,0.389,0.944,-0.556,0.5,0.55,1.056,100.0,0.222,21.053,4.167,0.444,0.556,20.0,0.0,,5,0.278,0.389,0.778,0.222,35.714,4.111,16.972,1.056,0.222,2.444,16.0,9.222,1.0
Kyle Hardingham,Essendon,26,26.24,8,4.775,46.125,44.125,0,0.0,0,0,68.375,5.0,1.75,6.75,68.519,65.0,78.571,74.074,1.5,0.375,110.625,16.389,0.875,7.714,1.875,3.6,2.875,4.25,7.125,40.351,1.125,2.125,0.75,0.125,0.0,0.125,3.375,0.375,1.5,0.25,1.125,0.125,0.25,-0.125,0.0,0.0,0.0,,0.0,,2.25,0.875,0.25,0.0,2.125,11.765,9,1.125,0.375,1.75,0.125,64.286,2.5,10.811,0.0,0.0,2.25,10.5,2.375,1.75
Cale Hooker,Essendon,26,26.21,23,10.261,78.348,74.261,14,0.636,4,3,94.652,10.435,7.913,18.348,81.754,79.167,85.165,56.872,0.826,2.957,221.304,12.062,2.043,8.979,2.304,7.962,5.87,12.304,18.174,32.297,6.739,4.0,0.043,0.0,0.174,0.174,7.391,1.0,0.087,2.087,0.0,0.522,0.609,-0.087,0.348,0.38,0.174,50.0,0.0,0.0,1.522,0.0,3.391,25.641,0.435,70.0,0,0.0,0.0,0.043,0.13,0.0,2.565,10.946,0.957,0.087,5.478,6.304,5.174,4.87
Michael Hurley,Essendon,24,24.58,21,11.3,85.857,73.429,11,0.55,3,3,92.762,12.286,7.238,19.524,81.463,77.907,87.5,62.927,1.571,3.19,305.81,15.663,2.238,8.723,2.857,6.833,6.143,12.476,18.619,32.992,6.905,4.429,0.048,0.048,0.286,0.333,6.095,0.762,0.19,1.571,0.333,0.667,1.0,-0.333,0.143,0.154,0.0,0.0,0.0,,1.238,0.095,2.81,32.203,0.286,33.333,4,0.19,0.048,0.286,0.238,66.667,3.476,15.083,1.238,0.381,5.238,4.952,3.333,4.619
David Zaharakis,Essendon,24,24.85,23,10.196,89.478,95.087,36,1.636,7,8,85.609,14.435,9.913,24.348,70.0,58.434,86.842,59.286,4.478,1.478,380.739,15.637,2.348,10.37,4.217,5.773,7.174,16.87,24.043,29.837,1.609,5.217,0.87,1.304,1.957,3.261,4.696,0.174,0.609,0.043,0.652,0.522,0.565,-0.043,0.0,0.0,0.0,,0.0,,3.696,0.783,0.13,33.333,0.391,22.222,14,0.609,0.609,1.609,0.652,37.838,5.565,23.748,0.652,0.435,0.522,14.913,6.304,0.261
Michael Hibberd,Essendon,24,24.99,19,10.342,91.053,89.263,7,0.389,1,3,85.632,15.053,9.421,24.474,78.495,73.776,86.034,61.505,2.0,4.263,380.789,15.559,2.632,9.3,3.737,6.549,6.158,17.947,24.105,25.546,6.316,4.474,0.053,0.158,0.579,0.737,6.368,0.526,0.053,1.474,0.105,1.0,0.579,0.421,0.0,0.0,0.105,,0.0,0.0,1.526,0.0,2.105,27.5,0.0,,2,0.105,0.053,0.211,0.158,50.0,5.0,20.879,1.842,0.421,3.211,7.684,4.684,2.684
Jake Carlisle,Essendon,23,23.24,19,9.032,71.526,72.105,20,1.053,2,6,88.368,8.737,4.211,12.947,71.545,66.867,81.25,67.48,1.632,0.368,171.895,13.276,1.737,7.455,1.895,6.833,5.579,7.211,12.789,43.621,2.0,2.842,1.211,0.211,0.263,0.474,6.368,1.947,2.0,0.895,0.895,0.737,0.789,-0.053,8.789,9.559,2.579,29.341,0.421,16.327,2.0,0.632,0.421,37.5,3.263,24.194,27,1.421,0.895,2.684,0.368,52.941,5.211,22.247,0.737,0.105,1.421,8.316,2.737,0.947
Joe Daniher,Essendon,20,20.82,21,7.371,60.905,60.143,3,0.15,1,1,83.143,7.571,3.714,11.286,64.979,55.346,84.615,67.089,1.857,0.286,152.714,13.532,2.429,4.647,2.905,3.885,5.19,6.238,11.429,45.417,0.524,2.571,1.048,0.286,0.333,0.619,5.333,1.286,2.048,0.0,2.143,0.905,1.238,-0.333,12.19,13.531,2.524,20.703,0.714,28.302,1.333,0.524,0.286,16.667,3.571,24.0,28,1.333,0.952,2.952,0.476,45.161,4.905,20.766,0.333,0.143,1.476,7.81,1.857,0.952
Mark Baguley,Essendon,27,27.61,22,9.173,81.091,77.364,1,0.048,1,0,90.682,10.636,7.364,18.0,81.313,80.342,82.716,59.091,1.409,2.136,234.591,13.033,1.773,10.154,2.545,7.071,5.636,12.591,18.227,30.923,6.045,4.091,0.182,0.045,0.227,0.273,6.273,0.318,0.0,1.364,0.045,0.864,0.682,0.182,0.045,0.05,0.091,100.0,0.045,50.0,3.227,0.045,1.773,20.513,0.0,,0,0.0,0.091,0.136,0.227,0.0,3.273,14.008,0.909,0.045,4.364,11.727,8.818,3.591
Jackson Merrett,Essendon,21,21.84,14,6.936,59.0,64.643,6,0.429,1,2,79.643,8.357,6.214,14.571,69.118,62.393,78.161,57.353,2.571,0.714,186.643,12.809,1.571,9.273,3.0,4.857,5.143,9.857,15.0,34.286,1.571,4.143,0.643,0.286,1.143,1.429,4.571,0.143,0.286,0.143,0.857,0.357,0.429,-0.071,0.0,0.0,0.071,,0.0,0.0,3.0,0.714,0.214,33.333,0.714,40.0,5,0.357,0.143,0.643,0.214,55.556,3.429,15.335,0.643,0.0,0.929,13.929,5.071,0.143
Patrick Ambrose,Essendon,23,23.33,16,7.756,56.75,57.5,0,0.0,0,0,82.562,5.625,5.625,11.25,78.333,67.778,88.889,50.0,1.812,0.062,137.562,12.228,1.625,6.923,2.188,5.143,4.062,7.25,11.312,35.912,0.938,2.688,1.125,0.062,0.312,0.375,3.938,0.688,0.625,0.188,1.312,0.375,0.875,-0.5,0.25,0.274,0.0,0.0,0.0,,3.688,1.688,0.125,50.0,3.062,16.327,13,0.812,0.188,1.312,0.5,61.905,4.125,17.143,0.5,0.0,1.0,16.0,3.438,0.25
Martin Gleeson,Essendon,20,20.35,9,7.056,49.556,52.667,0,0.0,0,0,60.778,7.889,4.667,12.556,79.646,71.831,92.857,62.832,1.556,1.667,186.111,14.823,0.778,16.143,0.889,14.125,3.0,9.556,12.556,23.894,2.111,2.333,0.111,0.222,0.556,0.778,4.111,0.333,0.0,0.556,0.0,0.222,0.444,-0.222,0.0,0.0,0.0,,0.0,,1.667,0.0,0.222,100.0,0.222,50.0,2,0.222,0.444,0.778,0.222,28.571,3.222,14.216,0.333,0.333,0.333,8.222,4.778,0.222
Dustin Fletcher,Essendon,39,39.65,15,10.073,80.867,72.533,16,1.067,2,0,85.267,13.2,5.4,18.6,84.229,83.333,86.42,70.968,1.4,4.0,376.4,20.237,1.533,12.13,3.533,5.264,3.867,13.667,17.533,22.053,4.6,2.733,0.067,0.067,0.2,0.267,6.867,0.2,0.067,1.267,0.0,0.6,0.8,-0.2,0.067,0.072,0.0,0.0,0.0,,0.733,0.0,2.467,16.216,0.0,,1,0.067,0.0,0.067,0.067,100.0,2.8,11.765,1.333,0.0,6.4,5.267,4.333,5.2
Drew Petrie,North Melbourne,32,32.21,25,10.464,80.96,72.0,22,1.0,4,2,95.52,8.52,3.6,12.12,68.317,58.216,92.222,70.297,2.48,0.28,206.12,17.007,1.88,6.447,2.52,4.81,6.52,6.0,12.52,52.077,1.44,3.24,1.48,0.04,0.04,0.08,5.4,1.8,2.32,0.28,2.32,1.32,0.84,0.48,2.04,2.259,0.92,45.098,0.24,26.087,2.44,0.88,0.24,16.667,5.0,28.0,50,2.0,1.56,4.0,0.72,50.0,6.88,26.791,0.6,0.04,2.28,11.28,2.56,1.52
Nick Dal Santo,North Melbourne,30,30.85,25,15.64,105.68,87.44,27,1.227,7,8,82.64,12.92,11.8,24.72,73.625,64.396,83.729,52.265,2.92,3.12,353.36,14.294,1.52,16.263,3.36,7.357,9.76,14.64,24.4,40.0,4.0,7.6,0.84,1.12,2.4,3.52,3.2,0.0,0.12,0.48,0.2,0.84,0.28,0.56,0.0,0.0,1.0,,0.16,16.0,2.96,0.4,0.28,42.857,0.24,16.667,9,0.36,0.48,0.96,0.48,37.5,6.16,23.988,2.0,1.12,2.64,14.04,7.6,0.96
Daniel Wells,North Melbourne,29,29.9,10,11.68,73.7,71.5,2,0.286,1,2,78.1,10.0,8.7,18.7,72.727,58.0,89.655,53.476,3.0,1.2,251.6,13.455,2.0,9.35,2.6,7.192,6.9,11.7,18.6,37.097,2.7,4.7,0.4,1.2,2.1,3.3,3.9,0.0,0.4,0.5,0.7,0.7,0.6,0.1,0.0,0.0,0.7,,0.2,28.571,2.5,0.3,0.1,0.0,0.2,0.0,4,0.4,0.4,1.1,0.9,36.364,5.2,22.222,1.1,0.8,1.9,14.8,6.6,0.3
Nathan Grima,North Melbourne,29,29.4,14,10.036,76.214,64.286,0,0.0,0,0,85.786,11.357,5.071,16.429,80.435,78.616,84.507,69.13,1.357,4.286,305.143,18.574,1.429,11.5,2.571,6.389,4.286,11.071,15.357,27.907,5.357,3.214,0.071,0.0,0.0,0.0,4.929,0.571,0.0,1.071,0.071,0.429,0.571,-0.143,0.0,0.0,0.0,,0.0,,1.643,0.071,4.929,28.986,0.071,100.0,0,0.0,0.0,0.071,0.0,0.0,2.357,9.649,1.0,0.214,6.571,6.643,5.643,5.786
Scott McMahon,North Melbourne,28,28.58,5,6.14,49.8,41.8,0,0.0,0,0,78.6,5.8,4.4,10.2,78.431,75.862,81.818,56.863,0.6,0.8,129.2,12.667,0.8,12.75,1.6,6.375,2.4,7.0,9.4,25.532,3.4,1.6,0.0,0.0,0.0,0.0,2.8,0.4,0.0,0.8,0.2,0.4,0.0,0.4,0.0,0.0,0.0,,0.0,,1.4,0.0,1.4,28.571,0.2,0.0,1,0.2,0.0,0.2,0.0,100.0,2.6,9.924,1.0,0.4,3.0,8.4,6.2,2.2
Leigh Adams,North Melbourne,26,26.73,22,7.155,61.364,61.364,7,0.318,2,0,62.955,7.0,8.318,15.318,73.294,61.039,83.607,45.697,1.636,0.636,162.091,10.582,1.227,12.481,1.818,8.425,5.136,9.818,14.955,34.347,1.455,4.455,1.773,0.5,0.818,1.318,3.318,0.136,0.364,0.136,0.273,0.455,0.364,0.091,0.0,0.0,0.0,,0.0,,2.864,0.636,0.273,50.0,0.5,36.364,9,0.409,0.5,1.045,0.409,39.13,5.136,19.79,0.818,0.136,1.182,13.091,4.136,0.591
Lachlan Hansen,North Melbourne,26,26.37,18,7.817,76.444,68.444,12,0.667,2,3,84.111,9.111,6.833,15.944,86.411,84.146,89.431,57.143,1.167,1.667,153.222,9.61,1.556,10.25,1.722,9.258,5.0,10.444,15.444,32.374,5.611,3.0,0.056,0.111,0.389,0.5,7.278,1.222,0.056,2.111,0.167,0.833,0.611,0.222,0.0,0.0,0.056,,0.0,0.0,1.556,0.056,2.0,19.444,0.167,100.0,1,0.056,0.0,0.111,0.056,50.0,3.111,12.121,1.222,0.278,5.222,5.444,4.333,4.611
Sam Gibson,North Melbourne,28,28.59,25,8.9,91.8,97.6,19,0.864,5,6,86.6,13.8,10.8,24.6,75.61,66.957,86.667,56.098,2.8,2.88,336.28,13.67,2.08,11.827,3.52,6.989,5.88,19.04,24.92,23.596,2.8,4.32,0.48,0.16,1.84,2.0,6.52,0.16,0.2,0.32,0.4,0.72,0.6,0.12,0.0,0.0,0.04,,0.0,0.0,3.48,0.4,0.6,20.0,0.2,40.0,8,0.32,0.24,0.64,0.28,50.0,5.28,20.561,0.8,0.28,1.2,12.24,6.2,0.8
Lindsay Thomas,North Melbourne,26,26.83,23,10.77,66.565,60.0,6,0.3,2,1,88.13,8.13,3.739,11.87,66.667,60.963,79.07,68.498,2.304,0.087,188.739,15.901,2.261,5.25,2.565,4.627,5.217,6.217,11.435,45.627,1.261,3.217,1.696,0.0,0.783,0.783,2.609,0.435,1.217,0.13,0.652,1.261,1.261,0.0,0.0,0.0,0.0,,0.0,,2.522,0.957,0.087,50.0,1.217,25.0,45,1.957,1.0,3.609,1.0,54.217,6.435,25.386,0.696,0.13,1.391,14.913,3.174,0.391
Ryan Bastinac,North Melbourne,23,23.52,25,7.928,69.84,69.6,6,0.273,3,1,72.96,10.0,6.44,16.44,69.1,63.6,77.64,60.827,2.32,1.36,263.8,16.046,2.0,8.22,2.76,5.957,5.56,10.32,15.88,35.013,1.52,4.44,0.92,0.72,1.24,1.96,3.68,0.04,0.36,0.16,0.56,0.32,0.56,-0.24,0.0,0.0,0.04,,0.04,100.0,3.16,0.6,0.16,50.0,0.28,14.286,16,0.64,0.52,1.36,0.56,47.059,4.8,18.692,0.84,0.6,0.84,13.64,6.96,0.4
Sam Wright,North Melbourne,24,24.46,15,5.96,69.2,68.4,8,0.667,1,2,88.8,11.867,6.8,18.667,76.429,73.034,82.353,63.571,2.133,3.6,407.867,21.85,1.333,14.0,4.067,4.59,3.067,14.4,17.467,17.557,3.267,2.267,0.2,0.0,0.2,0.2,4.933,0.4,0.0,1.133,0.067,0.467,0.667,-0.2,0.0,0.0,0.0,,0.0,,1.2,0.067,1.4,52.381,0.2,0.0,2,0.133,0.333,0.667,0.133,20.0,4.267,15.842,1.533,1.067,1.867,8.267,5.867,1.6
Ben Cunnington,North Melbourne,23,23.5,25,11.496,92.64,88.44,45,2.045,8,13,75.92,11.36,10.72,22.08,67.935,55.634,80.97,51.449,3.08,1.48,271.0,12.274,2.88,7.667,4.24,5.208,11.56,10.68,22.24,51.978,2.16,8.12,1.24,2.08,3.68,5.76,3.48,0.48,0.48,0.44,0.36,0.36,1.24,-0.88,0.0,0.0,0.04,,0.0,0.0,5.6,0.96,0.2,40.0,0.56,50.0,13,0.52,0.28,1.08,0.48,48.148,5.92,23.053,1.56,0.08,1.6,15.96,7.2,0.68
Jack Ziebell,North Melbourne,23,23.83,20,11.485,82.55,82.7,10,0.588,1,3,73.25,12.0,5.8,17.8,62.921,57.917,73.276,67.416,2.85,1.0,320.6,18.011,3.25,5.477,3.8,4.684,9.0,9.1,18.1,49.724,1.85,5.7,1.05,1.4,2.3,3.7,4.25,0.7,0.9,0.4,0.4,1.4,1.45,-0.05,0.05,0.055,0.35,100.0,0.15,42.857,4.7,0.7,0.25,20.0,0.95,42.105,18,0.9,0.75,1.8,0.35,50.0,5.1,19.767,1.15,0.3,1.85,17.35,7.6,0.7
Scott D. Thompson,North Melbourne,28,28.64,24,10.8,79.5,66.208,37,1.762,6,4,95.708,9.417,7.125,16.542,85.39,82.743,88.889,56.927,1.417,3.75,285.0,17.229,1.875,8.822,3.0,5.514,5.875,10.167,16.042,36.623,7.333,3.625,0.0,0.0,0.167,0.167,5.75,1.0,0.0,2.167,0.042,1.208,0.958,0.25,0.0,0.0,0.0,,0.0,,1.958,0.0,3.667,32.955,0.208,40.0,1,0.042,0.042,0.125,0.125,33.333,2.75,10.68,1.375,1.375,5.0,8.167,6.917,4.25
Jamie Macmillan,North Melbourne,23,23.27,6,9.433,58.333,53.667,0,0.0,0,0,75.5,7.167,7.333,14.5,85.057,79.07,90.909,49.425,1.333,2.0,228.0,15.724,1.833,7.909,2.333,6.214,4.0,10.5,14.5,27.586,3.667,3.833,0.333,0.0,0.5,0.5,3.167,0.0,0.167,0.333,0.0,0.167,0.833,-0.667,0.0,0.0,0.0,,0.0,,2.333,0.167,0.667,50.0,0.0,,1,0.167,0.0,0.333,0.167,50.0,3.333,13.889,1.167,0.667,2.667,9.5,5.333,1.833
Shaun Atley,North Melbourne,22,22.29,25,10.368,70.56,65.72,4,0.182,2,0,87.04,8.72,9.84,18.56,79.957,72.018,86.992,46.983,2.4,2.08,292.56,15.763,1.56,11.897,2.96,6.27,4.76,13.84,18.6,25.591,3.8,4.28,0.08,0.04,0.36,0.4,3.8,0.08,0.0,0.16,0.24,0.32,0.4,-0.08,0.0,0.0,0.0,,0.0,,2.08,0.12,1.44,25.0,0.04,0.0,4,0.16,0.08,0.24,0.28,66.667,4.36,16.978,1.24,2.24,2.04,12.24,7.64,1.48
Aaron Mullett,North Melbourne,22,22.85,17,8.194,58.529,58.118,0,0.0,0,0,76.765,10.176,4.471,14.647,76.707,70.52,90.789,69.478,1.824,2.824,300.059,20.486,1.353,10.826,2.294,6.385,3.176,10.235,13.412,23.684,2.824,2.529,0.235,0.0,0.471,0.471,3.0,0.118,0.059,0.294,0.059,0.471,0.294,0.176,0.0,0.0,0.0,,0.0,,1.647,0.0,0.706,50.0,0.0,,9,0.529,0.294,1.0,0.118,52.941,3.412,13.488,0.706,1.059,1.294,9.353,6.294,0.647
Aaron Black,North Melbourne,24,24.08,25,7.076,56.68,54.76,0,0.0,0,0,88.16,6.6,3.56,10.16,68.898,64.848,76.404,64.961,2.04,0.12,170.0,16.732,1.28,7.938,2.04,4.98,3.64,6.76,10.4,35.0,0.64,2.32,0.96,0.0,0.04,0.04,4.4,0.52,1.44,0.12,1.72,0.64,0.44,0.2,0.0,0.0,0.0,,0.0,,2.04,0.96,0.28,71.429,2.6,12.308,26,1.04,0.92,2.28,0.68,45.614,4.92,19.159,0.16,0.08,1.44,9.16,2.48,1.08
Bradley McKenzie,North Melbourne,21,21.59,10,6.41,50.1,53.7,0,0.0,0,0,64.5,8.1,5.3,13.4,73.881,70.37,79.245,60.448,2.0,1.4,222.1,16.575,1.8,7.444,2.4,5.583,4.3,9.2,13.5,31.852,2.0,3.7,0.2,0.0,1.9,1.9,3.6,0.0,0.1,0.2,0.1,0.3,0.3,0.0,0.0,0.0,0.0,,0.0,,1.7,0.4,0.0,,0.2,50.0,3,0.3,0.0,0.3,0.2,100.0,2.7,11.489,0.6,0.3,1.6,10.5,6.1,0.9
Brent Harvey,North Melbourne,36,36.63,22,17.355,107.182,98.818,52,2.6,10,15,91.0,14.091,11.318,25.409,78.891,70.323,89.558,55.456,4.364,1.136,365.136,14.37,2.136,11.894,2.591,9.807,6.682,18.0,24.682,27.072,2.773,5.318,1.091,0.227,1.5,1.727,4.818,0.182,0.591,0.545,0.909,0.909,0.773,0.136,0.0,0.0,0.045,,0.0,0.0,3.0,0.318,0.273,50.0,0.682,26.667,29,1.318,0.909,2.591,0.818,50.877,8.136,31.964,1.318,2.864,1.182,15.727,6.0,0.455
Jonathan Brown,Brisbane,33,33.17,11,6.236,59.364,56.727,5,0.455,1,0,91.818,6.273,4.455,10.727,68.644,63.768,75.51,58.475,1.455,0.273,134.636,12.551,2.182,4.917,2.545,4.214,4.455,6.273,10.727,41.525,0.727,2.636,1.727,0.091,0.182,0.273,4.273,0.818,2.091,0.091,1.0,0.818,1.455,-0.636,0.636,0.635,0.0,0.0,0.0,,1.909,0.727,0.091,100.0,3.636,12.5,21,1.909,0.636,2.818,0.091,67.742,4.909,25.837,0.091,0.0,1.182,6.909,1.818,0.727
Daniel Merrett,Brisbane,30,30.05,19,5.316,53.0,44.368,0,0.0,0,0,90.947,5.526,4.105,9.632,63.934,62.0,66.216,57.377,0.526,0.789,97.944,10.132,2.105,4.575,2.0,4.833,4.474,5.0,9.474,47.222,1.889,2.889,0.833,0.211,0.211,0.421,3.737,0.895,1.158,0.389,1.0,0.211,1.0,-0.789,10.056,10.456,1.895,19.337,0.444,22.857,1.263,0.444,1.111,30.0,2.5,22.222,12,0.632,0.421,1.333,0.158,37.5,2.611,13.623,0.5,0.105,4.053,8.222,3.5,3.222
Brent Moloney,Brisbane,30,30.92,5,9.24,73.2,74.2,0,0.0,0,0,70.2,8.6,11.6,20.2,61.386,46.512,72.414,42.574,3.2,1.4,262.6,13.0,3.2,6.312,3.6,5.611,10.4,10.4,20.8,50.0,1.0,6.4,0.4,2.8,2.8,5.6,1.6,0.0,0.0,0.0,0.4,0.4,1.4,-1.0,0.0,0.0,0.0,,0.0,,5.6,0.4,0.4,50.0,0.0,,1,0.2,0.6,0.8,0.4,25.0,3.8,21.348,1.2,0.0,1.0,20.4,10.8,0.0
Joel Patfull,Brisbane,30,30.06,21,9.448,69.571,60.0,13,0.619,3,0,92.095,7.19,7.333,14.524,82.295,79.433,84.138,49.508,1.19,1.81,146.8,10.266,1.429,10.167,1.65,8.667,4.619,10.048,14.667,31.494,5.35,2.55,0.0,0.143,0.381,0.524,5.143,0.905,0.0,2.45,0.05,1.0,0.81,0.19,0.0,0.0,0.0,,0.0,,2.286,0.05,2.0,27.5,0.25,40.0,2,0.095,0.048,0.15,0.048,66.667,2.1,10.881,0.8,0.095,5.333,10.95,8.95,4.65
Jed Adcock,Brisbane,29,29.12,22,10.0,77.773,72.182,1,0.045,1,0,89.045,12.045,6.455,18.5,80.344,73.518,91.473,65.111,3.318,3.591,356.429,19.594,1.864,9.927,4.095,4.442,4.864,11.773,16.636,29.235,4.667,3.238,0.095,0.136,0.591,0.727,3.955,0.136,0.045,0.714,0.0,1.273,0.773,0.5,0.0,0.0,0.045,,0.0,0.0,2.864,0.095,1.19,24.0,0.048,0.0,3,0.136,0.0,0.143,0.409,66.667,3.429,18.274,0.857,0.091,2.455,13.286,10.19,1.762
Matthew Leuenberger,Brisbane,26,26.56,5,6.64,66.6,57.6,0,0.0,0,0,72.8,3.8,5.4,9.2,63.043,52.632,70.37,41.304,0.8,0.6,70.6,7.674,2.0,4.6,1.8,5.111,4.6,4.6,9.2,50.0,1.0,3.4,0.0,0.8,0.4,1.2,1.4,0.4,0.2,0.0,0.2,0.8,1.2,-0.4,48.4,50.522,23.2,47.934,5.6,24.138,2.6,0.0,0.2,0.0,0.2,0.0,0,0.0,0.4,0.4,0.2,0.0,2.8,15.217,1.4,0.0,2.2,9.8,5.4,1.8
Trent West,Brisbane,27,27.2,10,8.69,74.8,67.8,0,0.0,0,0,79.3,5.6,4.9,10.5,74.286,62.5,87.755,53.333,1.7,0.6,128.5,12.238,2.3,4.565,2.2,4.773,4.4,6.2,10.6,41.509,1.8,2.4,0.2,0.6,1.3,1.9,3.0,0.4,0.4,0.9,0.1,1.5,1.5,0.0,64.6,66.121,24.0,37.152,6.4,26.667,2.2,0.1,0.4,0.0,0.9,22.222,4,0.4,0.0,0.6,0.1,66.667,2.4,13.483,1.6,0.0,4.0,8.3,4.5,3.4
Pearce Hanley,Brisbane,26,26.12,20,13.605,103.75,98.5,34,1.7,7,9,80.55,15.5,9.7,25.2,72.222,66.783,78.261,61.508,4.55,2.3,479.947,19.402,2.7,9.333,4.368,5.663,7.25,16.8,24.05,30.146,3.737,5.158,0.684,1.1,1.85,2.95,4.8,0.15,0.25,0.895,0.842,1.3,0.9,0.4,0.0,0.0,0.95,,0.368,43.75,4.05,0.842,0.684,30.769,0.421,25.0,6,0.3,0.65,1.0,0.85,26.316,5.316,27.901,1.684,1.2,1.95,12.684,6.526,1.053
Tom Rockliff,Brisbane,24,24.85,18,16.194,132.0,134.778,45,2.5,10,15,84.278,17.167,15.556,32.722,67.742,56.357,78.824,52.462,2.944,3.556,433.412,13.495,3.778,8.662,5.118,6.276,13.611,18.167,31.778,42.832,3.235,9.471,1.118,2.278,3.944,6.222,5.333,0.278,0.222,0.529,0.412,1.0,1.778,-0.778,0.059,0.06,0.778,100.0,0.176,23.077,9.056,1.0,0.118,0.0,0.353,50.0,10,0.556,0.167,0.824,0.167,71.429,4.824,25.0,1.059,0.333,1.389,23.471,12.235,0.412
Daniel Rich,Brisbane,24,24.56,3,13.0,81.0,60.0,0,0.0,0,0,63.333,8.0,7.667,15.667,72.34,75.0,69.565,51.064,0.667,3.0,231.667,14.787,1.667,9.4,2.0,7.833,9.667,6.0,15.667,61.702,5.667,7.667,0.333,0.667,1.667,2.333,3.667,0.333,0.0,1.0,1.0,0.667,0.667,0.0,0.0,0.0,0.0,,0.0,,2.667,0.333,1.333,25.0,0.0,,0,0.0,0.333,1.0,0.0,0.0,4.333,21.667,2.667,0.0,2.333,9.333,6.333,1.0
Ryan Harwood,Brisbane,23,23.4,14,11.1,83.214,72.5,6,0.429,1,0,79.786,10.214,8.357,18.571,82.692,80.0,84.545,55.0,1.286,2.357,206.923,11.208,1.786,10.4,2.615,7.059,5.571,12.714,18.286,30.469,4.692,4.077,0.231,0.143,0.786,0.929,4.143,0.571,0.0,1.077,0.154,0.929,0.5,0.429,0.0,0.0,0.0,,0.0,,3.071,0.077,1.692,27.273,0.077,100.0,2,0.143,0.143,0.231,0.429,66.667,3.231,16.154,0.846,0.286,3.357,10.538,7.308,2.538
Jack Redden,Brisbane,24,24.06,14,11.979,103.143,105.643,25,1.786,4,5,85.429,13.429,10.429,23.857,69.162,60.638,80.137,56.287,3.143,1.214,280.286,11.749,2.929,8.146,3.643,6.549,10.714,13.214,23.929,44.776,2.357,7.071,0.643,1.5,3.929,5.429,5.071,0.143,0.214,0.071,0.429,1.429,1.5,-0.071,0.214,0.214,1.5,100.0,0.286,19.048,7.0,0.357,0.143,0.0,0.643,22.222,6,0.429,0.286,0.929,0.357,46.154,4.357,24.4,1.214,0.143,2.143,23.214,11.571,0.643
Mitch Golby,Brisbane,23,23.24,12,5.95,58.583,59.833,0,0.0,0,0,75.417,9.083,5.5,14.583,75.429,72.477,80.303,62.286,1.833,2.167,216.417,14.84,1.75,8.333,2.5,5.833,3.917,10.5,14.417,27.168,2.667,3.25,0.333,0.167,0.667,0.833,4.917,0.0,0.083,0.167,0.417,0.5,0.583,-0.083,0.0,0.0,0.0,,0.0,,2.0,0.25,0.667,37.5,0.083,100.0,0,0.0,0.083,0.25,0.583,0.0,3.083,16.518,0.5,0.75,2.0,9.083,5.667,1.5
Josh Green,Brisbane,22,22.35,20,12.755,66.15,57.45,3,0.15,2,0,86.0,7.75,4.75,12.5,64.4,55.862,75.0,62.0,3.35,0.05,196.0,15.983,1.55,8.065,2.474,4.957,6.1,6.05,12.15,50.206,1.421,5.0,2.263,0.5,0.85,1.35,1.95,0.15,0.45,0.0,0.211,0.8,0.7,0.1,0.0,0.0,0.0,,0.0,,2.4,1.105,0.053,0.0,1.316,16.0,33,1.65,0.65,2.632,0.75,62.0,4.789,24.932,1.0,0.25,0.6,15.0,3.421,0.211
Sam Mayes,Brisbane,20,20.61,21,8.081,68.667,67.19,0,0.0,0,0,83.333,9.095,7.571,16.667,73.429,67.797,79.355,54.571,1.857,2.286,256.9,15.476,1.762,9.459,3.1,5.355,4.857,11.81,16.667,29.143,2.3,3.75,0.55,0.143,1.048,1.19,4.381,0.238,0.429,0.25,0.7,0.571,0.524,0.048,0.0,0.0,0.0,,0.0,,2.238,0.15,0.45,33.333,0.9,27.778,11,0.524,0.524,1.15,0.19,47.826,4.05,20.984,0.9,0.333,2.095,14.0,7.4,1.35
Michael Close,Brisbane,20,20.42,14,3.443,39.429,38.0,0,0.0,0,0,78.071,3.429,2.857,6.286,59.091,50.0,73.684,54.545,0.929,0.071,62.923,9.976,1.429,4.4,2.0,3.154,2.929,3.357,6.286,46.591,0.462,1.846,0.692,0.0,0.143,0.143,2.429,0.714,1.357,0.0,0.846,0.214,0.571,-0.357,7.231,7.46,1.357,19.149,0.154,11.111,2.571,0.769,0.077,0.0,3.154,9.756,10,0.714,0.286,1.385,0.071,55.556,1.846,10.084,0.0,0.0,1.286,8.923,2.615,0.923
Marco Paparone,Brisbane,20,20.32,18,5.694,50.833,55.222,3,0.167,1,0,75.389,7.889,5.722,13.611,68.163,66.429,71.287,57.959,1.333,1.222,220.529,15.556,1.611,8.448,2.529,5.605,4.5,9.167,13.667,32.927,2.235,3.765,0.353,0.167,0.444,0.611,3.944,0.167,0.444,0.118,0.588,0.611,0.611,0.0,0.0,0.0,0.0,,0.0,,1.722,0.471,0.353,50.0,0.294,20.0,7,0.389,0.278,0.882,0.222,46.667,3.412,18.954,0.647,0.167,0.778,12.529,5.412,0.412
Justin Clarke,Brisbane,21,21.11,22,7.923,56.636,42.455,2,0.091,1,0,89.545,5.409,4.818,10.227,79.111,78.07,81.188,52.889,0.545,2.136,162.952,15.916,1.682,6.081,1.524,6.719,3.364,6.818,10.182,33.036,4.381,2.429,0.0,0.0,0.045,0.045,4.0,0.364,0.0,1.19,0.048,0.318,0.727,-0.409,0.0,0.0,0.0,,0.0,,1.545,0.0,4.143,27.586,0.048,100.0,1,0.045,0.0,0.048,0.045,100.0,1.333,7.107,0.476,0.318,7.909,8.048,6.905,6.762
Lewis Taylor,Brisbane,19,19.86,22,7.9,63.455,65.818,2,0.091,2,0,84.136,8.955,7.909,16.864,69.811,67.956,72.289,53.1,2.318,0.636,177.381,10.735,1.5,11.242,2.619,6.309,4.955,11.773,16.727,29.62,1.714,3.81,0.762,0.136,0.773,0.909,4.0,0.136,0.5,0.143,0.714,0.727,0.409,0.318,0.0,0.0,0.0,,0.0,,2.0,0.667,0.143,33.333,0.381,12.5,12,0.545,0.364,1.19,0.318,48.0,3.714,19.797,0.429,0.227,0.545,13.571,4.667,0.143
Shaun Burgoyne,Hawthorn,32,32.19,25,14.212,92.88,84.04,25,1.136,7,3,83.24,11.36,10.64,22.0,76.727,68.662,85.338,51.636,3.32,1.96,326.36,14.835,1.52,14.474,3.2,6.875,8.32,13.0,21.32,39.024,3.8,6.48,1.0,0.88,2.28,3.16,3.8,0.16,0.16,0.44,0.16,0.36,0.52,-0.16,0.0,0.0,0.16,,0.0,0.0,3.8,0.44,0.48,16.667,0.24,33.333,12,0.48,0.24,0.84,0.76,57.143,6.0,21.246,1.56,0.8,1.96,13.92,7.12,0.76
David Hale,Hawthorn,30,30.61,22,8.959,74.727,66.545,1,0.053,1,0,82.955,4.591,5.591,10.182,71.875,70.297,73.171,45.089,1.227,0.182,99.545,9.777,1.409,7.226,1.409,7.226,5.773,4.773,10.545,54.741,1.273,3.5,0.909,0.318,1.227,1.545,3.5,0.864,1.182,0.545,0.364,0.818,0.864,-0.045,40.545,41.585,16.364,40.359,4.182,25.556,2.5,1.0,0.455,0.0,1.818,12.5,22,1.0,0.5,1.636,0.636,61.111,4.955,17.581,1.864,0.0,1.773,9.455,2.955,1.136
Luke Hodge,Hawthorn,30,30.54,22,12.968,96.182,101.818,39,2.053,8,12,79.136,16.818,8.227,25.045,70.417,61.351,88.95,67.151,3.818,2.136,435.818,17.401,3.318,7.548,4.091,6.122,7.182,17.091,24.273,29.588,3.227,4.318,0.318,1.227,2.364,3.591,5.909,0.5,0.455,0.909,0.182,1.091,1.182,-0.091,0.182,0.183,1.591,100.0,0.5,31.429,3.591,0.364,1.045,26.087,0.636,42.857,12,0.545,0.409,1.0,0.773,54.545,6.545,23.226,1.455,0.227,3.455,17.136,7.864,1.864
Sam Mitchell,Hawthorn,32,32.21,16,12.331,98.688,98.562,39,3.0,8,8,82.125,14.25,13.812,28.062,72.383,60.965,84.163,50.78,3.188,1.875,318.438,11.347,2.812,9.978,4.688,5.987,10.062,17.812,27.875,36.099,3.25,5.562,0.438,2.688,2.5,5.188,4.875,0.125,0.375,0.312,0.25,1.625,1.125,0.5,0.062,0.066,0.25,100.0,0.125,50.0,3.438,0.25,0.438,42.857,0.062,100.0,3,0.188,0.188,0.562,0.562,33.333,7.562,25.8,2.375,0.75,2.5,14.5,7.125,0.625
Grant Birchall,Hawthorn,26,26.92,25,11.7,87.92,82.08,18,0.818,7,4,80.2,13.76,9.88,23.64,81.049,77.326,86.235,58.206,2.64,2.6,378.92,16.029,1.32,17.909,3.6,6.567,5.32,17.0,22.32,23.835,5.08,4.4,0.08,0.28,0.6,0.88,4.96,0.16,0.08,0.72,0.12,0.64,0.4,0.24,0.0,0.0,0.0,,0.0,,1.32,0.12,0.92,13.043,0.12,33.333,5,0.2,0.24,0.6,0.36,33.333,6.44,22.805,1.92,0.52,1.72,9.08,6.04,1.2
Jarryd Roughead,Hawthorn,27,27.93,23,14.735,94.522,88.391,45,2.25,6,11,94.087,10.739,5.217,15.957,66.757,62.348,75.833,67.302,2.304,0.304,263.565,16.518,2.348,6.796,2.174,7.34,7.087,9.261,16.348,43.351,1.217,4.13,2.13,0.522,0.696,1.217,4.652,1.261,2.783,0.304,1.435,0.783,1.0,-0.217,1.652,1.675,0.739,44.737,0.0,0.0,2.957,1.13,0.174,50.0,4.043,36.559,75,3.261,1.87,5.565,0.652,58.594,8.609,30.046,0.609,0.043,1.913,11.391,2.913,1.13
Jordan Lewis,Hawthorn,28,28.68,24,14.588,109.333,109.083,66,3.143,10,15,85.5,14.083,13.75,27.833,73.802,64.201,83.636,50.599,3.708,1.625,339.875,12.211,2.417,11.517,3.833,7.261,10.667,17.0,27.667,38.554,2.375,7.667,1.042,2.417,3.292,5.708,5.667,0.208,0.667,0.5,0.625,0.875,0.625,0.25,0.083,0.086,3.375,100.0,1.125,33.333,3.833,0.583,0.25,50.0,0.375,22.222,17,0.708,0.375,1.292,0.583,54.839,7.333,25.806,1.917,0.167,1.583,16.167,7.958,0.542
Jonathan Simpkin,Hawthorn,27,27.17,18,6.772,55.333,62.833,0,0.0,0,1,57.0,8.444,7.722,16.167,69.759,59.868,80.576,52.234,2.389,0.5,209.833,12.979,1.5,10.778,2.778,5.82,4.833,11.389,16.222,29.795,1.611,3.5,0.889,0.167,1.056,1.222,3.667,0.222,0.333,0.111,0.333,0.556,0.5,0.056,0.0,0.0,0.056,,0.056,100.0,2.167,0.556,0.167,0.0,0.111,50.0,9,0.5,0.278,0.778,0.444,64.286,4.944,18.016,0.833,0.056,0.722,9.444,3.278,0.167
Josh Gibson,Hawthorn,30,30.8,17,13.959,91.529,78.412,26,1.857,5,3,98.0,11.235,9.941,21.176,83.333,80.105,86.982,53.056,0.765,3.235,227.059,10.722,1.765,12.0,2.471,8.571,6.0,15.118,21.118,28.412,6.765,4.588,0.0,0.118,0.176,0.294,6.059,0.765,0.0,1.706,0.118,0.588,0.647,-0.059,0.0,0.0,0.0,,0.0,,2.0,0.0,3.588,19.672,0.0,,0,0.0,0.0,0.0,0.118,,5.176,17.886,1.941,0.0,9.0,8.412,7.294,8.235
Paul Puopolo,Hawthorn,27,27.07,25,10.512,73.2,71.48,3,0.136,2,0,82.8,8.2,7.64,15.84,69.192,57.073,82.199,51.768,2.84,0.6,222.16,14.025,1.36,11.647,2.56,6.188,6.28,9.04,15.32,40.992,0.92,4.4,1.72,0.48,1.28,1.76,2.76,0.12,0.48,0.0,0.48,1.16,0.4,0.76,0.0,0.0,0.0,,0.0,,4.36,1.64,0.04,100.0,1.0,16.0,22,0.88,0.64,1.92,0.8,45.833,5.64,19.972,0.84,0.0,0.96,22.16,5.84,0.24
Ben McEvoy,Hawthorn,25,25.47,13,12.8,90.0,77.0,5,0.417,1,0,78.077,4.231,8.615,12.846,81.437,67.273,88.393,32.934,0.462,0.538,60.538,4.713,0.692,18.556,1.077,11.929,7.615,5.692,13.308,57.225,2.923,4.538,1.0,0.538,1.462,2.0,4.385,1.923,0.692,1.462,0.077,0.615,0.308,0.308,56.0,57.098,20.846,37.225,4.923,23.616,2.615,0.308,0.923,41.667,2.385,32.258,6,0.462,0.154,0.615,0.154,75.0,4.846,16.981,2.308,0.0,3.846,13.308,5.923,2.769
Kyle Cheney,Hawthorn,25,25.35,9,11.056,70.333,56.333,2,0.222,1,0,96.333,9.0,6.222,15.222,81.022,76.543,87.5,59.124,0.889,2.667,211.444,13.891,1.444,10.538,2.222,6.85,5.444,9.667,15.111,36.029,6.556,4.556,0.0,0.111,0.222,0.333,4.111,0.111,0.0,1.222,0.0,0.222,0.333,-0.111,0.0,0.0,0.0,,0.0,,1.333,0.0,4.444,42.5,0.111,0.0,0,0.0,0.0,0.0,0.111,,2.556,9.055,0.667,0.0,7.444,6.778,5.333,6.667
Matthew Suckling,Hawthorn,26,26.43,23,11.474,77.0,76.739,1,0.048,1,1,80.348,13.304,7.522,20.826,78.914,76.471,83.237,63.883,3.217,2.913,385.174,18.495,2.0,10.413,2.913,7.149,4.435,15.174,19.609,22.616,3.522,4.043,0.087,0.217,0.739,0.957,4.913,0.087,0.087,0.478,0.043,0.348,0.783,-0.435,0.0,0.0,0.0,,0.0,,1.391,0.087,0.652,26.667,0.13,33.333,12,0.522,0.348,1.0,0.087,52.174,5.522,19.659,1.13,1.826,1.304,9.739,5.913,1.043
Liam Shiels,Hawthorn,23,23.67,21,11.652,87.714,94.667,16,0.889,3,7,84.476,13.905,8.762,22.667,65.126,54.11,82.609,61.345,4.286,1.19,372.0,16.412,3.19,7.104,4.0,5.667,8.381,14.286,22.667,36.975,2.429,5.667,0.857,1.143,2.571,3.714,3.762,0.143,0.333,0.286,0.286,0.952,1.476,-0.524,0.0,0.0,0.238,,0.0,0.0,6.143,0.81,0.19,25.0,0.714,13.333,8,0.381,0.524,1.0,0.571,38.095,6.0,21.429,1.381,0.429,1.571,21.238,8.476,0.667
Will Langford,Hawthorn,22,22.49,19,10.679,77.632,73.368,8,0.5,1,1,81.895,8.737,10.474,19.211,60.274,42.771,74.874,45.479,2.632,1.0,241.526,12.573,2.421,7.935,3.684,5.214,10.368,9.105,19.474,53.243,2.211,7.632,1.526,1.316,3.263,4.579,1.842,0.211,0.421,0.316,0.368,0.842,0.947,-0.105,0.0,0.0,0.474,,0.105,22.222,4.737,0.579,0.158,0.0,0.316,16.667,9,0.474,0.421,1.158,0.474,40.909,4.737,17.11,1.368,0.158,1.579,19.263,8.789,0.579
Derick Wanganeen,Hawthorn,23,23.9,1,3.2,11.0,20.0,0,0.0,0,0,26.0,1.0,3.0,4.0,100.0,100.0,100.0,25.0,0.0,0.0,22.0,5.5,0.0,,0.0,,1.0,3.0,4.0,25.0,0.0,1.0,0.0,0.0,1.0,1.0,1.0,0.0,0.0,0.0,0.0,0.0,0.0,0.0,0.0,0.0,0.0,,0.0,,2.0,0.0,0.0,,0.0,,0,0.0,0.0,0.0,0.0,,2.0,5.882,0.0,0.0,0.0,9.0,7.0,0.0
Isaac Smith,Hawthorn,26,26.0,24,13.075,90.417,93.583,19,0.905,5,4,85.792,14.042,8.458,22.5,72.407,69.733,76.847,62.407,3.667,2.542,415.208,18.454,2.375,9.474,4.0,5.625,6.167,15.25,21.417,28.794,2.292,4.833,1.458,0.292,1.458,1.75,5.542,0.25,0.583,0.042,0.417,0.5,0.542,-0.042,0.083,0.084,1.083,100.0,0.375,34.615,2.833,0.792,0.292,0.0,0.542,46.154,24,1.0,0.625,1.917,0.5,52.174,6.417,22.68,0.958,2.708,1.583,15.0,6.583,0.5
Tim O'Brien,Hawthorn,20,20.76,4,4.95,39.0,34.0,0,0.0,0,0,70.5,2.75,3.5,6.25,76.0,54.545,92.857,44.0,1.0,0.0,74.75,11.96,0.25,25.0,1.0,6.25,2.75,4.5,7.25,37.931,0.0,1.75,1.0,0.25,0.0,0.25,2.25,0.0,0.75,0.0,0.5,0.75,0.25,0.5,0.0,0.0,0.0,,0.0,,2.25,1.0,0.0,,1.5,16.667,2,0.5,0.0,0.5,0.5,100.0,2.75,9.735,0.0,0.0,1.0,11.25,3.75,0.75
Daniel Cross,Melbourne,31,31.75,17,8.882,89.0,84.0,2,0.118,1,0,87.647,7.235,14.353,21.588,78.202,66.667,84.016,33.515,1.294,1.059,129.412,5.995,2.353,9.175,2.235,9.658,9.0,12.529,21.529,41.803,3.353,6.706,0.588,0.765,1.647,2.412,4.176,0.118,0.471,0.471,0.412,1.235,1.235,0.0,0.176,0.184,1.824,100.0,0.706,38.71,5.294,0.529,0.824,0.0,0.471,25.0,1,0.059,0.176,0.353,0.235,16.667,4.118,23.256,0.824,0.0,2.588,16.647,9.118,1.059
Shannon Byrnes,Melbourne,30,30.73,6,6.75,54.667,47.833,0,0.0,0,0,69.167,4.667,6.167,10.833,75.385,71.429,78.378,43.077,1.167,0.0,122.333,11.292,0.833,13.0,1.167,9.286,4.0,7.167,11.167,35.821,1.5,3.0,0.833,0.167,0.5,0.667,1.833,0.0,0.5,0.0,0.167,0.833,0.333,0.5,0.0,0.0,0.0,,0.0,,2.667,1.667,0.333,50.0,1.667,20.0,5,0.833,0.5,1.5,0.0,55.556,3.0,19.149,0.667,0.167,1.333,12.667,2.167,0.667
Nathan Jones,Melbourne,26,26.94,22,12.405,108.136,101.0,54,2.455,12,13,87.455,14.136,13.591,27.727,73.443,65.273,81.94,50.984,3.591,1.773,333.682,12.034,2.227,12.449,3.591,7.722,11.591,16.136,27.727,41.803,1.773,6.818,0.773,2.727,3.545,6.273,2.909,0.045,0.136,0.136,0.182,2.182,0.864,1.318,0.0,0.0,0.0,,0.0,,5.227,0.455,0.227,20.0,0.227,20.0,7,0.318,0.273,0.727,0.455,43.75,5.682,32.383,1.318,0.5,0.955,16.364,8.273,0.364
Rohan Bail,Melbourne,26,26.51,21,7.281,66.381,69.524,0,0.0,0,0,84.095,9.0,6.524,15.524,69.632,59.788,83.212,57.975,2.619,1.381,238.048,15.334,2.143,7.244,3.0,5.175,5.048,10.619,15.667,32.219,1.762,4.048,0.333,0.095,1.429,1.524,3.762,0.143,0.571,0.238,0.571,0.476,0.952,-0.476,0.0,0.0,0.0,,0.0,,4.381,0.714,0.286,83.333,0.571,33.333,10,0.476,0.19,0.81,0.333,58.824,3.667,20.981,0.381,0.143,1.143,17.095,7.333,0.333
Lynden Dunn,Melbourne,27,27.63,22,10.027,85.227,68.682,11,0.5,3,3,96.318,12.409,5.182,17.591,79.587,79.121,80.702,70.543,1.591,4.545,395.045,22.457,2.045,8.6,3.727,4.72,5.273,9.636,14.909,35.366,5.727,3.818,0.091,0.0,0.136,0.136,5.682,0.727,0.364,1.409,0.5,0.636,1.0,-0.364,0.227,0.231,0.227,100.0,0.136,60.0,1.182,0.045,3.409,20.0,1.045,30.435,4,0.182,0.364,0.636,0.091,28.571,3.227,18.394,1.273,0.909,4.045,6.955,4.727,3.227
James Frawley,Melbourne,26,26.27,21,7.19,77.857,76.19,12,0.571,3,3,91.238,10.429,4.81,15.238,71.875,70.776,74.257,68.438,2.714,1.19,274.238,17.997,1.381,11.034,2.952,5.161,4.714,10.762,15.476,30.462,2.619,3.333,0.952,0.095,0.143,0.238,7.429,0.857,1.095,0.714,1.762,0.333,0.429,-0.095,0.714,0.728,0.143,20.0,0.048,33.333,2.19,0.476,1.286,22.222,2.476,34.615,15,0.714,0.762,1.619,0.19,44.118,4.524,26.027,0.571,0.095,2.619,8.19,3.952,2.333
Bernie Vince,Melbourne,29,29.24,22,9.691,95.227,95.409,19,0.864,4,6,83.182,16.455,7.727,24.182,64.474,57.459,79.412,68.045,3.727,2.727,427.136,17.664,2.409,10.038,4.955,4.881,9.227,14.545,23.773,38.815,2.955,5.955,0.5,1.318,2.818,4.136,4.545,0.455,0.409,0.773,0.227,0.864,0.682,0.182,0.136,0.139,0.136,100.0,0.0,0.0,3.455,0.273,0.455,10.0,0.455,40.0,13,0.591,0.636,1.5,0.182,39.394,4.409,25.13,1.0,0.273,0.727,12.045,6.591,0.409
Jack Grimes,Melbourne,25,25.64,18,7.289,74.056,70.611,3,0.167,1,0,88.333,9.889,8.722,18.611,77.91,70.787,85.987,53.134,1.056,2.778,247.056,13.275,1.667,11.167,2.833,6.569,4.944,12.833,17.778,27.812,4.611,3.944,0.167,0.111,0.611,0.722,4.778,0.167,0.111,1.111,0.056,0.667,0.5,0.167,0.0,0.0,0.0,,0.0,,2.222,0.0,1.333,20.833,0.111,100.0,3,0.167,0.111,0.278,0.111,60.0,1.833,10.68,0.722,0.333,2.444,9.667,7.278,1.944
Dean Terlich,Melbourne,25,25.04,15,6.58,62.933,61.733,0,0.0,0,0,77.333,9.267,5.533,14.8,76.126,67.626,90.361,62.613,1.0,2.133,223.467,15.099,1.867,7.929,3.0,4.933,4.6,9.6,14.2,32.394,4.4,3.667,0.0,0.133,0.667,0.8,3.733,0.2,0.0,1.0,0.2,0.733,0.467,0.267,0.0,0.0,0.0,,0.0,,2.867,0.067,0.6,22.222,0.133,0.0,2,0.133,0.067,0.267,0.067,50.0,2.333,13.566,1.2,0.133,2.067,9.667,7.133,1.6
Jake Spencer,Melbourne,25,25.22,5,6.6,70.6,63.8,0,0.0,0,0,81.6,2.6,5.4,8.0,77.5,69.231,81.481,32.5,0.4,0.2,42.8,5.35,2.0,4.0,1.0,8.0,3.8,4.2,8.0,47.5,1.4,2.0,0.0,0.2,1.2,1.4,1.8,0.4,0.0,0.2,0.0,1.6,1.6,0.0,73.0,74.037,28.6,39.178,5.8,20.28,3.6,0.2,0.8,25.0,1.2,33.333,0,0.0,0.0,0.0,0.2,,1.8,10.345,1.4,0.0,3.6,10.0,4.2,2.4
Jack Trengove,Melbourne,23,23.32,2,7.8,72.5,78.0,0,0.0,0,0,91.0,11.5,10.5,22.0,65.909,52.174,80.952,52.273,2.0,1.5,247.5,11.25,2.0,11.0,3.0,7.333,7.0,14.5,21.5,32.558,4.5,6.5,0.5,0.5,0.5,1.0,5.0,0.0,1.0,0.5,1.0,0.5,0.5,0.0,0.0,0.0,0.0,,0.0,,2.0,0.0,0.0,,1.5,66.667,0,0.0,0.5,1.0,0.0,0.0,2.0,12.903,1.0,0.0,1.0,12.0,3.0,1.0
Jack Fitzpatrick,Melbourne,23,23.51,5,5.9,50.2,40.6,0,0.0,0,0,67.8,3.8,3.6,7.4,70.27,73.684,66.667,51.351,1.4,0.0,95.8,12.946,0.8,9.25,1.2,6.167,3.8,3.6,7.4,51.351,0.6,2.2,1.2,0.0,0.2,0.2,3.0,1.0,0.4,0.2,0.6,0.4,0.2,0.2,15.2,14.931,3.4,22.368,1.6,47.059,1.2,0.4,0.4,0.0,2.8,21.429,4,0.8,0.2,1.0,0.2,80.0,2.8,17.722,0.4,0.2,2.0,5.6,1.8,1.8
Jack Watts,Melbourne,23,23.76,22,9.118,74.318,71.727,6,0.273,3,0,85.682,9.091,8.409,17.5,80.0,72.0,88.649,51.948,1.818,0.864,201.864,11.535,1.773,9.872,2.409,7.264,4.818,12.773,17.591,27.39,1.864,3.545,1.0,0.045,0.682,0.727,4.955,0.455,0.409,0.182,0.773,0.545,0.773,-0.227,0.0,0.0,0.091,,0.091,100.0,2.636,0.364,0.318,28.571,1.182,38.462,13,0.591,0.364,1.227,0.455,48.148,4.591,26.166,0.682,0.045,1.273,13.545,6.318,0.727
Alexis Georgiou,Melbourne,24,24.91,7,4.814,45.143,39.857,0,0.0,0,0,82.857,4.857,5.286,10.143,77.465,85.294,70.27,47.887,0.286,1.857,64.286,6.338,1.143,8.875,1.286,7.889,2.286,7.429,9.714,23.529,3.0,2.0,0.0,0.0,0.286,0.286,3.429,0.143,0.0,0.571,0.0,0.0,0.429,-0.429,0.0,0.0,0.0,,0.0,,1.429,0.0,2.857,30.0,0.143,0.0,0,0.0,0.0,0.0,0.0,,1.429,8.696,0.429,0.286,3.857,5.857,4.714,3.0
Viv Michie,Melbourne,22,22.85,6,9.383,66.333,66.5,0,0.0,0,0,78.5,7.833,9.667,17.5,80.952,68.085,91.379,44.762,2.5,0.833,194.167,11.095,1.167,15.0,1.833,9.545,6.0,11.667,17.667,33.962,2.667,4.5,0.333,0.833,0.833,1.667,4.0,0.0,0.0,0.167,0.667,0.667,0.333,0.333,0.0,0.0,0.0,,0.0,,3.0,0.333,0.333,50.0,0.5,33.333,0,0.0,0.0,0.0,0.333,,3.167,17.925,0.333,0.5,0.5,12.667,6.167,0.5
Dom Tyson,Melbourne,21,21.56,22,11.005,94.182,90.0,44,2.0,7,11,77.5,12.227,11.5,23.727,72.605,64.312,81.423,51.533,3.045,2.136,331.955,13.99,3.136,7.565,4.273,5.553,9.636,14.864,24.5,39.332,1.5,6.818,0.682,1.227,3.727,4.955,5.455,0.227,0.227,0.091,0.182,0.5,1.364,-0.864,0.182,0.185,0.182,100.0,0.0,0.0,3.182,0.273,0.318,28.571,0.227,40.0,16,0.727,0.273,1.136,0.182,64.0,4.182,23.834,0.864,0.136,1.545,13.773,7.227,0.591
Cameron Pedersen,Melbourne,27,27.79,19,10.868,78.737,67.263,1,0.053,1,0,87.842,7.158,6.211,13.368,77.953,70.588,86.441,53.543,2.579,1.053,237.684,17.78,2.053,6.513,2.684,4.98,6.632,7.105,13.737,48.276,2.053,4.0,0.737,0.526,0.263,0.789,4.316,1.105,1.053,0.368,0.895,0.842,0.789,0.053,13.368,13.539,4.842,36.22,1.0,20.652,3.053,0.368,0.737,0.0,2.158,31.707,14,0.737,0.474,1.421,0.579,51.852,4.211,24.691,0.579,0.053,3.474,13.105,5.0,2.526
Jimmy Toumpas,Melbourne,20,20.99,4,5.75,57.25,63.0,0,0.0,0,0,66.75,9.5,4.5,14.0,75.0,68.421,88.889,67.857,1.5,0.5,157.25,11.232,1.25,11.2,2.25,6.222,3.5,10.25,13.75,25.455,1.5,3.0,0.25,0.0,0.25,0.25,5.25,0.0,1.0,0.5,1.25,0.25,0.25,0.0,0.0,0.0,0.0,,0.0,,1.75,0.5,0.0,,1.25,40.0,2,0.5,0.25,0.75,0.5,66.667,3.0,16.667,0.5,0.25,1.25,7.75,3.5,0.75
Matt Jones,Melbourne,27,27.2,20,7.33,70.05,73.85,0,0.0,0,0,80.65,10.65,8.4,19.05,77.428,68.545,88.69,55.906,2.3,1.65,252.7,13.265,2.1,9.071,2.45,7.776,5.65,13.6,19.25,29.351,2.0,4.3,0.45,0.4,1.35,1.75,4.9,0.05,0.15,0.15,0.2,0.65,0.65,0.0,0.0,0.0,0.0,,0.0,,2.65,0.15,0.3,16.667,0.4,37.5,3,0.15,0.2,0.35,0.35,42.857,3.95,22.832,0.65,0.4,1.0,14.8,7.25,0.4
Jay Kennedy Harris,Melbourne,19,19.78,14,5.793,43.857,43.071,1,0.071,1,0,58.143,5.357,4.643,10.0,68.571,57.333,81.538,53.571,1.143,1.0,120.929,12.093,1.5,6.667,1.929,5.185,4.571,5.714,10.286,44.444,1.357,3.714,0.857,0.143,1.0,1.143,2.143,0.0,0.5,0.0,0.429,0.571,0.429,0.143,0.0,0.0,0.0,,0.0,,1.929,0.286,0.214,33.333,0.643,33.333,9,0.643,0.429,1.357,0.143,47.368,3.143,17.46,0.5,0.357,0.571,7.929,3.143,0.357
Nick Riewoldt,St Kilda,32,32.2,22,11.314,91.727,91.136,45,2.045,8,11,96.545,11.909,4.773,16.682,70.845,67.176,80.0,71.39,3.273,0.5,248.318,14.886,1.818,9.175,2.682,6.22,5.682,10.818,16.5,34.435,1.045,2.864,1.318,0.0,0.136,0.136,8.682,1.455,2.409,0.136,3.682,1.273,0.636,0.636,0.136,0.149,0.5,100.0,0.227,45.455,1.409,0.682,0.045,100.0,4.682,29.126,49,2.227,0.955,3.682,0.591,60.494,7.273,38.095,0.455,0.091,1.5,8.773,1.864,1.0
Sean Dempster,St Kilda,30,30.94,22,10.15,77.636,68.182,5,0.227,1,0,86.909,11.591,5.045,16.636,76.503,74.51,81.081,69.672,0.909,4.091,281.773,16.937,2.364,7.038,3.136,5.304,4.591,11.227,15.818,29.023,6.636,2.955,0.045,0.0,0.136,0.136,6.182,1.182,0.091,2.682,0.136,0.409,0.636,-0.227,0.0,0.0,0.318,,0.0,0.0,1.318,0.045,1.864,36.585,0.045,0.0,2,0.091,0.136,0.273,0.0,33.333,1.727,9.048,0.682,1.727,4.545,5.5,4.455,3.909
Farren Ray,St Kilda,28,28.77,21,9.31,82.333,83.381,9,0.429,4,0,88.952,12.952,8.333,21.286,72.26,63.235,86.286,60.85,2.667,2.286,308.143,14.477,1.952,10.902,3.619,5.882,6.667,14.429,21.095,31.603,3.619,4.762,0.429,0.238,2.095,2.333,5.143,0.429,0.238,1.143,0.238,0.714,0.333,0.381,0.048,0.052,0.19,100.0,0.143,75.0,2.667,0.381,0.381,25.0,0.714,26.667,6,0.286,0.143,0.619,0.19,46.154,3.571,18.657,0.905,0.714,1.048,13.143,7.667,0.619
Beau Maister,St Kilda,28,28.78,4,2.225,35.75,42.75,0,0.0,0,0,85.0,4.25,5.5,9.75,61.538,47.059,72.727,43.59,1.25,0.25,69.5,7.128,3.25,3.0,2.75,3.545,4.5,5.25,9.75,46.154,1.75,2.0,0.5,0.0,0.25,0.25,4.25,1.75,1.0,0.75,1.0,0.5,0.5,0.0,0.0,0.0,0.0,,0.0,,1.25,0.25,1.0,50.0,3.0,16.667,1,0.25,0.75,1.0,0.5,25.0,2.0,11.268,0.0,0.0,2.0,7.75,3.5,1.25
Sam Gilbert,St Kilda,28,28.36,6,5.45,54.667,51.5,0,0.0,0,0,70.667,7.667,5.0,12.667,63.158,58.696,70.0,60.526,1.167,2.167,201.5,15.908,2.833,4.471,3.5,3.619,4.333,8.333,12.667,34.211,3.667,4.0,0.667,0.0,0.5,0.5,4.167,0.167,0.0,0.833,0.167,0.167,1.0,-0.833,0.0,0.0,0.0,,0.0,,2.167,0.0,1.0,50.0,0.5,0.0,0,0.0,0.167,0.167,0.333,0.0,2.0,10.169,0.667,1.667,2.667,9.333,5.5,2.333
David Armitage,St Kilda,26,26.54,15,13.127,93.6,88.667,13,0.867,3,1,75.133,11.733,10.267,22.0,74.242,60.795,89.61,53.333,3.067,1.867,271.6,12.345,2.8,7.857,3.733,5.893,10.333,11.867,22.2,46.547,2.4,6.067,0.8,2.0,3.533,5.533,3.933,0.267,0.267,0.267,0.4,1.733,1.133,0.6,0.0,0.0,0.133,,0.067,50.0,4.467,0.733,0.267,25.0,0.733,27.273,11,0.733,0.4,1.333,0.333,55.0,5.333,27.972,1.8,0.8,0.867,13.6,5.467,0.6
James Gwilt,St Kilda,28,28.38,17,7.771,72.118,70.471,0,0.0,0,1,90.0,11.176,5.0,16.176,81.455,80.0,84.706,69.091,1.294,2.235,271.529,16.785,2.647,6.111,2.824,5.729,3.529,12.353,15.882,22.222,3.941,2.412,0.176,0.0,0.235,0.235,6.353,0.353,0.294,0.941,0.118,0.588,1.059,-0.471,0.0,0.0,0.0,,0.0,,2.059,0.118,2.294,28.205,0.294,40.0,6,0.353,0.118,0.529,0.176,66.667,3.0,15.179,0.765,0.176,3.118,7.941,5.412,2.588
Jarryn Geary,St Kilda,26,26.52,7,8.586,68.429,64.714,0,0.0,0,0,78.571,9.286,7.143,16.429,71.304,63.077,82.0,56.522,1.571,2.286,215.857,13.139,1.714,9.583,2.571,6.389,5.0,10.857,15.857,31.532,5.429,4.429,0.143,0.143,0.286,0.429,3.857,0.0,0.143,1.143,0.0,0.429,0.714,-0.286,0.0,0.0,0.0,,0.0,,2.714,0.286,0.857,66.667,0.286,50.0,2,0.286,0.143,0.429,0.143,66.667,2.0,10.687,0.714,0.714,2.143,14.143,8.286,1.571
Clinton Jones,St Kilda,30,30.9,16,9.094,68.938,75.5,8,0.5,1,3,85.938,9.25,9.625,18.875,67.55,55.405,79.221,49.007,1.5,1.188,191.875,10.166,2.188,8.629,2.938,6.426,6.625,11.812,18.438,35.932,2.312,5.5,0.938,0.5,1.562,2.062,2.812,0.062,0.312,0.188,0.125,0.625,0.562,0.062,0.0,0.0,0.0,,0.0,,4.75,0.75,0.062,0.0,0.75,25.0,5,0.312,0.25,0.625,0.5,50.0,3.5,19.048,0.875,0.562,1.188,18.688,9.25,0.375
Luke Delaney,St Kilda,25,25.52,22,5.145,43.727,37.955,0,0.0,0,0,92.773,4.182,3.909,8.091,82.584,84.783,80.233,51.685,0.136,1.091,64.636,7.989,1.227,6.593,1.273,6.357,3.091,5.091,8.182,37.778,3.045,1.773,0.0,0.091,0.182,0.273,3.955,0.5,0.0,1.045,0.045,0.773,0.773,0.0,0.045,0.05,0.0,0.0,0.0,,1.818,0.136,3.5,19.481,0.136,0.0,0,0.0,0.0,0.045,0.045,0.0,1.455,7.619,0.545,0.0,5.136,5.5,4.318,4.5
Shane Savage,St Kilda,23,23.98,14,9.929,69.071,66.857,6,0.429,3,0,79.643,11.214,6.786,18.0,78.175,71.338,89.474,62.302,3.071,2.286,361.286,20.071,2.071,8.69,3.643,4.941,5.429,11.857,17.286,31.405,3.643,4.786,0.357,0.286,1.286,1.571,3.643,0.071,0.071,0.357,0.071,0.214,0.5,-0.286,0.0,0.0,0.0,,0.0,,2.143,0.286,0.571,50.0,0.143,0.0,3,0.214,0.143,0.429,0.214,50.0,3.143,16.357,0.643,1.286,1.786,9.5,5.571,1.143
Dylan Roberton,St Kilda,23,23.52,7,4.057,49.714,51.571,0,0.0,0,0,79.571,7.571,5.143,12.714,73.034,66.038,83.333,59.551,1.571,1.143,165.571,13.022,1.857,6.846,1.857,6.846,2.857,9.857,12.714,22.472,3.143,2.286,0.0,0.0,0.0,0.0,4.286,0.0,0.143,0.571,0.0,0.571,1.0,-0.429,0.0,0.0,0.0,,0.0,,2.0,0.0,1.286,22.222,0.0,,0,0.0,0.143,0.286,0.0,0.0,2.0,9.929,0.429,0.857,2.571,7.286,5.0,1.857
Tom Curren,St Kilda,22,22.42,16,6.056,54.562,52.812,2,0.125,1,0,86.875,8.125,4.75,12.875,68.932,56.923,89.474,63.107,2.312,0.938,160.688,12.481,1.625,7.923,2.125,6.059,5.625,7.125,12.75,44.118,2.062,4.438,1.0,0.812,1.75,2.562,2.312,0.0,0.25,0.125,0.188,0.75,0.812,-0.062,0.0,0.0,0.0,,0.0,,2.875,0.438,0.312,60.0,0.188,33.333,5,0.312,0.312,0.875,0.562,35.714,3.688,18.266,0.938,0.062,1.188,12.0,5.188,0.625
Jack Newnes,St Kilda,21,21.84,22,7.75,81.227,81.955,3,0.136,1,0,84.0,11.136,8.727,19.864,75.286,73.061,78.125,56.064,2.182,2.455,280.955,14.144,2.182,9.104,3.227,6.155,5.773,14.091,19.864,29.062,3.318,4.955,0.273,0.136,0.909,1.045,5.591,0.045,0.091,0.273,0.091,0.727,0.955,-0.227,0.0,0.0,0.0,,0.0,,3.864,0.318,0.636,28.571,0.0,,3,0.136,0.182,0.364,0.409,37.5,3.591,18.81,0.773,0.273,1.773,13.0,8.091,1.045
Tom Hickey,St Kilda,23,23.82,6,11.183,88.5,75.5,2,0.333,1,0,87.833,3.833,7.833,11.667,80.0,69.565,85.106,32.857,1.167,1.0,102.167,8.757,2.667,4.375,2.0,5.833,6.833,4.667,11.5,59.42,3.5,4.167,0.5,0.667,1.5,2.167,4.0,1.167,0.667,1.5,0.167,1.5,1.667,-0.167,70.0,73.298,24.0,34.286,5.833,24.306,3.167,0.5,1.167,14.286,0.833,20.0,3,0.5,0.167,0.833,0.0,60.0,2.833,13.71,1.833,0.0,2.667,13.167,6.0,2.0
Nathan Wright,St Kilda,20,20.87,7,5.243,44.286,46.429,0,0.0,0,0,80.0,7.429,2.429,9.857,63.768,59.615,76.471,75.362,0.571,1.714,169.571,17.203,1.286,7.667,1.571,6.273,3.429,6.571,10.0,34.286,3.286,2.143,0.0,0.0,0.714,0.714,2.857,0.286,0.143,1.143,0.0,0.857,0.429,0.429,0.0,0.0,0.0,,0.0,,2.714,0.0,1.286,55.556,0.0,,0,0.0,0.286,0.286,0.429,0.0,1.429,7.937,0.571,0.143,0.857,9.0,7.286,0.571
Luke Dunstan,St Kilda,19,19.92,16,10.231,74.438,74.438,11,0.688,3,2,73.188,8.938,9.812,18.75,69.0,56.643,80.255,47.667,2.188,1.25,245.938,13.117,2.5,7.5,3.5,5.357,7.625,11.375,19.0,40.132,2.625,5.438,0.75,0.875,2.125,3.0,3.688,0.125,0.375,0.5,0.125,0.938,0.938,0.0,0.0,0.0,0.062,,0.0,0.0,3.75,0.625,0.0,,0.312,20.0,9,0.562,0.375,1.188,0.312,47.368,3.938,20.257,0.938,0.688,0.812,15.438,6.938,0.25
Josh Saunders,St Kilda,20,20.33,10,8.66,59.1,55.4,1,0.1,1,0,77.4,4.8,8.3,13.1,71.756,60.417,78.313,36.641,1.3,0.7,112.5,8.588,1.8,7.278,1.4,9.357,6.3,7.0,13.3,47.368,1.0,5.8,0.7,0.3,1.0,1.3,1.5,0.0,0.4,0.1,0.3,0.4,0.8,-0.4,0.0,0.0,0.0,,0.0,,4.6,1.0,0.0,,0.5,20.0,5,0.5,0.5,1.2,0.2,41.667,2.9,16.763,0.5,0.4,0.9,19.0,7.9,0.4
Eli Templeton,St Kilda,19,19.36,6,5.317,41.667,41.0,0,0.0,0,0,73.5,5.0,3.167,8.167,81.633,80.0,84.211,61.224,1.833,0.333,142.5,17.449,0.833,9.8,1.333,6.125,2.333,6.167,8.5,27.451,0.167,2.0,0.333,0.167,0.333,0.5,3.833,0.0,0.333,0.0,0.667,0.167,0.167,0.0,0.0,0.0,0.0,,0.0,,1.0,0.333,0.0,,0.167,0.0,4,0.667,0.5,1.167,0.667,57.143,2.833,14.05,0.167,0.0,0.667,11.667,2.833,0.167
Darren Glass,West Coast,33,33.63,8,10.825,59.5,55.0,7,0.875,2,1,93.25,6.0,7.375,13.375,85.981,80.0,90.0,44.86,0.625,1.875,112.857,9.294,1.125,11.889,1.286,9.444,5.125,8.5,13.625,37.615,5.429,3.571,0.0,0.0,0.0,0.0,4.625,0.625,0.0,2.0,0.143,0.375,0.5,-0.125,0.0,0.0,0.0,,0.0,,2.375,0.0,3.286,17.391,0.143,0.0,0,0.0,0.0,0.0,0.125,,2.571,9.89,1.286,0.125,3.875,6.286,4.857,3.0
Dean Cox,West Coast,33,33.41,17,10.341,89.235,86.059,6,0.353,3,0,79.765,8.353,6.059,14.412,71.429,61.364,85.417,57.959,1.882,0.882,180.875,12.693,1.882,7.656,2.688,5.302,6.765,7.824,14.588,46.371,1.625,3.938,1.188,0.412,1.765,2.176,4.706,0.941,0.353,0.625,0.562,1.059,0.824,0.235,48.5,49.301,23.824,49.227,5.562,23.298,2.294,0.25,0.5,25.0,2.312,35.135,8,0.471,0.353,1.188,0.529,31.579,4.5,19.459,1.875,0.0,1.471,8.188,3.125,1.188
Mark LeCras,West Coast,28,28.33,15,12.727,90.4,88.933,38,2.533,6,6,80.933,11.667,6.467,18.133,66.544,61.143,76.289,64.338,3.2,0.6,305.133,16.827,2.4,7.556,3.467,5.231,8.4,9.4,17.8,47.191,1.8,6.067,1.8,0.667,2.267,2.933,4.6,0.267,1.933,0.067,1.867,0.667,1.067,-0.4,0.0,0.0,0.0,,0.0,,4.2,1.267,0.067,0.0,1.533,21.739,30,2.0,0.933,3.2,0.933,62.5,7.067,27.32,1.2,0.467,1.467,15.267,5.933,0.533
Matthew Priddis,West Coast,29,29.78,22,14.245,112.682,107.818,72,3.273,13,26,85.5,11.864,16.636,28.5,65.072,52.439,73.988,41.627,3.182,2.0,368.0,13.054,2.455,11.611,4.857,5.804,15.0,13.5,28.5,52.632,3.0,9.905,1.286,2.045,4.636,6.682,2.545,0.045,0.182,0.19,0.143,1.591,0.909,0.682,0.0,0.0,0.091,,0.0,0.0,7.318,1.095,0.095,0.0,0.095,0.0,10,0.455,0.364,0.857,0.318,44.444,5.857,23.699,1.429,0.136,1.136,20.095,9.095,0.238
Shannon Hurn,West Coast,27,27.32,18,12.611,86.944,79.556,16,0.889,5,2,83.333,13.889,4.611,18.5,73.874,69.658,83.951,75.075,3.667,2.611,403.882,21.797,1.389,13.32,3.706,5.0,5.5,12.333,17.833,30.841,4.647,3.882,0.176,0.222,1.111,1.333,5.889,0.889,0.167,1.882,0.412,0.278,0.278,0.0,0.0,0.0,0.056,,0.0,0.0,2.5,0.235,0.941,12.5,0.235,50.0,4,0.222,0.167,0.353,0.667,33.333,4.529,17.742,1.471,0.444,2.944,12.0,6.824,1.882
Josh J. Kennedy,West Coast,27,27.35,20,12.005,79.15,78.05,38,1.9,5,11,91.8,8.75,2.55,11.3,66.814,65.089,75.51,77.434,1.65,0.05,235.474,20.523,2.3,4.913,1.947,5.892,4.5,6.55,11.05,40.724,0.684,2.421,1.474,0.0,0.25,0.25,5.7,0.85,2.8,0.105,3.211,1.15,1.3,-0.15,0.0,0.0,0.0,,0.0,,3.1,1.789,0.0,,2.632,32.0,61,3.05,1.65,5.211,0.5,60.606,7.211,28.601,0.368,0.05,0.95,11.789,2.105,0.684
Matt Rosa,West Coast,28,28.1,14,10.021,84.0,91.571,23,1.643,4,3,88.214,12.714,12.0,24.714,71.676,61.585,80.625,51.445,3.214,1.571,357.462,14.343,2.0,12.357,4.385,5.684,7.286,17.143,24.429,29.825,4.077,6.0,0.385,0.357,1.0,1.357,5.357,0.143,0.071,0.308,0.308,0.929,0.5,0.429,0.0,0.0,0.071,,0.0,0.0,3.071,0.308,0.462,16.667,0.231,33.333,3,0.214,0.286,0.692,0.571,33.333,5.154,20.743,1.0,1.214,1.714,16.231,8.462,1.231
Xavier Ellis,West Coast,26,26.83,17,8.412,67.294,62.235,0,0.0,0,0,62.706,10.235,4.941,15.176,74.419,71.975,81.818,67.442,2.235,2.294,324.5,22.188,1.294,11.727,3.062,4.776,4.235,10.824,15.059,28.125,3.688,3.062,0.188,0.294,0.882,1.176,3.118,0.176,0.176,0.812,0.125,0.706,0.294,0.412,0.0,0.0,0.471,,0.188,42.857,2.353,0.25,0.75,33.333,0.125,0.0,7,0.412,0.118,0.625,0.118,70.0,2.812,11.628,0.812,0.0,2.471,8.875,5.062,1.625
Eric Mackenzie,West Coast,26,26.61,22,10.095,75.182,68.136,22,1.0,7,3,97.818,10.545,4.773,15.318,83.086,80.543,88.35,68.843,0.955,3.364,275.762,17.873,2.091,7.326,2.714,5.684,4.5,10.409,14.909,30.183,6.714,2.857,0.048,0.0,0.091,0.091,7.227,0.773,0.045,2.19,0.095,0.682,0.909,-0.227,0.095,0.098,0.045,50.0,0.048,100.0,1.682,0.0,4.429,17.204,0.048,0.0,2,0.091,0.0,0.143,0.091,66.667,2.714,10.983,1.333,0.773,7.909,6.81,6.0,7.048
Mitchell Brown,West Coast,26,26.03,19,4.989,43.526,39.842,0,0.0,0,0,87.842,4.579,5.0,9.579,75.275,62.353,85.714,47.802,0.632,1.737,132.278,13.528,1.684,5.688,1.889,5.176,3.789,6.053,9.842,38.503,3.556,3.0,0.222,0.053,0.526,0.579,2.632,0.211,0.0,0.722,0.056,0.316,0.579,-0.263,0.0,0.0,0.0,,0.0,,2.158,0.222,2.0,33.333,0.111,0.0,3,0.158,0.053,0.222,0.0,75.0,1.111,4.484,0.333,0.158,3.474,8.167,5.611,2.444
Chris Masten,West Coast,25,25.66,21,9.762,84.381,87.571,19,0.905,4,3,85.81,12.952,9.857,22.81,74.739,70.656,79.487,56.785,3.286,2.095,325.75,14.35,2.0,11.405,3.45,6.58,6.286,16.333,22.619,27.789,2.85,5.45,0.85,0.238,1.429,1.667,4.81,0.0,0.048,0.3,0.2,0.286,0.571,-0.286,0.0,0.0,0.0,,0.0,,3.619,0.55,0.35,42.857,0.15,0.0,5,0.238,0.095,0.45,0.857,55.556,5.45,21.499,1.15,0.19,0.952,13.95,6.75,0.35
Sharrod Wellingham,West Coast,26,26.48,13,9.815,69.769,67.231,0,0.0,0,0,79.231,9.538,7.923,17.462,67.401,57.018,80.435,54.626,2.538,0.692,253.75,14.782,1.923,9.08,2.75,6.242,7.692,9.615,17.308,44.444,2.417,5.75,1.083,0.538,1.846,2.385,3.154,0.385,0.154,0.333,0.5,0.538,0.538,0.0,0.0,0.0,0.154,,0.0,0.0,2.923,0.667,0.667,12.5,0.25,66.667,5,0.385,0.231,0.667,0.308,50.0,4.5,18.43,1.083,0.462,2.385,14.083,4.333,1.083
Scott Selwood,West Coast,24,24.76,12,10.575,80.333,81.0,4,0.333,1,0,83.833,10.0,10.917,20.917,69.721,60.0,80.833,47.809,4.167,1.083,279.455,13.662,2.917,7.171,2.909,7.031,8.0,12.917,20.917,38.247,1.909,5.455,0.636,2.167,1.833,4.0,3.333,0.0,0.0,0.455,0.182,1.333,1.333,0.0,0.0,0.0,0.0,,0.0,,5.0,1.0,0.364,50.0,0.091,100.0,3,0.25,0.333,1.0,0.917,27.273,5.727,23.077,1.455,0.417,1.5,21.091,9.182,0.455
Nic Naitanui,West Coast,24,24.66,20,13.465,90.8,72.9,14,0.7,4,0,77.2,4.25,8.2,12.45,67.068,56.25,73.684,34.137,1.8,0.4,132.474,10.849,2.2,5.659,2.579,4.735,9.4,3.6,13.0,72.308,2.0,5.579,1.158,1.85,1.5,3.35,1.55,0.9,0.35,0.263,0.105,1.45,0.9,0.55,42.158,43.89,21.9,51.685,5.737,26.329,3.85,0.684,0.316,0.0,1.947,45.946,9,0.45,0.35,1.105,0.3,42.857,4.684,18.776,2.895,0.1,3.4,14.368,5.421,1.895
Luke Shuey,West Coast,24,24.58,20,14.59,99.9,92.9,35,1.75,8,9,80.3,12.45,11.75,24.2,72.107,60.166,83.333,51.446,4.4,1.15,336.632,13.638,2.4,10.083,3.526,7.0,10.65,13.3,23.95,44.468,2.211,6.737,0.842,2.6,2.95,5.55,3.7,0.15,0.35,0.316,0.684,1.6,0.85,0.75,0.105,0.107,0.1,100.0,0.0,0.0,4.0,0.737,0.158,66.667,0.632,16.667,17,0.85,0.7,1.684,0.8,53.125,6.737,26.722,1.316,1.15,1.85,16.737,7.421,0.789
Andrew Gaff,West Coast,22,22.54,22,10.755,87.909,92.864,25,1.136,5,6,86.545,15.636,8.636,24.273,75.094,66.361,88.95,64.419,3.0,2.545,380.762,15.74,1.909,12.714,4.095,5.907,6.227,17.364,23.591,26.397,2.762,4.429,0.571,0.455,2.0,2.455,5.455,0.227,0.318,0.381,0.143,0.636,0.318,0.318,0.0,0.0,0.0,,0.0,,2.455,0.333,0.286,50.0,0.095,0.0,10,0.455,0.091,0.714,0.545,66.667,5.143,20.809,1.143,0.909,0.818,12.143,6.19,0.238
Jamie Bennell,West Coast,24,24.56,19,9.189,59.053,51.316,2,0.105,1,1,83.368,7.526,6.0,13.526,84.436,83.459,86.239,55.642,1.158,2.474,217.556,16.182,1.263,10.708,2.0,6.722,4.474,8.526,13.0,34.413,5.0,3.944,0.056,0.158,0.368,0.526,3.947,0.263,0.0,1.278,0.0,0.368,0.526,-0.158,0.0,0.0,0.0,,0.0,,1.421,0.111,1.556,35.714,0.0,,1,0.053,0.105,0.167,0.105,33.333,2.833,10.851,1.0,1.526,2.579,9.389,5.944,1.833
Elliot Yeo,West Coast,21,21.24,13,9.777,65.462,63.077,0,0.0,0,0,74.615,8.462,6.462,14.923,74.742,70.707,82.895,56.701,2.385,1.846,264.833,18.16,2.154,6.929,2.417,6.034,6.154,9.0,15.154,40.609,3.0,4.083,0.5,1.154,1.308,2.462,4.154,0.769,0.0,1.083,0.083,0.538,1.0,-0.462,0.083,0.088,0.077,100.0,0.083,100.0,3.385,0.167,0.833,60.0,0.167,50.0,2,0.154,0.231,0.417,0.308,20.0,3.667,14.618,0.833,1.769,2.154,12.833,7.333,1.333
Callum Sinclair,West Coast,25,25.27,4,4.825,50.5,49.5,0,0.0,0,0,74.5,6.0,4.0,10.0,55.0,50.0,62.5,60.0,2.0,0.25,146.0,14.6,2.5,4.0,2.25,4.444,5.75,4.0,9.75,58.974,1.25,3.5,1.0,0.5,0.25,0.75,2.0,0.5,0.5,0.0,0.75,1.25,0.75,0.5,18.0,18.136,8.75,48.611,0.75,8.571,1.5,0.0,0.0,,3.0,33.333,2,0.5,0.75,1.25,0.75,40.0,2.75,10.377,0.5,0.0,1.5,7.75,3.0,1.0
Dom Sheed,West Coast,19,19.72,10,5.22,39.9,41.8,0,0.0,0,0,53.4,5.1,5.6,10.7,63.551,54.902,71.429,47.664,1.9,0.5,160.0,14.953,1.9,5.632,2.7,3.963,5.2,5.5,10.7,48.598,1.5,4.1,0.3,0.6,1.2,1.8,1.7,0.0,0.2,0.1,0.2,0.3,0.6,-0.3,0.0,0.0,0.0,,0.0,,2.7,0.5,0.2,50.0,0.6,16.667,1,0.1,0.3,0.5,0.2,20.0,2.5,10.46,0.8,0.1,0.9,13.9,6.7,0.2
Daniel Giansiracusa,Western Bulldogs,32,32.8,15,6.24,42.867,46.533,0,0.0,0,0,48.2,6.667,4.2,10.867,73.62,67.0,84.127,61.35,2.0,0.733,180.867,16.644,1.733,6.269,1.667,6.52,2.667,7.867,10.533,25.316,0.867,1.8,0.4,0.267,0.267,0.533,2.733,0.2,0.867,0.067,0.8,0.467,0.667,-0.2,0.0,0.0,0.0,,0.0,,1.2,0.4,0.2,33.333,0.6,22.222,15,1.0,0.667,1.733,0.533,57.692,4.267,18.991,0.333,0.4,0.2,7.733,2.067,0.0
Robert Murphy,Western Bulldogs,32,32.56,22,12.786,88.5,73.864,7,0.318,3,0,87.818,13.364,7.182,20.545,81.637,79.592,85.443,65.044,2.409,4.091,401.409,19.538,1.682,12.216,3.636,5.65,5.0,13.864,18.864,26.506,5.0,4.318,0.136,0.136,0.273,0.409,4.136,0.318,0.136,0.773,0.273,0.364,0.591,-0.227,0.045,0.044,0.0,0.0,0.0,,1.773,0.045,1.227,25.926,0.091,0.0,4,0.182,0.227,0.545,0.455,33.333,4.591,20.24,1.636,1.864,2.909,8.591,6.045,2.182
Matthew Boyd,Western Bulldogs,32,32.34,19,12.458,97.895,95.421,28,1.474,5,5,87.263,13.105,13.105,26.211,66.466,55.02,77.912,50.0,3.158,1.263,336.053,12.821,2.421,10.826,3.947,6.64,11.263,14.684,25.947,43.408,3.368,9.053,0.895,1.474,3.211,4.684,3.632,0.158,0.316,0.316,0.368,0.789,0.684,0.105,0.053,0.051,0.211,100.0,0.105,50.0,4.316,0.684,0.158,66.667,0.0,,7,0.368,0.579,1.211,0.579,30.435,5.105,22.558,1.368,0.526,1.474,12.632,5.947,0.579
Adam Cooney,Western Bulldogs,29,29.25,18,10.811,80.722,78.556,13,0.722,3,7,75.111,10.556,9.111,19.667,70.056,64.737,76.22,53.672,2.889,1.611,284.889,14.486,1.944,10.114,3.056,6.436,7.222,12.389,19.611,36.827,1.278,4.778,0.667,0.944,1.667,2.611,3.722,0.222,0.444,0.167,0.444,0.722,0.333,0.389,0.0,0.0,0.0,,0.0,,3.278,0.722,0.111,50.0,0.333,16.667,13,0.722,0.333,1.5,0.5,48.148,4.222,18.447,0.722,0.667,0.667,11.667,5.111,0.167
Will Minson,Western Bulldogs,29,29.72,21,11.295,93.286,83.667,4,0.19,1,1,89.905,6.857,5.143,12.0,57.143,38.194,82.407,57.143,1.762,1.0,111.0,9.25,3.0,4.0,2.619,4.582,7.571,3.857,11.429,66.25,1.857,4.524,0.952,1.429,2.714,4.143,1.571,0.619,0.19,0.333,0.0,0.905,1.905,-1.0,89.905,86.645,36.048,40.095,9.286,25.76,3.857,0.714,0.571,16.667,1.381,37.931,4,0.19,0.286,0.571,0.19,33.333,4.048,17.82,2.524,0.0,3.238,11.714,5.048,2.286
Dale Morris,Western Bulldogs,32,32.0,20,8.56,58.0,49.95,0,0.0,0,0,93.1,5.95,5.4,11.35,84.581,79.832,89.815,52.423,0.6,1.85,130.8,11.524,1.1,10.318,1.2,9.458,4.3,7.05,11.35,37.885,4.95,2.85,0.0,0.05,0.25,0.3,4.1,0.5,0.0,1.3,0.05,0.8,0.4,0.4,0.05,0.048,0.0,0.0,0.0,,2.35,0.05,4.3,34.884,0.25,60.0,0,0.0,0.0,0.0,0.0,,1.5,6.667,0.75,0.05,6.3,7.85,5.95,5.1
Shaun Higgins,Western Bulldogs,26,26.82,20,9.15,76.45,75.9,8,0.4,2,2,81.5,10.6,9.8,20.4,74.02,64.623,84.184,51.961,2.55,2.9,338.7,16.603,2.2,9.273,4.45,4.584,4.85,14.7,19.55,24.808,3.5,3.8,0.4,0.05,0.6,0.65,3.6,0.3,0.15,0.8,0.15,0.55,0.85,-0.3,0.0,0.0,0.0,,0.0,,3.2,0.15,0.95,36.842,0.1,0.0,9,0.45,0.2,0.7,0.25,64.286,4.25,19.058,1.0,0.35,2.15,10.65,6.25,1.6
Brett Goodes,Western Bulldogs,30,30.86,2,3.25,26.0,44.5,0,0.0,0,0,71.5,7.5,3.0,10.5,71.429,60.0,100.0,71.429,0.5,1.5,171.5,16.333,2.0,5.25,2.5,4.2,1.5,7.5,9.0,16.667,3.0,1.0,0.0,0.0,0.5,0.5,3.0,0.0,0.0,0.5,0.0,1.0,0.0,1.0,0.0,0.0,0.0,,0.0,,1.5,0.0,1.0,50.0,0.0,,0,0.0,0.0,0.0,0.0,,0.5,2.632,0.0,0.5,1.5,13.0,7.0,1.0
Liam Picken,Western Bulldogs,28,28.41,22,8.577,70.227,73.227,3,0.136,2,0,88.455,9.864,8.409,18.273,77.114,69.124,86.486,53.98,1.955,2.5,296.273,16.214,1.864,9.805,3.227,5.662,5.773,11.864,17.636,32.732,4.5,4.636,0.273,0.227,0.636,0.864,3.864,0.136,0.136,0.182,0.091,1.0,0.955,0.045,0.0,0.0,0.0,,0.0,,4.0,0.409,0.955,23.81,0.227,60.0,3,0.136,0.273,0.545,0.182,25.0,3.364,14.83,0.909,0.682,1.727,11.091,7.182,1.227
Jordan Roughead,Western Bulldogs,24,24.15,15,7.5,60.667,47.067,0,0.0,0,0,88.667,6.133,5.267,11.4,82.456,77.174,88.608,53.801,0.6,2.733,154.933,13.591,1.867,6.107,1.667,6.84,3.8,7.667,11.467,33.14,3.867,2.4,0.067,0.0,0.467,0.467,4.4,0.733,0.0,1.333,0.133,0.267,1.467,-1.2,1.6,1.556,0.467,29.167,0.067,14.286,2.133,0.0,4.333,30.769,0.133,0.0,0,0.0,0.067,0.067,0.0,0.0,1.8,8.282,0.8,0.2,7.667,6.733,5.267,7.133
Koby Stevens,Western Bulldogs,23,23.53,20,7.48,66.75,65.2,0,0.0,0,0,75.75,7.1,10.25,17.35,74.928,67.606,80.0,40.922,1.55,0.8,162.7,9.378,1.75,9.914,2.05,8.463,6.15,11.4,17.55,35.043,1.85,4.15,0.8,0.45,1.4,1.85,3.65,0.5,0.65,0.15,0.3,0.55,0.95,-0.4,0.15,0.148,0.1,66.667,0.0,0.0,2.5,0.6,0.15,66.667,1.25,20.0,14,0.7,0.45,1.4,0.35,50.0,4.75,21.111,1.0,0.05,1.5,10.35,3.75,0.75
Easton Wood,Western Bulldogs,25,25.32,18,10.761,68.056,57.5,0,0.0,0,0,87.278,7.278,7.889,15.167,78.388,69.466,86.62,47.985,2.333,1.833,228.0,15.033,1.111,13.65,2.611,5.809,6.0,9.056,15.056,39.852,5.611,4.667,0.167,0.167,0.5,0.667,3.444,0.5,0.0,1.278,0.167,0.611,0.278,0.333,0.0,0.0,0.0,,0.0,,2.333,0.056,2.222,37.5,0.222,25.0,1,0.056,0.111,0.278,0.278,20.0,2.889,12.776,1.111,0.889,3.389,7.667,5.667,2.889
Luke Dahlhaus,Western Bulldogs,22,22.36,21,11.319,91.667,87.238,15,0.714,5,3,82.81,11.381,10.19,21.571,65.342,49.791,82.71,52.759,2.667,1.19,262.81,12.183,2.095,10.295,4.095,5.267,9.762,11.619,21.381,45.657,2.381,7.667,2.286,0.667,1.286,1.952,3.381,0.381,0.762,0.095,0.762,1.476,0.476,1.0,0.0,0.0,0.0,,0.0,,4.143,1.429,0.0,,1.333,46.429,17,0.81,1.095,2.381,0.524,34.0,6.0,26.582,1.0,0.048,1.19,15.762,5.19,0.667
Mitch Wallis,Western Bulldogs,22,22.18,13,7.708,63.385,58.077,3,0.231,1,0,82.0,5.923,10.538,16.462,70.561,58.442,77.372,35.981,2.231,0.692,166.231,10.098,2.308,7.133,2.0,8.231,8.154,8.692,16.846,48.402,1.385,6.385,1.231,1.077,2.615,3.692,1.462,0.0,0.154,0.0,0.0,0.846,1.538,-0.692,0.0,0.0,0.0,,0.0,,4.385,0.462,0.385,60.0,0.385,0.0,2,0.154,0.154,0.308,0.462,50.0,3.923,17.958,1.077,0.077,0.846,14.308,6.615,0.308
Stewart Crameri,Western Bulldogs,26,26.39,22,9.895,68.045,65.0,15,0.682,5,4,88.455,7.636,6.045,13.682,67.442,61.905,74.436,55.814,2.591,0.091,227.182,16.605,2.136,6.404,2.636,5.19,5.409,8.364,13.773,39.274,1.5,4.227,1.682,0.136,0.182,0.318,3.591,0.409,1.318,0.364,1.455,0.545,0.727,-0.182,0.0,0.0,0.0,,0.0,,2.5,0.773,0.182,25.0,3.364,18.919,37,1.682,0.773,2.591,0.273,64.912,5.227,23.046,0.591,0.227,1.409,12.636,3.455,0.818
Tory Dickson,Western Bulldogs,27,27.26,4,5.925,46.25,44.25,1,0.25,1,0,58.5,4.5,5.25,9.75,69.231,66.667,71.429,46.154,1.5,0.0,115.75,11.872,0.75,13.0,1.5,6.5,3.25,6.25,9.5,34.211,0.75,2.5,1.0,0.25,0.25,0.5,2.25,0.25,1.0,0.25,0.75,0.5,0.25,0.25,0.0,0.0,0.0,,0.0,,2.25,1.25,0.0,,0.75,33.333,3,0.75,0.25,1.25,0.25,60.0,2.75,13.58,0.75,0.0,0.5,8.0,1.5,0.25
Sam Rowe,Carlton,27,27.11,21,9.043,67.238,51.619,2,0.095,1,0,95.238,6.429,5.143,11.571,79.424,72.593,87.963,55.556,0.333,2.429,111.571,9.642,2.095,5.523,1.857,6.231,4.571,6.952,11.524,39.669,5.143,3.095,0.143,0.0,0.19,0.19,5.143,0.81,0.143,1.905,0.19,0.476,1.19,-0.714,2.048,2.163,1.095,53.488,0.19,17.391,2.0,0.0,5.286,26.126,0.238,0.0,2,0.095,0.048,0.143,0.048,66.667,2.095,9.091,1.0,0.0,7.81,8.0,6.095,6.81
Simon White,Carlton,26,26.53,19,6.784,53.421,49.526,1,0.053,1,2,84.368,6.789,3.632,10.421,72.727,72.093,73.913,65.152,1.421,1.105,173.158,16.616,1.526,6.828,1.842,5.657,4.053,6.368,10.421,38.889,3.158,2.526,0.263,0.053,0.158,0.211,4.211,0.632,0.368,0.684,0.474,0.789,0.474,0.316,0.0,0.0,0.211,,0.0,0.0,1.842,0.316,1.474,28.571,1.316,28.0,7,0.368,0.105,0.579,0.105,63.636,2.474,10.682,0.737,0.368,3.789,6.0,3.579,2.842
Kane Lucas,Carlton,23,23.51,7,6.843,47.571,50.286,0,0.0,0,0,70.714,6.286,5.857,12.143,74.118,68.182,80.488,51.765,2.0,1.286,192.0,15.812,1.571,7.727,2.286,5.312,4.0,8.571,12.571,31.818,1.286,3.0,0.143,0.429,1.0,1.429,3.429,0.0,0.143,0.143,0.143,0.429,0.571,-0.143,0.0,0.0,0.0,,0.0,,2.429,0.571,0.429,100.0,0.286,0.0,1,0.143,0.143,0.429,0.429,33.333,3.0,13.816,0.429,0.714,1.143,12.429,6.0,0.857
Dylan Buckley,Carlton,21,21.79,8,7.65,55.75,56.0,0,0.0,0,0,74.25,7.375,6.0,13.375,80.374,76.271,85.417,55.14,1.875,1.75,239.375,17.897,1.375,9.727,2.0,6.688,3.0,10.375,13.375,22.43,2.875,2.25,0.0,0.125,0.375,0.5,3.625,0.125,0.0,0.75,0.0,0.625,0.5,0.125,0.0,0.0,0.0,,0.0,,2.75,0.0,0.875,14.286,0.0,,1,0.125,0.125,0.25,0.0,50.0,3.125,13.812,0.875,1.125,2.25,11.625,8.0,1.5
Jake King,Richmond,30,30.76,2,5.75,37.0,42.5,0,0.0,0,0,72.0,3.0,4.0,7.0,71.429,66.667,75.0,42.857,1.0,0.0,80.0,11.429,1.5,4.667,1.5,4.667,2.5,4.5,7.0,35.714,0.5,2.0,1.5,0.0,0.5,0.5,1.5,0.0,1.0,0.0,0.0,0.5,0.5,0.0,0.0,0.0,0.0,,0.0,,4.0,1.5,0.0,,2.0,0.0,2,1.0,0.0,1.5,0.5,66.667,2.5,9.804,0.5,0.0,1.5,16.0,3.0,0.0
Dylan Grimes,Richmond,23,23.46,19,5.363,46.737,43.316,0,0.0,0,0,79.579,5.474,4.368,9.842,77.005,71.154,84.337,55.615,0.632,1.474,122.421,12.439,1.947,5.054,1.632,6.032,2.895,6.474,9.368,30.899,4.105,1.737,0.053,0.0,0.211,0.211,3.211,0.368,0.158,1.316,0.0,0.789,1.263,-0.474,0.0,0.0,0.0,,0.0,,2.789,0.105,2.053,23.077,0.158,33.333,1,0.053,0.053,0.105,0.0,50.0,1.684,7.111,0.632,0.053,3.526,9.158,6.632,2.842
Cyril Rioli,Hawthorn,25,25.46,12,14.817,89.167,76.667,27,2.455,4,1,72.833,9.333,6.0,15.333,73.37,73.214,73.611,60.87,3.25,0.667,263.917,17.212,1.917,8.0,2.333,6.571,7.333,8.5,15.833,46.316,1.417,4.833,1.667,1.083,1.333,2.417,4.083,0.333,1.167,0.167,0.417,0.667,0.667,0.0,0.0,0.0,0.083,,0.0,0.0,3.75,1.167,0.083,100.0,1.0,33.333,20,1.667,0.667,2.667,1.0,62.5,6.583,22.129,1.25,1.417,2.333,15.167,4.833,0.5
Angus Dewar,Hawthorn,22,22.21,13,9.015,56.615,47.846,2,0.154,1,0,79.0,7.385,5.0,12.385,81.988,77.083,89.231,59.627,1.692,1.846,287.154,23.186,1.462,8.474,2.231,5.552,5.308,7.692,13.0,40.828,4.538,4.0,0.0,0.0,0.385,0.385,2.846,0.231,0.0,0.615,0.0,0.538,0.385,0.154,0.0,0.0,0.0,,0.0,,1.923,0.0,2.0,15.385,0.077,100.0,0,0.0,0.077,0.154,0.308,0.0,2.846,9.814,1.308,0.923,3.615,10.231,7.462,2.0
Jacob Townsend,Greater Western Sydney,21,21.53,8,3.188,50.75,57.125,0,0.0,0,0,74.125,5.875,4.625,10.5,59.524,46.809,75.676,55.952,0.75,0.875,104.625,9.964,3.625,2.897,2.25,4.667,5.25,5.75,11.0,47.727,1.375,3.0,0.25,1.625,0.75,2.375,2.125,0.125,0.25,0.0,0.0,1.0,2.75,-1.75,0.0,0.0,0.0,,0.0,,7.5,1.125,0.125,0.0,0.125,0.0,1,0.125,0.375,0.625,0.125,20.0,2.5,11.173,0.625,0.0,1.5,15.25,7.625,0.625
Lachie Plowman,Greater Western Sydney,20,20.3,12,6.133,50.25,43.167,0,0.0,0,0,85.167,5.583,3.917,9.5,71.93,64.179,82.979,58.772,1.0,1.667,145.333,15.298,1.5,6.333,1.917,4.957,4.0,5.917,9.917,40.336,3.333,2.583,0.0,0.0,0.25,0.25,3.167,0.25,0.0,0.75,0.0,0.667,0.5,0.167,0.0,0.0,0.0,,0.0,,2.417,0.0,2.667,53.125,0.25,33.333,0,0.0,0.25,0.25,0.0,0.0,1.75,7.609,0.25,0.583,4.5,8.583,6.917,3.583
Leigh Montagna,St Kilda,31,31.16,20,11.205,89.4,91.55,18,0.9,5,7,84.1,15.5,8.0,23.5,68.723,60.968,83.75,65.957,3.4,2.85,459.2,19.54,3.05,7.705,5.45,4.312,8.2,14.4,22.6,36.283,1.5,5.7,0.6,1.45,2.6,4.05,3.95,0.1,0.4,0.05,0.4,0.75,0.85,-0.1,0.0,0.0,0.05,,0.0,0.0,4.0,0.3,0.35,42.857,0.2,50.0,9,0.45,0.25,0.95,0.25,47.368,4.55,23.822,1.3,0.95,1.25,16.4,7.25,0.25
Lenny Hayes,St Kilda,34,34.96,20,11.955,101.1,95.35,17,0.85,5,5,79.0,10.35,12.95,23.3,70.815,59.42,79.923,44.421,3.3,1.4,282.6,12.129,2.5,9.32,3.25,7.169,10.4,13.3,23.7,43.882,2.0,7.3,0.9,1.85,3.05,4.9,3.65,0.2,0.15,0.25,0.4,0.95,1.1,-0.15,0.15,0.162,2.1,100.0,0.65,30.952,6.55,1.05,0.05,0.0,0.25,20.0,4,0.2,0.3,0.55,0.45,36.364,4.8,24.87,1.65,0.05,1.85,19.95,9.15,0.5
Brent Reilly,Adelaide,31,31.13,10,10.25,77.7,75.1,0,0.0,0,0,80.1,13.0,6.3,19.3,81.347,77.692,88.889,67.358,1.7,3.2,369.6,19.15,3.0,6.433,3.6,5.361,4.6,13.9,18.5,24.865,4.8,3.4,0.0,0.2,0.6,0.8,6.5,0.7,0.0,1.4,0.1,0.3,1.3,-1.0,0.0,0.0,0.0,,0.0,,1.9,0.0,0.9,33.333,0.0,,0,0.0,0.0,0.1,0.1,0.0,3.9,14.338,1.4,2.4,1.9,9.4,5.6,1.3
Richard Douglas,Adelaide,27,27.89,19,12.716,89.895,87.421,6,0.316,2,0,86.0,14.0,7.737,21.737,63.68,52.632,83.673,64.407,5.053,1.105,375.526,17.276,2.0,10.868,4.053,5.364,9.526,12.053,21.579,44.146,2.474,6.526,1.158,1.895,2.842,4.737,2.737,0.105,0.316,0.158,0.211,1.158,0.895,0.263,0.0,0.0,0.211,,0.053,25.0,4.789,0.684,0.316,66.667,0.579,18.182,11,0.579,0.421,1.263,0.579,45.833,6.263,22.453,1.474,0.684,1.895,21.579,8.526,0.895
Alipate Carlile,Port Adelaide,27,27.67,20,7.825,55.4,47.35,1,0.059,1,0,92.0,6.6,5.6,12.2,74.59,68.939,81.25,54.098,0.8,1.85,157.6,12.918,1.35,9.037,2.0,6.1,4.35,7.7,12.05,36.1,5.3,3.4,0.0,0.0,0.15,0.15,3.0,0.4,0.0,0.9,0.0,0.35,0.4,-0.05,0.05,0.052,0.0,0.0,0.0,,2.05,0.0,3.15,17.46,0.0,,0,0.0,0.0,0.0,0.1,,2.15,7.597,0.95,0.2,5.65,6.95,5.8,4.2
Nicholas Suban,Fremantle,24,24.64,21,9.071,64.905,58.905,5,0.25,2,0,75.857,8.286,5.19,13.476,73.852,66.092,86.239,61.484,2.905,0.619,254.714,18.901,1.762,7.649,2.429,5.549,5.714,8.19,13.905,41.096,1.619,4.0,1.143,0.524,1.238,1.762,2.0,0.095,0.238,0.048,0.048,1.048,0.81,0.238,0.0,0.0,0.048,,0.0,0.0,3.857,0.857,0.238,40.0,0.381,25.0,11,0.524,0.429,1.143,0.667,45.833,4.095,16.667,0.714,0.143,1.19,14.143,5.524,0.524
Rory Thompson,Gold Coast,23,23.8,19,9.116,58.368,43.316,0,0.0,0,0,92.895,4.789,3.842,8.632,79.878,74.725,86.301,55.488,0.421,1.526,103.316,11.97,0.842,10.25,1.105,7.81,3.684,4.684,8.368,44.025,3.789,2.789,0.105,0.105,0.211,0.316,3.053,0.263,0.0,0.789,0.211,0.263,0.316,-0.053,7.474,7.598,2.474,33.099,0.684,27.66,2.579,0.105,3.579,20.588,0.316,0.0,0,0.0,0.0,0.053,0.0,0.0,1.368,5.791,0.632,0.105,8.053,8.263,5.947,7.263
Kade Kolodjashnij,Gold Coast,19,19.39,18,8.106,68.389,68.333,1,0.056,1,0,84.944,10.667,6.444,17.111,74.675,70.312,81.897,62.338,1.667,2.889,304.5,17.795,2.333,7.333,3.333,5.133,4.333,12.111,16.444,26.351,4.444,3.667,0.222,0.111,0.667,0.778,4.889,0.167,0.111,0.944,0.111,0.389,0.333,0.056,0.0,0.0,0.0,,0.0,,1.889,0.111,1.611,24.138,0.056,100.0,5,0.278,0.167,0.5,0.0,55.556,2.222,9.479,0.556,0.778,4.333,9.056,6.611,3.778
Sam Dwyer,Collingwood,28,28.33,13,8.985,67.385,60.154,1,0.077,1,0,70.308,8.077,8.385,16.462,74.299,68.571,79.817,49.065,2.308,0.923,187.846,11.411,0.769,21.4,1.692,9.727,5.462,11.077,16.538,33.023,3.0,4.615,0.462,0.462,0.692,1.154,4.154,0.231,0.154,0.846,0.231,0.308,0.077,0.231,0.0,0.0,0.0,,0.077,,1.231,0.077,0.077,0.0,0.538,14.286,3,0.231,0.308,0.692,0.615,33.333,4.154,18.43,0.846,0.385,1.0,8.769,3.462,0.385
Jesse White,Collingwood,26,26.97,18,8.917,61.667,57.778,1,0.056,1,0,86.944,7.0,3.5,10.5,65.608,59.016,80.328,66.667,2.556,0.167,207.471,19.273,2.167,4.846,2.765,3.894,4.611,5.833,10.444,44.149,0.824,2.941,0.941,0.167,0.667,0.833,3.278,0.611,1.278,0.059,1.294,0.556,0.833,-0.278,14.941,16.366,6.0,41.732,1.706,27.358,2.111,0.529,0.235,0.0,2.235,21.053,20,1.111,0.778,2.353,0.611,47.5,5.0,21.303,1.353,0.278,1.611,11.0,2.882,0.647
Jarryd Blair,Collingwood,24,24.71,21,10.852,76.81,70.286,0,0.0,0,0,87.524,6.619,8.762,15.381,69.659,55.285,77.844,43.034,2.524,0.381,147.316,9.652,1.524,10.094,2.474,6.17,7.571,7.952,15.524,48.773,1.684,6.316,1.895,0.571,1.19,1.762,2.857,0.286,0.619,0.211,0.684,0.905,0.619,0.286,0.0,0.0,0.0,,0.0,,5.333,1.474,0.053,100.0,0.684,30.769,12,0.571,0.524,1.211,0.619,39.13,5.211,22.247,0.842,0.19,0.857,23.0,7.158,0.211
Kieren Jack,Sydney,27,27.5,24,14.1,102.708,98.167,38,1.81,10,5,84.583,13.458,10.375,23.833,64.685,54.799,77.51,56.469,4.292,1.417,349.292,14.656,2.25,10.593,4.917,4.847,10.417,12.792,23.208,44.883,2.833,7.75,1.583,1.833,2.083,3.917,3.417,0.208,0.5,0.083,0.458,1.292,0.458,0.833,0.0,0.0,0.0,,0.0,,5.458,0.625,0.167,50.0,0.333,37.5,18,0.75,0.542,1.5,1.0,50.0,7.083,26.074,1.583,0.042,1.667,20.375,9.0,0.75
Tom Derickx,Sydney,27,27.06,12,6.092,56.167,53.167,0,0.0,0,0,83.833,3.0,4.75,7.75,70.968,75.0,68.421,38.71,1.0,0.083,81.583,10.527,2.667,2.906,1.75,4.429,4.083,4.25,8.333,49.0,1.583,2.833,0.333,0.667,0.5,1.167,1.25,0.333,0.167,0.667,0.083,0.583,1.667,-1.083,57.167,61.47,19.5,34.111,4.5,23.077,3.333,0.167,0.833,30.0,1.417,29.412,5,0.417,0.0,0.5,0.167,83.333,2.333,8.946,1.167,0.0,2.25,10.583,5.667,1.5
Jordan Lisle,Brisbane,24,24.47,5,5.62,63.4,64.2,0,0.0,0,0,88.8,10.4,4.4,14.8,71.622,67.308,81.818,70.27,0.6,2.0,143.4,9.689,1.8,8.222,2.4,6.167,4.4,10.2,14.6,30.137,5.2,3.2,0.2,0.0,0.4,0.4,6.4,0.6,0.0,1.6,0.0,0.6,0.4,0.2,4.4,4.435,0.8,18.182,0.4,50.0,1.2,0.0,2.4,25.0,0.0,,0,0.0,0.0,0.0,0.0,,1.2,8.451,0.6,0.0,4.8,5.8,5.8,3.6
Rohan Bewick,Brisbane,25,25.22,16,8.319,64.0,64.0,18,1.125,4,1,80.812,9.125,7.438,16.562,74.717,67.153,82.569,55.094,2.375,1.375,262.133,15.984,1.5,11.042,3.333,4.92,4.75,11.812,16.562,28.679,1.8,3.333,0.4,0.375,1.062,1.438,4.062,0.25,0.438,0.067,0.533,0.75,0.312,0.438,0.0,0.0,0.062,,0.0,0.0,1.5,0.333,0.067,100.0,0.533,50.0,9,0.562,0.312,1.2,0.312,44.444,3.533,19.134,0.667,0.625,0.812,9.333,4.467,0.533
George Horlin-Smith,Geelong,22,22.02,21,9.967,66.048,63.524,3,0.158,1,1,65.476,7.952,8.286,16.238,70.674,58.084,82.759,48.974,2.048,0.857,215.476,13.27,1.952,8.317,2.667,6.089,7.667,8.81,16.476,46.532,1.952,5.667,1.0,0.905,2.19,3.095,2.667,0.095,0.429,0.19,0.19,1.048,0.429,0.619,0.0,0.0,0.0,,0.0,,2.762,0.476,0.143,33.333,0.333,28.571,13,0.619,0.571,1.381,0.381,44.828,4.81,18.364,1.238,0.143,1.048,12.429,5.143,0.095
Brad Sheppard,West Coast,23,23.6,14,7.893,66.643,66.5,2,0.143,1,0,79.857,11.571,5.143,16.714,69.658,67.114,75.0,69.231,1.857,2.857,293.231,17.567,2.0,8.357,4.154,4.019,4.929,11.857,16.786,29.362,5.154,3.538,0.077,0.071,0.929,1.0,4.071,0.429,0.0,1.538,0.154,0.571,0.357,0.214,0.0,0.0,0.0,,0.0,,2.429,0.0,1.0,46.154,0.0,,0,0.0,0.071,0.154,0.143,0.0,2.769,12.04,1.077,0.857,2.429,10.923,7.923,1.231
Daniel Currie,North Melbourne,25,25.87,4,8.875,60.5,53.25,0,0.0,0,0,82.0,3.0,2.5,5.5,90.909,100.0,80.0,54.545,0.0,0.5,4.25,0.773,1.25,4.4,0.75,7.333,3.5,2.5,6.0,58.333,0.5,1.5,0.25,0.75,0.25,1.0,2.5,1.5,1.0,0.5,0.5,0.5,0.75,-0.25,34.25,38.92,14.0,40.876,4.0,28.571,3.75,1.25,0.75,0.0,4.75,15.789,3,0.75,0.0,0.75,0.0,100.0,2.75,11.458,1.75,0.0,1.25,10.25,3.5,1.0
Levi Greenwood,North Melbourne,25,25.86,22,11.064,95.409,101.318,34,1.789,8,1,78.5,14.636,10.364,25.0,66.0,56.522,79.386,58.545,4.182,1.409,358.455,14.338,3.364,7.432,5.045,4.955,10.364,14.455,24.818,41.758,2.864,7.5,1.364,1.864,2.182,4.045,5.409,0.273,0.591,0.273,0.636,1.0,1.182,-0.182,0.0,0.0,0.182,,0.0,0.0,4.409,0.273,0.318,42.857,0.364,37.5,16,0.727,0.818,1.773,0.273,41.026,6.0,23.239,1.227,0.773,1.091,14.818,7.0,0.682
Ryan Griffen,Western Bulldogs,28,28.43,19,15.437,98.737,85.579,38,2.0,9,5,82.263,11.526,11.421,22.947,72.018,58.904,85.253,50.229,3.842,1.0,346.421,15.096,2.158,10.634,3.368,6.812,10.316,12.211,22.526,45.794,2.842,6.263,1.263,2.684,2.158,4.842,1.842,0.474,0.316,0.368,0.368,1.263,1.053,0.211,0.053,0.051,0.0,0.0,0.0,,5.211,0.684,0.579,9.091,0.789,33.333,10,0.526,0.526,1.316,0.474,40.0,5.632,24.598,1.579,1.526,2.053,15.526,7.368,0.789
Lin Jong,Western Bulldogs,21,21.57,6,9.9,50.833,50.833,0,0.0,0,0,80.167,4.667,6.833,11.5,78.261,64.286,87.805,40.58,1.5,1.5,120.0,10.435,2.0,5.75,2.0,5.75,5.333,6.333,11.667,45.714,2.5,4.167,0.333,0.833,0.667,1.5,1.667,0.0,0.0,0.333,0.167,0.833,0.833,0.0,0.0,0.0,0.0,,0.0,,4.167,1.167,0.5,66.667,0.5,66.667,3,0.5,0.167,0.667,0.333,75.0,2.667,11.852,0.5,0.167,1.667,14.667,7.333,1.0
Garrick Ibbotson,Fremantle,26,26.79,12,7.758,69.0,61.833,0,0.0,0,0,78.167,9.0,5.75,14.75,78.531,77.778,79.71,61.017,1.667,2.25,236.667,16.045,1.333,11.062,1.75,8.429,5.167,9.917,15.083,34.254,5.5,3.083,0.083,0.083,0.667,0.75,5.333,0.917,0.167,1.917,0.083,0.917,0.417,0.5,0.167,0.175,0.417,100.0,0.083,20.0,1.75,0.0,1.417,41.176,0.167,0.0,0,0.0,0.25,0.25,0.25,0.0,3.167,12.5,1.417,0.083,1.75,8.167,5.417,0.917
Hayden Crozier,Fremantle,21,21.01,11,7.364,55.455,55.364,0,0.0,0,0,67.182,7.0,4.0,11.0,72.727,63.636,88.636,63.636,2.273,0.545,207.182,18.835,1.182,9.308,2.364,4.654,4.182,7.091,11.273,37.097,0.727,3.091,0.818,0.091,0.364,0.455,3.0,0.273,0.364,0.091,0.545,0.727,0.455,0.273,0.0,0.0,0.0,,0.0,,3.273,0.636,0.0,,0.273,33.333,8,0.727,0.545,1.545,0.455,47.059,3.0,12.741,0.455,0.364,0.818,14.0,5.273,0.455
Matt Spangher,Hawthorn,27,27.69,15,7.533,65.667,57.667,6,0.5,2,1,84.467,8.8,5.067,13.867,80.769,81.818,78.947,63.462,1.333,2.267,206.6,14.899,2.2,6.303,2.6,5.333,5.267,8.733,14.0,37.619,4.933,2.933,0.2,0.0,0.133,0.133,4.8,0.933,0.0,1.467,0.067,1.2,1.133,0.067,0.0,0.0,0.0,,0.0,,2.2,0.067,2.733,39.024,0.6,0.0,0,0.0,0.133,0.2,0.133,0.0,3.733,13.054,0.8,0.0,6.067,10.067,6.6,5.133
Jonathon Ceglar,Hawthorn,23,23.87,15,9.16,75.933,67.8,2,0.154,1,0,82.467,5.267,6.6,11.867,73.596,60.759,83.838,44.382,1.533,0.667,120.0,10.112,1.467,8.091,1.733,6.846,5.933,6.267,12.2,48.634,1.2,3.6,0.733,0.733,1.4,2.133,3.333,0.733,0.533,0.4,0.867,1.0,0.667,0.333,49.333,49.798,18.933,38.378,4.333,22.887,1.867,0.4,0.2,0.0,1.933,24.138,8,0.533,0.2,0.867,0.333,61.538,4.8,17.391,1.8,0.0,2.867,9.0,2.933,2.067
Daniel Jackson,Richmond,28,28.68,10,10.48,88.9,85.6,0,0.0,0,0,71.8,11.9,10.0,21.9,68.037,55.462,83.0,54.338,4.1,0.7,318.0,14.521,2.6,8.423,4.3,5.093,9.2,12.5,21.7,42.396,2.1,6.4,1.2,0.9,3.3,4.2,3.5,0.5,0.2,0.5,0.4,0.8,0.5,0.3,0.1,0.1,0.1,100.0,0.0,0.0,4.3,0.5,0.3,0.0,0.3,0.0,4,0.4,0.4,1.3,0.2,30.769,4.7,19.502,1.2,0.4,1.7,13.3,6.1,0.4
Orren Stephenson,Richmond,32,32.46,1,6.8,76.0,67.0,0,0.0,0,0,85.0,5.0,7.0,12.0,58.333,80.0,42.857,41.667,1.0,1.0,95.0,7.917,0.0,,0.0,,6.0,6.0,12.0,50.0,1.0,5.0,0.0,3.0,0.0,3.0,2.0,0.0,0.0,0.0,1.0,0.0,0.0,0.0,67.0,53.6,24.0,35.821,5.0,20.833,2.0,0.0,0.0,,1.0,0.0,0,0.0,0.0,0.0,0.0,,2.0,8.696,1.0,0.0,0.0,4.0,2.0,0.0
Nathan Gordon,Richmond,24,24.88,12,6.317,55.833,53.333,0,0.0,0,0,67.583,7.25,3.417,10.667,67.969,63.218,78.049,67.969,2.25,0.5,178.083,16.695,2.0,5.333,2.167,4.923,4.167,7.0,11.167,37.313,1.667,3.167,1.0,0.0,0.25,0.25,3.917,0.167,0.75,0.0,1.833,0.583,1.083,-0.5,0.0,0.0,0.0,,0.0,,2.417,0.667,0.083,0.0,1.333,6.25,11,0.917,0.5,1.667,0.333,55.0,3.833,17.228,0.417,0.5,0.667,10.5,3.25,0.417
Tom Williams,Western Bulldogs,28,28.45,7,6.957,53.0,48.0,0,0.0,0,0,87.143,6.857,3.714,10.571,77.027,77.083,76.923,64.865,1.286,0.857,152.143,14.392,1.143,9.25,0.714,14.8,3.714,6.429,10.143,36.62,2.286,3.0,0.571,0.0,0.429,0.429,4.0,0.0,0.429,0.286,1.0,0.714,0.857,-0.143,2.143,1.963,0.571,26.667,0.0,0.0,1.0,0.143,1.571,54.545,2.429,11.765,6,0.857,0.143,1.286,0.143,66.667,3.714,15.951,1.143,0.143,2.143,5.143,3.0,1.571
Jared Petrenko,Adelaide,25,25.02,5,9.72,66.6,66.2,0,0.0,0,0,79.2,7.8,5.0,12.8,64.062,56.41,76.0,60.938,2.6,0.0,203.8,15.922,1.2,10.667,1.0,12.8,6.0,6.2,12.2,49.18,0.8,4.6,1.8,0.4,1.0,1.4,2.2,0.2,0.6,0.0,0.6,0.8,0.6,0.2,0.0,0.0,0.0,,0.0,,5.0,2.8,0.0,,2.2,18.182,5,1.0,1.2,2.6,0.4,38.462,6.0,20.979,1.0,0.6,1.0,17.6,3.2,0.4
Kyle Hartigan,Adelaide,23,23.14,7,6.643,62.429,58.286,3,0.429,1,0,92.143,8.0,7.143,15.143,79.245,71.429,88.0,52.83,0.857,1.857,172.857,11.415,2.429,6.235,3.286,4.609,4.571,10.857,15.429,29.63,5.286,3.143,0.0,0.0,0.286,0.286,5.857,0.857,0.0,2.0,0.0,0.286,1.0,-0.714,0.0,0.0,0.0,,0.0,,1.286,0.0,3.857,25.926,0.143,0.0,0,0.0,0.0,0.143,0.0,0.0,3.429,12.308,1.143,0.143,5.286,5.429,4.429,3.714
Josh Jenkins,Adelaide,25,25.89,20,10.355,69.25,65.65,13,0.65,3,3,89.0,8.5,3.2,11.7,63.248,61.765,67.187,72.65,2.3,0.65,237.45,20.295,1.8,6.5,2.25,5.2,4.85,7.0,11.85,40.928,0.85,2.8,1.25,0.25,0.3,0.55,4.3,1.05,1.6,0.1,1.15,0.6,0.4,0.2,14.9,15.979,2.75,18.456,0.5,18.182,1.35,0.7,0.3,33.333,3.6,23.611,40,2.0,1.3,3.6,0.35,55.556,6.45,22.995,0.6,0.5,2.4,12.35,3.4,1.7
Luke Russell,Gold Coast,22,22.93,13,5.069,48.923,50.462,0,0.0,0,0,73.154,7.0,4.615,11.615,74.172,68.132,83.333,60.265,2.385,0.231,191.385,16.477,1.385,8.389,1.769,6.565,3.0,8.538,11.538,26.0,0.769,2.077,0.462,0.231,0.615,0.846,3.231,0.077,0.308,0.077,0.846,0.385,0.462,-0.077,0.0,0.0,0.154,,0.077,50.0,2.077,0.846,0.0,,0.231,33.333,6,0.462,0.308,0.846,0.462,54.545,3.615,14.242,0.462,0.308,0.385,13.462,4.077,0.077
Will Schofield,West Coast,25,25.93,17,8.559,60.235,47.412,0,0.0,0,0,85.0,7.412,3.941,11.353,78.756,82.54,71.642,65.285,1.412,2.706,245.529,21.627,1.118,10.158,2.588,4.386,3.824,7.118,10.941,34.946,3.824,2.941,0.0,0.118,0.176,0.294,3.588,0.176,0.0,0.471,0.176,0.588,0.294,0.294,0.0,0.0,0.0,,0.0,,1.706,0.0,2.647,15.556,0.471,37.5,0,0.0,0.0,0.059,0.118,0.0,2.588,11.055,0.765,0.706,5.706,7.941,6.294,4.765
Brant Colledge,West Coast,20,20.18,2,3.75,44.0,41.5,0,0.0,0,0,88.0,5.5,4.0,9.5,57.895,45.455,75.0,57.895,3.0,0.5,145.5,15.316,2.5,3.8,3.0,3.167,4.0,6.5,10.5,38.095,1.5,3.0,0.5,0.0,1.0,1.0,1.0,0.5,0.0,0.0,0.0,0.5,1.0,-0.5,0.0,0.0,0.0,,0.0,,4.0,1.5,0.0,,0.5,100.0,0,0.0,0.5,1.0,0.0,0.0,3.0,17.143,1.0,0.0,1.0,15.0,5.5,0.5
Alex Fasolo,Collingwood,22,22.56,12,7.492,68.167,64.667,0,0.0,0,1,79.25,8.583,6.417,15.0,75.556,66.667,87.692,57.222,2.0,1.0,174.5,11.952,2.083,7.2,2.5,5.84,5.083,9.833,14.917,34.078,3.4,4.4,0.5,0.333,0.5,0.833,4.25,0.167,0.75,0.7,0.4,0.5,0.583,-0.083,0.0,0.0,0.0,,0.0,,2.583,0.6,0.5,40.0,0.7,28.571,7,0.583,0.75,1.4,0.25,35.714,3.5,15.152,0.9,0.167,1.583,10.3,5.3,1.3
Jackson Sheringham,Geelong,26,26.52,7,4.029,39.714,39.571,0,0.0,0,0,57.857,5.286,3.714,9.0,74.603,72.973,76.923,58.73,1.429,1.0,153.143,17.016,1.286,7.0,2.143,4.2,2.714,6.571,9.286,29.231,2.286,1.857,0.143,0.429,0.286,0.714,2.143,0.0,0.286,0.429,0.0,0.429,0.571,-0.143,0.0,0.0,0.0,,0.0,,2.714,0.143,0.714,40.0,0.143,0.0,0,0.0,0.286,0.429,0.286,0.0,2.286,9.467,0.429,0.143,1.571,9.571,6.286,0.857
George Burbury,Geelong,22,22.54,5,3.24,52.6,57.8,0,0.0,0,0,82.0,5.8,5.2,11.0,60.0,41.379,80.769,52.727,2.2,0.2,146.4,13.309,3.4,3.235,3.4,3.235,4.4,7.0,11.4,38.596,1.4,3.4,2.2,0.0,0.2,0.2,3.0,0.2,0.4,0.2,0.6,0.4,1.0,-0.6,0.0,0.0,0.0,,0.0,,5.4,2.4,0.2,100.0,2.0,0.0,1,0.2,0.8,1.6,0.6,12.5,4.4,16.541,0.6,0.0,1.6,15.2,3.2,0.4
Dean Kent,Melbourne,20,20.84,13,7.915,53.385,53.0,0,0.0,0,0,71.692,7.538,4.462,12.0,71.154,61.224,87.931,62.821,2.154,0.615,242.077,20.173,2.308,5.2,2.923,4.105,4.154,8.0,12.154,34.177,1.538,3.615,0.769,0.154,0.538,0.692,3.231,0.154,0.846,0.385,0.769,0.308,0.846,-0.538,0.0,0.0,0.0,,0.0,,1.923,0.385,0.0,,0.692,0.0,12,0.923,0.769,2.077,0.385,44.444,3.846,22.026,0.538,0.462,0.615,10.538,3.154,0.462
Michael Evans,Melbourne,22,22.46,3,4.767,29.667,39.333,0,0.0,0,0,46.333,6.333,2.0,8.333,40.0,26.316,83.333,76.0,1.333,0.333,179.333,21.52,1.333,6.25,2.0,4.167,4.0,4.333,8.333,48.0,1.0,3.0,1.333,0.333,1.333,1.667,1.667,0.667,0.333,0.0,0.0,0.333,0.667,-0.333,0.0,0.0,0.0,,0.0,,2.667,0.667,0.0,,1.333,25.0,1,0.333,0.333,1.0,0.0,33.333,1.0,5.357,0.0,0.0,0.667,9.667,4.333,0.333
Ben Jacobs,North Melbourne,22,22.97,14,6.0,47.143,46.714,0,0.0,0,0,64.214,6.571,7.5,14.071,77.157,69.565,83.81,46.701,1.286,1.286,173.143,12.305,2.143,6.567,2.429,5.794,4.286,9.857,14.143,30.303,2.929,2.857,0.143,0.286,0.643,0.929,2.786,0.143,0.0,0.5,0.286,0.571,1.071,-0.5,0.0,0.0,0.0,,0.0,,1.429,0.143,0.214,0.0,0.214,33.333,1,0.071,0.143,0.214,0.143,33.333,3.0,11.798,0.714,0.643,1.0,6.714,4.5,0.5
Andrew Carrazzo,Carlton,31,31.04,14,9.357,88.071,81.429,7,0.5,3,1,79.286,8.5,11.571,20.071,76.157,70.588,80.247,42.349,1.5,1.643,192.714,9.601,1.429,14.05,2.429,8.265,9.786,10.929,20.714,47.241,2.071,6.071,0.643,2.0,3.0,5.0,2.857,0.0,0.071,0.071,0.071,1.5,0.643,0.857,0.0,0.0,0.0,,0.0,,6.143,1.429,0.286,0.0,0.143,0.0,0,0.0,0.071,0.143,0.357,0.0,4.857,20.988,1.214,0.0,1.571,17.714,8.214,0.429
Jason Winderlich,Essendon,30,30.22,16,9.65,69.125,64.625,15,1.0,3,0,82.75,7.688,6.875,14.562,77.682,71.545,84.545,52.79,1.5,1.375,164.938,11.326,1.125,12.944,1.812,8.034,4.062,10.312,14.375,28.261,2.812,3.188,0.812,0.062,0.188,0.25,4.688,0.438,1.188,0.562,0.375,0.25,0.5,-0.25,0.0,0.0,0.125,,0.0,0.0,2.188,0.562,0.438,14.286,1.5,33.333,15,0.938,0.5,1.625,0.688,57.692,5.0,21.108,0.875,0.125,1.312,9.062,3.875,0.688
Jason Ashby,Essendon,20,20.62,5,4.68,41.0,44.2,0,0.0,0,0,65.2,6.0,6.6,12.6,73.016,66.667,78.788,47.619,1.2,0.6,95.0,7.54,1.6,7.875,1.8,7.0,3.6,9.2,12.8,28.125,1.8,2.8,0.0,0.4,0.4,0.8,2.4,0.4,0.0,0.6,0.0,0.4,0.6,-0.2,0.0,0.0,0.0,,0.0,,1.8,0.0,0.2,100.0,0.0,,0,0.0,0.0,0.0,0.2,,2.8,12.613,0.6,0.0,1.4,13.8,7.6,0.8
Josh Thomas,Collingwood,23,23.24,13,9.815,71.692,69.846,16,1.231,2,1,71.231,9.538,7.692,17.231,66.071,51.613,84.0,55.357,2.846,1.077,241.077,13.991,2.154,8.0,3.308,5.209,7.0,10.231,17.231,40.625,2.0,5.308,0.846,0.846,1.308,2.154,2.538,0.077,0.385,0.154,0.0,0.692,0.692,0.0,0.0,0.0,0.0,,0.0,,3.923,0.846,0.0,,0.308,0.0,8,0.615,0.231,1.154,0.538,53.333,4.538,18.671,1.077,0.385,0.846,14.692,5.462,0.231
Sam Lloyd,Richmond,24,24.83,8,6.438,60.75,63.0,0,0.0,0,0,76.375,7.25,4.625,11.875,65.263,60.345,72.973,61.053,2.0,0.0,169.625,14.284,1.5,7.917,2.125,5.588,4.25,7.125,11.375,37.363,1.25,2.875,1.25,0.0,0.375,0.375,3.375,0.25,0.875,0.0,0.875,0.875,0.375,0.5,0.0,0.0,0.0,,0.0,,3.5,1.375,0.0,,1.375,18.182,10,1.25,0.625,2.25,0.25,55.556,3.75,15.873,0.125,0.0,0.75,12.25,2.375,0.5
Matthew Arnot,Richmond,21,21.19,4,7.875,52.0,57.25,0,0.0,0,0,68.75,5.0,4.75,9.75,71.795,65.0,78.947,51.282,2.0,0.5,188.25,19.308,1.5,6.5,1.75,5.571,4.25,5.25,9.5,44.737,1.75,2.75,1.25,0.25,0.5,0.75,2.75,0.25,0.75,0.0,0.25,0.75,0.5,0.25,0.0,0.0,0.0,,0.0,,5.0,1.25,0.0,,0.75,0.0,3,0.75,0.75,1.5,0.25,50.0,2.5,11.236,0.75,0.0,1.25,16.75,4.75,0.5
Levi Casboult,Carlton,24,24.79,19,7.379,64.684,63.474,9,0.474,2,0,88.632,5.737,4.789,10.526,70.0,56.881,85.714,54.5,1.0,0.421,106.316,10.1,1.895,5.556,1.526,6.897,5.105,5.895,11.0,46.411,1.263,2.263,0.421,0.421,0.421,0.842,5.684,1.895,1.368,0.526,1.368,0.579,0.737,-0.158,20.316,21.48,6.895,33.938,1.474,21.374,2.263,0.421,0.474,22.222,3.0,33.333,15,0.789,0.579,1.737,0.316,45.455,3.737,16.1,0.842,0.0,2.842,11.842,4.579,1.737
Nick Graham,Carlton,20,20.55,8,5.138,47.75,52.5,0,0.0,0,0,60.375,7.75,3.0,10.75,65.116,58.065,83.333,72.093,1.375,0.75,154.25,14.349,0.75,14.333,1.625,6.615,4.25,6.75,11.0,38.636,0.875,2.75,0.875,0.375,0.75,1.125,3.625,0.125,0.0,0.125,0.5,1.0,0.125,0.875,0.0,0.0,0.0,,0.0,,2.5,0.375,0.0,,0.375,0.0,2,0.25,0.25,0.625,0.25,40.0,3.0,13.636,0.5,0.125,0.625,9.25,5.125,0.125
Heath Scotland,Carlton,34,34.44,4,9.425,78.0,75.75,0,0.0,0,0,82.5,11.5,7.25,18.75,76.0,73.913,79.31,61.333,3.25,1.0,316.5,16.88,1.5,12.5,2.75,6.818,5.75,13.0,18.75,30.667,1.75,4.75,0.5,0.5,1.0,1.5,4.25,0.25,0.5,0.0,1.0,0.25,0.5,-0.25,0.0,0.0,0.0,,0.0,,3.0,0.25,0.25,0.0,0.5,50.0,2,0.5,0.25,0.75,0.5,66.667,5.5,23.404,0.75,1.0,0.5,13.75,6.5,0.25
Chris Dawes,Melbourne,26,26.62,18,8.717,66.722,63.667,7,0.389,2,2,89.667,7.556,4.778,12.333,67.117,58.088,81.395,61.261,3.056,0.167,197.389,16.005,2.444,5.045,2.889,4.269,5.889,6.556,12.444,47.321,0.889,3.444,1.167,0.111,0.222,0.333,4.5,1.111,1.056,0.111,1.833,1.167,1.111,0.056,2.889,2.95,0.611,21.154,0.056,9.091,3.0,1.056,0.056,100.0,4.556,35.366,20,1.111,0.833,2.222,0.389,50.0,4.667,26.006,0.667,0.056,1.278,14.722,2.5,0.611
Jordie McKenzie,Melbourne,24,24.52,9,4.478,51.0,43.444,0,0.0,0,0,84.444,4.444,9.0,13.444,76.033,67.5,80.247,33.058,1.333,0.222,98.333,7.314,2.333,5.762,1.778,7.563,6.667,6.667,13.333,50.0,1.889,4.667,0.556,0.222,1.556,1.778,1.111,0.111,0.111,0.0,0.0,1.556,1.667,-0.111,0.0,0.0,0.0,,0.0,,3.0,0.111,0.444,50.0,0.0,,0,0.0,0.222,0.222,0.222,0.0,2.111,11.446,0.556,0.0,0.889,11.0,6.222,0.333
Jackson Paine,Brisbane,21,21.52,6,4.067,34.5,34.0,0,0.0,0,0,85.833,4.167,4.167,8.333,58.0,48.0,68.0,50.0,1.167,0.833,123.833,14.86,2.333,3.571,2.167,3.846,4.0,4.5,8.5,47.059,2.167,3.0,1.333,0.0,0.167,0.167,1.0,0.0,0.0,0.667,0.333,1.0,0.833,0.167,0.833,0.903,0.0,0.0,0.0,,2.0,0.5,0.0,,3.167,10.526,3,0.5,0.667,1.167,0.0,42.857,2.333,13.592,0.333,0.0,1.0,8.833,3.667,0.333
Nicholas Robertson,Brisbane,19,19.57,8,5.45,54.5,55.125,0,0.0,0,0,62.625,6.25,6.625,12.875,70.874,68.0,73.585,48.544,2.0,0.75,153.625,11.932,2.125,6.059,3.375,3.815,5.75,7.875,13.625,42.202,1.25,4.125,0.25,1.125,1.5,2.625,3.0,0.25,0.0,0.125,0.125,0.5,1.25,-0.75,0.0,0.0,0.125,,0.0,0.0,4.25,0.125,0.0,,0.125,0.0,0,0.0,0.25,0.25,0.125,0.0,1.375,9.565,0.25,0.25,1.0,14.25,6.875,0.375
Tom Cutler,Brisbane,19,19.86,7,3.957,46.429,45.0,0,0.0,0,0,59.571,7.857,3.857,11.714,75.61,76.364,74.074,67.073,1.0,2.286,188.857,16.122,1.857,6.308,2.143,5.467,2.143,9.429,11.571,18.519,2.429,2.0,0.0,0.0,0.571,0.571,3.429,0.0,0.0,0.429,0.143,0.0,0.571,-0.571,0.0,0.0,0.0,,0.0,,0.857,0.0,0.429,33.333,0.0,,2,0.286,0.0,0.286,0.143,100.0,1.857,13.402,0.286,1.571,1.143,8.143,5.857,0.571
Cameron O'Shea,Port Adelaide,22,22.8,12,8.225,71.75,67.25,0,0.0,0,0,87.583,9.667,9.25,18.917,80.176,76.724,83.784,51.101,1.917,2.5,234.667,12.405,2.167,8.731,3.167,5.974,5.833,12.583,18.417,31.674,6.083,4.667,0.083,0.083,0.417,0.5,5.0,0.5,0.0,1.167,0.083,0.5,0.917,-0.417,0.0,0.0,0.0,,0.0,,1.75,0.0,1.417,47.059,0.167,50.0,0,0.0,0.0,0.0,0.083,,3.583,13.15,1.417,0.417,2.917,10.667,6.833,2.167
Aaron Young,Port Adelaide,22,22.06,14,6.579,45.5,41.857,0,0.0,0,0,43.357,4.214,6.714,10.929,72.549,57.627,81.915,38.562,1.857,0.5,137.357,12.569,1.214,9.0,1.5,7.286,5.071,5.5,10.571,47.973,1.571,3.0,0.714,0.857,1.214,2.071,2.357,0.214,0.357,0.357,0.0,0.571,0.714,-0.143,0.0,0.0,0.571,,0.214,37.5,1.857,0.571,0.214,0.0,0.429,16.667,5,0.357,0.143,0.5,0.5,71.429,2.786,10.078,0.786,0.0,0.643,6.571,2.5,0.429
Sam Gray,Port Adelaide,22,22.91,7,8.471,57.429,54.571,0,0.0,0,0,70.857,6.714,5.143,11.857,73.494,59.574,91.667,56.627,2.571,0.0,151.0,12.735,1.857,6.385,2.714,4.368,3.857,8.286,12.143,31.765,0.429,3.286,0.857,0.143,0.857,1.0,3.571,0.143,0.429,0.0,1.857,0.286,0.714,-0.429,0.0,0.0,0.0,,0.0,,2.429,0.571,0.143,0.0,1.143,37.5,6,0.857,0.429,1.286,0.286,66.667,4.286,14.634,0.286,0.143,1.143,11.714,3.286,0.429
Jed Lamb,Greater Western Sydney,22,22.2,8,5.875,46.125,56.125,0,0.0,0,0,66.125,7.25,3.25,10.5,64.286,56.897,80.769,69.048,2.25,0.625,211.75,20.167,1.75,6.0,2.375,4.421,2.25,7.75,10.0,22.5,0.875,2.0,0.25,0.0,0.625,0.625,3.875,0.0,1.0,0.0,1.375,0.375,0.75,-0.375,0.0,0.0,0.0,,0.0,,3.25,1.0,0.0,,1.0,12.5,6,0.75,0.625,1.5,0.5,50.0,4.125,19.186,0.375,0.5,0.375,11.125,3.375,0.125
Liam Sumner,Greater Western Sydney,21,21.37,2,5.35,29.0,24.5,0,0.0,0,0,69.5,3.5,1.0,4.5,77.778,71.429,100.0,77.778,1.0,0.0,46.0,10.222,1.0,4.5,1.0,4.5,3.5,1.5,5.0,70.0,2.5,2.5,0.5,0.0,0.0,0.0,1.0,0.0,0.0,0.0,0.5,1.5,0.5,1.0,0.0,0.0,0.0,,0.0,,1.5,0.0,0.5,0.0,1.5,0.0,1,0.5,0.0,1.5,0.0,33.333,1.0,4.167,0.5,0.0,2.0,12.0,5.0,2.0
Jason Tutt,Western Bulldogs,23,23.63,7,11.386,73.0,70.143,0,0.0,0,0,76.571,9.571,4.714,14.286,69.0,61.194,84.848,67.0,3.571,0.429,300.571,21.04,2.143,6.667,3.571,4.0,5.143,9.429,14.571,35.294,2.571,3.857,0.714,0.0,0.714,0.714,2.0,0.143,0.429,0.143,0.143,0.857,0.714,0.143,0.0,0.0,0.0,,0.0,,4.571,0.714,0.286,0.0,0.714,20.0,10,1.429,0.429,2.143,0.143,66.667,5.0,22.152,1.0,0.571,1.571,18.857,7.0,0.714
Tom Young,Western Bulldogs,22,22.68,4,7.95,44.25,40.5,0,0.0,0,0,85.25,5.5,6.25,11.75,87.234,81.818,92.0,46.809,1.0,1.75,162.5,13.83,2.25,5.222,1.75,6.714,4.0,8.25,12.25,32.653,4.25,3.75,0.25,0.0,0.5,0.5,3.0,0.25,0.0,1.25,0.0,0.0,1.0,-1.0,0.0,0.0,0.0,,0.0,,1.0,0.0,3.75,26.667,0.5,50.0,1,0.25,0.0,0.25,0.25,100.0,1.75,6.481,0.75,0.0,2.5,7.0,4.75,2.5
Sam Butler,West Coast,28,28.96,12,7.95,62.333,64.167,1,0.083,1,1,69.0,9.0,7.0,16.0,77.604,72.222,84.524,56.25,1.5,1.833,255.417,15.964,0.917,17.455,2.167,7.385,4.667,11.5,16.167,28.866,3.5,3.25,0.25,0.167,0.667,0.833,3.917,0.25,0.083,0.417,0.0,0.75,0.417,0.333,0.0,0.0,0.0,,0.0,,2.833,0.25,1.0,16.667,0.0,,1,0.083,0.083,0.167,0.083,50.0,2.583,10.544,0.417,0.167,2.25,10.083,7.417,1.0
Josh Hill,West Coast,25,25.94,9,7.967,55.333,59.778,0,0.0,0,0,80.111,8.0,3.444,11.444,61.165,53.968,80.645,69.903,2.556,0.333,192.75,16.404,2.222,5.15,2.25,5.222,4.889,6.667,11.556,42.308,2.125,3.375,1.25,0.222,0.889,1.111,3.889,0.222,0.889,0.375,0.25,0.889,0.778,0.111,0.0,0.0,0.0,,0.0,,3.333,1.375,0.125,100.0,0.875,0.0,7,0.778,0.667,1.875,0.889,33.333,5.0,20.202,0.875,0.222,1.778,16.0,3.625,0.5
Patrick McGinnity,West Coast,25,25.86,10,7.44,57.1,55.6,5,0.5,1,0,80.1,6.3,5.0,11.3,69.027,53.968,88.0,55.752,2.0,0.5,177.1,15.673,2.8,4.036,2.6,4.346,5.6,6.5,12.1,46.281,2.0,3.8,1.3,0.0,1.3,1.3,2.1,0.2,0.2,0.2,0.1,1.2,1.3,-0.1,0.0,0.0,0.0,,0.0,,4.9,1.1,0.1,0.0,0.5,0.0,5,0.5,0.5,1.1,0.8,45.455,3.8,15.966,0.7,0.0,1.4,19.3,6.6,0.4
Scott Lycett,West Coast,22,22.26,12,9.533,77.833,72.333,2,0.167,1,1,78.667,5.667,6.333,12.0,75.694,64.706,85.526,47.222,1.667,0.167,166.25,13.854,1.25,9.6,2.25,5.333,5.5,6.667,12.167,45.205,1.667,3.333,0.917,0.667,0.667,1.333,3.833,0.917,1.0,0.583,0.833,1.083,0.5,0.583,29.833,32.31,13.667,45.81,2.583,18.902,2.75,0.5,0.25,33.333,2.0,16.667,13,1.083,0.417,1.667,0.083,65.0,4.583,18.092,1.333,0.083,1.917,11.917,3.917,1.417
Jack Hutchins,Gold Coast,22,22.86,3,1.533,15.333,23.0,0,0.0,0,0,31.667,3.667,2.0,5.667,64.706,45.455,100.0,64.706,0.333,1.0,59.333,10.471,0.667,8.5,0.667,8.5,2.0,3.667,5.667,35.294,1.0,2.0,0.333,0.0,0.0,0.0,1.667,0.0,0.333,0.0,0.333,0.0,0.0,0.0,0.0,0.0,0.333,,0.0,0.0,0.667,0.0,0.333,0.0,0.0,,0,0.0,0.0,0.333,0.0,0.0,1.333,5.063,0.333,0.333,0.333,5.0,3.0,0.333
Michael Firrito,North Melbourne,31,31.09,20,12.795,73.95,61.5,3,0.176,2,0,92.1,9.6,6.75,16.35,82.263,78.646,87.407,58.716,1.65,3.95,359.5,21.988,1.8,9.083,3.45,4.739,5.0,10.95,15.95,31.348,6.45,3.6,0.0,0.05,0.3,0.35,4.7,0.5,0.05,2.1,0.1,0.65,0.9,-0.25,0.0,0.0,0.05,,0.0,0.0,1.7,0.0,3.45,18.841,0.15,66.667,1,0.05,0.0,0.1,0.05,50.0,3.4,13.36,1.65,0.6,5.7,7.75,5.85,4.95
Robin Nahas,North Melbourne,27,27.13,8,6.25,64.625,69.125,0,0.0,0,0,71.375,8.5,5.5,14.0,61.607,54.412,72.727,60.714,2.625,0.375,224.5,16.036,2.25,6.222,3.5,4.0,5.125,9.125,14.25,35.965,1.5,3.125,0.875,0.0,0.5,0.5,4.25,0.25,0.625,0.125,1.0,1.625,0.875,0.75,0.0,0.0,0.0,,0.0,,3.625,1.5,0.0,,1.5,16.667,7,0.875,1.125,2.5,0.25,35.0,5.75,20.536,0.625,0.75,0.75,13.25,3.5,0.625
Jack Steven,St Kilda,24,24.76,17,11.665,84.824,86.647,4,0.235,3,1,76.471,12.118,11.0,23.118,68.702,58.252,80.214,52.417,3.588,1.765,336.706,14.565,2.765,8.362,3.588,6.443,8.647,14.412,23.059,37.5,1.647,6.176,0.529,2.588,1.941,4.529,2.588,0.118,0.294,0.176,0.294,1.0,0.824,0.176,0.0,0.0,0.0,,0.0,,4.647,0.588,0.235,50.0,0.529,33.333,8,0.471,0.588,1.118,0.118,42.105,4.412,23.962,0.765,0.706,0.588,18.353,8.941,0.118
Billy Longer,St Kilda,21,21.63,16,6.344,65.312,60.375,1,0.062,1,0,85.438,2.5,4.75,7.25,61.207,42.5,71.053,34.483,0.5,0.188,35.75,4.931,1.938,3.742,1.062,6.824,4.562,2.562,7.125,64.035,0.812,3.125,0.125,0.938,0.812,1.75,1.062,0.312,0.062,0.25,0.0,0.938,0.938,0.0,69.5,76.955,25.875,37.23,6.562,25.362,3.938,0.375,0.562,44.444,1.125,16.667,1,0.062,0.062,0.125,0.188,50.0,2.25,12.162,1.5,0.0,2.5,13.5,7.125,1.75
Leroy Jetta,Essendon,26,26.48,2,10.95,48.5,48.0,0,0.0,0,0,70.5,7.0,2.0,9.0,66.667,64.286,75.0,77.778,3.5,0.0,256.0,28.444,0.5,18.0,1.0,9.0,2.5,5.5,8.0,31.25,0.5,2.0,1.5,0.0,0.0,0.0,2.5,0.0,0.0,0.0,0.0,0.5,0.5,0.0,0.0,0.0,0.0,,0.0,,1.5,0.5,0.0,,0.5,0.0,3,1.5,1.5,3.0,1.5,50.0,4.5,25.714,0.5,1.5,0.0,12.5,1.0,0.0
Travis Colyer,Essendon,23,23.35,12,10.767,74.833,73.083,0,0.0,0,0,83.333,11.917,5.0,16.917,67.98,65.035,75.0,70.443,4.583,1.25,362.75,21.443,1.5,11.278,3.25,5.205,5.167,11.333,16.5,31.313,2.0,4.083,1.333,0.0,0.833,0.833,4.667,0.167,0.5,0.083,0.667,0.5,0.333,0.167,0.0,0.0,0.0,,0.0,,2.417,0.917,0.333,50.0,0.5,16.667,7,0.583,0.667,1.417,0.667,41.176,5.083,22.426,0.75,1.75,1.333,14.333,4.917,0.583
Dylan Van Unen,Essendon,24,24.52,1,3.0,40.0,45.0,0,0.0,0,0,86.0,4.0,10.0,14.0,71.429,25.0,90.0,28.571,0.0,2.0,87.0,6.214,3.0,4.667,5.0,2.8,6.0,9.0,15.0,40.0,6.0,5.0,0.0,0.0,0.0,0.0,5.0,1.0,0.0,1.0,0.0,0.0,2.0,-2.0,0.0,0.0,0.0,,0.0,,1.0,0.0,1.0,0.0,0.0,,0,0.0,0.0,0.0,0.0,,2.0,13.333,0.0,0.0,1.0,5.0,3.0,1.0
Clancee Pearce,Fremantle,24,24.18,9,5.989,51.889,50.889,0,0.0,0,0,59.778,6.222,7.333,13.556,76.23,66.071,84.848,45.902,0.444,0.667,125.0,9.221,0.778,17.429,1.889,7.176,5.333,8.667,14.0,38.095,2.556,4.667,0.889,0.0,0.889,0.889,3.667,0.111,0.111,0.222,0.0,0.222,0.333,-0.111,0.0,0.0,0.0,,0.0,,1.778,0.222,0.556,80.0,0.0,,0,0.0,0.222,0.222,0.0,0.0,2.333,10.048,0.778,0.0,1.667,9.556,5.111,1.111
Zac Clarke,Fremantle,24,24.76,21,7.729,73.571,68.667,2,0.105,2,0,80.667,6.286,6.0,12.286,77.907,70.455,85.714,51.163,1.524,0.762,170.429,13.872,1.571,7.818,2.143,5.733,5.286,7.19,12.476,42.366,1.381,3.286,0.619,0.286,1.143,1.429,4.381,0.81,0.667,0.476,0.905,0.619,0.905,-0.286,32.952,35.073,12.0,36.416,2.143,17.857,2.714,0.667,0.286,16.667,1.667,20.0,12,0.571,0.476,1.286,0.333,44.444,3.524,14.538,0.667,0.0,2.571,11.333,4.381,1.857
Matt Taberner,Fremantle,21,21.53,9,5.211,54.333,55.111,2,0.286,1,0,77.333,6.778,3.444,10.222,59.783,57.377,64.516,66.304,1.333,0.778,165.889,16.228,2.111,4.842,3.222,3.172,5.0,5.444,10.444,47.872,1.111,3.0,0.778,0.111,0.444,0.556,4.444,1.0,0.889,0.111,1.111,0.667,0.889,-0.222,1.222,1.287,0.111,9.091,0.0,0.0,2.778,0.778,0.222,50.0,2.556,39.13,7,0.778,0.667,1.556,0.333,50.0,4.0,17.225,0.444,0.0,0.889,9.667,3.444,0.556
Joshua Simpson,Fremantle,20,20.89,1,7.0,34.0,55.0,0,0.0,0,0,44.0,7.0,6.0,13.0,69.231,42.857,100.0,53.846,2.0,1.0,158.0,12.154,3.0,4.333,4.0,3.25,8.0,5.0,13.0,61.538,4.0,5.0,0.0,0.0,1.0,1.0,1.0,0.0,0.0,0.0,0.0,2.0,1.0,1.0,0.0,0.0,0.0,,0.0,,5.0,0.0,0.0,,1.0,0.0,0,0.0,0.0,1.0,1.0,0.0,2.0,8.696,1.0,0.0,0.0,18.0,3.0,0.0
Luke McGuane,Brisbane,27,27.88,3,0.7,16.667,15.667,0,0.0,0,0,84.333,2.333,3.0,5.333,56.25,57.143,55.556,43.75,0.333,0.667,64.667,12.125,1.667,3.2,2.0,2.667,2.667,3.333,6.0,44.444,1.667,2.333,0.333,0.0,0.0,0.0,1.333,0.333,0.333,0.333,0.333,0.0,1.0,-1.0,0.0,0.0,0.0,,0.0,,0.333,0.333,0.0,,3.667,0.0,0,0.0,0.333,0.667,0.333,0.0,1.0,5.556,0.0,0.333,0.333,7.667,1.667,0.333
Brandon Jack,Sydney,20,20.6,8,3.188,28.0,35.75,0,0.0,0,0,43.5,3.625,4.0,7.625,57.377,44.828,68.75,47.541,1.75,0.125,133.625,17.525,1.75,4.357,2.375,3.211,3.0,4.5,7.5,40.0,0.75,2.375,0.625,0.0,0.875,0.875,1.5,0.125,0.125,0.0,0.125,0.5,0.75,-0.25,0.0,0.0,0.0,,0.0,,2.875,0.625,0.125,0.0,0.375,66.667,3,0.375,0.375,0.875,0.0,42.857,2.0,7.24,0.5,0.0,0.125,10.125,3.625,0.0
Mark Hutchings,West Coast,23,23.6,16,7.875,73.312,79.188,0,0.0,0,0,72.312,10.062,7.875,17.938,63.763,55.975,72.951,56.098,2.625,1.438,262.267,14.0,1.812,9.897,3.133,5.979,6.625,10.75,17.375,38.129,1.933,5.6,0.8,0.812,1.125,1.938,2.875,0.062,0.25,0.067,0.333,0.562,0.5,0.062,0.0,0.0,0.125,,0.0,0.0,5.5,1.0,0.133,50.0,0.267,75.0,8,0.5,0.438,1.0,0.438,53.333,4.8,19.355,1.133,0.312,1.125,17.333,6.867,0.467
Adam Schneider,St Kilda,30,30.63,13,9.577,68.769,72.385,2,0.154,1,0,81.231,10.846,4.923,15.769,67.805,62.411,79.687,68.78,2.615,1.077,240.462,15.249,2.308,6.833,2.462,6.406,5.385,10.308,15.692,34.314,1.769,4.0,1.154,0.538,1.385,1.923,4.308,0.154,0.769,0.077,0.846,0.308,0.923,-0.615,0.0,0.0,0.0,,0.0,,3.769,0.846,0.385,60.0,0.846,27.273,8,0.615,0.769,1.923,0.615,32.0,3.923,19.54,0.615,0.462,1.692,14.077,5.538,0.462
Josh Bruce,St Kilda,22,22.56,10,6.41,54.7,48.8,0,0.0,0,0,89.6,6.9,4.5,11.4,71.053,63.768,82.222,60.526,1.2,0.8,141.9,12.447,2.4,4.75,2.1,5.429,4.3,7.1,11.4,37.719,2.5,2.8,0.6,0.0,0.2,0.2,4.5,0.9,0.5,0.6,0.2,0.6,1.3,-0.7,1.0,1.071,0.0,0.0,0.0,,1.6,0.1,2.5,24.0,0.8,37.5,4,0.4,0.1,0.9,0.4,44.444,2.2,10.377,0.4,0.0,3.5,7.5,4.2,3.3
Sebastian Ross,St Kilda,21,21.65,13,7.915,59.0,61.308,0,0.0,0,0,68.692,8.615,7.231,15.846,65.534,56.25,76.596,54.369,2.385,1.692,242.385,15.296,2.308,6.867,3.0,5.282,6.308,9.769,16.077,39.234,1.769,4.615,0.308,0.923,1.846,2.769,2.692,0.077,0.077,0.0,0.154,0.308,0.538,-0.231,0.0,0.0,0.385,,0.077,20.0,3.308,0.462,0.077,100.0,0.308,0.0,1,0.077,0.154,0.462,0.308,16.667,2.769,14.938,1.077,0.692,0.769,11.923,6.538,0.385
Tom Lynch,Adelaide,24,24.29,8,7.612,61.875,61.5,9,1.125,1,0,60.25,8.5,5.125,13.625,65.138,54.412,82.927,62.385,2.125,0.875,187.875,13.789,0.875,15.571,2.125,6.412,5.125,8.5,13.625,37.615,1.5,3.0,1.375,0.0,0.25,0.25,4.375,0.875,0.5,0.25,1.125,1.125,0.375,0.75,0.25,0.264,0.0,0.0,0.0,,1.625,0.375,0.125,100.0,1.5,58.333,7,0.875,0.875,2.125,0.875,41.176,5.625,18.519,0.75,0.0,0.5,9.0,1.5,0.375
Tom Boyd,Greater Western Sydney,19,19.35,9,5.711,44.556,35.0,0,0.0,0,0,81.556,3.444,2.667,6.111,81.818,74.194,91.667,56.364,0.556,0.111,60.0,9.818,1.0,6.111,0.667,9.167,3.778,2.556,6.333,59.649,0.444,2.0,0.778,0.222,0.444,0.667,2.556,0.889,0.889,0.222,0.556,0.778,0.556,0.222,9.778,10.719,2.889,29.545,0.333,11.538,1.0,0.333,0.111,100.0,2.889,15.385,8,0.889,0.333,1.444,0.667,61.538,3.444,14.692,0.556,0.0,1.333,8.0,1.778,1.111
Neville Jetta,Melbourne,24,24.88,16,8.05,61.938,56.188,7,0.438,5,0,85.125,6.25,6.75,13.0,87.5,82.0,92.593,48.077,0.625,1.438,122.938,9.457,1.125,11.556,1.0,13.0,4.5,8.438,12.938,34.783,4.062,3.062,0.0,0.188,0.625,0.812,3.125,0.312,0.125,0.938,0.062,1.25,0.688,0.562,0.0,0.0,0.0,,0.0,,3.75,0.188,1.188,21.053,0.125,0.0,1,0.062,0.0,0.062,0.125,100.0,2.25,12.544,0.938,0.125,3.25,9.875,6.5,2.375
Chris Judd,Carlton,31,31.31,12,12.233,90.583,80.167,27,2.25,5,7,68.333,11.75,8.75,20.5,67.48,67.376,67.619,57.317,4.0,1.333,332.417,16.215,1.833,11.182,4.0,5.125,9.917,10.25,20.167,49.174,1.833,7.75,0.667,1.917,3.25,5.167,3.667,0.167,0.417,0.417,0.5,0.667,0.583,0.083,0.0,0.0,0.0,,0.0,,3.417,0.5,0.083,0.0,0.25,33.333,7,0.583,0.333,1.083,0.833,53.846,5.583,24.275,1.917,0.167,0.583,13.417,6.417,0.083
Michael Talia,Western Bulldogs,21,21.88,3,6.867,46.667,36.0,0,0.0,0,0,90.333,6.0,6.0,12.0,75.0,66.667,83.333,50.0,0.667,1.333,139.667,11.639,2.667,4.5,1.667,7.2,5.333,7.0,12.333,43.243,5.667,3.333,0.0,0.0,0.333,0.333,3.333,1.0,0.0,1.333,0.0,0.667,2.0,-1.333,0.0,0.0,0.0,,0.0,,0.333,0.0,2.333,71.429,0.333,0.0,0,0.0,0.0,0.0,0.0,,1.333,5.797,0.333,0.0,4.333,3.333,2.0,3.667
Ben Stratton,Hawthorn,25,25.83,15,8.98,63.267,54.2,5,0.417,2,0,88.0,6.533,6.533,13.067,84.694,78.571,90.816,50.0,0.933,1.733,150.333,11.505,1.6,8.167,1.2,10.889,4.867,8.0,12.867,37.824,5.467,3.4,0.0,0.2,0.067,0.267,3.933,0.4,0.0,1.333,0.067,0.667,1.067,-0.4,0.0,0.0,0.0,,0.0,,3.067,0.0,2.333,37.143,0.067,100.0,0,0.0,0.0,0.0,0.133,,3.0,11.222,1.067,0.733,5.4,9.467,7.267,4.2
Mitch Hallahan,Hawthorn,22,22.35,6,8.033,64.5,69.167,0,0.0,0,0,73.167,7.0,10.5,17.5,66.667,50.0,77.778,40.0,3.167,0.667,194.667,11.124,2.333,7.5,2.833,6.176,8.333,9.0,17.333,48.077,2.333,6.5,0.833,1.0,2.5,3.5,3.0,0.167,0.5,0.0,0.5,0.333,0.333,0.0,0.0,0.0,0.167,,0.0,0.0,4.0,0.833,0.333,0.0,0.333,0.0,2,0.333,0.667,1.333,0.5,25.0,4.333,15.951,1.167,0.167,1.5,17.667,7.333,0.5
Courtenay Dempsey,Essendon,27,27.34,18,8.356,64.778,62.556,1,0.059,1,0,79.333,9.0,6.611,15.611,75.445,68.519,84.874,57.651,2.0,1.944,239.333,15.331,2.5,6.244,2.556,6.109,4.667,11.167,15.833,29.474,4.278,3.667,0.0,0.056,0.722,0.778,3.722,0.167,0.0,0.722,0.167,0.5,0.944,-0.444,0.0,0.0,0.0,,0.0,,3.167,0.111,0.944,29.412,0.0,,2,0.111,0.167,0.5,0.222,22.222,4.333,18.527,1.5,0.611,2.333,12.278,7.0,1.056
Andrew Raines,Brisbane,28,28.81,4,6.25,49.0,60.75,0,0.0,0,0,75.25,8.75,10.25,19.0,65.789,45.714,82.927,46.053,1.75,1.25,218.5,11.5,2.75,6.909,3.0,6.333,5.5,13.25,18.75,29.333,3.0,3.75,0.0,0.5,1.75,2.25,2.5,0.0,0.25,0.5,0.0,1.25,0.75,0.5,0.0,0.0,0.0,,0.0,,1.5,0.5,0.25,100.0,0.25,0.0,1,0.25,0.0,0.5,0.0,50.0,3.0,19.672,0.25,0.25,1.0,12.75,5.25,0.5
James Polkinghorne,Brisbane,25,25.94,2,5.0,39.5,34.5,0,0.0,0,0,84.5,4.5,4.5,9.0,61.111,33.333,88.889,50.0,0.5,2.5,135.5,15.056,1.5,6.0,2.5,3.6,3.0,6.0,9.0,33.333,3.0,2.5,0.0,0.0,0.0,0.0,1.0,0.0,0.0,0.5,0.0,0.5,0.5,0.0,0.0,0.0,0.0,,0.0,,2.5,0.0,1.0,0.0,0.0,,0,0.0,0.0,0.0,0.0,,1.0,5.556,0.0,0.0,3.5,7.5,4.0,2.5
Joel Tippett,North Melbourne,26,26.18,4,5.3,42.5,30.75,0,0.0,0,0,65.75,4.25,3.5,7.75,87.097,82.353,92.857,54.839,0.0,1.5,107.25,13.839,0.75,10.333,1.75,4.429,2.75,5.25,8.0,34.375,2.0,1.75,0.0,0.0,0.25,0.25,2.5,0.25,0.0,0.25,0.0,0.25,0.25,0.0,0.0,0.0,0.0,,0.0,,1.0,0.0,1.5,50.0,0.25,0.0,0,0.0,0.0,0.0,0.0,,1.25,4.464,0.25,0.0,4.25,5.25,4.75,3.5
Majak Daw,North Melbourne,23,23.8,8,5.513,52.375,48.875,0,0.0,0,0,79.875,4.375,3.0,7.375,57.627,45.714,75.0,59.322,2.0,0.125,129.0,17.492,2.75,2.682,2.125,3.471,5.75,2.25,8.0,71.875,0.875,3.25,0.875,0.25,0.75,1.0,2.5,1.375,1.0,0.125,0.375,0.75,1.5,-0.75,11.75,13.824,6.75,57.447,1.125,16.667,3.375,1.0,0.0,,2.5,20.0,6,0.75,1.25,2.0,0.375,37.5,3.75,13.953,0.875,0.375,2.0,11.5,3.25,1.25
Jonathan O'Rourke,Greater Western Sydney,20,20.69,8,3.612,38.375,41.25,0,0.0,0,0,60.5,4.625,7.125,11.75,75.532,62.162,84.211,39.362,1.5,0.625,130.5,11.106,1.25,9.4,2.625,4.476,3.375,8.5,11.875,28.421,0.625,2.75,0.0,0.125,0.875,1.0,2.75,0.0,0.25,0.0,0.375,0.5,0.375,0.125,0.0,0.0,0.0,,0.0,,1.375,0.0,0.0,,0.125,0.0,0,0.0,0.0,0.0,0.125,,2.625,11.932,0.375,0.125,0.25,9.625,3.875,0.0
Mark Jamar,Melbourne,31,31.39,17,7.865,82.824,70.235,3,0.176,1,2,82.588,4.471,4.588,9.059,66.883,50.0,83.333,49.351,1.118,0.529,85.176,9.403,1.706,5.31,1.235,7.333,5.588,3.706,9.294,60.127,0.529,2.647,0.353,0.706,1.647,2.353,1.824,0.941,0.412,0.235,0.176,1.353,1.118,0.235,65.176,66.347,31.765,48.736,8.059,25.37,2.412,0.294,0.882,20.0,2.0,20.588,7,0.412,0.294,0.706,0.176,58.333,3.118,17.726,1.588,0.0,2.176,9.0,4.118,1.765
Adam Goodes,Sydney,34,34.97,20,10.78,68.1,63.2,0,0.0,0,0,79.45,8.75,4.55,13.3,71.053,66.857,79.121,65.789,2.75,0.2,213.95,16.086,1.2,11.083,1.9,7.0,5.3,8.0,13.3,39.85,1.1,3.15,1.55,0.15,0.7,0.85,4.05,0.5,1.35,0.2,1.0,1.0,0.45,0.55,0.05,0.052,0.05,100.0,0.05,100.0,1.6,0.9,0.2,0.0,2.1,33.333,30,1.5,0.6,2.25,0.9,66.667,6.15,22.004,0.95,0.5,1.85,8.9,1.9,0.7
Brian Lake,Hawthorn,32,32.84,11,8.373,60.273,55.0,0,0.0,0,0,88.636,7.273,6.636,13.909,83.007,75.0,91.781,52.288,0.636,2.0,146.455,10.529,1.273,10.929,1.545,9.0,5.364,8.455,13.818,38.816,7.091,3.545,0.0,0.0,0.364,0.364,5.545,0.909,0.0,2.273,0.0,0.727,0.636,0.091,0.182,0.19,0.0,0.0,0.0,,1.091,0.0,3.455,15.789,0.0,,0,0.0,0.091,0.091,0.0,0.0,2.727,9.494,1.273,0.091,4.0,5.091,4.182,3.455
Josh Walker,Geelong,22,22.13,7,7.743,56.429,50.571,0,0.0,0,0,77.286,4.429,3.429,7.857,74.545,64.516,87.5,56.364,0.714,0.0,107.286,13.655,1.857,4.231,1.286,6.111,3.714,4.143,7.857,47.273,0.571,2.0,0.571,0.0,0.857,0.857,3.286,1.143,1.857,0.143,0.571,0.286,0.714,-0.429,14.286,15.924,4.429,31.0,1.143,25.806,2.0,0.714,0.286,50.0,2.857,25.0,11,1.571,0.571,2.286,0.571,68.75,4.429,16.489,1.0,0.0,1.571,11.286,3.143,1.0
Jackson Thurlow,Geelong,20,20.76,6,5.183,42.0,37.167,0,0.0,0,0,52.5,5.167,3.0,8.167,75.51,74.194,77.778,63.265,0.833,0.833,135.667,16.612,0.667,12.25,2.0,4.083,2.667,5.5,8.167,32.653,2.167,2.333,0.333,0.0,0.333,0.333,2.5,0.333,0.333,0.667,0.0,0.0,0.333,-0.333,0.0,0.0,0.0,,0.0,,1.5,0.5,0.5,0.0,0.167,0.0,3,0.5,0.167,0.667,0.0,75.0,2.833,11.486,0.667,0.167,2.0,5.833,3.833,1.667
Marley Williams,Collingwood,21,21.44,15,10.1,70.867,66.733,3,0.2,1,0,81.933,11.6,5.867,17.467,73.282,67.123,84.0,66.412,2.2,2.933,328.538,19.326,2.2,7.939,3.385,5.023,6.467,11.267,17.733,36.466,4.923,5.0,0.462,0.533,0.6,1.133,3.867,0.2,0.0,0.385,0.077,0.6,0.467,0.133,0.0,0.0,0.0,,0.0,,2.2,0.154,0.769,30.0,0.154,0.0,1,0.067,0.2,0.385,0.133,20.0,3.615,16.319,1.0,1.6,1.867,10.0,6.308,1.308
Ryan Schoenmakers,Hawthorn,24,24.14,15,11.073,64.533,59.133,0,0.0,0,0,91.933,9.4,4.6,14.0,70.476,66.667,78.261,67.143,1.733,1.8,272.667,19.476,2.133,6.562,3.733,3.75,5.133,8.533,13.667,37.561,4.333,4.067,1.067,0.0,0.067,0.067,4.667,0.667,0.4,1.067,0.6,0.267,1.333,-1.067,0.0,0.0,0.0,,0.0,,2.0,0.267,3.4,27.451,0.933,7.143,8,0.533,0.267,0.8,0.333,66.667,3.8,13.571,0.733,0.0,4.333,10.067,5.667,3.333
Billy Hartung,Hawthorn,19,19.93,7,5.271,36.429,45.857,0,0.0,0,0,42.429,6.571,4.714,11.286,74.684,65.217,87.879,58.228,1.714,0.571,140.429,12.443,1.143,9.875,1.429,7.9,2.857,7.714,10.571,27.027,0.857,2.571,0.286,0.143,0.286,0.429,3.0,0.0,0.143,0.0,0.0,0.286,0.143,0.143,0.0,0.0,0.0,,0.0,,1.286,0.429,0.0,,0.0,,3,0.429,0.143,1.0,0.286,42.857,2.714,9.645,0.143,0.143,0.286,8.714,2.143,0.143
Tom Simpkin,St Kilda,24,24.4,5,5.54,42.4,41.6,0,0.0,0,0,78.0,5.2,4.8,10.0,54.0,42.308,66.667,52.0,0.6,0.8,99.8,9.98,2.0,5.0,2.0,5.0,6.4,3.0,9.4,68.085,3.0,4.6,1.8,0.0,0.2,0.2,2.6,0.6,0.4,0.8,0.4,1.0,0.8,0.2,0.6,0.665,0.2,33.333,0.0,0.0,1.8,0.4,0.2,100.0,1.8,22.222,2,0.4,0.2,0.6,0.0,66.667,1.6,10.811,0.4,0.0,2.0,7.2,3.2,1.4
Maverick Weller,St Kilda,22,22.87,16,6.744,62.312,62.875,0,0.0,0,0,74.812,6.875,8.062,14.938,65.272,56.364,72.868,46.025,2.188,1.0,208.562,13.962,1.812,8.241,3.312,4.509,6.375,8.812,15.188,41.975,1.688,4.75,0.375,1.062,1.375,2.438,2.5,0.312,0.25,0.188,0.25,0.625,0.75,-0.125,0.062,0.069,0.188,100.0,0.188,100.0,4.625,0.375,0.438,14.286,0.438,14.286,3,0.188,0.438,0.688,0.25,27.273,3.062,16.388,0.438,0.188,1.125,16.188,8.0,0.375
Matt Buntine,Greater Western Sydney,21,21.2,7,10.943,70.857,60.0,4,0.571,1,0,90.571,8.857,5.857,14.714,78.641,70.968,90.244,60.194,0.571,3.857,212.429,14.437,1.714,8.583,2.143,6.867,6.0,8.714,14.714,40.777,6.143,4.286,0.0,0.0,0.571,0.571,5.571,0.857,0.0,2.0,0.0,0.571,0.429,0.143,0.0,0.0,0.0,,0.0,,1.429,0.0,2.143,20.0,0.0,,0,0.0,0.0,0.0,0.286,,2.143,10.714,0.857,0.0,5.286,5.571,4.286,3.714
Paul Stewart,Port Adelaide,27,27.47,4,10.35,60.75,51.0,0,0.0,0,0,75.0,6.0,5.75,11.75,80.851,75.0,86.957,51.064,2.5,0.5,192.25,16.362,1.5,7.833,2.25,5.222,4.0,7.75,11.75,34.043,2.75,3.25,0.25,0.0,0.5,0.5,3.5,0.5,0.25,1.25,0.0,0.25,0.5,-0.25,0.25,0.244,0.25,100.0,0.0,0.0,2.25,1.25,0.0,,0.25,0.0,2,0.5,0.0,0.5,0.75,100.0,3.0,12.121,0.75,0.25,2.0,11.5,3.25,0.75
Benjamin Newton,Port Adelaide,22,22.39,4,3.525,40.0,41.25,0,0.0,0,0,37.0,4.5,5.5,10.0,70.0,44.444,90.909,45.0,1.5,0.75,128.25,12.825,0.75,13.333,1.0,10.0,3.25,6.5,9.75,33.333,1.0,3.0,0.25,0.0,0.5,0.5,2.25,0.0,0.25,0.25,0.0,0.25,0.0,0.25,0.0,0.0,0.25,,0.0,0.0,2.25,0.25,0.0,,0.0,,0,0.0,0.5,0.5,0.5,0.0,2.75,10.185,0.25,0.0,0.0,6.75,4.0,0.0
Harley Bennell,Gold Coast,22,22.24,15,15.073,95.733,85.467,18,1.2,3,6,89.2,12.333,9.067,21.4,69.47,57.297,86.029,57.632,2.933,1.4,341.933,15.978,2.4,8.917,3.333,6.42,7.467,13.467,20.933,35.669,2.8,6.2,1.133,0.6,2.133,2.733,4.467,0.2,1.467,0.067,1.4,0.267,0.6,-0.333,0.067,0.068,0.467,100.0,0.067,14.286,1.933,0.4,0.2,33.333,1.0,26.667,23,1.533,1.067,2.933,1.0,52.273,6.8,28.652,0.867,0.8,1.4,13.733,5.467,0.4
Steven Motlop,Geelong,23,23.8,17,10.453,76.588,77.412,32,2.133,7,1,83.706,13.412,6.118,19.529,66.867,59.211,83.654,68.675,4.353,1.059,396.471,20.301,2.941,6.64,4.529,4.312,4.824,14.353,19.176,25.153,1.882,3.941,1.0,0.176,0.706,0.882,4.765,0.176,1.0,0.118,1.0,0.353,1.0,-0.647,0.0,0.0,0.0,,0.0,,1.588,0.471,0.059,0.0,1.059,22.222,17,1.0,0.941,2.412,0.471,41.463,6.294,25.721,1.059,1.941,0.706,14.176,4.588,0.294
Aaron Edwards,Richmond,30,30.83,3,7.867,60.0,55.667,0,0.0,0,0,91.333,6.667,5.667,12.333,67.568,55.0,82.353,54.054,2.667,0.667,138.667,11.243,1.0,12.333,2.333,5.286,6.0,6.0,12.0,50.0,0.667,3.667,2.0,0.0,0.667,0.667,4.333,1.333,1.333,0.0,2.0,0.667,0.0,0.667,0.0,0.0,0.0,,0.0,,2.0,1.0,0.333,0.0,3.0,44.444,1,0.333,0.667,2.0,0.0,16.667,4.0,21.053,0.0,0.0,1.0,14.333,2.667,0.667
Simon Tunbridge,West Coast,21,21.75,4,0.85,24.5,27.25,0,0.0,0,0,46.0,4.0,0.5,4.5,38.889,43.75,0.0,88.889,2.0,0.0,122.0,27.111,2.5,1.8,2.25,2.0,2.0,2.5,4.5,44.444,0.75,1.25,0.5,0.0,0.0,0.0,2.0,0.5,0.5,0.25,0.25,0.25,1.0,-0.75,0.0,0.0,0.0,,0.0,,1.75,0.25,0.25,0.0,0.75,0.0,2,0.5,1.0,2.0,0.0,25.0,1.75,9.859,0.0,0.0,1.25,7.75,3.0,0.25
Kurt Tippett,Sydney,27,27.64,14,10.9,76.929,65.714,6,0.545,1,1,79.286,6.714,4.429,11.143,65.385,62.766,69.355,60.256,1.571,0.0,169.0,15.167,2.0,5.571,2.5,4.457,7.071,4.071,11.143,63.462,0.643,3.5,2.214,0.214,0.429,0.643,4.143,1.786,2.357,0.143,1.643,1.286,0.857,0.429,13.0,13.695,5.5,42.308,1.071,19.481,1.071,0.643,0.0,,5.714,37.5,34,2.429,1.214,4.071,0.357,59.649,6.143,21.717,0.786,0.0,2.0,9.714,0.929,1.0
Alex Silvagni,Fremantle,27,27.25,7,4.186,55.286,48.286,0,0.0,0,0,91.571,7.286,2.714,10.0,77.143,78.431,73.684,72.857,0.857,3.286,248.143,24.814,2.0,5.0,1.429,7.0,3.571,6.286,9.857,36.232,4.143,2.286,0.0,0.0,0.286,0.286,4.143,0.571,0.0,1.429,0.0,0.857,1.143,-0.286,0.143,0.15,0.286,100.0,0.0,0.0,2.714,0.0,3.286,47.826,0.0,,0,0.0,0.0,0.0,0.0,,1.143,4.396,0.571,0.0,4.429,6.714,5.286,4.143
Brent Renouf,Port Adelaide,26,26.66,1,-1.8,14.0,19.0,0,0.0,0,0,61.0,1.0,2.0,3.0,66.667,0.0,100.0,33.333,0.0,0.0,31.0,10.333,3.0,1.0,0.0,,0.0,3.0,3.0,0.0,0.0,0.0,0.0,0.0,0.0,0.0,1.0,0.0,1.0,0.0,0.0,0.0,3.0,-3.0,54.0,52.941,13.0,24.074,2.0,15.385,1.0,0.0,0.0,,0.0,,0,0.0,1.0,1.0,0.0,0.0,2.0,6.897,1.0,0.0,1.0,12.0,10.0,1.0
Kane Mitchell,Port Adelaide,25,25.08,10,8.53,68.8,70.1,2,0.2,1,0,68.7,8.0,6.2,14.2,68.31,55.0,85.484,56.338,2.5,0.8,246.0,17.324,2.0,7.1,2.6,5.462,6.0,8.7,14.7,40.816,2.1,4.9,0.7,0.1,1.3,1.4,3.7,0.1,0.5,0.0,0.6,0.7,0.8,-0.1,0.0,0.0,0.0,,0.0,,5.0,0.9,0.5,60.0,0.4,25.0,6,0.6,0.7,1.6,0.5,37.5,4.0,14.545,0.7,0.3,1.5,18.5,7.3,0.5
Matt Maguire,Brisbane,30,30.58,13,9.031,67.231,56.769,0,0.0,0,0,90.385,9.308,4.538,13.846,78.333,71.56,84.906,67.222,1.462,3.846,263.917,19.549,1.769,7.826,3.25,4.154,2.923,10.846,13.769,21.229,4.083,1.833,0.0,0.077,0.231,0.308,5.0,0.462,0.077,1.583,0.333,0.769,1.0,-0.231,0.0,0.0,0.0,,0.0,,1.615,0.167,2.5,13.333,0.25,0.0,1,0.077,0.077,0.167,0.231,50.0,1.917,9.583,0.583,0.077,5.692,7.5,6.083,5.25
Kurt Aylett,Essendon,22,22.74,2,0.9,30.5,39.5,0,0.0,0,0,53.5,4.5,3.5,8.0,68.75,66.667,71.429,56.25,1.5,0.5,91.0,11.375,1.5,5.333,3.0,2.667,1.5,6.5,8.0,18.75,0.0,1.0,0.0,0.5,0.0,0.5,4.0,0.0,0.0,0.0,1.0,0.5,0.5,0.0,0.0,0.0,0.0,,0.0,,2.0,0.0,0.0,,0.0,,0,0.0,0.0,0.0,0.5,,1.5,7.692,0.0,0.0,0.0,11.0,6.0,0.0
Colin Garland,Melbourne,26,26.67,14,6.907,65.5,58.429,0,0.0,0,0,88.571,8.929,3.857,12.786,78.771,74.4,88.889,69.832,0.929,2.286,221.0,17.285,1.857,6.885,2.5,5.114,3.5,9.143,12.643,27.684,3.5,2.5,0.143,0.0,0.286,0.286,4.214,0.286,0.071,0.714,0.143,0.571,0.714,-0.143,0.0,0.0,0.0,,0.0,,3.071,0.071,1.286,16.667,0.214,66.667,1,0.071,0.143,0.214,0.214,33.333,1.929,10.887,0.571,0.071,4.571,8.5,6.286,4.0
Fletcher Roberts,Western Bulldogs,21,21.57,5,6.06,40.2,33.0,0,0.0,0,0,80.2,3.8,3.2,7.0,82.857,78.947,87.5,54.286,0.6,0.0,59.0,8.429,0.4,17.5,0.8,8.75,3.2,3.4,6.6,48.485,3.0,2.4,0.0,0.0,0.4,0.4,2.0,0.6,0.2,0.8,0.2,0.4,0.2,0.2,2.6,2.403,1.2,46.154,0.0,0.0,2.0,0.2,2.8,35.714,0.6,0.0,0,0.0,0.2,0.2,0.0,0.0,1.6,6.452,1.0,0.0,4.2,8.0,5.4,3.6
Andrew Phillips,Greater Western Sydney,23,23.49,1,7.7,49.0,36.0,0,0.0,0,0,81.0,4.0,3.0,7.0,85.714,75.0,100.0,57.143,1.0,0.0,104.0,14.857,0.0,,0.0,,4.0,3.0,7.0,57.143,1.0,3.0,1.0,0.0,1.0,1.0,2.0,1.0,0.0,1.0,0.0,0.0,0.0,0.0,43.0,45.263,6.0,13.953,2.0,33.333,0.0,0.0,0.0,,0.0,,1,1.0,0.0,1.0,0.0,100.0,2.0,11.765,1.0,0.0,1.0,14.0,7.0,1.0
Dennis Armfield,Carlton,28,28.02,8,5.438,33.75,32.625,1,0.125,1,0,60.25,3.875,3.5,7.375,76.271,67.742,85.714,52.542,1.0,0.375,78.625,10.661,1.5,4.917,1.125,6.556,3.125,4.5,7.625,40.984,1.125,2.25,0.625,0.375,0.5,0.875,1.125,0.125,0.0,0.0,0.125,0.5,0.5,0.0,0.0,0.0,0.0,,0.0,,2.5,0.75,0.25,0.0,0.25,0.0,2,0.25,0.125,0.5,0.375,50.0,2.75,12.022,0.75,0.5,1.5,12.0,4.5,1.0
Cameron Shenton,St Kilda,24,24.26,13,9.831,58.769,52.308,1,0.077,1,0,76.615,6.615,7.385,14.0,78.571,72.093,84.375,47.253,1.0,2.385,222.385,15.885,1.846,7.583,1.846,7.583,5.231,8.846,14.077,37.158,4.231,4.231,0.231,0.231,0.231,0.462,4.154,0.462,0.308,0.538,0.154,0.385,1.0,-0.615,0.0,0.0,0.077,,0.077,100.0,1.385,0.0,1.538,40.0,0.385,40.0,4,0.308,0.385,0.692,0.308,44.444,2.923,15.447,0.923,0.615,2.231,8.231,5.769,1.462
Arryn Siposs,St Kilda,22,22.09,3,8.1,56.667,57.333,0,0.0,0,0,87.667,7.333,5.0,12.333,62.162,54.545,73.333,59.459,2.0,0.667,257.333,20.865,0.667,18.5,2.667,4.625,4.333,8.0,12.333,35.135,1.333,3.667,2.0,0.0,0.0,0.0,4.667,0.333,1.667,0.0,3.0,0.333,0.0,0.333,0.0,0.0,0.0,,0.0,,1.333,0.333,0.333,0.0,1.333,25.0,2,0.667,1.667,2.333,0.333,28.571,4.333,21.667,0.333,0.0,1.667,10.0,4.333,1.0
Tom Bellchambers,Essendon,25,25.47,8,5.737,56.0,55.0,0,0.0,0,0,78.375,5.125,4.125,9.25,62.162,46.341,81.818,55.405,1.125,0.625,93.25,10.081,2.25,4.111,2.0,4.625,4.375,5.125,9.5,46.053,1.375,2.75,0.75,0.25,0.5,0.75,3.625,0.625,0.875,0.375,0.75,0.5,1.625,-1.125,39.75,43.681,15.0,37.736,4.375,29.167,1.75,0.625,0.5,25.0,2.0,18.75,3,0.375,0.625,1.375,0.375,27.273,2.875,12.105,1.0,0.0,2.0,8.875,2.875,1.625
Aidan Riley,Melbourne,23,23.04,9,4.222,41.222,46.444,0,0.0,0,0,48.889,4.667,6.444,11.111,65.0,50.0,75.862,42.0,0.889,0.889,102.667,9.24,2.0,5.556,2.222,5.0,6.667,4.556,11.222,59.406,1.444,3.667,0.556,1.111,1.444,2.556,1.556,0.333,0.444,0.0,0.111,1.556,1.0,0.556,0.0,0.0,0.0,,0.0,,3.444,0.778,0.111,0.0,0.444,50.0,3,0.333,0.556,0.889,0.222,37.5,2.556,13.69,0.667,0.0,0.667,11.333,5.222,0.667
Ben Lennon,Richmond,19,19.49,7,4.0,33.571,36.714,0,0.0,0,0,45.143,5.429,2.714,8.143,70.175,57.895,94.737,66.667,1.857,0.286,160.0,19.649,1.286,6.333,2.0,4.071,2.571,6.143,8.714,29.508,0.857,1.429,0.143,0.0,0.429,0.429,3.429,0.429,0.286,0.286,0.429,0.429,0.0,0.429,0.0,0.0,0.0,,0.0,,0.571,0.0,0.143,0.0,1.286,22.222,2,0.286,0.286,0.714,0.571,40.0,3.429,13.187,0.286,0.0,0.857,5.429,1.857,0.429
Claye Beams,Brisbane,23,23.33,13,6.515,53.231,52.538,1,0.077,1,0,73.154,6.769,6.077,12.846,76.647,71.25,84.286,52.695,2.308,0.923,168.167,13.453,1.538,8.35,1.833,6.818,4.154,8.385,12.538,33.129,1.417,3.167,0.833,0.308,1.308,1.615,2.846,0.077,0.615,0.083,0.25,0.538,0.538,0.0,0.0,0.0,0.385,,0.25,60.0,1.923,0.417,0.083,0.0,0.75,0.0,9,0.692,0.385,1.333,0.538,50.0,3.833,19.658,0.333,0.077,0.692,8.583,3.75,0.25
Andrew Swallow,North Melbourne,27,27.58,18,11.328,90.056,87.111,33,2.2,7,9,76.889,10.833,11.111,21.944,70.38,58.974,81.5,49.367,3.889,1.333,274.278,12.499,2.778,7.9,3.667,5.985,11.444,10.333,21.778,52.551,2.167,6.444,0.5,2.944,4.0,6.944,3.0,0.111,0.167,0.333,0.222,1.611,1.333,0.278,0.0,0.0,0.0,,0.0,,5.944,0.667,0.278,60.0,0.111,0.0,5,0.278,0.333,0.667,0.444,41.667,5.444,20.123,1.667,0.0,1.222,18.611,9.278,0.222
Zac Smith,Gold Coast,24,24.85,10,10.31,76.2,64.7,0,0.0,0,0,73.8,4.7,6.5,11.2,62.5,44.681,75.385,41.964,0.9,0.6,100.5,8.973,1.9,5.895,1.8,6.222,6.6,4.4,11.0,60.0,1.1,5.0,0.3,1.5,1.7,3.2,1.3,0.2,0.1,0.1,0.5,0.5,1.1,-0.6,68.1,69.348,22.9,33.627,6.8,29.694,3.0,0.1,0.9,44.444,0.6,0.0,2,0.2,0.4,0.7,0.1,28.571,3.2,13.445,2.1,0.0,2.3,13.9,7.1,1.9
Terry Milera,St Kilda,26,26.97,5,10.2,67.8,63.6,0,0.0,0,0,83.8,6.4,6.8,13.2,72.727,56.25,88.235,48.485,2.0,1.0,192.6,14.591,1.4,9.429,2.4,5.5,4.8,8.2,13.0,36.923,2.0,3.2,1.0,0.6,0.4,1.0,3.8,0.4,1.0,0.8,0.2,1.4,0.8,0.6,0.0,0.0,0.0,,0.0,,3.4,0.4,0.0,,1.6,25.0,5,1.0,0.8,2.0,0.4,50.0,4.4,25.0,0.8,2.4,1.2,15.8,5.2,0.4
Jesse Stringer,Geelong,23,23.74,4,6.5,51.75,42.75,0,0.0,0,0,68.0,4.5,5.25,9.75,61.538,61.111,61.905,46.154,1.0,1.0,133.25,13.667,1.0,9.75,1.5,6.5,4.0,6.25,10.25,39.024,1.0,3.0,1.0,0.0,0.25,0.25,1.75,0.25,0.25,0.25,0.0,0.0,0.5,-0.5,0.0,0.0,0.0,,0.0,,3.0,1.0,0.25,0.0,0.75,0.0,2,0.5,0.0,0.75,0.0,66.667,3.5,13.462,0.5,0.0,2.0,17.5,6.0,0.0
Stephen Gilham,Greater Western Sydney,30,30.32,1,9.3,71.0,40.0,0,0.0,0,0,64.0,4.0,5.0,9.0,88.889,100.0,80.0,44.444,0.0,4.0,72.0,8.0,0.0,,1.0,9.0,5.0,4.0,9.0,55.556,4.0,3.0,0.0,0.0,1.0,1.0,4.0,0.0,0.0,0.0,0.0,2.0,0.0,2.0,0.0,0.0,0.0,,0.0,,1.0,0.0,1.0,0.0,0.0,,0,0.0,0.0,0.0,0.0,,3.0,18.75,1.0,0.0,6.0,3.0,3.0,6.0
Matt Dea,Richmond,23,23.21,7,7.686,56.714,47.0,0,0.0,0,0,71.429,6.429,6.286,12.714,83.146,80.0,86.364,50.562,0.714,2.571,145.714,11.461,1.286,9.889,1.143,11.125,5.143,7.857,13.0,39.56,4.857,3.571,0.143,0.143,0.286,0.429,3.143,0.714,0.0,1.0,0.0,0.857,0.571,0.286,0.0,0.0,0.0,,0.0,,1.429,0.0,1.143,25.0,0.143,0.0,1,0.143,0.0,0.143,0.0,100.0,2.571,11.043,1.0,0.0,2.429,6.143,4.857,1.571
Brad Sewell,Hawthorn,30,30.9,10,10.18,75.0,73.3,7,0.778,2,5,70.7,10.2,8.4,18.6,76.344,73.529,79.762,54.839,3.3,0.8,275.3,14.801,1.6,11.625,2.9,6.414,6.2,12.3,18.5,33.514,1.8,4.1,0.7,0.9,1.6,2.5,3.0,0.3,0.2,0.2,0.2,0.5,0.4,0.1,0.0,0.0,0.0,,0.0,,3.8,0.6,0.2,0.0,0.2,50.0,4,0.4,0.0,0.4,0.8,100.0,5.3,19.703,1.0,0.0,0.7,13.5,5.4,0.3
Clay Smith,Western Bulldogs,21,21.64,1,7.9,58.0,47.0,0,0.0,0,0,80.0,8.0,5.0,13.0,61.538,75.0,40.0,61.538,2.0,1.0,266.0,20.462,1.0,13.0,3.0,4.333,5.0,6.0,11.0,45.455,3.0,4.0,1.0,1.0,2.0,3.0,1.0,0.0,0.0,1.0,0.0,1.0,0.0,1.0,0.0,0.0,0.0,,0.0,,2.0,0.0,0.0,,0.0,,0,0.0,1.0,1.0,0.0,0.0,4.0,16.667,1.0,0.0,2.0,11.0,3.0,0.0
Billie Smedts,Geelong,22,22.56,6,4.9,40.167,35.5,0,0.0,0,0,65.0,5.667,3.833,9.5,80.702,73.529,91.304,59.649,1.667,1.167,173.333,18.246,1.0,9.5,1.667,5.7,3.0,7.167,10.167,29.508,1.667,2.333,0.167,0.167,0.167,0.333,2.5,0.0,0.0,0.167,0.0,0.5,0.833,-0.333,0.0,0.0,0.0,,0.0,,1.333,0.0,0.833,20.0,0.167,0.0,0,0.0,0.0,0.0,0.0,,2.167,8.075,0.667,0.167,1.833,6.333,4.5,1.333
Paul Seedsman,Collingwood,22,22.93,9,9.867,67.556,64.111,0,0.0,0,0,75.222,8.778,6.778,15.556,80.0,73.418,88.525,56.429,3.111,1.889,338.444,21.757,1.556,10.0,2.667,5.833,3.222,11.556,14.778,21.805,2.889,2.222,0.0,0.111,0.333,0.444,4.111,0.222,0.111,0.667,0.222,0.778,0.444,0.333,0.0,0.0,0.111,,0.0,0.0,2.667,0.0,0.889,37.5,0.111,0.0,2,0.222,0.333,0.556,0.778,40.0,4.111,18.227,1.222,3.0,1.556,11.889,6.778,1.0
Brodie Murdoch,St Kilda,20,20.94,9,3.989,36.0,36.778,0,0.0,0,0,57.556,5.222,2.444,7.667,78.261,74.468,86.364,68.116,1.111,0.889,171.111,22.319,1.0,7.667,1.556,4.929,2.222,5.111,7.333,30.303,2.0,1.444,0.222,0.0,0.111,0.111,3.222,0.333,0.889,0.556,0.333,0.333,0.333,0.0,0.0,0.0,0.0,,0.0,,1.0,0.111,0.222,0.0,0.444,25.0,4,0.444,0.556,1.0,0.333,44.444,3.222,16.571,0.444,0.0,0.556,5.889,2.444,0.444
Andrew Moore,Port Adelaide,23,23.58,9,3.767,49.444,54.111,0,0.0,0,0,51.778,7.667,5.444,13.111,66.102,55.072,81.633,58.475,1.333,0.556,143.556,10.949,1.778,7.375,2.333,5.619,5.0,8.444,13.444,37.19,1.889,4.0,0.667,0.778,0.778,1.556,3.556,0.0,0.778,0.222,0.222,0.556,0.778,-0.222,0.0,0.0,0.222,,0.0,0.0,2.333,0.111,0.222,0.0,0.222,0.0,2,0.222,0.444,1.0,0.222,22.222,3.778,13.765,0.556,0.111,1.333,9.889,4.333,1.0
Jake Neade,Port Adelaide,20,20.59,8,11.5,67.375,56.5,1,0.2,1,0,82.75,7.125,4.0,11.125,64.045,59.649,71.875,64.045,2.5,0.25,200.625,18.034,0.625,17.8,0.875,12.714,5.5,5.875,11.375,48.352,1.375,3.625,1.125,0.0,0.625,0.625,2.25,0.125,0.75,0.25,0.125,1.875,0.125,1.75,0.0,0.0,0.0,,0.0,,2.625,0.625,0.0,,0.875,14.286,10,1.25,0.875,2.25,0.375,55.556,5.5,19.383,1.25,1.125,1.25,15.25,4.625,0.375
Ivan Maric,Richmond,28,28.98,14,12.936,99.429,84.571,8,0.615,3,0,86.857,7.214,7.143,14.357,77.612,71.287,84.0,50.249,1.857,1.143,151.429,10.547,1.857,7.731,2.286,6.281,7.786,6.429,14.214,54.774,2.786,4.5,0.357,0.786,2.571,3.357,3.357,0.786,0.214,0.857,0.214,1.571,0.714,0.857,70.214,72.707,25.429,36.216,6.0,23.596,2.857,0.429,0.786,45.455,1.429,20.0,5,0.357,0.143,0.5,0.357,71.429,5.214,22.956,3.0,0.357,3.286,11.929,4.857,2.357
Andy Otten,Adelaide,25,25.63,10,6.97,55.0,47.0,1,0.1,1,0,84.0,6.3,5.6,11.9,81.513,76.19,87.5,52.941,1.7,1.9,199.4,16.756,1.3,9.154,1.8,6.611,3.2,9.2,12.4,25.806,3.4,2.1,0.0,0.1,0.2,0.3,3.3,0.5,0.0,1.2,0.0,0.2,0.4,-0.2,0.0,0.0,0.0,,0.0,,2.0,0.2,3.2,21.875,0.1,0.0,0,0.0,0.0,0.0,0.2,,1.7,6.028,0.5,0.1,4.6,8.4,6.0,4.0
Christian Howard,Western Bulldogs,23,23.78,2,3.3,24.0,30.5,0,0.0,0,0,60.0,4.0,3.5,7.5,60.0,50.0,71.429,53.333,2.5,0.0,116.5,15.533,1.0,7.5,1.0,7.5,2.0,5.5,7.5,26.667,1.5,2.0,0.0,0.0,1.0,1.0,0.5,0.0,0.0,0.0,0.0,0.0,0.0,0.0,0.0,0.0,0.0,,0.0,,2.5,0.5,0.5,0.0,0.0,,0,0.0,0.0,0.0,0.0,,1.5,6.977,0.0,0.0,1.0,7.5,3.5,0.5
Nathan Hrovat,Western Bulldogs,20,20.56,12,9.483,74.917,71.5,0,0.0,0,2,75.167,8.75,9.0,17.75,70.892,62.857,78.704,49.296,2.083,0.667,178.75,10.07,1.417,12.529,3.0,5.917,7.5,10.5,18.0,41.667,1.25,6.167,2.333,0.667,1.0,1.667,3.333,0.083,0.667,0.083,0.417,1.083,0.25,0.833,0.0,0.0,0.0,,0.0,,3.083,1.083,0.083,0.0,0.917,18.182,8,0.667,0.583,1.75,0.417,38.095,5.417,22.968,0.583,0.167,0.5,13.667,4.083,0.167
Tim Mohr,Greater Western Sydney,26,26.2,8,7.975,72.375,58.0,2,0.25,1,0,91.75,9.875,3.875,13.75,79.091,78.481,80.645,71.818,1.125,3.125,258.25,18.782,1.625,8.462,2.75,5.0,4.875,7.5,12.375,39.394,6.125,3.625,0.0,0.125,0.25,0.375,4.25,0.5,0.0,1.75,0.0,0.625,0.5,0.125,0.0,0.0,0.0,,0.0,,2.125,0.0,3.375,29.63,0.0,,0,0.0,0.25,0.25,0.0,0.0,1.75,7.487,0.625,0.875,5.25,7.0,6.375,5.0
Kristian Jaksch,Greater Western Sydney,20,20.23,5,6.06,49.2,38.6,0,0.0,0,0,72.2,6.6,2.6,9.2,71.739,72.727,69.231,71.739,1.4,1.4,172.8,18.783,1.4,6.571,1.2,7.667,2.8,6.4,9.2,30.435,2.0,2.2,0.0,0.2,0.2,0.4,2.6,0.2,0.2,0.2,0.2,0.6,0.6,0.0,0.0,0.0,0.0,,0.0,,1.4,0.0,3.0,26.667,0.0,,1,0.2,0.2,0.6,0.2,33.333,2.8,12.174,0.8,0.0,5.6,5.0,4.0,5.4
Liam Anthony,North Melbourne,27,27.3,4,3.825,34.25,42.0,0,0.0,0,0,36.75,6.0,4.0,10.0,80.0,75.0,87.5,60.0,1.5,1.25,210.0,21.0,1.0,10.0,1.75,5.714,1.75,8.0,9.75,17.949,0.75,1.5,0.0,0.25,0.25,0.5,3.25,0.0,0.0,0.25,0.5,0.25,0.25,0.0,0.0,0.0,0.0,,0.0,,1.25,0.0,0.0,,0.0,,1,0.25,0.25,0.5,0.0,50.0,3.25,12.5,0.5,0.0,0.25,4.5,2.0,0.0
Luke Lowden,Hawthorn,23,23.85,1,14.1,82.0,66.0,0,0.0,0,0,77.0,6.0,6.0,12.0,83.333,66.667,100.0,50.0,1.0,1.0,64.0,5.333,3.0,4.0,1.0,12.0,9.0,3.0,12.0,75.0,1.0,6.0,1.0,0.0,3.0,3.0,0.0,0.0,0.0,0.0,0.0,1.0,2.0,-1.0,52.0,42.623,15.0,28.846,3.0,20.0,2.0,0.0,0.0,,3.0,0.0,3,3.0,0.0,3.0,1.0,100.0,10.0,35.714,3.0,0.0,0.0,6.0,1.0,0.0
Thomas Lee,St Kilda,23,23.99,3,4.2,44.667,43.333,0,0.0,0,0,72.0,4.667,3.333,8.0,66.667,64.286,70.0,58.333,1.333,0.333,128.0,16.0,1.667,4.8,2.0,4.0,3.667,4.667,8.333,44.0,1.333,2.333,0.0,0.0,0.333,0.333,3.667,0.667,1.0,0.0,1.333,0.667,0.667,0.0,10.0,11.45,1.0,10.0,0.0,0.0,2.333,0.333,0.333,0.0,1.333,0.0,1,0.333,0.667,1.333,0.0,25.0,2.0,13.043,0.333,0.0,2.0,7.333,2.0,1.0
Sam Dunell,St Kilda,24,24.85,3,3.667,26.333,26.0,0,0.0,0,0,57.333,3.333,2.333,5.667,64.706,50.0,85.714,58.824,1.0,0.0,96.333,17.0,1.333,4.25,1.333,4.25,3.333,3.0,6.333,52.632,1.333,1.333,0.0,0.333,0.0,0.333,2.0,1.0,0.0,0.0,0.0,0.667,0.333,0.333,0.0,0.0,0.0,,0.0,,1.333,0.0,0.333,0.0,1.0,0.0,0,0.0,0.333,0.333,0.0,0.0,1.0,6.25,0.0,0.0,1.333,8.667,3.0,0.333
Stefan Martin,Brisbane,28,28.12,12,10.258,111.667,112.417,27,2.25,6,4,88.0,10.25,12.25,22.5,64.074,50.427,74.38,45.556,3.417,1.583,251.909,11.643,3.333,6.75,4.455,4.857,9.333,13.0,22.333,41.791,2.182,5.909,0.909,1.417,2.417,3.833,5.75,0.667,0.167,0.727,0.818,1.417,1.167,0.25,75.364,78.504,28.167,37.515,6.636,23.473,3.25,0.364,1.0,36.364,0.909,10.0,1,0.083,0.333,0.727,0.333,12.5,4.364,22.222,2.364,0.25,2.333,11.182,6.182,1.545
Jarrad Grant,Western Bulldogs,25,25.48,4,7.45,49.5,52.75,0,0.0,0,0,76.0,6.0,6.25,12.25,75.51,62.5,88.0,48.98,2.0,0.0,162.75,13.286,1.5,8.167,2.25,5.444,3.75,8.75,12.5,30.0,1.25,3.0,1.25,0.25,0.75,1.0,3.25,0.0,0.75,0.0,0.75,0.25,0.25,0.0,0.0,0.0,0.0,,0.0,,2.5,0.25,0.0,,0.75,33.333,2,0.5,0.0,0.75,0.75,66.667,4.5,21.176,1.0,0.0,0.75,9.5,4.25,0.0
Cory Dell'Olio,Essendon,25,25.06,5,5.78,43.2,39.0,0,0.0,0,0,50.0,3.6,4.4,8.0,70.0,55.556,81.818,45.0,1.6,0.0,76.8,9.6,1.0,8.0,0.8,10.0,3.2,4.6,7.8,41.026,0.6,2.2,0.8,0.0,0.0,0.0,2.0,0.6,0.8,0.0,0.4,0.4,0.6,-0.2,0.0,0.0,0.0,,0.0,,2.4,1.2,0.0,,1.0,60.0,4,0.8,0.4,1.4,0.2,57.143,2.8,12.281,0.4,0.2,0.2,10.2,1.2,0.2
Karmichael Hunt,Gold Coast,28,28.12,1,1.1,25.0,26.0,0,0.0,0,0,70.0,2.0,6.0,8.0,62.5,50.0,66.667,25.0,1.0,1.0,69.0,8.625,3.0,2.667,2.0,4.0,5.0,3.0,8.0,62.5,1.0,5.0,0.0,0.0,0.0,0.0,0.0,0.0,0.0,0.0,0.0,0.0,0.0,0.0,0.0,0.0,0.0,,0.0,,2.0,0.0,0.0,,0.0,,0,0.0,0.0,0.0,0.0,,2.0,8.333,0.0,0.0,0.0,14.0,6.0,0.0
Cameron Ellis-Yolmen,Adelaide,21,21.92,1,1.6,9.0,15.0,0,0.0,0,0,26.0,2.0,3.0,5.0,60.0,0.0,100.0,40.0,0.0,0.0,91.0,18.2,0.0,,2.0,2.5,0.0,5.0,5.0,0.0,0.0,0.0,0.0,0.0,0.0,0.0,1.0,0.0,0.0,0.0,0.0,0.0,0.0,0.0,0.0,0.0,0.0,,0.0,,0.0,0.0,0.0,,0.0,,0,0.0,0.0,0.0,0.0,,1.0,6.667,0.0,1.0,1.0,3.0,1.0,1.0
Anthony Miles,Richmond,22,22.83,13,10.977,99.615,89.308,27,2.25,6,4,82.385,12.462,11.923,24.385,75.079,67.284,83.226,51.104,3.538,1.385,309.231,12.681,2.077,11.741,4.154,5.87,11.154,13.308,24.462,45.597,1.231,6.308,0.615,2.231,4.538,6.769,2.923,0.077,0.308,0.077,0.077,3.154,1.231,1.923,0.0,0.0,0.0,,0.0,,4.308,0.769,0.154,100.0,0.077,0.0,5,0.385,0.308,0.923,0.154,41.667,4.769,20.736,1.154,0.077,1.154,13.923,6.231,0.154
Jake Batchelor,Richmond,22,22.87,13,4.854,45.769,42.154,0,0.0,0,0,76.769,6.154,3.462,9.615,80.0,76.25,86.667,64.0,0.538,1.308,127.846,13.296,1.154,8.333,1.231,7.812,2.231,7.308,9.538,23.387,3.077,1.692,0.0,0.0,0.077,0.077,2.923,0.231,0.077,0.923,0.0,0.154,0.615,-0.462,0.0,0.0,0.0,,0.0,,2.077,0.0,0.846,18.182,0.0,,3,0.231,0.0,0.231,0.077,100.0,1.846,8.027,0.692,0.0,2.462,7.692,4.769,1.538
Ben Ross,Hawthorn,26,26.27,4,5.2,25.0,30.5,0,0.0,0,0,36.0,4.25,3.25,7.5,80.0,76.471,84.615,56.667,1.75,0.5,137.25,18.3,0.75,10.0,0.5,15.0,2.5,4.25,6.75,37.037,1.25,1.5,0.25,0.25,0.5,0.75,2.0,0.25,0.0,0.0,0.0,0.75,0.0,0.75,0.0,0.0,0.0,,0.0,,0.75,0.0,0.25,0.0,0.25,0.0,1,0.25,0.0,0.25,0.5,100.0,2.25,8.182,0.25,0.0,1.25,4.5,1.75,0.75
Colin Sylvia,Fremantle,29,29.14,6,4.233,38.333,32.667,0,0.0,0,0,69.5,3.667,5.667,9.333,71.429,68.182,73.529,39.286,1.333,0.333,100.833,10.804,2.167,4.308,2.333,4.0,4.667,4.833,9.5,49.123,0.667,3.833,1.333,0.167,0.5,0.667,1.667,0.0,0.167,0.0,1.167,0.167,1.667,-1.5,0.0,0.0,0.0,,0.0,,2.167,1.0,0.167,0.0,1.333,12.5,1,0.167,0.5,0.833,0.333,20.0,3.5,14.384,0.0,0.167,0.0,9.333,2.833,0.0
Nathan Wilson,Greater Western Sydney,21,21.98,6,7.1,45.833,45.333,0,0.0,0,0,67.333,8.5,2.5,11.0,75.758,70.588,93.333,77.273,2.333,1.333,287.167,26.106,1.667,6.6,2.667,4.125,2.5,8.167,10.667,23.438,2.5,2.333,0.0,0.5,0.167,0.667,3.5,0.0,0.0,0.333,0.5,0.333,0.833,-0.5,0.0,0.0,0.0,,0.0,,1.333,0.167,0.833,20.0,0.0,,1,0.167,0.167,0.333,0.0,50.0,2.0,8.276,0.333,0.0,3.0,7.167,5.833,2.5
Robbie Tarrant,North Melbourne,25,25.68,1,2.4,19.0,11.0,0,0.0,0,0,54.0,1.0,2.0,3.0,66.667,100.0,50.0,33.333,1.0,0.0,37.0,12.333,1.0,3.0,1.0,3.0,2.0,1.0,3.0,66.667,1.0,2.0,1.0,0.0,0.0,0.0,1.0,0.0,0.0,0.0,1.0,0.0,1.0,-1.0,0.0,0.0,0.0,,0.0,,1.0,1.0,0.0,,3.0,33.333,0,0.0,0.0,0.0,0.0,,0.0,0.0,0.0,0.0,0.0,10.0,3.0,0.0
Brad Hartman,Geelong,20,20.12,5,3.88,35.0,33.0,0,0.0,0,0,45.0,4.2,3.4,7.6,63.158,42.857,88.235,55.263,1.6,0.6,55.0,7.237,0.6,12.667,1.0,7.6,3.0,4.4,7.4,40.541,0.8,2.0,0.6,0.0,0.6,0.6,0.4,0.0,0.0,0.0,0.0,0.8,0.0,0.8,0.0,0.0,0.0,,0.0,,2.6,0.8,0.2,0.0,0.2,0.0,1,0.2,0.0,0.4,0.6,50.0,2.2,8.527,0.4,0.2,0.2,11.2,3.8,0.0
Darcy Lang,Geelong,19,19.1,1,5.8,37.0,57.0,0,0.0,0,0,41.0,5.0,2.0,7.0,71.429,60.0,100.0,71.429,0.0,0.0,125.0,17.857,1.0,7.0,1.0,7.0,2.0,4.0,6.0,33.333,3.0,1.0,0.0,0.0,0.0,0.0,2.0,0.0,2.0,0.0,2.0,1.0,0.0,1.0,0.0,0.0,0.0,,0.0,,6.0,1.0,0.0,,0.0,,1,1.0,1.0,3.0,0.0,33.333,4.0,12.121,2.0,0.0,0.0,10.0,6.0,0.0
Tim Broomhead,Collingwood,20,20.77,8,9.525,58.875,56.5,1,0.125,1,0,77.5,7.5,5.375,12.875,69.903,51.02,94.595,58.252,2.125,0.875,200.286,16.302,1.0,12.875,3.0,4.095,5.25,7.375,12.625,41.584,1.714,5.286,1.429,0.125,0.625,0.75,2.625,0.0,0.75,0.143,0.0,0.125,0.5,-0.375,0.0,0.0,0.0,,0.0,,2.375,0.143,0.143,100.0,0.286,0.0,9,1.125,0.5,1.571,0.25,54.545,2.857,14.388,0.429,0.25,0.5,14.143,6.0,0.0
Mark Austin,Western Bulldogs,25,25.84,11,3.318,35.364,34.545,0,0.0,0,0,83.727,5.182,3.818,9.0,72.727,61.404,88.095,57.576,0.636,1.273,90.909,10.101,2.0,4.5,1.818,4.95,3.636,5.182,8.818,41.237,3.273,2.364,0.0,0.0,0.364,0.364,2.909,0.818,0.0,0.909,0.0,0.545,1.0,-0.455,0.091,0.088,0.0,0.0,0.0,,1.273,0.0,2.0,36.364,0.545,33.333,0,0.0,0.0,0.0,0.0,,1.182,4.981,0.182,0.273,3.727,5.182,3.636,3.182
Elliott Kavanagh,Essendon,21,21.61,3,2.867,27.0,26.333,0,0.0,0,0,38.667,3.333,4.333,7.667,69.565,70.0,69.231,43.478,1.0,0.0,106.667,13.913,1.667,4.6,1.333,5.75,2.667,5.667,8.333,32.0,0.667,2.0,0.667,0.0,0.667,0.667,1.333,0.0,0.0,0.0,0.0,0.0,1.0,-1.0,0.0,0.0,0.0,,0.0,,1.667,0.0,0.0,,0.0,,0,0.0,0.0,0.0,0.0,,2.0,8.0,0.0,0.0,0.333,12.667,4.667,0.0
Tom Logan,Port Adelaide,29,29.49,3,8.833,71.333,74.333,0,0.0,0,0,83.667,10.0,7.0,17.0,76.471,70.0,85.714,58.824,2.0,1.0,201.667,11.863,2.667,6.375,3.0,5.667,6.0,11.0,17.0,35.294,6.333,4.0,0.0,0.333,1.0,1.333,6.0,0.667,0.333,2.667,0.333,1.0,0.333,0.667,0.0,0.0,0.333,,0.0,0.0,3.0,0.0,1.333,50.0,0.0,,0,0.0,0.0,0.333,0.0,0.0,3.667,13.75,1.333,0.0,3.0,9.333,7.667,1.667
Allen Christensen,Geelong,23,23.61,8,10.95,90.625,82.625,9,1.125,1,1,81.5,11.375,9.75,21.125,66.272,57.143,76.923,53.846,3.25,1.625,267.875,12.68,3.125,6.76,3.625,5.828,10.0,11.25,21.25,47.059,2.125,6.875,1.25,0.5,3.25,3.75,3.375,0.25,0.75,0.125,0.25,2.25,1.375,0.875,0.0,0.0,0.0,,0.0,,3.875,1.25,0.25,50.0,0.5,0.0,6,0.75,0.75,1.75,0.5,42.857,6.125,25.389,2.125,0.125,1.375,15.625,7.125,0.25
Shane Kersten,Geelong,21,21.79,9,4.344,38.778,41.0,0,0.0,0,0,72.0,4.778,1.444,6.222,60.714,53.488,84.615,76.786,1.111,0.0,98.333,15.804,1.111,5.6,1.333,4.667,2.0,4.333,6.333,31.579,0.778,1.333,0.444,0.0,0.0,0.0,2.889,0.222,1.222,0.111,1.556,0.222,0.333,-0.111,0.0,0.0,0.0,,0.0,,2.111,0.667,0.333,33.333,2.333,23.81,10,1.111,0.778,2.222,0.222,50.0,3.333,13.514,0.222,0.111,0.556,6.889,1.222,0.111
Darren Minchington,St Kilda,21,21.06,3,10.733,59.333,46.333,0,0.0,0,0,65.333,6.667,2.667,9.333,71.429,75.0,62.5,71.429,2.667,0.333,222.0,23.786,1.0,9.333,2.333,4.0,4.667,5.333,10.0,46.667,0.333,3.667,0.667,0.667,0.333,1.0,2.333,0.0,1.0,0.333,0.667,0.333,0.0,0.333,0.0,0.0,0.0,,0.0,,1.333,0.333,0.0,,0.333,0.0,4,1.333,0.333,2.0,0.333,66.667,4.667,25.926,0.667,0.0,0.667,13.667,5.0,0.0
Ben Brown,North Melbourne,22,22.11,11,8.709,65.909,56.727,3,0.375,1,1,82.818,6.0,3.727,9.727,71.963,63.636,85.366,61.682,0.545,0.273,106.455,10.944,1.0,9.727,1.0,9.727,4.909,5.273,10.182,48.214,0.455,2.636,0.909,0.182,0.273,0.455,4.455,1.364,1.818,0.091,1.273,0.545,0.636,-0.091,10.909,11.605,2.455,22.5,0.636,25.926,1.545,0.545,0.0,,3.091,29.412,18,1.636,0.818,2.818,0.545,58.065,5.0,18.644,0.455,0.0,1.818,7.909,1.727,1.273
Jesse Lonergan,Gold Coast,20,20.12,9,6.444,45.889,46.0,0,0.0,0,0,66.0,5.111,6.444,11.556,71.154,56.522,82.759,44.231,1.889,0.778,165.667,14.337,1.556,7.429,2.556,4.522,4.889,6.667,11.556,42.308,1.444,3.667,0.556,1.222,1.222,2.444,1.333,0.0,0.111,0.111,0.111,0.333,0.222,0.111,0.0,0.0,0.222,,0.111,50.0,3.111,0.222,0.444,100.0,0.556,20.0,2,0.222,0.111,0.333,0.222,66.667,2.222,10.811,0.778,0.556,0.889,10.222,5.444,0.333
Ashley McGrath,Brisbane,31,31.61,6,1.933,36.667,39.5,0,0.0,0,0,61.833,5.167,2.0,7.167,41.86,35.484,58.333,72.093,0.667,0.167,89.167,12.442,1.833,3.909,1.333,5.375,2.833,4.167,7.0,40.476,0.5,2.167,1.0,0.0,0.5,0.5,2.667,0.333,2.0,0.0,1.667,0.167,0.833,-0.667,0.0,0.0,0.0,,0.0,,2.0,0.5,0.0,,0.5,100.0,5,0.833,1.333,2.333,0.167,35.714,3.167,15.2,0.667,0.0,0.5,6.667,1.333,0.167
Max Warren,North Melbourne,21,21.92,1,0.5,11.0,13.0,0,0.0,0,0,84.0,1.0,1.0,2.0,0.0,0.0,0.0,50.0,0.0,1.0,33.0,16.5,1.0,2.0,2.0,1.0,0.0,2.0,2.0,0.0,0.0,0.0,0.0,0.0,0.0,0.0,0.0,0.0,0.0,0.0,0.0,0.0,0.0,0.0,0.0,0.0,0.0,,0.0,,2.0,0.0,1.0,0.0,0.0,,0,0.0,0.0,0.0,0.0,,0.0,0.0,0.0,0.0,3.0,4.0,3.0,2.0
Daniel Nicholson,Melbourne,24,24.16,1,3.5,47.0,50.0,0,0.0,0,0,73.0,4.0,5.0,9.0,77.778,100.0,60.0,44.444,1.0,0.0,106.0,11.778,1.0,9.0,1.0,9.0,3.0,6.0,9.0,33.333,1.0,1.0,0.0,0.0,0.0,0.0,4.0,1.0,0.0,1.0,1.0,0.0,0.0,0.0,0.0,0.0,0.0,,0.0,,4.0,0.0,1.0,100.0,0.0,,0,0.0,0.0,0.0,0.0,,2.0,10.0,1.0,1.0,0.0,16.0,9.0,0.0
Dominic Barry,Melbourne,20,20.81,5,3.94,31.4,27.8,0,0.0,0,0,59.2,3.8,3.8,7.6,68.421,63.158,73.684,50.0,1.2,0.4,125.8,16.553,0.8,9.5,1.0,7.6,1.6,6.0,7.6,21.053,0.2,1.6,0.6,0.0,0.4,0.4,1.2,0.0,0.4,0.0,0.4,0.0,0.2,-0.2,0.0,0.0,0.0,,0.0,,1.4,0.4,0.0,,0.0,,0,0.0,0.2,0.4,0.4,0.0,1.8,9.375,0.0,0.0,0.4,11.0,3.4,0.0
Sam Darley,Western Bulldogs,21,21.87,5,5.5,49.8,49.2,0,0.0,0,0,74.8,8.0,5.6,13.6,77.941,70.0,89.286,58.824,0.4,4.0,248.0,18.235,2.0,6.8,2.0,6.8,3.6,9.2,12.8,28.125,3.2,3.4,0.2,0.2,0.2,0.4,2.2,0.0,0.0,0.4,0.0,0.2,1.2,-1.0,0.0,0.0,0.0,,0.0,,2.4,0.0,0.6,66.667,0.0,,1,0.2,0.0,0.2,0.0,100.0,2.2,9.322,0.4,0.6,1.6,8.6,5.6,1.2
Mitch Honeychurch,Western Bulldogs,19,19.83,3,5.7,45.333,40.0,0,0.0,0,0,60.333,3.0,5.0,8.0,75.0,66.667,80.0,37.5,1.333,0.0,91.0,11.375,0.667,12.0,0.667,12.0,3.0,4.667,7.667,39.13,0.333,2.0,1.0,0.0,1.0,1.0,1.0,0.0,0.0,0.0,0.0,0.667,0.0,0.667,0.0,0.0,0.0,,0.0,,3.667,1.0,0.0,,0.333,0.0,1,0.333,0.667,1.333,0.667,25.0,2.667,11.268,0.0,0.333,0.0,15.667,4.333,0.0
Luke Thompson,Adelaide,23,23.89,6,7.633,53.0,39.333,0,0.0,0,0,89.5,4.5,4.5,9.0,90.741,92.593,88.889,50.0,0.5,2.333,120.667,13.407,1.167,7.714,0.833,10.8,3.0,6.0,9.0,33.333,3.833,2.0,0.0,0.0,0.333,0.333,2.833,0.5,0.0,1.333,0.0,0.5,0.5,0.0,0.0,0.0,0.0,,0.0,,2.333,0.0,4.167,16.0,0.0,,0,0.0,0.0,0.0,0.0,,2.0,6.742,0.5,0.167,5.167,9.667,8.5,4.667
Blaine Johnson,Carlton,19,19.42,5,2.96,32.8,37.4,0,0.0,0,0,65.8,5.4,3.0,8.4,61.905,59.259,66.667,64.286,2.2,0.0,107.0,12.738,1.8,4.667,2.6,3.231,3.4,5.0,8.4,40.476,1.2,2.0,0.8,0.4,0.0,0.4,2.8,0.4,0.4,0.2,0.4,1.0,0.4,0.6,0.0,0.0,0.0,,0.0,,1.4,0.2,0.0,,0.4,50.0,1,0.2,0.2,1.0,0.2,20.0,3.0,14.563,0.4,0.0,0.8,10.8,2.6,0.4
Brett O'Hanlon,Richmond,21,21.45,1,0.8,19.0,33.0,0,0.0,0,0,25.0,5.0,4.0,9.0,66.667,60.0,75.0,55.556,1.0,0.0,166.0,18.444,1.0,9.0,1.0,9.0,1.0,8.0,9.0,11.111,0.0,0.0,0.0,0.0,0.0,0.0,3.0,0.0,0.0,0.0,0.0,0.0,0.0,0.0,0.0,0.0,0.0,,0.0,,0.0,0.0,0.0,,0.0,,0,0.0,1.0,1.0,0.0,0.0,2.0,10.526,0.0,0.0,0.0,3.0,0.0,0.0
Ricky Henderson,Adelaide,26,26.3,8,7.537,59.5,61.75,1,0.125,1,0,79.125,11.375,5.5,16.875,69.63,63.736,81.818,67.407,2.25,3.0,426.0,25.244,2.5,6.75,3.625,4.655,3.875,13.125,17.0,22.794,5.125,2.5,0.0,0.0,0.375,0.375,4.625,0.125,0.125,1.25,0.0,0.875,0.625,0.25,0.0,0.0,0.0,,0.0,,0.875,0.0,0.75,83.333,0.0,,0,0.0,0.25,0.25,0.0,0.0,3.75,12.397,0.875,0.5,2.5,8.375,6.0,1.375
Anthony Morabito,Fremantle,23,23.17,3,6.9,35.667,32.0,0,0.0,0,0,49.333,5.0,4.0,9.0,70.37,66.667,75.0,55.556,1.667,0.333,227.667,25.296,1.0,9.0,2.333,3.857,4.0,5.667,9.667,41.379,1.0,2.667,0.333,0.0,0.333,0.333,0.667,0.667,0.333,0.333,0.0,0.333,0.333,0.0,0.0,0.0,0.0,,0.0,,1.333,0.667,0.0,,0.333,0.0,1,0.333,0.333,0.667,0.667,50.0,3.0,13.235,1.333,0.333,1.333,5.0,1.667,1.0
Michael Apeness,Fremantle,19,19.92,2,1.3,44.0,34.0,0,0.0,0,0,70.0,2.0,5.0,7.0,85.714,50.0,100.0,28.571,0.5,0.0,25.0,3.571,1.5,4.667,2.5,2.8,3.5,3.5,7.0,50.0,2.0,3.0,1.5,0.0,0.0,0.0,2.5,0.0,0.5,0.5,0.0,0.5,1.5,-1.0,0.0,0.0,0.0,,0.0,,3.5,2.0,0.0,,2.0,50.0,0,0.0,0.5,0.5,0.5,0.0,2.0,7.547,0.5,0.0,3.0,10.0,2.0,1.0
Trent Dennis-Lane,St Kilda,26,26.33,1,1.2,27.0,23.0,0,0.0,0,0,68.0,5.0,1.0,6.0,33.333,20.0,100.0,83.333,3.0,1.0,157.0,26.167,2.0,3.0,1.0,6.0,3.0,3.0,6.0,50.0,3.0,3.0,0.0,0.0,0.0,0.0,2.0,0.0,2.0,1.0,0.0,0.0,2.0,-2.0,0.0,0.0,0.0,,0.0,,1.0,0.0,1.0,0.0,1.0,0.0,0,0.0,2.0,2.0,0.0,0.0,2.0,12.5,1.0,0.0,1.0,9.0,1.0,1.0
Jacob Brennan,West Coast,24,24.93,2,6.05,45.0,45.0,0,0.0,0,0,90.0,7.0,3.0,10.0,65.0,64.286,66.667,70.0,0.5,2.0,202.5,20.25,2.0,5.0,3.5,2.857,4.0,6.5,10.5,38.095,3.0,4.0,1.0,0.0,0.5,0.5,2.5,0.0,0.0,0.0,0.0,0.0,0.5,-0.5,0.0,0.0,0.0,,0.0,,3.0,0.0,0.5,100.0,0.0,,0,0.0,0.0,0.5,0.0,0.0,2.5,13.514,1.0,0.5,3.5,12.0,11.0,3.0
Jack Redpath,Western Bulldogs,24,24.04,3,3.467,38.0,35.0,0,0.0,0,0,89.0,3.0,3.667,6.667,65.0,66.667,63.636,45.0,0.667,0.0,64.667,9.7,0.667,10.0,1.333,5.0,2.667,4.333,7.0,38.095,0.667,2.667,0.333,0.667,0.0,0.667,2.0,0.0,1.0,0.0,1.0,0.0,0.333,-0.333,9.333,8.833,3.0,32.143,0.667,22.222,1.667,0.333,0.333,100.0,3.333,10.0,2,0.667,0.0,0.667,0.333,100.0,2.0,8.108,0.667,0.0,1.333,8.333,3.0,1.333
Luke Tapscott,Melbourne,23,23.5,3,3.9,43.0,43.667,0,0.0,0,0,62.333,6.333,4.0,10.333,67.742,63.158,75.0,61.29,0.333,2.667,168.667,16.323,1.667,6.2,2.0,5.167,4.333,5.333,9.667,44.828,2.0,2.333,0.333,0.0,1.0,1.0,1.333,0.0,0.333,0.0,0.0,1.333,0.0,1.333,0.0,0.0,0.333,,0.0,0.0,2.0,0.667,1.0,33.333,0.667,0.0,1,0.333,1.0,1.333,0.0,25.0,3.0,17.647,0.0,0.0,1.0,8.0,3.0,0.667
Sam Fisher,St Kilda,32,32.47,7,12.257,92.0,80.286,0,0.0,0,0,86.0,12.0,6.0,18.0,84.127,82.143,88.095,66.667,1.143,3.286,228.571,12.698,1.429,12.6,2.143,8.4,6.286,11.143,17.429,36.066,7.429,4.429,0.0,0.0,0.429,0.429,7.143,1.714,0.143,3.143,0.143,0.143,0.571,-0.429,0.0,0.0,0.714,,0.0,0.0,2.714,0.0,2.429,35.294,0.143,100.0,1,0.143,0.0,0.143,0.286,100.0,3.429,16.107,1.857,0.143,3.286,6.0,3.429,2.714
Tom Murphy,Gold Coast,28,28.78,1,11.4,78.0,56.0,0,0.0,0,0,85.0,10.0,3.0,13.0,76.923,80.0,66.667,76.923,0.0,6.0,365.0,28.077,1.0,13.0,4.0,3.25,6.0,7.0,13.0,46.154,7.0,5.0,0.0,0.0,0.0,0.0,4.0,0.0,0.0,0.0,0.0,0.0,0.0,0.0,0.0,0.0,0.0,,0.0,,2.0,0.0,5.0,40.0,0.0,,0,0.0,0.0,0.0,0.0,,2.0,9.524,1.0,0.0,5.0,11.0,11.0,3.0
Ashley Smith,West Coast,24,24.44,2,3.9,41.5,47.5,0,0.0,0,0,81.0,5.5,3.0,8.5,76.471,81.818,66.667,64.706,1.0,0.5,108.5,12.765,2.0,4.25,2.5,3.4,2.0,6.0,8.0,25.0,2.0,2.0,0.5,0.0,0.0,0.0,3.5,0.0,0.5,0.5,0.5,0.0,0.5,-0.5,0.0,0.0,0.0,,0.0,,2.5,0.0,0.0,,0.0,,2,1.0,0.0,1.5,0.0,66.667,2.0,12.121,0.5,0.0,1.0,10.0,5.0,0.5
Blayne Wilson,West Coast,22,22.92,2,7.65,67.5,52.5,0,0.0,0,0,79.5,8.0,5.0,13.0,88.462,87.5,90.0,61.538,1.0,1.5,182.5,14.038,1.0,13.0,3.0,4.333,4.5,8.5,13.0,34.615,5.0,3.0,0.0,0.0,0.0,0.0,6.0,1.0,0.0,2.5,0.5,0.0,0.5,-0.5,0.0,0.0,0.0,,0.0,,0.5,0.0,6.0,50.0,0.0,,0,0.0,0.0,0.0,0.0,,2.0,7.018,0.0,0.0,3.0,6.5,6.0,2.0
Dean Towers,Sydney,24,24.66,6,6.033,39.167,41.833,0,0.0,0,0,71.0,4.333,5.5,9.833,64.407,42.308,81.818,44.068,2.0,0.0,156.5,15.915,1.0,9.833,2.0,4.917,3.333,6.5,9.833,33.898,0.833,2.833,0.667,0.167,0.333,0.5,2.0,0.167,0.333,0.0,0.667,0.0,0.333,-0.333,3.333,3.221,0.5,15.0,0.333,66.667,2.167,0.333,0.333,0.0,1.167,14.286,3,0.5,0.667,1.333,0.0,37.5,2.833,10.18,0.333,0.167,1.5,11.0,4.167,0.5
Cameron Wood,Carlton,27,27.82,6,10.333,80.667,74.167,0,0.0,0,0,79.333,7.333,3.833,11.167,67.164,52.273,95.652,65.672,2.167,1.0,180.333,16.149,1.833,6.091,2.667,4.188,5.167,6.0,11.167,46.269,1.333,2.667,0.333,2.0,1.0,3.0,4.333,1.0,0.333,0.833,0.667,0.833,1.167,-0.333,67.833,74.27,23.833,35.135,5.167,21.678,2.0,0.333,0.833,40.0,0.5,0.0,2,0.333,0.333,0.667,0.0,50.0,2.667,12.121,1.333,0.0,3.667,7.667,3.833,2.5
Jonathon Griffin,Fremantle,28,28.96,1,4.5,28.0,23.0,0,0.0,0,0,45.0,3.0,0.0,3.0,33.333,33.333,,100.0,0.0,0.0,58.0,19.333,0.0,,0.0,,2.0,1.0,3.0,66.667,0.0,2.0,1.0,0.0,0.0,0.0,1.0,0.0,0.0,0.0,1.0,0.0,0.0,0.0,26.0,25.0,7.0,26.923,2.0,28.571,1.0,0.0,0.0,,0.0,,0,0.0,0.0,0.0,0.0,,1.0,6.667,1.0,0.0,3.0,6.0,2.0,2.0
Sam Blease,Melbourne,23,23.86,2,4.9,33.0,42.5,0,0.0,0,0,73.5,8.0,2.5,10.5,42.857,31.25,80.0,76.19,1.5,0.5,266.5,25.381,2.5,4.2,4.0,2.625,4.0,7.0,11.0,36.364,0.5,2.5,0.5,0.0,1.0,1.0,1.5,0.0,0.0,0.0,0.0,1.5,1.5,0.0,0.0,0.0,0.0,,0.0,,2.0,0.5,0.0,,0.5,0.0,1,0.5,1.0,2.0,0.0,25.0,2.5,12.5,0.0,1.5,0.0,11.0,6.0,0.0
Louis Herbert,Gold Coast,20,20.51,3,2.0,17.0,20.333,0,0.0,0,0,45.0,2.333,1.333,3.667,54.545,42.857,75.0,63.636,1.667,0.0,47.0,12.818,0.667,5.5,1.0,3.667,1.667,1.0,2.667,62.5,1.0,1.333,0.667,0.0,0.333,0.333,0.333,0.0,0.0,0.0,0.0,0.333,0.0,0.333,0.0,0.0,0.0,,0.0,,2.333,0.667,0.0,,0.667,0.0,0,0.0,0.0,0.333,0.0,0.0,0.667,3.333,0.333,0.0,0.333,7.0,3.667,0.0
Alex Woodward,Hawthorn,21,21.55,2,6.1,46.0,40.5,0,0.0,0,0,56.0,3.0,6.0,9.0,77.778,66.667,83.333,33.333,0.5,0.0,90.5,10.056,0.5,18.0,0.5,18.0,4.5,5.0,9.5,47.368,1.5,2.5,1.0,0.0,1.0,1.0,0.5,0.0,0.0,0.0,0.0,1.5,0.0,1.5,0.0,0.0,0.0,,0.0,,4.0,0.5,0.0,,0.0,,0,0.0,0.5,0.5,0.0,0.0,2.5,8.929,1.5,0.0,1.5,12.5,4.5,0.5
Ben Reid,Collingwood,25,25.67,4,5.925,37.0,31.5,0,0.0,0,0,61.25,4.75,2.25,7.0,71.429,63.158,88.889,67.857,2.0,0.0,188.333,20.179,0.25,28.0,1.667,5.6,3.5,3.75,7.25,48.276,1.333,3.333,1.667,0.0,0.0,0.0,2.25,0.5,0.75,0.333,1.333,0.25,0.0,0.25,0.0,0.0,0.0,,0.0,,1.0,0.0,0.0,,3.667,9.091,1,0.25,0.25,1.333,0.5,25.0,3.333,16.949,0.0,0.0,0.75,5.333,0.667,0.333
Kyle Martin,Collingwood,24,24.28,2,1.95,24.5,28.0,0,0.0,0,0,41.0,3.5,3.5,7.0,50.0,28.571,71.429,50.0,1.5,0.5,74.0,10.571,2.0,3.5,2.0,3.5,3.5,4.0,7.5,46.667,0.0,1.5,0.0,0.0,0.0,0.0,0.5,0.0,0.0,0.0,0.0,1.0,1.0,0.0,0.0,0.0,0.0,,0.0,,2.0,0.5,0.0,,1.0,0.0,1,0.5,0.0,0.5,0.0,100.0,2.0,9.302,0.0,0.0,1.0,9.5,4.5,0.0
Tim Golds,Greater Western Sydney,21,21.73,3,2.367,25.0,31.333,0,0.0,0,0,44.667,5.0,4.0,9.0,74.074,60.0,91.667,55.556,1.667,0.667,157.0,17.444,1.333,6.75,1.667,5.4,1.667,7.667,9.333,17.857,0.333,0.333,0.0,0.0,0.667,0.667,2.333,0.333,0.0,0.0,0.0,0.667,0.667,0.0,0.0,0.0,0.0,,0.0,,0.667,0.0,0.333,0.0,0.333,0.0,0,0.0,0.0,0.333,0.0,0.0,1.667,8.333,0.333,0.0,1.0,6.0,3.333,0.333
Daniel Gorringe,Gold Coast,22,22.58,3,8.333,74.333,59.333,0,0.0,0,0,82.333,6.0,5.333,11.333,61.765,38.889,87.5,52.941,2.667,1.667,157.333,13.882,2.0,5.667,1.333,8.5,4.667,5.667,10.333,45.161,1.0,3.333,0.333,0.667,2.0,2.667,1.333,0.333,0.333,0.333,0.667,0.667,0.333,0.333,83.333,79.618,18.0,21.6,4.667,25.926,1.667,0.0,0.667,0.0,1.333,25.0,1,0.333,0.333,0.667,0.333,50.0,4.0,19.355,2.0,0.0,3.0,10.0,5.333,2.667
Tony Armstrong,Collingwood,25,25.25,5,7.0,65.2,61.4,0,0.0,0,0,79.8,9.6,6.2,15.8,82.278,75.676,88.0,60.759,1.8,2.2,251.5,16.226,2.0,7.9,2.25,6.889,3.8,11.6,15.4,24.675,4.0,3.5,0.0,0.0,0.4,0.4,3.8,0.0,0.0,1.0,0.0,0.4,1.2,-0.8,0.0,0.0,0.0,,0.0,,3.0,0.0,0.25,0.0,0.0,,0,0.0,0.0,0.0,0.0,,2.25,12.329,1.25,0.0,1.8,9.5,6.25,1.25
Kayne Turner,North Melbourne,19,19.0,6,8.133,64.333,61.0,6,2.0,1,0,79.333,6.5,3.833,10.333,70.968,71.795,69.565,62.903,2.833,0.833,160.5,15.532,2.333,4.429,2.833,3.647,4.333,6.0,10.333,41.935,1.167,2.667,0.5,0.333,0.167,0.5,3.167,0.333,0.667,0.167,0.667,1.333,0.833,0.5,0.0,0.0,0.0,,0.0,,4.333,1.167,0.167,0.0,1.167,14.286,8,1.333,0.167,1.833,0.833,72.727,4.667,17.391,0.5,0.0,2.167,16.5,5.167,1.167
Ciaran Sheehan,Carlton,24,24.11,4,8.475,68.0,45.5,0,0.0,0,0,82.0,8.25,4.25,12.5,70.0,72.727,64.706,66.0,2.0,2.5,253.25,20.26,1.0,12.5,3.0,4.167,4.25,9.0,13.25,32.075,3.75,3.75,0.0,0.0,0.25,0.25,2.25,0.0,0.0,1.0,0.0,0.0,0.25,-0.25,0.0,0.0,0.0,,0.0,,1.5,0.0,0.25,0.0,0.0,,0,0.0,0.25,0.25,0.5,0.0,2.25,11.25,0.75,0.75,2.0,5.0,3.25,0.75
Max Duffy,Fremantle,21,21.72,2,4.9,26.5,23.0,0,0.0,0,0,20.0,3.5,1.5,5.0,60.0,57.143,66.667,70.0,0.5,0.5,85.5,17.1,0.0,,0.5,10.0,2.0,3.0,5.0,40.0,0.5,1.5,1.0,0.0,0.5,0.5,1.0,0.0,0.0,0.5,0.0,0.0,0.0,0.0,0.0,0.0,0.0,,0.0,,0.0,0.0,0.0,,0.0,,2,1.0,0.5,2.5,0.5,40.0,3.5,14.286,0.0,0.0,0.0,2.0,0.5,0.0
Jonathon Freeman,Brisbane,20,20.67,4,5.0,32.25,30.25,0,0.0,0,0,94.0,2.75,2.25,5.0,65.0,50.0,66.667,55.0,0.25,0.0,51.0,12.75,1.0,5.0,1.333,3.0,2.5,3.0,5.5,45.455,0.333,1.333,0.667,0.0,0.25,0.25,2.0,1.0,1.5,0.0,0.667,0.25,0.5,-0.25,0.0,0.0,0.0,,0.0,,0.75,0.667,0.0,,2.667,12.5,6,1.5,0.75,1.667,0.0,40.0,1.667,8.772,0.0,0.0,0.75,7.0,2.0,0.667
Shane Biggs,Sydney,23,23.4,3,4.767,48.667,69.333,0,0.0,0,0,87.0,10.333,6.667,17.0,58.824,38.71,90.0,60.784,3.667,2.333,322.0,18.941,3.333,5.1,4.0,4.25,3.667,13.333,17.0,21.569,2.0,2.667,0.0,0.333,1.0,1.333,3.0,0.0,0.0,0.0,0.333,1.0,0.333,0.667,0.0,0.0,0.0,,0.0,,4.0,0.0,1.333,25.0,0.0,,0,0.0,0.0,0.0,0.0,,2.333,8.537,0.667,0.333,1.0,14.333,7.333,0.667
Seb Tape,Gold Coast,22,22.4,3,5.733,43.0,29.0,0,0.0,0,0,94.0,3.333,3.667,7.0,66.667,80.0,54.545,47.619,1.0,0.667,112.0,16.0,1.0,7.0,2.0,3.5,5.0,2.333,7.333,68.182,3.333,4.667,0.0,0.333,0.333,0.667,0.667,0.0,0.0,0.0,0.0,0.667,1.0,-0.333,0.0,0.0,0.0,,0.0,,3.0,0.0,2.0,33.333,0.0,,0,0.0,0.0,0.0,0.0,,1.333,6.667,0.333,0.0,4.0,9.333,7.667,2.333
Ariel Steinberg,Essendon,22,22.33,3,5.333,40.0,36.0,0,0.0,0,0,87.333,5.333,4.667,10.0,66.667,50.0,85.714,53.333,0.0,2.667,142.0,14.2,2.0,5.0,1.667,6.0,4.667,5.333,10.0,46.667,5.333,3.667,0.0,0.0,0.0,0.0,2.333,0.333,0.0,1.333,0.0,0.667,0.333,0.333,0.0,0.0,0.0,,0.0,,1.0,0.0,3.0,22.222,0.0,,0,0.0,0.0,0.0,0.0,,0.667,2.817,0.333,0.0,4.667,5.667,4.0,4.333
Mark Whiley,Greater Western Sydney,22,22.08,2,9.6,84.0,83.0,0,0.0,0,0,88.5,10.0,8.0,18.0,69.444,55.0,87.5,55.556,0.0,1.0,183.0,10.167,2.0,9.0,1.0,18.0,9.0,9.5,18.5,48.649,1.0,6.5,0.5,3.5,2.5,6.0,5.0,0.0,0.0,0.5,0.0,1.5,1.5,0.0,0.0,0.0,0.0,,0.0,,5.5,0.5,0.0,,0.0,,1,0.5,0.0,0.5,0.0,100.0,3.0,13.333,0.5,1.5,1.5,15.5,7.0,0.0
James Stewart,Greater Western Sydney,20,20.82,3,4.2,40.333,46.333,0,0.0,0,0,78.333,8.0,3.333,11.333,61.765,54.167,80.0,70.588,3.0,0.667,240.333,21.206,2.667,4.25,2.0,5.667,2.0,9.667,11.667,17.143,0.667,1.667,0.333,0.0,0.0,0.0,3.0,0.0,0.667,0.333,1.0,0.333,1.667,-1.333,0.0,0.0,0.0,,0.0,,1.0,0.0,0.0,,1.333,25.0,3,1.0,1.333,2.333,0.0,42.857,3.0,12.857,0.333,0.0,1.333,3.333,0.333,1.0
Jack Leslie,Gold Coast,19,19.67,2,3.9,34.5,30.0,0,0.0,0,0,72.5,2.0,6.0,8.0,81.25,75.0,83.333,25.0,0.0,0.0,-20.0,-2.5,1.0,8.0,0.5,16.0,4.0,4.5,8.5,47.059,4.5,2.5,0.0,0.0,0.0,0.0,2.0,0.0,0.0,0.5,0.0,1.0,1.0,0.0,14.5,15.591,2.0,13.793,0.0,0.0,1.5,0.5,1.5,33.333,0.5,0.0,0,0.0,0.0,0.0,0.0,,1.5,6.25,1.0,0.0,2.5,7.0,4.0,1.5
Jackson Ramsay,Collingwood,20,20.11,2,3.65,52.5,47.5,0,0.0,0,0,87.5,7.0,4.0,11.0,54.545,50.0,62.5,63.636,2.5,1.0,243.0,22.091,2.0,5.5,2.0,5.5,3.0,8.0,11.0,27.273,1.5,2.0,0.0,0.0,1.5,1.5,2.5,0.5,0.0,0.5,0.0,0.0,1.0,-1.0,0.0,0.0,0.0,,0.0,,3.5,0.0,0.5,0.0,0.0,,0,0.0,0.0,0.5,0.0,0.0,2.0,11.111,0.5,0.0,2.0,16.0,9.5,1.5
Adam Carter,West Coast,20,20.7,2,6.55,42.0,33.5,0,0.0,0,0,88.5,4.0,6.0,10.0,95.0,87.5,100.0,40.0,0.0,2.5,103.0,10.3,0.5,20.0,0.0,,3.5,6.5,10.0,35.0,2.5,2.5,0.0,0.0,0.0,0.0,2.0,0.0,0.0,0.0,0.0,1.0,0.5,0.5,0.0,0.0,0.0,,0.0,,1.0,0.0,1.5,33.333,0.0,,0,0.0,0.0,0.0,0.0,,3.0,9.231,1.5,0.0,2.0,8.0,5.5,1.5
Ayce Cordy,Western Bulldogs,24,24.4,1,3.6,59.0,48.0,0,0.0,0,0,89.0,4.0,6.0,10.0,60.0,50.0,66.667,40.0,0.0,0.0,54.0,5.4,2.0,5.0,1.0,10.0,6.0,4.0,10.0,60.0,0.0,5.0,1.0,0.0,2.0,2.0,1.0,0.0,0.0,0.0,0.0,1.0,2.0,-1.0,60.0,59.406,14.0,23.333,5.0,35.714,3.0,0.0,0.0,,1.0,0.0,0,0.0,0.0,0.0,0.0,,4.0,18.182,1.0,0.0,4.0,9.0,6.0,3.0
Spencer White,St Kilda,20,20.27,2,5.2,34.0,38.5,0,0.0,0,0,78.0,3.5,2.5,6.0,50.0,57.143,40.0,58.333,1.0,0.0,111.0,18.5,3.0,2.0,3.5,1.714,3.0,3.5,6.5,46.154,0.5,1.0,0.0,0.0,0.0,0.0,3.0,1.0,2.0,0.0,0.5,0.5,1.0,-0.5,0.5,0.526,0.0,0.0,0.0,,1.0,0.5,0.0,,3.0,33.333,4,2.0,0.5,3.0,0.5,66.667,3.5,17.949,0.0,0.0,1.0,6.5,3.5,0.0
Corey Gault,Collingwood,22,22.17,1,10.6,58.0,61.0,0,0.0,0,0,92.0,6.0,1.0,7.0,42.857,50.0,0.0,85.714,0.0,0.0,133.0,19.0,2.0,3.5,3.0,2.333,4.0,2.0,6.0,66.667,1.0,3.0,3.0,0.0,0.0,0.0,3.0,1.0,1.0,0.0,0.0,0.0,0.0,0.0,14.0,16.279,4.0,28.571,0.0,0.0,4.0,1.0,1.0,0.0,3.0,0.0,2,2.0,0.0,3.0,0.0,66.667,2.0,12.5,0.0,0.0,4.0,10.0,2.0,4.0
Sam Naismith,Sydney,22,22.46,1,3.1,31.0,40.0,0,0.0,0,0,48.0,0.0,6.0,6.0,50.0,,50.0,0.0,0.0,0.0,-8.0,-1.333,2.0,3.0,1.0,6.0,4.0,3.0,7.0,57.143,0.0,3.0,0.0,2.0,0.0,2.0,1.0,0.0,0.0,0.0,0.0,0.0,1.0,-1.0,47.0,41.964,16.0,34.043,3.0,18.75,3.0,0.0,1.0,100.0,1.0,0.0,0,0.0,0.0,0.0,0.0,,1.0,5.0,1.0,0.0,1.0,10.0,6.0,0.0
Jordon Bourke,Brisbane,20,20.13,1,2.8,78.0,68.0,0,0.0,0,0,89.0,9.0,5.0,14.0,71.429,77.778,60.0,64.286,1.0,4.0,279.0,19.929,3.0,4.667,2.0,7.0,4.0,11.0,15.0,26.667,3.0,3.0,0.0,0.0,0.0,0.0,6.0,1.0,0.0,1.0,1.0,0.0,1.0,-1.0,0.0,0.0,0.0,,0.0,,4.0,0.0,4.0,50.0,0.0,,0,0.0,0.0,0.0,0.0,,3.0,14.286,0.0,0.0,10.0,10.0,8.0,9.0
Cameron McCarthy,Greater Western Sydney,19,19.75,1,5.3,49.0,33.0,0,0.0,0,0,29.0,3.0,2.0,5.0,60.0,100.0,0.0,60.0,1.0,0.0,102.0,20.4,0.0,,0.0,,1.0,4.0,5.0,20.0,1.0,1.0,1.0,0.0,0.0,0.0,2.0,0.0,1.0,0.0,2.0,0.0,0.0,0.0,0.0,0.0,0.0,,0.0,,2.0,2.0,0.0,,1.0,0.0,1,1.0,0.0,1.0,0.0,100.0,2.0,8.0,0.0,0.0,1.0,5.0,0.0,1.0
Scott Pendlebury,Collingwood,26,26.98,21,19.938,124.429,108.429,72,3.429,12,16,86.19,13.905,14.476,28.381,75.0,68.727,80.623,48.993,3.429,2.429,360.65,12.789,2.429,11.686,2.6,10.846,13.0,14.952,27.952,46.508,3.8,8.7,1.15,2.286,3.095,5.381,3.571,0.476,0.333,0.8,0.4,1.81,0.476,1.333,0.1,0.113,0.381,100.0,0.2,50.0,5.524,0.8,0.3,16.667,1.15,30.435,13,0.619,0.476,1.45,0.667,41.379,6.45,27.682,1.95,0.952,1.714,22.65,10.1,0.65
Steele Sidebottom,Collingwood,23,23.99,19,15.1,113.158,108.053,37,1.947,6,9,88.053,17.211,9.526,26.737,69.685,61.224,85.093,64.37,3.263,2.474,411.118,15.36,2.947,9.071,4.118,6.5,9.526,16.526,26.053,36.566,5.588,7.765,1.235,0.526,2.368,2.895,5.737,0.316,0.579,1.0,0.412,0.632,0.684,-0.053,0.0,0.0,0.0,,0.0,,4.105,0.706,0.235,0.0,0.765,15.385,14,0.737,0.737,1.765,0.421,43.333,5.765,24.439,1.588,1.158,2.053,17.647,8.0,1.353
Taylor Adams,Collingwood,21,21.27,12,8.75,70.417,71.333,1,0.083,1,0,71.833,9.5,9.667,19.167,66.087,55.263,76.724,49.565,2.167,1.083,225.167,11.748,2.583,7.419,3.25,5.897,8.083,11.0,19.083,42.358,3.333,6.417,1.083,0.917,1.917,2.833,2.833,0.083,0.25,0.417,0.25,1.167,0.583,0.583,0.0,0.0,0.0,,0.0,,3.583,0.25,0.333,50.0,0.417,0.0,2,0.167,0.25,0.667,0.417,25.0,4.583,18.836,1.417,0.75,0.917,15.0,5.667,0.417
Jarrod Witts,Collingwood,22,22.29,20,8.06,72.0,66.75,0,0.0,0,0,80.85,5.4,4.55,9.95,61.809,51.961,71.084,54.271,1.45,0.35,134.556,13.092,2.0,4.975,1.944,5.286,5.6,4.45,10.05,55.721,1.278,3.833,0.778,0.65,0.9,1.55,2.85,0.85,0.4,0.444,0.333,0.55,1.0,-0.45,48.889,54.795,18.75,38.75,4.944,26.1,3.5,0.333,0.5,22.222,1.278,26.087,8,0.4,0.2,0.611,0.3,63.636,3.722,16.106,1.444,0.05,2.25,10.444,4.222,1.889
Jamie Elliott,Collingwood,22,22.36,17,12.671,83.235,83.882,15,0.882,3,6,81.529,11.176,3.882,15.059,66.016,64.205,73.016,74.219,2.706,0.765,276.5,18.51,2.412,6.244,3.125,4.78,5.471,9.647,15.118,36.187,2.062,3.75,1.25,0.059,0.824,0.882,5.941,0.706,1.941,0.438,1.688,0.765,0.824,-0.059,0.0,0.0,0.059,,0.0,,3.529,1.062,0.25,50.0,1.5,12.5,33,1.941,0.647,3.0,0.529,64.583,5.938,24.297,0.875,0.529,1.529,14.0,4.688,1.062
Brodie Grundy,Collingwood,20,20.71,15,5.48,62.867,60.733,0,0.0,0,0,74.2,4.867,5.267,10.133,61.184,51.724,68.571,48.026,1.867,1.067,144.231,14.648,3.133,3.234,2.615,3.765,5.133,5.267,10.4,49.359,1.231,3.077,0.538,0.6,1.067,1.667,2.4,0.733,0.467,0.308,0.0,0.733,1.933,-1.2,47.846,54.228,18.133,39.711,4.308,22.672,3.4,0.846,0.462,50.0,1.538,15.0,3,0.2,0.533,0.846,0.467,18.182,2.462,10.289,0.923,0.067,1.933,11.462,4.615,1.308
Michael Walters,Fremantle,23,23.98,8,11.5,78.75,68.375,7,1.167,1,0,79.75,9.875,3.5,13.375,69.159,63.291,85.714,73.832,2.875,0.375,290.5,21.72,1.875,7.133,2.0,6.688,5.75,8.25,14.0,41.071,0.375,3.375,1.625,0.25,0.5,0.75,3.625,0.625,1.5,0.125,1.125,1.375,1.125,0.25,0.0,0.0,0.0,,0.0,,2.5,0.5,0.25,100.0,1.75,21.429,15,1.875,1.625,4.0,1.25,46.875,7.375,28.095,0.25,0.375,1.0,11.25,4.125,0.375
Nat Fyfe,Fremantle,23,23.28,20,17.67,122.25,103.3,95,5.278,14,25,84.6,13.0,13.95,26.95,69.573,59.231,79.211,48.237,3.45,1.2,341.1,12.657,3.5,7.7,4.4,6.125,16.1,11.05,27.15,59.3,3.2,9.4,1.45,2.65,4.1,6.75,3.95,1.25,0.95,0.8,0.5,1.05,1.45,-0.4,0.05,0.053,1.35,100.0,0.7,51.852,4.7,0.6,0.25,40.0,1.45,37.931,24,1.2,0.5,2.05,0.45,58.537,7.2,29.508,1.45,0.25,2.0,16.95,7.4,0.8
Lachie Neale,Fremantle,21,21.6,23,10.013,88.391,83.957,19,0.905,3,7,68.87,10.522,12.957,23.478,68.148,55.785,78.188,44.815,2.348,1.13,230.391,9.813,2.0,11.739,2.783,8.438,10.304,13.435,23.739,43.407,2.391,7.522,0.957,1.217,2.957,4.174,3.957,0.261,0.348,0.217,0.13,0.913,0.696,0.217,0.0,0.0,0.043,,0.0,0.0,3.304,0.348,0.13,33.333,0.13,0.0,8,0.348,0.435,1.087,0.565,32.0,5.087,20.745,1.304,0.261,1.087,14.043,6.261,0.174
Callan Ward,Greater Western Sydney,24,24.72,20,15.2,112.75,99.05,39,1.95,10,15,82.15,12.0,12.9,24.9,74.498,61.667,86.434,48.193,3.0,2.2,278.65,11.191,2.2,11.318,3.05,8.164,12.5,12.05,24.55,50.916,2.8,7.9,0.7,2.4,4.15,6.55,3.75,0.5,0.25,0.6,0.35,1.35,0.95,0.4,0.05,0.052,1.9,100.0,0.65,34.211,5.75,0.65,0.15,33.333,0.45,33.333,7,0.35,0.5,0.85,0.35,41.176,4.8,21.192,1.7,0.4,1.5,18.75,10.4,0.4
Dylan Shiel,Greater Western Sydney,21,21.81,17,11.618,94.765,90.059,10,0.588,4,1,76.882,10.941,12.176,23.118,75.827,66.129,84.541,47.328,3.706,1.706,342.588,14.819,2.235,10.342,3.765,6.141,8.059,15.059,23.118,34.86,1.706,5.588,0.706,1.824,2.353,4.176,3.824,0.059,0.059,0.118,0.294,0.471,0.765,-0.294,0.0,0.0,0.118,,0.0,0.0,4.824,0.529,0.059,0.0,0.235,25.0,9,0.529,0.647,1.412,0.529,37.5,5.412,24.599,1.176,0.706,1.118,17.0,8.059,0.235
Adam Treloar,Greater Western Sydney,21,21.81,20,14.565,107.5,103.45,33,1.65,6,5,83.25,12.55,15.05,27.6,67.572,52.59,80.066,45.471,4.15,2.0,381.8,13.833,3.2,8.625,4.6,6.0,12.5,15.0,27.5,45.455,3.25,9.5,0.75,1.85,4.0,5.85,3.6,0.05,0.25,0.3,0.05,1.0,0.95,0.05,0.0,0.0,0.1,,0.05,50.0,5.55,0.45,0.25,60.0,0.1,0.0,13,0.65,0.55,1.35,0.3,48.148,5.35,22.863,1.4,1.8,0.7,18.05,9.65,0.25
Stephen Coniglio,Greater Western Sydney,21,21.04,14,10.279,83.5,86.643,18,1.286,3,2,72.571,12.071,9.929,22.0,67.208,55.621,81.295,54.87,3.071,1.143,288.786,13.127,2.214,9.935,4.143,5.31,7.786,14.0,21.786,35.738,1.929,5.0,0.929,1.357,3.071,4.429,3.643,0.0,0.143,0.286,0.071,0.429,0.929,-0.5,0.0,0.0,0.071,,0.0,0.0,4.857,0.286,0.5,57.143,0.071,0.0,5,0.357,0.357,1.071,0.5,33.333,5.286,22.561,1.357,0.357,1.571,16.0,8.357,0.286
Sam Frost,Greater Western Sydney,21,21.34,16,7.644,55.688,47.312,0,0.0,0,0,88.25,6.188,5.875,12.062,75.648,71.717,79.787,51.295,0.812,2.75,189.938,15.746,1.812,6.655,1.875,6.433,4.25,7.562,11.812,35.979,4.5,3.5,0.25,0.0,0.312,0.312,3.688,0.25,0.0,0.938,0.062,0.625,0.562,0.062,0.0,0.0,0.062,,0.0,0.0,1.625,0.0,2.125,20.588,0.062,0.0,1,0.062,0.062,0.125,0.062,50.0,1.812,7.672,0.625,0.375,4.812,7.875,6.875,4.562
Jeremy Cameron,Greater Western Sydney,21,21.75,14,8.121,56.5,55.143,7,0.5,3,0,90.214,7.5,2.0,9.5,56.391,55.238,60.714,78.947,1.714,0.286,178.071,18.744,2.571,3.694,2.857,3.325,4.357,5.071,9.429,46.212,0.714,2.429,1.286,0.0,0.071,0.071,4.286,0.857,2.357,0.286,1.857,0.786,1.357,-0.571,0.0,0.0,0.0,,0.0,,1.286,0.714,0.286,0.0,4.786,25.373,29,2.071,1.5,3.786,0.286,54.717,5.143,21.884,0.357,0.0,1.929,7.786,1.357,1.286
Lachie Whitfield,Greater Western Sydney,20,20.45,11,10.782,79.364,79.182,16,1.455,3,2,83.364,12.091,8.364,20.455,75.111,69.173,83.696,59.111,1.727,1.273,337.727,16.511,2.364,8.654,2.909,7.031,5.091,15.182,20.273,25.112,3.364,4.364,0.545,0.182,0.818,1.0,5.818,0.182,0.545,0.727,0.273,0.455,1.182,-0.727,0.0,0.0,0.0,,0.0,,1.727,0.182,0.364,100.0,0.455,20.0,8,0.727,0.545,1.455,0.545,50.0,5.273,24.167,0.727,0.818,1.364,14.182,7.455,0.545
Nick Haynes,Greater Western Sydney,22,22.62,8,11.037,71.375,62.25,2,0.25,1,0,78.0,11.625,4.25,15.875,71.654,66.667,85.294,73.228,1.0,4.0,360.25,22.693,2.25,7.056,4.75,3.342,5.625,9.5,15.125,37.19,6.875,4.125,0.0,0.0,0.625,0.625,4.375,0.5,0.0,1.375,0.0,0.25,0.25,0.0,0.0,0.0,0.0,,0.0,,1.375,0.0,4.875,33.333,0.125,0.0,1,0.125,0.0,0.125,0.0,100.0,2.0,8.466,1.125,0.5,6.5,6.75,4.75,5.375
Toby Greene,Greater Western Sydney,21,21.26,15,11.133,102.933,102.933,11,0.733,4,3,84.467,13.133,15.0,28.133,68.009,55.838,78.667,46.682,3.6,2.2,312.933,11.123,3.267,8.612,4.267,6.594,10.867,16.8,27.667,39.277,3.267,7.333,0.933,1.667,2.667,4.333,5.4,0.0,0.2,0.4,0.667,1.867,1.333,0.533,0.0,0.0,0.0,,0.0,,4.133,0.467,0.733,45.455,0.533,37.5,7,0.467,0.133,0.667,0.533,70.0,5.467,24.332,1.133,0.2,1.267,13.067,7.267,0.8
Dane Rampe,Sydney,24,24.58,25,9.472,73.36,63.92,6,0.273,3,0,84.4,9.8,6.08,15.88,79.093,72.245,90.132,61.713,1.76,3.84,333.72,21.015,1.84,8.63,2.48,6.403,4.12,11.36,15.48,26.615,4.92,3.24,0.08,0.04,0.12,0.16,3.72,0.2,0.0,0.88,0.04,0.64,0.8,-0.16,0.0,0.0,0.0,,0.0,,3.04,0.16,1.84,23.913,0.0,,3,0.12,0.08,0.32,0.32,37.5,2.92,10.831,0.96,0.52,4.6,9.44,7.6,3.96
Luke Parker,Sydney,22,22.18,25,13.808,109.8,103.16,66,3.0,13,12,82.24,11.44,14.48,25.92,68.519,56.294,78.177,44.136,3.24,1.56,264.96,10.222,3.48,7.448,3.76,6.894,12.72,13.28,26.0,48.923,2.32,8.8,1.6,1.64,3.2,4.84,4.16,0.88,1.04,0.24,0.36,1.04,1.68,-0.64,0.48,0.495,0.68,100.0,0.24,35.294,6.04,0.52,0.2,40.0,0.76,36.842,25,1.0,0.56,1.76,0.6,56.818,7.04,26.113,1.52,0.12,2.08,23.04,10.32,0.76
Tom Mitchell,Sydney,21,21.58,6,11.1,83.833,86.667,0,0.0,0,0,72.667,9.5,11.333,20.833,70.4,59.649,79.412,45.6,3.167,1.333,292.167,14.024,2.333,8.929,3.833,5.435,9.5,11.167,20.667,45.968,1.0,7.333,1.333,1.333,2.833,4.167,4.167,0.333,0.667,0.0,0.167,0.5,0.833,-0.333,0.0,0.0,0.0,,0.0,,5.667,1.0,0.0,,0.5,33.333,2,0.333,0.333,0.833,0.333,40.0,4.0,17.391,0.667,0.0,0.5,20.833,10.333,0.333
Harry Cunningham,Sydney,21,21.06,25,7.456,60.2,59.84,3,0.136,3,0,82.0,6.36,6.48,12.84,81.62,73.585,89.506,49.533,2.0,0.84,143.6,11.184,0.76,16.895,0.92,13.957,3.68,9.16,12.84,28.66,1.44,2.76,0.64,0.16,0.68,0.84,4.12,0.28,0.6,0.24,0.52,0.52,0.24,0.28,0.0,0.0,0.0,,0.0,,2.96,0.6,0.32,25.0,0.6,20.0,15,0.6,0.2,0.84,0.52,71.429,4.0,14.837,0.56,0.2,1.08,13.52,4.72,0.4
Steven May,Gold Coast,22,22.97,19,11.011,75.421,55.632,29,1.526,6,3,95.474,10.526,2.842,13.368,74.803,72.0,85.185,78.74,1.053,4.263,278.316,20.819,2.842,4.704,3.737,3.577,4.895,7.632,12.526,39.076,5.526,3.421,0.0,0.053,0.263,0.316,3.842,0.474,0.0,1.0,0.105,0.842,1.105,-0.263,0.105,0.11,0.211,100.0,0.0,0.0,2.263,0.0,5.632,23.364,0.105,50.0,0,0.0,0.053,0.105,0.158,0.0,2.579,10.493,1.474,0.684,10.316,7.842,6.579,9.579
Dion Prestia,Gold Coast,22,22.21,22,13.586,106.0,100.364,56,2.545,11,13,82.636,14.045,13.045,27.091,67.617,60.518,75.261,51.846,3.955,1.955,436.727,16.121,2.773,9.77,5.0,5.418,11.273,15.364,26.636,42.321,3.455,8.409,0.682,1.636,3.773,5.409,3.773,0.182,0.182,0.091,0.318,1.091,0.636,0.455,0.0,0.0,0.0,,0.0,,4.636,0.636,0.364,37.5,0.182,25.0,10,0.455,0.364,0.955,0.636,47.619,6.045,25.237,1.591,0.727,2.0,19.182,9.727,0.773
David Swallow,Gold Coast,22,22.11,22,12.827,103.182,93.818,46,2.091,9,5,77.455,13.045,10.273,23.318,65.887,56.098,78.319,55.945,4.0,1.545,375.682,16.111,3.182,7.329,4.227,5.516,11.364,11.727,23.091,49.213,3.227,8.227,1.5,1.727,3.273,5.0,3.045,0.182,0.409,0.5,0.318,1.045,1.273,-0.227,0.091,0.093,1.318,100.0,0.545,41.379,5.364,0.409,0.455,30.0,0.318,14.286,15,0.682,0.909,1.773,0.636,38.462,6.318,26.376,2.227,0.5,1.682,19.273,9.227,0.545
Sam Day,Gold Coast,22,22.31,22,8.15,61.318,54.273,7,0.318,2,2,87.273,6.045,4.227,10.273,66.372,62.406,72.043,58.85,2.227,0.909,169.727,16.522,2.182,4.708,2.5,4.109,5.409,5.136,10.545,51.293,2.5,3.182,0.409,0.136,0.318,0.455,3.364,0.909,1.0,0.5,0.818,0.864,0.409,0.455,17.409,17.88,5.455,31.332,1.818,33.333,1.727,0.591,0.682,13.333,2.818,25.806,19,0.864,0.409,1.682,0.455,51.351,3.636,15.18,1.045,0.045,3.182,9.682,3.318,2.318
Tom Lynch,Gold Coast,22,22.16,22,11.936,83.227,75.182,45,2.045,7,4,95.091,9.227,5.818,15.045,63.746,56.158,75.781,61.329,2.273,0.364,219.045,14.559,2.227,6.755,3.136,4.797,8.045,7.045,15.091,53.313,2.273,4.955,1.955,0.045,0.227,0.273,5.545,1.955,2.818,0.364,0.909,0.773,0.955,-0.182,1.045,1.074,0.182,17.391,0.0,0.0,1.864,0.773,0.227,0.0,6.591,25.517,46,2.091,1.136,3.818,1.0,54.762,7.0,29.222,0.955,0.045,2.773,11.182,2.727,1.773
Sean Lemmens,Gold Coast,20,20.16,18,5.35,46.556,48.778,2,0.111,1,0,75.389,8.056,5.0,13.056,65.106,53.793,83.333,61.702,1.889,2.111,214.611,16.438,2.611,5.0,3.444,3.79,4.222,8.944,13.167,32.068,3.556,3.333,0.333,0.167,0.389,0.556,2.222,0.167,0.056,0.667,0.111,0.667,0.944,-0.278,0.0,0.0,0.0,,0.0,,2.278,0.167,0.667,41.667,0.111,50.0,3,0.167,0.0,0.389,0.056,42.857,1.667,6.944,0.333,0.278,2.056,8.944,6.389,1.611
Jaeger O'Meara,Gold Coast,20,20.85,22,13.227,97.682,92.727,17,0.773,4,1,77.091,12.182,9.273,21.455,67.797,57.836,80.882,56.78,4.864,1.318,376.636,17.555,2.636,8.138,4.227,5.075,10.591,10.955,21.545,49.156,2.682,7.955,1.091,1.409,2.955,4.364,3.5,0.455,0.182,0.273,0.455,0.727,1.045,-0.318,0.0,0.0,0.409,,0.136,33.333,6.455,0.773,0.273,16.667,0.591,46.154,11,0.5,0.318,1.091,0.545,45.833,5.273,22.011,1.636,0.5,1.409,19.818,9.409,0.727
Jack Martin,Gold Coast,19,19.92,11,6.855,56.455,50.091,2,0.182,1,0,68.182,6.909,4.273,11.182,69.106,67.105,72.34,61.789,1.727,0.364,174.545,15.61,2.182,5.125,2.727,4.1,5.364,5.818,11.182,47.967,0.909,4.0,0.818,0.0,1.091,1.091,3.0,0.455,0.909,0.091,0.909,0.636,1.273,-0.636,0.0,0.0,0.091,,0.0,0.0,2.273,0.727,0.273,66.667,1.636,16.667,10,0.909,0.364,1.364,0.364,66.667,3.727,16.735,0.091,0.364,1.182,8.909,2.636,0.727
Nick Vlastuin,Richmond,20,20.7,20,8.54,65.8,64.2,1,0.053,1,0,75.25,8.4,6.8,15.2,73.684,67.262,81.618,55.263,2.15,1.8,228.9,15.059,1.85,8.216,2.65,5.736,4.9,9.8,14.7,33.333,3.55,3.7,0.2,0.2,0.75,0.95,4.1,0.15,0.2,0.85,0.25,0.8,0.45,0.35,0.0,0.0,0.1,,0.05,50.0,3.05,0.4,0.55,18.182,0.2,50.0,4,0.2,0.15,0.4,0.5,50.0,3.2,13.763,0.9,0.0,2.25,12.15,6.9,1.5
Travis Boak,Port Adelaide,26,26.41,24,16.008,106.25,94.833,60,2.857,9,21,79.292,11.083,15.75,26.833,70.807,62.782,76.455,41.304,4.833,0.917,353.625,13.179,2.375,11.298,3.75,7.156,12.542,14.625,27.167,46.166,1.542,8.375,1.458,2.292,3.167,5.458,3.667,0.25,0.583,0.125,0.625,1.083,0.792,0.292,0.083,0.084,0.042,50.0,0.0,0.0,3.833,0.5,0.083,0.0,0.458,27.273,19,0.792,0.25,1.333,0.625,59.375,7.333,26.387,1.625,0.583,1.542,17.917,6.708,0.292
Ollie Wines,Port Adelaide,20,20.23,25,12.072,100.96,92.08,21,0.955,4,5,76.6,10.04,14.32,24.36,66.01,52.191,75.698,41.215,3.48,1.0,289.84,11.898,2.92,8.342,3.96,6.152,11.76,12.32,24.08,48.837,2.76,8.76,1.24,1.72,3.04,4.76,2.84,0.28,0.48,0.24,0.16,1.12,0.84,0.28,0.2,0.202,2.48,100.0,1.0,40.323,4.96,0.48,0.08,0.0,0.52,46.154,14,0.56,0.52,1.24,0.64,45.161,6.16,21.969,1.6,0.24,1.24,19.08,7.88,0.4
Jarman Impey,Port Adelaide,19,19.47,18,5.667,48.611,46.056,0,0.0,0,0,72.889,6.722,4.389,11.111,67.5,63.636,73.418,60.5,1.444,1.444,183.722,16.535,2.5,4.444,2.444,4.545,4.167,7.222,11.389,36.585,3.556,3.444,0.222,0.056,0.444,0.5,2.778,0.444,0.111,1.111,0.0,0.278,0.944,-0.667,0.0,0.0,0.0,,0.0,,2.556,0.222,1.278,39.13,0.167,33.333,3,0.167,0.111,0.278,0.111,60.0,2.111,7.708,0.611,0.889,2.333,11.167,7.778,1.611
Patrick Dangerfield,Adelaide,24,24.73,22,16.368,105.591,92.5,48,2.182,8,21,83.545,12.545,12.364,24.909,61.861,53.986,69.853,50.365,4.727,1.5,385.864,15.491,3.0,8.303,4.182,5.957,15.5,9.545,25.045,61.887,4.5,10.227,1.045,3.182,3.182,6.364,3.364,1.136,0.727,1.136,0.409,1.545,0.864,0.682,0.0,0.0,1.273,,0.409,32.143,3.545,0.364,0.318,28.571,1.227,44.444,17,0.773,1.0,2.0,0.455,38.636,6.591,24.167,2.636,0.818,1.591,15.182,6.636,0.818
Brodie Smith,Adelaide,22,22.96,22,14.85,93.545,82.182,43,1.955,7,4,86.364,13.045,9.5,22.545,78.226,70.383,88.995,57.863,3.455,4.955,557.409,24.724,2.045,11.022,5.136,4.389,6.455,14.5,20.955,30.803,5.727,5.5,0.136,0.364,0.455,0.818,4.909,0.318,0.091,1.136,0.0,0.409,0.273,0.136,0.0,0.0,0.0,,0.0,,1.591,0.0,1.091,16.667,0.045,100.0,11,0.5,0.364,1.136,0.318,44.0,5.273,19.333,1.864,2.091,2.545,10.545,6.364,1.682
Jarryd Lyons,Adelaide,22,22.44,10,9.86,60.0,55.4,0,0.0,0,0,61.8,7.9,5.4,13.3,61.654,48.101,81.481,59.398,2.8,1.0,227.1,17.075,1.7,7.824,3.3,4.03,7.4,5.6,13.0,56.923,2.0,5.7,1.0,0.7,1.8,2.5,2.2,0.3,0.5,0.3,0.2,0.6,0.3,0.3,0.0,0.0,0.0,,0.0,,2.5,0.9,0.1,100.0,1.0,50.0,7,0.7,0.4,1.2,0.1,58.333,4.1,15.242,0.9,0.0,1.3,13.8,5.2,0.5
Mitch Duncan,Geelong,23,23.55,24,14.054,99.625,93.958,44,2.0,10,12,86.458,12.583,10.208,22.792,77.697,74.834,81.224,55.21,3.875,1.542,359.667,15.781,2.625,8.683,3.375,6.753,7.75,15.25,23.0,33.696,3.583,5.542,0.875,0.792,1.292,2.083,6.292,0.5,0.625,0.583,0.458,0.625,1.0,-0.375,0.083,0.094,0.125,100.0,0.083,66.667,3.25,0.542,0.417,40.0,0.667,25.0,23,0.958,0.417,1.583,0.667,60.526,6.75,26.214,1.083,0.417,1.75,13.083,5.792,0.667
Cameron Guthrie,Geelong,22,22.36,24,8.988,79.958,73.792,17,0.773,5,0,82.875,8.458,10.042,18.5,74.324,66.502,80.913,45.721,1.708,1.042,175.375,9.48,2.083,8.88,2.333,7.929,7.875,10.667,18.542,42.472,2.208,5.542,1.042,1.292,1.958,3.25,3.0,0.208,0.208,0.125,0.083,0.833,1.167,-0.333,0.0,0.0,0.042,,0.042,100.0,5.167,1.042,0.25,16.667,0.25,33.333,4,0.167,0.292,0.583,0.375,28.571,3.958,15.372,1.042,1.0,1.5,17.625,8.125,0.542
Mark Blicavs,Geelong,23,23.76,23,7.657,71.565,64.348,4,0.19,1,0,77.826,6.174,5.87,12.043,79.783,75.352,84.444,51.264,1.0,1.261,134.435,11.162,1.391,8.656,1.609,7.486,4.217,8.043,12.261,34.397,3.217,3.043,0.217,0.478,0.435,0.913,4.0,0.304,0.348,0.652,0.478,0.522,0.565,-0.043,20.261,22.854,8.565,42.275,2.217,25.888,3.304,0.609,1.13,15.385,0.609,35.714,5,0.217,0.174,0.435,0.304,50.0,2.652,10.357,0.957,0.043,3.565,12.478,5.783,2.826
Dyson Heppell,Essendon,22,22.63,22,13.323,106.773,107.409,70,3.333,15,14,85.045,15.091,13.364,28.455,66.773,56.325,78.571,53.035,3.182,1.773,359.955,12.65,2.636,10.793,4.545,6.26,12.091,16.455,28.545,42.357,3.955,8.909,0.5,1.636,3.545,5.182,5.273,0.318,0.318,0.773,0.5,1.136,0.682,0.455,0.0,0.0,0.591,,0.045,7.692,4.5,0.182,0.455,10.0,0.273,0.0,6,0.273,0.273,0.818,0.5,33.333,6.318,27.202,2.182,0.409,1.955,17.227,8.591,0.909
Zach Merrett,Essendon,19,19.24,20,8.535,63.95,68.45,1,0.053,1,0,69.0,8.5,6.7,15.2,72.697,65.294,82.09,55.921,2.8,0.7,218.4,14.368,1.8,8.444,3.0,5.067,5.2,9.85,15.05,34.551,2.45,4.15,0.95,0.1,0.5,0.6,3.35,0.25,0.15,0.15,0.35,0.9,0.2,0.7,0.0,0.0,0.0,,0.0,,3.95,0.4,0.05,100.0,0.45,44.444,11,0.55,0.1,0.85,0.4,64.706,3.75,15.924,0.75,0.35,0.4,16.65,6.35,0.25
Todd Goldstein,North Melbourne,26,26.5,24,14.604,108.958,88.792,31,1.476,6,3,90.458,4.083,7.917,12.0,74.306,60.204,81.579,34.028,1.5,0.417,93.875,7.823,1.708,7.024,1.292,9.29,7.542,4.625,12.167,61.986,2.125,5.167,0.75,1.208,1.917,3.125,2.167,0.708,0.167,0.417,0.083,1.125,1.208,-0.083,77.292,85.681,34.917,45.175,10.375,29.714,4.75,0.542,0.917,27.273,0.417,10.0,10,0.417,0.292,0.792,0.333,52.632,5.583,21.824,3.542,0.042,3.25,13.125,5.625,2.042
Luke McDonald,North Melbourne,19,19.89,23,7.778,65.565,63.565,0,0.0,0,0,81.739,9.0,7.913,16.913,75.835,66.667,86.264,53.213,2.0,2.565,299.87,17.73,2.0,8.457,3.696,4.576,5.0,11.957,16.957,29.487,3.783,3.783,0.174,0.174,0.739,0.913,3.739,0.304,0.13,0.783,0.087,0.826,0.609,0.217,0.0,0.0,0.0,,0.0,,2.565,0.043,1.087,28.0,0.435,30.0,0,0.0,0.261,0.261,0.348,0.0,2.87,11.244,0.522,0.174,3.13,13.0,8.739,2.043
Dayne Zorko,Brisbane,25,25.89,21,14.481,98.952,87.905,40,1.905,8,8,82.667,10.571,11.619,22.19,65.88,54.106,75.785,47.639,4.19,1.095,296.25,13.779,2.857,7.767,3.6,5.972,9.524,12.667,22.19,42.918,2.6,7.0,1.6,1.286,2.857,4.143,2.81,0.095,0.333,0.1,0.45,1.19,1.524,-0.333,0.05,0.051,0.095,100.0,0.1,100.0,5.476,1.15,0.05,100.0,0.45,11.111,18,0.857,0.762,1.95,0.619,41.026,5.9,31.635,1.35,1.714,2.238,24.6,10.05,0.6
Ryan Lester,Brisbane,22,22.34,14,10.221,78.643,78.143,0,0.0,0,0,73.071,8.286,10.571,18.857,71.97,56.897,83.784,43.939,3.143,1.357,227.214,12.049,1.857,10.154,2.571,7.333,7.929,10.786,18.714,42.366,1.5,4.857,0.5,1.5,2.5,4.0,3.5,0.214,0.143,0.286,0.429,1.357,0.357,1.0,0.143,0.147,1.429,100.0,0.571,40.0,4.643,0.714,0.071,0.0,0.643,22.222,3,0.214,0.071,0.5,0.714,42.857,3.643,19.101,1.143,0.429,1.214,17.5,7.929,0.571
James Aish,Brisbane,19,19.14,21,9.262,71.286,74.238,5,0.238,2,0,77.571,8.81,8.81,17.619,71.622,55.056,87.283,50.0,2.286,1.429,240.9,13.726,1.429,12.333,2.75,6.382,6.238,11.476,17.714,35.215,2.45,4.65,0.65,0.571,1.476,2.048,4.476,0.286,0.333,0.35,0.25,0.667,0.19,0.476,0.0,0.0,0.0,,0.0,,3.667,0.55,0.3,0.0,0.45,0.0,6,0.286,0.286,0.6,0.286,50.0,3.35,17.313,0.7,0.238,1.333,16.3,7.65,0.55
Luke Breust,Hawthorn,24,24.13,25,15.372,85.36,74.92,29,1.318,5,5,85.28,7.96,7.32,15.28,74.346,67.337,81.967,52.094,3.0,0.48,221.0,14.463,1.84,8.304,2.68,5.701,7.64,7.6,15.24,50.131,1.52,5.76,2.32,0.6,1.32,1.92,3.2,0.4,1.56,0.04,0.92,1.24,0.76,0.48,0.08,0.081,0.08,100.0,0.04,50.0,3.4,1.0,0.08,0.0,2.0,30.0,57,2.28,0.48,3.12,1.2,73.077,6.84,24.221,0.96,0.2,1.0,14.8,4.0,0.52
Taylor Duryea,Hawthorn,23,23.68,23,7.996,60.87,60.435,2,0.1,1,0,77.957,9.391,5.739,15.13,80.747,76.852,87.121,62.069,2.087,1.957,260.826,17.239,1.87,8.093,2.565,5.898,4.348,10.739,15.087,28.818,4.043,3.261,0.087,0.043,0.391,0.435,4.435,0.261,0.0,1.043,0.087,0.609,0.652,-0.043,0.0,0.0,0.043,,0.0,0.0,1.783,0.087,0.826,36.842,0.043,100.0,6,0.261,0.087,0.435,0.261,60.0,3.652,12.864,1.174,0.391,2.609,8.826,6.13,1.957
Jack Gunston,Hawthorn,23,23.2,23,12.983,90.087,82.783,29,1.45,6,6,88.391,10.348,5.739,16.087,74.595,69.328,84.091,64.324,2.217,0.435,217.13,13.497,1.783,9.024,2.0,8.043,6.261,9.957,16.217,38.606,1.913,4.13,1.957,0.13,0.522,0.652,5.957,0.957,2.217,0.435,1.652,0.87,0.652,0.217,0.0,0.0,0.043,,0.0,0.0,1.783,0.87,0.217,40.0,3.87,23.596,58,2.522,1.174,3.957,0.913,63.736,7.304,25.926,0.826,0.043,2.174,11.478,3.043,1.348
Bradley Hill,Hawthorn,21,21.47,22,11.255,78.091,75.773,12,0.632,2,2,82.727,11.636,8.773,20.409,74.165,68.359,81.865,57.016,3.864,1.818,370.455,18.151,2.273,8.98,3.136,6.507,4.773,15.591,20.364,23.438,1.864,4.045,0.818,0.045,0.864,0.909,4.0,0.045,0.273,0.091,0.409,0.182,0.5,-0.318,0.0,0.0,0.0,,0.0,,2.409,0.455,0.227,60.0,0.455,40.0,10,0.455,0.273,0.909,1.045,50.0,6.455,22.793,0.682,1.455,1.318,14.409,6.364,0.455
Jeremy Howe,Melbourne,24,24.5,22,11.336,85.409,73.909,19,0.864,4,2,92.636,11.091,6.045,17.136,80.637,77.869,85.714,64.721,1.5,3.091,258.5,15.085,1.5,11.424,2.455,6.981,6.136,10.5,16.636,36.885,5.682,3.864,0.409,0.091,0.273,0.364,5.773,1.545,0.318,2.091,0.273,0.591,0.455,0.136,0.0,0.0,0.045,,0.0,0.0,2.591,0.091,0.864,26.316,0.636,21.429,5,0.227,0.227,0.545,0.227,41.667,3.0,17.098,0.864,0.409,3.091,9.227,6.364,2.682
Tom McDonald,Melbourne,22,22.28,21,9.738,70.905,59.286,9,0.429,3,0,93.524,9.286,5.619,14.905,73.163,67.692,82.203,62.3,0.286,3.143,224.667,15.073,2.476,6.019,3.048,4.891,4.238,10.476,14.714,28.803,5.143,3.286,0.0,0.0,0.19,0.19,4.81,0.476,0.143,1.095,0.048,0.381,0.619,-0.238,0.095,0.098,0.0,0.0,0.0,,1.667,0.0,4.095,23.256,0.095,50.0,2,0.095,0.0,0.143,0.0,66.667,1.857,10.656,0.571,0.524,9.143,7.048,5.667,8.286
Rhys Stanley,St Kilda,24,24.08,19,8.705,70.947,67.842,7,0.368,1,2,87.316,6.789,4.421,11.211,74.648,72.093,78.571,60.563,2.368,0.263,168.316,15.014,2.316,4.841,2.158,5.195,5.0,6.579,11.579,43.182,0.684,2.632,0.684,0.368,0.316,0.684,6.368,1.632,1.263,0.105,2.0,0.526,1.0,-0.474,22.789,24.658,7.789,34.18,2.684,34.459,2.0,0.474,0.421,37.5,2.316,38.636,18,0.947,0.526,1.737,0.421,54.545,4.579,23.262,1.0,0.053,2.105,10.579,3.368,1.579
Jimmy Webster,St Kilda,21,21.5,11,7.955,66.0,53.818,0,0.0,0,0,80.0,8.455,6.545,15.0,74.545,65.591,86.111,56.364,1.0,4.0,248.455,16.564,2.0,7.5,3.091,4.853,4.545,10.273,14.818,30.675,3.636,3.909,0.091,0.182,0.455,0.636,3.0,0.0,0.091,0.273,0.0,0.364,0.818,-0.455,0.0,0.0,0.0,,0.0,,2.091,0.182,1.091,16.667,0.091,0.0,0,0.0,0.091,0.182,0.182,0.0,2.273,12.077,1.273,0.545,3.727,11.909,8.182,3.0
Jack Billings,St Kilda,19,19.36,16,7.156,61.062,66.938,6,0.375,1,1,77.188,9.312,5.25,14.562,69.099,67.114,72.619,63.948,2.938,0.75,233.938,16.064,1.188,12.263,2.688,5.419,4.375,10.062,14.438,30.303,1.312,3.062,0.875,0.125,0.25,0.375,4.75,0.188,0.875,0.062,0.75,1.062,0.0,1.062,0.0,0.0,0.0,,0.0,,1.75,0.625,0.188,0.0,0.688,9.091,14,0.875,0.938,2.062,0.75,42.424,4.562,23.397,0.312,0.25,0.75,12.312,3.375,0.562
Jamie Cripps,West Coast,22,22.69,19,8.411,60.789,61.842,0,0.0,0,0,82.368,7.158,4.211,11.368,60.648,52.381,73.418,62.963,2.368,0.211,218.833,19.215,1.789,6.353,2.5,4.556,4.526,6.842,11.368,39.815,1.111,3.556,2.056,0.316,0.526,0.842,3.0,0.158,0.789,0.056,0.5,0.421,0.632,-0.211,0.0,0.0,0.0,,0.0,,3.789,1.333,0.111,50.0,1.389,20.0,27,1.421,0.737,2.278,0.737,58.537,4.333,16.957,0.5,0.474,0.947,17.5,4.944,0.444
Jack Darling,West Coast,22,22.55,22,12.45,80.091,78.409,25,1.136,7,0,89.364,9.455,4.818,14.273,65.924,60.302,79.381,66.242,2.909,0.182,240.048,17.03,1.773,8.051,2.429,5.804,6.864,6.818,13.682,50.166,1.524,3.667,1.429,0.318,0.545,0.864,4.818,1.136,1.591,0.238,1.952,1.182,0.955,0.227,0.0,0.0,0.045,,0.0,0.0,3.909,1.286,0.19,0.0,3.286,28.986,39,1.773,1.318,3.286,0.591,55.072,6.905,27.938,0.81,0.5,1.682,13.0,3.667,0.762
Tom Campbell,Western Bulldogs,23,23.16,7,6.114,49.857,45.143,0,0.0,0,0,73.714,3.143,3.429,6.571,65.217,59.091,70.833,47.826,1.143,0.0,59.857,9.109,0.857,7.667,1.714,3.833,4.714,1.857,6.571,71.739,0.571,3.286,1.0,0.714,0.571,1.286,1.857,0.857,0.714,0.143,0.0,0.571,0.571,0.0,22.714,23.417,9.857,43.396,2.857,28.986,2.714,0.857,0.714,60.0,3.857,22.222,4,0.571,0.286,1.143,0.0,50.0,2.714,11.801,0.714,0.0,2.0,6.429,2.286,1.857
Tom Liberatore,Western Bulldogs,22,22.62,22,15.168,110.364,98.682,53,2.409,9,5,85.955,11.091,12.636,23.727,73.18,67.623,78.058,46.743,3.136,1.773,340.682,14.358,2.364,10.038,3.864,6.141,13.591,10.455,24.045,56.522,2.909,9.682,1.136,2.091,4.909,7.0,2.773,0.136,0.091,0.273,0.227,1.318,1.091,0.227,0.045,0.044,0.182,100.0,0.0,0.0,7.864,0.909,0.136,0.0,0.182,25.0,7,0.318,0.227,0.727,0.545,43.75,4.955,21.844,1.5,0.182,1.955,23.727,11.273,0.5
Jake Stringer,Western Bulldogs,20,20.68,18,10.283,69.278,58.611,23,1.278,4,0,83.667,7.389,4.833,12.222,70.909,60.902,86.207,60.455,1.889,1.167,210.833,17.25,1.611,7.586,2.611,4.681,6.167,6.222,12.389,49.776,2.667,4.5,1.778,0.056,0.5,0.556,3.056,0.667,1.278,0.222,1.056,0.722,0.722,0.0,0.278,0.268,0.0,0.0,0.0,,2.389,0.833,0.889,25.0,2.167,25.641,26,1.444,0.833,2.944,0.5,49.057,4.611,20.048,0.944,0.556,1.667,11.722,2.944,1.278
Jason Johannisen,Western Bulldogs,22,22.14,11,8.336,64.091,62.818,0,0.0,0,0,78.727,10.091,6.091,16.182,74.157,69.369,82.09,62.36,2.273,2.364,309.182,19.107,2.0,8.091,3.273,4.944,4.545,11.818,16.364,27.778,3.0,3.818,0.364,0.091,0.455,0.545,3.818,0.182,0.091,0.545,0.182,0.455,0.818,-0.364,0.0,0.0,0.0,,0.0,,2.364,0.0,0.545,50.0,0.091,0.0,2,0.182,0.364,0.636,0.273,28.571,3.818,17.355,0.636,0.545,1.636,10.091,6.364,0.909
Lachie Hunter,Western Bulldogs,20,20.04,14,6.886,60.071,62.857,0,0.0,0,0,74.429,9.0,5.143,14.143,63.636,55.556,77.778,63.636,2.786,0.714,234.929,16.611,1.714,8.25,2.571,5.5,5.5,8.357,13.857,39.691,1.286,3.929,1.214,0.429,1.143,1.571,3.643,0.429,0.857,0.143,0.643,0.786,0.5,0.286,0.0,0.0,0.0,,0.0,,2.643,0.643,0.143,0.0,0.429,0.0,9,0.643,0.929,1.857,0.714,34.615,4.571,20.779,0.857,0.429,0.5,11.071,3.429,0.286
Jack Macrae,Western Bulldogs,20,20.41,21,10.981,100.095,104.381,39,1.857,7,10,80.0,14.381,12.381,26.762,73.132,71.854,74.615,53.737,3.524,1.857,364.238,13.61,2.238,11.957,4.143,6.46,7.857,18.667,26.524,29.623,3.048,5.286,0.381,0.286,1.857,2.143,5.667,0.19,0.238,0.524,0.19,1.714,0.476,1.238,0.0,0.0,0.0,,0.0,,4.095,0.619,0.048,0.0,0.524,27.273,9,0.429,0.238,0.857,0.476,50.0,4.905,21.548,0.857,0.905,1.0,13.857,7.0,0.476
Josh Kelly,Greater Western Sydney,19,19.88,18,8.244,68.056,69.722,4,0.222,2,0,70.444,9.333,8.0,17.333,69.231,54.762,86.111,53.846,2.333,0.778,204.667,11.808,1.944,8.914,3.167,5.474,5.944,11.333,17.278,34.405,2.0,5.111,1.278,0.333,0.889,1.222,3.056,0.167,0.333,0.278,0.111,0.222,0.444,-0.222,0.0,0.0,0.056,,0.0,0.0,3.222,0.611,0.333,66.667,0.389,14.286,13,0.722,0.389,1.333,0.5,54.167,4.444,19.802,0.778,0.111,0.833,13.556,6.833,0.444
Liam Jones,Western Bulldogs,23,23.84,10,7.88,57.3,51.4,3,0.3,1,2,87.3,5.9,4.1,10.0,60.0,52.542,70.732,59.0,1.8,0.1,147.9,14.79,2.4,4.167,2.7,3.704,5.6,4.9,10.5,53.333,1.5,3.1,0.3,0.1,0.6,0.7,3.5,0.9,1.4,0.2,1.4,1.2,0.9,0.3,7.8,7.269,1.3,16.667,0.2,15.385,1.9,0.9,0.3,33.333,3.4,14.706,12,1.2,0.4,1.8,0.5,66.667,3.9,17.727,0.7,0.0,1.5,7.4,1.3,0.7
Rory Laird,Adelaide,21,21.0,16,6.719,59.125,61.062,2,0.125,1,0,75.375,7.875,8.062,15.938,75.294,67.46,82.946,49.412,2.125,1.312,188.688,11.839,1.938,8.226,3.0,5.312,5.062,11.062,16.125,31.395,3.375,4.438,0.5,0.25,0.562,0.812,4.062,0.062,0.062,0.625,0.25,0.5,0.5,0.0,0.0,0.0,0.0,,0.0,,2.312,0.25,1.062,35.294,0.188,0.0,2,0.125,0.125,0.312,0.125,40.0,3.438,12.673,0.75,0.125,1.562,12.0,6.875,0.938
Matt Crouch,Adelaide,19,19.69,8,7.162,59.25,65.75,1,0.125,1,0,52.375,7.875,8.625,16.5,75.0,57.143,91.304,47.727,1.25,1.625,167.75,10.167,1.125,14.667,2.25,7.333,5.375,11.25,16.625,32.331,1.75,3.625,0.375,0.5,1.375,1.875,3.25,0.125,0.25,0.125,0.125,0.75,0.375,0.375,0.0,0.0,0.0,,0.0,,3.25,0.625,0.375,66.667,0.125,0.0,3,0.375,0.25,0.75,0.125,50.0,3.625,12.664,0.75,0.125,0.75,15.25,6.75,0.375
Lachlan Keeffe,Collingwood,24,24.71,18,8.35,61.556,46.944,0,0.0,0,0,91.611,8.111,3.889,12.0,83.333,81.159,88.235,67.593,0.667,2.111,208.941,17.243,1.778,6.75,2.176,5.568,3.611,8.0,11.611,31.1,4.353,2.882,0.0,0.056,0.056,0.111,3.944,0.222,0.0,0.882,0.059,0.389,0.722,-0.333,0.176,0.198,0.0,0.0,0.0,,1.111,0.059,2.529,23.256,0.059,0.0,1,0.056,0.0,0.059,0.0,100.0,2.765,11.692,1.529,0.167,5.667,8.0,6.176,5.0
Will Hoskin-Elliott,Greater Western Sydney,21,21.32,20,9.715,67.15,67.85,10,0.5,2,2,78.25,9.35,3.75,13.1,65.649,60.963,77.333,71.374,3.3,0.3,275.35,21.019,1.55,8.452,2.75,4.764,5.05,8.25,13.3,37.97,2.0,3.6,1.05,0.25,0.65,0.9,4.8,0.6,1.25,0.35,0.95,0.75,0.55,0.2,0.0,0.0,0.0,,0.0,,2.5,0.45,0.2,25.0,1.15,30.435,26,1.3,1.0,2.65,0.6,49.057,5.25,23.179,1.2,0.55,1.45,10.5,4.65,1.1
Jack Viney,Melbourne,20,20.71,20,8.185,74.35,74.8,2,0.1,2,0,77.6,9.3,10.5,19.8,66.414,53.763,77.619,46.97,2.15,1.05,245.0,12.374,2.4,8.25,3.25,6.092,8.7,11.4,20.1,43.284,2.15,6.45,0.55,0.85,2.15,3.0,2.8,0.1,0.2,0.25,0.35,1.25,1.0,0.25,0.0,0.0,0.0,,0.0,,4.35,0.4,0.35,57.143,0.2,0.0,5,0.25,0.35,0.8,0.2,31.25,3.4,19.155,0.8,0.25,0.85,19.6,9.85,0.2
Jake Melksham,Essendon,23,23.33,16,8.412,57.062,61.688,0,0.0,0,0,74.0,7.812,7.75,15.562,70.281,59.2,81.452,50.201,2.812,0.75,202.812,13.032,2.312,6.73,2.938,5.298,5.938,9.875,15.812,37.549,1.562,3.938,0.5,0.25,1.5,1.75,3.812,0.188,0.625,0.188,0.75,0.688,0.75,-0.062,0.0,0.0,0.125,,0.0,0.0,2.375,0.5,0.312,40.0,0.938,13.333,8,0.5,0.25,1.0,0.438,50.0,3.812,16.398,0.5,0.062,1.562,12.75,5.5,0.75
Patrick Cripps,Carlton,19,19.78,3,2.933,39.333,36.333,0,0.0,0,0,51.667,3.333,5.667,9.0,55.556,40.0,64.706,37.037,1.0,0.667,86.333,9.593,1.333,6.75,1.333,6.75,4.333,5.0,9.333,46.429,1.0,3.0,0.667,0.0,0.333,0.333,1.667,0.0,0.0,0.0,0.333,0.667,1.0,-0.333,0.0,0.0,0.0,,0.0,,3.0,0.667,0.333,0.0,1.333,25.0,0,0.0,0.333,0.333,0.0,0.0,2.333,9.722,0.0,1.333,2.0,10.0,3.333,0.667
Adam Tomlinson,Greater Western Sydney,21,21.39,19,6.379,69.158,73.474,1,0.053,1,0,89.263,9.526,6.632,16.158,80.13,76.796,84.921,58.958,1.0,1.368,159.632,9.879,1.632,9.903,2.263,7.14,3.895,12.316,16.211,24.026,2.579,3.053,0.158,0.316,0.316,0.632,6.684,0.368,0.632,0.579,1.0,0.421,0.684,-0.263,2.0,2.125,0.474,23.684,0.263,55.556,2.474,0.579,0.789,40.0,0.895,17.647,8,0.421,0.316,0.789,0.316,53.333,3.842,17.217,0.684,0.211,1.632,11.579,5.316,0.895
Darcy Gardiner,Brisbane,19,19.27,17,6.424,55.176,44.882,0,0.0,0,0,82.059,5.412,5.882,11.294,76.562,70.732,81.915,47.917,0.706,1.941,111.188,10.108,1.647,6.857,1.25,8.8,3.824,7.412,11.235,34.031,3.938,2.875,0.0,0.059,0.294,0.353,3.588,0.118,0.059,0.625,0.062,0.706,0.882,-0.176,0.0,0.0,0.059,,0.062,100.0,1.824,0.125,1.625,19.231,0.062,0.0,2,0.118,0.0,0.125,0.235,50.0,2.062,10.891,0.75,0.059,4.824,7.875,6.188,3.938
Jake Lloyd,Sydney,21,21.27,21,7.352,60.19,63.333,0,0.0,0,0,66.619,7.762,7.476,15.238,77.5,69.325,85.987,50.938,2.19,0.905,207.952,13.647,1.429,10.667,2.19,6.957,4.714,10.714,15.429,30.556,2.095,4.19,0.619,0.19,0.476,0.667,4.286,0.095,0.286,0.286,0.381,0.286,0.476,-0.19,0.0,0.0,0.0,,0.0,,2.714,0.619,0.19,50.0,0.095,0.0,8,0.381,0.238,0.81,0.429,47.059,4.095,14.676,0.762,0.095,0.905,14.0,5.095,0.286
Zac Williams,Greater Western Sydney,20,20.27,8,8.463,64.875,57.5,0,0.0,0,0,77.875,7.875,6.5,14.375,83.478,74.603,94.231,54.783,1.875,2.25,238.25,16.574,1.25,11.5,2.125,6.765,3.75,10.25,14.0,26.786,3.5,3.125,0.125,0.25,0.375,0.625,3.5,0.25,0.375,0.75,0.375,0.25,0.75,-0.5,0.0,0.0,0.0,,0.0,,2.625,0.0,0.625,80.0,0.125,0.0,2,0.25,0.375,0.625,0.125,40.0,3.375,14.754,1.0,0.75,1.375,10.375,7.625,1.0
Marcus Bontempelli,Western Bulldogs,19,19.1,16,11.7,78.562,69.188,10,0.625,2,4,76.812,8.312,7.562,15.875,67.323,57.895,77.686,52.362,4.188,1.062,296.562,18.681,1.625,9.769,2.75,5.773,7.5,8.75,16.25,46.154,2.0,5.688,1.125,0.562,1.625,2.188,2.938,0.75,0.812,0.375,0.125,0.312,0.312,0.0,0.062,0.061,0.938,100.0,0.312,33.333,3.438,0.688,0.0,,1.125,50.0,15,0.938,0.625,1.688,0.312,55.556,4.562,19.519,1.0,0.312,2.062,16.312,6.625,0.938
Jeremy McGovern,West Coast,22,22.71,13,12.138,82.462,65.385,4,0.308,3,0,82.769,8.769,3.538,12.308,80.0,76.316,89.13,71.25,2.0,1.154,234.462,19.05,1.231,10.0,2.077,5.926,5.692,6.769,12.462,45.679,4.231,2.385,0.231,0.0,0.077,0.077,6.462,2.308,1.462,2.077,1.0,0.692,0.385,0.308,2.154,2.131,1.077,50.0,0.154,14.286,1.385,0.231,1.615,23.81,2.0,38.462,13,1.0,0.462,1.538,0.231,65.0,4.923,19.394,1.308,0.0,3.923,8.846,3.769,2.615
Christian Salem,Melbourne,19,19.46,12,3.958,34.417,34.167,0,0.0,0,0,55.333,4.75,2.0,6.75,60.494,57.895,66.667,70.37,1.333,0.417,121.833,18.049,1.167,5.786,1.917,3.522,2.083,4.833,6.917,30.12,0.417,1.667,1.083,0.0,0.167,0.167,2.0,0.0,0.333,0.0,0.25,0.333,0.417,-0.083,0.0,0.0,0.0,,0.0,,1.833,0.5,0.0,,1.25,20.0,6,0.5,0.5,1.083,0.333,46.154,2.417,14.146,0.167,0.0,1.0,10.333,3.0,0.333
Sam Docherty,Carlton,21,21.2,16,9.881,76.812,78.75,0,0.0,0,0,84.688,12.938,5.625,18.562,71.38,66.184,83.333,69.697,2.188,2.625,295.5,15.919,2.125,8.735,3.125,5.94,5.625,12.688,18.312,30.717,4.375,3.875,0.375,0.125,1.438,1.562,5.125,0.312,0.312,0.812,0.125,0.938,0.5,0.438,0.0,0.0,0.0,,0.0,,2.688,0.25,0.5,25.0,0.438,28.571,7,0.438,0.5,1.062,0.438,41.176,4.562,19.891,1.125,0.562,2.25,12.125,6.062,1.562
Blake Acres,St Kilda,19,19.23,3,8.633,51.333,37.0,0,0.0,0,0,50.0,3.667,5.0,8.667,69.231,54.545,80.0,42.308,0.667,1.0,97.0,11.192,0.667,13.0,2.0,4.333,6.0,3.667,9.667,62.069,1.667,5.0,1.333,0.333,1.667,2.0,1.0,0.0,0.0,0.333,0.333,0.333,0.0,0.333,0.0,0.0,0.0,,0.0,,2.667,0.333,0.0,,1.0,33.333,1,0.333,0.0,0.667,0.0,50.0,2.0,10.714,0.667,0.0,1.333,15.333,7.0,0.0
Aidan Corr,Greater Western Sydney,20,20.62,4,5.8,38.25,36.0,0,0.0,0,0,79.5,4.5,2.75,7.25,82.759,77.778,90.909,62.069,0.5,1.25,115.0,15.862,1.0,7.25,1.5,4.833,2.5,4.5,7.0,35.714,2.75,2.0,0.0,0.0,0.25,0.25,2.25,0.25,0.0,0.25,0.0,0.0,0.25,-0.25,0.0,0.0,0.0,,0.0,,2.75,0.0,2.25,22.222,0.0,,0,0.0,0.0,0.0,0.0,,1.25,6.579,0.75,0.0,3.25,11.25,8.75,2.0
Taylor Walker,Adelaide,24,24.68,15,11.847,80.067,73.267,18,1.2,3,5,91.8,9.2,5.467,14.667,64.545,60.145,71.951,62.727,3.333,0.0,274.333,18.705,3.133,4.681,4.133,3.548,6.8,8.0,14.8,45.946,1.267,4.333,2.2,0.0,0.0,0.0,5.6,1.533,2.067,0.2,2.467,0.667,1.4,-0.733,0.0,0.0,0.0,,0.0,,1.6,0.867,0.067,100.0,5.2,35.897,34,2.267,1.467,4.0,1.133,56.667,7.933,28.469,0.6,0.0,1.333,11.4,2.0,0.8
Charlie Cameron,Adelaide,20,20.49,7,6.557,56.0,48.857,0,0.0,0,0,78.143,5.143,3.714,8.857,58.065,44.444,76.923,58.065,1.429,0.286,122.429,13.823,1.429,6.2,2.0,4.429,4.571,5.0,9.571,47.761,1.0,3.714,2.143,0.0,0.143,0.143,1.571,0.0,1.143,0.0,0.143,0.571,0.714,-0.143,0.0,0.0,0.0,,0.0,,3.429,1.571,0.143,0.0,1.714,16.667,9,1.286,1.429,3.286,0.429,39.13,4.714,17.188,0.0,0.429,1.0,14.714,2.857,0.429
Max Gawn,Melbourne,23,23.0,9,6.911,63.222,58.333,0,0.0,0,0,71.667,4.333,6.222,10.556,77.895,61.538,89.286,41.053,0.889,0.333,61.111,5.789,1.444,7.308,1.556,6.786,5.333,5.222,10.556,50.526,2.0,3.0,0.778,0.111,0.444,0.556,4.222,1.889,0.444,1.0,0.222,0.333,1.0,-0.667,30.667,32.394,14.778,48.188,4.0,27.068,1.222,0.111,0.333,0.0,3.667,33.333,4,0.444,0.556,1.0,0.333,44.444,3.444,19.018,1.333,0.0,1.333,7.333,3.222,1.222
Jed Bews,Geelong,21,21.04,7,5.171,38.0,42.286,0,0.0,0,0,78.286,4.286,4.286,8.571,80.0,76.667,83.333,50.0,1.0,1.286,128.714,15.017,0.857,10.0,1.571,5.455,2.714,6.0,8.714,31.148,2.0,2.571,0.0,0.0,0.0,0.0,2.429,0.143,0.0,0.0,0.0,0.143,0.286,-0.143,0.0,0.0,0.0,,0.0,,3.571,0.0,1.0,42.857,0.286,0.0,0,0.0,0.0,0.0,0.0,,1.857,8.125,0.857,0.143,1.0,10.571,7.286,0.714
Alex Sexton,Gold Coast,21,21.07,14,5.7,40.571,35.714,0,0.0,0,0,70.071,5.214,3.429,8.643,66.942,67.123,66.667,60.331,2.357,0.429,189.929,21.975,1.714,5.042,2.357,3.667,3.357,5.5,8.857,37.903,1.286,2.786,0.643,0.286,0.571,0.857,1.786,0.143,0.286,0.214,0.286,0.143,0.929,-0.786,0.0,0.0,0.0,,0.0,,1.857,0.143,0.286,0.0,0.786,18.182,6,0.429,0.5,1.071,0.429,40.0,3.214,13.889,0.5,0.571,1.429,9.857,4.286,0.571
Zac O'Brien,Brisbane,24,24.17,5,6.22,61.0,56.6,0,0.0,0,0,52.6,6.2,9.2,15.4,74.026,74.194,73.913,40.26,1.0,2.4,155.8,10.117,2.6,5.923,2.6,5.923,7.2,9.2,16.4,43.902,2.2,5.2,0.4,0.2,1.6,1.8,2.6,0.0,0.0,0.0,0.0,1.4,1.2,0.2,0.0,0.0,0.0,,0.0,,3.2,0.0,0.0,,0.4,0.0,1,0.2,0.0,0.4,0.2,50.0,2.8,13.861,0.8,0.4,0.8,10.2,5.6,0.0
Rory Lobb,Greater Western Sydney,21,21.89,2,5.6,41.0,39.0,0,0.0,0,0,83.5,3.0,3.5,6.5,92.308,83.333,100.0,46.154,0.0,0.0,55.0,8.462,0.5,13.0,1.0,6.5,3.5,3.5,7.0,50.0,0.5,1.5,0.0,0.0,0.0,0.0,2.5,0.5,0.5,0.0,0.5,1.0,0.0,1.0,8.5,9.659,1.5,17.647,0.0,0.0,2.5,0.5,0.0,,2.5,20.0,1,0.5,0.0,0.5,0.0,100.0,2.5,13.889,0.0,0.0,4.5,11.5,3.5,2.5
Zak Jones,Sydney,19,19.79,4,4.3,34.0,27.75,0,0.0,0,0,39.5,2.75,4.5,7.25,79.31,63.636,88.889,37.931,0.5,0.25,91.0,12.552,0.75,9.667,1.5,4.833,3.0,4.25,7.25,41.379,0.75,2.5,0.25,0.0,1.0,1.0,0.75,0.0,0.0,0.0,0.25,0.5,0.25,0.25,0.0,0.0,0.0,,0.0,,1.75,0.0,0.0,,0.0,,1,0.25,0.0,0.25,0.0,100.0,2.0,8.247,0.5,0.0,1.25,6.75,4.75,1.25
Daniel McStay,Brisbane,19,19.52,9,7.989,54.333,51.222,1,0.111,1,0,84.0,5.556,6.333,11.889,81.308,72.727,85.714,46.729,0.667,2.0,149.0,12.817,1.444,8.231,1.5,7.75,3.444,8.556,12.0,28.704,2.625,2.5,0.125,0.0,0.111,0.111,4.667,0.778,0.556,0.5,0.375,0.111,0.444,-0.333,0.0,0.0,0.0,,0.0,,1.111,0.0,0.875,28.571,0.875,14.286,7,0.778,0.0,0.875,0.0,85.714,2.5,12.195,0.5,0.222,2.333,8.0,5.875,1.5
Jack Crisp,Brisbane,21,21.24,6,11.633,85.667,84.5,0,0.0,0,0,80.833,10.5,8.333,18.833,66.372,64.706,70.0,55.752,4.333,1.5,322.0,17.692,2.167,8.692,4.0,4.55,7.167,12.0,19.167,37.391,2.2,4.4,2.0,0.667,1.5,2.167,5.833,0.833,0.833,0.8,1.0,0.667,0.167,0.5,0.0,0.0,0.333,,0.4,100.0,2.833,1.6,0.6,0.0,0.4,100.0,6,1.0,1.0,2.2,0.667,45.455,4.8,22.642,1.4,1.0,1.833,14.2,4.0,0.8
Tim Membrey,Sydney,20,20.6,1,2.7,40.0,40.0,0,0.0,0,0,56.0,5.0,4.0,9.0,88.889,80.0,100.0,55.556,0.0,0.0,56.0,6.222,0.0,,0.0,,3.0,6.0,9.0,33.333,0.0,2.0,2.0,0.0,0.0,0.0,4.0,0.0,0.0,0.0,1.0,1.0,0.0,1.0,0.0,0.0,0.0,,0.0,,1.0,1.0,0.0,,1.0,0.0,0,0.0,0.0,0.0,0.0,,2.0,8.333,0.0,0.0,1.0,12.0,3.0,1.0
Orazio Fantasia,Essendon,19,19.29,3,4.033,31.333,27.667,0,0.0,0,0,53.667,3.0,5.667,8.667,69.231,55.556,76.471,34.615,1.667,0.667,97.0,11.192,1.667,5.2,2.0,4.333,4.333,5.667,10.0,43.333,0.667,3.667,1.0,0.0,1.0,1.0,2.667,0.0,0.0,0.0,0.0,0.333,1.0,-0.667,0.0,0.0,0.0,,0.0,,0.333,0.333,0.0,,0.0,,0,0.0,0.667,0.667,0.0,0.0,2.333,9.333,0.333,0.667,1.0,11.0,4.333,0.0
Nick Holman,Carlton,19,19.59,1,-0.1,19.0,40.0,0,0.0,0,0,75.0,5.0,3.0,8.0,37.5,20.0,66.667,62.5,2.0,1.0,159.0,19.875,3.0,2.667,3.0,2.667,2.0,6.0,8.0,25.0,0.0,2.0,0.0,0.0,0.0,0.0,2.0,0.0,0.0,0.0,0.0,0.0,1.0,-1.0,0.0,0.0,0.0,,0.0,,4.0,0.0,0.0,,0.0,,0,0.0,0.0,0.0,0.0,,0.0,0.0,0.0,0.0,2.0,14.0,8.0,2.0
Mason Wood,North Melbourne,21,21.29,1,15.0,65.0,63.0,0,0.0,0,0,90.0,6.0,1.0,7.0,85.714,83.333,100.0,85.714,2.0,0.0,216.0,30.857,0.0,,0.0,,2.0,4.0,6.0,33.333,0.0,1.0,0.0,0.0,0.0,0.0,4.0,1.0,3.0,0.0,1.0,0.0,0.0,0.0,0.0,0.0,0.0,,0.0,,3.0,1.0,0.0,,0.0,,3,3.0,1.0,4.0,0.0,75.0,6.0,21.429,0.0,0.0,1.0,11.0,2.0,1.0
