Player,Team,Age,Age_Decimal,Position,Matches,RatingPoints_Avg,Supercoach_Avg,DreamTeamPoints_Avg,CoachesVotes_Total,CoachesVotes_Avg,CoachesVotes_MatchesPolled,BnFVotes_Total,TimeOnGround,Kicks,Handballs,Disposals,DisposalEfficiency,KickingEfficiency,HandballEfficiency,KickPercentage,Inside50s,Rebound50s,MetresGained,MetresGainedPerDisposal,Clangers,DisposalsPerClanger,Turnovers,DisposalsPerTurnover,xThreatPerKick,ThreatRating,xRetainPerKick,RetentionRating,ContestedPossessions,UncontestedPossessions,TotalPossessions,ContestedPossessionRate,Intercepts,GroundBallGets,GroundBallGetsForward50,HardBallGets,LooseBallGets,PostClearanceContestedPossessions,PostClearanceGroundBallGets,GathersFromHitout,CrumbingPossessions,HandballReceives,CentreBounceAttendances,CentreBounceAttendancePercentage,CentreClearances,CentreClearanceRate,StoppageClearances,TotalClearances,FirstPossessions,FirstPossessionToClearance,Marks,ContestedMarks,MarksInside50,InterceptMarks,MarksOnLead,FreesFor,FreesAgainst,FreesDiff,RuckContests,RuckContestPercentage,Hitouts,HitoutsWinPercentage,HitoutsToAdvantage,HitoutsToAdvantagePercentage,RuckHardBallGets,Tackles,TacklesInside50,ContestDefensiveOneOnOnes,ContestDefensiveLossPercentage,ContestOffensiveOneOnOnes,ContestOffensiveWinPercentage,Goals_Total,Goals_Avg,Behinds,ShotsAtGoal,GoalAssists,GoalAccuracy,ScoreInvolvements,ScoreInvolvementPercentage,ScoreLaunches,xScoreShots,xScorePerShot,xScoreRatingPerShot,xScoreShots_Set,xScorePerShot_Set,xScoreRatingPerShot_Set,xScoreShots_General,xScorePerShot_General,xScoreRatingPerShot_General,KickIns,KickInPercentage,KickInsPlayOnPercentage,Bounces,OnePercenters,PressureActs,PressureActsDefensiveHalf,Spoils
Lochie O'Brien,Carlton,22,22.28,Midfielder,5,8.1,64.6,63.0,0,0.0,0,0,80.6,9.8,6.2,16.0,76.25,73.469,80.645,61.25,3.4,1.6,290.4,18.15,1.8,8.889,3.6,4.444,24.238,9.095,53.188,15.701,4.6,11.4,16.0,28.75,3.2,3.8,0.4,0.6,3.2,3.8,3.2,0.0,1.8,6.6,0.0,0.0,0.2,,0.4,0.6,0.2,100.0,4.0,0.0,0.0,0.6,0.2,0.8,0.2,0.6,0.0,0.0,0.0,,0.0,,0.0,1.8,0.0,0.2,0.0,0.2,100.0,1,0.2,0.6,0.8,0.8,25.0,4.4,21.154,0.4,4,3.287,-1.037,0,,,4,3.287,-1.037,0.0,0.0,,0.6,1.0,15.0,9.2,0.6
Marc Murphy,Carlton,34,34.45,Gen. Forward,15,7.16,49.933,52.133,0,0.0,0,0,59.133,7.667,5.067,12.733,67.539,65.217,71.053,60.209,2.133,0.533,195.467,15.351,1.4,9.095,2.133,5.969,28.779,9.931,51.792,7.348,3.733,9.133,12.867,29.016,1.4,2.933,0.4,1.0,1.933,2.2,1.6,0.133,0.533,5.0,0.733,2.6,0.267,36.364,0.867,1.133,0.733,63.636,3.133,0.0,0.333,0.133,0.2,0.533,0.267,0.267,0.0,0.0,0.0,,0.0,,0.0,1.6,0.067,0.0,,0.533,12.5,8,0.533,0.267,0.8,0.4,66.667,3.867,17.262,0.6,12,2.889,1.444,4,3.091,1.659,8,2.788,1.337,0.0,0.0,,0.067,0.4,10.933,4.333,0.2
Ed Curnow,Carlton,32,32.14,Midfielder,22,10.091,86.136,88.864,15,0.682,3,4,83.455,14.455,8.091,22.545,66.532,55.346,86.517,64.113,4.318,1.318,356.318,15.804,3.136,7.188,4.455,5.061,26.182,0.437,51.596,-3.035,7.636,14.409,22.045,34.639,2.364,6.045,0.545,2.5,3.545,3.364,2.818,0.864,1.227,8.136,13.955,49.838,0.864,6.189,2.227,3.091,3.636,75.0,4.818,0.091,0.273,0.045,0.545,0.591,1.045,-0.455,0.091,0.106,0.0,0.0,0.0,,0.0,3.636,0.591,0.227,80.0,0.273,33.333,10,0.455,0.136,0.636,0.727,71.429,5.136,22.782,0.818,14,2.979,1.521,6,3.023,1.31,8,2.947,1.678,0.0,0.0,,0.136,0.955,15.273,7.091,0.273
Levi Casboult,Carlton,31,31.79,Key Forward,13,4.185,49.692,48.615,0,0.0,0,0,80.154,5.923,2.615,8.538,54.054,44.156,76.471,69.369,1.154,0.077,126.462,14.811,3.154,2.707,3.077,2.775,27.702,7.592,49.95,-6.812,4.769,4.154,8.923,53.448,0.692,1.692,0.462,1.077,0.615,3.692,1.385,0.0,0.308,1.385,4.308,14.737,0.308,7.143,0.462,0.769,1.231,75.0,3.615,1.308,1.077,0.154,0.923,0.846,1.308,-0.462,15.846,17.728,6.077,38.35,1.923,31.646,0.615,1.923,0.385,0.308,50.0,3.385,27.273,8,0.615,0.385,1.538,0.231,40.0,3.615,15.563,0.462,20,3.253,-0.603,16,3.486,-0.611,4,2.324,-0.574,0.0,0.0,,0.0,2.0,8.077,2.923,1.385
Jack Newnes,Carlton,28,28.84,Midfielder,19,7.205,66.526,65.474,0,0.0,0,0,75.737,9.895,6.526,16.421,75.0,65.957,88.71,60.256,2.158,1.474,257.579,15.686,2.211,7.429,3.105,5.288,24.355,0.344,58.656,2.79,5.158,11.158,16.316,31.613,2.684,3.737,0.263,0.842,2.895,3.579,2.526,0.211,0.789,5.211,0.0,0.0,0.053,,1.316,1.368,0.947,77.778,4.895,0.158,0.368,0.737,0.368,1.053,0.632,0.421,0.0,0.0,0.0,,0.0,,0.0,1.789,0.211,0.421,12.5,0.211,50.0,4,0.211,0.474,0.842,0.105,25.0,4.0,17.512,0.842,16,2.994,-0.931,6,3.6,-0.934,10,2.63,-0.93,0.053,0.481,100.0,0.526,1.421,9.579,5.0,0.737
Lachie Plowman,Carlton,27,27.3,Gen. Defender,19,7.011,53.684,48.105,0,0.0,0,0,90.158,8.421,3.105,11.526,80.365,78.75,84.746,73.059,0.474,2.053,166.421,14.438,1.947,5.919,1.684,6.844,17.583,-3.204,70.85,1.699,3.368,7.263,10.632,31.683,4.632,2.053,0.0,0.421,1.632,3.053,1.842,0.0,0.632,2.316,0.0,0.0,0.0,,0.105,0.105,0.263,40.0,4.474,0.421,0.0,1.316,0.053,0.737,0.684,0.053,0.0,0.0,0.0,,0.0,,0.0,1.053,0.0,2.684,21.569,0.053,100.0,1,0.053,0.0,0.053,0.0,100.0,1.632,7.226,0.842,1,1.604,4.396,1,1.604,4.396,0,,,1.421,12.558,62.963,0.105,4.684,7.474,6.105,3.737
Michael Gibbons,Carlton,26,26.63,Gen. Forward,11,9.355,64.545,61.455,0,0.0,0,0,71.727,8.909,5.273,14.182,68.59,56.122,89.655,62.821,2.909,0.727,253.727,17.891,2.182,6.5,2.818,5.032,28.762,-2.735,48.305,1.01,5.273,9.182,14.455,36.478,0.727,3.636,1.364,1.182,2.455,3.0,2.273,0.818,1.545,4.727,0.0,0.0,0.182,,1.727,1.909,1.273,78.571,3.545,0.091,0.636,0.091,0.636,0.545,0.545,0.0,0.0,0.0,0.0,,0.0,,0.0,2.455,0.636,0.091,100.0,0.727,0.0,8,0.727,0.455,1.545,0.545,47.059,5.091,21.293,0.727,17,2.762,0.355,7,3.177,0.394,10,2.472,0.328,0.0,0.0,,0.273,1.455,14.818,3.545,0.455
Sam Petrevski-Seton,Carlton,23,23.86,Gen. Defender,14,6.643,58.714,56.929,0,0.0,0,0,62.5,9.571,4.571,14.143,75.758,70.896,85.938,67.677,1.0,1.714,187.857,13.283,2.071,6.828,1.929,7.333,21.821,10.719,64.4,9.41,4.357,9.429,13.786,31.606,3.286,3.571,0.286,1.214,2.357,3.286,2.857,0.286,1.0,4.786,1.571,5.528,0.143,9.091,0.571,0.714,0.714,70.0,4.0,0.357,0.286,0.643,0.143,0.5,0.5,0.0,0.0,0.0,0.0,,0.0,,0.0,1.857,0.214,0.429,33.333,0.143,50.0,1,0.071,0.214,0.357,0.143,20.0,3.857,16.314,1.071,5,3.542,-1.742,3,3.143,-2.477,2,4.141,-0.641,0.357,3.226,80.0,0.143,1.286,12.143,7.0,0.714
Thomas Williamson,Carlton,23,23.05,Gen. Defender,11,4.7,44.818,47.0,0,0.0,0,0,79.273,7.545,3.727,11.273,73.387,67.47,85.366,66.935,1.727,1.909,231.0,20.492,1.818,6.2,2.091,5.391,20.025,1.597,54.759,6.051,2.727,8.636,11.364,24.0,2.818,2.364,0.091,0.273,2.091,2.273,1.909,0.0,0.818,4.364,0.0,0.0,0.0,,0.455,0.455,0.182,100.0,3.909,0.091,0.273,0.636,0.0,0.182,0.727,-0.545,0.0,0.0,0.0,,0.0,,0.0,1.455,0.091,0.455,40.0,0.273,0.0,2,0.182,0.273,0.545,0.182,33.333,3.0,14.103,1.0,6,3.411,-0.911,4,3.296,-0.046,2,3.639,-2.639,0.364,3.252,50.0,0.091,1.818,11.455,8.182,1.091
Jack Riewoldt,Richmond,33,33.16,Key Forward,22,10.205,69.955,64.318,30,1.364,5,8,93.318,8.5,2.409,10.909,55.417,53.476,62.264,77.917,2.318,0.045,247.364,22.675,2.955,3.692,2.955,3.692,36.987,-2.372,48.789,2.493,4.682,5.909,10.591,44.206,1.182,2.409,1.182,1.091,1.318,4.182,2.182,0.0,0.818,1.409,0.0,0.0,0.0,,0.227,0.227,0.364,50.0,4.864,1.227,3.091,0.045,2.045,0.545,1.091,-0.545,0.727,0.918,0.0,0.0,0.0,,0.091,1.727,0.818,0.045,100.0,4.045,23.596,51,2.318,1.318,4.182,0.773,55.435,6.0,27.615,0.682,92,3.229,0.413,74,3.255,0.407,18,3.12,0.435,0.0,0.0,,0.091,1.545,9.909,1.545,0.773
Shane Edwards,Richmond,33,33.18,Midfielder,16,12.363,73.938,65.0,5,0.312,1,0,78.625,9.312,9.062,18.375,70.748,62.416,79.31,50.68,2.562,1.75,301.062,16.384,2.688,6.837,3.0,6.125,26.855,5.041,54.169,7.038,7.062,10.938,18.0,39.236,2.812,4.938,0.562,1.0,3.938,3.375,3.062,1.062,1.562,7.0,12.688,49.755,1.562,12.315,1.438,3.0,3.438,72.727,2.938,0.125,0.375,0.375,0.062,0.375,0.812,-0.438,0.0,0.0,0.0,,0.0,,0.0,2.25,0.125,0.125,0.0,0.062,0.0,8,0.5,0.188,0.938,0.438,53.333,4.688,21.676,1.375,15,2.905,0.495,6,3.3,1.866,9,2.641,-0.419,0.125,1.198,100.0,0.25,1.75,14.312,7.688,0.5
Dylan Grimes,Richmond,30,30.46,Key Defender,21,8.881,71.476,58.857,5,0.238,3,1,87.762,7.571,6.048,13.619,82.168,77.987,87.402,55.594,0.714,2.238,165.19,12.129,2.429,5.608,2.19,6.217,19.034,-2.142,69.599,-4.734,5.81,7.667,13.476,43.11,7.571,3.524,0.0,1.048,2.476,5.429,3.19,0.0,0.952,2.476,0.0,0.0,0.0,,0.286,0.286,0.333,100.0,5.619,1.048,0.0,2.524,0.048,1.095,0.952,0.143,0.048,0.06,0.0,0.0,0.0,,0.0,2.238,0.0,2.714,24.561,0.048,0.0,0,0.0,0.0,0.0,0.095,,1.905,8.696,1.095,0,,,0,,,0,,,0.333,3.241,57.143,0.0,5.762,8.429,6.905,4.476
Kane Lambert,Richmond,30,30.09,Gen. Forward,13,8.831,76.308,77.154,17,1.308,4,3,79.846,10.538,10.077,20.615,68.284,59.124,77.863,51.119,3.385,0.923,265.538,12.881,3.231,6.381,3.769,5.469,30.378,7.717,57.923,3.982,5.538,14.385,19.923,27.799,2.0,4.769,1.077,1.462,3.308,3.846,3.538,0.154,1.538,8.0,2.0,7.903,0.231,11.538,0.692,0.923,1.538,60.0,4.154,0.077,0.615,0.154,0.154,0.538,1.0,-0.462,0.0,0.0,0.0,,0.0,,0.0,3.077,0.769,0.0,,0.308,25.0,6,0.462,0.308,1.385,0.769,33.333,6.231,28.223,0.846,18,3.286,-1.064,6,3.532,-2.365,12,3.164,-0.414,0.0,0.0,,0.0,1.538,15.923,5.462,0.385
David Astbury,Richmond,30,30.84,Key Defender,17,6.694,62.588,57.0,0,0.0,0,1,90.176,8.0,5.706,13.706,83.691,84.559,82.474,58.369,0.647,2.471,177.353,12.94,1.706,8.034,2.294,5.974,18.59,0.813,68.481,-2.063,4.059,9.294,13.353,30.396,5.059,2.529,0.0,0.471,2.059,3.588,2.176,0.0,0.588,3.647,0.412,1.566,0.059,14.286,0.353,0.412,0.412,100.0,5.471,0.647,0.0,1.882,0.059,0.824,0.647,0.176,2.294,2.887,0.882,38.462,0.0,0.0,0.118,1.353,0.0,2.529,27.907,0.118,0.0,0,0.0,0.0,0.0,0.118,,1.941,8.824,0.824,0,,,0,,,0,,,0.294,2.778,60.0,0.059,3.882,6.353,4.706,3.294
Josh Caddy,Richmond,29,29.25,Midfielder,9,4.656,49.444,50.889,0,0.0,0,0,52.556,7.556,5.0,12.556,71.681,70.588,73.333,60.177,1.667,0.889,204.556,16.292,1.444,8.692,2.111,5.947,23.604,7.975,59.417,16.021,3.333,9.0,12.333,27.027,2.111,2.778,0.444,1.222,1.556,2.444,2.0,0.111,0.222,4.556,0.0,0.0,0.0,,0.667,0.667,0.778,71.429,4.0,0.0,0.444,0.0,0.111,0.444,0.333,0.111,0.0,0.0,0.0,,0.0,,0.0,1.222,0.222,0.333,0.0,0.667,0.0,2,0.222,0.556,1.111,0.222,20.0,2.889,12.381,0.778,10,2.572,-0.872,6,2.304,-0.971,4,2.975,-0.725,0.0,0.0,,0.333,1.0,7.0,3.222,0.667
Dustin Martin,Richmond,30,30.51,Mid-Forward,16,16.619,92.5,81.125,42,2.625,6,11,84.688,12.5,10.062,22.562,65.374,54.0,79.503,55.402,5.25,0.188,383.938,17.017,3.375,6.685,5.312,4.247,33.37,-6.525,50.195,-5.229,9.438,13.125,22.562,41.828,1.75,6.438,1.312,2.0,4.438,4.625,3.375,1.188,1.25,9.688,19.562,70.495,1.875,9.585,1.688,3.562,3.938,84.127,2.875,0.562,0.938,0.062,0.562,0.562,0.75,-0.188,0.125,0.157,0.0,0.0,0.0,,0.062,2.25,0.688,0.0,,1.438,56.522,19,1.188,0.438,2.0,1.0,59.375,5.938,26.836,1.125,32,3.245,0.536,9,4.06,0.162,23,2.926,0.682,0.0,0.0,,0.75,1.625,14.875,4.0,0.312
Jason Castagna,Richmond,25,25.47,Gen. Forward,21,5.986,53.0,54.762,0,0.0,0,0,78.762,5.714,6.0,11.714,71.545,60.833,81.746,48.78,1.524,0.19,143.048,12.211,1.286,9.111,2.238,5.234,28.377,4.534,57.336,-0.374,3.286,8.286,11.571,28.395,0.571,2.524,1.19,1.048,1.476,2.81,2.143,0.095,0.81,3.048,0.143,0.537,0.19,100.0,0.143,0.333,0.143,66.667,4.048,0.048,0.81,0.143,0.762,0.619,0.143,0.476,0.0,0.0,0.0,,0.0,,0.0,1.952,0.714,0.0,,0.905,21.053,17,0.81,0.619,1.762,0.333,45.946,4.0,18.221,0.381,37,3.633,-0.524,18,3.812,0.466,19,3.463,-1.463,0.0,0.0,,0.143,0.619,13.952,3.571,0.476
Jake Aarts,Richmond,27,27.06,Gen. Forward,21,6.748,53.0,47.429,0,0.0,0,0,72.762,5.81,4.762,10.571,75.676,65.574,88.0,54.955,1.905,0.286,144.143,13.635,2.619,4.036,2.381,4.44,31.668,2.814,58.482,1.288,4.857,5.857,10.714,45.333,1.476,3.667,1.381,2.048,1.619,4.143,3.143,0.143,1.429,2.571,0.857,3.197,0.143,16.667,0.381,0.524,0.571,83.333,2.524,0.238,0.429,0.238,0.19,0.952,1.286,-0.333,0.0,0.0,0.0,,0.0,,0.0,2.524,1.095,0.0,,1.095,34.783,18,0.857,0.571,1.524,0.619,56.25,4.095,18.943,0.81,32,3.39,0.36,11,3.125,-0.398,21,3.529,0.757,0.0,0.0,,0.429,0.81,13.143,3.524,0.476
Marlion Pickett,Richmond,29,29.98,Midfielder,18,8.95,66.444,58.944,0,0.0,0,0,81.056,6.611,9.056,15.667,73.404,67.227,77.914,42.199,2.5,1.444,281.611,17.975,3.889,4.029,3.056,5.127,26.909,-1.666,49.638,0.848,7.667,8.944,16.611,46.154,3.556,5.5,0.556,1.667,3.833,5.389,4.111,0.5,1.833,4.722,3.944,14.609,0.444,11.268,0.944,1.389,1.833,78.788,3.5,0.333,0.222,0.5,0.111,0.611,1.889,-1.278,5.111,6.376,0.889,17.391,0.278,31.25,0.167,3.444,0.444,0.778,50.0,0.167,66.667,2,0.111,0.222,0.5,0.222,22.222,3.111,14.359,0.833,9,2.993,-1.215,3,2.165,-1.832,6,3.407,-0.907,0.0,0.0,,0.278,2.556,15.0,7.167,1.222
Callum Brown,Collingwood,23,23.67,Gen. Forward,15,4.753,46.4,48.533,0,0.0,0,0,60.4,4.4,7.133,11.533,73.988,62.121,81.308,38.15,1.267,0.333,111.929,9.794,1.4,8.238,2.2,5.242,29.7,-12.053,57.498,-2.596,3.733,7.6,11.333,32.941,1.0,2.933,1.133,1.133,1.8,2.667,2.2,0.133,1.067,4.467,3.2,12.5,0.2,6.25,0.667,0.867,0.267,50.0,2.733,0.133,0.2,0.067,0.333,0.533,0.333,0.2,0.0,0.0,0.0,,0.0,,0.0,2.933,0.933,0.0,,0.733,45.455,3,0.2,0.4,0.667,0.333,30.0,2.467,12.628,0.6,10,3.515,-1.115,3,4.19,-1.524,7,3.225,-0.939,0.0,0.0,,0.467,0.133,16.8,5.333,0.067
Brayden Sier,Collingwood,24,24.05,Midfielder,7,7.586,44.571,48.143,0,0.0,0,0,51.0,4.571,7.714,12.286,68.605,56.25,75.926,37.209,1.571,0.286,119.0,8.925,0.571,21.5,1.0,12.286,29.529,-3.442,58.49,2.38,6.429,5.857,12.286,52.326,1.571,4.286,0.714,2.143,2.143,2.286,1.857,1.571,0.571,2.571,10.714,41.899,0.571,5.333,1.714,2.286,3.429,54.167,2.286,0.143,0.143,0.0,0.286,0.429,0.0,0.429,0.0,0.0,0.0,,0.0,,0.0,2.714,0.286,0.0,,0.143,0.0,1,0.143,0.0,0.571,0.143,25.0,2.429,12.5,0.571,4,1.992,-0.492,1,1.773,-1.773,3,2.065,-0.065,0.0,0.0,,0.0,0.429,14.286,7.571,0.0
Tyler Brown,Collingwood,22,22.06,Midfielder,7,5.814,44.143,42.857,0,0.0,0,0,67.571,5.0,8.571,13.571,75.789,60.0,85.0,36.842,1.714,0.857,131.857,9.716,1.714,7.917,3.571,3.8,24.046,-5.865,52.855,-16.492,5.571,8.143,13.714,40.625,2.571,4.0,0.429,2.143,1.857,2.857,2.429,1.0,0.714,5.571,7.429,29.05,0.714,9.615,1.429,2.143,2.143,80.0,2.0,0.286,0.0,0.286,0.0,0.143,0.571,-0.429,0.0,0.0,0.0,,0.0,,0.0,1.571,0.286,0.143,0.0,0.143,0.0,0,0.0,0.0,0.143,0.0,0.0,2.286,11.429,0.571,1,2.58,-2.58,0,,,1,2.58,-2.58,0.0,0.0,,0.143,1.0,15.429,10.286,0.429
Jordan Roughead,Collingwood,31,31.15,Key Defender,21,8.143,71.619,60.667,6,0.286,1,0,95.429,9.048,4.143,13.19,83.032,84.737,79.31,68.592,0.667,3.286,181.7,13.817,1.714,7.694,2.286,5.771,15.938,-3.173,70.286,-2.201,4.286,8.571,12.857,33.333,5.333,2.381,0.0,0.429,1.952,4.048,2.286,0.095,0.857,2.476,0.0,0.0,0.0,,0.19,0.19,0.143,100.0,6.524,0.905,0.0,1.905,0.048,0.571,0.667,-0.095,1.048,1.337,0.429,40.909,0.095,22.222,0.0,1.667,0.0,3.524,24.324,0.0,,0,0.0,0.0,0.0,0.048,,1.714,8.675,0.667,0,,,0,,,0,,,0.476,5.208,70.0,0.143,7.571,6.81,5.762,6.667
Josh Thomas,Collingwood,30,30.24,Gen. Forward,20,8.34,59.15,58.05,0,0.0,0,0,72.15,7.4,5.9,13.3,68.797,61.486,77.966,55.639,2.2,0.35,182.789,13.566,1.4,9.5,2.2,6.045,29.698,-2.505,59.988,3.17,5.1,8.75,13.85,36.823,1.8,3.8,1.25,1.5,2.3,4.0,3.05,0.35,1.3,4.45,1.55,5.882,0.3,19.355,0.35,0.65,0.65,69.231,3.3,0.0,0.5,0.15,0.4,0.95,0.35,0.6,0.0,0.0,0.0,,0.0,,0.0,2.55,0.75,0.0,,0.5,10.0,12,0.6,0.45,1.35,0.55,44.444,4.25,21.684,0.65,27,3.336,-0.336,14,3.399,-0.899,13,3.269,0.27,0.0,0.0,,0.0,0.65,17.2,6.15,0.25
Stefan Martin,Western Bulldogs,35,35.12,Ruck,9,7.1,57.0,47.222,0,0.0,0,0,70.667,3.222,7.111,10.333,65.591,37.931,78.125,31.183,0.444,0.222,35.778,3.462,3.667,2.818,1.222,8.455,22.707,-18.36,60.614,-17.136,7.222,3.333,10.556,68.421,2.0,4.111,0.667,1.667,2.444,3.0,2.111,0.0,0.778,2.444,18.778,69.262,1.444,7.692,1.333,2.778,4.222,63.158,1.222,0.444,0.0,0.556,0.0,1.0,2.222,-1.222,53.444,62.306,17.111,32.017,5.444,31.818,1.333,1.889,0.556,0.667,33.333,1.0,0.0,1,0.111,0.0,0.333,0.222,33.333,3.333,12.605,2.222,3,2.918,-0.918,1,2.164,-2.164,2,3.295,-0.295,0.0,0.0,,0.0,2.222,7.111,3.111,1.444
Alex Keath,Western Bulldogs,29,29.94,Key Defender,23,8.883,68.043,52.13,28,1.217,9,0,94.478,7.0,5.087,12.087,85.971,80.745,93.162,57.914,0.652,2.13,155.478,12.863,1.565,7.722,1.696,7.128,17.942,-2.557,67.887,-3.144,5.435,7.304,12.739,42.662,6.435,3.087,0.0,1.043,2.043,5.087,2.87,0.0,0.739,2.739,0.0,0.0,0.0,,0.348,0.348,0.261,83.333,4.783,0.957,0.0,1.913,0.0,0.87,0.783,0.087,3.043,3.416,0.565,18.571,0.348,61.538,0.087,1.87,0.0,2.783,20.312,0.043,0.0,0,0.0,0.043,0.043,0.0,0.0,1.478,6.071,0.739,1,3.634,-2.634,1,3.634,-2.634,0,,,0.13,1.31,33.333,0.043,5.435,7.391,6.087,4.435
Josh Bruce,Western Bulldogs,29,29.56,Key Forward,20,8.16,66.9,62.8,16,0.8,2,5,86.75,6.9,4.15,11.05,65.611,65.217,66.265,62.443,1.65,0.2,175.6,15.891,3.05,3.623,2.9,3.81,28.06,-2.57,55.059,-4.079,5.4,5.8,11.2,48.214,1.15,2.8,1.55,1.35,1.45,4.85,2.5,0.0,0.95,1.5,1.85,6.814,0.1,5.405,0.2,0.3,0.45,66.667,5.0,1.5,2.7,0.2,1.3,0.65,1.3,-0.65,5.4,6.122,1.4,25.926,0.5,35.714,0.2,1.3,0.7,0.0,,3.0,26.667,48,2.4,1.05,4.15,0.35,57.831,5.45,20.644,0.65,83,3.495,0.228,64,3.592,0.377,19,3.171,-0.276,0.0,0.0,,0.0,1.45,8.8,1.45,0.85
Mitch Wallis,Western Bulldogs,29,29.18,Gen. Forward,6,4.55,45.667,45.333,0,0.0,0,0,63.333,4.667,5.5,10.167,78.689,67.857,87.879,45.902,1.833,0.0,114.0,11.213,2.167,4.692,2.333,4.357,29.875,6.967,48.011,-5.906,4.667,5.5,10.167,45.902,0.667,3.333,2.333,1.833,1.5,4.0,3.0,0.167,1.667,1.833,0.0,0.0,0.0,,0.667,0.667,0.5,100.0,3.333,0.5,1.167,0.0,0.5,0.833,0.5,0.333,0.167,0.189,0.0,0.0,0.0,,0.0,1.667,0.667,0.0,,1.333,37.5,4,0.667,0.333,1.333,0.167,50.0,4.5,17.647,0.5,8,4.247,-0.997,6,4.118,-0.951,2,4.634,-1.134,0.0,0.0,,0.0,0.5,10.0,1.5,0.333
David Mundy,Fremantle,36,36.44,Midfielder,22,14.391,99.636,89.0,69,3.136,11,20,76.182,11.273,13.864,25.136,72.333,64.516,78.689,44.846,4.409,1.227,314.773,12.523,3.227,7.789,3.773,6.663,27.879,0.829,52.022,5.394,11.091,14.909,26.0,42.657,2.682,6.864,0.455,2.727,4.136,4.045,3.273,2.455,1.5,11.182,16.682,65.187,1.909,11.444,3.409,5.318,6.045,78.195,3.091,0.136,0.091,0.136,0.091,0.818,0.955,-0.136,0.0,0.0,0.0,,0.0,,0.0,3.955,0.455,0.091,50.0,0.045,0.0,15,0.682,0.318,1.136,0.5,60.0,6.5,29.607,1.5,25,3.223,0.657,7,3.693,1.45,18,3.04,0.349,0.0,0.0,,0.045,1.864,17.091,8.045,0.273
Travis Colyer,Fremantle,30,30.35,Gen. Forward,22,8.373,59.455,56.364,0,0.0,0,0,82.136,8.864,3.773,12.636,64.029,60.513,72.289,70.144,2.864,0.5,262.682,20.788,2.045,6.178,2.682,4.712,28.618,6.076,53.444,11.862,4.409,8.318,12.727,34.643,1.636,3.636,1.409,0.818,2.818,3.545,3.136,0.273,1.591,3.955,0.0,0.0,0.0,,0.545,0.545,0.545,91.667,3.409,0.136,0.364,0.182,0.773,0.273,0.409,-0.136,0.0,0.0,0.0,,0.0,,0.0,2.0,0.591,0.0,,0.364,0.0,15,0.682,0.864,1.909,0.727,35.714,4.455,20.29,0.318,42,2.932,-0.337,11,2.993,-0.721,31,2.91,-0.201,0.0,0.0,,0.591,0.636,12.182,3.182,0.364
Reece Conca,Fremantle,29,29.38,Gen. Defender,10,4.76,54.1,49.0,0,0.0,0,0,72.2,6.8,6.7,13.5,82.963,80.882,85.075,50.37,0.6,2.6,158.8,11.763,2.3,5.87,2.7,5.0,18.749,-3.364,60.455,-5.07,4.0,9.0,13.0,30.769,4.6,3.2,0.0,1.6,1.6,3.5,2.8,0.0,0.9,5.1,0.0,0.0,0.0,,0.2,0.2,0.1,100.0,3.5,0.1,0.0,0.9,0.0,0.5,1.0,-0.5,0.0,0.0,0.0,,0.0,,0.0,1.8,0.0,0.9,33.333,0.2,0.0,0,0.0,0.0,0.0,0.0,,1.9,8.12,0.5,0,,,0,,,0,,,0.2,1.852,100.0,0.2,2.2,7.2,5.9,1.6
Matt Taberner,Fremantle,28,28.53,Key Forward,16,8.444,66.812,62.5,9,0.562,2,2,88.062,8.438,2.625,11.062,64.407,61.481,73.81,76.271,1.812,0.062,204.438,18.48,2.812,3.933,2.75,4.023,31.349,2.937,55.493,0.222,4.625,6.625,11.25,41.111,0.938,2.0,0.875,0.688,1.312,4.562,1.938,0.0,0.438,1.75,0.062,0.24,0.062,100.0,0.0,0.062,0.062,100.0,5.562,1.5,2.75,0.25,2.375,1.0,1.062,-0.062,0.375,0.464,0.0,0.0,0.0,,0.0,0.625,0.125,0.062,0.0,6.562,29.524,37,2.312,1.062,3.938,0.562,58.73,5.625,25.714,0.5,63,3.522,0.272,49,3.717,0.079,14,2.841,0.945,0.0,0.0,,0.0,0.875,7.062,1.25,0.625
Nathan Jones,Melbourne,33,33.94,Mid-Forward,8,4.5,40.375,45.375,0,0.0,0,0,59.75,6.25,5.625,11.875,70.526,54.0,88.889,52.632,1.875,1.125,169.0,14.232,1.75,6.786,1.75,6.786,25.287,3.284,56.386,7.899,3.375,8.375,11.75,28.723,1.5,2.75,0.5,1.25,1.5,2.125,1.875,0.125,0.75,5.25,3.0,11.94,0.125,4.167,0.75,0.875,0.75,66.667,2.875,0.125,0.375,0.125,0.0,0.375,0.5,-0.125,0.0,0.0,0.0,,0.0,,0.0,1.5,0.125,0.0,,0.125,100.0,2,0.25,0.375,0.875,0.25,28.571,3.875,15.122,0.375,7,3.025,-0.882,2,4.412,-0.912,5,2.47,-0.87,0.0,0.0,,0.0,0.25,8.375,4.0,0.25
Neville Jetta,Melbourne,31,31.88,Gen. Defender,5,5.76,43.0,33.0,0,0.0,0,0,70.8,4.0,4.0,8.0,87.5,80.0,95.0,50.0,0.4,1.2,36.6,4.575,1.4,5.714,0.8,10.0,22.891,-7.102,74.195,4.753,4.0,4.2,8.2,48.78,4.0,2.8,0.0,1.2,1.6,3.6,2.6,0.0,1.2,1.4,0.0,0.0,0.2,,0.2,0.4,0.2,100.0,2.6,0.2,0.0,0.4,0.0,0.8,0.4,0.4,0.0,0.0,0.0,,0.0,,0.0,1.4,0.0,2.4,33.333,0.0,,0,0.0,0.0,0.0,0.0,,1.2,4.511,0.2,0,,,0,,,0,,,0.0,0.0,,0.0,3.8,6.8,5.2,2.8
Angus Brayshaw,Melbourne,25,25.97,Midfielder,25,8.08,70.84,69.32,4,0.16,2,0,82.44,10.96,7.44,18.4,67.826,62.044,76.344,59.565,2.72,1.36,272.96,14.835,3.2,5.75,3.32,5.542,24.549,1.573,53.545,8.088,6.92,11.6,18.52,37.365,4.92,5.36,0.48,1.76,3.6,4.88,4.04,0.6,2.0,6.52,1.04,4.025,0.24,23.077,1.2,1.44,1.56,71.795,4.2,0.28,0.32,0.92,0.2,0.48,0.76,-0.28,0.0,0.0,0.0,,0.0,,0.0,2.44,0.12,0.24,16.667,0.2,60.0,3,0.12,0.28,0.72,0.36,16.667,4.12,16.323,1.24,18,2.577,-1.188,8,2.99,-0.865,10,2.247,-1.447,0.0,0.0,,0.16,1.8,12.28,6.96,0.96
Ned McHenry,Adelaide,21,21.46,Gen. Forward,21,6.114,53.81,49.762,3,0.143,1,0,78.333,5.714,6.571,12.286,75.969,64.167,86.232,46.512,1.286,0.238,148.632,12.12,3.143,3.909,2.429,5.059,29.523,-0.491,60.086,2.279,5.095,8.0,13.095,38.909,1.571,3.81,1.143,1.429,2.381,4.048,3.095,0.143,1.333,4.571,0.429,1.596,0.095,22.222,0.524,0.619,0.714,80.0,2.571,0.238,0.619,0.143,0.238,1.0,1.762,-0.762,0.0,0.0,0.0,,0.0,,0.0,3.143,0.905,0.0,,0.81,17.647,11,0.524,0.333,1.143,0.429,45.833,4.333,20.449,0.381,24,3.421,-0.38,11,3.648,-0.102,13,3.23,-0.614,0.0,0.0,,0.095,1.095,18.524,6.81,0.381
Tom Lynch,Adelaide,31,31.29,Gen. Forward,12,9.317,76.0,71.417,0,0.0,0,0,76.25,10.75,7.167,17.917,79.535,69.767,94.186,60.0,2.333,0.5,222.9,12.049,1.917,9.348,2.5,7.167,27.79,12.951,67.102,9.75,5.25,12.5,17.75,29.577,1.583,3.75,1.083,1.167,2.583,4.0,2.833,0.083,1.25,5.0,0.0,0.0,0.083,,0.833,0.917,0.667,87.5,5.333,0.417,0.75,0.167,0.5,1.083,0.667,0.417,0.0,0.0,0.0,,0.0,,0.0,1.25,0.417,0.0,,1.083,53.846,8,0.667,0.75,1.75,0.833,38.095,5.833,25.735,0.833,21,2.873,-0.159,10,2.921,-0.621,11,2.83,0.261,0.083,0.775,100.0,0.0,1.0,8.75,1.833,0.5
Rory Sloane,Adelaide,31,31.79,Midfielder,18,14.639,97.111,85.778,18,1.0,5,2,82.0,11.0,11.333,22.333,70.896,58.081,83.333,49.254,3.722,1.556,297.812,13.732,2.889,7.731,3.556,6.281,24.527,5.235,52.83,-3.425,12.0,9.889,21.889,54.822,4.222,8.778,0.556,4.278,4.5,4.944,4.056,1.444,1.556,5.611,20.833,77.801,2.222,10.667,3.056,5.278,6.5,76.923,3.722,0.278,0.111,0.5,0.056,1.333,0.944,0.389,0.0,0.0,0.0,,0.0,,0.0,4.833,0.5,0.111,50.0,0.222,50.0,3,0.167,0.111,0.444,0.5,37.5,5.278,24.869,1.778,8,2.656,-0.156,5,3.103,0.697,3,1.912,-1.579,0.056,0.508,100.0,0.111,2.778,22.389,12.722,0.944
Luke Brown,Adelaide,29,29.27,Gen. Defender,11,5.736,59.727,55.091,0,0.0,0,0,76.636,9.0,3.909,12.909,81.69,83.838,76.744,69.718,1.091,4.273,266.6,20.667,1.455,8.875,2.455,5.259,17.368,2.219,55.945,-3.368,3.545,7.818,11.364,31.2,4.091,2.455,0.091,1.091,1.364,3.091,2.182,0.091,0.636,4.182,0.0,0.0,0.091,,0.182,0.273,0.182,50.0,3.545,0.091,0.091,1.0,0.0,0.727,0.182,0.545,0.0,0.0,0.0,,0.0,,0.0,2.364,0.0,1.818,10.0,0.0,,0,0.0,0.0,0.0,0.091,,1.818,8.403,0.818,0,,,0,,,0,,,2.091,19.328,86.957,0.0,2.545,8.818,6.909,2.0
Paul Seedsman,Adelaide,29,29.93,Midfielder,22,12.491,95.909,95.545,26,1.182,7,4,82.318,15.773,10.318,26.091,72.648,65.13,84.141,60.453,5.682,2.773,605.7,23.03,3.364,7.757,5.5,4.744,24.742,2.651,51.666,-5.131,6.136,19.818,25.955,23.643,2.864,4.955,0.273,1.682,3.273,3.318,2.773,0.409,1.182,13.0,3.227,11.953,0.5,15.493,1.5,2.0,2.045,68.889,5.364,0.091,0.091,0.364,0.273,0.818,0.818,0.0,0.0,0.0,0.0,,0.0,,0.0,2.318,0.091,0.227,20.0,0.136,66.667,12,0.545,0.591,1.455,0.636,37.5,5.818,27.468,0.955,32,2.685,-0.029,7,3.0,-1.715,25,2.597,0.443,0.455,4.098,70.0,1.409,0.682,14.318,7.0,0.409
Jake Kelly,Adelaide,26,26.94,Gen. Defender,20,6.965,68.3,63.8,0,0.0,0,0,89.9,10.7,4.75,15.45,83.819,78.972,94.737,69.256,1.0,3.2,240.684,15.878,2.2,7.023,2.4,6.438,16.271,1.69,64.617,-1.995,4.6,9.95,14.55,31.615,6.3,3.0,0.05,0.9,2.1,4.35,2.8,0.0,1.0,4.4,0.0,0.0,0.0,,0.2,0.2,0.05,0.0,5.1,0.55,0.0,1.35,0.0,1.05,0.85,0.2,0.0,0.0,0.0,,0.0,,0.0,2.1,0.0,3.25,16.923,0.1,50.0,0,0.0,0.0,0.0,0.0,,1.85,9.25,0.75,0,,,0,,,0,,,0.65,5.778,84.615,0.0,3.7,9.25,7.4,3.0
Shane McAdam,Adelaide,26,26.59,Gen. Forward,15,4.887,53.0,49.933,2,0.133,1,0,73.8,5.267,3.2,8.467,69.291,62.025,81.25,62.205,1.067,0.067,107.769,12.972,2.533,3.342,2.533,3.342,35.926,-24.815,62.881,-12.881,4.067,4.533,8.6,47.287,1.267,2.267,1.533,1.2,1.067,3.8,2.0,0.0,0.533,1.267,0.0,0.0,0.067,,0.2,0.267,0.133,100.0,3.733,0.867,1.867,0.2,0.8,0.933,1.4,-0.467,0.0,0.0,0.0,,0.0,,0.0,2.267,1.267,0.0,,1.667,16.0,25,1.667,0.733,2.8,0.4,59.524,3.867,16.431,0.6,42,3.963,-0.129,30,4.043,0.157,12,3.761,-0.845,0.0,0.0,,0.067,0.867,10.4,1.8,0.533
Joel Selwood,Geelong,33,33.6,Midfielder,24,12.196,97.917,86.458,30,1.25,5,9,74.792,11.583,11.417,23.0,73.732,65.827,81.752,50.362,3.708,1.0,311.478,13.416,3.417,6.732,3.75,6.133,29.546,2.984,58.08,1.357,10.792,12.917,23.708,45.518,2.875,6.833,0.875,2.833,4.0,3.917,3.0,1.917,1.125,8.875,18.917,74.671,2.125,11.233,3.167,5.292,5.792,79.856,3.208,0.125,0.208,0.292,0.333,2.25,1.167,1.083,0.042,0.045,0.0,0.0,0.0,,0.0,4.708,0.583,0.167,0.0,0.458,36.364,6,0.25,0.167,0.583,0.875,42.857,5.917,26.394,1.75,14,3.071,-0.213,5,4.056,-0.056,9,2.523,-0.301,0.208,2.066,40.0,0.125,1.667,17.667,8.25,0.25
Shaun Higgins,Geelong,33,33.82,Gen. Forward,18,5.883,69.667,70.5,0,0.0,0,1,70.0,8.722,9.833,18.556,76.647,66.879,85.311,47.006,2.778,0.667,218.667,11.784,2.167,8.564,3.278,5.661,26.31,-0.503,55.847,-1.009,4.944,13.944,18.889,26.176,1.333,3.944,1.222,0.833,3.111,2.556,2.389,0.611,1.111,8.111,2.778,11.287,0.333,12.0,1.556,1.889,1.833,81.818,4.444,0.0,0.556,0.0,0.389,0.611,0.722,-0.111,0.0,0.0,0.0,,0.0,,0.0,2.722,0.667,0.111,0.0,0.5,22.222,4,0.222,0.667,1.389,0.667,16.0,4.389,20.466,0.722,25,2.919,-1.479,11,3.1,-1.645,14,2.778,-1.349,0.056,0.505,100.0,0.222,0.722,11.333,3.389,0.167
Tom Hawkins,Geelong,33,33.44,Key Forward,25,12.796,93.64,75.84,44,1.76,9,6,96.04,8.6,5.08,13.68,65.789,60.93,74.016,62.865,1.48,0.08,201.625,14.708,3.04,4.5,3.08,4.442,34.572,1.887,54.92,5.497,6.88,7.28,14.16,48.588,0.44,3.24,2.28,1.0,2.24,5.16,2.92,0.04,1.52,2.4,0.0,0.0,0.0,,1.0,1.0,1.68,69.048,5.16,1.44,3.32,0.04,2.32,0.56,1.4,-0.84,11.56,12.765,3.68,31.834,1.28,34.783,1.28,2.0,1.4,0.04,0.0,4.56,35.965,62,2.48,1.48,4.52,0.8,54.867,7.32,32.796,1.48,113,3.194,0.425,88,3.197,0.587,25,3.185,-0.145,0.0,0.0,,0.0,1.56,8.72,0.88,0.72
Lachie Henderson,Geelong,32,32.04,Key Defender,21,8.248,77.143,66.619,7,0.333,4,3,99.476,10.952,4.381,15.333,82.609,81.739,84.783,71.429,1.381,4.095,308.05,20.003,2.19,7.0,2.429,6.314,18.588,0.767,59.952,7.79,4.524,9.333,13.857,32.646,5.905,2.905,0.143,0.952,1.952,4.286,2.762,0.0,0.857,2.524,0.0,0.0,0.0,,0.238,0.238,0.143,100.0,6.952,0.762,0.238,1.81,0.048,0.952,0.905,0.048,0.095,0.105,0.0,0.0,0.0,,0.0,1.238,0.0,3.19,32.836,0.238,20.0,3,0.143,0.095,0.429,0.143,33.333,2.619,12.009,1.048,9,2.837,-0.614,7,2.772,-0.2,2,3.064,-2.064,1.429,13.699,86.667,0.095,4.905,7.476,6.0,3.762
Gary Rohan,Geelong,30,30.56,Gen. Forward,21,9.429,66.524,54.952,14,0.667,4,1,81.571,7.0,3.19,10.19,71.028,67.347,79.104,68.692,1.857,0.381,214.3,21.218,1.429,7.133,2.286,4.458,27.621,8.85,52.979,3.492,4.429,5.714,10.143,43.662,1.238,2.238,0.714,0.905,1.333,4.19,2.048,0.0,0.524,2.333,0.0,0.0,0.048,,0.143,0.19,0.048,100.0,3.571,1.048,1.381,0.095,0.714,1.048,0.667,0.381,0.0,0.0,0.0,,0.0,,0.0,1.952,0.667,0.048,100.0,2.762,29.31,32,1.524,0.857,2.619,0.381,58.182,4.81,21.308,0.667,55,3.365,0.453,38,3.379,0.542,17,3.333,0.255,0.143,1.395,100.0,0.238,1.524,11.857,2.095,0.952
Luke Dahlhaus,Geelong,29,29.36,Gen. Forward,21,5.914,56.81,50.762,0,0.0,0,0,72.095,4.905,7.143,12.048,72.332,54.369,84.667,40.711,1.524,0.19,97.15,8.096,2.095,5.75,1.762,6.838,33.22,-0.384,57.606,-3.875,4.952,7.286,12.238,40.467,1.429,3.762,1.524,1.524,2.238,3.857,3.048,0.19,1.571,4.333,0.048,0.188,0.095,100.0,0.667,0.762,0.714,80.0,1.952,0.143,0.476,0.048,0.333,0.857,0.905,-0.048,0.0,0.0,0.0,,0.0,,0.0,3.762,1.333,0.0,,0.857,11.111,7,0.333,0.714,1.19,0.571,28.0,3.81,16.667,0.381,25,3.335,-1.055,12,3.342,-1.092,13,3.328,-1.021,0.0,0.0,,0.048,1.19,16.476,3.81,0.381
Sam Menegola,Geelong,29,29.81,Midfielder,23,10.313,90.739,86.783,21,0.913,6,3,81.478,14.087,9.087,23.174,70.919,64.198,81.34,60.788,3.652,2.217,388.091,16.907,3.217,7.203,4.609,5.028,23.801,0.241,54.517,-3.297,8.043,15.13,23.174,34.709,3.087,6.609,0.783,2.217,4.391,4.565,3.913,0.609,1.478,8.739,1.478,5.893,0.478,32.353,2.043,2.522,2.435,83.929,5.435,0.217,0.522,0.304,0.391,0.478,1.043,-0.565,0.0,0.0,0.0,,0.0,,0.0,2.261,0.261,0.13,33.333,0.261,33.333,12,0.522,0.522,1.174,0.609,44.444,4.783,21.236,0.913,27,3.196,-0.085,13,3.582,0.033,14,2.837,-0.194,0.391,3.879,55.556,0.043,1.652,12.565,5.87,1.043
Josh Jenkins,Geelong,32,32.89,Key Forward,1,6.2,43.0,35.0,0,0.0,0,0,72.0,5.0,3.0,8.0,50.0,40.0,66.667,62.5,3.0,0.0,187.0,23.375,4.0,2.0,4.0,2.0,35.237,31.43,49.077,17.59,5.0,4.0,9.0,55.556,0.0,3.0,3.0,2.0,1.0,3.0,2.0,0.0,0.0,3.0,1.0,3.226,0.0,0.0,1.0,1.0,2.0,100.0,2.0,1.0,2.0,0.0,1.0,1.0,2.0,-1.0,7.0,8.434,3.0,42.857,2.0,66.667,0.0,2.0,1.0,0.0,,3.0,0.0,0,0.0,2.0,2.0,1.0,0.0,5.0,19.231,1.0,2,2.768,-1.768,2,2.768,-1.768,0,,,0.0,0.0,,0.0,0.0,6.0,0.0,0.0
Isaac Smith,Geelong,33,33.0,Midfielder,24,8.629,90.208,92.083,7,0.292,4,1,83.833,15.958,6.958,22.917,74.545,69.713,85.629,69.636,4.083,3.792,466.13,20.657,2.875,7.971,4.708,4.867,22.514,2.873,55.334,1.323,3.875,17.167,21.042,18.416,2.167,3.125,0.458,0.583,2.542,2.833,2.292,0.125,0.833,8.917,0.292,1.165,0.125,42.857,0.917,1.042,0.875,76.19,6.917,0.208,0.375,0.375,0.25,0.333,0.417,-0.083,0.0,0.0,0.0,,0.0,,0.0,1.583,0.25,0.167,0.0,0.417,40.0,15,0.625,0.375,1.292,0.458,48.387,5.042,22.702,0.667,31,2.993,0.201,10,3.495,-0.295,21,2.754,0.436,1.625,15.6,84.615,1.083,1.125,10.792,4.583,0.542
Brayden Ham,Essendon,22,22.68,Mid-Forward,19,4.5,43.0,46.211,0,0.0,0,0,64.632,6.211,5.737,11.947,69.604,62.712,77.064,51.982,2.316,0.316,186.778,16.644,1.842,6.486,2.316,5.159,30.503,-5.24,56.016,-4.437,3.105,8.842,11.947,25.991,1.053,2.421,0.684,0.632,1.789,2.368,1.895,0.105,0.684,4.947,0.0,0.0,0.105,,0.211,0.316,0.474,44.444,2.947,0.263,0.211,0.211,0.053,0.263,0.474,-0.211,0.0,0.0,0.0,,0.0,,0.0,1.579,0.474,0.105,0.0,0.474,44.444,5,0.263,0.526,0.842,0.368,31.25,3.263,13.901,0.316,16,3.153,-0.653,4,2.481,-0.231,12,3.377,-0.793,0.0,0.0,,0.053,0.737,11.368,4.105,0.526
Cale Hooker,Essendon,33,33.21,Key Forward,18,6.383,63.889,56.167,8,0.444,3,1,84.722,5.889,5.556,11.444,56.796,50.0,64.0,51.456,1.056,0.0,124.118,10.933,2.667,4.292,2.556,4.478,31.017,2.316,51.557,1.221,6.111,5.5,11.611,52.632,0.333,4.056,2.556,2.556,1.5,5.333,3.667,0.0,1.111,1.5,0.0,0.0,0.0,,0.333,0.333,0.722,76.923,3.611,0.778,2.056,0.0,1.167,0.667,1.0,-0.333,5.944,7.354,0.556,9.346,0.056,10.0,0.333,1.5,1.056,0.0,,4.667,21.429,33,1.833,1.333,3.5,0.444,52.381,5.722,24.292,0.556,63,3.688,-0.164,45,3.867,-0.178,18,3.242,-0.131,0.0,0.0,,0.0,2.0,7.889,1.5,1.278
Devon Smith,Essendon,28,28.61,Gen. Forward,20,7.635,64.2,64.7,10,0.5,1,3,80.35,7.75,6.4,14.15,66.078,58.71,75.0,54.77,2.6,0.25,206.316,15.253,2.65,5.34,2.15,6.581,31.41,5.383,52.771,5.719,4.9,9.45,14.35,34.146,1.3,3.8,1.15,1.6,2.15,3.25,2.5,0.25,1.4,5.1,1.85,6.715,0.1,5.405,0.95,1.05,1.05,76.19,3.4,0.2,0.95,0.15,0.15,0.55,1.15,-0.6,0.0,0.0,0.0,,0.0,,0.0,3.9,0.95,0.0,,0.35,28.571,16,0.8,0.95,2.1,0.65,38.095,5.5,24.336,0.85,42,3.005,-0.266,20,3.232,0.368,22,2.798,-0.843,0.0,0.0,,0.6,1.1,22.1,6.8,0.3
Anthony McDonald-Tipungwuti,Essendon,28,28.69,Gen. Forward,20,9.635,63.45,54.1,12,0.6,4,2,80.0,6.45,3.6,10.05,72.637,67.442,81.944,64.179,1.75,0.1,153.263,15.489,2.05,4.902,1.95,5.154,37.732,15.125,58.762,15.524,4.3,5.8,10.1,42.574,1.1,3.05,1.45,0.8,2.25,3.75,2.85,0.1,1.75,2.45,0.1,0.346,0.05,50.0,0.55,0.6,0.3,83.333,2.45,0.15,0.95,0.1,0.4,0.8,0.9,-0.1,0.0,0.0,0.0,,0.0,,0.0,2.8,1.35,0.0,,0.95,15.789,34,1.7,0.7,2.6,1.0,65.385,5.75,24.573,0.65,52,3.41,0.782,24,3.92,0.789,28,2.974,0.776,0.0,0.0,,0.9,1.15,14.5,3.4,0.45
Tom Cutler,Essendon,26,26.86,Gen. Defender,13,6.431,53.923,53.462,0,0.0,0,0,63.923,8.692,5.0,13.692,76.404,67.257,92.308,63.483,1.538,2.308,258.167,18.776,1.308,10.471,1.923,7.12,19.922,-1.294,56.54,3.264,3.308,9.846,13.154,25.146,3.462,2.538,0.0,0.385,2.154,3.0,2.385,0.077,0.769,5.385,0.0,0.0,0.0,,0.231,0.231,0.231,100.0,3.923,0.154,0.077,0.615,0.0,0.385,0.154,0.231,0.0,0.0,0.0,,0.0,,0.0,1.231,0.077,0.846,9.091,0.077,0.0,1,0.077,0.308,0.538,0.385,14.286,2.154,9.302,0.462,7,2.613,-1.185,2,1.795,-1.795,5,2.94,-0.94,0.462,4.878,100.0,0.692,1.308,6.615,4.923,0.846
Nick Hind,Essendon,27,27.36,Gen. Defender,22,11.995,93.0,84.5,9,0.409,4,0,83.682,16.591,5.773,22.364,79.268,77.26,85.039,74.187,3.273,3.682,427.286,19.214,2.955,7.569,3.545,6.308,20.997,3.554,61.061,8.999,5.818,16.5,22.318,26.069,5.636,4.682,0.091,0.955,3.727,4.955,4.0,0.091,1.318,9.955,0.0,0.0,0.182,,0.682,0.864,0.455,90.0,5.182,0.273,0.091,0.818,0.0,0.864,0.864,0.0,0.0,0.0,0.0,,0.0,,0.0,2.045,0.0,1.136,16.0,0.0,,4,0.182,0.091,0.364,0.591,50.0,4.455,18.919,1.0,8,2.607,0.643,2,2.44,-1.94,6,2.663,1.504,0.136,1.382,66.667,1.818,1.727,10.136,7.364,1.182
Oliver Hanrahan,Hawthorn,23,23.34,Gen. Forward,13,6.062,41.077,42.077,0,0.0,0,0,64.923,5.462,5.385,10.846,66.667,54.93,78.571,50.355,1.385,0.077,142.538,13.142,1.308,8.294,2.077,5.222,32.105,-1.67,55.041,-2.867,3.769,6.615,10.385,36.296,1.0,3.154,1.769,0.769,2.385,3.692,3.154,0.077,1.308,3.692,0.077,0.287,0.0,0.0,0.077,0.077,0.154,50.0,2.385,0.077,0.615,0.0,0.385,0.538,0.308,0.231,0.0,0.0,0.0,,0.0,,0.0,1.0,0.385,0.0,,1.077,21.429,8,0.615,0.462,1.538,0.231,40.0,3.692,19.433,0.231,20,3.152,-0.452,8,3.218,-0.718,12,3.107,-0.274,0.0,0.0,,0.077,0.538,9.538,2.077,0.308
Shaun Burgoyne,Hawthorn,39,39.19,Gen. Defender,18,5.894,50.0,45.889,0,0.0,0,0,66.0,7.389,4.667,12.056,82.028,74.436,94.048,61.29,1.333,3.167,215.889,17.908,1.611,7.483,2.611,4.617,18.332,-4.046,55.43,-9.212,3.0,7.611,10.611,28.272,2.944,2.278,0.167,0.667,1.667,2.556,1.944,0.056,0.444,4.556,1.278,4.675,0.167,13.043,0.222,0.389,0.333,83.333,2.556,0.111,0.056,0.278,0.056,0.278,0.278,0.0,0.0,0.0,0.0,,0.0,,0.0,1.722,0.0,1.389,12.0,0.0,,1,0.056,0.056,0.222,0.056,25.0,1.833,9.116,0.778,4,2.732,-0.982,1,3.006,2.994,3,2.641,-2.307,2.056,21.637,64.865,0.167,2.278,8.056,5.778,1.389
Ben McEvoy,Hawthorn,32,32.47,Ruck,22,11.268,88.864,80.273,8,0.364,3,0,82.409,6.136,6.364,12.5,75.636,66.667,84.286,49.091,1.227,0.818,93.409,7.473,2.091,5.978,1.955,6.395,24.519,-6.17,67.848,-6.38,6.682,6.455,13.136,50.865,2.409,3.045,0.818,1.455,1.591,4.318,1.864,0.0,0.364,2.318,13.409,49.003,0.773,5.763,1.227,2.0,2.0,84.091,5.045,1.591,0.864,1.273,0.5,1.273,0.636,0.636,38.682,45.606,16.818,43.478,5.818,34.595,0.091,3.545,0.5,0.636,21.429,1.682,13.514,12,0.545,0.364,1.0,0.364,54.545,3.864,19.585,1.455,22,3.755,-0.118,19,3.684,-0.158,3,4.2,0.133,0.0,0.0,,0.045,4.409,14.364,6.591,3.0
Liam Shiels,Hawthorn,30,30.67,Midfielder,21,8.9,77.571,84.0,3,0.143,1,0,79.238,11.619,9.524,21.143,70.721,56.148,88.5,54.955,3.81,1.0,313.81,14.842,3.333,6.343,4.762,4.44,27.529,-4.262,54.106,-10.542,5.952,14.857,20.81,28.604,2.524,4.238,0.667,1.238,3.0,3.333,2.667,0.619,0.905,9.381,7.667,27.855,0.524,6.832,1.619,2.143,2.667,71.429,4.429,0.143,0.286,0.286,0.429,0.762,1.476,-0.714,0.0,0.0,0.0,,0.0,,0.0,4.714,0.714,0.095,0.0,0.143,0.0,5,0.238,0.19,0.762,0.429,31.25,4.667,23.558,0.81,16,2.869,-0.744,5,2.713,1.087,11,2.94,-1.576,0.0,0.0,,0.095,1.19,19.333,7.952,0.381
Kyle Hartigan,Hawthorn,30,30.14,Key Defender,19,6.184,48.579,37.0,2,0.105,1,0,95.632,5.579,5.0,10.579,78.607,72.642,85.263,52.736,0.421,2.316,116.789,11.04,2.632,4.02,1.842,5.743,16.554,-6.554,65.388,-2.388,4.105,6.368,10.474,39.196,5.737,2.684,0.0,0.842,1.842,3.895,2.579,0.0,0.842,2.789,0.211,0.772,0.0,0.0,0.211,0.211,0.105,100.0,3.474,0.632,0.0,1.632,0.0,0.789,1.474,-0.684,0.895,1.072,0.105,11.765,0.0,0.0,0.0,0.842,0.0,4.211,26.25,0.0,,0,0.0,0.0,0.0,0.053,,1.053,5.391,0.632,0,,,0,,,0,,,0.0,0.0,,0.0,6.474,5.895,4.895,5.053
Jonathon Ceglar,Hawthorn,30,30.87,Ruck,12,12.817,90.333,76.25,17,1.417,3,2,74.5,5.583,9.417,15.0,78.889,67.164,85.841,37.222,1.917,1.083,141.333,9.422,2.167,6.923,2.083,7.2,24.196,-2.529,50.282,1.385,9.333,6.667,16.0,58.333,3.25,3.583,0.417,1.167,2.417,4.083,1.75,0.0,0.583,3.25,15.833,61.29,1.167,7.368,2.833,4.0,4.917,83.051,4.417,1.583,0.417,1.583,0.25,0.833,1.333,-0.5,45.25,55.521,20.75,45.856,5.417,26.104,2.667,2.167,0.083,0.583,0.0,1.167,35.714,2,0.167,0.167,0.333,0.083,50.0,4.0,19.917,1.5,4,4.161,-0.661,4,4.161,-0.661,0,,,0.0,0.0,,0.0,4.333,8.667,4.5,3.0
Tim O'Brien,Hawthorn,27,27.76,Key Forward,19,7.863,62.737,54.842,5,0.263,1,0,79.842,7.737,3.789,11.526,75.799,70.068,87.5,67.123,1.579,1.474,201.526,17.484,2.105,5.475,2.474,4.66,21.922,-4.036,58.986,-1.262,4.421,6.737,11.158,39.623,2.947,2.105,0.526,0.526,1.579,4.158,2.053,0.053,0.842,2.368,0.632,2.277,0.053,8.333,0.158,0.211,0.211,50.0,4.737,1.316,0.737,1.211,0.632,0.947,0.842,0.105,3.0,3.512,0.632,21.053,0.105,16.667,0.053,1.684,0.632,1.0,21.053,1.737,21.212,12,0.632,0.263,1.105,0.368,57.143,3.105,15.526,0.474,21,3.391,0.275,19,3.322,0.415,2,4.048,-1.048,0.263,2.747,100.0,0.0,3.316,8.105,3.105,2.947
Daniel Howe,Hawthorn,26,26.07,Midfielder,20,8.905,73.4,75.1,9,0.45,1,0,75.1,12.45,6.2,18.65,74.263,67.068,88.71,66.756,2.05,1.9,306.35,16.426,3.0,6.217,3.2,5.828,21.235,-0.873,57.268,3.366,5.5,13.3,18.8,29.255,3.5,3.9,0.7,1.25,2.65,3.8,2.55,0.2,0.6,7.05,0.2,0.746,0.35,100.0,0.85,1.2,1.2,58.333,5.45,0.3,0.25,0.9,0.15,0.9,0.85,0.05,0.2,0.236,0.0,0.0,0.0,,0.0,2.0,0.1,0.1,0.0,0.3,50.0,8,0.4,0.25,0.75,0.25,53.333,3.9,19.847,0.65,15,2.76,0.773,7,3.231,1.341,8,2.349,0.276,0.0,0.0,,0.15,1.7,11.6,5.9,0.55
Tom Phillips,Hawthorn,25,25.65,Midfielder,22,8.845,69.773,73.091,1,0.045,1,0,80.727,10.955,7.5,18.455,72.167,65.145,82.424,59.36,1.955,1.455,280.955,15.224,2.227,8.286,3.818,4.833,22.354,-1.712,53.767,-0.098,5.773,12.682,18.455,31.281,2.409,4.273,0.727,1.727,2.545,3.818,2.955,0.409,1.0,7.591,0.818,2.99,0.227,27.778,1.227,1.455,1.227,70.37,4.227,0.273,0.182,0.227,0.136,1.045,0.273,0.773,0.0,0.0,0.0,,0.0,,0.0,2.136,0.364,0.182,25.0,0.273,50.0,13,0.591,0.227,0.909,0.227,65.0,3.818,19.355,0.773,20,3.356,0.794,5,4.032,-0.432,15,3.131,1.203,0.0,0.0,,0.136,0.591,12.455,5.409,0.227
Grant Birchall,Brisbane,33,33.92,Gen. Defender,23,6.63,70.913,74.522,4,0.174,3,0,79.783,13.348,5.13,18.478,82.118,79.805,88.136,72.235,1.957,3.783,332.043,17.969,2.087,8.854,3.652,5.06,19.439,3.951,62.179,0.533,3.261,13.478,16.739,19.481,3.522,2.783,0.0,0.652,2.13,2.652,2.348,0.043,0.522,6.0,0.0,0.0,0.0,,0.565,0.565,0.435,80.0,6.913,0.13,0.0,0.87,0.0,0.13,0.391,-0.261,0.0,0.0,0.0,,0.0,,0.0,1.0,0.0,1.043,16.667,0.0,,2,0.087,0.0,0.087,0.13,100.0,3.217,12.87,1.0,2,3.712,2.288,2,3.712,2.288,0,,,3.13,31.718,61.111,0.087,1.696,6.217,4.696,1.174
Daniel Rich,Brisbane,31,31.56,Gen. Defender,24,12.004,107.0,97.833,29,1.208,9,6,83.042,21.417,4.583,26.0,78.846,77.237,86.364,82.372,2.875,7.958,630.5,24.25,2.708,9.6,5.75,4.522,16.508,-1.894,59.023,-0.359,5.417,15.0,20.417,26.531,5.958,4.375,0.083,1.542,2.833,4.25,3.292,0.0,1.167,8.708,0.0,0.0,0.125,,0.875,1.0,0.625,73.333,5.708,0.333,0.0,1.542,0.083,0.5,0.458,0.042,0.0,0.0,0.0,,0.0,,0.0,1.75,0.0,1.292,19.355,0.0,,3,0.125,0.417,0.625,0.167,20.0,3.875,15.397,1.417,15,2.304,-0.438,1,1.748,-0.748,14,2.344,-0.416,5.875,60.0,93.617,0.0,2.292,6.875,4.875,1.792
Mitch Robinson,Brisbane,32,32.56,Midfielder,22,8.695,75.545,77.909,9,0.409,1,3,77.545,13.5,6.045,19.545,67.442,62.29,78.947,69.07,4.091,2.818,404.545,20.698,3.682,5.309,4.273,4.574,22.133,0.386,50.856,0.289,6.364,12.682,19.045,33.413,4.5,4.682,0.5,1.5,3.182,4.045,3.091,0.545,1.5,6.818,1.182,4.305,0.455,38.462,1.773,2.227,1.864,80.488,4.455,0.136,0.182,0.727,0.091,1.227,1.045,0.182,0.045,0.05,0.0,0.0,0.0,,0.0,2.909,0.227,0.182,0.0,0.136,0.0,7,0.318,0.318,0.727,0.409,43.75,4.455,18.081,1.727,16,2.917,0.145,8,3.071,-0.196,8,2.763,0.487,0.136,1.382,66.667,0.136,1.455,11.5,6.091,0.773
Lincoln McCarthy,Brisbane,28,28.19,Gen. Forward,24,10.45,77.0,63.333,19,0.792,5,3,82.25,7.625,5.125,12.75,66.667,62.295,73.171,59.804,2.542,0.25,222.375,17.441,2.542,5.016,2.833,4.5,29.484,2.592,49.966,-2.796,6.667,6.25,12.917,51.613,1.708,4.667,1.875,1.625,3.042,5.458,3.708,0.125,1.5,2.792,1.25,4.478,0.375,30.0,0.708,1.083,0.708,82.353,3.208,0.542,1.208,0.125,1.125,1.125,1.167,-0.042,0.0,0.0,0.0,,0.0,,0.0,3.333,1.0,0.0,,1.542,16.216,36,1.5,0.625,2.5,0.917,60.0,5.042,20.033,0.75,60,3.382,0.468,37,3.624,0.511,23,2.991,0.4,0.0,0.0,,0.125,1.458,14.875,4.25,0.708
Joe Daniher,Brisbane,27,27.82,Key Forward,24,10.979,76.208,70.083,12,0.5,4,4,93.833,10.792,3.458,14.25,63.158,55.598,86.747,75.731,3.417,0.333,308.083,21.62,2.917,4.886,3.5,4.071,29.977,6.452,51.372,0.057,5.875,8.292,14.167,41.471,1.333,2.75,1.25,0.792,1.958,4.708,2.333,0.0,0.917,3.167,2.875,10.299,0.25,8.696,0.667,0.917,1.083,84.615,4.875,1.083,1.792,0.333,1.125,1.25,1.375,-0.125,11.75,12.749,2.042,17.376,0.542,26.531,0.583,1.042,0.333,0.125,33.333,3.375,22.222,46,1.917,1.333,3.917,0.458,48.936,6.542,25.993,1.0,94,3.325,-0.049,59,3.638,-0.095,35,2.798,0.03,0.0,0.0,,0.542,1.167,6.708,1.833,0.75
Rhys Mathieson,Brisbane,24,24.97,Midfielder,15,4.467,44.2,44.2,0,0.0,0,0,45.2,5.6,5.667,11.267,63.314,45.238,81.176,49.704,1.8,0.867,160.333,14.231,2.333,4.829,2.2,5.121,25.323,-3.583,52.186,-13.055,4.8,6.4,11.2,42.857,0.667,4.067,1.067,2.067,2.0,1.667,1.467,0.267,0.6,3.267,8.867,31.442,0.867,9.774,1.533,2.4,2.467,81.081,2.4,0.133,0.2,0.133,0.2,0.533,1.0,-0.467,0.0,0.0,0.0,,0.0,,0.0,2.6,0.533,0.067,100.0,0.067,100.0,2,0.133,0.133,0.467,0.133,28.571,2.333,8.906,0.733,7,2.818,-0.818,4,2.787,-0.787,3,2.859,-0.859,0.0,0.0,,0.067,0.133,10.933,4.867,0.067
Josh P. Kennedy,Sydney,33,33.53,Midfielder,21,12.643,93.095,88.952,16,0.762,5,8,74.143,10.476,13.571,24.048,73.069,59.545,83.509,43.564,3.238,1.0,239.4,10.017,2.429,9.902,3.286,7.319,27.208,-3.928,57.195,-2.698,11.048,12.857,23.905,46.215,3.143,7.857,0.714,4.0,3.857,4.238,3.571,2.19,1.19,7.524,17.429,63.542,2.286,13.115,2.905,5.19,5.857,78.862,3.619,0.095,0.381,0.286,0.333,0.905,0.619,0.286,0.048,0.055,0.0,0.0,0.0,,0.0,4.762,0.524,0.095,50.0,0.095,100.0,4,0.19,0.286,0.667,0.524,28.571,4.857,20.816,1.381,14,3.019,-0.876,5,3.69,-1.09,9,2.646,-0.757,0.0,0.0,,0.048,0.714,20.524,10.333,0.095
Sam Reid,Sydney,30,30.01,Key Forward,10,8.08,79.5,64.3,8,0.8,1,0,80.9,6.2,4.7,10.9,72.477,69.355,76.596,56.881,1.8,0.3,154.222,13.608,1.9,5.737,2.0,5.45,27.983,8.38,65.062,-1.426,6.0,4.9,10.9,55.046,1.9,2.7,0.8,1.3,1.4,4.4,1.9,0.0,0.2,1.6,4.5,15.411,0.3,6.667,1.1,1.4,1.5,93.333,4.5,1.5,1.3,0.8,0.8,1.4,0.6,0.8,15.3,19.03,7.8,50.98,2.7,34.615,0.2,2.8,1.0,0.6,50.0,1.8,38.889,6,0.6,0.6,1.6,0.8,37.5,4.0,16.194,1.3,16,3.24,-0.615,13,3.413,-0.336,3,2.494,-1.827,0.0,0.0,,0.0,3.5,11.4,3.9,2.7
Tom Hickey,Sydney,30,30.82,Ruck,21,15.319,103.619,82.381,37,1.762,9,4,80.667,9.19,7.333,16.524,67.435,54.404,83.766,55.62,3.048,1.143,247.35,14.636,3.524,4.689,3.19,5.179,24.261,-0.511,48.641,-5.516,10.238,6.714,16.952,60.393,2.905,4.857,0.524,1.81,3.048,3.571,2.333,0.048,0.571,3.238,22.905,83.944,1.952,8.524,3.0,4.952,6.333,77.444,2.857,0.524,0.333,0.81,0.143,1.19,1.81,-0.619,66.381,77.187,24.048,36.227,7.857,32.673,3.333,2.143,0.619,1.476,16.129,0.619,15.385,10,0.476,0.333,0.857,0.286,55.556,4.667,19.444,2.905,18,2.818,0.904,11,3.349,1.197,7,1.984,0.444,0.0,0.0,,0.0,4.238,12.476,5.286,3.19
Jaidyn Stephenson,North Melbourne,22,22.95,Gen. Forward,19,9.121,77.842,84.789,19,1.0,3,3,81.579,13.105,6.263,19.368,66.304,56.225,87.395,67.663,3.895,1.158,351.889,17.994,2.789,6.943,3.947,4.907,26.165,-7.984,54.861,-0.851,5.105,13.895,19.0,26.87,2.158,3.737,0.895,0.947,2.789,3.526,2.789,0.421,1.263,6.895,3.474,13.333,0.474,13.636,1.053,1.526,1.263,87.5,5.737,0.211,1.0,0.105,1.105,0.842,0.526,0.316,0.0,0.0,0.0,,0.0,,0.0,2.526,0.316,0.105,50.0,0.789,13.333,17,0.895,1.0,2.526,0.421,35.417,4.842,26.361,0.842,48,2.901,-0.38,28,3.012,-0.048,20,2.745,-0.845,0.0,0.0,,0.368,0.895,17.421,5.684,0.579
Lachlan Young,North Melbourne,22,22.73,Midfielder,15,3.853,47.067,45.133,0,0.0,0,0,70.267,7.2,4.0,11.2,72.024,68.519,78.333,64.286,1.867,2.067,170.071,16.088,2.533,4.421,3.0,3.733,21.416,-1.614,61.291,-6.835,3.6,7.733,11.333,31.765,3.133,2.2,0.333,0.333,1.867,2.867,1.8,0.133,0.8,3.8,0.0,0.0,0.0,,0.6,0.6,0.4,83.333,3.867,0.4,0.067,1.067,0.2,0.867,1.067,-0.2,0.0,0.0,0.0,,0.0,,0.0,1.533,0.067,0.533,12.5,0.133,50.0,0,0.0,0.133,0.2,0.067,0.0,1.667,9.025,0.2,3,2.278,-1.611,1,2.279,-1.279,2,2.277,-1.777,0.2,1.639,33.333,0.067,2.667,8.067,4.467,2.267
Tarryn Thomas,North Melbourne,21,21.76,Mid-Forward,21,12.424,84.381,81.238,10,0.476,3,5,76.095,11.095,7.095,18.19,73.822,63.09,90.604,60.995,4.238,1.143,359.8,19.396,3.286,5.536,3.952,4.602,26.538,0.581,51.774,1.334,7.714,10.857,18.571,41.538,2.333,5.333,1.0,1.857,3.476,4.667,3.524,0.667,1.381,5.905,10.81,40.177,1.095,10.132,1.571,2.667,2.238,91.489,4.571,0.429,0.905,0.286,0.762,1.381,0.905,0.476,0.0,0.0,0.0,,0.0,,0.0,3.429,0.476,0.048,0.0,0.619,46.154,24,1.143,0.81,2.571,0.714,44.444,5.524,29.293,0.905,54,3.004,-0.023,23,3.313,-0.009,31,2.775,-0.033,0.0,0.0,,1.0,1.143,19.381,8.81,0.667
Curtis Taylor,North Melbourne,21,21.73,Mid-Forward,19,3.984,49.895,56.421,0,0.0,0,0,71.263,8.105,5.053,13.158,68.4,64.286,75.0,61.6,1.842,0.842,193.444,14.692,2.842,4.63,3.579,3.676,26.195,2.813,58.4,4.959,3.895,9.579,13.474,28.906,1.474,2.842,0.684,1.0,1.842,3.211,2.316,0.158,1.263,4.579,0.526,2.008,0.053,10.0,0.474,0.526,0.526,90.0,4.158,0.316,0.684,0.158,0.579,0.684,0.684,0.0,0.0,0.0,0.0,,0.0,,0.0,2.105,0.737,0.105,50.0,0.421,12.5,7,0.368,0.263,1.105,0.421,33.333,3.895,20.442,0.474,21,3.303,-1.065,14,3.507,-0.793,7,2.894,-1.609,0.053,0.422,0.0,0.053,0.579,11.316,3.632,0.263
Jack Mahony,North Melbourne,20,20.13,Gen. Forward,19,6.953,55.0,52.211,0,0.0,0,0,76.789,6.105,5.474,11.579,69.545,62.069,77.885,52.727,1.526,0.368,131.944,11.203,2.263,5.116,2.474,4.681,30.968,-3.011,60.899,1.467,4.895,7.053,11.947,40.969,1.632,3.842,1.053,1.368,2.474,3.789,3.053,0.211,1.211,3.842,0.0,0.0,0.053,,0.632,0.684,0.684,69.231,2.789,0.053,0.737,0.105,0.316,0.737,0.684,0.053,0.0,0.0,0.0,,0.0,,0.0,3.211,1.263,0.053,0.0,0.579,36.364,9,0.474,0.211,1.0,0.632,47.368,3.263,17.664,0.579,19,3.369,-0.316,9,3.612,-0.278,10,3.151,-0.351,0.0,0.0,,0.053,0.947,18.263,6.316,0.474
Jack Ziebell,North Melbourne,30,30.83,Gen. Defender,21,8.948,107.619,99.905,18,0.857,5,2,84.571,20.286,4.952,25.238,83.208,84.742,76.923,80.377,0.905,7.238,452.95,18.413,2.762,9.138,4.81,5.248,14.779,-4.659,69.205,-2.217,5.095,13.381,18.476,27.577,6.524,3.238,0.0,1.19,2.048,4.619,3.0,0.143,1.333,5.762,0.0,0.0,0.0,,0.381,0.381,0.286,83.333,7.381,0.714,0.0,1.952,0.0,0.81,0.667,0.143,0.0,0.0,0.0,,0.0,,0.0,1.905,0.0,1.429,36.667,0.0,,2,0.095,0.0,0.095,0.048,100.0,2.524,13.452,1.286,2,2.953,3.047,0,,,2,2.953,3.047,6.952,56.809,92.466,0.238,3.238,7.714,5.905,2.524
Jared Polec,North Melbourne,29,29.21,Midfielder,5,4.3,50.4,51.0,0,0.0,0,0,55.2,9.6,3.0,12.6,71.429,75.0,60.0,76.19,1.2,1.4,207.8,16.492,1.8,7.0,2.6,4.846,21.463,-1.009,64.216,10.784,3.4,8.6,12.0,28.333,2.4,2.4,0.2,1.0,1.4,2.2,1.4,0.2,0.6,5.0,0.0,0.0,0.0,,1.0,1.0,1.2,83.333,3.4,0.2,0.0,0.8,0.0,0.6,1.0,-0.4,0.0,0.0,0.0,,0.0,,0.0,2.0,0.8,0.8,50.0,0.0,,0,0.0,0.4,0.6,0.2,0.0,2.0,11.628,0.6,3,2.39,-1.723,2,2.095,-1.595,1,2.981,-1.981,0.4,2.941,100.0,0.2,1.0,10.2,4.8,0.8
Shaun Atley,North Melbourne,29,29.29,Gen. Defender,20,6.345,64.45,65.15,0,0.0,0,0,82.15,9.5,7.7,17.2,81.395,75.263,88.961,55.233,1.25,2.75,224.474,13.328,2.0,8.6,3.15,5.46,18.738,-3.062,65.948,-1.083,4.05,13.2,17.25,23.478,3.3,3.35,0.0,1.25,2.05,3.45,2.8,0.05,0.7,6.7,0.0,0.0,0.1,,0.15,0.25,0.2,75.0,5.35,0.1,0.0,0.2,0.05,0.7,0.35,0.35,0.0,0.0,0.0,,0.0,,0.0,1.3,0.0,0.9,33.333,0.0,,1,0.05,0.05,0.1,0.1,50.0,2.2,11.733,0.5,2,4.37,-0.87,0,,,2,4.37,-0.87,0.3,2.372,33.333,0.7,1.4,9.35,6.95,1.1
Josh Walker,North Melbourne,29,29.13,Key Defender,21,5.971,56.429,52.952,0,0.0,0,0,89.095,7.286,4.905,12.19,79.688,77.778,82.524,59.766,0.762,2.286,184.65,15.073,2.238,5.447,2.048,5.953,16.407,0.954,59.5,-0.473,3.857,8.238,12.095,31.89,4.81,2.333,0.048,0.714,1.619,3.714,2.333,0.0,0.81,2.762,0.286,1.083,0.0,0.0,0.095,0.095,0.143,100.0,5.429,0.952,0.143,1.571,0.0,0.476,0.429,0.048,1.952,2.417,0.714,36.585,0.095,13.333,0.143,1.048,0.048,2.667,19.643,0.524,36.364,3,0.143,0.048,0.238,0.0,60.0,1.429,7.692,0.381,5,3.646,0.154,5,3.646,0.154,0,,,0.19,1.509,25.0,0.095,4.238,6.286,4.667,3.571
Dom Tyson,North Melbourne,28,28.56,Midfielder,3,1.567,23.333,35.0,0,0.0,0,0,46.667,4.333,4.333,8.667,73.077,53.846,92.308,50.0,1.333,0.0,97.667,11.269,2.667,3.25,1.667,5.2,27.531,-10.864,60.86,-10.86,1.667,7.667,9.333,17.857,0.667,0.667,0.667,0.333,0.333,1.0,0.333,0.0,0.0,4.0,4.333,17.568,0.333,7.692,0.667,1.0,1.0,100.0,3.667,0.0,0.0,0.0,0.333,0.333,0.667,-0.333,0.0,0.0,0.0,,0.0,,0.0,1.0,0.333,0.333,0.0,0.0,,0,0.0,0.0,0.0,0.333,,2.0,11.538,0.333,0,,,0,,,0,,,0.0,0.0,,0.0,1.333,8.0,5.0,0.333
Connor Menadue,North Melbourne,25,25.28,Gen. Defender,7,8.943,63.429,57.714,0,0.0,0,0,69.571,7.714,7.0,14.714,87.379,85.185,89.796,52.427,1.0,2.0,197.714,13.437,1.429,10.3,2.429,6.059,19.479,1.275,65.439,4.372,4.571,10.571,15.143,30.189,4.714,3.571,0.0,1.286,2.286,4.143,3.286,0.0,1.0,4.857,0.0,0.0,0.143,,0.286,0.429,0.143,100.0,5.143,0.286,0.0,1.0,0.0,0.857,0.286,0.571,0.0,0.0,0.0,,0.0,,0.0,1.286,0.0,0.714,60.0,0.0,,0,0.0,0.0,0.0,0.0,,2.286,11.765,1.143,0,,,0,,,0,,,0.143,1.25,100.0,0.429,1.429,10.429,7.857,1.0
Kayne Turner,North Melbourne,26,26.0,Gen. Defender,22,5.386,49.0,50.136,0,0.0,0,0,83.136,6.091,5.727,11.818,71.154,63.433,79.365,51.538,1.182,1.364,147.238,12.27,2.045,5.778,2.136,5.532,24.05,-4.377,63.652,-7.094,4.773,7.318,12.091,39.474,3.5,3.591,0.545,0.818,2.773,3.682,2.818,0.0,1.5,3.455,3.318,12.521,0.182,5.479,0.682,0.864,0.682,86.667,3.136,0.182,0.273,0.773,0.091,1.591,0.682,0.909,0.0,0.0,0.0,,0.0,,0.0,2.682,0.045,0.955,28.571,0.227,20.0,2,0.091,0.182,0.273,0.136,33.333,1.955,10.539,0.773,6,3.936,-1.27,3,4.087,-1.421,3,3.786,-1.119,0.045,0.361,100.0,0.045,1.955,14.045,6.727,1.227
Todd Marshall,Port Adelaide,23,23.23,Key Forward,21,7.476,61.19,52.619,2,0.095,2,0,68.81,7.571,2.619,10.19,70.561,66.667,81.818,74.299,1.81,0.381,173.619,17.037,1.524,6.688,2.143,4.756,31.602,6.58,56.2,7.436,4.571,5.952,10.524,43.439,1.095,2.19,0.762,0.286,1.905,4.381,2.095,0.048,0.905,2.476,0.238,0.928,0.0,0.0,0.238,0.238,0.19,100.0,4.048,1.095,1.571,0.19,0.381,0.857,0.381,0.476,1.952,2.294,0.238,12.195,0.095,40.0,0.0,1.286,0.524,0.238,20.0,2.238,34.043,24,1.143,0.571,2.0,0.619,57.143,4.619,20.594,0.524,42,3.724,-0.01,33,3.763,-0.339,9,3.58,1.198,0.0,0.0,,0.0,2.0,9.19,1.81,1.381
Robbie Gray,Port Adelaide,33,33.75,Gen. Forward,18,11.539,82.0,71.556,14,0.778,4,1,82.0,8.722,8.944,17.667,71.698,59.873,83.23,49.371,2.278,0.444,218.111,12.346,2.444,7.227,2.833,6.235,31.33,4.953,56.651,7.951,7.833,9.944,17.778,44.062,1.556,5.222,1.611,1.944,3.278,4.167,3.167,1.222,1.556,5.833,9.111,35.193,1.0,10.976,1.944,2.944,2.722,85.714,3.722,0.333,1.278,0.056,0.778,0.889,0.778,0.111,0.0,0.0,0.0,,0.0,,0.0,2.667,0.722,0.0,,1.444,26.923,20,1.111,0.444,2.056,1.0,54.054,5.833,25.547,0.944,37,3.176,0.284,22,3.293,0.117,15,3.004,0.529,0.0,0.0,,0.222,1.056,13.222,3.722,0.167
Tom Rockliff,Port Adelaide,31,31.85,Midfielder,2,2.3,12.5,13.5,0,0.0,0,0,18.0,1.5,4.0,5.5,72.727,33.333,87.5,27.273,0.5,0.0,45.0,8.182,0.0,,0.5,11.0,30.295,19.705,55.595,-5.595,2.5,3.5,6.0,41.667,1.0,1.5,0.0,0.5,1.0,1.0,1.0,0.0,0.5,3.5,3.5,11.475,0.5,14.286,0.5,1.0,1.5,66.667,0.0,0.0,0.0,0.0,0.0,0.5,0.0,0.5,0.0,0.0,0.0,,0.0,,0.0,0.0,0.0,0.0,,0.0,,0,0.0,0.5,0.5,0.0,0.0,2.0,6.557,1.0,1,2.742,-1.742,1,2.742,-1.742,0,,,0.0,0.0,,0.0,0.5,2.5,0.5,0.0
Charlie Dixon,Port Adelaide,31,31.27,Key Forward,24,11.85,87.125,68.042,30,1.25,5,3,94.833,7.417,4.875,12.292,68.475,62.921,76.923,60.339,1.708,0.125,181.458,14.763,3.167,3.882,2.833,4.338,30.328,-2.742,53.157,-1.433,8.458,4.375,12.833,65.909,1.167,3.417,1.75,1.708,1.708,6.875,2.75,0.0,0.875,1.917,1.292,5.032,0.208,16.129,0.75,0.958,1.25,70.0,4.042,2.458,1.833,0.208,0.833,1.625,1.125,0.5,10.75,12.81,4.333,40.31,1.333,30.769,0.583,2.083,0.875,0.0,,6.042,31.034,48,2.0,1.0,3.333,0.5,60.0,6.292,27.706,1.333,80,3.675,0.225,62,3.713,0.206,18,3.545,0.289,0.0,0.0,,0.042,2.792,11.375,2.333,1.792
Steven Motlop,Port Adelaide,30,30.8,Gen. Forward,19,6.889,65.947,66.316,9,0.474,3,0,80.474,8.895,6.737,15.632,74.411,67.456,83.594,56.902,2.105,0.579,200.421,12.822,2.105,7.425,3.158,4.95,25.085,-2.122,59.142,7.525,4.158,11.737,15.895,26.159,1.053,3.0,1.211,0.632,2.421,3.632,2.579,0.053,1.105,6.526,0.0,0.0,0.0,,0.316,0.316,0.421,37.5,4.263,0.263,1.053,0.053,0.421,0.684,0.579,0.105,0.0,0.0,0.0,,0.0,,0.0,2.474,0.737,0.158,100.0,1.158,36.364,13,0.684,0.421,1.579,0.526,43.333,4.632,21.256,0.474,30,3.204,-0.337,19,3.6,0.136,11,2.519,-1.155,0.0,0.0,,0.526,0.895,13.789,3.579,0.263
Scott Lycett,Port Adelaide,29,29.26,Ruck,20,11.035,93.0,83.95,10,0.5,3,0,78.9,7.0,7.7,14.7,70.068,60.714,78.571,47.619,2.45,0.95,187.3,12.741,3.15,4.667,2.75,5.345,24.977,-8.905,50.233,-4.697,8.15,6.85,15.0,54.333,3.1,4.85,0.2,2.15,2.7,3.35,2.55,0.0,0.85,3.55,18.85,75.4,1.4,7.427,1.8,3.2,4.2,78.571,2.8,0.2,0.45,0.55,0.2,1.35,1.9,-0.55,56.2,66.945,26.0,46.263,7.35,28.269,1.55,3.85,0.1,0.9,27.778,0.85,29.412,6,0.3,0.3,0.75,0.25,40.0,4.2,18.143,2.6,15,3.234,-0.434,11,3.524,-0.433,4,2.436,-0.436,0.0,0.0,,0.05,3.65,13.45,7.1,2.75
Tom Jonas,Port Adelaide,30,30.97,Key Defender,24,8.863,75.333,61.625,15,0.625,4,0,95.708,10.833,3.917,14.75,87.288,86.538,89.362,73.446,0.792,4.75,252.042,17.088,1.583,9.316,2.542,5.803,16.734,-3.062,65.47,-5.705,4.667,7.75,12.417,37.584,5.542,2.875,0.0,1.042,1.833,4.375,2.625,0.0,0.875,2.542,0.0,0.0,0.0,,0.25,0.25,0.167,50.0,5.542,0.792,0.0,1.917,0.0,0.875,0.792,0.083,0.0,0.0,0.0,,0.0,,0.0,1.542,0.0,2.917,22.857,0.0,,0,0.0,0.0,0.0,0.083,,2.042,8.991,1.083,0,,,0,,,0,,,2.917,27.668,81.429,0.0,7.167,7.125,5.583,6.125
Tom Clurey,Port Adelaide,27,27.77,Key Defender,11,8.773,70.364,54.091,7,0.636,1,0,85.0,9.364,3.364,12.727,77.143,82.524,62.162,73.571,0.182,2.455,178.909,14.057,1.727,7.368,2.091,6.087,15.881,-5.097,70.478,0.11,5.091,7.455,12.545,40.58,6.273,3.0,0.0,0.909,2.091,5.0,2.909,0.0,1.0,3.091,0.0,0.0,0.0,,0.091,0.091,0.091,100.0,5.545,1.545,0.0,2.455,0.0,0.455,0.727,-0.273,0.0,0.0,0.0,,0.0,,0.0,1.091,0.0,4.455,22.449,0.091,0.0,0,0.0,0.0,0.0,0.0,,1.0,4.264,0.364,0,,,0,,,0,,,0.455,4.0,40.0,0.091,5.545,5.818,4.727,5.182
Tanner Bruhn,Greater Western Sydney,19,19.59,Gen. Forward,13,6.5,44.538,35.308,0,0.0,0,0,56.308,4.308,3.462,7.769,75.248,62.5,91.111,55.446,1.846,0.385,136.167,17.761,1.0,7.769,1.308,5.941,27.899,2.536,50.174,-4.522,3.692,4.077,7.769,47.525,1.692,3.0,1.077,0.692,2.308,2.692,2.231,0.077,0.846,2.077,2.846,10.632,0.231,8.108,0.615,0.846,0.692,77.778,1.231,0.0,0.077,0.077,0.231,0.615,0.385,0.231,0.0,0.0,0.0,,0.0,,0.0,2.538,0.846,0.0,,0.385,60.0,4,0.308,0.308,0.692,0.385,44.444,2.615,12.1,0.538,9,3.704,-0.593,2,4.73,1.27,7,3.411,-1.125,0.0,0.0,,0.231,0.923,11.692,3.231,0.462
Sam J. Reid,Greater Western Sydney,32,32.14,Gen. Defender,15,4.06,38.333,34.2,0,0.0,0,0,78.333,4.267,3.867,8.133,72.131,67.188,77.586,52.459,0.933,1.2,105.143,12.475,2.2,3.697,1.667,4.88,22.951,6.215,65.086,3.664,3.4,4.267,7.667,44.348,2.867,2.267,0.2,1.2,1.067,3.0,1.933,0.0,0.6,2.333,0.0,0.0,0.0,,0.2,0.2,0.267,50.0,1.667,0.2,0.2,0.2,0.133,0.467,1.0,-0.533,0.0,0.0,0.0,,0.0,,0.0,2.333,0.333,0.733,18.182,0.533,37.5,4,0.267,0.267,0.6,0.333,44.444,2.133,10.0,0.467,9,3.489,-0.378,4,3.945,-1.945,5,3.124,0.876,0.467,4.094,71.429,0.0,1.6,9.467,5.6,0.667
Matt de Boer,Greater Western Sydney,31,31.81,Mid-Forward,11,7.018,62.909,58.727,0,0.0,0,0,77.182,6.0,8.545,14.545,75.625,63.636,84.043,41.25,2.818,0.909,172.0,11.781,2.0,7.273,2.182,6.667,28.583,-1.464,52.041,-1.193,5.909,8.455,14.364,41.139,1.818,4.182,0.818,1.455,2.727,3.818,2.818,0.636,1.182,5.091,4.455,16.554,0.273,6.122,1.091,1.364,1.636,66.667,3.091,0.455,0.091,0.091,0.091,0.455,0.636,-0.182,0.091,0.101,0.0,0.0,0.0,,0.0,3.636,1.091,0.091,0.0,0.273,33.333,2,0.182,0.182,0.364,0.727,50.0,3.455,16.45,0.545,4,3.307,0.193,0,,,4,3.307,0.193,0.0,0.0,,0.0,1.182,15.455,5.636,0.182
Phil Davis,Greater Western Sydney,31,31.33,Key Defender,11,6.682,52.636,41.727,0,0.0,0,0,77.182,5.818,4.273,10.091,88.288,85.938,91.489,57.658,0.455,1.818,92.7,9.178,2.182,4.625,0.909,11.1,18.086,-5.182,73.03,12.454,3.909,6.273,10.182,38.393,4.909,2.182,0.182,1.0,1.182,3.909,2.182,0.0,0.545,2.273,0.0,0.0,0.0,,0.0,0.0,0.0,,4.273,0.818,0.0,1.636,0.0,0.909,1.273,-0.364,0.0,0.0,0.0,,0.0,,0.0,1.455,0.091,3.091,17.647,0.091,0.0,0,0.0,0.0,0.0,0.091,,1.182,6.25,0.545,0,,,0,,,0,,,0.091,0.82,0.0,0.091,4.182,5.727,4.182,3.818
Shaun McKernan,St Kilda,31,31.33,Ruck,4,3.75,40.5,45.0,0,0.0,0,0,76.0,6.0,3.0,9.0,44.444,33.333,66.667,66.667,1.0,0.5,101.5,11.278,5.75,1.565,3.25,2.769,24.291,-19.027,51.973,-25.657,6.25,3.25,9.5,65.789,0.75,2.5,1.0,1.5,1.0,3.0,1.25,0.0,1.0,1.25,11.0,37.288,1.0,9.091,0.5,1.5,3.0,58.333,2.0,0.5,0.75,0.25,0.25,0.5,2.25,-1.75,26.0,31.325,11.0,42.308,3.25,29.545,1.75,1.75,0.25,0.75,33.333,1.5,0.0,2,0.5,0.25,1.0,0.0,50.0,1.75,10.0,0.0,4,3.518,-0.268,2,3.975,-0.975,2,3.062,0.438,0.0,0.0,,0.0,3.25,9.25,3.75,2.25
Sebastian Ross,St Kilda,28,28.65,Midfielder,20,9.85,78.75,79.85,6,0.3,3,0,83.7,11.25,9.75,21.0,71.667,59.556,85.641,53.571,3.0,1.75,276.833,13.01,2.55,8.235,3.4,6.176,25.088,0.04,56.952,0.484,6.8,14.2,21.0,32.381,2.4,4.85,0.35,1.6,3.25,3.1,2.4,0.8,1.3,8.5,8.15,30.41,1.05,12.883,1.95,3.0,2.95,72.881,4.55,0.1,0.1,0.4,0.2,0.65,0.6,0.05,0.0,0.0,0.0,,0.0,,0.0,3.05,0.6,0.3,16.667,0.15,66.667,5,0.25,0.4,0.8,0.35,31.25,4.9,23.558,0.95,16,3.095,-0.72,3,2.858,1.142,13,3.15,-1.15,0.0,0.0,,0.55,1.7,14.8,6.45,0.55
Daniel McKenzie,St Kilda,25,25.62,Midfielder,12,9.558,64.583,59.167,0,0.0,0,0,70.583,8.75,6.25,15.0,83.333,77.143,92.0,58.333,2.167,0.667,214.2,13.141,2.5,6.0,2.417,6.207,24.816,-1.411,61.245,5.777,4.5,10.417,14.917,30.168,2.917,3.333,0.25,0.833,2.5,3.167,2.5,0.083,0.833,4.75,0.0,0.0,0.5,,0.833,1.333,0.833,60.0,4.667,0.167,0.167,0.417,0.083,0.5,1.083,-0.583,0.167,0.194,0.0,0.0,0.0,,0.0,1.667,0.333,0.667,62.5,0.0,,5,0.417,0.0,0.417,0.417,100.0,3.167,15.702,0.833,5,4.122,1.878,2,4.108,1.892,3,4.132,1.868,0.0,0.0,,0.333,1.417,13.333,6.667,0.833
Jack Lonie,St Kilda,25,25.38,Gen. Forward,11,3.7,37.818,43.545,0,0.0,0,0,67.273,6.182,3.636,9.818,59.259,45.588,82.5,62.963,1.636,0.636,140.111,15.762,1.273,7.714,1.545,6.353,28.711,3.365,53.485,6.892,2.636,7.273,9.909,26.606,1.0,1.727,0.636,0.545,1.182,2.0,1.455,0.091,0.909,4.0,0.0,0.0,0.0,,0.273,0.273,0.455,40.0,2.091,0.091,0.091,0.091,0.455,1.0,0.091,0.909,0.0,0.0,0.0,,0.0,,0.0,2.0,1.091,0.091,100.0,0.636,14.286,4,0.364,0.545,1.182,0.273,30.769,2.545,12.903,0.182,13,3.126,-0.818,5,4.032,-1.032,8,2.56,-0.685,0.0,0.0,,0.0,0.455,12.091,2.909,0.273
Paul Hunter,St Kilda,28,28.89,Ruck,7,5.271,49.0,47.143,0,0.0,0,0,68.429,2.571,4.143,6.714,65.957,27.778,89.655,38.298,1.0,0.429,58.667,9.263,3.143,2.136,1.286,5.222,24.178,-24.178,48.989,-30.807,3.857,3.286,7.143,54.0,1.0,1.857,0.143,0.286,1.571,1.429,1.143,0.0,0.286,2.143,13.714,49.741,0.857,6.25,1.429,2.286,2.571,77.778,0.714,0.0,0.0,0.143,0.0,0.714,1.857,-1.143,46.571,50.779,16.143,34.663,3.0,18.584,0.429,4.0,0.571,0.429,33.333,0.571,25.0,2,0.286,0.0,0.286,0.143,100.0,1.286,6.618,0.857,2,4.754,1.246,1,3.718,2.282,1,5.79,0.21,0.0,0.0,,0.0,4.286,15.429,8.143,3.0
Brandon Ellis,Gold Coast,28,28.41,Midfielder,18,7.761,89.556,93.833,19,1.056,5,5,82.444,15.167,8.333,23.5,75.887,75.092,77.333,64.539,2.667,2.611,325.059,13.884,3.167,7.421,4.556,5.159,20.639,-5.696,64.53,-3.993,6.167,17.611,23.778,25.935,3.944,5.167,0.333,1.389,3.778,3.722,3.278,0.278,1.333,8.611,0.0,0.0,0.056,,1.667,1.722,1.389,80.0,7.222,0.111,0.167,0.5,0.167,0.611,0.944,-0.333,0.0,0.0,0.0,,0.0,,0.0,2.611,0.333,0.278,40.0,0.111,0.0,5,0.278,0.111,0.444,0.389,62.5,3.444,16.986,1.167,8,2.933,1.067,4,3.287,-0.037,4,2.579,2.171,0.056,0.526,100.0,0.833,1.444,13.944,7.722,0.556
Zac Langdon,West Coast,26,26.13,Gen. Forward,17,5.565,45.706,44.529,0,0.0,0,0,69.176,4.765,5.941,10.706,73.077,59.259,84.158,44.505,0.588,0.471,98.706,9.22,2.059,5.2,2.059,5.2,26.217,-2.489,62.812,1.595,4.353,6.588,10.941,39.785,1.353,3.529,1.294,1.294,2.235,4.118,3.294,0.0,1.176,2.765,0.0,0.0,0.0,,0.059,0.059,0.0,,3.235,0.294,0.765,0.059,0.412,0.353,0.824,-0.471,0.0,0.0,0.0,,0.0,,0.0,2.059,0.765,0.0,,0.294,20.0,6,0.353,0.412,1.235,0.471,28.571,2.765,12.467,0.176,21,3.027,-0.98,11,2.95,-1.496,10,3.112,-0.412,0.0,0.0,,0.0,0.824,13.294,3.824,0.471
Shannon Hurn,West Coast,34,34.32,Gen. Defender,15,10.567,90.867,87.533,20,1.333,4,0,70.267,17.333,4.467,21.8,87.768,85.769,95.522,79.511,1.6,6.0,465.4,21.349,1.867,11.679,3.467,6.288,15.725,1.736,64.504,-0.615,4.2,11.533,15.733,26.695,6.467,2.667,0.0,0.667,2.0,4.067,2.533,0.0,1.0,4.533,0.0,0.0,0.0,,0.2,0.2,0.133,50.0,6.867,0.867,0.0,2.667,0.0,0.6,0.333,0.267,0.0,0.0,0.0,,0.0,,0.0,1.6,0.0,1.333,25.0,0.0,,0,0.0,0.0,0.0,0.133,,3.0,14.851,2.133,0,,,0,,,0,,,6.6,58.929,90.909,0.467,1.667,7.067,4.8,1.267
Josh J. Kennedy,West Coast,34,34.35,Key Forward,18,10.106,69.611,59.611,9,0.5,2,2,83.167,7.278,2.611,9.889,64.607,61.832,72.34,73.596,2.0,0.056,213.556,21.596,1.722,5.742,2.222,4.45,34.544,5.111,56.273,4.072,4.389,6.167,10.556,41.579,0.611,1.889,1.278,0.833,1.056,4.278,1.833,0.056,0.778,1.611,0.0,0.0,0.0,,0.111,0.111,0.056,100.0,4.944,1.111,2.889,0.111,1.5,0.778,0.889,-0.111,0.167,0.201,0.111,66.667,0.0,0.0,0.0,1.167,0.778,0.0,,2.056,27.027,41,2.278,1.167,4.0,0.833,56.944,5.889,28.042,0.222,72,2.969,0.739,55,2.996,1.04,17,2.883,-0.235,0.0,0.0,,0.056,1.5,7.889,1.056,0.778
Nic Naitanui,West Coast,31,31.66,Ruck,22,18.759,115.182,85.318,70,3.182,15,5,68.182,7.0,8.227,15.227,62.985,42.857,80.11,45.97,3.5,0.727,209.182,13.737,2.545,5.982,3.0,5.076,26.189,-10.441,41.673,-10.964,12.409,3.364,15.773,78.674,1.545,5.364,1.045,3.227,2.136,3.273,1.909,0.045,0.818,2.273,21.864,79.242,2.455,11.227,4.727,7.182,8.364,78.804,1.545,0.955,0.136,0.364,0.0,1.364,0.773,0.591,59.045,70.216,31.227,52.887,12.273,39.301,4.227,2.955,0.409,0.455,20.0,1.182,26.923,3,0.136,0.318,0.591,0.455,23.077,5.318,25.054,3.955,13,3.231,-1.308,5,4.255,-1.655,8,2.59,-1.09,0.0,0.0,,0.273,3.045,13.409,4.864,2.045
Nathan Vardy,West Coast,30,30.51,Ruck,9,5.478,41.444,31.111,0,0.0,0,0,59.778,2.0,2.222,4.222,89.474,100.0,80.0,47.368,0.778,0.333,47.444,11.237,1.333,3.167,0.889,4.75,30.646,7.815,55.406,13.825,2.667,1.889,4.556,58.537,0.556,1.333,0.333,0.778,0.556,1.667,0.889,0.0,0.111,0.556,6.0,21.26,0.111,1.852,0.556,0.667,1.0,77.778,1.444,0.444,0.556,0.333,0.0,0.556,0.889,-0.333,22.444,25.093,10.222,45.545,3.556,34.783,0.111,1.222,0.111,0.222,0.0,0.556,0.0,5,0.556,0.0,0.556,0.222,100.0,2.111,10.27,0.889,5,4.064,1.936,4,4.461,1.539,1,2.479,3.521,0.0,0.0,,0.0,2.556,6.778,3.0,2.111
Brad Sheppard,West Coast,30,30.6,Gen. Defender,20,4.685,68.5,71.3,3,0.15,1,0,89.05,11.0,6.35,17.35,79.827,76.818,85.039,63.401,1.0,2.45,225.1,12.974,1.6,10.844,2.9,5.983,18.902,-0.677,63.229,-0.612,4.3,13.0,17.3,24.855,4.7,3.1,0.0,0.85,2.25,4.0,2.9,0.05,1.0,6.2,0.0,0.0,0.0,,0.25,0.25,0.15,66.667,6.45,0.5,0.0,1.05,0.05,0.6,0.25,0.35,0.0,0.0,0.0,,0.0,,0.0,1.6,0.0,1.0,25.0,0.05,0.0,0,0.0,0.0,0.0,0.1,,2.25,10.588,0.45,0,,,0,,,0,,,0.35,3.286,100.0,0.05,2.95,10.25,8.15,2.45
Jack Redden,West Coast,31,31.06,Midfielder,18,9.622,91.333,93.889,7,0.389,4,1,82.889,11.556,13.056,24.611,75.621,63.942,85.957,46.953,2.722,1.111,252.833,10.273,2.944,8.358,3.444,7.145,24.176,-2.638,58.653,-4.807,9.722,15.556,25.278,38.462,4.0,5.444,0.278,1.556,3.889,4.444,3.278,2.056,2.111,9.056,17.333,62.777,1.444,8.333,2.556,4.0,4.444,78.75,5.778,0.389,0.0,0.667,0.0,1.111,0.722,0.389,0.0,0.0,0.0,,0.0,,0.0,3.944,0.278,0.167,66.667,0.111,50.0,3,0.167,0.056,0.222,0.167,75.0,4.611,22.252,1.167,4,2.869,1.881,2,3.12,2.88,2,2.618,0.882,0.0,0.0,,0.111,1.889,20.556,11.333,0.222
Andrew Gaff,West Coast,29,29.54,Midfielder,21,10.043,91.286,97.333,23,1.095,4,9,88.0,16.333,11.143,27.476,76.95,68.222,89.744,59.445,3.667,1.81,336.476,12.246,3.095,8.877,4.571,6.01,23.828,-0.431,59.845,2.655,7.333,20.048,27.381,26.783,3.048,4.524,0.333,1.0,3.524,3.476,2.524,1.524,1.095,11.524,8.0,28.866,0.762,9.524,2.19,2.952,3.476,72.603,6.667,0.238,0.143,0.619,0.048,0.762,0.762,0.0,0.0,0.0,0.0,,0.0,,0.0,1.667,0.048,0.238,60.0,0.048,100.0,3,0.143,0.048,0.381,0.571,37.5,4.857,22.368,0.857,8,2.484,-0.109,2,2.769,0.731,6,2.389,-0.389,0.0,0.0,,0.333,1.095,11.571,6.524,0.381
Dom Sheed,West Coast,26,26.72,Midfielder,22,8.491,82.227,91.591,35,1.591,8,13,83.273,14.545,11.773,26.318,64.94,55.625,76.448,55.268,3.773,1.909,388.318,14.755,4.773,5.514,5.455,4.825,22.944,-1.591,51.14,-3.809,10.5,16.045,26.545,39.555,2.591,5.591,0.455,2.0,3.591,3.682,3.0,3.364,1.409,9.545,18.318,66.392,2.227,12.159,3.045,5.273,5.909,77.692,4.909,0.045,0.227,0.409,0.136,1.227,1.182,0.045,0.091,0.108,0.0,0.0,0.0,,0.0,2.318,0.136,0.182,50.0,0.091,50.0,9,0.409,0.273,0.818,0.364,50.0,4.636,21.842,0.636,18,2.579,0.754,6,2.915,0.419,12,2.412,0.922,0.0,0.0,,0.318,1.091,16.818,7.455,0.364
Jackson Nelson,West Coast,25,25.79,Gen. Defender,19,5.368,49.211,50.421,0,0.0,0,0,73.947,9.263,3.0,12.263,80.258,76.705,91.228,75.536,1.0,2.421,190.842,15.562,1.474,8.321,2.211,5.548,17.636,-6.525,63.805,2.862,3.789,7.895,11.684,32.432,3.263,2.684,0.0,0.737,1.947,3.105,2.211,0.053,0.737,3.421,0.684,2.462,0.211,30.769,0.526,0.737,0.579,90.909,4.0,0.053,0.0,0.579,0.053,0.211,0.368,-0.158,0.0,0.0,0.0,,0.0,,0.0,1.368,0.053,0.632,33.333,0.053,0.0,0,0.0,0.053,0.105,0.0,0.0,1.316,5.995,0.579,2,2.321,-1.821,0,,,2,2.321,-1.821,1.421,12.919,100.0,0.105,2.263,11.526,6.947,1.0
Zach Tuohy,Geelong,32,32.05,Gen. Defender,21,10.581,88.667,83.81,30,1.429,5,4,82.762,15.524,7.381,22.905,80.042,74.54,91.613,67.775,2.619,4.524,458.35,20.147,2.476,9.25,3.238,7.074,18.951,0.981,58.561,6.304,5.429,14.476,19.905,27.273,4.381,4.619,0.238,1.429,3.19,4.095,3.524,0.19,1.333,8.19,0.048,0.193,0.286,100.0,1.0,1.286,0.857,88.889,5.333,0.143,0.238,0.905,0.048,0.429,0.81,-0.381,0.0,0.0,0.0,,0.0,,0.0,1.238,0.238,0.571,33.333,0.429,55.556,11,0.524,0.381,0.952,0.333,55.0,4.238,18.658,1.333,20,3.004,0.696,12,2.925,0.492,8,3.122,1.003,2.952,28.837,88.71,1.0,0.857,6.905,4.143,0.286
David Mackay,Adelaide,33,33.43,Midfielder,18,6.672,55.722,52.611,0,0.0,0,0,70.111,8.167,5.167,13.333,75.833,70.068,84.946,61.25,2.0,1.333,228.765,17.208,1.611,8.276,2.611,5.106,23.811,-0.189,58.901,-2.208,4.167,8.889,13.056,31.915,2.278,3.111,0.611,0.556,2.556,3.0,2.111,0.167,0.944,5.889,0.0,0.0,0.167,,0.722,0.889,0.833,80.0,2.278,0.111,0.278,0.333,0.222,0.889,0.389,0.5,0.0,0.0,0.0,,0.0,,0.0,2.222,0.278,0.5,33.333,0.222,0.0,6,0.333,0.333,0.778,0.333,42.857,3.611,17.241,0.611,14,3.322,-0.322,2,3.446,0.054,12,3.302,-0.385,0.722,6.667,61.538,0.444,0.778,11.389,6.667,0.444
Lance Franklin,Sydney,34,34.91,Key Forward,18,13.267,84.111,70.111,32,1.778,6,8,89.722,8.722,3.111,11.833,66.667,64.331,73.214,73.709,2.944,0.056,264.882,22.074,3.056,3.873,3.389,3.492,34.586,0.197,50.358,3.265,6.278,6.222,12.5,50.222,0.333,2.667,1.333,1.833,0.833,6.167,2.611,0.0,0.667,2.778,0.0,0.0,0.0,,0.111,0.111,0.111,100.0,4.5,2.0,2.389,0.0,1.278,1.333,1.889,-0.556,0.333,0.378,0.0,0.0,0.0,,0.0,2.556,1.333,0.0,,5.722,38.835,51,2.833,1.333,4.611,0.611,61.446,6.389,27.316,0.222,84,3.366,0.563,60,3.553,0.53,24,2.898,0.644,0.0,0.0,,0.056,1.333,8.333,1.056,0.778
Martin Gleeson,Essendon,27,27.35,Gen. Defender,6,5.283,48.667,42.667,0,0.0,0,0,55.833,5.5,4.5,10.0,85.0,84.848,85.185,55.0,0.667,1.0,111.333,11.133,0.667,15.0,1.0,10.0,19.082,9.043,68.007,6.993,1.833,8.5,10.333,17.742,2.167,1.333,0.0,0.667,0.667,1.5,1.0,0.0,0.167,4.5,0.0,0.0,0.0,,0.167,0.167,0.167,100.0,3.5,0.0,0.0,0.167,0.0,0.333,0.333,0.0,0.0,0.0,0.0,,0.0,,0.0,1.833,0.0,1.0,33.333,0.167,0.0,0,0.0,0.0,0.0,0.0,,1.5,6.338,0.333,0,,,0,,,0,,,0.0,0.0,,0.0,2.667,8.0,6.5,1.833
Hamish Hartlett,Port Adelaide,31,31.38,Gen. Defender,10,5.91,58.1,56.3,0,0.0,0,0,71.7,8.5,6.6,15.1,71.523,64.706,80.303,56.291,1.8,2.4,242.3,16.046,2.5,6.04,2.9,5.207,22.421,-3.755,56.717,-6.051,4.5,10.3,14.8,30.405,4.0,3.5,0.1,1.7,1.8,3.7,2.8,0.1,1.0,6.0,0.0,0.0,0.0,,0.5,0.5,0.2,50.0,3.3,0.2,0.1,0.6,0.1,0.8,1.1,-0.3,0.0,0.0,0.0,,0.0,,0.0,2.2,0.2,0.6,0.0,0.1,0.0,2,0.2,0.2,0.4,0.3,50.0,3.4,15.741,1.1,4,2.127,1.373,2,1.593,1.907,2,2.661,0.839,0.7,7.0,57.143,0.0,2.7,11.1,8.0,1.6
Max King,St Kilda,21,21.48,Key Forward,20,8.385,61.8,54.55,15,0.75,3,3,84.4,6.3,3.35,9.65,62.694,53.175,80.597,65.285,1.65,0.05,167.474,17.2,2.05,4.707,2.3,4.196,32.701,7.775,48.374,4.007,6.05,3.7,9.75,62.051,0.5,2.55,1.7,1.2,1.35,5.95,2.45,0.0,0.65,1.0,0.0,0.0,0.0,,0.05,0.05,0.1,50.0,4.5,2.4,2.7,0.1,0.9,0.9,0.7,0.2,2.35,2.765,0.55,23.404,0.1,18.182,0.0,0.8,0.45,0.1,50.0,4.15,37.349,38,1.9,1.5,3.9,0.65,48.718,5.55,26.683,0.35,78,3.498,-0.19,64,3.649,-0.18,14,2.806,-0.235,0.0,0.0,,0.0,1.25,6.5,0.9,0.8
Jed Anderson,North Melbourne,27,27.9,Midfielder,7,9.614,82.0,80.286,0,0.0,0,0,72.429,9.286,9.571,18.857,67.424,55.385,79.104,49.242,2.429,1.0,241.0,12.78,4.0,4.714,4.286,4.4,26.838,-2.31,53.387,-0.557,8.286,11.143,19.429,42.647,2.857,5.857,0.286,1.857,4.0,4.0,3.0,1.143,0.857,6.857,11.571,44.262,1.286,11.111,1.429,2.714,3.857,77.778,3.143,0.143,0.429,0.286,0.143,0.714,1.286,-0.571,0.0,0.0,0.0,,0.0,,0.0,5.857,0.571,0.0,,0.714,0.0,4,0.571,0.143,0.714,0.571,80.0,3.571,22.124,0.429,5,2.777,2.223,3,3.122,1.212,2,2.26,3.74,0.0,0.0,,0.0,1.286,22.714,12.429,0.143
Aaron Hall,North Melbourne,31,31.14,Gen. Defender,20,11.135,105.25,109.15,31,1.55,9,3,77.65,21.15,6.75,27.9,75.806,72.813,85.185,75.806,2.85,7.35,659.053,22.767,3.25,8.585,5.25,5.314,17.97,1.385,59.921,6.332,4.05,19.45,23.5,17.234,4.15,3.3,0.0,0.95,2.35,3.45,2.95,0.2,1.35,11.55,0.0,0.0,0.0,,0.5,0.5,0.55,81.818,7.5,0.2,0.15,0.95,0.05,0.4,0.2,0.2,0.0,0.0,0.0,,0.0,,0.0,2.25,0.05,0.75,26.667,0.05,0.0,2,0.1,0.3,0.5,0.4,20.0,4.45,24.054,1.4,10,2.635,-0.835,3,2.681,1.319,7,2.615,-1.758,4.8,38.866,88.542,0.85,1.35,9.95,7.9,1.0
Trent Cotchin,Richmond,31,31.73,Midfielder,17,9.929,76.118,75.824,9,0.529,4,3,72.353,12.118,8.647,20.765,63.739,55.34,75.51,58.357,3.353,1.588,295.647,14.238,3.647,5.694,4.059,5.116,26.834,-6.513,53.947,-4.214,9.412,11.529,20.941,44.944,2.412,7.0,0.353,3.176,3.824,3.294,2.941,1.059,0.941,7.235,18.0,69.704,1.706,9.477,2.294,4.0,5.118,66.667,3.118,0.059,0.118,0.118,0.176,1.0,0.765,0.235,0.0,0.0,0.0,,0.0,,0.0,3.353,0.235,0.118,100.0,0.235,25.0,2,0.118,0.0,0.176,0.118,66.667,3.588,16.667,0.824,3,2.705,1.295,1,2.95,3.05,2,2.582,0.418,0.0,0.0,,0.0,1.647,18.412,7.765,0.412
Brendon Ah Chee,West Coast,28,28.02,Mid-Forward,6,8.75,53.167,47.333,2,0.333,1,1,65.167,4.833,6.5,11.333,61.765,51.724,69.231,42.647,2.0,0.0,159.167,14.044,2.0,5.667,2.833,4.0,32.547,-15.881,49.743,-16.409,5.333,6.5,11.833,45.07,2.0,3.667,1.333,1.5,2.167,4.0,3.0,0.167,0.5,3.833,6.333,23.313,0.167,2.632,1.167,1.333,1.333,87.5,2.0,0.667,0.333,0.167,0.0,0.167,0.333,-0.167,0.0,0.0,0.0,,0.0,,0.0,2.333,0.333,0.0,,1.0,16.667,5,0.833,0.333,1.5,0.667,55.556,3.167,14.074,0.833,9,3.485,0.07,2,4.009,-0.509,7,3.336,0.236,0.0,0.0,,0.167,1.667,13.0,4.5,0.667
Nathan Wilson,Fremantle,28,28.98,Gen. Defender,18,6.806,71.889,61.778,0,0.0,0,0,82.5,12.944,3.944,16.889,79.276,76.824,87.324,76.645,1.722,5.778,430.0,25.461,1.944,8.686,3.833,4.406,17.348,1.171,57.789,-5.937,4.222,9.889,14.111,29.921,4.611,3.167,0.056,0.778,2.389,3.722,2.722,0.056,1.0,5.222,0.0,0.0,0.056,,0.5,0.556,0.333,83.333,4.111,0.167,0.056,0.611,0.111,0.667,0.722,-0.056,0.0,0.0,0.0,,0.0,,0.0,1.0,0.056,0.611,45.455,0.0,,0,0.0,0.222,0.278,0.167,0.0,3.444,15.271,1.444,5,2.226,-1.426,1,1.65,-1.65,4,2.37,-1.37,3.833,36.508,79.71,0.611,3.167,7.833,6.333,2.722
Zachary Sproule,Greater Western Sydney,23,23.63,Key Forward,10,6.12,52.0,46.1,0,0.0,0,0,70.9,5.5,3.1,8.6,77.907,70.909,90.323,63.953,1.2,0.2,137.6,16.0,2.8,3.071,2.4,3.583,26.214,-13.057,56.163,-0.899,4.1,5.1,9.2,44.565,0.6,2.6,1.0,1.3,1.3,3.3,2.1,0.0,1.0,2.0,2.5,9.058,0.1,4.0,0.4,0.5,0.7,57.143,2.7,0.5,0.6,0.0,0.4,0.9,1.5,-0.6,12.3,13.867,1.4,11.382,1.2,85.714,0.1,2.6,0.7,0.4,0.0,2.5,24.0,11,1.1,0.5,1.7,0.3,64.706,3.3,15.068,0.4,17,3.114,1.063,7,2.889,1.683,10,3.271,0.629,0.0,0.0,,0.0,1.4,10.6,2.9,1.0
Marcus Adams,Brisbane,28,28.5,Key Defender,17,8.524,73.882,59.235,17,1.0,3,0,92.059,9.765,4.176,13.941,69.62,71.687,64.789,70.042,1.176,3.529,238.706,17.122,2.706,5.152,3.471,4.017,16.041,-2.204,56.684,-6.998,6.294,7.294,13.588,46.32,7.647,4.0,0.0,1.176,2.824,5.941,3.647,0.0,1.353,2.824,0.0,0.0,0.0,,0.118,0.118,0.118,50.0,5.412,1.529,0.0,2.588,0.0,0.765,0.824,-0.059,0.0,0.0,0.0,,0.0,,0.0,1.765,0.0,3.353,19.298,0.059,0.0,0,0.0,0.0,0.0,0.059,,1.588,6.444,0.882,0,,,0,,,0,,,0.059,0.581,100.0,0.0,6.706,6.824,5.294,6.0
Chris Mayne,Collingwood,33,33.16,Gen. Defender,17,9.953,94.176,92.824,2,0.118,1,0,83.706,13.235,10.529,23.765,90.347,88.444,92.737,55.693,0.706,2.647,231.625,9.651,1.882,12.625,2.118,11.222,17.634,-0.967,75.452,8.331,4.882,17.235,22.118,22.074,5.647,3.588,0.059,0.529,3.059,4.353,3.118,0.059,1.529,8.882,0.0,0.0,0.235,,0.235,0.471,0.235,75.0,7.529,0.353,0.0,1.294,0.118,0.706,0.529,0.176,0.0,0.0,0.0,,0.0,,0.0,2.588,0.118,0.765,7.692,0.0,,0,0.0,0.0,0.0,0.059,,3.412,17.523,0.765,0,,,0,,,0,,,2.235,25.503,84.211,0.176,2.765,12.647,8.471,1.529
Ben Cunnington,North Melbourne,30,30.5,Midfielder,15,14.52,108.733,99.2,46,3.067,8,15,82.467,13.533,13.267,26.8,70.149,57.635,82.915,50.498,3.6,1.467,320.071,12.013,4.6,5.826,4.4,6.091,25.504,-0.081,55.044,-0.242,15.6,11.6,27.2,57.353,4.333,9.4,1.2,4.333,5.067,5.867,4.8,4.133,1.733,7.267,19.6,71.883,3.667,18.707,3.933,7.6,9.0,79.259,4.133,0.4,0.467,0.733,0.0,2.0,2.067,-0.067,0.0,0.0,0.0,,0.0,,0.0,4.933,0.467,0.0,,0.6,44.444,9,0.6,0.533,1.267,0.467,47.368,5.8,29.392,2.133,19,2.999,0.264,9,2.835,-0.168,10,3.147,0.653,0.0,0.0,,0.0,1.067,19.267,9.733,0.333
Kyron Hayden,North Melbourne,22,22.56,Gen. Defender,3,1.833,28.667,31.0,0,0.0,0,0,69.0,4.667,2.333,7.0,71.429,71.429,71.429,66.667,0.667,1.333,116.0,16.571,2.333,3.0,2.333,3.0,20.506,0.922,63.141,-5.999,2.333,5.333,7.667,30.435,3.667,1.333,0.0,0.333,1.0,2.0,1.0,0.0,0.0,2.0,0.333,1.205,0.0,0.0,0.0,0.0,0.333,100.0,2.667,0.0,0.333,1.333,0.0,1.333,1.667,-0.333,0.0,0.0,0.0,,0.0,,0.0,2.0,0.333,1.333,50.0,0.0,,0,0.0,0.0,0.0,0.0,,1.333,9.091,0.333,0,,,0,,,0,,,0.0,0.0,,0.0,1.0,8.667,7.333,0.667
Easton Wood,Western Bulldogs,32,32.32,Gen. Defender,15,5.953,52.133,49.733,0,0.0,0,0,78.533,7.4,4.333,11.733,78.409,76.577,81.538,63.068,1.2,1.467,170.533,14.534,2.133,5.5,2.2,5.333,20.636,6.097,61.469,4.868,3.867,7.533,11.4,33.918,5.4,2.8,0.067,0.733,2.067,3.8,2.733,0.0,1.267,2.8,0.0,0.0,0.0,,0.067,0.067,0.067,100.0,4.667,0.4,0.067,1.733,0.067,0.6,0.8,-0.2,0.0,0.0,0.0,,0.0,,0.0,1.467,0.0,2.267,29.412,0.133,0.0,2,0.133,0.0,0.2,0.133,66.667,2.133,8.743,1.0,3,3.322,0.678,1,4.848,1.152,2,2.559,0.441,0.067,0.699,100.0,0.2,3.733,6.533,5.133,3.333
Jarrod Harbrow,Gold Coast,33,33.45,Gen. Defender,4,4.475,58.75,68.25,0,0.0,0,0,74.25,12.5,2.5,15.0,80.0,84.0,60.0,83.333,0.75,2.0,205.333,14.0,2.0,7.5,1.75,8.571,15.208,5.201,74.483,9.191,3.25,11.0,14.25,22.807,3.5,2.25,0.0,1.0,1.25,3.25,2.25,0.0,1.5,4.5,0.0,0.0,0.0,,0.0,0.0,0.0,,6.75,0.5,0.0,0.75,0.0,0.5,0.75,-0.25,0.0,0.0,0.0,,0.0,,0.0,1.75,0.0,1.0,25.0,0.0,,0,0.0,0.25,0.25,0.0,0.0,2.75,13.924,0.75,1,2.136,-1.136,0,,,1,2.136,-1.136,1.0,7.692,50.0,0.5,1.0,8.75,7.25,0.75
Derek Eggmolesse-Smith,Richmond,23,23.66,Gen. Defender,1,2.0,30.0,30.0,0,0.0,0,0,68.0,6.0,3.0,9.0,88.889,83.333,100.0,66.667,0.0,3.0,129.0,14.333,3.0,3.0,2.0,4.5,12.447,-12.447,60.368,22.965,2.0,5.0,7.0,28.571,2.0,2.0,0.0,0.0,2.0,1.0,1.0,0.0,0.0,4.0,0.0,0.0,0.0,,1.0,1.0,0.0,,1.0,0.0,0.0,0.0,0.0,1.0,2.0,-1.0,0.0,0.0,0.0,,0.0,,0.0,2.0,0.0,0.0,,0.0,,0,0.0,0.0,0.0,0.0,,0.0,0.0,0.0,0,,,0,,,0,,,1.0,6.667,100.0,0.0,0.0,15.0,9.0,0.0
Jake Carlisle,St Kilda,30,30.24,Ruck,4,7.075,60.5,50.5,0,0.0,0,0,76.75,5.0,4.5,9.5,78.947,75.0,83.333,52.632,1.25,0.5,74.0,8.88,3.0,3.167,2.25,4.222,29.849,17.21,62.509,2.196,5.25,4.0,9.25,56.757,3.0,3.0,0.75,1.25,1.75,2.75,1.0,0.0,0.25,1.5,10.0,33.058,0.5,5.0,1.25,1.75,1.75,57.143,2.75,1.0,0.25,1.25,0.0,0.75,1.75,-1.0,31.0,37.69,11.75,37.903,4.5,38.298,0.5,2.25,1.25,0.25,100.0,1.0,50.0,1,0.25,0.5,0.75,0.25,33.333,3.75,19.481,1.75,3,2.787,-0.121,1,2.08,-1.08,2,3.141,0.359,0.0,0.0,,0.0,2.25,9.5,3.25,2.0
Brad Crouch,St Kilda,27,27.96,Midfielder,20,11.255,90.3,95.2,23,1.15,6,5,77.8,12.4,13.95,26.35,65.465,50.0,79.211,47.059,3.15,1.55,271.579,10.078,4.35,6.057,4.75,5.547,25.074,-0.327,54.867,-4.362,11.2,14.3,25.5,43.922,3.15,7.35,1.2,2.9,4.45,4.5,3.8,2.5,1.55,10.4,16.95,64.943,1.95,11.504,2.95,4.9,5.95,69.748,2.8,0.0,0.2,0.05,0.2,1.15,1.2,-0.05,0.0,0.0,0.0,,0.0,,0.0,5.45,1.05,0.05,0.0,0.15,33.333,7,0.35,0.25,0.8,0.3,43.75,5.35,25.476,1.25,16,2.917,0.021,5,3.708,0.092,11,2.557,-0.012,0.0,0.0,,0.05,1.15,20.8,9.15,0.1
Jarrod Brander,West Coast,22,22.88,Midfielder,11,7.145,59.273,61.727,0,0.0,0,0,80.0,9.818,5.455,15.273,75.0,65.741,91.667,64.286,3.091,0.909,259.727,17.006,1.636,9.333,2.364,6.462,24.993,-0.525,56.377,3.197,4.091,11.545,15.636,26.163,3.636,3.273,0.182,1.091,2.182,3.273,2.545,0.0,1.091,5.636,0.818,2.744,0.182,22.222,0.545,0.727,0.273,66.667,4.818,0.364,0.364,1.364,0.455,0.455,0.273,0.182,0.091,0.107,0.0,0.0,0.0,,0.0,1.0,0.0,0.273,33.333,0.0,,5,0.455,0.545,1.091,0.364,41.667,3.818,16.667,0.818,12,3.429,-0.429,6,3.574,-0.907,6,3.284,0.05,0.0,0.0,,0.364,0.909,6.364,3.364,0.636
Luke Shuey,West Coast,31,31.58,Midfielder,7,12.143,89.857,87.286,9,1.286,2,0,66.429,14.857,8.0,22.857,73.125,63.462,91.071,65.0,4.857,1.143,330.0,14.438,3.429,6.667,3.143,7.273,25.158,0.117,57.58,-0.437,9.0,13.286,22.286,40.385,2.857,4.571,0.286,1.429,3.143,2.714,1.714,1.857,0.714,8.857,18.0,68.852,3.0,16.667,3.143,6.143,5.857,85.366,3.286,0.0,0.0,0.286,0.143,2.571,1.0,1.571,0.0,0.0,0.0,,0.0,,0.0,4.286,0.286,0.0,,0.0,,0,0.0,0.143,0.143,0.571,0.0,4.429,21.986,1.143,1,3.886,-2.886,0,,,1,3.886,-2.886,0.0,0.0,,0.571,2.286,21.143,10.857,0.286
Eddie Betts,Carlton,35,35.09,Gen. Forward,19,8.226,56.947,46.053,3,0.158,1,0,79.211,6.368,3.105,9.474,62.222,52.066,83.051,67.222,1.316,0.263,140.158,14.794,1.947,4.865,2.316,4.091,32.89,0.98,51.482,0.131,4.579,4.842,9.421,48.603,0.947,3.526,2.0,1.158,2.368,4.105,3.105,0.105,1.632,2.053,0.0,0.0,0.0,,0.526,0.526,0.316,100.0,2.211,0.316,0.895,0.0,0.526,0.421,0.737,-0.316,0.0,0.0,0.0,,0.0,,0.0,1.632,0.895,0.0,,1.263,29.167,27,1.421,0.842,2.737,0.684,51.923,4.737,20.979,0.368,52,3.287,0.136,15,4.291,0.309,37,2.88,0.066,0.0,0.0,,0.158,1.158,12.474,2.316,0.105
Matt Buntine,Greater Western Sydney,28,28.2,Gen. Defender,8,1.875,40.5,41.0,0,0.0,0,0,72.0,6.875,2.875,9.75,65.385,60.0,78.261,70.513,0.625,2.375,132.571,14.5,3.0,3.25,2.5,3.9,17.15,-7.15,66.276,-8.276,2.875,7.25,10.125,28.395,2.875,1.75,0.125,0.75,1.0,2.5,1.625,0.125,0.5,3.375,0.0,0.0,0.0,,0.25,0.25,0.375,100.0,2.625,0.0,0.0,0.25,0.0,0.75,1.125,-0.375,0.0,0.0,0.0,,0.0,,0.0,2.125,0.125,1.125,44.444,0.25,0.0,1,0.125,0.125,0.25,0.0,50.0,1.25,5.714,0.5,2,3.156,0.344,1,4.155,1.845,1,2.157,-1.157,0.0,0.0,,0.0,3.25,7.75,5.75,2.625
Chad Wingard,Hawthorn,28,28.42,Mid-Forward,16,13.4,92.125,88.188,38,2.375,6,8,77.438,12.438,9.938,22.375,67.877,61.307,76.101,55.587,4.75,0.75,344.625,15.402,2.5,8.95,4.0,5.594,29.648,3.032,50.358,6.505,8.5,14.062,22.562,37.673,1.75,5.375,1.75,2.25,3.125,3.812,2.625,1.312,1.0,9.688,11.938,43.213,1.312,10.995,1.938,3.25,3.75,73.333,3.625,0.25,0.562,0.312,0.438,1.188,0.5,0.688,0.0,0.0,0.0,,0.0,,0.0,3.812,0.5,0.0,,0.5,25.0,12,0.75,0.688,1.938,1.188,38.71,7.125,34.441,1.5,31,2.877,-0.199,12,3.521,-0.105,19,2.47,-0.259,0.0,0.0,,0.312,1.375,17.312,5.438,0.375
David Zaharakis,Essendon,31,31.85,Mid-Forward,9,5.344,38.778,38.0,0,0.0,0,0,48.889,5.667,3.333,9.0,71.605,64.706,83.333,62.963,1.778,0.778,152.333,16.926,1.111,8.1,1.556,5.786,27.442,10.336,60.458,3.986,3.0,6.222,9.222,32.53,0.778,2.889,0.444,0.667,2.222,1.556,1.556,0.111,1.0,3.111,0.111,0.392,0.111,100.0,0.889,1.0,1.111,80.0,2.333,0.0,0.0,0.0,0.0,0.0,0.444,-0.444,0.0,0.0,0.0,,0.0,,0.0,1.778,0.111,0.111,100.0,0.0,,2,0.222,0.222,0.667,0.111,33.333,2.444,10.427,0.444,6,2.737,-0.403,0,,,6,2.737,-0.403,0.0,0.0,,0.333,0.0,8.111,3.444,0.0
Sam Mayes,Port Adelaide,27,27.61,Gen. Forward,11,2.645,30.273,30.455,0,0.0,0,0,38.182,3.182,3.182,6.364,65.714,57.143,74.286,50.0,0.818,0.182,78.818,12.386,1.455,4.375,1.727,3.684,24.28,-6.099,59.031,-9.031,2.455,3.818,6.273,39.13,0.545,1.818,0.455,0.545,1.273,1.818,1.273,0.0,0.455,2.273,0.0,0.0,0.0,,0.455,0.455,0.545,50.0,1.545,0.455,0.545,0.0,0.0,0.182,0.182,0.0,0.0,0.0,0.0,,0.0,,0.0,1.818,0.636,0.0,,0.818,55.556,5,0.455,0.273,1.0,0.091,45.455,1.818,7.937,0.273,11,3.488,-0.488,5,4.48,-0.48,6,2.661,-0.494,0.0,0.0,,0.0,0.545,8.273,2.0,0.182
Bachar Houli,Richmond,33,33.63,Gen. Defender,12,7.475,93.917,91.583,5,0.417,2,3,81.917,13.25,9.667,22.917,78.909,77.358,81.034,57.818,2.167,4.75,378.833,16.531,2.167,10.577,5.167,4.435,19.797,-5.315,59.447,-4.274,4.667,15.75,20.417,22.857,5.083,3.833,0.083,1.0,2.833,3.833,3.083,0.083,0.917,8.25,0.0,0.0,0.417,,0.417,0.833,0.583,71.429,6.417,0.167,0.083,1.0,0.083,0.667,0.417,0.25,0.0,0.0,0.0,,0.0,,0.0,3.333,0.083,0.167,0.0,0.0,,1,0.083,0.0,0.25,0.25,33.333,3.167,14.672,1.25,3,2.045,-0.045,2,2.121,0.879,1,1.893,-1.893,2.333,21.875,85.714,2.333,1.583,11.417,8.417,0.75
Levi Greenwood,Collingwood,32,32.86,Midfielder,2,2.35,42.0,45.5,0,0.0,0,0,58.5,8.0,4.5,12.5,64.0,50.0,88.889,64.0,1.0,1.5,282.0,14.842,3.5,3.571,2.5,5.0,25.355,-3.926,61.23,-18.373,2.0,9.5,11.5,17.391,1.0,2.0,0.5,1.0,1.0,1.5,1.5,0.0,1.0,7.0,10.5,37.5,0.5,4.762,0.0,0.5,0.5,100.0,1.5,0.0,0.0,0.0,0.5,0.0,2.0,-2.0,0.0,0.0,0.0,,0.0,,0.0,3.5,1.0,0.5,0.0,0.0,,0,0.0,0.0,0.5,0.0,0.0,1.5,8.333,1.0,1,1.933,-1.933,0,,,1,1.933,-1.933,0.0,0.0,,0.0,0.0,13.0,7.0,0.0
Shane Mumford,Greater Western Sydney,35,35.49,Ruck,14,12.893,94.214,71.0,4,0.286,3,0,77.929,3.143,7.0,10.143,80.282,72.727,83.673,30.986,1.071,1.0,57.462,5.976,2.643,3.838,1.429,7.1,27.79,2.766,61.121,-5.566,7.357,3.429,10.786,68.212,1.357,4.071,0.571,2.0,2.071,1.714,0.929,0.0,0.357,1.929,21.286,80.759,1.786,8.389,2.786,4.571,4.714,81.818,1.357,0.357,0.214,0.357,0.071,1.929,1.857,0.071,67.143,78.859,26.0,38.723,9.0,34.615,0.786,4.857,1.071,0.357,20.0,0.786,18.182,4,0.286,0.0,0.286,0.357,100.0,3.286,14.791,2.786,4,3.887,2.113,1,3.625,2.376,3,3.974,2.026,0.0,0.0,,0.0,4.214,14.571,7.5,2.857
Michael Hartley,Hawthorn,28,28.56,Key Defender,3,8.133,75.333,70.667,0,0.0,0,0,89.333,13.0,5.667,18.667,69.643,61.538,88.235,69.643,0.667,5.0,373.667,20.018,2.333,8.0,3.333,5.6,12.482,-1.054,56.265,-4.837,4.333,10.667,15.0,28.889,5.667,3.333,0.0,0.333,3.0,3.667,3.0,0.333,0.667,5.333,0.0,0.0,0.0,,0.667,0.667,0.333,100.0,4.667,0.333,0.0,1.0,0.0,0.333,1.0,-0.667,0.0,0.0,0.0,,0.0,,0.0,1.667,0.0,1.0,33.333,0.0,,1,0.333,0.333,0.667,0.0,50.0,2.333,11.475,1.667,2,2.143,1.357,0,,,2,2.143,1.357,4.667,35.897,71.429,0.0,4.333,9.667,7.667,4.333
Luke Dunstan,St Kilda,26,26.92,Midfielder,12,11.333,92.167,94.583,31,2.583,4,11,82.667,14.083,11.167,25.25,66.007,51.479,84.328,55.776,5.0,0.917,366.583,14.518,4.167,6.06,5.417,4.662,27.366,-10.582,54.073,-9.318,11.167,13.917,25.083,44.518,3.833,7.417,0.583,2.417,5.0,4.167,3.417,1.833,1.75,8.25,18.25,71.803,2.0,10.959,3.833,5.833,6.583,75.949,4.25,0.0,0.167,0.75,0.167,1.5,1.583,-0.083,0.0,0.0,0.0,,0.0,,0.0,4.917,0.667,0.167,50.0,0.0,,1,0.083,0.333,0.667,0.167,12.5,4.5,21.774,1.333,8,2.528,-1.278,2,2.542,-2.042,6,2.523,-1.023,0.0,0.0,,0.0,1.583,23.833,10.0,0.333
Alex Witherden,West Coast,23,23.3,Gen. Defender,9,6.489,86.667,87.667,0,0.0,0,0,82.444,18.444,3.778,22.222,77.0,76.506,79.412,83.0,1.333,6.333,464.889,20.92,3.111,7.143,3.889,5.714,16.074,1.827,63.659,0.538,3.667,12.667,16.333,22.449,5.222,3.0,0.0,0.778,2.222,3.111,2.667,0.222,0.889,5.111,0.0,0.0,0.0,,0.333,0.333,0.333,100.0,6.556,0.111,0.0,1.444,0.0,0.444,1.333,-0.889,0.0,0.0,0.0,,0.0,,0.0,2.0,0.0,1.111,30.0,0.0,,1,0.111,0.0,0.111,0.0,100.0,3.222,15.026,1.333,1,2.207,3.793,0,,,1,2.207,3.793,6.0,63.529,88.889,0.556,1.556,11.222,8.0,1.111
Josh Corbett,Gold Coast,25,25.69,Key Forward,16,6.638,53.75,49.812,5,0.312,1,1,71.438,6.312,2.562,8.875,69.718,63.366,85.366,71.127,1.688,0.0,163.875,18.465,1.812,4.897,2.375,3.737,28.922,-8.923,52.865,-1.199,3.812,5.562,9.375,40.667,0.25,1.75,1.062,0.625,1.125,3.812,1.75,0.0,0.875,1.5,0.0,0.0,0.0,,0.0,0.0,0.0,,4.875,1.25,1.875,0.062,2.125,0.812,0.75,0.062,1.25,1.44,0.25,20.0,0.125,50.0,0.0,0.75,0.375,0.0,,4.438,25.352,23,1.438,0.688,2.5,0.25,57.5,4.188,21.683,0.062,40,3.587,0.138,32,3.495,0.192,8,3.953,-0.078,0.0,0.0,,0.0,1.062,6.312,1.312,0.625
Hayden Crozier,Western Bulldogs,28,28.01,Gen. Defender,10,6.76,69.7,65.6,0,0.0,0,0,75.9,11.1,4.8,15.9,79.245,74.775,89.583,69.811,1.2,3.0,290.3,18.258,1.4,11.357,2.7,5.889,19.398,2.718,62.121,-1.544,4.4,11.3,15.7,28.025,5.2,3.6,0.1,0.7,2.9,4.3,3.5,0.0,1.7,5.0,0.0,0.0,0.1,,0.0,0.1,0.0,,5.9,0.4,0.0,1.2,0.0,0.6,0.4,0.2,0.0,0.0,0.0,,0.0,,0.0,1.4,0.0,0.7,28.571,0.0,,0,0.0,0.0,0.2,0.2,0.0,3.0,11.583,1.3,2,2.108,-2.108,0,,,2,2.108,-2.108,0.4,4.255,100.0,0.1,3.8,8.2,6.7,2.8
Michael Hibberd,Melbourne,31,31.99,Gen. Defender,17,5.6,55.706,51.824,0,0.0,0,0,82.471,7.471,5.882,13.353,77.093,71.654,84.0,55.947,0.882,3.176,223.235,16.718,2.235,5.974,2.529,5.279,17.191,-1.617,55.291,3.725,4.824,8.765,13.588,35.498,4.882,3.529,0.0,1.353,2.176,3.941,3.118,0.294,1.118,4.588,0.0,0.0,0.059,,0.353,0.412,0.588,70.0,3.412,0.118,0.0,0.824,0.118,0.941,0.588,0.353,0.0,0.0,0.0,,0.0,,0.0,2.059,0.0,1.882,34.375,0.0,,0,0.0,0.0,0.0,0.0,,1.529,6.28,0.588,0,,,0,,,0,,,0.412,5.0,85.714,0.0,2.118,8.353,6.471,1.353
Mitch Brown,Melbourne,31,31.34,Key Forward,1,8.8,77.0,70.0,0,0.0,0,0,79.0,8.0,2.0,10.0,80.0,75.0,100.0,80.0,0.0,0.0,169.0,16.9,1.0,10.0,1.0,10.0,28.738,21.262,85.96,14.04,3.0,8.0,11.0,27.273,0.0,1.0,1.0,0.0,1.0,3.0,1.0,0.0,1.0,1.0,0.0,0.0,0.0,,0.0,0.0,0.0,,6.0,1.0,3.0,0.0,2.0,1.0,1.0,0.0,0.0,0.0,0.0,,0.0,,0.0,3.0,3.0,0.0,,3.0,33.333,2,2.0,2.0,4.0,0.0,50.0,6.0,20.69,0.0,4,3.357,0.143,3,3.717,0.616,1,2.278,-1.278,0.0,0.0,,0.0,1.0,7.0,0.0,1.0
Atu Bosenavulagi,North Melbourne,21,21.28,Gen. Defender,8,5.487,47.125,42.375,0,0.0,0,0,60.375,5.75,4.375,10.125,83.951,84.783,82.857,56.79,1.625,1.125,104.143,11.215,1.5,6.75,1.625,6.231,21.978,-3.797,73.062,-4.881,3.625,6.125,9.75,37.179,3.75,2.875,0.0,1.375,1.5,3.375,2.75,0.0,0.75,2.625,0.0,0.0,0.0,,0.25,0.25,0.125,100.0,3.5,0.25,0.0,0.5,0.25,0.5,0.625,-0.125,0.0,0.0,0.0,,0.0,,0.0,1.625,0.0,1.0,25.0,0.0,,1,0.125,0.0,0.125,0.25,100.0,1.375,7.534,0.375,1,2.669,3.331,0,,,1,2.669,3.331,0.0,0.0,,0.125,1.0,9.625,7.375,1.0
Lin Jong,Western Bulldogs,28,28.57,Midfielder,1,-0.5,15.0,17.0,0,0.0,0,0,15.0,2.0,2.0,4.0,75.0,50.0,100.0,50.0,0.0,0.0,61.0,15.25,0.0,,1.0,4.0,10.87,-10.87,41.84,-41.84,2.0,3.0,5.0,40.0,0.0,2.0,0.0,1.0,1.0,0.0,0.0,0.0,0.0,1.0,0.0,0.0,0.0,,1.0,1.0,0.0,,2.0,0.0,1.0,0.0,0.0,0.0,0.0,0.0,0.0,0.0,0.0,,0.0,,0.0,0.0,0.0,0.0,,0.0,,0,0.0,1.0,1.0,0.0,0.0,1.0,3.448,0.0,1,4.592,-3.592,1,4.592,-3.592,0,,,0.0,0.0,,0.0,0.0,5.0,3.0,0.0
Brayden Ainsworth,West Coast,23,23.1,Gen. Forward,2,1.8,6.5,5.5,0,0.0,0,0,24.0,0.0,2.0,2.0,75.0,,75.0,0.0,0.0,0.0,0.0,0.0,0.0,,0.5,4.0,,,,,1.5,1.5,3.0,50.0,1.0,1.0,0.0,0.0,1.0,1.0,1.0,0.0,0.0,1.0,0.0,0.0,0.5,,0.0,0.5,0.0,,0.5,0.0,0.0,0.0,0.0,0.0,0.0,0.0,0.0,0.0,0.0,,0.0,,0.0,0.0,0.0,0.0,,0.0,,0,0.0,0.0,0.0,0.0,,0.5,2.174,0.0,0,,,0,,,0,,,0.0,0.0,,0.0,0.5,1.0,0.0,0.0
Callum Sinclair,Sydney,32,32.27,Ruck,4,9.575,82.0,68.75,0,0.0,0,0,83.0,4.75,5.25,10.0,80.0,63.158,95.238,47.5,1.0,0.0,78.0,7.8,3.0,3.333,2.25,4.444,29.305,-11.658,54.886,-1.945,7.0,5.0,12.0,58.333,1.25,2.25,0.5,0.5,1.75,3.25,1.0,0.0,0.0,2.75,12.75,47.222,0.5,3.922,2.5,3.0,3.5,78.571,2.5,0.25,0.25,0.5,0.0,1.5,0.75,0.75,44.25,46.95,24.75,55.932,7.25,29.293,1.0,2.75,0.75,0.5,50.0,1.25,20.0,1,0.25,0.0,0.25,1.25,100.0,3.5,17.949,1.75,1,3.003,2.997,0,,,1,3.003,2.997,0.0,0.0,,0.0,6.0,9.75,3.0,3.5
Kaiden Brand,Sydney,27,27.73,Key Defender,3,6.133,65.333,50.0,0,0.0,0,0,78.333,7.333,5.333,12.667,76.316,81.818,68.75,57.895,0.0,1.667,99.0,7.816,1.667,7.6,2.0,6.333,19.349,-1.167,71.27,-12.179,5.333,6.0,11.333,47.059,7.333,3.333,0.0,1.667,1.667,5.333,3.333,0.0,1.0,2.333,0.0,0.0,0.0,,0.0,0.0,0.0,,3.333,0.667,0.0,1.333,0.0,1.333,0.667,0.667,0.0,0.0,0.0,,0.0,,0.0,2.0,0.0,3.667,9.091,0.0,,0,0.0,0.0,0.0,0.0,,0.667,3.279,0.333,0,,,0,,,0,,,0.0,0.0,,0.0,7.333,6.0,3.333,5.667
Nathan Murphy,Collingwood,22,22.04,Mid-Forward,15,3.2,38.733,39.8,0,0.0,0,0,64.8,5.867,3.733,9.6,74.306,64.773,89.286,61.111,1.2,1.333,151.667,15.799,1.267,7.579,1.733,5.538,22.377,-0.582,56.558,-6.558,2.867,6.667,9.533,30.07,1.667,1.733,0.267,0.4,1.333,2.4,1.533,0.133,0.8,3.2,0.0,0.0,0.2,,0.2,0.4,0.333,60.0,3.333,0.133,0.267,0.533,0.133,1.067,0.4,0.667,0.0,0.0,0.0,,0.0,,0.0,1.067,0.267,0.267,50.0,0.467,14.286,1,0.067,0.2,0.4,0.0,16.667,1.333,6.667,0.067,6,2.998,-1.498,5,3.048,-1.448,1,2.749,-1.749,0.0,0.0,,0.0,1.267,7.2,3.533,1.2
William Kelly,Collingwood,21,21.37,Key Forward,2,2.65,22.0,21.0,0,0.0,0,0,53.5,3.0,2.5,5.5,54.545,66.667,40.0,54.545,0.5,1.0,63.5,11.545,0.5,11.0,1.5,3.667,23.393,-6.727,63.827,2.84,2.0,4.0,6.0,33.333,0.0,1.0,1.0,1.0,0.0,2.0,1.0,0.0,0.5,2.0,0.0,0.0,0.0,,0.0,0.0,0.0,,2.0,0.0,0.0,0.0,0.5,1.0,0.0,1.0,0.0,0.0,0.0,,0.0,,0.0,0.0,0.0,0.0,,0.5,0.0,0,0.0,0.0,0.0,0.0,,0.5,2.381,0.0,0,,,0,,,0,,,0.0,0.0,,0.0,1.5,5.5,2.5,1.5
Andrew Phillips,Essendon,30,30.49,Ruck,6,12.267,84.0,75.333,0,0.0,0,0,75.667,5.333,5.0,10.333,82.258,68.75,96.667,51.613,1.833,0.833,151.5,14.661,1.667,6.2,1.5,6.889,29.109,-1.836,53.959,0.587,5.167,6.167,11.333,45.588,2.167,1.667,0.167,0.0,1.667,2.667,0.833,0.0,0.333,2.833,24.833,79.679,1.333,5.369,1.333,2.667,2.5,93.333,4.0,1.0,0.833,1.167,0.333,1.333,1.333,0.0,54.0,67.22,20.5,37.963,7.167,34.959,0.167,3.833,0.0,0.833,40.0,0.667,50.0,4,0.667,0.167,0.833,0.167,80.0,4.833,18.831,2.333,5,4.033,0.967,5,4.033,0.967,0,,,0.0,0.0,,0.0,4.167,12.833,6.833,2.333
Patrick Naish,Richmond,22,22.95,Mid-Forward,6,4.717,34.833,34.0,0,0.0,0,0,51.167,4.5,3.667,8.167,75.51,70.37,81.818,55.102,1.833,0.833,166.833,20.429,1.333,6.125,1.833,4.455,23.269,13.095,44.706,5.294,2.0,6.167,8.167,24.49,1.167,1.667,0.333,0.5,1.167,1.5,1.167,0.0,0.333,3.5,0.0,0.0,0.167,,0.333,0.5,0.0,,1.5,0.0,0.0,0.0,0.0,0.5,0.167,0.333,0.0,0.0,0.0,,0.0,,0.0,1.667,0.167,0.0,,0.167,0.0,2,0.333,0.0,0.333,0.5,100.0,2.667,14.035,0.333,2,3.908,2.092,0,,,2,3.908,2.092,0.0,0.0,,0.167,0.5,8.833,3.667,0.167
Mitch Hannan,Western Bulldogs,27,27.81,Gen. Forward,17,6.329,54.471,54.059,5,0.294,1,0,80.471,6.706,3.118,9.824,65.269,62.281,71.698,68.263,2.235,0.118,185.706,18.904,1.588,6.185,2.412,4.073,28.831,2.338,47.04,-0.287,4.588,5.588,10.176,45.087,0.647,3.176,1.529,1.294,1.882,4.235,2.882,0.059,1.588,2.0,0.235,0.901,0.118,50.0,0.176,0.294,0.235,75.0,3.471,0.647,0.941,0.118,0.824,0.647,0.471,0.176,2.118,2.302,0.353,16.667,0.176,50.0,0.0,3.0,1.353,0.118,50.0,1.765,23.333,14,0.824,0.765,1.941,0.235,42.424,4.0,16.749,0.588,33,3.538,-0.599,16,3.789,-0.664,17,3.302,-0.537,0.0,0.0,,0.118,0.529,10.824,2.059,0.294
Josh Schache,Western Bulldogs,24,24.36,Key Defender,9,4.889,53.444,49.778,1,0.111,1,0,71.778,7.444,3.0,10.444,69.149,62.687,85.185,71.277,0.889,1.333,154.667,14.809,1.889,5.529,1.778,5.875,23.129,-1.129,59.299,0.701,3.889,6.667,10.556,36.842,3.0,2.111,0.444,0.667,1.444,3.333,1.778,0.0,0.556,2.0,0.556,2.11,0.0,0.0,0.333,0.333,0.556,60.0,4.556,0.778,0.889,1.222,0.333,0.556,0.667,-0.111,3.333,3.513,0.556,16.667,0.0,0.0,0.0,1.222,0.111,1.444,46.154,1.111,10.0,5,0.556,0.444,1.333,0.333,41.667,3.111,14.07,0.667,12,3.109,-0.275,8,3.251,0.124,4,2.823,-1.073,0.0,0.0,,0.0,2.667,5.444,2.222,1.889
James Madden,Brisbane,22,22.12,Gen. Defender,9,7.211,57.0,43.778,0,0.0,0,0,78.556,5.444,5.556,11.0,73.737,71.429,76.0,49.495,1.222,1.778,133.222,12.111,1.111,9.9,2.111,5.211,21.456,-1.001,63.791,-9.245,5.889,5.222,11.111,53.0,4.0,4.556,0.222,1.333,3.222,4.444,3.444,0.0,0.889,2.667,0.0,0.0,0.333,,0.889,1.222,0.778,100.0,2.778,0.333,0.0,0.778,0.111,0.889,0.222,0.667,0.0,0.0,0.0,,0.0,,0.0,1.778,0.0,1.0,0.0,0.0,,1,0.111,0.0,0.111,0.0,100.0,2.111,7.917,0.778,1,2.347,3.653,0,,,1,2.347,3.653,0.0,0.0,,0.0,2.444,10.222,8.0,1.556
Damon Greaves,Hawthorn,21,21.6,Gen. Defender,7,3.714,39.429,42.571,0,0.0,0,0,61.714,6.857,3.714,10.571,81.081,79.167,84.615,64.865,1.286,2.143,229.0,21.662,1.429,7.4,3.143,3.364,18.815,-16.593,52.078,-9.856,1.857,8.0,9.857,18.841,2.286,1.143,0.0,0.143,1.0,1.571,1.0,0.0,0.286,4.857,0.0,0.0,0.0,,0.286,0.286,0.0,,2.286,0.0,0.0,0.143,0.0,0.857,0.286,0.571,0.0,0.0,0.0,,0.0,,0.0,1.714,0.0,0.429,66.667,0.0,,1,0.143,0.0,0.143,0.0,100.0,0.571,3.125,0.286,1,2.591,3.409,0,,,1,2.591,3.409,0.714,6.757,80.0,0.0,1.571,6.429,4.429,1.286
Paddy Ryder,St Kilda,33,33.8,Ruck,12,12.075,83.75,75.0,11,0.917,2,3,74.833,6.833,3.0,9.833,66.102,58.537,83.333,69.492,2.417,0.417,146.917,14.941,2.5,3.933,1.75,5.619,24.982,-1.102,51.969,4.747,6.0,3.75,9.75,61.538,1.583,2.917,0.5,1.25,1.667,2.667,1.0,0.0,0.5,1.5,18.0,75.524,1.0,5.556,1.417,2.417,3.5,78.571,3.083,1.25,0.417,1.083,0.333,0.75,1.417,-0.667,52.167,60.836,30.167,57.827,8.917,29.558,0.75,2.5,0.25,0.25,0.0,1.417,17.647,5,0.417,0.083,0.5,0.167,83.333,3.417,15.709,2.083,6,3.506,1.661,3,3.454,0.879,3,3.558,2.442,0.0,0.0,,0.0,3.417,10.667,4.417,2.417
Ryan Clarke,Sydney,24,24.53,Gen. Defender,3,0.2,8.0,10.0,0,0.0,0,0,18.667,2.0,0.333,2.333,85.714,83.333,100.0,85.714,0.0,1.0,59.0,25.286,0.667,3.5,1.0,2.333,14.297,2.37,54.515,-21.182,0.333,2.0,2.333,14.286,0.0,0.0,0.0,0.0,0.0,0.0,0.0,0.333,0.0,1.0,0.0,0.0,0.0,,0.333,0.333,0.333,100.0,1.0,0.0,0.0,0.0,0.0,0.0,0.333,-0.333,0.0,0.0,0.0,,0.0,,0.0,0.333,0.0,0.333,100.0,0.0,,0,0.0,0.0,0.0,0.0,,0.333,1.887,0.0,0,,,0,,,0,,,0.0,0.0,,0.0,0.333,2.333,2.0,0.0
Colin O'Riordan,Sydney,26,26.21,Gen. Defender,6,4.267,36.167,31.0,0,0.0,0,0,52.667,5.0,2.5,7.5,75.556,73.333,80.0,66.667,1.167,0.167,106.0,14.133,0.833,9.0,1.333,5.625,24.771,7.372,61.74,6.117,2.833,4.167,7.0,40.476,3.167,1.667,0.0,0.833,0.833,2.667,1.667,0.0,0.333,2.167,0.0,0.0,0.0,,0.0,0.0,0.0,,2.167,0.333,0.0,0.333,0.0,0.5,0.0,0.5,0.0,0.0,0.0,,0.0,,0.0,1.0,0.0,1.0,33.333,0.0,,0,0.0,0.0,0.0,0.333,,2.0,8.451,0.5,0,,,0,,,0,,,0.0,0.0,,0.167,2.0,7.167,4.5,1.667
James Stewart,Essendon,27,27.82,Key Defender,17,7.812,59.765,49.765,0,0.0,0,0,88.353,8.0,4.529,12.529,80.751,76.471,88.312,63.85,0.824,3.0,223.765,17.859,2.176,5.757,2.0,6.265,16.149,-1.863,60.415,4.665,4.765,7.706,12.471,38.208,6.294,3.176,0.0,1.412,1.765,4.706,3.118,0.0,0.765,2.882,0.0,0.0,0.0,,0.059,0.059,0.059,100.0,5.235,1.235,0.0,2.529,0.0,0.412,1.294,-0.882,0.0,0.0,0.0,,0.0,,0.0,1.118,0.0,4.059,31.884,0.0,,0,0.0,0.0,0.059,0.118,0.0,1.235,5.371,0.706,1,1.281,-1.281,1,1.281,-1.281,0,,,0.0,0.0,,0.118,2.941,4.647,3.706,2.353
Ben Brown,Melbourne,29,29.11,Key Forward,13,7.523,72.615,62.308,3,0.231,1,0,79.769,7.846,1.846,9.692,62.698,62.745,62.5,80.952,2.308,0.0,210.231,21.69,1.385,7.0,2.077,4.667,29.957,5.892,49.601,1.343,5.0,5.154,10.154,49.242,0.615,2.538,1.385,0.769,1.769,4.846,2.385,0.0,0.846,0.769,0.0,0.0,0.0,,0.077,0.077,0.0,,5.308,1.462,2.462,0.0,1.385,0.846,0.462,0.385,2.769,2.906,1.0,36.111,0.231,23.077,0.0,1.538,1.154,0.0,,4.0,15.385,25,1.923,1.0,3.692,0.308,52.083,5.308,20.475,0.308,48,3.568,-0.172,35,3.722,-0.036,13,3.155,-0.539,0.0,0.0,,0.0,2.231,7.615,0.769,1.769
Taylin Duman,Fremantle,23,23.7,Gen. Defender,6,6.65,61.667,59.167,0,0.0,0,0,75.833,8.167,7.0,15.167,79.121,79.592,78.571,53.846,1.5,2.333,169.5,11.176,1.667,9.1,2.167,7.0,19.126,2.613,65.445,-0.227,3.5,10.833,14.333,24.419,4.333,3.0,0.167,1.333,1.667,3.333,2.833,0.0,0.667,5.833,0.0,0.0,0.0,,0.0,0.0,0.0,,4.667,0.333,0.0,0.833,0.0,0.167,0.5,-0.333,0.0,0.0,0.0,,0.0,,0.0,2.0,0.0,2.833,23.529,0.0,,0,0.0,0.0,0.0,0.0,,2.333,11.2,0.5,0,,,0,,,0,,,0.5,4.615,66.667,0.0,4.5,7.833,5.333,4.333
Daniel Lloyd,Greater Western Sydney,29,29.86,Gen. Forward,16,7.812,62.562,63.062,0,0.0,0,0,82.125,8.75,3.938,12.688,69.458,65.0,79.365,68.966,3.062,0.562,263.812,20.793,2.875,4.413,2.625,4.833,25.546,6.777,54.712,2.864,4.125,8.5,12.625,32.673,1.375,3.188,0.875,1.188,2.0,3.562,2.875,0.125,1.25,3.625,0.0,0.0,0.0,,0.438,0.438,0.375,83.333,4.25,0.25,0.875,0.188,0.938,0.5,1.188,-0.688,0.0,0.0,0.0,,0.0,,0.0,2.812,0.812,0.062,0.0,1.125,16.667,20,1.25,0.5,2.25,0.375,55.556,4.25,19.883,0.375,36,2.702,0.853,19,2.793,1.207,17,2.601,0.458,0.0,0.0,,0.062,1.188,13.25,4.625,0.688
Joshua Morris,Hawthorn,20,20.14,Gen. Forward,5,0.28,7.0,8.6,0,0.0,0,0,24.0,0.8,0.4,1.2,66.667,50.0,100.0,66.667,0.2,0.0,22.4,18.667,0.4,3.0,0.4,3.0,20.823,-20.823,54.167,-20.833,1.0,0.2,1.2,83.333,0.4,0.4,0.2,0.2,0.2,1.0,0.4,0.0,0.4,0.0,0.0,0.0,0.0,,0.0,0.0,0.0,,0.2,0.0,0.0,0.0,0.0,0.6,0.0,0.6,0.0,0.0,0.0,,0.0,,0.0,1.0,0.4,0.0,,0.2,0.0,0,0.0,0.2,0.2,0.0,0.0,0.2,1.031,0.2,1,3.886,-2.886,1,3.886,-2.886,0,,,0.0,0.0,,0.2,0.2,6.4,0.6,0.2
Luke Foley,West Coast,22,22.23,Gen. Defender,6,5.467,50.0,49.167,0,0.0,0,0,72.167,8.833,3.5,12.333,72.973,73.585,71.429,71.622,1.333,3.0,194.667,15.784,2.333,5.286,3.333,3.7,20.214,4.786,64.27,2.397,3.167,9.5,12.667,25.0,3.667,2.167,0.167,0.333,1.833,2.833,2.0,0.0,0.833,5.0,0.0,0.0,0.0,,0.667,0.667,0.5,100.0,3.833,0.333,0.0,1.167,0.0,0.0,0.5,-0.5,0.0,0.0,0.0,,0.0,,0.0,1.167,0.0,1.5,44.444,0.0,,1,0.167,0.0,0.167,0.0,100.0,2.167,10.4,0.833,1,3.066,2.934,0,,,1,3.066,2.934,0.0,0.0,,0.0,2.5,8.5,6.0,1.5
James Frawley,St Kilda,33,33.27,Key Defender,2,3.35,43.0,47.0,0,0.0,0,0,76.0,6.5,5.0,11.5,82.609,76.923,90.0,56.522,0.0,3.5,199.5,17.348,1.5,7.667,2.5,4.6,14.162,4.02,63.813,-18.358,3.0,6.5,9.5,31.579,4.0,3.0,0.0,1.0,2.0,3.0,3.0,0.0,0.5,1.5,0.0,0.0,0.0,,0.0,0.0,0.0,,5.0,0.0,0.0,1.0,0.0,0.0,0.5,-0.5,0.0,0.0,0.0,,0.0,,0.0,1.0,0.0,1.0,50.0,0.0,,0,0.0,0.0,0.0,0.0,,2.0,13.333,0.5,0,,,0,,,0,,,1.5,12.0,100.0,0.0,4.0,4.0,3.5,3.0
Trent Dumont,North Melbourne,26,26.5,Midfielder,14,6.857,64.143,70.286,0,0.0,0,0,79.929,12.0,5.857,17.857,72.4,64.286,89.024,67.2,2.857,2.714,278.643,15.604,2.5,7.143,3.357,5.319,24.566,-3.093,57.394,0.274,4.286,14.071,18.357,23.346,2.929,2.929,0.0,0.786,2.143,2.286,1.929,0.857,0.714,7.643,0.0,0.0,0.0,,1.5,1.5,1.786,84.0,5.357,0.071,0.0,0.5,0.643,0.357,0.429,-0.071,0.0,0.0,0.0,,0.0,,0.0,1.857,0.071,0.214,66.667,0.071,0.0,0,0.0,0.0,0.0,0.214,,3.429,17.582,0.857,0,,,0,,,0,,,0.0,0.0,,0.0,1.5,15.214,8.643,0.929
Taylor Garner,North Melbourne,27,27.97,Gen. Forward,4,7.75,60.0,68.5,0,0.0,0,0,79.5,9.0,4.5,13.5,75.926,66.667,94.444,66.667,1.75,0.5,171.25,12.685,2.25,6.0,3.25,4.154,30.355,1.645,61.99,2.01,4.0,9.0,13.0,30.769,1.0,2.0,0.25,1.0,1.0,4.0,2.0,0.0,1.0,3.75,0.0,0.0,0.0,,0.0,0.0,0.0,,5.25,1.0,2.0,0.0,0.75,1.25,0.75,0.5,0.0,0.0,0.0,,0.0,,0.0,1.75,1.0,0.0,,2.0,25.0,7,1.75,0.25,2.25,1.0,77.778,5.25,25.301,0.75,9,3.786,0.992,7,4.067,0.362,2,2.802,3.198,0.0,0.0,,0.0,1.0,14.75,3.75,0.5
Cody Weightman,Western Bulldogs,20,20.95,Gen. Forward,16,8.131,62.688,54.438,10,0.625,2,1,73.0,7.5,2.5,10.0,63.125,53.333,92.5,75.0,2.125,0.25,181.188,18.119,1.812,5.517,2.5,4.0,33.818,-1.424,48.403,5.119,4.688,5.188,9.875,47.468,0.938,2.688,1.188,0.625,2.062,4.312,2.5,0.0,1.25,1.75,0.0,0.0,0.0,,0.188,0.188,0.062,100.0,3.0,0.688,1.562,0.062,0.75,1.562,0.562,1.0,0.0,0.0,0.0,,0.0,,0.0,1.875,1.25,0.062,100.0,1.438,21.739,26,1.625,0.812,2.812,0.75,57.778,4.75,20.708,0.625,45,3.608,0.148,33,3.784,0.276,12,3.124,-0.207,0.0,0.0,,0.0,1.062,14.375,2.75,0.5
Roarke Smith,Western Bulldogs,25,25.3,Midfielder,14,7.964,55.714,45.786,0,0.0,0,0,72.286,5.643,6.286,11.929,73.054,55.696,88.636,47.305,1.571,0.714,142.286,11.928,1.5,7.952,2.286,5.219,24.989,-1.108,54.702,-8.433,5.857,6.571,12.429,47.126,3.571,4.714,1.357,1.0,3.714,4.857,3.929,0.071,1.429,3.929,0.0,0.0,0.0,,0.786,0.786,0.571,87.5,2.071,0.357,0.071,0.571,0.0,0.286,0.5,-0.214,0.0,0.0,0.0,,0.0,,0.0,2.429,0.5,0.214,33.333,0.286,75.0,3,0.214,0.286,0.571,0.214,37.5,3.214,13.678,1.0,8,3.448,-0.698,1,4.847,1.153,7,3.248,-0.962,0.0,0.0,,0.214,2.571,12.857,5.714,1.071
Tom Wilson,Collingwood,24,24.52,Gen. Defender,4,3.725,40.75,39.0,0,0.0,0,0,73.75,6.25,5.75,12.0,68.75,52.0,86.957,52.083,0.5,2.0,185.5,15.458,3.0,4.0,3.25,3.692,21.103,-0.27,51.966,6.367,3.25,9.0,12.25,26.531,3.0,2.75,0.0,0.25,2.5,2.5,2.0,0.0,0.75,5.25,0.0,0.0,0.0,,0.75,0.75,0.5,100.0,1.75,0.25,0.25,0.25,0.25,0.25,1.25,-1.0,0.0,0.0,0.0,,0.0,,0.0,1.75,0.0,1.25,40.0,0.0,,0,0.0,0.0,0.0,0.0,,2.0,10.667,0.75,0,,,0,,,0,,,0.0,0.0,,0.0,1.0,8.5,6.25,0.75
Nic Newman,Carlton,28,28.95,Gen. Defender,14,10.057,87.643,86.357,0,0.0,0,0,80.929,14.214,5.429,19.643,80.727,77.889,88.158,72.364,1.071,4.5,350.286,17.833,2.429,8.088,2.857,6.875,17.844,-0.476,66.024,0.292,5.643,10.643,16.286,34.649,6.571,3.929,0.0,1.643,2.286,5.143,3.643,0.071,1.357,4.071,0.0,0.0,0.143,,0.286,0.429,0.286,75.0,6.143,0.357,0.0,1.571,0.0,1.286,0.786,0.5,0.0,0.0,0.0,,0.0,,0.0,3.857,0.143,0.786,18.182,0.071,0.0,0,0.0,0.071,0.143,0.286,0.0,2.857,13.559,1.857,2,2.405,-1.905,1,2.79,-1.79,1,2.02,-2.02,3.5,31.41,95.918,0.643,2.143,12.143,9.071,1.714
Sam Weideman,Melbourne,24,24.51,Key Forward,5,3.1,41.0,41.2,0,0.0,0,0,74.2,3.8,4.2,8.0,50.0,36.842,61.905,47.5,0.8,0.0,103.0,12.875,1.8,4.444,2.2,3.636,28.612,21.388,47.347,2.653,4.6,3.2,7.8,58.974,0.6,2.6,1.4,1.6,1.0,4.0,2.4,0.0,0.4,0.4,0.2,0.735,0.0,0.0,0.0,0.0,0.6,33.333,3.2,1.0,1.6,0.4,0.8,0.6,0.2,0.4,2.2,2.771,0.2,9.091,0.0,0.0,0.4,1.8,0.4,0.0,,3.0,20.0,3,0.6,0.8,2.0,0.4,30.0,3.2,13.223,0.4,10,3.169,-0.969,9,3.165,-0.832,1,3.205,-2.205,0.0,0.0,,0.0,1.0,6.2,2.8,0.8
Josh Honey,Carlton,20,20.2,Gen. Forward,5,5.84,39.8,39.4,0,0.0,0,0,57.0,4.8,2.4,7.2,66.667,58.333,83.333,66.667,1.6,0.6,114.2,15.861,1.6,4.5,1.2,6.0,30.456,-5.456,44.642,-2.976,2.4,4.4,6.8,35.294,0.8,1.4,1.0,0.2,1.2,2.0,1.2,0.2,0.4,2.0,0.0,0.0,0.0,,0.0,0.0,0.4,50.0,2.6,0.4,1.2,0.2,0.8,0.4,0.2,0.2,0.0,0.0,0.0,,0.0,,0.0,1.2,0.4,0.0,,1.2,16.667,6,1.2,0.6,2.0,0.8,60.0,3.4,17.0,0.6,10,3.418,0.482,7,3.223,0.491,3,3.873,0.461,0.0,0.0,,0.0,1.0,8.8,2.8,0.8
Zac Smith,Gold Coast,31,31.85,Ruck,9,10.678,72.111,54.333,0,0.0,0,0,76.222,3.0,6.0,9.0,72.84,62.963,77.778,33.333,0.889,0.333,48.667,5.407,2.889,3.115,1.111,8.1,21.412,0.81,65.303,-15.303,7.222,2.778,10.0,72.222,1.556,4.0,0.556,2.0,2.0,2.111,1.222,0.0,0.889,1.667,19.556,80.365,0.889,4.545,2.333,3.222,4.111,72.973,1.111,0.222,0.222,0.556,0.111,1.556,1.667,-0.111,65.0,73.308,21.222,32.65,6.889,32.461,1.0,2.556,0.111,0.889,37.5,0.556,80.0,3,0.333,0.0,0.667,0.111,50.0,2.667,15.686,2.111,6,2.713,0.287,3,3.657,0.343,3,1.769,0.231,0.0,0.0,,0.0,4.0,11.556,6.111,2.889
Jarryn Geary,St Kilda,33,33.52,Midfielder,3,5.967,55.333,56.667,0,0.0,0,0,71.0,7.333,6.0,13.333,70.0,63.636,77.778,55.0,1.0,0.667,125.667,9.425,1.667,8.0,1.0,13.333,19.929,16.913,71.187,2.497,3.333,10.0,13.333,25.0,2.667,2.667,0.667,1.333,1.333,2.667,2.0,0.0,0.667,5.667,0.0,0.0,0.0,,0.0,0.0,0.333,0.0,5.0,0.667,0.667,1.333,0.0,0.0,1.333,-1.333,0.0,0.0,0.0,,0.0,,0.0,2.333,0.333,0.0,,0.667,50.0,1,0.333,0.333,1.0,0.333,33.333,3.0,15.254,0.667,3,3.874,-1.541,2,4.443,-0.943,1,2.737,-2.737,0.0,0.0,,0.333,2.333,13.0,7.0,1.333
Trent McKenzie,Port Adelaide,29,29.74,Key Defender,14,9.507,80.214,67.714,8,0.571,4,0,90.714,13.071,2.143,15.214,84.507,85.246,80.0,85.915,0.714,5.5,356.429,23.427,1.5,10.143,2.643,5.757,15.123,0.608,67.082,2.019,4.214,7.357,11.571,36.42,5.429,2.357,0.0,0.714,1.643,4.0,2.214,0.071,0.786,2.071,0.0,0.0,0.0,,0.143,0.143,0.143,50.0,6.0,1.214,0.0,2.0,0.0,0.429,0.5,-0.071,0.0,0.0,0.0,,0.0,,0.0,1.714,0.0,3.714,25.0,0.0,,1,0.071,0.0,0.071,0.0,100.0,1.857,8.609,1.071,1,1.962,4.038,0,,,1,1.962,4.038,3.714,36.62,100.0,0.0,4.643,6.429,5.643,3.714
Elliot Yeo,West Coast,28,28.24,Midfielder,12,12.817,86.5,83.0,9,0.75,3,4,76.583,12.5,9.5,22.0,63.636,50.0,81.579,56.818,5.25,0.667,407.667,18.53,4.083,5.388,4.5,4.889,24.671,-5.159,45.165,-6.954,13.333,9.5,22.833,58.394,2.917,7.167,0.5,2.917,4.25,4.417,3.333,3.5,2.083,6.167,20.333,77.955,3.667,18.033,3.25,6.917,8.5,82.353,2.25,0.167,0.0,0.5,0.083,1.667,1.667,0.0,0.0,0.0,0.0,,0.0,,0.0,5.25,0.583,0.167,50.0,0.083,0.0,3,0.25,0.583,1.0,0.25,25.0,4.167,21.645,1.583,12,2.522,-0.439,1,3.927,2.073,11,2.394,-0.667,0.0,0.0,,0.333,1.75,20.75,9.25,0.167
Lewis Taylor,Sydney,26,26.86,Mid-Forward,2,1.8,15.5,16.0,0,0.0,0,0,20.0,3.0,0.0,3.0,83.333,83.333,,100.0,0.0,0.0,40.0,13.333,0.5,6.0,0.5,6.0,15.31,4.69,69.588,30.412,1.5,2.5,4.0,37.5,0.5,1.0,0.0,0.0,1.0,1.5,1.0,0.0,0.5,0.5,0.0,0.0,0.0,,0.0,0.0,0.0,,2.0,0.0,0.5,0.0,0.0,0.0,0.5,-0.5,0.0,0.0,0.0,,0.0,,0.0,0.5,0.0,0.0,,0.0,,0,0.0,0.5,0.5,0.0,0.0,1.0,4.878,0.0,1,3.886,-2.886,1,3.886,-2.886,0,,,0.0,0.0,,0.0,0.5,4.0,2.5,0.0
Max Lynch,Collingwood,23,23.3,Ruck,2,6.3,54.5,61.5,0,0.0,0,0,78.0,4.5,7.0,11.5,69.565,44.444,85.714,39.13,2.0,1.0,111.5,9.696,1.5,7.667,1.5,7.667,26.817,-12.531,48.601,-5.744,4.5,6.5,11.0,40.909,1.0,4.0,0.5,3.0,1.0,1.5,1.5,0.0,0.5,4.5,19.0,77.551,0.0,0.0,1.5,1.5,3.0,50.0,2.0,0.0,0.0,0.0,0.5,0.5,1.0,-0.5,48.0,63.158,20.5,42.708,3.5,17.073,0.0,2.5,0.5,0.5,0.0,1.0,0.0,0,0.0,0.0,0.0,1.0,,4.0,18.605,3.0,0,,,0,,,0,,,0.0,0.0,,0.0,3.0,10.5,6.5,3.0
Patrick Ambrose,Essendon,30,30.33,Key Forward,1,2.2,22.0,21.0,0,0.0,0,0,56.0,1.0,4.0,5.0,60.0,0.0,75.0,20.0,0.0,0.0,50.0,10.0,0.0,,0.0,,,,,,4.0,1.0,5.0,80.0,0.0,3.0,1.0,2.0,1.0,4.0,3.0,0.0,0.0,1.0,0.0,0.0,0.0,,0.0,0.0,0.0,,0.0,0.0,0.0,0.0,0.0,1.0,0.0,1.0,1.0,1.389,0.0,0.0,0.0,,0.0,2.0,1.0,0.0,,3.0,66.667,0,0.0,1.0,1.0,0.0,0.0,2.0,8.333,0.0,1,2.965,-1.965,1,2.965,-1.965,0,,,0.0,0.0,,0.0,0.0,6.0,0.0,0.0
Luke Edwards,West Coast,19,19.96,Midfielder,8,3.875,43.75,46.125,0,0.0,0,0,65.125,7.125,5.375,12.5,74.0,66.667,83.721,57.0,1.125,0.75,133.5,10.68,1.625,7.692,2.625,4.762,22.669,4.117,63.046,-4.118,3.5,9.25,12.75,27.451,1.875,2.625,0.25,0.75,1.875,2.5,1.875,0.125,0.75,5.375,0.25,1.005,0.125,50.0,0.625,0.75,0.5,75.0,3.25,0.0,0.125,0.125,0.125,0.625,0.5,0.125,0.0,0.0,0.0,,0.0,,0.0,1.25,0.0,0.25,50.0,0.125,0.0,0,0.0,0.125,0.125,0.375,0.0,2.625,13.636,0.5,1,3.806,-2.806,1,3.806,-2.806,0,,,0.0,0.0,,0.125,0.625,11.75,5.625,0.25
Brett Bewley,Fremantle,26,26.71,Midfielder,6,3.95,50.667,49.5,0,0.0,0,0,61.5,7.167,5.333,12.5,74.667,65.116,87.5,57.333,0.833,1.0,180.0,14.4,2.167,5.769,2.0,6.25,23.349,-3.349,58.049,-5.549,3.5,8.667,12.167,28.767,2.833,2.667,0.333,0.833,1.833,2.833,2.0,0.0,1.0,5.167,0.0,0.0,0.0,,0.5,0.5,0.833,60.0,2.667,0.0,0.167,0.333,0.333,0.833,0.5,0.333,0.0,0.0,0.0,,0.0,,0.0,2.0,0.0,0.167,100.0,0.0,,2,0.333,0.0,0.333,0.0,100.0,3.0,15.254,0.667,2,3.581,2.419,1,4.927,1.073,1,2.236,3.764,0.0,0.0,,0.0,1.167,8.0,4.5,0.667
Jake Stein,Greater Western Sydney,27,27.95,Key Defender,6,6.117,43.5,30.167,0,0.0,0,0,86.167,4.833,1.833,6.667,80.0,79.31,81.818,72.5,0.0,1.5,100.167,15.025,2.167,3.077,1.667,4.0,15.906,1.336,66.486,-4.417,2.833,4.5,7.333,38.636,3.333,1.0,0.0,0.333,0.667,2.833,1.0,0.0,0.167,1.5,0.0,0.0,0.0,,0.0,0.0,0.0,,3.333,0.667,0.167,1.333,0.0,0.333,1.0,-0.667,0.0,0.0,0.0,,0.0,,0.0,1.167,0.0,3.5,42.857,0.0,,0,0.0,0.0,0.0,0.0,,1.0,4.444,0.333,0,,,0,,,0,,,0.167,1.449,100.0,0.0,7.5,6.667,5.333,5.167
Adam Kennedy,Greater Western Sydney,29,29.47,Midfielder,9,7.778,65.111,57.778,0,0.0,0,0,82.444,8.0,6.556,14.556,83.206,73.611,94.915,54.962,2.0,1.667,209.667,14.405,1.333,10.917,2.222,6.55,24.217,2.649,57.714,6.465,5.0,9.889,14.889,33.582,4.0,3.556,0.444,1.111,2.444,3.667,2.556,0.333,1.222,5.222,0.0,0.0,0.111,,1.222,1.333,1.0,100.0,3.889,0.444,0.222,0.778,0.0,0.556,0.556,0.0,0.0,0.0,0.0,,0.0,,0.0,2.333,0.222,0.444,25.0,0.111,0.0,1,0.111,0.111,0.333,0.111,33.333,2.889,13.402,0.556,3,2.309,0.024,3,2.309,0.024,0,,,0.111,1.163,100.0,0.111,1.889,13.778,6.778,0.667
Robbie Tarrant,North Melbourne,32,32.68,Key Defender,10,5.92,65.3,60.0,0,0.0,0,0,84.3,10.4,4.1,14.5,85.517,80.769,97.561,71.724,0.4,3.3,202.0,13.931,2.7,5.37,1.6,9.062,15.54,-1.541,71.938,2.062,3.0,10.8,13.8,21.739,5.4,1.6,0.0,0.3,1.3,2.9,1.6,0.1,0.7,3.2,0.0,0.0,0.0,,0.1,0.1,0.1,100.0,6.7,0.5,0.0,1.6,0.0,0.7,1.4,-0.7,0.0,0.0,0.0,,0.0,,0.0,1.0,0.0,2.6,34.615,0.0,,0,0.0,0.0,0.0,0.1,,1.8,9.574,0.6,0,,,0,,,0,,,0.3,2.326,100.0,0.0,4.4,5.9,5.1,4.0
Toby McLean,Western Bulldogs,25,25.91,Gen. Forward,3,6.067,65.0,64.667,0,0.0,0,0,74.333,5.667,8.333,14.0,69.048,47.059,84.0,40.476,1.667,0.333,161.0,11.5,2.0,7.0,2.667,5.25,31.688,1.645,48.818,-23.818,5.0,10.0,15.0,33.333,1.0,3.333,0.333,2.0,1.333,3.0,2.0,0.333,0.667,5.0,1.0,3.75,0.0,0.0,1.667,1.667,1.667,100.0,3.0,0.0,0.667,0.0,0.333,1.0,0.333,0.667,0.0,0.0,0.0,,0.0,,0.0,4.333,0.667,0.0,,0.333,100.0,2,0.667,0.667,1.667,0.667,40.0,3.667,13.095,0.667,5,3.329,-0.529,1,3.2,-2.2,4,3.361,-0.111,0.0,0.0,,0.0,2.333,17.0,7.667,0.333
Jarrod Lienert,Port Adelaide,27,27.4,Gen. Defender,5,6.98,73.4,65.0,0,0.0,0,0,77.8,12.4,4.4,16.8,78.571,75.806,86.364,73.81,1.8,4.6,373.0,22.202,2.2,7.636,4.0,4.2,17.35,-1.833,54.881,-3.157,3.8,10.8,14.6,26.027,4.6,3.0,0.0,0.6,2.4,3.0,2.4,0.0,0.8,6.0,0.0,0.0,0.2,,0.6,0.8,0.6,100.0,4.2,0.4,0.0,0.6,0.0,0.6,0.6,0.0,0.0,0.0,0.0,,0.0,,0.0,1.6,0.0,0.2,0.0,0.2,100.0,1,0.2,0.0,0.2,0.0,100.0,2.4,11.65,0.8,1,2.547,3.453,0,,,1,2.547,3.453,1.8,16.364,100.0,0.2,3.0,8.0,4.8,2.4
Leo Connolly,St Kilda,20,20.4,Gen. Defender,7,5.1,42.0,43.286,0,0.0,0,0,68.286,8.0,3.857,11.857,75.904,73.214,81.481,67.47,1.286,1.857,216.571,18.265,1.857,6.385,2.571,4.611,20.95,-5.264,58.33,2.454,2.286,9.286,11.571,19.753,1.571,1.857,0.143,0.571,1.286,2.0,1.714,0.0,0.286,5.143,0.0,0.0,0.0,,0.286,0.286,0.143,0.0,3.143,0.143,0.286,0.143,0.0,0.143,0.429,-0.286,0.0,0.0,0.0,,0.0,,0.0,0.571,0.0,0.714,20.0,0.0,,1,0.143,0.143,0.286,0.143,50.0,2.0,9.459,0.286,2,4.066,-0.566,2,4.066,-0.566,0,,,0.571,5.882,75.0,1.0,0.714,5.714,3.429,0.571
Aaron vandenBerg,Melbourne,29,29.83,Midfielder,4,2.25,22.75,25.25,0,0.0,0,0,30.75,4.5,2.25,6.75,66.667,55.556,88.889,66.667,1.5,0.75,139.75,20.704,2.25,3.0,1.25,5.4,25.993,14.007,49.668,10.332,1.5,5.0,6.5,23.077,1.0,1.5,0.75,0.75,0.75,0.75,0.75,0.0,0.5,3.0,2.5,10.309,0.25,10.0,0.5,0.75,0.75,66.667,0.75,0.0,0.0,0.25,0.0,0.0,1.0,-1.0,0.0,0.0,0.0,,0.0,,0.0,2.0,0.25,0.0,,0.0,,0,0.0,0.0,0.5,0.25,0.0,2.25,10.0,0.25,2,2.031,-2.031,0,,,2,2.031,-2.031,0.0,0.0,,0.0,0.25,6.5,3.75,0.25
Ben Davis,Adelaide,24,24.61,Gen. Defender,4,6.45,41.75,33.0,0,0.0,0,0,57.0,5.0,3.75,8.75,77.143,75.0,80.0,57.143,0.75,0.5,128.75,14.714,0.5,17.5,1.5,5.833,24.545,-9.545,65.408,-5.408,3.25,5.5,8.75,37.143,3.5,2.25,0.0,1.0,1.25,3.25,2.25,0.0,0.75,3.25,0.0,0.0,0.0,,0.0,0.0,0.0,,2.5,0.25,0.0,1.0,0.0,0.75,0.25,0.5,0.0,0.0,0.0,,0.0,,0.0,0.75,0.25,0.75,33.333,0.0,,0,0.0,0.0,0.0,0.0,,1.25,6.41,0.5,0,,,0,,,0,,,0.0,0.0,,0.25,0.75,10.0,8.0,0.75
Dean Kent,St Kilda,27,27.84,Gen. Forward,7,4.543,59.286,65.571,0,0.0,0,0,78.714,8.0,5.714,13.714,67.708,57.143,82.5,58.333,4.143,0.429,264.0,19.25,2.714,5.053,3.0,4.571,29.24,-3.659,47.403,3.759,3.143,10.714,13.857,22.68,0.714,2.143,0.714,0.571,1.571,3.0,2.0,0.0,0.714,4.286,0.0,0.0,0.0,,0.143,0.143,0.0,,5.0,0.286,1.286,0.143,0.857,0.429,1.0,-0.571,0.143,0.16,0.0,0.0,0.0,,0.0,3.143,1.286,0.0,,0.714,20.0,5,0.714,0.857,1.857,0.571,38.462,4.857,22.819,0.286,13,3.084,-0.315,7,3.415,-1.844,6,2.698,1.469,0.0,0.0,,0.286,1.286,17.0,3.143,0.286
Sydney Stack,Richmond,21,21.67,Gen. Defender,7,9.857,75.286,67.571,6,0.857,1,0,76.857,8.571,8.143,16.714,80.342,78.333,82.456,51.282,1.857,2.571,264.0,15.795,3.0,5.571,2.571,6.5,20.61,1.209,59.533,9.557,5.286,11.714,17.0,31.092,5.0,3.714,0.0,1.0,2.714,4.857,3.429,0.0,1.286,5.714,0.0,0.0,0.0,,0.286,0.286,0.143,100.0,5.143,0.571,0.143,1.571,0.143,0.714,0.714,0.0,0.0,0.0,0.0,,0.0,,0.0,2.429,0.0,0.571,25.0,0.286,50.0,2,0.286,0.143,0.429,0.429,66.667,2.857,13.889,0.429,3,3.166,1.167,2,3.523,-0.023,1,2.453,3.547,0.143,1.562,100.0,0.0,1.571,12.286,8.429,0.857
Ryan Garthwaite,Richmond,23,23.5,Key Defender,5,5.5,54.0,38.4,0,0.0,0,0,95.4,5.0,5.0,10.0,80.0,80.0,80.0,50.0,0.8,2.4,104.6,10.46,2.0,5.0,1.8,5.556,18.517,-4.88,64.492,-5.401,3.0,6.4,9.4,31.915,4.6,1.8,0.0,0.0,1.8,3.0,1.8,0.0,0.4,3.4,0.0,0.0,0.0,,0.0,0.0,0.0,,2.2,0.4,0.0,0.8,0.0,0.8,0.4,0.4,0.0,0.0,0.0,,0.0,,0.0,1.8,0.0,3.2,31.25,0.0,,0,0.0,0.0,0.0,0.0,,1.6,8.247,0.6,0,,,0,,,0,,,0.0,0.0,,0.0,6.6,9.0,7.2,5.6
Jamarra Ugle-Hagan,Western Bulldogs,19,19.74,Key Forward,5,3.74,47.0,42.0,0,0.0,0,0,68.8,5.0,2.0,7.0,60.0,48.0,90.0,71.429,1.2,0.0,120.8,17.257,2.6,2.692,1.6,4.375,34.392,1.972,54.717,-9.263,3.0,4.4,7.4,40.541,0.6,2.0,1.6,0.6,1.4,2.8,1.8,0.0,0.8,1.8,0.0,0.0,0.0,,0.2,0.2,0.0,,2.8,0.6,1.8,0.0,1.4,0.6,0.4,0.2,0.0,0.0,0.0,,0.0,,0.0,1.6,1.0,0.0,,1.4,0.0,7,1.4,0.4,2.8,0.2,50.0,4.2,18.421,0.4,14,3.292,-0.149,11,3.241,0.123,3,3.477,-1.144,0.0,0.0,,0.0,1.0,8.2,1.2,0.4
Connor West,West Coast,22,22.65,Mid-Forward,5,4.54,50.8,50.8,0,0.0,0,0,76.8,7.0,5.6,12.6,65.079,57.143,75.0,55.556,2.4,0.4,177.6,14.095,3.4,3.706,4.6,2.739,26.607,-5.179,53.597,-7.168,6.8,6.6,13.4,50.746,2.0,5.6,1.4,3.0,2.6,5.2,4.4,0.2,1.4,3.4,2.8,10.37,0.0,0.0,1.0,1.0,1.0,60.0,3.2,0.4,0.6,0.0,0.6,0.8,1.4,-0.6,0.0,0.0,0.0,,0.0,,0.0,2.6,1.4,0.0,,0.4,50.0,1,0.2,0.8,1.2,0.4,16.667,3.4,15.888,0.6,6,2.92,-1.254,3,2.925,-1.925,3,2.916,-0.582,0.0,0.0,,0.0,0.4,20.4,6.2,0.2
Ben Ronke,Sydney,24,24.03,Gen. Forward,2,0.8,9.5,7.5,0,0.0,0,0,32.5,1.0,1.5,2.5,80.0,100.0,66.667,40.0,0.0,0.0,32.0,12.8,0.0,,0.5,5.0,15.48,-15.48,55.805,-5.805,1.0,1.5,2.5,40.0,0.5,1.0,0.5,0.0,1.0,1.0,1.0,0.0,0.5,0.0,0.0,0.0,0.0,,0.0,0.0,0.0,,0.5,0.0,0.0,0.0,0.0,0.0,0.0,0.0,0.0,0.0,0.0,,0.0,,0.0,0.0,0.0,0.0,,0.0,,0,0.0,0.0,0.0,0.0,,0.0,0.0,0.0,0,,,0,,,0,,,0.0,0.0,,0.0,0.0,3.5,1.0,0.0
Anton Tohill,Collingwood,22,22.04,Key Defender,1,2.2,39.0,29.0,0,0.0,0,0,89.0,4.0,5.0,9.0,77.778,75.0,80.0,44.444,1.0,2.0,150.0,16.667,2.0,4.5,2.0,4.5,16.355,8.645,60.092,-10.092,2.0,7.0,9.0,22.222,1.0,2.0,0.0,0.0,2.0,1.0,1.0,0.0,1.0,4.0,0.0,0.0,0.0,,1.0,1.0,0.0,,3.0,0.0,0.0,0.0,0.0,1.0,1.0,0.0,0.0,0.0,0.0,,0.0,,0.0,0.0,0.0,1.0,0.0,0.0,,0,0.0,0.0,0.0,0.0,,2.0,10.526,0.0,0,,,0,,,0,,,0.0,0.0,,0.0,6.0,2.0,2.0,5.0
Nakia Cockatoo,Brisbane,25,25.18,Gen. Forward,7,6.143,42.571,32.571,0,0.0,0,0,61.571,2.571,3.429,6.0,80.952,77.778,83.333,42.857,0.429,0.0,50.714,8.452,0.857,7.0,1.0,6.0,28.681,12.986,60.868,14.133,3.143,3.286,6.429,48.889,0.714,2.286,1.286,1.0,1.286,2.857,2.143,0.0,1.143,1.857,0.0,0.0,0.143,,0.143,0.286,0.286,100.0,0.714,0.143,0.143,0.0,0.0,0.571,0.571,0.0,0.0,0.0,0.0,,0.0,,0.0,3.143,1.714,0.0,,1.143,25.0,5,0.714,0.143,0.857,0.571,83.333,3.143,12.022,0.429,6,4.196,0.971,1,4.867,1.133,5,4.062,0.938,0.0,0.0,,0.0,1.857,11.714,4.143,1.0
Mark Hutchings,West Coast,30,30.6,Mid-Forward,4,3.7,33.25,39.75,0,0.0,0,0,60.0,5.75,3.75,9.5,68.421,47.826,100.0,60.526,1.25,0.5,119.25,12.553,1.75,5.429,1.25,7.6,22.71,8.869,63.082,5.339,2.75,6.5,9.25,29.73,1.5,2.0,0.0,0.5,1.5,1.5,1.25,0.25,0.25,3.5,5.0,18.349,0.75,15.0,0.5,1.25,1.5,83.333,2.25,0.25,0.0,0.25,0.0,0.25,0.0,0.25,0.0,0.0,0.0,,0.0,,0.0,2.0,0.0,0.0,,0.25,100.0,0,0.0,0.0,0.25,0.25,0.0,2.25,11.392,0.25,1,2.885,-2.885,0,,,1,2.885,-2.885,0.0,0.0,,0.0,1.0,9.0,4.75,0.25
Dylan Clarke,Essendon,23,23.31,Mid-Forward,4,6.525,59.75,58.75,0,0.0,0,0,81.5,6.25,9.0,15.25,83.607,72.0,91.667,40.984,3.5,0.5,141.0,9.246,2.5,6.1,2.25,6.778,31.626,-17.34,58.744,-11.125,5.25,11.0,16.25,32.308,1.5,3.25,0.75,1.75,1.5,3.0,2.25,0.75,0.75,6.5,0.75,2.564,0.25,33.333,2.0,2.25,1.75,100.0,4.25,0.25,1.0,0.5,0.0,1.0,1.25,-0.25,0.0,0.0,0.0,,0.0,,0.0,2.25,0.25,0.0,,0.25,100.0,2,0.5,0.0,0.5,0.0,100.0,4.25,18.085,1.0,2,4.824,1.176,2,4.824,1.176,0,,,0.0,0.0,,0.0,0.75,17.75,6.5,0.0
Jacob Townsend,Gold Coast,28,28.53,Gen. Forward,2,8.9,65.0,56.0,0,0.0,0,0,76.0,7.5,4.5,12.0,87.5,100.0,66.667,62.5,3.0,0.5,188.5,15.708,6.5,1.846,3.5,3.429,29.789,3.544,57.33,26.003,6.0,6.0,12.0,50.0,2.0,3.5,1.0,1.0,2.5,4.0,2.0,0.0,1.5,3.0,2.0,9.091,0.0,0.0,1.0,1.0,1.5,66.667,4.0,1.0,0.0,1.0,0.0,1.0,3.0,-2.0,8.5,10.625,1.5,17.647,0.0,0.0,0.5,2.5,1.0,0.0,,4.0,12.5,3,1.5,0.0,1.5,1.0,100.0,4.0,25.806,1.5,3,4.234,1.766,2,4.136,1.864,1,4.431,1.569,0.0,0.0,,0.0,1.5,13.5,4.0,1.5
Dan Hannebery,St Kilda,30,30.84,Midfielder,2,7.4,67.0,58.5,0,0.0,0,0,58.5,9.0,11.0,20.0,70.0,50.0,86.364,45.0,1.0,1.5,241.5,12.075,3.5,5.714,3.5,5.714,21.271,-3.624,47.001,11.823,9.0,11.5,20.5,43.902,2.5,7.0,0.5,2.5,4.5,3.0,3.0,2.0,2.0,8.5,6.5,23.636,1.0,15.385,4.0,5.0,4.5,77.778,2.0,0.0,0.0,0.0,0.5,0.5,1.0,-0.5,0.0,0.0,0.0,,0.0,,0.0,1.5,0.0,0.0,,0.0,,0,0.0,0.0,0.0,0.0,,3.0,15.789,0.5,0,,,0,,,0,,,0.0,0.0,,0.0,0.0,13.5,6.0,0.0
Joel Smith,Melbourne,25,25.84,Key Defender,3,3.9,42.0,29.667,0,0.0,0,0,78.0,3.667,3.0,6.667,70.0,72.727,66.667,55.0,0.0,2.0,90.0,13.5,2.667,2.5,2.333,2.857,12.428,-3.337,65.395,-10.849,3.333,4.667,8.0,41.667,4.333,2.333,0.0,1.667,0.667,3.0,2.0,0.0,0.0,1.667,0.0,0.0,0.0,,0.333,0.333,0.0,,3.0,0.0,0.0,1.333,0.0,0.333,0.667,-0.333,0.0,0.0,0.0,,0.0,,0.0,1.333,0.0,1.333,25.0,0.0,,0,0.0,0.0,0.0,0.0,,1.0,4.11,0.333,0,,,0,,,0,,,0.333,5.0,0.0,0.0,5.333,5.333,5.0,4.333
Harry McKay,Carlton,24,24.01,Key Forward,19,9.305,77.368,70.053,28,1.474,4,8,86.158,8.105,1.632,9.737,64.324,61.688,77.419,83.243,1.368,0.053,219.526,22.546,2.316,4.205,2.158,4.512,28.875,-6.875,53.763,-5.763,5.526,4.579,10.105,54.688,0.211,1.211,0.842,0.632,0.579,5.368,1.158,0.0,0.211,0.789,0.0,0.0,0.0,,0.053,0.053,0.158,33.333,5.947,2.632,3.632,0.0,1.895,1.421,0.947,0.474,1.316,1.531,0.316,24.0,0.105,33.333,0.105,1.421,0.789,0.053,100.0,4.842,31.522,58,3.053,1.737,5.368,0.316,56.863,6.316,27.65,0.158,102,3.729,0.006,89,3.849,-0.017,13,2.908,0.169,0.0,0.0,,0.0,1.368,6.789,1.105,1.158
Jack Silvagni,Carlton,24,24.03,Gen. Forward,15,6.347,65.333,63.6,10,0.667,2,0,76.267,8.667,4.667,13.333,69.0,60.0,85.714,65.0,3.133,0.333,235.6,17.67,2.133,6.25,2.867,4.651,28.67,9.871,52.136,9.322,4.2,9.0,13.2,31.818,0.8,2.8,1.0,1.4,1.4,3.267,2.067,0.0,0.533,3.933,2.267,8.437,0.333,14.706,0.467,0.8,0.933,78.571,4.667,0.467,0.8,0.2,1.133,0.933,0.8,0.133,7.467,8.896,1.133,15.179,0.6,52.941,0.0,2.533,0.867,0.267,25.0,1.8,18.519,9,0.6,0.867,1.867,0.6,32.143,5.067,22.222,0.6,28,3.191,-0.798,18,3.331,-1.164,10,2.939,-0.139,0.0,0.0,,0.267,1.133,11.933,3.533,0.8
Lachie Fogarty,Carlton,22,22.75,Gen. Forward,17,8.565,64.588,63.235,2,0.118,1,0,71.353,8.176,6.294,14.471,67.48,55.396,83.178,56.504,2.529,0.647,212.412,14.679,2.118,6.833,3.588,4.033,28.979,-0.283,54.475,-6.648,5.706,8.647,14.353,39.754,1.647,4.529,1.588,1.588,2.941,4.0,3.353,0.235,1.412,4.235,1.647,5.957,0.471,28.571,0.941,1.412,0.765,92.308,3.353,0.118,0.647,0.235,0.235,0.941,0.647,0.294,0.0,0.0,0.0,,0.0,,0.0,3.647,0.706,0.0,,0.706,8.333,6,0.353,0.353,0.941,0.353,37.5,4.059,17.602,0.647,16,3.508,-0.883,8,3.996,-0.746,8,3.021,-1.021,0.0,0.0,,0.0,0.824,16.294,5.353,0.235
Paddy Dow,Carlton,22,22.2,Midfielder,17,7.512,52.294,47.941,1,0.059,1,1,63.471,5.588,8.647,14.235,66.116,44.211,80.272,39.256,2.294,0.824,188.647,13.252,2.529,5.628,2.471,5.762,27.776,-1.27,45.355,-6.8,6.412,7.824,14.235,45.041,1.412,5.235,0.647,2.0,3.235,2.118,1.824,0.647,0.706,5.353,11.706,42.161,1.0,8.543,1.824,2.824,3.471,69.492,1.647,0.0,0.235,0.059,0.059,0.529,0.765,-0.235,0.0,0.0,0.0,,0.0,,0.0,2.294,0.471,0.176,66.667,0.235,0.0,4,0.235,0.118,0.353,0.529,66.667,3.588,15.927,0.529,6,3.168,1.166,2,3.136,2.864,4,3.184,0.316,0.0,0.0,,0.412,0.294,11.765,5.765,0.059
Sam Walsh,Carlton,21,21.49,Midfielder,22,14.023,117.045,108.955,92,4.182,15,30,87.364,13.545,16.273,29.818,74.39,63.087,83.799,45.427,3.864,1.273,337.045,11.303,3.636,8.2,4.091,7.289,25.95,-1.141,56.649,0.603,11.455,18.545,30.0,38.182,2.682,8.818,1.364,3.682,5.136,4.818,4.0,1.318,1.955,11.636,18.955,67.695,1.682,8.873,3.0,4.682,4.909,77.778,5.773,0.318,0.318,0.318,1.0,1.091,1.455,-0.364,0.0,0.0,0.0,,0.0,,0.0,4.545,0.273,0.227,40.0,0.0,,12,0.545,0.273,1.227,0.682,44.444,6.5,28.831,1.591,27,2.779,0.11,8,2.919,0.206,19,2.719,0.07,0.0,0.0,,0.409,0.773,22.864,11.0,0.182
Liam Jones,Carlton,30,30.84,Key Defender,19,10.605,69.053,51.789,15,0.789,3,1,95.474,9.368,2.158,11.526,73.973,71.91,82.927,81.279,1.474,2.947,208.526,18.091,2.579,4.469,3.053,3.776,17.782,-2.577,62.865,0.877,5.789,5.737,11.526,50.228,8.421,2.526,0.0,0.895,1.632,5.579,2.526,0.105,0.579,1.316,0.0,0.0,0.0,,0.316,0.316,0.263,100.0,5.526,1.684,0.0,4.158,0.0,1.263,0.842,0.421,0.632,0.727,0.0,0.0,0.0,,0.0,1.0,0.0,5.789,11.818,0.0,,0,0.0,0.053,0.053,0.105,0.0,1.526,6.636,1.105,1,4.35,-3.35,1,4.35,-3.35,0,,,0.158,1.493,66.667,0.0,8.263,5.105,4.158,7.316
Adam Saad,Carlton,27,27.44,Gen. Defender,22,11.477,82.636,69.727,1,0.045,1,0,80.864,14.136,5.136,19.273,75.943,71.061,89.381,73.349,3.409,4.364,436.909,22.67,2.227,8.653,3.818,5.048,20.504,2.939,54.791,5.649,5.318,11.409,16.727,31.793,5.955,4.091,0.045,1.0,3.091,4.545,3.682,0.182,1.227,7.364,0.0,0.0,0.182,,0.545,0.727,0.5,81.818,3.273,0.227,0.045,1.0,0.045,0.682,0.455,0.227,0.0,0.0,0.0,,0.0,,0.0,1.773,0.0,1.091,25.0,0.0,,2,0.091,0.273,0.455,0.409,20.0,3.727,16.532,1.227,10,2.516,-0.716,2,2.23,-1.73,8,2.588,-0.463,1.727,15.702,92.105,2.864,2.864,12.273,8.091,2.091
Sam Docherty,Carlton,28,28.2,Gen. Defender,14,10.443,97.929,98.643,16,1.143,4,2,86.714,18.0,6.286,24.286,80.294,78.571,85.227,74.118,2.143,5.5,493.571,20.324,2.643,9.189,4.143,5.862,18.203,4.842,58.808,4.155,6.0,16.571,22.571,26.582,5.786,4.214,0.071,1.286,2.929,4.071,2.643,0.214,1.0,8.214,0.0,0.0,0.214,,1.214,1.429,1.071,73.333,7.643,0.5,0.0,1.857,0.143,1.143,0.286,0.857,0.0,0.0,0.0,,0.0,,0.0,2.214,0.143,0.929,46.154,0.071,100.0,0,0.0,0.0,0.0,0.214,,4.143,17.576,1.357,0,,,0,,,0,,,2.071,19.333,82.759,0.5,2.071,11.429,7.0,1.571
Marc Pittonet,Carlton,25,25.57,Ruck,13,11.831,85.0,70.0,0,0.0,0,0,82.615,5.154,6.154,11.308,63.946,40.299,83.75,45.578,1.923,1.154,100.462,8.884,3.154,3.585,1.538,7.35,23.32,-4.716,46.16,-13.602,7.538,4.385,11.923,63.226,1.846,3.154,0.615,1.154,2.0,1.923,1.231,0.0,0.462,2.308,23.077,79.156,1.462,6.333,2.538,4.0,5.692,77.027,2.0,0.308,0.462,0.846,0.154,1.308,1.846,-0.538,68.385,77.103,29.154,42.632,9.923,34.037,1.846,2.154,0.077,0.846,18.182,0.538,14.286,5,0.385,0.385,0.769,0.231,50.0,4.462,18.893,3.154,10,4.064,-0.564,8,4.395,-0.895,2,2.741,0.759,0.0,0.0,,0.0,3.308,10.846,5.462,2.0
Patrick Cripps,Carlton,26,26.78,Midfielder,20,11.8,83.55,81.75,23,1.15,6,5,84.0,8.15,15.25,23.4,70.513,53.374,79.672,34.829,3.15,0.55,244.7,10.457,4.9,4.776,3.45,6.783,27.941,-1.111,52.264,-1.857,12.3,11.5,23.8,51.681,1.8,6.05,1.05,3.15,2.9,4.05,2.4,3.3,0.9,7.9,22.0,78.431,2.75,12.5,2.6,5.35,7.6,70.395,3.15,0.6,0.15,0.15,0.25,2.35,2.2,0.15,2.05,2.36,0.15,7.317,0.05,33.333,0.2,4.25,0.9,0.25,40.0,1.5,23.333,13,0.65,0.55,1.2,0.55,54.167,6.3,28.0,1.3,24,3.278,0.43,12,3.738,0.179,12,2.818,0.682,0.0,0.0,,0.3,1.55,18.0,7.15,0.5
Oscar McDonald,Carlton,25,25.78,Key Forward,3,2.367,17.667,18.667,0,0.0,0,0,16.333,2.667,0.333,3.0,66.667,62.5,100.0,88.889,0.667,0.0,99.667,33.222,0.667,4.5,0.667,4.5,20.082,4.917,36.918,-11.918,1.333,1.667,3.0,44.444,0.667,0.333,0.0,0.0,0.333,1.333,0.333,0.0,0.333,0.333,0.0,0.0,0.0,,0.0,0.0,0.0,,1.0,0.0,0.333,0.0,0.0,1.0,0.333,0.667,0.0,0.0,0.0,,0.0,,0.0,0.667,0.0,0.0,,0.667,0.0,2,0.667,0.333,1.0,0.0,66.667,1.667,6.757,0.333,3,2.811,1.522,2,2.738,0.762,1,2.957,3.043,0.0,0.0,,0.0,0.667,2.0,0.333,0.667
Jacob Weitering,Carlton,24,24.1,Key Defender,22,12.691,94.091,73.591,39,1.773,9,1,95.909,13.682,2.727,16.409,79.501,77.409,90.0,83.38,0.727,6.318,332.273,20.249,2.364,6.942,3.409,4.813,14.868,0.866,59.775,5.96,6.318,8.727,15.045,41.994,8.318,3.545,0.0,1.182,2.364,5.955,3.364,0.182,1.136,1.818,0.0,0.0,0.0,,0.227,0.227,0.318,85.714,7.591,1.682,0.0,3.182,0.0,0.818,0.636,0.182,0.864,1.003,0.091,10.526,0.045,50.0,0.0,1.318,0.0,5.455,20.833,0.091,0.0,0,0.0,0.045,0.045,0.045,0.0,2.182,9.677,0.909,1,2.393,-1.393,0,,,1,2.393,-1.393,1.636,14.876,75.0,0.227,9.091,5.136,4.091,8.0
Will Setterfield,Carlton,23,23.9,Midfielder,8,9.113,62.0,60.375,0,0.0,0,0,76.25,9.25,6.25,15.5,74.194,66.216,86.0,59.677,2.875,0.875,239.375,15.444,2.5,6.2,2.5,6.2,24.646,-4.974,58.58,6.993,6.875,9.0,15.875,43.307,2.625,5.0,1.0,1.375,3.625,3.75,3.0,0.5,1.375,4.375,8.0,30.476,1.125,14.062,1.625,2.75,2.625,90.476,4.375,0.125,0.25,0.5,0.125,0.75,1.25,-0.5,0.0,0.0,0.0,,0.0,,0.0,2.125,0.0,0.25,50.0,0.0,,1,0.125,0.75,1.125,0.25,11.111,3.375,15.517,1.5,9,2.519,-1.186,2,1.98,-1.48,7,2.673,-1.102,0.0,0.0,,0.125,1.0,14.0,6.875,0.375
Zac Fisher,Carlton,23,23.54,Gen. Forward,10,8.47,64.9,57.8,0,0.0,0,0,79.3,8.5,7.4,15.9,67.925,52.941,85.135,53.459,2.8,0.6,240.1,15.101,2.3,6.913,2.9,5.483,30.951,0.795,51.847,2.122,6.0,10.6,16.6,36.145,1.5,4.7,2.3,1.4,3.3,3.6,3.0,0.5,1.5,7.4,6.2,21.453,0.5,8.065,1.2,1.7,1.4,85.714,2.3,0.3,0.7,0.1,0.5,0.5,0.9,-0.4,0.0,0.0,0.0,,0.0,,0.0,2.4,0.3,0.0,,0.8,12.5,4,0.4,0.8,1.6,0.9,25.0,5.5,25.463,0.8,16,3.347,-1.347,5,4.042,-1.242,11,3.032,-1.395,0.0,0.0,,0.8,0.9,16.4,5.9,0.4
Liam Baker,Richmond,23,23.92,Gen. Defender,22,9.718,82.545,72.773,9,0.409,2,1,83.136,10.818,9.455,20.273,66.368,57.563,76.442,53.363,2.955,1.773,271.682,13.401,3.636,5.575,3.864,5.247,25.105,-0.595,55.849,1.994,8.136,12.545,20.682,39.341,4.591,7.091,0.955,1.773,5.318,6.227,5.455,0.091,2.545,7.227,2.455,9.199,0.364,14.815,1.0,1.364,1.273,71.429,4.0,0.182,0.318,0.727,0.136,0.545,1.5,-0.955,0.0,0.0,0.0,,0.0,,0.0,2.773,0.455,0.5,27.273,0.273,16.667,7,0.318,0.364,0.727,0.5,43.75,4.045,18.619,0.909,16,3.288,-0.163,8,3.227,0.273,8,3.349,-0.599,0.182,1.754,25.0,0.136,2.455,18.0,9.455,1.545
Daniel Rioli,Richmond,24,24.7,Gen. Forward,19,6.711,58.474,53.0,0,0.0,0,0,70.211,6.316,6.684,13.0,79.757,74.167,85.039,48.583,1.368,0.632,165.737,12.749,1.632,7.968,2.053,6.333,25.079,4.624,63.819,5.488,4.421,8.842,13.263,33.333,2.684,2.895,0.842,1.0,1.895,3.789,2.579,0.158,0.789,5.263,0.053,0.191,0.053,100.0,0.421,0.474,0.526,70.0,2.842,0.158,0.421,0.421,0.158,1.053,0.579,0.474,0.0,0.0,0.0,,0.0,,0.0,2.421,0.474,0.211,0.0,1.263,16.667,9,0.474,0.316,1.0,0.211,47.368,3.316,14.754,0.526,19,3.075,0.083,11,3.266,-0.084,8,2.811,0.314,0.211,2.083,75.0,0.316,1.158,13.053,5.105,0.526
Noah Balta,Richmond,22,22.18,Key Defender,14,10.421,66.429,54.714,3,0.214,2,0,79.857,9.214,3.857,13.071,80.874,80.62,81.481,70.492,1.143,3.071,285.5,21.842,2.286,5.719,2.357,5.545,17.881,7.119,60.686,3.48,4.286,8.143,12.429,34.483,5.357,2.0,0.0,0.429,1.571,3.786,1.643,0.0,0.571,4.286,2.143,7.833,0.286,13.333,0.143,0.429,0.429,100.0,4.643,1.429,0.071,2.5,0.071,0.5,0.714,-0.214,3.643,4.679,1.0,27.451,0.5,50.0,0.143,1.286,0.071,2.786,25.641,0.0,,2,0.143,0.071,0.286,0.071,50.0,3.143,13.88,1.714,4,2.891,0.359,2,3.632,-0.632,2,2.151,1.349,0.714,6.803,70.0,0.357,3.571,8.357,5.214,2.929
Jack Ross,Richmond,21,21.32,Midfielder,15,5.173,39.867,40.933,2,0.133,1,0,48.6,5.133,5.467,10.6,75.472,70.13,80.488,48.428,1.467,0.867,189.333,17.862,1.2,8.833,1.867,5.679,24.474,6.082,53.363,2.193,2.867,7.8,10.667,26.875,1.6,2.133,0.2,0.533,1.6,1.467,1.267,0.333,0.6,4.333,3.467,13.232,0.4,11.538,0.4,0.8,1.0,66.667,2.867,0.067,0.133,0.267,0.067,0.333,0.333,0.0,0.0,0.0,0.0,,0.0,,0.0,1.467,0.067,0.267,0.0,0.133,0.0,2,0.133,0.0,0.2,0.133,66.667,2.267,10.366,0.333,3,3.622,0.378,2,3.169,-0.169,1,4.53,1.47,0.0,0.0,,0.267,0.867,9.467,5.4,0.533
Dion Prestia,Richmond,29,29.21,Midfielder,9,11.989,85.222,81.111,12,1.333,3,2,70.556,10.333,11.889,22.222,75.5,64.516,85.047,46.5,3.0,1.889,305.111,13.73,3.333,6.667,3.333,6.667,26.828,7.318,55.086,-2.647,9.111,13.667,22.778,40.0,3.222,5.889,0.667,1.333,4.556,3.778,3.111,1.556,1.222,9.444,16.222,62.931,2.111,13.014,2.111,4.222,4.778,74.419,3.222,0.0,0.111,0.444,0.111,1.889,0.889,1.0,0.0,0.0,0.0,,0.0,,0.0,4.111,0.778,0.111,0.0,0.111,0.0,1,0.111,0.333,0.667,0.111,16.667,5.667,25.123,1.444,6,3.039,-1.539,1,2.365,-1.365,5,3.173,-1.573,0.0,0.0,,0.111,0.889,18.556,9.111,0.222
Tom Lynch,Richmond,29,29.16,Key Forward,18,7.189,70.056,61.833,18,1.0,3,0,93.389,7.222,3.833,11.056,62.312,54.615,76.812,65.327,2.5,0.0,200.222,18.111,3.111,3.554,3.0,3.685,35.088,-1.088,46.577,-0.577,6.333,5.389,11.722,54.028,0.889,3.222,1.889,1.667,1.556,5.667,2.889,0.0,0.667,1.278,0.056,0.211,0.0,0.0,0.389,0.389,0.667,75.0,4.833,1.722,2.889,0.167,1.167,0.944,1.333,-0.389,8.111,10.153,1.333,16.438,0.222,16.667,0.278,1.556,1.056,0.0,,5.944,37.383,35,1.944,1.833,4.167,0.833,46.667,6.389,29.412,0.722,75,3.532,-0.292,59,3.717,-0.208,16,2.85,-0.6,0.0,0.0,,0.0,2.056,10.611,1.5,1.556
Kamdyn McIntosh,Richmond,27,27.74,Midfielder,17,7.294,61.118,61.471,0,0.0,0,0,78.059,10.706,4.765,15.471,64.639,63.187,67.901,69.202,2.765,1.941,360.706,23.316,3.647,4.242,4.235,3.653,22.27,1.48,46.112,0.763,5.824,9.941,15.765,36.94,3.882,4.471,0.471,1.059,3.412,4.118,3.118,0.059,0.765,5.176,0.0,0.0,0.176,,0.941,1.118,1.118,68.421,4.059,0.118,0.235,0.412,0.059,0.765,1.118,-0.353,0.0,0.0,0.0,,0.0,,0.0,2.412,0.176,0.412,14.286,0.118,0.0,1,0.059,0.235,0.412,0.176,14.286,3.118,14.058,1.235,7,2.538,-1.109,5,2.643,-0.843,2,2.275,-1.775,0.118,1.105,50.0,0.824,2.059,13.118,6.353,1.059
Nick Vlastuin,Richmond,27,27.7,Gen. Defender,12,10.567,84.583,76.083,13,1.083,3,0,83.75,12.917,5.25,18.167,84.404,86.452,79.365,71.101,1.0,5.25,351.25,19.335,2.667,6.813,2.5,7.267,17.88,3.741,64.052,8.921,4.583,11.083,15.667,29.255,6.75,3.0,0.0,0.833,2.167,4.25,2.917,0.083,1.083,3.75,0.667,2.388,0.0,0.0,0.333,0.333,0.25,100.0,6.833,0.583,0.083,2.583,0.0,0.75,1.167,-0.417,0.0,0.0,0.0,,0.0,,0.0,2.25,0.0,2.083,44.0,0.083,100.0,0,0.0,0.083,0.083,0.25,0.0,3.083,14.397,1.417,1,2.852,-1.852,1,2.852,-1.852,0,,,3.333,30.303,72.5,0.083,4.083,9.083,8.083,2.833
Nathan Broad,Richmond,28,28.71,Gen. Defender,14,9.379,76.0,67.429,5,0.357,1,0,90.5,11.357,5.0,16.357,84.279,83.648,85.714,69.432,1.5,3.429,246.571,15.074,1.857,8.808,2.214,7.387,19.069,-3.044,67.088,2.143,4.714,11.286,16.0,29.464,6.714,3.429,0.071,1.143,2.286,4.5,3.286,0.0,1.5,4.5,0.0,0.0,0.071,,0.071,0.143,0.143,50.0,6.357,0.786,0.0,1.857,0.0,0.5,0.357,0.143,0.0,0.0,0.0,,0.0,,0.0,1.214,0.0,2.357,18.182,0.0,,0,0.0,0.0,0.0,0.071,,2.714,11.987,1.714,0,,,0,,,0,,,0.286,2.721,100.0,0.214,4.571,5.357,4.286,3.929
Toby Nankervis,Richmond,27,27.38,Ruck,16,11.15,93.562,83.25,14,0.875,3,3,76.562,7.125,9.562,16.688,60.3,54.386,64.706,42.697,2.125,1.625,145.25,8.704,4.375,3.814,3.0,5.562,23.406,-8.353,60.264,-10.802,10.312,6.312,16.625,62.03,4.625,4.875,0.188,1.875,3.0,3.625,2.625,0.0,0.562,3.375,19.875,73.953,1.375,6.918,2.938,4.312,6.5,73.077,3.062,0.5,0.188,2.125,0.125,1.375,1.75,-0.375,53.125,66.303,22.5,42.353,6.125,27.222,3.5,3.562,0.188,0.688,9.091,0.188,33.333,1,0.062,0.312,0.5,0.062,12.5,3.188,14.127,2.25,8,3.28,-1.905,6,3.584,-1.75,2,2.37,-2.37,0.0,0.0,,0.0,3.812,16.562,6.75,3.062
Jack Graham,Richmond,23,23.84,Mid-Forward,22,10.841,84.045,78.455,25,1.136,5,3,80.773,10.0,9.0,19.0,74.88,65.455,85.354,52.632,3.909,0.955,303.909,15.995,3.045,6.239,3.045,6.239,29.282,3.179,52.946,3.075,5.955,13.545,19.5,30.536,1.727,4.682,1.0,1.273,3.409,3.409,2.773,0.273,1.136,9.455,7.091,26.576,0.682,9.615,1.091,1.773,1.5,66.667,2.545,0.0,0.273,0.0,0.5,1.0,1.227,-0.227,0.0,0.0,0.0,,0.0,,0.0,5.545,1.227,0.045,100.0,0.045,0.0,11,0.5,0.318,1.0,0.682,50.0,5.318,24.477,1.182,22,2.89,0.428,6,2.666,-0.166,16,2.974,0.651,0.0,0.0,,0.227,0.682,26.636,9.864,0.182
Jayden Short,Richmond,25,25.93,Gen. Defender,22,8.968,98.318,93.364,4,0.182,2,0,86.045,18.682,5.955,24.636,81.181,78.832,88.55,75.83,2.273,6.864,546.045,22.164,2.636,9.345,4.864,5.065,17.449,-2.065,60.721,-0.208,3.864,16.5,20.364,18.973,4.409,2.955,0.045,0.545,2.409,3.455,2.818,0.045,1.318,9.409,0.0,0.0,0.045,,0.455,0.5,0.318,100.0,6.091,0.045,0.0,0.818,0.091,0.773,0.364,0.409,0.0,0.0,0.0,,0.0,,0.0,1.773,0.0,1.0,27.273,0.0,,1,0.045,0.091,0.227,0.091,20.0,3.136,14.435,0.727,5,2.529,-0.929,0,,,5,2.529,-0.929,5.227,50.439,81.739,1.364,1.591,10.0,7.364,0.818
Shai Bolton,Richmond,23,23.06,Midfielder,20,11.685,84.25,77.65,35,1.75,7,5,81.4,10.4,9.25,19.65,70.992,57.692,85.946,52.926,4.8,0.3,350.25,17.824,3.6,5.458,4.1,4.793,32.34,-5.256,47.711,-0.488,8.4,11.65,20.05,41.895,1.25,5.7,1.45,1.3,4.4,3.8,2.8,1.4,1.0,6.8,12.75,48.204,1.6,12.549,1.95,3.55,3.55,83.099,4.1,0.55,1.15,0.2,0.55,0.65,1.3,-0.65,0.0,0.0,0.0,,0.0,,0.0,2.75,0.95,0.0,,0.4,37.5,23,1.15,1.0,2.65,1.0,43.396,6.05,27.689,0.8,53,3.454,-0.473,24,3.987,-0.321,29,3.012,-0.599,0.0,0.0,,1.0,0.9,15.6,5.35,0.15
John Noble,Collingwood,24,24.76,Gen. Defender,22,7.127,69.955,74.591,0,0.0,0,0,77.955,11.818,6.773,18.591,79.707,75.769,86.577,63.57,1.682,2.909,291.905,15.558,2.409,7.717,2.909,6.391,19.588,-0.465,61.459,5.872,4.364,14.182,18.545,23.529,3.727,3.591,0.0,0.773,2.818,3.773,3.182,0.045,1.0,8.318,0.0,0.0,0.045,,0.5,0.545,0.409,88.889,5.182,0.091,0.045,0.364,0.273,1.045,0.636,0.409,0.0,0.0,0.0,,0.0,,0.0,2.591,0.0,0.545,75.0,0.0,,2,0.091,0.0,0.091,0.182,100.0,2.682,13.657,0.591,2,4.128,1.871,0,,,2,4.128,1.871,0.136,1.471,100.0,0.182,0.545,13.682,9.045,0.5
Josh Daicos,Collingwood,23,23.09,Midfielder,17,7.206,67.882,71.353,0,0.0,0,0,79.176,10.176,8.765,18.941,70.807,58.382,85.235,53.727,2.294,1.471,224.438,11.851,2.765,6.851,3.588,5.279,23.203,-7.557,51.6,-7.383,6.059,13.0,19.059,31.79,1.941,4.294,0.824,1.235,3.059,3.059,2.588,0.941,1.118,9.0,6.765,26.256,1.0,14.783,1.529,2.529,2.353,82.5,2.824,0.059,0.059,0.059,0.235,1.118,0.824,0.294,0.0,0.0,0.0,,0.0,,0.0,3.118,0.529,0.059,0.0,0.471,0.0,9,0.529,0.529,1.118,0.176,47.368,3.294,16.667,0.647,19,2.73,0.586,4,3.234,2.766,15,2.595,0.005,0.0,0.0,,0.353,0.235,16.059,8.0,0.0
Isaac Quaynor,Collingwood,21,21.95,Gen. Defender,20,9.56,74.7,69.75,0,0.0,0,0,85.7,11.05,7.0,18.05,76.454,71.493,84.286,61.219,1.55,3.95,299.474,16.398,2.6,6.942,3.5,5.157,18.668,-3.644,61.812,0.16,5.8,12.25,18.05,32.133,6.15,3.95,0.05,1.35,2.6,4.9,3.2,0.15,1.15,7.1,0.0,0.0,0.05,,0.45,0.5,0.5,60.0,4.75,0.6,0.0,1.5,0.05,0.9,0.65,0.25,0.0,0.0,0.0,,0.0,,0.0,2.25,0.0,1.6,25.0,0.0,,1,0.05,0.1,0.15,0.1,33.333,2.55,12.879,0.65,3,2.857,-0.19,0,,,3,2.857,-0.19,0.5,5.319,90.0,0.15,3.4,12.6,9.65,2.75
Trey Ruscoe,Collingwood,20,20.15,Gen. Defender,9,5.733,47.778,46.667,0,0.0,0,0,65.333,8.111,3.667,11.778,75.472,75.342,75.758,68.868,0.778,2.111,162.889,13.83,1.889,6.235,1.889,6.235,18.392,-2.215,66.338,7.191,3.222,8.111,11.333,28.431,2.667,2.667,0.222,0.778,1.889,3.111,2.556,0.0,0.889,4.667,0.0,0.0,0.0,,0.0,0.0,0.0,,3.0,0.222,0.222,0.333,0.111,0.333,0.778,-0.444,0.0,0.0,0.0,,0.0,,0.0,1.667,0.111,0.556,20.0,0.0,,2,0.222,0.0,0.222,0.222,100.0,2.0,10.169,0.333,2,4.68,1.32,2,4.68,1.32,0,,,0.111,1.163,100.0,0.222,1.111,9.889,6.0,0.778
Jack Madgen,Collingwood,28,28.35,Gen. Defender,19,7.405,63.105,58.263,1,0.053,1,0,79.158,8.368,7.632,16.0,77.961,72.327,84.138,52.303,0.684,2.632,169.778,10.953,2.0,8.0,2.632,6.08,16.222,-2.674,63.087,-4.377,5.053,10.737,15.789,32.0,5.684,4.0,0.053,0.947,3.053,4.579,3.632,0.105,1.368,5.684,0.0,0.0,0.053,,0.368,0.421,0.316,100.0,4.632,0.421,0.053,1.316,0.053,0.526,0.316,0.211,0.0,0.0,0.0,,0.0,,0.0,1.0,0.0,1.789,26.471,0.105,0.0,1,0.053,0.105,0.158,0.053,33.333,1.789,9.189,1.053,3,2.009,0.657,2,1.844,1.656,1,2.339,-1.339,0.316,3.409,66.667,0.053,3.316,8.579,5.947,2.421
Oliver Henry,Collingwood,19,19.42,Gen. Forward,10,2.21,40.4,46.2,0,0.0,0,0,69.3,6.1,3.0,9.1,64.835,62.295,70.0,67.033,1.3,0.2,130.6,14.352,2.6,3.5,2.2,4.136,34.812,9.925,67.036,6.649,2.4,6.6,9.0,26.667,0.8,1.3,0.4,0.6,0.7,2.4,1.3,0.0,0.4,2.2,0.0,0.0,0.0,,0.0,0.0,0.0,,4.4,0.7,1.6,0.1,1.4,0.4,0.1,0.3,0.0,0.0,0.0,,0.0,,0.0,0.9,0.3,0.0,,1.5,26.667,7,0.7,0.8,1.8,0.7,38.889,3.9,20.419,0.3,18,3.421,-0.644,13,3.537,-0.306,5,3.122,-1.522,0.0,0.0,,0.0,0.6,10.1,2.7,0.3
Scott Pendlebury,Collingwood,33,33.98,Midfielder,18,13.133,90.444,84.389,17,0.944,5,6,78.278,10.944,12.222,23.167,74.341,62.944,84.545,47.242,3.222,1.333,286.706,12.277,3.278,7.068,3.444,6.726,26.402,0.342,56.927,5.283,10.0,13.167,23.167,43.165,3.667,6.444,0.722,2.667,3.778,4.167,3.5,2.278,1.5,8.444,14.778,58.333,1.611,10.902,2.778,4.389,4.889,78.409,3.722,0.167,0.111,0.5,0.389,0.722,0.556,0.167,0.0,0.0,0.0,,0.0,,0.0,3.833,0.444,0.167,0.0,0.278,0.0,4,0.222,0.222,0.667,1.111,33.333,5.333,26.816,1.333,12,2.891,-0.557,3,2.901,-0.568,9,2.887,-0.554,0.111,1.163,50.0,0.333,1.167,18.833,10.444,0.556
Jeremy Howe,Collingwood,31,31.5,Gen. Defender,8,9.512,78.5,73.375,1,0.125,1,0,81.875,12.25,5.125,17.375,83.453,77.551,97.561,70.504,0.5,4.25,289.857,17.05,2.125,8.176,2.625,6.619,14.744,0.473,67.732,0.747,4.0,10.75,14.75,27.119,5.875,2.5,0.0,1.0,1.5,3.875,2.375,0.0,0.875,5.0,0.0,0.0,0.0,,0.0,0.0,0.125,0.0,5.75,0.75,0.0,1.375,0.125,0.75,0.625,0.125,0.0,0.0,0.0,,0.0,,0.0,2.375,0.0,1.25,50.0,0.0,,1,0.125,0.0,0.25,0.125,50.0,2.125,11.039,0.875,2,2.124,0.876,0,,,2,2.124,0.876,2.75,37.931,77.273,0.125,2.25,9.375,8.0,1.75
Will Hoskin-Elliott,Collingwood,28,28.32,Midfielder,20,8.885,69.45,71.85,1,0.05,1,0,84.9,10.65,5.05,15.7,73.885,65.258,92.079,67.834,2.85,1.0,268.684,17.017,2.35,6.681,2.7,5.815,26.818,-1.012,56.455,6.986,4.35,11.5,15.85,27.445,1.9,3.05,0.6,1.1,1.95,3.25,2.3,0.3,0.9,4.2,0.0,0.0,0.05,,0.75,0.8,0.7,64.286,6.2,0.5,0.75,0.3,1.1,0.3,0.7,-0.4,0.0,0.0,0.0,,0.0,,0.0,2.25,0.4,0.1,50.0,0.5,30.0,13,0.65,0.1,0.85,0.7,76.471,3.85,19.643,0.4,17,3.812,0.893,11,3.994,0.552,6,3.48,1.52,0.0,0.0,,0.35,1.5,11.9,4.95,0.95
Taylor Adams,Collingwood,28,28.27,Midfielder,14,13.407,94.929,100.357,30,2.143,5,5,76.143,13.929,13.357,27.286,65.183,52.821,78.075,51.047,4.5,1.071,367.923,12.927,5.786,4.716,5.643,4.835,26.892,-6.774,53.857,-0.011,13.571,13.643,27.214,49.869,2.714,6.929,0.286,2.929,4.0,4.143,2.857,4.0,0.571,9.214,20.357,76.613,3.929,19.298,3.214,7.143,8.571,77.5,3.286,0.214,0.071,0.071,0.214,2.143,1.143,1.0,0.0,0.0,0.0,,0.0,,0.0,5.571,0.5,0.071,0.0,0.071,0.0,2,0.143,0.143,0.5,0.214,28.571,4.929,25.94,1.571,7,2.451,-0.451,4,2.92,-1.17,3,1.825,0.509,0.0,0.0,,0.286,1.571,22.571,11.143,0.214
Brody Mihocek,Collingwood,28,28.9,Key Forward,21,6.381,59.619,63.81,2,0.095,1,0,86.381,8.476,2.381,10.857,62.281,57.865,78.0,78.07,2.714,0.048,239.55,21.679,2.524,4.302,2.81,3.864,31.188,-4.222,52.816,3.363,4.381,6.048,10.429,42.009,0.667,2.095,0.905,0.762,1.333,4.238,2.0,0.048,0.667,0.857,0.0,0.0,0.048,,0.095,0.143,0.095,100.0,5.857,1.381,2.19,0.095,1.952,0.762,0.905,-0.143,0.238,0.3,0.0,0.0,0.0,,0.0,1.667,0.952,0.095,50.0,3.857,23.457,34,1.619,1.619,3.81,0.333,42.5,5.381,27.361,0.19,80,3.29,-0.315,59,3.382,-0.026,21,3.03,-1.125,0.0,0.0,,0.0,0.905,8.143,1.238,0.429
Jamie Elliott,Collingwood,29,29.36,Gen. Forward,13,12.131,78.692,73.923,15,1.154,2,3,79.308,9.769,5.615,15.385,67.5,59.843,80.822,63.5,3.154,0.385,215.308,13.995,3.692,4.167,3.923,3.922,33.405,-14.417,56.659,0.303,6.462,8.923,15.385,42.0,0.923,4.385,2.154,1.615,2.769,4.769,3.385,0.462,1.308,3.846,6.385,23.714,0.385,6.024,0.769,1.154,1.692,50.0,4.692,0.538,2.0,0.0,2.077,0.769,1.154,-0.385,0.0,0.0,0.0,,0.0,,0.0,2.462,1.0,0.0,,1.692,22.727,25,1.923,0.615,2.769,0.538,69.444,5.154,25.869,0.462,36,3.33,1.059,24,3.246,1.046,12,3.498,1.085,0.0,0.0,,0.385,1.615,15.923,3.462,0.462
Jack Crisp,Collingwood,28,28.24,Gen. Defender,22,14.109,104.909,101.773,36,1.636,8,11,88.455,15.5,11.5,27.0,74.916,66.276,86.561,57.407,4.136,3.818,436.571,16.255,4.182,6.457,5.591,4.829,22.977,1.237,58.191,2.186,9.136,18.227,27.364,33.389,6.182,6.318,0.273,2.273,4.045,5.5,4.136,1.0,1.818,10.955,9.636,37.063,0.909,9.434,1.864,2.773,2.636,82.759,6.727,0.727,0.045,1.818,0.136,0.727,1.318,-0.591,0.0,0.0,0.0,,0.0,,0.0,3.636,0.091,0.455,0.0,0.045,100.0,2,0.091,0.227,0.455,0.591,20.0,4.773,24.306,1.591,10,2.734,-1.034,3,2.43,-1.43,7,2.864,-0.864,0.591,6.373,69.231,0.409,2.864,18.364,11.091,1.273
Brodie Grundy,Collingwood,27,27.71,Ruck,20,15.34,115.2,106.4,27,1.35,6,9,80.95,9.25,9.85,19.1,66.492,54.054,78.173,48.429,2.45,1.4,191.368,10.044,4.6,4.152,3.6,5.306,24.704,-0.021,55.953,-5.32,10.9,8.7,19.6,55.612,2.7,6.55,0.65,2.45,4.1,4.8,2.9,0.0,1.0,4.95,20.8,79.541,1.35,6.49,2.65,4.0,5.3,77.358,3.6,1.0,0.45,0.7,0.15,1.55,2.15,-0.6,60.75,77.045,32.35,53.251,10.7,33.076,1.6,4.2,0.45,0.7,21.429,1.3,34.615,12,0.6,0.3,1.0,0.25,60.0,4.65,23.907,2.65,20,3.51,0.39,12,4.05,1.033,8,2.7,-0.575,0.0,0.0,,0.15,2.1,14.25,7.1,1.6
Darcy Moore,Collingwood,25,25.93,Key Defender,13,12.108,89.692,73.077,24,1.846,3,2,93.154,11.769,5.231,17.0,85.973,84.967,88.235,69.231,1.0,4.077,266.25,15.435,2.462,6.906,2.692,6.314,16.555,3.445,67.524,5.58,5.692,9.462,15.154,37.563,7.615,2.923,0.077,1.0,1.923,5.615,2.846,0.0,0.923,2.154,0.0,0.0,0.0,,0.077,0.077,0.0,,8.231,1.923,0.462,3.385,0.385,0.692,1.231,-0.538,0.0,0.0,0.0,,0.0,,0.0,0.923,0.0,3.077,22.5,0.769,30.0,4,0.308,0.077,0.462,0.308,66.667,3.154,15.769,1.615,6,3.948,0.219,6,3.948,0.219,0,,,2.231,23.387,82.759,0.231,5.692,6.231,4.538,5.0
Brayden Maynard,Collingwood,25,25.27,Gen. Defender,22,10.295,92.318,81.455,28,1.273,6,0,86.318,15.227,5.727,20.955,80.477,79.403,83.333,72.668,1.864,4.818,442.571,20.98,2.955,7.092,4.409,4.753,16.93,-1.991,58.866,2.719,5.091,13.636,18.727,27.184,5.182,3.318,0.0,1.091,2.227,4.455,2.864,0.091,0.909,7.682,0.045,0.175,0.045,100.0,0.409,0.455,0.273,83.333,5.5,0.591,0.0,1.227,0.045,0.727,1.182,-0.455,0.0,0.0,0.0,,0.0,,0.0,2.591,0.136,2.182,25.0,0.0,,1,0.045,0.0,0.091,0.091,50.0,2.455,12.5,0.773,2,2.412,0.588,0,,,2,2.412,0.588,3.182,34.314,75.714,0.136,4.5,12.455,9.636,3.136
Jordan De Goey,Collingwood,25,25.79,Mid-Forward,20,9.095,85.15,84.5,52,2.6,9,9,83.4,12.55,8.45,21.0,69.048,57.371,86.391,59.762,3.5,1.2,325.632,15.054,3.05,6.885,3.4,6.176,27.146,0.962,57.579,4.043,7.0,14.4,21.4,32.71,1.4,4.0,0.9,1.15,2.85,3.15,2.25,1.65,1.1,7.95,11.95,46.955,1.25,10.46,1.75,3.0,3.55,80.282,5.4,0.45,1.55,0.1,1.15,0.6,0.9,-0.3,0.0,0.0,0.0,,0.0,,0.0,1.95,0.45,0.0,,1.1,27.273,23,1.15,1.15,2.85,0.65,40.351,6.3,32.061,0.8,57,3.131,-0.306,35,3.559,0.07,22,2.45,-0.905,0.0,0.0,,0.0,1.0,12.0,4.05,0.15
Mason Cox,Collingwood,30,30.8,Key Forward,7,5.557,50.571,50.571,0,0.0,0,0,74.0,5.857,3.571,9.429,62.121,48.78,84.0,62.121,1.429,0.429,126.333,13.536,2.143,4.4,2.429,3.882,34.601,-12.378,56.057,-11.613,5.429,3.286,8.714,62.295,0.714,2.0,1.143,0.857,1.143,4.857,1.857,0.0,0.143,0.714,1.857,7.065,0.286,15.385,0.286,0.571,1.0,100.0,3.714,1.429,1.143,0.286,0.571,1.571,0.714,0.857,6.0,7.394,3.286,54.762,1.0,30.435,0.286,1.0,0.714,0.143,0.0,3.571,28.0,8,1.143,1.143,2.429,0.286,47.059,4.857,25.185,1.143,17,4.289,-0.995,12,4.734,-0.817,5,3.223,-1.423,0.0,0.0,,0.0,2.0,5.571,1.429,1.286
Aaron Naughton,Western Bulldogs,22,22.08,Key Forward,25,7.812,71.2,66.32,32,1.28,8,0,81.64,7.44,3.76,11.2,63.571,56.452,77.66,66.429,1.8,0.0,181.0,16.161,1.84,6.087,1.96,5.714,31.236,-1.825,58.849,4.68,6.04,5.56,11.6,52.069,0.56,2.36,1.36,1.16,1.2,5.88,2.28,0.04,0.6,1.6,0.04,0.149,0.0,0.0,0.12,0.12,0.12,66.667,6.12,2.6,3.2,0.08,1.76,0.84,0.64,0.2,0.16,0.178,0.08,50.0,0.0,0.0,0.0,1.56,0.88,0.04,0.0,4.8,33.333,47,1.88,1.6,3.92,0.44,47.959,5.92,23.68,0.28,98,3.912,-0.626,88,4.046,-0.524,10,2.725,-1.525,0.0,0.0,,0.08,1.36,9.16,0.88,0.92
Patrick Lipinski,Western Bulldogs,23,23.45,Midfielder,11,6.455,54.091,53.182,0,0.0,0,0,60.364,6.727,7.182,13.909,83.007,74.324,91.139,48.366,1.818,1.545,185.182,13.314,1.455,9.562,1.818,7.65,25.276,7.56,54.461,12.703,3.364,10.818,14.182,23.718,1.636,2.727,0.636,0.455,2.273,2.0,1.636,0.182,0.545,6.818,0.818,2.941,0.091,11.111,1.091,1.182,1.364,86.667,3.545,0.091,0.273,0.182,0.0,0.182,0.455,-0.273,0.0,0.0,0.0,,0.0,,0.0,2.0,0.636,0.091,0.0,0.455,0.0,2,0.182,0.091,0.364,0.364,50.0,3.364,12.671,0.727,4,3.279,-0.029,3,3.729,0.605,1,1.931,-1.931,0.0,0.0,,0.0,0.727,9.818,4.364,0.273
Tim English,Western Bulldogs,24,24.39,Ruck,22,10.032,87.0,78.682,9,0.409,1,3,82.318,7.455,5.727,13.182,71.034,61.585,83.333,56.552,1.455,0.727,161.909,12.283,2.273,5.8,2.318,5.686,24.156,-6.508,60.263,-7.322,6.545,6.682,13.227,49.485,2.5,3.0,0.727,1.0,2.0,3.727,1.636,0.0,0.409,2.864,13.091,50.0,0.682,5.208,1.182,1.864,2.182,79.167,4.682,1.409,1.318,1.409,0.591,1.273,1.091,0.182,46.682,51.79,15.5,33.204,4.955,31.965,0.636,2.864,0.591,0.727,37.5,1.182,19.231,19,0.864,0.682,1.773,0.227,48.718,4.318,17.658,2.045,39,3.649,-0.341,34,3.721,-0.368,5,3.162,-0.162,0.0,0.0,,0.182,2.909,10.636,4.045,2.318
Laitham Vandermeer,Western Bulldogs,22,22.9,Gen. Forward,11,4.764,45.636,39.727,3,0.273,1,0,66.455,4.182,4.545,8.727,69.792,56.522,82.0,47.917,1.818,0.0,136.636,15.656,1.909,4.571,2.0,4.364,32.232,-5.565,44.44,5.56,4.455,4.818,9.273,48.039,0.727,3.364,1.545,1.182,2.182,4.182,3.182,0.0,1.818,2.455,0.0,0.0,0.0,,0.182,0.182,0.091,100.0,2.182,0.364,0.727,0.0,0.091,0.545,0.818,-0.273,0.0,0.0,0.0,,0.0,,0.0,2.364,0.818,0.0,,1.091,16.667,6,0.545,0.727,1.364,0.727,40.0,3.909,16.538,0.364,15,3.955,-1.022,9,4.214,-2.103,6,3.567,0.599,0.0,0.0,,0.091,0.818,13.818,3.273,0.182
Rhylee West,Western Bulldogs,21,21.47,Gen. Forward,4,-0.1,3.75,7.25,0,0.0,0,0,30.0,1.5,0.75,2.25,44.444,16.667,100.0,66.667,0.75,0.0,53.0,23.556,1.5,1.5,1.0,2.25,22.177,-22.177,34.113,-34.113,0.5,1.75,2.25,22.222,0.0,0.5,0.0,0.25,0.25,0.25,0.25,0.0,0.25,1.25,0.25,0.99,0.25,100.0,0.0,0.25,0.0,,0.5,0.0,0.25,0.0,0.0,0.0,1.25,-1.25,0.0,0.0,0.0,,0.0,,0.0,0.75,0.5,0.0,,1.0,0.0,0,0.0,0.5,0.75,0.0,0.0,1.0,4.255,0.0,3,2.58,-1.913,1,2.717,-2.717,2,2.512,-1.512,0.0,0.0,,0.0,0.25,4.75,1.25,0.25
Bailey Smith,Western Bulldogs,21,21.06,Midfielder,26,11.769,89.923,88.385,43,1.654,8,8,82.077,13.615,9.962,23.577,72.104,63.277,84.17,57.749,3.885,1.692,426.923,18.108,3.269,7.212,4.885,4.827,24.639,-2.306,49.788,-2.122,7.423,16.154,23.577,31.485,2.577,5.615,0.808,2.192,3.423,3.423,2.885,0.962,1.154,11.077,7.808,29.335,0.769,9.852,2.192,2.962,3.269,77.647,3.731,0.115,0.269,0.308,0.192,0.808,0.731,0.077,0.0,0.0,0.0,,0.0,,0.0,3.346,0.308,0.038,100.0,0.346,33.333,17,0.654,0.5,1.385,0.423,47.222,5.615,22.636,1.231,36,2.997,0.197,10,3.064,0.336,26,2.972,0.144,0.0,0.0,,0.5,0.885,16.5,8.346,0.192
Lachlan McNeil,Western Bulldogs,20,20.32,Gen. Forward,13,5.023,40.154,36.692,0,0.0,0,0,62.846,4.615,3.923,8.538,63.063,51.667,76.471,54.054,1.615,0.0,129.846,15.207,1.769,4.826,2.154,3.964,31.983,-17.349,56.837,-10.496,3.846,5.0,8.846,43.478,1.308,3.231,1.615,1.077,2.154,3.692,3.077,0.0,1.231,3.0,0.0,0.0,0.077,,0.077,0.154,0.077,0.0,1.615,0.154,0.308,0.154,0.077,0.538,0.538,0.0,0.0,0.0,0.0,,0.0,,0.0,1.846,1.077,0.154,50.0,0.538,14.286,7,0.538,0.615,1.385,0.308,38.889,2.692,10.234,0.538,18,3.524,-0.746,8,3.65,-0.9,10,3.423,-0.623,0.0,0.0,,0.231,1.385,10.385,2.923,0.615
Taylor Duryea,Western Bulldogs,30,30.68,Gen. Defender,25,7.736,72.88,69.04,5,0.2,2,0,80.2,11.24,6.24,17.48,84.668,81.495,90.385,64.302,2.0,3.16,302.6,17.311,1.96,8.918,3.24,5.395,20.152,-3.171,58.228,2.904,4.32,11.8,16.12,26.799,5.36,3.08,0.08,1.12,1.96,3.84,2.8,0.04,1.0,5.6,0.0,0.0,0.08,,0.36,0.44,0.28,71.429,5.28,0.4,0.0,1.52,0.04,0.88,0.6,0.28,0.0,0.0,0.0,,0.0,,0.0,1.92,0.04,1.24,35.484,0.0,,1,0.04,0.0,0.08,0.2,50.0,2.52,10.244,0.96,2,4.077,-1.077,1,5.827,0.173,1,2.328,-2.328,1.12,11.475,89.286,0.16,2.8,8.52,6.32,2.0
Tom Liberatore,Western Bulldogs,29,29.62,Midfielder,25,16.468,103.28,90.76,48,1.92,11,4,78.68,11.4,12.52,23.92,71.906,57.544,84.984,47.659,4.36,1.4,318.56,13.318,3.4,7.035,3.92,6.102,27.047,0.3,49.349,-3.226,13.6,10.92,24.52,55.465,2.72,10.12,1.64,5.4,4.72,4.4,3.64,1.8,1.16,7.12,18.2,68.524,3.16,17.363,4.4,7.56,7.28,85.714,2.6,0.08,0.4,0.12,0.2,1.4,1.04,0.36,0.0,0.0,0.0,,0.0,,0.0,5.4,1.12,0.08,50.0,0.04,0.0,14,0.56,0.48,1.24,0.32,45.161,6.32,25.28,2.48,31,2.912,0.185,10,3.378,-0.178,21,2.689,0.358,0.0,0.0,,0.04,1.84,26.52,10.12,0.12
Adam Treloar,Western Bulldogs,28,28.81,Mid-Forward,17,12.5,91.0,86.353,26,1.529,6,7,75.294,10.941,12.294,23.235,72.658,57.527,86.124,47.089,3.765,1.0,317.765,13.676,3.176,7.315,3.765,6.172,26.792,-0.219,53.755,0.791,9.059,14.0,23.059,39.286,3.235,7.706,1.471,3.294,4.412,5.059,4.706,0.706,1.647,9.294,9.235,34.13,1.118,12.102,2.118,3.235,3.294,89.286,2.941,0.059,0.176,0.118,0.059,0.647,0.941,-0.294,0.059,0.066,0.0,0.0,0.0,,0.0,4.294,0.882,0.118,50.0,0.353,16.667,13,0.765,0.529,1.706,0.706,44.828,6.059,24.292,1.471,29,2.69,0.31,6,2.403,1.764,23,2.764,-0.069,0.0,0.0,,0.941,0.882,15.294,7.118,0.412
Lachie Hunter,Western Bulldogs,27,27.04,Midfielder,25,8.948,87.16,84.28,4,0.16,2,0,84.2,13.04,8.8,21.84,71.978,62.27,86.364,59.707,4.04,1.08,369.28,16.908,2.28,9.579,4.64,4.707,26.365,-0.413,49.257,0.57,5.76,16.12,21.88,26.325,2.32,4.08,0.8,1.12,2.96,3.56,2.64,0.4,1.48,9.36,0.24,0.908,0.16,66.667,1.76,1.92,1.68,78.571,5.0,0.08,0.6,0.32,0.16,1.36,0.36,1.0,0.0,0.0,0.0,,0.0,,0.0,2.4,0.4,0.16,100.0,0.4,30.0,10,0.4,0.28,0.84,0.88,47.619,6.08,24.359,0.8,21,3.238,-0.048,12,3.805,0.862,9,2.483,-1.261,0.0,0.0,,0.6,2.08,13.24,5.12,0.76
Caleb Daniel,Western Bulldogs,25,25.48,Gen. Defender,25,11.224,94.4,87.32,26,1.04,8,4,80.64,14.56,10.68,25.24,78.605,70.055,90.262,57.686,1.8,4.92,394.68,15.637,3.04,8.303,4.2,6.01,18.786,-4.046,56.361,2.888,7.4,15.44,22.84,32.399,4.48,5.88,0.56,1.68,4.2,5.0,4.12,0.56,2.12,10.68,1.28,4.819,0.24,18.75,1.84,2.08,1.8,88.889,4.0,0.2,0.08,0.44,0.12,0.72,0.48,0.24,0.0,0.0,0.0,,0.0,,0.0,2.32,0.08,0.4,30.0,0.08,0.0,7,0.28,0.04,0.4,0.36,70.0,4.08,16.667,1.2,10,3.006,1.294,3,3.015,2.985,7,3.003,0.569,2.8,28.689,92.857,1.04,1.52,14.36,8.52,0.52
Jack Macrae,Western Bulldogs,27,27.41,Midfielder,26,16.838,129.962,116.154,85,3.269,17,14,82.846,16.731,17.115,33.846,74.773,64.828,84.494,49.432,5.192,2.0,462.346,13.66,3.423,9.888,5.077,6.667,26.791,0.728,50.547,2.033,13.385,21.0,34.385,38.926,3.308,9.769,1.038,4.423,5.346,4.192,3.538,1.923,1.577,15.385,20.615,77.457,2.846,13.806,3.962,6.808,7.846,82.353,3.923,0.115,0.154,0.423,0.077,1.692,1.0,0.692,0.692,0.772,0.038,5.556,0.0,0.0,0.038,4.923,0.5,0.154,50.0,0.038,100.0,6,0.231,0.154,0.577,1.038,40.0,6.962,28.062,1.808,15,2.665,0.002,2,3.415,2.585,13,2.549,-0.395,0.0,0.0,,0.077,1.115,18.731,9.038,0.231
Marcus Bontempelli,Western Bulldogs,26,26.1,Midfielder,26,17.162,119.5,105.731,112,4.308,16,33,84.346,15.231,11.5,26.731,68.921,60.354,80.268,56.978,6.615,1.923,541.654,20.263,4.692,5.697,5.808,4.603,27.096,-2.872,48.089,-3.989,11.192,16.885,28.077,39.863,2.654,6.615,1.154,2.577,4.038,4.385,2.577,1.346,1.038,11.962,19.5,73.266,2.462,12.623,3.038,5.5,5.423,86.525,4.0,0.731,0.731,0.346,0.231,1.577,1.423,0.154,0.885,0.986,0.308,34.783,0.038,12.5,0.077,4.885,0.615,0.154,25.0,0.577,33.333,31,1.192,0.731,2.385,0.923,50.0,7.385,29.767,1.885,62,2.959,0.347,21,3.922,-0.589,41,2.466,0.827,0.038,0.397,0.0,1.077,3.808,22.462,9.885,1.5
Anthony Scott,Western Bulldogs,26,26.83,Gen. Forward,21,5.629,44.286,36.333,0,0.0,0,0,64.857,4.19,4.524,8.714,76.503,68.182,84.211,48.087,1.429,0.381,127.095,14.585,1.095,7.957,1.524,5.719,27.867,-0.448,48.838,2.775,4.333,5.143,9.476,45.729,2.048,2.762,0.81,0.714,2.048,3.524,2.238,0.048,0.952,3.048,0.0,0.0,0.048,,0.524,0.571,0.429,88.889,1.571,0.238,0.286,0.333,0.095,0.81,0.238,0.571,0.0,0.0,0.0,,0.0,,0.0,1.667,0.381,0.143,66.667,0.667,14.286,10,0.476,0.381,1.143,0.286,41.667,3.238,12.319,0.476,24,3.426,-0.592,10,3.862,-1.162,14,3.114,-0.185,0.0,0.0,,0.095,1.19,9.857,3.857,0.19
Bailey Williams,Western Bulldogs,24,24.22,Gen. Defender,23,9.761,74.304,66.043,4,0.174,1,0,81.87,10.739,5.913,16.652,79.112,72.47,91.176,64.491,1.783,3.522,323.087,19.402,1.957,8.511,3.739,4.453,18.994,-1.753,57.088,-2.346,4.739,11.783,16.522,28.684,6.261,3.739,0.0,1.217,2.522,4.304,3.304,0.0,1.13,6.391,0.0,0.0,0.087,,0.261,0.348,0.217,80.0,4.522,0.391,0.0,1.565,0.0,0.435,0.522,-0.087,0.0,0.0,0.0,,0.0,,0.0,2.304,0.087,1.217,28.571,0.0,,1,0.043,0.087,0.13,0.217,33.333,2.826,11.424,1.087,3,2.299,0.368,1,1.511,-0.511,2,2.692,0.808,0.391,4.147,88.889,0.435,3.522,8.522,6.391,2.739
Josh Dunkley,Western Bulldogs,24,24.97,Mid-Forward,15,11.927,98.6,89.267,19,1.267,4,3,78.667,8.6,14.667,23.267,74.785,58.915,84.091,36.963,2.133,1.0,186.6,8.02,2.333,9.971,3.2,7.271,27.853,-5.834,54.532,-6.825,10.133,13.933,24.067,42.105,3.067,7.667,1.933,3.533,4.133,5.2,4.2,0.8,1.667,9.333,10.933,41.103,1.0,9.146,2.933,3.933,3.733,76.786,3.733,0.267,0.133,0.267,0.067,1.0,0.467,0.533,0.133,0.146,0.0,0.0,0.0,,0.0,5.2,1.267,0.067,0.0,0.667,30.0,5,0.333,0.533,0.933,0.333,35.714,5.0,20.436,1.067,14,2.563,0.152,0,,,14,2.563,0.152,0.0,0.0,,0.267,3.067,17.933,7.6,1.067
Bailey Dale,Western Bulldogs,25,25.44,Gen. Defender,26,13.523,92.269,81.731,28,1.077,8,3,81.923,17.192,6.769,23.962,79.615,75.839,89.205,71.75,2.577,5.692,520.962,21.742,2.5,9.585,3.769,6.357,18.069,-0.616,58.067,7.971,5.077,13.846,18.923,26.829,5.231,4.385,0.192,1.077,3.308,3.885,3.385,0.0,1.192,9.462,0.0,0.0,0.038,,0.885,0.923,0.654,94.118,3.846,0.308,0.077,1.038,0.038,0.385,0.462,-0.077,0.0,0.0,0.0,,0.0,,0.0,1.0,0.038,0.962,36.0,0.0,,9,0.346,0.0,0.462,0.385,75.0,4.077,16.434,1.692,12,2.586,1.914,2,2.658,3.342,10,2.572,1.628,5.154,53.175,97.015,1.692,2.269,9.308,6.538,1.654
Ryan Gardner,Western Bulldogs,24,24.58,Key Defender,9,3.989,37.556,22.778,0,0.0,0,0,80.889,4.111,2.0,6.111,80.0,78.378,83.333,67.273,0.222,1.333,86.222,14.109,2.111,2.895,1.556,3.929,15.827,-7.719,62.029,-16.083,2.778,3.556,6.333,43.86,3.667,1.778,0.0,0.778,1.0,2.556,1.556,0.0,0.556,1.222,0.0,0.0,0.0,,0.111,0.111,0.111,100.0,2.222,0.444,0.0,1.111,0.0,0.556,1.0,-0.444,0.0,0.0,0.0,,0.0,,0.0,0.556,0.0,2.556,17.391,0.0,,0,0.0,0.0,0.0,0.0,,0.556,2.0,0.333,0,,,0,,,0,,,0.0,0.0,,0.0,6.889,5.0,4.222,6.0
Lachie Schultz,Fremantle,24,24.08,Gen. Forward,20,6.14,59.75,57.95,10,0.5,3,0,79.4,7.4,3.6,11.0,65.909,62.838,72.222,67.273,2.1,0.15,202.1,18.373,2.3,4.783,2.75,4.0,28.94,-1.055,49.952,7.741,4.4,6.45,10.85,40.553,1.5,3.15,1.2,1.15,2.0,4.1,2.95,0.05,1.15,1.8,0.0,0.0,0.1,,0.1,0.2,0.1,50.0,4.0,0.3,1.15,0.2,1.15,1.0,0.9,0.1,0.0,0.0,0.0,,0.0,,0.0,2.7,0.55,0.0,,0.95,5.263,22,1.1,0.85,2.2,0.4,50.0,4.45,20.554,0.4,44,3.716,-0.33,26,3.91,-0.372,18,3.436,-0.27,0.0,0.0,,0.0,0.95,15.7,4.7,0.7
Lloyd Meek,Fremantle,23,23.69,Ruck,9,6.789,48.444,41.444,0,0.0,0,0,72.889,2.333,6.444,8.778,67.089,42.857,75.862,26.582,0.556,0.111,61.0,6.949,3.444,2.548,2.556,3.435,29.167,-29.167,56.499,-28.721,6.778,3.0,9.778,69.318,1.222,3.667,0.667,1.333,2.333,2.778,1.556,0.0,0.333,1.778,14.333,57.333,1.333,9.302,1.0,2.333,3.556,81.25,1.333,0.667,0.222,0.333,0.0,0.778,1.556,-0.778,41.111,51.748,14.333,34.865,3.556,24.806,1.444,1.556,0.222,0.556,20.0,1.333,16.667,1,0.111,0.222,0.333,0.0,33.333,2.222,10.526,1.778,3,3.617,-0.951,3,3.617,-0.951,0,,,0.0,0.0,,0.0,2.556,12.111,4.667,1.889
Andrew Brayshaw,Fremantle,22,22.14,Midfielder,20,12.135,107.35,104.25,35,1.75,8,10,78.8,13.25,15.15,28.4,76.937,63.774,88.449,46.655,4.0,2.4,349.0,12.289,3.2,8.875,4.4,6.455,24.54,-5.817,55.241,0.078,9.0,19.75,28.75,31.304,3.15,6.3,0.55,1.95,4.35,4.2,3.65,1.5,1.3,13.15,15.6,61.297,1.1,7.051,2.55,3.65,3.8,76.316,5.05,0.0,0.15,0.45,0.25,1.25,1.15,0.1,0.0,0.0,0.0,,0.0,,0.0,4.65,0.25,0.05,100.0,0.05,100.0,8,0.4,0.25,0.65,0.3,61.538,5.9,26.941,1.6,13,3.387,0.689,5,4.07,-1.07,8,2.961,1.789,0.0,0.0,,0.5,1.9,23.05,11.6,0.5
Adam Cerra,Fremantle,22,22.23,Midfielder,18,11.228,90.056,87.333,21,1.167,6,3,76.056,13.889,9.167,23.056,68.916,60.8,81.212,60.241,5.0,1.611,407.278,17.665,3.278,7.034,4.389,5.253,27.17,-0.533,52.445,0.393,8.0,15.333,23.333,34.286,2.833,5.889,0.556,2.167,3.722,3.389,3.0,1.111,1.222,9.278,11.333,45.133,1.111,9.804,2.444,3.556,3.778,82.353,5.167,0.056,0.389,0.333,0.333,1.167,0.667,0.5,0.0,0.0,0.0,,0.0,,0.0,2.611,0.333,0.222,25.0,0.111,50.0,5,0.278,0.556,0.889,0.833,31.25,5.333,24.242,1.167,16,3.17,-0.67,6,2.861,-1.194,10,3.356,-0.356,0.0,0.0,,0.111,1.333,15.667,7.611,0.611
Stefan Giro,Fremantle,22,22.81,Midfielder,4,5.675,44.25,43.25,0,0.0,0,0,52.5,7.75,3.0,10.75,79.07,74.194,91.667,72.093,1.25,1.75,231.0,21.488,1.25,8.6,2.25,4.778,20.043,12.1,47.057,2.943,2.25,8.5,10.75,20.93,1.75,2.0,0.25,1.0,1.0,1.75,1.5,0.0,0.5,5.25,0.0,0.0,0.25,,0.25,0.5,0.25,100.0,3.25,0.0,0.0,0.5,0.0,0.5,0.25,0.25,0.0,0.0,0.0,,0.0,,0.0,0.75,0.0,0.25,100.0,0.0,,1,0.25,0.0,0.25,0.75,100.0,2.0,8.0,0.0,1,2.118,3.882,0,,,1,2.118,3.882,0.0,0.0,,0.0,0.5,7.5,3.25,0.0
Tobe Watson,Fremantle,24,24.07,Gen. Defender,11,3.627,47.636,47.364,0,0.0,0,0,74.636,6.636,4.636,11.273,81.452,76.712,88.235,58.871,0.636,1.727,120.273,10.669,1.545,7.294,1.091,10.333,18.498,-7.387,69.762,-4.484,2.636,8.545,11.182,23.577,3.364,2.0,0.0,0.455,1.545,2.364,1.727,0.0,0.636,3.273,0.0,0.0,0.0,,0.182,0.182,0.091,100.0,4.636,0.182,0.091,0.909,0.0,0.455,0.364,0.091,0.0,0.0,0.0,,0.0,,0.0,1.091,0.0,1.727,26.316,0.0,,1,0.091,0.0,0.091,0.0,100.0,1.091,5.063,0.636,1,2.857,3.143,1,2.857,3.143,0,,,0.182,1.818,50.0,0.0,3.0,6.545,5.273,2.909
Liam Henry,Fremantle,20,20.34,Gen. Forward,17,6.429,42.0,38.059,0,0.0,0,0,72.824,6.235,2.765,9.0,61.438,52.83,80.851,69.281,1.824,0.412,157.412,17.49,2.0,4.5,2.588,3.477,29.224,4.56,55.846,6.316,4.353,5.059,9.412,46.25,0.941,3.059,1.588,0.765,2.294,3.765,2.588,0.118,1.471,2.294,0.0,0.0,0.176,,0.412,0.588,0.412,85.714,2.176,0.412,0.647,0.059,0.647,0.765,0.588,0.176,0.0,0.0,0.0,,0.0,,0.0,1.059,0.471,0.059,0.0,0.882,26.667,10,0.588,0.529,1.706,0.353,34.483,3.647,17.765,0.471,29,2.992,-0.613,17,3.187,-0.482,12,2.716,-0.8,0.0,0.0,,0.588,0.765,9.941,2.294,0.647
Hayden Young,Fremantle,20,20.72,Gen. Defender,8,6.838,76.875,68.5,0,0.0,0,0,79.125,10.625,5.25,15.875,80.315,75.294,90.476,66.929,1.625,3.5,295.125,18.591,2.625,6.048,2.875,5.522,20.173,0.309,58.409,1.832,4.5,11.0,15.5,29.032,5.375,3.0,0.125,0.625,2.375,3.75,2.5,0.25,0.875,5.25,0.0,0.0,0.125,,0.5,0.625,0.5,75.0,5.625,0.625,0.0,2.375,0.0,0.875,0.375,0.5,0.0,0.0,0.0,,0.0,,0.0,2.375,0.0,1.0,25.0,0.0,,0,0.0,0.0,0.0,0.125,,2.625,13.208,1.125,0,,,0,,,0,,,1.375,11.579,63.636,0.375,2.375,10.25,7.75,2.0
Caleb Serong,Fremantle,20,20.89,Midfielder,22,11.127,82.864,82.273,22,1.0,4,5,74.136,12.682,10.182,22.864,67.197,54.122,83.482,55.467,4.136,1.273,344.5,15.068,3.227,7.085,3.864,5.918,26.666,-0.306,53.581,0.812,9.273,13.636,22.909,40.476,2.455,6.591,0.545,2.0,4.591,3.318,2.818,1.727,1.318,9.909,18.273,71.403,1.955,10.697,2.864,4.818,5.318,82.051,2.909,0.091,0.364,0.273,0.045,1.045,0.545,0.5,0.0,0.0,0.0,,0.0,,0.0,3.273,0.409,0.045,100.0,0.091,0.0,8,0.364,0.455,1.136,0.409,32.0,5.273,24.017,1.273,25,2.562,-0.242,9,2.569,-0.347,16,2.558,-0.183,0.0,0.0,,0.0,0.591,18.818,8.5,0.136
Nat Fyfe,Fremantle,30,30.28,Midfielder,15,13.587,100.4,84.067,28,1.867,5,3,81.333,10.267,13.8,24.067,70.36,55.844,81.159,42.659,3.2,1.067,259.533,10.784,4.867,4.945,3.533,6.811,29.671,7.171,59.24,0.409,13.4,11.133,24.533,54.62,2.6,8.067,1.333,4.533,3.533,5.333,3.6,2.867,1.533,7.333,17.467,67.7,2.267,12.977,3.467,5.733,6.933,69.231,3.867,1.067,0.933,0.4,0.6,1.2,2.4,-1.2,0.067,0.084,0.0,0.0,0.0,,0.0,4.067,0.467,0.0,,1.267,36.842,6,0.4,1.4,2.067,0.6,19.355,7.6,32.571,1.667,31,3.162,-1.324,15,3.78,-1.913,16,2.583,-0.771,0.0,0.0,,0.733,2.2,22.6,9.267,0.467
James Aish,Fremantle,26,26.14,Gen. Defender,22,6.973,68.182,69.273,10,0.455,2,0,82.864,10.727,8.091,18.818,71.498,58.898,88.202,57.005,2.955,2.5,342.591,18.205,2.545,7.393,3.591,5.241,22.875,-1.177,51.838,-1.367,5.091,13.455,18.545,27.451,3.864,3.864,0.136,1.318,2.545,3.364,2.727,0.318,1.182,8.318,0.545,2.131,0.227,41.667,1.409,1.636,1.364,90.0,4.182,0.227,0.136,0.682,0.045,0.591,0.591,0.0,0.0,0.0,0.0,,0.0,,0.0,2.227,0.136,0.773,29.412,0.091,50.0,1,0.045,0.364,0.5,0.227,9.091,3.273,14.907,0.545,11,2.699,-1.426,3,2.635,-1.969,8,2.723,-1.223,0.318,3.043,100.0,0.091,2.0,11.318,6.955,1.409
Joel Hamling,Fremantle,28,28.72,Key Defender,1,8.2,72.0,32.0,0,0.0,0,0,77.0,3.0,7.0,10.0,70.0,100.0,57.143,30.0,0.0,1.0,45.0,4.5,1.0,10.0,3.0,3.333,11.28,-11.28,59.627,-26.293,6.0,4.0,10.0,60.0,6.0,3.0,0.0,1.0,2.0,6.0,3.0,0.0,0.0,3.0,0.0,0.0,0.0,,0.0,0.0,0.0,,0.0,0.0,0.0,0.0,0.0,3.0,0.0,3.0,4.0,6.061,2.0,50.0,2.0,100.0,0.0,1.0,0.0,2.0,0.0,0.0,,0,0.0,0.0,0.0,0.0,,0.0,0.0,0.0,0,,,0,,,0,,,0.0,0.0,,0.0,7.0,5.0,4.0,7.0
Blake Acres,Fremantle,26,26.23,Midfielder,18,6.561,64.111,66.056,0,0.0,0,0,78.833,10.222,7.667,17.889,72.36,60.87,87.681,57.143,3.167,1.889,295.556,16.522,2.833,6.314,3.833,4.667,23.903,-6.845,52.035,-7.917,5.944,11.944,17.889,33.23,3.278,4.5,0.556,1.333,3.167,3.722,3.056,0.556,1.389,7.222,0.0,0.0,0.0,,1.611,1.611,1.611,79.31,3.722,0.111,0.222,0.167,0.056,0.667,1.0,-0.333,3.278,4.114,0.556,16.949,0.056,10.0,0.056,2.5,0.278,0.278,40.0,0.389,14.286,2,0.111,0.0,0.333,0.278,33.333,3.389,14.806,0.667,6,3.472,-1.472,1,5.544,0.456,5,3.058,-1.858,0.0,0.0,,0.389,1.444,13.722,6.5,0.889
Alex Pearce,Fremantle,26,26.56,Key Defender,10,7.94,55.8,36.8,0,0.0,0,0,82.1,5.6,4.0,9.6,77.083,82.143,70.0,58.333,0.7,2.5,127.7,13.302,2.0,4.8,2.0,4.8,17.295,-2.201,66.589,5.109,4.7,4.9,9.6,48.958,4.7,3.0,0.1,1.1,1.9,4.1,2.6,0.2,0.9,2.3,0.0,0.0,0.0,,0.4,0.4,0.5,80.0,2.7,0.4,0.0,1.3,0.0,1.2,0.5,0.7,0.5,0.601,0.1,20.0,0.1,100.0,0.0,1.0,0.0,4.1,26.829,0.4,0.0,0,0.0,0.1,0.1,0.2,0.0,1.3,6.566,0.4,1,3.378,-2.378,1,3.378,-2.378,0,,,0.1,0.952,0.0,0.0,5.6,7.5,6.2,5.0
Connor Blakely,Fremantle,25,25.83,Midfielder,13,3.454,37.154,32.077,0,0.0,0,0,35.923,3.846,5.077,8.923,81.897,76.0,86.364,43.103,1.154,0.462,92.615,10.379,0.692,12.889,1.538,5.8,25.774,-6.625,55.873,-2.681,3.462,5.769,9.231,37.5,1.308,2.538,0.538,0.769,1.769,2.0,1.692,0.462,0.385,3.077,1.769,7.165,0.231,13.043,0.769,1.0,1.154,66.667,2.308,0.0,0.308,0.077,0.154,0.615,0.385,0.231,0.0,0.0,0.0,,0.0,,0.0,0.846,0.231,0.077,0.0,0.077,100.0,1,0.077,0.154,0.231,0.308,33.333,1.462,6.552,0.231,3,2.737,-0.07,3,2.737,-0.07,0,,,0.0,0.0,,0.0,0.462,6.385,2.462,0.154
Sam Switkowski,Fremantle,25,25.11,Gen. Forward,12,11.675,66.083,55.417,2,0.167,1,1,70.75,6.583,5.583,12.167,73.973,60.759,89.552,54.11,2.583,0.333,190.25,15.637,1.5,8.111,2.25,5.407,33.059,11.385,53.06,8.051,5.75,6.75,12.5,46.0,1.75,4.167,1.167,1.583,2.583,4.083,3.167,0.333,0.917,3.417,1.667,6.494,0.333,20.0,0.667,1.0,0.917,54.545,3.0,0.417,0.667,0.75,0.583,0.583,0.333,0.25,0.0,0.0,0.0,,0.0,,0.0,2.667,0.667,0.0,,0.833,40.0,9,0.75,0.75,1.583,0.417,47.368,5.5,24.719,0.583,19,3.237,0.079,5,3.408,0.592,14,3.176,-0.105,0.0,0.0,,0.333,1.667,15.083,4.667,0.583
Ethan Hughes,Fremantle,27,27.06,Gen. Defender,8,6.1,62.75,60.0,0,0.0,0,0,79.875,9.375,8.0,17.375,74.82,68.0,82.812,53.957,1.375,2.25,214.875,12.367,3.25,5.346,3.375,5.148,20.64,-2.584,59.638,-5.472,6.0,12.5,18.5,32.432,5.5,4.875,0.0,1.75,3.125,4.875,4.0,0.125,1.375,7.5,0.0,0.0,0.25,,0.625,0.875,0.75,83.333,3.625,0.0,0.125,0.375,0.0,0.75,0.625,0.125,0.0,0.0,0.0,,0.0,,0.0,1.5,0.0,0.75,0.0,0.0,,0,0.0,0.125,0.125,0.125,0.0,2.75,11.765,1.625,1,2.675,-1.675,1,2.675,-1.675,0,,,0.0,0.0,,0.125,3.125,10.875,8.25,2.5
Brennan Cox,Fremantle,23,23.38,Key Defender,12,9.525,70.333,46.0,0,0.0,0,0,90.417,7.25,4.583,11.833,90.141,86.207,96.364,61.268,0.583,2.75,127.0,10.732,1.75,6.762,1.333,8.875,16.276,-4.228,68.872,7.032,4.667,7.5,12.167,38.356,5.75,2.833,0.0,1.0,1.833,4.583,2.75,0.0,0.917,3.25,0.0,0.0,0.0,,0.083,0.083,0.0,,4.667,1.333,0.0,1.75,0.0,0.333,1.0,-0.667,0.583,0.742,0.083,14.286,0.0,0.0,0.0,0.917,0.0,4.0,25.0,0.0,,0,0.0,0.0,0.083,0.083,0.0,1.417,6.007,0.833,1,0.047,-0.047,1,0.047,-0.047,0,,,0.083,0.806,0.0,0.083,9.333,5.75,4.833,8.583
Luke Ryan,Fremantle,25,25.89,Key Defender,19,10.505,99.263,87.421,18,0.947,4,3,88.368,17.474,4.316,21.789,85.507,84.94,87.805,80.193,0.842,7.947,508.789,23.35,2.368,9.2,4.0,5.447,14.179,-2.058,61.664,3.487,4.579,12.421,17.0,26.935,6.632,3.105,0.0,0.684,2.421,4.211,2.895,0.105,1.053,4.947,0.0,0.0,0.0,,0.263,0.263,0.211,100.0,7.158,0.579,0.0,2.211,0.0,0.737,1.0,-0.263,0.0,0.0,0.0,,0.0,,0.0,1.789,0.053,2.263,30.233,0.0,,0,0.0,0.0,0.0,0.053,,2.263,10.165,1.158,0,,,0,,,0,,,6.737,64.322,74.219,0.579,3.895,6.737,5.842,3.053
Bayley Fritsch,Melbourne,25,25.06,Gen. Forward,24,9.942,69.458,64.458,28,1.167,3,3,85.375,7.917,2.25,10.167,68.443,64.211,83.333,77.869,2.083,0.0,214.667,21.115,2.125,4.784,1.75,5.81,33.648,11.033,56.053,8.841,3.5,6.75,10.25,34.146,0.667,2.167,1.292,0.708,1.458,3.458,2.125,0.0,0.917,1.375,0.042,0.162,0.0,0.0,0.083,0.083,0.0,,4.833,0.583,2.5,0.083,1.958,0.75,0.875,-0.125,0.0,0.0,0.0,,0.0,,0.0,1.958,0.958,0.042,0.0,2.083,12.0,59,2.458,1.0,3.875,0.292,63.441,5.667,22.591,0.375,93,3.407,0.657,62,3.49,0.542,31,3.242,0.887,0.0,0.0,,0.125,0.708,11.167,2.083,0.542
Charlie Spargo,Melbourne,22,22.09,Gen. Forward,25,7.468,59.0,54.36,0,0.0,0,0,73.52,7.8,3.68,11.48,70.732,65.128,82.609,67.944,2.16,0.36,187.36,16.321,1.64,7.0,1.64,7.0,31.18,8.276,55.815,10.852,4.12,7.48,11.6,35.517,1.4,2.72,1.24,0.64,2.08,3.6,2.4,0.12,1.44,3.6,0.0,0.0,0.04,,0.36,0.4,0.32,100.0,3.36,0.28,0.68,0.2,0.52,1.04,0.64,0.4,0.0,0.0,0.0,,0.0,,0.0,2.36,1.0,0.16,50.0,0.8,50.0,18,0.72,0.64,1.64,0.64,43.902,4.4,17.433,0.6,41,2.953,0.071,17,3.05,-0.638,24,2.885,0.574,0.0,0.0,,0.04,0.52,10.76,2.8,0.24
Kade Chandler,Melbourne,21,21.96,Gen. Forward,5,-0.34,1.4,2.2,0,0.0,0,0,13.4,0.2,0.6,0.8,75.0,0.0,100.0,25.0,0.0,0.0,-0.4,-0.5,0.6,1.333,0.6,1.333,,,,,0.4,0.4,0.8,50.0,0.0,0.4,0.2,0.4,0.0,0.4,0.4,0.0,0.2,0.4,0.0,0.0,0.0,,0.0,0.0,0.0,,0.0,0.0,0.0,0.0,0.0,0.0,0.4,-0.4,0.0,0.0,0.0,,0.0,,0.0,0.4,0.2,0.0,,0.2,100.0,0,0.0,0.0,0.0,0.2,,0.4,1.802,0.0,0,,,0,,,0,,,0.0,0.0,,0.0,0.0,1.2,0.4,0.0
Kysaiah Pickett,Melbourne,20,20.58,Gen. Forward,25,9.644,66.0,61.4,11,0.44,6,2,76.48,7.72,4.12,11.84,61.486,54.922,73.786,65.203,2.52,0.32,217.84,18.399,2.52,4.698,2.04,5.804,28.726,3.233,49.669,6.001,5.76,5.88,11.64,49.485,1.36,4.6,2.2,1.36,3.24,4.56,3.76,0.24,2.16,2.84,1.76,6.811,0.16,9.091,0.88,1.04,0.84,80.952,2.36,0.16,1.04,0.08,0.56,0.8,0.84,-0.04,0.0,0.0,0.0,,0.0,,0.0,3.48,1.56,0.0,,0.48,33.333,40,1.6,1.12,3.24,0.36,49.383,5.04,19.968,0.88,81,3.102,0.207,34,3.528,-0.528,47,2.794,0.738,0.0,0.0,,0.44,0.92,19.56,5.0,0.08
Trent Rivers,Melbourne,20,20.42,Gen. Defender,25,8.0,64.52,57.12,0,0.0,0,0,70.16,9.64,5.48,15.12,76.455,73.859,81.022,63.757,1.64,2.96,284.92,18.844,1.88,8.043,2.96,5.108,19.1,0.283,57.169,0.981,4.68,9.72,14.4,32.5,5.12,3.8,0.04,1.28,2.52,4.04,3.2,0.04,1.24,5.24,0.04,0.155,0.16,100.0,0.32,0.48,0.4,60.0,4.04,0.44,0.0,1.52,0.0,0.28,0.56,-0.28,0.0,0.0,0.0,,0.0,,0.0,1.56,0.04,0.64,37.5,0.0,,1,0.04,0.04,0.2,0.04,20.0,2.6,10.301,1.0,5,2.151,-0.751,0,,,5,2.151,-0.751,0.6,7.853,100.0,0.36,2.44,10.28,7.2,1.76
Luke Jackson,Melbourne,20,20.25,Ruck,24,8.95,72.083,61.75,10,0.417,4,3,75.333,4.458,8.375,12.833,76.623,71.028,79.602,34.74,1.25,0.333,119.958,9.347,1.75,7.333,2.042,6.286,27.942,7.675,54.18,-0.755,6.542,6.583,13.125,49.841,1.333,3.958,0.833,1.042,2.917,4.375,2.667,0.0,1.0,3.75,7.208,27.903,0.583,8.092,0.875,1.458,1.833,75.0,3.0,1.0,0.875,0.333,0.375,1.0,0.458,0.542,26.917,30.85,10.625,39.474,3.292,30.98,0.458,2.0,0.583,0.292,0.0,1.417,17.647,16,0.667,0.375,1.292,0.333,51.613,4.583,18.272,1.25,31,3.661,-0.274,22,3.398,-0.535,9,4.304,0.362,0.0,0.0,,0.0,1.542,11.625,3.708,0.833
James Jordon,Melbourne,21,21.03,Midfielder,25,6.124,58.72,60.68,0,0.0,0,0,55.96,7.12,7.4,14.52,71.901,62.36,81.081,49.036,1.8,1.04,187.76,12.931,1.92,7.562,2.68,5.418,23.985,-5.631,54.588,-7.12,4.76,10.0,14.76,32.249,2.04,3.84,0.6,1.52,2.32,2.84,2.28,0.28,0.88,6.52,4.68,18.111,0.2,4.274,1.0,1.2,1.32,66.667,2.56,0.04,0.12,0.16,0.04,0.72,0.36,0.36,0.0,0.0,0.0,,0.0,,0.0,3.88,0.8,0.24,0.0,0.16,0.0,6,0.24,0.24,0.68,0.16,35.294,2.88,11.41,0.76,17,2.831,-0.36,6,3.977,-0.643,11,2.206,-0.206,0.0,0.0,,0.04,0.68,14.76,6.76,0.28
Steven May,Melbourne,29,29.97,Key Defender,23,9.965,85.739,68.478,27,1.174,5,1,93.261,14.739,2.652,17.391,84.5,84.071,86.885,84.75,0.826,6.174,384.87,22.13,2.565,6.78,2.783,6.25,13.891,2.159,64.908,2.376,4.0,8.261,12.261,32.624,6.087,2.13,0.0,0.652,1.478,3.739,1.913,0.043,0.609,3.13,0.0,0.0,0.0,,0.261,0.261,0.13,66.667,5.435,1.13,0.0,2.478,0.0,0.609,0.739,-0.13,0.0,0.0,0.0,,0.0,,0.0,1.043,0.0,4.13,23.158,0.0,,0,0.0,0.087,0.13,0.087,0.0,2.348,9.343,1.13,3,2.183,-1.516,2,2.41,-1.41,1,1.728,-1.728,4.957,64.773,97.368,0.087,6.565,4.913,3.957,5.739
Max Gawn,Melbourne,30,30.0,Ruck,25,14.756,120.4,110.72,74,2.96,14,16,89.12,12.64,5.88,18.52,61.771,53.165,80.272,68.251,3.16,1.72,310.68,16.775,3.88,4.773,3.68,5.033,23.795,1.805,50.074,-4.074,10.68,7.6,18.28,58.425,3.56,3.96,0.48,1.48,2.48,5.16,2.16,0.0,0.84,4.08,18.84,72.91,1.8,9.554,2.76,4.56,5.12,78.906,5.24,2.32,0.92,1.88,0.48,1.32,1.36,-0.04,55.32,63.295,32.2,58.207,10.2,31.677,2.8,2.84,0.28,1.56,17.949,2.12,18.868,16,0.64,0.68,1.64,0.36,39.024,5.48,21.712,3.12,41,3.07,-0.314,26,3.32,-0.551,15,2.636,0.097,0.0,0.0,,0.0,3.96,10.88,5.8,3.12
Tom McDonald,Melbourne,29,29.28,Key Forward,23,10.274,81.348,70.609,39,1.696,10,8,84.565,9.435,4.565,14.0,67.391,60.369,81.905,67.391,2.826,0.348,250.913,17.922,2.522,5.552,3.478,4.025,30.91,7.021,53.376,1.797,6.217,8.304,14.522,42.814,1.522,3.435,1.522,1.696,1.739,5.739,3.261,0.0,0.783,3.304,0.043,0.168,0.0,0.0,0.304,0.304,0.478,81.818,5.304,1.217,1.391,0.261,1.261,0.957,1.13,-0.174,4.696,5.403,1.261,26.852,0.304,24.138,0.217,2.217,1.13,0.174,0.0,3.826,20.455,33,1.435,0.957,2.696,0.957,53.226,5.739,22.564,0.913,62,3.188,0.36,41,3.175,0.288,21,3.213,0.501,0.043,0.578,100.0,0.043,2.391,11.913,2.261,1.652
Adam Tomlinson,Melbourne,28,28.39,Key Defender,7,4.971,56.286,51.857,1,0.143,1,0,84.714,8.714,3.286,12.0,77.381,80.328,69.565,72.619,0.429,2.429,174.429,14.536,2.429,4.941,2.143,5.6,15.712,2.932,68.476,6.101,2.857,8.857,11.714,24.39,3.286,1.571,0.0,0.571,1.0,2.571,1.429,0.143,0.286,3.714,0.0,0.0,0.0,,0.286,0.286,0.286,100.0,5.429,0.714,0.0,1.429,0.0,0.286,0.857,-0.571,0.0,0.0,0.0,,0.0,,0.0,1.286,0.0,3.0,4.762,0.0,,0,0.0,0.0,0.0,0.0,,1.714,6.593,0.571,0,,,0,,,0,,,0.429,6.0,66.667,0.0,4.857,5.0,4.0,4.286
Christian Salem,Melbourne,26,26.46,Gen. Defender,24,9.683,97.083,94.5,50,2.083,12,1,86.458,16.875,8.458,25.333,77.138,75.309,80.788,66.612,2.5,5.708,431.958,17.051,2.667,9.5,4.542,5.578,18.504,3.018,56.522,6.208,5.708,17.417,23.125,24.685,6.083,4.792,0.042,1.667,3.125,4.625,4.042,0.125,1.458,10.25,0.0,0.0,0.25,,0.75,1.0,0.75,66.667,6.042,0.167,0.042,1.25,0.042,0.583,0.75,-0.167,0.0,0.0,0.0,,0.0,,0.0,2.417,0.083,1.083,19.231,0.0,,3,0.125,0.083,0.292,0.333,42.857,3.917,15.512,1.292,7,2.829,0.028,2,3.447,-0.447,5,2.582,0.218,1.958,25.269,100.0,0.5,1.292,12.208,8.708,0.75
Alex Neal-Bullen,Melbourne,25,25.97,Gen. Forward,25,10.156,75.96,73.16,3,0.12,2,0,75.64,10.2,6.12,16.32,64.951,52.941,84.967,62.5,3.96,0.72,274.16,16.799,2.72,6.0,3.72,4.387,31.227,-1.275,52.579,0.078,6.84,9.84,16.68,41.007,1.96,5.28,1.68,1.92,3.36,4.4,3.56,0.44,1.32,5.88,0.68,2.632,0.28,41.176,1.56,1.84,1.88,78.723,3.2,0.08,0.56,0.12,0.36,1.2,0.76,0.44,0.0,0.0,0.0,,0.0,,0.0,4.44,1.72,0.04,0.0,0.52,7.692,15,0.6,0.44,1.4,0.64,42.857,4.6,18.225,0.8,35,2.728,0.158,16,2.772,0.478,19,2.69,-0.111,0.0,0.0,,0.16,1.28,22.2,8.2,0.32
James Harmes,Melbourne,26,26.23,Midfielder,18,9.261,86.444,79.556,6,0.333,2,0,76.056,8.444,12.333,20.778,69.251,55.263,78.829,40.642,3.333,1.278,242.056,11.65,3.444,6.032,3.5,5.937,25.812,-5.812,53.109,-6.442,9.167,12.389,21.556,42.526,3.056,6.722,0.778,2.611,4.111,4.833,3.778,1.0,1.5,9.0,12.333,48.261,0.944,7.658,2.222,3.167,3.278,76.271,2.889,0.222,0.389,0.389,0.222,1.111,1.333,-0.222,0.0,0.0,0.0,,0.0,,0.0,5.222,0.889,0.056,0.0,0.389,57.143,7,0.389,0.556,1.278,0.278,30.435,4.111,16.444,1.278,23,2.835,-0.574,9,2.869,-1.091,14,2.813,-0.242,0.0,0.0,,0.222,1.278,23.944,11.389,0.5
Christian Petracca,Melbourne,25,25.98,Midfielder,25,16.756,114.68,111.52,109,4.36,20,23,89.48,16.36,12.84,29.2,62.055,51.589,75.389,56.027,6.84,1.28,539.92,18.49,5.0,5.84,6.2,4.71,29.204,2.144,46.087,-3.768,13.96,15.24,29.2,47.808,1.96,9.52,2.24,4.16,5.36,5.2,4.28,3.12,2.0,8.8,20.44,79.102,2.8,13.699,3.52,6.32,7.12,73.596,5.04,0.32,0.92,0.4,1.08,0.92,1.16,-0.24,0.04,0.046,0.0,0.0,0.0,,0.0,4.12,0.52,0.08,0.0,0.68,41.176,29,1.16,0.76,2.84,0.76,40.845,8.32,32.964,1.6,71,2.923,-0.205,26,3.091,-0.514,45,2.826,-0.026,0.0,0.0,,0.12,0.8,21.32,8.8,0.28
Ed Langdon,Melbourne,25,25.91,Midfielder,24,10.146,82.5,83.792,6,0.25,4,0,94.333,13.125,8.708,21.833,73.282,67.302,82.297,60.115,2.792,2.083,417.375,19.116,2.375,9.193,4.208,5.188,21.946,-0.363,52.144,1.453,5.833,15.833,21.667,26.923,4.125,4.75,0.583,1.25,3.5,4.167,3.5,0.375,1.5,9.0,0.0,0.0,0.208,,0.875,1.083,0.958,73.913,5.417,0.208,0.5,0.667,0.208,0.625,0.333,0.292,0.0,0.0,0.0,,0.0,,0.0,1.875,0.167,0.542,23.077,0.208,60.0,13,0.542,0.375,1.083,0.25,50.0,4.208,16.722,1.083,26,3.069,0.277,13,3.333,0.667,13,2.805,-0.113,0.0,0.0,,0.75,0.792,11.792,5.5,0.458
Jake Lever,Melbourne,25,25.82,Key Defender,25,12.764,88.96,62.36,43,1.72,12,5,98.88,9.68,5.88,15.56,82.262,80.165,85.714,62.211,1.2,4.12,277.24,17.817,2.28,6.825,3.12,4.987,16.938,2.028,56.676,-0.211,6.92,8.16,15.08,45.889,10.28,4.24,0.0,1.32,2.92,6.84,4.16,0.0,1.44,3.28,0.0,0.0,0.0,,0.04,0.04,0.04,0.0,5.44,1.76,0.0,4.08,0.0,0.92,0.92,0.0,0.0,0.0,0.0,,0.0,,0.0,1.76,0.0,3.16,26.582,0.0,,0,0.0,0.04,0.04,0.08,0.0,2.44,9.667,1.72,1,4.006,-3.006,1,4.006,-3.006,0,,,0.04,0.524,100.0,0.04,6.68,8.44,6.92,5.92
Jayden Hunt,Melbourne,26,26.74,Gen. Defender,20,7.825,55.8,54.45,0,0.0,0,0,75.15,8.95,4.75,13.7,73.358,65.363,88.421,65.328,2.8,2.25,300.25,21.916,2.35,5.83,2.85,4.807,22.876,-1.492,55.339,2.523,4.1,9.4,13.5,30.37,4.45,3.15,0.05,1.0,2.15,3.55,2.75,0.05,0.95,5.5,0.0,0.0,0.05,,0.55,0.6,0.25,80.0,3.2,0.15,0.05,0.8,0.15,0.8,0.95,-0.15,0.0,0.0,0.0,,0.0,,0.0,2.45,0.05,1.05,23.81,0.05,0.0,2,0.1,0.15,0.3,0.1,33.333,2.7,10.953,0.6,6,2.555,-0.055,4,2.461,-0.461,2,2.741,0.758,0.0,0.0,,1.1,1.15,9.0,6.6,0.95
Clayton Oliver,Melbourne,24,24.44,Midfielder,25,17.392,125.8,109.44,133,5.32,20,31,88.44,14.32,17.24,31.56,69.455,55.866,80.742,45.374,5.2,1.88,423.0,13.403,5.16,6.116,5.08,6.213,26.347,0.896,48.258,0.247,17.36,14.4,31.76,54.66,4.28,11.56,1.88,5.72,5.84,6.08,5.24,4.08,2.0,10.0,22.4,86.687,2.92,13.036,4.52,7.44,9.36,76.496,3.56,0.2,0.24,0.6,0.2,1.72,1.84,-0.12,0.0,0.0,0.0,,0.0,,0.0,5.44,0.56,0.08,0.0,0.16,25.0,11,0.44,0.72,1.36,0.72,32.353,7.24,28.685,2.48,34,2.798,-0.327,16,3.13,-1.38,18,2.503,0.608,0.0,0.0,,0.16,1.16,24.76,11.12,0.24
Tom Sparrow,Melbourne,21,21.58,Mid-Forward,21,5.895,40.048,39.81,0,0.0,0,0,45.19,4.857,4.0,8.857,67.742,57.843,79.762,54.839,1.762,0.571,157.286,17.758,1.714,5.167,1.81,4.895,27.489,-5.411,50.375,-4.921,3.619,5.571,9.19,39.378,1.381,2.333,0.333,0.905,1.429,2.381,1.524,0.238,0.714,3.286,4.952,19.048,0.238,4.808,0.762,1.0,0.952,75.0,1.905,0.19,0.238,0.19,0.333,0.619,0.714,-0.095,0.0,0.0,0.0,,0.0,,0.0,2.714,0.476,0.048,0.0,0.19,25.0,7,0.333,0.19,0.667,0.19,50.0,2.429,9.444,0.429,14,2.423,0.863,7,2.307,0.55,7,2.538,1.176,0.0,0.0,,0.0,0.905,12.095,5.286,0.238
Tom Doedee,Adelaide,24,24.83,Key Defender,21,11.281,85.238,64.143,11,0.524,3,0,89.0,9.667,6.905,16.571,80.172,75.862,86.207,58.333,0.952,4.333,259.684,15.814,2.619,6.327,3.381,4.901,15.226,3.426,58.614,-3.173,6.762,8.667,15.429,43.827,8.238,4.429,0.048,1.667,2.762,6.429,4.143,0.048,1.476,4.762,0.0,0.0,0.0,,0.286,0.286,0.143,66.667,4.762,1.429,0.048,2.857,0.0,0.905,1.048,-0.143,0.0,0.0,0.0,,0.0,,0.0,2.238,0.0,2.762,39.655,0.048,0.0,1,0.048,0.048,0.095,0.048,50.0,2.381,11.111,1.381,2,4.024,-0.524,2,4.024,-0.524,0,,,1.095,9.957,78.261,0.19,6.762,10.238,7.857,5.857
Lachlan Murphy,Adelaide,23,23.07,Gen. Forward,15,6.573,54.4,48.467,0,0.0,0,0,73.667,6.667,5.067,11.733,64.773,58.0,73.684,56.818,2.067,0.2,183.154,15.461,1.8,6.519,2.2,5.333,27.99,-1.52,55.013,-3.543,6.067,5.8,11.867,51.124,0.867,4.133,1.333,1.933,2.2,3.733,2.867,0.8,1.467,3.333,0.0,0.0,0.2,,1.2,1.4,1.933,65.517,1.667,0.0,0.333,0.067,0.2,1.467,0.6,0.867,0.0,0.0,0.0,,0.0,,0.0,2.267,0.733,0.133,0.0,0.867,23.077,9,0.6,1.0,2.0,0.333,30.0,4.267,20.317,0.6,30,2.594,-0.294,8,3.084,-1.709,22,2.416,0.221,0.0,0.0,,0.067,0.867,13.667,3.733,0.467
Mitchell Hinge,Adelaide,23,23.5,Gen. Defender,1,4.9,31.0,30.0,0,0.0,0,0,44.0,6.0,1.0,7.0,57.143,50.0,100.0,85.714,1.0,2.0,197.0,28.143,1.0,7.0,1.0,7.0,20.062,-20.062,53.148,-19.815,2.0,5.0,7.0,28.571,2.0,1.0,0.0,0.0,1.0,2.0,1.0,0.0,1.0,2.0,0.0,0.0,0.0,,0.0,0.0,0.0,,3.0,1.0,0.0,2.0,0.0,1.0,0.0,1.0,0.0,0.0,0.0,,0.0,,0.0,0.0,0.0,3.0,33.333,0.0,,0,0.0,0.0,0.0,0.0,,0.0,0.0,0.0,0,,,0,,,0,,,0.0,0.0,,0.0,1.0,1.0,1.0,1.0
Jordon Butts,Adelaide,22,22.0,Key Defender,22,5.564,57.0,43.5,8,0.364,4,0,91.182,6.864,3.636,10.5,82.251,78.808,88.75,65.368,0.591,3.045,171.5,16.179,2.0,5.25,2.409,4.358,15.719,-1.335,62.134,-7.339,3.727,6.818,10.545,35.345,4.727,2.273,0.0,0.909,1.364,3.682,2.227,0.0,0.636,2.773,0.0,0.0,0.0,,0.0,0.0,0.0,,3.818,0.545,0.0,1.045,0.045,1.045,0.773,0.273,0.0,0.0,0.0,,0.0,,0.0,1.364,0.0,4.909,29.63,0.0,,0,0.0,0.0,0.0,0.0,,1.318,6.223,0.455,0,,,0,,,0,,,0.091,0.82,100.0,0.0,6.0,5.273,4.455,5.409
Lachlan Sholl,Adelaide,21,21.81,Midfielder,19,6.574,62.842,63.737,11,0.579,2,2,75.684,10.947,6.632,17.579,73.353,64.423,88.095,62.275,2.579,2.0,268.294,15.203,1.737,10.121,3.211,5.475,22.736,-1.903,55.891,-0.162,4.368,13.0,17.368,25.152,2.895,3.632,0.474,0.737,2.895,2.895,2.526,0.263,0.947,7.789,0.053,0.191,0.105,100.0,1.105,1.211,1.0,78.947,4.105,0.158,0.158,0.368,0.053,0.368,0.263,0.105,0.0,0.0,0.0,,0.0,,0.0,1.105,0.105,0.316,16.667,0.263,0.0,3,0.158,0.368,0.526,0.316,30.0,3.368,15.96,0.684,10,3.724,-1.224,5,3.882,-1.882,5,3.566,-0.566,0.053,0.476,100.0,0.263,0.421,13.263,6.684,0.316
William Hamill,Adelaide,21,21.12,Gen. Defender,17,5.506,42.941,38.529,0,0.0,0,0,71.059,5.529,4.647,10.176,70.52,65.957,75.949,54.335,0.824,1.412,159.667,15.654,1.647,6.179,2.294,4.436,19.339,2.009,59.799,-2.495,4.588,5.647,10.235,44.828,4.882,3.294,0.0,1.0,2.294,4.118,3.0,0.0,1.353,3.941,0.0,0.0,0.176,,0.235,0.412,0.235,75.0,1.588,0.235,0.0,0.706,0.0,1.059,0.471,0.588,0.0,0.0,0.0,,0.0,,0.0,2.059,0.059,1.118,42.105,0.0,,0,0.0,0.0,0.0,0.059,,1.529,7.303,0.824,0,,,0,,,0,,,0.059,0.515,0.0,0.0,1.294,9.941,8.294,0.882
Harry Schoenberg,Adelaide,20,20.85,Midfielder,22,8.805,71.545,69.591,6,0.273,1,0,72.682,10.455,7.955,18.409,67.16,59.13,77.714,56.79,3.545,1.182,314.15,16.578,3.591,5.127,4.273,4.309,26.924,1.647,51.412,0.969,7.409,11.227,18.636,39.756,1.909,5.636,0.955,2.318,3.318,3.545,3.0,0.864,1.364,7.5,9.273,34.343,1.091,11.765,1.955,3.045,2.773,80.328,2.818,0.045,0.364,0.273,0.091,0.727,1.455,-0.727,0.045,0.052,0.0,0.0,0.0,,0.0,3.591,0.682,0.045,0.0,0.045,0.0,10,0.455,0.409,1.0,0.409,45.455,4.955,23.391,0.773,22,3.002,0.135,7,3.028,0.115,15,2.99,0.144,0.0,0.0,,0.182,0.864,16.682,8.455,0.045
Sam Berry,Adelaide,19,19.88,Gen. Forward,17,6.465,46.0,42.647,0,0.0,0,0,71.706,3.529,5.529,9.059,70.13,50.0,82.979,38.961,1.647,0.176,104.2,11.493,1.824,4.968,1.824,4.968,29.694,-7.743,55.43,-4.21,5.235,4.471,9.706,53.939,1.647,4.118,0.765,2.059,2.059,3.706,2.824,0.059,0.941,2.353,4.471,16.415,0.294,6.579,0.706,1.0,1.059,72.222,1.588,0.235,0.176,0.118,0.0,0.706,1.0,-0.294,0.0,0.0,0.0,,0.0,,0.0,4.059,1.118,0.0,,0.765,30.769,5,0.294,0.529,1.059,0.353,27.778,2.941,14.006,0.647,18,3.359,-1.192,7,4.432,-0.574,11,2.676,-1.585,0.0,0.0,,0.0,1.118,20.235,8.471,0.294
Taylor Walker,Adelaide,31,31.68,Key Forward,17,13.9,86.235,75.588,38,2.235,6,9,86.118,9.118,4.235,13.353,63.436,60.645,69.444,68.282,2.353,0.059,274.333,21.888,2.765,4.83,3.294,4.054,30.099,6.265,51.783,4.58,7.941,5.706,13.647,58.19,0.941,3.941,2.353,2.059,1.882,6.529,3.118,0.0,0.941,1.647,0.0,0.0,0.0,,1.059,1.059,1.471,80.0,5.294,1.941,2.588,0.118,1.588,1.176,1.235,-0.059,7.765,8.889,2.353,30.303,0.529,22.5,0.588,1.353,1.0,0.059,0.0,5.647,37.5,48,2.824,1.706,5.294,0.706,53.333,7.765,35.967,1.529,90,2.961,0.561,59,3.109,0.654,31,2.681,0.384,0.0,0.0,,0.0,1.353,9.294,1.588,0.882
Brodie Smith,Adelaide,29,29.96,Gen. Defender,21,9.381,84.429,79.619,8,0.381,3,2,81.238,15.81,4.81,20.619,77.829,76.205,83.168,76.674,3.524,6.571,616.316,29.949,2.429,8.49,5.571,3.701,18.572,1.161,50.643,-3.486,4.381,13.143,17.524,25.0,4.619,3.238,0.048,0.81,2.429,3.143,2.381,0.238,1.143,7.143,0.0,0.0,0.238,,0.81,1.048,0.857,77.778,5.095,0.286,0.095,1.333,0.19,0.429,0.381,0.048,0.0,0.0,0.0,,0.0,,0.0,1.81,0.048,0.81,23.529,0.0,,2,0.095,0.19,0.476,0.19,20.0,3.429,16.071,0.857,10,2.386,-0.786,3,2.735,-2.069,7,2.237,-0.237,4.0,35.593,67.857,0.238,2.19,12.381,8.0,1.571
Rory Laird,Adelaide,28,28.0,Midfielder,22,12.718,116.273,111.5,74,3.364,13,16,78.455,14.273,17.727,32.0,70.597,56.369,82.051,44.602,3.682,2.136,345.4,10.693,4.455,7.184,4.818,6.642,25.6,-2.051,55.959,-7.495,14.818,17.409,32.227,45.98,3.0,10.864,1.273,5.0,5.818,5.409,4.818,2.636,1.773,12.545,21.591,79.966,2.909,13.474,3.909,6.818,8.136,76.536,3.727,0.091,0.136,0.182,0.091,1.727,1.5,0.227,0.0,0.0,0.0,,0.0,,0.0,5.909,0.591,0.045,0.0,0.0,,3,0.136,0.364,0.682,0.682,20.0,6.273,29.614,1.773,15,2.762,-1.028,5,2.987,0.013,10,2.649,-1.549,0.091,0.82,50.0,0.182,0.727,20.636,10.136,0.182
Reilly O'Brien,Adelaide,26,26.36,Ruck,20,13.915,95.75,86.05,16,0.8,5,5,90.05,6.9,7.8,14.7,68.367,55.797,79.487,46.939,1.9,1.3,137.5,9.34,2.65,5.547,2.2,6.682,22.682,-0.041,52.298,-4.185,9.55,5.05,14.6,65.411,3.8,4.2,0.25,2.4,1.8,3.8,1.2,0.0,0.25,3.2,24.55,90.758,1.6,6.517,2.25,3.85,5.65,66.372,3.55,1.9,0.15,2.3,0.1,1.25,1.0,0.25,70.05,81.453,29.25,41.756,8.15,27.863,1.6,2.75,0.05,1.6,15.625,1.85,10.811,2,0.1,0.0,0.15,0.2,66.667,3.7,17.831,2.75,3,4.801,-0.801,3,4.801,-0.801,0,,,0.0,0.0,,0.0,3.7,12.6,6.85,2.4
Billy Frampton,Adelaide,25,25.11,Key Forward,10,3.05,44.6,47.0,0,0.0,0,0,82.1,6.4,3.3,9.7,65.979,60.938,75.758,65.979,0.7,1.7,162.75,15.318,2.1,4.619,1.9,5.105,24.289,2.241,66.22,1.127,3.8,5.9,9.7,39.175,1.9,1.8,0.4,0.5,1.3,3.5,1.7,0.1,0.2,2.1,1.5,5.357,0.0,0.0,0.2,0.2,0.3,66.667,5.0,1.5,1.2,1.4,0.5,0.4,0.7,-0.3,6.3,7.25,2.4,38.095,0.4,16.667,0.0,0.8,0.3,1.0,20.0,3.8,26.316,2,0.2,1.1,1.4,0.1,14.286,3.3,13.866,0.4,14,3.454,-1.811,12,3.39,-1.64,2,3.84,-2.84,0.1,0.952,100.0,0.0,2.5,5.5,1.8,2.4
Ben Keays,Adelaide,24,24.85,Midfielder,22,14.064,102.955,107.864,31,1.409,7,11,84.727,15.909,12.227,28.136,65.428,50.857,84.387,56.543,5.409,2.0,404.7,14.326,4.682,6.01,6.591,4.269,26.413,-3.45,51.509,-5.583,10.955,15.636,26.591,41.197,2.955,8.136,1.273,3.773,4.364,4.045,3.5,1.545,1.409,11.136,21.409,79.293,2.591,12.102,2.955,5.545,6.182,76.471,3.727,0.091,0.318,0.136,0.045,1.182,1.5,-0.318,0.0,0.0,0.0,,0.0,,0.0,6.045,0.864,0.136,66.667,0.045,0.0,12,0.545,0.364,1.318,0.5,41.379,5.682,26.824,1.318,29,2.764,-0.005,8,3.15,1.475,21,2.616,-0.569,0.0,0.0,,0.182,1.318,24.909,12.091,0.227
Andrew McPherson,Adelaide,22,22.53,Gen. Defender,18,4.528,50.278,50.5,0,0.0,0,0,70.389,8.667,4.889,13.556,78.279,74.359,85.227,63.934,1.111,3.056,233.812,16.701,2.111,6.421,2.611,5.191,19.068,-0.947,60.528,0.546,3.111,8.389,11.5,27.053,3.444,2.444,0.056,0.722,1.722,2.611,2.167,0.111,0.778,4.944,0.056,0.207,0.0,0.0,0.333,0.333,0.333,83.333,3.0,0.222,0.0,0.722,0.0,0.444,0.389,0.056,0.0,0.0,0.0,,0.0,,0.0,1.611,0.0,1.111,45.0,0.0,,0,0.0,0.0,0.056,0.278,0.0,2.167,9.949,0.778,1,2.867,-2.867,0,,,1,2.867,-2.867,2.111,19.289,84.211,0.056,1.556,8.611,6.111,1.333
James Rowe,Adelaide,22,22.28,Gen. Forward,19,7.037,54.526,50.526,0,0.0,0,0,75.526,6.474,6.211,12.684,71.369,60.976,82.203,51.037,1.789,0.211,163.706,12.708,1.737,7.303,2.368,5.356,30.119,-2.532,53.923,3.549,4.789,8.158,12.947,36.992,0.947,3.842,1.526,1.368,2.474,4.053,3.316,0.211,2.0,4.474,0.0,0.0,0.0,,0.474,0.474,0.526,60.0,2.158,0.105,0.421,0.053,0.316,0.947,0.474,0.474,0.0,0.0,0.0,,0.0,,0.0,1.842,1.105,0.0,,1.421,14.815,15,0.789,0.579,1.895,0.368,41.667,3.947,18.293,0.579,36,3.163,-0.357,11,3.121,0.879,25,3.181,-0.901,0.0,0.0,,0.053,0.368,12.053,2.842,0.105
Charlie Constable,Geelong,22,22.62,Midfielder,3,4.3,49.0,50.0,0,0.0,0,0,36.667,7.0,5.333,12.333,81.081,76.19,87.5,56.757,2.0,0.333,125.667,10.189,1.0,12.333,2.0,6.167,23.87,6.13,64.138,5.862,3.0,9.333,12.333,24.324,1.0,2.333,0.333,0.333,2.0,1.0,1.0,0.333,1.0,4.667,6.333,23.75,1.333,21.053,0.667,2.0,1.667,100.0,4.333,0.0,0.0,0.333,0.0,0.333,0.333,0.0,0.0,0.0,0.0,,0.0,,0.0,1.0,0.0,0.0,,0.333,0.0,1,0.333,0.0,0.333,0.333,100.0,2.667,12.121,0.667,1,1.691,4.309,0,,,1,1.691,4.309,0.0,0.0,,0.0,0.0,4.667,3.0,0.0
Zach Guthrie,Geelong,23,23.5,Gen. Defender,13,4.723,53.385,55.154,8,0.615,1,0,64.846,9.231,3.077,12.308,70.625,65.833,85.0,75.0,1.615,1.231,192.923,15.675,1.923,6.4,3.077,4.0,21.681,-4.587,61.805,-6.249,3.692,8.615,12.308,30.0,3.923,2.923,0.077,0.692,2.231,3.385,2.692,0.0,0.769,4.231,0.0,0.0,0.0,,0.154,0.154,0.231,66.667,3.923,0.308,0.0,0.923,0.077,0.538,0.308,0.231,0.0,0.0,0.0,,0.0,,0.0,2.462,0.231,0.615,12.5,0.0,,0,0.0,0.077,0.077,0.0,0.0,2.0,9.028,0.462,1,3.504,-2.504,0,,,1,3.504,-2.504,0.0,0.0,,0.154,2.154,8.923,5.538,1.538
Gryan Miers,Geelong,22,22.75,Gen. Forward,15,6.44,62.6,62.6,0,0.0,0,0,82.733,8.667,6.8,15.467,65.086,53.077,80.392,56.034,2.4,0.333,215.143,14.343,2.0,7.733,3.533,4.377,30.267,-2.648,56.698,-5.269,4.6,11.333,15.933,28.87,1.6,3.6,1.333,1.0,2.6,3.733,3.0,0.2,1.0,6.2,0.0,0.0,0.067,,0.6,0.667,0.333,80.0,3.867,0.067,0.533,0.0,0.533,0.8,0.267,0.533,0.0,0.0,0.0,,0.0,,0.0,1.533,0.533,0.0,,0.733,9.091,12,0.8,0.467,1.467,0.467,54.545,4.667,20.896,0.6,22,3.231,0.36,9,3.63,1.148,13,2.956,-0.186,0.0,0.0,,0.067,0.733,15.733,3.733,0.267
Jordan Clark,Geelong,21,21.2,Midfielder,11,4.445,45.182,41.273,0,0.0,0,0,50.636,5.545,4.727,10.273,80.531,78.689,82.692,53.982,1.364,0.909,148.4,13.133,1.727,5.947,1.364,7.533,24.003,5.408,63.449,9.1,2.727,7.091,9.818,27.778,1.091,2.273,0.455,1.182,1.091,1.909,1.636,0.182,0.818,4.455,0.182,0.76,0.182,100.0,0.364,0.545,0.455,60.0,2.364,0.0,0.273,0.273,0.545,0.182,0.636,-0.455,0.0,0.0,0.0,,0.0,,0.0,2.0,0.636,0.182,100.0,0.455,20.0,3,0.273,0.182,0.636,0.182,42.857,2.455,10.672,0.273,7,3.211,-0.354,3,3.525,-1.525,4,2.976,0.524,0.545,5.31,83.333,0.545,1.091,8.727,2.909,0.636
Mark O'Connor,Geelong,24,24.95,Midfielder,14,8.879,68.857,57.5,9,0.643,3,1,76.143,7.929,6.786,14.714,82.524,73.874,92.632,53.883,1.5,1.214,181.357,12.325,2.143,6.867,1.857,7.923,22.431,7.961,60.491,9.117,5.786,9.286,15.071,38.389,3.5,4.286,0.357,1.429,2.857,3.071,2.429,0.286,0.786,4.857,11.143,43.944,0.714,6.41,1.643,2.357,1.714,95.833,3.429,0.143,0.214,0.429,0.071,0.786,0.929,-0.143,0.0,0.0,0.0,,0.0,,0.0,2.857,0.286,0.5,42.857,0.0,,1,0.071,0.0,0.286,0.214,25.0,2.857,13.245,1.286,4,2.47,-0.97,2,3.07,-0.07,2,1.869,-1.869,0.143,1.282,0.0,0.143,2.071,12.357,6.643,1.071
Patrick Dangerfield,Geelong,31,31.73,Midfielder,16,14.375,102.5,87.25,36,2.25,5,6,72.75,13.25,9.938,23.188,67.116,59.906,76.73,57.143,5.312,1.25,433.333,18.625,4.875,4.756,5.375,4.314,26.426,-5.115,50.328,-3.88,13.0,10.562,23.562,55.172,2.062,8.438,1.25,4.688,3.75,5.125,3.312,1.875,1.188,6.5,15.0,60.0,2.875,19.167,3.188,6.062,6.25,80.0,4.438,1.125,0.75,0.812,0.562,1.75,1.375,0.375,0.0,0.0,0.0,,0.0,,0.0,3.312,0.312,0.25,75.0,1.875,53.333,8,0.5,0.438,1.25,0.938,40.0,5.125,23.229,1.375,20,3.037,-0.287,15,3.398,0.069,5,1.953,-1.353,0.0,0.0,,0.375,2.0,13.125,5.0,1.0
Rhys Stanley,Geelong,31,31.08,Ruck,19,10.005,86.263,77.632,11,0.579,4,0,74.053,8.0,6.789,14.789,72.598,68.421,77.519,54.093,2.632,0.632,178.444,12.498,2.632,5.62,2.053,7.205,27.333,2.176,64.602,-3.127,6.842,7.737,14.579,46.931,1.684,3.158,0.158,1.105,2.053,2.737,1.158,0.0,0.579,4.0,19.737,80.128,1.316,6.667,1.895,3.211,4.053,84.416,3.895,0.895,0.737,0.526,0.105,1.368,1.105,0.263,53.211,59.681,20.579,38.675,5.842,28.389,1.263,1.737,0.053,0.842,31.25,1.0,36.842,8,0.421,0.263,0.789,0.158,53.333,4.263,19.149,2.211,15,3.398,0.135,12,3.709,0.541,3,2.154,-1.487,0.0,0.0,,0.0,4.211,11.105,5.684,3.263
Cameron Guthrie,Geelong,29,29.36,Midfielder,23,10.739,109.783,105.826,56,2.435,10,18,73.522,14.87,14.13,29.0,73.313,63.45,83.692,51.274,3.652,1.522,268.545,9.188,2.391,12.127,2.696,10.758,24.937,1.237,62.895,3.548,9.739,18.826,28.565,34.094,2.13,7.174,0.87,3.043,4.13,3.043,2.652,1.478,0.87,11.957,17.087,68.467,1.435,8.397,3.565,5.0,5.652,76.154,5.609,0.13,0.174,0.087,0.13,0.826,0.696,0.13,0.0,0.0,0.0,,0.0,,0.0,4.0,0.783,0.087,50.0,0.348,0.0,4,0.174,0.348,0.783,0.522,22.222,5.652,25.49,1.174,18,2.82,-1.042,6,3.109,0.058,12,2.675,-1.592,0.478,4.681,36.364,0.261,1.087,18.783,7.522,0.217
Tom Stewart,Geelong,28,28.79,Gen. Defender,20,11.175,107.6,96.8,54,2.7,11,8,85.3,18.9,5.1,24.0,84.792,84.392,86.275,78.75,1.75,6.1,485.684,20.507,2.25,10.667,3.1,7.742,17.84,2.7,65.519,3.94,5.75,14.9,20.65,27.845,7.75,3.6,0.0,1.25,2.35,5.3,3.35,0.15,1.1,6.15,0.0,0.0,0.0,,0.3,0.3,0.3,100.0,8.9,1.2,0.0,3.1,0.05,0.8,0.65,0.15,0.0,0.0,0.0,,0.0,,0.0,1.05,0.0,1.8,19.444,0.0,,0,0.0,0.15,0.15,0.2,0.0,3.8,16.415,1.9,3,2.657,-1.657,1,3.435,-2.435,2,2.268,-1.268,3.45,32.857,91.304,0.4,3.65,7.3,5.9,3.05
Jed Bews,Geelong,28,28.04,Gen. Defender,25,6.24,55.6,57.88,2,0.08,1,0,81.0,8.76,5.0,13.76,72.674,68.037,80.8,63.663,1.48,1.6,244.792,17.803,2.32,5.931,2.24,6.143,22.425,4.628,58.833,0.104,4.04,9.96,14.0,28.857,3.48,2.92,0.2,0.96,1.96,3.2,2.48,0.12,0.92,4.52,0.0,0.0,0.16,,0.52,0.68,0.56,92.857,4.64,0.16,0.08,0.64,0.04,0.68,0.6,0.08,0.0,0.0,0.0,,0.0,,0.0,2.0,0.04,0.52,46.154,0.16,0.0,3,0.12,0.08,0.32,0.16,37.5,3.04,13.62,1.16,8,2.956,-0.456,3,3.322,0.678,5,2.736,-1.136,0.0,0.0,,0.08,1.28,10.92,8.04,0.72
Jake Kolodjashnij,Geelong,26,26.39,Key Defender,22,5.355,59.136,51.773,0,0.0,0,0,84.182,7.5,4.727,12.227,80.669,79.394,82.692,61.338,1.182,1.682,138.095,11.417,1.682,7.27,1.636,7.472,20.846,0.272,67.923,1.021,3.455,9.227,12.682,27.24,3.5,2.136,0.0,0.818,1.318,3.364,2.045,0.0,0.5,3.909,0.0,0.0,0.0,,0.045,0.045,0.091,50.0,5.455,0.773,0.045,1.045,0.136,0.318,0.682,-0.364,0.0,0.0,0.0,,0.0,,0.0,1.227,0.0,2.455,22.222,0.136,33.333,1,0.045,0.0,0.045,0.045,100.0,1.773,8.108,0.318,1,2.81,3.189,1,2.81,3.189,0,,,0.0,0.0,,0.136,4.545,5.864,4.227,4.091
Mark Blicavs,Geelong,30,30.76,Key Defender,24,10.625,82.417,68.75,4,0.167,2,0,88.5,6.833,6.917,13.75,78.788,71.341,86.145,49.697,1.583,1.542,136.957,10.161,2.208,6.226,1.833,7.5,20.904,-4.797,67.129,-5.384,6.875,7.375,14.25,48.246,3.958,3.5,0.125,1.083,2.417,3.792,2.083,0.0,0.458,3.292,4.917,19.408,0.542,11.017,1.875,2.417,2.917,82.857,3.917,0.625,0.208,0.917,0.042,1.333,0.958,0.375,25.958,28.409,11.792,45.425,2.958,25.088,1.042,2.792,0.042,1.917,17.391,0.667,31.25,5,0.208,0.0,0.25,0.083,83.333,2.375,10.615,1.208,6,3.407,1.593,4,3.415,2.585,2,3.39,-0.39,0.0,0.0,,0.0,5.625,13.25,8.75,4.292
Brandan Parfitt,Geelong,23,23.67,Midfielder,23,9.157,78.478,73.913,23,1.0,4,6,69.913,9.783,9.0,18.783,65.278,49.778,82.126,52.083,3.13,0.696,255.727,14.136,3.217,5.838,4.043,4.645,28.811,-8.811,48.86,-9.4,7.826,11.043,18.87,41.475,1.87,5.13,0.87,1.522,3.609,3.13,2.217,1.174,1.087,8.957,12.13,48.691,1.0,8.244,2.217,3.217,4.043,67.742,1.391,0.0,0.304,0.043,0.13,1.522,1.261,0.261,0.0,0.0,0.0,,0.0,,0.0,5.565,0.522,0.0,,0.565,7.692,8,0.348,0.304,0.913,0.478,38.095,3.783,16.384,0.652,21,3.498,-0.879,8,3.919,-1.169,13,3.239,-0.7,0.0,0.0,,0.13,1.0,20.261,7.739,0.13
Tom Atkins,Geelong,26,26.28,Gen. Defender,22,7.277,72.955,65.455,3,0.136,1,0,82.864,9.409,7.682,17.091,75.0,70.531,80.473,55.053,1.5,1.909,181.381,10.551,2.864,5.968,3.182,5.371,22.331,-3.738,64.256,-0.939,6.682,11.227,17.909,37.31,4.5,5.364,0.182,2.045,3.318,4.591,3.727,0.318,1.5,6.818,0.273,1.081,0.273,100.0,0.955,1.227,1.318,62.069,3.818,0.227,0.0,0.773,0.227,0.409,1.227,-0.818,0.0,0.0,0.0,,0.0,,0.0,3.409,0.0,1.0,36.364,0.091,0.0,0,0.0,0.045,0.091,0.182,0.0,2.5,11.202,0.682,2,2.64,-2.14,0,,,2,2.64,-2.14,0.045,0.418,0.0,0.045,1.545,14.909,10.364,0.727
Jordan Ridley,Essendon,23,23.19,Gen. Defender,22,11.041,100.273,79.727,22,1.0,8,3,91.273,15.455,5.636,21.091,88.147,87.059,91.129,73.276,0.909,6.273,409.476,20.044,1.773,11.897,3.318,6.356,14.669,0.346,64.856,0.61,5.0,11.318,16.318,30.641,6.455,2.909,0.0,0.682,2.227,4.955,2.864,0.0,1.227,5.773,0.0,0.0,0.0,,0.045,0.045,0.0,,5.955,1.182,0.0,2.273,0.045,0.727,0.591,0.136,0.0,0.0,0.0,,0.0,,0.0,1.318,0.045,2.818,14.516,0.0,,0,0.0,0.0,0.0,0.0,,2.273,9.901,0.818,0,,,0,,,0,,,5.091,51.376,94.643,0.318,5.955,4.818,4.0,5.318
Sam Draper,Essendon,23,23.25,Ruck,13,11.462,76.385,62.231,9,0.692,2,4,78.923,6.538,3.538,10.077,65.649,57.647,80.435,64.885,2.462,1.615,189.154,18.771,3.462,2.911,2.231,4.517,25.697,-3.056,43.711,-5.975,6.846,3.077,9.923,68.992,2.0,2.154,0.154,1.077,1.077,2.385,0.615,0.0,0.231,1.692,22.538,87.202,2.0,8.874,2.385,4.385,4.692,85.246,2.385,1.154,0.538,0.923,0.0,1.231,1.846,-0.615,57.077,71.073,24.308,42.588,7.769,31.962,1.154,1.769,0.154,0.538,42.857,1.077,50.0,2,0.154,0.385,0.846,0.231,18.182,4.308,19.649,3.462,11,3.341,-1.796,7,3.697,-1.554,4,2.718,-2.218,0.0,0.0,,0.077,4.154,7.308,3.308,2.154
Jye Caldwell,Essendon,21,21.25,Midfielder,3,7.733,67.667,71.333,0,0.0,0,0,62.0,9.0,6.333,15.333,67.391,66.667,68.421,58.696,3.667,0.333,241.0,15.717,2.667,5.75,3.667,4.182,27.799,-3.799,56.035,-8.035,7.333,8.333,15.667,46.809,3.0,4.333,0.667,1.667,2.667,4.333,3.0,1.0,0.667,6.0,9.0,32.927,0.667,7.407,1.667,2.333,2.333,71.429,2.667,0.333,0.333,0.333,0.333,2.0,0.0,2.0,0.0,0.0,0.0,,0.0,,0.0,5.333,0.333,0.0,,0.0,,0,0.0,0.333,0.667,0.333,0.0,4.0,19.355,1.0,2,3.324,-2.824,1,4.604,-3.604,1,2.045,-2.045,0.0,0.0,,0.0,1.0,17.667,8.667,1.0
Ned Cahill,Essendon,20,20.96,Gen. Defender,3,4.467,32.667,24.667,0,0.0,0,0,70.333,3.0,4.333,7.333,68.182,66.667,69.231,40.909,0.667,1.333,88.0,12.0,2.333,3.143,2.333,3.143,25.691,2.88,52.97,-10.113,3.667,4.667,8.333,44.0,2.333,3.0,0.667,0.333,2.667,3.667,3.0,0.0,1.0,2.0,0.0,0.0,0.333,,0.0,0.333,0.0,,1.0,0.0,0.0,0.0,0.0,0.0,0.667,-0.667,0.0,0.0,0.0,,0.0,,0.0,1.0,0.333,0.0,,0.667,0.0,1,0.333,0.0,0.333,0.333,100.0,2.667,11.94,1.0,1,3.519,2.481,0,,,1,3.519,2.481,0.0,0.0,,0.0,2.0,12.0,5.667,0.667
Harrison Jones,Essendon,20,20.84,Key Forward,16,6.594,48.5,42.812,0,0.0,0,0,77.75,4.812,2.5,7.312,78.632,77.922,80.0,65.812,1.312,0.0,131.6,18.278,0.938,7.8,1.375,5.318,30.805,2.528,56.508,1.27,3.438,4.062,7.5,45.833,0.438,1.75,0.812,0.938,0.812,3.312,1.688,0.0,0.375,0.625,0.0,0.0,0.0,,0.062,0.062,0.062,0.0,3.562,1.062,1.5,0.062,0.688,0.438,0.375,0.062,0.812,1.002,0.25,30.769,0.0,0.0,0.0,1.312,0.562,0.0,,2.438,17.949,20,1.25,0.375,1.938,0.438,64.516,3.75,15.831,0.125,31,3.705,0.359,26,3.601,0.322,5,4.248,0.552,0.0,0.0,,0.0,1.312,8.562,1.375,0.812
Nik Cox,Essendon,19,19.95,Midfielder,22,5.232,51.591,51.045,0,0.0,0,0,72.591,6.909,4.864,11.773,76.062,70.395,84.112,58.687,1.682,0.864,193.429,16.785,2.409,4.887,2.273,5.18,24.11,0.493,58.495,1.029,4.182,7.909,12.091,34.586,2.182,3.0,0.227,1.091,1.909,2.773,1.909,0.136,0.591,3.5,1.0,3.509,0.045,4.545,0.864,0.909,0.909,70.0,3.682,0.364,0.364,0.682,0.227,0.727,1.045,-0.318,3.455,4.272,0.545,15.789,0.045,8.333,0.0,2.136,0.273,0.318,42.857,0.545,50.0,9,0.409,0.409,0.864,0.045,47.368,3.364,14.625,0.955,19,3.331,-0.016,13,3.653,0.039,6,2.634,-0.134,0.0,0.0,,0.409,1.227,10.818,5.091,0.545
Dyson Heppell,Essendon,29,29.63,Gen. Defender,19,10.111,98.842,94.316,8,0.421,4,0,86.0,14.526,10.211,24.737,80.851,77.174,86.082,58.723,2.316,3.842,375.105,15.164,2.263,10.93,3.526,7.015,19.549,-1.504,59.254,2.024,6.263,17.421,23.684,26.444,6.421,4.895,0.158,1.684,3.211,5.421,4.105,0.0,1.684,9.263,0.0,0.0,0.0,,0.684,0.684,0.421,87.5,6.947,0.368,0.105,1.632,0.105,0.789,0.632,0.158,0.0,0.0,0.0,,0.0,,0.0,2.474,0.053,1.474,17.857,0.105,100.0,2,0.105,0.053,0.211,0.316,50.0,3.737,16.512,1.526,4,3.57,-0.32,4,3.57,-0.32,0,,,1.737,18.436,81.818,0.105,2.579,10.632,7.368,1.632
Dylan Shiel,Essendon,28,28.81,Midfielder,8,9.95,72.25,66.125,0,0.0,0,0,73.125,9.25,10.125,19.375,73.548,56.757,88.889,47.742,2.375,0.5,250.875,12.948,2.375,8.158,3.125,6.2,26.772,-6.082,51.758,-6.93,6.5,11.625,18.125,35.862,1.125,4.125,0.625,1.25,2.875,1.375,1.0,1.875,0.5,8.5,14.75,54.128,2.125,14.407,2.375,4.5,5.0,80.0,2.0,0.125,0.125,0.125,0.125,0.375,1.0,-0.625,0.0,0.0,0.0,,0.0,,0.0,3.0,0.25,0.0,,0.0,,3,0.375,0.5,0.875,0.125,42.857,4.75,21.839,1.0,7,3.07,0.073,1,3.72,2.28,6,2.962,-0.295,0.0,0.0,,0.375,1.375,18.125,7.125,0.125
Jayden Laverde,Essendon,25,25.72,Key Defender,23,6.826,65.87,57.739,6,0.261,2,0,85.913,8.783,5.043,13.826,82.39,81.188,84.483,63.522,0.609,3.261,227.591,16.579,2.217,6.235,2.478,5.579,16.509,-2.519,63.687,-4.619,4.391,9.391,13.783,31.861,5.913,2.522,0.0,1.304,1.217,3.957,2.174,0.043,0.87,3.217,0.0,0.0,0.0,,0.174,0.174,0.261,50.0,5.826,1.0,0.0,2.217,0.0,0.739,1.087,-0.348,0.0,0.0,0.0,,0.0,,0.0,1.522,0.0,3.391,23.077,0.0,,1,0.043,0.0,0.087,0.0,50.0,1.478,6.367,0.783,2,3.104,-0.104,1,4.111,1.889,1,2.098,-2.098,0.261,2.679,83.333,0.043,3.739,6.87,5.696,3.043
Peter Wright,Essendon,25,25.31,Ruck,21,9.229,80.524,67.333,27,1.286,5,5,80.905,6.952,4.762,11.714,73.577,66.438,84.0,59.35,1.286,0.857,172.7,14.888,2.429,4.824,2.762,4.241,23.929,0.247,56.906,-4.159,6.19,6.0,12.19,50.781,1.667,2.381,0.667,0.762,1.619,4.81,2.0,0.0,0.762,2.524,7.19,25.768,0.524,7.285,0.524,1.048,1.381,86.207,4.286,1.571,1.619,0.524,0.381,1.476,1.095,0.381,23.905,29.617,9.905,41.434,3.0,30.288,0.19,1.762,0.476,0.524,27.273,3.524,31.081,29,1.381,0.667,2.19,0.333,63.043,4.714,20.497,1.143,46,3.343,0.744,42,3.31,0.713,4,3.685,1.065,0.0,0.0,,0.095,3.905,7.476,2.81,2.571
Kyle Langford,Essendon,25,25.08,Midfielder,17,10.212,86.765,86.588,0,0.0,0,0,83.235,11.882,8.941,20.824,71.751,66.337,78.947,57.062,3.176,1.059,323.0,15.566,3.235,6.436,4.824,4.317,26.572,-1.853,55.096,-1.163,6.588,14.353,20.941,31.461,2.941,4.941,0.706,1.412,3.529,3.941,2.941,0.529,0.941,7.765,7.294,24.8,0.471,6.452,1.529,2.0,2.176,78.378,5.765,0.529,0.765,0.706,0.294,0.647,1.059,-0.412,1.235,1.536,0.118,9.524,0.059,50.0,0.0,3.353,0.353,0.235,0.0,0.882,26.667,13,0.765,0.176,1.294,0.412,59.091,5.471,23.192,1.235,22,3.246,0.436,12,3.735,1.265,10,2.659,-0.559,0.0,0.0,,0.235,1.294,14.941,6.941,0.824
Will Snelling,Essendon,24,24.4,Gen. Forward,20,8.9,80.2,77.7,3,0.15,3,0,83.85,7.75,9.95,17.7,76.554,67.097,83.92,43.785,2.35,1.2,178.579,10.251,2.35,7.532,2.55,6.941,29.242,-0.908,59.639,-4.639,5.5,12.25,17.75,30.986,1.15,4.25,1.45,1.6,2.65,3.45,2.75,0.35,1.65,7.15,0.15,0.529,0.1,66.667,1.45,1.55,1.5,80.0,3.7,0.05,0.8,0.05,0.4,1.05,0.45,0.6,0.0,0.0,0.0,,0.0,,0.0,4.95,1.5,0.15,66.667,0.4,12.5,12,0.6,0.35,1.05,0.45,57.143,4.95,20.975,0.75,21,3.22,0.542,9,3.674,0.104,12,2.879,0.871,0.0,0.0,,0.05,1.25,20.2,6.85,0.3
Aaron Francis,Essendon,24,24.39,Key Defender,15,5.273,55.733,47.533,0,0.0,0,0,82.8,6.6,4.667,11.267,79.882,76.768,84.286,58.58,1.0,2.333,160.714,15.101,2.467,4.568,2.667,4.225,19.803,5.484,60.969,-0.049,3.933,7.467,11.4,34.503,4.0,2.133,0.4,0.4,1.733,3.8,2.0,0.0,0.933,2.6,0.0,0.0,0.0,,0.133,0.133,0.133,100.0,4.667,0.6,0.2,1.333,0.2,1.0,0.8,0.2,0.067,0.085,0.067,100.0,0.0,0.0,0.0,1.133,0.0,1.4,38.095,1.0,13.333,2,0.133,0.4,0.667,0.333,20.0,2.533,10.826,0.467,10,3.82,-2.02,6,3.963,-1.463,4,3.607,-2.857,0.067,0.671,100.0,0.0,4.2,6.333,4.267,3.333
Zach Merrett,Essendon,26,26.24,Midfielder,23,14.704,114.565,110.609,91,3.957,16,20,82.478,15.696,15.826,31.522,74.345,62.604,85.989,49.793,5.522,2.348,446.636,14.22,4.217,7.474,4.826,6.532,27.241,3.1,56.816,2.317,9.0,22.435,31.435,28.631,4.261,6.522,0.087,2.435,4.087,4.348,3.13,0.609,0.913,16.652,22.478,79.784,1.348,5.996,2.391,3.739,3.783,75.862,4.217,0.043,0.174,0.304,0.0,1.783,1.13,0.652,0.0,0.0,0.0,,0.0,,0.0,4.87,0.304,0.087,50.0,0.0,,4,0.174,0.304,0.565,0.87,30.769,6.652,28.652,1.522,13,2.693,-0.309,5,2.773,1.027,8,2.644,-1.144,0.043,0.446,0.0,0.522,1.826,23.217,12.783,0.435
Darcy Parish,Essendon,24,24.43,Midfielder,23,16.33,116.522,106.174,85,3.696,12,26,82.174,14.826,15.652,30.478,72.325,62.17,81.944,48.645,5.957,1.304,461.818,15.232,3.522,8.654,5.261,5.793,28.04,-2.481,50.354,-2.431,13.435,17.609,31.043,43.277,3.043,9.0,1.217,2.609,6.391,3.826,3.391,3.348,1.261,11.522,21.957,77.932,3.783,17.228,3.826,7.609,8.043,81.622,4.174,0.043,0.304,0.348,0.087,0.565,0.435,0.13,0.0,0.0,0.0,,0.0,,0.0,3.913,0.696,0.043,100.0,0.0,,10,0.435,0.348,0.826,0.913,52.632,7.609,32.772,2.043,19,2.921,0.658,7,3.417,-0.417,12,2.632,1.285,0.043,0.446,0.0,0.087,1.13,22.348,11.261,0.087
Mason Redman,Essendon,24,24.34,Gen. Defender,22,8.864,76.0,68.0,12,0.545,3,1,79.409,11.136,6.455,17.591,82.429,80.0,86.62,63.307,1.636,3.955,341.381,19.016,2.091,8.413,2.455,7.167,17.777,1.537,62.695,3.829,4.364,11.045,15.409,28.319,4.636,3.227,0.0,0.818,2.409,3.864,2.864,0.091,1.136,6.091,0.0,0.0,0.0,,0.318,0.318,0.318,57.143,4.591,0.455,0.0,1.273,0.136,0.5,0.773,-0.273,0.0,0.0,0.0,,0.0,,0.0,2.0,0.0,0.955,33.333,0.0,,6,0.273,0.091,0.364,0.136,75.0,3.045,13.035,1.318,8,2.985,1.765,3,2.474,1.86,5,3.293,1.707,2.636,27.885,87.931,0.955,1.909,10.273,7.364,1.136
Andrew McGrath,Essendon,23,23.58,Midfielder,15,10.28,84.733,82.667,15,1.0,3,2,75.0,11.4,11.133,22.533,71.302,56.725,86.228,50.592,2.6,1.6,271.0,12.044,2.733,8.244,4.2,5.365,23.611,-3.082,53.945,-4.938,9.133,13.6,22.733,40.176,3.067,7.0,0.8,2.0,5.0,4.2,3.733,0.867,1.533,9.867,13.6,46.05,1.867,13.725,2.0,3.867,3.6,79.63,2.867,0.0,0.0,0.267,0.133,1.133,0.733,0.4,0.0,0.0,0.0,,0.0,,0.0,4.4,0.4,0.133,0.0,0.0,,2,0.133,0.267,0.533,0.4,25.0,4.8,19.945,1.4,8,2.495,-0.495,0,,,8,2.495,-0.495,0.0,0.0,,0.133,1.8,18.467,11.133,1.0
Harry Morrison,Hawthorn,23,23.13,Midfielder,15,7.633,59.933,62.133,0,0.0,0,0,72.4,8.267,7.133,15.4,79.654,66.935,94.393,53.68,1.667,1.467,217.733,14.139,2.333,6.6,2.733,5.634,22.722,1.131,55.749,-0.703,4.267,11.067,15.333,27.826,1.867,3.267,0.533,1.0,2.267,2.867,2.267,0.267,0.867,5.8,0.067,0.245,0.4,100.0,0.933,1.333,0.8,91.667,4.467,0.2,0.2,0.4,0.533,0.467,0.933,-0.467,0.0,0.0,0.0,,0.0,,0.0,2.267,0.6,0.2,100.0,0.333,20.0,7,0.467,0.133,0.867,0.333,53.846,3.667,18.771,0.933,13,3.221,0.164,5,3.929,-1.329,8,2.778,1.097,0.067,0.645,0.0,0.0,0.733,12.467,6.0,0.4
James Worpel,Hawthorn,22,22.93,Midfielder,20,9.695,73.45,78.5,1,0.05,1,0,78.2,11.6,9.65,21.25,66.588,52.586,83.42,54.588,3.8,1.05,323.6,15.228,4.05,5.247,4.95,4.293,25.374,-2.502,51.736,-4.927,8.4,12.45,20.85,40.288,2.0,6.35,1.0,2.75,3.6,3.4,2.85,1.25,1.15,8.75,16.15,57.989,1.65,10.217,2.45,4.1,4.75,76.842,2.7,0.05,0.05,0.05,0.15,0.75,1.35,-0.6,0.0,0.0,0.0,,0.0,,0.0,4.05,0.4,0.0,,0.15,0.0,10,0.5,0.4,1.05,0.4,47.619,4.15,21.173,0.9,21,2.956,0.282,3,4.133,0.201,18,2.76,0.296,0.0,0.0,,0.2,1.4,18.5,8.6,0.45
Jacob Koschitzke,Hawthorn,21,21.47,Key Forward,20,5.275,52.6,48.85,6,0.3,1,3,85.5,4.9,3.25,8.15,68.098,58.163,83.077,60.123,0.95,0.05,121.75,14.939,1.45,5.621,1.7,4.794,26.365,-1.974,55.418,-13.955,3.9,4.3,8.2,47.561,0.4,1.95,1.05,0.95,1.0,3.9,1.95,0.0,0.7,1.15,0.1,0.368,0.0,0.0,0.0,0.0,0.0,,3.85,1.15,2.1,0.1,0.95,0.65,0.35,0.3,0.45,0.538,0.05,11.111,0.0,0.0,0.0,1.85,1.2,0.0,,3.65,24.658,27,1.35,0.95,2.75,0.3,49.091,4.0,20.46,0.2,55,3.682,-0.392,43,3.635,-0.356,12,3.854,-0.52,0.0,0.0,,0.1,2.55,7.75,1.6,2.15
Dylan Moore,Hawthorn,22,22.4,Gen. Forward,20,10.83,76.55,70.35,7,0.35,3,0,79.7,8.0,7.35,15.35,76.221,70.625,82.313,52.117,2.2,0.35,218.05,14.205,1.65,9.303,3.0,5.117,29.997,3.948,53.269,5.447,5.55,9.85,15.4,36.039,1.6,4.0,1.65,1.6,2.4,4.75,3.45,0.1,1.25,5.0,0.15,0.54,0.05,33.333,0.45,0.5,0.25,80.0,3.8,0.25,0.9,0.1,0.7,1.35,0.45,0.9,0.0,0.0,0.0,,0.0,,0.0,2.9,1.55,0.05,0.0,0.75,20.0,27,1.35,0.55,2.2,0.65,61.364,5.4,27.551,0.8,44,3.413,0.519,18,3.558,0.942,26,3.312,0.226,0.0,0.0,,0.1,0.9,16.25,3.9,0.5
Will Day,Hawthorn,20,20.57,Gen. Defender,5,10.62,79.4,68.8,11,2.2,2,1,79.4,11.0,8.8,19.8,78.788,70.909,88.636,55.556,2.0,3.6,378.0,19.091,3.4,5.824,4.8,4.125,20.179,6.236,55.507,1.097,5.6,13.0,18.6,30.108,7.0,4.4,0.0,2.0,2.4,4.6,3.4,0.0,1.0,7.4,0.0,0.0,0.2,,0.6,0.8,0.4,100.0,5.0,0.4,0.0,1.6,0.0,1.0,1.4,-0.4,0.0,0.0,0.0,,0.0,,0.0,1.6,0.2,0.6,33.333,0.0,,0,0.0,0.0,0.0,0.0,,3.8,18.447,1.6,0,,,0,,,0,,,1.6,16.667,62.5,0.6,2.4,9.4,5.2,1.6
Connor Downie,Hawthorn,19,19.58,Midfielder,2,2.4,22.0,18.0,0,0.0,0,0,38.5,3.0,3.0,6.0,100.0,100.0,100.0,50.0,0.5,1.0,109.0,18.167,0.0,,0.5,12.0,24.355,-7.688,49.123,0.877,0.5,5.5,6.0,8.333,1.0,0.5,0.0,0.5,0.0,0.5,0.5,0.0,0.5,4.0,0.0,0.0,0.0,,0.0,0.0,0.0,,1.0,0.0,0.0,0.0,0.0,0.0,0.0,0.0,0.0,0.0,0.0,,0.0,,0.0,0.0,0.0,1.0,0.0,0.0,,0,0.0,0.0,0.0,0.0,,1.0,4.878,0.0,0,,,0,,,0,,,0.0,0.0,,0.5,0.0,4.0,1.5,0.0
Tyler Brockman,Hawthorn,19,19.1,Gen. Forward,11,6.336,41.727,42.636,0,0.0,0,0,68.0,4.727,4.182,8.909,65.306,51.923,80.435,53.061,1.182,0.091,117.727,13.214,2.364,3.769,2.273,3.92,32.676,-3.046,50.013,-5.569,3.364,5.364,8.727,38.542,1.0,2.364,1.182,1.0,1.364,3.0,2.182,0.0,1.0,2.636,0.0,0.0,0.091,,0.455,0.545,0.273,100.0,2.455,0.273,1.091,0.182,0.545,0.182,0.545,-0.364,0.0,0.0,0.0,,0.0,,0.0,2.091,1.0,0.0,,0.636,28.571,10,0.909,0.364,1.727,0.545,52.632,3.636,18.605,0.636,20,3.22,-0.02,11,3.658,0.433,9,2.686,-0.575,0.0,0.0,,0.273,1.091,11.909,2.909,0.273
Luke Breust,Hawthorn,31,31.13,Gen. Forward,19,12.611,71.211,61.632,8,0.421,2,0,79.368,6.421,6.158,12.579,69.038,60.656,77.778,51.046,2.579,0.105,200.947,15.975,1.895,6.639,2.211,5.69,33.324,-2.176,47.277,3.543,6.368,6.895,13.263,48.016,1.105,4.737,1.474,1.842,2.895,5.0,3.947,0.474,1.579,3.316,2.105,7.619,0.211,10.0,0.579,0.789,1.158,77.273,2.474,0.211,1.263,0.053,0.895,0.632,0.684,-0.053,0.0,0.0,0.0,,0.0,,0.0,3.263,1.474,0.0,,1.842,20.0,33,1.737,0.579,2.737,0.526,63.462,5.263,27.027,0.632,52,3.29,0.729,27,2.965,0.591,25,3.641,0.879,0.0,0.0,,0.105,0.842,15.895,4.526,0.368
Tom Mitchell,Hawthorn,28,28.58,Midfielder,22,13.109,117.227,115.136,61,2.773,10,25,83.864,14.591,19.682,34.273,74.536,64.486,81.986,42.573,4.136,2.227,380.136,11.092,3.682,9.309,5.909,5.8,24.103,-4.912,50.773,-6.328,11.545,22.909,34.455,33.509,3.0,7.864,0.818,3.545,4.318,3.909,3.455,2.636,1.5,15.727,19.227,70.266,1.864,9.693,2.864,4.727,6.591,71.034,4.455,0.045,0.227,0.545,0.136,1.091,1.318,-0.227,0.0,0.0,0.0,,0.0,,0.0,4.773,0.364,0.091,50.0,0.045,0.0,8,0.364,0.227,0.636,0.455,57.143,5.364,27.189,1.409,14,3.253,0.533,5,3.522,0.478,9,3.104,0.563,0.0,0.0,,0.318,0.636,22.5,12.091,0.045
Sam Frost,Hawthorn,28,28.34,Key Defender,22,9.632,67.409,58.591,6,0.273,3,0,92.955,8.818,6.318,15.136,71.471,63.918,82.014,58.258,0.591,3.636,246.136,16.261,3.545,4.269,2.818,5.371,16.987,-4.697,59.506,2.505,6.227,8.364,14.591,42.679,7.864,4.409,0.0,1.545,2.864,5.864,4.136,0.045,1.636,4.136,0.0,0.0,0.0,,0.227,0.227,0.318,85.714,5.091,1.273,0.0,2.455,0.0,0.318,1.409,-1.091,0.318,0.375,0.136,42.857,0.045,33.333,0.0,2.0,0.0,2.591,19.298,0.045,0.0,0,0.0,0.0,0.0,0.0,,2.091,10.599,0.909,0,,,0,,,0,,,0.136,1.389,100.0,0.273,4.591,8.045,6.909,3.682
Jaeger O'Meara,Hawthorn,27,27.85,Midfielder,18,12.456,97.056,95.889,41,2.278,7,11,82.5,12.889,13.389,26.278,70.825,57.759,83.402,49.049,4.389,2.111,335.778,12.778,3.889,6.757,4.222,6.224,24.75,-0.26,50.307,2.244,11.889,14.833,26.722,44.491,2.333,7.722,0.833,3.444,4.278,3.889,3.056,2.722,1.333,10.0,20.056,72.929,2.556,12.742,3.611,6.167,6.944,76.0,4.111,0.167,0.222,0.333,0.167,0.889,1.722,-0.833,0.0,0.0,0.0,,0.0,,0.0,5.056,0.667,0.056,0.0,0.389,14.286,5,0.278,0.5,0.889,0.333,31.25,4.889,24.444,1.167,16,2.733,-0.295,6,2.797,0.703,10,2.694,-0.894,0.0,0.0,,0.167,1.611,21.389,10.056,0.389
Jarman Impey,Hawthorn,26,26.47,Gen. Defender,13,9.346,90.846,85.769,0,0.0,0,0,81.538,13.923,8.231,22.154,78.472,74.033,85.981,62.847,2.077,3.615,320.462,14.465,1.846,12.0,3.846,5.76,21.452,1.537,61.428,6.388,5.0,17.0,22.0,22.727,4.846,3.462,0.077,0.923,2.538,3.769,2.538,0.154,1.308,11.308,0.923,3.352,0.231,25.0,0.615,0.846,0.692,66.667,5.385,0.538,0.077,1.385,0.308,1.231,0.308,0.923,0.0,0.0,0.0,,0.0,,0.0,2.538,0.077,0.538,28.571,0.0,,2,0.154,0.0,0.154,0.154,100.0,3.308,17.063,1.0,2,3.06,2.94,1,2.546,3.454,1,3.573,2.427,0.154,1.429,50.0,1.615,2.462,13.154,9.462,1.923
Blake Hardwick,Hawthorn,24,24.9,Gen. Defender,20,9.57,91.2,81.5,8,0.4,5,0,85.1,15.6,5.3,20.9,83.732,80.449,93.396,74.641,1.35,6.0,390.75,18.696,1.85,11.297,4.4,4.75,15.894,-1.373,60.065,-1.319,5.05,13.55,18.6,27.151,5.15,3.65,0.0,0.95,2.7,4.35,3.15,0.1,1.05,7.7,0.0,0.0,0.1,,0.5,0.6,0.4,87.5,5.4,0.3,0.0,1.25,0.05,1.1,0.5,0.6,0.0,0.0,0.0,,0.0,,0.0,2.05,0.0,1.3,19.231,0.0,,0,0.0,0.1,0.1,0.1,0.0,2.65,13.283,1.15,2,2.506,-1.506,1,3.063,-2.063,1,1.948,-0.948,3.85,40.314,64.935,0.05,3.75,9.45,6.75,3.1
Changkuoth Jiath,Hawthorn,22,22.55,Gen. Defender,16,10.1,84.375,72.312,15,0.938,5,2,79.938,10.75,9.5,20.25,80.864,75.0,87.5,53.086,2.25,3.188,290.0,14.321,3.125,6.48,3.812,5.311,20.386,-2.551,64.392,-1.972,6.0,15.0,21.0,28.571,6.875,3.875,0.062,1.0,2.875,5.188,3.25,0.062,1.125,8.5,0.0,0.0,0.125,,0.75,0.875,0.5,100.0,5.812,0.375,0.0,2.375,0.0,1.125,1.375,-0.25,0.0,0.0,0.0,,0.0,,0.0,1.625,0.062,0.812,23.077,0.0,,0,0.0,0.125,0.25,0.188,0.0,3.25,16.72,1.312,4,2.476,-1.976,2,2.026,-2.026,2,2.927,-1.927,0.125,1.205,100.0,0.688,4.375,9.688,7.125,3.062
Hugh McCluggage,Brisbane,23,23.83,Midfielder,24,12.171,100.542,99.917,71,2.958,13,10,82.625,16.958,8.042,25.0,63.833,54.545,83.42,67.833,4.458,2.292,443.667,17.747,3.75,6.667,5.125,4.878,26.07,5.252,52.86,4.611,8.875,16.042,24.917,35.619,2.875,7.042,1.708,2.667,4.375,4.5,3.833,0.875,1.375,9.292,6.583,23.582,0.958,14.557,2.458,3.417,3.667,77.273,5.125,0.125,0.875,0.292,0.292,0.958,0.958,0.0,0.0,0.0,0.0,,0.0,,0.0,3.708,0.625,0.0,,0.25,33.333,15,0.625,0.917,1.875,1.292,33.333,6.542,25.993,1.667,45,2.934,-0.445,20,3.108,0.042,25,2.795,-0.835,0.0,0.0,,0.292,0.542,22.958,9.542,0.167
Zac Bailey,Brisbane,22,22.27,Mid-Forward,24,12.046,83.333,72.708,28,1.167,6,4,81.375,11.375,6.958,18.333,67.955,57.509,85.03,62.045,4.292,1.042,313.917,17.123,4.083,4.49,4.0,4.583,28.43,7.682,54.734,4.711,7.625,10.875,18.5,41.216,1.958,5.5,1.667,1.375,4.125,4.25,3.292,0.625,1.458,6.667,7.625,27.313,1.125,14.754,1.625,2.75,2.958,76.056,3.208,0.125,0.542,0.0,0.375,0.833,1.875,-1.042,0.0,0.0,0.0,,0.0,,0.0,2.833,1.0,0.0,,0.458,27.273,31,1.292,0.75,2.458,0.708,52.542,6.917,27.483,1.375,59,3.202,0.256,15,3.316,-0.449,44,3.163,0.497,0.0,0.0,,0.042,1.542,18.333,6.542,0.542
Jack Payne,Brisbane,22,22.21,Key Defender,10,7.23,56.5,50.9,0,0.0,0,0,80.0,7.3,4.6,11.9,76.471,79.452,71.739,61.345,0.5,1.7,163.7,13.756,1.5,7.933,2.0,5.95,16.59,-2.097,67.839,1.726,4.0,7.6,11.6,34.483,4.7,3.0,0.1,0.9,2.1,3.8,2.8,0.0,1.0,2.9,0.0,0.0,0.0,,0.0,0.0,0.1,0.0,4.9,0.8,0.0,1.4,0.0,0.2,0.5,-0.3,0.0,0.0,0.0,,0.0,,0.0,1.6,0.2,3.4,26.471,0.1,0.0,0,0.0,0.0,0.1,0.1,0.0,1.9,7.787,0.6,1,2.22,-2.22,0,,,1,2.22,-2.22,0.0,0.0,,0.0,4.8,6.0,4.8,4.5
Brandon Starcevich,Brisbane,22,22.43,Gen. Defender,24,7.075,59.0,49.292,3,0.125,2,0,85.042,9.0,3.417,12.417,79.53,76.852,86.585,72.483,1.458,2.833,243.0,19.57,2.333,5.321,2.333,5.321,18.218,3.48,56.635,5.157,4.25,7.958,12.208,34.812,5.0,3.167,0.0,0.625,2.542,3.625,2.708,0.125,1.125,3.875,0.0,0.0,0.0,,0.458,0.458,0.25,100.0,3.75,0.417,0.0,1.25,0.083,0.625,1.083,-0.458,0.0,0.0,0.0,,0.0,,0.0,1.708,0.042,1.833,22.727,0.0,,0,0.0,0.0,0.0,0.125,,2.292,9.106,1.083,0,,,0,,,0,,,0.333,3.404,62.5,0.125,2.417,8.917,6.542,2.042
Oscar McInerney,Brisbane,27,27.47,Ruck,23,13.257,94.565,77.652,23,1.0,6,1,82.565,6.783,6.304,13.087,57.807,47.436,68.966,51.827,2.565,2.13,206.913,15.811,3.435,3.81,3.435,3.81,20.406,-4.533,43.722,-10.388,10.174,3.652,13.826,73.585,1.913,3.913,0.652,2.13,1.826,3.043,1.174,0.0,0.391,2.043,22.913,81.705,1.87,8.159,3.652,5.522,6.522,74.0,2.304,1.087,0.348,1.087,0.0,1.696,1.261,0.435,69.826,75.117,29.217,41.843,9.435,32.292,3.13,2.217,0.217,1.043,16.667,1.87,9.302,6,0.261,0.217,0.609,0.13,42.857,4.348,17.065,3.087,14,3.661,-0.733,8,4.128,-0.753,6,3.038,-0.705,0.0,0.0,,0.0,4.0,10.826,5.217,3.0
Keidean Coleman,Brisbane,21,21.75,Gen. Forward,18,5.922,46.889,38.722,0,0.0,0,0,57.833,4.944,4.056,9.0,77.16,68.539,87.671,54.938,1.389,0.611,133.833,14.87,1.389,6.48,1.667,5.4,25.627,4.928,56.878,-1.322,4.333,5.0,9.333,46.429,2.389,2.944,0.5,0.833,2.111,3.778,2.5,0.0,1.111,2.611,0.0,0.0,0.111,,0.389,0.5,0.111,100.0,2.444,0.444,0.278,0.333,0.444,0.889,0.611,0.278,0.0,0.0,0.0,,0.0,,0.0,1.778,0.444,0.333,0.0,0.278,20.0,6,0.333,0.278,0.778,0.333,42.857,2.889,11.454,0.778,14,3.755,-0.826,6,4.18,-0.013,8,3.436,-1.436,0.056,0.588,0.0,0.0,1.222,9.111,3.222,0.833
Harry Sharp,Brisbane,19,19.03,Midfielder,2,4.85,35.5,31.0,0,0.0,0,0,81.0,6.0,1.5,7.5,53.333,58.333,33.333,80.0,1.5,1.5,226.0,30.133,3.5,2.143,3.0,2.5,22.092,-13.758,36.225,-11.225,3.5,4.5,8.0,43.75,3.5,3.0,0.5,1.0,2.0,2.5,2.5,0.0,0.5,2.0,0.0,0.0,0.0,,0.0,0.0,0.5,0.0,1.5,0.0,0.0,0.0,0.0,0.5,1.0,-0.5,0.0,0.0,0.0,,0.0,,0.0,2.0,0.0,1.0,100.0,0.5,0.0,0,0.0,0.0,0.0,0.5,,1.0,4.082,1.0,0,,,0,,,0,,,0.0,0.0,,0.0,2.0,14.5,7.5,1.5
Tom Fullarton,Brisbane,22,22.85,Ruck,12,6.125,48.0,41.917,0,0.0,0,0,75.5,4.333,6.083,10.417,68.0,59.615,73.973,41.6,1.0,0.417,90.917,8.728,1.417,7.353,2.5,4.167,25.058,-3.629,55.788,3.736,4.917,5.333,10.25,47.967,1.25,3.833,1.25,0.917,2.917,3.417,2.75,0.0,1.0,2.75,5.917,20.402,0.833,14.085,0.583,1.417,1.083,92.308,1.833,0.417,0.333,0.167,0.25,0.417,0.417,0.0,21.75,22.755,3.5,16.092,1.083,30.952,0.083,1.75,0.667,0.167,100.0,1.583,10.526,3,0.25,0.083,0.417,0.5,60.0,2.917,12.281,0.833,5,3.058,0.742,4,3.494,-0.244,1,1.318,4.682,0.0,0.0,,0.0,1.583,12.833,4.5,1.083
Dayne Zorko,Brisbane,32,32.89,Midfielder,23,16.061,105.826,106.652,62,2.696,10,14,82.609,16.783,7.348,24.13,67.027,61.14,80.473,69.55,6.435,1.826,501.261,20.773,4.739,5.092,5.174,4.664,25.987,5.305,51.559,5.243,9.522,13.652,23.174,41.088,4.174,6.87,1.043,2.261,4.652,4.913,4.13,1.304,1.565,6.87,13.913,49.155,1.957,14.062,2.565,4.522,4.174,88.542,5.304,0.043,0.478,0.522,0.435,1.348,1.739,-0.391,0.087,0.095,0.0,0.0,0.0,,0.0,6.087,1.087,0.217,20.0,0.261,0.0,17,0.739,0.783,1.957,1.0,37.778,7.696,30.465,2.043,45,2.828,-0.161,12,3.107,0.31,33,2.726,-0.332,0.0,0.0,,0.13,1.739,25.478,10.261,0.435
Ryan Lester,Brisbane,29,29.34,Gen. Defender,17,7.424,59.059,48.941,0,0.0,0,0,77.647,6.588,5.059,11.647,82.323,80.357,84.884,56.566,0.824,1.882,128.529,11.035,1.471,7.92,1.412,8.25,19.335,4.029,68.258,0.901,4.118,7.765,11.882,34.653,5.118,2.882,0.059,1.118,1.765,4.0,2.765,0.0,0.824,3.118,0.0,0.0,0.0,,0.059,0.059,0.059,0.0,4.235,0.529,0.059,1.471,0.118,0.588,0.706,-0.118,0.0,0.0,0.0,,0.0,,0.0,1.882,0.118,2.294,15.385,0.059,100.0,1,0.059,0.0,0.059,0.0,100.0,1.941,7.728,0.529,1,2.782,3.218,0,,,1,2.782,3.218,0.118,1.17,50.0,0.0,4.235,8.882,7.0,3.824
Lachie Neale,Brisbane,28,28.6,Midfielder,17,13.671,102.471,97.294,21,1.235,5,8,84.706,12.941,14.059,27.0,72.331,61.364,82.427,47.93,4.176,1.647,320.294,11.863,3.412,7.914,4.118,6.557,25.728,3.842,55.248,4.967,12.647,14.118,26.765,47.253,3.0,9.294,1.471,2.882,6.412,4.118,3.647,1.941,1.647,9.059,22.882,82.59,2.412,10.54,3.882,6.294,7.588,79.845,3.882,0.0,0.176,0.235,0.176,2.059,1.0,1.059,0.0,0.0,0.0,,0.0,,0.0,4.118,0.353,0.118,100.0,0.0,,8,0.471,0.353,1.118,0.471,42.105,6.059,25.307,1.588,19,3.1,-0.258,7,2.83,-0.688,12,3.257,-0.007,0.0,0.0,,0.294,0.353,21.824,9.235,0.0
Jarryd Lyons,Brisbane,29,29.44,Midfielder,24,14.929,115.917,116.167,66,2.75,12,23,80.375,16.458,11.625,28.083,66.024,58.734,76.344,58.605,4.583,1.333,400.375,14.257,3.292,8.532,4.375,6.419,25.878,-0.445,55.964,1.262,13.625,13.917,27.542,49.47,4.083,8.708,1.25,3.583,5.125,5.417,4.292,2.917,1.75,7.375,20.542,73.582,2.125,10.345,4.083,6.208,7.25,78.736,4.958,0.333,0.542,0.542,0.083,1.583,0.458,1.125,0.0,0.0,0.0,,0.0,,0.0,6.417,1.208,0.083,50.0,0.458,27.273,10,0.417,0.292,1.083,0.75,38.462,6.083,24.172,1.625,26,2.941,-0.364,11,3.228,-0.228,15,2.731,-0.464,0.042,0.426,100.0,0.042,1.042,24.917,11.25,0.375
Callum Ah Chee,Brisbane,24,24.22,Gen. Defender,21,6.476,47.905,39.571,0,0.0,0,0,74.524,4.905,4.571,9.476,72.362,63.107,82.292,51.759,1.619,0.524,143.857,15.181,1.857,5.103,2.286,4.146,25.107,-3.93,50.729,-8.376,4.667,4.905,9.571,48.756,2.476,4.048,1.048,1.571,2.476,3.81,3.429,0.19,1.143,2.714,0.048,0.171,0.048,100.0,0.524,0.571,0.524,63.636,1.667,0.238,0.238,0.333,0.048,0.238,0.857,-0.619,0.0,0.0,0.0,,0.0,,0.0,2.762,0.619,0.667,35.714,0.476,30.0,7,0.333,0.0,0.476,0.381,70.0,2.048,7.89,0.429,10,3.517,0.683,5,4.246,0.554,5,2.788,0.812,0.095,1.01,100.0,0.048,1.429,10.476,5.381,1.048
Charlie Cameron,Brisbane,27,27.49,Gen. Forward,24,10.113,70.792,64.25,34,1.417,7,1,86.75,8.292,2.583,10.875,65.134,60.302,80.645,76.245,1.75,0.208,203.958,18.755,2.0,5.438,1.958,5.553,32.604,1.131,54.816,5.425,4.417,6.5,10.917,40.458,0.833,2.708,1.625,0.875,1.833,3.833,2.417,0.25,0.833,1.667,0.875,3.134,0.208,23.81,0.375,0.583,0.583,92.857,3.958,0.375,2.25,0.042,2.0,0.75,0.792,-0.042,0.0,0.0,0.0,,0.0,,0.0,2.208,1.125,0.0,,2.458,23.729,55,2.292,1.375,4.25,0.625,53.922,6.333,25.166,0.542,102,3.434,0.125,55,3.663,0.028,47,3.166,0.238,0.0,0.0,,0.542,0.917,9.708,1.917,0.25
Eric Hipwood,Brisbane,24,24.29,Key Forward,16,5.581,57.0,56.875,16,1.0,4,1,83.938,7.375,3.188,10.562,63.314,58.475,74.51,69.822,2.062,0.0,203.188,19.237,2.625,4.024,2.688,3.93,30.184,1.066,54.271,-7.396,4.062,6.688,10.75,37.791,0.562,2.0,0.875,0.438,1.562,4.062,1.938,0.062,0.688,1.625,0.0,0.0,0.0,,0.062,0.062,0.062,100.0,4.938,1.125,2.062,0.0,1.5,0.75,1.062,-0.312,0.188,0.215,0.0,0.0,0.0,,0.0,1.25,0.5,0.062,0.0,2.75,25.0,26,1.625,1.25,3.25,0.312,50.0,4.688,18.75,0.125,52,3.381,0.004,40,3.332,0.318,12,3.545,-1.045,0.0,0.0,,0.0,2.188,7.625,1.25,1.75
Harris Andrews,Brisbane,25,25.05,Key Defender,23,14.535,95.0,66.435,25,1.087,5,0,96.696,9.522,5.739,15.261,84.9,84.932,84.848,62.393,0.609,3.261,202.087,13.242,2.0,7.63,1.87,8.163,16.471,1.404,69.645,3.302,6.783,8.783,15.565,43.575,9.217,3.957,0.043,1.261,2.696,6.565,3.783,0.0,1.217,2.0,0.0,0.0,0.0,,0.087,0.087,0.043,100.0,7.87,2.0,0.043,3.826,0.043,0.696,1.087,-0.391,0.043,0.048,0.0,0.0,0.0,,0.0,1.261,0.087,5.435,20.0,0.043,0.0,1,0.043,0.043,0.087,0.043,50.0,2.0,8.014,1.348,2,2.598,0.902,2,2.598,0.902,0,,,0.174,1.77,50.0,0.043,9.565,6.217,5.217,8.609
Jarrod Berry,Brisbane,23,23.9,Midfielder,11,4.282,50.273,50.909,0,0.0,0,0,61.909,6.818,5.727,12.545,69.565,57.333,84.127,54.348,2.091,0.727,178.182,14.203,3.0,4.182,2.182,5.75,26.643,-8.611,55.189,-10.927,4.182,8.364,12.545,33.333,1.273,3.091,0.636,1.273,1.818,2.0,1.455,0.364,0.727,4.818,9.0,31.132,0.455,5.051,1.091,1.545,1.818,65.0,2.182,0.0,0.273,0.091,0.0,1.273,1.364,-0.091,0.0,0.0,0.0,,0.0,,0.0,3.091,1.182,0.0,,0.182,0.0,5,0.455,0.182,0.727,0.364,62.5,2.818,11.314,0.455,8,3.832,0.168,5,4.718,-0.918,3,2.356,1.977,0.0,0.0,,0.0,0.727,14.364,5.182,0.545
Hayden McLean,Sydney,22,22.94,Key Forward,12,7.108,54.833,51.0,2,0.167,2,1,81.667,5.583,2.917,8.5,66.667,62.687,74.286,65.686,1.167,0.167,104.583,12.304,1.583,5.368,2.083,4.08,31.63,-13.852,62.68,-2.68,4.583,4.417,9.0,50.926,0.5,1.417,0.667,0.417,1.0,4.0,1.167,0.0,0.5,1.083,1.25,4.573,0.0,0.0,0.333,0.333,0.417,20.0,4.333,1.75,1.667,0.083,0.5,0.5,0.417,0.083,7.0,8.132,2.5,35.714,0.75,30.0,0.083,1.917,0.917,0.083,100.0,3.0,27.778,11,0.917,0.5,1.583,0.417,57.895,3.333,13.841,0.333,19,4.172,-0.383,17,4.356,-0.18,2,2.61,-2.11,0.0,0.0,,0.0,3.25,9.333,2.333,2.083
Nick Blakey,Sydney,21,21.84,Gen. Defender,17,7.3,52.706,52.706,1,0.059,1,0,63.882,8.118,4.412,12.529,70.423,61.594,86.667,64.789,2.765,1.412,272.562,21.483,2.059,6.086,2.529,4.953,26.022,1.25,56.007,0.191,3.588,8.941,12.529,28.638,2.824,2.647,0.294,1.059,1.588,3.0,2.118,0.0,0.824,4.529,1.118,4.104,0.059,5.263,0.294,0.353,0.412,57.143,3.824,0.353,0.235,0.882,0.118,0.412,0.353,0.059,2.0,2.338,0.706,35.294,0.059,8.333,0.0,1.647,0.176,0.294,20.0,0.588,50.0,3,0.176,0.353,0.647,0.235,27.273,3.176,13.433,0.588,11,2.649,-0.467,7,2.767,0.233,4,2.443,-1.693,0.0,0.0,,1.0,1.765,7.235,3.529,1.588
James Rowbottom,Sydney,21,21.28,Midfielder,17,8.782,70.824,71.176,0,0.0,0,0,62.882,8.941,6.471,15.412,70.992,61.842,83.636,58.015,2.706,1.294,261.647,16.977,3.059,5.038,3.353,4.596,26.822,-0.838,52.677,-3.858,6.706,8.529,15.235,44.015,2.235,5.294,0.588,2.059,3.235,3.176,2.765,0.588,1.412,5.647,11.059,40.959,1.0,9.043,1.529,2.529,2.647,77.778,2.059,0.0,0.176,0.0,0.059,0.706,0.824,-0.118,0.0,0.0,0.0,,0.0,,0.0,6.176,0.824,0.059,0.0,0.118,0.0,6,0.353,0.176,0.647,0.294,54.545,3.529,15.544,1.118,11,2.816,0.73,5,3.264,1.736,6,2.442,-0.109,0.0,0.0,,0.059,0.824,18.0,9.176,0.235
Sam Wicks,Sydney,22,22.29,Gen. Forward,22,6.327,58.227,56.773,10,0.455,1,0,78.955,6.5,4.636,11.136,68.571,58.741,82.353,58.367,1.682,0.273,161.857,14.651,2.045,5.444,2.455,4.537,29.55,-4.287,58.124,-4.44,4.364,6.818,11.182,39.024,1.091,3.273,1.364,1.318,1.955,3.773,2.773,0.0,0.955,3.318,0.0,0.0,0.045,,0.227,0.273,0.318,85.714,2.955,0.273,0.727,0.091,0.136,0.773,1.091,-0.318,0.0,0.0,0.0,,0.0,,0.0,4.045,1.364,0.0,,1.091,16.667,17,0.773,0.818,1.773,0.364,43.59,4.182,17.591,0.409,39,3.478,-0.401,17,4.033,-0.504,22,3.049,-0.322,0.0,0.0,,0.182,1.045,19.318,4.955,0.182
Tom McCartin,Sydney,22,22.0,Key Defender,22,8.936,71.136,53.818,16,0.727,3,0,93.227,8.909,4.591,13.5,75.758,72.449,82.178,65.993,0.545,2.955,151.762,11.423,2.136,6.319,2.045,6.6,16.727,3.273,66.144,1.751,5.227,8.409,13.636,38.333,6.727,3.0,0.0,1.273,1.727,4.818,2.727,0.045,0.545,3.682,0.0,0.0,0.0,,0.409,0.409,0.227,100.0,5.045,1.136,0.0,2.455,0.0,0.773,0.727,0.045,0.0,0.0,0.0,,0.0,,0.0,1.045,0.0,4.591,23.762,0.0,,0,0.0,0.0,0.045,0.045,0.0,2.5,10.397,1.318,1,0.403,-0.403,1,0.403,-0.403,0,,,0.0,0.0,,0.273,7.227,6.909,5.636,6.409
Chad Warner,Sydney,20,20.61,Midfielder,13,10.108,67.385,66.154,4,0.308,2,1,75.692,10.385,6.231,16.615,65.278,51.852,87.654,62.5,4.077,1.077,318.583,19.505,3.077,5.4,4.0,4.154,26.922,3.25,51.04,-8.798,6.923,10.154,17.077,40.541,1.923,6.0,0.538,2.846,3.154,3.923,3.615,0.385,1.615,6.615,9.462,34.648,1.077,11.382,1.385,2.462,2.231,79.31,2.385,0.154,0.154,0.308,0.077,0.462,1.308,-0.846,0.0,0.0,0.0,,0.0,,0.0,3.692,0.462,0.154,0.0,0.077,0.0,8,0.615,0.385,1.077,0.538,57.143,4.923,20.712,0.769,14,2.982,0.804,2,3.889,-2.889,12,2.831,1.419,0.0,0.0,,0.077,0.385,18.0,9.0,0.154
Errol Gulden,Sydney,19,19.45,Gen. Forward,18,8.85,75.833,71.667,11,0.611,3,2,79.889,10.833,4.833,15.667,71.986,66.667,83.908,69.149,3.889,0.778,283.824,18.558,2.667,5.875,2.944,5.321,27.962,1.337,56.294,9.311,5.667,10.0,15.667,36.17,1.778,4.0,1.278,1.333,2.667,4.333,3.167,0.333,1.556,4.389,1.556,5.622,0.222,14.286,0.889,1.111,0.889,75.0,4.556,0.222,0.722,0.222,0.556,1.333,0.778,0.556,0.0,0.0,0.0,,0.0,,0.0,2.889,0.889,0.111,50.0,1.0,27.778,14,0.778,0.611,1.667,0.944,46.667,4.944,20.46,0.667,30,3.216,-0.05,15,3.461,-0.261,15,2.971,0.162,0.0,0.0,,0.222,0.944,16.0,5.0,0.389
Braeden Campbell,Sydney,19,19.9,Gen. Defender,8,5.0,54.0,52.5,5,0.625,1,0,69.875,8.875,5.125,14.0,71.429,69.014,75.61,63.393,1.125,3.125,219.571,17.667,2.375,5.895,3.0,4.667,19.712,0.288,55.285,0.099,3.625,9.625,13.25,27.358,3.375,3.125,0.75,1.0,2.125,3.375,3.0,0.0,1.125,5.25,0.5,1.732,0.125,25.0,0.0,0.125,0.25,50.0,3.25,0.0,0.25,0.375,0.125,0.5,0.375,0.125,0.0,0.0,0.0,,0.0,,0.0,1.375,0.0,0.5,50.0,0.125,0.0,1,0.125,0.25,0.375,0.375,33.333,2.875,10.849,0.625,3,3.188,-0.521,1,3.265,2.735,2,3.15,-2.15,0.625,5.208,100.0,0.125,1.0,11.375,6.5,0.625
Logan McDonald,Sydney,19,19.74,Key Forward,7,5.3,53.0,43.429,0,0.0,0,0,72.0,5.429,3.0,8.429,64.407,60.526,71.429,64.407,1.286,0.429,105.167,13.146,1.143,7.375,1.286,6.556,26.844,-1.844,68.607,1.393,3.857,4.857,8.714,44.262,0.857,2.429,1.429,0.714,1.714,3.857,2.429,0.0,0.714,1.429,0.0,0.0,0.0,,0.0,0.0,0.0,,3.143,0.286,1.286,0.143,0.714,1.143,0.429,0.714,0.714,0.873,0.0,0.0,0.0,,0.0,0.857,0.143,0.0,,2.857,15.0,9,1.286,0.714,2.429,0.857,52.941,4.286,16.393,0.429,17,3.316,0.154,11,3.132,0.049,6,3.653,0.347,0.0,0.0,,0.0,1.143,9.0,2.571,0.857
Dane Rampe,Sydney,31,31.58,Key Defender,20,7.74,79.0,70.9,6,0.3,2,0,95.3,12.4,5.65,18.05,84.765,81.452,92.035,68.698,1.6,4.6,394.684,21.549,2.8,6.446,2.9,6.224,17.126,-0.386,55.755,3.276,4.05,13.1,17.15,23.615,5.7,2.75,0.05,0.5,2.25,3.75,2.5,0.05,0.9,6.1,0.0,0.0,0.0,,0.2,0.2,0.15,66.667,6.15,0.5,0.0,1.15,0.05,0.7,1.2,-0.5,0.0,0.0,0.0,,0.0,,0.0,1.7,0.0,2.95,18.644,0.0,,0,0.0,0.05,0.1,0.05,0.0,2.55,10.408,0.9,2,2.527,-2.027,0,,,2,2.527,-2.027,0.45,4.545,100.0,0.15,4.0,7.6,6.2,3.35
Luke Parker,Sydney,29,29.18,Midfielder,23,14.004,108.826,99.87,58,2.522,10,17,80.435,12.957,14.913,27.87,68.643,59.06,76.968,46.49,4.043,1.348,295.182,10.508,4.261,6.541,4.826,5.775,27.022,-2.622,55.423,-1.023,13.435,14.0,27.435,48.97,3.217,8.304,1.261,3.826,4.478,5.174,4.043,3.217,2.087,9.13,19.783,72.337,2.739,13.846,3.609,6.348,7.957,77.596,3.783,0.391,0.565,0.391,0.304,1.696,1.522,0.174,0.304,0.351,0.0,0.0,0.0,,0.043,4.609,0.522,0.0,,0.391,44.444,15,0.652,0.348,1.13,0.739,57.692,5.87,24.816,1.304,26,3.331,0.438,14,3.454,1.403,12,3.187,-0.687,0.0,0.0,,0.13,1.391,21.652,10.609,0.522
Harry Cunningham,Sydney,28,28.06,Gen. Defender,21,6.852,71.667,68.0,9,0.429,3,0,85.429,10.905,5.381,16.286,81.579,75.109,94.69,66.959,1.381,2.905,246.0,15.046,1.619,10.059,2.286,7.125,19.235,-1.053,63.49,4.237,4.0,11.714,15.714,25.455,4.571,3.095,0.0,0.952,2.143,3.619,2.762,0.0,1.19,6.0,0.0,0.0,0.0,,0.19,0.19,0.333,71.429,5.143,0.095,0.048,0.857,0.048,0.619,0.667,-0.048,0.0,0.0,0.0,,0.0,,0.0,2.619,0.0,1.048,40.909,0.0,,0,0.0,0.0,0.0,0.095,,2.619,11.156,0.667,0,,,0,,,0,,,0.857,8.0,66.667,0.19,2.524,11.095,8.0,1.381
George Hewett,Sydney,26,26.0,Gen. Defender,21,9.29,74.857,65.952,6,0.286,2,1,78.619,7.619,10.286,17.905,78.989,67.5,87.5,42.553,1.524,1.429,144.2,8.056,1.81,9.895,2.286,7.833,23.274,-0.757,58.007,2.92,6.952,11.238,18.19,38.22,3.429,5.476,0.333,2.619,2.857,3.667,3.095,0.667,1.143,6.857,7.524,27.383,0.905,12.025,1.571,2.476,2.524,75.472,3.524,0.19,0.095,0.571,0.143,0.571,0.714,-0.143,0.0,0.0,0.0,,0.0,,0.0,3.381,0.143,0.571,50.0,0.095,100.0,0,0.0,0.0,0.048,0.238,0.0,3.286,13.636,0.857,1,2.754,-2.754,1,2.754,-2.754,0,,,0.0,0.0,,0.0,1.048,15.143,8.667,0.571
Jake Lloyd,Sydney,28,28.27,Gen. Defender,22,10.605,106.818,96.727,20,0.909,4,2,85.182,18.364,9.545,27.909,87.622,85.149,92.381,65.798,1.818,6.545,476.952,17.034,2.364,11.808,3.409,8.187,17.841,1.085,63.371,7.985,4.0,17.955,21.955,18.219,5.318,3.227,0.0,0.727,2.5,3.455,2.773,0.045,1.273,10.636,0.0,0.0,0.182,,0.318,0.5,0.182,100.0,5.636,0.136,0.045,1.273,0.045,0.636,0.864,-0.227,0.0,0.0,0.0,,0.0,,0.0,1.818,0.045,1.091,29.167,0.0,,1,0.045,0.045,0.136,0.227,33.333,4.409,18.726,2.045,3,2.562,-0.229,0,,,3,2.562,-0.229,6.045,56.356,98.496,1.182,2.227,11.409,8.318,1.682
Isaac Heeney,Sydney,25,25.65,Gen. Forward,21,10.867,84.571,77.19,51,2.429,8,8,81.0,10.571,5.286,15.857,66.366,63.063,72.973,66.667,3.143,0.381,285.0,17.868,2.571,6.167,2.857,5.55,28.831,3.169,56.083,6.584,6.333,9.714,16.048,39.466,1.476,4.095,1.667,1.571,2.524,4.952,3.0,0.143,1.0,3.81,0.81,2.911,0.095,11.765,0.667,0.762,0.762,68.75,5.667,0.952,1.714,0.19,1.905,1.048,0.762,0.286,0.429,0.498,0.048,11.111,0.0,0.0,0.0,1.952,0.571,0.048,100.0,2.333,30.612,36,1.714,1.0,2.952,0.905,58.065,6.238,25.838,1.0,62,3.499,0.324,40,3.642,-0.117,22,3.239,1.124,0.0,0.0,,0.143,1.238,13.619,3.762,0.905
Jordan Dawson,Sydney,24,24.72,Gen. Defender,23,13.122,100.174,88.87,25,1.087,5,6,84.609,15.391,6.913,22.304,78.752,76.271,84.277,69.006,3.0,4.913,455.455,20.449,2.652,8.41,4.348,5.13,20.858,-1.473,57.072,1.697,6.261,13.696,19.957,31.373,5.391,4.043,0.13,1.217,2.826,5.435,3.435,0.13,1.087,8.0,0.0,0.0,0.087,,0.565,0.652,0.522,75.0,5.478,1.0,0.391,1.304,0.174,0.957,1.0,-0.043,0.261,0.3,0.0,0.0,0.0,,0.0,2.957,0.087,1.609,24.324,0.522,66.667,9,0.391,0.304,0.783,0.261,50.0,4.174,17.647,1.609,18,2.883,0.506,11,3.026,0.52,7,2.659,0.484,3.217,30.705,82.432,0.217,4.174,13.348,8.609,3.304
Callum Mills,Sydney,24,24.74,Midfielder,18,12.372,112.444,109.611,42,2.333,8,18,81.167,14.222,13.278,27.5,75.152,71.875,78.661,51.717,4.167,2.667,392.235,14.008,3.111,8.839,3.944,6.972,24.248,2.023,54.294,6.299,10.389,17.056,27.444,37.854,3.111,7.056,0.778,3.111,3.944,3.944,3.389,1.778,1.278,10.056,18.056,65.524,1.722,9.538,3.056,4.778,5.167,81.72,5.944,0.111,0.167,0.444,0.389,1.222,0.611,0.611,0.0,0.0,0.0,,0.0,,0.0,5.278,0.444,0.222,50.0,0.278,60.0,6,0.333,0.056,0.444,0.5,75.0,6.278,26.279,1.611,8,3.096,1.529,4,3.235,1.515,4,2.956,1.544,0.0,0.0,,0.056,2.0,19.722,10.611,0.778
Tom Papley,Sydney,25,25.46,Gen. Forward,23,9.991,69.696,65.174,26,1.13,5,4,87.304,10.0,3.609,13.609,58.147,53.913,69.88,73.482,3.0,0.087,253.591,18.474,2.739,4.968,3.391,4.013,35.105,4.095,55.591,-5.191,5.565,8.0,13.565,41.026,0.913,4.0,2.304,1.304,2.696,4.043,3.261,0.435,1.391,2.957,2.348,8.585,0.348,14.815,0.826,1.174,1.304,70.0,3.87,0.174,1.391,0.174,1.217,0.913,0.957,-0.043,0.087,0.1,0.0,0.0,0.0,,0.0,1.478,0.957,0.0,,1.261,31.034,43,1.87,1.174,4.0,0.957,46.739,6.304,26.654,0.913,92,2.832,0.266,39,2.893,0.312,53,2.788,0.231,0.0,0.0,,0.304,0.87,11.652,1.348,0.13
Will Hayward,Sydney,23,23.18,Gen. Forward,20,7.475,62.25,58.95,9,0.45,2,2,77.75,6.7,3.75,10.45,70.335,67.91,74.667,64.115,1.6,0.05,140.1,13.407,2.45,4.265,2.4,4.354,28.318,8.268,59.898,13.272,4.45,5.95,10.4,42.788,1.25,2.95,1.3,1.3,1.6,4.1,2.75,0.05,0.75,1.7,0.0,0.0,0.0,,0.25,0.25,0.3,66.667,4.05,0.75,1.15,0.1,1.2,0.75,0.9,-0.15,0.0,0.0,0.0,,0.0,,0.0,3.0,1.55,0.05,0.0,1.4,28.571,28,1.4,0.75,2.3,0.55,60.87,4.5,19.868,0.6,46,3.692,0.286,29,3.756,0.141,17,3.584,0.534,0.0,0.0,,0.05,1.25,14.4,3.25,0.7
Oliver Florent,Sydney,23,23.44,Midfielder,23,9.665,76.13,71.522,12,0.522,3,2,80.609,11.87,7.087,18.957,73.394,67.399,83.436,62.615,3.304,1.913,338.773,18.046,2.87,6.606,3.609,5.253,24.379,-4.466,55.664,2.345,6.087,13.217,19.304,31.532,3.13,4.391,0.261,1.348,3.043,3.261,2.304,0.522,1.087,7.652,5.609,20.509,0.522,9.302,1.609,2.13,2.217,74.51,4.043,0.217,0.261,0.435,0.217,0.783,0.826,-0.043,0.0,0.0,0.0,,0.0,,0.0,2.174,0.261,0.261,50.0,0.087,50.0,9,0.391,0.261,0.826,0.304,47.368,4.043,17.096,1.0,19,3.004,0.154,7,3.593,0.265,12,2.661,0.089,0.043,0.415,0.0,0.478,1.522,13.783,6.957,0.609
Nick Larkey,North Melbourne,23,23.56,Key Forward,22,7.064,60.136,54.364,11,0.5,2,3,86.364,5.591,3.955,9.545,72.381,68.293,78.161,58.571,1.318,0.091,136.667,14.0,1.773,5.385,1.864,5.122,29.793,2.283,64.235,-1.971,4.591,5.136,9.727,47.196,0.864,2.045,0.864,1.364,0.682,4.318,1.955,0.0,0.364,1.5,0.455,1.715,0.045,10.0,0.227,0.273,0.273,83.333,3.818,1.136,2.0,0.091,1.0,1.455,0.545,0.909,3.909,4.829,1.364,34.884,0.182,13.333,0.0,1.227,0.682,0.0,,3.227,22.535,42,1.909,0.682,3.0,0.318,63.636,4.727,25.49,0.455,66,3.792,0.253,58,3.75,0.112,8,4.097,1.278,0.0,0.0,,0.136,1.273,10.136,2.182,1.045
Ben McKay,North Melbourne,24,24.01,Key Defender,22,7.586,56.045,40.364,5,0.227,4,0,94.227,4.5,5.045,9.545,88.571,84.848,91.892,47.143,0.409,1.636,85.571,8.852,1.455,6.562,1.0,9.545,18.029,2.589,77.988,1.394,3.182,6.182,9.364,33.981,4.727,1.636,0.0,0.318,1.318,3.091,1.591,0.045,0.545,1.955,0.0,0.0,0.0,,0.136,0.136,0.091,100.0,4.318,0.864,0.0,1.773,0.0,0.636,0.818,-0.182,0.0,0.0,0.0,,0.0,,0.0,1.409,0.0,3.955,24.138,0.0,,0,0.0,0.0,0.0,0.045,,1.5,8.088,0.727,0,,,0,,,0,,,0.0,0.0,,0.136,7.0,6.545,5.364,6.318
Luke Davies-Uniacke,North Melbourne,22,22.56,Midfielder,20,10.0,84.9,81.7,6,0.3,3,4,82.5,11.45,10.55,22.0,73.636,64.192,83.886,52.045,4.15,1.55,316.65,14.393,3.6,6.111,4.75,4.632,25.603,-4.627,56.598,-4.403,9.55,13.9,23.45,40.725,2.3,6.65,0.7,2.7,3.95,3.55,2.9,1.95,1.45,8.45,15.1,56.767,2.0,13.245,2.5,4.5,4.95,81.818,4.85,0.15,0.25,0.2,0.5,0.55,1.35,-0.8,0.0,0.0,0.0,,0.0,,0.0,3.2,0.65,0.05,0.0,0.25,20.0,6,0.3,0.6,1.05,0.4,28.571,4.5,23.81,0.9,21,3.171,-0.886,7,3.54,-1.969,14,2.987,-0.344,0.0,0.0,,0.35,0.75,21.6,10.35,0.3
Aiden Bonar,North Melbourne,22,22.81,Gen. Defender,10,7.77,53.1,43.8,0,0.0,0,0,72.6,7.2,3.5,10.7,84.112,80.556,91.429,67.29,0.4,2.5,146.889,15.195,1.6,6.687,1.8,5.944,14.769,-3.501,70.491,4.157,3.4,7.0,10.4,32.692,4.2,2.3,0.0,0.6,1.7,3.2,2.1,0.0,0.3,2.9,0.0,0.0,0.0,,0.2,0.2,0.1,100.0,3.6,0.5,0.0,1.1,0.0,0.4,0.8,-0.4,0.0,0.0,0.0,,0.0,,0.0,1.6,0.0,2.1,38.095,0.0,,0,0.0,0.0,0.0,0.0,,1.2,7.143,0.7,0,,,0,,,0,,,0.4,3.008,75.0,0.1,4.2,8.6,7.5,3.7
Bailey Scott,North Melbourne,21,21.47,Gen. Forward,17,6.729,49.588,50.941,1,0.059,1,0,74.706,6.529,6.235,12.765,75.115,66.667,83.962,51.152,1.529,0.824,181.75,13.782,2.353,5.425,2.529,5.047,25.848,-6.747,57.869,3.929,3.941,9.176,13.118,30.045,0.882,3.118,1.176,0.765,2.353,2.706,2.353,0.294,0.882,5.118,0.353,1.33,0.176,50.0,0.588,0.765,0.882,46.667,3.059,0.118,0.471,0.059,0.353,0.294,0.412,-0.118,0.0,0.0,0.0,,0.0,,0.0,1.882,0.765,0.059,0.0,0.294,20.0,8,0.471,0.294,1.0,0.588,47.059,3.0,16.887,0.412,17,3.402,-0.284,6,3.617,-0.45,11,3.284,-0.193,0.0,0.0,,0.176,0.471,14.941,4.353,0.235
Tom Powell,North Melbourne,19,19.83,Mid-Forward,13,7.062,67.692,68.154,0,0.0,0,0,75.077,8.231,8.462,16.692,73.272,66.355,80.0,49.309,2.769,1.385,188.833,11.444,1.615,10.333,2.846,5.865,27.116,1.009,60.756,-0.339,5.308,11.385,16.692,31.797,2.077,4.231,0.538,1.154,3.077,3.154,2.538,0.231,1.231,7.077,8.077,29.661,0.538,6.667,1.154,1.692,0.923,91.667,3.615,0.077,0.154,0.0,0.154,0.538,0.538,0.0,0.0,0.0,0.0,,0.0,,0.0,3.692,0.308,0.077,100.0,0.231,0.0,4,0.308,0.154,0.615,0.462,50.0,4.077,22.747,0.462,8,3.207,0.043,2,3.812,2.188,6,3.005,-0.671,0.0,0.0,,0.077,0.538,17.538,7.385,0.154
Charlie Lazzaro,North Melbourne,19,19.76,Mid-Forward,12,3.208,30.833,35.583,0,0.0,0,0,56.083,4.583,3.417,8.0,66.667,52.727,85.366,57.292,1.583,0.667,126.0,15.231,1.833,4.364,2.083,3.84,27.758,-3.845,63.104,-13.104,2.167,6.333,8.5,25.49,0.667,1.417,0.25,0.25,1.167,1.583,1.0,0.167,0.333,3.917,0.667,2.417,0.083,12.5,0.333,0.417,0.417,60.0,2.167,0.083,0.333,0.0,0.333,0.5,0.25,0.25,0.0,0.0,0.0,,0.0,,0.0,1.75,0.5,0.333,50.0,0.167,0.0,3,0.25,0.25,0.75,0.25,33.333,2.417,13.488,0.167,9,3.005,-0.672,4,3.18,-1.18,5,2.865,-0.265,0.0,0.0,,0.5,0.667,12.417,3.917,0.417
Todd Goldstein,North Melbourne,33,33.5,Ruck,22,13.545,100.818,85.773,13,0.591,4,2,90.636,7.273,7.0,14.273,75.478,70.0,81.169,50.955,2.455,0.409,162.524,11.227,2.636,5.414,2.682,5.322,27.895,-12.678,63.656,-6.41,7.182,7.409,14.591,49.221,1.818,4.182,0.273,2.227,1.955,2.818,1.5,0.045,0.136,3.591,20.636,77.873,1.5,7.269,1.955,3.455,3.773,85.542,3.636,0.591,0.545,0.409,0.227,1.591,1.136,0.455,59.364,73.33,29.773,50.153,9.136,30.687,0.682,1.909,0.227,0.682,20.0,0.909,50.0,12,0.545,0.182,0.864,0.318,63.158,3.773,20.343,2.045,19,3.952,0.048,12,4.785,-0.201,7,2.526,0.474,0.0,0.0,,0.0,3.909,12.591,5.727,3.318
Aidan Corr,North Melbourne,27,27.62,Key Defender,2,11.25,80.5,64.5,0,0.0,0,0,74.0,9.5,6.5,16.0,78.125,68.421,92.308,59.375,1.0,4.5,321.5,20.094,2.0,8.0,1.0,16.0,16.486,-16.486,60.128,6.539,5.5,8.5,14.0,39.286,7.5,4.0,0.0,1.5,2.5,5.0,3.5,0.0,0.5,2.5,0.0,0.0,0.0,,0.5,0.5,0.5,100.0,4.5,0.5,0.0,2.0,0.0,0.5,0.5,0.0,0.0,0.0,0.0,,0.0,,0.0,2.5,0.5,3.5,14.286,0.0,,0,0.0,0.5,0.5,0.0,0.0,1.5,8.824,1.0,1,3.796,-2.796,1,3.796,-2.796,0,,,3.0,21.429,83.333,0.0,4.5,9.0,6.5,4.0
Jy Simpkin,North Melbourne,23,23.82,Midfielder,22,11.359,97.182,95.455,33,1.5,8,1,82.864,14.773,12.136,26.909,70.27,58.154,85.019,54.899,4.682,1.318,354.238,13.097,4.545,5.92,5.273,5.103,25.788,-3.719,55.363,-2.949,10.682,16.409,27.091,39.43,3.136,7.227,0.455,1.909,5.318,4.318,3.273,1.636,1.364,11.045,20.909,78.902,2.864,13.696,2.318,5.182,5.864,76.744,4.364,0.091,0.182,0.364,0.455,1.545,1.273,0.273,0.0,0.0,0.0,,0.0,,0.0,3.818,0.273,0.227,60.0,0.091,0.0,2,0.091,0.227,0.591,0.636,15.385,4.818,25.98,1.318,13,2.297,-0.989,4,2.505,-0.755,9,2.204,-1.093,0.0,0.0,,0.5,1.455,19.636,10.591,0.455
Cameron Zurhaar,North Melbourne,23,23.61,Gen. Forward,20,7.28,63.95,61.85,13,0.65,4,1,76.95,8.15,3.6,11.75,65.957,58.896,81.944,69.362,2.35,0.3,211.45,17.996,3.2,3.672,2.7,4.352,29.453,0.444,53.359,0.25,4.6,7.35,11.95,38.494,1.1,2.6,1.45,1.45,1.15,3.6,2.2,0.4,0.65,3.5,0.35,1.284,0.2,57.143,0.65,0.85,0.75,80.0,3.75,0.7,1.7,0.05,0.9,0.95,1.35,-0.4,0.0,0.0,0.0,,0.0,,0.0,2.9,1.1,0.0,,1.55,22.581,31,1.55,1.15,3.1,0.35,50.0,4.85,25.26,0.5,62,3.244,0.127,40,3.524,0.251,22,2.735,-0.098,0.0,0.0,,0.1,0.85,11.95,3.3,0.4
Willem Drew,Port Adelaide,23,23.24,Midfielder,24,10.775,83.958,74.833,17,0.708,4,0,71.375,7.375,10.292,17.667,73.585,58.757,84.211,41.745,2.583,0.75,177.375,10.04,2.708,6.523,2.625,6.73,27.158,-3.417,53.908,-5.707,8.875,8.833,17.708,50.118,2.167,6.333,0.917,2.542,3.792,3.583,2.792,1.083,1.333,5.875,15.458,60.227,1.458,9.434,2.458,3.917,4.708,76.991,2.167,0.208,0.167,0.333,0.125,0.875,1.25,-0.375,0.0,0.0,0.0,,0.0,,0.0,6.833,0.958,0.042,100.0,0.25,33.333,4,0.167,0.167,0.5,0.333,33.333,3.792,16.697,1.083,12,3.032,-0.699,4,3.635,-0.385,8,2.731,-0.856,0.0,0.0,,0.042,1.75,25.458,11.708,0.333
Kane Farrell,Port Adelaide,22,22.79,Mid-Forward,10,6.85,48.2,47.1,3,0.3,1,0,70.0,6.7,5.5,12.2,72.131,67.164,78.182,54.918,2.3,0.3,229.1,18.779,2.4,5.083,3.3,3.697,26.077,3.748,50.086,-0.963,3.6,8.7,12.3,29.268,1.7,3.4,0.5,1.2,2.2,2.4,2.2,0.0,0.7,5.3,0.1,0.373,0.2,100.0,0.5,0.7,0.9,55.556,2.3,0.2,0.1,0.3,0.2,0.1,1.1,-1.0,0.0,0.0,0.0,,0.0,,0.0,2.4,0.7,0.1,100.0,0.4,0.0,4,0.4,0.3,0.7,0.4,57.143,3.7,15.812,0.7,7,2.151,1.706,1,1.563,4.437,6,2.249,1.251,0.0,0.0,,0.0,0.5,12.9,5.3,0.4
Xavier Duursma,Port Adelaide,21,21.48,Midfielder,11,7.582,73.727,73.091,0,0.0,0,0,80.182,10.091,8.727,18.818,78.744,69.369,89.583,53.623,3.273,1.182,280.364,14.899,3.091,6.088,3.636,5.175,23.821,-0.589,59.76,-3.195,5.636,13.273,18.909,29.808,3.0,4.182,0.636,1.727,2.455,4.182,3.0,0.182,1.273,8.0,0.091,0.341,0.455,100.0,0.545,1.0,0.545,66.667,4.727,0.273,0.273,0.636,0.182,1.182,0.818,0.364,0.0,0.0,0.0,,0.0,,0.0,2.636,0.364,0.0,,0.091,0.0,3,0.273,0.273,1.091,0.0,25.0,3.182,12.963,0.182,12,3.02,-1.27,4,2.771,-1.271,8,3.144,-1.269,0.0,0.0,,0.364,0.636,15.545,6.545,0.364
Zak Butters,Port Adelaide,21,21.31,Mid-Forward,12,12.358,79.583,75.417,12,1.0,3,1,76.75,9.25,9.5,18.75,79.111,69.369,88.596,49.333,2.0,0.75,172.0,9.173,2.917,6.429,2.417,7.759,29.808,8.828,63.46,10.403,7.083,11.0,18.083,39.171,2.083,5.583,0.833,1.5,4.083,3.917,3.167,0.417,1.167,5.667,5.417,20.635,0.667,12.308,2.0,2.667,2.167,84.615,4.167,0.167,0.5,0.167,0.417,1.0,1.0,0.0,0.0,0.0,0.0,,0.0,,0.0,3.5,0.667,0.083,100.0,0.333,0.0,8,0.667,0.167,0.917,0.75,72.727,5.75,24.211,1.083,11,3.823,0.723,8,3.796,0.204,3,3.894,2.106,0.0,0.0,,0.667,1.5,14.333,5.083,0.333
Miles Bergman,Port Adelaide,20,20.2,Midfielder,23,5.161,55.826,59.565,2,0.087,1,0,69.826,8.652,5.478,14.13,71.385,65.327,80.952,61.231,1.652,1.391,223.913,15.846,2.174,6.5,2.913,4.851,20.636,-4.065,59.703,0.297,4.435,9.739,14.174,31.288,3.304,3.261,0.261,1.13,2.13,3.217,2.217,0.13,0.913,4.87,0.0,0.0,0.087,,0.609,0.696,0.652,60.0,4.391,0.217,0.174,0.913,0.13,0.696,0.217,0.478,0.0,0.0,0.0,,0.0,,0.0,1.826,0.217,0.652,46.667,0.087,50.0,7,0.304,0.304,0.696,0.13,43.75,2.565,11.324,0.696,16,2.949,0.114,6,3.556,0.778,10,2.585,-0.285,0.087,0.826,100.0,0.087,1.13,9.913,5.043,0.783
Travis Boak,Port Adelaide,33,33.41,Midfielder,23,13.339,106.087,98.0,59,2.565,10,25,81.087,13.261,14.565,27.826,69.688,55.738,82.388,47.656,4.217,1.087,339.391,12.197,3.826,7.273,4.522,6.154,27.355,5.451,49.983,2.981,12.957,15.217,28.174,45.988,2.652,8.304,1.087,2.826,5.478,4.87,4.043,2.696,1.522,10.957,19.217,74.411,2.913,15.158,3.304,6.217,7.261,77.246,2.913,0.087,0.435,0.174,0.391,1.609,1.087,0.522,0.043,0.051,0.0,0.0,0.0,,0.0,4.783,0.652,0.13,0.0,0.13,33.333,8,0.348,0.783,1.261,0.87,27.586,6.391,27.947,1.261,29,2.929,-0.653,13,3.184,-0.415,16,2.722,-0.847,0.0,0.0,,0.087,1.174,20.609,8.261,0.13
Ollie Wines,Port Adelaide,27,27.23,Midfielder,24,14.938,113.417,111.958,108,4.5,18,36,77.292,15.083,17.292,32.375,68.468,50.552,84.096,46.589,5.208,1.625,429.625,13.27,4.708,6.876,6.0,5.396,26.306,-1.9,48.337,-5.964,14.75,17.167,31.917,46.214,4.0,9.792,1.0,4.333,5.458,6.25,5.083,3.125,2.125,11.833,18.875,73.539,2.333,12.362,3.583,5.917,8.167,69.898,4.167,0.5,0.458,0.583,0.333,1.375,0.792,0.583,0.042,0.05,0.0,0.0,0.0,,0.0,4.375,0.542,0.208,60.0,0.333,37.5,10,0.417,0.625,1.292,0.583,32.258,6.417,28.257,1.792,31,2.763,-0.344,10,3.175,-0.975,21,2.568,-0.044,0.0,0.0,,0.125,1.25,19.0,9.333,0.25
Aliir Aliir,Port Adelaide,27,27.32,Key Defender,24,11.717,87.042,66.292,40,1.667,6,7,96.458,11.167,4.167,15.333,83.696,81.716,89.0,72.826,0.833,3.917,247.0,16.109,2.083,7.36,2.417,6.345,18.493,0.184,67.801,-0.097,6.5,8.083,14.583,44.571,8.583,3.083,0.042,0.958,2.125,6.125,2.875,0.125,0.792,3.0,0.083,0.325,0.0,0.0,0.25,0.25,0.25,66.667,6.5,2.125,0.125,3.625,0.042,1.042,0.833,0.208,0.625,0.745,0.208,33.333,0.125,60.0,0.0,1.542,0.0,4.958,16.807,0.125,33.333,0,0.0,0.042,0.083,0.0,0.0,2.083,9.174,1.375,2,3.478,-2.978,2,3.478,-2.978,0,,,0.625,5.929,73.333,0.083,6.25,6.417,5.0,5.417
Orazio Fantasia,Port Adelaide,26,26.29,Gen. Forward,15,8.913,59.8,61.933,15,1.0,3,0,79.4,8.4,3.467,11.867,56.742,49.206,75.0,70.787,3.267,0.067,273.8,23.073,1.667,7.12,2.733,4.341,34.31,3.426,49.471,-0.415,3.933,7.733,11.667,33.714,1.0,2.867,1.733,0.467,2.467,3.467,2.533,0.067,1.267,2.733,0.0,0.0,0.133,,0.4,0.533,0.4,66.667,3.2,0.067,1.333,0.067,1.133,0.667,0.4,0.267,0.0,0.0,0.0,,0.0,,0.0,2.0,1.0,0.0,,1.067,18.75,28,1.867,1.533,3.8,0.533,49.123,6.0,25.424,0.733,57,3.206,0.144,23,3.452,0.113,34,3.04,0.166,0.0,0.0,,0.267,0.6,11.933,2.133,0.133
Karl Amon,Port Adelaide,26,26.36,Midfielder,24,10.312,92.292,97.917,44,1.833,10,11,82.125,15.417,8.167,23.583,72.438,67.568,81.633,65.371,4.667,2.375,479.917,20.35,3.292,7.165,4.333,5.442,23.656,-3.978,54.876,0.286,4.833,18.417,23.25,20.789,2.333,3.583,0.625,1.292,2.292,2.625,2.25,0.375,0.833,11.25,6.583,25.649,0.5,7.595,1.417,1.917,1.833,72.727,5.875,0.042,0.208,0.25,0.167,0.667,0.917,-0.25,0.0,0.0,0.0,,0.0,,0.0,4.083,0.667,0.208,60.0,0.167,25.0,11,0.458,0.708,1.333,0.417,34.375,5.458,24.037,0.917,32,2.381,0.213,9,2.39,-0.39,23,2.377,0.449,0.0,0.0,,0.5,1.208,19.083,8.75,0.458
Darcy Byrne-Jones,Port Adelaide,26,26.27,Gen. Defender,24,6.854,75.083,76.208,19,0.792,5,0,80.25,12.542,7.458,20.0,71.042,64.12,82.682,62.708,2.458,2.833,265.5,13.275,2.75,7.273,3.75,5.333,21.588,-7.458,61.065,-4.905,5.583,13.625,19.208,29.067,5.625,4.167,0.042,0.833,3.333,4.292,3.208,0.25,1.417,8.125,0.292,1.136,0.167,57.143,0.958,1.125,0.958,69.565,4.333,0.208,0.0,0.792,0.125,1.083,0.5,0.583,0.0,0.0,0.0,,0.0,,0.0,2.75,0.0,0.958,30.435,0.0,,0,0.0,0.083,0.125,0.333,0.0,2.917,12.844,0.958,3,1.95,-1.283,1,1.681,-1.681,2,2.085,-1.085,0.0,0.0,,0.292,2.25,16.0,11.625,1.25
Ryan Burton,Port Adelaide,24,24.91,Gen. Defender,24,7.246,75.25,73.958,9,0.375,4,0,76.583,13.333,4.708,18.042,74.365,71.875,81.416,73.903,1.875,4.25,356.042,19.734,2.625,6.873,3.917,4.606,18.337,0.119,57.903,2.164,4.875,10.958,15.833,30.789,5.083,3.583,0.083,1.125,2.458,4.042,2.917,0.083,1.25,5.0,0.0,0.0,0.042,,0.625,0.667,0.458,81.818,5.542,0.5,0.042,1.083,0.0,0.583,0.958,-0.375,0.0,0.0,0.0,,0.0,,0.0,2.542,0.0,1.333,31.25,0.042,100.0,0,0.0,0.042,0.042,0.292,0.0,2.667,11.743,0.917,1,2.537,-1.537,0,,,1,2.537,-1.537,2.083,19.763,92.0,0.0,1.833,10.125,7.333,1.5
Dan Houston,Port Adelaide,24,24.63,Gen. Defender,23,9.13,85.391,80.087,16,0.696,3,5,76.0,13.609,7.304,20.913,78.17,72.524,88.69,65.073,3.0,2.783,355.783,17.012,2.957,7.074,3.957,5.286,21.661,-0.755,59.165,-1.674,6.478,13.957,20.435,31.702,5.087,5.261,0.435,1.478,3.783,4.739,3.87,0.13,1.478,8.652,1.957,7.692,0.348,17.778,0.913,1.261,1.261,75.862,4.783,0.391,0.13,1.043,0.0,0.435,0.652,-0.217,0.0,0.0,0.0,,0.0,,0.0,2.435,0.304,0.87,35.0,0.087,100.0,7,0.304,0.261,0.696,0.652,43.75,4.13,17.992,0.913,16,2.861,0.139,5,3.297,-0.497,11,2.663,0.427,1.087,10.121,92.0,0.304,1.348,11.609,5.783,0.826
Riley Bonner,Port Adelaide,24,24.81,Gen. Defender,14,6.35,71.286,72.857,0,0.0,0,0,77.214,14.714,5.214,19.929,76.703,71.359,91.781,73.835,2.5,3.286,409.429,20.545,2.5,7.971,4.214,4.729,19.873,1.447,56.591,0.769,3.429,14.929,18.357,18.677,3.929,3.071,0.214,0.5,2.571,2.929,2.714,0.071,1.071,9.071,0.0,0.0,0.0,,0.429,0.429,0.286,100.0,4.786,0.0,0.0,0.786,0.0,0.357,0.643,-0.286,0.0,0.0,0.0,,0.0,,0.0,1.143,0.071,1.214,17.647,0.0,,2,0.143,0.071,0.286,0.429,50.0,3.929,16.717,0.714,4,2.602,0.648,1,2.748,3.252,3,2.554,-0.22,1.286,12.587,100.0,0.071,1.571,10.357,6.286,1.143
Peter Ladhams,Port Adelaide,23,23.96,Ruck,17,9.529,75.118,70.588,0,0.0,0,0,80.118,7.588,6.0,13.588,69.264,59.69,81.373,55.844,2.294,0.588,186.235,13.706,2.941,4.62,2.706,5.022,26.844,-3.249,52.749,-5.558,7.118,6.235,13.353,53.304,1.588,4.118,1.0,1.353,2.765,4.353,2.412,0.0,0.471,3.294,11.824,44.667,0.471,3.98,1.412,1.882,2.765,78.723,3.412,1.059,0.882,0.412,0.588,1.412,1.176,0.235,33.765,40.883,13.412,39.721,3.941,29.386,0.353,2.353,0.588,0.588,40.0,2.118,30.556,13,0.765,0.294,1.529,0.353,50.0,4.941,21.159,2.0,26,3.264,-0.072,17,3.613,-0.26,9,2.606,0.283,0.0,0.0,,0.0,2.118,11.471,4.353,1.529
Isaac Cumming,Greater Western Sydney,23,23.38,Gen. Defender,24,10.142,90.042,83.458,10,0.417,2,2,80.25,15.5,6.375,21.875,80.952,79.839,83.66,70.857,1.667,5.792,439.0,19.913,2.583,8.468,4.208,5.198,17.232,-0.326,61.232,0.659,5.542,11.667,17.208,32.203,5.833,3.875,0.083,1.333,2.542,4.667,3.25,0.208,1.125,6.25,0.0,0.0,0.083,,0.583,0.667,0.833,80.0,5.458,0.833,0.0,1.917,0.083,0.5,0.75,-0.25,0.0,0.0,0.0,,0.0,,0.0,2.292,0.042,0.833,20.0,0.042,100.0,1,0.042,0.167,0.25,0.083,16.667,3.083,14.369,1.458,6,2.403,-0.737,2,2.206,-1.206,4,2.502,-0.502,5.833,52.83,77.143,0.375,2.792,9.083,6.917,2.125
Sam Taylor,Greater Western Sydney,22,22.65,Key Defender,19,11.637,84.579,64.0,24,1.263,4,0,93.737,8.632,5.737,14.368,78.022,72.561,86.239,60.073,0.526,3.684,195.118,13.539,1.947,7.378,2.632,5.46,14.805,-0.171,62.285,-5.577,7.053,7.842,14.895,47.35,8.474,4.0,0.0,1.789,2.211,6.737,3.895,0.158,1.0,2.684,0.0,0.0,0.0,,0.211,0.211,0.263,80.0,6.105,1.368,0.0,3.211,0.0,1.158,0.421,0.737,0.0,0.0,0.0,,0.0,,0.0,2.105,0.0,5.632,29.907,0.105,100.0,0,0.0,0.0,0.0,0.0,,1.474,6.699,0.947,0,,,0,,,0,,,0.0,0.0,,0.053,7.842,8.421,7.158,7.053
Xavier O'Halloran,Greater Western Sydney,21,21.47,Midfielder,17,6.353,45.235,42.176,0,0.0,0,0,67.0,7.294,3.294,10.588,70.0,62.903,85.714,68.889,2.235,1.0,249.333,22.13,1.824,5.806,2.353,4.5,25.664,5.528,52.785,-5.078,3.647,6.824,10.471,34.831,2.471,2.647,0.294,1.059,1.588,2.765,1.941,0.176,0.824,3.471,0.0,0.0,0.412,,0.412,0.824,0.588,50.0,2.471,0.059,0.176,0.471,0.059,0.588,0.471,0.118,0.0,0.0,0.0,,0.0,,0.0,1.294,0.294,0.118,50.0,0.294,0.0,5,0.294,0.176,0.471,0.353,62.5,3.176,14.211,0.941,8,3.185,0.94,5,3.089,-0.089,3,3.344,2.656,0.0,0.0,,0.0,1.353,13.647,6.941,0.588
Bobby Hill,Greater Western Sydney,21,21.89,Gen. Forward,17,5.912,49.412,47.412,0,0.0,0,0,72.0,6.647,2.412,9.059,64.286,55.752,87.805,73.377,2.353,0.412,182.733,20.304,1.412,6.417,1.765,5.133,32.977,10.1,59.276,6.878,2.765,6.0,8.765,31.544,0.706,1.882,0.824,0.588,1.294,2.529,1.824,0.0,0.588,3.0,0.0,0.0,0.0,,0.294,0.294,0.118,100.0,1.941,0.118,0.706,0.059,0.294,0.588,0.235,0.353,0.0,0.0,0.0,,0.0,,0.0,2.824,1.059,0.0,,0.353,16.667,14,0.824,0.706,2.353,1.0,35.0,3.941,18.306,0.353,41,3.076,-0.735,16,3.327,-0.764,25,2.916,-0.716,0.0,0.0,,0.412,1.059,13.412,3.529,0.294
Connor Idun,Greater Western Sydney,21,21.42,Gen. Defender,23,5.696,60.0,54.913,1,0.043,1,0,84.87,7.522,4.913,12.435,84.266,82.081,87.611,60.49,0.826,2.304,165.286,13.198,1.13,11.0,1.826,6.81,16.369,-2.919,68.71,-3.212,3.478,9.217,12.696,27.397,3.609,2.391,0.0,1.0,1.435,3.174,2.261,0.087,0.826,3.391,0.0,0.0,0.0,,0.304,0.304,0.261,100.0,5.391,0.13,0.043,0.522,0.0,0.652,0.478,0.174,0.0,0.0,0.0,,0.0,,0.0,1.783,0.0,2.217,15.686,0.0,,0,0.0,0.0,0.0,0.043,,1.522,7.085,0.391,0,,,0,,,0,,,0.087,0.816,50.0,0.043,4.13,7.043,6.0,3.348
Lachie Ash,Greater Western Sydney,20,20.52,Gen. Defender,23,5.691,69.913,70.304,4,0.174,2,0,75.565,11.522,5.522,17.043,77.041,75.849,79.528,67.602,2.0,2.783,256.333,15.694,1.957,8.711,2.87,5.939,19.277,-3.614,63.099,-1.653,4.0,11.739,15.739,25.414,3.174,3.304,0.217,0.957,2.348,3.0,2.478,0.13,0.826,6.087,1.174,4.419,0.087,7.407,0.696,0.783,0.696,75.0,4.826,0.13,0.0,0.522,0.087,0.261,0.435,-0.174,0.0,0.0,0.0,,0.0,,0.0,2.739,0.0,0.696,18.75,0.174,25.0,1,0.043,0.043,0.217,0.087,20.0,2.087,9.639,0.696,5,2.884,-1.484,0,,,5,2.884,-1.484,1.522,13.619,88.571,0.826,1.565,12.174,7.957,1.043
Tom Green,Greater Western Sydney,20,20.93,Midfielder,18,9.667,77.222,69.667,20,1.111,5,6,70.889,7.722,12.222,19.944,71.588,58.273,80.0,38.719,2.278,0.889,197.062,9.702,2.889,6.904,3.0,6.648,25.745,-5.406,56.228,-4.534,9.944,10.5,20.444,48.641,1.667,7.111,1.0,4.167,2.944,3.889,3.111,1.5,1.056,6.833,10.889,40.58,1.111,10.204,3.111,4.222,4.833,79.31,3.0,0.167,0.389,0.056,0.556,1.056,0.833,0.222,1.5,1.706,0.056,3.704,0.0,0.0,0.056,2.944,0.333,0.222,25.0,0.556,40.0,7,0.389,0.333,1.056,0.222,36.842,4.667,21.818,1.167,19,2.626,-0.1,8,2.749,-0.749,11,2.536,0.373,0.0,0.0,,0.222,1.056,16.722,7.167,0.333
Jack Buckley,Greater Western Sydney,24,24.03,Key Defender,15,8.173,62.067,49.933,0,0.0,0,0,81.667,7.467,3.8,11.267,81.657,77.679,89.474,66.272,0.8,2.333,178.769,16.028,2.2,5.121,2.267,4.971,17.305,1.214,59.766,3.197,4.667,7.133,11.8,39.548,5.0,3.333,0.0,1.067,2.267,4.533,3.267,0.067,0.8,2.733,0.133,0.49,0.067,50.0,0.133,0.2,0.067,100.0,4.533,0.6,0.067,1.267,0.0,0.467,1.133,-0.667,0.733,0.876,0.067,9.091,0.0,0.0,0.0,2.267,0.0,3.0,31.111,0.2,33.333,0,0.0,0.133,0.2,0.067,0.0,1.667,7.599,0.533,3,2.969,-2.302,1,4.375,-3.375,2,2.266,-1.766,0.0,0.0,,0.0,5.067,8.533,6.133,4.133
Callan Ward,Greater Western Sydney,31,31.72,Midfielder,24,12.404,91.958,82.708,33,1.375,6,8,79.167,11.583,11.125,22.708,76.147,65.827,86.891,51.009,3.042,1.625,292.364,13.317,2.125,10.686,3.208,7.078,23.774,-1.643,56.492,-5.262,9.458,14.0,23.458,40.32,2.375,6.292,0.5,2.333,3.958,3.625,2.542,1.583,1.375,9.208,15.833,59.375,1.583,10.0,2.708,4.292,4.667,74.107,3.75,0.292,0.25,0.417,0.333,1.458,1.0,0.458,1.25,1.425,0.208,16.667,0.042,20.0,0.042,2.958,0.208,0.292,14.286,0.167,50.0,15,0.625,0.208,1.125,0.375,55.556,4.875,22.718,1.625,27,2.776,0.742,11,3.435,0.565,16,2.324,0.864,0.042,0.377,100.0,0.125,1.333,14.083,7.542,0.583
Lachlan Keeffe,Greater Western Sydney,31,31.71,Key Defender,8,8.488,63.125,50.5,3,0.375,1,0,92.875,7.125,2.75,9.875,77.215,71.93,90.909,72.152,0.875,1.625,129.833,14.698,1.75,5.643,1.625,6.077,17.028,-3.82,63.253,2.785,3.625,5.625,9.25,39.189,4.125,2.125,0.0,0.75,1.375,3.375,1.875,0.0,0.25,1.375,1.5,5.66,0.0,0.0,0.0,0.0,0.125,0.0,4.625,1.0,0.25,1.75,0.375,0.5,0.625,-0.125,6.0,7.328,2.375,39.583,0.25,10.526,0.0,2.0,0.25,4.25,26.471,0.625,0.0,1,0.125,0.0,0.25,0.0,50.0,1.125,4.972,0.25,2,2.662,0.338,2,2.662,0.338,0,,,0.0,0.0,,0.125,7.375,8.875,6.375,6.625
Stephen Coniglio,Greater Western Sydney,28,28.04,Mid-Forward,7,6.986,59.857,60.714,0,0.0,0,0,65.286,8.714,6.0,14.714,59.223,44.262,80.952,59.223,2.571,1.0,175.833,13.354,2.143,6.867,3.857,3.815,27.755,-9.755,47.385,-15.385,7.286,8.286,15.571,46.789,1.429,4.143,0.714,1.571,2.571,3.0,2.0,1.429,0.857,5.571,9.429,35.676,1.429,15.152,2.143,3.571,3.571,88.0,2.0,0.0,0.429,0.0,0.143,1.0,0.429,0.571,0.286,0.305,0.0,0.0,0.0,,0.0,3.857,1.286,0.143,0.0,0.429,33.333,1,0.143,0.571,1.143,0.143,12.5,3.143,15.714,0.429,8,2.392,-1.142,4,2.191,-1.941,4,2.592,-0.342,0.0,0.0,,0.0,1.571,15.429,5.286,0.143
Nick Haynes,Greater Western Sydney,29,29.62,Gen. Defender,21,8.548,77.333,72.238,10,0.476,3,0,82.476,12.048,5.714,17.762,76.944,72.332,86.667,67.828,1.286,3.571,336.895,19.051,2.571,6.907,3.714,4.782,17.222,-2.058,57.733,0.464,4.667,13.095,17.762,26.273,6.619,3.19,0.095,0.81,2.381,4.286,2.952,0.143,1.095,5.381,0.0,0.0,0.095,,0.19,0.286,0.286,66.667,7.429,0.714,0.048,2.667,0.048,0.667,0.619,0.048,0.0,0.0,0.0,,0.0,,0.0,0.81,0.0,2.619,27.273,0.095,100.0,1,0.048,0.048,0.143,0.048,33.333,2.238,10.829,0.905,3,3.506,-1.173,2,4.204,-0.704,1,2.11,-2.11,0.0,0.0,,0.429,4.286,6.095,4.667,3.857
Toby Greene,Greater Western Sydney,28,28.26,Gen. Forward,18,13.917,90.111,83.278,41,2.278,7,6,90.389,12.889,4.278,17.167,54.693,50.0,68.831,75.081,4.167,0.167,380.375,22.375,3.778,4.544,4.278,4.013,34.399,1.736,49.609,4.172,8.611,9.0,17.611,48.896,1.333,5.444,2.778,2.389,3.056,7.167,4.444,0.222,1.111,4.278,1.833,6.933,0.278,15.152,0.889,1.167,1.056,78.947,4.333,1.278,1.944,0.056,1.0,1.833,1.611,0.222,0.444,0.509,0.111,25.0,0.056,50.0,0.0,2.167,0.722,0.056,0.0,3.278,37.288,45,2.5,2.278,5.722,0.889,43.689,8.278,38.205,0.778,103,3.161,-0.141,48,3.281,-0.156,55,3.055,-0.128,0.0,0.0,,0.222,1.056,12.389,3.056,0.444
Josh Kelly,Greater Western Sydney,26,26.88,Midfielder,23,11.861,107.261,103.478,61,2.652,10,11,83.174,14.478,11.652,26.13,69.884,57.958,84.701,55.408,4.696,2.217,456.381,17.331,3.0,8.71,4.739,5.514,22.843,-0.58,48.954,-6.618,9.696,16.957,26.652,36.378,2.565,7.261,1.13,2.783,4.478,4.304,3.739,1.043,2.043,11.435,13.0,48.618,1.304,10.033,2.739,4.043,3.957,79.121,3.565,0.043,0.217,0.174,0.174,1.0,0.739,0.261,0.0,0.0,0.0,,0.0,,0.0,5.609,0.696,0.13,66.667,0.391,11.111,16,0.696,0.652,2.0,0.217,34.783,5.957,27.621,1.739,46,2.791,-0.378,8,3.588,-0.088,38,2.624,-0.44,0.0,0.0,,0.435,1.783,22.435,11.348,0.435
Harry Himmelberg,Greater Western Sydney,25,25.64,Key Forward,24,9.096,70.833,62.625,3,0.125,2,0,91.25,8.083,4.458,12.542,67.11,61.856,76.636,64.452,2.125,0.208,228.091,18.654,2.875,4.362,3.125,4.013,26.511,5.235,54.708,1.641,6.167,6.917,13.083,47.134,1.0,3.625,1.958,1.667,1.958,5.75,3.333,0.042,1.125,2.5,0.0,0.0,0.0,,0.208,0.208,0.333,87.5,4.5,1.167,1.458,0.208,0.625,0.917,0.875,0.042,2.0,2.28,0.208,10.417,0.125,60.0,0.0,1.917,1.167,0.0,,3.667,29.545,36,1.5,0.792,2.542,1.083,59.016,5.625,26.214,0.708,61,3.7,0.152,43,3.978,0.069,18,3.038,0.351,0.0,0.0,,0.25,2.375,8.875,1.917,1.375
Matt Flynn,Greater Western Sydney,24,24.29,Ruck,12,12.125,87.0,70.25,3,0.25,1,0,72.75,4.583,7.333,11.917,75.524,58.182,86.364,38.462,1.25,0.917,73.182,6.44,1.917,6.217,2.0,5.958,26.182,2.079,54.677,-9.024,8.333,4.417,12.75,65.359,2.167,3.667,0.25,1.833,1.833,4.833,2.25,0.0,0.583,2.167,15.75,57.273,0.667,4.233,1.417,2.083,3.167,71.053,3.917,2.083,0.917,1.0,0.167,1.333,0.75,0.583,45.167,52.015,18.333,40.59,6.25,34.091,0.917,2.5,0.25,0.5,16.667,2.333,21.429,5,0.417,0.167,0.583,0.167,71.429,4.083,20.248,2.417,7,4.553,0.018,7,4.553,0.018,0,,,0.0,0.0,,0.0,3.25,10.667,5.083,2.167
Jacob Hopper,Greater Western Sydney,24,24.89,Midfielder,23,11.87,97.522,90.0,51,2.217,10,15,80.13,13.522,12.826,26.348,67.492,59.164,76.271,51.32,4.304,1.826,411.667,15.804,4.565,5.771,4.522,5.827,24.963,1.655,50.298,1.501,12.0,14.609,26.609,45.098,2.13,8.739,0.696,4.739,4.0,2.913,2.478,2.043,0.739,9.913,19.391,72.52,2.304,11.883,4.0,6.304,7.478,76.163,3.13,0.043,0.174,0.13,0.043,1.261,1.696,-0.435,0.0,0.0,0.0,,0.0,,0.0,3.826,0.304,0.174,50.0,0.217,0.0,10,0.435,0.304,0.87,0.435,50.0,5.217,24.194,1.348,20,3.062,0.288,7,3.847,-0.847,13,2.64,0.898,0.0,0.0,,0.391,0.87,15.565,7.478,0.348
Tim Taranto,Greater Western Sydney,23,23.92,Mid-Forward,24,10.638,96.0,106.5,48,2.0,9,15,82.25,15.5,11.042,26.542,63.736,50.538,82.264,58.399,4.292,1.667,380.136,14.494,4.75,5.588,6.125,4.333,24.14,-2.071,53.766,-7.904,9.875,15.542,25.417,38.852,3.292,7.125,1.167,2.417,4.708,4.708,3.792,1.292,1.333,9.542,12.958,48.594,1.708,13.183,2.542,4.25,4.583,75.455,4.917,0.208,0.375,0.333,0.292,1.083,0.958,0.125,0.042,0.048,0.0,0.0,0.0,,0.0,5.292,0.875,0.25,50.0,0.417,10.0,13,0.542,0.542,1.542,0.333,35.135,5.417,25.243,1.5,37,2.79,-0.331,12,2.992,-1.075,25,2.693,0.027,0.0,0.0,,0.042,1.167,23.0,10.708,0.375
Harry Perryman,Greater Western Sydney,23,23.03,Gen. Defender,18,10.272,91.389,84.611,13,0.722,4,0,80.278,14.889,7.333,22.222,73.5,70.522,79.545,67.0,2.222,4.889,421.824,19.174,2.611,8.511,4.667,4.762,19.424,-1.097,57.23,-0.258,6.778,14.222,21.0,32.275,5.5,5.333,0.389,1.167,4.167,4.889,4.0,0.389,1.5,9.0,0.056,0.213,0.111,100.0,1.333,1.444,1.278,73.913,5.111,0.556,0.222,1.611,0.0,0.667,0.333,0.333,0.0,0.0,0.0,,0.0,,0.0,2.167,0.111,1.167,33.333,0.222,50.0,4,0.222,0.278,0.722,0.222,30.769,3.333,15.424,1.167,13,2.264,-0.033,7,2.152,-0.009,6,2.393,-0.06,2.111,18.627,71.053,0.0,2.0,10.556,7.111,1.056
Jack Higgins,St Kilda,22,22.78,Gen. Forward,19,9.084,75.105,69.053,14,0.737,2,1,82.421,8.474,6.895,15.368,68.836,60.87,78.626,55.137,2.737,0.105,232.294,15.015,2.158,7.122,3.421,4.492,30.988,0.743,51.76,-3.683,6.211,9.0,15.211,40.83,1.105,4.632,2.316,1.684,2.947,5.579,4.158,0.105,2.316,4.105,0.684,2.61,0.0,0.0,0.421,0.421,0.421,75.0,4.158,0.526,1.526,0.0,1.158,1.053,0.632,0.421,0.0,0.0,0.0,,0.0,,0.0,2.211,1.105,0.0,,1.737,21.212,27,1.421,0.842,2.632,0.421,54.0,5.579,27.041,0.632,50,3.424,0.136,33,3.538,-0.235,17,3.204,0.855,0.0,0.0,,0.105,0.684,14.684,2.895,0.263
Hunter Clark,St Kilda,22,22.76,Gen. Defender,13,7.869,73.692,72.615,3,0.231,2,0,71.385,11.846,7.308,19.154,73.092,70.13,77.895,61.847,1.692,1.923,251.545,13.303,2.923,6.553,2.769,6.917,23.616,0.709,61.389,8.881,6.462,12.538,19.0,34.008,4.308,5.308,0.154,1.615,3.692,4.308,3.692,0.462,1.154,7.692,4.0,14.689,0.385,9.615,1.231,1.615,1.462,94.737,4.077,0.077,0.0,0.769,0.077,0.615,1.231,-0.615,0.077,0.09,0.0,0.0,0.0,,0.0,3.077,0.385,0.538,42.857,0.077,0.0,2,0.154,0.077,0.308,0.308,50.0,3.308,16.165,0.923,4,3.628,-0.378,0,,,4,3.628,-0.378,0.231,2.158,100.0,0.077,0.923,14.923,8.385,0.538
Jack Bytel,St Kilda,21,21.8,Midfielder,13,6.092,48.0,49.154,0,0.0,0,0,54.231,5.385,6.077,11.462,71.141,61.429,79.747,46.98,1.846,0.692,142.417,12.566,1.923,5.96,2.462,4.656,27.694,-2.271,50.425,-4.662,5.231,6.231,11.462,45.638,0.923,4.0,0.308,1.462,2.538,1.308,1.0,0.692,0.385,3.923,11.538,44.776,0.923,8.0,2.0,2.923,3.462,77.778,1.385,0.0,0.077,0.0,0.077,0.615,0.615,0.0,0.0,0.0,0.0,,0.0,,0.0,4.231,0.692,0.077,100.0,0.231,33.333,2,0.154,0.077,0.231,0.077,66.667,2.0,9.811,0.462,3,2.101,2.233,1,2.664,3.336,2,1.819,1.681,0.0,0.0,,0.077,0.385,14.846,6.0,0.154
Nick Coffield,St Kilda,22,22.18,Gen. Defender,16,5.975,63.188,61.062,2,0.125,1,0,78.75,9.938,4.312,14.25,81.579,77.987,89.855,69.737,0.938,2.812,187.929,13.423,1.812,7.862,2.375,6.0,18.407,1.723,67.341,-2.406,3.875,10.375,14.25,27.193,5.188,2.5,0.062,0.625,1.875,3.5,2.375,0.0,0.938,4.125,0.0,0.0,0.062,,0.25,0.312,0.125,50.0,5.562,0.312,0.125,1.812,0.0,1.125,0.625,0.5,0.0,0.0,0.0,,0.0,,0.0,1.562,0.062,1.0,12.5,0.25,0.0,1,0.062,0.062,0.125,0.0,50.0,2.5,11.696,1.125,2,3.92,-0.42,2,3.92,-0.42,0,,,0.25,2.5,100.0,0.25,1.875,8.125,5.938,1.375
Jimmy Webster,St Kilda,28,28.5,Gen. Defender,20,7.335,67.2,61.75,1,0.05,1,0,76.4,10.25,5.85,16.1,78.261,72.683,88.034,63.665,0.85,3.55,252.421,15.521,1.8,8.944,2.8,5.75,19.065,-3.145,62.386,-0.694,4.75,10.4,15.15,31.353,5.1,3.8,0.0,1.1,2.7,4.05,3.15,0.05,1.45,5.2,0.0,0.0,0.0,,0.5,0.5,0.55,81.818,4.65,0.3,0.0,1.2,0.05,0.6,0.45,0.15,0.0,0.0,0.0,,0.0,,0.0,1.45,0.0,1.4,25.0,0.0,,1,0.05,0.0,0.05,0.0,100.0,2.5,11.848,0.9,1,2.579,3.421,0,,,1,2.579,3.421,1.6,15.238,53.125,0.3,2.95,10.25,7.9,2.4
Tim Membrey,St Kilda,27,27.6,Key Forward,21,8.338,79.143,77.238,17,0.81,4,3,92.476,10.81,4.048,14.857,68.91,63.877,82.353,72.756,3.143,0.381,285.947,19.828,2.714,5.474,3.286,4.522,28.104,-4.614,54.09,-3.083,5.714,9.333,15.048,37.975,2.095,3.048,1.238,0.857,2.19,5.571,2.952,0.048,1.095,2.238,0.0,0.0,0.0,,0.143,0.143,0.095,100.0,7.19,1.524,2.476,0.762,1.714,0.857,0.476,0.381,1.667,1.943,0.571,34.286,0.143,25.0,0.0,1.048,0.19,0.048,0.0,2.619,25.455,34,1.619,1.238,3.476,0.667,46.575,6.048,28.929,0.524,73,3.36,-0.209,55,3.469,-0.269,18,3.028,-0.028,0.0,0.0,,0.095,2.524,9.857,1.762,2.0
Mason Wood,St Kilda,28,28.29,Gen. Forward,9,6.256,55.0,49.667,0,0.0,0,0,52.222,5.667,4.556,10.222,69.565,64.706,75.61,55.435,1.778,0.444,148.286,13.308,1.556,6.571,1.778,5.75,28.555,3.945,49.719,5.281,3.444,7.111,10.556,32.632,0.889,3.111,1.333,1.556,1.556,2.667,2.444,0.0,0.667,2.667,0.0,0.0,0.0,,0.222,0.222,0.111,100.0,3.333,0.0,0.333,0.222,0.667,0.333,0.778,-0.444,0.222,0.26,0.0,0.0,0.0,,0.0,2.667,1.111,0.222,50.0,1.111,10.0,7,0.778,0.222,1.111,0.222,70.0,3.778,16.346,0.556,10,2.946,1.454,2,5.582,0.418,8,2.287,1.713,0.0,0.0,,0.0,0.667,9.556,3.0,0.556
Bradley Hill,St Kilda,28,28.47,Gen. Defender,22,8.155,72.545,71.409,13,0.591,2,4,84.5,12.682,7.045,19.727,79.032,74.194,87.742,64.286,2.864,2.727,394.85,19.644,2.955,6.677,4.0,4.932,22.382,2.239,57.517,1.195,3.409,15.591,19.0,17.943,2.636,2.955,0.136,0.727,2.227,2.5,2.136,0.045,0.909,10.5,0.0,0.0,0.045,,0.773,0.818,0.682,86.667,3.909,0.045,0.045,0.227,0.318,0.273,0.955,-0.682,0.0,0.0,0.0,,0.0,,0.0,2.318,0.0,0.5,18.182,0.227,20.0,3,0.136,0.045,0.227,0.409,60.0,4.0,19.172,0.5,5,3.463,0.337,1,2.449,-1.449,4,3.716,0.784,1.455,13.913,90.625,0.636,1.591,14.227,8.5,0.818
Jack Steele,St Kilda,26,26.04,Midfielder,22,14.741,126.0,121.864,100,4.545,15,26,85.0,14.136,15.045,29.182,70.561,61.415,79.154,48.442,4.773,1.727,372.5,12.692,3.955,7.379,4.545,6.42,25.269,1.19,49.108,1.865,13.864,15.136,29.0,47.806,3.5,8.864,1.364,3.864,4.955,5.0,4.136,2.455,1.682,9.682,21.727,83.13,2.727,12.552,3.545,6.273,7.864,78.035,4.682,0.273,0.455,0.591,0.409,1.955,1.455,0.5,0.0,0.0,0.0,,0.0,,0.0,8.455,0.909,0.045,0.0,0.409,44.444,13,0.591,0.364,1.318,0.545,44.828,5.909,28.322,1.818,29,3.006,-0.04,13,2.859,-0.628,16,3.126,0.437,0.0,0.0,,0.273,1.909,25.0,11.909,0.682
Jack Billings,St Kilda,26,26.36,Midfielder,18,7.789,82.889,83.389,13,0.722,2,2,84.333,12.111,7.944,20.056,73.684,67.431,83.217,60.388,3.222,1.722,327.438,16.685,2.278,8.805,3.722,5.388,24.257,-2.518,54.36,-1.642,5.5,14.667,20.167,27.273,2.778,4.222,1.333,1.333,2.889,4.389,3.444,0.278,1.556,7.0,0.0,0.0,0.0,,1.056,1.056,0.722,76.923,6.278,0.222,1.0,0.333,0.444,0.778,0.556,0.222,0.0,0.0,0.0,,0.0,,0.0,1.944,0.556,0.278,80.0,0.389,42.857,14,0.778,0.778,1.667,0.5,46.667,5.667,26.772,0.889,30,3.265,0.002,20,3.535,-0.635,10,2.724,1.276,0.0,0.0,,0.056,1.0,12.111,4.611,0.5
Callum Wilkie,St Kilda,25,25.81,Key Defender,22,8.0,73.182,63.227,10,0.455,3,0,96.682,11.273,3.864,15.136,87.387,85.484,92.941,74.474,0.636,4.045,247.25,16.055,2.364,6.404,2.182,6.938,16.111,0.625,67.368,6.272,4.182,10.364,14.545,28.75,5.364,2.455,0.0,0.864,1.591,3.909,2.318,0.045,0.818,4.409,0.0,0.0,0.0,,0.182,0.182,0.045,100.0,5.727,0.682,0.0,1.591,0.0,0.773,1.136,-0.364,0.0,0.0,0.0,,0.0,,0.0,1.773,0.0,3.727,26.829,0.045,100.0,0,0.0,0.045,0.091,0.091,0.0,2.545,12.2,1.091,2,2.723,-2.223,1,3.121,-2.121,1,2.325,-2.325,0.636,6.087,85.714,0.136,5.273,7.273,5.455,4.091
Jade Gresham,St Kilda,24,24.35,Mid-Forward,3,10.567,68.667,73.0,6,2.0,1,1,55.333,14.0,7.0,21.0,71.429,61.905,90.476,66.667,6.333,0.667,512.0,17.655,4.667,4.5,3.0,7.0,29.327,7.037,49.666,-4.212,5.667,12.667,18.333,30.909,1.333,4.333,0.333,2.333,2.0,1.333,1.0,1.0,0.333,7.0,11.333,38.636,2.333,20.588,2.667,5.0,4.667,71.429,4.0,0.333,0.0,0.667,0.0,0.0,1.667,-1.667,0.0,0.0,0.0,,0.0,,0.0,2.0,0.333,0.0,,0.333,0.0,1,0.333,0.0,0.333,1.0,100.0,4.333,20.968,2.0,1,2.835,3.165,0,,,1,2.835,3.165,0.0,0.0,,1.0,0.0,8.333,3.0,0.0
Dan Butler,St Kilda,25,25.57,Gen. Forward,22,7.673,53.182,54.818,2,0.091,1,0,87.136,7.727,3.545,11.273,57.258,52.353,67.949,68.548,2.727,0.227,211.1,18.277,2.545,4.429,2.682,4.203,31.179,9.415,45.45,13.956,3.955,6.682,10.636,37.179,1.136,3.0,1.227,1.227,1.773,3.591,2.727,0.045,1.364,3.455,0.273,1.043,0.091,33.333,0.273,0.364,0.455,60.0,1.955,0.0,0.5,0.0,0.091,0.818,0.909,-0.091,0.045,0.053,0.0,0.0,0.0,,0.0,3.727,1.591,0.0,,0.727,6.25,18,0.818,0.773,1.909,0.455,42.857,4.318,20.697,0.636,42,3.326,-0.349,14,3.947,0.125,28,3.015,-0.587,0.0,0.0,,0.773,1.136,21.955,5.273,0.318
Dougal Howard,St Kilda,25,25.76,Key Defender,21,10.719,80.238,61.0,4,0.19,1,0,94.429,12.19,3.238,15.429,84.259,84.375,83.824,79.012,0.524,5.19,297.579,19.231,2.0,7.714,2.714,5.684,14.065,-1.36,67.687,-0.474,3.857,7.429,11.286,34.177,5.667,2.0,0.0,0.619,1.381,3.524,1.762,0.0,0.381,2.476,0.0,0.0,0.0,,0.286,0.286,0.381,75.0,4.857,0.857,0.0,2.19,0.0,0.667,0.714,-0.048,0.095,0.11,0.048,50.0,0.0,0.0,0.0,1.19,0.0,4.571,28.125,0.0,,0,0.0,0.048,0.048,0.0,0.0,1.714,8.257,0.952,1,2.609,-1.609,0,,,1,2.609,-1.609,4.952,46.018,81.731,0.048,9.0,4.762,4.19,8.238
Ben Long,St Kilda,24,24.36,Gen. Defender,15,2.967,41.667,43.933,0,0.0,0,0,68.733,6.267,3.267,9.533,65.734,59.574,77.551,65.734,1.267,1.133,160.692,17.408,2.6,3.667,2.4,3.972,20.416,-1.497,54.073,-1.37,3.533,6.267,9.8,36.054,2.533,1.933,0.533,0.733,1.2,3.133,1.667,0.0,0.667,2.533,0.0,0.0,0.0,,0.467,0.467,0.133,100.0,3.467,0.2,0.333,0.467,0.333,0.667,1.067,-0.4,0.0,0.0,0.0,,0.0,,0.0,2.333,0.667,0.4,50.0,0.333,0.0,2,0.133,0.6,0.8,0.2,16.667,2.933,14.426,0.467,12,3.474,-1.724,6,3.445,-1.778,6,3.504,-1.671,0.4,3.681,33.333,0.267,2.4,9.4,4.4,0.8
Jack Sinclair,St Kilda,26,26.88,Gen. Defender,21,11.543,86.286,79.238,15,0.714,4,0,81.571,13.381,7.714,21.095,76.298,69.039,88.889,63.431,2.524,3.714,337.368,15.596,2.429,8.686,3.667,5.753,20.599,1.92,58.191,2.877,6.619,14.286,20.905,31.663,6.0,5.238,0.143,1.571,3.667,5.095,4.19,0.286,1.571,8.095,1.905,7.366,0.333,17.5,1.048,1.381,1.19,88.0,4.857,0.19,0.048,1.286,0.095,0.429,0.476,-0.048,0.0,0.0,0.0,,0.0,,0.0,2.286,0.143,0.429,33.333,0.048,0.0,3,0.143,0.095,0.333,0.524,42.857,4.048,19.406,1.381,7,2.611,0.246,2,2.403,0.597,5,2.695,0.105,0.857,7.965,61.111,0.619,2.238,14.238,9.048,0.952
Josh Battle,St Kilda,23,23.33,Mid-Forward,16,5.231,55.625,53.688,0,0.0,0,0,64.562,7.062,4.562,11.625,69.892,65.487,76.712,60.753,1.25,1.312,170.143,14.436,1.812,6.414,2.375,4.895,21.019,-7.617,61.448,-1.654,4.438,7.125,11.562,38.378,2.812,3.188,0.688,0.938,2.25,3.688,2.625,0.062,0.812,2.75,0.25,0.978,0.062,25.0,0.5,0.562,0.5,62.5,3.812,0.312,0.188,0.812,0.25,0.812,0.688,0.125,2.312,2.755,0.125,5.405,0.0,0.0,0.0,2.875,0.688,0.375,16.667,1.125,27.778,3,0.188,0.438,0.875,0.125,21.429,2.062,9.851,0.625,14,3.353,-1.567,9,3.459,-1.792,5,3.162,-1.162,0.125,1.117,100.0,0.062,1.562,12.125,4.375,1.312
Tom Highmore,St Kilda,23,23.84,Gen. Defender,13,6.969,62.462,56.462,8,0.615,2,0,67.769,7.462,5.769,13.231,82.558,80.412,85.333,56.395,0.692,1.615,136.5,10.706,1.769,7.478,1.462,9.053,18.782,-1.76,66.619,8.913,4.615,8.0,12.615,36.585,5.923,3.077,0.0,1.308,1.769,4.385,2.846,0.0,1.0,2.923,0.077,0.314,0.0,0.0,0.231,0.231,0.231,100.0,5.077,0.923,0.0,2.077,0.0,0.769,1.0,-0.231,0.308,0.352,0.0,0.0,0.0,,0.0,2.385,0.077,1.846,37.5,0.077,100.0,0,0.0,0.0,0.0,0.0,,2.077,10.112,0.769,0,,,0,,,0,,,0.385,3.401,80.0,0.154,2.385,8.0,5.538,1.923
Izak Rankine,Gold Coast,21,21.69,Gen. Forward,18,7.222,55.111,51.111,3,0.167,2,0,82.556,6.667,5.111,11.778,64.623,52.5,80.435,56.604,2.5,0.556,175.235,14.97,3.167,3.719,3.444,3.419,27.366,-2.366,51.101,-11.101,6.444,6.0,12.444,51.786,1.389,4.778,1.833,2.111,2.667,4.833,3.778,0.333,2.167,2.722,1.333,5.405,0.167,12.5,1.278,1.444,0.889,87.5,2.833,0.111,0.333,0.056,0.722,0.889,1.556,-0.667,0.0,0.0,0.0,,0.0,,0.0,2.556,0.778,0.0,,1.222,22.727,16,0.889,0.611,1.944,0.556,45.714,3.833,18.904,0.778,35,3.124,-0.067,8,3.603,-0.478,27,2.982,0.055,0.0,0.0,,0.389,1.556,16.111,4.722,0.444
Jack Lukosius,Gold Coast,21,21.39,Gen. Defender,22,9.341,80.682,86.0,15,0.682,5,2,84.818,17.364,2.727,20.091,73.529,72.513,80.0,86.425,4.0,5.818,618.429,30.702,3.273,6.139,5.364,3.746,19.559,2.568,50.495,3.528,3.682,13.636,17.318,21.26,4.0,2.273,0.227,0.5,1.773,3.091,1.864,0.045,0.455,5.091,0.0,0.0,0.091,,0.227,0.318,0.318,28.571,7.818,0.545,0.364,1.136,0.318,0.591,0.909,-0.318,0.0,0.0,0.0,,0.0,,0.0,1.455,0.045,0.591,23.077,0.5,18.182,3,0.136,0.5,0.818,0.409,16.667,4.364,22.588,0.818,18,2.681,-1.07,9,2.857,-0.968,9,2.505,-1.172,3.182,27.888,91.429,0.455,2.0,8.818,5.636,1.136
Ben King,Gold Coast,21,21.48,Key Forward,22,6.85,53.364,50.909,14,0.636,4,3,90.455,5.727,2.455,8.182,65.556,61.111,75.926,70.0,1.409,0.045,159.238,19.218,1.5,5.455,2.045,4.0,33.613,-0.28,46.486,-4.264,4.091,4.364,8.455,48.387,0.227,2.227,1.318,1.091,1.136,4.0,2.136,0.0,0.636,0.727,0.0,0.0,0.0,,0.091,0.091,0.045,100.0,4.091,1.091,2.182,0.0,1.364,0.818,0.5,0.318,0.773,0.875,0.182,23.529,0.045,25.0,0.0,0.773,0.455,0.0,,4.727,22.115,47,2.136,1.136,3.682,0.318,58.025,4.727,24.471,0.136,81,3.759,0.031,57,3.788,0.107,24,3.69,-0.149,0.0,0.0,,0.0,1.227,7.773,1.045,1.227
Wil Powell,Gold Coast,22,22.34,Gen. Defender,22,9.35,82.045,72.182,8,0.364,2,0,84.5,11.773,6.0,17.773,80.818,79.151,84.091,66.24,1.091,4.591,300.762,16.753,2.318,7.667,2.682,6.627,15.885,1.05,62.994,6.764,5.409,10.318,15.727,34.393,6.0,3.818,0.091,1.0,2.818,4.773,3.318,0.0,1.045,5.0,0.0,0.0,0.045,,0.5,0.545,0.227,100.0,5.227,0.545,0.0,1.864,0.091,0.955,0.636,0.318,0.0,0.0,0.0,,0.0,,0.0,2.455,0.136,1.318,24.138,0.0,,1,0.045,0.045,0.091,0.091,50.0,2.818,14.588,1.409,2,1.929,1.571,0,,,2,1.929,1.571,3.636,31.873,62.5,0.273,4.0,11.318,8.136,3.091
Connor Budarick,Gold Coast,20,20.73,Gen. Defender,2,5.45,61.5,58.0,0,0.0,0,0,76.5,9.5,4.5,14.0,85.714,84.211,88.889,67.857,1.5,2.5,165.0,11.786,2.0,7.0,2.0,7.0,18.382,13.197,68.607,10.34,4.0,10.0,14.0,28.571,4.5,3.5,0.0,0.5,3.0,4.0,3.5,0.0,2.5,4.0,0.0,0.0,0.0,,0.0,0.0,0.0,,5.5,0.0,0.0,0.5,0.0,0.5,1.5,-1.0,0.0,0.0,0.0,,0.0,,0.0,2.0,0.0,1.0,50.0,0.0,,0,0.0,0.0,0.0,0.5,,3.5,15.217,1.5,0,,,0,,,0,,,0.5,5.263,0.0,0.0,1.5,10.0,5.5,1.5
Charlie Ballard,Gold Coast,22,22.44,Key Defender,21,7.986,69.619,61.667,3,0.143,2,3,92.714,10.81,2.905,13.714,83.681,82.379,88.525,78.819,0.619,2.381,173.8,12.827,2.19,6.261,1.905,7.2,15.587,-2.743,71.923,6.976,4.714,8.952,13.667,34.495,6.952,2.714,0.0,0.524,2.19,4.524,2.524,0.0,0.857,2.714,0.0,0.0,0.0,,0.19,0.19,0.143,100.0,6.667,0.952,0.0,2.857,0.0,0.952,0.762,0.19,0.0,0.0,0.0,,0.0,,0.0,1.19,0.0,3.429,31.944,0.048,0.0,0,0.0,0.0,0.0,0.0,,1.619,8.313,1.0,0,,,0,,,0,,,0.143,1.277,33.333,0.048,5.524,7.143,5.238,4.714
Noah Anderson,Gold Coast,20,20.86,Midfielder,20,9.245,83.6,80.95,23,1.15,3,8,76.35,13.2,9.45,22.65,68.874,57.197,85.185,58.278,2.9,2.05,323.737,14.405,3.35,6.761,4.75,4.768,23.283,-4.688,54.855,-4.028,8.85,14.5,23.35,37.901,3.35,6.85,0.35,2.55,4.3,3.9,3.6,1.3,1.7,8.75,12.0,48.193,1.0,8.333,3.15,4.15,4.35,81.609,4.15,0.05,0.1,0.2,0.15,0.55,0.95,-0.4,0.0,0.0,0.0,,0.0,,0.0,3.0,0.1,0.0,,0.15,0.0,0,0.0,0.3,0.4,0.2,0.0,3.7,19.321,0.85,8,2.514,-1.764,2,2.414,-1.914,6,2.547,-1.713,0.0,0.0,,0.85,1.3,19.35,10.7,0.5
Matt Rowell,Gold Coast,20,20.5,Midfielder,12,8.333,63.0,55.25,0,0.0,0,0,69.333,5.5,8.583,14.083,76.923,63.636,85.437,39.053,1.583,0.583,86.583,6.148,2.333,6.036,2.417,5.828,25.456,-2.876,62.919,-9.694,8.083,6.167,14.25,56.725,2.417,5.667,1.083,2.417,3.25,3.333,2.75,0.583,1.333,4.0,13.083,54.325,1.333,10.191,2.333,3.667,3.75,77.778,1.833,0.0,0.0,0.5,0.167,2.0,1.083,0.917,0.0,0.0,0.0,,0.0,,0.0,4.083,0.583,0.417,60.0,0.083,0.0,2,0.167,0.0,0.25,0.25,66.667,3.0,16.901,0.917,3,2.653,1.347,1,4.185,1.815,2,1.887,1.113,0.0,0.0,,0.0,1.083,22.417,10.333,0.333
Hugh Greenwood,Gold Coast,29,29.82,Midfielder,15,14.76,92.8,87.933,16,1.067,3,0,72.733,10.2,7.333,17.533,64.639,47.712,88.182,58.175,2.733,1.333,225.071,13.129,2.2,7.97,3.467,5.058,23.607,-5.353,48.961,-1.342,12.067,5.2,17.267,69.884,3.0,8.8,1.4,4.733,4.067,4.4,3.6,1.733,0.867,3.333,14.267,58.791,2.267,15.888,4.0,6.267,6.333,82.105,1.667,0.4,0.333,0.267,0.2,1.067,0.467,0.6,3.2,3.569,0.533,16.667,0.133,25.0,0.0,8.667,1.6,0.333,40.0,1.067,25.0,6,0.4,0.4,0.867,0.667,46.154,3.733,19.113,1.533,13,2.699,0.532,3,4.305,0.029,10,2.217,0.683,0.0,0.0,,0.0,1.6,26.067,11.467,0.733
David Swallow,Gold Coast,29,29.11,Midfielder,21,9.752,89.905,89.476,6,0.286,3,0,76.857,12.286,9.619,21.905,70.217,62.016,80.693,56.087,2.714,1.905,271.15,12.105,3.19,6.866,3.81,5.75,23.216,-2.347,58.93,-3.713,8.619,13.714,22.333,38.593,3.714,6.714,0.857,2.762,3.952,4.762,3.905,0.476,1.667,7.381,12.143,48.851,0.905,7.451,1.762,2.667,2.667,69.643,5.048,0.429,0.286,0.619,0.476,0.762,1.143,-0.381,0.238,0.27,0.0,0.0,0.0,,0.0,4.714,0.619,0.238,80.0,0.238,20.0,6,0.286,0.333,0.857,0.238,33.333,4.095,21.13,0.762,18,3.038,-0.649,5,3.993,-2.193,13,2.67,-0.055,0.095,0.858,50.0,0.095,1.571,18.524,8.714,0.286
Sam Day,Gold Coast,29,29.31,Key Forward,6,5.25,56.667,50.5,0,0.0,0,0,74.0,4.333,4.5,8.833,73.585,65.385,81.481,49.057,1.5,0.167,129.167,14.623,2.167,4.077,2.167,4.077,27.209,-21.326,53.219,-17.925,4.667,4.333,9.0,51.852,0.667,2.667,0.667,1.167,1.5,4.167,2.333,0.0,1.0,1.333,3.0,13.433,0.167,5.556,0.167,0.333,0.5,66.667,3.833,1.0,1.0,0.0,1.333,0.667,0.833,-0.167,14.167,15.888,3.833,27.059,1.5,39.13,0.167,2.833,0.833,0.0,,2.833,29.412,3,0.5,0.667,1.333,0.167,37.5,2.5,12.821,0.333,8,3.908,-1.158,7,3.899,-0.899,1,3.973,-2.973,0.0,0.0,,0.0,2.667,9.667,3.5,2.333
Jarrod Witts,Gold Coast,29,29.29,Ruck,3,9.433,87.333,85.333,2,0.667,1,0,70.667,8.0,5.667,13.667,65.854,45.833,94.118,58.537,1.667,1.0,115.0,7.419,2.333,5.857,2.0,6.833,21.931,-5.264,58.144,-19.255,8.0,4.333,12.333,64.865,2.333,3.667,0.333,1.333,2.333,3.333,1.333,0.0,0.333,2.667,18.667,74.667,2.0,10.714,2.0,4.0,4.667,78.571,3.0,1.333,0.333,0.667,0.333,2.0,0.333,1.667,54.667,69.787,29.0,53.049,9.0,31.034,1.333,2.667,0.333,1.0,0.0,1.667,20.0,0,0.0,0.333,0.333,0.0,0.0,4.333,18.31,3.0,1,2.712,-1.712,1,2.712,-1.712,0,,,0.0,0.0,,0.0,2.333,9.667,3.0,1.667
Sean Lemmens,Gold Coast,27,27.16,Gen. Defender,21,4.871,52.048,50.238,0,0.0,0,0,82.048,9.333,3.429,12.762,76.866,73.469,86.111,73.134,1.286,3.0,239.45,18.929,2.905,4.393,2.857,4.467,16.609,-3.452,58.799,-0.904,4.048,8.333,12.381,32.692,4.667,2.857,0.0,0.857,2.0,3.571,2.429,0.0,0.714,4.381,0.0,0.0,0.048,,0.238,0.286,0.286,66.667,3.619,0.619,0.0,1.048,0.048,0.571,1.476,-0.905,0.0,0.0,0.0,,0.0,,0.0,2.095,0.0,1.81,23.684,0.0,,0,0.0,0.0,0.048,0.0,0.0,1.714,8.802,0.571,1,2.811,-2.811,0,,,1,2.811,-2.811,0.286,2.553,83.333,0.048,1.714,8.524,6.429,1.524
Alex Sexton,Gold Coast,28,28.07,Gen. Forward,21,5.89,47.333,51.762,0,0.0,0,0,66.095,7.952,2.381,10.333,66.359,61.677,82.0,76.959,2.857,0.238,255.1,24.066,1.81,5.711,2.952,3.5,27.693,-5.004,49.17,-9.675,3.048,7.238,10.286,29.63,1.048,2.19,1.143,0.571,1.619,2.762,1.952,0.0,1.095,2.286,0.0,0.0,0.0,,0.19,0.19,0.143,33.333,4.143,0.095,0.524,0.048,0.952,0.667,0.333,0.333,0.0,0.0,0.0,,0.0,,0.0,1.095,0.381,0.095,0.0,0.429,33.333,21,1.0,0.667,1.857,0.333,53.846,3.952,20.293,0.19,39,3.224,0.366,14,3.583,-0.083,25,3.022,0.618,0.0,0.0,,0.524,0.619,8.095,1.952,0.333
Sam Collins,Gold Coast,27,27.54,Key Defender,19,10.468,72.789,55.526,5,0.263,3,2,94.105,8.0,4.105,12.105,82.174,78.947,88.462,66.087,0.526,3.263,155.167,12.695,2.0,6.053,1.632,7.419,16.134,-7.29,72.105,-4.077,4.842,7.632,12.474,38.819,7.0,2.474,0.0,0.947,1.526,4.684,2.421,0.105,0.737,1.684,0.0,0.0,0.0,,0.105,0.105,0.158,100.0,6.263,1.263,0.0,2.684,0.053,0.947,1.053,-0.105,0.211,0.237,0.0,0.0,0.0,,0.0,1.684,0.0,5.053,28.125,0.105,100.0,0,0.0,0.0,0.0,0.0,,1.105,5.57,0.579,0,,,0,,,0,,,0.158,1.402,0.0,0.105,8.842,8.263,6.737,7.632
Nick Holman,Gold Coast,26,26.59,Gen. Forward,16,8.938,65.125,65.312,4,0.25,1,0,73.0,6.938,5.875,12.812,70.244,59.459,82.979,54.146,2.188,0.5,175.667,13.045,2.0,6.406,2.562,5.0,27.399,-3.743,53.017,-0.329,5.438,7.5,12.938,42.029,1.625,3.938,1.312,1.5,2.438,4.25,2.812,0.0,1.062,2.625,0.812,3.377,0.375,46.154,0.438,0.812,0.5,25.0,4.188,0.562,0.75,0.438,0.75,0.938,0.938,0.0,0.0,0.0,0.0,,0.0,,0.0,4.5,1.75,0.125,50.0,1.25,30.0,10,0.625,0.312,0.938,0.5,66.667,3.438,16.768,0.688,15,3.82,0.513,8,4.368,-0.243,7,3.194,1.377,0.0,0.0,,0.0,1.125,19.812,4.938,0.438
Touk Miller,Gold Coast,25,25.85,Midfielder,21,16.219,124.238,122.143,97,4.619,17,17,84.857,15.905,15.905,31.81,71.557,65.868,77.246,50.0,4.333,2.429,421.6,13.053,4.524,7.032,5.0,6.362,25.032,-1.253,57.197,2.412,12.524,19.81,32.333,38.733,2.667,8.81,0.857,4.143,4.667,3.667,2.952,1.905,1.095,13.667,19.286,78.794,2.238,11.605,3.476,5.714,7.429,73.077,4.524,0.095,0.095,0.286,0.238,1.667,1.238,0.429,0.048,0.053,0.048,100.0,0.048,100.0,0.0,7.095,0.905,0.095,100.0,0.048,0.0,8,0.381,0.381,0.952,0.381,40.0,5.571,28.606,1.429,20,2.914,-0.114,5,3.489,-0.489,15,2.722,0.011,0.048,0.413,0.0,0.143,1.476,24.286,13.143,0.286
Oleg Markov,Gold Coast,25,25.64,Gen. Defender,17,8.318,75.824,72.529,0,0.0,0,0,75.294,11.353,5.294,16.647,76.325,74.611,80.0,68.198,1.824,3.059,316.625,18.903,1.882,8.844,2.824,5.896,19.364,-0.445,62.429,2.976,4.588,11.706,16.294,28.159,4.471,3.765,0.235,0.882,2.882,4.118,3.353,0.059,1.176,5.059,0.0,0.0,0.059,,0.235,0.294,0.412,85.714,6.294,0.353,0.0,0.765,0.176,0.353,0.294,0.059,0.0,0.0,0.0,,0.0,,0.0,2.235,0.118,1.529,30.769,0.059,100.0,1,0.059,0.235,0.294,0.176,20.0,2.706,13.49,0.824,5,2.309,-0.309,0,,,5,2.309,-0.309,0.412,3.627,57.143,3.412,2.235,9.882,7.294,1.882
Lachie Weller,Gold Coast,25,25.85,Mid-Forward,13,9.085,73.385,79.538,0,0.0,0,0,76.692,10.538,8.0,18.538,71.369,62.044,83.654,56.846,3.308,2.154,333.417,17.472,2.923,6.342,4.308,4.304,22.995,1.791,51.852,-0.57,5.154,13.538,18.692,27.572,1.923,4.385,0.769,1.538,2.846,2.769,2.462,0.308,0.615,6.308,6.0,24.451,0.385,6.41,1.385,1.769,2.0,69.231,5.462,0.0,0.385,0.154,0.538,0.385,0.615,-0.231,0.0,0.0,0.0,,0.0,,0.0,3.385,0.769,0.231,33.333,0.615,25.0,7,0.538,0.231,1.0,0.385,53.846,3.923,19.615,0.769,13,2.82,0.641,6,3.393,0.607,7,2.329,0.671,0.231,2.143,66.667,1.308,0.769,16.615,8.0,0.231
Darcy Macpherson,Gold Coast,24,24.17,Gen. Forward,11,4.536,59.182,65.545,0,0.0,0,0,68.182,8.909,5.455,14.364,65.19,59.184,75.0,62.025,2.182,0.455,136.2,9.729,2.636,5.448,3.091,4.647,26.267,-2.457,61.843,0.061,5.545,8.364,13.909,39.869,2.273,3.727,1.364,1.364,2.364,4.0,3.0,0.545,1.909,3.636,2.182,8.664,0.273,12.5,0.909,1.182,1.364,53.333,4.364,0.364,0.273,0.273,0.455,0.818,0.909,-0.091,0.0,0.0,0.0,,0.0,,0.0,3.909,1.182,0.0,,0.909,10.0,1,0.091,0.545,0.727,0.182,12.5,2.909,15.311,0.455,8,3.24,-1.74,2,4.554,-3.554,6,2.802,-1.135,0.0,0.0,,0.182,1.273,19.636,6.364,0.455
Will Brodie,Gold Coast,23,23.35,Mid-Forward,5,4.86,41.2,40.2,0,0.0,0,0,55.0,5.0,7.8,12.8,70.312,56.0,79.487,39.062,1.2,0.2,153.75,10.982,2.6,4.923,2.2,5.818,26.941,-3.131,50.958,6.185,6.2,6.6,12.8,48.438,1.0,4.6,1.2,2.4,2.2,2.2,1.6,1.0,0.8,4.4,6.6,25.385,1.4,21.212,1.0,2.4,4.2,66.667,1.4,0.2,0.0,0.0,0.0,0.6,0.6,0.0,0.0,0.0,0.0,,0.0,,0.0,1.6,0.0,0.0,,0.6,0.0,0,0.0,0.2,0.4,0.0,0.0,3.2,15.686,0.8,2,2.596,-2.096,1,2.865,-1.865,1,2.327,-2.327,0.0,0.0,,0.0,0.8,12.2,4.0,0.2
Jack Bowes,Gold Coast,23,23.92,Gen. Defender,19,8.295,82.895,80.579,5,0.263,2,0,79.842,16.158,5.105,21.263,73.267,72.313,76.289,75.99,2.105,4.737,369.778,17.516,2.842,7.481,3.947,5.387,16.855,-0.883,62.138,3.835,5.105,12.526,17.632,28.955,5.579,4.211,0.211,1.0,3.211,4.053,3.368,0.053,1.158,6.263,0.0,0.0,0.211,,0.579,0.789,0.579,90.909,5.105,0.316,0.105,1.158,0.105,0.526,0.789,-0.263,0.0,0.0,0.0,,0.0,,0.0,2.0,0.158,1.211,30.435,0.158,33.333,1,0.053,0.105,0.211,0.105,25.0,2.842,14.958,1.158,4,2.933,-0.933,3,3.164,-0.497,1,2.241,-2.241,3.632,30.804,92.754,0.737,2.842,11.474,8.316,2.421
Liam Ryan,West Coast,25,25.24,Gen. Forward,14,10.714,62.0,56.5,10,0.714,2,2,78.643,8.286,2.0,10.286,62.5,62.931,60.714,80.556,2.786,0.214,234.643,22.812,2.071,4.966,2.357,4.364,31.743,5.757,53.436,6.287,3.857,6.643,10.5,36.735,0.929,2.0,0.929,0.857,1.143,3.0,1.643,0.357,0.714,2.5,0.0,0.0,0.0,,0.429,0.429,0.571,50.0,3.929,0.786,1.643,0.357,1.071,0.786,0.643,0.143,0.0,0.0,0.0,,0.0,,0.0,1.5,0.643,0.0,,1.429,45.0,24,1.714,0.714,2.857,0.714,60.0,5.071,23.667,0.357,40,3.505,0.345,25,3.534,0.226,15,3.457,0.543,0.0,0.0,,0.714,0.714,12.429,2.643,0.286
Oscar Allen,West Coast,22,22.78,Key Forward,21,8.752,63.619,57.571,16,0.762,2,6,81.143,7.333,2.762,10.095,68.868,63.636,82.759,72.642,1.381,0.81,175.333,17.368,1.905,5.3,2.143,4.711,24.201,-3.583,60.536,-1.773,4.619,5.571,10.19,45.327,1.619,1.81,0.857,0.714,1.095,4.19,1.667,0.0,0.333,2.095,1.714,6.218,0.143,8.333,0.286,0.429,0.381,87.5,4.714,1.762,1.714,0.524,0.857,0.952,0.905,0.048,5.81,6.858,1.476,25.41,0.476,32.258,0.048,1.857,0.571,0.762,25.0,1.619,29.412,28,1.333,0.762,2.476,0.524,53.846,4.333,20.588,0.857,52,3.388,0.15,41,3.362,0.053,11,3.488,0.512,0.0,0.0,,0.048,2.952,10.095,3.857,2.238
Jack Petruccelle,West Coast,22,22.72,Gen. Forward,17,7.547,47.471,48.059,5,0.294,1,0,67.941,6.353,4.059,10.412,68.927,61.111,81.159,61.017,2.471,0.235,188.588,18.113,1.647,6.321,2.0,5.206,29.586,-8.533,53.717,-1.085,4.529,6.176,10.706,42.308,1.765,3.353,1.412,1.176,2.176,3.941,2.941,0.176,1.471,2.294,0.0,0.0,0.0,,0.412,0.412,0.471,87.5,3.471,0.471,0.647,0.176,0.294,0.294,0.765,-0.471,0.0,0.0,0.0,,0.0,,0.0,1.588,0.353,0.059,100.0,1.0,35.294,16,0.941,0.471,1.706,0.353,55.172,3.471,16.253,0.588,29,3.411,0.175,7,3.305,-1.162,22,3.445,0.6,0.0,0.0,,0.118,0.529,10.412,3.176,0.235
Xavier O'Neill,West Coast,21,21.41,Mid-Forward,8,3.5,37.625,41.0,0,0.0,0,0,63.75,5.875,4.625,10.5,69.048,57.447,83.784,55.952,1.875,0.375,115.25,10.976,2.25,4.667,1.75,6.0,25.72,-12.084,55.633,-12.451,4.0,7.125,11.125,35.955,1.125,2.25,0.25,0.75,1.5,1.75,1.125,0.625,0.375,4.375,5.125,18.142,0.625,12.195,0.375,1.0,1.625,46.154,2.0,0.25,0.125,0.125,0.25,0.5,0.25,0.25,0.0,0.0,0.0,,0.0,,0.0,1.875,0.25,0.0,,0.0,,1,0.125,0.125,0.25,0.25,50.0,1.625,7.784,0.25,2,4.063,-0.563,1,5.096,-4.096,1,3.03,2.97,0.0,0.0,,0.0,1.125,13.75,6.25,0.375
Jamie Cripps,West Coast,29,29.69,Gen. Forward,22,10.0,73.273,71.0,13,0.591,2,3,86.455,9.318,4.955,14.273,63.057,55.122,77.982,65.287,3.227,0.182,273.0,19.127,2.5,5.709,2.5,5.709,29.603,10.252,48.915,9.781,5.5,9.545,15.045,36.556,0.909,3.864,1.773,1.227,2.636,3.5,2.773,0.591,1.636,4.545,0.045,0.165,0.091,100.0,1.0,1.091,1.591,60.0,3.727,0.136,0.864,0.136,0.909,0.773,0.909,-0.136,0.0,0.0,0.0,,0.0,,0.0,3.909,1.682,0.045,0.0,0.455,0.0,26,1.182,1.182,2.818,0.636,41.935,6.091,28.694,0.773,62,2.583,0.353,26,2.962,0.5,36,2.309,0.247,0.0,0.0,,0.364,1.5,20.955,6.227,0.455
Jack Darling,West Coast,29,29.55,Key Forward,22,10.532,75.182,69.636,23,1.045,4,4,96.773,8.0,4.136,12.136,68.539,67.614,70.33,65.918,2.455,0.091,230.909,19.026,2.727,4.45,2.909,4.172,28.731,6.912,54.221,3.204,6.545,6.136,12.682,51.613,0.955,2.773,1.455,1.318,1.455,6.091,2.682,0.0,0.636,1.045,0.0,0.0,0.0,,0.227,0.227,0.409,55.556,5.591,1.955,2.227,0.136,1.455,1.318,1.136,0.182,3.909,4.649,0.727,18.605,0.227,31.25,0.318,2.409,1.045,0.091,50.0,5.273,26.724,42,1.909,0.864,3.182,0.5,60.0,5.682,26.767,0.591,70,3.598,0.273,57,3.74,0.225,13,2.978,0.483,0.0,0.0,,0.045,1.591,11.955,2.909,1.045
Jeremy McGovern,West Coast,29,29.71,Key Defender,15,11.2,88.4,72.0,5,0.333,1,0,80.267,13.067,3.333,16.4,84.959,83.163,92.0,79.675,0.733,5.2,298.467,18.199,1.933,8.483,2.6,6.308,15.51,-1.969,68.448,-2.823,5.267,9.333,14.6,36.073,7.467,2.267,0.0,0.533,1.733,5.067,2.2,0.0,0.733,2.667,0.133,0.496,0.067,50.0,0.133,0.2,0.133,100.0,7.4,1.667,0.0,3.333,0.0,1.133,0.6,0.533,1.2,1.425,0.6,50.0,0.067,11.111,0.067,1.0,0.0,2.333,20.0,0.133,50.0,0,0.0,0.0,0.0,0.067,,1.933,9.603,1.133,0,,,0,,,0,,,2.267,22.368,76.471,0.0,6.067,6.333,5.333,5.6
Tim Kelly,West Coast,27,27.43,Midfielder,19,10.937,85.368,84.263,37,1.947,6,10,77.947,12.895,11.0,23.895,66.96,53.878,82.297,53.965,4.316,1.263,356.316,14.912,3.579,6.676,4.474,5.341,25.104,6.84,50.466,1.849,10.579,13.789,24.368,43.413,2.263,6.842,0.947,2.684,4.158,3.842,3.211,2.789,1.526,9.579,20.105,73.888,2.737,13.613,2.579,5.316,6.0,79.825,3.263,0.053,0.053,0.053,0.053,0.684,0.895,-0.211,0.0,0.0,0.0,,0.0,,0.0,3.368,0.737,0.105,0.0,0.105,0.0,6,0.316,0.421,0.842,0.789,37.5,5.789,27.5,1.158,16,2.43,0.32,2,2.954,0.546,14,2.355,0.288,0.0,0.0,,0.579,0.737,22.474,9.474,0.158
Liam Duggan,West Coast,25,25.05,Gen. Defender,14,6.65,75.571,78.357,4,0.286,1,0,84.5,13.429,5.5,18.929,75.472,74.468,77.922,70.943,2.357,2.786,310.357,16.396,2.214,8.548,3.857,4.907,19.643,2.579,61.138,-2.249,5.143,14.286,19.429,26.471,4.714,4.429,0.214,1.357,3.071,4.286,3.786,0.071,1.643,6.643,2.643,9.512,0.071,2.703,0.429,0.5,0.571,62.5,6.714,0.143,0.0,0.929,0.0,0.286,0.643,-0.357,0.0,0.0,0.0,,0.0,,0.0,2.143,0.071,0.714,50.0,0.0,,0,0.0,0.0,0.0,0.357,,3.071,14.777,0.643,0,,,0,,,0,,,0.071,0.719,100.0,0.071,1.643,14.714,7.786,1.357
Tom Barrass,West Coast,26,26.23,Key Defender,16,10.281,79.312,62.375,4,0.25,3,1,87.062,10.5,3.312,13.812,84.615,85.119,83.019,76.018,0.938,2.5,209.062,15.136,1.375,10.045,2.25,6.139,15.636,-1.09,68.018,-1.352,4.938,8.875,13.812,35.747,6.125,1.938,0.0,0.625,1.312,4.875,1.875,0.0,0.438,2.438,0.0,0.0,0.0,,0.062,0.062,0.0,,7.312,1.75,0.0,2.875,0.062,0.875,0.375,0.5,0.062,0.074,0.062,100.0,0.0,0.0,0.0,0.625,0.0,3.375,25.926,0.0,,0,0.0,0.0,0.0,0.0,,1.75,8.696,0.75,0,,,0,,,0,,,0.062,0.556,100.0,0.125,8.25,3.875,3.5,7.375
Tom Cole,West Coast,24,24.59,Gen. Defender,22,5.482,55.045,56.273,3,0.136,1,0,83.545,9.227,4.455,13.682,83.056,79.31,90.816,67.442,1.136,2.045,170.818,12.485,2.409,5.679,2.091,6.543,20.571,-0.468,68.176,1.927,3.273,10.091,13.364,24.49,4.409,2.045,0.0,0.409,1.636,3.0,1.909,0.045,0.909,4.545,0.0,0.0,0.091,,0.273,0.364,0.136,100.0,4.773,0.318,0.0,1.045,0.227,0.636,1.091,-0.455,0.0,0.0,0.0,,0.0,,0.0,2.0,0.0,1.182,19.231,0.0,,0,0.0,0.0,0.045,0.182,0.0,2.091,9.85,0.909,1,2.81,-2.81,0,,,1,2.81,-2.81,0.136,1.293,100.0,0.091,2.682,13.0,9.364,2.091
Josh Rotham,West Coast,23,23.84,Key Defender,19,5.932,73.947,71.579,3,0.158,2,0,87.211,12.211,3.842,16.053,87.213,86.638,89.041,76.066,1.0,3.263,276.895,17.249,2.053,7.821,2.947,5.446,16.436,2.862,64.744,-1.586,4.105,12.684,16.789,24.451,5.158,2.158,0.053,0.579,1.579,3.895,2.053,0.0,0.737,4.105,0.0,0.0,0.0,,0.053,0.053,0.105,50.0,8.474,0.684,0.0,1.684,0.0,0.684,0.895,-0.211,0.0,0.0,0.0,,0.0,,0.0,0.947,0.0,1.947,35.135,0.0,,0,0.0,0.053,0.053,0.053,0.0,2.211,10.024,0.737,1,2.259,-1.259,0,,,1,2.259,-1.259,0.316,2.941,100.0,0.211,4.158,6.684,5.368,3.0
Jamaine Jones,West Coast,23,23.25,Gen. Forward,15,6.413,44.0,38.6,1,0.067,1,0,56.067,4.267,2.467,6.733,81.188,75.0,91.892,63.366,1.667,0.667,113.533,16.861,1.067,6.312,1.267,5.316,28.776,3.878,55.311,7.954,3.2,3.933,7.133,44.86,1.333,2.067,0.333,0.533,1.533,2.6,1.867,0.267,0.6,2.067,0.733,2.523,0.2,27.273,0.2,0.4,0.333,100.0,1.4,0.0,0.333,0.067,0.133,0.733,0.4,0.333,0.0,0.0,0.0,,0.0,,0.0,3.133,1.0,0.067,0.0,0.333,0.0,11,0.733,0.2,1.0,0.333,73.333,2.933,13.333,0.533,15,3.57,1.03,6,3.385,0.948,9,3.693,1.084,0.0,0.0,,0.133,0.467,14.333,4.6,0.133
Zac Williams,Carlton,27,27.27,Gen. Defender,14,12.164,84.714,71.5,10,0.714,2,0,73.5,14.357,4.5,18.857,75.0,69.652,92.063,76.136,3.357,3.429,427.286,22.659,2.5,7.543,4.071,4.632,21.905,-3.047,55.325,4.104,6.5,11.071,17.571,36.992,5.214,4.929,0.571,1.143,3.786,4.143,3.357,0.357,1.214,6.571,4.071,14.578,0.571,14.035,1.429,2.0,1.643,86.957,3.929,0.214,0.286,1.143,0.286,0.786,1.0,-0.214,0.0,0.0,0.0,,0.0,,0.0,1.857,0.143,0.571,37.5,0.071,100.0,5,0.357,0.286,0.786,0.429,45.455,3.643,15.987,1.357,11,2.776,0.314,3,4.025,-1.358,8,2.308,0.942,1.786,17.857,84.0,0.929,1.357,11.071,6.429,0.571
Jack Martin,Carlton,26,26.92,Gen. Forward,11,7.691,68.182,62.818,2,0.182,1,0,78.273,8.545,4.182,12.727,80.0,76.596,86.957,67.143,2.364,0.545,174.455,13.707,1.909,6.667,2.091,6.087,28.596,10.071,66.237,5.763,4.364,8.455,12.818,34.043,1.273,2.727,1.182,1.0,1.727,3.182,1.909,0.273,1.091,2.818,2.909,10.702,0.364,12.5,0.455,0.818,0.909,60.0,5.545,0.727,1.364,0.455,1.182,0.818,1.0,-0.182,0.0,0.0,0.0,,0.0,,0.0,2.364,0.636,0.091,100.0,2.091,43.478,8,0.727,0.545,1.545,0.909,47.059,5.273,24.576,0.818,17,3.83,-0.654,12,3.813,-0.397,5,3.872,-1.272,0.0,0.0,,0.0,1.091,11.909,2.909,0.545
Steele Sidebottom,Collingwood,30,30.99,Mid-Forward,21,9.686,87.333,88.429,5,0.238,2,0,83.571,12.952,10.857,23.81,71.4,64.706,79.386,54.4,2.952,1.333,271.35,11.547,3.857,6.173,4.143,5.747,24.897,-1.854,55.476,7.132,7.905,15.952,23.857,33.134,2.143,6.0,1.19,1.905,4.095,3.81,3.286,0.952,1.476,9.571,9.857,37.568,1.286,13.043,1.952,3.238,3.19,83.582,5.429,0.0,0.286,0.143,0.905,0.667,1.143,-0.476,0.0,0.0,0.0,,0.0,,0.0,2.952,0.619,0.095,50.0,0.619,7.692,8,0.381,0.238,0.762,0.476,50.0,5.143,26.087,0.905,16,3.09,0.222,5,3.048,1.952,11,3.109,-0.564,0.0,0.0,,0.476,1.429,20.667,9.667,0.333
Thomas Berry,Brisbane,21,21.66,Gen. Forward,11,1.727,17.182,16.909,0,0.0,0,0,31.182,1.273,2.091,3.364,67.568,57.143,73.913,37.838,0.727,0.0,32.909,9.784,1.182,2.846,1.182,2.846,29.004,-0.433,43.823,-0.966,1.636,1.727,3.364,48.649,0.545,1.364,0.455,0.818,0.545,1.364,1.182,0.091,0.364,0.727,0.0,0.0,0.0,,0.091,0.091,0.182,0.0,0.545,0.0,0.182,0.0,0.0,0.182,0.455,-0.273,0.0,0.0,0.0,,0.0,,0.0,1.818,0.545,0.091,0.0,0.545,0.0,2,0.182,0.091,0.364,0.182,50.0,1.0,4.029,0.0,4,3.124,0.126,1,4.342,1.658,3,2.717,-0.384,0.0,0.0,,0.0,0.455,7.364,2.545,0.273
Jaxon Prior,Brisbane,20,20.57,Midfielder,18,3.894,40.0,39.056,0,0.0,0,0,59.222,6.444,2.444,8.889,66.875,60.345,84.091,72.5,1.889,1.111,183.778,20.675,1.167,7.619,1.833,4.848,22.948,0.284,52.837,-7.382,2.944,6.056,9.0,32.716,1.333,2.111,0.222,0.611,1.5,2.111,1.5,0.056,0.389,3.278,0.0,0.0,0.0,,0.889,0.889,0.611,100.0,2.5,0.167,0.111,0.278,0.167,0.611,0.278,0.333,0.0,0.0,0.0,,0.0,,0.0,1.333,0.056,0.444,12.5,0.278,60.0,6,0.333,0.222,0.611,0.167,54.545,2.222,8.602,0.611,11,3.473,0.163,5,3.862,0.138,6,3.149,0.184,0.0,0.0,,0.0,1.056,8.556,4.167,0.667
Jack Henry,Geelong,23,23.33,Key Defender,24,9.792,80.875,64.917,19,0.792,6,4,94.958,9.042,4.958,14.0,86.012,88.94,80.672,64.583,1.292,2.167,181.478,13.044,1.083,12.923,1.625,8.615,20.672,4.701,72.552,1.578,5.292,8.583,13.875,38.138,5.958,3.292,0.208,1.0,2.292,4.958,3.042,0.042,0.875,2.917,0.333,1.345,0.0,0.0,0.25,0.25,0.25,66.667,6.25,1.25,0.208,2.292,0.042,0.708,0.333,0.375,1.708,1.88,0.417,24.39,0.083,20.0,0.0,1.792,0.125,2.542,19.672,0.5,16.667,7,0.292,0.083,0.5,0.167,58.333,2.792,12.594,0.833,12,3.16,0.506,6,3.204,-0.871,6,3.117,1.883,0.0,0.0,,0.083,5.458,7.708,5.292,4.667
Francis Evans,Geelong,20,20.35,Gen. Forward,2,4.0,27.5,26.5,0,0.0,0,0,48.0,4.0,0.0,4.0,75.0,75.0,,100.0,1.0,0.0,81.5,20.375,0.0,,0.0,,31.834,-11.834,67.066,12.934,0.5,3.0,3.5,14.286,0.0,0.5,0.5,0.0,0.5,0.5,0.5,0.0,0.0,1.0,0.0,0.0,0.0,,0.0,0.0,0.0,,2.0,0.0,1.0,0.0,0.5,0.0,0.0,0.0,0.0,0.0,0.0,,0.0,,0.0,0.5,0.5,0.0,,0.0,,2,1.0,0.5,1.5,0.0,66.667,2.0,10.0,0.0,3,3.626,0.708,1,2.748,-1.748,2,4.064,1.936,0.0,0.0,,0.0,0.5,4.5,1.0,0.5
Chayce Jones,Adelaide,21,21.96,Gen. Defender,15,5.8,46.867,45.0,4,0.267,1,0,73.6,8.533,3.867,12.4,69.355,64.062,81.034,68.817,1.2,2.733,253.286,19.065,2.533,4.895,2.733,4.537,19.019,-10.247,60.924,-3.029,3.533,7.667,11.2,31.548,4.067,2.8,0.067,0.6,2.2,3.133,2.467,0.067,0.533,4.467,0.0,0.0,0.067,,0.067,0.133,0.267,75.0,2.867,0.333,0.0,0.933,0.067,0.4,1.0,-0.6,0.0,0.0,0.0,,0.0,,0.0,1.267,0.133,1.4,23.81,0.067,0.0,1,0.067,0.2,0.333,0.067,20.0,1.4,6.646,0.733,5,2.667,-0.867,0,,,5,2.667,-0.867,1.733,16.352,53.846,0.133,2.0,11.2,7.733,1.6
Nick Murray,Adelaide,21,21.03,Key Defender,13,5.231,44.154,30.769,0,0.0,0,0,66.538,5.385,1.538,6.923,80.0,80.0,80.0,77.778,0.692,2.231,170.818,23.488,1.538,4.5,2.154,3.214,14.938,0.447,59.067,-9.836,3.231,3.538,6.769,47.727,3.231,1.538,0.0,0.462,1.077,3.154,1.462,0.0,0.308,1.308,0.0,0.0,0.0,,0.077,0.077,0.077,100.0,2.231,0.462,0.154,0.462,0.077,1.0,0.769,0.231,0.077,0.088,0.077,100.0,0.0,0.0,0.0,1.385,0.0,2.923,18.421,0.231,0.0,1,0.077,0.077,0.231,0.0,33.333,0.846,4.28,0.385,3,3.138,-0.804,2,3.757,-0.257,1,1.9,-1.9,0.385,3.205,100.0,0.0,6.308,4.923,3.692,5.615
Matthew Ling,Sydney,22,22.69,Gen. Defender,1,0.0,0.0,0.0,0,0.0,0,0,0.0,0.0,0.0,0.0,,,,,0.0,0.0,,,0.0,,0.0,,,,,,0.0,0.0,0.0,,0.0,0.0,0.0,0.0,0.0,0.0,0.0,0.0,0.0,0.0,0.0,0.0,0.0,,0.0,0.0,0.0,,0.0,0.0,0.0,0.0,0.0,0.0,0.0,0.0,0.0,0.0,0.0,,0.0,,0.0,0.0,0.0,0.0,,0.0,,0,0.0,0.0,0.0,0.0,,0.0,0.0,0.0,0,,,0,,,0,,,0.0,0.0,,0.0,0.0,0.0,0.0,0.0
Justin McInerney,Sydney,21,21.36,Midfielder,21,9.562,73.81,67.952,4,0.19,2,0,79.476,10.905,7.143,18.048,79.42,75.983,84.667,60.422,3.0,1.476,307.05,17.106,2.143,8.422,2.905,6.213,24.925,2.178,60.81,7.414,5.19,14.0,19.19,27.047,3.476,3.667,0.381,1.0,2.667,3.81,2.714,0.238,0.619,7.667,1.333,4.965,0.19,14.286,0.714,0.905,0.762,81.25,5.381,0.19,0.143,0.571,0.048,1.0,0.905,0.095,0.048,0.055,0.048,100.0,0.0,0.0,0.0,1.095,0.048,0.571,16.667,0.19,25.0,7,0.333,0.095,0.524,0.381,63.636,4.143,17.576,0.81,11,3.025,0.975,6,2.997,2.17,5,3.059,-0.459,0.048,0.461,100.0,0.333,1.81,13.857,8.238,0.952
Mitch Georgiades,Port Adelaide,20,20.25,Key Forward,21,5.624,58.238,52.905,5,0.238,1,1,74.762,6.381,3.619,10.0,70.0,66.418,76.316,63.81,1.714,0.048,134.667,13.467,2.81,3.559,3.095,3.231,33.469,-2.586,59.814,3.421,4.238,5.81,10.048,42.18,1.143,2.286,1.238,0.762,1.524,4.19,2.238,0.0,0.571,1.476,0.0,0.0,0.0,,0.048,0.048,0.048,100.0,4.429,1.19,2.095,0.143,0.952,0.667,1.476,-0.81,0.0,0.0,0.0,,0.0,,0.0,1.762,1.238,0.19,25.0,2.524,28.302,32,1.524,0.81,2.81,0.381,54.237,4.238,18.856,0.476,59,3.627,-0.085,45,3.816,0.028,14,3.02,-0.449,0.0,0.0,,0.048,1.048,9.048,1.429,0.714
Oskar Baker,Melbourne,23,23.6,Midfielder,3,3.1,22.333,24.333,0,0.0,0,0,28.333,4.0,1.0,5.0,66.667,58.333,100.0,80.0,2.0,0.333,105.0,21.0,0.667,7.5,1.333,3.75,31.755,-4.482,59.746,-23.383,1.0,4.0,5.0,20.0,0.667,1.0,0.0,0.0,1.0,0.333,0.333,0.0,0.333,2.0,0.0,0.0,0.0,,0.667,0.667,0.0,,1.667,0.0,0.0,0.667,0.667,0.0,0.0,0.0,0.0,0.0,0.0,,0.0,,0.0,1.333,0.0,0.333,0.0,0.0,,0,0.0,0.0,0.333,0.0,0.0,1.333,4.938,0.333,1,1.642,-1.642,0,,,1,1.642,-1.642,0.0,0.0,,0.333,0.333,4.333,1.667,0.0
Jack Viney,Melbourne,27,27.71,Midfielder,15,9.52,86.2,91.6,8,0.533,3,3,77.133,10.8,11.533,22.333,62.388,46.914,76.879,48.358,3.933,0.933,298.267,13.355,4.2,5.317,4.867,4.589,27.571,-4.315,45.451,-7.466,10.867,11.133,22.0,49.394,2.467,6.067,1.467,2.667,3.467,4.067,3.2,3.067,1.467,7.8,18.267,71.354,2.0,10.949,3.333,5.333,6.4,80.208,2.467,0.0,0.267,0.267,0.133,2.0,1.2,0.8,0.0,0.0,0.0,,0.0,,0.0,7.067,1.333,0.0,,0.067,0.0,4,0.267,0.467,0.733,0.333,36.364,5.467,20.551,1.6,11,3.448,-0.63,6,3.798,-1.964,5,3.029,0.971,0.0,0.0,,0.0,1.4,26.467,10.467,0.467
Zak Jones,St Kilda,26,26.79,Midfielder,13,12.169,92.538,88.462,12,0.923,2,4,72.846,12.538,10.846,23.385,75.987,68.098,85.106,53.618,4.308,1.538,334.5,14.035,2.846,8.216,4.154,5.63,26.702,-0.728,54.732,1.112,8.385,15.615,24.0,34.936,2.077,5.385,0.462,2.615,2.769,2.923,2.385,1.923,0.769,10.385,14.385,52.089,1.077,7.487,3.154,4.231,4.231,85.455,3.769,0.0,0.385,0.154,0.077,1.308,1.0,0.308,0.0,0.0,0.0,,0.0,,0.0,4.385,0.538,0.0,,0.077,100.0,4,0.308,0.154,0.538,0.615,57.143,5.308,24.042,0.846,7,3.029,0.685,2,4.625,1.375,5,2.391,0.409,0.0,0.0,,1.154,0.923,19.615,8.385,0.154
Ben Ainsworth,Gold Coast,23,23.88,Gen. Forward,17,5.576,61.0,69.471,7,0.412,1,0,77.235,11.0,4.353,15.353,66.284,64.706,70.27,71.648,2.941,0.529,287.625,18.118,2.882,5.327,3.294,4.661,27.723,2.065,57.665,4.747,4.706,10.706,15.412,30.534,1.118,3.235,0.882,1.0,2.235,3.647,2.529,0.294,1.294,4.353,0.176,0.709,0.176,100.0,0.471,0.647,0.765,61.538,5.294,0.235,1.0,0.118,1.294,0.824,0.824,0.0,0.0,0.0,0.0,,0.0,,0.0,2.059,0.471,0.0,,0.824,21.429,12,0.706,1.059,2.353,0.824,30.0,5.118,26.205,0.353,40,3.037,-0.787,21,3.319,-0.557,19,2.725,-1.041,0.0,0.0,,0.059,0.529,13.294,4.353,0.118
Jack Scrimshaw,Hawthorn,23,23.32,Gen. Defender,20,11.12,83.8,79.75,12,0.6,3,1,74.9,12.45,8.15,20.6,83.981,80.723,88.957,60.437,1.7,3.5,299.45,14.536,1.8,11.444,2.3,8.957,20.782,0.38,63.61,8.174,5.0,14.55,19.55,25.575,6.0,3.4,0.0,0.95,2.45,3.9,2.6,0.1,1.15,7.8,0.4,1.468,0.1,25.0,0.75,0.85,0.6,66.667,6.35,0.7,0.0,2.35,0.1,0.4,0.15,0.25,0.0,0.0,0.0,,0.0,,0.0,1.45,0.0,0.9,33.333,0.0,,4,0.2,0.1,0.35,0.4,57.143,3.6,18.321,1.05,7,2.6,1.115,1,2.587,-1.587,6,2.602,1.565,2.25,23.684,64.444,0.55,2.1,8.8,6.35,1.15
Jason Johannisen,Western Bulldogs,29,29.14,Gen. Forward,25,7.176,52.04,44.28,0,0.0,0,0,71.52,6.08,3.92,10.0,76.4,69.737,86.735,60.8,2.56,0.36,202.28,20.228,1.16,8.621,1.92,5.208,30.469,15.294,51.474,7.0,3.0,7.24,10.24,29.297,1.4,2.4,0.8,0.64,1.76,2.6,2.08,0.0,0.96,3.84,0.0,0.0,0.04,,0.32,0.36,0.2,100.0,2.68,0.12,0.4,0.2,0.2,0.36,0.28,0.08,0.0,0.0,0.0,,0.0,,0.0,1.64,0.64,0.24,50.0,0.76,15.789,15,0.6,0.48,1.24,0.6,48.387,4.24,16.933,0.6,31,3.052,0.239,13,3.082,0.918,18,3.03,-0.252,0.04,0.415,100.0,0.32,1.2,11.56,3.68,0.64
Heath Chapman,Fremantle,19,19.91,Gen. Defender,6,4.417,56.167,55.333,0,0.0,0,0,83.0,8.333,5.833,14.167,77.647,68.0,91.429,58.824,0.833,2.667,218.5,15.424,2.5,5.667,2.833,5.0,17.748,5.169,59.873,0.544,4.333,10.167,14.5,29.885,4.167,3.333,0.0,0.833,2.5,4.0,3.0,0.0,1.0,5.833,0.0,0.0,0.0,,0.0,0.0,0.167,100.0,4.5,0.5,0.333,0.833,0.0,0.5,1.0,-0.5,0.0,0.0,0.0,,0.0,,0.0,1.667,0.0,1.167,28.571,0.0,,1,0.167,0.0,0.333,0.0,50.0,2.5,9.804,0.833,2,4.24,-1.24,1,5.933,0.067,1,2.547,-2.547,0.167,1.587,100.0,0.0,2.5,9.167,6.833,2.5
Sean Darcy,Fremantle,23,23.55,Ruck,21,15.143,118.048,93.857,46,2.19,9,7,80.952,7.429,9.19,16.619,68.768,55.769,79.275,44.699,2.762,0.667,207.714,12.499,3.476,4.781,2.81,5.915,24.941,-4.941,48.692,-6.083,10.952,6.143,17.095,64.067,2.714,5.476,0.714,2.952,2.524,4.19,2.095,0.0,0.714,3.286,17.571,68.333,1.857,10.569,2.81,4.667,6.095,74.219,4.286,1.857,1.19,1.476,0.381,1.048,1.81,-0.762,52.857,64.874,28.524,53.964,10.048,35.225,2.571,3.048,0.429,0.952,15.0,1.952,31.707,12,0.571,0.571,1.571,0.19,36.364,6.0,27.097,3.857,33,3.439,-0.893,24,3.656,-0.531,9,2.858,-1.858,0.0,0.0,,0.048,2.286,10.333,4.857,1.619
Michael Frederick,Fremantle,21,21.62,Gen. Forward,7,5.4,49.571,52.0,0,0.0,0,0,70.286,7.429,2.286,9.714,60.294,57.692,68.75,76.471,2.714,0.143,204.143,21.015,0.857,11.333,1.714,5.667,28.404,0.167,53.513,15.059,3.714,6.286,10.0,37.143,1.0,2.429,0.857,0.571,1.857,3.143,2.0,0.0,0.857,0.857,0.0,0.0,0.286,,0.286,0.571,0.143,100.0,5.0,0.429,0.857,0.143,1.286,0.714,0.143,0.571,0.0,0.0,0.0,,0.0,,0.0,1.0,0.286,0.0,,0.714,40.0,5,0.714,1.571,2.286,0.429,31.25,4.286,17.241,0.571,16,3.322,-0.759,6,3.21,-0.544,10,3.388,-0.888,0.0,0.0,,0.286,0.429,11.857,2.714,0.143
Brent Daniels,Greater Western Sydney,22,22.81,Gen. Forward,13,7.515,57.923,51.308,3,0.231,1,0,71.308,7.0,6.615,13.615,70.621,61.538,80.233,51.412,3.077,0.462,187.5,14.062,2.462,5.531,2.385,5.71,31.155,4.462,54.43,4.474,5.692,7.692,13.385,42.529,1.077,4.231,1.154,1.231,3.0,3.923,3.308,0.538,2.154,4.615,6.308,25.309,0.385,6.098,1.077,1.462,1.231,93.75,1.692,0.077,0.231,0.077,0.231,0.923,0.308,0.615,0.0,0.0,0.0,,0.0,,0.0,2.692,0.462,0.0,,0.769,0.0,2,0.154,0.308,0.692,0.923,22.222,3.692,18.391,0.615,9,2.834,-1.057,3,3.707,-3.04,6,2.398,-0.065,0.0,0.0,,0.615,1.308,19.538,6.385,0.308
Nicholas Shipley,Greater Western Sydney,22,22.51,Midfielder,4,-0.025,10.75,14.75,0,0.0,0,0,22.0,2.0,1.5,3.5,71.429,62.5,83.333,57.143,0.75,0.25,47.333,10.143,0.5,7.0,1.0,3.5,22.95,-10.45,62.246,-12.246,0.0,3.75,3.75,0.0,0.0,0.0,0.0,0.0,0.0,0.0,0.0,0.0,0.0,2.0,0.0,0.0,0.0,,0.0,0.0,0.0,,1.5,0.0,0.0,0.0,0.25,0.0,0.25,-0.25,0.0,0.0,0.0,,0.0,,0.0,0.5,0.0,0.0,,0.0,,0,0.0,0.0,0.0,0.0,,0.25,1.37,0.0,0,,,0,,,0,,,0.0,0.0,,0.0,0.0,4.75,2.5,0.0
Connor Ballenden,Brisbane,22,22.75,Ruck,1,-0.6,16.0,13.0,0,0.0,0,0,55.0,3.0,1.0,4.0,100.0,100.0,100.0,75.0,0.0,1.0,40.0,10.0,2.0,2.0,1.0,4.0,16.94,49.727,79.48,-12.813,2.0,3.0,5.0,40.0,0.0,1.0,1.0,1.0,0.0,2.0,1.0,0.0,0.0,1.0,4.0,16.0,0.0,0.0,0.0,0.0,0.0,,2.0,0.0,0.0,0.0,0.0,1.0,2.0,-1.0,19.0,25.676,1.0,5.263,0.0,0.0,0.0,0.0,0.0,0.0,,3.0,33.333,0,0.0,0.0,0.0,0.0,,1.0,5.556,0.0,0,,,0,,,0,,,0.0,0.0,,0.0,1.0,5.0,2.0,1.0
Deven Robertson,Brisbane,20,20.5,Mid-Forward,16,7.0,61.938,60.375,0,0.0,0,0,70.062,6.875,6.25,13.125,70.0,60.0,81.0,52.381,1.688,0.562,135.5,10.324,2.188,6.0,2.812,4.667,26.287,0.517,58.875,-3.205,5.875,7.562,13.438,43.721,2.188,4.562,1.062,1.75,2.812,4.0,3.312,0.25,1.312,3.562,9.75,36.111,0.688,7.051,0.438,1.125,1.5,54.167,3.312,0.25,0.375,0.312,0.375,0.625,0.562,0.062,0.0,0.0,0.0,,0.0,,0.0,4.188,0.688,0.188,0.0,1.062,29.412,4,0.25,0.125,0.375,0.312,66.667,3.812,15.136,0.75,6,3.822,0.511,2,3.399,0.101,4,4.034,0.716,0.0,0.0,,0.0,1.438,16.75,7.688,0.812
Beau McCreery,Collingwood,20,20.7,Gen. Forward,13,4.538,35.769,38.154,0,0.0,0,0,58.692,4.0,2.308,6.308,60.976,57.692,66.667,63.415,1.615,0.0,117.083,18.733,2.154,2.929,2.154,2.929,33.554,-5.968,50.659,-2.383,2.077,4.385,6.462,32.143,0.538,1.308,0.846,0.154,1.154,1.846,1.231,0.077,0.538,1.769,0.0,0.0,0.0,,0.154,0.154,0.154,50.0,1.846,0.077,0.538,0.077,0.385,0.231,1.0,-0.769,0.0,0.0,0.0,,0.0,,0.0,3.308,1.923,0.0,,0.846,9.091,11,0.846,0.462,1.615,0.154,52.381,2.462,12.8,0.077,21,3.433,-0.005,8,2.877,-0.377,13,3.775,0.225,0.0,0.0,,0.154,1.0,17.154,3.538,0.308
Will Phillips,North Melbourne,19,19.61,Mid-Forward,16,5.612,41.938,38.375,0,0.0,0,0,56.188,4.438,5.062,9.5,71.053,59.155,81.481,46.711,1.125,0.188,105.733,10.938,1.312,7.238,1.562,6.08,30.692,-3.273,63.338,-0.435,3.938,5.875,9.812,40.127,0.812,2.875,0.5,1.062,1.812,2.188,1.688,0.25,0.75,3.25,6.0,22.749,0.25,4.167,0.938,1.188,1.188,68.421,1.938,0.125,0.125,0.0,0.375,0.438,0.312,0.125,0.0,0.0,0.0,,0.0,,0.0,2.062,0.312,0.0,,0.312,20.0,3,0.188,0.25,0.5,0.188,37.5,2.562,13.758,0.375,8,2.997,-0.247,2,3.306,-2.306,6,2.894,0.439,0.0,0.0,,0.062,0.625,14.438,6.438,0.062
Chris Burgess,Gold Coast,26,26.09,Ruck,19,6.789,57.684,55.579,1,0.053,1,0,79.368,5.895,3.263,9.158,66.667,51.786,93.548,64.368,1.632,0.368,138.944,15.158,1.526,6.0,2.105,4.35,26.497,-9.424,48.822,-3.7,5.737,3.789,9.526,60.221,1.368,3.211,0.737,1.158,2.053,3.421,1.632,0.0,0.579,1.158,8.579,34.244,0.632,7.362,1.105,1.737,2.053,82.051,3.526,1.316,1.0,0.263,0.526,0.842,0.632,0.211,34.263,38.137,9.316,27.189,2.526,27.119,0.368,2.211,0.526,0.632,25.0,2.0,34.211,10,0.526,0.526,1.368,0.211,38.462,2.947,15.512,1.158,26,3.586,-0.894,20,3.724,-0.924,6,3.125,-0.792,0.0,0.0,,0.0,2.526,11.053,4.579,2.105
James Bell,Sydney,22,22.88,Gen. Forward,12,2.608,30.167,30.5,0,0.0,0,0,52.583,3.167,3.083,6.25,73.333,60.526,86.486,50.667,1.0,0.083,83.833,13.413,1.25,5.0,1.167,5.357,25.417,-2.084,58.517,1.483,2.333,4.0,6.333,36.842,0.917,1.5,0.5,0.667,0.833,1.917,1.25,0.0,0.583,1.5,0.083,0.316,0.167,100.0,0.167,0.333,0.167,100.0,2.0,0.25,0.417,0.0,0.333,0.583,0.417,0.167,0.0,0.0,0.0,,0.0,,0.0,2.083,1.083,0.0,,0.583,28.571,2,0.167,0.167,0.5,0.167,33.333,2.25,9.122,0.5,6,3.905,-1.571,5,3.863,-2.263,1,4.116,1.884,0.0,0.0,,0.0,0.667,11.833,2.583,0.0
Brandon Zerk-Thatcher,Essendon,23,23.35,Key Defender,6,5.05,45.167,42.0,0,0.0,0,0,82.0,6.0,4.0,10.0,85.0,77.778,95.833,60.0,0.167,2.5,93.6,10.4,2.167,4.615,1.0,10.0,16.879,1.871,75.694,5.556,2.167,7.5,9.667,22.414,2.333,1.333,0.0,0.5,0.833,1.5,0.667,0.0,0.333,3.833,0.0,0.0,0.0,,0.5,0.5,0.5,66.667,3.667,0.333,0.0,0.667,0.0,0.5,1.0,-0.5,0.333,0.406,0.167,50.0,0.167,100.0,0.0,1.833,0.0,1.5,11.111,0.0,,0,0.0,0.0,0.0,0.0,,1.667,6.803,0.667,0,,,0,,,0,,,0.0,0.0,,0.0,3.5,6.167,5.167,3.0
Archie Perkins,Essendon,19,19.76,Gen. Forward,21,4.886,46.429,46.476,5,0.238,2,2,68.571,5.524,5.81,11.333,67.227,57.759,76.23,48.739,2.571,0.095,171.25,15.29,1.952,5.805,2.381,4.76,30.173,-0.173,51.371,-9.149,4.095,7.381,11.476,35.685,0.905,3.333,1.048,1.238,2.095,3.0,2.333,0.0,0.857,4.0,2.381,8.518,0.0,0.0,0.524,0.524,0.571,50.0,2.762,0.238,0.429,0.0,0.429,0.619,0.619,0.0,0.0,0.0,0.0,,0.0,,0.0,2.0,0.667,0.0,,0.905,21.053,9,0.429,0.667,1.143,0.429,37.5,3.952,17.008,0.667,24,3.255,-0.421,14,3.477,-0.692,10,2.943,-0.043,0.0,0.0,,0.238,0.381,13.429,3.619,0.333
Jake Stringer,Essendon,27,27.68,Mid-Forward,19,17.221,92.368,80.421,45,2.368,7,8,80.316,11.053,5.368,16.421,64.423,56.19,81.373,67.308,4.737,0.368,371.278,22.277,3.368,4.875,3.684,4.457,32.909,-1.242,47.08,6.253,8.526,8.053,16.579,51.429,1.316,4.368,1.474,2.211,2.158,3.263,2.0,1.632,0.947,4.526,18.789,67.358,3.211,17.087,1.211,4.421,4.316,79.268,2.895,0.421,1.421,0.105,0.526,1.579,1.211,0.368,0.895,1.092,0.0,0.0,0.0,,0.105,4.0,0.947,0.053,0.0,1.526,27.586,41,2.158,0.947,4.0,0.684,53.947,6.789,29.385,1.474,76,2.92,0.553,34,3.312,0.423,42,2.603,0.659,0.0,0.0,,0.368,1.263,18.421,5.316,0.316
Alec Waterman,Essendon,25,25.36,Gen. Forward,14,6.943,52.929,50.5,0,0.0,0,1,76.143,5.857,4.286,10.143,66.197,54.878,81.667,57.746,1.929,0.143,141.077,14.108,2.143,4.733,2.286,4.438,32.437,-0.619,55.398,-3.125,4.786,5.071,9.857,48.551,1.143,3.286,1.786,1.357,1.929,4.214,2.857,0.071,1.286,2.071,0.286,1.064,0.0,0.0,0.286,0.286,0.357,40.0,3.071,0.714,1.429,0.143,0.714,0.571,0.429,0.143,0.0,0.0,0.0,,0.0,,0.0,2.0,0.857,0.0,,2.286,28.125,17,1.214,0.571,2.429,0.286,50.0,4.143,17.683,0.643,34,3.273,-0.038,19,3.472,0.475,15,3.021,-0.687,0.0,0.0,,0.0,0.857,8.786,1.571,0.429
Matt Guelfi,Essendon,24,24.38,Midfielder,20,5.665,52.45,51.55,0,0.0,0,0,64.35,6.2,5.6,11.8,73.305,63.71,83.929,52.542,2.05,0.65,184.895,16.115,2.45,4.816,2.85,4.14,23.061,-4.694,57.177,-8.198,4.9,7.0,11.9,41.176,2.75,3.85,0.75,1.75,2.1,4.05,3.25,0.2,1.3,2.75,0.0,0.0,0.2,,0.7,0.9,0.4,100.0,3.75,0.35,0.25,0.6,0.15,0.55,0.95,-0.4,0.0,0.0,0.0,,0.0,,0.0,2.7,0.55,0.7,28.571,0.4,25.0,6,0.3,0.2,0.9,0.2,33.333,2.5,10.73,0.6,18,3.041,-0.819,6,3.658,-1.991,12,2.733,-0.233,0.15,1.508,66.667,0.25,1.9,11.45,5.9,1.25
Connor Rozee,Port Adelaide,21,21.93,Gen. Forward,21,10.195,72.857,67.667,10,0.476,4,1,86.476,8.381,7.571,15.952,74.328,61.932,88.05,52.537,2.81,0.524,217.762,13.651,2.286,6.979,2.667,5.982,28.717,0.315,54.118,0.72,6.476,9.571,16.048,40.356,1.81,4.762,1.571,0.952,3.857,5.048,3.667,0.238,1.571,5.095,2.952,11.61,0.333,11.29,0.81,1.143,1.095,69.565,3.381,0.238,0.476,0.238,0.667,1.19,0.667,0.524,0.0,0.0,0.0,,0.0,,0.0,2.857,0.81,0.0,,0.81,29.412,21,1.0,0.619,1.905,0.619,52.5,5.19,23.696,0.714,40,3.231,0.244,17,3.818,0.358,23,2.797,0.159,0.0,0.0,,0.476,1.381,15.048,4.286,0.619
Matthew Cottrell,Carlton,21,21.83,Midfielder,14,6.071,42.214,48.643,0,0.0,0,0,69.786,8.429,3.357,11.786,60.0,47.458,91.489,71.515,2.0,1.786,242.786,20.6,2.929,4.024,3.143,3.75,22.899,0.571,49.056,-6.199,3.643,8.0,11.643,31.288,2.714,2.643,0.286,0.786,1.857,2.929,2.429,0.357,0.929,4.643,0.0,0.0,0.071,,0.5,0.571,0.5,85.714,2.643,0.143,0.214,0.429,0.214,0.357,0.643,-0.286,0.0,0.0,0.0,,0.0,,0.0,2.214,0.286,0.714,50.0,0.071,100.0,3,0.214,0.143,0.571,0.143,37.5,2.5,10.671,0.357,8,2.684,-0.184,4,3.459,-0.459,4,1.91,0.09,0.0,0.0,,0.214,2.0,13.214,5.786,1.214
Luke Parks,Carlton,20,20.7,Gen. Defender,6,3.167,36.667,32.333,0,0.0,0,0,74.5,5.0,2.5,7.5,80.0,76.667,86.667,66.667,1.167,1.5,150.167,20.022,2.0,3.75,1.5,5.0,20.115,-3.448,54.558,-7.892,2.833,4.5,7.333,38.636,3.833,1.833,0.0,0.667,1.167,2.833,1.833,0.0,0.0,2.5,0.0,0.0,0.0,,0.0,0.0,0.0,,2.0,0.333,0.0,1.0,0.0,0.833,0.833,0.0,0.0,0.0,0.0,,0.0,,0.0,2.0,0.0,1.667,40.0,0.0,,0,0.0,0.0,0.0,0.0,,1.5,6.122,0.833,0,,,0,,,0,,,0.0,0.0,,0.0,3.333,7.0,6.0,3.333
Michael Walters,Fremantle,30,30.98,Gen. Forward,16,8.269,64.188,61.75,1,0.062,1,0,81.562,9.188,4.75,13.938,73.094,65.986,86.842,65.919,2.0,0.5,216.312,15.52,2.188,6.371,2.812,4.956,29.552,4.962,56.954,6.763,5.062,9.125,14.188,35.683,1.688,3.125,0.938,0.938,2.188,3.5,2.25,0.375,1.0,4.125,3.562,13.507,0.438,12.281,0.75,1.188,1.0,81.25,3.938,0.312,0.75,0.25,0.625,1.312,0.875,0.438,0.0,0.0,0.0,,0.0,,0.0,2.062,0.625,0.0,,0.812,7.692,14,0.875,0.688,1.875,0.562,46.667,4.812,21.33,0.625,30,3.249,-0.083,14,3.772,0.371,16,2.792,-0.48,0.0,0.0,,0.312,0.875,17.188,5.438,0.312
Jake Melksham,Melbourne,30,30.33,Gen. Forward,12,5.95,43.583,37.0,0,0.0,0,0,57.25,4.833,4.083,8.917,71.028,60.345,83.673,54.206,1.833,0.167,131.583,14.757,1.833,4.864,1.833,4.864,31.33,7.559,54.714,-4.714,3.75,5.5,9.25,40.541,1.333,2.833,1.083,0.917,1.917,3.167,2.5,0.083,1.25,3.083,2.25,8.491,0.083,3.704,0.417,0.5,0.583,71.429,2.083,0.083,0.667,0.25,0.25,0.25,0.833,-0.583,0.0,0.0,0.0,,0.0,,0.0,1.5,0.5,0.083,0.0,0.75,22.222,8,0.667,0.333,1.417,0.667,47.059,3.5,14.384,0.833,17,2.838,0.22,7,3.059,1.226,10,2.684,-0.484,0.0,0.0,,0.0,0.917,10.5,3.0,0.333
Max Holmes,Geelong,19,19.33,Mid-Forward,12,5.408,44.917,41.167,0,0.0,0,0,50.167,4.5,5.333,9.833,65.254,48.148,79.688,45.763,1.75,0.5,121.333,12.339,1.167,8.429,2.083,4.72,30.914,-12.31,56.236,-9.724,4.75,5.417,10.167,46.721,1.417,4.167,1.083,1.25,2.917,2.917,2.667,0.167,0.833,2.667,3.083,12.892,0.5,16.216,0.917,1.417,0.75,77.778,2.0,0.083,0.083,0.167,0.333,0.25,0.333,-0.083,0.0,0.0,0.0,,0.0,,0.0,2.667,0.667,0.0,,0.25,33.333,1,0.083,0.583,0.75,0.25,11.111,2.667,12.903,0.583,9,3.834,-2.389,2,4.589,-3.589,7,3.618,-2.047,0.0,0.0,,0.0,0.833,12.583,5.167,0.5
Mitch Duncan,Geelong,30,30.55,Mid-Forward,13,10.269,98.923,100.538,30,2.308,5,4,73.308,15.385,8.846,24.231,76.825,72.0,85.217,63.492,3.308,2.923,367.0,15.292,2.385,10.161,2.769,8.75,24.748,9.522,62.855,5.685,5.538,17.538,23.077,24.0,2.615,3.846,0.846,0.769,3.077,2.615,1.692,0.385,0.769,8.462,4.231,16.176,0.462,10.909,2.154,2.615,2.615,76.471,7.538,0.0,0.462,0.385,0.308,1.231,0.385,0.846,0.077,0.082,0.0,0.0,0.0,,0.0,2.538,0.0,0.154,100.0,0.308,0.0,8,0.615,0.154,0.923,0.385,66.667,6.692,29.195,1.923,12,3.358,0.808,9,3.455,0.656,3,3.067,1.266,1.231,12.598,75.0,0.231,1.0,12.462,5.846,0.538
Mitch Lewis,Hawthorn,23,23.21,Key Forward,14,7.857,65.857,60.071,0,0.0,0,0,85.5,6.5,3.643,10.143,72.535,68.132,80.392,64.085,1.571,0.143,149.286,14.718,1.643,6.174,1.571,6.455,27.224,0.776,59.116,0.884,5.357,5.0,10.357,51.724,0.5,2.214,1.214,1.071,1.143,4.786,1.857,0.0,0.643,1.357,0.643,2.284,0.0,0.0,0.286,0.286,0.643,55.556,4.786,1.786,1.643,0.143,1.5,0.929,0.714,0.214,6.714,7.686,2.071,30.851,0.429,20.69,0.214,2.0,1.143,0.071,0.0,4.0,28.571,22,1.571,0.643,2.571,0.357,61.111,4.714,23.322,0.357,36,4.081,-0.165,29,4.276,0.138,7,3.273,-1.416,0.0,0.0,,0.071,1.786,9.5,1.643,1.5
Lachie Jones,Port Adelaide,19,19.72,Gen. Defender,6,8.25,55.0,50.0,0,0.0,0,0,72.167,7.333,6.167,13.5,79.012,77.273,81.081,54.321,1.5,2.0,202.333,14.988,3.0,4.5,2.5,5.4,22.428,1.962,60.022,8.27,5.5,8.167,13.667,40.244,5.667,4.667,0.167,1.667,3.0,5.333,4.5,0.0,1.833,4.333,0.0,0.0,0.0,,0.167,0.167,0.0,,3.667,0.167,0.0,1.333,0.333,0.667,1.0,-0.333,0.0,0.0,0.0,,0.0,,0.0,1.5,0.167,0.5,66.667,0.333,0.0,1,0.167,0.0,0.167,0.333,100.0,2.667,12.214,0.333,1,4.18,1.82,1,4.18,1.82,0,,,0.0,0.0,,0.0,2.333,8.667,4.833,2.333
Rhyan Mansell,Richmond,21,21.57,Gen. Defender,13,5.692,48.462,44.385,0,0.0,0,0,70.615,7.0,4.077,11.077,80.556,78.022,84.906,63.194,1.154,2.769,202.692,18.299,2.0,5.538,2.154,5.143,18.338,0.053,59.845,-4.673,3.077,7.538,10.615,28.986,3.846,2.308,0.0,0.538,1.769,2.923,2.231,0.0,0.846,4.308,0.0,0.0,0.0,,0.231,0.231,0.154,100.0,2.692,0.0,0.0,0.692,0.0,1.0,1.077,-0.077,0.0,0.0,0.0,,0.0,,0.0,2.231,0.0,0.923,33.333,0.0,,1,0.077,0.0,0.077,0.0,100.0,1.692,8.178,0.846,1,1.433,4.567,1,1.433,4.567,0,,,0.308,3.252,75.0,0.077,2.308,9.846,7.385,2.077
Will Martyn,Richmond,20,20.75,Mid-Forward,3,3.333,24.667,28.0,0,0.0,0,0,44.667,4.667,4.0,8.667,65.385,42.857,91.667,53.846,1.0,0.0,111.333,12.846,2.667,3.25,3.667,2.364,30.992,-16.706,52.399,-23.828,3.0,7.0,10.0,30.0,0.667,2.667,0.0,0.333,2.333,1.667,1.667,0.333,0.333,3.667,4.667,16.867,0.0,0.0,1.0,1.0,1.333,75.0,2.0,0.0,0.0,0.0,0.0,0.0,1.333,-1.333,0.0,0.0,0.0,,0.0,,0.0,1.0,0.0,0.0,,0.0,,0,0.0,0.0,0.0,0.0,,0.333,1.562,0.0,0,,,0,,,0,,,0.0,0.0,,0.0,0.667,15.333,6.667,0.0
Darcy Gardiner,Brisbane,26,26.27,Key Defender,9,5.156,51.556,38.889,0,0.0,0,0,73.778,6.778,4.222,11.0,75.758,78.689,71.053,61.616,0.222,1.889,110.444,10.04,2.333,4.714,1.889,5.824,15.926,3.747,65.286,6.846,4.778,6.222,11.0,43.434,5.556,3.333,0.0,1.222,2.111,4.778,3.333,0.0,1.444,2.778,0.0,0.0,0.0,,0.0,0.0,0.0,,3.778,0.889,0.0,1.556,0.0,0.667,1.222,-0.556,0.0,0.0,0.0,,0.0,,0.0,0.444,0.0,4.111,18.919,0.0,,0,0.0,0.0,0.0,0.111,,1.667,6.726,0.667,0,,,0,,,0,,,0.0,0.0,,0.0,3.0,4.111,3.556,2.556
Lewis Young,Western Bulldogs,23,23.03,Key Defender,9,8.3,58.667,48.778,0,0.0,0,0,77.444,5.222,5.778,11.0,74.747,57.447,90.385,47.475,1.222,1.556,139.444,12.677,1.778,6.188,1.444,7.615,23.58,-6.507,53.473,-9.571,5.333,5.556,10.889,48.98,3.556,3.444,0.333,1.222,2.222,4.111,2.556,0.0,1.0,3.222,8.222,33.636,0.222,2.703,0.667,0.889,1.0,66.667,2.667,0.778,0.111,1.0,0.0,1.0,0.778,0.222,24.778,27.429,7.889,31.839,2.222,28.169,0.0,1.556,0.111,0.889,37.5,0.556,20.0,1,0.111,0.111,0.333,0.444,33.333,3.333,14.085,1.333,3,2.824,-0.491,1,3.153,2.847,2,2.66,-2.16,0.0,0.0,,0.111,4.778,7.556,3.444,4.444
Rowan Marshall,St Kilda,26,26.1,Ruck,13,13.946,98.615,89.769,6,0.462,3,4,73.846,10.538,5.077,15.615,63.054,54.015,81.818,67.488,2.462,0.769,210.077,13.453,2.692,5.8,2.846,5.486,25.959,-4.337,56.787,-7.238,10.231,6.0,16.231,63.033,3.154,3.923,1.077,2.077,1.846,5.615,2.462,0.0,0.769,2.385,12.692,50.926,0.538,4.242,1.923,2.462,4.308,71.429,4.846,2.077,1.0,1.231,0.538,1.385,1.0,0.385,42.154,49.192,18.538,43.978,6.231,33.61,2.615,3.0,0.692,0.846,18.182,3.308,25.581,9,0.692,0.385,1.308,0.231,52.941,5.154,23.592,2.692,17,3.133,0.338,11,3.373,-0.736,6,2.693,2.307,0.0,0.0,,0.0,2.538,11.154,5.0,1.462
Isiah Winder,West Coast,19,19.62,Gen. Forward,1,6.1,31.0,26.0,0,0.0,0,0,56.0,2.0,3.0,5.0,100.0,100.0,100.0,40.0,1.0,0.0,45.0,9.0,0.0,,1.0,5.0,32.77,-32.77,32.27,-32.27,3.0,2.0,5.0,60.0,0.0,2.0,0.0,2.0,0.0,2.0,1.0,0.0,0.0,0.0,0.0,0.0,1.0,,0.0,1.0,0.0,,1.0,0.0,0.0,0.0,0.0,1.0,0.0,1.0,0.0,0.0,0.0,,0.0,,0.0,1.0,0.0,0.0,,0.0,,1,1.0,0.0,1.0,0.0,100.0,2.0,11.765,0.0,1,4.149,1.851,0,,,1,4.149,1.851,0.0,0.0,,0.0,0.0,6.0,3.0,0.0
Jake Waterman,West Coast,23,23.65,Gen. Forward,14,5.907,57.643,66.214,0,0.0,0,0,76.286,9.214,3.143,12.357,73.988,70.543,84.091,74.566,1.857,0.786,172.857,13.988,1.929,6.407,2.429,5.088,24.523,4.644,68.622,4.294,3.143,9.571,12.714,24.719,1.5,1.714,0.643,0.429,1.286,2.714,1.286,0.0,0.643,2.857,0.0,0.0,0.286,,0.071,0.357,0.143,100.0,6.357,0.429,1.429,0.357,1.143,0.857,0.5,0.357,0.0,0.0,0.0,,0.0,,0.0,1.929,0.786,0.143,0.0,1.429,25.0,13,0.929,0.571,2.071,0.429,44.828,4.357,20.539,0.786,29,3.194,-0.229,20,3.121,0.179,9,3.357,-1.135,0.0,0.0,,0.071,1.143,9.357,2.786,0.643
Matthew Kennedy,Carlton,24,24.73,Midfielder,13,8.392,74.769,79.308,7,0.538,1,0,65.0,10.615,7.769,18.385,68.619,57.246,84.158,57.741,3.462,1.0,277.769,15.109,2.846,6.459,3.077,5.975,25.335,-4.646,54.304,-9.476,7.231,11.154,18.385,39.331,2.231,4.615,0.462,2.308,2.231,2.692,1.769,1.077,0.615,6.0,12.0,45.217,1.462,12.179,1.846,3.308,3.769,77.551,4.615,0.462,0.077,0.769,0.462,0.846,0.769,0.077,0.538,0.623,0.0,0.0,0.0,,0.0,4.154,0.538,0.154,50.0,0.308,75.0,6,0.462,0.154,0.923,0.077,50.0,3.538,16.254,1.0,12,3.431,-0.265,5,3.773,1.027,7,3.187,-1.187,0.0,0.0,,0.231,0.692,15.077,7.231,0.231
Caleb Graham,Gold Coast,21,21.3,Ruck,12,6.1,43.833,36.333,0,0.0,0,0,80.583,4.333,2.75,7.083,80.0,78.846,81.818,61.176,0.333,0.833,70.667,9.976,2.083,3.4,1.083,6.538,17.218,-2.932,69.038,-1.691,2.667,4.75,7.417,35.955,2.833,1.667,0.083,0.5,1.167,1.583,1.167,0.0,0.417,1.333,9.417,38.832,0.5,5.31,0.417,0.917,0.917,90.909,3.5,0.25,0.0,1.5,0.0,0.25,0.833,-0.583,28.833,32.126,6.833,23.699,2.5,36.585,0.083,0.667,0.0,1.917,34.783,0.5,0.0,0,0.0,0.083,0.083,0.0,0.0,1.25,6.696,0.833,1,2.265,-1.265,0,,,1,2.265,-1.265,0.0,0.0,,0.0,5.917,7.583,4.25,5.083
Sam Flanders,Gold Coast,20,20.43,Gen. Forward,16,5.812,51.5,55.438,0,0.0,0,0,67.0,6.0,5.812,11.812,70.37,55.208,86.022,50.794,2.5,0.312,144.062,12.196,1.688,7.0,2.062,5.727,29.376,-10.626,51.914,-8.164,4.438,7.125,11.562,38.378,1.188,3.125,0.812,1.438,1.688,2.812,2.0,0.188,0.875,3.562,3.75,15.19,0.375,10.0,0.75,1.125,1.188,73.684,2.875,0.0,0.312,0.062,0.812,1.375,0.5,0.875,0.0,0.0,0.0,,0.0,,0.0,3.875,0.938,0.062,100.0,0.438,14.286,4,0.25,0.312,0.875,0.375,28.571,3.062,16.118,0.562,14,3.286,-1.215,9,3.478,-0.589,5,2.941,-2.341,0.0,0.0,,0.0,0.438,23.5,7.688,0.125
Jake Riccardi,Greater Western Sydney,22,22.14,Mid-Forward,9,3.422,32.889,33.778,0,0.0,0,0,65.444,4.889,4.111,9.0,70.37,65.909,75.676,54.321,0.778,0.333,116.625,13.141,1.111,8.1,2.222,4.05,22.037,-6.652,58.503,-9.785,2.556,6.333,8.889,28.75,0.778,2.0,0.667,0.556,1.444,2.333,1.889,0.0,0.333,3.444,0.0,0.0,0.0,,0.222,0.222,0.0,,2.667,0.222,0.333,0.0,0.333,0.222,0.111,0.111,0.222,0.253,0.222,100.0,0.111,50.0,0.0,0.333,0.0,0.222,0.0,1.0,22.222,2,0.222,0.111,0.333,0.222,66.667,1.667,7.576,0.111,3,2.973,1.361,2,2.782,0.718,1,3.354,2.646,0.0,0.0,,0.0,0.556,4.889,1.222,0.333
Conor Stone,Greater Western Sydney,19,19.69,Midfielder,5,5.84,35.2,32.6,0,0.0,0,0,58.8,4.2,2.8,7.0,74.286,61.905,92.857,60.0,1.2,0.4,102.25,17.042,0.6,11.667,0.6,11.667,27.012,2.988,59.207,0.793,2.0,4.8,6.8,29.412,1.0,1.4,0.2,0.4,1.0,1.6,1.0,0.0,0.6,2.6,0.0,0.0,0.0,,0.0,0.0,0.4,50.0,1.6,0.0,0.2,0.0,0.4,0.2,0.0,0.2,0.0,0.0,0.0,,0.0,,0.0,1.4,0.0,0.4,0.0,0.2,0.0,3,0.6,0.2,1.2,0.2,50.0,2.4,10.811,0.0,6,3.62,-0.453,1,4.435,1.565,5,3.457,-0.857,0.0,0.0,,0.0,1.0,10.6,5.4,0.2
Jeremy Finlayson,Greater Western Sydney,25,25.89,Key Forward,13,11.131,68.308,55.385,6,0.462,1,2,76.769,8.154,2.692,10.846,69.504,65.094,82.857,75.177,2.231,0.154,193.25,18.117,2.154,5.036,1.615,6.714,30.834,10.545,56.609,8.908,4.769,5.846,10.615,44.928,0.692,2.769,1.308,1.077,1.692,3.769,2.154,0.0,0.769,2.0,2.462,9.065,0.308,12.5,0.846,1.154,1.154,86.667,3.077,0.462,1.231,0.0,1.154,1.077,0.846,0.231,7.615,8.839,1.846,24.242,0.846,45.833,0.0,1.154,0.615,0.077,0.0,1.231,56.25,23,1.769,0.692,3.077,0.615,57.5,5.615,25.614,0.846,40,3.147,0.528,19,3.227,0.826,21,3.075,0.258,0.0,0.0,,0.0,2.462,9.0,2.308,1.077
Darcy Fogarty,Adelaide,22,22.26,Key Forward,17,7.494,49.941,43.529,1,0.059,1,0,74.588,5.588,2.471,8.059,73.723,67.368,88.095,69.343,2.0,0.0,159.471,19.788,1.647,4.893,1.588,5.074,30.925,9.075,54.478,7.522,4.294,4.176,8.471,50.694,0.706,2.353,0.882,1.059,1.294,3.941,2.118,0.059,0.941,1.294,2.471,9.211,0.118,4.762,0.176,0.294,0.294,80.0,3.118,0.882,1.647,0.0,1.0,1.118,0.941,0.176,0.118,0.137,0.059,50.0,0.0,0.0,0.0,1.235,0.529,0.0,,2.412,39.024,24,1.412,0.706,2.529,0.353,55.814,4.059,19.714,0.235,43,3.039,0.589,37,3.073,0.738,6,2.828,-0.328,0.0,0.0,,0.0,1.118,6.471,1.118,0.824
Tom Campbell,North Melbourne,30,30.16,Ruck,9,5.711,57.444,56.556,0,0.0,0,0,74.222,5.444,5.667,11.111,70.0,67.347,72.549,49.0,1.333,0.222,111.875,9.835,3.778,2.941,2.333,4.762,25.017,-5.572,57.592,-7.593,6.778,4.556,11.333,59.804,2.444,3.889,0.556,2.111,1.778,4.0,2.444,0.0,0.778,1.333,7.444,27.686,0.667,8.955,1.0,1.667,2.333,71.429,3.889,1.111,0.889,0.889,0.556,0.778,1.556,-0.778,21.333,27.826,10.778,50.521,2.889,26.804,0.889,1.556,0.222,0.333,33.333,2.111,15.789,6,0.667,0.111,1.333,0.222,50.0,3.111,17.284,0.889,12,3.333,-0.25,9,3.423,0.688,3,3.063,-3.063,0.0,0.0,,0.0,1.222,7.667,3.0,0.778
Luke McDonald,North Melbourne,26,26.89,Midfielder,11,6.591,68.364,68.091,0,0.0,0,0,76.091,10.364,6.818,17.182,74.074,67.544,84.0,60.317,2.364,2.364,277.364,16.143,3.0,5.727,3.818,4.5,23.639,-2.343,59.736,-1.402,4.455,12.182,16.636,26.776,3.455,3.0,0.091,0.636,2.364,3.545,2.636,0.545,1.091,6.636,0.0,0.0,0.091,,0.636,0.727,0.909,80.0,5.182,0.545,0.091,1.0,0.364,0.182,0.909,-0.727,0.0,0.0,0.0,,0.0,,0.0,2.545,0.0,0.818,22.222,0.273,0.0,0,0.0,0.182,0.182,0.273,0.0,3.091,16.346,0.727,2,2.27,-1.27,1,2.092,-1.092,1,2.447,-1.447,0.364,2.817,100.0,0.091,2.091,13.636,8.364,1.636
Brad Close,Geelong,23,23.42,Gen. Forward,22,8.282,67.091,58.455,0,0.0,0,0,80.773,6.0,7.227,13.227,77.32,65.152,87.421,45.361,2.0,0.318,128.19,9.754,1.318,10.034,1.727,7.658,29.102,-2.018,62.938,2.687,5.273,8.364,13.636,38.667,1.364,3.545,1.091,0.955,2.591,4.045,2.864,0.136,1.182,4.636,0.0,0.0,0.091,,0.727,0.818,0.545,66.667,2.773,0.227,0.636,0.273,0.409,1.136,0.364,0.773,0.0,0.0,0.0,,0.0,,0.0,3.273,1.182,0.0,,1.409,29.032,15,0.682,0.455,1.364,0.455,50.0,4.5,20.122,0.636,30,3.398,-0.065,15,3.214,-0.014,15,3.582,-0.116,0.0,0.0,,0.045,1.136,18.182,4.773,0.545
Quinton Narkle,Geelong,24,24.07,Midfielder,16,6.362,48.812,46.25,3,0.188,1,2,44.812,5.375,8.062,13.438,78.605,70.93,83.721,40.0,1.938,0.625,140.312,10.442,1.688,7.963,1.875,7.167,28.778,6.749,56.744,-2.797,5.438,8.562,14.0,38.839,1.188,4.438,0.938,1.5,2.938,2.312,2.312,0.812,1.062,5.688,8.25,33.673,0.625,7.576,1.875,2.5,2.5,82.5,2.312,0.0,0.375,0.125,0.5,0.188,0.375,-0.188,0.0,0.0,0.0,,0.0,,0.0,1.562,0.188,0.0,,0.125,0.0,4,0.25,0.25,0.562,0.188,44.444,3.125,13.928,0.438,9,3.4,-0.289,3,4.056,0.278,6,3.072,-0.572,0.0,0.0,,0.0,0.375,9.25,4.062,0.125
Josh Treacy,Fremantle,19,19.4,Key Forward,15,4.453,44.2,42.733,0,0.0,0,0,86.0,4.667,3.0,7.667,63.478,61.429,66.667,60.87,1.333,0.133,133.4,17.4,2.267,3.382,2.267,3.382,26.208,-2.952,53.858,-9.672,4.133,3.733,7.867,52.542,0.533,2.333,1.4,1.2,1.133,3.933,2.2,0.0,0.8,0.867,0.333,1.316,0.0,0.0,0.133,0.133,0.067,100.0,3.4,1.0,1.2,0.067,1.067,0.733,0.933,-0.2,1.667,2.0,0.467,28.0,0.067,14.286,0.0,2.067,1.2,0.067,0.0,2.733,17.073,13,0.867,0.667,1.667,0.067,52.0,3.133,13.988,0.267,25,3.138,0.382,20,3.405,0.495,5,2.073,-0.073,0.0,0.0,,0.0,0.867,13.867,2.8,0.6
Sam Sturt,Fremantle,21,21.63,Gen. Forward,1,2.4,24.0,26.0,0,0.0,0,0,75.0,3.0,2.0,5.0,40.0,33.333,50.0,60.0,2.0,0.0,93.0,18.6,1.0,5.0,1.0,5.0,26.32,-26.32,39.2,-39.2,3.0,2.0,5.0,60.0,1.0,2.0,0.0,0.0,2.0,3.0,2.0,0.0,0.0,1.0,0.0,0.0,0.0,,0.0,0.0,0.0,,2.0,1.0,1.0,0.0,0.0,0.0,0.0,0.0,0.0,0.0,0.0,,0.0,,0.0,0.0,0.0,0.0,,1.0,100.0,1,1.0,1.0,2.0,0.0,50.0,3.0,9.677,1.0,2,4.369,-0.869,1,5.576,0.424,1,3.162,-2.162,0.0,0.0,,0.0,0.0,19.0,5.0,0.0
Finlay Macrae,Collingwood,19,19.8,Midfielder,9,4.511,38.0,42.889,0,0.0,0,0,56.222,5.0,7.667,12.667,73.684,57.778,84.058,39.474,1.889,0.222,118.889,9.386,1.667,7.6,1.778,7.125,28.676,4.657,54.996,-0.234,4.111,8.444,12.556,32.743,1.444,3.889,0.667,1.444,2.444,2.0,2.0,0.111,0.444,4.889,8.667,32.365,0.333,3.846,0.889,1.222,1.556,64.286,2.889,0.0,0.222,0.0,0.222,0.222,0.333,-0.111,0.0,0.0,0.0,,0.0,,0.0,1.0,0.0,0.111,100.0,0.0,,1,0.111,0.0,0.222,0.222,50.0,2.444,12.429,0.444,2,3.04,-0.04,1,2.682,-2.682,1,3.399,2.602,0.0,0.0,,0.0,0.0,10.778,4.889,0.0
Mark Keane,Collingwood,21,21.79,Key Defender,4,7.975,54.75,49.0,0,0.0,0,0,86.0,7.75,6.25,14.0,78.571,70.968,88.0,55.357,1.25,1.5,215.0,15.357,3.75,3.733,2.0,7.0,18.552,2.877,62.332,5.525,4.5,9.5,14.0,32.143,6.5,3.5,0.0,1.75,1.75,4.5,3.5,0.0,1.0,4.0,0.0,0.0,0.0,,0.5,0.5,0.0,,5.75,1.0,0.25,3.0,0.0,0.0,1.75,-1.75,0.0,0.0,0.0,,0.0,,0.0,0.25,0.0,3.75,40.0,0.0,,0,0.0,0.25,0.25,0.0,0.0,2.25,10.976,1.25,1,3.31,-2.31,1,3.31,-2.31,0,,,0.0,0.0,,0.0,2.25,5.75,5.25,2.25
Darcy Cameron,Collingwood,26,26.45,Key Forward,18,10.017,77.278,69.278,3,0.167,2,0,81.833,8.167,4.0,12.167,73.973,69.388,83.333,67.123,1.556,0.444,153.667,12.63,1.556,7.821,2.222,5.475,26.614,-3.887,61.142,-0.233,7.167,5.389,12.556,57.08,1.444,2.5,0.833,1.111,1.389,4.611,1.611,0.0,0.278,1.667,5.833,22.484,0.667,11.429,0.944,1.611,2.556,71.739,5.5,2.222,1.389,1.111,0.444,1.111,0.833,0.278,19.389,24.911,6.722,34.67,2.056,30.579,1.278,1.778,0.556,0.111,0.0,3.278,25.424,22,1.222,0.5,1.833,0.278,66.667,4.278,21.629,1.278,33,4.047,0.225,28,4.124,0.269,5,3.618,-0.018,0.0,0.0,,0.0,1.5,8.556,2.833,1.111
Jy Farrar,Gold Coast,25,25.06,Key Defender,10,6.14,55.7,59.0,0,0.0,0,0,81.1,9.0,5.5,14.5,80.69,73.333,92.727,62.069,0.7,2.0,186.5,12.862,2.0,7.25,2.3,6.304,15.462,4.306,68.245,-1.966,3.6,11.1,14.7,24.49,4.7,3.2,0.0,0.8,2.4,3.6,3.2,0.0,1.2,4.8,0.0,0.0,0.0,,0.0,0.0,0.0,,5.6,0.3,0.0,1.1,0.0,0.1,0.5,-0.4,0.0,0.0,0.0,,0.0,,0.0,1.4,0.0,2.1,33.333,0.0,,0,0.0,0.0,0.0,0.1,,2.2,12.022,0.6,0,,,0,,,0,,,0.0,0.0,,0.9,3.0,6.8,5.5,2.4
Ben Cavarra,Western Bulldogs,26,26.03,Gen. Forward,1,2.2,7.0,11.0,0,0.0,0,0,18.0,1.0,0.0,1.0,100.0,100.0,,100.0,1.0,0.0,22.0,22.0,0.0,,0.0,,35.16,64.84,39.15,60.85,1.0,1.0,2.0,50.0,1.0,0.0,0.0,0.0,0.0,1.0,0.0,0.0,0.0,0.0,0.0,0.0,0.0,,0.0,0.0,0.0,,1.0,0.0,0.0,0.0,0.0,1.0,0.0,1.0,0.0,0.0,0.0,,0.0,,0.0,1.0,0.0,0.0,,1.0,0.0,0,0.0,0.0,0.0,0.0,,1.0,3.03,0.0,0,,,0,,,0,,,0.0,0.0,,0.0,0.0,2.0,0.0,0.0
Jordon Sweet,Western Bulldogs,23,23.9,Ruck,5,6.42,58.6,60.8,2,0.4,1,0,75.6,4.2,4.4,8.6,72.093,57.143,86.364,48.837,1.8,0.4,144.6,16.814,3.2,2.687,2.0,4.3,27.439,-15.674,52.468,-23.056,4.4,4.6,9.0,48.889,1.2,2.0,0.2,0.8,1.2,1.6,1.0,0.0,0.6,1.8,23.2,78.912,0.8,3.448,1.6,2.4,2.6,84.615,2.4,0.2,0.4,0.4,0.0,1.6,2.0,-0.4,58.4,69.856,19.8,33.904,5.8,29.293,0.2,3.8,0.6,0.4,0.0,0.2,0.0,1,0.2,0.4,0.8,0.2,25.0,3.6,12.95,2.2,4,2.988,-0.988,4,2.988,-0.988,0,,,0.0,0.0,,0.0,3.4,15.2,6.4,1.0
Dylan Stephens,Sydney,20,20.97,Midfielder,7,1.843,26.429,32.0,0,0.0,0,0,49.429,4.286,4.143,8.429,71.186,56.667,86.207,50.847,0.857,0.714,92.714,11.0,2.429,3.471,2.143,3.933,23.237,-7.852,58.668,-0.975,1.857,6.571,8.429,22.034,1.429,1.714,0.286,0.286,1.429,1.857,1.714,0.0,1.143,3.143,0.143,0.485,0.0,0.0,0.143,0.143,0.0,,2.857,0.0,0.143,0.143,0.286,0.143,1.143,-1.0,0.0,0.0,0.0,,0.0,,0.0,1.143,0.0,0.0,,0.0,,1,0.143,0.143,0.286,0.0,50.0,1.429,6.944,0.143,2,3.093,0.407,1,3.532,2.468,1,2.655,-1.655,0.0,0.0,,0.429,0.429,8.857,4.0,0.286
Lewis Melican,Sydney,25,25.15,Key Defender,6,10.9,70.167,51.833,0,0.0,0,0,88.667,8.833,3.833,12.667,75.0,66.038,95.652,69.737,1.167,2.333,206.5,16.303,1.5,8.444,1.667,7.6,17.88,-9.88,64.655,-4.655,5.0,7.833,12.833,38.961,7.167,2.333,0.0,0.833,1.5,5.0,2.333,0.0,0.833,3.333,0.0,0.0,0.0,,0.0,0.0,0.0,,5.0,1.5,0.0,3.0,0.167,0.833,0.5,0.333,0.0,0.0,0.0,,0.0,,0.0,0.833,0.0,3.333,30.0,0.167,0.0,0,0.0,0.0,0.0,0.0,,2.167,9.701,1.167,0,,,0,,,0,,,0.0,0.0,,0.0,6.167,7.0,4.833,4.5
Mitch McGovern,Carlton,27,27.22,Key Forward,5,4.3,58.8,65.0,0,0.0,0,0,76.6,8.4,2.8,11.2,67.857,64.286,78.571,75.0,3.2,0.6,238.2,21.268,1.2,9.333,2.2,5.091,28.859,1.91,50.763,3.083,3.4,7.8,11.2,30.357,1.4,1.2,0.8,0.2,1.0,3.4,1.2,0.0,0.2,2.6,0.0,0.0,0.0,,0.0,0.0,0.0,,4.8,1.0,1.4,0.4,1.2,1.4,0.0,1.4,0.0,0.0,0.0,,0.0,,0.0,2.6,0.6,0.4,0.0,1.6,25.0,6,1.2,0.8,2.8,0.2,42.857,4.6,19.828,0.4,14,3.69,-0.833,9,4.378,-0.822,5,2.453,-0.853,0.0,0.0,,0.0,0.6,11.2,4.0,0.4
Boyd Woodcock,Port Adelaide,21,21.66,Gen. Forward,7,4.129,43.714,46.286,0,0.0,0,0,60.429,5.714,4.714,10.429,71.233,60.0,84.848,54.795,1.286,0.286,112.571,10.795,2.286,4.562,2.429,4.294,27.648,4.61,63.065,-1.775,2.857,7.714,10.571,27.027,0.571,1.857,0.714,0.714,1.143,2.571,1.714,0.143,0.714,3.286,0.0,0.0,0.0,,0.143,0.143,0.143,100.0,3.571,0.143,0.857,0.143,0.571,0.571,1.143,-0.571,0.0,0.0,0.0,,0.0,,0.0,2.0,0.857,0.0,,1.143,0.0,4,0.571,0.429,1.143,0.286,50.0,3.857,16.875,0.143,8,3.865,-0.49,6,4.083,-0.749,2,3.213,0.287,0.0,0.0,,0.0,1.286,10.571,3.429,0.429
Daniel McStay,Brisbane,26,26.52,Key Forward,19,9.968,71.737,61.895,7,0.368,2,2,81.421,6.316,3.737,10.053,75.916,70.833,84.507,62.827,2.105,0.0,149.105,14.832,1.211,8.304,1.684,5.969,31.991,12.746,56.332,10.774,4.947,5.526,10.474,47.236,0.684,1.684,0.947,0.474,1.211,4.421,1.421,0.158,0.526,2.158,0.0,0.0,0.0,,0.368,0.368,0.421,87.5,4.632,2.0,1.632,0.053,0.684,1.0,0.474,0.526,1.947,2.08,0.421,21.622,0.053,12.5,0.053,3.053,1.316,0.0,,3.842,32.877,28,1.474,0.526,2.158,0.579,68.293,4.842,18.4,0.526,41,4.113,0.228,30,4.09,0.543,11,4.175,-0.63,0.0,0.0,,0.053,1.789,10.737,3.0,1.316
Zach Reid,Essendon,19,19.83,Key Defender,1,5.5,53.0,51.0,0,0.0,0,0,86.0,5.0,5.0,10.0,40.0,60.0,20.0,50.0,0.0,2.0,82.0,8.2,3.0,3.333,6.0,1.667,17.418,-17.418,72.19,-12.19,7.0,3.0,10.0,70.0,9.0,5.0,0.0,1.0,4.0,7.0,5.0,0.0,2.0,1.0,0.0,0.0,0.0,,0.0,0.0,0.0,,1.0,0.0,0.0,1.0,0.0,3.0,0.0,3.0,0.0,0.0,0.0,,0.0,,0.0,5.0,0.0,4.0,25.0,0.0,,0,0.0,0.0,0.0,0.0,,0.0,0.0,0.0,0,,,0,,,0,,,0.0,0.0,,0.0,2.0,11.0,8.0,2.0
Mitch Crowden,Fremantle,22,22.67,Gen. Forward,16,6.35,44.312,40.938,0,0.0,0,0,67.625,4.375,6.062,10.438,77.246,68.571,83.505,41.916,2.125,0.125,121.312,11.623,0.688,15.182,1.0,10.438,33.164,-3.854,56.731,8.786,4.0,6.75,10.75,37.209,0.75,3.125,0.875,1.5,1.625,2.75,2.188,0.312,1.125,3.938,0.688,2.657,0.312,45.455,0.438,0.75,0.812,61.538,2.125,0.062,0.375,0.062,0.125,0.5,0.25,0.25,0.0,0.0,0.0,,0.0,,0.0,1.812,0.625,0.0,,0.5,25.0,5,0.312,0.438,0.75,0.625,41.667,2.938,13.864,0.25,12,3.085,-0.001,6,3.688,0.645,6,2.481,-0.648,0.0,0.0,,0.0,0.688,15.188,3.875,0.188
Rory Lobb,Fremantle,28,28.89,Key Forward,13,8.885,72.769,70.308,16,1.231,3,7,92.923,8.308,4.615,12.923,60.119,54.63,70.0,64.286,2.0,0.615,234.308,18.131,3.077,4.2,3.0,4.308,27.126,-3.398,57.18,-4.637,6.231,6.846,13.077,47.647,1.154,2.308,1.0,1.231,1.077,4.846,1.692,0.0,0.462,2.538,4.538,17.456,0.308,6.78,0.769,1.077,1.308,70.588,5.615,2.0,2.154,0.462,1.692,1.0,0.385,0.615,14.615,17.891,4.154,28.421,1.462,35.185,0.615,1.154,0.462,0.231,33.333,4.462,25.862,20,1.538,1.462,3.462,0.462,44.444,5.846,25.939,1.077,45,3.145,-0.056,36,3.257,-0.007,9,2.698,-0.254,0.0,0.0,,0.0,2.538,8.154,2.615,1.846
Griffin Logue,Fremantle,23,23.71,Key Defender,16,6.737,58.812,48.375,0,0.0,0,0,91.438,7.062,4.438,11.5,79.348,76.106,84.507,61.413,0.438,2.375,127.562,11.092,1.938,5.935,2.375,4.842,16.403,-5.592,68.366,-7.104,4.438,7.125,11.562,38.378,5.875,2.75,0.0,0.938,1.812,4.375,2.75,0.062,0.875,2.625,0.0,0.0,0.0,,0.0,0.0,0.125,50.0,4.75,0.875,0.0,1.938,0.0,0.812,0.75,0.062,0.0,0.0,0.0,,0.0,,0.0,1.375,0.0,3.75,35.0,0.0,,0,0.0,0.0,0.0,0.0,,1.312,6.213,0.812,0,,,0,,,0,,,0.125,1.227,50.0,0.125,5.812,8.562,6.812,4.875
James Cousins,Hawthorn,23,23.78,Mid-Forward,10,8.58,69.8,71.1,0,0.0,0,0,69.0,10.1,8.6,18.7,65.775,54.455,79.07,54.011,4.0,0.8,271.4,14.513,2.7,6.926,4.4,4.25,30.901,-4.464,52.869,-9.19,6.9,12.0,18.9,36.508,1.9,5.3,1.3,1.5,3.8,4.3,3.5,0.5,1.4,8.5,9.8,33.91,0.5,5.102,1.4,1.9,2.6,69.231,2.7,0.3,0.3,0.1,0.3,0.8,0.6,0.2,0.0,0.0,0.0,,0.0,,0.0,3.7,0.4,0.1,100.0,0.6,16.667,2,0.2,0.5,0.9,0.7,22.222,4.4,22.68,0.6,9,3.343,-1.454,5,3.922,-1.122,4,2.619,-1.869,0.0,0.0,,0.8,0.6,15.3,6.7,0.1
Conor Nash,Hawthorn,23,23.42,Mid-Forward,8,6.275,49.875,53.875,0,0.0,0,0,68.875,6.375,7.375,13.75,70.0,60.784,77.966,46.364,2.375,0.625,209.0,15.2,2.625,5.238,3.25,4.231,28.267,4.291,50.715,-4.203,5.25,8.25,13.5,38.889,1.375,3.375,0.5,1.0,2.375,2.375,2.125,1.25,0.625,4.5,7.125,27.014,0.375,5.263,2.625,3.0,2.25,88.889,3.25,0.125,0.25,0.0,0.5,0.375,1.25,-0.875,0.0,0.0,0.0,,0.0,,0.0,3.0,0.125,0.0,,0.875,0.0,2,0.25,0.125,0.375,0.125,66.667,3.375,17.197,0.125,3,3.939,0.394,1,5.921,0.079,2,2.948,0.552,0.0,0.0,,0.125,1.25,13.75,4.5,0.75
Harrison Petty,Melbourne,22,22.13,Key Defender,19,6.237,53.053,37.737,0,0.0,0,0,88.526,5.632,2.842,8.474,81.366,83.178,77.778,66.46,0.316,2.0,117.895,13.913,1.895,4.472,1.632,5.194,15.537,-3.156,64.798,-0.036,4.158,4.632,8.789,47.305,5.526,2.579,0.0,0.947,1.684,4.105,2.579,0.053,0.842,1.421,0.0,0.0,0.0,,0.105,0.105,0.053,100.0,3.579,0.737,0.0,1.947,0.0,0.579,0.895,-0.316,0.0,0.0,0.0,,0.0,,0.0,1.632,0.0,3.421,27.692,0.053,100.0,0,0.0,0.0,0.0,0.053,,1.053,4.184,0.842,0,,,0,,,0,,,0.053,0.68,100.0,0.0,5.526,6.737,5.526,4.632
Sam De Koning,Geelong,20,20.84,Key Forward,1,-4.1,27.0,29.0,0,0.0,0,0,81.0,7.0,1.0,8.0,25.0,28.571,0.0,87.5,2.0,0.0,,,4.0,2.0,3.0,2.667,33.408,-8.407,56.795,-6.795,3.0,5.0,8.0,37.5,0.0,2.0,1.0,1.0,1.0,3.0,2.0,0.0,0.0,3.0,2.0,10.0,0.0,0.0,0.0,0.0,0.0,,3.0,1.0,1.0,0.0,2.0,0.0,2.0,-2.0,6.0,7.595,1.0,16.667,0.0,0.0,0.0,0.0,0.0,0.0,,3.0,0.0,0,0.0,2.0,3.0,0.0,0.0,4.0,14.815,0.0,3,3.751,-3.085,1,4.44,-3.44,2,3.407,-2.907,0.0,0.0,,0.0,2.0,5.0,1.0,2.0
Zaine Cordy,Western Bulldogs,25,25.17,Key Defender,19,7.474,54.842,43.789,1,0.053,1,0,97.474,6.632,3.0,9.632,80.328,76.19,89.474,68.852,0.579,2.158,125.474,13.027,1.474,6.536,1.263,7.625,18.909,-4.743,67.708,1.459,3.579,6.053,9.632,37.158,4.368,2.158,0.0,1.105,1.053,3.316,1.895,0.0,0.263,2.211,0.0,0.0,0.0,,0.211,0.211,0.158,100.0,3.526,0.368,0.0,0.947,0.0,0.947,0.632,0.316,0.842,0.937,0.263,31.25,0.053,20.0,0.0,2.0,0.053,3.579,23.529,0.0,,0,0.0,0.0,0.0,0.0,,1.158,4.846,0.579,0,,,0,,,0,,,0.0,0.0,,0.053,7.0,7.474,5.895,5.737
Jeremy Cameron,Geelong,28,28.75,Key Forward,15,10.34,77.067,62.067,23,1.533,3,6,82.467,7.867,3.8,11.667,67.429,65.254,71.93,67.429,2.267,0.0,217.667,18.657,1.4,8.333,1.733,6.731,31.479,21.352,53.081,9.183,4.667,7.533,12.2,38.251,0.6,2.267,1.467,0.733,1.533,4.133,2.067,0.133,0.6,3.267,0.0,0.0,0.0,,0.267,0.267,0.533,50.0,3.8,0.733,2.0,0.133,1.2,1.133,0.867,0.267,0.267,0.282,0.0,0.0,0.0,,0.067,1.067,0.333,0.067,0.0,3.133,19.149,39,2.6,1.067,4.267,0.6,60.938,6.8,30.631,0.333,64,3.433,0.473,37,3.489,0.511,27,3.356,0.422,0.0,0.0,,0.067,1.667,7.133,1.133,1.067
Liam Stocker,Carlton,21,21.93,Gen. Defender,17,5.618,58.412,56.412,0,0.0,0,0,79.294,9.588,4.412,14.0,70.588,68.098,76.0,68.487,1.529,3.529,289.529,20.681,2.941,4.76,3.412,4.103,18.493,-0.312,55.839,-0.644,4.412,8.294,12.706,34.722,4.176,3.294,0.0,0.765,2.529,3.824,2.941,0.176,1.118,4.294,0.588,2.105,0.0,0.0,0.471,0.471,0.471,100.0,3.412,0.118,0.0,0.471,0.118,0.882,0.588,0.294,0.0,0.0,0.0,,0.0,,0.0,2.176,0.118,1.059,27.778,0.0,,2,0.118,0.059,0.176,0.118,66.667,2.824,12.834,0.706,3,2.527,1.807,0,,,3,2.527,1.807,1.471,13.089,88.0,0.059,2.353,9.412,7.059,1.706
David Cuningham,Carlton,24,24.75,Mid-Forward,4,11.45,59.5,49.5,0,0.0,0,0,60.75,6.5,7.0,13.5,75.926,73.077,78.571,48.148,3.5,0.5,244.0,18.074,2.75,4.909,3.0,4.5,28.443,4.89,49.666,-2.047,6.25,8.0,14.25,43.86,1.5,4.5,0.75,1.5,3.0,2.5,2.0,0.5,0.25,5.0,11.75,36.719,0.75,6.383,1.0,1.75,2.0,50.0,2.25,0.25,0.0,0.25,0.0,0.5,0.75,-0.25,0.0,0.0,0.0,,0.0,,0.0,1.5,0.0,0.0,,0.75,0.0,3,0.75,0.5,1.25,1.25,60.0,5.75,23.711,1.75,5,3.153,0.847,0,,,5,3.153,0.847,0.0,0.0,,0.75,1.0,11.75,5.25,0.25
Elliott Himmelberg,Adelaide,23,23.57,Key Forward,8,5.925,46.125,43.5,0,0.0,0,0,77.375,5.25,3.625,8.875,61.972,52.381,75.862,59.155,1.875,0.125,125.875,14.183,2.25,3.944,2.5,3.55,32.335,-7.335,48.968,-3.135,6.5,3.375,9.875,65.823,1.0,2.75,0.75,1.875,0.875,6.0,2.375,0.125,0.375,1.25,1.75,6.699,0.125,7.143,0.0,0.125,0.25,50.0,3.125,1.75,1.125,0.375,0.25,1.25,0.875,0.375,5.875,6.714,1.75,29.787,0.375,21.429,0.0,1.0,0.125,0.25,0.0,4.125,33.333,8,1.0,0.75,2.0,0.25,50.0,3.5,20.144,0.25,16,3.845,-0.47,14,3.934,-0.577,2,3.218,0.282,0.0,0.0,,0.0,2.125,10.0,3.125,1.375
Riley Thilthorpe,Adelaide,19,19.48,Key Forward,14,7.3,60.5,51.214,5,0.357,2,0,81.786,6.714,4.143,10.857,63.816,55.319,77.586,61.842,1.0,0.143,145.786,13.428,2.286,4.75,2.714,4.0,28.521,4.206,56.652,3.348,6.286,4.929,11.214,56.051,2.0,3.714,1.571,1.786,1.929,5.357,3.143,0.0,0.714,1.929,1.929,7.459,0.143,7.407,0.429,0.571,0.786,63.636,3.143,1.143,1.214,0.357,0.5,0.714,1.0,-0.286,7.5,8.728,1.786,23.81,0.5,28.0,0.214,1.357,0.143,0.357,20.0,4.786,28.358,18,1.286,0.714,2.286,0.286,56.25,4.786,23.929,0.857,32,3.797,-0.109,19,4.386,-0.281,13,2.936,0.141,0.0,0.0,,0.0,2.286,9.286,2.429,1.214
Jackson Hately,Adelaide,21,21.19,Midfielder,3,1.667,43.333,52.333,0,0.0,0,0,58.0,6.0,5.667,11.667,60.0,44.444,76.471,51.429,1.333,0.667,178.667,15.314,2.667,4.375,4.333,2.692,26.745,-0.079,54.813,-8.147,3.333,8.333,11.667,28.571,2.0,2.667,0.333,1.333,1.333,2.333,2.333,0.667,0.333,5.333,8.0,27.907,0.333,4.167,0.333,0.667,1.0,33.333,2.333,0.0,0.667,0.333,0.0,0.333,0.333,0.0,0.0,0.0,0.0,,0.0,,0.0,4.0,0.333,0.0,,0.0,,0,0.0,0.667,1.0,0.333,0.0,2.333,12.281,0.333,3,2.827,-2.16,2,3.05,-2.05,1,2.38,-2.38,0.0,0.0,,0.0,0.0,15.0,8.0,0.0
Finn Maginness,Hawthorn,20,20.85,Mid-Forward,2,5.85,33.0,28.0,0,0.0,0,0,58.0,2.5,5.0,7.5,60.0,40.0,70.0,33.333,2.5,0.0,108.0,14.4,1.5,5.0,2.0,3.75,32.157,34.51,38.1,28.567,5.5,3.0,8.5,64.706,1.0,4.5,0.5,2.0,2.5,3.5,3.0,0.0,1.0,2.0,5.0,15.152,1.5,30.0,1.0,2.5,0.5,100.0,0.5,0.0,0.0,0.0,0.0,0.5,0.5,0.0,0.0,0.0,0.0,,0.0,,0.0,2.5,0.5,0.0,,0.0,,0,0.0,0.0,0.5,0.5,0.0,2.5,12.195,0.0,1,2.551,-2.551,0,,,1,2.551,-2.551,0.0,0.0,,0.0,2.0,13.5,4.5,0.5
Jay Rantall,Collingwood,20,20.55,Gen. Forward,5,1.4,15.0,21.0,0,0.0,0,0,48.8,2.0,3.8,5.8,93.103,90.0,94.737,34.483,0.6,0.2,28.6,4.931,1.2,4.833,1.2,4.833,22.099,27.901,69.789,5.211,1.4,4.2,5.6,25.0,0.6,1.2,0.2,0.8,0.4,1.2,1.0,0.0,0.6,1.8,0.4,1.504,0.0,0.0,0.0,0.0,0.2,100.0,2.0,0.0,0.2,0.0,0.0,0.2,0.4,-0.2,0.0,0.0,0.0,,0.0,,0.0,0.6,0.4,0.0,,0.4,50.0,0,0.0,0.0,0.2,0.0,0.0,0.8,3.922,0.0,1,2.708,-2.708,1,2.708,-2.708,0,,,0.0,0.0,,0.0,0.0,7.6,2.0,0.0
Martin Frederick,Port Adelaide,21,21.62,Gen. Defender,8,5.938,41.25,33.75,0,0.0,0,0,59.0,4.125,5.25,9.375,85.333,75.758,92.857,44.0,1.125,0.75,92.75,9.893,1.125,8.333,1.5,6.25,27.586,-8.232,67.387,10.032,3.25,6.25,9.5,34.211,3.0,2.375,0.0,0.75,1.625,2.875,2.0,0.0,0.875,3.75,0.0,0.0,0.125,,0.25,0.375,0.125,100.0,2.125,0.25,0.125,0.625,0.0,0.625,0.625,0.0,0.0,0.0,0.0,,0.0,,0.0,1.25,0.0,0.75,16.667,0.125,100.0,1,0.125,0.0,0.125,0.25,100.0,2.125,10.119,0.75,1,3.604,2.396,0,,,1,3.604,2.396,0.0,0.0,,0.25,1.0,11.625,6.875,0.75
Darragh Joyce,St Kilda,24,24.69,Key Defender,5,4.94,42.2,35.8,0,0.0,0,0,81.4,7.2,2.2,9.4,70.213,66.667,81.818,76.596,0.4,2.4,188.8,20.085,2.2,4.273,2.2,4.273,13.429,-4.605,56.408,-15.231,3.0,6.0,9.0,33.333,4.0,2.4,0.0,0.8,1.6,2.8,2.4,0.0,0.2,2.6,1.4,5.385,0.0,0.0,0.0,0.0,0.2,0.0,2.6,0.0,0.0,0.6,0.0,0.4,0.8,-0.4,4.0,4.878,0.8,20.0,0.0,0.0,0.0,0.8,0.0,1.8,33.333,0.0,,0,0.0,0.0,0.0,0.0,,0.8,3.67,0.4,0,,,0,,,0,,,0.6,8.108,66.667,0.0,4.8,5.6,4.6,3.6
Riley Collier-Dawkins,Richmond,21,21.9,Midfielder,9,7.544,56.778,56.556,0,0.0,0,0,66.778,6.444,8.222,14.667,70.455,65.517,74.324,43.939,2.333,0.333,209.667,14.295,2.778,5.28,3.111,4.714,27.624,-12.529,50.308,-6.911,6.333,9.111,15.444,41.007,1.333,4.444,0.222,1.889,2.556,1.333,1.111,1.0,0.111,5.778,13.556,47.287,2.111,15.574,1.222,3.333,4.0,72.222,2.333,0.0,0.333,0.222,0.222,0.556,1.0,-0.444,0.0,0.0,0.0,,0.0,,0.0,3.556,0.111,0.0,,0.111,0.0,3,0.333,0.0,0.444,0.111,75.0,2.333,10.995,0.556,4,3.221,1.279,1,3.016,2.984,3,3.29,0.71,0.0,0.0,,0.111,0.667,16.889,8.0,0.0
Lachie Whitfield,Greater Western Sydney,27,27.45,Midfielder,17,10.541,94.118,95.235,27,1.588,7,6,81.882,16.647,8.353,25.0,74.588,73.145,77.465,66.588,2.647,3.824,437.647,17.506,3.353,7.456,4.824,5.183,21.538,2.796,60.643,4.756,5.706,17.471,23.176,24.619,3.529,4.235,0.471,1.0,3.235,3.824,3.0,0.294,1.176,9.765,0.118,0.438,0.294,100.0,1.176,1.471,1.353,73.913,6.294,0.118,0.235,0.706,0.353,0.882,0.647,0.235,0.0,0.0,0.0,,0.0,,0.0,2.412,0.176,0.471,37.5,0.0,,3,0.176,0.059,0.471,0.529,37.5,4.529,20.533,0.706,8,2.88,-0.505,4,3.441,-0.441,4,2.32,-0.57,2.294,20.526,87.179,0.941,1.765,11.824,7.588,1.059
Jesse Hogan,Greater Western Sydney,26,26.88,Key Forward,9,8.489,75.889,70.333,4,0.444,2,0,83.444,8.222,4.556,12.778,63.478,66.216,58.537,64.348,1.667,0.0,190.222,14.887,2.889,4.423,3.444,3.71,29.942,7.896,57.514,10.054,6.111,7.0,13.111,46.61,0.667,3.111,1.556,1.222,1.889,6.0,3.0,0.0,0.667,2.0,0.0,0.0,0.0,,0.0,0.0,0.111,0.0,6.333,2.111,3.444,0.0,1.222,0.667,0.778,-0.111,0.0,0.0,0.0,,0.0,,0.0,1.222,0.556,0.0,,3.222,37.931,20,2.222,1.0,3.889,0.778,57.143,5.889,26.108,0.222,35,3.876,-0.19,28,3.944,-0.015,7,3.603,-0.888,0.0,0.0,,0.0,1.667,8.333,2.222,1.111
Sam Powell-Pepper,Port Adelaide,23,23.97,Mid-Forward,16,7.463,63.25,58.812,3,0.188,1,0,64.062,7.188,6.5,13.688,68.95,65.217,73.077,52.511,3.375,0.25,220.312,16.096,2.562,5.341,2.812,4.867,26.843,-0.337,47.713,2.889,5.938,7.812,13.75,43.182,1.188,4.75,1.312,2.625,2.125,3.312,2.75,0.312,0.812,4.312,4.5,18.228,0.5,11.111,1.0,1.5,1.875,56.667,2.438,0.188,0.375,0.0,0.188,0.812,1.125,-0.312,0.0,0.0,0.0,,0.0,,0.0,3.812,1.0,0.0,,0.5,25.0,10,0.625,0.5,1.312,0.438,47.619,3.312,15.407,0.562,21,3.305,-0.067,9,3.514,0.153,12,3.149,-0.232,0.0,0.0,,0.0,0.625,17.5,5.5,0.188
Caleb Poulter,Collingwood,19,19.21,Midfielder,11,5.518,59.909,63.455,0,0.0,0,0,80.0,9.727,5.273,15.0,72.727,66.355,84.483,64.848,2.091,1.273,279.727,18.648,2.273,6.6,3.455,4.342,21.981,-3.231,54.113,0.054,4.545,10.636,15.182,29.94,2.091,3.545,0.455,1.0,2.545,3.0,2.364,0.182,0.909,4.727,0.0,0.0,0.091,,0.545,0.636,0.818,33.333,5.0,0.091,0.182,0.364,0.091,0.818,0.545,0.273,0.0,0.0,0.0,,0.0,,0.0,2.0,0.364,0.0,,0.091,0.0,2,0.182,0.455,0.818,0.182,22.222,3.0,15.068,0.909,9,2.466,-0.577,2,3.359,2.641,7,2.211,-1.497,0.0,0.0,,0.0,0.545,11.545,5.091,0.455
Emerson Jeka,Hawthorn,20,20.28,Key Forward,4,4.625,35.0,29.25,0,0.0,0,0,80.75,3.25,3.25,6.5,80.769,69.231,92.308,50.0,1.5,0.0,126.75,19.5,0.5,13.0,1.0,6.5,28.046,-15.546,37.331,0.169,2.75,5.25,8.0,34.375,0.75,1.25,0.5,0.5,0.75,2.75,1.25,0.0,0.25,3.5,0.0,0.0,0.0,,0.0,0.0,0.0,,1.75,0.25,0.75,0.0,0.75,0.25,0.0,0.25,0.0,0.0,0.0,,0.0,,0.0,1.0,0.75,0.0,,3.75,13.333,2,0.5,0.5,1.0,0.25,50.0,2.75,15.942,0.25,4,3.837,-0.337,3,3.651,-0.984,1,4.394,1.606,0.0,0.0,,0.0,1.25,5.5,0.75,0.25
Jack Gunston,Hawthorn,30,30.2,Key Forward,1,-0.5,22.0,31.0,0,0.0,0,0,79.0,6.0,1.0,7.0,57.143,50.0,100.0,85.714,0.0,2.0,196.0,28.0,1.0,7.0,2.0,3.5,17.028,22.972,45.752,-5.752,1.0,5.0,6.0,16.667,0.0,0.0,0.0,0.0,0.0,0.0,0.0,1.0,0.0,4.0,2.0,6.25,1.0,50.0,0.0,1.0,1.0,100.0,1.0,0.0,1.0,0.0,0.0,0.0,0.0,0.0,0.0,0.0,0.0,,0.0,,0.0,2.0,1.0,0.0,,3.0,0.0,0,0.0,0.0,1.0,0.0,0.0,0.0,0.0,0.0,1,2.855,-2.855,1,2.855,-2.855,0,,,1.0,7.143,100.0,0.0,0.0,12.0,4.0,0.0
Ryan Byrnes,St Kilda,20,20.66,Mid-Forward,16,5.894,52.875,63.25,0,0.0,0,0,71.5,8.188,7.25,15.438,73.279,67.939,79.31,53.036,1.812,1.375,204.812,13.267,2.188,7.057,2.562,6.024,24.163,4.286,57.415,4.654,4.438,10.75,15.188,29.218,2.062,3.25,0.938,1.0,2.25,2.812,2.312,0.562,0.938,5.188,1.938,7.731,0.375,19.355,0.875,1.25,1.375,63.636,4.75,0.188,0.188,0.125,0.125,0.562,0.062,0.5,0.0,0.0,0.0,,0.0,,0.0,1.812,0.25,0.0,,0.188,33.333,6,0.375,0.062,0.625,0.438,60.0,3.625,16.91,0.375,10,3.412,0.288,3,4.237,-0.237,7,3.059,0.513,0.0,0.0,,0.0,0.375,15.5,6.625,0.062
Matthew Owies,Carlton,24,24.78,Gen. Forward,13,5.085,54.538,52.0,0,0.0,0,0,73.385,5.308,3.538,8.846,70.435,59.42,86.957,60.0,1.154,0.385,141.538,16.0,1.231,7.188,1.385,6.389,29.308,6.176,50.826,7.238,3.615,5.462,9.077,39.831,0.462,2.462,1.231,0.846,1.615,3.077,2.077,0.077,1.231,1.462,0.0,0.0,0.0,,0.308,0.308,0.231,100.0,3.308,0.231,1.538,0.0,0.615,0.769,0.538,0.231,0.0,0.0,0.0,,0.0,,0.0,2.923,1.231,0.077,0.0,1.462,10.526,15,1.154,1.308,2.615,0.231,44.118,4.692,20.89,0.385,34,3.718,-0.571,22,3.991,-0.309,12,3.217,-1.051,0.0,0.0,,0.077,0.769,15.231,3.385,0.385
Nick Bryan,Essendon,20,20.19,Ruck,1,5.0,51.0,66.0,0,0.0,0,0,61.0,5.0,7.0,12.0,83.333,100.0,71.429,41.667,0.0,1.0,74.0,6.167,2.0,6.0,1.0,12.0,21.474,38.526,59.414,40.586,5.0,7.0,12.0,41.667,1.0,4.0,0.0,3.0,1.0,1.0,1.0,0.0,0.0,3.0,25.0,65.789,3.0,12.0,1.0,4.0,3.0,100.0,3.0,0.0,0.0,0.0,0.0,1.0,1.0,0.0,47.0,53.409,18.0,38.298,2.0,11.111,0.0,3.0,0.0,0.0,,1.0,0.0,0,0.0,0.0,0.0,0.0,,4.0,14.815,2.0,0,,,0,,,0,,,0.0,0.0,,0.0,2.0,20.0,9.0,2.0
Darcy Tucker,Fremantle,24,24.93,Gen. Defender,16,6.412,59.375,61.25,0,0.0,0,0,83.625,9.5,7.5,17.0,73.897,66.447,83.333,55.882,1.812,1.438,245.938,14.467,2.562,6.634,2.75,6.182,21.593,0.942,64.079,3.527,3.938,13.562,17.5,22.5,2.938,3.125,0.0,1.0,2.125,2.875,2.438,0.188,0.75,8.75,0.562,2.179,0.125,22.222,0.688,0.812,0.625,70.0,4.0,0.062,0.0,0.438,0.125,0.625,0.75,-0.125,0.0,0.0,0.0,,0.0,,0.0,1.812,0.062,0.688,27.273,0.062,0.0,0,0.0,0.125,0.25,0.25,0.0,2.938,14.242,0.812,4,2.86,-2.36,1,4.021,-3.021,3,2.473,-2.14,0.125,1.212,100.0,0.0,1.312,14.0,9.312,0.938
Harry Edwards,West Coast,21,21.24,Key Defender,10,8.79,67.8,50.8,0,0.0,0,0,85.8,7.5,2.8,10.3,90.291,90.667,89.286,72.816,0.6,2.5,147.9,14.359,1.0,10.3,0.8,12.875,14.71,7.208,69.175,7.538,3.7,6.7,10.4,35.577,5.1,2.2,0.1,1.0,1.2,3.7,2.2,0.0,0.2,1.8,0.0,0.0,0.0,,0.0,0.0,0.0,,5.3,0.9,0.0,2.1,0.0,0.6,0.6,0.0,0.2,0.239,0.0,0.0,0.0,,0.0,2.0,0.1,3.4,35.294,0.0,,0,0.0,0.0,0.0,0.0,,1.7,7.265,0.8,0,,,0,,,0,,,0.0,0.0,,0.0,7.2,7.3,6.1,7.1
Esava Ratugolea,Geelong,23,23.43,Ruck,15,6.847,53.933,43.467,4,0.267,1,0,76.4,4.2,3.467,7.667,69.565,66.667,73.077,54.783,1.4,0.067,104.267,13.6,1.8,4.259,1.933,3.966,30.379,-11.331,55.746,-10.508,5.8,2.267,8.067,71.901,0.8,3.067,0.533,1.2,1.867,4.133,1.933,0.0,0.467,1.133,8.933,36.413,0.8,8.955,0.2,1.0,1.533,65.217,2.133,1.2,1.267,0.0,0.333,1.2,0.867,0.333,18.6,20.697,6.2,33.333,1.733,27.957,0.2,2.0,0.6,0.067,0.0,3.2,37.5,11,0.733,0.333,1.2,0.467,61.111,2.467,11.111,0.467,18,4.136,-0.191,15,4.185,-0.652,3,3.887,2.113,0.0,0.0,,0.0,1.733,8.267,1.933,1.4
Sam Simpson,Geelong,23,23.54,Gen. Forward,4,6.025,59.25,53.5,0,0.0,0,0,63.25,7.0,6.25,13.25,79.245,64.286,96.0,52.83,1.5,0.75,163.75,12.358,2.0,6.625,2.5,5.3,26.084,0.003,59.401,-15.923,4.75,8.5,13.25,35.849,1.0,3.5,1.0,0.25,3.25,2.5,2.0,0.25,0.25,5.0,0.0,0.0,0.0,,2.25,2.25,0.75,100.0,3.25,0.0,0.5,0.0,0.25,1.0,0.75,0.25,0.0,0.0,0.0,,0.0,,0.0,2.0,1.0,0.0,,0.25,0.0,2,0.5,0.5,1.0,0.5,50.0,3.75,17.442,0.5,4,4.136,-0.636,2,4.982,-1.482,2,3.291,0.209,0.0,0.0,,0.0,1.25,12.75,5.5,0.25
Robbie Fox,Sydney,28,28.7,Key Defender,15,7.313,56.2,45.067,0,0.0,0,0,69.8,6.333,5.8,12.133,79.67,77.895,81.609,52.198,1.067,2.067,168.933,13.923,1.667,7.28,2.067,5.871,19.704,5.028,58.484,10.333,4.0,8.533,12.533,31.915,3.733,3.4,0.133,1.133,2.267,3.6,3.0,0.0,0.933,5.533,0.067,0.253,0.0,0.0,0.267,0.267,0.0,,2.667,0.2,0.067,0.533,0.0,0.333,0.467,-0.133,0.133,0.15,0.067,50.0,0.0,0.0,0.0,1.867,0.067,1.733,30.769,0.067,0.0,0,0.0,0.0,0.0,0.267,,2.133,9.302,0.867,0,,,0,,,0,,,0.0,0.0,,0.333,3.733,8.733,6.4,3.4
Bailey J. Williams,West Coast,21,21.7,Ruck,6,4.167,40.167,36.833,0,0.0,0,0,62.167,3.833,2.0,5.833,65.714,60.87,75.0,65.714,1.0,0.5,101.333,17.371,2.167,2.692,2.0,2.917,21.902,15.598,55.526,13.224,3.5,3.0,6.5,53.846,1.5,1.333,0.333,0.167,1.167,2.667,0.833,0.0,0.333,2.0,5.667,20.732,0.0,0.0,0.167,0.167,0.333,50.0,2.5,1.5,0.667,1.167,0.0,0.167,1.167,-1.0,19.0,24.204,8.333,43.86,2.667,32.0,0.0,1.333,0.167,0.167,0.0,2.167,0.0,3,0.5,0.5,1.0,0.167,50.0,3.0,12.414,0.833,6,3.82,-0.32,4,4.268,-0.768,2,2.923,0.577,0.0,0.0,,0.0,1.833,10.833,4.167,1.167
Buku Khamis,Western Bulldogs,21,21.77,Key Defender,1,5.8,39.0,31.0,0,0.0,0,0,65.0,7.0,4.0,11.0,63.636,57.143,75.0,63.636,1.0,1.0,100.0,9.091,3.0,3.667,0.0,,22.08,-22.08,72.492,27.508,5.0,5.0,10.0,50.0,5.0,4.0,0.0,2.0,2.0,4.0,3.0,0.0,0.0,4.0,0.0,0.0,0.0,,0.0,0.0,1.0,0.0,1.0,0.0,0.0,0.0,0.0,1.0,2.0,-1.0,0.0,0.0,0.0,,0.0,,0.0,1.0,0.0,1.0,0.0,0.0,,0,0.0,0.0,1.0,0.0,0.0,1.0,3.704,0.0,1,2.027,-2.027,0,,,1,2.027,-2.027,0.0,0.0,,0.0,4.0,3.0,2.0,4.0
Malcolm Rosas,Gold Coast,20,20.51,Gen. Forward,4,0.8,22.5,22.5,0,0.0,0,0,49.25,3.5,1.25,4.75,63.158,50.0,100.0,73.684,1.75,0.25,98.0,20.632,1.25,3.8,1.5,3.167,28.5,-14.214,49.067,-20.496,2.0,3.0,5.0,40.0,0.5,1.75,1.5,0.5,1.25,1.5,1.25,0.0,0.5,0.75,0.0,0.0,0.0,,0.5,0.5,0.5,100.0,1.25,0.0,0.25,0.0,0.25,0.25,0.5,-0.25,0.0,0.0,0.0,,0.0,,0.0,1.5,0.5,0.0,,0.5,0.0,0,0.0,1.0,1.25,0.0,0.0,1.5,7.5,0.75,5,2.584,-1.784,1,2.608,-1.608,4,2.578,-1.828,0.0,0.0,,0.0,0.5,13.25,3.5,0.25
Rory Atkins,Gold Coast,27,27.47,Midfielder,8,6.663,45.625,39.0,0,0.0,0,0,68.125,5.875,5.125,11.0,84.091,74.468,95.122,53.409,2.375,0.625,200.0,18.182,1.25,8.8,1.75,6.286,23.78,4.127,53.588,6.877,3.125,8.25,11.375,27.473,1.375,2.625,0.375,0.625,2.0,2.125,2.0,0.375,0.75,4.875,0.0,0.0,0.25,,0.875,1.125,0.75,100.0,2.0,0.0,0.0,0.125,0.0,0.0,0.375,-0.375,0.0,0.0,0.0,,0.0,,0.0,1.125,0.25,0.375,66.667,0.25,0.0,2,0.25,0.25,0.5,0.5,50.0,3.625,19.333,0.875,4,2.508,0.992,1,2.991,-1.991,3,2.347,1.987,0.0,0.0,,0.0,0.625,9.875,3.75,0.25
Kieren Briggs,Greater Western Sydney,22,22.23,Ruck,5,9.86,71.6,64.6,0,0.0,0,0,65.6,4.6,5.2,9.8,61.224,52.174,69.231,46.939,1.4,1.0,132.4,13.51,2.6,3.769,2.4,4.083,20.993,1.229,47.183,-8.294,8.2,2.6,10.8,75.926,1.6,3.6,0.0,1.2,2.4,3.2,1.6,0.0,0.4,1.2,14.6,53.285,1.4,9.589,1.8,3.2,4.8,83.333,1.8,1.0,0.6,0.2,0.0,1.6,1.2,0.4,44.6,47.346,17.0,38.117,5.2,30.588,1.6,4.4,0.6,0.8,0.0,0.6,0.0,2,0.4,0.0,0.8,0.0,50.0,3.2,14.545,1.8,4,3.35,-0.35,4,3.35,-0.35,0,,,0.0,0.0,,0.0,2.6,11.4,5.2,2.0
Hugo Ralphsmith,Richmond,20,20.14,Mid-Forward,6,5.517,35.167,30.167,0,0.0,0,0,60.667,4.5,3.667,8.167,67.347,62.963,72.727,55.102,1.333,0.667,173.667,21.265,1.333,6.125,2.0,4.083,25.692,13.197,51.752,3.804,2.0,6.0,8.0,25.0,1.5,1.667,0.167,0.167,1.5,1.833,1.5,0.0,0.5,4.5,0.0,0.0,0.0,,0.0,0.0,0.0,,1.167,0.0,0.167,0.0,0.5,0.167,0.333,-0.167,0.0,0.0,0.0,,0.0,,0.0,0.833,0.333,0.5,33.333,0.333,50.0,3,0.5,0.333,1.167,0.0,42.857,1.667,7.752,0.167,7,2.374,0.483,2,2.541,0.959,5,2.307,0.293,0.0,0.0,,0.0,1.833,11.0,4.0,1.167
Ronin O'Connor,Adelaide,20,20.91,Midfielder,3,2.333,20.667,23.0,0,0.0,0,0,37.667,1.0,4.667,5.667,76.471,33.333,85.714,17.647,0.667,0.0,23.667,4.176,1.333,4.25,0.667,8.5,30.073,-30.073,60.113,6.553,2.0,4.0,6.0,33.333,0.333,2.0,0.667,1.0,1.0,1.0,1.0,0.0,0.333,3.333,10.0,33.708,0.667,6.667,0.0,0.667,0.667,100.0,0.667,0.0,0.0,0.0,0.333,0.0,0.667,-0.667,0.0,0.0,0.0,,0.0,,0.0,2.667,0.667,0.0,,0.0,,0,0.0,0.0,0.0,0.0,,0.333,1.538,0.0,0,,,0,,,0,,,0.0,0.0,,0.0,0.0,7.0,2.0,0.0
Tom De Koning,Carlton,22,22.46,Ruck,13,6.438,59.846,60.846,0,0.0,0,0,74.692,6.231,3.231,9.462,65.041,50.617,92.857,65.854,1.154,0.615,138.923,14.683,2.231,4.241,2.538,3.727,25.682,-8.732,57.449,-13.381,4.846,5.231,10.077,48.092,1.769,1.692,0.308,0.769,0.923,2.077,0.769,0.0,0.154,2.615,17.077,63.977,0.923,5.405,1.462,2.385,2.615,88.235,3.077,1.0,0.923,1.077,0.154,1.231,1.154,0.077,44.769,53.69,16.846,37.629,4.692,27.854,0.692,2.077,0.0,0.462,16.667,1.385,16.667,7,0.538,0.308,1.308,0.077,41.176,3.538,16.606,2.462,17,3.771,-1.065,11,3.933,-0.933,6,3.473,-1.307,0.0,0.0,,0.0,1.231,8.615,3.538,0.692
Ned Reeves,Hawthorn,23,23.16,Ruck,5,12.38,82.4,69.2,0,0.0,0,0,71.8,3.8,5.8,9.6,75.0,47.368,93.103,39.583,0.8,1.2,63.4,6.604,1.2,8.0,1.6,6.0,20.246,-5.96,44.649,-23.22,6.2,3.8,10.0,62.0,4.0,3.2,0.2,1.2,2.0,3.8,2.0,0.0,0.6,2.6,18.0,62.069,0.6,3.333,1.6,2.2,2.8,78.571,1.6,0.8,0.2,1.0,0.0,1.0,1.0,0.0,56.8,59.539,26.2,46.127,7.2,27.481,0.2,4.0,0.2,1.4,14.286,0.8,25.0,1,0.2,0.0,0.2,0.2,100.0,2.8,14.286,2.2,1,5.226,0.774,1,5.226,0.774,0,,,0.0,0.0,,0.0,6.2,9.0,4.2,5.0
Riley Garcia,Western Bulldogs,20,20.91,Gen. Forward,9,8.256,49.667,42.444,0,0.0,0,0,69.556,6.333,5.111,11.444,66.99,63.158,71.739,55.34,2.444,0.333,150.556,13.155,2.333,4.905,2.444,4.682,30.312,0.122,53.446,18.293,5.333,6.0,11.333,47.059,1.222,4.444,1.222,1.889,2.556,4.556,4.111,0.222,2.0,3.667,0.111,0.435,0.0,0.0,0.667,0.667,0.556,80.0,1.556,0.111,0.333,0.111,0.333,0.667,0.889,-0.222,0.0,0.0,0.0,,0.0,,0.0,1.889,1.0,0.0,,0.222,0.0,4,0.444,0.333,1.222,0.556,36.364,2.889,12.621,0.222,11,2.552,-0.097,3,2.825,-0.492,8,2.449,0.051,0.0,0.0,,0.444,0.778,15.778,4.222,0.333
Louis Butler,Western Bulldogs,20,20.34,Midfielder,1,0.8,30.0,46.0,0,0.0,0,0,54.0,6.0,4.0,10.0,90.0,83.333,100.0,60.0,0.0,0.0,126.0,12.6,2.0,5.0,1.0,10.0,19.428,0.572,76.518,23.482,1.0,9.0,10.0,10.0,2.0,1.0,0.0,0.0,1.0,1.0,1.0,0.0,0.0,2.0,0.0,0.0,0.0,,1.0,1.0,1.0,100.0,5.0,0.0,1.0,0.0,0.0,0.0,1.0,-1.0,0.0,0.0,0.0,,0.0,,0.0,2.0,0.0,0.0,,0.0,,0,0.0,0.0,1.0,0.0,0.0,1.0,5.263,0.0,1,3.173,-3.173,1,3.173,-3.173,0,,,0.0,0.0,,0.0,1.0,5.0,1.0,0.0
Callum Brown,Greater Western Sydney,21,21.37,Gen. Forward,2,5.6,28.0,17.5,0,0.0,0,0,35.5,2.0,1.0,3.0,100.0,100.0,100.0,66.667,1.0,0.0,44.5,14.833,0.5,6.0,0.0,,34.975,-34.975,33.275,16.725,2.0,1.0,3.0,66.667,0.0,1.5,1.5,1.5,0.0,2.0,1.5,0.0,0.0,0.5,0.0,0.0,0.0,,0.0,0.0,0.0,,1.0,0.5,0.5,0.0,0.0,0.0,0.5,-0.5,0.0,0.0,0.0,,0.0,,0.0,0.5,0.5,0.0,,0.5,100.0,2,1.0,0.0,1.0,0.0,100.0,1.5,8.824,0.0,2,4.493,1.507,0,,,2,4.493,1.507,0.0,0.0,,0.0,0.0,0.5,0.0,0.0
Trent Bianco,Collingwood,20,20.94,Gen. Forward,12,4.5,47.167,56.417,0,0.0,0,0,68.25,8.333,3.917,12.25,65.986,57.0,85.106,68.027,1.5,0.917,191.75,15.653,2.333,5.25,2.5,4.9,24.476,2.583,62.077,-4.43,3.0,9.5,12.5,24.0,1.333,2.167,0.167,0.583,1.583,2.25,1.583,0.167,0.333,4.167,0.083,0.318,0.083,100.0,0.5,0.583,0.667,50.0,4.417,0.167,0.583,0.167,0.417,0.417,0.333,0.083,0.0,0.0,0.0,,0.0,,0.0,1.75,0.5,0.167,0.0,0.25,0.0,7,0.583,0.417,1.0,0.25,58.333,3.333,16.949,0.833,12,2.998,0.919,7,2.921,1.65,5,3.105,-0.105,0.0,0.0,,0.083,0.417,9.917,4.333,0.333
Oscar Clavarino,St Kilda,22,22.61,Key Defender,5,3.58,37.6,30.2,0,0.0,0,0,69.6,4.0,3.2,7.2,75.0,65.0,87.5,55.556,0.8,1.2,92.4,12.833,2.4,3.0,1.6,4.5,18.975,6.025,65.363,-0.363,3.4,4.0,7.4,45.946,3.6,2.2,0.0,0.8,1.4,3.4,2.2,0.0,0.4,1.6,0.4,1.46,0.0,0.0,0.0,0.0,0.0,,2.8,0.8,0.0,1.0,0.0,0.4,1.2,-0.8,0.6,0.674,0.2,33.333,0.0,0.0,0.0,1.6,0.0,2.8,28.571,0.0,,0,0.0,0.0,0.0,0.0,,1.0,4.545,0.6,0,,,0,,,0,,,0.0,0.0,,0.2,3.4,7.4,5.6,3.0
Callum Coleman-Jones,Richmond,22,22.55,Key Forward,8,8.312,66.375,57.75,2,0.25,1,1,71.375,4.75,5.75,10.5,70.238,71.053,69.565,45.238,0.75,0.5,97.875,9.321,1.875,5.6,1.875,5.6,23.927,-1.2,65.071,-1.435,5.875,5.25,11.125,52.809,1.75,3.125,0.625,1.125,2.0,4.125,1.75,0.0,0.125,2.25,7.0,26.047,0.625,8.929,0.0,0.625,1.25,50.0,3.75,1.375,1.25,0.625,0.375,0.875,1.0,-0.125,19.625,25.57,7.625,38.854,2.0,26.23,0.25,1.625,0.625,0.125,0.0,3.5,28.571,11,1.375,0.5,1.875,0.125,73.333,4.25,20.238,0.625,15,4.145,0.522,12,4.442,0.724,3,2.956,-0.289,0.0,0.0,,0.0,2.0,8.375,2.125,1.375
Mabior Chol,Richmond,24,24.92,Ruck,10,9.85,67.5,60.5,7,0.7,2,1,65.8,5.9,4.1,10.0,70.0,59.322,85.366,59.0,1.7,0.7,157.5,15.75,2.0,5.0,2.1,4.762,25.651,-12.015,56.728,-11.273,5.4,4.9,10.3,52.427,3.3,2.1,0.2,0.5,1.6,2.5,1.2,0.1,0.4,2.3,13.8,52.273,0.5,3.623,1.6,2.1,3.1,80.645,3.1,1.0,0.7,1.9,0.3,0.8,0.8,0.0,38.0,47.205,12.3,32.368,3.1,25.203,1.2,2.5,0.0,0.9,22.222,0.4,25.0,7,0.7,0.4,1.1,0.1,63.636,2.5,12.077,1.2,11,3.168,1.014,7,3.488,0.369,4,2.607,2.143,0.0,0.0,,0.0,2.7,12.2,6.1,1.4
Joel Amartey,Sydney,22,22.32,Key Forward,6,8.583,60.667,58.833,0,0.0,0,0,74.333,6.333,2.833,9.167,61.818,60.526,64.706,69.091,2.5,0.5,181.833,19.836,2.5,3.667,3.167,2.895,29.311,-10.793,45.785,-5.044,6.167,2.833,9.0,68.519,1.167,3.5,1.5,1.5,2.0,4.5,2.167,0.0,0.667,1.0,4.5,17.532,0.667,14.815,1.167,1.833,1.5,100.0,2.667,1.5,0.833,0.167,0.5,0.667,1.167,-0.5,19.333,20.826,8.167,42.241,1.667,20.408,0.0,3.833,1.167,0.5,66.667,2.833,17.647,5,0.833,0.5,1.333,0.167,62.5,3.333,14.388,0.667,8,3.655,0.47,5,3.687,0.313,3,3.602,0.732,0.0,0.0,,0.0,2.667,12.0,5.167,1.333
Jai Newcombe,Hawthorn,20,20.41,Midfielder,7,4.843,45.714,50.0,0,0.0,0,0,56.286,4.571,4.286,8.857,77.419,59.375,96.667,51.613,1.429,0.714,126.857,14.323,2.0,4.429,1.857,4.769,29.558,-0.986,55.986,-5.986,3.143,6.0,9.143,34.375,1.286,2.286,0.0,0.857,1.429,1.143,0.714,0.286,0.143,3.429,10.0,39.548,0.857,8.571,0.857,1.714,1.857,100.0,2.429,0.0,0.143,0.429,0.0,0.571,1.143,-0.571,0.0,0.0,0.0,,0.0,,0.0,5.571,1.0,0.0,,0.143,0.0,1,0.143,0.143,0.286,0.0,50.0,1.714,8.219,0.571,2,1.638,1.862,1,1.559,4.441,1,1.717,-0.717,0.0,0.0,,0.0,0.571,17.429,8.0,0.143
Joel Western,Fremantle,19,19.21,Gen. Forward,4,2.125,22.0,25.25,0,0.0,0,0,61.5,3.5,2.75,6.25,64.0,35.714,100.0,56.0,1.0,0.25,105.5,16.88,2.0,3.125,2.0,3.125,27.57,-10.903,51.94,-18.607,2.0,4.0,6.0,33.333,0.25,1.5,0.5,0.25,1.25,2.0,1.5,0.0,0.75,2.5,0.0,0.0,0.0,,0.0,0.0,0.0,,1.25,0.0,0.25,0.0,0.0,0.25,0.25,0.0,0.0,0.0,0.0,,0.0,,0.0,1.5,0.25,0.0,,0.5,0.0,0,0.0,0.0,0.5,0.25,0.0,1.5,8.108,0.0,2,2.637,-2.637,0,,,2,2.637,-2.637,0.0,0.0,,0.5,0.5,10.75,3.0,0.0
Brandon Walker,Fremantle,19,19.2,Gen. Defender,10,4.19,42.3,44.8,0,0.0,0,0,73.1,7.2,3.2,10.4,69.231,61.111,87.5,69.231,1.8,1.1,205.7,19.779,1.9,5.474,2.2,4.727,26.592,-6.004,60.91,-2.087,2.7,7.9,10.6,25.472,2.9,2.4,0.0,0.8,1.6,2.5,2.2,0.0,0.5,4.1,0.0,0.0,0.0,,0.1,0.1,0.0,,3.6,0.3,0.2,0.6,0.0,0.1,0.4,-0.3,0.0,0.0,0.0,,0.0,,0.0,1.7,0.0,0.7,14.286,0.0,,0,0.0,0.3,0.3,0.2,0.0,1.8,9.0,0.7,3,2.38,-1.38,1,2.423,-1.423,2,2.359,-1.359,0.1,0.943,0.0,0.8,2.2,7.5,5.3,1.6
Josh Worrell,Adelaide,20,20.72,Gen. Defender,1,0.7,13.0,16.0,0,0.0,0,0,63.0,2.0,1.0,3.0,33.333,0.0,100.0,66.667,0.0,1.0,74.0,24.667,1.0,3.0,1.0,3.0,17.045,-17.045,36.07,13.93,1.0,2.0,3.0,33.333,1.0,1.0,0.0,1.0,0.0,1.0,1.0,0.0,0.0,2.0,0.0,0.0,0.0,,0.0,0.0,0.0,,0.0,0.0,0.0,0.0,0.0,0.0,0.0,0.0,0.0,0.0,0.0,,0.0,,0.0,2.0,0.0,4.0,50.0,0.0,,0,0.0,0.0,0.0,0.0,,0.0,0.0,0.0,0,,,0,,,0,,,0.0,0.0,,0.0,2.0,7.0,6.0,2.0
Tristan Xerri,North Melbourne,22,22.79,Key Forward,8,1.95,38.25,34.875,0,0.0,0,0,75.5,3.25,4.25,7.5,60.0,42.308,73.529,43.333,1.125,0.0,71.25,9.5,3.75,2.0,2.125,3.529,29.161,-12.494,52.267,-30.044,5.25,2.75,8.0,65.625,0.75,3.25,1.5,2.125,1.125,3.625,2.625,0.0,0.375,1.375,5.75,22.66,0.5,8.696,0.25,0.75,1.25,60.0,1.75,0.5,0.25,0.25,0.25,0.5,2.0,-1.5,19.5,22.84,7.375,37.821,1.5,20.339,0.625,2.125,0.625,0.375,33.333,3.0,37.5,1,0.125,0.25,0.875,0.125,14.286,2.125,10.18,0.75,7,2.587,-1.444,3,2.183,-1.85,4,2.89,-1.14,0.0,0.0,,0.0,2.5,9.25,2.875,1.875
Brayden Fiorini,Gold Coast,24,24.35,Midfielder,10,9.1,91.2,94.8,1,0.1,1,2,66.0,13.3,10.1,23.4,72.222,66.165,80.198,56.838,3.0,2.4,300.9,12.859,4.0,5.85,4.5,5.2,21.913,2.253,58.356,-0.023,9.0,15.0,24.0,37.5,3.0,6.3,0.7,2.4,3.9,3.3,2.7,1.6,1.0,9.1,12.6,51.429,1.1,8.73,3.0,4.1,4.5,71.111,5.2,0.0,0.1,0.5,0.0,0.7,0.6,0.1,0.0,0.0,0.0,,0.0,,0.0,4.7,0.6,0.1,0.0,0.1,0.0,2,0.2,0.2,0.6,0.3,33.333,4.6,26.136,0.7,6,2.827,-0.493,1,3.872,2.128,5,2.618,-1.018,0.1,0.833,100.0,0.0,2.1,19.5,9.4,0.6
Lachlan Bramble,Hawthorn,23,23.7,Gen. Defender,10,8.24,75.5,70.0,0,0.0,0,0,83.6,11.9,6.4,18.3,79.235,74.79,87.5,65.027,3.8,3.2,417.5,22.814,1.7,10.765,3.5,5.229,22.815,-2.06,56.022,3.412,3.6,13.0,16.6,21.687,3.2,2.9,0.0,0.6,2.2,3.2,2.5,0.1,1.0,8.2,0.0,0.0,0.0,,0.4,0.4,0.4,100.0,4.4,0.2,0.2,0.5,0.2,0.7,0.3,0.4,0.0,0.0,0.0,,0.0,,0.0,1.9,0.0,0.8,37.5,0.1,0.0,1,0.1,0.3,0.7,0.7,14.286,3.1,15.122,0.4,7,2.505,-1.219,2,2.836,0.164,5,2.373,-1.773,1.6,19.048,81.25,2.1,1.7,12.7,6.7,1.0
Samson Ryan,Richmond,21,21.06,Key Forward,1,0.1,-1.0,-2.0,0,0.0,0,0,55.0,0.0,0.0,0.0,,,,,0.0,0.0,0.0,,1.0,0.0,1.0,0.0,,,,,0.0,0.0,0.0,,0.0,0.0,0.0,0.0,0.0,0.0,0.0,0.0,0.0,0.0,1.0,6.667,0.0,0.0,0.0,0.0,0.0,,0.0,0.0,0.0,0.0,0.0,0.0,1.0,-1.0,8.0,10.526,1.0,12.5,0.0,0.0,0.0,0.0,0.0,0.0,,1.0,0.0,0,0.0,0.0,0.0,0.0,,0.0,0.0,0.0,0,,,0,,,0,,,0.0,0.0,,0.0,1.0,8.0,2.0,1.0
Jeremy Sharp,Gold Coast,20,20.38,Midfielder,9,5.056,65.444,71.0,0,0.0,0,1,78.333,12.556,5.778,18.333,74.545,69.912,84.615,68.485,2.444,2.667,352.667,19.236,2.111,8.684,3.667,5.0,19.222,-0.594,57.581,-4.64,4.0,14.333,18.333,21.818,2.778,3.0,0.111,0.556,2.444,2.444,1.778,0.111,0.778,7.556,0.0,0.0,0.111,,0.889,1.0,0.889,62.5,5.889,0.333,0.333,0.556,0.111,0.667,0.444,0.222,0.0,0.0,0.0,,0.0,,0.0,0.778,0.111,0.444,25.0,0.556,0.0,2,0.222,0.333,0.778,0.0,28.571,3.556,19.394,1.111,7,3.383,-1.24,3,4.18,-1.846,4,2.785,-0.785,0.0,0.0,,0.556,0.889,7.222,3.333,0.556
Dylan Williams,Port Adelaide,20,20.5,Gen. Forward,1,2.0,30.0,32.0,0,0.0,0,0,66.0,6.0,1.0,7.0,57.143,50.0,100.0,85.714,2.0,0.0,111.0,15.857,1.0,7.0,2.0,3.5,30.94,35.727,49.61,17.057,2.0,2.0,4.0,50.0,2.0,2.0,2.0,1.0,1.0,2.0,2.0,0.0,0.0,0.0,0.0,0.0,0.0,,0.0,0.0,0.0,,1.0,0.0,0.0,0.0,0.0,0.0,1.0,-1.0,0.0,0.0,0.0,,0.0,,0.0,3.0,1.0,0.0,,3.0,0.0,0,0.0,0.0,1.0,0.0,0.0,2.0,9.524,0.0,1,1.924,-1.924,0,,,1,1.924,-1.924,0.0,0.0,,0.0,0.0,14.0,2.0,0.0
Denver Grainger-Barras,Hawthorn,19,19.7,Key Defender,5,4.68,42.2,38.2,0,0.0,0,0,75.2,5.0,2.4,7.4,81.081,84.0,75.0,67.568,0.4,1.6,111.4,15.054,1.4,5.286,1.0,7.4,14.966,-6.633,62.495,0.005,2.2,5.4,7.6,28.947,3.8,1.6,0.0,0.4,1.2,1.8,1.4,0.0,0.2,2.0,0.0,0.0,0.0,,0.4,0.4,0.2,100.0,3.4,0.2,0.0,1.8,0.0,0.6,0.4,0.2,0.0,0.0,0.0,,0.0,,0.0,2.2,0.0,1.0,60.0,0.0,,0,0.0,0.0,0.0,0.2,,0.4,2.0,0.2,0,,,0,,,0,,,0.0,0.0,,0.0,5.0,8.2,6.8,4.0
Ed Richards,Western Bulldogs,22,22.49,Gen. Defender,5,7.88,60.0,51.6,0,0.0,0,0,72.6,8.6,5.0,13.6,80.882,76.744,88.0,63.235,1.6,2.4,250.0,18.382,2.2,6.182,2.6,5.231,21.024,1.476,56.769,3.231,4.8,9.0,13.8,34.783,3.6,4.2,0.4,1.2,3.0,4.0,3.4,0.0,2.0,4.8,0.0,0.0,0.0,,0.4,0.4,0.2,100.0,3.2,0.2,0.0,0.4,0.0,0.8,1.0,-0.2,0.0,0.0,0.0,,0.0,,0.0,1.8,0.2,0.6,66.667,0.0,,1,0.2,0.0,0.2,0.0,100.0,2.6,11.111,0.8,1,2.503,3.497,0,,,1,2.503,3.497,0.2,2.041,100.0,0.0,2.0,11.0,7.0,1.4
Thomson Dow,Richmond,20,20.2,Mid-Forward,5,2.66,40.6,45.2,0,0.0,0,0,67.2,5.8,7.4,13.2,63.636,44.828,78.378,43.939,1.2,0.4,148.8,11.273,2.2,6.0,2.6,5.077,27.053,-3.053,50.934,-2.934,4.4,9.0,13.4,32.836,1.6,4.2,0.8,1.2,3.0,2.6,2.6,0.2,1.6,4.8,4.2,16.154,0.0,0.0,1.0,1.0,1.2,83.333,3.2,0.0,0.4,0.2,0.2,0.2,0.4,-0.2,0.0,0.0,0.0,,0.0,,0.0,1.0,0.2,0.0,,0.0,,0,0.0,0.4,0.6,0.4,0.0,3.2,16.495,0.8,3,2.598,-1.931,2,2.518,-1.518,1,2.757,-2.757,0.0,0.0,,0.0,0.4,11.8,2.6,0.2
Luke Pedlar,Adelaide,19,19.62,Gen. Forward,2,1.1,20.0,33.0,0,0.0,0,0,75.0,7.0,2.5,9.5,57.895,50.0,80.0,73.684,2.5,0.5,178.0,18.737,3.0,3.167,3.0,3.167,29.634,-12.967,65.231,-31.898,2.5,7.0,9.5,26.316,0.5,1.5,0.5,0.0,1.5,1.0,0.5,0.5,0.0,4.0,1.5,6.522,0.0,0.0,1.5,1.5,2.0,100.0,2.0,0.0,0.0,0.0,0.0,0.5,0.5,0.0,0.0,0.0,0.0,,0.0,,0.0,0.5,0.0,0.0,,1.5,0.0,0,0.0,0.0,0.5,0.0,0.0,1.0,6.667,0.0,1,2.025,-2.025,0,,,1,2.025,-2.025,0.0,0.0,,0.0,0.5,13.0,3.5,0.5
Eddie Ford,North Melbourne,19,19.52,Gen. Forward,5,4.92,38.0,40.2,0,0.0,0,0,66.8,4.8,2.8,7.6,76.316,66.667,92.857,63.158,1.8,0.2,135.6,17.842,0.8,9.5,0.6,12.667,30.011,32.489,61.428,13.572,2.2,5.4,7.6,28.947,0.8,1.4,0.6,0.0,1.4,2.2,1.4,0.0,0.8,0.8,0.0,0.0,0.0,,0.0,0.0,0.0,,4.2,0.0,1.2,0.2,0.6,0.8,0.2,0.6,0.0,0.0,0.0,,0.0,,0.0,0.8,0.8,0.0,,1.6,12.5,3,0.6,0.6,1.6,0.6,37.5,3.8,22.892,0.6,8,3.536,-0.911,7,3.654,-1.511,1,2.705,3.295,0.0,0.0,,0.0,0.4,8.8,3.2,0.4
Bailey Banfield,Fremantle,23,23.84,Gen. Forward,6,7.817,47.667,40.667,0,0.0,0,0,74.167,4.833,4.5,9.333,75.0,68.966,81.481,51.786,1.167,1.0,111.833,11.982,1.833,5.091,1.667,5.6,30.893,9.106,60.855,14.145,4.5,5.333,9.833,45.763,1.5,3.333,0.833,1.167,2.167,3.5,2.333,0.0,1.0,2.667,1.667,7.092,0.167,10.0,1.0,1.167,0.5,100.0,2.0,0.0,0.667,0.0,0.5,0.5,1.0,-0.5,0.0,0.0,0.0,,0.0,,0.0,2.333,1.167,0.167,100.0,1.667,10.0,4,0.667,0.333,1.167,0.5,57.143,3.667,18.333,0.333,7,3.232,0.483,2,3.335,0.165,5,3.19,0.61,0.0,0.0,,0.0,1.667,13.667,4.667,0.333
Matthew Parker,Richmond,25,25.93,Gen. Forward,6,6.983,62.167,63.167,0,0.0,0,0,81.0,7.833,5.333,13.167,68.354,57.447,84.375,59.494,2.667,0.333,270.833,20.57,3.167,4.158,2.833,4.647,31.141,-10.088,43.881,-1.776,3.833,9.167,13.0,29.487,1.0,3.167,1.0,1.333,1.833,2.0,1.833,0.333,0.833,5.667,4.667,18.182,0.333,7.143,1.167,1.5,1.333,75.0,3.0,0.167,0.5,0.167,0.167,0.167,1.0,-0.833,0.0,0.0,0.0,,0.0,,0.0,4.833,1.167,0.167,100.0,0.833,0.0,3,0.5,0.5,1.333,0.5,37.5,4.333,20.312,0.5,8,3.304,-0.679,4,3.856,-1.856,4,2.752,0.498,0.0,0.0,,0.333,0.833,18.667,6.167,0.667
Jed McEntee,Port Adelaide,20,20.87,Gen. Forward,1,0.7,3.0,2.0,0,0.0,0,0,8.0,0.0,1.0,1.0,100.0,,100.0,0.0,0.0,0.0,-6.0,-6.0,0.0,,0.0,,,,,,0.0,1.0,1.0,0.0,0.0,0.0,0.0,0.0,0.0,0.0,0.0,0.0,0.0,1.0,0.0,0.0,0.0,,0.0,0.0,0.0,,0.0,0.0,0.0,0.0,0.0,0.0,0.0,0.0,0.0,0.0,0.0,,0.0,,0.0,0.0,0.0,0.0,,0.0,,0,0.0,0.0,0.0,0.0,,0.0,0.0,0.0,0,,,0,,,0,,,0.0,0.0,,0.0,0.0,2.0,1.0,0.0
Sam Durham,Essendon,20,20.47,Midfielder,7,6.514,63.429,54.714,0,0.0,0,0,77.429,6.714,7.429,14.143,80.808,72.34,88.462,47.475,1.857,1.571,170.0,12.02,1.429,9.9,2.286,6.188,26.455,12.57,57.831,10.461,4.857,9.714,14.571,33.333,2.714,3.714,0.571,1.0,2.714,3.143,2.571,0.0,0.857,4.143,0.0,0.0,0.286,,1.143,1.429,1.0,85.714,4.429,0.143,0.286,0.571,0.143,0.571,0.143,0.429,0.0,0.0,0.0,,0.0,,0.0,1.286,0.0,0.286,50.0,0.286,0.0,1,0.143,0.286,0.571,0.571,25.0,4.286,19.355,0.714,4,4.418,-2.418,2,5.234,-4.234,2,3.602,-0.602,0.0,0.0,,0.143,1.286,16.286,9.857,0.429
Jack Ginnivan,Collingwood,19,19.06,Gen. Forward,5,5.14,40.8,46.8,0,0.0,0,0,75.4,7.6,1.4,9.0,64.444,57.895,100.0,84.444,2.6,0.2,193.6,21.511,2.2,4.091,2.4,3.75,34.837,-1.504,59.425,-5.259,2.8,6.8,9.6,29.167,0.8,1.6,0.8,0.8,0.8,2.4,1.4,0.0,0.2,2.8,0.0,0.0,0.2,,0.2,0.4,0.0,,3.6,0.2,1.0,0.0,0.6,1.2,0.6,0.6,0.0,0.0,0.0,,0.0,,0.0,0.8,0.2,0.0,,0.6,33.333,6,1.2,0.6,2.4,0.6,50.0,3.6,19.355,0.6,12,3.289,-0.039,8,3.732,0.268,4,2.402,-0.652,0.0,0.0,,0.0,0.8,10.4,2.8,0.2
Cooper Sharman,St Kilda,21,21.43,Key Forward,5,9.12,54.0,53.8,8,1.6,1,1,59.6,5.4,3.4,8.8,65.909,55.556,82.353,61.364,1.2,0.0,155.6,17.682,1.4,6.286,1.2,7.333,32.06,-4.787,51.702,-6.247,3.6,4.8,8.4,42.857,0.0,2.2,1.4,0.8,1.4,3.2,1.8,0.0,1.0,1.4,0.0,0.0,0.0,,0.4,0.4,0.2,100.0,3.8,1.4,2.6,0.0,1.2,0.0,0.2,-0.2,2.4,2.667,0.8,33.333,0.4,50.0,0.0,1.6,1.2,0.2,0.0,1.2,33.333,10,2.0,0.8,3.2,0.4,62.5,4.2,20.388,0.4,16,3.234,0.766,12,3.244,0.922,4,3.204,0.296,0.0,0.0,,0.0,0.2,9.4,1.6,0.2
Charlie Curnow,Carlton,24,24.9,Key Forward,4,7.025,51.5,50.5,0,0.0,0,0,79.0,8.75,3.5,12.25,63.265,60.0,71.429,71.429,3.0,0.25,301.5,24.612,4.25,2.882,4.75,2.579,26.062,-1.062,40.352,13.815,4.25,8.5,12.75,33.333,0.75,3.5,2.0,1.25,2.25,4.25,3.5,0.0,1.25,3.5,0.0,0.0,0.0,,0.0,0.0,0.0,,4.0,0.5,1.0,0.0,1.5,0.25,1.75,-1.5,0.0,0.0,0.0,,0.0,,0.0,1.5,0.75,0.0,,4.75,21.053,2,0.5,1.25,2.25,0.75,22.222,3.75,18.987,0.5,9,2.436,-0.547,3,3.322,-2.655,6,1.993,0.507,0.0,0.0,,0.0,0.75,6.0,0.75,0.75
Nathan Kreuger,Geelong,22,22.51,Key Defender,2,4.75,52.0,45.0,0,0.0,0,0,85.5,5.5,2.0,7.5,80.0,81.818,75.0,73.333,0.0,1.5,151.0,20.133,1.0,7.5,2.5,3.0,18.99,-0.808,63.711,-9.165,2.5,6.0,8.5,29.412,3.0,1.5,0.0,0.0,1.5,2.5,1.5,0.0,1.0,1.5,0.0,0.0,0.0,,0.0,0.0,0.0,,3.5,0.0,0.0,0.0,0.0,1.0,1.0,0.0,0.0,0.0,0.0,,0.0,,0.0,4.0,0.0,2.0,50.0,0.0,,0,0.0,0.0,0.0,0.0,,1.0,4.255,0.0,0,,,0,,,0,,,1.0,16.667,100.0,0.0,5.5,10.0,7.0,4.5
Joel Jeffrey,Gold Coast,19,19.8,Key Forward,4,2.55,26.0,28.5,0,0.0,0,0,68.75,4.75,1.5,6.25,44.0,26.316,100.0,76.0,1.5,0.0,128.25,20.52,2.75,2.273,2.75,2.273,31.783,-21.783,42.957,-22.957,2.75,3.25,6.0,45.833,0.5,2.25,1.0,0.25,2.0,2.75,2.25,0.0,0.75,1.25,0.0,0.0,0.0,,0.0,0.0,0.0,,1.5,0.25,1.25,0.0,0.75,0.25,0.5,-0.25,0.0,0.0,0.0,,0.0,,0.0,1.0,0.5,0.0,,2.0,12.5,2,0.5,1.0,2.0,0.0,25.0,2.5,16.667,0.0,8,3.094,-1.094,5,3.786,-0.986,3,1.942,-1.275,0.0,0.0,,0.0,1.25,13.75,2.75,1.25
Jake Bowey,Melbourne,19,19.3,Gen. Defender,7,8.643,61.571,52.571,0,0.0,0,0,76.571,8.714,8.286,17.0,82.353,72.131,93.103,51.261,1.857,1.857,226.143,13.303,2.143,7.933,3.0,5.667,22.946,-4.302,58.204,-7.357,5.714,10.857,16.571,34.483,5.429,5.286,0.0,1.286,4.0,4.286,4.0,0.143,0.857,6.571,0.0,0.0,0.286,,1.286,1.571,1.429,90.0,3.286,0.143,0.0,1.143,0.143,0.143,1.0,-0.857,0.0,0.0,0.0,,0.0,,0.0,0.714,0.0,1.286,22.222,0.0,,0,0.0,0.0,0.0,0.143,,2.0,7.071,0.857,0,,,0,,,0,,,0.143,2.174,100.0,0.0,1.571,10.571,7.571,1.0
James Peatling,Greater Western Sydney,21,21.36,Gen. Defender,4,4.0,42.75,43.0,0,0.0,0,0,61.25,6.75,3.75,10.5,69.048,62.963,80.0,64.286,0.75,2.75,200.5,19.095,2.25,4.667,2.75,3.818,14.817,6.017,58.462,-4.295,3.25,7.75,11.0,29.545,3.75,2.5,0.0,0.25,2.25,2.5,2.0,0.0,1.0,3.75,0.0,0.0,0.0,,0.25,0.25,0.0,,3.75,0.0,0.0,1.5,0.0,1.0,1.0,0.0,0.0,0.0,0.0,,0.0,,0.0,1.5,0.0,0.25,0.0,0.0,,0,0.0,0.0,0.0,0.0,,1.5,7.407,1.25,0,,,0,,,0,,,0.0,0.0,,0.25,1.5,7.5,6.0,1.0
Brayden Cook,Adelaide,19,19.45,Midfielder,3,4.267,48.0,44.333,0,0.0,0,0,65.333,7.333,6.667,14.0,73.81,59.091,90.0,52.381,1.667,0.667,206.333,14.738,1.333,10.5,2.667,5.25,22.392,-4.21,54.926,-9.472,4.333,9.667,14.0,30.952,2.0,4.0,1.0,1.0,3.0,3.667,3.667,0.333,1.667,7.333,0.0,0.0,0.0,,0.667,0.667,0.333,100.0,2.0,0.0,0.0,0.0,0.0,0.0,0.333,-0.333,0.0,0.0,0.0,,0.0,,0.0,1.0,0.0,0.333,0.0,0.667,0.0,0,0.0,0.0,0.0,0.0,,3.0,13.433,1.0,0,,,0,,,0,,,0.0,0.0,,0.333,0.0,7.0,2.667,0.0
Maurice Rioli,Richmond,19,19.33,Gen. Forward,2,2.1,23.0,27.0,0,0.0,0,0,72.0,3.5,1.0,4.5,55.556,42.857,100.0,77.778,1.0,0.0,54.5,12.111,2.5,1.8,2.0,2.25,38.995,11.005,41.96,8.04,0.5,3.0,3.5,14.286,0.5,0.0,0.0,0.0,0.0,0.5,0.0,0.0,0.0,1.5,0.0,0.0,0.0,,0.0,0.0,0.0,,0.5,0.0,0.0,0.0,0.0,0.5,0.5,0.0,0.0,0.0,0.0,,0.0,,0.0,2.0,0.5,0.0,,0.0,,2,1.0,0.0,2.0,0.5,50.0,2.5,12.195,0.0,4,3.979,-0.979,0,,,4,3.979,-0.979,0.0,0.0,,0.0,0.5,18.0,5.5,0.0
Charlie Comben,North Melbourne,20,20.44,Key Forward,1,6.8,35.0,28.0,0,0.0,0,0,83.0,3.0,3.0,6.0,50.0,33.333,66.667,50.0,1.0,0.0,66.0,11.0,1.0,6.0,1.0,6.0,30.49,-30.49,44.42,-44.42,3.0,3.0,6.0,50.0,1.0,3.0,2.0,1.0,2.0,3.0,3.0,0.0,0.0,1.0,0.0,0.0,0.0,,0.0,0.0,0.0,,2.0,0.0,1.0,1.0,1.0,0.0,1.0,-1.0,0.0,0.0,0.0,,0.0,,0.0,1.0,0.0,0.0,,1.0,0.0,1,1.0,0.0,2.0,0.0,50.0,2.0,11.765,1.0,2,2.599,0.401,2,2.599,0.401,0,,,0.0,0.0,,0.0,2.0,8.0,3.0,1.0
Corey Durdin,Carlton,19,19.71,Gen. Forward,2,5.65,33.0,24.5,0,0.0,0,0,77.5,2.0,2.0,4.0,62.5,100.0,25.0,50.0,0.5,0.0,67.0,16.75,0.5,8.0,0.5,8.0,29.487,70.513,59.817,40.183,2.5,2.0,4.5,55.556,0.5,2.0,2.0,1.0,1.0,2.5,2.0,0.0,0.5,0.5,0.0,0.0,0.0,,0.0,0.0,0.0,,1.0,0.0,0.0,0.0,0.5,0.5,0.0,0.5,0.0,0.0,0.0,,0.0,,0.0,2.0,0.5,0.0,,0.5,0.0,1,0.5,0.0,0.5,1.0,100.0,3.0,15.0,0.5,1,2.96,3.04,0,,,1,2.96,3.04,0.0,0.0,,0.0,0.5,16.5,5.0,0.0
Brodie Kemp,Carlton,20,20.66,Gen. Defender,2,2.8,36.0,42.5,0,0.0,0,0,81.5,7.0,2.5,9.5,47.368,35.714,80.0,73.684,1.0,2.0,157.0,16.526,3.0,3.167,2.0,4.75,20.045,18.417,67.289,-5.751,0.5,9.0,9.5,5.263,1.5,0.5,0.0,0.0,0.5,0.5,0.5,0.0,0.0,4.0,0.0,0.0,0.0,,0.0,0.0,0.0,,4.0,0.0,0.0,1.0,0.0,0.0,0.5,-0.5,0.0,0.0,0.0,,0.0,,0.0,1.5,0.0,3.5,14.286,1.0,0.0,0,0.0,0.0,0.0,0.0,,2.0,10.0,0.5,0,,,0,,,0,,,0.0,0.0,,0.5,7.0,8.5,8.0,6.5
Kieran Strachan,Adelaide,26,26.23,Ruck,2,13.25,100.5,73.5,0,0.0,0,0,85.5,6.5,8.0,14.5,75.862,53.846,93.75,44.828,2.5,0.5,204.0,14.069,4.5,3.222,3.0,4.833,27.035,-27.035,49.505,-22.232,7.0,9.0,16.0,43.75,2.0,5.5,0.0,1.5,4.0,3.0,2.0,0.0,0.0,6.5,23.5,88.679,0.5,2.128,2.0,2.5,3.0,66.667,3.5,1.0,0.5,1.0,0.0,0.0,3.0,-3.0,76.5,82.703,29.5,38.562,12.5,42.373,0.5,1.5,0.0,0.0,,1.0,0.0,0,0.0,1.0,1.0,0.0,0.0,5.0,19.608,3.5,2,1.955,-0.955,1,1.527,-0.527,1,2.383,-1.383,0.0,0.0,,0.0,3.0,10.5,5.0,3.0
Ben Miller,Richmond,22,22.33,Key Defender,1,8.9,49.0,23.0,0,0.0,0,0,93.0,4.0,2.0,6.0,83.333,75.0,100.0,66.667,0.0,2.0,115.0,19.167,0.0,,1.0,6.0,11.98,13.02,56.475,-6.475,5.0,3.0,8.0,62.5,5.0,2.0,0.0,0.0,2.0,4.0,2.0,0.0,2.0,1.0,0.0,0.0,0.0,,0.0,0.0,0.0,,2.0,0.0,0.0,0.0,0.0,1.0,0.0,1.0,0.0,0.0,0.0,,0.0,,0.0,0.0,0.0,3.0,0.0,0.0,,0,0.0,0.0,0.0,0.0,,4.0,17.391,3.0,0,,,0,,,0,,,1.0,9.091,0.0,0.0,8.0,4.0,2.0,4.0
Alex Davies,Gold Coast,19,19.78,Midfielder,1,13.2,62.0,63.0,0,0.0,0,0,65.0,5.0,11.0,16.0,50.0,0.0,72.727,31.25,3.0,0.0,230.0,14.375,4.0,4.0,3.0,5.333,24.77,-24.77,30.47,-30.47,14.0,3.0,17.0,82.353,3.0,11.0,2.0,3.0,8.0,9.0,8.0,2.0,5.0,2.0,14.0,46.667,1.0,7.143,1.0,2.0,4.0,75.0,2.0,1.0,1.0,0.0,0.0,0.0,2.0,-2.0,0.0,0.0,0.0,,0.0,,0.0,6.0,2.0,0.0,,0.0,,0,0.0,2.0,3.0,0.0,0.0,4.0,21.053,0.0,3,2.728,-2.061,1,2.713,-2.713,2,2.736,-1.736,0.0,0.0,,0.0,1.0,22.0,4.0,0.0
Lachie Gollant,Adelaide,20,20.3,Gen. Defender,1,4.5,37.0,50.0,0,0.0,0,0,77.0,7.0,4.0,11.0,54.545,42.857,75.0,63.636,3.0,0.0,176.0,16.0,3.0,3.667,3.0,3.667,34.092,-9.092,51.11,-26.11,6.0,5.0,11.0,54.545,0.0,3.0,2.0,1.0,2.0,5.0,3.0,1.0,3.0,2.0,0.0,0.0,0.0,,0.0,0.0,1.0,0.0,3.0,1.0,2.0,0.0,0.0,1.0,0.0,1.0,0.0,0.0,0.0,,0.0,,0.0,1.0,0.0,0.0,,2.0,50.0,1,1.0,1.0,3.0,0.0,33.333,4.0,12.121,0.0,3,3.898,-1.565,3,3.898,-1.565,0,,,0.0,0.0,,0.0,0.0,9.0,2.0,0.0
Phoenix Spicer,North Melbourne,19,19.91,Mid-Forward,1,-3.7,12.0,21.0,0,0.0,0,0,78.0,3.0,4.0,7.0,14.286,0.0,25.0,42.857,2.0,0.0,90.0,12.857,2.0,3.5,3.0,2.333,39.74,-39.74,52.39,-52.39,2.0,5.0,7.0,28.571,1.0,2.0,1.0,0.0,2.0,2.0,2.0,0.0,1.0,2.0,0.0,0.0,0.0,,0.0,0.0,0.0,,1.0,0.0,0.0,0.0,0.0,0.0,0.0,0.0,0.0,0.0,0.0,,0.0,,0.0,0.0,0.0,0.0,,0.0,,0,0.0,1.0,1.0,0.0,0.0,2.0,14.286,0.0,1,2.573,-1.573,0,,,1,2.573,-1.573,0.0,0.0,,0.0,1.0,10.0,1.0,1.0
