Player,Team,Age,Age_Decimal,Matches,RatingPoints_Avg,Supercoach_Avg,DreamTeamPoints_Avg,CoachesVotes_Total,CoachesVotes_Avg,CoachesVotes_MatchesPolled,BnFVotes_Total,TimeOnGround,Kicks,Handballs,Disposals,DisposalEfficiency,KickingEfficiency,HandballEfficiency,KickPercentage,Inside50s,Rebound50s,MetresGained,MetresGainedPerDisposal,Clangers,DisposalsPerClanger,Turnovers,DisposalsPerTurnover,ContestedPossessions,UncontestedPossessions,TotalPossessions,ContestedPossessionRate,Intercepts,GroundBallGets,GroundBallGetsForward50,CentreClearances,StoppageClearances,TotalClearances,Marks,ContestedMarks,MarksInside50,InterceptMarks,MarksOnLead,FreesFor,FreesAgainst,FreesDiff,RuckContests,RuckContestPercentage,Hitouts,HitoutsWinPercentage,HitoutsToAdvantage,HitoutsToAdvantagePercentage,Tackles,TacklesInside50,ContestDefensiveOneOnOnes,ContestDefensiveLossPercentage,ContestOffensiveOneOnOnes,ContestOffensiveWinPercentage,Goals_Total,Goals_Avg,Behinds,ShotsAtGoal,GoalAssists,GoalAccuracy,ScoreInvolvements,ScoreInvolvementPercentage,ScoreLaunches,Bounces,OnePercenters,PressureActs,PressureActsDefensiveHalf,Spoils
Kade Simpson,Carlton,33,33.65,22,9.523,93.909,97.682,12,0.545,3,8,93.5,17.136,6.909,24.045,75.047,72.414,81.579,71.267,2.727,3.773,409.955,17.049,2.864,8.397,4.864,4.944,6.545,16.455,23.0,28.458,5.182,5.318,0.318,0.227,1.227,1.455,7.364,0.227,0.273,1.0,0.136,0.864,0.818,0.045,0.0,0.0,0.0,,0.0,,2.682,0.045,0.773,41.176,0.136,0.0,4,0.182,0.136,0.455,0.5,40.0,4.682,23.733,1.227,0.955,1.636,11.818,7.318,1.0
Dale Thomas,Carlton,30,30.52,18,5.578,65.222,71.833,0,0.0,0,0,73.944,10.889,6.611,17.5,68.254,58.163,84.874,62.222,2.889,1.111,258.389,14.765,3.0,5.833,3.389,5.164,5.056,12.389,17.444,28.981,2.444,3.611,1.056,0.222,1.167,1.389,5.722,0.389,0.667,0.333,0.944,0.667,0.611,0.056,0.0,0.0,0.0,,0.0,,1.722,0.444,0.167,33.333,0.556,50.0,8,0.444,0.389,1.056,0.389,42.105,3.722,18.768,0.333,0.611,1.111,12.444,5.222,0.611
Marc Murphy,Carlton,30,30.45,22,12.495,108.227,111.091,60,2.727,15,9,87.955,16.364,13.455,29.818,72.866,67.778,79.054,54.878,4.409,1.636,386.455,12.96,3.409,8.747,4.818,6.189,10.227,19.545,29.773,34.351,2.409,7.318,1.091,1.636,2.955,4.591,5.773,0.0,0.273,0.227,0.455,1.318,0.864,0.455,0.0,0.0,0.0,,0.0,,3.909,0.682,0.136,33.333,0.045,100.0,11,0.5,0.409,1.182,0.682,42.308,5.682,28.802,1.182,0.409,0.682,21.409,9.636,0.136
Bryce Gibbs,Carlton,28,28.79,22,12.8,102.409,112.136,39,1.773,5,11,84.091,16.455,10.364,26.818,69.661,61.05,83.333,61.356,3.591,1.909,367.182,13.692,3.636,7.375,4.909,5.463,10.136,16.591,26.727,37.925,2.182,6.409,0.727,1.818,3.136,4.955,5.182,0.136,0.409,0.227,0.227,1.091,1.091,0.0,0.045,0.052,0.0,0.0,0.0,,5.864,0.909,0.136,33.333,0.227,0.0,17,0.773,0.591,1.455,0.545,53.125,5.591,28.341,1.0,0.091,0.955,18.591,8.091,0.318
Sam Rowe,Carlton,30,30.11,9,9.767,53.667,36.667,0,0.0,0,1,89.222,4.889,4.0,8.889,83.75,84.091,83.333,55.0,0.333,1.667,78.889,8.875,0.889,10.0,0.889,10.0,4.667,4.222,8.889,52.5,5.889,3.111,0.0,0.0,0.0,0.0,2.667,0.444,0.0,1.222,0.0,0.889,0.444,0.444,0.0,0.0,0.0,,0.0,,1.444,0.0,3.667,24.242,0.111,0.0,1,0.111,0.0,0.111,0.111,100.0,1.444,7.558,0.667,0.0,7.333,5.778,4.667,6.333
Dennis Armfield,Carlton,31,31.02,5,2.46,43.8,54.2,0,0.0,0,0,75.2,7.4,3.6,11.0,67.273,59.459,83.333,67.273,2.0,1.2,160.2,14.564,2.6,4.231,2.8,3.929,2.4,8.6,11.0,21.818,2.0,2.2,0.4,0.4,0.2,0.6,5.0,0.0,0.2,0.2,1.2,0.2,0.6,-0.4,0.0,0.0,0.0,,0.0,,2.2,0.2,1.0,40.0,0.0,,2,0.4,0.2,0.6,0.0,66.667,2.4,12.121,0.4,0.4,1.6,10.6,6.4,1.4
Matthew Kreuzer,Carlton,28,28.63,21,14.057,109.81,105.048,48,2.286,14,5,84.762,9.81,5.476,15.286,57.944,45.631,80.0,64.174,2.762,1.524,204.238,13.361,2.381,6.42,3.238,4.721,9.81,5.571,15.381,63.777,2.095,5.952,0.667,1.571,2.905,4.476,3.286,0.905,0.762,0.476,0.286,1.619,0.952,0.667,70.429,80.82,31.667,44.963,9.0,28.421,5.095,0.619,0.524,36.364,1.476,38.71,12,0.571,0.571,1.286,0.238,44.444,4.571,23.022,2.619,0.0,3.0,17.333,8.381,2.0
Matthew Wright,Carlton,28,28.04,22,10.891,76.136,76.227,12,0.545,2,1,82.955,10.727,5.5,16.227,68.067,61.017,81.818,66.106,2.682,0.773,254.545,15.686,1.818,8.925,3.682,4.407,5.955,10.0,15.955,37.322,1.727,4.364,1.364,0.364,0.864,1.227,4.364,0.227,0.818,0.091,0.682,1.091,0.5,0.591,0.0,0.0,0.0,,0.0,,2.909,1.0,0.091,0.0,1.045,26.087,30,1.364,0.545,2.273,0.773,60.0,5.273,26.728,0.773,0.182,0.909,12.273,5.0,0.318
Ed Curnow,Carlton,28,28.14,13,11.077,86.077,88.154,0,0.0,0,0,85.538,12.0,9.692,21.692,69.504,62.179,78.571,55.319,3.0,0.692,259.308,11.954,2.923,7.421,4.231,5.127,10.385,11.077,21.462,48.387,4.0,8.615,1.077,1.231,1.846,3.077,3.923,0.154,0.077,0.154,0.154,0.692,1.0,-0.308,0.0,0.0,0.0,,0.0,,5.077,0.769,0.154,0.0,0.231,0.0,6,0.462,0.231,0.769,0.154,60.0,4.154,21.176,1.538,0.538,1.0,19.231,9.077,0.615
Simon White,Carlton,29,29.53,11,4.355,49.0,56.0,0,0.0,0,0,78.636,8.818,4.091,12.909,73.239,69.072,82.222,68.31,1.091,1.909,180.636,13.993,2.455,5.259,3.273,3.944,3.545,9.091,12.636,28.058,4.455,2.818,0.182,0.091,0.182,0.273,5.091,0.273,0.0,1.364,0.091,0.364,0.636,-0.273,0.0,0.0,0.0,,0.0,,1.909,0.0,1.818,20.0,0.0,,0,0.0,0.0,0.0,0.182,,1.545,7.981,0.636,0.0,3.364,9.818,6.182,2.909
Levi Casboult,Carlton,27,27.79,22,7.355,66.318,62.818,0,0.0,0,0,88.455,6.545,3.455,10.0,75.0,66.667,90.789,65.455,2.0,0.273,145.591,14.559,2.864,3.492,2.591,3.86,5.227,5.091,10.318,50.661,1.545,1.909,0.591,0.182,0.318,0.5,5.455,2.364,2.182,0.636,1.364,0.773,1.727,-0.955,15.318,17.552,7.136,46.588,1.864,26.115,1.773,0.5,0.273,0.0,3.409,26.667,34,1.545,0.818,2.727,0.273,56.667,4.227,21.429,0.5,0.0,2.273,7.773,2.409,1.818
Billie Smedts,Carlton,25,25.56,9,3.333,43.333,45.778,0,0.0,0,0,66.889,4.889,5.222,10.111,78.022,70.455,85.106,48.352,1.222,0.222,116.667,11.538,1.556,6.5,2.333,4.333,3.0,7.333,10.333,29.032,1.667,1.778,0.222,0.222,0.556,0.778,2.222,0.111,0.111,0.111,0.222,0.778,0.667,0.111,0.0,0.0,0.0,,0.0,,3.556,0.0,0.333,0.0,0.333,33.333,1,0.111,0.333,0.444,0.222,25.0,2.111,10.857,0.556,0.111,1.444,10.444,4.667,1.0
Lachie Plowman,Carlton,23,23.3,21,10.019,65.286,59.619,2,0.095,1,0,90.667,8.476,5.857,14.333,85.05,83.146,87.805,59.136,0.619,1.81,157.714,11.003,1.476,9.71,1.571,9.121,5.286,9.381,14.667,36.039,5.381,3.571,0.0,0.238,0.286,0.524,5.286,0.571,0.0,1.476,0.143,0.857,0.762,0.095,0.0,0.0,0.0,,0.0,,2.0,0.048,2.19,23.913,0.048,100.0,0,0.0,0.048,0.048,0.0,0.0,2.095,10.552,0.524,0.0,4.476,10.048,7.19,3.81
Caleb Marchbank,Carlton,21,21.06,16,5.625,69.375,69.438,4,0.25,1,0,87.562,11.5,4.0,15.5,75.403,73.913,79.688,74.194,1.25,3.062,239.125,15.427,2.812,5.511,3.312,4.679,5.0,10.5,15.5,32.258,6.062,3.188,0.0,0.0,0.062,0.062,6.375,0.812,0.062,1.812,0.188,0.938,1.062,-0.125,0.0,0.0,0.0,,0.0,,2.5,0.062,2.438,33.333,0.25,50.0,0,0.0,0.062,0.062,0.0,0.0,2.062,10.611,0.625,0.0,3.75,10.5,7.25,3.188
Jarrod Pickett,Carlton,21,21.36,10,4.45,46.2,40.5,1,0.1,1,0,70.1,5.6,3.5,9.1,58.242,46.429,77.143,61.538,1.7,0.2,132.4,14.549,2.2,4.136,3.0,3.033,5.2,4.3,9.5,54.737,1.1,4.1,1.4,0.3,0.4,0.7,2.0,0.2,1.0,0.0,0.4,0.9,0.9,0.0,0.0,0.0,0.0,,0.0,,2.1,0.3,0.0,,1.5,26.667,6,0.6,0.5,1.9,0.2,31.579,2.8,14.359,0.5,1.3,0.9,11.6,3.7,0.6
Sam Petrevski-Seton,Carlton,19,19.86,20,8.35,67.65,67.75,9,0.45,1,3,73.45,8.4,5.6,14.0,69.286,60.714,82.143,60.0,1.65,0.85,148.55,10.611,2.05,6.829,2.4,5.833,6.95,7.5,14.45,48.097,1.9,5.35,1.15,0.7,1.4,2.1,3.25,0.1,0.4,0.25,0.25,0.9,0.55,0.35,0.0,0.0,0.0,,0.0,,4.75,0.8,0.05,0.0,0.3,16.667,10,0.5,0.35,1.0,0.3,50.0,3.65,18.434,0.85,0.2,0.7,19.7,7.8,0.3
Shaun Grigg,Richmond,29,29.7,25,7.944,85.84,92.08,28,1.273,6,7,85.44,12.88,10.2,23.08,65.338,57.453,75.294,55.806,4.48,1.92,380.16,16.471,3.4,6.788,4.92,4.691,7.68,14.76,22.44,34.225,2.6,5.56,1.12,0.88,2.0,2.88,5.24,0.16,0.84,0.4,0.48,0.92,1.0,-0.08,6.08,6.897,0.24,3.947,0.04,16.667,3.76,1.12,0.24,33.333,0.4,40.0,15,0.6,0.52,1.48,0.52,40.541,6.0,23.474,1.4,0.28,1.04,15.12,6.72,0.72
Bachar Houli,Richmond,29,29.63,21,9.329,93.143,91.619,11,0.611,4,1,83.952,13.857,9.762,23.619,78.427,73.883,84.878,58.669,2.333,4.143,415.714,17.601,2.524,9.358,4.857,4.863,6.048,15.381,21.429,28.222,5.476,4.762,0.333,0.333,0.762,1.095,5.143,0.286,0.333,0.952,0.19,0.524,0.524,0.0,0.0,0.0,0.0,,0.0,,3.571,0.048,0.619,46.154,0.048,0.0,5,0.238,0.429,0.714,0.238,33.333,4.524,17.399,1.381,0.571,2.0,11.333,7.333,1.476
Jack Riewoldt,Richmond,29,29.16,23,11.304,83.348,76.783,25,1.25,5,6,93.652,9.609,3.652,13.261,57.049,56.109,59.524,72.459,2.957,0.087,252.739,19.059,3.043,4.357,3.696,3.588,6.522,7.217,13.739,47.468,1.217,3.261,1.522,0.043,0.478,0.522,6.0,1.609,3.348,0.174,2.261,0.957,1.478,-0.522,3.739,4.224,0.522,13.953,0.043,8.333,2.478,1.304,0.043,0.0,4.87,28.571,54,2.348,1.609,4.652,0.478,50.467,6.913,27.273,0.565,0.0,2.0,11.304,2.522,1.0
Shane Edwards,Richmond,29,29.18,20,12.685,79.45,65.2,1,0.059,1,0,76.4,7.7,9.95,17.65,70.255,59.74,78.392,43.626,2.95,1.3,267.95,15.181,2.15,8.209,2.75,6.418,8.2,9.4,17.6,46.591,2.7,6.8,1.45,0.5,2.1,2.6,2.75,0.2,0.9,0.4,0.2,0.5,0.75,-0.25,0.0,0.0,0.0,,0.0,,2.9,0.65,0.1,50.0,0.4,12.5,11,0.55,0.8,1.6,1.05,34.375,6.75,25.862,1.65,0.45,1.7,16.25,6.65,0.65
Alex Rance,Richmond,28,28.22,25,14.028,89.2,65.04,46,2.091,8,8,97.2,9.16,6.84,16.0,79.25,73.362,87.135,57.25,0.84,3.88,270.56,16.91,2.44,6.557,2.44,6.557,6.76,9.36,16.12,41.935,9.44,3.56,0.04,0.0,0.16,0.16,5.2,1.08,0.04,3.24,0.0,1.8,1.08,0.72,0.04,0.045,0.04,100.0,0.0,0.0,2.36,0.04,5.64,14.894,0.2,80.0,1,0.04,0.0,0.12,0.04,33.333,2.48,9.703,1.56,0.08,9.68,7.56,6.32,8.36
Trent Cotchin,Richmond,27,27.73,25,14.468,100.72,95.6,52,2.364,10,8,79.92,13.88,9.76,23.64,62.944,52.161,78.279,58.714,4.2,1.64,357.36,15.117,3.88,6.093,5.0,4.728,11.76,11.56,23.32,50.429,4.04,8.44,1.36,2.36,2.88,5.24,3.4,0.44,0.24,0.56,0.32,1.8,1.4,0.4,0.2,0.227,0.0,0.0,0.0,,5.56,1.0,0.2,0.0,0.64,31.25,17,0.68,0.32,1.28,0.56,53.125,5.32,20.814,1.6,0.4,1.72,18.84,8.92,0.72
Ben Griffiths,Richmond,26,26.28,2,3.8,45.0,41.5,0,0.0,0,0,64.5,5.0,2.5,7.5,80.0,80.0,80.0,66.667,3.5,0.5,194.0,25.867,4.0,1.875,4.0,1.875,5.0,3.0,8.0,62.5,0.5,2.5,1.0,0.0,1.0,1.0,4.0,1.5,0.5,0.0,1.0,0.5,3.0,-2.5,21.0,23.077,5.5,26.19,1.5,27.273,3.0,2.5,0.0,,4.0,12.5,0,0.0,0.5,0.5,0.0,0.0,3.0,9.836,0.5,0.0,1.0,8.0,2.0,0.5
Dylan Grimes,Richmond,26,26.46,25,7.336,53.8,45.96,3,0.136,2,0,82.36,5.04,5.52,10.56,81.818,73.81,89.13,47.727,0.76,1.16,99.04,9.379,1.96,5.388,1.4,7.543,4.76,5.88,10.64,44.737,5.2,3.28,0.04,0.04,0.24,0.28,2.88,0.52,0.08,1.16,0.04,0.84,0.72,0.12,0.0,0.0,0.0,,0.0,,3.04,0.12,2.12,22.642,0.16,50.0,1,0.04,0.08,0.12,0.0,33.333,1.8,7.042,0.76,0.04,3.92,10.2,6.92,3.28
Taylor Hunt,Richmond,27,27.15,2,7.3,39.0,24.5,0,0.0,0,0,81.5,2.0,7.5,9.5,84.211,50.0,93.333,21.053,1.0,0.5,84.5,8.895,1.5,6.333,2.0,4.75,5.0,4.5,9.5,52.632,4.5,5.0,0.5,0.0,0.0,0.0,1.0,0.0,0.0,0.5,0.0,0.0,0.5,-0.5,0.0,0.0,0.0,,0.0,,0.5,0.0,1.5,66.667,0.0,,0,0.0,0.0,0.0,0.5,,3.5,13.208,2.0,0.0,1.0,8.0,5.5,1.0
Sam Lloyd,Richmond,27,27.83,8,7.263,62.875,67.0,0,0.0,0,0,80.125,9.0,4.625,13.625,66.055,63.889,70.27,66.055,3.0,0.625,228.0,16.734,2.25,6.056,2.375,5.737,4.5,8.625,13.125,34.286,1.5,2.75,1.25,0.25,0.125,0.375,4.875,0.5,1.375,0.125,1.125,1.25,0.625,0.625,0.125,0.15,0.0,0.0,0.0,,2.875,1.125,0.375,33.333,1.875,26.667,6,0.75,0.75,1.875,0.875,40.0,4.75,18.447,0.25,0.375,0.75,12.625,3.625,0.625
David Astbury,Richmond,26,26.84,25,7.796,69.68,61.36,6,0.273,3,0,95.28,8.84,6.16,15.0,82.667,81.448,84.416,58.933,0.72,2.88,210.0,14.0,2.16,6.944,2.44,6.148,5.28,9.64,14.92,35.389,6.88,3.2,0.0,0.04,0.04,0.08,6.36,1.28,0.0,2.64,0.08,0.8,1.04,-0.24,0.0,0.0,0.0,,0.0,,1.44,0.0,4.2,20.952,0.12,0.0,0,0.0,0.0,0.0,0.04,,2.16,8.451,0.92,0.04,4.56,6.76,5.04,4.28
Josh Caddy,Richmond,25,25.25,22,9.223,76.818,74.409,8,0.421,1,3,80.136,10.227,7.045,17.273,67.105,58.667,79.355,59.211,2.545,1.0,245.5,14.213,2.773,6.23,3.727,4.634,7.227,9.591,16.818,42.973,2.727,5.455,1.227,0.773,1.818,2.591,4.182,0.5,1.136,0.5,0.591,0.636,0.909,-0.273,0.545,0.619,0.091,16.667,0.045,50.0,3.091,0.773,0.136,33.333,1.909,30.952,21,0.955,1.0,2.364,0.455,40.385,5.318,21.005,1.182,0.364,1.136,15.773,5.455,0.682
Reece Conca,Richmond,25,25.38,6,4.8,69.667,68.5,0,0.0,0,0,78.333,11.333,6.667,18.0,74.074,70.588,80.0,62.963,1.667,4.0,362.333,20.13,2.167,8.308,4.5,4.0,4.167,11.833,16.0,26.042,4.667,3.5,0.167,0.167,0.333,0.5,3.333,0.0,0.167,1.0,0.0,0.5,0.667,-0.167,0.0,0.0,0.0,,0.0,,3.0,0.0,1.167,28.571,0.0,,0,0.0,0.667,0.667,0.0,0.0,2.833,10.759,0.667,0.833,2.0,9.667,6.0,1.833
Dustin Martin,Richmond,26,26.51,25,20.86,121.88,111.36,122,5.545,15,36,85.24,19.16,10.6,29.76,65.054,52.192,88.302,64.382,6.0,0.92,482.92,16.227,4.96,6.0,6.16,4.831,14.48,14.44,28.92,50.069,3.08,10.12,2.44,3.4,3.04,6.44,4.12,1.0,1.04,0.12,0.52,1.48,1.76,-0.28,0.0,0.0,0.0,,0.0,,3.52,0.64,0.12,0.0,2.52,53.968,37,1.48,1.16,3.08,1.16,48.052,9.0,35.211,2.48,0.96,1.04,16.68,5.92,0.4
Brandon Ellis,Richmond,24,24.41,25,10.224,87.32,80.8,6,0.273,2,1,82.32,13.28,9.04,22.32,79.391,76.205,84.071,59.498,2.24,3.24,307.24,13.765,2.76,8.087,3.72,6.0,6.64,15.0,21.64,30.684,5.6,5.48,0.52,0.2,0.92,1.12,5.08,0.24,0.16,1.04,0.12,0.64,1.0,-0.36,0.0,0.0,0.0,,0.0,,2.04,0.2,0.96,50.0,0.08,50.0,7,0.28,0.16,0.52,0.28,53.846,4.0,15.649,1.16,1.04,1.72,11.84,7.2,1.12
Jason Castagna,Richmond,21,21.47,25,5.456,52.8,54.48,10,0.455,3,0,80.44,5.96,4.84,10.8,58.519,47.651,71.901,55.185,2.12,0.16,157.72,14.604,2.2,4.909,2.72,3.971,4.64,6.24,10.88,42.647,0.92,3.48,1.44,0.28,0.24,0.52,2.96,0.32,1.48,0.08,0.8,0.8,0.6,0.2,0.0,0.0,0.0,,0.0,,3.0,1.28,0.04,0.0,1.64,21.951,26,1.04,0.8,2.48,0.4,41.935,4.76,18.623,0.52,0.6,0.64,15.0,2.72,0.4
Ben Reid,Collingwood,28,28.67,15,8.633,72.333,69.333,7,0.467,3,3,84.2,10.333,3.533,13.867,71.154,67.097,83.019,74.519,1.667,1.333,244.2,17.611,1.667,8.32,2.533,5.474,4.933,9.133,14.067,35.071,3.067,1.733,0.467,0.0,0.133,0.133,6.267,1.2,1.2,1.133,0.933,1.667,0.267,1.4,1.267,1.44,0.333,26.316,0.0,0.0,1.2,0.467,1.6,20.833,3.267,22.449,14,0.933,0.867,2.0,0.667,46.667,4.8,20.571,0.6,0.067,3.0,7.067,3.2,2.467
Jesse White,Collingwood,29,29.97,4,8.4,55.5,61.25,0,0.0,0,0,82.25,8.5,4.0,12.5,66.0,64.706,68.75,68.0,2.25,0.5,207.0,16.56,2.5,5.0,2.0,6.25,5.0,8.25,13.25,37.736,0.25,3.25,1.25,0.25,0.5,0.75,4.75,0.5,1.0,0.0,1.0,0.5,1.5,-1.0,8.75,10.029,2.75,31.429,0.75,27.273,1.5,0.5,0.0,,2.5,20.0,5,1.25,1.25,3.0,0.75,41.667,5.5,22.917,0.5,0.25,1.25,8.5,2.75,0.25
Travis Varcoe,Collingwood,29,29.72,8,8.175,55.875,53.625,0,0.0,0,0,70.125,6.125,7.5,13.625,83.486,71.429,93.333,44.954,1.5,1.625,162.375,11.917,1.5,9.083,1.5,9.083,3.75,9.75,13.5,27.778,2.375,2.875,0.5,0.25,0.375,0.625,3.125,0.25,0.625,0.5,0.0,0.5,0.25,0.25,0.0,0.0,0.0,,0.0,,2.375,0.25,0.75,50.0,0.25,0.0,2,0.25,0.125,0.5,0.5,50.0,3.875,15.049,0.75,0.125,1.625,13.125,6.625,1.125
Tyson Goldsack,Collingwood,30,30.61,20,9.79,67.75,53.55,5,0.25,3,0,81.2,6.2,7.05,13.25,81.509,79.032,83.688,46.792,1.2,1.8,172.5,13.019,1.5,8.833,2.15,6.163,6.0,7.1,13.1,45.802,6.5,4.7,0.2,0.0,0.35,0.35,3.6,0.45,0.05,1.15,0.1,0.75,0.35,0.4,0.25,0.287,0.05,20.0,0.0,0.0,2.45,0.15,3.75,32.0,0.3,33.333,1,0.05,0.2,0.35,0.0,14.286,2.8,10.874,1.25,0.35,6.4,8.95,5.9,5.65
Jarryd Blair,Collingwood,27,27.71,12,7.633,59.833,53.167,0,0.0,0,0,76.083,4.167,7.833,12.0,69.444,66.0,71.277,34.722,1.167,0.333,101.167,8.431,2.583,4.645,2.583,4.645,6.917,6.083,13.0,53.205,1.667,5.5,2.333,0.5,0.583,1.083,1.75,0.083,0.75,0.0,0.5,0.833,1.167,-0.333,0.0,0.0,0.0,,0.0,,4.083,1.417,0.083,0.0,0.917,45.455,11,0.917,0.583,1.667,0.333,55.0,4.333,16.828,0.75,0.167,0.833,18.167,5.75,0.25
Chris Mayne,Collingwood,29,29.16,3,5.5,58.0,63.0,0,0.0,0,0,74.333,6.333,5.667,12.0,77.778,57.895,100.0,52.778,1.333,0.0,68.333,5.694,1.333,9.0,1.333,9.0,3.667,8.333,12.0,30.556,0.333,2.333,1.667,0.333,0.0,0.333,3.0,0.0,1.0,0.0,0.333,1.333,0.333,1.0,0.0,0.0,0.0,,0.0,,4.667,2.333,0.0,,0.0,,2,0.667,0.667,2.667,0.667,25.0,4.0,15.789,0.0,0.0,1.0,18.333,6.0,0.667
Alex Fasolo,Collingwood,25,25.56,19,7.742,65.789,69.474,5,0.263,1,0,84.211,8.895,4.579,13.474,69.141,60.355,86.207,66.016,2.158,0.316,191.105,14.184,2.158,6.244,2.579,5.224,5.0,8.737,13.737,36.398,0.947,3.158,2.0,0.053,0.211,0.263,5.526,0.842,2.053,0.053,1.842,0.895,0.842,0.053,0.0,0.0,0.0,,0.0,,2.0,1.105,0.053,0.0,2.737,28.846,29,1.526,1.526,3.316,0.737,46.032,6.053,23.909,0.421,0.316,0.737,9.368,1.526,0.474
Henry Schade,Collingwood,24,24.23,8,8.825,63.375,53.25,2,0.25,1,0,88.375,6.875,6.5,13.375,85.047,81.818,88.462,51.402,0.375,2.375,179.625,13.43,1.25,10.7,2.0,6.688,4.875,8.625,13.5,36.111,4.625,4.375,0.0,0.0,0.625,0.625,5.0,0.25,0.0,0.875,0.0,0.25,0.625,-0.375,0.0,0.0,0.0,,0.0,,1.375,0.0,3.5,39.286,0.0,,1,0.125,0.0,0.125,0.0,100.0,2.0,7.843,0.25,0.0,4.75,8.25,6.625,4.25
Josh Smith,Collingwood,23,23.99,13,5.862,67.308,81.615,0,0.0,0,0,85.231,14.231,5.385,19.615,77.255,74.595,84.286,72.549,1.615,2.692,292.231,14.898,2.0,9.808,3.538,5.543,3.538,16.077,19.615,18.039,3.538,2.538,0.0,0.077,0.692,0.769,6.615,0.231,0.154,1.154,0.077,0.462,0.769,-0.308,0.0,0.0,0.0,,0.0,,2.308,0.0,1.231,50.0,0.0,,2,0.154,0.0,0.231,0.0,66.667,3.154,12.773,0.385,0.0,2.0,13.462,8.462,1.615
Jackson Ramsay,Collingwood,23,23.11,8,6.275,59.75,56.875,0,0.0,0,0,81.625,6.75,9.5,16.25,77.692,75.926,78.947,41.538,1.25,1.75,182.5,11.231,2.0,8.125,2.625,6.19,5.5,11.25,16.75,32.836,4.125,4.5,0.0,0.0,0.5,0.5,2.375,0.0,0.0,0.125,0.125,0.875,1.0,-0.125,0.0,0.0,0.0,,0.0,,3.125,0.0,1.125,33.333,0.0,,0,0.0,0.125,0.125,0.125,0.0,3.0,12.435,0.75,0.0,1.875,13.5,6.625,1.75
Tom Phillips,Collingwood,21,21.65,18,10.744,75.944,83.333,2,0.111,1,0,81.667,11.833,9.278,21.111,73.158,65.728,82.635,56.053,2.611,1.167,316.667,15.0,2.278,9.268,3.556,5.938,6.167,15.222,21.389,28.831,3.0,4.944,0.778,0.222,1.389,1.611,4.889,0.167,0.167,0.333,0.5,0.5,0.278,0.222,0.0,0.0,0.0,,0.0,,2.889,0.444,0.222,25.0,0.611,18.182,9,0.5,0.389,1.111,0.611,45.0,4.722,18.559,1.0,0.056,1.056,16.278,6.556,0.444
Robert Murphy,Western Bulldogs,35,35.56,17,10.241,76.588,77.471,3,0.176,2,0,81.176,12.235,7.529,19.765,77.083,74.519,81.25,61.905,4.059,1.471,378.529,19.152,2.176,9.081,4.176,4.732,4.412,15.235,19.647,22.455,2.588,3.529,0.353,0.118,0.529,0.647,4.941,0.235,0.529,0.412,0.765,0.588,0.706,-0.118,0.0,0.0,0.0,,0.0,,2.118,0.294,0.529,44.444,0.765,61.538,10,0.588,0.412,1.235,0.706,47.619,5.294,19.737,0.941,0.824,0.941,8.706,4.176,0.647
Matthew Boyd,Western Bulldogs,35,35.34,10,7.78,77.9,84.2,3,0.3,1,0,83.3,13.3,9.7,23.0,74.348,66.917,84.536,57.826,1.6,3.5,387.5,16.848,2.2,10.455,4.2,5.476,4.7,17.5,22.2,21.171,5.2,2.9,0.2,0.2,0.5,0.7,5.7,0.4,0.2,1.2,0.0,0.9,0.5,0.4,0.0,0.0,0.0,,0.0,,1.6,0.1,1.2,25.0,0.3,33.333,3,0.3,0.2,0.5,0.3,60.0,5.2,21.053,1.8,0.2,2.5,9.3,5.3,1.7
Travis Cloke,Western Bulldogs,30,30.82,10,8.37,69.0,63.7,0,0.0,0,0,78.6,8.2,3.9,12.1,66.942,58.537,84.615,67.769,3.2,0.1,236.1,19.512,1.4,8.643,2.0,6.05,5.7,7.0,12.7,44.882,1.2,3.4,1.1,0.2,0.4,0.6,4.1,0.9,0.9,0.3,1.4,1.1,0.5,0.6,11.5,12.735,3.1,26.957,0.8,25.806,2.2,1.0,0.0,,2.7,37.037,11,1.1,0.9,2.5,1.0,44.0,5.2,20.717,0.8,0.0,1.0,9.6,1.7,0.8
Dale Morris,Western Bulldogs,35,35.0,11,7.127,50.364,40.273,0,0.0,0,0,89.727,3.455,6.727,10.182,78.571,68.421,83.784,33.929,0.455,1.273,65.545,6.438,1.455,7.0,1.455,7.0,4.636,5.909,10.545,43.966,4.909,2.909,0.0,0.0,0.091,0.091,3.091,0.636,0.0,1.455,0.0,0.909,0.818,0.091,0.0,0.0,0.0,,0.0,,2.182,0.091,3.818,21.429,0.273,33.333,0,0.0,0.0,0.0,0.091,,1.091,4.528,0.364,0.0,7.818,9.909,7.636,5.273
Matthew Suckling,Western Bulldogs,29,29.43,22,10.386,77.727,78.182,3,0.136,1,0,78.227,13.5,7.273,20.773,77.462,73.064,85.625,64.989,3.591,2.818,456.727,21.987,2.227,9.327,3.955,5.253,4.636,14.818,19.455,23.832,3.636,3.727,0.409,0.091,0.273,0.364,4.818,0.318,0.136,0.864,0.227,0.545,0.818,-0.273,0.045,0.05,0.0,0.0,0.0,,1.864,0.182,0.909,30.0,0.455,50.0,9,0.409,0.682,1.273,0.318,32.143,5.136,20.287,1.364,0.591,1.636,10.091,5.727,1.318
Liam Picken,Western Bulldogs,31,31.41,22,9.632,75.136,76.182,16,0.727,3,3,80.955,8.955,9.682,18.636,67.561,58.883,75.587,48.049,2.682,0.818,233.955,12.554,2.364,7.885,3.364,5.541,7.045,11.409,18.455,38.177,2.318,5.318,1.636,0.182,0.773,0.955,3.818,0.818,1.091,0.318,0.364,0.773,0.545,0.227,0.0,0.0,0.0,,0.0,,3.045,0.727,0.227,40.0,2.045,31.111,24,1.091,0.636,2.0,0.455,54.545,6.227,24.596,0.818,0.227,0.955,13.455,5.045,0.682
Easton Wood,Western Bulldogs,28,28.32,18,9.089,64.167,58.444,12,0.667,4,0,82.611,8.333,5.778,14.111,79.528,72.667,89.423,59.055,1.278,2.222,201.722,14.295,2.0,7.056,2.278,6.195,5.333,8.444,13.778,38.71,5.889,3.5,0.0,0.0,0.167,0.167,5.333,1.111,0.222,1.778,0.167,0.722,0.833,-0.111,0.167,0.185,0.0,0.0,0.0,,1.611,0.0,2.611,17.021,0.389,42.857,3,0.167,0.222,0.444,0.056,37.5,2.833,10.991,1.0,0.611,4.444,8.556,5.722,4.056
Luke Dahlhaus,Western Bulldogs,25,25.36,22,11.482,90.682,88.545,18,0.818,5,6,79.409,9.045,16.0,25.045,74.229,55.779,84.659,36.116,2.955,1.182,245.545,9.804,2.727,9.183,3.864,6.482,9.727,15.773,25.5,38.146,2.455,7.5,2.0,1.045,1.727,2.773,3.364,0.227,0.318,0.136,0.318,1.045,0.818,0.227,0.0,0.0,0.0,,0.0,,4.227,0.591,0.0,,0.909,25.0,13,0.591,0.273,1.091,0.409,54.167,7.136,28.187,1.182,0.455,1.182,15.045,5.5,0.318
Fletcher Roberts,Western Bulldogs,24,24.57,10,8.37,53.1,37.8,4,0.4,1,0,94.7,5.5,4.0,9.5,90.526,90.909,90.0,57.895,0.2,1.9,120.8,12.716,1.0,9.5,1.5,6.333,3.4,4.9,8.3,40.964,4.4,1.8,0.0,0.0,0.0,0.0,2.7,0.3,0.0,1.3,0.0,1.1,0.4,0.7,1.2,1.376,0.1,8.333,0.1,100.0,1.3,0.0,3.6,25.0,0.0,,0,0.0,0.0,0.0,0.0,,1.7,6.8,0.8,0.0,8.1,7.6,5.6,7.5
Stewart Crameri,Western Bulldogs,29,29.39,2,8.3,58.5,60.5,0,0.0,0,0,73.5,6.0,6.0,12.0,75.0,58.333,91.667,50.0,2.0,1.0,132.5,11.042,2.5,4.8,3.0,4.0,6.5,5.5,12.0,54.167,2.5,5.5,1.0,0.0,1.0,1.0,3.0,0.0,0.0,0.0,0.5,0.5,1.5,-1.0,0.0,0.0,0.0,,0.0,,5.5,1.0,0.0,,0.5,100.0,1,0.5,0.5,1.5,1.0,33.333,5.0,18.182,1.5,0.0,1.0,20.0,10.0,0.5
Lin Jong,Western Bulldogs,24,24.57,12,10.425,72.5,71.667,3,0.25,1,0,74.083,6.583,12.333,18.917,74.449,56.962,83.784,34.802,2.583,0.583,193.75,10.242,1.167,16.214,2.25,8.407,8.5,10.5,19.0,44.737,2.333,5.833,1.167,1.167,1.917,3.083,2.667,0.75,0.417,0.5,0.5,1.083,0.167,0.917,2.083,2.248,0.083,4.0,0.0,0.0,4.417,0.333,0.083,0.0,1.083,38.462,1,0.083,0.417,0.833,0.25,10.0,4.5,18.493,1.25,0.25,1.5,15.25,6.75,1.083
Shane Biggs,Western Bulldogs,26,26.4,16,8.269,79.438,76.938,8,0.5,2,1,80.0,13.562,7.375,20.938,82.09,77.419,90.678,64.776,1.75,4.125,351.5,16.788,1.875,11.167,3.375,6.204,4.875,15.625,20.5,23.78,5.062,3.625,0.0,0.062,0.125,0.188,4.875,0.5,0.0,1.0,0.062,0.5,0.375,0.125,0.0,0.0,0.0,,0.0,,1.875,0.125,1.625,26.923,0.0,,0,0.0,0.0,0.062,0.375,0.0,3.0,11.622,0.812,0.812,2.375,12.562,8.875,1.562
Tom Boyd,Western Bulldogs,22,22.35,11,6.727,61.727,64.0,1,0.091,1,0,76.909,4.455,6.909,11.364,69.6,61.224,75.0,39.2,1.818,1.0,99.273,8.736,2.909,3.906,1.727,6.579,5.0,7.091,12.091,41.353,0.909,3.091,0.455,0.455,1.273,1.727,2.364,0.273,0.727,0.273,0.636,0.909,1.455,-0.545,50.0,53.711,20.0,40.0,4.727,23.636,2.273,0.636,0.091,0.0,1.818,0.0,7,0.636,0.273,1.364,0.364,46.667,4.182,16.429,1.273,0.0,2.727,10.364,3.818,1.545
Toby McLean,Western Bulldogs,21,21.91,19,11.784,85.526,85.579,17,0.895,4,1,76.211,9.421,13.0,22.421,71.831,58.659,81.377,42.019,3.632,0.789,253.632,11.312,2.737,8.192,3.316,6.762,8.842,13.842,22.684,38.979,3.053,6.895,1.474,0.684,2.368,3.053,3.158,0.158,0.526,0.421,0.368,1.368,0.789,0.579,0.0,0.0,0.0,,0.0,,4.526,0.947,0.053,100.0,0.526,10.0,13,0.684,0.632,1.632,0.474,41.935,6.526,25.78,1.211,0.211,0.474,18.263,7.684,0.158
Mitch Hannan,Melbourne,23,23.81,20,8.82,55.25,57.45,3,0.15,1,0,77.15,6.9,5.5,12.4,64.113,55.797,74.545,55.645,2.6,0.2,205.85,16.601,2.8,4.429,3.15,3.937,5.85,6.7,12.55,46.614,1.8,3.95,1.35,0.45,0.7,1.15,2.45,0.65,0.75,0.1,0.45,1.05,0.65,0.4,0.0,0.0,0.0,,0.0,,3.05,1.2,0.1,50.0,0.85,47.059,22,1.1,0.5,1.9,0.55,57.895,4.2,17.039,0.75,0.1,0.9,13.35,4.35,0.3
Joel Smith,Melbourne,21,21.84,3,3.233,34.667,30.333,0,0.0,0,0,56.0,4.0,4.667,8.667,73.077,50.0,92.857,46.154,0.0,1.333,96.667,11.154,2.333,3.714,2.0,4.333,2.333,6.333,8.667,26.923,2.667,1.333,0.0,0.0,0.0,0.0,0.667,0.333,0.0,0.333,0.0,0.333,1.333,-1.0,0.0,0.0,0.0,,0.0,,2.667,0.333,1.0,66.667,0.0,,0,0.0,0.0,0.0,0.0,,1.0,4.286,0.333,0.0,2.333,10.333,4.667,2.0
Jordan Lewis,Melbourne,31,31.68,19,11.411,87.263,88.842,14,0.737,5,2,87.316,11.368,14.947,26.316,78.6,67.13,87.324,43.2,3.0,1.579,297.789,11.316,3.579,7.353,4.0,6.579,9.158,17.632,26.789,34.185,3.632,5.947,0.579,0.947,2.579,3.526,4.895,0.263,0.211,0.684,0.158,1.211,0.895,0.316,0.105,0.114,0.0,0.0,0.0,,2.474,0.211,0.263,20.0,0.053,0.0,5,0.263,0.158,0.474,0.579,55.556,5.105,21.847,0.947,0.211,2.211,14.895,7.789,0.842
Nathan Jones,Melbourne,29,29.94,16,15.525,100.938,104.25,39,2.438,8,7,82.0,12.938,14.5,27.438,75.626,66.667,83.621,47.153,5.562,1.812,424.5,15.472,2.75,9.977,4.875,5.628,9.438,18.25,27.688,34.086,3.312,7.0,0.625,1.062,2.25,3.312,3.938,0.125,0.438,0.375,0.125,1.062,0.688,0.375,0.0,0.0,0.0,,0.0,,5.375,0.438,0.125,100.0,0.188,33.333,10,0.625,0.375,1.062,0.875,58.824,6.812,27.182,1.312,0.25,1.125,16.312,7.75,0.438
Bernie Vince,Melbourne,32,32.24,19,6.595,74.053,78.0,7,0.368,2,0,85.211,13.842,7.368,21.211,71.712,67.3,80.0,65.261,1.737,2.632,288.105,13.583,3.053,6.948,4.105,5.167,5.947,14.368,20.316,29.275,5.053,4.842,0.053,0.474,1.053,1.526,3.842,0.053,0.105,0.895,0.053,0.632,0.947,-0.316,0.0,0.0,0.0,,0.0,,2.895,0.316,0.684,53.846,0.053,0.0,2,0.105,0.211,0.579,0.263,18.182,3.737,15.468,1.474,0.368,1.789,12.368,7.526,0.947
Jeff Garlett,Melbourne,28,28.41,21,9.376,69.381,65.571,6,0.286,1,2,86.238,8.143,3.095,11.238,59.322,54.971,70.769,72.458,2.429,0.333,188.476,16.771,1.571,7.152,2.0,5.619,3.952,7.143,11.095,35.622,1.19,2.857,1.857,0.143,0.286,0.429,2.667,0.333,1.333,0.0,0.619,0.81,0.429,0.381,0.0,0.0,0.0,,0.0,,3.524,2.095,0.0,,1.857,33.333,42,2.0,1.333,3.667,0.762,54.545,5.524,22.745,0.905,0.905,0.81,17.286,2.429,0.286
Jack Watts,Melbourne,26,26.76,16,10.613,75.75,75.438,9,0.562,2,1,80.312,8.062,7.625,15.688,76.096,69.767,82.787,51.394,2.188,0.375,190.188,12.124,1.562,10.04,1.75,8.964,5.312,10.438,15.75,33.73,1.25,3.688,1.625,0.188,0.5,0.688,4.812,0.688,1.312,0.125,1.062,0.625,0.562,0.062,15.438,16.144,3.312,21.457,0.938,28.302,2.625,1.062,0.125,50.0,2.75,18.182,22,1.375,0.562,2.188,0.562,62.857,5.562,22.475,0.438,0.188,1.125,15.125,3.688,0.812
Neville Jetta,Melbourne,27,27.88,22,9.932,67.682,60.864,4,0.182,3,0,85.318,6.864,7.455,14.318,87.619,87.417,87.805,47.937,0.318,1.727,121.636,8.495,1.364,10.5,1.227,11.667,4.955,9.227,14.182,34.936,5.864,3.273,0.0,0.0,0.273,0.273,4.273,0.409,0.045,1.727,0.0,0.864,0.5,0.364,0.0,0.0,0.0,,0.0,,3.091,0.045,1.818,27.5,0.0,,3,0.136,0.0,0.136,0.045,100.0,2.545,10.667,1.0,0.091,3.955,11.955,8.409,3.182
Billy Stretch,Melbourne,21,21.31,9,9.1,71.444,68.222,0,0.0,0,0,77.556,6.333,11.889,18.222,77.439,59.649,86.916,34.756,1.889,0.667,159.0,8.726,1.333,13.667,2.222,8.2,8.0,11.556,19.556,40.909,3.667,5.778,0.778,0.222,1.111,1.333,3.333,0.111,0.444,0.222,0.0,0.667,0.333,0.333,0.0,0.0,0.0,,0.0,,3.333,0.333,0.222,0.0,0.889,37.5,3,0.333,0.444,0.889,0.222,37.5,3.333,13.953,0.667,0.222,1.333,14.667,6.556,0.222
Angus Brayshaw,Melbourne,21,21.97,5,10.48,72.0,77.2,0,0.0,0,0,70.8,10.6,8.4,19.0,72.632,60.377,88.095,55.789,1.6,1.0,235.8,12.411,2.0,9.5,2.8,6.786,5.8,13.6,19.4,29.897,3.4,4.2,0.6,0.6,0.8,1.4,5.6,0.4,0.4,1.0,0.2,0.2,0.2,0.0,0.0,0.0,0.0,,0.0,,2.4,0.6,0.4,0.0,0.0,,2,0.4,0.2,1.0,0.4,40.0,4.8,19.355,0.8,0.0,1.8,12.6,6.2,1.2
Sam Weideman,Melbourne,20,20.51,7,3.357,35.429,35.0,0,0.0,0,0,81.143,3.429,4.571,8.0,64.286,58.333,68.75,42.857,1.143,0.0,97.143,12.143,1.571,5.091,2.571,3.111,3.714,4.857,8.571,43.333,0.429,2.286,1.143,0.143,0.143,0.286,2.571,0.429,0.857,0.0,0.571,0.857,1.0,-0.143,0.0,0.0,0.0,,0.0,,1.714,0.429,0.0,,1.857,7.692,3,0.429,0.571,1.143,0.286,37.5,3.0,11.351,0.0,0.0,1.571,7.143,2.143,1.429
Nick Riewoldt,St Kilda,35,35.2,17,9.5,85.471,86.706,14,0.824,3,4,89.765,10.941,5.882,16.824,76.224,68.817,90.0,65.035,2.294,0.471,203.353,12.087,1.706,9.862,2.824,5.958,5.294,11.824,17.118,30.928,1.176,2.647,1.118,0.0,0.824,0.824,7.353,1.235,2.176,0.294,2.412,1.176,0.353,0.824,0.118,0.141,0.059,50.0,0.0,0.0,2.235,1.235,0.235,50.0,2.765,29.787,29,1.706,0.706,3.059,0.529,55.769,6.471,23.861,0.412,0.059,1.588,10.529,2.529,0.941
Sam Gilbert,St Kilda,31,31.36,18,9.017,65.167,61.778,0,0.0,0,0,75.444,7.667,7.556,15.222,73.723,65.217,82.353,50.365,1.833,2.111,207.667,13.642,2.889,5.269,3.111,4.893,6.389,9.056,15.444,41.367,5.444,4.889,0.167,0.333,0.611,0.944,3.333,0.333,0.111,1.167,0.167,0.667,0.833,-0.167,4.778,5.718,0.833,17.442,0.333,40.0,3.611,0.167,1.056,15.789,0.167,0.0,0,0.0,0.222,0.389,0.167,0.0,2.667,9.877,0.944,0.056,3.111,13.5,8.222,2.5
David Armitage,St Kilda,29,29.54,2,6.25,70.5,70.5,0,0.0,0,0,72.5,9.0,7.5,16.5,63.636,66.667,60.0,54.545,2.0,1.0,212.0,12.848,4.0,4.125,4.5,3.667,6.0,12.5,18.5,32.432,3.0,3.5,1.5,0.5,1.0,1.5,4.5,0.0,0.0,0.5,0.0,1.5,2.0,-0.5,0.0,0.0,0.0,,0.0,,4.0,0.5,0.0,,0.0,,1,0.5,0.5,1.5,1.0,33.333,2.5,10.204,0.5,0.0,1.0,11.0,6.5,0.5
Jarryn Geary,St Kilda,29,29.52,22,8.436,65.909,60.091,6,0.273,2,0,83.045,8.136,7.955,16.091,77.684,67.598,88.0,50.565,0.773,2.5,194.727,12.102,1.909,8.429,2.545,6.321,5.727,10.273,16.0,35.795,5.545,4.0,0.045,0.182,0.409,0.591,3.5,0.591,0.091,1.045,0.045,0.591,0.591,0.0,0.0,0.0,0.0,,0.0,,2.545,0.136,1.182,30.769,0.045,0.0,1,0.045,0.0,0.136,0.045,33.333,2.182,8.421,0.864,0.5,2.818,11.364,7.455,1.818
Nathan Brown,St Kilda,29,29.03,22,5.818,38.273,23.136,2,0.091,1,0,91.409,1.955,5.045,7.0,85.065,69.767,90.991,27.922,0.318,0.909,35.136,5.019,1.773,3.949,0.773,9.059,3.682,3.318,7.0,52.597,4.0,2.909,0.0,0.0,0.182,0.182,1.273,0.182,0.0,0.5,0.0,0.5,1.045,-0.545,0.045,0.054,0.0,0.0,0.0,,1.5,0.0,4.045,26.966,0.0,,0,0.0,0.0,0.0,0.045,,1.045,4.035,0.636,0.0,6.409,7.091,5.227,5.682
Jack Steven,St Kilda,27,27.76,20,12.75,90.7,93.8,45,2.25,7,11,78.95,12.95,13.35,26.3,71.103,58.687,83.146,49.24,4.25,1.05,362.35,13.778,3.6,7.306,4.05,6.494,10.4,16.05,26.45,39.319,2.2,7.15,1.05,2.55,2.7,5.25,2.75,0.05,0.1,0.2,0.0,1.1,0.75,0.35,0.0,0.0,0.0,,0.0,,4.65,0.55,0.2,75.0,0.5,40.0,6,0.3,0.75,1.1,0.65,27.273,6.6,25.933,1.85,0.7,1.2,19.2,7.75,0.25
Shane Savage,St Kilda,26,26.98,12,10.525,87.25,81.417,0,0.0,0,0,83.5,13.417,7.917,21.333,81.25,79.503,84.211,62.891,3.75,2.833,432.0,20.25,1.917,11.13,4.167,5.12,4.833,16.167,21.0,23.016,4.833,3.25,0.083,0.083,0.333,0.417,4.75,0.75,0.083,1.417,0.083,0.5,0.583,-0.083,0.0,0.0,0.0,,0.0,,2.417,0.0,1.167,28.571,0.083,100.0,5,0.417,0.167,0.667,0.25,62.5,3.833,14.984,0.917,1.167,2.0,9.417,5.667,1.583
Dylan Roberton,St Kilda,26,26.52,22,9.877,92.591,90.273,22,1.0,6,5,86.955,17.5,5.591,23.091,78.543,77.922,80.488,75.787,1.773,5.636,474.136,20.533,2.318,9.961,4.955,4.661,5.0,15.5,20.5,24.39,6.682,3.591,0.182,0.091,0.318,0.409,6.227,0.591,0.0,2.273,0.045,0.682,0.409,0.273,0.0,0.0,0.0,,0.0,,1.727,0.045,1.136,24.0,0.045,0.0,5,0.227,0.182,0.5,0.045,45.455,3.455,13.333,1.273,0.955,2.455,8.864,5.818,1.773
Maverick Weller,St Kilda,25,25.87,18,7.306,63.722,68.778,0,0.0,0,0,79.889,7.722,8.778,16.5,69.697,58.993,79.114,46.801,3.056,0.833,223.111,13.522,2.667,6.188,3.0,5.5,6.0,10.667,16.667,36.0,1.778,4.5,1.333,0.389,0.833,1.222,4.056,0.389,0.944,0.167,0.611,0.944,1.167,-0.222,0.0,0.0,0.0,,0.0,,3.444,1.444,0.222,50.0,1.222,31.818,11,0.611,1.0,1.833,0.278,33.333,5.389,20.507,0.722,0.056,1.111,14.889,5.0,0.778
Jake Carlisle,St Kilda,26,26.24,22,10.614,68.409,62.455,11,0.5,2,1,91.727,9.182,5.227,14.409,79.811,74.752,88.696,63.722,0.955,2.273,186.364,12.934,1.545,9.324,2.409,5.981,5.591,7.955,13.545,41.275,7.545,3.409,0.136,0.0,0.0,0.0,5.955,1.545,0.091,3.0,0.182,0.545,0.409,0.136,0.136,0.161,0.045,33.333,0.045,100.0,1.455,0.091,2.864,17.46,0.182,100.0,5,0.227,0.045,0.364,0.0,62.5,2.364,9.123,1.182,0.091,4.045,8.136,5.545,3.409
Josh Bruce,St Kilda,25,25.56,20,7.76,67.65,66.1,4,0.2,1,0,88.15,7.15,4.7,11.85,67.511,55.944,85.106,60.338,1.45,0.45,174.0,14.684,2.2,5.386,2.35,5.043,5.6,6.45,12.05,46.473,1.5,3.1,1.3,0.45,0.45,0.9,5.2,1.1,2.55,0.45,1.45,1.35,1.15,0.2,9.2,10.92,1.4,15.217,0.5,35.714,2.05,1.0,0.3,16.667,3.8,21.053,36,1.8,1.35,3.7,0.55,48.649,5.8,21.601,0.9,0.0,1.1,11.3,3.25,1.0
Jack Newnes,St Kilda,24,24.84,22,9.777,84.727,88.136,0,0.0,0,2,82.682,13.318,9.636,22.955,74.257,66.894,84.434,58.02,3.409,3.409,430.727,18.764,3.045,7.537,4.318,5.316,6.545,17.091,23.636,27.692,3.545,4.591,0.364,0.227,1.182,1.409,5.636,0.273,0.409,0.636,0.273,0.545,1.091,-0.545,0.0,0.0,0.0,,0.0,,3.091,0.318,0.455,50.0,0.227,0.0,7,0.318,0.455,0.864,0.318,36.842,5.136,19.825,0.773,0.818,1.591,14.364,7.273,0.636
Sebastian Ross,St Kilda,24,24.65,22,12.773,101.0,102.0,68,3.091,10,14,83.0,14.455,15.409,29.864,72.755,60.377,84.366,48.402,4.045,1.955,396.273,13.269,2.727,10.95,4.545,6.57,9.818,20.227,30.045,32.678,2.864,6.864,0.636,2.273,2.818,5.091,3.591,0.091,0.136,0.182,0.182,0.591,0.818,-0.227,0.091,0.107,0.045,50.0,0.045,100.0,4.273,0.545,0.409,11.111,0.045,0.0,5,0.227,0.409,0.727,0.591,31.25,6.727,25.965,1.545,0.227,1.5,18.909,9.545,0.636
Tom Hickey,St Kilda,26,26.82,5,10.18,74.4,71.4,0,0.0,0,0,86.8,6.6,5.4,12.0,61.667,48.485,77.778,55.0,1.4,0.8,150.0,12.5,3.8,3.158,2.4,5.0,8.2,4.0,12.2,67.213,2.6,4.2,0.4,1.4,2.6,4.0,2.2,1.0,0.0,1.0,0.0,1.4,2.6,-1.2,70.8,83.294,27.6,38.983,7.6,27.536,3.2,0.6,1.2,33.333,0.4,50.0,0,0.0,0.2,0.2,0.2,0.0,3.8,13.571,3.0,0.0,1.6,13.2,4.6,0.8
Nathan Wright,St Kilda,23,23.87,3,5.3,41.667,44.667,0,0.0,0,0,70.0,3.667,5.667,9.333,57.143,45.455,64.706,39.286,1.667,0.0,108.667,11.643,0.667,14.0,2.0,4.667,3.667,5.333,9.0,40.741,1.667,3.333,1.667,0.0,0.333,0.333,1.333,0.0,0.0,0.0,0.0,0.333,0.0,0.333,0.0,0.0,0.0,,0.0,,3.333,1.667,0.0,,0.0,,2,0.667,0.667,1.667,0.0,40.0,3.333,13.889,0.667,0.0,1.333,17.667,6.0,1.333
Luke Dunstan,St Kilda,22,22.92,16,11.856,88.25,87.625,16,1.0,5,1,72.125,10.375,11.25,21.625,74.566,63.253,85.0,47.977,3.812,1.188,274.062,12.673,2.5,8.65,2.188,9.886,8.375,12.938,21.312,39.296,2.0,5.812,0.938,1.938,2.188,4.125,4.188,0.125,0.625,0.312,0.188,0.75,1.125,-0.375,0.0,0.0,0.0,,0.0,,4.938,0.75,0.062,0.0,0.062,100.0,10,0.625,0.562,1.375,0.75,45.455,6.062,23.206,1.5,0.438,1.125,20.625,8.0,0.438
Jack Lonie,St Kilda,21,21.38,12,8.083,64.75,60.833,0,0.0,0,0,76.5,7.5,5.75,13.25,66.667,55.556,81.159,56.604,2.167,0.417,203.833,15.384,2.667,4.969,3.833,3.457,6.583,7.25,13.833,47.59,1.917,4.833,1.833,0.333,1.0,1.333,2.5,0.083,0.667,0.167,0.5,1.417,0.75,0.667,0.0,0.0,0.0,,0.0,,4.0,2.083,0.0,,0.333,0.0,6,0.5,1.167,1.917,0.583,26.087,5.833,21.875,1.5,0.167,1.083,21.083,4.5,0.417
Paddy Ryder,Port Adelaide,29,29.8,22,15.664,101.364,91.318,62,2.952,15,6,86.682,7.727,4.909,12.636,63.669,51.765,82.407,61.151,3.091,0.636,199.091,15.755,3.182,3.971,2.364,5.346,9.455,3.682,13.136,71.972,1.955,4.909,0.5,2.045,2.136,4.182,3.227,1.636,0.682,0.773,0.727,1.773,1.909,-0.136,69.455,73.816,37.773,54.385,11.5,30.445,2.864,0.545,1.091,8.333,1.227,48.148,11,0.5,0.364,0.955,0.409,52.381,6.091,22.222,4.091,0.0,3.636,12.409,5.318,2.727
Justin Westhoff,Port Adelaide,31,31.24,23,12.97,86.826,83.087,3,0.136,1,0,85.478,11.304,7.87,19.174,73.469,64.231,86.74,58.957,2.217,1.957,288.739,15.059,1.957,9.8,3.13,6.125,6.87,12.478,19.348,35.506,4.174,4.13,0.478,0.13,2.0,2.13,5.435,0.609,0.826,1.304,0.565,0.87,0.565,0.304,3.739,3.969,1.348,36.047,0.348,25.806,3.043,0.522,0.304,14.286,1.043,33.333,15,0.652,0.522,1.391,0.478,46.875,5.435,19.873,1.348,0.0,3.609,14.522,6.087,2.348
Robbie Gray,Port Adelaide,29,29.75,23,13.939,92.609,82.391,47,2.136,7,12,91.217,10.087,8.87,18.957,69.266,60.345,79.412,53.211,2.696,0.826,231.304,12.202,2.87,6.606,2.913,6.507,9.13,10.348,19.478,46.875,1.913,5.174,1.783,1.217,1.652,2.87,4.304,0.913,2.348,0.261,1.435,1.391,1.174,0.217,0.0,0.0,0.0,,0.0,,2.522,1.043,0.0,,3.217,20.27,47,2.043,1.261,3.609,1.304,56.627,7.565,27.663,1.435,0.652,1.0,13.609,4.043,0.304
Hamish Hartlett,Port Adelaide,27,27.38,21,10.005,76.667,70.81,5,0.25,2,0,77.429,10.19,7.714,17.905,78.989,74.766,84.568,56.915,2.048,2.762,269.333,15.043,1.714,10.444,2.905,6.164,6.524,11.19,17.714,36.828,7.333,5.095,0.0,0.19,0.238,0.429,5.048,0.524,0.095,2.095,0.0,0.905,0.524,0.381,0.0,0.0,0.0,,0.0,,2.238,0.0,1.095,30.435,0.048,0.0,4,0.19,0.238,0.476,0.238,40.0,3.667,13.824,1.286,0.095,2.0,9.238,6.238,1.524
Brad Ebert,Port Adelaide,27,27.74,23,12.174,99.261,102.913,39,1.773,9,15,85.13,12.565,12.174,24.739,68.014,54.325,82.143,50.791,4.391,1.348,313.783,12.684,3.391,7.295,3.696,6.694,10.696,14.043,24.739,43.234,2.478,6.783,0.913,1.696,3.13,4.826,3.652,0.435,0.217,0.348,0.391,0.652,1.174,-0.522,0.0,0.0,0.0,,0.0,,7.652,1.043,0.13,33.333,0.391,22.222,7,0.304,0.348,0.826,0.783,36.842,5.609,20.509,1.13,0.13,1.609,25.0,11.609,0.913
Matthew Broadbent,Port Adelaide,27,27.41,15,8.333,68.867,69.0,8,0.533,2,0,81.933,11.067,7.6,18.667,77.857,74.699,82.456,59.286,2.133,3.4,339.733,18.2,2.667,7.0,3.8,4.912,5.133,12.533,17.667,29.057,5.0,4.2,0.133,0.133,0.8,0.933,4.467,0.267,0.067,1.0,0.2,0.333,0.867,-0.533,0.0,0.0,0.0,,0.0,,2.067,0.067,1.067,43.75,0.0,,3,0.2,0.0,0.267,0.333,75.0,4.2,15.254,1.6,0.467,1.867,10.733,6.067,1.333
Jackson Trengove,Port Adelaide,27,27.16,19,7.868,62.737,63.368,0,0.0,0,0,77.526,7.211,5.895,13.105,61.847,48.905,77.679,55.02,1.579,0.474,166.105,12.675,4.0,3.276,3.263,4.016,7.105,5.895,13.0,54.656,1.895,4.421,1.526,0.895,1.211,2.105,3.316,1.158,0.789,0.684,0.632,0.947,2.263,-1.316,24.684,26.216,7.842,31.77,1.947,24.832,3.0,0.789,1.105,23.81,2.316,29.545,17,0.895,0.632,1.789,0.316,50.0,3.684,13.619,0.895,0.0,2.474,11.263,3.632,1.737
Charlie Dixon,Port Adelaide,27,27.27,23,12.796,92.0,83.043,49,2.227,7,8,93.13,9.478,5.087,14.565,65.97,60.092,76.923,65.075,3.478,0.0,251.13,17.242,2.783,5.234,3.043,4.786,8.739,6.348,15.087,57.925,1.609,4.174,1.913,0.217,0.217,0.435,6.478,2.565,2.87,0.261,2.435,1.478,1.391,0.087,3.522,3.738,1.261,35.802,0.348,27.586,3.087,1.304,0.0,,4.87,41.964,49,2.13,1.304,3.913,0.696,54.444,7.435,27.186,0.957,0.0,2.087,13.739,3.261,1.391
Aaron Young,Port Adelaide,25,25.06,13,8.3,57.0,55.0,2,0.154,1,0,77.231,5.615,6.462,12.077,75.796,63.014,86.905,46.497,2.077,0.231,164.154,13.592,1.769,6.826,1.692,7.136,4.846,7.308,12.154,39.873,0.462,3.692,1.231,0.154,0.308,0.462,3.231,0.385,0.462,0.077,0.538,0.462,0.615,-0.154,0.0,0.0,0.0,,0.0,,2.769,1.385,0.0,,1.615,23.81,11,0.846,0.769,1.769,0.462,47.826,4.846,17.598,0.0,0.077,1.308,13.923,4.846,0.846
Sam Gray,Port Adelaide,25,25.91,23,9.139,75.13,82.174,18,0.818,3,3,79.87,11.348,6.522,17.87,67.397,56.322,86.667,63.504,3.304,1.13,318.13,17.803,2.174,8.22,3.391,5.269,5.391,12.478,17.87,30.17,2.0,4.087,1.435,0.087,0.478,0.565,6.043,0.478,1.261,0.348,1.217,0.913,0.565,0.348,0.0,0.0,0.0,,0.0,,2.304,0.913,0.13,33.333,1.087,48.0,28,1.217,1.217,2.87,0.435,42.424,6.043,22.099,0.826,0.957,0.957,13.217,4.609,0.565
Jared Polec,Port Adelaide,25,25.21,22,11.505,80.591,83.273,14,0.667,3,4,83.818,13.909,8.409,22.318,72.098,64.052,85.405,62.322,4.455,2.136,428.5,19.2,3.318,6.726,4.091,5.456,6.636,15.545,22.182,29.918,3.318,5.182,0.818,0.273,1.909,2.182,3.955,0.273,0.364,0.591,0.136,0.273,0.909,-0.636,0.0,0.0,0.0,,0.0,,2.955,0.455,0.545,50.0,0.182,0.0,11,0.5,0.5,1.273,0.5,39.286,4.773,17.471,1.045,0.682,1.364,14.818,6.227,0.727
Chad Wingard,Port Adelaide,24,24.42,19,13.047,92.105,92.263,40,2.222,7,4,87.789,13.789,8.368,22.158,65.083,54.198,83.019,62.233,4.947,0.579,399.105,18.012,2.579,8.592,4.474,4.953,9.053,12.842,21.895,41.346,2.316,6.053,1.737,1.842,1.789,3.632,4.316,0.474,1.211,0.211,1.0,0.789,0.579,0.211,0.0,0.0,0.0,,0.0,,3.316,0.842,0.0,,1.526,24.138,24,1.263,1.316,2.895,0.789,43.636,7.0,24.494,1.368,0.421,1.211,17.421,5.737,0.579
Jack Hombsch,Port Adelaide,24,24.81,13,6.823,55.0,50.308,0,0.0,0,0,88.538,7.769,3.231,11.0,76.224,74.257,80.952,70.629,1.538,2.308,203.154,18.469,1.923,5.72,2.308,4.767,4.385,6.692,11.077,39.583,5.538,2.538,0.0,0.0,0.0,0.0,4.308,0.769,0.0,1.692,0.077,1.077,0.769,0.308,0.0,0.0,0.0,,0.0,,2.077,0.0,3.0,33.333,0.077,0.0,1,0.077,0.077,0.154,0.077,50.0,1.846,6.799,0.923,0.0,5.692,6.923,4.769,5.308
Tom Jonas,Port Adelaide,26,26.97,21,9.781,70.762,60.571,14,0.667,5,1,94.667,8.857,4.762,13.619,81.818,81.72,82.0,65.035,1.333,2.619,200.524,14.724,1.619,8.412,2.619,5.2,4.333,9.095,13.429,32.27,6.0,2.905,0.0,0.0,0.143,0.143,5.286,0.524,0.0,2.048,0.0,0.762,0.81,-0.048,0.0,0.0,0.0,,0.0,,2.571,0.0,4.381,27.174,0.048,100.0,0,0.0,0.0,0.0,0.095,,2.238,8.275,1.143,0.0,8.0,7.952,5.952,7.286
Tom Clurey,Port Adelaide,23,23.77,23,6.991,57.696,50.043,4,0.182,1,0,92.391,8.478,3.304,11.783,82.657,83.59,80.263,71.956,0.391,2.826,170.913,14.506,1.478,7.971,1.478,7.971,3.391,8.435,11.826,28.676,4.217,2.348,0.0,0.043,0.043,0.087,5.13,0.739,0.0,1.696,0.0,0.174,0.696,-0.522,0.0,0.0,0.0,,0.0,,1.13,0.0,4.0,28.261,0.0,,0,0.0,0.0,0.0,0.043,,1.652,6.041,0.435,0.304,5.261,4.913,4.348,4.696
Brett Eddy,Port Adelaide,28,28.34,3,7.067,49.333,40.0,0,0.0,0,0,59.667,5.333,1.667,7.0,71.429,68.75,80.0,76.19,1.667,0.0,188.333,26.905,1.667,4.2,1.667,4.2,4.0,3.333,7.333,54.545,0.333,1.667,1.0,0.0,0.0,0.0,1.667,0.667,0.667,0.0,0.0,1.333,0.667,0.667,0.0,0.0,0.0,,0.0,,2.333,1.0,0.0,,3.667,27.273,3,1.0,1.0,2.333,1.667,42.857,4.333,15.663,0.0,0.333,1.0,8.667,2.0,0.0
Heath Grundy,Sydney,31,31.58,24,8.004,71.167,62.125,11,0.5,4,2,91.042,9.25,7.5,16.75,81.592,75.676,88.889,55.224,1.083,3.458,253.458,15.132,2.458,6.814,2.917,5.743,5.125,11.542,16.667,30.75,7.25,3.5,0.0,0.0,0.042,0.042,5.417,0.917,0.0,2.458,0.042,0.583,0.958,-0.375,0.0,0.0,0.0,,0.0,,1.333,0.0,3.583,19.767,0.042,0.0,0,0.0,0.083,0.125,0.125,0.0,2.042,8.059,1.083,0.083,4.333,5.375,4.25,3.292
Kieren Jack,Sydney,30,30.5,19,9.016,75.579,76.316,4,0.235,1,0,76.789,11.526,6.158,17.684,62.798,55.708,76.068,65.179,3.579,1.053,280.737,15.875,2.421,7.304,4.0,4.421,7.053,10.895,17.947,39.296,2.053,5.368,1.421,0.684,1.526,2.211,3.368,0.0,0.158,0.158,0.316,1.211,0.684,0.526,0.0,0.0,0.0,,0.0,,4.105,0.789,0.368,57.143,0.526,10.0,10,0.526,0.579,1.421,0.947,37.037,5.421,21.822,0.895,0.0,0.789,18.053,6.947,0.158
Lance Franklin,Sydney,30,30.91,24,15.833,95.667,93.0,67,3.045,10,22,92.542,13.167,3.708,16.875,62.716,58.228,78.652,78.025,5.167,0.208,432.5,25.63,3.333,5.062,3.792,4.451,6.583,10.542,17.125,38.443,0.917,3.375,1.375,0.125,0.375,0.5,6.583,1.667,2.708,0.083,3.0,1.583,1.75,-0.167,0.208,0.233,0.083,40.0,0.0,0.0,2.292,0.917,0.167,0.0,5.083,45.902,73,3.042,2.5,6.25,0.792,48.667,9.125,36.02,0.542,0.292,1.375,11.917,2.083,0.75
Nick Smith,Sydney,29,29.55,24,6.367,55.458,52.167,2,0.091,1,0,87.125,6.833,5.75,12.583,81.126,71.951,92.029,54.305,0.542,2.417,144.875,11.513,1.583,7.947,1.875,6.711,4.042,8.708,12.75,31.699,4.792,2.875,0.0,0.0,0.292,0.292,4.625,0.333,0.0,1.333,0.0,0.667,0.583,0.083,0.0,0.0,0.0,,0.0,,1.833,0.042,2.042,18.367,0.0,,0,0.0,0.042,0.042,0.167,0.0,2.083,8.224,0.667,0.083,3.792,8.667,6.292,2.708
Josh P. Kennedy,Sydney,29,29.53,21,15.376,103.476,97.048,58,3.053,11,23,87.333,11.81,16.381,28.19,67.399,56.855,75.0,41.892,4.0,1.286,304.905,10.816,3.714,7.59,4.714,5.98,15.095,13.333,28.429,53.099,2.714,10.381,1.381,3.0,3.762,6.762,2.476,0.143,0.238,0.143,0.333,0.952,1.333,-0.381,0.238,0.264,0.0,0.0,0.0,,4.905,0.667,0.19,50.0,0.286,16.667,16,0.762,0.286,1.286,0.286,59.259,5.857,23.883,1.476,0.048,1.048,20.667,9.19,0.333
Kurt Tippett,Sydney,30,30.64,9,8.367,67.111,62.333,0,0.0,0,0,64.111,5.556,3.667,9.222,67.47,58.0,81.818,60.241,1.556,0.333,140.889,15.277,1.444,6.385,2.0,4.611,6.333,3.556,9.889,64.045,1.333,3.444,0.444,0.556,0.333,0.889,3.111,1.222,1.222,0.333,0.778,1.222,0.667,0.556,25.333,27.47,13.111,51.754,3.222,24.576,2.889,0.778,0.222,0.0,2.222,30.0,7,0.778,0.444,1.333,0.333,58.333,3.667,14.932,1.0,0.0,1.667,7.778,2.111,1.222
Jeremy Laidler,Sydney,28,28.4,3,7.133,70.0,58.667,0,0.0,0,0,77.0,7.0,7.333,14.333,76.744,76.19,77.273,48.837,0.667,2.0,203.333,14.186,1.333,10.75,3.0,4.778,4.667,8.333,13.0,35.897,5.333,3.667,0.333,0.333,0.0,0.333,3.333,0.667,0.667,1.333,0.333,0.667,0.667,0.0,0.0,0.0,0.0,,0.0,,3.0,0.0,3.0,0.0,0.0,,1,0.333,0.333,0.667,0.333,50.0,2.667,11.94,1.333,0.0,4.667,9.0,5.0,4.333
Dan Hannebery,Sydney,26,26.84,23,11.922,96.826,93.87,28,1.333,5,6,81.87,10.478,14.261,24.739,71.002,63.071,76.829,42.355,3.174,1.478,280.174,11.325,2.739,9.032,3.783,6.54,9.826,14.957,24.783,39.649,3.696,7.913,1.0,0.783,2.304,3.087,4.043,0.174,0.522,0.565,0.609,0.652,0.957,-0.304,0.0,0.0,0.0,,0.0,,5.174,0.696,0.261,50.0,0.391,33.333,12,0.522,0.174,0.913,0.652,57.143,5.348,21.391,1.391,0.13,0.565,18.435,9.0,0.261
Sam Reid,Sydney,26,26.01,22,9.614,75.0,67.545,20,1.0,4,3,85.545,7.545,5.227,12.773,74.377,69.277,81.739,59.075,1.045,0.864,165.273,12.94,1.409,9.065,1.864,6.854,5.636,7.545,13.182,42.759,1.955,2.545,1.182,0.0,0.273,0.273,6.091,1.818,2.045,0.636,1.682,1.091,0.318,0.773,4.136,4.571,1.636,39.56,0.409,25.0,1.364,0.5,0.182,25.0,3.227,42.254,30,1.364,0.773,2.636,0.455,51.724,4.409,17.446,0.455,0.0,2.409,10.727,3.136,1.773
Daniel Robinson,Sydney,23,23.49,5,5.96,48.0,43.6,0,0.0,0,0,69.0,3.6,7.0,10.6,73.585,72.222,74.286,33.962,2.0,0.2,113.6,10.717,2.6,4.077,2.4,4.417,5.2,5.6,10.8,48.148,1.2,4.2,1.4,0.0,0.8,0.8,1.6,0.0,0.0,0.4,0.0,1.0,1.0,0.0,0.2,0.22,0.0,0.0,0.0,,3.4,1.0,0.4,50.0,0.8,0.0,2,0.4,0.0,0.4,0.0,100.0,3.2,12.03,0.6,0.0,1.2,12.2,5.4,0.6
Dean Towers,Sydney,27,27.66,19,8.305,67.211,65.0,4,0.235,1,0,78.368,8.474,6.211,14.684,67.742,59.006,79.661,57.706,3.105,1.053,224.0,15.254,2.316,6.341,3.474,4.227,6.526,8.526,15.053,43.357,2.474,5.368,1.632,0.368,0.789,1.158,3.368,0.316,0.368,0.316,0.526,0.789,0.421,0.368,4.421,5.036,0.579,13.095,0.263,45.455,3.474,1.0,0.158,33.333,0.737,7.143,8,0.421,0.526,1.211,0.474,34.783,4.526,16.996,1.053,0.0,1.158,14.842,4.789,0.737
Jordan Foote,Sydney,21,21.99,5,4.38,38.6,42.4,0,0.0,0,0,77.4,3.4,6.6,10.0,68.0,52.941,75.758,34.0,1.0,0.4,75.2,7.52,2.4,4.167,3.0,3.333,3.8,6.0,9.8,38.776,2.0,3.0,0.4,0.2,0.8,1.0,1.2,0.0,0.4,0.6,0.4,0.8,1.0,-0.2,0.0,0.0,0.0,,0.0,,4.0,1.0,0.4,50.0,1.0,20.0,1,0.2,0.4,0.8,0.4,25.0,2.6,13.0,0.4,0.0,1.0,15.8,8.0,0.8
Sam Naismith,Sydney,25,25.46,15,9.847,66.933,61.333,0,0.0,0,0,72.4,3.467,5.4,8.867,69.925,53.846,80.247,39.098,1.0,0.6,70.0,7.895,2.333,3.8,1.267,7.0,5.2,3.867,9.067,57.353,2.0,3.4,0.067,1.067,1.067,2.133,1.667,0.333,0.2,0.6,0.0,0.933,1.533,-0.6,58.467,66.189,27.933,47.777,8.2,29.356,2.667,0.267,0.867,23.077,1.067,6.25,0,0.0,0.2,0.2,0.133,0.0,3.2,12.214,2.533,0.0,3.067,10.733,5.533,2.2
Tom Rockliff,Brisbane,27,27.85,20,12.345,96.3,103.0,35,1.75,7,2,83.25,13.4,10.6,24.0,69.375,61.567,79.245,55.833,4.05,1.25,314.05,13.085,3.25,7.385,3.85,6.234,10.2,13.4,23.6,43.22,1.4,6.0,0.65,1.95,4.4,6.35,5.3,0.2,0.65,0.2,0.4,1.05,1.3,-0.25,0.1,0.11,0.1,100.0,0.05,50.0,5.85,0.9,0.2,25.0,0.55,45.455,16,0.8,0.25,1.25,0.5,64.0,5.5,24.283,0.95,0.0,0.85,21.15,11.15,0.3
Dayne Beams,Brisbane,27,27.88,19,13.105,101.421,104.579,56,2.947,9,17,81.789,14.526,12.526,27.053,71.595,63.043,81.513,53.696,2.947,2.158,341.947,12.64,3.368,8.031,5.053,5.354,10.579,16.158,26.737,39.567,2.895,7.105,1.0,2.316,2.684,5.0,4.526,0.316,0.684,0.316,0.421,1.211,0.789,0.421,0.0,0.0,0.0,,0.0,,4.158,0.211,0.105,0.0,0.526,0.0,20,1.053,0.579,1.737,0.632,60.606,6.158,27.146,1.105,0.158,1.053,16.211,9.684,0.789
Daniel Rich,Brisbane,27,27.56,22,13.377,91.455,75.636,20,0.909,5,4,82.5,14.636,6.682,21.318,76.546,72.05,86.395,68.657,3.091,4.864,460.955,21.623,3.045,7.0,4.545,4.69,6.318,13.727,20.045,31.519,5.591,4.636,0.136,0.455,0.682,1.136,3.682,0.273,0.136,1.273,0.182,1.0,0.909,0.091,0.0,0.0,0.0,,0.0,,1.591,0.045,0.864,21.053,0.045,100.0,8,0.364,0.5,1.091,0.409,33.333,4.773,21.127,1.955,0.0,2.682,9.0,6.182,2.045
Stefan Martin,Brisbane,31,31.12,22,13.055,98.227,99.727,20,0.909,5,6,88.318,8.636,8.773,17.409,67.363,47.895,86.528,49.608,2.818,0.864,163.045,9.366,3.136,5.551,3.273,5.319,8.955,7.682,16.636,53.825,2.636,4.727,0.318,2.5,2.591,5.091,4.0,0.5,0.136,0.682,0.364,1.773,1.091,0.682,73.455,81.329,35.0,47.649,10.5,30.0,2.591,0.273,0.727,12.5,0.773,23.529,1,0.045,0.136,0.182,0.545,25.0,6.045,26.761,3.5,0.0,2.0,9.182,5.182,1.545
Ryan Bastinac,Brisbane,26,26.52,16,11.231,78.938,78.188,1,0.062,1,0,82.625,9.438,8.562,18.0,70.486,64.901,76.642,52.431,2.438,1.812,265.562,14.753,2.562,7.024,3.0,6.0,7.0,11.5,18.5,37.838,3.0,5.312,0.688,0.562,1.562,2.125,4.25,0.188,0.875,0.188,0.938,0.875,0.688,0.188,0.0,0.0,0.0,,0.0,,3.438,0.688,0.25,25.0,0.5,25.0,19,1.188,0.312,1.625,0.25,73.077,5.062,21.543,0.938,0.25,1.125,14.5,7.5,0.25
Ryan Harwood,Brisbane,26,26.4,9,5.922,49.889,51.222,0,0.0,0,0,77.0,5.333,7.111,12.444,86.607,75.0,95.312,42.857,0.556,1.333,75.222,6.045,1.444,8.615,1.556,8.0,2.889,9.444,12.333,23.423,2.556,2.667,0.444,0.0,0.222,0.222,3.778,0.0,0.0,0.778,0.333,0.222,0.556,-0.333,0.0,0.0,0.0,,0.0,,2.778,0.444,0.778,28.571,0.333,33.333,0,0.0,0.0,0.0,0.444,,2.222,9.901,0.556,0.0,2.222,11.222,7.111,2.111
Rohan Bewick,Brisbane,28,28.22,8,5.112,58.0,62.5,0,0.0,0,0,82.375,8.0,6.625,14.625,64.957,62.5,67.925,54.701,0.375,1.75,203.5,13.915,2.625,5.571,3.625,4.034,4.5,10.375,14.875,30.252,2.625,3.25,0.25,0.0,0.5,0.5,4.375,0.25,0.75,0.5,0.125,0.625,0.875,-0.25,0.0,0.0,0.0,,0.0,,2.25,0.625,0.625,20.0,0.875,0.0,6,0.75,0.625,1.375,0.375,54.545,3.5,15.642,0.625,0.125,0.875,9.75,5.25,0.875
Mitch Robinson,Brisbane,28,28.56,7,12.3,82.143,82.714,3,0.429,2,0,79.857,9.714,9.857,19.571,67.883,61.765,73.913,49.635,3.429,1.286,253.143,12.934,2.714,7.211,3.571,5.48,8.571,10.571,19.143,44.776,2.143,5.286,1.429,1.857,1.571,3.429,3.857,0.429,0.571,0.143,0.429,1.571,1.286,0.286,0.0,0.0,0.0,,0.0,,4.143,1.0,0.143,100.0,0.286,100.0,9,1.286,0.286,1.571,0.714,81.818,5.429,26.573,1.0,0.0,1.429,15.286,6.429,0.571
Sam Mayes,Brisbane,23,23.61,21,8.862,80.286,79.81,2,0.095,1,0,85.905,12.857,8.095,20.952,77.5,74.444,82.353,61.364,1.952,3.667,366.81,17.507,1.81,11.579,4.381,4.783,4.905,15.524,20.429,24.009,4.667,4.286,0.048,0.238,0.381,0.619,6.048,0.095,0.048,0.524,0.143,0.571,0.333,0.238,0.0,0.0,0.048,,0.0,0.0,1.81,0.048,2.048,25.581,0.048,0.0,0,0.0,0.048,0.095,0.095,0.0,2.857,12.685,0.857,0.143,3.476,9.286,6.81,3.19
Michael Close,Brisbane,23,23.42,10,5.52,48.2,49.8,0,0.0,0,0,77.7,6.4,2.5,8.9,68.539,60.938,88.0,71.91,1.9,0.1,141.5,15.899,2.5,3.56,3.3,2.697,4.4,4.4,8.8,50.0,0.9,1.6,0.5,0.1,0.2,0.3,3.5,0.9,1.0,0.2,0.8,1.7,1.4,0.3,7.0,7.609,1.7,24.286,0.3,17.647,2.7,0.9,0.0,,3.9,17.949,8,0.8,0.3,1.6,0.5,50.0,3.6,16.216,0.4,0.1,2.0,10.1,3.5,1.3
Tom Bell,Brisbane,26,26.55,6,6.65,58.0,57.833,0,0.0,0,0,80.167,7.5,7.0,14.5,65.517,53.333,78.571,51.724,2.667,0.667,228.0,15.724,4.0,3.625,3.833,3.783,7.167,7.0,14.167,50.588,1.667,6.0,1.0,0.833,0.167,1.0,2.667,0.167,0.167,0.0,1.0,0.667,1.5,-0.833,0.0,0.0,0.0,,0.0,,3.167,1.833,0.167,0.0,1.0,16.667,4,0.667,0.5,1.333,0.167,50.0,4.0,18.462,0.5,0.0,0.167,14.167,5.0,0.0
Lewis Taylor,Brisbane,22,22.86,22,11.3,79.636,77.727,16,0.727,4,1,85.727,11.045,8.409,19.455,75.234,68.724,83.784,56.776,3.364,1.455,300.636,15.453,1.545,12.588,2.636,7.379,5.182,14.545,19.727,26.267,1.909,4.227,0.727,0.273,0.773,1.045,3.955,0.0,0.273,0.136,0.591,0.818,0.318,0.5,0.0,0.0,0.0,,0.0,,2.682,0.636,0.227,80.0,0.227,0.0,17,0.773,0.682,1.864,0.864,41.463,5.636,24.95,0.591,0.5,0.636,16.0,6.909,0.318
Jake Barrett,Brisbane,22,22.14,17,6.765,63.294,66.412,0,0.0,0,0,84.0,5.941,8.294,14.235,71.488,52.475,85.106,41.736,1.471,0.176,120.412,8.459,2.059,6.914,2.412,5.902,5.471,9.176,14.647,37.349,0.882,4.412,1.882,0.235,0.647,0.882,2.824,0.059,0.706,0.0,0.706,0.588,0.765,-0.176,0.0,0.0,0.0,,0.0,,4.824,1.588,0.059,100.0,0.471,50.0,15,0.882,0.647,1.706,0.529,51.724,4.765,20.301,0.529,0.0,0.529,16.471,6.235,0.235
Nicholas Robertson,Brisbane,22,22.57,21,6.248,61.095,62.952,0,0.0,0,0,85.952,8.571,7.476,16.048,79.228,73.333,85.987,53.412,1.762,2.333,191.81,11.953,3.143,5.106,2.952,5.435,4.524,11.476,16.0,28.274,4.19,3.286,0.048,0.143,0.286,0.429,4.381,0.238,0.0,0.714,0.333,0.857,1.619,-0.762,0.0,0.0,0.0,,0.0,,3.19,0.19,1.667,28.571,0.095,0.0,1,0.048,0.095,0.19,0.143,25.0,2.667,11.915,0.524,0.095,2.238,12.095,8.429,1.714
Tom Cutler,Brisbane,22,22.86,12,7.9,70.75,76.333,0,0.0,0,0,78.917,12.333,6.917,19.25,77.056,69.595,90.361,64.069,2.75,4.083,390.667,20.294,2.083,9.24,4.083,4.714,3.583,14.417,18.0,19.907,3.0,2.75,0.0,0.25,0.5,0.75,5.5,0.25,0.417,0.417,0.583,0.417,0.417,0.0,0.0,0.0,0.0,,0.0,,1.333,0.25,0.5,0.0,0.333,25.0,8,0.667,0.5,1.333,0.167,50.0,4.083,18.284,0.667,0.333,1.083,9.417,5.833,1.0
Gary Ablett,Gold Coast,33,33.63,14,16.979,114.786,118.857,61,4.357,9,14,86.357,19.071,13.929,33.0,69.913,60.3,83.077,57.792,5.929,2.5,476.071,14.426,4.643,7.108,5.357,6.16,13.714,18.286,32.0,42.857,3.0,9.786,1.214,3.571,4.0,7.571,3.5,0.143,0.214,0.143,0.714,0.929,1.286,-0.357,0.0,0.0,0.0,,0.0,,5.5,0.857,0.357,60.0,0.357,60.0,8,0.571,0.786,1.643,0.857,34.783,8.214,33.923,2.429,0.571,0.643,20.0,8.357,0.286
Matt Rosa,Gold Coast,31,31.1,19,7.537,74.0,74.947,0,0.0,0,0,83.263,9.211,11.895,21.105,79.551,73.143,84.513,43.641,2.895,1.421,225.947,10.706,2.053,10.282,2.789,7.566,6.526,15.105,21.632,30.17,2.789,4.632,0.368,0.105,1.684,1.789,4.684,0.053,0.211,0.368,0.316,0.579,0.789,-0.211,0.421,0.486,0.0,0.0,0.0,,2.684,0.263,0.421,50.0,0.263,40.0,1,0.053,0.211,0.368,0.526,14.286,4.158,19.315,0.684,0.316,1.737,13.895,7.947,0.947
Pearce Hanley,Gold Coast,29,29.12,13,9.408,77.846,72.231,10,0.769,3,2,77.769,11.923,7.692,19.615,75.686,76.774,74.0,60.784,1.923,3.308,364.538,18.584,3.385,5.795,3.538,5.543,6.0,13.538,19.538,30.709,4.462,5.154,0.077,0.231,1.154,1.385,5.077,0.154,0.077,1.0,0.538,0.769,1.385,-0.615,0.077,0.089,0.0,0.0,0.0,,2.154,0.231,0.615,25.0,0.154,50.0,1,0.077,0.154,0.385,0.231,20.0,3.615,18.147,0.846,0.923,1.538,11.385,6.308,0.692
Rory Thompson,Gold Coast,26,26.8,7,7.886,59.429,48.143,0,0.0,0,0,94.0,5.857,4.571,10.429,82.192,78.049,87.5,56.164,0.571,1.714,114.857,11.014,1.714,6.083,1.714,6.083,4.429,6.286,10.714,41.333,5.286,2.857,0.0,0.0,0.0,0.0,4.143,0.429,0.143,1.0,0.143,0.429,1.0,-0.571,0.143,0.156,0.143,100.0,0.0,0.0,2.857,0.0,5.286,29.73,0.143,0.0,0,0.0,0.0,0.0,0.0,,1.571,6.587,0.714,0.0,8.286,8.571,7.0,7.429
Michael Barlow,Gold Coast,30,30.03,12,8.567,84.167,94.75,0,0.0,0,2,83.75,10.917,14.5,25.417,67.213,56.489,75.287,42.951,3.25,1.75,301.5,11.862,3.25,7.821,4.667,5.446,8.167,16.667,24.833,32.886,3.083,6.083,1.333,1.0,1.833,2.833,4.417,0.333,0.75,0.667,0.083,0.583,0.833,-0.25,0.0,0.0,0.0,,0.0,,4.0,0.583,0.25,66.667,0.75,11.111,10,0.833,0.667,1.917,0.5,43.478,6.333,25.939,1.25,0.083,0.833,17.583,7.5,0.417
Kade Kolodjashnij,Gold Coast,22,22.39,11,7.545,72.455,85.818,0,0.0,0,0,86.182,12.545,8.545,21.091,77.155,71.014,86.17,59.483,2.364,2.818,294.091,13.944,2.545,8.286,3.727,5.659,4.0,17.0,21.0,19.048,4.636,2.909,0.0,0.091,0.364,0.455,7.545,0.455,0.091,1.364,0.273,0.273,0.727,-0.455,0.0,0.0,0.0,,0.0,,2.182,0.0,2.545,28.571,0.0,,3,0.273,0.0,0.364,0.182,75.0,3.818,15.613,1.0,0.273,3.182,10.273,8.364,2.636
Aaron Hall,Gold Coast,27,27.14,19,13.337,92.263,98.158,23,1.211,5,10,77.579,15.263,10.368,25.632,72.074,67.241,79.188,59.548,5.053,2.211,495.737,19.341,3.053,8.397,4.895,5.237,6.105,19.474,25.579,23.868,2.421,4.895,0.842,0.474,1.684,2.158,4.684,0.211,0.158,0.368,0.421,0.684,0.526,0.158,0.0,0.0,0.0,,0.0,,3.526,0.368,0.211,25.0,0.158,33.333,12,0.632,0.579,1.421,0.474,44.444,5.789,27.16,1.263,0.789,0.737,16.316,8.211,0.526
Joshua Schoenfeld,Gold Coast,20,20.49,4,6.525,48.25,49.25,0,0.0,0,0,79.5,4.25,7.5,11.75,74.468,64.706,80.0,36.17,1.0,0.25,87.5,7.447,0.5,23.5,1.25,9.4,4.5,6.75,11.25,40.0,2.25,4.25,1.0,0.25,0.25,0.5,2.75,0.0,0.75,0.0,0.0,0.25,0.25,0.0,0.0,0.0,0.0,,0.0,,2.25,1.25,0.0,,0.75,0.0,3,0.75,0.25,1.0,0.0,75.0,3.5,17.722,0.0,0.0,1.0,12.5,7.5,0.5
James Kelly,Essendon,34,34.0,20,8.38,72.5,80.7,7,0.368,2,4,82.75,10.45,9.8,20.25,81.235,75.12,87.755,51.605,1.7,2.75,223.65,11.044,2.8,7.232,3.15,6.429,5.55,14.4,19.95,27.82,5.05,4.6,0.1,0.05,0.6,0.65,5.75,0.3,0.0,0.95,0.1,0.4,0.9,-0.5,0.0,0.0,0.0,,0.0,,3.7,0.1,0.75,33.333,0.0,,0,0.0,0.0,0.0,0.4,,3.9,15.087,0.95,0.05,1.85,12.75,9.35,1.3
Brendon Goddard,Essendon,32,32.61,23,12.061,97.261,101.174,28,1.273,8,0,84.739,13.435,13.217,26.652,81.566,74.757,88.487,50.408,2.957,2.348,340.957,12.793,2.696,9.887,3.826,6.966,7.174,19.217,26.391,27.183,3.522,4.609,0.217,1.174,1.348,2.522,7.304,0.478,0.261,1.087,0.391,0.739,0.783,-0.043,0.0,0.0,0.0,,0.0,,3.174,0.13,0.435,10.0,0.174,75.0,5,0.217,0.13,0.522,0.565,41.667,6.913,26.678,1.652,0.261,1.957,13.043,7.304,1.174
Jobe Watson,Essendon,32,32.89,20,9.96,82.45,87.95,11,0.579,5,0,74.6,9.7,13.8,23.5,69.574,57.216,78.261,41.277,2.15,0.75,176.7,7.519,3.0,7.833,3.6,6.528,10.15,13.65,23.8,42.647,2.2,7.0,0.7,2.6,2.15,4.75,4.85,0.0,0.4,0.25,0.95,1.15,0.8,0.35,0.2,0.233,0.0,0.0,0.0,,4.25,0.6,0.05,100.0,0.3,0.0,2,0.1,0.35,0.7,0.6,14.286,6.15,24.165,1.65,0.1,1.25,19.1,9.95,0.2
Brent Stanton,Essendon,31,31.66,7,7.286,63.429,72.143,0,0.0,0,0,78.857,10.714,5.429,16.143,76.106,73.333,81.579,66.372,2.143,1.714,221.714,13.735,2.143,7.533,2.143,7.533,3.714,12.429,16.143,23.009,2.286,2.429,0.714,0.286,0.571,0.857,5.429,0.0,0.0,0.143,0.0,0.429,0.286,0.143,0.0,0.0,0.0,,0.0,,2.857,0.286,0.429,0.0,0.571,25.0,2,0.286,0.143,0.429,0.429,66.667,4.0,16.766,0.429,0.0,1.571,10.429,5.286,0.429
Cale Hooker,Essendon,29,29.21,20,9.525,79.05,74.25,13,0.65,3,4,87.2,7.75,5.75,13.5,70.37,60.645,83.478,57.407,1.55,0.3,178.85,13.248,2.35,5.745,2.75,4.909,6.6,7.15,13.75,48.0,1.45,2.95,1.6,0.0,0.35,0.35,6.95,2.55,2.45,0.65,1.65,0.7,0.9,-0.2,1.95,2.287,0.45,23.077,0.05,11.111,1.65,0.65,0.1,50.0,5.45,37.615,41,2.05,1.3,3.6,0.5,56.944,6.55,24.811,0.6,0.1,2.0,8.8,2.05,1.55
Michael Hurley,Essendon,27,27.58,21,10.79,103.429,94.952,38,1.9,9,4,93.143,16.905,8.667,25.571,79.516,76.338,85.714,66.108,1.19,6.905,471.952,18.456,3.0,8.524,5.095,5.019,6.19,16.333,22.524,27.484,8.476,4.619,0.0,0.0,0.238,0.238,7.667,0.762,0.048,2.571,0.095,0.667,0.619,0.048,0.0,0.0,0.0,,0.0,,1.048,0.0,3.524,35.135,0.048,0.0,3,0.143,0.048,0.238,0.095,60.0,4.333,16.883,2.048,0.238,5.143,4.857,4.238,4.571
David Zaharakis,Essendon,27,27.85,23,11.439,91.391,99.957,33,1.5,7,11,83.348,14.043,11.609,25.652,72.373,60.372,86.891,54.746,4.696,2.13,367.261,14.317,2.87,8.939,4.913,5.221,6.478,19.261,25.739,25.169,3.0,5.0,0.826,0.87,1.261,2.13,4.652,0.0,0.304,0.522,0.304,0.391,0.609,-0.217,0.0,0.0,0.0,,0.0,,4.652,0.478,0.13,0.0,0.087,0.0,11,0.478,0.609,1.435,0.826,33.333,6.913,26.678,1.304,0.87,0.913,16.783,8.609,0.435
Shaun McKernan,Essendon,27,27.33,3,11.667,79.333,66.0,0,0.0,0,0,83.667,6.0,6.333,12.333,86.486,83.333,89.474,48.649,2.333,1.0,150.0,12.162,4.667,2.643,2.0,6.167,5.667,8.0,13.667,41.463,0.333,3.333,0.333,1.667,1.667,3.333,4.0,0.667,0.667,0.333,0.667,1.0,3.333,-2.333,47.333,60.169,17.0,35.915,6.333,37.255,2.333,0.667,1.0,33.333,2.333,14.286,3,1.0,0.0,1.333,0.0,75.0,5.667,20.732,2.0,0.0,1.667,9.333,3.667,1.333
Travis Colyer,Essendon,26,26.35,22,8.086,64.227,69.409,1,0.048,1,0,74.909,9.455,7.273,16.727,69.837,62.019,80.0,56.522,2.727,1.182,260.545,15.576,2.364,7.077,2.727,6.133,5.636,11.045,16.682,33.787,1.909,4.455,1.0,0.318,1.455,1.773,3.909,0.136,0.364,0.182,0.773,0.409,0.318,0.091,0.0,0.0,0.0,,0.0,,2.864,0.273,0.091,100.0,0.318,42.857,12,0.545,0.591,1.364,0.364,40.0,4.955,19.258,0.955,0.955,0.955,15.091,6.545,0.591
Josh Green,Essendon,25,25.35,17,8.324,56.0,53.471,0,0.0,0,0,75.353,7.235,3.706,10.941,63.441,51.22,87.302,66.129,1.882,0.471,176.118,16.097,1.941,5.636,2.471,4.429,5.471,5.529,11.0,49.733,1.235,4.294,2.118,0.235,0.412,0.647,2.176,0.235,0.765,0.059,0.353,0.647,0.765,-0.118,0.0,0.0,0.0,,0.0,,3.059,1.765,0.0,,1.824,19.355,17,1.0,1.235,2.647,0.529,37.778,5.0,18.847,0.941,0.0,0.412,14.529,3.294,0.059
Michael Hartley,Essendon,24,24.56,18,9.522,66.722,52.0,0,0.0,0,0,93.222,6.778,5.056,11.833,85.915,88.525,82.418,57.277,0.944,1.444,155.167,13.113,1.611,7.345,1.333,8.875,3.722,8.056,11.778,31.604,4.389,2.333,0.0,0.0,0.056,0.056,4.833,0.667,0.0,1.167,0.167,0.556,1.167,-0.611,0.0,0.0,0.0,,0.0,,2.5,0.0,4.667,26.19,0.278,20.0,0,0.0,0.0,0.0,0.167,,2.444,8.943,1.167,0.0,9.278,8.222,6.222,8.667
Anthony McDonald-Tipungwuti,Essendon,24,24.69,23,11.904,72.348,67.087,15,0.682,3,0,75.652,7.783,5.261,13.043,70.333,65.922,76.86,59.667,2.696,0.348,211.174,16.19,2.174,6.0,2.304,5.66,6.391,6.913,13.304,48.039,1.696,4.348,1.217,0.652,0.913,1.565,3.391,0.478,0.957,0.217,0.652,1.304,0.826,0.478,0.0,0.0,0.0,,0.0,,3.652,1.609,0.043,100.0,1.391,37.5,34,1.478,0.739,2.565,0.652,57.627,5.522,21.309,0.783,0.565,0.87,18.348,4.435,0.261
Joe Daniher,Essendon,23,23.82,23,12.596,86.609,85.087,44,2.0,6,9,92.261,10.826,4.478,15.304,65.909,58.233,84.466,70.739,3.217,0.478,301.304,19.688,3.391,4.513,3.348,4.571,6.391,8.565,14.957,42.733,1.0,2.522,0.913,0.391,0.435,0.826,6.652,1.87,2.652,0.304,2.304,1.609,1.783,-0.174,13.652,16.07,3.391,24.841,1.087,32.051,1.348,0.478,0.217,20.0,3.391,39.744,65,2.826,1.696,5.043,0.478,56.034,7.522,29.027,0.739,0.435,1.478,7.522,2.435,0.957
Mark Baguley,Essendon,30,30.61,22,7.282,66.364,64.909,1,0.048,1,0,86.5,8.909,6.227,15.136,85.586,83.163,89.051,58.859,0.545,2.864,190.364,12.577,2.182,6.938,2.136,7.085,4.545,10.864,15.409,29.499,5.227,2.773,0.0,0.091,0.318,0.409,6.091,0.591,0.0,1.545,0.182,0.955,1.227,-0.273,0.0,0.0,0.0,,0.0,,2.545,0.0,2.818,32.258,0.0,,0,0.0,0.0,0.0,0.0,,3.136,11.979,1.136,0.091,3.682,8.318,7.045,3.136
Patrick Ambrose,Essendon,26,26.33,10,7.05,54.7,49.5,0,0.0,0,0,89.6,6.1,6.2,12.3,75.61,68.852,82.258,49.593,1.2,1.8,124.7,10.138,1.2,10.25,2.4,5.125,4.2,8.4,12.6,33.333,5.5,2.8,0.0,0.1,0.0,0.1,4.0,0.6,0.0,1.6,0.0,0.8,0.4,0.4,0.0,0.0,0.0,,0.0,,1.8,0.1,3.9,25.641,0.0,,0,0.0,0.0,0.0,0.1,,1.5,6.276,0.5,0.0,4.7,7.8,5.9,4.2
Martin Gleeson,Essendon,23,23.35,18,9.861,71.389,66.278,0,0.0,0,0,82.222,10.889,5.556,16.444,81.419,79.592,85.0,66.216,1.778,2.667,250.778,15.25,2.278,7.22,2.889,5.692,5.111,11.056,16.167,31.615,6.778,3.389,0.0,0.0,0.222,0.222,5.889,0.833,0.0,2.444,0.0,0.556,1.056,-0.5,0.0,0.0,0.0,,0.0,,1.778,0.056,2.389,32.558,0.0,,1,0.056,0.0,0.111,0.167,50.0,3.222,12.159,1.056,0.389,3.667,9.611,6.333,3.0
Shaun Burgoyne,Hawthorn,35,35.19,22,13.523,87.545,81.364,23,1.045,3,5,81.136,9.818,10.545,20.364,81.696,72.685,90.086,48.214,3.273,1.273,255.0,12.522,2.455,8.296,3.0,6.788,9.409,11.0,20.409,46.102,3.045,6.455,1.409,1.455,1.909,3.364,4.227,0.227,0.591,0.318,0.364,0.773,1.182,-0.409,0.0,0.0,0.0,,0.0,,3.955,0.773,0.727,25.0,0.909,20.0,17,0.773,0.455,1.409,0.909,54.839,6.091,26.854,1.636,0.455,1.955,17.5,7.273,0.909
Grant Birchall,Hawthorn,29,29.92,5,7.6,63.0,68.8,4,0.8,1,0,65.8,11.8,7.2,19.0,85.263,81.356,91.667,62.105,1.8,2.2,290.0,15.263,1.6,11.875,2.6,7.308,3.2,14.8,18.0,17.778,4.4,2.4,0.0,0.0,0.2,0.2,5.2,0.0,0.0,1.4,0.0,0.4,0.6,-0.2,0.0,0.0,0.0,,0.0,,1.2,0.0,0.4,100.0,0.0,,0,0.0,0.0,0.0,0.2,,3.4,12.782,1.6,0.4,1.4,7.2,6.0,0.6
Jarryd Roughead,Hawthorn,30,30.93,22,11.655,86.545,84.364,17,0.773,3,6,89.591,8.818,9.045,17.864,71.247,64.433,77.889,49.364,2.227,0.455,218.636,12.239,2.273,7.86,2.636,6.776,7.864,10.591,18.455,42.611,1.864,4.727,1.682,0.455,1.045,1.5,4.955,1.0,2.091,0.318,1.409,0.955,0.727,0.227,4.636,5.057,1.227,26.471,0.227,18.519,3.409,1.045,0.091,0.0,2.955,38.462,38,1.727,0.955,3.091,0.591,55.882,6.864,30.261,0.909,0.045,1.909,11.636,4.318,1.364
Josh Gibson,Hawthorn,33,33.8,12,6.467,56.333,53.583,0,0.0,0,0,93.417,7.5,8.0,15.5,81.72,76.667,86.458,48.387,1.0,2.333,90.083,5.812,2.167,7.154,2.5,6.2,3.667,11.75,15.417,23.784,4.083,2.917,0.083,0.0,0.083,0.083,4.417,0.25,0.0,0.583,0.0,0.667,1.167,-0.5,0.0,0.0,0.0,,0.0,,1.167,0.0,2.167,26.923,0.083,100.0,0,0.0,0.0,0.0,0.083,,2.667,12.451,0.667,0.0,7.667,8.167,6.75,6.917
James Frawley,Hawthorn,29,29.27,8,6.8,66.375,61.5,0,0.0,0,0,94.875,9.5,4.875,14.375,81.739,84.211,76.923,66.087,0.75,2.5,239.125,16.635,2.125,6.765,3.375,4.259,2.75,11.25,14.0,19.643,4.25,2.375,0.0,0.0,0.125,0.125,6.5,0.125,0.0,1.125,0.0,0.25,1.0,-0.75,0.0,0.0,0.0,,0.0,,1.625,0.0,3.875,38.71,0.0,,0,0.0,0.0,0.0,0.25,,2.375,10.106,0.125,0.0,7.875,8.0,6.375,7.25
Paul Puopolo,Hawthorn,30,30.07,15,11.253,68.467,66.733,0,0.0,0,0,80.133,6.467,6.133,12.6,74.603,67.01,82.609,51.323,1.867,0.133,148.533,11.788,2.533,4.974,3.133,4.021,6.067,5.8,11.867,51.124,1.533,4.4,1.867,0.4,1.067,1.467,1.8,0.267,0.4,0.133,0.667,1.2,0.867,0.333,0.0,0.0,0.0,,0.0,,5.8,1.933,0.067,0.0,2.133,18.75,19,1.267,0.267,1.667,0.733,76.0,4.467,20.489,0.8,0.2,1.133,21.2,5.267,0.533
Cyril Rioli,Hawthorn,28,28.46,7,7.286,64.143,59.571,7,1.0,1,0,74.857,8.0,4.429,12.429,67.816,64.286,74.194,64.368,2.857,0.0,192.714,15.506,1.143,10.875,2.143,5.8,4.714,7.714,12.429,37.931,2.0,3.0,1.429,0.143,0.857,1.0,3.0,0.143,0.714,0.143,0.857,0.857,0.429,0.429,0.286,0.298,0.286,100.0,0.143,50.0,3.143,0.714,0.0,,0.857,16.667,5,0.714,1.0,1.714,0.286,41.667,5.143,20.809,1.286,0.286,1.429,16.714,5.429,0.714
Ben McEvoy,Hawthorn,28,28.47,22,15.595,95.182,91.409,30,1.364,6,5,80.955,5.0,7.455,12.455,81.752,74.545,86.585,40.146,1.182,0.545,57.955,4.653,1.227,10.148,1.318,9.448,7.045,6.182,13.227,53.265,2.318,3.682,0.682,0.955,1.545,2.5,4.0,1.727,0.636,1.091,0.091,1.091,0.545,0.545,65.773,71.74,32.364,49.205,9.955,30.758,3.455,0.409,0.591,23.077,1.364,16.667,14,0.636,0.045,0.773,0.545,82.353,4.364,19.238,2.273,0.0,4.318,12.136,5.455,3.0
Ty Vickery,Hawthorn,27,27.58,6,4.983,53.333,54.667,0,0.0,0,0,70.833,4.833,5.333,10.167,72.131,51.724,90.625,47.541,1.167,0.5,94.0,9.246,1.333,7.625,1.333,7.625,5.167,5.0,10.167,50.82,1.333,3.333,1.0,0.333,1.333,1.667,2.333,0.333,0.833,0.333,0.667,1.5,1.0,0.5,26.833,27.474,9.667,36.025,2.167,22.414,2.833,0.667,0.333,100.0,1.833,27.273,2,0.333,1.0,1.333,0.167,25.0,3.167,15.447,0.667,0.0,1.667,8.667,3.833,1.333
Ben Stratton,Hawthorn,28,28.83,8,6.375,56.0,53.5,3,0.375,1,0,86.5,6.75,6.25,13.0,80.769,81.481,80.0,51.923,0.375,2.5,110.0,8.462,1.875,6.933,2.75,4.727,3.375,9.25,12.625,26.733,4.625,2.25,0.0,0.0,0.125,0.125,3.375,0.125,0.125,1.0,0.0,0.5,0.625,-0.125,0.0,0.0,0.0,,0.0,,3.0,0.0,2.375,31.579,0.125,100.0,0,0.0,0.0,0.0,0.0,,2.75,11.702,0.75,0.25,6.25,9.75,7.25,5.25
Liam Shiels,Hawthorn,26,26.67,21,11.005,77.714,90.81,26,1.238,5,5,80.952,11.381,10.286,21.667,67.473,51.883,84.722,52.527,3.429,1.476,287.571,13.273,3.524,6.149,4.143,5.23,8.333,12.857,21.19,39.326,2.667,5.905,0.619,1.476,2.714,4.19,3.619,0.0,0.238,0.429,0.333,0.762,1.048,-0.286,0.048,0.052,0.0,0.0,0.0,,6.143,0.571,0.286,66.667,0.143,0.0,9,0.429,0.476,1.095,0.429,39.13,5.524,24.217,1.524,0.095,1.048,23.667,10.619,0.238
Ryan Schoenmakers,Hawthorn,27,27.14,11,8.082,54.818,52.909,0,0.0,0,0,77.727,7.182,4.091,11.273,70.968,67.089,77.778,63.71,2.091,0.273,219.364,19.46,1.636,6.889,2.091,5.391,4.727,6.455,11.182,42.276,1.636,3.091,1.091,0.0,0.364,0.364,4.455,1.182,1.0,0.273,0.545,0.364,0.909,-0.545,2.455,2.882,0.364,14.815,0.0,0.0,1.273,0.455,0.364,0.0,2.364,46.154,11,1.0,0.727,1.727,0.545,57.895,4.636,18.681,0.455,0.091,2.182,8.182,2.727,1.727
Will Langford,Hawthorn,25,25.49,20,8.575,67.2,70.25,0,0.0,0,0,76.4,9.8,8.3,18.1,62.155,45.918,81.325,54.144,3.3,0.6,237.55,13.124,3.5,5.171,3.8,4.763,8.35,9.5,17.85,46.779,2.55,6.05,1.25,0.8,1.9,2.7,3.25,0.3,1.0,0.2,0.8,0.8,1.05,-0.25,0.05,0.055,0.0,0.0,0.0,,3.5,0.9,0.1,50.0,0.8,31.25,7,0.35,0.75,1.55,0.65,22.581,5.6,24.034,1.15,0.15,1.25,19.4,7.25,0.55
Ricky Henderson,Hawthorn,29,29.3,18,8.0,77.222,87.278,2,0.111,1,3,75.444,12.056,9.556,21.611,80.206,72.35,90.116,55.784,2.667,2.167,338.667,15.671,1.944,11.114,3.0,7.204,4.444,17.389,21.833,20.356,2.611,3.611,0.278,0.111,1.056,1.167,6.611,0.111,0.611,0.333,0.278,0.222,0.444,-0.222,0.0,0.0,0.0,,0.0,,2.111,0.389,0.222,50.0,0.222,50.0,13,0.722,0.5,1.611,0.389,44.828,4.778,21.182,0.556,0.722,1.111,13.333,6.5,0.611
Isaac Smith,Hawthorn,29,29.0,22,10.614,84.727,92.455,19,0.864,5,2,83.409,14.227,8.5,22.727,75.0,67.412,87.701,62.6,4.545,2.045,418.773,18.426,2.045,11.111,3.955,5.747,5.318,17.409,22.727,23.4,1.409,4.045,0.409,0.318,2.182,2.5,5.909,0.0,0.364,0.045,0.636,0.5,0.545,-0.045,0.0,0.0,0.0,,0.0,,2.955,0.227,0.273,16.667,0.227,40.0,14,0.636,0.545,1.273,0.591,50.0,5.5,24.248,0.727,1.0,1.364,16.591,8.091,0.682
Billy Hartung,Hawthorn,22,22.93,18,7.5,73.222,80.0,4,0.222,1,0,78.222,11.722,10.333,22.056,76.071,68.246,84.946,53.149,3.0,1.444,358.056,16.234,2.0,11.028,3.944,5.592,4.278,18.222,22.5,19.012,2.0,3.722,0.444,0.333,1.222,1.556,5.5,0.056,0.278,0.167,0.167,0.333,0.389,-0.056,0.0,0.0,0.0,,0.0,,1.611,0.111,0.111,50.0,0.167,0.0,5,0.278,0.389,0.778,0.333,35.714,5.111,21.698,0.667,2.167,1.056,15.333,7.444,0.444
Jarrad Waite,North Melbourne,34,34.9,10,13.33,82.1,76.1,17,1.7,4,3,82.5,9.6,4.5,14.1,63.121,60.417,68.889,68.085,2.2,0.2,228.9,16.234,2.2,6.409,2.0,7.05,6.0,8.4,14.4,41.667,1.2,4.2,2.1,0.2,0.1,0.3,4.9,1.1,2.6,0.5,1.4,0.5,0.8,-0.3,2.2,2.296,0.5,22.727,0.2,40.0,2.5,1.6,0.1,0.0,4.3,30.233,22,2.2,1.8,4.3,0.7,51.163,7.6,28.788,0.7,0.1,2.0,12.9,2.9,1.5
Andrew Swallow,North Melbourne,30,30.58,16,10.85,80.188,80.875,5,0.312,1,0,70.938,8.375,11.188,19.562,73.163,62.687,81.006,42.812,2.625,1.312,229.188,11.716,2.875,6.804,3.25,6.019,10.25,9.812,20.062,51.09,2.062,6.312,0.625,2.375,2.625,5.0,2.062,0.25,0.438,0.062,0.25,1.562,0.938,0.625,0.0,0.0,0.0,,0.0,,6.688,0.75,0.188,0.0,0.25,25.0,4,0.25,0.188,0.625,0.438,40.0,4.938,20.955,1.0,0.062,1.125,24.0,10.188,0.438
Lachlan Hansen,North Melbourne,29,29.37,13,7.292,63.077,61.462,0,0.0,0,0,89.769,7.769,5.769,13.538,85.227,80.198,92.0,57.386,1.231,1.615,169.385,12.511,1.692,8.0,1.923,7.04,3.538,9.692,13.231,26.744,3.923,2.077,0.308,0.0,0.077,0.077,6.692,1.0,0.462,1.692,0.462,0.538,1.077,-0.538,0.077,0.085,0.0,0.0,0.0,,1.692,0.154,2.692,17.143,0.615,37.5,5,0.385,0.154,0.615,0.077,62.5,1.923,7.485,0.385,0.077,3.923,6.077,4.385,3.769
Sam Gibson,North Melbourne,31,31.59,22,9.173,81.455,82.591,3,0.136,1,1,87.591,11.136,10.955,22.091,73.045,65.306,80.913,50.412,2.182,2.045,261.182,11.823,2.0,11.045,3.455,6.395,6.818,15.136,21.955,31.056,4.0,5.364,0.773,0.5,1.409,1.909,4.545,0.182,0.273,0.591,0.318,0.591,0.545,0.045,0.0,0.0,0.0,,0.0,,3.227,0.455,0.545,50.0,0.091,50.0,5,0.227,0.409,0.864,0.545,26.316,4.5,18.574,0.955,0.091,0.864,13.909,6.455,0.545
Shaun Higgins,North Melbourne,29,29.82,21,13.367,91.857,94.381,47,2.238,8,9,84.143,12.81,10.667,23.476,69.98,59.48,82.589,54.564,5.667,1.238,455.81,19.416,3.333,7.043,4.762,4.93,8.667,14.952,23.619,36.694,1.81,5.905,1.143,1.714,2.667,4.381,3.667,0.429,0.714,0.286,0.381,0.952,1.286,-0.333,0.0,0.0,0.0,,0.0,,5.048,1.0,0.238,60.0,0.381,62.5,18,0.857,1.19,2.429,0.905,35.294,7.238,29.457,1.429,0.619,0.524,21.048,10.286,0.333
Lindsay Thomas,North Melbourne,29,29.83,9,6.844,53.667,55.444,0,0.0,0,0,76.778,7.556,4.667,12.222,68.182,58.824,83.333,61.818,2.444,0.556,189.778,15.527,2.444,5.0,2.556,4.783,5.111,7.222,12.333,41.441,2.222,3.889,1.333,0.222,0.556,0.778,2.778,0.444,0.778,0.556,0.333,0.778,1.333,-0.556,0.0,0.0,0.0,,0.0,,3.556,0.778,0.0,,0.889,37.5,5,0.556,0.778,1.778,0.778,31.25,4.556,18.894,1.111,0.111,1.333,14.889,5.556,1.111
Robbie Tarrant,North Melbourne,28,28.68,21,9.738,79.19,72.762,1,0.048,1,0,92.095,10.905,6.857,17.762,82.842,79.039,88.889,61.394,2.143,4.286,316.524,17.82,2.905,6.115,2.857,6.217,5.714,11.905,17.619,32.432,6.762,3.524,0.0,0.0,0.238,0.238,6.238,1.048,0.0,2.095,0.0,1.095,1.429,-0.333,0.0,0.0,0.0,,0.0,,2.619,0.0,3.238,32.353,0.0,,1,0.048,0.048,0.095,0.143,50.0,2.952,12.205,1.333,0.095,4.048,9.0,7.048,3.571
Jack Ziebell,North Melbourne,26,26.83,19,12.516,89.789,94.0,19,1.0,6,1,79.895,13.789,8.421,22.211,64.929,58.397,75.625,62.085,4.0,1.737,380.421,17.128,4.053,5.481,5.0,4.442,11.158,11.211,22.368,49.882,3.684,6.947,1.105,2.158,2.737,4.895,3.474,0.263,0.579,0.789,0.316,1.421,1.211,0.211,0.053,0.057,0.0,0.0,0.0,,5.789,0.526,0.263,40.0,0.421,50.0,13,0.684,0.316,1.263,0.474,54.167,5.316,22.247,1.474,0.158,1.368,17.789,8.684,0.842
Scott D. Thompson,North Melbourne,31,31.64,21,10.4,69.905,61.381,10,0.476,4,0,92.714,8.0,7.333,15.333,84.783,81.548,88.312,52.174,1.095,3.381,225.524,14.708,2.476,6.192,2.952,5.194,5.905,9.286,15.19,38.871,7.905,4.0,0.048,0.048,0.143,0.19,5.143,1.095,0.048,2.667,0.048,0.905,1.286,-0.381,0.0,0.0,0.0,,0.0,,2.476,0.048,3.905,21.951,0.19,0.0,1,0.048,0.048,0.143,0.095,33.333,2.429,9.884,1.333,0.238,5.048,8.81,7.19,4.286
Jamie Macmillan,North Melbourne,26,26.27,13,9.423,77.231,67.385,2,0.154,1,0,85.615,10.538,8.231,18.769,83.607,83.942,83.178,56.148,2.231,4.231,420.769,22.418,1.923,9.76,4.0,4.692,4.692,13.154,17.846,26.293,5.231,4.154,0.077,0.077,0.154,0.231,3.615,0.154,0.154,1.154,0.0,0.462,0.385,0.077,0.0,0.0,0.0,,0.0,,2.0,0.077,1.231,43.75,0.077,0.0,2,0.154,0.231,0.385,0.308,40.0,3.846,15.06,1.462,0.923,2.154,12.692,8.692,1.769
Shaun Atley,North Melbourne,25,25.29,22,10.982,68.0,66.273,0,0.0,0,0,83.909,8.409,9.091,17.5,78.961,71.351,86.0,48.052,3.727,1.409,332.227,18.984,1.818,9.625,3.091,5.662,4.045,13.727,17.773,22.762,2.318,3.318,0.636,0.045,0.273,0.318,3.455,0.091,0.364,0.182,0.318,0.545,0.636,-0.091,0.0,0.0,0.0,,0.0,,2.591,0.318,0.5,36.364,0.409,22.222,11,0.5,0.5,1.136,0.818,44.0,5.091,21.013,0.727,1.227,0.727,15.864,7.455,0.591
Ben Brown,North Melbourne,25,25.11,22,10.741,77.0,72.318,48,2.182,8,14,91.318,8.182,3.455,11.636,62.891,58.333,73.684,70.312,2.0,0.136,177.0,15.211,2.045,5.689,2.409,4.83,6.182,5.864,12.045,51.321,0.682,2.591,1.682,0.045,0.364,0.409,5.455,1.955,3.091,0.045,2.0,1.364,0.636,0.727,4.773,5.195,1.591,33.333,0.409,25.714,1.227,0.545,0.091,50.0,4.409,27.835,63,2.864,1.364,4.773,0.545,60.0,6.409,26.454,0.591,0.0,1.864,8.455,1.636,1.364
Nathan Hrovat,North Melbourne,23,23.56,22,9.727,67.0,70.182,1,0.045,1,0,76.545,8.773,8.682,17.455,72.135,61.658,82.723,50.26,2.364,0.727,192.909,11.052,1.727,10.105,2.545,6.857,6.045,11.409,17.455,34.635,1.864,4.864,1.682,0.455,1.045,1.5,3.909,0.091,0.636,0.136,0.455,0.864,0.273,0.591,0.0,0.0,0.0,,0.0,,2.636,0.864,0.045,100.0,0.318,28.571,14,0.636,0.364,1.409,0.182,45.161,5.045,20.826,1.091,0.5,0.318,16.545,4.955,0.091
Marley Williams,North Melbourne,24,24.44,13,9.623,72.077,58.154,2,0.154,1,0,86.231,7.231,10.231,17.462,79.295,75.532,81.955,41.41,1.154,3.923,261.692,14.987,2.077,8.407,2.769,6.306,5.692,11.769,17.462,32.599,4.538,4.923,0.0,0.077,0.769,0.846,2.385,0.0,0.0,0.538,0.0,0.538,0.462,0.077,0.0,0.0,0.0,,0.0,,2.077,0.077,1.615,23.81,0.0,,3,0.231,0.0,0.231,0.231,100.0,3.385,13.538,1.077,0.231,4.154,9.231,6.615,2.692
Trent Dumont,North Melbourne,22,22.5,19,10.189,75.0,77.474,7,0.368,2,0,76.842,10.053,10.526,20.579,66.752,54.45,78.5,48.849,3.632,1.737,290.211,14.102,3.211,6.41,4.316,4.768,9.053,11.842,20.895,43.325,2.684,6.263,0.895,1.474,2.158,3.632,2.421,0.053,0.158,0.211,0.316,1.211,0.684,0.526,0.0,0.0,0.0,,0.0,,4.368,0.579,0.211,25.0,0.105,50.0,7,0.368,0.158,0.579,0.579,63.636,5.0,20.742,1.474,0.053,0.895,20.105,8.579,0.316
Mitchell Hibberd,North Melbourne,21,21.27,4,3.0,38.5,40.75,0,0.0,0,0,62.25,4.5,7.25,11.75,78.723,66.667,86.207,38.298,1.5,1.0,116.5,9.915,2.0,5.875,1.25,9.4,2.75,9.5,12.25,22.449,2.5,2.5,0.25,0.0,0.25,0.25,2.5,0.0,0.0,0.0,0.0,0.25,1.0,-0.75,0.0,0.0,0.0,,0.0,,2.0,0.0,2.0,25.0,0.0,,0,0.0,0.0,0.0,0.0,,2.5,10.417,0.75,0.5,1.75,7.5,6.0,1.75
Kayne Turner,North Melbourne,22,22.0,15,7.4,62.133,64.733,2,0.133,1,0,79.8,6.267,5.933,12.2,72.678,64.894,80.899,51.366,2.867,0.133,179.133,14.683,1.6,7.625,2.067,5.903,4.4,7.867,12.267,35.87,1.267,2.8,0.667,0.333,0.267,0.6,3.6,0.467,0.933,0.133,0.533,1.067,0.467,0.6,0.067,0.074,0.0,0.0,0.0,,4.067,1.533,0.0,,1.0,20.0,17,1.133,0.533,1.733,0.667,65.385,4.533,18.329,0.467,0.133,0.933,15.333,4.667,0.667
Braydon Preuss,North Melbourne,22,22.54,8,7.8,63.125,67.25,1,0.125,1,0,73.375,5.25,3.625,8.875,57.746,47.619,72.414,59.155,1.75,0.375,133.625,15.056,2.75,3.227,1.75,5.071,5.5,4.0,9.5,57.895,1.375,2.625,0.5,0.125,1.5,1.625,3.625,1.5,1.0,0.875,0.375,0.5,1.875,-1.375,43.125,48.592,22.5,52.174,6.375,28.333,2.875,0.25,0.625,40.0,1.75,42.857,5,0.625,0.75,1.5,0.125,41.667,3.375,15.254,1.75,0.0,1.125,10.375,3.5,0.375
Drew Petrie,West Coast,35,35.21,16,11.338,78.875,75.625,6,0.429,3,0,81.938,8.25,3.812,12.062,68.912,61.364,85.246,68.394,1.75,0.812,196.125,16.259,2.438,4.949,2.625,4.595,7.0,6.0,13.0,53.846,1.938,3.312,0.375,0.688,1.062,1.75,4.75,1.312,1.0,0.625,0.562,1.5,1.375,0.125,34.875,35.451,12.188,34.946,3.875,31.795,3.312,0.812,0.625,30.0,1.75,32.143,16,1.0,0.188,1.25,0.25,80.0,3.75,16.438,1.062,0.0,4.062,12.938,5.312,3.375
Sam Mitchell,West Coast,35,35.21,22,12.695,92.682,89.955,14,0.7,4,7,84.318,13.136,13.773,26.909,72.973,62.284,83.168,48.818,2.955,2.318,329.182,12.233,2.818,9.548,4.091,6.578,10.0,17.591,27.591,36.244,3.182,6.545,0.773,1.5,3.091,4.591,3.682,0.227,0.182,0.5,0.091,1.091,0.864,0.227,0.0,0.0,0.0,,0.0,,3.045,0.227,0.545,16.667,0.136,33.333,4,0.182,0.182,0.455,0.727,40.0,6.045,25.825,1.591,0.636,1.636,16.455,8.5,0.5
Mark LeCras,West Coast,31,31.33,19,9.674,66.316,72.526,10,0.588,3,0,87.316,10.0,4.211,14.211,63.333,55.789,81.25,70.37,2.368,0.158,259.684,18.274,2.263,6.279,2.947,4.821,4.316,9.105,13.421,32.157,0.684,3.316,1.737,0.105,0.947,1.053,4.947,0.316,1.368,0.158,1.579,0.474,0.632,-0.158,0.0,0.0,0.0,,0.0,,2.368,0.895,0.211,50.0,1.0,15.789,32,1.684,1.105,3.105,0.579,54.237,5.474,23.529,0.632,0.474,0.474,13.579,3.421,0.263
Matthew Priddis,West Coast,32,32.78,21,12.043,94.0,95.429,6,0.316,1,3,80.429,8.476,16.19,24.667,69.305,50.0,79.412,34.363,3.333,0.952,245.714,9.961,3.095,7.969,4.429,5.57,12.714,12.524,25.238,50.377,1.667,8.905,1.048,2.19,3.238,5.429,2.286,0.095,0.333,0.048,0.048,1.0,1.095,-0.095,0.0,0.0,0.0,,0.0,,7.762,0.905,0.0,,0.143,33.333,6,0.286,0.286,0.619,0.429,46.154,4.714,20.842,1.19,0.0,0.905,24.095,11.333,0.333
Shannon Hurn,West Coast,30,30.32,23,12.365,89.565,78.174,24,1.143,5,7,86.087,12.696,7.174,19.87,85.777,82.534,91.515,63.895,1.87,3.565,359.826,18.109,1.522,13.057,3.783,5.253,5.696,12.783,18.478,30.824,6.522,4.174,0.0,0.304,0.565,0.87,6.304,0.609,0.0,2.13,0.043,0.652,0.522,0.13,0.0,0.0,0.0,,0.0,,1.913,0.087,1.609,18.919,0.087,0.0,0,0.0,0.087,0.087,0.174,0.0,4.0,17.424,1.913,0.217,2.609,10.174,7.0,2.043
Josh J. Kennedy,West Coast,30,30.35,19,13.416,89.368,78.158,51,3.0,8,13,91.789,8.737,3.105,11.842,66.222,63.855,72.881,73.778,1.421,0.0,254.0,21.449,1.684,7.031,2.158,5.488,5.895,5.842,11.737,50.224,0.789,2.789,1.895,0.0,0.0,0.0,5.842,1.789,3.789,0.105,2.368,1.263,0.947,0.316,0.947,0.998,0.263,27.778,0.158,60.0,1.421,0.895,0.0,,4.211,37.5,69,3.632,2.053,5.947,0.526,61.062,8.105,35.897,0.579,0.0,1.474,7.947,1.368,1.105
Eric Mackenzie,West Coast,29,29.61,13,7.162,56.154,50.385,3,0.273,1,0,94.077,6.0,6.077,12.077,85.35,82.051,88.608,49.682,0.846,2.769,138.846,11.497,1.538,7.85,1.231,9.812,3.385,8.615,12.0,28.205,5.077,2.154,0.0,0.0,0.077,0.077,5.231,0.538,0.0,1.692,0.0,0.615,0.846,-0.231,0.0,0.0,0.0,,0.0,,1.615,0.154,3.538,28.261,0.231,66.667,0,0.0,0.0,0.077,0.0,0.0,1.308,5.556,0.692,0.0,6.385,7.0,5.923,5.769
Josh Hill,West Coast,28,28.94,12,8.75,60.0,57.833,0,0.0,0,0,78.667,6.583,4.917,11.5,67.391,62.025,74.576,57.246,2.583,0.417,192.75,16.761,1.417,8.118,2.333,4.929,4.083,7.417,11.5,35.507,1.167,2.917,1.083,0.167,0.583,0.75,3.083,0.167,0.583,0.167,0.333,0.75,0.25,0.5,0.0,0.0,0.0,,0.0,,2.583,0.75,0.167,0.0,0.917,27.273,16,1.333,0.667,2.25,0.583,59.259,5.583,23.929,0.833,0.75,0.917,16.25,4.833,0.417
Chris Masten,West Coast,28,28.66,13,7.585,73.462,78.231,1,0.077,1,0,81.692,9.692,12.846,22.538,77.816,65.873,86.826,43.003,2.846,1.462,242.846,10.775,2.154,10.464,4.0,5.635,6.154,16.923,23.077,26.667,3.0,5.462,0.538,0.308,1.385,1.692,4.231,0.0,0.077,0.154,0.154,0.308,0.615,-0.308,0.0,0.0,0.0,,0.0,,2.692,0.308,0.308,100.0,0.154,0.0,3,0.231,0.154,0.385,0.385,60.0,4.769,19.872,1.0,0.154,0.769,12.308,6.154,0.385
Sharrod Wellingham,West Coast,29,29.48,13,6.6,63.0,63.462,0,0.0,0,0,79.231,10.308,7.0,17.308,73.333,67.164,82.418,59.556,1.538,3.077,297.385,17.182,3.231,5.357,3.231,5.357,4.846,11.692,16.538,29.302,5.077,4.077,0.154,0.231,0.385,0.615,4.615,0.231,0.154,1.0,0.308,0.308,1.077,-0.769,0.0,0.0,0.0,,0.0,,1.846,0.0,0.923,8.333,0.231,0.0,0,0.0,0.231,0.308,0.385,0.0,3.154,13.269,1.0,0.385,1.692,10.077,6.462,1.538
Luke Shuey,West Coast,27,27.58,23,14.27,98.565,102.043,36,1.714,8,10,81.478,13.565,12.739,26.304,71.405,61.218,82.253,51.57,4.043,1.174,359.913,13.683,3.522,7.469,4.13,6.368,10.957,15.522,26.478,41.379,2.13,6.652,0.913,2.565,3.217,5.783,4.043,0.0,0.261,0.304,0.391,1.957,1.565,0.391,0.0,0.0,0.0,,0.0,,5.826,0.957,0.13,0.0,0.391,0.0,11,0.478,0.304,1.0,0.739,47.826,5.609,24.112,1.522,0.652,1.435,22.174,9.957,0.391
Nathan Vardy,West Coast,26,26.51,22,8.523,67.273,66.455,1,0.05,1,0,71.227,4.5,3.955,8.455,74.194,69.697,79.31,53.226,1.318,0.545,116.818,13.817,1.636,5.167,1.5,5.636,4.818,3.955,8.773,54.922,1.364,2.409,0.545,0.636,1.045,1.682,2.364,0.955,0.318,0.682,0.182,1.409,0.545,0.864,55.818,58.171,23.545,42.182,6.409,27.22,2.909,0.409,0.409,22.222,1.545,23.529,10,0.455,0.273,0.818,0.318,55.556,3.182,13.944,1.636,0.0,2.455,13.318,5.773,2.045
Mark Hutchings,West Coast,26,26.6,19,5.463,50.632,53.474,5,0.294,2,0,74.105,6.789,6.053,12.842,70.082,54.264,87.826,52.869,1.947,0.947,165.316,12.873,2.105,6.1,2.526,5.083,4.526,8.368,12.895,35.102,1.474,3.947,0.842,0.526,0.737,1.263,2.737,0.158,0.158,0.263,0.211,0.474,0.895,-0.421,0.0,0.0,0.0,,0.0,,3.158,0.895,0.211,50.0,0.316,0.0,7,0.368,0.158,0.526,0.316,70.0,2.632,11.416,0.632,0.105,0.316,16.421,7.158,0.105
Brad Sheppard,West Coast,26,26.6,24,6.646,61.042,61.0,7,0.318,4,0,85.75,7.833,7.042,14.875,80.952,76.064,86.391,52.661,1.375,2.208,217.375,14.613,1.833,8.114,3.0,4.958,3.875,10.833,14.708,26.346,4.042,2.875,0.042,0.083,0.5,0.583,4.125,0.208,0.0,1.042,0.125,0.708,0.583,0.125,0.0,0.0,0.0,,0.0,,2.958,0.042,1.458,34.286,0.125,0.0,1,0.042,0.0,0.042,0.333,100.0,2.375,10.27,0.667,0.125,3.208,11.333,7.833,2.833
Lewis Jetta,West Coast,28,28.66,15,9.58,68.8,65.933,7,0.538,2,0,81.133,10.533,5.4,15.933,76.569,72.152,85.185,66.109,3.333,1.467,305.733,19.188,2.0,7.967,3.667,4.345,4.067,11.667,15.733,25.847,2.333,2.933,0.8,0.2,1.0,1.2,3.8,0.067,0.467,0.333,0.667,0.6,0.4,0.2,0.0,0.0,0.0,,0.0,,2.2,0.4,0.333,20.0,0.4,0.0,9,0.6,0.333,1.2,0.467,50.0,4.6,20.475,1.2,0.667,1.333,12.733,4.4,0.6
Jack Redden,West Coast,27,27.06,19,8.384,79.737,83.842,0,0.0,0,0,77.263,9.842,10.632,20.474,74.036,66.845,80.693,48.072,2.158,1.737,219.158,10.704,3.211,6.377,3.684,5.557,9.0,12.211,21.211,42.432,2.526,6.263,0.842,1.105,2.316,3.421,4.579,0.105,0.053,0.263,0.421,1.474,1.368,0.105,0.0,0.0,0.0,,0.0,,5.158,0.684,0.053,0.0,0.211,25.0,4,0.211,0.053,0.263,0.421,80.0,4.211,18.349,1.158,0.053,1.053,20.0,9.368,0.263
Andrew Gaff,West Coast,25,25.54,24,9.392,91.958,101.333,29,1.318,7,9,88.875,17.25,12.458,29.708,74.194,64.01,88.294,58.065,3.375,2.583,414.625,13.957,3.458,8.59,4.75,6.254,7.042,23.083,30.125,23.375,3.5,5.5,0.583,0.167,1.792,1.958,5.292,0.042,0.333,0.458,0.25,0.75,0.625,0.125,0.0,0.0,0.0,,0.0,,2.042,0.125,0.292,14.286,0.083,0.0,6,0.25,0.25,0.583,0.625,42.857,5.542,23.964,1.042,0.375,0.792,15.667,8.167,0.333
Elliot Yeo,West Coast,24,24.24,23,14.113,98.783,96.0,63,3.0,12,4,86.043,15.0,8.13,23.13,74.248,70.725,80.749,64.85,3.652,3.348,452.13,19.547,3.0,7.71,4.217,5.485,9.435,13.391,22.826,41.333,6.87,6.565,0.522,0.739,1.478,2.217,7.0,1.087,0.261,2.043,0.217,1.087,1.043,0.043,0.0,0.0,0.0,,0.0,,3.348,0.174,1.87,30.233,0.348,37.5,8,0.348,0.304,0.783,0.478,44.444,4.348,18.657,1.087,0.391,2.348,13.609,7.913,1.609
Jackson Nelson,West Coast,21,21.79,13,4.985,43.615,48.923,0,0.0,0,0,74.769,8.0,4.769,12.769,74.096,61.538,95.161,62.651,1.077,2.692,199.692,15.639,1.923,6.64,2.769,4.611,3.077,9.769,12.846,23.952,2.923,2.077,0.0,0.154,0.385,0.538,3.385,0.308,0.0,0.615,0.0,0.615,0.769,-0.154,0.0,0.0,0.0,,0.0,,1.692,0.0,1.308,41.176,0.077,0.0,0,0.0,0.154,0.231,0.077,0.0,2.231,9.206,0.769,0.846,1.154,11.077,8.154,0.769
Eddie Betts,Adelaide,31,31.09,24,13.596,79.208,70.792,19,0.905,4,5,88.208,8.75,4.5,13.25,64.151,54.762,82.407,66.038,2.208,0.083,191.333,14.44,2.542,5.213,2.708,4.892,7.042,6.167,13.208,53.312,1.25,5.083,2.875,0.25,1.042,1.292,3.25,0.583,2.042,0.042,1.042,0.792,1.167,-0.375,0.0,0.0,0.0,,0.0,,3.333,1.875,0.042,0.0,1.833,36.364,55,2.292,1.417,4.542,1.208,50.459,7.375,25.395,1.208,0.125,1.208,16.042,3.333,0.208
Richard Douglas,Adelaide,30,30.89,25,12.868,81.96,81.76,19,0.864,5,1,80.08,12.68,8.96,21.64,68.762,55.836,87.054,58.595,3.6,1.52,324.56,14.998,3.36,6.44,4.4,4.918,9.56,12.36,21.92,43.613,2.88,5.96,0.96,1.28,2.84,4.12,2.84,0.24,0.44,0.56,0.32,1.08,1.04,0.04,0.0,0.0,0.0,,0.0,,3.84,0.56,0.24,16.667,0.32,37.5,15,0.6,0.36,1.04,0.68,57.692,5.96,20.694,1.44,0.4,1.04,21.6,9.48,0.4
David Mackay,Adelaide,29,29.43,22,8.845,63.727,67.818,1,0.053,1,0,77.545,10.318,6.545,16.864,72.507,62.555,88.194,61.186,3.0,1.727,331.955,19.685,2.773,6.082,3.727,4.524,5.182,12.273,17.455,29.688,3.0,3.909,0.318,0.227,0.864,1.091,3.0,0.0,0.273,0.318,0.136,0.591,0.818,-0.227,0.0,0.0,0.0,,0.0,,3.455,0.273,0.591,61.538,0.136,0.0,9,0.409,0.364,0.909,0.318,45.0,4.636,16.139,0.864,0.455,1.136,17.727,8.591,0.636
Andy Otten,Adelaide,28,28.63,19,9.463,69.895,61.895,0,0.0,0,1,83.316,7.263,6.053,13.316,76.68,68.841,86.087,54.545,1.789,0.737,181.632,13.64,2.053,6.487,2.158,6.171,5.263,8.158,13.421,39.216,2.895,3.158,0.895,0.211,0.368,0.579,4.263,1.053,1.105,0.842,0.632,0.842,1.053,-0.211,5.053,5.439,1.526,30.208,0.579,37.931,2.316,0.526,1.474,21.429,2.316,27.273,20,1.053,0.421,1.579,0.579,66.667,5.0,17.179,1.0,0.053,3.632,12.789,4.632,3.0
Sam Jacobs,Adelaide,29,29.72,25,13.084,97.2,98.36,37,1.682,6,10,84.68,7.92,6.48,14.4,69.167,55.051,86.42,55.0,2.36,1.32,186.0,12.917,2.56,5.625,2.72,5.294,6.72,8.12,14.84,45.283,2.28,3.64,0.32,1.2,1.76,2.96,3.72,1.44,0.44,1.16,0.16,1.04,1.24,-0.2,78.6,83.76,39.84,50.687,11.72,29.418,2.72,0.36,0.8,25.0,1.44,33.333,9,0.36,0.28,0.76,0.28,47.368,5.6,19.444,3.16,0.08,2.24,8.44,4.12,1.76
Tom Lynch,Adelaide,27,27.29,23,11.504,87.13,91.696,22,1.1,5,7,87.348,12.913,7.609,20.522,68.644,64.646,75.429,62.924,3.261,0.435,321.783,15.68,2.957,6.941,4.13,4.968,6.87,13.478,20.348,33.761,1.957,5.13,1.739,0.261,0.652,0.913,7.087,0.87,1.739,0.348,1.478,0.783,0.696,0.087,0.0,0.0,0.0,,0.0,,2.174,0.609,0.087,50.0,1.957,22.222,31,1.348,1.0,2.739,0.696,49.206,7.87,26.935,0.957,0.13,0.609,11.348,3.13,0.478
Rory Sloane,Adelaide,27,27.79,24,16.471,108.958,105.125,78,3.545,11,20,79.458,13.083,11.125,24.208,69.535,62.739,77.528,54.045,4.542,1.417,352.792,14.573,3.792,6.385,4.375,5.533,13.333,11.417,24.75,53.872,3.583,7.667,1.042,2.625,3.708,6.333,3.125,0.667,0.417,0.583,0.542,2.583,1.542,1.042,0.042,0.045,0.0,0.0,0.0,,7.75,1.458,0.583,28.571,0.458,18.182,20,0.833,0.292,1.292,0.542,64.516,7.083,24.425,2.542,0.042,2.958,24.667,11.75,1.375
Daniel Talia,Adelaide,26,26.24,24,10.171,65.0,50.167,0,0.0,0,0,88.792,6.083,6.417,12.5,79.667,69.863,88.961,48.667,0.583,2.167,138.042,11.043,1.417,8.824,2.125,5.882,5.125,7.292,12.417,41.275,6.292,3.75,0.0,0.042,0.167,0.208,4.208,0.542,0.0,1.5,0.042,0.583,0.542,0.042,0.042,0.045,0.0,0.0,0.0,,1.875,0.0,4.875,20.513,0.042,0.0,0,0.0,0.0,0.0,0.042,,1.875,6.438,0.917,0.0,9.625,6.667,5.375,9.083
Kyle Hartigan,Adelaide,26,26.14,18,7.406,53.778,47.833,2,0.133,1,0,88.111,7.111,4.722,11.833,76.056,70.312,84.706,60.094,1.0,2.611,182.333,15.408,2.889,4.096,2.889,4.096,4.667,7.167,11.833,39.437,5.722,2.889,0.0,0.0,0.111,0.111,4.333,0.722,0.0,1.778,0.056,0.889,1.167,-0.278,0.0,0.0,0.0,,0.0,,1.667,0.0,3.778,29.412,0.0,,0,0.0,0.0,0.0,0.0,,2.0,6.95,1.0,0.056,6.667,6.722,5.222,6.0
Curtly Hampton,Adelaide,24,24.81,9,8.633,60.444,63.667,0,0.0,0,0,71.0,7.0,7.333,14.333,65.891,44.444,86.364,48.837,3.0,0.333,190.333,13.279,2.556,5.609,2.778,5.16,7.222,7.111,14.333,50.388,1.111,6.111,0.778,1.111,1.0,2.111,2.222,0.111,0.444,0.0,0.0,0.444,1.111,-0.667,0.0,0.0,0.0,,0.0,,5.667,1.0,0.111,0.0,0.222,50.0,2,0.222,0.222,0.778,0.444,28.571,4.111,13.309,0.667,0.333,1.0,23.222,7.111,0.556
Troy Menzel,Adelaide,23,23.27,4,6.0,54.0,53.0,0,0.0,0,0,71.0,6.5,3.0,9.5,73.684,61.538,100.0,68.421,1.0,0.5,156.25,16.447,1.25,7.6,1.5,6.333,4.5,4.75,9.25,48.649,1.25,2.75,0.5,0.25,0.5,0.75,2.5,0.25,0.75,0.25,0.25,1.0,0.25,0.75,0.0,0.0,0.0,,0.0,,3.25,2.0,0.0,,1.75,28.571,4,1.0,0.75,1.75,0.25,57.143,3.75,11.628,0.0,0.25,1.25,12.5,3.0,1.0
Luke Brown,Adelaide,25,25.27,24,8.204,61.375,57.625,2,0.095,1,0,82.292,9.208,5.5,14.708,80.17,76.471,86.364,62.606,1.5,2.875,246.958,16.79,1.458,10.086,2.667,5.516,4.708,9.292,14.0,33.631,5.625,3.542,0.042,0.083,0.333,0.417,3.792,0.333,0.042,1.125,0.0,0.708,0.5,0.208,0.0,0.0,0.0,,0.0,,1.917,0.083,2.083,34.0,0.083,100.0,3,0.125,0.0,0.125,0.167,100.0,2.708,9.434,1.417,0.208,2.542,9.542,7.5,2.292
Josh Jenkins,Adelaide,28,28.89,21,10.4,75.952,78.238,10,0.556,4,2,84.19,9.0,4.19,13.19,68.592,65.608,75.0,68.231,2.667,0.381,253.048,19.184,2.571,5.13,3.524,3.743,5.762,8.0,13.762,41.869,0.952,3.238,1.19,0.19,0.333,0.524,5.238,1.19,2.0,0.095,0.81,1.143,1.0,0.143,13.286,14.013,5.19,39.068,1.333,25.688,2.476,0.81,0.095,50.0,4.143,31.034,45,2.143,1.048,3.714,0.667,57.692,6.333,22.581,0.667,0.19,1.476,12.143,2.381,1.19
Jake Kelly,Adelaide,22,22.94,24,6.496,60.208,59.375,1,0.048,1,0,84.333,7.583,7.25,14.833,83.989,81.868,86.207,51.124,0.667,1.167,143.417,9.669,1.667,8.9,1.75,8.476,4.542,10.125,14.667,30.966,5.083,3.75,0.083,0.0,0.292,0.292,4.333,0.208,0.0,0.958,0.083,0.5,0.792,-0.292,0.0,0.0,0.0,,0.0,,2.75,0.0,2.375,26.316,0.042,0.0,0,0.0,0.0,0.0,0.083,,2.25,7.918,0.792,0.0,2.417,9.75,7.0,2.167
Steve Johnson,Greater Western Sydney,34,34.49,18,7.389,60.0,68.611,0,0.0,0,0,78.389,8.889,6.389,15.278,64.364,53.75,79.13,58.182,2.833,0.333,200.722,13.138,3.389,4.508,2.778,5.5,5.389,10.278,15.667,34.397,1.333,3.333,1.222,0.111,0.833,0.944,4.444,0.167,1.167,0.111,0.667,1.0,1.389,-0.389,0.667,0.704,0.0,0.0,0.0,,2.778,1.167,0.056,100.0,1.611,6.897,21,1.167,0.889,2.778,0.667,42.0,6.278,24.565,1.0,0.111,0.889,10.667,2.667,0.278
Ryan Griffen,Greater Western Sydney,31,31.43,3,6.8,56.0,54.667,0,0.0,0,0,58.333,6.667,8.667,15.333,71.739,55.0,84.615,43.478,2.0,0.667,196.333,12.804,1.667,9.2,1.333,11.5,5.667,10.0,15.667,36.17,2.0,3.333,0.333,1.333,1.667,3.0,1.667,0.0,0.0,0.0,0.0,0.667,0.333,0.333,0.0,0.0,0.0,,0.0,,3.0,0.333,0.0,,0.0,,0,0.0,0.667,0.667,0.667,0.0,4.0,12.632,1.333,1.0,0.667,10.667,2.667,0.333
Heath Shaw,Greater Western Sydney,32,32.09,25,9.076,83.76,79.44,1,0.045,1,0,89.72,15.72,4.88,20.6,77.67,75.318,85.246,76.311,1.44,5.48,454.04,22.041,3.12,6.603,3.84,5.365,4.8,13.8,18.6,25.806,6.28,3.6,0.04,0.08,0.24,0.32,6.04,0.36,0.08,1.4,0.08,0.6,0.76,-0.16,0.0,0.0,0.0,,0.0,,1.48,0.04,1.44,33.333,0.16,25.0,0,0.0,0.16,0.16,0.2,0.0,3.48,13.573,1.24,2.36,2.96,6.36,5.0,2.08
Tendai Mzungu,Greater Western Sydney,31,31.83,4,3.45,33.75,39.25,0,0.0,0,0,62.25,4.75,4.75,9.5,71.053,68.421,73.684,50.0,0.75,0.25,120.25,12.658,2.0,4.75,2.5,3.8,3.25,5.75,9.0,36.111,1.0,2.25,0.25,0.5,0.75,1.25,1.75,0.0,0.25,0.0,0.25,1.0,1.25,-0.25,0.0,0.0,0.0,,0.0,,2.75,0.75,0.0,,0.75,33.333,1,0.25,0.5,0.75,0.25,33.333,1.75,8.642,0.25,0.5,1.0,9.0,2.5,0.75
Shane Mumford,Greater Western Sydney,31,31.49,21,12.476,97.095,83.476,12,0.6,3,2,86.619,2.286,8.143,10.429,76.712,66.667,79.532,21.918,1.762,0.571,50.619,4.854,3.476,3.0,1.19,8.76,6.952,4.476,11.429,60.833,1.714,3.762,0.429,0.905,2.143,3.048,1.571,0.286,0.238,0.286,0.0,2.095,2.81,-0.714,76.81,79.812,38.19,49.721,12.619,33.042,5.571,0.667,0.762,18.75,0.381,12.5,5,0.238,0.048,0.333,0.571,71.429,4.952,19.586,3.143,0.0,4.381,17.429,7.143,3.048
Phil Davis,Greater Western Sydney,27,27.33,24,8.883,65.583,53.083,9,0.429,2,0,91.167,6.667,6.042,12.708,80.656,69.375,93.103,52.459,1.167,2.75,143.25,11.272,2.042,6.224,1.833,6.932,5.042,7.792,12.833,39.286,6.583,3.292,0.042,0.0,0.125,0.125,4.5,0.292,0.0,1.458,0.0,1.25,1.042,0.208,0.042,0.044,0.0,0.0,0.0,,2.333,0.083,3.292,31.646,0.167,25.0,0,0.0,0.042,0.042,0.083,0.0,2.458,9.501,1.167,0.042,7.292,8.083,6.333,6.417
Tom Scully,Greater Western Sydney,26,26.63,24,11.467,89.417,83.125,16,0.762,4,3,90.958,10.042,13.083,23.125,76.036,66.39,83.439,43.423,3.667,1.458,312.125,13.497,2.625,8.81,3.833,6.033,8.958,14.708,23.667,37.852,2.292,6.708,1.542,0.292,2.958,3.25,3.792,0.042,0.333,0.083,0.458,0.667,0.583,0.083,0.0,0.0,0.0,,0.0,,3.125,0.542,0.208,80.0,0.333,37.5,15,0.625,0.292,1.25,0.792,50.0,6.208,24.307,1.0,0.708,0.75,14.833,6.25,0.125
Adam Kennedy,Greater Western Sydney,25,25.47,7,3.686,43.857,50.286,0,0.0,0,0,72.286,6.286,6.714,13.0,82.418,72.727,91.489,48.352,1.857,1.857,157.571,12.121,2.286,5.688,2.0,6.5,3.286,10.429,13.714,23.958,2.286,1.143,0.286,0.0,1.143,1.143,3.714,0.143,0.0,0.429,0.0,0.857,1.429,-0.571,0.0,0.0,0.0,,0.0,,2.571,0.143,0.286,100.0,0.0,,0,0.0,0.0,0.143,0.286,0.0,4.0,13.861,0.571,0.714,1.571,10.429,5.571,1.143
Devon Smith,Greater Western Sydney,24,24.61,16,10.262,79.875,81.625,1,0.062,1,0,80.5,9.875,8.688,18.562,68.687,55.063,84.173,53.199,3.062,0.25,240.188,12.939,2.125,8.735,2.688,6.907,6.688,12.0,18.688,35.786,2.062,5.0,1.062,0.312,1.875,2.188,3.188,0.188,0.75,0.0,0.375,0.625,0.688,-0.062,0.0,0.0,0.0,,0.0,,5.0,1.188,0.0,,0.375,33.333,15,0.938,0.875,2.5,0.562,37.5,5.875,23.096,0.812,0.875,0.812,21.062,6.938,0.5
Matt Buntine,Greater Western Sydney,24,24.2,2,4.9,50.5,45.5,0,0.0,0,0,81.0,8.0,3.5,11.5,82.609,81.25,85.714,69.565,0.0,2.0,123.0,10.696,2.0,5.75,2.0,5.75,4.0,9.5,13.5,29.63,4.0,3.5,0.0,0.0,0.0,0.0,3.0,0.0,0.0,0.0,0.0,0.5,1.0,-0.5,0.0,0.0,0.0,,0.0,,2.0,0.0,2.0,75.0,0.0,,0,0.0,0.0,0.0,0.0,,2.0,6.557,0.5,0.0,2.0,9.5,7.0,1.5
Jonathon Patton,Greater Western Sydney,24,24.61,22,9.641,80.682,74.773,38,2.0,7,6,88.773,8.682,4.545,13.227,73.196,69.634,80.0,65.636,2.0,0.455,181.682,13.735,1.591,8.314,2.273,5.82,5.909,7.227,13.136,44.983,1.636,2.909,1.5,0.0,0.136,0.136,6.455,2.0,2.273,0.955,1.955,1.045,0.636,0.409,4.773,5.031,1.273,26.667,0.227,17.857,1.636,0.682,0.364,37.5,5.5,19.835,45,2.045,1.045,3.409,0.318,60.0,5.545,22.593,0.455,0.182,1.318,9.364,2.045,1.045
Aaron Sandilands,Fremantle,35,35.06,10,11.59,87.3,76.5,0,0.0,0,1,73.6,2.7,8.3,11.0,66.364,44.444,73.494,24.545,1.2,0.4,77.7,7.064,3.0,3.667,2.2,5.0,7.0,4.3,11.3,61.947,1.2,4.0,0.3,0.9,2.9,3.8,2.2,1.3,0.0,0.7,0.0,1.0,1.4,-0.4,60.9,68.427,41.1,67.488,13.1,31.873,1.8,0.0,0.7,0.0,1.4,35.714,0,0.0,0.1,0.1,0.1,0.0,5.2,23.423,3.8,0.0,3.8,7.4,3.9,3.1
Michael Johnson,Fremantle,33,33.19,22,8.527,76.318,65.909,8,0.364,2,0,90.682,10.409,5.909,16.318,81.616,80.349,83.846,63.788,0.636,3.5,257.682,15.791,2.455,6.648,2.455,6.648,5.545,9.909,15.455,35.882,6.273,3.318,0.091,0.091,0.182,0.273,5.591,0.909,0.091,1.455,0.091,0.909,0.727,0.182,3.591,4.058,0.591,16.456,0.227,38.462,1.545,0.0,2.773,27.869,0.227,40.0,2,0.091,0.045,0.227,0.0,40.0,2.682,13.053,0.955,0.091,3.409,8.091,6.0,2.455
David Mundy,Fremantle,32,32.44,21,12.2,89.429,84.238,24,1.143,4,5,79.238,10.238,11.095,21.333,72.545,64.186,80.258,47.991,3.286,1.19,254.143,11.913,1.714,12.444,3.048,7.0,9.571,12.0,21.571,44.371,2.286,6.857,0.905,1.571,2.238,3.81,3.81,0.095,0.81,0.333,0.714,0.571,0.476,0.095,0.143,0.162,0.048,33.333,0.048,100.0,4.143,0.476,0.19,50.0,1.143,20.833,13,0.619,0.429,1.333,0.762,46.429,5.429,26.45,0.81,0.0,1.19,18.0,7.524,0.429
Lee Spurr,Fremantle,30,30.43,16,6.081,72.188,70.938,0,0.0,0,0,88.625,11.375,6.438,17.812,84.561,82.967,87.379,63.86,1.062,3.188,247.0,13.867,2.062,8.636,3.125,5.7,4.5,13.0,17.5,25.714,4.5,3.125,0.0,0.188,0.312,0.5,5.375,0.5,0.0,1.312,0.125,0.812,0.75,0.062,0.0,0.0,0.0,,0.0,,2.312,0.0,1.812,48.276,0.0,,0,0.0,0.0,0.0,0.062,,1.875,9.146,0.5,0.125,2.25,12.188,9.062,1.562
Zac Dawson,Fremantle,31,31.85,2,7.25,35.5,22.5,0,0.0,0,0,93.0,1.5,2.5,4.0,87.5,66.667,100.0,37.5,0.0,1.0,2.0,0.5,0.5,8.0,0.0,,4.0,1.5,5.5,72.727,3.5,2.0,0.0,0.0,0.5,0.5,1.0,0.0,0.0,0.5,0.0,1.5,0.5,1.0,0.0,0.0,0.0,,0.0,,2.5,0.0,6.0,41.667,0.0,,0,0.0,0.0,0.0,0.0,,1.0,5.128,1.0,0.0,6.5,11.0,6.5,5.0
Danyle Pearce,Fremantle,31,31.73,7,7.486,65.0,67.571,0,0.0,0,0,82.857,11.0,6.571,17.571,63.415,50.649,84.783,62.602,3.714,1.571,307.143,17.48,2.571,6.833,5.143,3.417,6.714,9.857,16.571,40.517,3.286,5.857,0.571,0.286,0.857,1.143,2.286,0.0,0.143,0.286,0.286,0.571,0.571,0.0,0.0,0.0,0.0,,0.0,,3.286,0.429,0.286,100.0,0.143,0.0,3,0.429,0.0,0.857,0.143,50.0,3.857,19.424,0.857,0.143,0.714,16.571,8.0,0.143
Jonathon Griffin,Fremantle,31,31.96,7,9.243,72.714,77.857,0,0.0,0,0,84.143,5.714,3.571,9.286,78.462,70.0,92.0,61.538,1.429,0.571,157.0,16.908,2.286,4.063,1.571,5.909,4.286,5.143,9.429,45.455,1.143,2.0,0.429,0.143,1.429,1.571,2.857,0.571,0.571,0.429,0.286,1.429,1.286,0.143,60.286,67.628,26.571,44.076,6.429,24.194,4.286,0.286,1.143,25.0,1.429,10.0,4,0.571,0.286,0.857,0.0,66.667,4.429,20.946,2.286,0.0,3.571,16.286,8.0,3.0
Garrick Ibbotson,Fremantle,29,29.79,10,5.0,61.8,54.8,0,0.0,0,0,85.8,9.0,5.4,14.4,80.556,72.222,94.444,62.5,0.7,3.0,184.1,12.785,2.4,6.0,2.8,5.143,4.4,9.7,14.1,31.206,5.6,3.3,0.0,0.0,0.1,0.1,4.0,0.3,0.2,1.2,0.2,0.7,0.6,0.1,0.0,0.0,0.0,,0.0,,1.5,0.0,1.5,26.667,0.0,,0,0.0,0.1,0.1,0.1,0.0,2.5,11.628,0.9,0.0,2.5,8.2,6.4,2.2
Nicholas Suban,Fremantle,27,27.64,12,8.1,64.167,64.167,4,0.333,1,0,80.5,7.5,6.583,14.083,72.189,63.333,82.278,53.254,1.75,1.25,213.083,15.13,3.083,4.568,2.917,4.829,5.833,8.417,14.25,40.936,2.5,4.667,0.417,0.667,1.083,1.75,3.0,0.0,0.333,0.25,0.667,0.833,1.667,-0.833,0.0,0.0,0.0,,0.0,,5.417,0.5,0.417,40.0,0.75,22.222,4,0.333,0.0,0.333,0.583,100.0,3.0,15.517,0.583,0.167,0.917,17.917,9.667,0.333
Stephen Hill,Fremantle,27,27.66,18,10.717,80.389,78.556,18,1.0,4,1,79.278,13.611,7.722,21.333,67.448,57.959,84.173,63.802,3.167,2.167,387.5,18.164,2.889,7.385,4.667,4.571,8.611,12.556,21.167,40.682,2.444,6.167,0.667,1.444,2.111,3.556,2.667,0.222,0.111,0.444,0.167,0.556,0.889,-0.333,0.0,0.0,0.0,,0.0,,3.722,0.556,0.333,16.667,0.389,28.571,4,0.222,0.167,0.556,0.444,40.0,5.0,24.862,1.167,0.111,1.389,18.333,8.722,0.778
Cam Sutcliffe,Fremantle,25,25.6,13,5.754,61.077,59.769,0,0.0,0,0,79.615,9.0,6.0,15.0,75.385,67.521,87.179,60.0,1.0,2.154,198.385,13.226,2.308,6.5,2.923,5.132,4.077,11.077,15.154,26.904,2.846,3.154,0.154,0.385,0.385,0.769,3.231,0.231,0.0,0.538,0.308,0.231,1.077,-0.846,0.0,0.0,0.0,,0.0,,3.462,0.308,1.0,30.769,0.154,0.0,0,0.0,0.231,0.231,0.154,0.0,2.846,13.553,0.769,0.154,2.154,12.692,8.615,1.0
Shane Kersten,Fremantle,24,24.79,20,6.755,51.6,52.15,0,0.0,0,0,87.3,6.8,3.75,10.55,69.194,64.706,77.333,64.455,2.05,0.3,165.05,15.645,2.0,5.275,2.7,3.907,4.0,6.15,10.15,39.409,1.35,2.95,1.1,0.05,0.15,0.2,4.1,0.55,1.3,0.25,1.25,0.45,0.7,-0.25,0.4,0.453,0.0,0.0,0.0,,1.4,0.45,0.15,33.333,2.3,26.087,24,1.2,0.8,2.15,0.35,55.814,4.2,20.192,0.4,0.0,1.45,8.85,3.0,1.2
Cameron McCarthy,Fremantle,22,22.75,19,6.047,54.211,57.947,2,0.105,1,0,90.158,7.895,3.421,11.316,60.0,52.0,78.462,69.767,3.105,0.158,207.368,18.326,2.579,4.388,3.368,3.359,4.211,6.947,11.158,37.736,1.421,3.053,1.263,0.053,0.263,0.316,3.421,0.368,1.211,0.211,0.947,0.684,0.632,0.053,0.368,0.416,0.0,0.0,0.0,,2.368,1.053,0.105,50.0,3.053,15.517,25,1.316,1.0,2.842,0.421,46.296,4.737,23.077,0.474,0.105,0.737,12.947,1.737,0.632
Tom Lonergan,Geelong,33,33.62,23,7.93,60.478,54.217,3,0.143,1,0,88.87,6.652,7.391,14.043,79.876,75.163,84.118,47.368,0.652,1.652,147.522,10.505,1.696,8.282,1.913,7.341,4.739,9.174,13.913,34.062,5.913,3.435,0.043,0.0,0.174,0.174,4.304,0.696,0.087,1.957,0.0,0.652,0.652,0.0,0.0,0.0,0.0,,0.0,,1.957,0.0,2.348,18.519,0.174,25.0,0,0.0,0.043,0.087,0.0,0.0,2.348,9.262,1.217,0.13,4.174,6.435,5.0,3.783
Andrew Mackie,Geelong,33,33.4,23,7.713,74.913,79.783,12,0.6,3,0,88.87,13.696,7.522,21.217,73.361,69.206,80.925,64.549,2.652,3.261,364.304,17.17,3.13,6.778,4.522,4.692,5.261,16.217,21.478,24.494,4.913,4.174,0.087,0.0,0.522,0.522,5.348,0.087,0.087,0.522,0.13,0.957,0.739,0.217,0.0,0.0,0.0,,0.0,,2.0,0.043,1.522,37.143,0.087,50.0,3,0.13,0.087,0.304,0.391,42.857,4.13,16.129,1.0,0.261,2.304,9.0,6.783,1.913
Joel Selwood,Geelong,29,29.6,21,14.624,99.952,93.81,61,3.389,10,13,75.714,11.762,13.762,25.524,74.067,63.158,83.391,46.082,3.714,1.524,305.19,11.957,3.762,6.785,4.143,6.161,13.667,12.429,26.095,52.372,3.762,7.333,0.905,3.286,2.905,6.19,3.19,0.524,0.238,0.619,0.524,3.333,1.429,1.905,0.0,0.0,0.0,,0.0,,5.048,0.333,0.19,25.0,0.571,33.333,7,0.333,0.19,0.571,0.762,58.333,6.286,24.399,1.762,0.143,1.714,19.571,10.333,0.524
Harry Taylor,Geelong,31,31.55,25,9.468,72.4,64.84,11,0.5,2,4,91.56,7.28,6.76,14.04,76.638,71.429,82.249,51.852,1.52,1.64,173.6,12.365,1.96,7.163,2.6,5.4,5.72,8.32,14.04,40.741,4.68,3.32,0.88,0.0,0.2,0.2,5.32,1.44,1.2,1.6,0.36,0.6,0.8,-0.2,0.12,0.127,0.0,0.0,0.0,,2.36,1.0,1.36,8.824,2.44,31.148,22,0.88,0.6,1.56,0.48,56.41,4.08,16.139,0.64,0.12,4.04,9.4,3.8,3.44
Tom Hawkins,Geelong,29,29.44,22,11.477,83.636,75.409,17,0.895,4,3,93.0,9.045,4.545,13.591,64.548,61.307,71.0,66.555,1.864,0.045,194.318,14.298,2.773,4.902,2.864,4.746,6.727,6.636,13.364,50.34,1.045,3.545,2.182,0.045,0.273,0.318,5.273,1.636,2.682,0.045,2.091,1.182,1.409,-0.227,1.364,1.471,0.227,16.667,0.045,20.0,2.773,1.545,0.045,100.0,5.545,40.164,51,2.318,1.182,3.818,0.773,60.714,6.455,25.044,0.773,0.091,1.591,11.182,1.818,0.864
Lachie Henderson,Geelong,28,28.04,22,10.136,78.818,71.0,5,0.263,2,0,93.136,9.682,6.955,16.636,80.055,74.648,87.582,58.197,1.409,3.0,246.318,14.806,1.818,9.15,2.409,6.906,5.773,11.0,16.773,34.417,7.136,3.818,0.045,0.0,0.136,0.136,6.591,0.818,0.227,2.364,0.045,0.955,0.682,0.273,0.045,0.048,0.0,0.0,0.0,,2.045,0.091,2.136,25.532,0.273,33.333,4,0.182,0.091,0.318,0.045,57.143,3.318,13.129,1.409,0.364,4.045,8.682,6.591,3.364
Steven Motlop,Geelong,26,26.8,23,10.77,75.826,72.609,8,0.4,2,3,83.13,11.0,8.304,19.304,74.324,67.984,82.723,56.982,3.391,1.217,310.522,16.086,2.783,6.938,3.435,5.62,4.826,14.435,19.261,25.056,1.696,3.826,0.826,0.0,0.783,0.783,2.87,0.13,0.391,0.087,0.261,0.435,0.783,-0.348,0.0,0.0,0.0,,0.0,,2.565,0.435,0.174,75.0,0.304,14.286,22,0.957,0.304,1.522,0.696,62.857,5.87,23.356,0.522,2.783,0.652,16.304,7.217,0.217
Josh Cowan,Geelong,26,26.79,2,5.45,51.0,44.5,0,0.0,0,0,71.0,6.5,5.5,12.0,91.667,92.308,90.909,54.167,1.0,1.0,138.5,11.542,2.5,4.8,2.0,6.0,4.0,9.0,13.0,30.769,1.0,4.0,1.5,0.0,1.0,1.0,2.0,0.0,0.0,0.0,0.0,0.5,1.5,-1.0,0.0,0.0,0.0,,0.0,,3.0,0.0,0.0,,0.5,0.0,0,0.0,0.0,0.0,0.0,,1.5,5.769,0.0,0.0,1.0,10.5,5.5,1.0
Daniel Menzel,Geelong,26,26.29,19,11.058,69.105,63.842,3,0.176,1,0,87.895,8.474,3.579,12.053,72.052,69.565,77.941,70.306,2.105,0.211,212.474,17.629,1.368,8.808,1.947,6.189,4.789,7.474,12.263,39.056,0.842,3.105,1.263,0.0,0.263,0.263,4.316,0.947,1.579,0.211,1.158,0.632,0.421,0.211,0.0,0.0,0.0,,0.0,,1.368,0.789,0.105,50.0,3.158,31.667,40,2.105,0.842,3.368,0.895,62.5,5.895,23.14,0.421,0.0,0.895,6.895,1.263,0.632
Tom Ruggles,Geelong,25,25.68,4,4.6,47.5,48.5,0,0.0,0,0,68.25,8.0,7.0,15.0,70.0,56.25,85.714,53.333,1.75,2.25,283.75,18.917,3.5,4.286,3.0,5.0,4.5,10.0,14.5,31.034,4.5,3.5,0.0,0.25,0.0,0.25,2.25,0.5,0.0,0.5,0.0,1.0,1.75,-0.75,0.0,0.0,0.0,,0.0,,2.0,0.0,1.75,57.143,0.0,,0,0.0,0.0,0.25,0.25,0.0,2.0,7.143,0.5,0.0,2.25,7.75,6.5,2.0
Zach Tuohy,Geelong,28,28.05,25,9.608,89.44,85.56,29,1.318,7,2,94.24,15.0,9.6,24.6,76.098,72.0,82.5,60.976,2.84,4.88,478.04,19.433,2.68,9.179,5.16,4.767,6.08,16.2,22.28,27.289,5.48,5.04,0.2,0.32,0.76,1.08,4.6,0.32,0.2,0.84,0.04,0.76,0.72,0.04,0.0,0.0,0.0,,0.0,,1.8,0.0,1.4,28.571,0.04,100.0,6,0.24,0.32,0.92,0.24,26.087,5.32,21.044,1.88,0.68,0.8,9.68,6.84,0.56
George Horlin-Smith,Geelong,25,25.02,7,11.357,75.714,73.571,0,0.0,0,0,69.714,9.286,9.714,19.0,75.188,61.538,88.235,48.872,3.286,1.143,295.286,15.541,2.143,8.867,2.0,9.5,8.714,10.857,19.571,44.526,0.714,5.857,0.857,1.429,3.571,5.0,1.857,0.0,0.286,0.0,0.0,1.857,0.714,1.143,0.0,0.0,0.0,,0.0,,4.286,0.571,0.0,,0.143,0.0,4,0.571,0.429,1.0,0.857,57.143,5.429,20.879,1.0,0.0,0.571,17.571,6.429,0.286
Lincoln McCarthy,Geelong,24,24.19,3,9.167,61.333,55.333,0,0.0,0,0,83.0,8.0,5.333,13.333,65.0,58.333,75.0,60.0,4.0,0.333,243.667,18.275,4.667,2.857,3.0,4.444,5.0,8.667,13.667,36.585,0.667,4.333,2.667,0.0,0.667,0.667,2.0,0.333,1.0,0.0,0.0,0.667,1.667,-1.0,0.0,0.0,0.0,,0.0,,2.667,0.333,0.0,,0.0,,4,1.333,0.333,2.333,1.333,57.143,5.667,21.795,0.667,0.333,1.333,20.667,7.667,0.667
Jackson Thurlow,Geelong,23,23.76,10,7.06,54.3,55.2,0,0.0,0,0,76.8,8.3,6.0,14.3,79.021,78.313,80.0,58.042,2.0,2.0,230.0,16.084,2.1,6.81,2.6,5.5,4.4,9.5,13.9,31.655,2.1,3.8,0.7,0.1,1.3,1.4,4.0,0.1,0.1,0.3,0.1,0.3,0.7,-0.4,0.0,0.0,0.0,,0.0,,1.7,0.0,0.2,50.0,0.3,66.667,2,0.2,0.1,0.3,0.4,66.667,3.4,12.782,1.1,0.2,1.7,10.5,5.3,1.3
Jordan Murdoch,Geelong,25,25.77,22,8.073,68.591,72.864,5,0.238,2,2,78.0,8.909,7.955,16.864,70.62,60.714,81.714,52.83,2.5,1.273,257.273,15.256,2.773,6.082,3.318,5.082,6.045,11.273,17.318,34.908,3.091,4.909,0.682,0.182,0.818,1.0,3.409,0.409,0.318,0.5,0.364,0.636,0.682,-0.045,0.0,0.0,0.0,,0.0,,4.318,1.0,0.136,33.333,0.409,55.556,13,0.591,0.591,1.5,0.455,39.394,4.773,18.885,1.182,0.045,0.818,16.773,6.727,0.591
Nakia Cockatoo,Geelong,21,21.18,11,7.136,53.909,52.182,2,0.2,1,0,60.455,6.636,2.727,9.364,58.252,53.425,70.0,70.874,1.909,0.545,166.727,17.806,1.909,4.905,1.818,5.15,4.0,5.545,9.545,41.905,1.182,2.727,0.727,0.364,0.727,1.091,2.182,0.364,0.909,0.182,0.636,0.455,0.818,-0.364,0.0,0.0,0.0,,0.0,,3.818,1.727,0.091,0.0,1.0,27.273,11,1.0,1.0,2.182,0.364,45.833,4.091,15.101,0.636,0.364,1.182,11.727,3.0,0.455
Tim Broomhead,Collingwood,23,23.77,14,7.686,63.714,64.0,0,0.0,0,0,77.429,7.143,9.214,16.357,75.109,67.0,81.395,43.668,1.643,0.714,153.286,9.371,1.643,9.957,1.643,9.957,5.929,10.714,16.643,35.622,1.357,4.571,1.214,0.643,0.714,1.357,3.357,0.071,0.143,0.0,0.5,0.714,0.286,0.429,0.0,0.0,0.0,,0.0,,2.5,0.286,0.143,50.0,0.286,0.0,8,0.571,0.786,1.571,0.429,36.364,4.714,19.242,0.571,0.0,0.786,14.0,5.214,0.214
Kane Lambert,Richmond,26,26.09,24,11.571,88.625,85.708,26,1.238,5,2,83.833,10.5,10.958,21.458,68.35,57.54,78.707,48.932,4.083,0.75,290.708,13.548,2.458,8.729,4.375,4.905,7.917,13.125,21.042,37.624,2.542,6.5,1.333,0.625,1.833,2.458,3.583,0.125,0.708,0.167,0.25,0.625,0.458,0.167,0.0,0.0,0.0,,0.0,,4.625,0.833,0.083,100.0,0.125,33.333,13,0.542,0.542,1.458,0.958,37.143,6.708,26.524,1.417,0.208,0.958,20.292,8.75,0.333
Ben Lennon,Richmond,22,22.49,2,7.35,50.0,36.5,0,0.0,0,0,77.5,5.5,3.0,8.5,70.588,72.727,66.667,64.706,1.5,0.0,104.0,12.235,2.5,3.4,2.5,3.4,4.5,3.5,8.0,56.25,3.0,3.0,1.5,0.0,0.0,0.0,1.5,0.0,0.5,0.5,0.0,1.5,1.0,0.5,0.0,0.0,0.0,,0.0,,2.0,0.5,0.0,,3.0,16.667,1,0.5,0.0,1.0,1.0,50.0,2.5,10.0,1.5,0.0,1.0,9.0,3.0,1.0
Nic Newman,Sydney,24,24.95,20,10.64,80.1,84.0,13,0.722,3,0,76.35,13.0,7.3,20.3,70.936,64.615,82.192,64.039,2.6,2.8,389.2,19.172,2.45,8.286,4.25,4.776,6.2,13.15,19.35,32.041,4.85,5.0,0.75,0.15,0.75,0.9,4.75,0.25,0.3,0.85,0.15,0.75,0.7,0.05,0.0,0.0,0.05,,0.0,0.0,3.75,0.3,0.7,28.571,0.5,30.0,7,0.35,0.35,0.75,0.5,46.667,4.65,18.058,1.5,0.3,1.9,13.5,7.8,1.5
Marcus Adams,Western Bulldogs,24,24.5,10,10.04,79.1,72.9,5,0.5,2,0,88.5,8.6,6.8,15.4,74.675,74.419,75.0,55.844,1.5,2.7,292.9,19.019,1.6,9.625,2.9,5.31,5.5,9.8,15.3,35.948,6.4,3.9,0.5,0.0,0.0,0.0,6.5,1.2,0.8,1.9,0.7,0.4,0.5,-0.1,0.0,0.0,0.0,,0.0,,3.0,0.4,2.5,28.0,0.6,33.333,4,0.4,0.7,1.1,0.2,36.364,3.9,15.538,1.1,0.0,5.5,9.6,6.2,5.1
Luke Hodge,Hawthorn,33,33.54,19,10.053,84.0,86.895,12,0.632,4,0,85.789,14.526,8.632,23.158,79.318,76.812,83.537,62.727,1.684,3.105,301.526,13.02,3.526,6.567,3.526,6.567,5.789,16.842,22.632,25.581,5.421,4.0,0.053,0.421,0.579,1.0,6.263,0.526,0.0,1.474,0.105,0.895,1.316,-0.421,0.0,0.0,0.0,,0.0,,2.474,0.0,2.053,25.641,0.158,33.333,1,0.053,0.105,0.158,0.105,33.333,4.105,18.14,1.158,0.0,4.053,12.632,8.421,3.053
Teia Miles,Hawthorn,21,21.16,4,6.875,46.75,46.0,0,0.0,0,0,74.25,6.25,4.5,10.75,83.721,72.0,100.0,58.14,0.75,0.0,142.5,13.256,1.25,8.6,2.5,4.3,3.0,8.0,11.0,27.273,1.0,2.0,0.25,0.0,0.25,0.25,3.25,0.25,0.75,0.0,0.25,0.5,0.5,0.0,0.0,0.0,0.0,,0.0,,1.25,0.25,0.25,0.0,0.75,33.333,3,0.75,0.0,1.0,0.25,75.0,2.5,11.494,0.5,0.25,1.25,10.5,3.75,0.75
Kade Stewart,Hawthorn,20,20.95,4,3.525,40.25,41.25,0,0.0,0,0,66.0,3.75,4.75,8.5,67.647,66.667,68.421,44.118,2.25,0.0,127.25,14.971,2.0,4.25,1.75,4.857,2.75,6.25,9.0,30.556,1.0,2.5,0.5,0.0,0.25,0.25,1.75,0.0,0.25,0.0,0.25,0.5,1.5,-1.0,0.0,0.0,0.0,,0.0,,4.0,1.0,0.0,,0.5,0.0,2,0.5,0.25,0.75,0.5,66.667,3.25,13.684,0.75,0.5,0.75,17.5,5.25,0.5
Jack Leslie,Gold Coast,22,22.67,13,8.031,60.615,50.077,2,0.154,1,0,94.538,6.769,5.385,12.154,80.38,76.136,85.714,55.696,0.846,2.462,152.462,12.544,2.538,4.788,2.538,4.788,4.0,8.462,12.462,32.099,5.692,2.154,0.0,0.0,0.308,0.308,6.0,0.923,0.0,2.231,0.0,0.692,1.538,-0.846,0.0,0.0,0.0,,0.0,,1.231,0.0,4.615,25.0,0.0,,0,0.0,0.0,0.0,0.0,,2.462,10.847,1.077,0.0,7.923,8.077,6.462,6.769
Sam J. Reid,Greater Western Sydney,28,28.14,13,7.585,49.385,46.0,3,0.231,1,0,74.308,6.154,4.923,11.077,68.75,55.0,85.938,55.556,1.692,0.385,151.0,13.632,1.615,6.857,1.923,5.76,4.923,6.154,11.077,44.444,1.538,3.846,1.308,0.154,1.077,1.231,1.769,0.077,0.846,0.077,0.308,0.308,0.538,-0.231,0.0,0.0,0.0,,0.0,,2.077,0.385,0.308,50.0,1.077,21.429,10,0.769,0.769,1.846,0.231,41.667,5.0,17.956,1.0,0.0,1.154,11.769,4.462,0.538
Nathan Wilson,Greater Western Sydney,24,24.98,24,8.854,73.25,68.375,1,0.048,1,0,79.5,13.708,3.708,17.417,79.665,76.596,91.011,78.708,3.792,4.375,504.0,28.938,2.708,6.431,4.792,3.635,3.458,12.417,15.875,21.785,3.75,2.542,0.083,0.083,0.333,0.417,4.208,0.208,0.042,0.75,0.125,0.625,0.75,-0.125,0.0,0.0,0.0,,0.0,,1.917,0.083,1.083,34.615,0.042,0.0,4,0.167,0.167,0.583,0.333,28.571,4.375,16.935,1.583,0.708,2.25,9.958,7.167,1.917
Jack Frost,Brisbane,25,25.84,2,5.0,30.5,15.5,0,0.0,0,0,79.0,1.0,4.0,5.0,70.0,50.0,75.0,20.0,0.0,1.0,44.5,8.9,0.5,10.0,1.5,3.333,3.0,2.5,5.5,54.545,3.0,2.5,0.0,0.0,0.0,0.0,0.5,0.0,0.0,0.0,0.0,0.5,0.5,0.0,0.5,0.562,0.0,0.0,0.0,,1.0,0.0,3.0,16.667,0.0,,0,0.0,0.0,0.0,0.0,,0.0,0.0,0.0,0.0,4.5,5.0,4.5,4.0
Ben Howlett,Essendon,29,29.19,7,6.286,59.571,55.857,0,0.0,0,0,76.714,5.714,7.857,13.571,69.474,62.5,74.545,42.105,2.714,0.286,116.714,8.6,2.0,6.786,2.0,6.786,5.857,8.0,13.857,42.268,2.0,4.429,1.429,0.714,0.429,1.143,2.571,0.286,0.0,0.143,0.429,0.429,1.143,-0.714,0.0,0.0,0.0,,0.0,,4.286,1.143,0.0,,0.571,50.0,1,0.143,0.286,0.429,0.429,33.333,5.143,19.355,0.857,0.143,1.143,17.0,6.143,0.286
Leigh Montagna,St Kilda,34,34.16,16,9.531,89.5,97.625,10,0.625,2,3,85.125,14.688,10.312,25.0,78.5,72.34,87.273,58.75,3.188,3.25,447.75,17.91,2.812,8.889,5.75,4.348,4.875,19.75,24.625,19.797,4.125,3.875,0.25,0.312,0.5,0.812,6.0,0.125,0.125,0.875,0.188,0.688,0.812,-0.125,0.0,0.0,0.0,,0.0,,3.688,0.125,1.188,63.158,0.062,0.0,5,0.312,0.062,0.562,0.375,55.556,4.625,17.788,1.062,0.375,1.375,15.438,9.0,0.625
Paddy McCartin,St Kilda,21,21.7,5,4.04,47.4,56.2,0,0.0,0,0,76.8,8.0,3.6,11.6,60.345,47.5,88.889,68.966,2.2,0.0,224.0,19.31,2.6,4.462,2.6,4.462,4.8,6.8,11.6,41.379,0.4,2.8,1.0,0.0,0.0,0.0,4.6,1.0,1.4,0.0,2.2,0.8,0.4,0.4,0.0,0.0,0.0,,0.0,,1.0,0.4,0.0,,4.0,20.0,5,1.0,1.6,3.2,0.6,31.25,6.2,25.62,0.2,0.0,0.6,5.8,2.0,0.2
Jonathan Giles,West Coast,29,29.97,5,7.94,61.0,54.6,0,0.0,0,0,62.8,3.8,4.0,7.8,64.103,36.842,90.0,48.718,1.2,1.4,85.8,11.0,2.8,2.786,1.8,4.333,5.8,2.2,8.0,72.5,1.0,4.0,0.4,0.6,1.6,2.2,1.2,0.4,0.0,0.6,0.2,1.0,1.6,-0.6,50.6,53.263,21.8,43.083,5.6,25.688,3.0,0.8,0.4,0.0,1.8,22.222,1,0.2,0.4,0.8,0.0,25.0,2.0,8.197,1.2,0.0,3.2,10.0,3.0,2.6
Dom Sheed,West Coast,22,22.72,21,10.662,82.381,85.619,14,0.737,3,2,73.333,12.952,9.333,22.286,70.726,61.397,83.673,58.12,3.571,1.429,351.143,15.756,2.238,9.957,3.857,5.778,9.0,14.0,23.0,39.13,1.762,5.524,0.762,1.238,2.476,3.714,4.952,0.143,0.333,0.238,0.286,1.095,0.571,0.524,0.095,0.098,0.0,0.0,0.0,,2.524,0.333,0.143,33.333,0.619,7.692,11,0.524,0.619,1.381,0.429,37.931,5.381,23.89,0.905,0.571,0.857,12.667,5.143,0.476
Darcy Lang,Geelong,22,22.1,10,8.2,73.9,72.0,0,0.0,0,0,75.0,7.5,8.4,15.9,77.987,64.0,90.476,47.17,1.7,1.0,170.6,10.73,2.0,7.95,2.3,6.913,5.5,11.1,16.6,33.133,2.1,3.7,1.1,0.3,0.7,1.0,3.1,0.3,0.5,0.3,0.4,0.9,1.2,-0.3,0.0,0.0,0.0,,0.0,,5.4,1.7,0.2,50.0,0.9,33.333,6,0.6,0.9,1.6,0.2,37.5,5.2,20.472,0.8,0.1,1.0,16.8,5.4,0.5
Ben Cunnington,North Melbourne,26,26.5,20,14.525,91.1,88.0,45,2.25,7,11,74.25,9.2,16.35,25.55,70.841,56.522,78.899,36.008,2.75,1.15,249.25,9.755,3.95,6.468,3.85,6.636,14.7,11.05,25.75,57.087,3.65,9.3,1.45,3.1,3.85,6.95,2.9,0.45,0.3,0.5,0.2,0.85,1.5,-0.65,0.05,0.055,0.0,0.0,0.0,,4.85,0.4,0.1,0.0,0.5,0.0,10,0.5,0.25,0.9,0.4,55.556,5.45,22.899,1.75,0.0,0.75,17.35,7.45,0.35
Majak Daw,North Melbourne,26,26.8,7,7.8,66.143,57.0,0,0.0,0,0,83.286,4.0,2.857,6.857,62.5,60.714,65.0,58.333,1.714,0.143,106.714,15.562,1.0,6.857,1.286,5.333,5.286,2.286,7.571,69.811,1.0,2.286,0.571,0.429,0.143,0.571,2.429,1.429,0.714,0.571,0.143,1.143,0.714,0.429,36.714,37.032,16.0,43.58,5.286,33.036,3.286,1.286,0.286,0.0,2.429,17.647,4,0.571,0.429,1.143,0.143,50.0,3.571,15.06,1.429,0.143,2.429,10.857,2.571,1.857
Aaron Mullett,North Melbourne,25,25.85,18,7.794,80.167,72.778,2,0.111,1,0,84.556,12.5,7.5,20.0,84.167,81.333,88.889,62.5,1.611,5.611,413.0,20.65,1.5,13.333,4.056,4.932,3.778,12.667,16.444,22.973,3.889,2.944,0.167,0.056,0.278,0.333,4.111,0.333,0.056,1.056,0.056,0.5,0.333,0.167,0.0,0.0,0.0,,0.0,,1.667,0.056,1.5,48.148,0.0,,5,0.278,0.111,0.5,0.0,55.556,3.278,13.753,1.222,0.778,1.556,9.5,6.722,1.389
Taylor Garner,North Melbourne,23,23.97,18,8.822,67.0,70.444,3,0.167,2,0,82.111,8.5,7.389,15.889,68.182,58.824,78.947,53.497,2.389,0.667,162.778,10.245,2.444,6.5,2.778,5.72,6.0,10.111,16.111,37.241,2.111,3.778,1.0,0.111,0.778,0.889,4.444,1.056,1.056,0.444,0.778,0.833,1.111,-0.278,0.0,0.0,0.0,,0.0,,3.389,1.167,0.278,20.0,0.944,35.294,16,0.889,0.444,1.611,0.278,55.172,4.667,20.388,0.667,0.5,1.222,13.444,4.556,0.722
Dom Tyson,Melbourne,24,24.56,19,9.626,81.316,89.632,2,0.105,1,3,75.895,11.789,13.474,25.263,65.833,53.571,76.562,46.667,4.105,1.105,350.158,13.86,4.263,5.926,5.158,4.898,10.0,15.947,25.947,38.54,3.053,7.579,1.211,1.105,2.211,3.316,4.105,0.158,0.263,0.316,0.158,0.632,1.158,-0.526,0.0,0.0,0.0,,0.0,,3.947,0.474,0.158,0.0,0.211,25.0,5,0.263,0.474,0.947,0.263,27.778,4.632,19.341,1.158,0.316,0.789,17.526,8.316,0.211
Levi Greenwood,Collingwood,28,28.86,16,7.019,62.312,69.125,8,0.5,2,0,76.812,8.938,6.688,15.625,66.4,55.944,80.374,57.2,2.812,0.438,217.25,13.904,2.25,6.944,2.75,5.682,5.125,10.25,15.375,33.333,1.688,3.75,0.938,0.688,0.688,1.375,4.562,0.5,1.0,0.188,1.375,1.0,0.75,0.25,0.0,0.0,0.0,,0.0,,3.188,0.438,0.125,100.0,0.625,40.0,7,0.438,1.125,1.875,0.438,23.333,4.75,18.491,0.625,0.062,1.188,13.0,4.562,0.625
Callum Sinclair,Sydney,28,28.27,19,9.426,77.0,72.211,10,0.588,1,3,75.842,7.158,4.842,12.0,64.474,59.559,71.739,59.649,2.474,0.632,172.316,14.36,3.105,3.864,3.053,3.931,7.211,5.0,12.211,59.052,1.842,4.316,0.632,0.947,1.158,2.105,3.211,1.368,1.158,0.263,0.579,1.263,1.211,0.053,43.474,49.343,17.737,40.799,5.0,28.19,2.789,0.632,0.368,14.286,2.632,28.0,14,0.737,0.474,1.526,0.316,48.276,4.105,16.421,1.211,0.0,3.474,10.211,3.579,2.842
Ryan Clarke,North Melbourne,20,20.53,15,8.04,67.133,68.733,0,0.0,0,0,76.867,8.467,11.333,19.8,74.411,68.504,78.824,42.761,1.733,1.467,241.0,12.172,1.667,11.88,2.8,7.071,4.867,14.533,19.4,25.086,2.667,4.267,0.733,0.533,0.6,1.133,3.733,0.067,0.067,0.4,0.067,0.333,0.6,-0.267,0.0,0.0,0.0,,0.0,,2.067,0.467,0.533,62.5,0.333,0.0,6,0.4,0.267,0.867,0.333,46.154,4.333,17.568,1.067,0.067,1.067,16.133,7.133,0.467
Todd Elton,Richmond,24,24.67,6,2.7,39.167,41.167,0,0.0,0,0,74.333,4.333,4.0,8.333,70.0,57.692,83.333,52.0,1.333,0.167,143.667,17.24,1.833,4.545,2.667,3.125,3.833,4.833,8.667,44.231,0.5,2.0,0.833,0.167,0.167,0.333,3.0,1.167,0.833,0.0,0.5,0.667,0.5,0.167,15.167,17.202,3.5,23.077,0.5,14.286,1.667,0.667,0.0,,2.333,7.143,1,0.167,0.833,1.167,0.167,14.286,2.5,10.067,0.0,0.0,1.167,6.667,1.833,1.167
Zac Smith,Geelong,27,27.85,21,13.681,91.381,85.0,8,0.444,4,1,78.476,6.19,8.476,14.667,73.052,59.231,83.146,42.208,2.238,1.286,151.524,10.331,2.286,6.417,2.333,6.286,7.333,7.286,14.619,50.163,2.048,4.286,0.667,1.429,2.571,4.0,1.476,0.476,0.429,0.524,0.19,1.381,1.048,0.333,66.762,70.665,32.143,48.146,8.571,26.667,3.095,0.286,0.667,14.286,0.381,62.5,7,0.333,0.286,0.762,0.143,43.75,4.286,16.917,2.476,0.048,3.429,11.905,6.0,2.952
Sam Menegola,Geelong,25,25.81,22,12.8,98.364,101.409,28,1.474,5,6,78.182,11.591,12.364,23.955,69.45,60.784,77.574,48.387,4.045,1.636,361.0,15.07,3.182,7.529,4.318,5.547,9.318,14.955,24.273,38.39,2.682,7.318,1.455,0.5,2.0,2.5,4.955,0.409,0.864,0.409,0.682,0.636,0.864,-0.227,0.0,0.0,0.0,,0.0,,5.864,1.455,0.045,0.0,0.591,38.462,17,0.773,0.909,1.773,0.591,43.59,6.273,25.137,1.182,0.091,0.955,17.636,7.364,0.364
James Parsons,Geelong,20,20.72,20,5.975,45.85,44.1,0,0.0,0,0,81.1,4.7,6.1,10.8,70.833,60.638,78.689,43.519,2.1,0.2,141.2,13.074,2.05,5.268,2.55,4.235,4.2,6.6,10.8,38.889,1.25,3.5,1.35,0.1,0.25,0.35,2.05,0.05,0.3,0.0,0.45,0.25,0.9,-0.65,0.0,0.0,0.0,,0.0,,2.35,1.05,0.2,50.0,0.9,11.111,14,0.7,0.5,1.65,0.2,42.424,4.3,17.166,0.4,0.1,0.7,13.4,3.2,0.25
Dean Kent,Melbourne,23,23.84,6,5.817,60.0,69.833,0,0.0,0,0,73.167,9.333,5.667,15.0,66.667,55.357,85.294,62.222,2.5,0.667,229.333,15.289,2.167,6.923,2.833,5.294,4.333,10.833,15.167,28.571,1.5,2.833,0.667,0.167,0.0,0.167,4.5,0.333,1.333,0.0,1.333,1.333,0.333,1.0,0.0,0.0,0.0,,0.0,,2.167,0.5,0.0,,1.333,50.0,7,1.167,1.0,2.333,0.5,50.0,5.167,20.946,0.5,0.0,0.833,14.0,4.5,0.5
Tim Smith,Melbourne,26,26.86,2,1.8,25.5,33.5,0,0.0,0,0,62.0,3.5,1.5,5.0,60.0,42.857,100.0,70.0,1.0,0.0,76.0,15.2,2.0,2.5,2.0,2.5,2.5,2.5,5.0,50.0,1.5,1.5,0.0,0.0,0.0,0.0,1.5,0.0,1.0,0.0,1.0,1.0,1.0,0.0,4.5,4.348,1.5,33.333,0.0,0.0,3.0,2.5,0.0,,1.5,0.0,1,0.5,1.0,1.5,0.0,33.333,3.0,11.538,1.0,0.0,0.0,10.5,1.0,0.0
Tommy Sheridan,Fremantle,24,24.17,9,4.978,48.444,50.556,0,0.0,0,0,75.889,7.556,6.111,13.667,69.106,63.235,76.364,55.285,1.333,1.333,155.222,11.358,1.333,10.25,2.778,4.92,3.667,9.556,13.222,27.731,2.667,3.0,0.556,0.222,0.222,0.444,2.667,0.0,0.0,0.444,0.111,0.444,0.444,0.0,0.0,0.0,0.0,,0.0,,1.778,0.111,0.222,50.0,0.111,0.0,2,0.222,0.111,0.556,0.556,40.0,2.333,11.17,0.444,0.0,1.667,13.444,7.778,1.0
Hayden Crozier,Fremantle,24,24.01,19,7.274,62.105,66.263,0,0.0,0,0,80.632,7.789,4.842,12.632,67.917,58.784,82.609,61.667,2.053,0.684,197.105,15.604,1.895,6.667,3.053,4.138,5.211,7.737,12.947,40.244,1.421,3.632,1.263,0.211,0.368,0.579,4.526,0.842,0.632,0.368,1.0,0.632,0.526,0.105,0.0,0.0,0.0,,0.0,,3.895,1.105,0.158,33.333,1.053,20.0,13,0.684,0.895,1.842,0.316,37.143,3.789,18.045,0.526,0.053,1.211,16.526,5.105,0.842
Harley Balic,Fremantle,20,20.98,4,6.925,57.5,60.0,0,0.0,0,0,65.25,6.5,6.5,13.0,75.0,69.231,80.769,50.0,2.5,0.5,118.75,9.135,1.5,8.667,2.5,5.2,5.75,7.5,13.25,43.396,2.0,3.5,0.75,0.25,1.0,1.25,3.25,0.0,0.0,0.25,0.5,1.5,0.5,1.0,0.0,0.0,0.0,,0.0,,3.25,0.75,0.0,,1.0,0.0,3,0.75,0.25,1.0,0.0,75.0,5.0,20.408,1.0,0.0,1.25,17.0,5.5,0.5
Josh Schache,Brisbane,20,20.36,10,3.09,42.3,46.3,0,0.0,0,0,79.4,5.5,3.6,9.1,73.626,65.455,86.111,60.44,0.7,0.1,96.0,10.549,1.4,6.5,1.7,5.353,2.8,6.4,9.2,30.435,0.4,1.5,0.3,0.0,0.2,0.2,3.9,0.2,1.0,0.1,1.2,1.1,0.2,0.9,3.4,3.636,0.4,11.765,0.1,25.0,1.0,0.3,0.2,50.0,2.3,21.739,9,0.9,0.6,1.8,0.4,50.0,3.4,16.749,0.0,0.1,1.0,7.3,2.7,0.9
Rhys Palmer,Carlton,28,28.87,1,-0.9,39.0,42.0,0,0.0,0,0,69.0,6.0,6.0,12.0,75.0,66.667,83.333,50.0,3.0,0.0,196.0,16.333,6.0,2.0,8.0,1.5,5.0,7.0,12.0,41.667,0.0,4.0,3.0,0.0,0.0,0.0,4.0,0.0,0.0,0.0,0.0,1.0,3.0,-2.0,0.0,0.0,0.0,,0.0,,2.0,2.0,0.0,,0.0,,0,0.0,0.0,1.0,0.0,0.0,1.0,4.545,0.0,0.0,0.0,11.0,3.0,0.0
Sam Kerridge,Carlton,24,24.68,11,8.509,78.364,84.091,1,0.091,1,0,85.091,10.909,10.727,21.636,72.689,63.333,82.203,50.42,2.545,2.818,274.818,12.702,4.182,5.174,4.545,4.76,8.364,13.727,22.091,37.86,3.364,6.091,1.0,0.455,2.0,2.455,5.0,0.182,0.273,0.364,0.364,1.091,1.636,-0.545,0.0,0.0,0.0,,0.0,,4.364,0.909,0.364,25.0,0.182,0.0,2,0.182,0.182,0.545,0.545,33.333,3.818,19.091,1.0,0.364,0.727,17.727,6.455,0.636
Thomas Williamson,Carlton,19,19.05,15,4.72,49.867,51.267,0,0.0,0,0,74.2,7.733,4.4,12.133,72.527,68.103,80.303,63.736,1.533,2.4,188.067,15.5,1.333,9.1,2.2,5.515,3.2,8.733,11.933,26.816,2.933,2.733,0.0,0.0,0.333,0.333,3.4,0.133,0.067,0.533,0.133,0.333,0.4,-0.067,0.0,0.0,0.0,,0.0,,2.333,0.133,0.6,22.222,0.0,,1,0.067,0.2,0.333,0.067,20.0,2.133,10.631,0.533,0.533,1.8,12.667,7.733,1.267
Matthew Leuenberger,Essendon,29,29.56,7,10.614,76.143,82.286,0,0.0,0,0,83.714,4.429,7.143,11.571,66.667,35.484,86.0,38.272,0.571,0.857,70.286,6.074,3.0,3.857,2.0,5.786,6.429,5.429,11.857,54.217,2.0,5.0,0.714,0.857,1.143,2.0,1.857,0.286,0.286,0.429,0.286,0.714,1.286,-0.571,70.286,77.725,33.143,47.154,8.429,25.431,4.571,0.571,0.857,16.667,0.714,20.0,1,0.143,0.0,0.571,0.286,25.0,4.286,18.868,2.429,0.0,3.857,12.857,6.286,3.429
Heath Hocking,Essendon,30,30.01,2,7.2,49.0,46.0,0,0.0,0,0,70.0,6.5,3.0,9.5,52.632,46.154,66.667,68.421,1.5,0.5,87.5,9.211,2.0,4.75,2.0,4.75,5.5,4.5,10.0,55.0,1.0,4.0,1.5,0.5,1.0,1.5,2.5,0.0,0.5,0.5,1.0,0.5,0.5,0.0,0.0,0.0,0.0,,0.0,,2.0,0.0,0.0,,0.5,0.0,2,1.0,0.0,1.5,1.0,66.667,3.0,15.385,0.5,0.0,1.5,14.5,5.5,1.0
Mitch Brown,Essendon,27,27.34,4,9.6,68.0,63.75,0,0.0,0,0,83.0,10.0,7.25,17.25,82.609,77.5,89.655,57.971,1.25,2.75,233.5,13.536,1.25,13.8,2.75,6.273,4.75,11.75,16.5,28.788,5.5,4.25,0.0,0.0,0.0,0.0,5.0,0.5,0.0,1.25,0.0,0.0,0.25,-0.25,0.0,0.0,0.0,,0.0,,1.25,0.25,3.5,21.429,0.25,0.0,0,0.0,0.0,0.0,0.0,,3.75,17.857,1.25,0.0,5.25,6.5,4.0,4.5
Jarrod Harbrow,Gold Coast,29,29.45,18,8.972,80.389,82.5,11,0.611,3,2,87.278,14.111,8.167,22.278,76.808,71.654,85.714,63.342,1.944,3.722,358.611,16.097,2.889,7.712,4.278,5.208,5.056,16.5,21.556,23.454,4.833,3.944,0.111,0.278,0.5,0.778,5.667,0.333,0.0,1.056,0.111,0.667,0.722,-0.056,0.0,0.0,0.0,,0.0,,1.889,0.167,1.0,22.222,0.056,0.0,2,0.111,0.111,0.222,0.333,50.0,3.944,18.734,0.944,0.667,2.056,10.111,7.111,1.389
Brandon Matera,Gold Coast,25,25.8,10,12.26,76.0,82.5,8,0.8,2,3,75.9,11.6,5.3,16.9,71.598,63.793,88.679,68.639,2.5,1.4,307.3,18.183,1.7,9.941,3.2,5.281,5.0,11.6,16.6,30.12,1.7,3.5,1.0,0.5,0.4,0.9,4.6,0.2,1.1,0.1,0.6,1.0,0.3,0.7,0.0,0.0,0.0,,0.0,,2.2,0.9,0.0,,1.3,23.077,22,2.2,1.2,3.5,0.8,62.857,6.8,27.309,0.8,0.6,0.3,12.4,4.6,0.0
Brendan Whitecross,Hawthorn,27,27.93,8,6.175,57.5,60.375,0,0.0,0,0,73.75,7.5,6.0,13.5,80.556,75.0,87.5,55.556,1.625,1.25,174.0,12.889,1.125,12.0,1.875,7.2,3.75,10.125,13.875,27.027,1.5,2.375,0.25,0.25,0.625,0.875,5.0,0.25,0.25,0.25,0.5,0.5,0.5,0.0,0.0,0.0,0.0,,0.0,,2.5,0.125,0.125,100.0,0.875,57.143,2,0.25,0.375,0.75,0.125,33.333,4.0,20.915,0.375,0.0,1.375,13.125,6.25,0.75
Kaiden Brand,Hawthorn,23,23.73,17,8.612,65.706,62.941,0,0.0,0,0,94.588,9.471,6.529,16.0,80.515,79.503,81.982,59.191,0.941,1.824,191.235,11.952,1.882,8.5,1.765,9.067,4.706,10.824,15.529,30.303,5.706,2.941,0.0,0.0,0.235,0.235,6.118,0.824,0.0,1.412,0.059,0.765,0.706,0.059,0.0,0.0,0.0,,0.0,,1.118,0.0,3.059,26.923,0.118,0.0,0,0.0,0.0,0.0,0.059,,2.412,10.933,0.588,0.059,5.765,7.588,6.529,4.882
Sam Butler,West Coast,31,31.96,9,5.844,58.0,55.0,0,0.0,0,0,78.889,8.444,6.111,14.556,84.733,81.579,89.091,58.015,0.556,2.444,166.222,11.42,1.111,13.1,2.0,7.278,3.333,10.889,14.222,23.438,3.667,3.0,0.0,0.0,0.444,0.444,4.0,0.222,0.0,1.0,0.0,0.111,0.0,0.111,0.0,0.0,0.0,,0.0,,1.333,0.111,1.556,28.571,0.0,,0,0.0,0.0,0.0,0.0,,2.556,11.058,0.444,0.111,3.222,9.778,8.333,2.333
Will Schofield,West Coast,28,28.93,10,6.79,43.3,34.5,0,0.0,0,0,90.5,4.7,4.4,9.1,76.923,72.34,81.818,51.648,0.9,1.4,154.1,16.934,1.9,4.789,1.6,5.687,2.9,6.7,9.6,30.208,3.8,2.2,0.0,0.0,0.1,0.1,2.4,0.1,0.0,0.7,0.0,0.4,1.2,-0.8,0.0,0.0,0.0,,0.0,,1.6,0.1,2.9,20.69,0.0,,2,0.2,0.0,0.2,0.1,100.0,2.4,10.256,0.9,0.0,5.8,8.6,6.8,5.0
Clay Smith,Western Bulldogs,24,24.64,8,7.513,58.25,62.25,0,0.0,0,0,78.5,6.5,5.0,11.5,66.304,55.769,80.0,56.522,1.125,0.375,110.875,9.641,2.5,4.6,2.5,4.6,4.375,6.875,11.25,38.889,0.625,4.25,2.5,0.5,0.25,0.75,3.0,0.0,1.5,0.0,1.0,0.375,1.25,-0.875,0.0,0.0,0.0,,0.0,,5.125,1.75,0.125,100.0,1.75,7.143,8,1.0,0.625,2.0,0.625,50.0,4.375,16.355,0.5,0.0,0.875,17.625,4.25,0.5
Jake Spencer,Melbourne,28,28.22,2,10.55,70.5,52.5,0,0.0,0,0,60.0,3.5,5.0,8.5,76.471,71.429,80.0,41.176,1.0,1.0,65.5,7.706,2.5,3.4,0.5,17.0,6.0,3.0,9.0,66.667,2.0,2.5,0.5,1.0,0.5,1.5,2.0,1.0,1.0,1.0,0.0,2.0,2.0,0.0,59.5,58.049,14.0,23.529,6.5,46.429,2.5,1.0,1.0,0.0,0.5,0.0,2,1.0,0.0,1.0,0.0,100.0,3.0,12.245,2.0,0.0,4.0,6.5,2.0,4.0
Tomas Bugg,Melbourne,24,24.73,10,7.91,60.8,60.3,0,0.0,0,0,78.3,7.0,6.9,13.9,66.906,51.429,82.609,50.36,1.7,0.4,152.6,10.978,2.2,6.318,1.8,7.722,6.2,8.4,14.6,42.466,1.7,4.3,1.2,0.1,0.9,1.0,2.9,0.5,1.3,0.1,0.7,1.1,0.7,0.4,0.0,0.0,0.0,,0.0,,3.1,1.0,0.4,50.0,1.4,14.286,7,0.7,1.2,2.5,0.8,28.0,5.0,19.841,0.7,0.1,1.9,15.6,4.9,0.7
Matthew White,Port Adelaide,30,30.71,7,7.486,60.286,56.714,1,0.143,1,0,73.429,8.571,4.714,13.286,72.043,68.333,78.788,64.516,2.714,1.143,266.857,20.086,2.286,5.813,2.571,5.167,4.571,9.429,14.0,32.653,2.143,3.143,0.429,0.286,0.714,1.0,3.143,0.143,0.571,0.143,0.571,1.0,0.857,0.143,0.0,0.0,0.0,,0.0,,2.857,0.857,0.429,0.0,0.571,25.0,2,0.286,0.571,1.286,0.286,22.222,4.143,16.384,0.571,0.286,1.429,15.571,5.143,0.714
Jasper Pittard,Port Adelaide,26,26.75,17,9.265,78.0,75.353,2,0.125,1,1,83.235,12.471,7.706,20.176,79.009,73.113,88.55,61.808,3.059,3.824,401.412,19.895,2.294,8.795,4.176,4.831,4.412,14.588,19.0,23.22,5.294,3.059,0.059,0.294,0.176,0.471,5.118,0.588,0.059,1.471,0.0,0.529,0.588,-0.059,0.0,0.0,0.0,,0.0,,2.0,0.0,1.647,46.429,0.059,0.0,0,0.0,0.412,0.412,0.235,0.0,4.176,15.139,1.294,0.235,4.0,8.118,5.765,3.529
Claye Beams,Brisbane,26,26.33,9,6.411,56.778,58.0,0,0.0,0,0,64.556,7.778,6.222,14.0,74.603,68.571,82.143,55.556,2.0,1.556,161.333,11.524,1.444,9.692,2.0,7.0,3.889,9.444,13.333,29.167,2.778,2.556,0.333,0.556,0.556,1.111,4.667,0.556,0.667,0.889,0.222,0.444,0.444,0.0,0.0,0.0,0.0,,0.0,,1.556,0.222,0.667,33.333,0.333,0.0,4,0.444,0.222,0.778,0.556,57.143,4.111,18.782,0.778,0.333,0.556,8.556,3.667,0.333
Cedric Cox,Brisbane,20,20.36,8,6.275,45.875,48.5,0,0.0,0,0,68.625,5.75,5.625,11.375,69.231,63.043,75.556,50.549,1.625,0.875,158.625,13.945,2.125,5.353,3.125,3.64,4.0,7.5,11.5,34.783,2.875,2.875,0.125,0.0,0.125,0.125,3.125,0.375,0.0,0.375,0.625,0.75,0.125,0.625,0.0,0.0,0.0,,0.0,,2.375,0.0,0.75,33.333,0.625,60.0,1,0.125,0.0,0.125,0.125,100.0,2.375,10.556,0.375,1.25,1.875,10.25,7.125,1.375
Connor Menadue,Richmond,21,21.28,9,7.544,54.889,54.778,0,0.0,0,0,69.444,6.556,6.556,13.111,78.814,72.881,84.746,50.0,2.111,1.556,238.0,18.153,2.444,5.364,3.0,4.37,4.444,8.889,13.333,33.333,1.667,3.0,0.556,0.222,0.556,0.778,3.222,0.333,0.222,0.0,0.111,0.889,0.444,0.444,0.0,0.0,0.0,,0.0,,2.667,0.111,0.111,0.0,0.667,16.667,3,0.333,0.111,0.667,0.222,50.0,3.333,12.712,0.333,0.667,0.333,14.444,7.222,0.222
Tim O'Brien,Hawthorn,23,23.76,16,8.713,60.438,63.438,0,0.0,0,0,74.312,7.75,3.0,10.75,75.0,74.194,77.083,72.093,1.312,0.562,156.938,14.599,1.062,10.118,1.75,6.143,4.062,6.562,10.625,38.235,1.562,1.688,0.625,0.125,0.188,0.312,4.375,1.375,0.938,0.562,0.688,1.0,0.25,0.75,15.438,17.261,3.812,24.696,1.125,29.508,2.375,0.562,0.125,50.0,1.812,31.034,19,1.188,0.375,1.812,0.312,65.517,3.938,16.755,0.562,0.0,1.75,11.25,4.125,1.438
Andrew Phillips,Carlton,26,26.49,1,6.2,51.0,49.0,0,0.0,0,0,83.0,3.0,2.0,5.0,80.0,100.0,50.0,60.0,1.0,0.0,35.0,7.0,3.0,1.667,2.0,2.5,2.0,2.0,4.0,50.0,1.0,1.0,1.0,1.0,0.0,1.0,1.0,0.0,0.0,0.0,0.0,1.0,3.0,-2.0,74.0,82.222,29.0,39.189,11.0,37.931,3.0,0.0,2.0,50.0,4.0,0.0,0,0.0,0.0,0.0,0.0,,5.0,29.412,4.0,0.0,3.0,16.0,11.0,1.0
Aidyn Johnson,Port Adelaide,20,20.16,5,5.12,45.4,46.8,0,0.0,0,0,64.8,4.6,4.8,9.4,68.085,60.87,75.0,48.936,1.0,0.0,101.8,10.83,2.4,3.917,2.4,3.917,4.2,5.8,10.0,42.0,1.0,3.6,1.4,0.2,0.0,0.2,2.8,0.0,0.0,0.0,0.4,0.6,0.6,0.0,0.0,0.0,0.0,,0.0,,3.4,1.8,0.0,,0.2,100.0,2,0.4,0.2,0.6,0.2,66.667,2.8,10.219,0.2,0.2,2.0,14.8,3.6,0.6
Liam Dawson,Brisbane,21,21.93,1,0.2,22.0,30.0,0,0.0,0,0,88.0,7.0,1.0,8.0,50.0,42.857,100.0,87.5,0.0,3.0,136.0,17.0,5.0,1.6,3.0,2.667,2.0,5.0,7.0,28.571,3.0,2.0,0.0,0.0,0.0,0.0,2.0,0.0,0.0,0.0,0.0,0.0,1.0,-1.0,0.0,0.0,0.0,,0.0,,1.0,0.0,5.0,80.0,0.0,,0,0.0,0.0,0.0,0.0,,1.0,5.0,0.0,0.0,5.0,12.0,9.0,5.0
Brad Crouch,Adelaide,23,23.96,20,13.115,98.25,105.8,22,1.294,6,3,74.45,11.85,16.2,28.05,68.984,56.962,77.778,42.246,4.15,1.7,333.7,11.897,3.55,7.901,4.9,5.724,12.65,14.5,27.15,46.593,2.7,8.4,1.35,2.5,3.45,5.95,2.8,0.05,0.15,0.1,0.05,1.25,0.7,0.55,0.0,0.0,0.0,,0.0,,6.85,1.25,0.0,,0.2,25.0,8,0.4,0.5,1.05,0.65,38.095,5.65,19.859,1.45,0.15,0.8,20.05,7.8,0.4
Gary Rohan,Sydney,26,26.56,16,9.481,66.375,59.438,13,0.929,2,3,73.938,7.25,2.312,9.562,72.549,73.276,70.27,75.817,3.125,0.688,254.5,26.614,1.875,5.1,2.438,3.923,4.062,5.688,9.75,41.667,1.938,2.125,0.5,0.0,0.375,0.375,4.0,0.875,1.062,0.375,1.312,0.875,0.562,0.312,0.0,0.0,0.0,,0.0,,3.25,1.062,0.625,10.0,1.438,34.783,22,1.375,0.625,2.125,0.688,64.706,4.062,15.815,0.562,0.562,2.188,13.125,3.375,1.5
Ed Vickers-Willis,North Melbourne,21,21.76,7,6.057,57.0,50.571,0,0.0,0,0,84.571,4.857,8.857,13.714,70.833,64.706,74.194,35.417,0.714,1.714,115.857,8.448,1.714,8.0,3.0,4.571,5.714,8.571,14.286,40.0,4.857,4.714,0.286,0.143,0.429,0.571,2.286,0.143,0.143,0.571,0.0,0.857,0.714,0.143,0.0,0.0,0.0,,0.0,,3.143,0.0,2.571,16.667,0.0,,0,0.0,0.143,0.286,0.143,0.0,2.429,9.444,0.571,0.143,3.286,12.429,7.714,3.0
Aaron Black,Geelong,27,27.08,4,7.925,66.25,73.75,0,0.0,0,0,83.5,8.75,7.0,15.75,68.254,54.286,85.714,55.556,3.0,0.25,251.0,15.937,1.75,9.0,3.75,4.2,3.75,11.75,15.5,24.194,1.25,3.0,1.0,0.0,0.25,0.25,5.25,0.5,0.5,0.0,1.25,0.25,0.5,-0.25,0.0,0.0,0.0,,0.0,,2.75,1.5,0.0,,2.25,33.333,5,1.25,0.5,2.0,0.25,62.5,4.75,19.792,0.5,1.0,1.0,12.75,3.5,1.0
Billy Longer,St Kilda,24,24.63,17,11.041,78.118,78.235,16,0.941,5,0,83.647,1.412,7.941,9.353,72.327,37.5,78.519,15.094,0.647,0.471,20.882,2.233,2.647,3.533,1.118,8.368,6.412,3.471,9.882,64.881,1.882,3.529,0.294,1.176,1.471,2.647,1.588,0.706,0.0,0.765,0.059,1.824,1.294,0.529,71.235,84.097,38.588,54.17,10.882,28.201,4.0,0.471,0.588,0.0,0.353,16.667,2,0.118,0.118,0.294,0.176,40.0,3.706,14.651,2.941,0.0,3.118,15.765,7.765,2.353
Darren Minchington,St Kilda,24,24.06,5,8.34,58.6,63.8,0,0.0,0,0,73.4,5.8,8.0,13.8,69.565,58.621,77.5,42.029,1.6,1.0,144.4,10.464,1.8,7.667,2.2,6.273,5.0,9.2,14.2,35.211,1.6,4.0,2.2,0.0,0.0,0.0,2.6,0.2,0.6,0.0,0.6,1.0,0.0,1.0,0.0,0.0,0.0,,0.0,,4.0,1.6,0.0,,1.2,33.333,4,0.8,0.8,1.8,0.8,44.444,4.2,16.667,0.6,0.2,0.4,18.0,4.6,0.2
Daniel Howe,Hawthorn,22,22.07,18,8.656,73.5,75.889,6,0.333,2,0,81.222,8.389,8.278,16.667,77.333,71.523,83.221,50.333,1.389,1.278,177.0,10.62,2.056,8.108,2.444,6.818,6.667,10.556,17.222,38.71,3.167,4.0,0.333,1.167,1.444,2.611,4.0,0.278,0.167,0.611,0.111,1.222,0.722,0.5,0.0,0.0,0.0,,0.0,,5.333,0.333,0.611,45.455,0.0,,5,0.278,0.111,0.444,0.167,62.5,3.778,16.667,1.167,0.0,2.278,17.889,9.389,1.389
Michael Hibberd,Melbourne,27,27.99,18,10.2,99.167,92.556,38,2.111,7,7,86.111,16.944,10.444,27.389,76.673,77.049,76.064,61.866,2.667,6.833,556.5,20.318,3.167,8.649,6.111,4.482,7.111,18.5,25.611,27.766,7.611,5.556,0.111,0.333,0.556,0.889,5.389,0.389,0.0,1.611,0.056,1.0,0.611,0.389,0.0,0.0,0.0,,0.0,,1.278,0.056,2.0,27.778,0.0,,1,0.056,0.056,0.222,0.278,25.0,3.889,16.949,1.278,0.278,3.278,7.889,5.667,2.722
Jay Kennedy Harris,Melbourne,22,22.78,6,4.433,55.0,61.833,0,0.0,0,0,75.667,7.5,8.5,16.0,63.542,57.778,68.627,46.875,2.667,0.667,198.5,12.406,3.167,5.053,3.333,4.8,5.667,10.5,16.167,35.052,0.833,5.0,0.667,0.167,0.667,0.833,3.0,0.0,0.167,0.0,0.667,0.333,0.833,-0.5,0.0,0.0,0.0,,0.0,,3.833,0.5,0.0,,0.5,33.333,0,0.0,0.167,0.5,0.5,0.0,2.667,12.03,0.167,0.667,0.667,13.5,5.0,0.333
Daniel Wells,Collingwood,32,32.9,10,9.68,71.1,77.2,15,1.5,3,3,71.7,10.1,8.4,18.5,78.919,70.297,89.286,54.595,3.3,0.3,288.6,15.6,2.0,9.25,3.3,5.606,4.3,14.3,18.6,23.118,0.8,2.8,0.4,0.6,1.7,2.3,4.7,0.1,1.3,0.0,0.5,0.4,0.1,0.3,0.0,0.0,0.0,,0.0,,2.2,0.6,0.2,0.0,0.4,25.0,11,1.1,0.5,1.8,0.6,61.111,7.1,24.315,0.5,0.6,0.6,11.5,4.1,0.2
Ben McNiece,Essendon,25,25.77,2,6.45,54.5,47.5,0,0.0,0,0,81.0,5.0,7.5,12.5,76.0,70.0,80.0,40.0,0.0,2.5,90.5,7.24,0.5,25.0,1.5,8.333,5.5,7.5,13.0,42.308,5.5,3.0,0.0,0.0,0.0,0.0,2.0,0.0,0.0,0.0,0.0,1.5,0.0,1.5,0.0,0.0,0.0,,0.0,,2.5,0.0,1.5,0.0,0.0,,0,0.0,0.0,0.0,0.0,,1.5,6.122,0.5,0.0,3.5,10.5,8.0,2.0
Koby Stevens,St Kilda,26,26.53,15,8.273,79.133,85.333,10,0.667,3,0,69.933,7.0,14.733,21.733,80.368,77.143,81.9,32.209,2.333,0.933,152.733,7.028,3.0,7.244,3.267,6.653,7.667,14.6,22.267,34.431,1.933,5.067,0.667,1.467,1.6,3.067,4.867,0.2,0.4,0.267,0.133,1.0,1.4,-0.4,0.067,0.079,0.0,0.0,0.0,,5.2,0.8,0.333,0.0,0.2,33.333,6,0.4,0.267,0.667,0.4,60.0,5.2,20.366,1.4,0.067,0.733,17.0,7.267,0.333
Alex Silvagni,Carlton,30,30.25,7,10.2,67.714,58.143,2,0.286,1,0,74.714,6.429,4.0,10.429,84.932,80.0,92.857,61.644,0.143,2.857,166.429,15.959,2.0,5.214,1.857,5.615,5.286,5.143,10.429,50.685,6.429,2.714,0.0,0.0,0.143,0.143,4.429,1.714,0.0,2.286,0.0,1.286,0.857,0.429,0.0,0.0,0.0,,0.0,,4.714,0.143,3.0,33.333,0.0,,0,0.0,0.0,0.0,0.0,,1.143,6.061,0.714,0.0,4.571,11.714,9.857,3.429
Nick Graham,Carlton,23,23.55,10,6.67,77.2,83.4,0,0.0,0,0,73.4,11.2,7.5,18.7,70.588,61.607,84.0,59.893,2.9,1.1,229.3,12.262,2.9,6.448,3.9,4.795,7.2,12.1,19.3,37.306,1.6,5.0,0.7,0.9,1.5,2.4,5.0,0.2,0.4,0.0,0.8,1.2,0.8,0.4,0.0,0.0,0.0,,0.0,,4.7,0.7,0.1,100.0,1.5,26.667,3,0.3,0.4,1.1,0.5,27.273,3.9,20.526,0.9,0.2,0.5,16.1,5.7,0.4
Brandon Jack,Sydney,23,23.6,1,6.3,42.0,47.0,0,0.0,0,0,72.0,2.0,7.0,9.0,88.889,100.0,85.714,22.222,3.0,0.0,93.0,10.333,3.0,3.0,4.0,2.25,4.0,7.0,11.0,36.364,3.0,3.0,0.0,0.0,0.0,0.0,3.0,0.0,0.0,0.0,1.0,1.0,1.0,0.0,0.0,0.0,0.0,,0.0,,5.0,0.0,0.0,,0.0,,0,0.0,0.0,0.0,0.0,,3.0,13.043,0.0,0.0,0.0,14.0,5.0,0.0
James Rose,Sydney,21,21.7,1,4.8,29.0,34.0,0,0.0,0,0,61.0,5.0,1.0,6.0,33.333,20.0,100.0,83.333,1.0,1.0,132.0,22.0,0.0,,2.0,3.0,4.0,1.0,5.0,80.0,1.0,4.0,1.0,0.0,1.0,1.0,0.0,0.0,0.0,0.0,0.0,0.0,0.0,0.0,0.0,0.0,0.0,,0.0,,4.0,0.0,0.0,,1.0,0.0,0,0.0,1.0,1.0,0.0,0.0,2.0,8.696,0.0,0.0,0.0,10.0,3.0,0.0
Matt Shaw,Gold Coast,25,25.9,2,0.6,41.0,55.0,0,0.0,0,0,77.0,10.0,3.5,13.5,59.259,55.0,71.429,74.074,3.5,1.0,215.5,15.963,3.0,4.5,4.0,3.375,2.5,11.5,14.0,17.857,1.0,1.5,0.0,0.0,1.0,1.0,3.5,0.0,0.0,0.0,0.0,0.0,0.0,0.0,0.0,0.0,0.0,,0.0,,1.0,0.0,0.0,,0.0,,1,0.5,0.5,1.0,0.5,50.0,3.5,15.217,0.0,0.0,1.0,12.5,7.5,0.5
Jesse Lonergan,Gold Coast,23,23.12,9,7.711,62.667,62.111,0,0.0,0,0,73.778,6.556,11.333,17.889,74.534,66.102,79.412,36.646,2.111,1.0,153.222,8.565,2.222,8.05,3.333,5.367,7.111,10.667,17.778,40.0,2.0,5.333,0.889,1.0,1.667,2.667,3.111,0.0,0.222,0.0,1.0,0.667,1.111,-0.444,0.111,0.129,0.0,0.0,0.0,,3.111,0.111,0.0,,0.444,25.0,1,0.111,0.0,0.111,0.667,100.0,3.889,19.337,0.333,0.444,1.0,14.667,7.333,0.111
Jed Anderson,North Melbourne,23,23.9,5,9.4,58.8,57.0,0,0.0,0,0,73.2,5.6,5.6,11.2,75.0,64.286,85.714,50.0,0.8,0.0,77.6,6.929,1.6,7.0,1.0,11.2,6.6,5.2,11.8,55.932,1.2,4.8,2.2,0.0,1.4,1.4,1.6,0.2,0.6,0.0,0.4,1.0,0.0,1.0,0.0,0.0,0.0,,0.0,,4.8,2.2,0.0,,1.0,20.0,3,0.6,0.4,1.0,0.8,60.0,5.0,17.606,0.8,0.0,1.2,19.2,5.0,0.4
Kurt Mutimer,West Coast,20,20.8,4,4.275,42.25,49.5,0,0.0,0,0,68.25,6.75,4.0,10.75,67.442,62.963,75.0,62.791,2.25,0.25,189.0,17.581,2.25,4.778,3.25,3.308,3.5,7.0,10.5,33.333,0.5,3.25,1.5,0.75,0.25,1.0,3.75,0.25,1.0,0.0,0.0,0.0,1.0,-1.0,0.0,0.0,0.0,,0.0,,2.75,0.25,0.0,,0.5,50.0,1,0.25,0.5,1.0,0.75,25.0,5.0,21.505,0.5,0.0,0.25,18.0,8.75,0.0
Tom Bellchambers,Essendon,28,28.47,14,11.65,88.429,82.786,14,1.077,4,2,85.429,6.143,4.643,10.786,74.172,68.605,81.538,56.954,2.143,0.929,146.429,13.576,3.071,3.512,2.143,5.033,6.0,5.5,11.5,52.174,2.0,1.857,0.143,0.857,1.357,2.214,3.929,1.286,0.714,1.143,0.571,1.357,2.071,-0.714,66.214,80.121,32.857,49.622,10.929,33.261,2.786,0.214,0.357,0.0,1.143,25.0,9,0.643,0.286,0.929,0.286,69.231,5.0,18.421,3.071,0.0,2.143,9.0,4.214,1.714
Matt Dea,Essendon,26,26.21,6,10.533,72.0,63.667,0,0.0,0,0,89.333,9.167,5.5,14.667,84.091,81.818,87.879,62.5,0.5,3.0,185.833,12.67,1.333,11.0,1.5,9.778,4.5,10.333,14.833,30.337,5.5,3.167,0.167,0.0,0.0,0.0,5.0,0.5,0.0,1.5,0.0,1.333,0.5,0.833,0.0,0.0,0.0,,0.0,,2.333,0.0,3.5,28.571,0.0,,1,0.167,0.0,0.167,0.167,100.0,3.167,13.669,1.167,0.167,4.333,6.5,5.833,4.167
Cameron Pedersen,Melbourne,30,30.79,15,12.127,85.8,83.4,10,0.667,2,4,85.333,7.933,8.267,16.2,76.955,72.269,81.452,48.971,3.0,0.733,252.8,15.605,1.867,8.679,2.467,6.568,7.067,9.667,16.733,42.231,2.067,4.6,1.267,0.667,0.8,1.467,4.867,0.933,1.267,0.467,0.867,1.0,1.133,-0.133,33.533,36.135,9.8,29.225,2.533,25.85,3.533,1.133,0.267,25.0,1.6,29.167,16,1.067,0.533,2.067,0.533,51.613,5.533,23.851,1.133,0.133,2.333,14.533,4.8,1.867
Lynden Dunn,Collingwood,30,30.63,17,8.524,68.0,56.235,0,0.0,0,0,88.824,9.529,4.0,13.529,83.043,80.864,88.235,70.435,0.765,3.235,269.0,19.883,1.706,7.931,2.471,5.476,3.941,8.529,12.471,31.604,5.588,2.647,0.0,0.0,0.294,0.294,5.176,0.529,0.0,1.706,0.0,0.765,0.824,-0.059,0.0,0.0,0.0,,0.0,,1.353,0.0,3.588,18.033,0.059,0.0,1,0.059,0.059,0.118,0.0,50.0,2.471,9.745,1.765,0.235,4.529,7.176,5.706,3.176
Steven Morris,Richmond,29,29.0,1,5.9,40.0,49.0,0,0.0,0,0,76.0,5.0,3.0,8.0,62.5,40.0,100.0,62.5,2.0,1.0,101.0,12.625,5.0,1.6,3.0,2.667,3.0,5.0,8.0,37.5,1.0,1.0,0.0,0.0,0.0,0.0,1.0,0.0,0.0,0.0,1.0,1.0,0.0,1.0,0.0,0.0,0.0,,0.0,,6.0,1.0,1.0,0.0,3.0,33.333,0,0.0,0.0,1.0,1.0,0.0,2.0,14.286,0.0,0.0,4.0,23.0,9.0,3.0
Brad Scheer,Gold Coast,19,19.33,4,2.5,36.25,37.25,0,0.0,0,0,74.5,2.75,5.5,8.25,78.788,72.727,81.818,33.333,1.0,0.25,54.0,6.545,0.25,33.0,1.0,8.25,1.75,6.25,8.0,21.875,0.5,1.5,0.25,0.0,0.25,0.25,2.0,0.0,0.5,0.0,0.5,0.5,0.25,0.25,0.0,0.0,0.0,,0.0,,3.0,0.5,0.0,,2.5,10.0,0,0.0,0.25,0.25,0.25,0.0,1.0,5.063,0.25,0.0,1.25,15.0,5.0,1.25
Anthony Miles,Richmond,25,25.83,5,9.78,70.6,73.2,0,0.0,0,0,70.0,8.0,11.4,19.4,73.196,55.0,85.965,41.237,2.8,1.0,243.6,12.557,4.4,4.409,3.0,6.467,9.0,11.2,20.2,44.554,2.4,5.6,0.0,2.0,1.4,3.4,4.2,0.2,0.4,0.4,0.0,1.2,1.8,-0.6,0.0,0.0,0.0,,0.0,,4.2,1.4,0.2,0.0,0.2,100.0,1,0.2,0.0,0.4,0.2,50.0,5.6,21.053,2.2,0.0,1.2,14.4,7.4,0.8
Corey Ellis,Richmond,21,21.22,6,5.467,46.167,43.833,0,0.0,0,0,67.833,5.0,5.0,10.0,68.333,63.333,73.333,50.0,1.333,1.833,171.167,17.117,1.333,7.5,2.833,3.529,4.5,5.0,9.5,47.368,2.667,4.0,0.833,0.0,0.5,0.5,2.333,0.167,0.5,0.0,0.0,0.167,0.0,0.167,0.0,0.0,0.0,,0.0,,2.167,0.5,0.5,66.667,0.0,,3,0.5,0.0,0.5,0.167,100.0,1.667,7.353,0.167,0.333,0.833,14.0,7.0,0.667
Marco Paparone,Brisbane,23,23.32,6,5.667,62.5,68.667,0,0.0,0,0,84.333,12.333,4.5,16.833,68.317,68.919,66.667,73.267,1.0,3.667,283.667,16.851,1.167,14.429,3.0,5.611,3.667,13.833,17.5,20.952,3.167,2.667,0.167,0.167,0.667,0.833,5.5,0.0,0.167,0.667,0.167,0.667,0.0,0.667,0.0,0.0,0.0,,0.0,,1.333,0.167,0.333,50.0,0.167,0.0,0,0.0,0.167,0.5,0.167,0.0,3.333,14.599,0.833,0.0,1.667,9.5,6.833,1.333
Jarrad McVeigh,Sydney,32,32.73,13,8.585,84.077,75.154,11,1.0,2,0,78.692,11.308,7.231,18.538,83.817,83.673,84.043,60.996,1.231,2.769,266.385,14.369,1.308,14.176,2.308,8.033,4.231,13.077,17.308,24.444,4.154,3.231,0.231,0.077,0.385,0.462,4.923,0.154,0.385,0.769,0.538,0.769,0.462,0.308,0.0,0.0,0.0,,0.0,,2.231,0.308,1.077,14.286,0.385,0.0,7,0.538,0.462,1.077,0.385,50.0,5.0,18.207,1.385,0.231,1.846,11.231,6.615,1.308
Josh Wagner,Melbourne,23,23.52,9,7.178,57.333,57.778,0,0.0,0,0,76.111,7.0,8.889,15.889,74.126,65.079,81.25,44.056,1.111,0.889,144.444,9.091,2.0,7.944,2.667,5.958,5.667,10.333,16.0,35.417,3.778,4.667,0.222,0.222,0.556,0.778,2.333,0.333,0.111,0.667,0.111,0.444,0.333,0.111,0.0,0.0,0.0,,0.0,,2.778,0.556,0.778,42.857,0.111,0.0,2,0.222,0.111,0.556,0.222,40.0,2.778,12.195,1.0,0.222,2.222,15.222,8.444,1.667
David Myers,Essendon,28,28.5,15,7.993,58.133,63.467,0,0.0,0,0,70.267,8.6,9.8,18.4,68.841,51.938,83.673,46.739,3.0,0.8,254.733,13.844,2.4,7.667,3.933,4.678,7.467,11.133,18.6,40.143,2.333,5.533,0.267,1.533,1.733,3.267,2.733,0.133,0.2,0.067,0.133,0.267,0.8,-0.533,0.0,0.0,0.0,,0.0,,2.6,0.333,0.467,42.857,0.067,0.0,3,0.2,0.4,0.667,0.2,30.0,4.133,15.385,0.8,0.133,1.0,12.667,6.2,0.533
Matt Taberner,Fremantle,24,24.53,8,4.85,59.125,63.875,6,0.75,1,0,88.5,8.125,3.375,11.5,68.478,61.538,85.185,70.652,1.75,0.25,177.625,15.446,4.125,2.788,3.375,3.407,6.0,5.375,11.375,52.747,1.0,2.125,0.625,0.25,0.125,0.375,5.375,2.75,2.0,0.375,0.625,1.0,2.375,-1.375,12.5,14.599,3.75,30.0,0.25,6.667,2.5,1.25,0.125,0.0,6.25,28.0,11,1.375,0.75,2.25,0.25,61.111,4.5,21.951,0.625,0.0,1.75,9.5,2.75,1.125
Fraser McInnes,West Coast,24,24.45,2,10.45,66.5,63.5,0,0.0,0,0,69.0,4.0,8.5,12.5,88.0,87.5,88.235,32.0,1.0,1.0,85.5,6.84,0.0,,0.5,25.0,4.5,8.0,12.5,36.0,4.0,3.5,0.5,0.5,0.0,0.5,4.0,0.5,0.0,1.5,0.0,0.5,0.0,0.5,22.5,27.607,10.0,44.444,1.5,15.0,3.0,0.5,0.0,,1.5,0.0,0,0.0,0.0,0.0,1.0,,4.5,18.75,1.5,0.0,4.5,9.5,3.5,4.5
Jack Redpath,Western Bulldogs,27,27.04,9,4.378,59.333,66.222,0,0.0,0,0,82.889,9.0,2.111,11.111,59.0,54.321,78.947,81.0,2.333,0.111,162.222,14.6,2.778,4.0,2.667,4.167,2.667,8.222,10.889,24.49,0.667,1.444,0.444,0.111,0.111,0.222,6.778,0.889,3.0,0.333,3.0,0.333,0.889,-0.556,5.0,5.604,0.667,13.333,0.222,33.333,1.222,0.556,0.111,0.0,4.0,19.444,15,1.667,1.444,3.667,0.556,45.455,5.778,23.009,0.333,0.0,1.222,5.889,1.111,1.0
Lukas Webb,Western Bulldogs,21,21.82,4,9.925,55.75,55.0,0,0.0,0,0,73.25,5.75,4.75,10.5,76.19,69.565,84.211,54.762,2.25,0.5,143.5,13.667,1.5,7.0,0.5,21.0,4.25,6.5,10.75,39.535,0.75,2.75,0.5,1.0,0.5,1.5,1.5,0.25,0.5,0.25,0.25,1.0,0.75,0.25,0.0,0.0,0.0,,0.0,,4.25,1.0,0.25,100.0,1.25,40.0,5,1.25,0.5,1.75,0.25,71.429,5.0,18.692,0.25,0.0,2.0,14.5,5.0,1.25
Josh Walker,Brisbane,25,25.13,11,7.964,60.818,61.364,1,0.091,1,0,77.455,6.545,5.455,12.0,71.97,68.056,76.667,54.545,1.545,0.727,154.636,12.886,2.182,5.5,2.0,6.0,5.636,6.727,12.364,45.588,2.727,2.727,0.545,0.182,0.364,0.545,5.273,1.909,0.909,1.0,0.455,0.636,0.636,0.0,8.091,8.838,3.0,37.079,0.818,27.273,2.0,0.091,1.545,17.647,1.636,44.444,9,0.818,0.364,1.455,0.182,56.25,3.636,15.564,0.909,0.0,2.636,7.818,3.273,2.273
Jack Fitzpatrick,Hawthorn,26,26.51,1,7.5,73.0,48.0,0,0.0,0,0,66.0,3.0,8.0,11.0,90.909,100.0,87.5,27.273,0.0,0.0,61.0,5.545,1.0,11.0,0.0,,4.0,6.0,10.0,40.0,1.0,3.0,2.0,1.0,0.0,1.0,4.0,0.0,1.0,0.0,1.0,1.0,1.0,0.0,28.0,22.4,13.0,46.429,6.0,46.154,0.0,0.0,1.0,0.0,2.0,50.0,0,0.0,0.0,0.0,0.0,,5.0,17.857,1.0,0.0,4.0,6.0,1.0,4.0
Daniel Lloyd,Greater Western Sydney,25,25.86,7,6.229,43.286,49.286,0,0.0,0,0,64.857,6.143,5.429,11.571,70.37,62.791,78.947,53.086,2.0,0.714,176.429,15.247,1.571,7.364,2.429,4.765,3.429,7.857,11.286,30.38,1.857,3.143,1.286,0.0,0.429,0.429,2.714,0.143,0.429,0.286,0.429,0.143,0.0,0.143,0.0,0.0,0.0,,0.0,,2.0,0.571,0.143,100.0,0.857,0.0,4,0.571,0.286,1.0,0.429,57.143,3.286,12.707,0.571,0.0,0.286,13.286,4.143,0.286
James Stewart,Essendon,23,23.82,16,8.019,65.0,60.5,4,0.267,1,0,86.125,7.125,5.125,12.25,68.878,64.035,75.61,58.163,2.688,0.062,187.375,15.296,1.938,6.323,2.125,5.765,5.438,7.5,12.938,42.029,0.875,3.688,1.875,0.125,0.25,0.375,4.312,0.75,1.188,0.25,1.75,1.0,1.125,-0.125,1.875,2.268,0.312,16.667,0.062,20.0,2.188,1.0,0.125,0.0,3.062,28.571,22,1.375,1.0,2.688,0.688,51.163,5.625,20.882,0.312,0.25,0.75,12.125,2.75,0.625
Jake Batchelor,Richmond,25,25.87,1,4.0,47.0,46.0,0,0.0,0,0,75.0,5.0,4.0,9.0,55.556,40.0,75.0,55.556,1.0,3.0,103.0,11.444,1.0,9.0,3.0,3.0,3.0,6.0,9.0,33.333,4.0,2.0,0.0,0.0,0.0,0.0,2.0,0.0,0.0,0.0,1.0,1.0,0.0,1.0,0.0,0.0,0.0,,0.0,,4.0,1.0,1.0,0.0,0.0,,0,0.0,0.0,0.0,0.0,,0.0,0.0,0.0,0.0,6.0,17.0,9.0,3.0
Keegan Brooksby,Gold Coast,27,27.67,3,10.767,74.667,70.333,0,0.0,0,0,83.667,6.0,9.333,15.333,76.087,50.0,92.857,39.13,0.333,1.333,102.667,6.696,2.667,5.75,2.0,7.667,8.0,6.667,14.667,54.545,4.667,6.0,0.333,0.333,2.0,2.333,4.0,0.333,0.0,1.0,0.0,1.333,1.667,-0.333,33.667,41.057,12.0,35.644,3.333,27.778,3.333,0.0,2.667,37.5,0.333,0.0,0,0.0,0.0,0.333,0.0,0.0,2.0,17.143,0.667,0.0,5.333,16.0,8.667,4.333
Brendon Ah Chee,Port Adelaide,24,24.02,5,9.48,58.0,58.6,0,0.0,0,0,65.2,7.2,8.6,15.8,60.759,50.0,69.767,45.57,2.8,0.4,176.2,11.152,2.0,7.9,2.6,6.077,7.4,8.6,16.0,46.25,2.0,5.0,2.2,0.6,1.8,2.4,1.6,0.2,0.6,0.0,0.4,1.0,0.6,0.4,0.0,0.0,0.0,,0.0,,1.8,0.8,0.0,,1.0,40.0,7,1.4,0.2,1.8,0.4,77.778,5.2,19.118,1.6,0.0,1.2,12.8,5.2,0.8
Scott Selwood,Geelong,27,27.76,14,8.493,90.143,97.5,2,0.182,1,1,75.429,7.643,11.714,19.357,73.432,53.271,86.585,39.483,2.786,0.857,170.357,8.801,2.714,7.132,2.929,6.61,7.857,11.929,19.786,39.711,1.929,5.286,1.071,1.286,2.357,3.643,3.214,0.071,0.143,0.143,0.071,1.643,1.5,0.143,0.0,0.0,0.0,,0.0,,10.714,1.357,0.0,,0.571,25.0,3,0.214,0.214,0.5,0.214,42.857,3.929,16.418,1.0,0.0,0.929,24.286,11.357,0.429
Mitch Wallis,Western Bulldogs,25,25.18,12,13.042,87.833,74.75,4,0.333,3,0,81.0,7.167,13.5,20.667,75.403,68.605,79.012,34.677,3.5,0.667,185.417,8.972,1.917,10.783,2.833,7.294,12.0,9.5,21.5,55.814,2.667,8.75,2.333,1.417,2.333,3.75,3.083,0.333,0.417,0.0,0.417,1.5,0.917,0.583,0.083,0.093,0.0,0.0,0.0,,3.583,1.083,0.0,,1.0,50.0,7,0.583,0.417,1.083,0.667,53.846,6.5,26.897,1.75,0.25,0.833,18.0,7.583,0.083
Tory Dickson,Western Bulldogs,30,30.26,9,7.189,48.667,54.333,0,0.0,0,0,78.222,4.889,5.333,10.222,71.739,61.364,81.25,47.826,1.667,0.111,140.444,13.739,1.778,5.75,2.556,4.0,3.222,7.111,10.333,31.183,1.0,2.333,0.0,0.111,0.111,0.222,3.667,0.111,1.222,0.111,1.333,1.0,0.889,0.111,0.0,0.0,0.0,,0.0,,3.0,0.778,0.0,,1.111,10.0,11,1.222,0.333,1.889,0.111,64.706,3.444,14.833,0.111,0.111,0.111,11.667,3.667,0.111
Daniel McKenzie,St Kilda,21,21.62,5,6.84,52.8,60.2,0,0.0,0,0,69.2,7.6,6.8,14.4,73.611,63.158,85.294,52.778,1.2,1.4,166.2,11.542,3.8,3.789,3.8,3.789,5.6,9.4,15.0,37.333,3.2,4.2,0.0,0.2,1.8,2.0,4.6,0.6,0.4,1.0,0.0,0.8,1.2,-0.4,0.0,0.0,0.0,,0.0,,2.6,0.2,1.2,33.333,0.4,0.0,2,0.4,0.0,0.6,0.2,66.667,2.4,11.009,0.6,0.2,2.0,13.4,6.8,1.0
Matt de Boer,Greater Western Sydney,27,27.81,15,8.66,65.133,59.267,0,0.0,0,0,76.6,4.333,9.467,13.8,82.126,70.769,87.324,31.401,1.4,0.267,97.733,7.082,1.6,8.625,1.6,8.625,5.267,8.4,13.667,38.537,1.4,4.6,1.8,0.2,0.667,0.867,2.6,0.067,0.333,0.067,0.4,0.467,1.0,-0.533,0.0,0.0,0.0,,0.0,,4.667,1.867,0.067,100.0,0.467,28.571,8,0.533,0.2,0.8,0.6,66.667,4.4,17.46,0.933,0.133,0.533,16.467,4.733,0.133
Jordan Gallucci,Adelaide,19,19.66,1,8.2,57.0,54.0,0,0.0,0,0,80.0,7.0,4.0,11.0,72.727,57.143,100.0,63.636,3.0,0.0,164.0,14.909,2.0,5.5,2.0,5.5,5.0,7.0,12.0,41.667,2.0,3.0,2.0,0.0,0.0,0.0,2.0,1.0,0.0,1.0,0.0,1.0,0.0,1.0,0.0,0.0,0.0,,0.0,,3.0,1.0,0.0,,1.0,0.0,1,1.0,0.0,1.0,0.0,100.0,4.0,11.429,0.0,1.0,1.0,16.0,3.0,0.0
Matthew Hammelmann,Brisbane,21,21.81,3,5.167,27.667,31.0,0,0.0,0,0,75.0,4.0,3.667,7.667,60.87,58.333,63.636,52.174,1.0,0.333,101.0,13.174,2.0,3.833,2.333,3.286,2.667,4.333,7.0,38.095,2.0,2.0,0.0,0.0,0.0,0.0,1.333,0.333,0.0,0.333,0.333,0.333,0.333,0.0,0.333,0.376,0.0,0.0,0.0,,1.0,0.333,0.667,50.0,1.333,25.0,2,0.667,0.333,1.333,0.0,50.0,2.667,11.94,0.667,0.0,2.0,6.333,2.333,2.0
Kurt Heatherley,Hawthorn,22,22.99,4,7.65,53.5,48.75,0,0.0,0,0,78.75,6.25,5.5,11.75,74.468,76.0,72.727,53.191,1.5,2.5,181.0,15.404,1.75,6.714,2.75,4.273,5.25,6.0,11.25,46.667,5.5,3.25,0.0,0.0,0.25,0.25,4.5,1.25,0.0,1.25,0.0,0.75,0.75,0.0,0.0,0.0,0.0,,0.0,,1.75,0.0,2.5,40.0,0.5,100.0,0,0.0,0.0,0.0,0.0,,1.5,6.186,1.0,0.0,5.5,6.75,4.25,5.25
Jordan Cunico,Geelong,21,21.65,1,8.5,49.0,42.0,0,0.0,0,0,61.0,8.0,4.0,12.0,66.667,50.0,100.0,66.667,3.0,0.0,243.0,20.25,1.0,12.0,3.0,4.0,7.0,5.0,12.0,58.333,4.0,5.0,0.0,0.0,2.0,2.0,3.0,2.0,0.0,0.0,0.0,0.0,1.0,-1.0,0.0,0.0,0.0,,0.0,,1.0,1.0,0.0,,0.0,,0,0.0,0.0,0.0,0.0,,1.0,3.846,0.0,0.0,0.0,6.0,3.0,0.0
Dallas Willsmore,Hawthorn,22,22.59,2,-0.55,36.0,51.0,0,0.0,0,0,63.5,6.0,3.5,9.5,78.947,66.667,100.0,63.158,1.0,1.5,81.5,8.579,1.0,9.5,1.5,6.333,1.0,8.5,9.5,10.526,0.0,1.0,0.0,0.0,0.5,0.5,4.5,0.0,0.0,0.0,0.0,0.0,0.5,-0.5,0.0,0.0,0.0,,0.0,,3.5,0.5,1.0,0.0,0.0,,0,0.0,0.0,0.0,0.0,,3.0,18.182,0.0,0.0,1.0,12.0,4.5,1.0
Jordan Roughead,Western Bulldogs,27,27.15,13,9.762,71.462,68.538,2,0.154,1,0,83.462,5.923,5.769,11.692,69.737,55.844,84.0,50.658,2.308,1.154,138.231,11.822,2.538,4.606,2.462,4.75,6.385,5.154,11.538,55.333,2.769,3.615,0.231,1.154,1.077,2.231,2.308,0.769,0.385,1.0,0.0,1.308,1.462,-0.154,48.077,54.066,18.923,39.36,4.769,25.203,3.615,0.846,1.308,5.882,0.846,9.091,4,0.308,0.154,0.538,0.0,57.143,3.615,14.78,2.692,0.0,4.538,13.692,6.231,3.846
Archie Smith,Brisbane,22,22.45,6,6.083,45.333,42.667,0,0.0,0,0,82.167,3.0,7.333,10.333,59.677,50.0,63.636,29.032,1.0,0.333,65.833,6.371,3.667,2.818,2.167,4.769,8.333,2.5,10.833,76.923,0.333,5.5,1.333,0.5,0.833,1.333,1.5,0.833,0.5,0.0,0.167,0.833,1.833,-1.0,26.833,30.093,10.0,37.267,1.833,18.333,1.5,0.5,0.333,100.0,2.167,46.154,3,0.5,0.167,0.833,0.5,60.0,3.667,15.172,1.167,0.0,1.5,11.167,4.333,1.333
Rhys Mathieson,Brisbane,20,20.97,13,8.962,72.769,71.923,0,0.0,0,0,73.692,8.154,10.0,18.154,75.0,66.981,81.538,44.915,2.692,1.692,198.538,10.936,3.0,6.051,3.308,5.488,9.0,9.769,18.769,47.951,2.462,5.692,1.0,1.077,2.462,3.538,3.385,0.077,0.308,0.308,0.154,2.462,1.154,1.308,0.077,0.087,0.077,100.0,0.0,0.0,3.615,0.615,0.077,0.0,0.154,50.0,8,0.615,0.077,0.846,0.538,72.727,4.692,19.741,1.538,0.0,0.692,16.769,8.615,0.231
Matthew Scharenberg,Collingwood,22,22.28,10,6.56,71.6,77.8,0,0.0,0,0,83.5,12.5,7.7,20.2,74.752,74.4,75.325,61.881,1.0,4.2,247.7,12.262,2.5,8.08,4.3,4.698,5.5,14.5,20.0,27.5,6.5,3.9,0.0,0.1,0.0,0.1,7.5,0.6,0.0,1.7,0.1,1.2,0.8,0.4,0.0,0.0,0.0,,0.0,,0.9,0.0,1.9,31.579,0.0,,0,0.0,0.0,0.1,0.1,0.0,2.9,10.943,1.0,0.0,2.2,8.6,6.3,1.8
Liam Sumner,Carlton,24,24.37,4,3.4,27.5,30.0,0,0.0,0,0,70.0,4.25,2.5,6.75,70.37,58.824,90.0,62.963,1.0,0.0,104.25,15.444,1.5,4.5,1.25,5.4,1.75,5.25,7.0,25.0,0.75,1.25,0.25,0.0,0.0,0.0,1.75,0.0,0.75,0.0,0.25,0.0,0.75,-0.75,0.0,0.0,0.0,,0.0,,1.5,1.0,0.0,,1.5,16.667,2,0.5,0.25,0.75,0.5,66.667,2.5,13.158,0.0,0.0,1.0,11.25,3.25,0.25
Tim Mohr,Greater Western Sydney,29,29.2,1,8.6,50.0,41.0,0,0.0,0,0,85.0,7.0,2.0,9.0,77.778,71.429,100.0,77.778,0.0,0.0,56.0,6.222,0.0,,0.0,,4.0,5.0,9.0,44.444,6.0,3.0,0.0,0.0,0.0,0.0,4.0,1.0,0.0,3.0,0.0,0.0,0.0,0.0,0.0,0.0,0.0,,0.0,,1.0,0.0,2.0,50.0,0.0,,0,0.0,0.0,0.0,0.0,,3.0,10.714,2.0,0.0,4.0,7.0,7.0,4.0
Malcolm Karpany,West Coast,22,22.58,6,9.55,54.167,52.667,0,0.0,0,0,71.333,6.0,5.833,11.833,71.831,61.111,82.857,50.704,1.5,0.0,171.5,14.493,1.333,8.875,1.5,7.889,4.833,7.333,12.167,39.726,2.167,3.833,0.833,0.333,0.333,0.667,2.667,0.0,0.5,0.0,0.833,0.5,0.333,0.167,0.0,0.0,0.0,,0.0,,2.333,0.5,0.333,100.0,0.167,0.0,6,1.0,0.167,1.333,0.333,75.0,4.333,17.45,0.833,0.167,0.667,15.667,4.833,0.167
Jimmy Toumpas,Port Adelaide,23,23.99,2,3.4,53.5,75.0,0,0.0,0,0,63.0,14.5,5.5,20.0,72.5,68.966,81.818,72.5,0.5,2.0,218.5,10.925,2.5,8.0,3.0,6.667,3.0,17.0,20.0,15.0,2.0,2.5,0.0,0.5,0.0,0.5,4.5,0.0,0.0,0.5,0.5,0.0,0.5,-0.5,0.0,0.0,0.0,,0.0,,2.0,0.0,0.0,,0.5,0.0,0,0.0,0.5,1.0,0.0,0.0,5.5,20.37,0.0,0.0,0.5,11.0,6.0,0.0
Ben Crocker,Collingwood,20,20.03,3,1.867,43.333,55.667,0,0.0,0,0,74.667,6.0,3.667,9.667,65.517,50.0,90.909,62.069,1.333,0.333,134.333,13.897,2.0,4.833,2.333,4.143,2.0,8.0,10.0,20.0,0.0,1.0,0.333,0.0,0.0,0.0,4.667,0.0,1.333,0.0,1.667,1.0,0.667,0.333,0.0,0.0,0.0,,0.0,,2.667,2.0,0.0,,2.0,16.667,3,1.0,0.667,2.0,0.0,50.0,3.0,12.5,0.0,0.0,0.333,11.333,2.333,0.333
Jonathon Beech,Adelaide,27,27.14,3,4.333,48.0,53.0,0,0.0,0,0,76.333,5.0,7.667,12.667,76.316,80.0,73.913,39.474,2.667,0.0,159.333,12.579,2.0,6.333,3.333,3.8,4.333,8.333,12.667,34.211,1.667,3.667,0.667,0.0,0.0,0.0,3.333,0.0,0.0,0.333,0.333,0.667,0.667,0.0,0.0,0.0,0.0,,0.0,,3.0,0.0,0.333,0.0,0.667,0.0,1,0.333,0.0,0.333,0.0,100.0,4.333,16.883,0.333,0.0,0.333,13.0,5.0,0.333
Jed Lamb,Carlton,25,25.2,11,5.782,60.818,63.364,5,0.455,1,0,76.455,10.0,2.818,12.818,67.376,63.636,80.645,78.014,3.455,0.0,262.273,20.461,1.636,7.833,2.909,4.406,3.818,8.727,12.545,30.435,1.273,2.364,0.909,0.091,0.273,0.364,4.636,0.273,1.182,0.0,1.455,1.636,0.727,0.909,0.0,0.0,0.0,,0.0,,2.545,1.273,0.091,100.0,1.364,60.0,6,0.545,0.909,1.636,0.909,33.333,4.273,20.982,0.545,0.636,0.273,9.545,2.273,0.273
Callum Brown,Collingwood,19,19.67,5,6.94,51.0,47.6,0,0.0,0,0,72.4,3.6,10.0,13.6,75.0,55.556,82.0,26.471,1.6,0.0,59.0,4.338,0.8,17.0,0.8,17.0,7.2,7.4,14.6,49.315,1.8,5.8,0.4,0.2,1.6,1.8,2.2,0.0,0.2,0.0,0.0,0.6,0.2,0.4,0.0,0.0,0.0,,0.0,,2.2,0.2,0.0,,0.6,66.667,1,0.2,0.2,0.6,0.0,33.333,4.4,20.755,0.8,0.6,0.8,20.8,9.4,0.2
Tom Langdon,Collingwood,23,23.56,11,10.227,82.091,72.636,4,0.364,2,0,85.091,9.0,10.091,19.091,83.81,76.768,90.09,47.143,1.818,2.0,224.636,11.767,2.182,8.75,3.0,6.364,7.364,12.455,19.818,37.156,8.091,5.091,0.091,0.091,0.182,0.273,5.636,1.0,0.0,2.182,0.0,1.0,0.909,0.091,0.0,0.0,0.0,,0.0,,2.545,0.091,2.273,20.0,0.182,50.0,0,0.0,0.091,0.182,0.091,0.0,3.182,13.208,1.0,0.091,3.0,12.545,7.727,2.091
Jake Neade,Port Adelaide,23,23.59,7,8.886,64.0,67.143,0,0.0,0,0,68.857,7.286,7.857,15.143,68.868,60.784,76.364,48.113,2.714,0.571,174.143,11.5,2.429,6.235,3.0,5.048,5.714,9.571,15.286,37.383,2.0,4.143,1.143,0.286,0.286,0.571,2.571,0.143,0.429,0.0,0.714,1.571,0.714,0.857,0.0,0.0,0.0,,0.0,,4.286,2.0,0.143,0.0,0.429,0.0,6,0.857,0.143,1.571,0.857,54.545,5.286,18.782,0.714,0.143,1.0,19.857,3.857,0.286
Blaine Boekhorst,Carlton,24,24.32,7,9.743,72.0,73.857,0,0.0,0,0,73.0,11.0,5.571,16.571,75.0,66.234,92.308,66.379,2.286,2.143,307.429,18.552,2.714,6.105,2.857,5.8,4.286,12.714,17.0,25.21,3.286,3.714,0.429,0.143,0.714,0.857,4.429,0.0,0.286,0.286,0.714,0.429,0.714,-0.286,0.0,0.0,0.0,,0.0,,3.0,0.571,0.143,100.0,0.429,0.0,7,1.0,0.143,1.286,0.286,77.778,3.857,19.853,1.0,0.286,1.143,11.571,5.571,1.0
Mitch Honeychurch,Western Bulldogs,22,22.83,6,7.183,66.667,70.167,0,0.0,0,0,83.167,7.167,7.333,14.5,75.862,55.814,95.455,49.425,2.5,0.5,166.667,11.494,2.0,7.25,1.667,8.7,6.0,8.667,14.667,40.909,2.0,3.333,0.5,0.333,0.833,1.167,3.167,0.167,1.0,0.0,0.167,2.0,0.833,1.167,0.0,0.0,0.0,,0.0,,5.667,1.333,0.0,,1.333,12.5,1,0.167,1.333,2.0,1.0,8.333,5.5,22.759,0.5,0.333,1.333,16.5,5.833,0.667
Alex Witherden,Brisbane,19,19.3,9,8.633,87.111,88.556,2,0.222,2,0,79.444,15.889,7.667,23.556,74.057,72.028,78.261,67.453,1.556,4.889,416.889,17.698,3.333,7.067,3.889,6.057,4.889,15.0,19.889,24.581,4.667,4.0,0.111,0.222,0.556,0.778,5.333,0.222,0.0,0.667,0.111,0.667,0.889,-0.222,0.0,0.0,0.0,,0.0,,2.556,0.0,1.222,36.364,0.0,,2,0.222,0.0,0.222,0.111,100.0,4.222,18.447,1.778,0.222,1.333,9.889,7.0,1.222
Hayden Ballantyne,Fremantle,30,30.46,10,6.09,51.9,55.9,0,0.0,0,0,76.3,7.1,3.3,10.4,65.385,61.972,72.727,68.269,2.8,0.1,201.8,19.404,2.0,5.2,2.6,4.0,3.1,7.4,10.5,29.524,0.9,2.5,1.1,0.4,0.4,0.8,3.2,0.0,0.7,0.0,0.7,0.8,1.1,-0.3,0.0,0.0,0.0,,0.0,,3.4,1.3,0.0,,0.8,12.5,11,1.1,0.7,2.1,0.6,52.381,4.4,22.798,0.6,0.1,0.9,15.1,4.7,0.5
Josh Deluca,Fremantle,21,21.64,4,6.725,47.5,47.25,0,0.0,0,0,76.75,6.0,7.25,13.25,64.151,41.667,82.759,45.283,1.75,0.25,133.25,10.057,3.5,3.786,4.25,3.118,6.75,5.75,12.5,54.0,2.0,5.75,1.0,0.25,0.75,1.0,1.0,0.25,0.25,0.0,0.25,0.5,0.75,-0.25,0.0,0.0,0.0,,0.0,,2.5,1.0,0.0,,0.75,33.333,2,0.5,0.5,1.25,0.25,40.0,2.5,16.667,0.25,0.0,1.75,18.5,6.25,1.75
Mitch White,Melbourne,21,21.72,1,1.9,31.0,43.0,0,0.0,0,0,71.0,5.0,6.0,11.0,72.727,40.0,100.0,45.455,0.0,1.0,124.0,11.273,2.0,5.5,3.0,3.667,1.0,10.0,11.0,9.091,2.0,1.0,0.0,0.0,0.0,0.0,4.0,0.0,0.0,1.0,1.0,0.0,0.0,0.0,0.0,0.0,0.0,,0.0,,1.0,0.0,1.0,100.0,0.0,,0,0.0,0.0,0.0,0.0,,0.0,0.0,0.0,0.0,0.0,17.0,8.0,0.0
Ciaran Sheehan,Carlton,27,27.11,2,6.25,40.0,32.0,0,0.0,0,0,85.0,5.5,4.0,9.5,84.211,81.818,87.5,57.895,2.0,1.0,130.0,13.684,2.5,3.8,0.5,19.0,5.0,6.0,11.0,45.455,5.0,3.5,0.0,0.0,0.5,0.5,2.5,0.0,0.0,0.0,0.0,0.5,1.5,-1.0,0.0,0.0,0.0,,0.0,,1.0,0.0,2.0,75.0,0.0,,0,0.0,0.0,0.0,0.0,,1.0,5.128,0.5,0.0,3.5,10.0,6.5,2.0
Ryan Davis,Gold Coast,28,28.56,2,5.35,60.0,58.0,0,0.0,0,0,73.5,8.5,3.5,12.0,79.167,88.235,57.143,70.833,0.5,1.0,85.5,7.125,1.5,8.0,1.5,8.0,5.5,6.5,12.0,45.833,4.0,3.5,0.0,0.0,1.0,1.0,4.5,0.5,0.0,1.0,0.0,1.5,0.5,1.0,0.0,0.0,0.0,,0.0,,3.0,0.0,1.0,0.0,0.0,,0,0.0,0.0,0.0,0.0,,0.5,2.273,0.0,0.0,2.0,10.5,7.0,1.0
Josh Thomas,Collingwood,26,26.24,9,8.789,65.0,64.222,0,0.0,0,0,80.556,7.667,8.778,16.444,71.622,60.87,81.013,46.622,3.0,0.667,215.111,13.081,2.778,5.92,2.556,6.435,6.222,10.556,16.778,37.086,1.222,4.778,1.444,0.778,1.222,2.0,3.222,0.0,0.444,0.111,0.111,1.0,0.889,0.111,0.0,0.0,0.0,,0.0,,2.778,0.667,0.0,,0.111,0.0,6,0.667,0.556,1.667,0.778,40.0,5.778,23.318,0.778,0.333,0.667,15.778,5.333,0.111
Scott Thompson,Adelaide,34,34.8,1,4.7,45.0,29.0,0,0.0,0,0,72.0,5.0,5.0,10.0,80.0,80.0,80.0,50.0,4.0,1.0,220.0,22.0,5.0,2.0,4.0,2.5,5.0,6.0,11.0,45.455,4.0,4.0,1.0,1.0,0.0,1.0,1.0,0.0,0.0,1.0,0.0,0.0,5.0,-5.0,0.0,0.0,0.0,,0.0,,4.0,0.0,0.0,,1.0,0.0,0,0.0,0.0,0.0,1.0,,3.0,12.5,1.0,0.0,1.0,24.0,14.0,0.0
Trent McKenzie,Gold Coast,25,25.74,7,7.343,70.286,65.143,0,0.0,0,0,84.571,12.143,3.286,15.429,82.407,78.824,95.652,78.704,1.143,4.857,403.286,26.139,1.714,9.0,3.286,4.696,3.143,10.143,13.286,23.656,3.857,2.286,0.143,0.0,0.0,0.0,4.857,0.571,0.0,1.0,0.143,0.286,0.714,-0.429,0.0,0.0,0.0,,0.0,,2.286,0.0,2.571,61.111,0.143,0.0,0,0.0,0.286,0.429,0.143,0.0,1.857,11.504,0.571,0.0,3.143,8.857,6.857,2.429
Ryan Nyhuis,Fremantle,21,21.31,4,8.425,54.5,53.75,1,0.25,1,0,88.5,6.25,3.5,9.75,69.231,68.0,71.429,64.103,1.0,1.0,122.0,12.513,2.75,3.545,3.0,3.25,5.25,5.0,10.25,51.22,2.75,4.0,1.5,0.0,0.25,0.25,3.25,0.5,1.25,0.25,0.25,0.75,0.75,0.0,0.0,0.0,0.0,,0.0,,3.0,0.5,0.75,66.667,2.5,40.0,5,1.25,0.25,1.5,0.25,83.333,2.5,14.493,0.0,0.0,0.5,9.25,4.25,0.25
Daniel Nielson,North Melbourne,21,21.64,7,4.857,38.429,34.0,0,0.0,0,0,77.0,4.714,4.0,8.714,72.131,66.667,78.571,54.098,0.571,1.429,85.286,9.787,2.857,3.05,1.857,4.692,4.286,4.571,8.857,48.387,4.714,2.429,0.0,0.0,0.143,0.143,3.429,0.857,0.0,1.286,0.0,0.857,1.286,-0.429,0.0,0.0,0.0,,0.0,,1.143,0.0,3.143,31.818,0.0,,0,0.0,0.0,0.0,0.0,,0.571,2.778,0.286,0.0,3.429,7.286,5.286,3.0
Joe Atley,Port Adelaide,19,19.4,3,3.133,47.0,44.667,0,0.0,0,0,60.667,3.0,9.333,12.333,72.973,44.444,82.143,24.324,0.333,0.333,86.0,6.973,3.333,3.7,2.0,6.167,6.333,7.0,13.333,47.5,1.667,4.667,1.0,0.333,2.333,2.667,1.333,0.0,0.0,0.0,0.0,1.0,1.333,-0.333,0.0,0.0,0.0,,0.0,,4.0,1.667,0.0,,0.667,0.0,0,0.0,0.0,0.333,0.0,0.0,3.333,12.195,1.667,0.0,0.667,18.333,6.333,0.0
Scott Lycett,West Coast,25,25.26,1,7.1,63.0,58.0,0,0.0,0,0,55.0,6.0,6.0,12.0,75.0,50.0,100.0,50.0,1.0,1.0,204.0,17.0,1.0,12.0,2.0,6.0,3.0,9.0,12.0,25.0,2.0,1.0,0.0,0.0,1.0,1.0,3.0,0.0,1.0,0.0,0.0,1.0,0.0,1.0,48.0,49.485,18.0,37.5,7.0,38.889,0.0,0.0,1.0,100.0,0.0,,0,0.0,0.0,0.0,0.0,,1.0,4.348,1.0,0.0,1.0,14.0,5.0,0.0
Craig Bird,Essendon,28,28.94,2,8.7,73.0,73.0,0,0.0,0,0,72.5,9.5,11.0,20.5,80.488,63.158,95.455,46.341,4.5,0.0,215.5,10.512,2.5,8.2,5.5,3.727,6.0,15.5,21.5,27.907,1.5,4.0,1.0,1.0,2.0,3.0,2.0,0.0,0.0,0.0,0.0,0.5,0.0,0.5,0.0,0.0,0.0,,0.0,,4.0,0.5,0.0,,0.5,100.0,0,0.0,0.0,0.5,0.0,0.0,4.0,12.698,1.5,0.0,1.5,21.5,8.0,0.5
Michael Rischitelli,Gold Coast,31,31.97,4,8.025,57.25,52.5,0,0.0,0,0,80.0,6.5,6.0,12.5,70.0,57.692,83.333,52.0,1.75,1.25,131.5,10.52,2.5,5.0,2.25,5.556,6.5,7.25,13.75,47.273,1.75,4.0,0.25,1.5,1.25,2.75,2.75,0.0,0.5,0.0,0.25,1.5,1.75,-0.25,0.25,0.292,0.0,0.0,0.0,,3.75,0.0,0.25,0.0,0.0,,1,0.25,0.0,0.25,0.25,100.0,1.75,11.864,0.75,0.0,2.0,19.75,10.0,1.0
Dylan Buckley,Carlton,24,24.79,1,1.3,32.0,26.0,0,0.0,0,0,53.0,5.0,3.0,8.0,62.5,40.0,100.0,62.5,1.0,2.0,192.0,24.0,1.0,8.0,2.0,4.0,2.0,4.0,6.0,33.333,1.0,1.0,0.0,0.0,0.0,0.0,0.0,0.0,0.0,0.0,0.0,1.0,0.0,1.0,0.0,0.0,0.0,,0.0,,1.0,0.0,3.0,66.667,0.0,,0,0.0,0.0,0.0,0.0,,1.0,5.882,0.0,0.0,0.0,6.0,6.0,0.0
Ciaran Byrne,Carlton,23,23.06,3,3.867,46.333,46.667,0,0.0,0,0,59.333,7.0,6.0,13.0,84.615,85.714,83.333,53.846,0.333,2.0,85.667,6.59,1.333,9.75,1.333,9.75,3.0,9.667,12.667,23.684,4.0,3.0,0.0,0.333,0.0,0.333,4.333,0.0,0.0,1.0,0.0,0.0,0.667,-0.667,0.0,0.0,0.0,,0.0,,0.667,0.0,2.0,16.667,0.0,,0,0.0,0.0,0.0,0.0,,0.667,3.922,0.0,0.333,2.667,4.333,3.333,2.333
Alex Keath,Adelaide,25,25.94,6,7.867,54.5,44.333,0,0.0,0,0,83.333,6.0,4.667,10.667,89.062,88.889,89.286,56.25,1.0,1.333,142.667,13.375,2.667,4.0,1.167,9.143,4.833,6.5,11.333,42.647,5.167,2.833,0.0,0.0,0.167,0.167,4.5,0.667,0.0,1.333,0.167,0.833,2.0,-1.167,0.0,0.0,0.0,,0.0,,2.167,0.0,5.167,45.161,0.0,,0,0.0,0.0,0.0,0.0,,1.667,5.952,0.333,0.167,6.333,6.833,4.833,5.167
Josh Williams,North Melbourne,19,19.55,2,0.75,43.0,57.0,0,0.0,0,0,76.0,6.5,6.5,13.0,73.077,61.538,84.615,50.0,1.5,1.0,168.5,12.962,3.0,4.333,4.0,3.25,1.0,12.5,13.5,7.407,2.0,1.0,0.5,0.0,0.0,0.0,5.0,0.0,0.5,1.0,0.0,0.5,1.0,-0.5,0.0,0.0,0.0,,0.0,,2.0,0.0,0.0,,0.0,,1,0.5,1.0,1.5,0.0,33.333,3.0,12.766,1.5,1.5,0.0,10.5,6.0,0.0
Jack Trengove,Melbourne,26,26.32,2,1.6,37.0,48.5,0,0.0,0,0,70.5,8.5,6.0,14.5,79.31,70.588,91.667,58.621,2.5,1.0,199.0,13.724,2.0,7.25,2.0,7.25,1.5,11.0,12.5,12.0,2.5,1.5,0.0,0.0,0.5,0.5,2.0,0.0,0.0,0.0,0.0,0.0,1.0,-1.0,0.0,0.0,0.0,,0.0,,2.0,0.5,0.0,,0.0,,0,0.0,0.0,0.0,0.0,,1.5,6.667,0.5,0.5,0.5,8.0,4.0,0.0
Conor Glass,Hawthorn,20,20.25,6,7.033,55.167,53.0,0,0.0,0,0,75.333,7.5,5.167,12.667,84.211,77.778,93.548,59.211,1.167,1.167,103.5,8.171,1.0,12.667,1.5,8.444,4.0,8.5,12.5,32.0,4.333,2.333,0.0,0.0,0.333,0.333,3.333,0.333,0.167,1.167,0.167,0.333,0.5,-0.167,0.0,0.0,0.0,,0.0,,2.833,0.0,1.167,14.286,0.0,,0,0.0,0.0,0.167,0.0,0.0,1.833,8.088,0.5,0.167,2.5,13.333,9.667,1.167
Rupert Wills,Collingwood,24,24.61,1,6.3,51.0,64.0,0,0.0,0,0,74.0,7.0,8.0,15.0,73.333,57.143,87.5,46.667,3.0,0.0,172.0,11.467,3.0,5.0,2.0,7.5,5.0,10.0,15.0,33.333,0.0,4.0,0.0,1.0,3.0,4.0,2.0,0.0,0.0,0.0,0.0,0.0,0.0,0.0,3.0,3.488,0.0,0.0,0.0,,5.0,0.0,0.0,,0.0,,0,0.0,1.0,1.0,0.0,0.0,3.0,10.714,0.0,0.0,0.0,19.0,13.0,0.0
Dawson Simpson,Greater Western Sydney,28,28.86,2,8.4,88.0,78.5,3,1.5,1,0,75.5,2.5,4.0,6.5,84.615,60.0,100.0,38.462,0.5,1.0,50.5,7.769,2.0,3.25,0.0,,3.5,3.5,7.0,50.0,0.5,2.0,0.0,0.5,1.0,1.5,2.5,0.5,0.0,0.0,0.0,0.5,2.0,-1.5,70.0,76.503,38.5,55.0,13.0,33.766,5.5,0.0,0.5,0.0,0.0,,0,0.0,0.5,0.5,0.0,0.0,5.0,17.241,4.5,0.0,2.0,19.5,13.0,0.5
Brandon White,St Kilda,20,20.96,3,8.833,58.667,52.667,0,0.0,0,0,63.0,9.333,3.667,13.0,84.615,78.571,100.0,71.795,1.667,3.0,227.0,17.462,1.667,7.8,1.667,7.8,3.667,9.667,13.333,27.5,5.333,1.667,0.0,0.0,0.333,0.333,4.0,1.0,0.0,2.333,0.0,1.0,0.333,0.667,0.0,0.0,0.0,,0.0,,1.333,0.0,1.333,0.0,0.0,,0,0.0,0.0,0.333,0.0,0.0,2.0,8.451,0.667,0.0,3.0,9.0,4.667,2.333
Paul Seedsman,Adelaide,25,25.93,5,11.24,79.8,77.4,0,0.0,0,0,75.0,10.2,7.2,17.4,83.908,80.392,88.889,58.621,3.8,1.6,386.2,22.195,1.6,10.875,2.6,6.692,4.6,13.4,18.0,25.556,2.4,3.0,0.2,0.2,1.0,1.2,4.4,0.2,0.6,0.4,0.2,0.4,0.8,-0.4,0.0,0.0,0.0,,0.0,,3.6,0.4,0.2,0.0,0.2,0.0,5,1.0,0.8,1.8,0.2,55.556,4.4,18.487,0.4,0.8,0.6,13.8,7.2,0.4
Jacob Allison,Brisbane,19,19.7,5,7.94,60.6,70.0,0,0.0,0,0,72.0,9.4,8.2,17.6,73.864,65.957,82.927,53.409,2.8,1.0,307.2,17.455,1.2,14.667,3.6,4.889,4.8,13.4,18.2,26.374,2.8,3.8,0.0,0.2,1.0,1.2,5.4,0.0,0.6,0.0,0.8,0.6,0.4,0.2,0.0,0.0,0.0,,0.0,,2.0,0.4,0.0,,0.2,0.0,1,0.2,0.6,1.0,0.2,20.0,3.4,14.655,0.4,0.2,0.8,15.4,9.2,0.8
Brett Deledio,Greater Western Sydney,30,30.7,7,7.914,65.571,64.286,0,0.0,0,0,73.286,7.0,7.0,14.0,75.51,71.429,79.592,50.0,1.714,0.571,144.0,10.286,1.714,8.167,2.143,6.533,5.571,8.571,14.143,39.394,2.714,4.286,1.0,0.143,1.143,1.286,4.143,0.286,0.429,0.571,0.571,0.714,0.714,0.0,0.143,0.146,0.0,0.0,0.0,,3.429,0.714,0.571,25.0,1.143,12.5,5,0.714,0.286,1.143,0.429,62.5,3.714,16.049,1.0,0.143,1.0,9.571,3.714,0.286
Corey Maynard,Melbourne,26,26.23,1,12.2,72.0,78.0,0,0.0,0,0,65.0,5.0,13.0,18.0,77.778,80.0,76.923,27.778,4.0,0.0,107.0,5.944,3.0,6.0,3.0,6.0,10.0,9.0,19.0,52.632,2.0,7.0,0.0,1.0,2.0,3.0,0.0,0.0,0.0,0.0,0.0,3.0,0.0,3.0,0.0,0.0,0.0,,0.0,,7.0,2.0,0.0,,0.0,,1,1.0,0.0,1.0,0.0,100.0,3.0,25.0,0.0,0.0,0.0,26.0,12.0,0.0
Daniel Currie,Gold Coast,28,28.87,2,11.75,85.0,71.5,0,0.0,0,0,81.5,4.0,8.0,12.0,58.333,37.5,68.75,33.333,0.5,0.5,60.0,5.0,3.0,4.0,2.0,6.0,9.5,3.5,13.0,73.077,1.5,6.0,0.0,1.5,1.0,2.5,2.0,1.5,0.5,0.0,0.0,1.0,2.0,-1.0,65.5,74.857,35.5,54.198,9.5,26.761,1.0,0.0,1.0,50.0,1.5,33.333,1,0.5,0.0,0.5,0.5,100.0,4.0,19.512,1.5,0.0,4.5,11.5,4.5,2.5
Jarrad Grant,Gold Coast,28,28.48,1,4.8,64.0,60.0,0,0.0,0,0,77.0,4.0,12.0,16.0,68.75,25.0,83.333,25.0,0.0,1.0,6.0,0.375,1.0,16.0,3.0,5.333,5.0,9.0,14.0,35.714,0.0,4.0,4.0,0.0,0.0,0.0,3.0,0.0,0.0,0.0,0.0,1.0,1.0,0.0,0.0,0.0,0.0,,0.0,,4.0,0.0,0.0,,1.0,0.0,0,0.0,1.0,1.0,0.0,0.0,5.0,29.412,0.0,0.0,0.0,9.0,3.0,0.0
Mitch Hallahan,Gold Coast,25,25.35,3,6.567,74.667,83.0,0,0.0,0,0,72.0,10.667,11.0,21.667,60.0,53.125,66.667,49.231,1.667,2.0,217.667,10.046,2.333,9.286,4.0,5.417,9.667,12.667,22.333,43.284,1.667,6.333,1.333,1.667,3.0,4.667,4.333,0.0,0.333,0.0,0.333,1.0,0.667,0.333,0.333,0.412,0.0,0.0,0.0,,3.667,0.333,0.333,100.0,0.667,0.0,1,0.333,0.333,0.667,0.333,50.0,3.333,29.412,0.667,0.0,0.667,18.0,9.667,0.0
Angus Monfries,Port Adelaide,30,30.94,1,-1.2,7.0,22.0,0,0.0,0,0,70.0,2.0,6.0,8.0,62.5,0.0,83.333,25.0,1.0,0.0,48.0,6.0,1.0,8.0,1.0,8.0,1.0,6.0,7.0,14.286,0.0,1.0,0.0,0.0,1.0,1.0,0.0,0.0,0.0,0.0,0.0,0.0,0.0,0.0,0.0,0.0,0.0,,0.0,,1.0,0.0,0.0,,0.0,,0,0.0,0.0,1.0,0.0,0.0,0.0,0.0,0.0,0.0,0.0,11.0,7.0,0.0
Todd Marshall,Port Adelaide,19,19.23,3,3.933,48.667,48.0,0,0.0,0,0,74.0,5.0,3.667,8.667,61.538,60.0,63.636,57.692,2.0,0.0,137.667,15.885,1.667,5.2,2.333,3.714,3.667,6.0,9.667,37.931,0.0,2.333,1.333,0.0,0.0,0.0,3.333,0.667,0.667,0.0,1.0,0.667,0.333,0.333,0.0,0.0,0.0,,0.0,,3.333,1.333,0.333,100.0,2.333,42.857,1,0.333,0.667,1.667,0.333,20.0,5.0,17.241,0.0,0.0,2.0,16.333,2.333,2.0
Josh Begley,Essendon,19,19.49,3,6.667,51.333,55.333,0,0.0,0,0,80.667,6.333,2.667,9.0,66.667,63.158,75.0,70.37,1.667,0.333,198.0,22.0,1.0,9.0,1.333,6.75,1.667,7.667,9.333,17.857,1.0,0.667,0.333,0.0,0.0,0.0,5.0,0.667,2.333,0.333,0.0,0.333,1.0,-0.667,0.0,0.0,0.0,,0.0,,2.0,0.0,0.0,,0.333,0.0,5,1.667,0.667,2.667,1.333,62.5,5.333,21.918,0.333,0.0,0.0,15.0,3.667,0.0
Harley Bennell,Fremantle,25,25.24,2,9.15,51.5,46.5,0,0.0,0,0,49.5,7.0,2.5,9.5,63.158,57.143,80.0,73.684,2.0,0.0,180.0,18.947,2.0,4.75,1.5,6.333,4.5,5.5,10.0,45.0,1.0,3.5,2.0,0.0,1.0,1.0,2.5,0.5,0.5,0.0,0.5,0.5,1.0,-0.5,0.0,0.0,0.0,,0.0,,1.5,1.0,0.5,0.0,1.0,50.0,3,1.5,0.5,2.0,0.5,75.0,3.5,18.421,1.0,0.0,1.0,15.0,2.5,0.5
Jacob Townsend,Richmond,24,24.53,5,12.34,71.4,65.4,16,8.0,2,1,83.2,6.4,3.4,9.8,73.469,71.875,76.471,65.306,1.4,0.0,170.6,17.408,3.2,3.062,2.8,3.5,4.2,4.8,9.0,46.667,1.0,2.6,1.6,0.2,0.2,0.4,2.8,0.4,1.6,0.4,1.0,1.0,1.6,-0.6,1.0,1.075,0.0,0.0,0.0,,3.8,2.0,0.0,,3.4,23.529,16,3.2,0.4,3.6,0.0,88.889,6.0,21.583,0.8,0.0,2.0,12.0,1.8,1.2
Kayle Kirby,Collingwood,19,19.18,1,0.4,32.0,35.0,0,0.0,0,0,69.0,3.0,1.0,4.0,50.0,33.333,100.0,75.0,0.0,0.0,45.0,11.25,1.0,4.0,1.0,4.0,2.0,2.0,4.0,50.0,1.0,2.0,1.0,0.0,0.0,0.0,2.0,0.0,2.0,0.0,0.0,0.0,1.0,-1.0,0.0,0.0,0.0,,0.0,,5.0,3.0,0.0,,3.0,0.0,0,0.0,1.0,2.0,0.0,0.0,3.0,10.345,0.0,0.0,1.0,16.0,3.0,1.0
Jack Silvagni,Carlton,20,20.03,20,5.93,52.35,57.05,0,0.0,0,0,75.5,7.2,2.85,10.05,64.677,59.722,77.193,71.642,1.7,0.25,176.75,17.587,1.6,6.281,2.15,4.674,3.1,6.85,9.95,31.156,1.25,2.1,1.15,0.05,0.05,0.1,4.5,0.4,1.15,0.2,1.5,0.55,0.35,0.2,0.0,0.0,0.0,,0.0,,2.55,0.9,0.1,0.0,1.7,14.706,19,0.95,0.85,2.1,0.3,45.238,3.4,17.085,0.3,0.3,1.05,12.6,3.7,0.75
Sam Docherty,Carlton,24,24.2,22,10.664,114.727,116.636,39,1.773,6,5,92.909,20.909,6.955,27.864,79.445,76.739,87.582,75.041,1.955,5.727,514.682,18.471,3.091,9.015,5.136,5.425,6.545,19.045,25.591,25.577,6.273,4.818,0.182,0.455,0.682,1.136,9.045,0.5,0.091,1.773,0.091,0.864,0.682,0.182,0.0,0.0,0.0,,0.0,,3.273,0.136,1.864,24.39,0.045,0.0,3,0.136,0.136,0.409,0.364,33.333,4.727,23.963,1.682,1.045,2.545,13.545,8.682,1.955
Patrick Cripps,Carlton,22,22.78,15,13.52,97.733,98.333,17,1.133,5,5,83.467,11.2,13.733,24.933,68.717,58.929,76.699,44.92,3.067,1.533,234.467,9.404,3.267,7.633,4.733,5.268,13.533,11.267,24.8,54.57,2.2,7.6,0.867,2.933,3.8,6.733,4.333,0.733,0.533,0.333,0.4,1.6,1.467,0.133,0.267,0.304,0.0,0.0,0.0,,6.0,0.467,0.133,50.0,1.133,29.412,7,0.467,0.267,0.8,0.2,58.333,4.133,21.088,1.2,0.267,1.2,22.867,11.533,0.467
Jacob Weitering,Carlton,20,20.1,22,8.341,64.364,58.091,0,0.0,0,0,85.636,9.0,4.682,13.682,79.734,78.283,82.524,65.781,1.227,1.909,183.455,13.409,1.955,7.0,2.591,5.281,5.182,8.182,13.364,38.776,4.273,3.682,0.545,0.045,0.182,0.227,5.545,0.727,0.364,1.091,0.636,0.545,0.864,-0.318,0.0,0.0,0.0,,0.0,,1.273,0.318,2.318,31.373,1.5,36.364,7,0.318,0.136,0.545,0.227,58.333,2.182,11.06,0.5,0.409,3.591,7.591,4.0,2.864
Charlie Curnow,Carlton,20,20.9,21,9.714,74.238,71.238,5,0.238,1,0,82.476,9.857,4.286,14.143,77.441,75.845,81.111,69.697,2.762,0.571,247.905,17.529,2.238,6.319,3.048,4.641,6.476,7.762,14.238,45.485,2.19,3.619,1.143,0.095,0.381,0.476,5.667,1.714,1.238,0.619,1.238,1.19,1.095,0.095,1.19,1.383,0.286,24.0,0.048,16.667,2.905,0.714,0.143,33.333,3.571,25.333,20,0.952,0.571,1.714,0.571,55.556,4.714,24.029,0.714,0.048,1.143,10.429,3.476,1.0
Harrison Macreadie,Carlton,19,19.72,8,4.5,38.625,34.625,0,0.0,0,0,76.125,4.375,3.25,7.625,75.41,71.429,80.769,57.377,0.25,1.75,77.625,10.18,1.25,6.1,1.25,6.1,3.0,4.625,7.625,39.344,3.75,2.5,0.25,0.0,0.125,0.125,2.125,0.25,0.0,1.125,0.0,0.25,0.375,-0.125,0.0,0.0,0.0,,0.0,,2.375,0.125,0.75,50.0,0.0,,0,0.0,0.0,0.0,0.0,,1.25,5.917,0.375,0.0,2.625,10.625,7.25,2.375
Daniel Rioli,Richmond,20,20.7,25,8.392,63.16,53.76,3,0.136,1,0,81.32,5.76,5.08,10.84,70.849,64.583,77.953,53.137,2.48,0.08,173.0,15.959,1.84,5.891,1.96,5.531,4.48,6.8,11.28,39.716,1.32,3.0,1.28,0.08,0.32,0.4,2.76,0.36,0.84,0.2,0.52,0.8,0.96,-0.16,0.08,0.091,0.0,0.0,0.0,,3.4,1.32,0.12,33.333,1.4,37.143,25,1.0,0.52,1.8,0.56,55.556,4.64,18.153,0.4,0.28,1.4,17.96,3.84,0.68
Dion Prestia,Richmond,25,25.21,22,10.75,86.773,84.864,26,1.368,5,5,81.045,11.773,11.455,23.227,65.362,50.579,80.556,50.685,3.409,1.455,315.773,13.595,3.136,7.406,3.955,5.874,9.455,13.909,23.364,40.467,2.682,7.5,1.273,1.545,2.455,4.0,2.818,0.045,0.227,0.136,0.091,0.727,0.636,0.091,0.0,0.0,0.0,,0.0,,4.227,0.636,0.136,66.667,0.273,50.0,7,0.318,0.545,1.045,0.545,30.435,5.727,22.067,1.682,0.455,1.409,19.227,9.273,0.227
Kamdyn McIntosh,Richmond,23,23.74,24,7.854,63.458,61.667,0,0.0,0,0,79.208,9.583,5.292,14.875,70.308,65.217,79.528,64.426,2.667,1.875,289.583,19.468,2.375,6.263,2.958,5.028,4.833,9.875,14.708,32.861,3.75,3.833,0.375,0.0,0.417,0.417,3.5,0.417,0.167,0.958,0.125,0.333,0.625,-0.292,0.0,0.0,0.0,,0.0,,3.167,0.25,1.083,23.077,0.417,20.0,2,0.083,0.208,0.542,0.333,15.385,2.917,11.475,0.792,0.708,2.833,12.542,7.583,2.125
Nick Vlastuin,Richmond,23,23.7,16,10.4,80.5,66.875,12,0.923,3,0,77.562,10.188,5.312,15.5,83.065,79.141,90.588,65.726,1.625,4.0,310.375,20.024,2.188,7.086,3.0,5.167,5.625,9.625,15.25,36.885,6.188,4.312,0.375,0.25,0.562,0.812,5.625,0.688,0.25,2.25,0.125,0.625,1.125,-0.5,0.0,0.0,0.0,,0.0,,2.688,0.438,1.375,18.182,0.625,10.0,2,0.125,0.062,0.188,0.562,66.667,3.5,13.429,1.312,0.188,2.625,10.188,6.5,2.375
Toby Nankervis,Richmond,23,23.38,24,12.267,88.125,86.792,9,0.429,3,2,83.125,7.75,7.042,14.792,57.746,46.774,69.822,52.394,2.458,1.375,163.333,11.042,3.333,4.438,2.625,5.635,7.958,6.333,14.292,55.685,3.333,4.917,0.375,1.125,1.792,2.917,3.083,1.0,0.375,1.667,0.125,0.917,1.542,-0.625,62.917,71.361,24.708,39.272,6.792,27.487,4.042,0.458,1.083,11.538,1.125,7.407,11,0.458,0.292,0.833,0.208,55.0,3.917,15.186,2.083,0.0,3.5,15.208,7.458,3.0
Dan Butler,Richmond,21,21.57,23,10.161,59.217,55.522,1,0.05,1,0,81.174,6.913,4.435,11.348,67.433,59.748,79.412,60.92,2.696,0.261,189.435,16.693,2.0,5.674,2.304,4.925,4.478,6.652,11.13,40.234,1.609,3.565,1.478,0.087,0.391,0.478,1.783,0.087,0.783,0.0,0.087,0.913,1.087,-0.174,0.0,0.0,0.0,,0.0,,3.609,1.391,0.0,,0.696,12.5,30,1.304,0.652,2.13,0.783,61.224,4.609,18.027,0.652,0.652,0.217,17.565,5.087,0.13
Scott Pendlebury,Collingwood,29,29.98,16,16.469,106.688,108.875,48,3.0,7,15,82.062,13.562,14.562,28.125,74.667,67.281,81.545,48.222,5.125,1.562,379.875,13.507,2.562,10.976,3.688,7.627,11.25,16.812,28.062,40.089,2.25,6.938,0.875,2.188,3.0,5.188,3.625,0.25,0.188,0.312,0.25,1.25,0.438,0.812,0.312,0.35,0.188,60.0,0.0,0.0,6.438,1.062,0.438,57.143,0.375,0.0,5,0.312,0.438,0.875,1.25,35.714,7.75,30.769,1.688,0.312,2.062,21.062,10.25,0.875
Steele Sidebottom,Collingwood,26,26.99,22,12.664,95.955,105.773,46,2.091,11,14,86.818,15.636,11.636,27.273,72.167,65.988,80.469,57.333,4.136,1.364,345.727,12.677,3.227,8.451,4.727,5.769,8.227,18.727,26.955,30.523,3.0,6.136,1.136,1.091,2.364,3.455,5.227,0.0,0.273,0.273,0.409,0.955,0.909,0.045,0.0,0.0,0.0,,0.0,,4.227,0.455,0.136,33.333,0.545,0.0,16,0.727,0.409,1.455,0.591,50.0,6.727,26.715,1.182,0.955,1.364,20.091,9.545,0.545
Jeremy Howe,Collingwood,27,27.5,21,13.276,94.143,89.952,20,0.952,6,0,92.667,14.0,7.81,21.81,78.603,76.531,82.317,64.192,2.286,4.095,368.81,16.91,2.571,8.481,3.81,5.725,6.857,13.857,20.714,33.103,8.429,4.238,0.0,0.095,0.238,0.333,8.619,2.048,0.048,3.381,0.19,0.381,0.381,0.0,0.0,0.0,0.0,,0.0,,1.571,0.0,2.238,29.787,0.143,0.0,3,0.143,0.095,0.286,0.238,50.0,3.81,14.981,1.81,0.238,4.048,8.286,6.619,3.381
Will Hoskin-Elliott,Collingwood,24,24.32,22,10.445,81.318,84.909,12,0.545,4,4,84.136,11.182,7.227,18.409,74.815,67.886,85.535,60.741,3.5,1.045,297.636,16.168,1.773,10.385,3.091,5.956,6.227,12.909,19.136,32.542,3.045,4.364,0.727,0.273,0.955,1.227,6.5,0.545,0.682,0.727,0.591,0.591,0.364,0.227,0.0,0.0,0.0,,0.0,,3.182,0.5,0.091,50.0,0.727,25.0,18,0.818,0.273,1.182,0.5,69.231,5.227,20.758,0.955,0.318,2.182,13.182,6.455,1.273
Taylor Adams,Collingwood,24,24.27,22,14.491,107.5,114.682,62,2.818,13,14,76.409,14.909,14.591,29.5,70.724,61.89,79.751,50.539,4.227,1.591,362.182,12.277,4.364,6.76,4.545,6.49,11.682,17.909,29.591,39.478,3.227,7.864,0.909,2.227,3.273,5.5,5.045,0.136,0.409,0.182,0.5,1.455,1.364,0.091,0.0,0.0,0.0,,0.0,,6.364,0.455,0.045,100.0,0.091,50.0,9,0.409,0.364,1.0,0.636,40.909,7.273,28.881,2.136,0.545,1.227,21.227,10.182,0.227
Adam Treloar,Collingwood,24,24.81,21,14.667,101.429,107.81,47,2.238,10,11,81.333,13.095,16.81,29.905,68.471,48.364,84.136,43.79,4.524,1.619,348.429,11.651,3.857,7.753,4.667,6.408,11.333,17.667,29.0,39.08,2.048,8.095,1.0,2.381,3.095,5.476,2.571,0.048,0.286,0.048,0.048,0.857,1.095,-0.238,0.143,0.163,0.048,33.333,0.048,100.0,6.333,0.714,0.0,,0.048,0.0,13,0.619,0.524,1.571,0.571,39.394,7.048,27.925,1.0,2.524,0.762,19.619,8.667,0.143
Jack Crisp,Collingwood,24,24.24,22,11.455,82.818,88.273,9,0.409,3,0,83.091,11.318,10.182,21.5,73.996,65.462,83.482,52.643,2.364,2.091,317.545,14.77,2.364,9.096,3.545,6.064,7.0,14.818,21.818,32.083,5.045,5.364,0.273,0.318,1.227,1.545,5.545,0.136,0.182,1.136,0.318,0.682,0.5,0.182,0.0,0.0,0.0,,0.0,,4.045,0.545,0.818,38.889,0.182,0.0,6,0.273,0.318,0.727,0.227,37.5,4.682,18.592,1.591,0.636,1.955,18.591,10.636,1.364
Brodie Grundy,Collingwood,23,23.71,20,13.795,97.25,106.1,18,0.9,5,2,85.6,8.3,10.05,18.35,66.213,52.41,77.612,45.232,2.1,1.4,185.35,10.101,3.7,4.959,3.15,5.825,9.8,8.6,18.4,53.261,2.7,6.1,0.6,0.6,3.45,4.05,3.65,0.85,0.15,0.65,0.2,1.3,1.3,0.0,70.2,80.0,35.7,50.855,9.7,27.171,3.9,0.55,0.65,15.385,1.05,33.333,4,0.2,0.25,0.5,0.25,40.0,5.7,21.965,3.55,0.15,2.25,11.65,5.55,2.0
Darcy Moore,Collingwood,21,21.93,21,7.414,61.476,62.095,1,0.048,1,0,79.524,7.238,3.238,10.476,70.0,65.132,80.882,69.091,2.429,0.333,174.0,16.609,2.381,4.4,2.714,3.86,5.333,5.905,11.238,47.458,1.0,2.571,0.762,0.381,0.143,0.524,5.952,1.81,1.857,0.19,1.762,0.476,1.048,-0.571,9.095,10.241,3.048,33.508,0.857,28.125,1.905,1.0,0.095,0.0,2.857,30.0,25,1.19,0.905,2.238,0.381,53.191,5.19,20.412,0.619,0.0,2.095,9.429,2.143,1.476
Brayden Maynard,Collingwood,21,21.27,22,9.645,71.818,72.227,1,0.045,1,0,83.318,11.636,5.727,17.364,75.131,70.703,84.127,67.016,2.955,2.818,331.636,19.099,2.409,7.208,3.955,4.391,5.136,12.318,17.455,29.427,4.227,3.5,0.045,0.318,0.545,0.864,4.136,0.227,0.045,0.545,0.0,0.727,0.727,0.0,0.0,0.0,0.0,,0.0,,3.273,0.091,0.727,12.5,0.045,0.0,6,0.273,0.182,0.591,0.273,46.154,4.136,16.426,1.045,0.364,2.773,16.091,9.818,1.455
Mason Cox,Collingwood,26,26.8,9,8.444,55.444,61.222,2,0.222,1,0,76.333,4.222,3.556,7.778,65.714,52.632,81.25,54.286,0.333,0.444,81.0,10.414,2.333,3.333,1.778,4.375,4.333,3.111,7.444,58.209,1.0,2.0,0.889,0.333,0.444,0.778,3.222,1.556,1.556,0.556,0.556,0.556,0.778,-0.222,30.556,35.668,16.111,52.727,3.667,22.759,2.556,0.556,0.444,0.0,2.333,23.81,10,1.111,0.556,1.889,0.111,58.824,4.0,17.225,1.222,0.0,2.111,11.778,4.889,1.778
Tom Liberatore,Western Bulldogs,25,25.62,18,11.583,79.056,71.833,0,0.0,0,0,81.167,5.611,11.611,17.222,75.484,59.406,83.254,32.581,1.833,0.778,143.611,8.339,2.222,7.75,1.778,9.688,10.0,7.389,17.389,57.508,2.056,8.0,1.333,1.389,2.667,4.056,2.0,0.167,0.5,0.0,0.333,0.944,1.167,-0.222,0.056,0.063,0.0,0.0,0.0,,6.444,0.722,0.167,66.667,0.556,30.0,7,0.389,0.222,0.667,0.167,58.333,5.111,19.409,1.722,0.0,0.778,24.667,9.889,0.389
Jake Stringer,Western Bulldogs,23,23.68,16,10.381,64.75,57.188,10,0.625,1,3,71.562,7.75,4.625,12.375,63.636,51.613,83.784,62.626,2.812,0.312,234.25,18.929,2.25,5.5,2.188,5.657,5.938,6.875,12.812,46.341,1.562,4.062,1.625,0.562,1.062,1.625,3.0,0.562,1.438,0.25,0.938,0.625,0.938,-0.312,0.188,0.207,0.0,0.0,0.0,,1.812,0.5,0.062,0.0,1.75,17.857,24,1.5,1.625,3.938,0.562,38.095,5.938,24.051,1.0,0.25,1.438,13.125,4.188,0.812
Jason Johannisen,Western Bulldogs,25,25.14,20,11.195,82.0,75.9,36,1.8,7,7,83.15,12.9,8.55,21.45,76.69,72.093,83.626,60.14,3.2,3.85,407.85,19.014,2.5,8.58,4.05,5.296,6.05,14.2,20.25,29.877,4.7,5.4,0.35,0.2,0.8,1.0,2.9,0.15,0.4,0.45,0.05,0.8,0.4,0.4,0.0,0.0,0.0,,0.0,,2.05,0.2,0.7,28.571,0.1,0.0,10,0.5,0.6,1.2,0.55,41.667,5.25,20.916,1.35,1.3,1.85,12.65,7.4,1.05
Lachie Hunter,Western Bulldogs,23,23.04,22,10.709,82.273,89.864,22,1.0,7,2,85.727,13.727,8.864,22.591,71.831,64.238,83.59,60.765,2.909,1.955,344.5,15.249,2.455,9.204,4.091,5.522,6.682,15.5,22.182,30.123,3.591,4.727,0.727,0.318,1.227,1.545,5.227,0.273,0.682,0.273,0.273,0.864,0.364,0.5,0.0,0.0,0.0,,0.0,,2.545,0.364,0.5,45.455,0.591,23.077,18,0.818,0.409,1.409,0.273,58.065,5.364,21.185,1.045,0.5,1.5,15.455,6.682,0.682
Caleb Daniel,Western Bulldogs,21,21.48,20,11.595,79.3,75.3,14,0.7,5,1,81.8,10.5,11.2,21.7,77.88,65.714,89.286,48.387,2.5,1.4,260.3,11.995,1.7,12.765,3.05,7.115,7.1,14.9,22.0,32.273,3.2,6.05,0.35,0.65,1.15,1.8,2.95,0.0,0.05,0.15,0.2,0.6,0.4,0.2,0.0,0.0,0.0,,0.0,,2.85,0.55,0.15,100.0,0.15,33.333,5,0.25,0.25,0.65,0.25,38.462,5.25,21.385,0.75,0.4,1.55,17.3,8.0,0.45
Jack Macrae,Western Bulldogs,23,23.41,22,12.095,106.909,104.0,42,1.909,8,8,85.864,11.818,15.682,27.5,77.19,76.154,77.971,42.975,3.091,1.273,256.818,9.339,1.864,14.756,3.227,8.521,10.909,16.455,27.364,39.867,3.5,7.682,1.136,1.136,2.773,3.909,4.545,0.227,0.227,0.409,0.318,1.591,0.636,0.955,0.045,0.05,0.0,0.0,0.0,,5.773,0.727,0.227,40.0,0.455,40.0,2,0.091,0.227,0.409,0.455,22.222,6.273,24.776,2.045,0.227,1.136,18.773,8.0,0.455
Marcus Bontempelli,Western Bulldogs,22,22.1,22,14.295,105.091,100.227,65,2.955,9,19,86.318,12.955,10.0,22.955,67.525,59.298,78.182,56.436,4.545,1.273,368.818,16.067,3.455,6.645,4.318,5.316,11.773,11.727,23.5,50.097,2.636,7.045,1.318,1.864,2.227,4.091,4.0,0.955,1.045,0.455,0.545,1.455,1.364,0.091,1.455,1.611,0.136,9.375,0.091,66.667,6.273,1.045,0.273,16.667,1.682,37.838,20,0.909,1.318,2.727,0.864,33.333,6.909,27.289,1.227,0.318,2.0,20.864,8.455,1.136
Zaine Cordy,Western Bulldogs,21,21.17,19,9.437,64.474,55.895,6,0.316,2,0,92.474,7.842,4.842,12.684,84.647,79.195,93.478,61.826,1.053,1.632,178.368,14.062,1.158,10.955,1.789,7.088,4.368,8.316,12.684,34.44,5.263,2.789,0.0,0.0,0.158,0.158,4.316,0.368,0.0,1.421,0.105,1.0,0.579,0.421,0.737,0.833,0.158,21.429,0.105,66.667,2.579,0.053,3.0,26.316,0.105,0.0,0,0.0,0.0,0.0,0.105,,2.474,9.419,0.947,0.158,5.737,10.158,6.947,5.211
Jake Melksham,Melbourne,26,26.33,19,9.489,65.105,71.789,2,0.105,1,0,80.316,10.632,6.105,16.737,72.013,64.851,84.483,63.522,3.421,1.316,324.105,19.365,3.105,5.39,3.789,4.417,3.895,12.737,16.632,23.418,2.053,2.737,0.632,0.474,0.632,1.105,4.421,0.158,0.526,0.368,0.263,0.684,1.105,-0.421,0.053,0.057,0.0,0.0,0.0,,2.526,0.737,0.368,71.429,1.263,20.833,21,1.105,0.316,1.526,0.421,72.414,4.842,20.131,0.842,0.316,1.632,13.263,5.632,0.895
Max Gawn,Melbourne,26,26.0,13,11.2,91.615,85.846,12,0.923,4,3,79.462,5.923,6.385,12.308,69.375,55.844,81.928,48.125,2.0,1.0,126.615,10.287,2.846,4.324,1.923,6.4,6.846,6.154,13.0,52.663,2.769,3.308,0.308,0.923,1.846,2.769,3.538,1.692,0.692,1.615,0.231,1.385,1.923,-0.538,67.154,72.993,35.846,53.379,11.615,32.403,2.769,0.692,0.846,27.273,1.308,11.765,4,0.308,0.308,0.769,0.231,40.0,3.846,17.123,2.0,0.0,3.154,9.538,4.615,2.462
Tom McDonald,Melbourne,25,25.28,22,11.945,84.727,79.136,24,1.091,5,9,91.273,10.318,7.318,17.636,76.031,73.128,80.124,58.505,2.091,1.955,254.773,14.446,3.364,5.243,3.591,4.911,6.636,11.091,17.727,37.436,3.682,4.227,0.727,0.409,0.5,0.909,6.318,1.227,0.818,1.091,0.727,0.864,1.455,-0.591,13.318,14.23,2.409,18.089,0.636,26.415,2.273,0.682,1.636,38.889,1.864,24.39,23,1.045,0.318,1.409,0.409,74.194,4.773,20.0,1.045,0.136,5.818,11.364,5.273,5.091
Jack Viney,Melbourne,23,23.71,18,12.494,90.389,90.667,35,1.944,5,9,76.444,8.389,14.667,23.056,68.434,54.967,76.136,36.386,2.722,1.056,259.889,11.272,2.611,8.83,4.111,5.608,11.778,11.667,23.444,50.237,2.056,8.778,0.667,2.611,2.833,5.444,2.444,0.056,0.278,0.333,0.111,1.556,1.0,0.556,0.0,0.0,0.0,,0.0,,7.0,0.889,0.056,0.0,0.278,40.0,6,0.333,0.278,0.722,0.111,46.154,3.833,15.753,1.222,0.056,1.333,21.5,9.611,0.333
Jesse Hogan,Melbourne,22,22.88,10,9.34,69.7,70.8,11,1.1,2,3,80.5,9.1,5.1,14.2,66.901,63.736,72.549,64.085,2.6,0.2,214.1,15.077,1.9,7.474,2.9,4.897,5.5,8.7,14.2,38.732,1.2,3.6,1.4,0.1,0.2,0.3,5.1,1.0,2.1,0.2,1.2,0.9,0.5,0.4,0.0,0.0,0.0,,0.0,,1.5,0.6,0.0,,4.5,24.444,20,2.0,0.6,2.8,0.6,71.429,5.4,24.107,0.4,0.1,0.9,7.9,1.8,0.7
Christian Salem,Melbourne,22,22.46,16,9.569,79.5,85.25,17,1.062,3,3,81.375,13.688,7.75,21.438,78.426,75.342,83.871,63.848,1.625,3.812,342.0,15.953,2.375,9.026,3.75,5.717,4.938,14.5,19.438,25.402,4.188,3.812,0.25,0.375,0.625,1.0,4.562,0.188,0.188,0.812,0.0,0.938,0.438,0.5,0.0,0.0,0.0,,0.0,,3.375,0.125,0.625,10.0,0.188,33.333,5,0.312,0.0,0.438,0.25,71.429,4.5,18.557,1.375,0.125,1.188,14.625,9.125,0.75
Alex Neal-Bullen,Melbourne,21,21.97,19,9.995,75.474,81.053,0,0.0,0,0,80.684,10.737,8.158,18.895,63.51,55.882,73.548,56.825,3.421,0.947,259.316,13.724,2.789,6.774,4.053,4.662,6.684,11.947,18.632,35.876,2.0,5.421,1.158,0.632,1.105,1.737,3.211,0.158,0.684,0.0,0.632,0.474,0.368,0.105,0.0,0.0,0.0,,0.0,,4.579,0.632,0.0,,0.316,0.0,15,0.789,0.474,1.579,0.947,50.0,5.474,22.757,0.789,0.158,1.0,20.737,7.579,0.316
Christian Petracca,Melbourne,21,21.98,22,13.723,78.818,71.045,27,1.227,6,2,80.545,8.227,10.591,18.818,68.599,56.906,77.682,43.72,3.227,0.5,241.227,12.819,2.909,6.469,3.455,5.447,10.727,8.545,19.273,55.66,2.364,8.227,2.227,0.955,1.591,2.545,3.273,0.818,1.0,0.182,0.545,0.5,0.773,-0.273,0.0,0.0,0.0,,0.0,,2.455,0.727,0.0,,1.5,45.455,26,1.182,0.273,1.727,0.864,68.421,5.682,23.81,1.5,0.045,0.955,13.227,3.318,0.455
Oscar McDonald,Melbourne,21,21.78,20,9.995,69.75,61.25,3,0.15,1,1,92.15,9.6,5.8,15.4,79.221,73.958,87.931,62.338,0.95,2.7,231.1,15.006,2.0,7.7,2.65,5.811,5.05,10.3,15.35,32.899,6.5,3.75,0.1,0.1,0.35,0.45,5.4,0.45,0.0,2.05,0.0,0.65,0.8,-0.15,0.0,0.0,0.0,,0.0,,1.6,0.0,2.7,27.778,0.0,,0,0.0,0.0,0.0,0.0,,1.75,7.353,0.8,0.0,8.0,7.3,5.7,7.45
Jayden Hunt,Melbourne,22,22.74,22,11.755,70.864,72.455,12,0.545,3,0,84.409,11.545,6.455,18.0,68.182,64.173,75.352,64.141,3.864,2.636,435.955,24.22,3.182,5.657,4.773,3.771,5.091,12.636,17.727,28.718,4.409,4.045,0.364,0.273,0.545,0.818,3.864,0.227,0.136,0.909,0.273,0.682,0.682,0.0,0.0,0.0,0.0,,0.0,,3.136,0.136,1.409,41.935,0.455,20.0,7,0.318,0.227,0.636,0.318,50.0,3.864,16.19,1.227,1.955,3.455,13.182,7.955,3.0
Clayton Oliver,Melbourne,20,20.44,22,14.036,111.455,101.591,71,3.227,14,12,77.136,8.045,21.909,29.955,77.086,69.492,79.876,26.859,2.955,1.545,194.0,6.476,3.455,8.671,3.682,8.136,15.636,14.727,30.364,51.497,3.545,12.545,1.818,2.455,4.136,6.591,3.091,0.182,0.091,0.364,0.091,0.909,1.818,-0.909,0.227,0.243,0.045,20.0,0.0,0.0,6.909,0.864,0.091,50.0,0.0,,4,0.182,0.136,0.455,0.636,40.0,5.545,23.238,2.182,0.0,0.864,22.455,10.591,0.182
Jimmy Webster,St Kilda,24,24.5,18,9.283,71.111,66.833,8,0.444,3,0,79.111,11.167,7.611,18.778,74.556,66.169,86.861,59.467,1.556,3.611,309.0,16.456,1.889,9.941,3.556,5.281,4.833,13.333,18.167,26.606,5.444,3.722,0.056,0.056,0.389,0.444,3.611,0.222,0.0,1.0,0.0,0.667,0.278,0.389,0.0,0.0,0.0,,0.0,,1.778,0.0,1.667,20.0,0.0,,1,0.056,0.0,0.111,0.278,50.0,3.667,13.693,1.444,0.722,2.722,11.389,8.0,2.278
Tim Membrey,St Kilda,23,23.6,20,10.74,74.65,72.3,11,0.55,5,2,86.2,9.25,3.7,12.95,74.903,70.27,86.486,71.429,2.45,0.15,210.1,16.224,1.65,7.848,2.35,5.511,5.4,7.75,13.15,41.065,1.5,2.7,1.0,0.1,0.05,0.15,6.5,1.7,2.2,0.6,2.05,0.85,0.45,0.4,0.05,0.059,0.05,100.0,0.0,0.0,1.5,0.8,0.1,0.0,3.25,21.538,38,1.9,0.7,2.75,0.45,69.091,6.3,23.596,0.75,0.15,1.65,9.9,2.55,1.35
Jack Steele,St Kilda,22,22.04,20,12.425,91.1,92.8,14,0.7,2,3,75.6,7.6,14.45,22.05,75.283,59.868,83.391,34.467,2.2,1.2,187.4,8.499,3.0,7.35,3.4,6.485,10.5,12.15,22.65,46.358,3.0,7.8,0.75,1.15,2.65,3.8,3.25,0.45,0.35,0.35,0.15,0.85,1.1,-0.25,0.0,0.0,0.0,,0.0,,7.9,1.5,0.1,100.0,0.25,0.0,6,0.3,0.4,0.75,0.25,40.0,4.5,17.717,0.95,0.0,1.45,25.6,11.15,0.55
Jack Billings,St Kilda,22,22.36,22,11.195,92.682,94.591,34,1.545,6,11,84.909,11.545,11.545,23.091,70.669,61.024,80.315,50.0,3.955,1.136,297.864,12.9,2.227,10.367,4.136,5.582,7.5,15.727,23.227,32.29,2.545,6.0,1.818,0.136,1.273,1.409,5.545,0.5,1.409,0.273,0.773,0.727,0.318,0.409,0.0,0.0,0.0,,0.0,,3.136,1.227,0.091,0.0,0.727,31.25,23,1.045,1.636,3.045,1.0,34.328,7.455,28.772,1.0,0.364,1.0,17.182,6.045,0.727
Jade Gresham,St Kilda,20,20.35,22,10.182,66.318,65.364,5,0.227,3,0,79.091,8.909,5.409,14.318,67.302,57.143,84.034,62.222,3.318,0.5,241.227,16.848,2.136,6.702,2.727,5.25,6.136,8.409,14.545,42.188,1.636,4.727,2.273,0.318,1.136,1.455,3.364,0.273,0.909,0.227,0.318,0.636,0.818,-0.182,0.0,0.0,0.0,,0.0,,2.5,0.818,0.091,50.0,0.864,21.053,30,1.364,1.364,2.818,0.818,48.387,5.864,22.632,1.091,1.0,0.727,13.318,3.409,0.409
Travis Boak,Port Adelaide,29,29.41,22,11.295,85.5,91.636,29,1.381,7,10,79.909,10.318,12.182,22.5,71.313,58.15,82.463,45.859,3.182,1.182,245.591,10.915,3.091,7.279,3.864,5.824,8.0,14.318,22.318,35.845,2.636,6.455,1.864,0.5,2.364,2.864,4.773,0.273,0.5,0.182,0.5,0.409,0.727,-0.318,0.0,0.0,0.0,,0.0,,4.5,0.955,0.091,0.0,0.409,33.333,19,0.864,0.591,1.864,0.682,46.341,5.909,22.071,1.227,0.136,0.818,20.5,7.773,0.273
Ollie Wines,Port Adelaide,23,23.23,23,14.009,99.739,99.87,49,2.227,11,18,77.13,12.348,14.957,27.304,65.127,51.408,76.453,45.223,4.217,0.913,367.348,13.454,3.783,7.218,4.217,6.474,13.783,12.957,26.739,51.545,3.174,8.87,1.565,2.261,3.783,6.043,3.435,0.739,0.522,0.348,0.304,1.304,1.217,0.087,0.13,0.138,0.0,0.0,0.0,,5.087,0.478,0.13,0.0,0.652,60.0,15,0.652,0.696,1.565,0.652,41.667,6.87,25.119,2.174,0.174,1.348,19.87,8.957,0.609
Karl Amon,Port Adelaide,22,22.36,14,9.129,67.786,72.286,0,0.0,0,0,71.5,10.929,7.786,18.714,71.374,64.052,81.651,58.397,2.929,2.143,341.857,18.267,2.714,6.895,3.714,5.038,5.929,12.929,18.857,31.439,2.786,4.571,0.786,0.143,1.286,1.429,4.143,0.143,0.214,0.214,0.286,0.571,0.429,0.143,0.0,0.0,0.0,,0.0,,2.429,0.714,0.643,44.444,0.571,62.5,5,0.357,0.357,0.714,0.357,50.0,4.143,15.104,0.857,0.5,1.0,11.714,5.714,0.643
Darcy Byrne-Jones,Port Adelaide,22,22.27,23,7.904,66.435,66.739,8,0.364,3,1,84.0,10.391,5.826,16.217,73.458,67.364,84.328,64.075,2.13,2.0,243.478,15.013,2.304,7.038,3.478,4.662,6.217,10.261,16.478,37.731,6.13,4.522,0.261,0.261,0.609,0.87,4.043,0.348,0.043,1.435,0.13,1.0,0.304,0.696,0.0,0.0,0.0,,0.0,,2.826,0.087,1.13,26.923,0.0,,1,0.043,0.13,0.174,0.087,25.0,2.565,9.38,1.0,0.304,2.304,13.652,9.391,1.739
Sam Powell-Pepper,Port Adelaide,19,19.97,22,9.355,65.409,71.182,9,0.429,3,1,67.591,8.273,8.773,17.045,66.4,54.945,77.202,48.533,3.0,1.0,236.273,13.861,4.273,3.989,3.409,5.0,8.409,8.818,17.227,48.813,2.682,6.545,1.136,1.227,1.636,2.864,2.591,0.273,0.455,0.318,0.227,1.182,1.955,-0.773,0.0,0.0,0.0,,0.0,,5.182,0.818,0.182,0.0,0.136,33.333,16,0.727,0.636,1.909,0.227,38.095,4.136,15.141,1.182,0.273,0.909,22.136,9.864,0.318
Dan Houston,Port Adelaide,20,20.63,17,6.871,73.647,72.706,1,0.062,1,0,80.118,10.294,5.941,16.235,81.884,79.429,86.139,63.406,1.412,3.412,221.059,13.616,1.647,9.857,2.765,5.872,4.235,11.412,15.647,27.068,5.412,3.353,0.176,0.118,0.118,0.235,5.941,0.294,0.0,1.824,0.176,0.588,0.529,0.059,0.0,0.0,0.0,,0.0,,3.059,0.059,1.118,36.842,0.0,,2,0.118,0.176,0.294,0.0,40.0,3.118,10.772,1.471,0.059,2.765,9.353,6.412,2.118
Dane Rampe,Sydney,27,27.58,17,8.724,73.941,64.294,21,1.4,4,2,91.824,9.706,6.882,16.588,83.333,80.606,87.179,58.511,1.118,4.118,284.647,17.16,2.294,7.231,2.412,6.878,4.647,11.235,15.882,29.259,6.235,3.765,0.059,0.0,0.294,0.294,5.824,0.294,0.059,1.765,0.0,0.235,1.294,-1.059,0.0,0.0,0.0,,0.0,,1.882,0.0,4.059,27.536,0.0,,0,0.0,0.059,0.118,0.118,0.0,2.118,8.163,0.882,0.235,4.471,8.529,6.471,4.118
Luke Parker,Sydney,25,25.18,24,13.3,98.625,96.667,54,2.455,10,16,86.0,12.667,12.667,25.333,65.789,52.961,78.618,50.0,3.708,1.167,306.833,12.112,4.417,5.736,4.292,5.903,13.208,12.125,25.333,52.138,2.417,8.083,1.375,2.5,3.792,6.292,3.542,0.75,0.667,0.5,0.292,1.792,1.875,-0.083,0.875,0.98,0.0,0.0,0.0,,5.583,1.25,0.167,0.0,1.042,40.0,14,0.583,0.708,1.5,0.583,38.889,7.0,27.632,2.417,0.042,1.667,20.917,8.958,0.667
Harry Cunningham,Sydney,24,24.06,11,7.691,58.636,61.818,0,0.0,0,0,77.727,7.545,6.636,14.182,73.718,62.651,86.301,53.205,2.182,1.273,206.909,14.59,1.909,7.429,2.545,5.571,4.545,9.545,14.091,32.258,2.273,3.545,0.818,0.091,0.455,0.545,2.909,0.182,0.364,0.455,0.364,0.727,0.545,0.182,0.0,0.0,0.0,,0.0,,3.818,1.273,0.545,33.333,0.727,12.5,5,0.455,0.091,0.727,0.364,62.5,3.182,13.158,0.455,1.091,1.0,15.364,6.0,0.636
George Hewett,Sydney,22,22.0,24,8.642,73.583,75.917,3,0.136,1,0,76.375,8.292,10.417,18.708,71.047,61.307,78.8,44.321,2.292,0.542,162.125,8.666,2.917,6.414,3.5,5.345,9.417,9.625,19.042,49.453,2.25,7.333,1.458,1.333,1.875,3.208,3.583,0.208,0.625,0.208,0.625,0.917,1.042,-0.125,0.125,0.14,0.0,0.0,0.0,,4.792,0.917,0.125,0.0,0.833,25.0,9,0.375,0.25,0.917,0.292,40.909,4.542,17.928,1.5,0.042,0.542,18.417,8.0,0.25
Jake Lloyd,Sydney,24,24.27,23,9.409,87.348,92.087,18,0.857,5,2,85.696,16.087,9.87,25.957,78.894,69.73,93.833,61.977,2.304,4.043,435.13,16.764,2.652,9.787,4.043,6.419,5.174,19.522,24.696,20.951,4.652,4.391,0.217,0.391,0.739,1.13,5.913,0.13,0.304,0.913,0.0,0.522,0.609,-0.087,0.0,0.0,0.0,,0.0,,1.478,0.087,1.043,37.5,0.13,66.667,6,0.261,0.174,0.478,0.217,54.545,5.13,20.102,1.391,0.304,1.261,10.391,6.87,0.739
Harrison Marsh,Sydney,23,23.96,9,6.178,54.667,53.778,0,0.0,0,0,85.333,8.0,7.111,15.111,76.471,69.444,84.375,52.941,1.778,2.556,261.556,17.309,1.667,9.067,3.444,4.387,4.333,10.778,15.111,28.676,5.333,3.444,0.0,0.0,0.0,0.0,3.889,0.444,0.111,1.667,0.0,0.556,0.444,0.111,0.0,0.0,0.0,,0.0,,1.111,0.111,2.556,26.087,0.0,,0,0.0,0.222,0.222,0.111,0.0,2.444,10.28,1.111,0.444,2.0,9.111,7.222,1.778
Zak Jones,Sydney,22,22.79,23,9.965,82.522,79.13,17,0.81,4,2,83.957,11.13,8.783,19.913,76.201,71.484,82.178,55.895,3.348,2.957,355.87,17.871,3.435,5.797,4.0,4.978,6.0,14.174,20.174,29.741,3.0,4.391,0.652,0.348,1.348,1.696,4.739,0.348,0.261,0.652,0.348,1.0,1.217,-0.217,0.0,0.0,0.0,,0.0,,3.435,0.304,0.565,30.769,0.304,14.286,10,0.435,0.261,0.783,0.652,55.556,4.826,19.237,1.087,0.957,1.826,14.739,7.609,1.565
Callum Mills,Sydney,20,20.74,24,9.329,73.333,69.875,1,0.045,1,0,80.958,11.125,6.167,17.292,80.241,77.528,85.135,64.337,1.917,2.792,295.0,17.06,2.0,8.646,3.333,5.188,4.958,11.917,16.875,29.383,5.625,3.25,0.125,0.292,0.5,0.792,5.042,0.917,0.042,1.958,0.0,0.75,0.625,0.125,0.0,0.0,0.0,,0.0,,2.458,0.167,1.875,33.333,0.125,0.0,1,0.042,0.083,0.167,0.083,25.0,3.0,11.842,1.083,0.0,2.417,8.292,5.042,2.083
Oliver Florent,Sydney,19,19.44,9,7.656,44.778,39.889,0,0.0,0,0,75.444,5.556,4.222,9.778,68.182,64.0,73.684,56.818,1.889,0.222,157.889,16.148,1.556,6.286,2.667,3.667,4.556,5.444,10.0,45.556,1.889,3.778,1.0,0.0,0.889,0.889,1.667,0.111,0.222,0.222,0.333,0.556,0.667,-0.111,0.0,0.0,0.0,,0.0,,2.111,0.444,0.222,0.0,1.0,11.111,4,0.444,0.111,0.778,0.778,57.143,2.889,11.207,0.778,0.222,0.889,15.333,6.667,0.111
Dayne Zorko,Brisbane,28,28.89,21,16.414,110.762,114.286,68,3.238,11,14,83.905,16.238,8.81,25.048,64.449,58.944,74.595,64.829,4.952,2.095,505.667,20.188,4.381,5.717,5.048,4.962,10.429,14.476,24.905,41.874,2.381,6.286,1.429,1.952,3.381,5.333,3.762,0.333,0.524,0.19,0.429,1.81,1.381,0.429,0.048,0.053,0.0,0.0,0.0,,7.0,1.381,0.048,0.0,0.81,17.647,34,1.619,1.286,3.286,0.619,49.275,7.905,34.44,1.857,0.619,1.143,26.81,13.143,0.333
Ryan Lester,Brisbane,25,25.34,22,10.455,78.955,72.455,6,0.273,2,1,81.955,9.0,7.227,16.227,82.353,76.768,89.308,55.462,1.409,1.5,177.682,10.95,1.545,10.5,1.864,8.707,6.0,10.455,16.455,36.464,2.909,4.227,0.909,0.364,0.818,1.182,5.318,0.636,0.727,0.773,0.455,0.773,0.455,0.318,0.0,0.0,0.0,,0.0,,2.864,0.636,0.318,42.857,1.318,27.586,14,0.636,0.364,1.136,0.773,56.0,4.318,19.115,0.955,0.136,1.636,14.091,7.773,1.0
Darcy Gardiner,Brisbane,22,22.27,19,7.884,58.947,54.579,1,0.053,1,0,79.211,7.053,5.789,12.842,79.508,70.896,90.0,54.918,0.789,2.474,160.526,12.5,2.316,5.545,1.632,7.871,3.895,9.053,12.947,30.081,4.737,2.789,0.0,0.105,0.105,0.211,4.684,0.316,0.105,1.368,0.0,0.526,0.789,-0.263,0.0,0.0,0.0,,0.0,,2.316,0.0,2.421,36.957,0.053,100.0,1,0.053,0.053,0.105,0.105,50.0,2.263,9.931,0.842,0.105,6.053,7.947,6.684,5.105
Daniel McStay,Brisbane,22,22.52,19,9.221,60.684,50.632,5,0.263,2,0,84.053,6.263,5.421,11.684,74.775,67.227,83.495,53.604,0.789,2.053,166.737,14.27,1.895,6.167,1.947,6.0,4.421,7.316,11.737,37.668,5.474,2.789,0.105,0.0,0.158,0.158,5.0,0.947,0.158,2.211,0.211,0.579,0.632,-0.053,0.0,0.0,0.0,,0.0,,1.737,0.053,3.053,32.759,0.211,25.0,1,0.053,0.053,0.105,0.158,50.0,2.316,10.069,0.842,0.0,5.632,9.474,7.632,5.105
Ben Keays,Brisbane,20,20.85,10,8.17,68.8,63.5,0,0.0,0,0,79.3,7.0,8.1,15.1,74.834,58.571,88.889,46.358,2.0,0.7,148.1,9.808,2.6,5.808,3.5,4.314,6.5,8.8,15.3,42.484,2.5,5.7,0.8,0.5,0.7,1.2,3.0,0.1,0.6,0.0,0.5,0.3,1.1,-0.8,0.0,0.0,0.0,,0.0,,4.1,0.6,0.2,0.0,0.7,14.286,6,0.6,0.3,1.1,0.4,54.545,4.1,19.712,0.7,0.0,0.9,16.1,7.7,0.6
Eric Hipwood,Brisbane,20,20.29,20,6.79,48.95,45.65,8,0.4,1,2,82.25,6.2,2.4,8.6,61.628,56.452,75.0,72.093,1.9,0.2,166.7,19.384,2.55,3.373,2.65,3.245,4.05,4.4,8.45,47.929,0.9,2.1,0.75,0.0,0.1,0.1,2.95,1.1,1.15,0.0,0.9,0.8,0.75,0.05,0.35,0.39,0.05,14.286,0.0,0.0,1.25,0.65,0.1,0.0,4.75,30.526,30,1.5,0.8,2.75,0.55,54.545,4.0,17.467,0.4,0.2,1.3,6.85,1.7,0.95
Harris Andrews,Brisbane,21,21.05,22,10.8,69.136,54.5,7,0.318,3,0,95.273,7.727,5.273,13.0,83.217,78.824,89.655,59.441,0.273,2.273,167.955,12.92,2.273,5.72,2.136,6.085,4.773,8.591,13.364,35.714,5.682,2.455,0.0,0.045,0.136,0.182,6.273,1.5,0.045,2.455,0.045,0.636,1.091,-0.455,0.182,0.201,0.045,25.0,0.0,0.0,1.0,0.045,4.318,21.053,0.136,66.667,2,0.091,0.0,0.091,0.045,100.0,2.091,9.256,0.682,0.136,7.818,7.409,6.5,6.636
Steven May,Gold Coast,25,25.97,18,10.85,84.056,77.389,18,1.0,5,2,86.889,13.0,6.278,19.278,79.827,77.778,84.071,67.435,1.0,3.944,331.889,17.216,2.611,7.383,4.333,4.449,5.167,11.889,17.056,30.293,7.056,3.167,0.0,0.0,0.278,0.278,7.056,1.0,0.0,2.667,0.111,0.889,0.667,0.222,0.0,0.0,0.0,,0.0,,1.333,0.0,4.0,22.222,0.222,25.0,1,0.056,0.111,0.167,0.0,33.333,3.278,14.937,1.5,0.667,5.889,6.944,5.722,5.389
Jarrod Witts,Gold Coast,25,25.29,18,13.967,94.278,92.333,7,0.389,2,1,86.833,6.222,7.111,13.333,70.833,57.143,82.812,46.667,1.889,1.333,165.833,12.438,2.111,6.316,2.389,5.581,7.111,6.0,13.111,54.237,1.889,4.667,0.167,1.333,2.222,3.556,2.556,0.444,0.333,0.278,0.278,1.444,0.889,0.556,73.889,84.984,37.889,51.278,11.611,30.645,3.556,0.5,0.833,26.667,0.722,7.692,2,0.111,0.222,0.333,0.222,33.333,4.278,18.644,2.889,0.0,3.056,12.556,6.167,2.556
Jarryd Lyons,Gold Coast,25,25.44,18,13.583,89.833,94.5,22,1.222,4,6,72.389,12.556,12.111,24.667,67.793,53.54,82.569,50.901,3.667,1.167,278.611,11.295,3.111,7.929,4.556,5.415,12.556,11.833,24.389,51.481,2.833,8.5,1.0,3.056,2.778,5.833,3.722,0.333,0.444,0.278,0.111,0.5,0.5,0.0,0.0,0.0,0.0,,0.0,,4.667,0.722,0.111,0.0,0.611,63.636,10,0.556,0.444,1.222,0.556,45.455,4.944,21.655,1.056,0.111,1.056,19.5,9.444,0.611
Tom Lynch,Gold Coast,25,25.16,19,12.237,85.053,80.316,25,1.316,5,4,97.895,9.632,5.579,15.211,69.896,63.934,80.189,63.322,2.421,0.316,214.842,14.125,2.789,5.453,3.158,4.817,6.737,8.684,15.421,43.686,1.421,3.737,1.895,0.053,0.053,0.105,6.316,1.421,2.158,0.421,2.211,1.474,1.0,0.474,0.789,0.908,0.105,13.333,0.0,0.0,1.895,0.842,0.0,,6.421,32.787,44,2.316,1.263,4.053,0.842,57.143,7.0,30.93,0.684,0.211,2.158,10.737,2.421,1.895
Sean Lemmens,Gold Coast,23,23.16,20,6.195,51.6,52.75,0,0.0,0,0,81.35,6.2,6.1,12.3,69.919,56.452,83.607,50.407,1.3,1.05,165.15,13.427,1.9,6.474,2.35,5.234,5.05,7.75,12.8,39.453,2.3,3.55,1.2,0.05,0.2,0.25,2.4,0.2,0.55,0.2,0.4,1.2,0.6,0.6,0.0,0.0,0.0,,0.0,,3.0,0.6,0.65,30.769,0.95,15.789,9,0.45,0.65,1.4,0.25,32.143,3.6,15.859,0.25,0.35,1.6,11.35,4.65,1.25
Alex Sexton,Gold Coast,24,24.07,20,8.225,60.45,62.0,0,0.0,0,0,80.95,9.9,5.8,15.7,74.204,67.172,86.207,63.057,3.35,1.45,315.7,20.108,2.75,5.709,3.85,4.078,4.25,11.75,16.0,26.562,2.45,3.25,0.5,0.2,0.75,0.95,4.65,0.25,0.2,0.2,0.4,0.35,1.05,-0.7,0.0,0.0,0.0,,0.0,,1.4,0.1,0.6,25.0,0.55,18.182,12,0.6,0.35,1.1,0.5,54.545,4.4,19.383,0.75,0.7,1.8,11.95,5.85,1.25
Adam Saad,Gold Coast,23,23.44,22,11.709,72.727,60.864,0,0.0,0,1,80.636,8.818,7.773,16.591,82.466,76.289,89.474,53.151,2.318,3.0,327.364,19.732,1.955,8.488,2.727,6.083,4.545,12.0,16.545,27.473,4.455,3.273,0.091,0.136,0.273,0.409,3.545,0.364,0.091,0.773,0.0,0.591,0.773,-0.182,0.0,0.0,0.0,,0.0,,2.273,0.045,1.636,33.333,0.0,,2,0.091,0.318,0.455,0.409,20.0,3.682,17.197,1.045,4.227,3.409,10.273,6.818,2.818
Jack Martin,Gold Coast,22,22.92,22,9.732,81.455,83.045,12,0.545,4,0,82.318,11.909,6.727,18.636,73.902,69.466,81.757,63.902,1.909,1.5,254.318,13.646,3.273,5.694,3.227,5.775,6.682,12.273,18.955,35.252,1.409,4.409,1.773,0.545,0.864,1.409,6.318,0.864,0.864,0.455,1.0,0.955,1.273,-0.318,0.091,0.105,0.0,0.0,0.0,,2.682,0.864,0.227,40.0,1.5,27.273,24,1.091,0.5,1.682,0.636,64.865,4.909,22.93,0.455,0.273,0.864,12.0,4.227,0.455
Touk Miller,Gold Coast,21,21.85,20,9.07,76.25,77.95,7,0.35,2,0,81.35,6.75,14.1,20.85,70.504,62.963,74.113,32.374,1.6,1.2,164.65,7.897,2.35,8.872,2.2,9.477,8.8,12.45,21.25,41.412,1.55,6.55,1.1,1.3,1.6,2.9,3.35,0.1,0.3,0.05,0.2,0.7,0.55,0.15,0.0,0.0,0.0,,0.0,,4.5,0.75,0.15,33.333,0.25,40.0,7,0.35,0.3,0.7,0.2,50.0,4.4,20.804,1.2,0.0,1.7,16.25,7.5,0.35
Peter Wright,Gold Coast,21,21.31,22,9.805,69.682,69.545,0,0.0,0,0,88.0,7.227,5.318,12.545,74.275,71.069,78.632,57.609,2.182,0.364,167.909,13.384,1.682,7.459,1.864,6.732,5.455,7.636,13.091,41.667,1.227,2.545,0.682,0.318,0.409,0.727,5.5,1.273,1.909,0.227,1.045,1.0,0.364,0.636,13.682,15.876,5.136,37.542,1.545,30.088,1.591,0.636,0.136,33.333,3.182,22.857,31,1.409,0.864,2.455,0.364,57.407,4.682,21.868,0.818,0.0,2.545,10.318,3.545,1.5
Callum Ah Chee,Gold Coast,20,20.22,14,6.15,53.286,51.286,0,0.0,0,0,71.929,6.143,5.286,11.429,71.25,65.116,78.378,53.75,1.714,0.571,130.214,11.394,2.714,4.211,2.571,4.444,5.214,6.857,12.071,43.195,1.5,3.571,1.214,0.071,0.357,0.429,2.429,0.286,0.857,0.071,0.571,0.786,1.143,-0.357,0.0,0.0,0.0,,0.0,,3.071,0.929,0.214,0.0,1.286,27.778,12,0.857,0.214,1.214,0.429,70.588,3.357,16.549,0.214,0.0,1.357,14.071,4.929,0.571
Jesse Joyce,Gold Coast,20,20.37,17,8.588,60.353,56.588,0,0.0,0,0,82.529,7.0,7.588,14.588,82.661,73.95,90.698,47.984,0.765,1.588,141.412,9.694,1.412,10.333,1.941,7.515,5.294,9.765,15.059,35.156,5.0,3.588,0.235,0.235,0.294,0.529,4.176,0.353,0.0,0.882,0.235,0.824,0.529,0.294,0.0,0.0,0.0,,0.0,,2.059,0.235,1.118,26.316,0.118,0.0,1,0.059,0.059,0.118,0.0,50.0,3.235,14.36,1.235,0.176,2.471,11.765,8.235,1.471
Ben Ainsworth,Gold Coast,19,19.88,13,7.577,60.923,59.615,0,0.0,0,0,71.0,6.846,4.923,11.769,69.935,64.045,78.125,58.17,2.308,0.308,192.692,16.373,2.0,5.885,2.385,4.935,5.077,6.615,11.692,43.421,1.077,3.538,0.923,0.231,0.308,0.538,3.462,0.385,0.846,0.0,1.0,1.077,0.769,0.308,0.0,0.0,0.0,,0.0,,3.231,1.231,0.0,,1.385,33.333,14,1.077,0.692,2.077,0.462,51.852,4.462,22.925,0.538,0.308,0.692,18.0,4.769,0.231
Jack Bowes,Gold Coast,19,19.92,11,5.745,48.545,49.909,0,0.0,0,0,72.182,6.909,5.545,12.455,72.263,67.105,78.689,55.474,1.455,1.455,152.455,12.241,1.818,6.85,2.273,5.48,4.545,7.909,12.455,36.496,3.364,3.182,0.273,0.182,0.0,0.182,2.909,0.0,0.0,0.636,0.273,0.909,0.636,0.273,0.0,0.0,0.0,,0.0,,2.273,0.545,0.364,50.0,0.182,0.0,2,0.182,0.182,0.455,0.091,40.0,2.545,11.523,0.818,0.091,1.636,13.0,6.0,0.909
Dyson Heppell,Essendon,25,25.63,23,12.939,99.174,100.304,39,1.773,8,14,82.522,13.652,12.696,26.348,70.462,64.968,76.37,51.815,4.304,2.13,361.13,13.706,3.435,7.671,4.391,6.0,11.174,15.565,26.739,41.789,3.174,7.304,0.783,1.913,2.696,4.609,5.13,0.391,0.391,0.652,0.609,1.522,1.043,0.478,0.174,0.205,0.0,0.0,0.0,,4.174,0.348,0.174,0.0,0.304,14.286,12,0.522,0.348,1.13,0.609,46.154,6.783,26.174,1.478,0.217,1.565,18.348,8.522,0.826
Orazio Fantasia,Essendon,22,22.29,20,12.085,73.15,68.85,28,1.474,5,7,76.25,8.05,5.7,13.75,70.545,61.491,83.333,58.545,2.75,0.65,260.35,18.935,2.1,6.548,2.05,6.707,5.05,8.45,13.5,37.407,1.45,3.45,1.55,0.3,0.3,0.6,3.7,0.35,1.45,0.05,1.5,1.05,0.75,0.3,0.0,0.0,0.0,,0.0,,2.65,0.9,0.1,50.0,1.5,20.0,39,1.95,1.1,3.55,0.9,54.93,6.6,25.434,0.85,0.65,0.5,15.65,4.2,0.25
Kyle Langford,Essendon,21,21.08,6,7.05,58.667,64.333,0,0.0,0,0,78.333,7.833,5.833,13.667,63.415,53.191,77.143,57.317,2.167,0.333,202.667,14.829,2.167,6.308,3.167,4.316,5.167,8.667,13.833,37.349,1.667,4.0,0.833,0.5,0.833,1.333,4.333,0.333,1.5,0.333,0.833,0.333,0.5,-0.167,0.0,0.0,0.0,,0.0,,3.167,0.833,0.333,50.0,1.0,16.667,4,0.667,0.667,2.0,0.0,33.333,3.833,15.972,0.5,0.0,1.5,15.5,4.5,0.667
Zach Merrett,Essendon,22,22.24,22,13.218,108.409,115.682,77,3.667,11,15,76.727,17.364,12.591,29.955,70.865,64.398,79.783,57.967,3.955,2.909,487.318,16.269,3.0,9.985,5.409,5.538,9.0,20.636,29.636,30.368,3.727,5.727,0.545,1.5,2.773,4.273,4.318,0.045,0.136,0.545,0.227,1.682,0.409,1.273,0.0,0.0,0.0,,0.0,,5.545,0.5,0.091,50.0,0.045,100.0,9,0.409,0.364,1.045,0.591,39.13,6.273,23.958,1.409,0.591,0.909,21.0,10.864,0.045
Darcy Parish,Essendon,20,20.43,20,9.55,76.25,77.95,1,0.053,1,0,76.8,9.75,11.3,21.05,71.259,56.41,84.071,46.318,2.6,1.35,257.0,12.209,2.5,8.42,4.0,5.263,8.45,12.9,21.35,39.578,2.4,7.05,1.35,0.95,2.25,3.2,3.95,0.0,0.3,0.1,0.45,0.35,0.5,-0.15,0.0,0.0,0.0,,0.0,,3.25,0.75,0.15,33.333,0.3,16.667,7,0.35,0.3,0.9,0.6,38.889,5.0,19.646,1.0,0.05,0.75,17.2,8.0,0.2
Andrew McGrath,Essendon,19,19.58,21,8.043,70.333,71.524,3,0.15,1,0,80.524,8.619,11.143,19.762,80.964,70.718,88.889,43.614,1.143,2.238,192.762,9.754,1.476,13.387,2.905,6.803,5.19,14.19,19.381,26.781,4.714,4.333,0.143,0.238,0.524,0.762,3.952,0.19,0.048,0.524,0.333,0.667,0.238,0.429,0.0,0.0,0.0,,0.0,,2.81,0.048,1.238,34.615,0.095,0.0,1,0.048,0.048,0.143,0.143,33.333,3.286,12.707,0.905,0.524,1.81,11.619,8.81,1.476
Luke Breust,Hawthorn,27,27.13,21,11.067,71.333,71.19,15,0.714,4,0,80.095,8.381,5.952,14.333,69.435,62.5,79.2,58.472,2.524,0.524,216.286,15.09,2.381,6.02,2.476,5.788,6.667,8.095,14.762,45.161,1.619,4.81,2.048,0.238,0.905,1.143,3.286,0.524,1.286,0.048,0.429,1.0,1.048,-0.048,0.0,0.0,0.0,,0.0,,4.048,0.952,0.0,,1.619,35.294,33,1.571,0.81,2.619,0.714,60.0,5.952,26.042,0.952,0.048,0.762,17.0,5.571,0.476
Taylor Duryea,Hawthorn,26,26.68,15,6.313,64.533,65.067,0,0.0,0,0,82.333,8.667,5.733,14.4,80.556,76.923,86.047,60.185,1.8,1.333,202.4,14.056,1.467,9.818,2.2,6.545,3.533,10.867,14.4,24.537,2.8,2.8,0.933,0.067,0.133,0.2,5.0,0.267,0.8,0.6,0.733,0.467,0.6,-0.133,0.0,0.0,0.0,,0.0,,2.733,0.333,0.6,33.333,1.2,22.222,6,0.4,0.6,1.067,0.667,37.5,4.6,20.175,0.6,0.133,1.933,10.333,4.8,1.067
Jack Gunston,Hawthorn,26,26.2,22,11.705,86.364,84.955,26,1.182,5,6,88.636,12.636,6.273,18.909,79.808,75.899,87.681,66.827,2.545,1.636,298.136,15.767,1.636,11.556,3.136,6.029,5.591,13.727,19.318,28.941,3.045,3.773,1.045,0.318,0.591,0.909,6.0,0.545,0.591,0.909,1.045,0.818,0.182,0.636,0.0,0.0,0.0,,0.0,,2.636,0.955,0.364,12.5,1.364,33.333,19,0.864,0.5,1.455,0.682,59.375,5.227,23.046,1.0,0.0,2.5,14.409,5.273,1.682
Tom Mitchell,Hawthorn,24,24.58,22,13.482,118.864,127.182,76,3.455,13,25,87.455,13.955,21.818,35.773,72.808,65.798,77.292,39.009,3.455,2.091,308.409,8.621,4.5,7.949,4.773,7.495,14.818,21.455,36.273,40.852,2.727,9.955,1.182,2.364,3.864,6.227,5.318,0.091,0.273,0.182,0.273,1.455,1.636,-0.182,0.0,0.0,0.0,,0.0,,6.5,1.0,0.227,20.0,0.273,16.667,10,0.455,0.455,1.182,0.364,38.462,6.909,30.461,1.455,0.318,0.909,24.227,11.318,0.182
Jaeger O'Meara,Hawthorn,23,23.85,6,7.3,63.833,70.667,4,0.667,1,1,76.5,6.833,14.667,21.5,65.891,36.585,79.545,31.783,1.333,1.167,132.667,6.171,3.333,6.45,3.0,7.167,10.333,10.667,21.0,49.206,1.833,7.333,1.0,2.0,2.333,4.333,2.0,0.0,0.333,0.0,0.0,0.167,1.0,-0.833,0.167,0.187,0.0,0.0,0.0,,4.0,0.5,0.0,,0.0,,1,0.167,0.667,0.833,0.333,20.0,4.667,21.212,0.333,0.0,0.333,21.167,9.167,0.0
James Sicily,Hawthorn,22,22.98,19,8.737,73.263,74.316,27,1.421,7,1,84.474,10.737,7.789,18.526,82.102,80.392,84.459,57.955,1.579,2.474,294.053,15.872,3.158,5.867,3.842,4.822,5.789,12.263,18.053,32.07,5.0,3.211,0.421,0.053,0.105,0.158,6.895,1.684,0.316,2.0,0.368,0.737,1.368,-0.632,0.0,0.0,0.0,,0.0,,1.158,0.105,1.421,22.222,1.368,26.923,13,0.684,0.474,1.158,0.211,59.091,4.211,18.648,1.368,0.737,2.053,8.474,4.211,1.737
Todd Goldstein,North Melbourne,29,29.5,19,13.321,94.842,86.684,6,0.316,3,0,86.895,4.947,8.474,13.421,74.902,69.149,78.261,36.863,1.526,0.474,114.789,8.553,1.263,10.625,1.684,7.969,6.526,7.158,13.684,47.692,1.789,3.947,0.895,1.105,1.579,2.684,2.842,0.474,0.474,0.368,0.263,1.947,0.526,1.421,66.579,73.376,30.316,45.534,9.895,32.639,2.895,0.316,0.895,17.647,0.842,18.75,12,0.632,0.316,1.211,0.368,52.174,5.474,22.56,2.789,0.0,2.737,11.947,5.158,2.053
Luke McDonald,North Melbourne,22,22.89,22,10.664,83.864,85.682,5,0.227,3,0,81.591,12.545,8.5,21.045,73.65,67.754,82.353,59.611,4.045,2.455,439.455,20.881,3.182,6.614,5.0,4.209,6.773,14.636,21.409,31.635,3.5,4.818,0.409,0.409,1.273,1.682,4.182,0.455,0.227,0.727,0.182,1.182,0.773,0.409,0.045,0.049,0.0,0.0,0.0,,4.273,0.455,0.864,31.579,0.182,50.0,8,0.364,0.364,1.136,0.455,32.0,4.0,16.51,0.727,0.364,2.045,18.091,10.182,1.682
Jy Simpkin,North Melbourne,19,19.82,13,5.454,46.692,49.0,0,0.0,0,0,69.154,5.538,5.308,10.846,70.213,66.667,73.913,51.064,1.462,0.154,102.846,9.482,1.462,7.421,1.615,6.714,4.231,6.538,10.769,39.286,1.308,3.154,0.923,0.231,0.308,0.538,2.692,0.154,0.615,0.154,0.231,0.769,0.385,0.385,0.0,0.0,0.0,,0.0,,2.385,0.692,0.077,100.0,0.385,20.0,9,0.692,0.385,1.385,0.231,50.0,3.308,14.145,0.692,0.308,0.308,14.615,4.231,0.154
Declan Mountford,North Melbourne,20,20.87,12,7.375,58.5,62.333,0,0.0,0,0,77.083,6.5,8.25,14.75,72.881,52.564,88.889,44.068,2.0,1.0,222.0,15.051,2.167,6.808,2.417,6.103,4.917,10.583,15.5,31.72,3.417,3.833,0.167,0.333,0.583,0.917,3.167,0.167,0.417,0.5,0.25,0.833,0.333,0.5,0.0,0.0,0.0,,0.0,,3.833,0.25,0.75,55.556,0.0,,3,0.25,0.167,0.417,0.25,60.0,3.583,15.141,0.917,0.75,2.167,16.583,9.583,1.25
Jamie Cripps,West Coast,25,25.69,21,7.624,62.714,70.524,3,0.158,1,1,79.095,8.714,4.857,13.571,64.561,55.738,80.392,64.211,2.714,0.333,231.905,17.088,2.476,5.481,2.667,5.089,4.333,9.429,13.762,31.488,0.857,3.19,1.19,0.095,0.81,0.905,4.286,0.333,0.905,0.048,1.095,0.762,0.762,0.0,0.048,0.049,0.0,0.0,0.0,,3.762,2.095,0.0,,1.238,34.615,26,1.238,0.857,2.571,0.429,48.148,4.762,20.576,0.333,0.571,0.714,16.857,4.571,0.286
Jack Darling,West Coast,25,25.55,23,9.917,71.739,69.609,11,0.524,2,2,89.739,8.0,4.043,12.043,61.372,55.435,73.118,66.426,2.478,0.174,205.304,17.047,2.826,4.262,3.043,3.957,6.13,6.435,12.565,48.789,1.13,3.13,1.652,0.087,0.13,0.217,5.174,1.522,2.348,0.217,1.652,0.913,1.087,-0.174,1.87,1.946,0.391,20.93,0.087,22.222,2.913,1.609,0.174,25.0,4.348,22.0,43,1.87,1.087,3.304,0.783,56.579,5.957,25.898,0.609,0.0,2.174,15.565,3.826,1.391
Jeremy McGovern,West Coast,25,25.71,24,13.883,93.042,79.542,33,1.5,7,3,84.708,11.083,5.625,16.708,74.564,68.797,85.926,66.334,2.167,2.583,249.208,14.915,2.292,7.291,3.333,5.012,7.75,9.542,17.292,44.819,7.583,3.833,0.417,0.042,0.458,0.5,8.0,2.542,0.708,3.75,0.375,0.833,0.708,0.125,4.792,4.976,2.083,43.478,0.875,42.0,1.792,0.417,2.792,7.463,1.417,32.353,10,0.417,0.583,1.292,0.5,32.258,4.208,18.198,1.625,0.042,5.625,10.458,6.25,4.542
Brodie Smith,Adelaide,25,25.96,23,11.9,79.913,76.87,22,1.0,5,1,80.478,12.565,7.826,20.391,77.186,70.242,88.333,61.62,3.652,3.304,493.87,24.22,2.826,7.215,4.522,4.51,5.043,14.565,19.609,25.721,4.957,4.087,0.13,0.174,0.739,0.913,4.652,0.391,0.217,1.435,0.043,0.261,0.739,-0.478,0.043,0.046,0.0,0.0,0.0,,2.0,0.13,1.0,13.043,0.13,33.333,12,0.522,0.391,1.13,0.261,46.154,5.609,19.283,2.043,0.913,2.652,10.739,6.043,2.174
Rory Laird,Adelaide,24,24.0,25,11.964,100.16,99.64,39,1.773,8,9,85.28,14.68,14.76,29.44,81.114,73.842,88.347,49.864,2.4,4.64,417.72,14.189,2.6,11.323,4.76,6.185,8.56,20.72,29.28,29.235,7.48,7.2,0.08,0.36,0.72,1.08,5.72,0.32,0.08,1.24,0.12,1.16,0.6,0.56,0.0,0.0,0.0,,0.0,,2.2,0.0,1.12,17.857,0.12,0.0,3,0.12,0.04,0.2,0.12,60.0,5.2,18.056,1.92,0.0,1.64,10.64,6.4,1.2
Rory Atkins,Adelaide,23,23.47,25,10.82,77.2,79.92,16,0.727,5,10,81.8,12.28,9.16,21.44,72.388,64.169,83.406,57.276,3.88,2.16,398.36,18.58,3.24,6.617,4.44,4.829,6.6,15.08,21.68,30.443,4.2,5.36,0.68,0.24,1.64,1.88,4.72,0.32,0.28,0.64,0.44,0.52,0.88,-0.36,0.0,0.0,0.0,,0.0,,2.44,0.44,0.6,26.667,0.32,50.0,11,0.44,0.32,1.04,0.68,42.308,4.96,17.222,1.12,0.96,1.4,16.48,8.52,0.88
Riley Knight,Adelaide,22,22.76,19,7.211,59.947,67.947,0,0.0,0,0,75.789,6.474,8.211,14.684,74.91,62.602,84.615,44.086,1.526,0.895,178.789,12.176,2.0,7.342,2.474,5.936,5.368,9.789,15.158,35.417,1.684,3.842,0.842,0.263,0.789,1.053,4.0,0.263,0.632,0.105,0.368,0.895,0.421,0.474,0.0,0.0,0.0,,0.0,,4.0,0.737,0.263,40.0,0.737,21.429,13,0.684,0.368,1.263,0.632,54.167,4.842,17.037,0.789,0.053,0.684,15.421,6.053,0.263
Mitch McGovern,Adelaide,23,23.22,13,7.654,66.231,66.077,4,0.333,1,0,83.154,8.077,3.231,11.308,67.347,60.0,85.714,71.429,2.154,0.231,190.615,16.857,1.385,8.167,1.923,5.88,4.385,7.0,11.385,38.514,1.231,2.077,0.923,0.0,0.0,0.0,5.077,1.308,2.308,0.154,1.308,1.0,0.615,0.385,0.0,0.0,0.0,,0.0,,2.615,0.923,0.231,33.333,2.077,29.63,20,1.538,1.308,3.154,1.0,48.78,6.615,23.497,0.769,0.0,1.538,11.923,2.769,0.846
Matt Crouch,Adelaide,22,22.69,25,14.1,112.16,108.36,68,3.091,14,11,77.04,13.8,19.2,33.0,71.879,57.101,82.5,41.818,3.32,2.12,353.52,10.713,3.16,10.443,5.32,6.203,13.44,19.72,33.16,40.531,3.2,10.44,1.12,2.12,3.64,5.76,3.04,0.04,0.08,0.16,0.04,0.72,0.76,-0.04,0.04,0.043,0.0,0.0,0.0,,4.76,0.8,0.28,28.571,0.08,50.0,7,0.28,0.28,0.76,0.64,36.842,7.2,25.0,1.84,0.16,1.24,18.72,9.16,0.52
Charlie Cameron,Adelaide,23,23.49,24,9.458,68.708,69.417,12,0.571,2,0,83.25,9.458,4.458,13.917,60.18,52.423,76.636,67.964,4.042,0.958,304.792,21.901,2.542,5.475,3.625,3.839,6.292,8.042,14.333,43.895,1.75,4.375,1.083,0.417,1.083,1.5,2.792,0.5,1.208,0.042,0.5,1.042,0.917,0.125,0.0,0.0,0.0,,0.0,,4.292,1.375,0.167,25.0,1.167,17.857,29,1.208,1.042,2.75,0.708,43.939,5.333,18.391,0.542,2.0,0.5,15.917,5.167,0.375
Wayne Milera,Adelaide,20,20.29,16,8.481,58.562,60.562,0,0.0,0,0,76.938,8.812,6.75,15.562,78.313,68.085,91.667,56.627,2.062,1.25,245.875,15.799,1.5,10.375,2.25,6.917,3.875,12.062,15.938,24.314,1.25,2.938,0.438,0.125,1.125,1.25,3.312,0.062,0.438,0.125,0.375,0.562,0.688,-0.125,0.0,0.0,0.0,,0.0,,2.25,0.312,0.188,100.0,0.125,0.0,8,0.5,0.188,0.812,0.5,61.538,4.438,15.139,0.688,0.562,0.5,15.625,6.812,0.375
Matthew Kennedy,Greater Western Sydney,20,20.73,16,7.15,64.75,68.812,0,0.0,0,0,70.625,7.438,9.75,17.188,68.0,49.58,82.051,43.273,2.0,1.312,180.125,10.48,2.562,6.707,3.062,5.612,7.625,9.875,17.5,43.571,2.0,6.062,1.438,0.5,2.188,2.688,3.25,0.375,0.375,0.312,0.0,0.438,1.062,-0.625,0.0,0.0,0.0,,0.0,,4.562,0.562,0.062,0.0,0.25,25.0,4,0.25,0.25,0.562,0.188,44.444,3.312,13.022,0.812,0.125,0.938,16.75,6.625,0.5
Callan Ward,Greater Western Sydney,27,27.72,25,13.768,102.48,96.84,60,2.727,11,11,85.16,14.16,12.96,27.12,76.106,65.819,87.346,52.212,3.08,1.44,315.36,11.628,2.76,9.826,3.12,8.692,11.72,15.56,27.28,42.962,2.32,7.32,0.8,2.48,4.04,6.52,3.6,0.16,0.24,0.16,0.32,1.32,1.04,0.28,0.36,0.376,0.0,0.0,0.0,,3.92,0.76,0.12,0.0,0.32,25.0,14,0.56,0.4,1.08,0.64,51.852,6.8,26.521,1.04,0.8,0.92,16.52,7.56,0.36
Dylan Shiel,Greater Western Sydney,24,24.81,25,13.988,93.4,90.04,51,2.318,11,11,71.92,13.16,13.08,26.24,71.494,56.839,86.239,50.152,4.32,1.4,392.56,14.96,3.48,7.54,4.28,6.131,11.12,15.32,26.44,42.057,2.36,7.44,0.92,3.2,3.16,6.36,2.6,0.0,0.24,0.08,0.16,0.92,0.84,0.08,0.04,0.042,0.0,0.0,0.0,,3.68,0.52,0.2,20.0,0.16,25.0,12,0.48,0.6,1.32,0.56,36.364,6.0,23.401,1.52,0.64,1.2,16.68,7.92,0.36
Adam Tomlinson,Greater Western Sydney,24,24.39,24,6.917,57.792,56.833,0,0.0,0,0,93.0,9.5,4.25,13.75,76.97,75.877,79.412,69.091,1.333,2.75,259.125,18.845,2.5,5.5,2.708,5.077,3.667,10.083,13.75,26.667,4.417,2.875,0.0,0.042,0.083,0.125,4.958,0.167,0.0,1.042,0.125,0.583,0.792,-0.208,0.0,0.0,0.0,,0.0,,1.625,0.0,2.292,29.091,0.083,0.0,1,0.042,0.0,0.083,0.042,50.0,2.5,9.74,0.708,0.208,3.75,8.292,6.0,3.417
Jeremy Cameron,Greater Western Sydney,24,24.75,19,13.2,86.632,85.316,24,1.333,4,5,83.421,10.895,5.0,15.895,76.49,71.014,88.421,68.543,3.368,0.368,273.947,17.235,2.105,7.55,2.474,6.426,4.737,11.053,15.789,30.0,1.474,3.105,1.211,0.053,0.158,0.211,7.053,0.684,2.158,0.368,2.737,0.895,1.053,-0.158,0.0,0.0,0.0,,0.0,,2.053,0.737,0.105,50.0,3.0,24.561,45,2.368,1.316,4.105,0.579,57.692,7.737,29.459,0.474,0.105,1.368,9.842,2.684,1.053
Zac Williams,Greater Western Sydney,23,23.27,23,13.496,91.391,82.87,22,1.1,6,6,80.522,13.13,9.043,22.174,76.863,70.199,86.538,59.216,2.652,2.87,381.652,17.212,3.043,7.286,4.478,4.951,7.739,14.304,22.043,35.108,5.652,6.348,0.478,0.478,1.478,1.957,3.261,0.304,0.174,0.957,0.0,0.609,0.826,-0.217,0.043,0.046,0.0,0.0,0.0,,3.826,0.13,1.0,30.435,0.13,66.667,7,0.304,0.348,0.739,0.522,41.176,4.87,18.636,1.652,0.913,1.783,13.174,7.13,1.087
Nick Haynes,Greater Western Sydney,25,25.62,19,8.689,76.316,71.0,16,1.0,5,0,82.526,11.947,5.684,17.632,79.701,73.128,93.519,67.761,1.737,3.474,326.474,18.516,2.474,7.128,3.0,5.877,5.579,12.053,17.632,31.642,6.0,3.684,0.053,0.105,0.316,0.421,6.053,1.0,0.053,1.895,0.0,0.842,0.684,0.158,0.0,0.0,0.0,,0.0,,1.526,0.0,1.684,15.625,0.105,50.0,2,0.105,0.105,0.211,0.158,50.0,2.842,11.111,1.263,0.579,4.211,8.263,6.158,3.842
Toby Greene,Greater Western Sydney,24,24.26,19,14.174,93.632,89.474,25,1.562,5,8,88.0,11.947,6.263,18.211,60.116,55.507,68.908,65.607,3.789,0.263,336.053,18.454,3.737,4.873,4.579,3.977,8.474,9.842,18.316,46.264,1.053,5.0,2.263,0.526,0.632,1.158,5.789,1.789,2.368,0.105,1.316,1.789,1.632,0.158,0.0,0.0,0.0,,0.0,,2.789,1.053,0.0,,2.684,41.176,45,2.368,1.474,4.579,0.947,51.724,7.684,29.857,0.579,0.316,0.789,13.684,3.368,0.526
Josh Kelly,Greater Western Sydney,22,22.88,24,14.45,113.667,113.875,75,3.571,12,21,85.208,14.083,15.417,29.5,74.294,57.692,89.459,47.74,5.042,1.458,410.0,13.898,2.917,10.114,4.417,6.679,11.083,18.958,30.042,36.893,3.333,8.042,1.042,1.917,3.083,5.0,3.542,0.208,0.333,0.333,0.208,0.917,0.833,0.083,0.0,0.0,0.0,,0.0,,6.5,0.917,0.292,57.143,0.333,25.0,19,0.792,1.0,2.083,0.625,38.0,7.167,28.43,1.458,0.792,0.875,22.875,10.542,0.417
Rory Lobb,Greater Western Sydney,24,24.89,20,9.89,75.7,66.9,0,0.0,0,0,84.55,6.15,5.25,11.4,69.737,62.602,78.095,53.947,1.75,0.7,165.9,14.553,1.85,6.162,2.35,4.851,6.55,5.2,11.75,55.745,1.9,3.05,0.7,0.6,0.5,1.1,4.3,2.25,0.9,0.8,0.3,1.05,0.65,0.4,23.7,24.283,11.05,46.624,3.9,35.294,2.35,0.65,0.15,33.333,3.25,27.692,17,0.85,0.4,1.4,0.25,60.714,4.15,16.468,1.55,0.0,2.25,10.65,4.55,1.85
Tim Taranto,Greater Western Sydney,19,19.92,14,9.65,67.571,62.357,0,0.0,0,0,73.643,7.5,7.857,15.357,71.628,60.952,81.818,48.837,2.214,1.143,201.143,13.098,1.643,9.348,3.143,4.886,6.786,8.714,15.5,43.779,1.929,5.357,1.643,0.643,1.357,2.0,2.214,0.071,0.214,0.143,0.429,0.286,0.5,-0.214,0.0,0.0,0.0,,0.0,,3.857,0.571,0.143,100.0,0.714,10.0,7,0.5,0.286,0.857,0.643,58.333,4.143,14.872,1.214,0.143,1.357,18.357,6.929,0.714
Michael Walters,Fremantle,26,26.98,17,12.741,87.0,79.706,38,2.235,5,10,82.235,11.588,7.706,19.294,72.866,65.482,83.969,60.061,3.941,0.529,317.0,16.43,3.176,6.074,3.412,5.655,8.471,11.588,20.059,42.229,2.176,5.706,1.059,1.176,1.588,2.765,4.353,0.176,1.059,0.0,1.176,1.706,1.471,0.235,0.118,0.133,0.0,0.0,0.0,,2.647,0.294,0.0,,1.353,26.087,22,1.294,0.824,2.412,0.941,53.659,6.412,31.232,1.235,1.118,1.647,15.353,5.176,0.235
Nat Fyfe,Fremantle,26,26.28,21,17.238,108.762,97.381,40,1.905,9,15,88.619,11.238,15.19,26.429,72.973,60.593,82.132,42.523,3.905,1.381,303.238,11.474,4.238,6.236,4.143,6.379,14.905,12.048,26.952,55.3,3.476,8.524,1.143,2.571,3.333,5.905,4.524,1.81,0.429,0.857,0.238,1.667,1.905,-0.238,0.286,0.325,0.0,0.0,0.0,,4.571,0.381,0.238,0.0,1.381,27.586,17,0.81,0.619,1.571,0.476,51.515,7.19,34.713,2.095,0.429,2.714,22.19,10.476,1.333
Lachie Neale,Fremantle,24,24.6,21,15.081,109.0,100.143,37,1.762,7,14,77.619,11.619,15.571,27.19,77.933,68.033,85.321,42.732,2.905,1.81,300.524,11.053,2.762,9.845,3.381,8.042,13.048,14.476,27.524,47.405,2.952,8.905,0.762,2.476,4.286,6.762,4.476,0.286,0.381,0.429,0.048,1.667,1.048,0.619,0.048,0.054,0.0,0.0,0.0,,4.476,0.286,0.238,40.0,0.381,37.5,14,0.667,0.286,0.952,0.571,70.0,5.81,27.982,1.714,0.714,0.857,21.0,11.381,0.19
Joel Hamling,Fremantle,24,24.72,22,7.532,62.591,51.545,4,0.182,1,0,94.136,5.727,6.455,12.182,82.836,76.984,88.028,47.015,0.727,2.727,143.5,11.78,1.727,7.053,2.0,6.091,3.955,8.0,11.955,33.08,5.5,2.045,0.0,0.0,0.091,0.091,5.0,0.909,0.0,2.318,0.0,0.864,0.682,0.182,0.0,0.0,0.0,,0.0,,1.909,0.0,4.727,26.923,0.091,0.0,0,0.0,0.0,0.0,0.0,,1.455,7.08,0.727,0.0,7.455,6.727,5.5,6.773
Bradley Hill,Fremantle,24,24.47,22,7.777,79.136,93.682,34,1.545,6,4,83.182,16.455,7.091,23.545,68.726,61.602,85.256,69.884,3.909,2.364,453.727,19.27,3.0,7.848,4.727,4.981,4.0,19.409,23.409,17.087,1.864,3.182,0.409,0.136,1.091,1.227,6.318,0.045,0.364,0.091,0.591,0.318,0.5,-0.182,0.045,0.051,0.0,0.0,0.0,,2.045,0.273,0.182,50.0,0.5,36.364,13,0.591,0.636,1.364,0.455,43.333,5.591,27.212,0.5,1.0,0.818,15.682,7.455,0.409
Ed Langdon,Fremantle,21,21.91,10,6.82,64.9,67.6,0,0.0,0,0,78.9,9.8,8.1,17.9,74.86,66.327,85.185,54.749,2.2,1.4,260.0,14.525,2.6,6.885,3.6,4.972,4.8,13.1,17.9,26.816,2.0,4.4,0.8,0.2,1.0,1.2,4.2,0.3,0.5,0.0,0.5,0.0,0.5,-0.5,0.0,0.0,0.0,,0.0,,1.9,0.4,0.0,,0.5,0.0,5,0.5,0.3,0.9,0.3,55.556,3.9,17.181,0.6,0.3,1.2,12.8,5.1,0.6
Connor Blakely,Fremantle,21,21.83,17,8.788,89.176,91.765,14,0.824,5,5,75.882,12.353,11.529,23.882,74.384,68.095,81.122,51.724,2.294,2.529,315.882,13.227,2.0,11.941,4.059,5.884,8.353,15.647,24.0,34.804,2.471,5.941,0.353,1.294,2.059,3.353,5.176,0.353,0.059,0.294,0.294,1.176,0.471,0.706,0.0,0.0,0.0,,0.0,,3.941,0.412,0.529,33.333,0.059,0.0,1,0.059,0.235,0.353,0.235,16.667,3.412,16.571,0.765,0.0,0.941,14.765,8.0,0.647
Lachie Weller,Fremantle,21,21.85,22,7.695,71.727,74.091,2,0.091,1,0,83.091,11.727,8.364,20.091,76.923,70.543,85.87,58.371,2.909,2.909,380.091,18.919,2.409,8.34,4.364,4.604,4.5,14.727,19.227,23.404,3.773,3.636,0.318,0.273,0.727,1.0,4.045,0.0,0.091,0.409,0.136,0.636,0.591,0.045,0.0,0.0,0.0,,0.0,,2.409,0.182,0.909,45.0,0.0,,5,0.227,0.182,0.591,0.227,38.462,3.455,16.814,1.091,0.818,1.773,12.591,8.091,1.182
Darcy Tucker,Fremantle,20,20.93,19,6.005,53.737,62.316,0,0.0,0,0,68.579,8.105,7.105,15.211,74.74,67.532,82.963,53.287,2.105,1.368,235.579,15.488,1.789,8.5,2.895,5.255,3.632,11.474,15.105,24.042,1.737,2.895,0.421,0.105,0.579,0.684,3.947,0.105,0.211,0.158,0.316,0.526,0.263,0.263,0.0,0.0,0.0,,0.0,,2.368,0.474,0.211,25.0,0.263,0.0,8,0.421,0.211,0.684,0.474,61.538,3.053,15.223,0.211,0.211,0.579,14.0,6.105,0.368
Patrick Dangerfield,Geelong,27,27.73,24,20.092,134.125,121.042,118,5.619,16,33,85.167,13.5,16.417,29.917,65.877,55.247,74.619,45.125,5.292,0.917,439.375,14.687,4.417,6.774,5.125,5.837,17.875,12.833,30.708,58.209,2.708,11.125,1.833,2.917,4.25,7.167,4.542,1.417,1.542,0.417,0.708,2.542,1.5,1.042,0.083,0.088,0.0,0.0,0.0,,5.875,1.208,0.083,100.0,1.542,56.757,45,1.875,1.292,3.667,0.833,51.136,8.042,31.588,2.083,0.75,1.042,17.125,6.333,0.375
Rhys Stanley,Geelong,27,27.08,13,8.708,74.308,70.692,0,0.0,0,0,76.692,6.0,6.0,12.0,73.718,64.103,83.333,50.0,1.923,0.769,148.385,12.365,2.154,5.571,2.0,6.0,6.462,5.923,12.385,52.174,1.462,4.077,0.769,1.077,1.077,2.154,4.154,1.231,1.231,0.538,1.0,0.923,1.0,-0.077,42.077,44.947,16.077,38.208,4.538,28.23,2.462,0.538,0.538,42.857,1.462,26.316,8,0.615,0.692,1.692,0.462,36.364,4.923,20.0,1.923,0.0,2.692,12.077,4.308,2.077
Mitch Duncan,Geelong,26,26.55,24,14.142,112.125,115.208,51,2.429,11,11,81.292,14.333,14.75,29.083,74.785,68.314,81.073,49.284,4.208,2.167,416.667,14.327,3.292,8.835,3.75,7.756,9.417,20.375,29.792,31.608,3.083,6.5,0.5,1.125,3.042,4.167,6.583,0.208,0.375,0.667,0.458,1.083,1.25,-0.167,0.042,0.044,0.0,0.0,0.0,,5.333,0.417,0.292,57.143,0.208,60.0,15,0.625,0.542,1.5,0.542,41.667,7.042,27.842,1.625,0.583,1.25,20.375,10.125,0.417
Tom Stewart,Geelong,24,24.79,21,6.819,66.571,59.095,5,0.278,3,0,80.667,9.0,5.714,14.714,76.375,76.19,76.667,61.165,1.238,2.762,247.476,16.819,2.667,5.518,2.857,5.15,4.476,9.667,14.143,31.65,4.952,3.524,0.048,0.048,0.19,0.238,4.095,0.429,0.0,1.333,0.048,0.381,1.048,-0.667,0.0,0.0,0.0,,0.0,,2.619,0.048,2.286,20.833,0.095,50.0,2,0.095,0.095,0.381,0.19,25.0,2.286,9.074,0.952,0.381,4.762,9.381,6.952,4.429
Mark Blicavs,Geelong,26,26.76,20,10.015,81.4,78.9,9,0.529,3,1,78.95,7.4,8.8,16.2,75.0,65.541,82.955,45.679,1.85,1.35,187.35,11.565,2.55,6.353,2.5,6.48,7.25,9.25,16.5,43.939,2.65,4.85,0.85,0.65,1.3,1.95,4.1,1.1,0.5,0.7,0.1,0.7,1.4,-0.7,14.1,15.121,6.05,42.908,1.55,25.62,5.1,0.75,0.25,20.0,1.15,43.478,12,0.6,0.25,0.95,0.1,63.158,4.15,16.179,1.25,0.05,2.9,18.9,9.25,1.85
Brandan Parfitt,Geelong,19,19.67,15,6.233,53.733,54.533,0,0.0,0,0,73.267,6.667,6.467,13.133,64.975,53.0,77.32,50.761,2.467,0.533,182.2,13.873,2.267,5.794,3.4,3.863,4.933,8.933,13.867,35.577,1.4,3.533,0.933,0.267,0.467,0.733,1.933,0.067,0.4,0.0,0.2,1.333,0.6,0.733,0.0,0.0,0.0,,0.0,,3.4,0.933,0.0,,0.533,12.5,6,0.4,0.267,1.133,0.533,35.294,4.067,15.365,0.733,0.267,0.667,13.467,3.8,0.4
James Aish,Collingwood,22,22.14,8,5.875,56.875,61.875,0,0.0,0,0,72.875,8.625,7.0,15.625,72.0,68.116,76.786,55.2,1.625,0.875,165.75,10.608,2.125,7.353,3.0,5.208,5.375,10.125,15.5,34.677,3.25,4.625,0.125,0.5,1.125,1.625,3.625,0.125,0.375,0.375,0.125,0.75,0.875,-0.125,0.125,0.137,0.0,0.0,0.0,,3.0,0.125,0.375,33.333,0.5,0.0,1,0.125,0.25,0.375,0.25,33.333,2.75,12.222,0.875,0.0,0.625,14.625,8.0,0.375
Jayden Short,Richmond,21,21.93,16,5.969,58.188,56.562,0,0.0,0,0,76.562,11.875,2.875,14.75,79.661,77.895,86.957,80.508,2.25,3.25,362.25,24.559,2.062,7.152,3.875,3.806,2.75,11.875,14.625,18.803,3.312,2.5,0.0,0.0,0.188,0.188,3.812,0.062,0.062,0.625,0.125,0.312,0.875,-0.562,0.0,0.0,0.0,,0.0,,1.312,0.062,0.25,50.0,0.0,,2,0.125,0.062,0.25,0.0,50.0,2.75,11.253,0.875,1.188,0.688,6.812,5.188,0.25
Robbie Fox,Sydney,24,24.7,3,8.867,60.333,50.0,0,0.0,0,0,78.0,4.667,8.333,13.0,58.974,57.143,60.0,35.897,1.667,1.0,116.0,8.923,2.0,6.5,2.0,6.5,8.333,4.333,12.667,65.789,1.667,7.333,1.333,0.333,0.667,1.0,0.333,0.0,0.333,0.0,0.0,0.333,1.333,-1.0,0.0,0.0,0.0,,0.0,,5.0,2.0,0.0,,0.667,0.0,1,0.333,0.0,0.333,1.0,100.0,4.0,19.672,0.333,0.333,1.667,20.667,4.667,0.667
Aliir Aliir,Sydney,23,23.32,3,9.0,56.667,49.333,0,0.0,0,0,89.667,6.667,5.0,11.667,74.286,70.0,80.0,57.143,0.667,3.667,237.667,20.371,3.0,3.889,3.667,3.182,5.0,7.667,12.667,39.474,6.667,4.0,0.0,0.0,0.0,0.0,3.667,0.667,0.0,2.333,0.0,0.333,1.333,-1.0,0.0,0.0,0.0,,0.0,,3.0,0.0,3.333,40.0,0.0,,0,0.0,0.0,0.0,0.0,,1.0,4.918,0.333,0.0,6.333,13.0,9.667,5.0
Will Hayward,Sydney,19,19.18,17,6.824,48.706,50.765,0,0.0,0,0,74.706,6.235,2.765,9.0,67.32,65.094,72.34,69.281,2.059,0.059,171.941,19.105,1.353,6.652,2.294,3.923,3.0,5.882,8.882,33.775,1.294,1.941,0.882,0.118,0.118,0.235,2.941,0.588,1.0,0.176,0.824,0.588,0.588,0.0,0.0,0.0,0.0,,0.0,,2.588,1.059,0.176,0.0,1.824,29.032,22,1.294,0.765,2.294,0.529,56.41,3.647,14.554,0.529,0.0,0.941,15.118,4.353,0.765
Tom Campbell,Western Bulldogs,26,26.16,7,7.486,69.571,79.429,0,0.0,0,0,76.714,4.429,4.857,9.286,67.692,51.613,82.353,47.692,1.857,0.429,105.714,11.385,3.0,3.095,1.429,6.5,5.143,3.571,8.714,59.016,1.143,3.0,0.286,0.571,1.286,1.857,2.143,0.857,0.714,0.286,0.286,1.143,1.857,-0.714,64.143,68.865,33.286,51.893,7.286,21.888,4.714,0.286,0.571,25.0,0.571,25.0,2,0.286,0.571,1.0,0.714,28.571,4.429,15.423,2.143,0.0,1.857,13.429,5.0,1.571
Taylor Walker,Adelaide,27,27.68,23,11.991,83.783,78.696,42,2.1,7,7,88.304,10.261,4.565,14.826,66.276,63.136,73.333,69.208,3.913,0.087,289.348,19.516,3.087,4.803,3.565,4.159,6.696,8.609,15.304,43.75,1.217,3.87,2.0,0.0,0.174,0.174,6.348,1.565,2.652,0.13,2.304,0.913,1.478,-0.565,0.043,0.046,0.0,0.0,0.0,,1.913,1.174,0.0,,4.826,36.036,54,2.348,1.522,4.261,1.435,55.102,8.261,28.701,0.522,0.0,1.217,13.522,2.609,0.696
Ryan Burton,Hawthorn,20,20.91,20,9.89,83.7,84.4,13,0.65,3,2,85.75,13.4,7.9,21.3,80.751,79.478,82.911,62.911,2.4,3.8,341.9,16.052,2.7,7.889,4.55,4.681,5.05,14.8,19.85,25.441,5.9,4.1,0.25,0.15,0.2,0.35,5.7,0.5,0.0,1.25,0.05,0.4,0.65,-0.25,0.0,0.0,0.0,,0.0,,2.9,0.15,2.55,39.216,0.05,0.0,4,0.2,0.05,0.3,0.1,66.667,3.5,15.766,1.25,0.55,3.15,12.6,8.85,2.6
David Swallow,Gold Coast,25,25.11,18,11.494,85.222,85.889,15,0.833,4,0,75.056,11.833,9.833,21.667,64.359,52.113,79.096,54.615,2.944,1.556,276.222,12.749,3.167,6.842,4.278,5.065,10.111,11.389,21.5,47.028,2.5,6.611,1.5,2.167,2.833,5.0,2.722,0.222,0.389,0.5,0.389,0.889,0.889,0.0,0.167,0.194,0.0,0.0,0.0,,5.056,0.667,0.056,0.0,0.5,22.222,11,0.611,0.444,1.167,0.389,52.381,4.889,22.798,1.389,0.111,1.667,20.5,10.278,0.444
Jacob Hopper,Greater Western Sydney,20,20.89,13,7.454,66.231,68.615,0,0.0,0,0,70.231,6.846,10.231,17.077,67.117,55.056,75.188,40.09,2.231,0.923,196.538,11.509,3.308,5.163,3.462,4.933,7.769,9.615,17.385,44.69,2.0,6.385,1.769,0.846,2.0,2.846,2.692,0.154,0.308,0.308,0.0,0.385,1.923,-1.538,0.0,0.0,0.0,,0.0,,5.692,0.538,0.154,50.0,0.385,40.0,4,0.308,0.308,0.615,0.308,50.0,4.077,15.452,1.0,0.0,0.538,19.077,9.154,0.385
Blake Acres,St Kilda,22,22.23,18,10.722,75.0,77.889,0,0.0,0,0,78.111,9.889,10.444,20.333,75.137,69.101,80.851,48.634,3.444,1.5,294.778,14.497,2.333,8.714,3.389,6.0,5.944,14.833,20.778,28.61,2.556,4.556,0.667,0.167,1.278,1.444,4.5,0.333,0.667,0.611,0.333,0.667,0.722,-0.056,0.389,0.452,0.111,28.571,0.0,0.0,2.833,0.333,0.167,66.667,0.778,28.571,11,0.611,0.222,0.889,0.278,68.75,5.167,20.174,1.111,0.556,0.889,17.278,6.444,0.278
Tom Barrass,West Coast,22,22.23,19,10.205,71.684,58.947,4,0.235,2,0,86.105,8.632,4.789,13.421,85.098,84.756,85.714,64.314,0.684,3.421,184.421,13.741,1.158,11.591,2.053,6.538,4.789,8.421,13.211,36.255,7.053,2.474,0.0,0.0,0.105,0.105,6.368,1.474,0.0,3.211,0.0,0.842,0.316,0.526,0.0,0.0,0.0,,0.0,,1.105,0.0,3.947,32.0,0.053,0.0,0,0.0,0.053,0.105,0.053,0.0,1.526,6.713,0.789,0.0,6.526,6.947,6.053,6.158
James Harmes,Melbourne,22,22.23,17,10.547,73.235,68.824,5,0.294,1,0,77.294,8.118,9.176,17.294,71.429,58.696,82.692,46.939,2.824,0.647,258.294,14.935,2.0,8.647,2.471,7.0,6.765,11.235,18.0,37.582,2.647,5.294,1.176,0.412,1.0,1.412,2.941,0.235,0.824,0.235,0.353,0.706,0.824,-0.118,0.0,0.0,0.0,,0.0,,3.353,0.882,0.059,0.0,0.706,8.333,14,0.824,0.706,1.706,0.353,48.276,4.765,20.25,0.941,0.765,1.824,16.471,6.471,1.176
Jarman Impey,Port Adelaide,22,22.47,20,8.335,60.1,56.8,4,0.211,3,0,72.2,7.9,4.0,11.9,67.227,60.127,81.25,66.387,3.05,0.55,229.25,19.265,1.95,6.103,3.15,3.778,4.65,7.85,12.5,37.2,1.7,3.05,1.25,0.05,0.4,0.45,3.0,0.4,0.7,0.3,0.9,1.2,0.9,0.3,0.0,0.0,0.0,,0.0,,3.1,1.2,0.25,20.0,0.9,27.778,15,0.75,0.7,1.95,0.6,38.462,4.3,15.838,0.8,1.85,1.05,16.15,5.25,0.8
Jordan Dawson,Sydney,20,20.72,1,-0.3,32.0,48.0,0,0.0,0,0,59.0,6.0,4.0,10.0,60.0,66.667,50.0,60.0,2.0,0.0,181.0,18.1,1.0,10.0,2.0,5.0,2.0,8.0,10.0,20.0,0.0,2.0,1.0,0.0,0.0,0.0,3.0,0.0,0.0,0.0,0.0,0.0,0.0,0.0,0.0,0.0,0.0,,0.0,,3.0,1.0,0.0,,2.0,0.0,0,0.0,1.0,1.0,0.0,0.0,4.0,16.667,0.0,0.0,1.0,9.0,6.0,1.0
Aidan Corr,Greater Western Sydney,23,23.62,23,7.996,58.87,46.522,0,0.0,0,0,83.696,6.913,4.174,11.087,83.922,81.132,88.542,62.353,0.478,2.522,157.0,14.161,1.391,7.969,1.652,6.711,3.522,7.391,10.913,32.271,3.957,2.478,0.13,0.043,0.174,0.217,3.913,0.348,0.087,0.826,0.0,0.652,0.696,-0.043,0.0,0.0,0.0,,0.0,,1.783,0.0,2.913,26.866,0.13,33.333,0,0.0,0.0,0.043,0.087,0.0,2.13,8.448,0.826,0.043,6.739,7.478,5.391,6.043
Sam Durdin,North Melbourne,21,21.56,8,5.188,53.25,46.5,0,0.0,0,0,85.5,7.25,4.0,11.25,75.556,65.517,93.75,64.444,1.5,2.125,165.125,14.678,2.5,4.5,2.0,5.625,3.375,7.5,10.875,31.034,3.75,2.125,0.125,0.125,0.125,0.25,4.0,0.5,0.25,1.375,0.5,0.625,1.375,-0.75,0.25,0.28,0.0,0.0,0.0,,1.75,0.25,2.5,25.0,1.0,25.0,1,0.125,0.5,0.625,0.25,20.0,2.0,8.889,0.875,0.125,4.875,9.5,6.625,4.25
Cameron Guthrie,Geelong,25,25.36,20,8.58,71.85,67.0,6,0.316,2,0,75.4,7.0,11.2,18.2,76.099,67.857,81.25,38.462,1.7,1.25,173.35,9.525,2.55,7.137,1.8,10.111,7.0,11.1,18.1,38.674,2.5,5.0,0.8,0.7,1.25,1.95,2.75,0.2,0.35,0.45,0.3,0.5,1.2,-0.7,0.0,0.0,0.0,,0.0,,4.25,0.5,0.55,27.273,0.7,57.143,4,0.2,0.25,0.75,0.4,26.667,4.5,17.717,0.95,0.6,1.2,15.9,6.9,0.65
Jake Lever,Adelaide,21,21.82,20,12.575,78.85,67.2,25,1.471,6,1,85.25,10.4,5.6,16.0,81.25,78.846,85.714,65.0,1.6,3.5,261.0,16.312,2.4,6.667,2.4,6.667,6.7,9.65,16.35,40.979,9.5,3.95,0.0,0.0,0.15,0.15,6.25,1.1,0.0,3.65,0.0,1.5,0.95,0.55,0.05,0.054,0.05,100.0,0.0,0.0,1.75,0.0,2.45,36.735,0.1,0.0,1,0.05,0.05,0.15,0.1,33.333,2.8,9.655,1.6,0.25,6.1,9.05,7.2,5.35
Brady Grey,Fremantle,22,22.44,14,5.979,46.214,48.857,0,0.0,0,0,68.5,5.857,3.286,9.143,68.75,64.634,76.087,64.062,1.714,0.286,146.357,16.008,1.929,4.741,1.929,4.741,3.643,5.714,9.357,38.931,1.214,3.214,0.357,0.214,0.286,0.5,2.143,0.071,0.429,0.143,0.143,0.5,1.0,-0.5,0.0,0.0,0.0,,0.0,,4.0,1.071,0.071,0.0,0.286,25.0,10,0.714,0.5,1.357,0.143,52.632,3.5,15.705,0.5,0.143,0.571,18.0,5.786,0.429
Ethan Hughes,Fremantle,23,23.06,18,6.356,61.944,61.778,0,0.0,0,0,83.944,8.722,7.222,15.944,77.352,71.975,83.846,54.704,1.778,2.556,210.722,13.216,2.111,7.553,2.722,5.857,4.833,10.833,15.667,30.851,5.222,3.833,0.056,0.056,0.222,0.278,5.167,0.389,0.0,1.444,0.278,0.444,0.667,-0.222,0.0,0.0,0.0,,0.0,,1.722,0.0,1.222,13.636,0.111,0.0,1,0.056,0.0,0.056,0.0,100.0,1.944,9.284,0.389,0.278,2.833,10.278,7.111,2.111
Griffin Logue,Fremantle,19,19.71,13,4.246,43.231,42.538,0,0.0,0,0,77.923,5.462,3.923,9.385,76.23,76.056,76.471,58.197,0.462,0.846,99.154,10.566,1.538,6.1,1.385,6.778,3.615,5.846,9.462,38.211,4.0,2.692,0.308,0.077,0.154,0.231,4.077,0.462,0.231,1.462,0.077,0.385,0.692,-0.308,0.0,0.0,0.0,,0.0,,1.769,0.077,1.615,47.619,0.308,50.0,1,0.077,0.231,0.308,0.077,25.0,1.692,8.462,0.615,0.0,2.923,11.769,7.615,2.154
Hugh McCluggage,Brisbane,19,19.83,18,5.156,54.167,61.222,0,0.0,0,0,78.389,8.444,6.667,15.111,65.074,57.237,75.0,55.882,1.944,1.0,243.5,16.114,2.5,6.044,3.222,4.69,4.167,10.944,15.111,27.574,1.333,3.056,0.833,0.222,0.722,0.944,3.889,0.167,0.389,0.222,0.444,0.722,0.444,0.278,0.0,0.0,0.0,,0.0,,2.0,0.333,0.0,,0.833,20.0,8,0.444,0.833,1.444,0.389,30.769,4.778,20.723,0.667,0.222,0.722,14.333,7.222,0.389
Jarrod Berry,Brisbane,19,19.9,16,7.381,61.688,60.125,0,0.0,0,0,74.312,5.75,7.938,13.688,75.799,68.478,81.102,42.009,1.938,1.062,174.188,12.726,1.688,8.111,2.188,6.257,5.875,8.125,14.0,41.964,2.25,4.0,0.438,0.688,1.125,1.812,3.5,0.188,0.562,0.375,0.375,1.25,0.938,0.312,0.0,0.0,0.0,,0.0,,3.812,0.375,0.062,0.0,0.25,25.0,7,0.438,0.188,0.75,0.562,58.333,4.688,20.95,1.25,0.062,1.0,17.438,9.188,0.438
Brayden Fiorini,Gold Coast,20,20.35,13,5.246,70.462,83.615,0,0.0,0,0,76.615,10.462,10.615,21.077,72.993,69.118,76.812,49.635,1.769,2.0,180.923,8.584,1.923,10.96,3.462,6.089,5.692,14.923,20.615,27.612,1.923,4.077,0.769,0.692,1.154,1.846,5.769,0.0,0.462,0.077,0.154,0.538,0.077,0.462,0.0,0.0,0.0,,0.0,,2.769,0.077,0.077,100.0,0.462,16.667,5,0.385,0.0,0.615,0.538,62.5,3.769,19.141,0.538,0.231,0.462,14.846,7.462,0.231
Tom Papley,Sydney,21,21.46,20,10.915,79.0,76.0,10,0.556,4,0,79.7,9.65,5.95,15.6,68.269,60.622,80.672,61.859,3.15,0.55,233.15,14.946,2.7,5.778,3.4,4.588,6.6,8.85,15.45,42.718,1.85,4.75,1.5,0.65,1.2,1.85,3.35,0.45,1.05,0.2,0.75,0.95,1.0,-0.05,0.0,0.0,0.0,,0.0,,4.3,1.25,0.1,0.0,1.2,33.333,30,1.5,0.95,2.75,0.9,54.545,6.0,23.669,1.45,0.65,0.7,19.6,5.7,0.4
Liam Duggan,West Coast,21,21.05,20,7.21,61.7,64.75,4,0.222,1,2,78.9,9.55,7.05,16.6,71.386,62.304,83.688,57.53,1.95,2.35,278.35,16.768,2.45,6.776,4.05,4.099,5.05,12.05,17.1,29.532,4.35,4.35,0.4,0.45,0.45,0.9,4.3,0.1,0.15,0.8,0.1,0.4,0.75,-0.35,0.0,0.0,0.0,,0.0,,2.4,0.25,0.45,33.333,0.15,0.0,4,0.2,0.15,0.45,0.25,44.444,3.15,13.969,0.9,0.3,1.6,17.05,9.4,1.2
Josh Dunkley,Western Bulldogs,20,20.97,7,5.914,60.0,63.0,0,0.0,0,0,78.143,6.714,5.571,12.286,68.605,51.064,89.744,54.651,2.143,0.286,129.571,10.547,1.857,6.615,2.714,4.526,5.0,7.857,12.857,38.889,1.0,3.571,1.0,0.714,1.143,1.857,3.571,0.571,1.286,0.286,0.286,0.714,0.714,0.0,5.857,6.212,0.571,9.756,0.143,25.0,4.143,1.714,0.0,,1.0,28.571,5,0.714,1.0,2.143,0.143,33.333,4.143,15.263,0.714,0.571,1.571,16.571,3.714,1.0
Sam Frost,Melbourne,24,24.34,16,9.619,65.062,54.5,1,0.062,1,0,91.125,7.938,5.562,13.5,77.315,74.803,80.899,58.796,1.0,3.688,250.25,18.537,2.875,4.696,3.688,3.661,5.375,8.438,13.812,38.914,6.5,3.938,0.0,0.0,0.25,0.25,3.812,0.438,0.0,1.688,0.0,0.938,1.125,-0.188,0.438,0.441,0.188,42.857,0.062,33.333,2.5,0.0,3.0,37.5,0.0,,1,0.062,0.0,0.062,0.062,100.0,2.312,10.027,1.0,0.312,6.0,8.375,7.062,4.938
Zac Fisher,Carlton,19,19.54,17,6.729,47.941,45.176,0,0.0,0,0,70.118,5.471,6.118,11.588,70.051,60.215,78.846,47.208,1.471,0.412,139.0,11.995,1.824,6.355,2.176,5.324,5.235,6.471,11.706,44.724,1.529,4.235,1.471,0.294,0.647,0.941,1.294,0.059,0.059,0.0,0.176,0.647,0.471,0.176,0.0,0.0,0.0,,0.0,,2.941,0.706,0.235,0.0,0.529,0.0,4,0.235,0.235,0.647,0.412,36.364,2.706,13.65,0.647,0.176,0.765,16.882,6.412,0.353
Conor McKenna,Essendon,21,21.76,19,9.226,65.632,61.474,3,0.167,1,1,77.842,10.895,6.053,16.947,75.466,71.014,83.478,64.286,2.0,2.895,337.684,19.925,3.0,5.649,3.368,5.031,4.842,11.158,16.0,30.263,4.053,3.947,0.105,0.105,0.316,0.421,3.632,0.263,0.053,0.632,0.105,0.579,0.842,-0.263,0.0,0.0,0.0,,0.0,,1.526,0.0,1.211,34.783,0.105,50.0,5,0.263,0.053,0.421,0.368,62.5,3.895,14.741,1.316,2.368,1.947,8.579,5.947,1.684
Jamie Elliott,Collingwood,25,25.36,17,8.729,73.765,75.824,16,0.941,3,1,78.294,9.588,4.471,14.059,64.017,58.282,76.316,68.201,2.471,0.059,221.294,15.741,2.353,5.975,2.529,5.558,4.588,9.529,14.118,32.5,1.0,3.059,1.529,0.0,0.353,0.353,6.059,0.647,2.059,0.118,2.529,0.706,0.882,-0.176,0.0,0.0,0.0,,0.0,,2.235,1.059,0.059,0.0,2.235,13.158,34,2.0,0.941,3.176,0.412,62.963,5.941,23.165,0.706,0.765,1.294,9.118,2.0,0.647
Ben Long,St Kilda,20,20.36,4,3.8,38.25,37.25,0,0.0,0,0,71.25,3.75,5.25,9.0,61.111,66.667,57.143,41.667,1.75,0.0,74.25,8.25,2.25,4.0,1.75,5.143,4.25,4.75,9.0,47.222,1.75,3.0,0.75,0.25,0.0,0.25,1.5,0.25,0.25,0.0,0.0,0.5,1.0,-0.5,0.0,0.0,0.0,,0.0,,3.25,2.25,0.0,,1.5,33.333,0,0.0,0.5,0.5,0.0,0.0,2.5,9.804,0.5,0.0,2.5,17.5,4.0,1.25
Blake Hardwick,Hawthorn,20,20.9,19,6.937,63.526,61.211,1,0.053,1,0,78.474,8.421,6.0,14.421,85.036,84.375,85.965,58.394,1.579,1.579,169.0,11.719,1.316,10.96,2.632,5.48,4.053,10.474,14.526,27.899,4.0,3.0,0.053,0.0,0.263,0.263,4.684,0.368,0.0,1.0,0.053,0.579,0.632,-0.053,0.0,0.0,0.0,,0.0,,2.789,0.0,1.632,22.581,0.0,,0,0.0,0.053,0.053,0.263,0.0,2.947,13.146,0.947,0.0,3.211,11.632,8.789,2.421
Cam Polson,Carlton,19,19.8,1,-0.4,34.0,35.0,0,0.0,0,0,74.0,3.0,8.0,11.0,54.545,33.333,62.5,27.273,0.0,0.0,54.0,4.909,2.0,5.5,1.0,11.0,5.0,6.0,11.0,45.455,1.0,3.0,2.0,0.0,1.0,1.0,0.0,0.0,0.0,0.0,0.0,1.0,0.0,1.0,0.0,0.0,0.0,,0.0,,2.0,0.0,0.0,,0.0,,0,0.0,1.0,1.0,0.0,0.0,3.0,17.647,1.0,0.0,0.0,23.0,15.0,0.0
Isaac Heeney,Sydney,21,21.65,20,14.115,96.65,91.5,22,1.222,6,4,85.25,12.5,8.05,20.55,69.586,58.0,87.578,60.827,2.9,1.7,328.45,15.983,2.3,8.935,4.05,5.074,9.2,11.8,21.0,43.81,2.95,6.55,1.6,0.65,2.55,3.2,5.0,0.75,0.75,0.6,0.85,0.55,0.7,-0.15,0.05,0.057,0.0,0.0,0.0,,4.75,0.9,0.25,20.0,0.9,27.778,16,0.8,0.65,1.65,0.4,48.485,5.9,22.476,1.4,0.45,1.7,18.6,7.4,0.95
Lewis Melican,Sydney,21,21.15,17,8.847,57.529,46.882,5,0.294,1,0,87.176,6.588,5.353,11.941,80.296,73.214,89.011,55.172,1.0,2.765,197.471,16.537,1.882,6.344,1.765,6.767,4.882,7.529,12.412,39.336,5.294,3.647,0.0,0.059,0.059,0.118,3.647,0.588,0.059,1.294,0.0,0.412,0.882,-0.471,0.0,0.0,0.0,,0.0,,1.824,0.0,2.412,36.585,0.176,33.333,1,0.059,0.059,0.118,0.118,50.0,1.882,6.882,0.882,0.0,4.765,7.235,5.176,4.118
Mason Wood,North Melbourne,24,24.29,10,7.74,64.1,65.0,1,0.1,1,1,83.9,7.9,5.8,13.7,62.774,62.025,63.793,57.664,2.6,0.1,240.7,17.569,2.9,4.724,3.0,4.567,4.9,8.8,13.7,35.766,0.9,3.9,1.3,0.0,0.0,0.0,4.2,0.7,1.6,0.0,0.8,0.3,0.9,-0.6,0.3,0.322,0.0,0.0,0.0,,2.5,1.5,0.1,0.0,2.2,18.182,14,1.4,1.1,2.7,0.3,51.852,5.5,21.401,0.4,0.1,0.8,11.7,2.1,0.7
Oleg Markov,Richmond,21,21.64,7,5.457,41.571,39.0,0,0.0,0,0,72.429,5.143,5.143,10.286,72.222,63.889,80.556,50.0,0.857,0.857,155.0,15.069,1.714,6.0,1.857,5.538,4.143,6.286,10.429,39.726,2.429,3.571,0.286,0.143,0.714,0.857,3.143,0.429,0.571,1.0,0.571,0.143,0.714,-0.571,0.0,0.0,0.0,,0.0,,1.0,0.143,1.286,22.222,0.857,16.667,2,0.286,0.143,0.571,0.0,50.0,2.143,9.375,0.286,0.143,1.571,11.143,4.857,1.143
Aaron Francis,Essendon,20,20.39,2,4.95,50.0,46.5,0,0.0,0,0,82.0,5.0,6.0,11.0,54.545,50.0,58.333,45.455,1.5,1.0,186.0,16.909,2.0,5.5,1.5,7.333,5.5,5.5,11.0,50.0,1.5,4.0,1.0,0.0,0.0,0.0,3.5,1.0,1.5,0.0,0.5,0.0,0.5,-0.5,1.0,1.105,0.0,0.0,0.0,,1.5,1.0,0.0,,2.5,20.0,1,0.5,1.5,2.0,0.0,25.0,3.5,14.286,0.0,0.0,1.5,13.0,4.5,1.0
Bailey Williams,Western Bulldogs,20,20.22,12,7.433,58.083,62.083,0,0.0,0,0,77.0,9.25,7.083,16.333,75.51,66.667,87.059,56.633,1.667,2.75,277.667,17.0,1.75,9.333,3.417,4.78,3.417,12.25,15.667,21.809,3.833,2.833,0.167,0.083,0.25,0.333,3.917,0.25,0.083,1.083,0.0,0.333,0.583,-0.25,0.0,0.0,0.0,,0.0,,2.333,0.0,0.917,36.364,0.0,,0,0.0,0.5,0.583,0.333,0.0,3.167,12.338,0.75,0.25,1.833,10.583,7.5,1.333
Bailey Dale,Western Bulldogs,21,21.44,16,10.069,67.375,67.438,8,0.5,3,0,80.125,10.25,7.0,17.25,66.304,53.049,85.714,59.42,2.875,1.438,279.312,16.192,2.0,8.625,3.5,4.929,5.75,11.812,17.562,32.74,1.875,4.688,1.0,0.188,1.5,1.688,3.188,0.25,0.5,0.25,0.188,0.625,0.688,-0.062,0.0,0.0,0.0,,0.0,,1.938,0.438,0.25,25.0,1.062,29.412,17,1.062,0.438,1.75,0.562,60.714,4.875,20.103,0.812,0.188,0.812,10.5,4.875,0.688
Jack Sinclair,St Kilda,22,22.88,17,14.106,83.588,78.706,1,0.059,1,0,83.882,9.882,10.882,20.765,73.654,59.524,86.486,47.592,2.647,1.118,297.059,14.306,1.529,13.577,2.412,8.61,8.412,12.647,21.059,39.944,3.882,6.353,1.118,0.412,1.824,2.235,3.706,0.235,0.353,0.588,0.235,0.412,0.235,0.176,0.0,0.0,0.0,,0.0,,3.294,0.882,0.588,70.0,0.059,0.0,8,0.471,0.471,0.941,0.882,50.0,5.706,22.611,1.235,0.471,1.412,20.647,8.765,0.353
Jed Bews,Geelong,24,24.04,19,8.516,58.579,52.789,6,0.375,3,0,83.474,6.737,5.684,12.421,79.237,74.219,85.185,54.237,1.632,1.474,208.947,16.822,1.789,6.941,2.105,5.9,4.579,8.158,12.737,35.95,4.684,3.632,0.105,0.105,0.105,0.211,3.368,0.474,0.053,1.053,0.105,0.368,0.842,-0.474,0.0,0.0,0.0,,0.0,,3.053,0.0,1.316,20.0,0.158,66.667,3,0.158,0.105,0.263,0.211,60.0,2.684,11.135,0.947,0.368,2.579,11.211,8.684,2.105
Stephen Coniglio,Greater Western Sydney,24,24.04,10,10.91,95.7,101.5,18,2.571,3,3,81.5,13.0,12.7,25.7,71.595,57.692,85.827,50.584,3.3,1.3,265.9,10.346,3.4,7.559,3.6,7.139,10.0,15.7,25.7,38.911,2.3,6.1,1.1,2.2,3.3,5.5,3.5,0.0,0.6,0.3,0.2,0.8,1.3,-0.5,0.0,0.0,0.0,,0.0,,6.4,0.6,0.1,100.0,0.3,33.333,6,0.6,0.5,1.2,0.6,50.0,6.4,25.911,1.1,0.2,1.1,17.5,7.6,0.4
Harry Himmelberg,Greater Western Sydney,21,21.64,12,7.692,53.667,50.417,0,0.0,0,0,81.417,5.0,5.917,10.917,81.679,73.333,88.732,45.802,1.5,0.417,120.917,11.076,1.417,7.706,1.75,6.238,4.167,6.833,11.0,37.879,2.333,3.0,0.667,0.083,0.417,0.5,2.917,0.333,0.75,0.5,0.583,0.917,0.667,0.25,3.083,3.209,0.25,8.108,0.0,0.0,2.667,1.0,0.417,20.0,1.917,21.739,9,0.75,0.5,1.333,0.25,56.25,3.833,14.791,0.667,0.083,1.667,11.167,3.667,1.5
Corey Wagner,North Melbourne,20,20.77,4,2.05,31.75,31.75,0,0.0,0,0,54.75,4.5,3.25,7.75,64.516,50.0,84.615,58.065,1.0,0.5,84.75,10.935,1.5,5.167,1.25,6.2,2.75,4.75,7.5,36.667,1.5,2.25,0.5,0.0,0.5,0.5,1.5,0.0,0.25,0.0,0.0,0.75,0.0,0.75,0.0,0.0,0.0,,0.0,,1.5,0.25,0.0,,0.25,0.0,0,0.0,0.5,0.5,0.25,0.0,1.25,4.854,0.25,0.0,0.75,8.25,4.5,0.5
Jordan De Goey,Collingwood,21,21.79,14,11.471,79.0,79.5,15,1.071,3,5,81.5,9.929,9.0,18.929,75.472,65.468,86.508,52.453,3.286,0.714,269.786,14.253,1.786,10.6,2.786,6.795,7.357,12.071,19.429,37.868,1.5,4.786,1.357,0.786,1.643,2.429,4.286,0.429,0.786,0.071,0.429,0.714,0.643,0.071,0.071,0.081,0.071,100.0,0.0,0.0,3.357,1.0,0.071,0.0,1.286,22.222,14,1.0,0.571,1.714,0.643,58.333,6.286,24.719,1.071,0.286,1.0,14.857,4.643,0.357
Ivan Soldo,Richmond,21,21.71,7,6.343,46.143,51.857,0,0.0,0,0,60.714,3.0,3.143,6.143,69.767,52.381,86.364,48.837,0.571,0.714,35.571,5.791,2.143,2.867,1.429,4.3,2.714,3.0,5.714,47.5,1.143,1.571,0.143,0.286,1.143,1.429,1.714,0.143,0.429,0.571,0.0,0.714,1.286,-0.571,42.429,49.091,21.143,49.832,4.571,21.622,3.143,1.0,0.143,0.0,0.571,0.0,1,0.143,0.0,0.143,0.0,100.0,1.571,6.358,0.857,0.0,1.857,12.429,6.0,0.857
Lachie Whitfield,Greater Western Sydney,23,23.45,18,12.4,95.0,95.333,12,0.8,3,5,85.167,13.667,10.333,24.0,78.241,70.732,88.172,56.944,4.167,1.944,405.611,16.9,2.389,10.047,3.833,6.261,7.056,17.278,24.333,28.995,3.222,5.111,0.722,0.611,1.833,2.444,6.056,0.056,0.5,0.444,0.333,0.944,0.833,0.111,0.056,0.058,0.0,0.0,0.0,,3.333,0.722,0.556,40.0,0.167,0.0,10,0.556,0.389,1.278,0.833,43.478,6.556,26.879,1.333,0.667,1.944,14.889,6.222,1.056
Mark O'Connor,Geelong,20,20.95,2,1.45,31.5,36.0,0,0.0,0,0,61.0,2.0,8.5,10.5,66.667,25.0,76.471,19.048,0.0,0.5,46.5,4.429,3.0,3.5,2.5,4.2,3.0,8.5,11.5,26.087,1.0,3.0,1.0,0.5,0.0,0.5,2.0,0.0,0.0,0.5,0.0,0.0,1.0,-1.0,0.0,0.0,0.0,,0.0,,2.5,0.5,0.0,,0.0,,0,0.0,0.0,0.0,0.0,,0.5,1.923,0.0,0.0,2.5,11.5,4.0,1.5
Jake Kolodjashnij,Geelong,22,22.39,18,5.883,57.778,58.556,0,0.0,0,0,80.889,7.333,7.278,14.611,76.046,68.182,83.969,50.19,2.222,1.5,202.222,13.84,1.556,9.393,2.0,7.306,3.833,10.778,14.611,26.236,3.278,2.667,0.167,0.056,0.556,0.611,4.389,0.333,0.111,0.944,0.222,0.611,0.5,0.111,0.0,0.0,0.0,,0.0,,2.389,0.111,1.389,16.0,0.167,33.333,0,0.0,0.167,0.389,0.333,0.0,3.722,15.158,1.056,0.056,3.222,10.833,6.778,3.0
Harry Perryman,Greater Western Sydney,19,19.03,8,5.3,49.875,55.25,0,0.0,0,0,69.25,7.0,4.75,11.75,72.34,58.929,92.105,59.574,1.125,1.625,137.375,11.691,2.25,5.222,2.5,4.7,4.375,7.5,11.875,36.842,3.75,3.25,0.25,0.125,0.75,0.875,4.25,0.5,0.125,0.75,0.0,0.5,0.75,-0.25,0.0,0.0,0.0,,0.0,,3.25,0.375,1.375,27.273,0.125,0.0,1,0.125,0.0,0.25,0.0,50.0,2.375,9.694,0.625,0.125,1.875,8.625,6.125,1.25
Shai Bolton,Richmond,19,19.06,6,5.5,49.0,38.833,0,0.0,0,0,68.667,4.333,4.167,8.5,66.667,61.538,72.0,50.98,1.167,0.333,152.0,17.882,2.0,4.25,1.667,5.1,5.5,4.0,9.5,57.895,1.167,4.667,2.833,0.0,0.0,0.0,2.0,0.333,0.167,0.0,0.333,0.333,0.833,-0.5,0.0,0.0,0.0,,0.0,,2.5,1.0,0.0,,1.0,16.667,3,0.5,0.667,1.5,0.167,33.333,3.667,13.75,0.333,0.667,0.333,15.833,2.833,0.167
Hugh Greenwood,Adelaide,25,25.82,15,11.627,79.267,74.6,2,0.167,1,0,64.533,7.6,8.267,15.867,69.748,53.509,84.677,47.899,1.6,0.4,138.067,8.702,2.333,6.8,2.8,5.667,9.867,5.667,15.533,63.519,2.933,7.0,1.267,1.6,2.933,4.533,2.467,0.4,0.467,0.467,0.133,0.6,1.0,-0.4,0.0,0.0,0.0,,0.0,,6.6,1.2,0.067,0.0,0.533,25.0,9,0.6,0.267,1.133,0.2,52.941,4.8,16.667,1.733,0.0,1.467,23.067,10.067,0.667
David Cuningham,Carlton,20,20.75,8,7.2,60.625,63.375,0,0.0,0,0,70.875,7.875,5.0,12.875,65.049,65.079,65.0,61.165,2.75,0.875,227.375,17.66,2.125,6.059,3.25,3.962,5.75,8.0,13.75,41.818,1.75,4.375,1.75,0.375,0.875,1.25,3.375,0.0,0.625,0.125,0.5,0.625,0.875,-0.25,0.0,0.0,0.0,,0.0,,4.25,0.875,0.125,0.0,0.375,0.0,6,0.75,0.125,1.125,0.375,66.667,3.625,17.576,0.75,0.125,0.0,19.25,8.375,0.0
James Cousins,Hawthorn,19,19.78,3,7.067,54.333,55.333,0,0.0,0,0,66.333,7.333,5.667,13.0,71.795,59.091,88.235,56.41,1.333,1.0,185.667,14.282,2.0,6.5,3.667,3.545,5.0,8.667,13.667,36.585,2.0,4.0,1.667,0.333,0.333,0.667,1.667,0.0,0.0,0.0,0.333,0.667,1.0,-0.333,0.0,0.0,0.0,,0.0,,4.333,0.333,0.0,,0.0,,1,0.333,0.0,0.667,0.333,50.0,2.667,15.385,0.333,0.0,0.333,21.333,10.333,0.0
Tim English,Western Bulldogs,20,20.39,2,2.25,35.0,35.0,0,0.0,0,0,66.0,0.5,6.5,7.0,78.571,100.0,76.923,7.143,0.0,1.5,40.0,5.714,0.0,,0.0,,1.5,6.0,7.5,20.0,1.5,1.5,0.0,0.0,0.0,0.0,1.0,0.0,0.0,0.0,0.0,0.0,0.0,0.0,34.0,36.364,5.5,16.176,1.0,18.182,3.0,1.0,0.0,,1.0,50.0,0,0.0,0.0,0.0,0.0,,1.5,8.108,0.5,0.0,2.5,11.0,3.0,2.5
Will Brodie,Gold Coast,19,19.35,3,1.667,42.667,64.0,0,0.0,0,0,67.333,6.667,7.0,13.667,60.976,55.0,66.667,48.78,1.0,1.667,167.667,12.268,3.667,3.727,4.667,2.929,4.333,9.667,14.0,30.952,1.0,2.333,0.333,0.333,1.667,2.0,2.333,0.333,0.0,0.333,0.0,0.667,0.667,0.0,0.0,0.0,0.0,,0.0,,6.0,0.667,0.0,,0.0,,0,0.0,0.333,0.667,0.0,0.0,2.0,11.538,0.0,0.0,0.0,16.667,7.0,0.0
Luke Ryan,Fremantle,21,21.89,11,7.482,76.818,75.273,10,0.909,2,2,81.182,10.909,5.0,15.909,80.0,80.0,80.0,68.571,1.273,3.727,284.273,17.869,2.455,6.481,3.364,4.73,4.455,11.545,16.0,27.841,5.818,2.727,0.0,0.091,0.364,0.455,6.273,0.455,0.0,2.0,0.0,0.727,1.0,-0.273,0.0,0.0,0.0,,0.0,,4.0,0.0,1.0,36.364,0.0,,0,0.0,0.0,0.0,0.0,,2.818,13.839,1.455,0.0,3.182,14.182,11.0,2.455
Mackenzie Willis,Gold Coast,22,22.48,2,4.35,37.5,37.0,0,0.0,0,0,76.5,5.5,5.0,10.5,76.19,63.636,90.0,52.381,1.0,0.5,98.0,9.333,1.0,10.5,1.0,10.5,3.0,8.0,11.0,27.273,3.5,3.0,0.0,0.5,0.0,0.5,2.5,0.0,0.0,0.5,0.0,0.0,1.0,-1.0,0.0,0.0,0.0,,0.0,,1.5,0.0,1.0,50.0,0.0,,0,0.0,0.0,0.5,0.0,0.0,1.0,4.167,1.0,1.0,1.5,16.5,12.0,1.5
Sam Collins,Fremantle,23,23.54,2,10.05,58.0,48.5,0,0.0,0,0,83.5,3.5,7.0,10.5,61.905,28.571,78.571,33.333,0.5,2.0,51.0,4.857,2.5,4.2,1.5,7.0,8.0,3.0,11.0,72.727,5.5,7.0,0.0,0.5,1.0,1.5,3.0,0.5,0.5,1.0,0.0,0.5,1.0,-0.5,4.5,5.172,1.5,33.333,0.0,0.0,4.0,0.5,3.5,42.857,0.5,0.0,0,0.0,0.0,0.5,0.0,0.0,1.5,7.317,1.0,0.0,5.5,8.5,5.5,5.5
Brennan Cox,Fremantle,19,19.38,10,4.97,51.7,52.5,0,0.0,0,0,80.5,5.6,5.6,11.2,73.214,57.143,89.286,50.0,1.2,0.5,119.5,10.67,1.9,5.895,2.0,5.6,4.0,7.6,11.6,34.483,1.8,2.3,0.7,0.2,0.5,0.7,4.7,1.4,1.1,0.6,0.8,0.2,1.1,-0.9,13.7,15.342,3.6,26.277,1.1,30.556,1.6,0.5,0.2,100.0,2.6,23.077,4,0.4,1.1,1.7,0.2,23.529,4.5,22.613,0.8,0.0,2.0,13.1,4.0,1.4
Liam Jones,Carlton,26,26.84,12,11.433,77.5,54.0,10,0.833,4,5,96.25,7.917,3.333,11.25,76.296,74.737,80.0,70.37,0.833,3.083,155.833,13.852,2.333,4.821,2.5,4.5,5.583,5.667,11.25,49.63,7.5,2.417,0.083,0.0,0.0,0.0,4.667,1.417,0.0,2.75,0.0,1.5,1.083,0.417,0.0,0.0,0.0,,0.0,,2.833,0.0,4.75,26.316,0.083,100.0,0,0.0,0.0,0.0,0.0,,1.417,7.054,0.667,0.0,11.0,9.75,8.333,9.833
Tom Cole,West Coast,20,20.59,4,3.9,38.75,34.0,0,0.0,0,0,77.5,4.25,4.0,8.25,72.727,70.588,75.0,51.515,0.75,1.5,100.25,12.152,2.0,4.125,1.0,8.25,4.0,4.0,8.0,50.0,4.5,3.0,0.0,0.0,0.0,0.0,1.75,0.0,0.25,0.75,0.0,1.0,1.0,0.0,0.0,0.0,0.0,,0.0,,2.5,0.0,1.0,0.0,0.0,,0,0.0,0.0,0.0,0.0,,2.5,9.901,1.75,0.25,3.25,14.25,11.5,2.5
Sean Darcy,Fremantle,19,19.55,8,9.175,78.75,83.625,0,0.0,0,0,84.0,4.5,7.75,12.25,70.408,44.444,85.484,36.735,1.75,0.625,123.125,10.051,2.625,4.667,2.125,5.765,7.125,5.375,12.5,57.0,2.125,5.25,0.25,1.125,1.5,2.625,1.5,0.625,0.125,0.625,0.0,0.875,1.25,-0.375,70.375,79.632,34.0,48.313,8.25,24.265,4.5,0.25,0.375,33.333,0.375,33.333,1,0.125,0.25,0.375,0.25,33.333,3.25,18.44,1.625,0.0,2.375,13.0,7.25,1.875
Darcy Macpherson,Gold Coast,20,20.17,8,2.438,46.75,52.625,0,0.0,0,0,84.75,5.875,5.875,11.75,68.085,55.319,80.851,50.0,1.5,0.0,88.0,7.489,2.75,4.273,2.5,4.7,3.5,8.125,11.625,30.108,1.25,2.875,1.0,0.25,0.125,0.375,3.375,0.125,0.875,0.0,0.5,0.25,0.75,-0.5,0.0,0.0,0.0,,0.0,,3.125,1.5,0.0,,1.5,16.667,3,0.375,0.375,0.875,0.5,42.857,3.25,20.472,0.25,0.0,0.625,17.375,5.375,0.5
Zach Guthrie,Geelong,19,19.5,9,5.644,46.222,42.556,0,0.0,0,0,71.667,4.333,6.333,10.667,78.125,66.667,85.965,40.625,0.889,0.889,98.0,9.188,1.111,9.6,1.556,6.857,3.889,7.111,11.0,35.354,3.667,3.0,0.111,0.0,0.333,0.333,3.111,0.444,0.222,1.222,0.0,0.333,0.444,-0.111,0.0,0.0,0.0,,0.0,,2.111,0.0,0.667,33.333,0.0,,0,0.0,0.111,0.333,0.111,0.0,2.333,10.345,0.778,0.0,1.333,8.889,6.222,1.222
Sam Simpson,Geelong,19,19.54,5,5.96,42.6,39.4,0,0.0,0,0,68.4,5.2,6.0,11.2,73.214,65.385,80.0,46.429,1.4,0.4,95.8,8.554,1.0,11.2,1.8,6.222,3.8,7.4,11.2,33.929,1.8,3.6,0.6,0.2,0.2,0.4,2.4,0.0,0.6,0.0,0.8,0.4,0.8,-0.4,0.0,0.0,0.0,,0.0,,1.0,0.0,0.2,100.0,0.4,50.0,2,0.4,0.2,0.6,0.0,66.667,2.6,12.15,0.2,0.0,0.4,15.4,5.4,0.2
Wylie Buzza,Geelong,21,21.83,6,6.133,52.833,49.0,0,0.0,0,0,76.333,5.0,3.5,8.5,54.902,46.667,66.667,58.824,1.5,0.667,104.333,12.275,3.167,2.684,2.5,3.4,5.667,3.5,9.167,61.818,1.5,2.5,1.167,0.167,0.667,0.833,2.833,1.167,1.5,0.5,0.5,1.167,1.833,-0.667,14.333,14.983,2.5,17.442,1.333,53.333,3.667,1.833,0.0,,2.333,21.429,5,0.833,0.667,1.833,0.333,45.455,3.333,12.658,0.667,0.0,1.5,13.0,3.0,1.0
Jeremy Finlayson,Greater Western Sydney,21,21.89,1,1.2,19.0,20.0,0,0.0,0,0,20.0,0.0,4.0,4.0,75.0,,75.0,0.0,0.0,0.0,-18.0,-4.5,0.0,,0.0,,1.0,3.0,4.0,25.0,0.0,1.0,0.0,0.0,0.0,0.0,0.0,0.0,0.0,0.0,0.0,0.0,0.0,0.0,0.0,0.0,0.0,,0.0,,3.0,0.0,0.0,,0.0,,0,0.0,0.0,0.0,0.0,,1.0,5.556,0.0,0.0,0.0,5.0,1.0,0.0
Tyson Stengle,Richmond,19,19.2,2,4.8,38.5,41.5,0,0.0,0,0,64.0,5.5,2.5,8.0,56.25,45.455,80.0,68.75,1.0,0.0,91.0,11.375,0.5,16.0,2.0,4.0,3.0,4.5,7.5,40.0,2.0,2.0,1.0,0.0,0.0,0.0,2.0,0.0,0.5,0.5,0.0,1.0,0.5,0.5,0.0,0.0,0.0,,0.0,,2.0,0.0,0.0,,1.5,33.333,2,1.0,0.5,2.0,0.0,50.0,4.0,19.048,0.5,0.0,0.0,12.5,2.5,0.0
Josh Battle,St Kilda,19,19.33,1,2.6,8.0,25.0,0,0.0,0,0,61.0,3.0,2.0,5.0,40.0,33.333,50.0,60.0,1.0,0.0,86.0,17.2,2.0,2.5,2.0,2.5,1.0,3.0,4.0,25.0,0.0,1.0,0.0,0.0,0.0,0.0,2.0,0.0,1.0,0.0,1.0,0.0,0.0,0.0,0.0,0.0,0.0,,0.0,,0.0,0.0,0.0,,2.0,0.0,1,1.0,0.0,1.0,0.0,100.0,1.0,4.545,0.0,0.0,0.0,9.0,2.0,0.0
Cameron Zurhaar,North Melbourne,19,19.61,4,6.5,43.25,40.5,0,0.0,0,0,76.75,5.5,3.5,9.0,77.778,72.727,85.714,61.111,2.75,0.0,191.75,21.306,1.75,5.143,2.0,4.5,4.25,5.25,9.5,44.737,0.75,2.75,1.25,0.5,0.5,1.0,2.25,0.0,0.25,0.0,1.0,1.0,0.5,0.5,0.0,0.0,0.0,,0.0,,1.75,1.0,0.0,,0.5,0.0,2,0.5,0.75,1.5,1.0,33.333,3.0,15.19,0.5,0.0,0.75,11.25,4.25,0.5
Logan Austin,Port Adelaide,22,22.48,2,4.35,41.5,32.5,0,0.0,0,0,89.0,4.5,2.0,6.5,84.615,77.778,100.0,69.231,0.0,3.0,105.5,16.231,2.0,3.25,1.5,4.333,2.0,4.5,6.5,30.769,3.5,1.5,0.0,0.0,0.0,0.0,2.5,0.0,0.0,1.0,0.0,0.5,1.0,-0.5,0.0,0.0,0.0,,0.0,,2.5,0.0,1.5,66.667,0.0,,0,0.0,0.0,0.0,0.0,,1.0,3.846,0.5,0.5,8.0,6.5,5.5,8.0
Nathan Broad,Richmond,24,24.71,10,6.78,62.7,57.8,0,0.0,0,0,78.0,9.3,4.7,14.0,70.0,68.817,72.34,66.429,1.3,2.8,219.5,15.679,2.2,6.364,2.9,4.828,4.5,9.0,13.5,33.333,5.9,3.7,0.0,0.1,0.2,0.3,4.1,0.2,0.0,1.4,0.0,0.6,0.8,-0.2,0.0,0.0,0.0,,0.0,,2.5,0.0,2.0,20.0,0.2,0.0,0,0.0,0.0,0.0,0.2,,2.1,7.865,1.2,0.2,4.5,10.3,7.6,3.9
Lewis Young,Western Bulldogs,19,19.03,7,3.886,48.286,51.857,0,0.0,0,0,88.857,6.857,6.0,12.857,67.778,62.5,73.81,53.333,0.857,1.0,168.143,13.078,2.857,4.5,3.143,4.091,2.857,10.429,13.286,21.505,4.429,1.714,0.0,0.0,0.143,0.143,5.429,0.429,0.0,1.714,0.0,0.429,1.429,-1.0,0.0,0.0,0.0,,0.0,,1.714,0.0,1.571,45.455,0.0,,0,0.0,0.0,0.0,0.0,,1.857,6.915,0.857,0.286,3.714,12.571,8.0,2.857
Jayden Laverde,Essendon,21,21.72,5,3.42,54.0,50.6,0,0.0,0,0,73.8,5.2,6.0,11.2,69.643,53.846,83.333,46.429,2.6,0.0,135.0,12.054,1.6,7.0,2.6,4.308,4.4,7.8,12.2,36.066,1.6,3.2,1.6,0.0,0.0,0.0,3.2,0.2,0.6,0.0,1.2,0.6,0.2,0.4,0.0,0.0,0.0,,0.0,,2.8,1.8,0.0,,0.8,25.0,1,0.2,1.0,1.6,0.4,12.5,4.4,15.603,0.6,0.0,1.2,12.4,3.0,1.0
Nick Larkey,North Melbourne,19,19.56,2,-2.35,10.0,11.5,0,0.0,0,0,79.0,1.0,2.0,3.0,50.0,50.0,50.0,33.333,0.5,0.0,18.0,6.0,2.0,1.5,2.0,1.5,1.0,2.0,3.0,33.333,0.0,1.0,1.0,0.0,0.0,0.0,0.5,0.0,0.5,0.0,0.0,0.0,0.0,0.0,2.5,3.185,1.0,40.0,0.0,0.0,0.5,0.0,0.0,,1.5,0.0,0,0.0,0.0,0.5,0.0,0.0,1.0,4.255,0.0,0.0,0.5,10.5,0.5,0.5
Jack Scrimshaw,Gold Coast,19,19.32,4,6.45,46.0,40.0,0,0.0,0,0,80.0,6.25,3.75,10.0,80.0,72.0,93.333,62.5,0.0,2.0,142.75,14.275,1.25,8.0,2.5,4.0,3.75,6.25,10.0,37.5,4.75,2.5,0.0,0.0,0.0,0.0,4.0,0.75,0.0,1.5,0.0,0.25,0.5,-0.25,0.0,0.0,0.0,,0.0,,0.75,0.0,1.0,50.0,0.0,,0,0.0,0.0,0.0,0.0,,1.25,6.944,0.25,0.0,2.25,6.25,5.0,2.0
Rowan Marshall,St Kilda,22,22.1,1,6.9,57.0,60.0,0,0.0,0,0,83.0,5.0,9.0,14.0,71.429,60.0,77.778,35.714,0.0,2.0,74.0,5.286,0.0,,1.0,14.0,9.0,7.0,16.0,56.25,3.0,6.0,1.0,0.0,2.0,2.0,4.0,0.0,0.0,1.0,0.0,2.0,0.0,2.0,13.0,15.663,5.0,38.462,0.0,0.0,2.0,0.0,0.0,,2.0,50.0,0,0.0,0.0,0.0,0.0,,2.0,14.286,1.0,0.0,1.0,7.0,3.0,0.0
Will Setterfield,Greater Western Sydney,19,19.9,2,0.45,44.5,49.5,0,0.0,0,0,56.5,6.0,3.0,9.0,77.778,66.667,100.0,66.667,1.0,0.0,111.0,12.333,2.5,3.6,1.0,9.0,3.0,6.5,9.5,31.579,1.5,2.0,1.0,0.0,0.5,0.5,2.5,0.0,0.5,0.0,0.5,1.5,1.5,0.0,0.0,0.0,0.0,,0.0,,5.0,0.5,0.0,,1.0,0.0,0,0.0,1.0,1.0,0.0,0.0,3.5,14.583,0.5,0.0,0.0,15.5,8.5,0.0
Harry McKay,Carlton,20,20.01,2,7.85,54.0,42.0,0,0.0,0,0,68.5,5.5,2.0,7.5,66.667,72.727,50.0,73.333,2.0,0.0,148.0,19.733,0.5,15.0,2.0,3.75,4.0,3.5,7.5,53.333,0.0,2.0,1.5,0.0,0.0,0.0,3.5,1.5,2.0,0.0,1.0,0.5,0.5,0.0,0.0,0.0,0.0,,0.0,,0.5,0.0,0.0,,2.5,60.0,3,1.5,1.0,2.5,1.0,60.0,4.5,20.0,0.0,0.0,1.5,6.5,1.0,1.5
Max Spencer,Gold Coast,20,20.72,5,6.0,60.8,58.2,0,0.0,0,0,87.4,8.0,7.2,15.2,73.684,72.5,75.0,52.632,0.2,1.4,124.8,8.211,1.6,9.5,2.2,6.909,6.0,9.4,15.4,38.961,5.0,5.0,0.0,0.0,0.6,0.6,6.0,0.2,0.2,0.6,0.0,0.6,0.4,0.2,0.0,0.0,0.0,,0.0,,0.6,0.0,2.8,35.714,0.0,,0,0.0,0.0,0.0,0.0,,1.4,9.589,0.6,0.0,3.2,7.6,6.2,2.8
Jarrad Jansen,Brisbane,22,22.66,1,4.5,44.0,50.0,0,0.0,0,0,66.0,7.0,4.0,11.0,90.909,100.0,75.0,63.636,1.0,1.0,160.0,14.545,0.0,,1.0,11.0,5.0,6.0,11.0,45.455,1.0,1.0,0.0,0.0,2.0,2.0,5.0,0.0,0.0,0.0,0.0,2.0,0.0,2.0,0.0,0.0,0.0,,0.0,,1.0,0.0,0.0,,0.0,,0,0.0,0.0,0.0,0.0,,3.0,20.0,0.0,0.0,1.0,12.0,4.0,1.0
Sam Skinner,Brisbane,20,20.5,1,9.1,62.0,48.0,0,0.0,0,0,73.0,4.0,5.0,9.0,77.778,75.0,80.0,44.444,0.0,0.0,101.0,11.222,1.0,9.0,1.0,9.0,4.0,4.0,8.0,50.0,1.0,3.0,1.0,0.0,0.0,0.0,1.0,0.0,0.0,0.0,0.0,1.0,1.0,0.0,0.0,0.0,0.0,,0.0,,3.0,2.0,0.0,,2.0,50.0,2,2.0,1.0,3.0,0.0,66.667,4.0,26.667,1.0,0.0,0.0,11.0,5.0,0.0
Luke Partington,West Coast,20,20.82,6,6.467,46.667,44.833,0,0.0,0,0,64.333,5.833,6.0,11.833,64.789,45.714,83.333,49.296,2.167,0.333,144.333,12.197,1.667,7.1,2.333,5.071,5.333,7.167,12.5,42.667,1.167,4.667,1.167,0.333,1.333,1.667,2.5,0.333,0.0,0.0,0.5,0.167,0.5,-0.333,0.0,0.0,0.0,,0.0,,1.333,0.5,0.0,,0.333,50.0,3,0.5,0.833,1.667,0.167,30.0,3.167,13.971,1.0,0.0,0.5,15.167,6.167,0.0
Dougal Howard,Port Adelaide,21,21.76,4,11.775,77.25,62.0,0,0.0,0,0,90.25,10.75,3.0,13.75,80.0,74.419,100.0,78.182,1.25,3.25,180.5,13.127,1.75,7.857,2.75,5.0,4.25,10.25,14.5,29.31,6.75,2.75,0.0,0.0,0.0,0.0,6.75,0.25,0.0,3.0,0.0,0.5,0.5,0.0,0.0,0.0,0.0,,0.0,,0.75,0.0,4.25,23.529,0.0,,1,0.25,0.0,0.25,0.0,100.0,3.25,11.304,2.0,0.0,12.25,4.5,3.25,10.75
Riley Bonner,Port Adelaide,20,20.81,3,10.167,76.667,71.667,0,0.0,0,0,79.667,10.667,7.333,18.0,85.185,87.5,81.818,59.259,2.667,3.0,279.333,15.519,0.667,27.0,2.0,9.0,5.0,12.667,17.667,28.302,4.667,4.333,0.0,0.333,1.0,1.333,5.0,0.0,0.0,0.667,0.0,0.667,0.0,0.667,0.0,0.0,0.0,,0.0,,2.333,0.333,1.0,0.0,0.0,,0,0.0,0.0,0.0,0.0,,3.667,12.644,1.333,0.667,2.667,9.0,5.333,1.667
Josh Daicos,Collingwood,19,19.09,2,3.25,49.5,59.5,0,0.0,0,0,71.5,5.0,6.0,11.0,50.0,50.0,50.0,45.455,1.0,0.5,158.0,14.364,2.5,4.4,3.0,3.667,4.0,7.0,11.0,36.364,0.5,4.0,1.0,0.0,1.0,1.0,2.0,0.0,1.0,0.0,0.0,0.5,0.5,0.0,0.0,0.0,0.0,,0.0,,6.0,0.5,0.0,,0.5,0.0,1,0.5,0.5,1.0,0.5,50.0,2.0,9.302,0.0,0.0,0.0,21.5,12.5,0.0
Jack Graham,Richmond,19,19.84,5,11.66,81.2,72.4,0,0.0,0,0,66.2,6.0,8.0,14.0,77.143,70.0,82.5,42.857,2.2,1.0,186.6,13.329,1.8,7.778,2.0,7.0,7.0,7.4,14.4,48.611,2.4,5.0,0.6,0.8,2.4,3.2,1.8,0.0,0.6,0.2,0.4,2.0,1.0,1.0,0.0,0.0,0.0,,0.0,,7.0,1.2,0.0,,0.0,,5,1.0,0.0,1.2,0.4,83.333,4.2,15.108,1.2,0.0,0.8,24.6,9.4,0.0
Harry Morrison,Hawthorn,19,19.13,1,7.7,79.0,75.0,0,0.0,0,0,67.0,10.0,11.0,21.0,76.19,50.0,100.0,47.619,3.0,1.0,269.0,12.81,2.0,10.5,2.0,10.5,4.0,18.0,22.0,18.182,1.0,4.0,2.0,0.0,2.0,2.0,6.0,0.0,1.0,1.0,0.0,0.0,0.0,0.0,0.0,0.0,0.0,,0.0,,1.0,0.0,0.0,,1.0,0.0,0,0.0,1.0,2.0,2.0,0.0,8.0,33.333,2.0,0.0,2.0,12.0,6.0,0.0
Patrick Lipinski,Western Bulldogs,19,19.45,1,3.1,53.0,61.0,0,0.0,0,0,81.0,6.0,12.0,18.0,66.667,33.333,83.333,33.333,1.0,0.0,146.0,8.111,1.0,18.0,1.0,18.0,4.0,14.0,18.0,22.222,2.0,4.0,2.0,0.0,0.0,0.0,4.0,0.0,1.0,0.0,0.0,0.0,0.0,0.0,0.0,0.0,0.0,,0.0,,1.0,1.0,0.0,,0.0,,0,0.0,3.0,3.0,0.0,0.0,6.0,24.0,1.0,0.0,1.0,16.0,4.0,1.0
Ben McKay,North Melbourne,20,20.01,1,5.8,50.0,38.0,0,0.0,0,0,50.0,2.0,7.0,9.0,77.778,50.0,85.714,22.222,0.0,0.0,44.0,4.889,1.0,9.0,2.0,4.5,3.0,6.0,9.0,33.333,1.0,2.0,0.0,1.0,0.0,1.0,1.0,0.0,0.0,0.0,0.0,0.0,0.0,0.0,12.0,14.118,3.0,25.0,2.0,66.667,3.0,0.0,1.0,0.0,0.0,,0,0.0,0.0,0.0,0.0,,1.0,2.857,1.0,0.0,1.0,5.0,4.0,1.0
