Player,Team,Age,Age_Decimal,Matches,RatingPoints_Avg,Supercoach_Avg,DreamTeamPoints_Avg,CoachesVotes_Total,CoachesVotes_Avg,CoachesVotes_MatchesPolled,BnFVotes_Total,TimeOnGround,Kicks,Handballs,Disposals,DisposalEfficiency,KickingEfficiency,HandballEfficiency,KickPercentage,Inside50s,Rebound50s,MetresGained,MetresGainedPerDisposal,Clangers,DisposalsPerClanger,Turnovers,DisposalsPerTurnover,ContestedPossessions,UncontestedPossessions,TotalPossessions,ContestedPossessionRate,Intercepts,GroundBallGets,GroundBallGetsForward50,CentreClearances,StoppageClearances,TotalClearances,Marks,ContestedMarks,MarksInside50,InterceptMarks,MarksOnLead,FreesFor,FreesAgainst,FreesDiff,RuckContests,RuckContestPercentage,Hitouts,HitoutsWinPercentage,HitoutsToAdvantage,HitoutsToAdvantagePercentage,Tackles,TacklesInside50,ContestDefensiveOneOnOnes,ContestDefensiveLossPercentage,ContestOffensiveOneOnOnes,ContestOffensiveWinPercentage,Goals_Total,Goals_Avg,Behinds,ShotsAtGoal,GoalAssists,GoalAccuracy,ScoreInvolvements,ScoreInvolvementPercentage,ScoreLaunches,Bounces,OnePercenters,PressureActs,PressureActsDefensiveHalf,Spoils
Andrew Carrazzo,Carlton,32,32.04,16,9.9,86.75,74.5,8,0.5,3,1,72.562,8.0,14.812,22.812,80.0,69.298,87.143,35.068,2.0,0.812,176.438,7.734,2.188,10.429,2.688,8.488,11.25,11.688,22.938,49.046,2.062,7.5,0.786,2.438,3.5,5.938,2.5,0.0,0.0,0.071,0.071,1.0,1.312,-0.312,0.071,0.072,0.0,0.0,0.0,,3.938,0.562,0.357,60.0,0.071,0.0,1,0.062,0.188,0.438,0.25,14.286,4.25,20.732,1.571,0.125,1.312,13.571,5.929,0.214
Chris Judd,Carlton,32,32.31,8,12.162,77.0,65.625,0,0.0,0,1,67.5,9.5,9.0,18.5,69.595,55.714,88.136,51.351,3.375,0.75,264.375,14.291,2.375,7.789,3.875,4.774,9.75,9.0,18.75,52.0,1.875,6.429,0.429,2.125,3.5,5.625,2.5,0.125,0.5,0.143,0.571,0.5,0.875,-0.375,0.143,0.149,0.0,0.0,0.0,,2.625,0.5,0.429,66.667,0.714,20.0,4,0.5,0.25,1.0,1.125,50.0,4.5,23.377,1.286,0.375,0.875,11.857,5.429,0.571
Kade Simpson,Carlton,31,31.65,20,10.55,92.7,85.6,2,0.1,1,1,90.45,14.25,8.75,23.0,79.783,72.441,88.957,61.957,1.7,4.1,336.45,14.628,2.65,8.679,3.65,6.301,5.45,16.9,22.35,24.385,4.85,4.278,0.167,0.35,0.95,1.3,5.9,0.3,0.1,1.556,0.111,0.65,0.8,-0.15,0.056,0.057,0.05,100.0,0.0,0.0,2.1,0.0,1.611,34.483,0.167,66.667,3,0.15,0.05,0.3,0.25,50.0,3.25,16.332,1.056,2.3,2.3,8.611,6.333,1.389
Cameron Wood,Carlton,28,28.82,18,8.833,66.722,56.056,0,0.0,0,0,77.667,6.0,4.0,10.0,58.333,41.837,83.333,60.0,1.611,1.056,150.333,15.033,2.056,4.865,1.833,5.455,6.167,4.111,10.278,60.0,0.889,3.562,0.75,1.333,2.056,3.389,1.833,0.389,0.167,0.25,0.25,0.444,1.0,-0.556,54.688,54.722,17.722,33.143,4.75,26.207,1.889,0.222,0.5,0.0,1.25,35.0,5,0.278,0.167,0.667,0.333,41.667,3.167,15.746,1.438,0.056,3.5,7.125,2.875,2.812
Dale Thomas,Carlton,28,28.52,5,6.34,57.2,57.0,0,0.0,0,0,63.6,8.4,5.6,14.0,71.429,59.524,89.286,60.0,2.0,0.6,186.4,13.314,1.2,11.667,2.0,7.0,4.2,9.8,14.0,30.0,0.4,2.4,0.6,0.6,1.4,2.0,4.0,0.2,0.2,0.2,0.2,1.0,0.0,1.0,0.0,0.0,0.0,,0.0,,1.2,0.2,0.0,,0.8,0.0,2,0.4,0.4,1.6,0.4,25.0,2.6,14.444,0.2,0.2,0.6,8.8,4.2,0.4
Marc Murphy,Carlton,28,28.45,19,12.579,103.158,98.316,42,2.211,7,12,81.263,15.316,11.526,26.842,66.275,57.854,78.049,57.059,4.0,2.158,393.263,14.651,2.789,9.623,4.947,5.426,11.474,16.105,27.579,41.603,3.737,7.882,0.471,1.579,2.526,4.105,4.158,0.105,0.421,0.235,0.235,2.632,0.684,1.947,0.0,0.0,0.053,,0.0,0.0,3.421,0.263,0.235,75.0,0.176,33.333,7,0.368,0.316,0.789,0.368,46.667,5.526,27.559,1.0,0.474,1.053,17.529,9.529,0.471
Bryce Gibbs,Carlton,26,26.79,10,10.33,82.4,81.1,0,0.0,0,1,73.6,11.2,9.7,20.9,62.201,43.529,79.221,53.589,3.0,1.2,319.3,15.278,3.7,5.649,4.0,5.225,9.8,11.2,21.0,46.667,1.6,7.125,0.75,2.0,3.0,5.0,2.1,0.2,0.3,0.125,0.0,1.1,1.5,-0.4,0.125,0.122,0.7,100.0,0.25,33.333,5.4,0.5,0.125,0.0,0.125,0.0,4,0.4,0.5,1.1,0.5,36.364,4.8,23.301,1.5,0.4,1.2,15.625,8.5,0.5
Sam Rowe,Carlton,28,28.11,20,8.205,63.95,49.3,0,0.0,0,0,96.25,6.25,4.3,10.55,80.569,76.423,88.75,59.242,0.45,1.95,115.65,10.962,1.5,7.033,1.45,7.276,4.65,5.7,10.35,44.928,5.25,2.632,0.0,0.15,0.15,0.3,3.95,0.85,0.05,1.474,0.158,1.0,0.5,0.5,3.053,3.115,1.4,46.552,0.158,11.111,2.15,0.15,5.737,20.183,0.053,100.0,2,0.1,0.0,0.1,0.05,100.0,1.45,7.323,0.895,0.0,6.95,8.053,5.947,6.211
Michael Jamison,Carlton,29,29.55,14,5.893,46.571,39.143,0,0.0,0,0,81.071,5.286,4.143,9.429,85.606,78.462,91.228,56.061,0.286,2.071,133.929,14.205,1.429,6.6,1.357,6.947,3.0,6.429,9.429,31.818,3.429,1.917,0.0,0.0,0.071,0.071,4.0,0.643,0.0,1.083,0.0,0.429,0.643,-0.214,0.0,0.0,0.214,,0.0,0.0,1.071,0.0,3.75,26.667,0.083,100.0,0,0.0,0.0,0.0,0.0,,1.429,7.407,0.583,0.143,4.643,5.167,4.667,4.0
Andrejs Everitt,Carlton,26,26.8,22,8.791,75.227,74.0,0,0.0,0,0,91.909,10.227,4.955,15.182,73.653,73.232,73.267,67.365,2.864,1.0,291.591,19.207,1.0,15.182,2.682,5.661,3.5,11.545,15.045,23.263,1.091,3.0,0.85,0.045,0.545,0.591,6.0,0.227,1.409,0.15,1.2,0.409,0.182,0.227,0.1,0.102,0.727,100.0,0.1,12.5,1.364,0.227,0.15,33.333,0.85,5.882,31,1.409,0.909,2.545,0.636,55.357,5.364,27.442,0.65,0.409,1.091,10.3,3.65,1.05
Ed Curnow,Carlton,26,26.14,22,8.823,82.545,79.818,4,0.182,3,0,90.545,9.818,11.909,21.727,72.803,56.436,85.714,45.188,2.136,1.909,225.182,10.364,2.273,9.56,3.227,6.732,8.409,13.182,21.591,38.947,3.682,6.55,0.5,0.591,1.909,2.5,3.409,0.318,0.0,0.55,0.05,1.045,0.955,0.091,0.0,0.0,0.0,,0.0,,4.5,0.273,0.95,26.316,0.3,50.0,0,0.0,0.136,0.182,0.227,0.0,3.545,18.14,0.95,0.182,1.227,13.45,8.25,0.6
Lachie Henderson,Carlton,26,26.04,16,10.781,67.312,60.938,4,0.25,1,1,88.125,8.375,3.438,11.812,71.429,65.812,78.723,70.899,2.312,0.688,206.25,17.46,1.812,6.517,2.25,5.25,5.688,6.75,12.438,45.729,2.812,3.143,0.786,0.0,0.188,0.188,6.0,1.375,1.438,0.929,2.0,0.625,0.812,-0.188,0.143,0.145,0.125,100.0,0.0,0.0,1.5,0.625,0.357,40.0,4.643,33.846,16,1.0,0.625,1.938,0.438,51.613,4.312,20.909,0.5,0.062,1.875,9.857,3.071,0.929
Simon White,Carlton,27,27.53,14,5.6,49.929,44.429,2,0.143,1,0,84.0,6.643,4.5,11.143,69.231,67.059,74.576,59.615,1.071,1.929,190.143,17.064,1.857,6.0,2.929,3.805,4.571,6.714,11.286,40.506,3.643,3.667,0.0,0.357,0.571,0.929,3.0,0.214,0.143,0.583,0.167,0.857,0.929,-0.071,0.083,0.088,0.5,100.0,0.25,50.0,1.857,0.071,3.75,26.667,0.333,0.0,1,0.071,0.071,0.214,0.071,33.333,1.714,9.125,0.417,0.143,4.071,8.083,5.833,3.667
Chris Yarran,Carlton,25,25.03,14,8.014,74.143,67.571,2,0.143,1,0,83.857,13.0,2.929,15.929,75.785,72.671,84.211,81.614,2.143,2.429,289.214,18.157,3.071,5.186,2.357,6.758,3.571,12.214,15.786,22.624,3.286,2.25,0.0,0.0,0.357,0.357,4.857,0.357,0.286,0.75,0.5,0.714,1.143,-0.429,0.0,0.0,0.0,,0.0,,2.357,0.071,1.5,33.333,0.333,0.0,3,0.214,0.143,0.5,0.357,42.857,3.071,16.165,0.5,1.0,1.571,9.083,5.5,0.833
Zach Tuohy,Carlton,26,26.05,22,9.395,79.318,68.5,22,1.0,5,2,92.091,10.864,7.955,18.818,80.435,76.415,82.166,57.729,1.0,3.545,342.818,18.217,1.955,9.628,3.136,6.0,5.273,12.136,17.409,30.287,4.864,4.3,0.1,0.136,0.591,0.727,4.864,0.273,0.0,0.7,0.05,0.636,0.727,-0.091,0.0,0.0,0.0,,0.0,,1.091,0.0,1.8,27.778,0.0,,9,0.409,0.136,0.545,0.0,75.0,3.409,17.442,1.2,1.182,2.0,6.65,4.8,1.45
Troy Menzel,Carlton,21,21.27,14,5.436,48.286,47.0,0,0.0,0,0,71.929,6.214,3.071,9.286,66.154,61.25,78.378,66.923,0.929,0.786,121.643,13.1,1.286,7.222,2.0,4.643,3.714,6.143,9.857,37.681,1.214,2.5,0.667,0.143,0.143,0.286,3.286,0.571,0.714,0.333,0.583,0.714,0.429,0.286,0.0,0.0,0.0,,0.0,,1.714,0.286,0.417,40.0,1.417,11.765,13,0.929,0.5,1.571,0.071,59.091,2.714,14.729,0.5,0.143,0.857,9.833,3.833,0.75
Kristian Jaksch,Carlton,21,21.23,6,5.317,52.167,44.667,0,0.0,0,0,89.333,6.5,3.833,10.333,69.355,64.103,78.261,62.903,1.167,2.5,213.667,20.677,1.833,5.636,2.667,3.875,2.333,7.667,10.0,23.333,2.167,1.333,0.0,0.0,0.167,0.167,4.333,0.5,0.333,0.5,0.5,0.333,0.833,-0.5,0.0,0.0,0.0,,0.0,,1.333,0.167,3.833,26.087,1.167,14.286,1,0.167,0.333,0.5,0.0,33.333,1.667,9.091,0.5,0.0,6.0,5.333,2.167,5.833
Tom Bell,Carlton,24,24.54,22,11.636,89.636,88.818,25,1.136,4,6,85.864,13.409,7.727,21.136,69.247,59.928,85.897,63.441,4.545,1.682,411.636,19.475,3.045,6.94,4.727,4.471,7.409,13.636,21.045,35.205,2.273,6.0,1.3,0.591,1.955,2.545,4.409,0.136,0.5,0.2,0.85,0.409,0.773,-0.364,0.0,0.0,0.727,,0.25,33.333,3.955,1.0,0.1,50.0,0.45,11.111,17,0.773,0.636,1.773,0.773,43.59,5.091,26.047,1.0,0.455,1.318,15.85,6.15,0.55
Clem Smith,Carlton,19,19.9,7,2.486,25.857,26.143,0,0.0,0,0,56.714,3.429,4.429,7.857,60.0,50.0,70.37,43.636,1.571,0.286,112.714,14.345,2.286,3.438,2.857,2.75,3.143,5.286,8.429,37.288,1.571,2.5,0.833,0.0,0.429,0.429,1.571,0.143,0.0,0.167,0.0,0.143,1.0,-0.857,0.0,0.0,0.0,,0.0,,1.286,0.429,0.0,,0.667,25.0,0,0.0,0.0,0.0,0.286,,2.0,10.448,0.333,0.286,1.0,9.0,3.667,0.333
Chris Newman,Richmond,33,33.62,17,7.494,61.353,56.176,0,0.0,0,0,74.059,8.0,4.353,12.353,69.048,64.394,79.167,64.762,2.529,0.882,238.353,19.295,1.471,8.4,2.529,4.884,4.176,8.235,12.412,33.649,2.059,3.062,0.938,0.059,0.353,0.412,3.529,0.176,0.412,0.312,0.75,0.647,0.647,0.0,0.0,0.0,0.0,,0.0,,2.353,0.647,0.312,20.0,0.25,50.0,12,0.706,0.529,1.471,0.471,48.0,4.294,17.506,0.688,0.118,1.529,13.25,4.625,0.938
Troy Chaplin,Richmond,29,29.85,22,8.855,72.955,63.045,8,0.381,1,0,98.318,9.5,5.591,15.091,83.133,80.788,86.957,62.952,0.955,2.182,198.909,13.181,1.5,10.061,2.045,7.378,4.364,10.773,15.136,28.829,5.545,2.619,0.0,0.0,0.091,0.091,6.227,0.545,0.136,1.667,0.095,0.818,0.864,-0.045,0.095,0.103,0.0,0.0,0.0,,1.545,0.0,3.667,19.481,0.238,0.0,1,0.045,0.0,0.136,0.136,33.333,3.318,13.852,1.381,0.182,4.409,6.381,4.952,3.619
Brett Deledio,Richmond,28,28.7,18,14.456,111.833,94.611,48,2.824,7,8,86.222,12.389,9.222,21.611,72.751,65.072,83.019,57.326,3.778,0.889,328.833,15.216,2.222,9.725,3.333,6.483,8.5,13.444,21.944,38.734,1.667,5.235,1.647,0.833,1.833,2.667,5.944,0.722,1.389,0.235,1.706,1.222,0.889,0.333,0.235,0.253,0.333,100.0,0.235,80.0,3.111,1.0,0.059,0.0,1.412,37.5,27,1.5,0.833,2.722,0.778,55.102,8.111,33.107,1.294,1.111,1.778,12.588,3.529,0.706
Ivan Maric,Richmond,29,29.98,22,12.827,93.273,80.636,11,0.524,5,3,89.364,6.682,6.364,13.045,70.732,63.946,77.857,51.22,1.636,0.727,141.591,10.854,1.636,7.972,2.0,6.523,8.045,4.864,12.909,62.324,2.091,4.0,0.591,1.182,2.318,3.5,2.909,0.864,0.409,0.682,0.409,1.682,0.727,0.955,70.591,76.016,25.364,35.93,7.0,27.599,2.773,0.409,0.955,19.048,1.318,31.034,11,0.5,0.182,0.773,0.318,64.706,5.045,21.063,2.455,0.045,3.318,11.955,5.364,2.5
Shaun Grigg,Richmond,27,27.69,23,9.77,90.043,89.174,18,0.818,4,0,83.435,11.261,9.957,21.217,71.721,63.306,80.93,53.074,3.348,0.87,307.304,14.484,1.87,11.349,3.261,6.507,7.478,13.217,20.696,36.134,1.304,5.136,0.818,1.261,2.478,3.739,4.565,0.087,0.435,0.091,0.545,0.957,0.609,0.348,0.0,0.0,1.174,,0.455,40.0,4.217,0.609,0.091,50.0,0.227,20.0,16,0.696,0.435,1.304,0.348,53.333,5.783,24.27,0.909,0.13,0.522,13.909,5.909,0.273
Bachar Houli,Richmond,27,27.63,23,8.909,95.391,86.174,21,0.955,6,2,85.087,14.043,8.174,22.217,80.235,78.275,83.06,63.209,2.696,4.913,445.087,20.033,2.043,10.872,4.348,5.11,4.913,14.957,19.87,24.726,5.087,3.909,0.0,0.087,0.609,0.696,5.478,0.478,0.217,1.045,0.273,0.652,0.348,0.304,0.0,0.0,0.0,,0.0,,2.565,0.043,0.955,19.048,0.045,100.0,5,0.217,0.087,0.348,0.261,62.5,4.348,18.248,1.273,1.696,1.696,10.227,6.227,1.455
Jack Riewoldt,Richmond,27,27.16,23,13.083,92.348,78.391,23,1.045,4,3,95.826,9.739,3.304,13.043,67.333,63.81,78.667,74.667,3.261,0.13,244.174,18.72,1.609,8.108,2.304,5.66,5.87,7.217,13.087,44.85,0.957,2.818,1.182,0.087,0.348,0.435,6.261,1.826,3.087,0.182,2.455,1.13,0.783,0.348,0.091,0.098,0.565,100.0,0.182,30.769,2.261,0.696,0.045,0.0,3.955,24.138,54,2.348,1.304,4.174,0.957,56.25,6.826,28.65,0.409,0.043,1.609,11.727,3.182,1.273
Steven Morris,Richmond,27,27.0,14,5.364,48.5,39.143,0,0.0,0,0,84.286,3.357,5.357,8.714,78.689,57.447,93.056,38.525,0.786,0.643,73.286,8.41,1.5,5.81,1.5,5.81,3.643,5.286,8.929,40.8,1.857,2.462,0.385,0.071,0.429,0.5,2.071,0.143,0.643,0.385,0.462,0.929,1.0,-0.071,0.0,0.0,0.0,,0.0,,3.071,1.0,0.846,18.182,0.615,12.5,4,0.286,0.214,0.571,0.5,50.0,2.857,11.765,0.231,0.143,1.857,13.692,5.538,1.308
Shane Edwards,Richmond,27,27.18,16,12.094,88.438,73.0,36,2.4,6,6,78.75,9.5,9.25,18.75,68.0,57.143,78.322,50.667,3.125,0.938,280.375,14.953,2.75,6.818,2.812,6.667,9.938,9.0,18.938,52.475,1.875,7.533,1.667,1.438,1.875,3.312,2.75,0.438,0.688,0.2,0.267,0.75,0.812,-0.062,0.0,0.0,0.0,,0.0,,3.5,0.875,0.067,0.0,0.6,33.333,13,0.812,0.562,1.75,0.688,46.429,6.062,24.936,1.733,0.562,1.0,16.2,6.333,0.333
Alex Rance,Richmond,26,26.22,23,13.77,98.174,70.957,51,2.318,9,8,97.957,8.826,8.522,17.348,83.208,78.307,87.234,50.877,0.783,3.652,211.13,12.17,2.13,8.143,1.957,8.867,7.043,10.478,17.522,40.199,7.739,4.364,0.0,0.0,0.174,0.174,5.87,1.087,0.0,2.318,0.136,1.261,1.174,0.087,0.045,0.049,0.261,100.0,0.091,40.0,2.957,0.043,5.136,20.354,0.182,0.0,0,0.0,0.0,0.0,0.13,,3.348,14.051,1.818,1.13,8.826,8.636,6.818,7.682
Trent Cotchin,Richmond,25,25.73,22,11.777,96.864,88.818,61,2.905,9,17,85.364,14.227,10.318,24.545,63.148,54.209,75.455,57.963,3.455,1.545,328.227,13.372,3.273,7.5,4.227,5.806,12.318,11.727,24.045,51.229,3.227,8.333,1.429,1.818,3.273,5.091,3.227,0.227,0.455,0.333,0.524,2.318,1.318,1.0,0.048,0.051,0.136,100.0,0.0,0.0,3.364,0.273,0.143,0.0,0.476,10.0,12,0.545,0.591,1.318,0.545,41.379,5.909,24.809,1.524,0.318,1.0,15.81,7.476,0.429
Nathan Gordon,Richmond,25,25.88,9,4.944,43.778,47.222,0,0.0,0,0,62.333,6.111,5.111,11.222,62.376,60.784,70.0,54.455,2.667,0.222,188.667,16.812,2.222,5.05,3.667,3.061,4.0,7.333,11.333,35.294,2.111,3.0,0.375,0.0,0.111,0.111,3.444,0.222,1.111,0.0,0.75,0.444,0.778,-0.333,0.0,0.0,0.0,,0.0,,1.222,0.222,0.0,,0.5,25.0,7,0.778,0.667,1.444,0.111,53.846,3.444,13.717,0.25,0.222,0.556,6.125,2.375,0.25
Ben Griffiths,Richmond,24,24.28,13,4.969,62.385,57.385,0,0.0,0,0,76.615,6.538,3.154,9.692,69.048,62.353,82.927,67.46,2.462,0.077,158.231,16.325,1.615,6.0,1.692,5.727,4.308,5.769,10.077,42.748,0.846,2.154,0.692,0.385,0.077,0.462,4.538,0.923,1.154,0.231,1.385,0.923,0.769,0.154,13.462,14.102,5.538,41.143,1.615,29.167,1.769,0.462,0.154,50.0,3.846,22.0,12,0.923,1.077,2.462,0.462,37.5,5.0,20.833,0.692,0.0,1.923,8.077,2.0,1.615
Dylan Grimes,Richmond,24,24.45,18,6.317,51.889,42.556,0,0.0,0,0,75.333,5.944,4.944,10.889,82.143,80.808,84.884,54.592,0.833,1.444,124.444,11.429,1.333,8.167,1.833,5.939,4.333,6.444,10.778,40.206,5.0,2.941,0.118,0.0,0.167,0.167,2.889,0.556,0.0,1.353,0.118,1.333,0.722,0.611,0.0,0.0,0.0,,0.0,,1.667,0.056,2.059,25.714,0.235,0.0,1,0.056,0.0,0.056,0.0,100.0,2.167,9.42,1.118,0.0,3.333,8.471,6.353,3.059
Taylor Hunt,Richmond,25,25.15,23,5.774,67.261,66.913,9,0.409,2,4,84.652,9.913,7.522,17.435,78.055,72.222,85.629,56.858,1.739,2.0,210.957,12.1,2.304,7.566,2.609,6.683,4.13,13.87,18.0,22.947,3.217,3.455,0.318,0.13,0.478,0.609,5.261,0.043,0.0,0.364,0.136,0.696,0.913,-0.217,0.0,0.0,0.043,,0.045,100.0,2.0,0.0,0.636,50.0,0.045,100.0,1,0.043,0.087,0.217,0.435,20.0,3.348,14.051,0.773,0.522,1.348,8.864,5.273,1.136
Sam Lloyd,Richmond,25,25.82,12,6.792,50.917,48.75,0,0.0,0,0,57.083,5.917,4.333,10.25,71.545,66.197,78.846,57.724,2.333,0.167,155.667,15.187,1.417,7.235,1.5,6.833,4.75,5.75,10.5,45.238,0.75,3.5,0.833,0.25,0.5,0.75,3.167,0.333,0.917,0.0,0.917,0.667,0.667,0.0,0.0,0.0,0.0,,0.0,,1.75,0.583,0.0,,1.083,23.077,13,1.083,0.667,1.917,0.25,56.522,4.083,16.443,0.25,0.333,0.333,7.25,1.583,0.25
Anthony Miles,Richmond,23,23.83,23,11.104,97.435,87.304,19,0.864,4,9,83.957,12.043,11.609,23.652,75.184,66.045,84.436,50.919,3.522,1.783,304.739,12.884,2.652,8.918,3.348,7.065,11.609,12.522,24.13,48.108,2.304,7.136,0.682,2.348,3.522,5.87,4.0,0.087,0.174,0.364,0.227,2.652,1.478,1.174,0.0,0.0,0.0,,0.0,,3.913,0.435,0.136,33.333,0.045,0.0,7,0.304,0.261,0.739,0.478,41.176,5.913,24.818,1.682,0.174,0.609,15.227,7.045,0.091
Dustin Martin,Richmond,24,24.51,23,13.035,103.957,101.739,61,2.773,10,21,79.739,17.391,8.565,25.957,67.839,60.26,84.293,67.002,4.348,2.304,457.913,17.642,3.957,6.56,5.478,4.738,8.87,17.348,26.217,33.831,2.348,6.045,0.773,1.13,2.043,3.174,4.478,0.478,0.435,0.273,0.636,0.696,1.348,-0.652,0.0,0.0,0.043,,0.0,0.0,3.87,0.391,0.091,50.0,1.045,56.522,24,1.043,0.565,1.87,0.478,55.814,6.565,27.555,0.727,0.391,0.87,15.5,7.364,0.273
Jake Batchelor,Richmond,23,23.87,23,5.27,56.348,52.696,0,0.0,0,0,82.913,7.739,4.565,12.304,78.092,74.419,83.495,62.898,0.957,2.13,172.478,14.018,1.783,6.902,1.87,6.581,3.174,9.0,12.174,26.071,3.304,2.318,0.045,0.043,0.087,0.13,4.826,0.609,0.043,0.955,0.136,0.217,0.783,-0.565,0.0,0.0,0.043,,0.0,0.0,1.913,0.043,2.136,23.404,0.045,0.0,1,0.043,0.043,0.087,0.174,50.0,2.304,9.672,0.818,0.348,3.261,6.409,4.182,2.727
Brandon Ellis,Richmond,22,22.4,23,9.091,97.217,99.696,41,1.864,10,7,86.0,14.87,10.957,25.826,72.727,65.538,82.305,57.576,3.217,2.217,386.391,14.961,2.913,8.866,4.217,6.124,6.826,18.739,25.565,26.701,3.391,5.0,0.5,0.304,1.87,2.174,6.348,0.304,0.261,0.818,0.5,0.652,0.826,-0.174,0.0,0.0,0.0,,0.0,,3.348,0.391,0.273,33.333,0.727,25.0,8,0.348,0.478,1.087,0.261,32.0,4.87,20.438,1.182,1.043,0.739,13.636,6.955,0.318
Gary Ablett,Gold Coast,31,31.63,6,20.2,115.5,94.5,15,2.5,3,5,75.833,15.667,7.167,22.833,78.102,74.468,86.047,68.613,4.5,2.667,477.333,20.905,3.0,7.611,5.667,4.029,11.0,11.167,22.167,49.624,3.167,7.333,1.667,2.667,3.5,6.167,2.0,0.167,0.333,0.5,0.667,2.5,1.5,1.0,0.167,0.171,0.0,0.0,0.0,,4.667,0.167,0.333,50.0,0.667,50.0,10,1.667,0.5,2.167,0.667,76.923,6.667,29.197,1.667,0.167,1.5,13.0,6.667,0.667
Nick Malceski,Gold Coast,31,31.37,16,7.588,71.125,67.625,0,0.0,0,0,79.5,11.375,5.25,16.625,71.429,66.484,82.143,68.421,1.688,4.0,346.0,20.812,2.375,7.0,3.5,4.75,4.625,11.688,16.312,28.352,3.875,3.625,0.125,0.0,1.125,1.125,4.688,0.062,0.25,0.875,0.25,0.625,0.75,-0.125,0.0,0.0,0.0,,0.0,,2.312,0.188,0.812,46.154,0.125,0.0,3,0.188,0.188,0.438,0.188,42.857,2.75,12.571,0.625,0.375,2.562,10.5,7.562,1.938
Jarrod Harbrow,Gold Coast,27,27.45,15,7.12,74.467,75.4,1,0.067,1,0,85.733,10.533,6.867,17.4,68.199,62.025,77.67,60.536,2.4,2.067,272.333,15.651,2.067,8.419,2.733,6.366,6.0,11.867,17.867,33.582,2.667,4.067,0.2,0.2,1.133,1.333,4.667,0.2,0.2,0.667,0.4,1.067,0.733,0.333,0.0,0.0,0.0,,0.0,,3.8,0.067,0.8,41.667,0.067,100.0,4,0.267,0.4,0.733,0.2,36.364,3.133,15.825,0.933,1.2,1.667,13.067,7.467,0.867
Michael Rischitelli,Gold Coast,29,29.97,21,9.881,92.333,95.381,13,0.619,4,3,80.524,13.429,9.0,22.429,63.482,52.128,80.423,59.873,3.857,1.333,351.381,15.667,2.905,7.721,4.667,4.806,10.19,12.143,22.333,45.629,2.333,6.143,1.0,2.524,2.905,5.429,3.857,0.238,0.238,0.238,0.429,1.048,0.952,0.095,0.143,0.147,0.238,100.0,0.0,0.0,6.048,0.524,0.143,33.333,0.333,42.857,8,0.381,0.619,1.143,0.619,33.333,4.714,22.759,1.429,0.19,1.095,18.238,9.476,0.333
Greg Broughton,Gold Coast,29,29.25,5,3.2,36.2,34.6,0,0.0,0,0,69.0,3.2,6.6,9.8,83.673,68.75,90.909,32.653,0.4,0.6,69.2,7.061,1.2,8.167,1.2,8.167,2.8,6.8,9.6,29.167,2.8,2.4,0.2,0.0,0.4,0.4,1.8,0.0,0.0,0.4,0.0,0.2,0.6,-0.4,0.0,0.0,0.0,,0.0,,2.0,0.0,1.4,57.143,0.2,0.0,0,0.0,0.0,0.0,0.0,,1.4,7.143,0.6,0.0,1.4,9.4,6.8,1.2
Zac Smith,Gold Coast,25,25.85,11,9.764,78.818,70.273,0,0.0,0,0,82.0,4.545,6.455,11.0,64.463,48.0,76.056,41.322,0.818,1.182,95.545,8.686,2.727,4.033,3.091,3.559,6.727,4.364,11.091,60.656,1.636,4.545,0.727,0.909,1.636,2.545,2.0,0.364,0.364,0.273,0.182,1.364,0.818,0.545,63.636,65.482,24.909,39.143,8.364,33.577,3.182,0.545,0.636,57.143,1.091,25.0,2,0.182,0.091,0.455,0.091,40.0,3.182,14.831,1.818,0.0,3.636,12.273,5.0,2.818
Rory Thompson,Gold Coast,24,24.8,12,6.158,47.75,34.0,0,0.0,0,0,86.583,4.5,3.083,7.583,74.725,68.519,83.784,59.341,0.667,1.583,132.75,17.505,1.0,7.583,1.5,5.056,2.667,4.667,7.333,36.364,3.333,1.5,0.0,0.0,0.0,0.0,3.167,0.833,0.0,1.417,0.0,0.25,0.333,-0.083,0.5,0.53,0.583,100.0,0.333,57.143,1.25,0.0,4.167,20.0,0.0,,0,0.0,0.0,0.083,0.083,0.0,1.25,5.682,0.583,0.083,6.667,5.417,4.667,5.917
Trent McKenzie,Gold Coast,23,23.74,16,6.713,56.812,51.938,0,0.0,0,0,82.312,8.562,3.438,12.0,69.271,67.153,74.545,71.354,1.5,3.062,280.188,23.349,2.688,4.465,4.5,2.667,4.688,6.25,10.938,42.857,4.0,3.5,0.125,0.375,0.5,0.875,2.938,0.312,0.062,0.75,0.125,0.688,0.688,0.0,0.0,0.0,0.062,,0.062,100.0,2.75,0.188,1.812,41.379,0.375,33.333,2,0.125,0.125,0.312,0.0,40.0,2.25,10.976,1.125,0.188,2.312,9.688,6.562,2.062
Mitch Hallahan,Gold Coast,23,23.35,12,10.775,78.917,77.583,0,0.0,0,0,79.833,11.167,7.833,19.0,61.404,50.746,76.596,58.772,2.417,1.5,270.5,14.237,3.167,6.0,4.5,4.222,11.25,7.917,19.167,58.696,2.583,8.0,0.833,2.5,3.667,6.167,3.167,0.0,0.333,0.333,0.167,0.833,0.75,0.083,0.167,0.17,0.0,0.0,0.0,,4.667,0.583,0.167,50.0,0.167,0.0,3,0.25,0.167,0.583,0.333,42.857,2.667,13.793,0.917,0.0,1.0,20.833,10.0,0.25
Matt Shaw,Gold Coast,23,23.9,15,6.373,57.8,62.4,0,0.0,0,0,82.333,7.467,6.667,14.133,73.113,63.393,84.0,52.83,1.133,1.4,178.067,12.599,1.533,9.217,2.267,6.235,4.667,9.333,14.0,33.333,2.933,3.2,0.467,0.067,0.933,1.0,4.933,0.267,0.2,0.6,0.533,0.6,0.267,0.333,0.0,0.0,0.267,,0.0,0.0,2.533,0.0,0.533,25.0,0.133,0.0,4,0.267,0.067,0.4,0.067,66.667,3.2,14.861,0.667,0.133,1.667,14.133,7.667,1.267
Daniel Gorringe,Gold Coast,23,23.57,2,7.9,51.5,45.5,0,0.0,0,0,67.0,3.0,5.5,8.5,70.588,83.333,63.636,35.294,0.5,0.0,69.0,8.118,1.0,8.5,0.5,17.0,4.5,5.0,9.5,47.368,1.0,3.5,0.0,1.5,0.0,1.5,1.5,0.0,1.0,0.0,1.5,1.0,0.0,1.0,18.5,18.049,3.0,16.216,1.5,50.0,3.5,1.5,0.0,,1.5,0.0,1,0.5,0.0,0.5,0.5,100.0,4.0,14.545,2.0,0.0,0.0,13.5,2.0,0.0
Harley Bennell,Gold Coast,23,23.24,15,13.687,101.667,92.0,16,1.067,4,7,88.133,15.0,8.533,23.533,66.856,60.0,78.906,63.739,4.333,2.2,417.133,17.725,2.467,9.541,5.4,4.358,9.0,13.867,22.867,39.359,2.667,6.333,1.067,0.533,2.733,3.267,3.667,0.467,0.6,0.333,0.467,0.8,0.8,0.0,0.0,0.0,0.467,,0.267,57.143,3.667,0.467,0.267,0.0,1.067,31.25,11,0.733,1.0,2.0,0.933,36.667,6.2,28.882,1.4,0.6,1.4,16.467,6.6,0.8
Kade Kolodjashnij,Gold Coast,20,20.39,22,9.855,89.364,83.773,23,1.045,7,0,91.455,14.545,7.727,22.273,75.102,72.5,80.0,65.306,1.727,4.5,364.273,16.355,2.955,7.538,4.955,4.495,6.318,14.773,21.091,29.957,6.318,5.136,0.091,0.182,0.591,0.773,5.636,0.364,0.045,1.318,0.0,0.773,0.682,0.091,0.0,0.0,0.0,,0.0,,1.909,0.0,1.273,32.143,0.045,0.0,5,0.227,0.045,0.273,0.136,83.333,3.318,15.939,1.136,0.955,3.136,10.0,7.045,2.864
Jarrod Garlett,Gold Coast,19,19.66,9,4.833,34.333,36.556,0,0.0,0,0,61.222,4.889,4.111,9.0,58.025,50.0,67.568,54.321,1.556,0.222,149.111,16.568,1.333,6.75,2.111,4.263,3.778,4.889,8.667,43.59,1.0,3.111,1.0,0.0,0.333,0.333,1.556,0.333,0.222,0.0,0.111,0.222,0.444,-0.222,0.0,0.0,0.0,,0.0,,1.667,0.333,0.0,,1.0,33.333,4,0.444,0.778,1.444,0.111,30.769,2.556,11.275,0.333,0.444,0.556,10.222,2.556,0.333
Daniel Cross,Melbourne,32,32.75,22,10.823,91.091,84.091,1,0.045,1,0,90.727,9.818,12.5,22.318,76.578,67.593,83.636,43.992,1.318,2.227,223.773,10.026,1.955,11.419,3.227,6.915,9.045,13.636,22.682,39.88,6.136,6.273,0.091,0.682,1.636,2.318,5.273,0.909,0.045,1.727,0.136,1.136,0.773,0.364,0.0,0.0,1.136,,0.318,28.0,3.455,0.091,1.136,32.0,0.364,50.0,0,0.0,0.045,0.091,0.136,0.0,3.318,16.295,1.182,0.136,2.773,12.091,8.182,2.045
Mark Jamar,Melbourne,32,32.39,5,9.76,74.2,67.4,0,0.0,0,0,84.0,4.4,3.4,7.8,69.231,68.182,70.588,56.41,1.4,0.6,97.8,12.538,3.2,2.438,1.8,4.333,6.0,2.2,8.2,73.171,1.2,2.6,0.2,0.6,2.2,2.8,1.6,0.8,0.2,0.4,0.0,2.0,2.2,-0.2,80.8,75.373,30.0,37.129,8.6,28.667,3.6,0.0,0.8,50.0,1.8,11.111,2,0.4,0.4,0.8,0.0,50.0,3.4,15.596,2.4,0.0,1.6,6.6,5.0,1.2
Heritier Lumumba,Melbourne,29,29.12,19,7.584,63.526,56.947,2,0.105,1,0,85.842,7.526,6.684,14.211,76.667,74.126,79.528,52.963,1.789,2.368,247.947,17.448,2.053,6.923,3.105,4.576,4.368,10.105,14.474,30.182,3.158,3.632,0.263,0.158,0.474,0.632,3.211,0.263,0.053,0.526,0.053,0.316,1.0,-0.684,0.0,0.0,0.526,,0.0,0.0,3.211,0.368,0.895,41.176,0.105,0.0,2,0.105,0.053,0.316,0.158,33.333,2.263,10.997,0.316,0.368,1.947,10.421,7.0,1.526
Nathan Jones,Melbourne,27,27.94,22,11.605,91.091,85.773,33,1.5,6,10,80.182,12.182,11.591,23.773,69.79,60.821,79.216,51.243,4.409,0.955,318.682,13.405,2.636,9.017,3.818,6.226,9.864,14.091,23.955,41.176,2.136,5.909,0.818,1.5,3.227,4.727,2.409,0.0,0.227,0.045,0.364,1.227,1.091,0.136,0.045,0.044,0.0,0.0,0.0,,4.318,0.455,0.182,25.0,0.045,0.0,12,0.545,0.318,1.0,0.409,54.545,5.409,26.562,1.136,0.045,0.591,14.909,7.591,0.227
Lynden Dunn,Melbourne,28,28.63,22,8.982,82.773,66.364,6,0.273,1,0,93.273,11.0,5.5,16.5,80.441,79.752,81.818,66.667,1.5,4.318,359.0,21.758,1.773,9.308,3.364,4.905,4.182,10.318,14.5,28.84,5.318,2.955,0.091,0.091,0.182,0.273,4.5,0.318,0.091,1.318,0.182,0.727,0.955,-0.227,1.227,1.189,0.636,51.852,0.182,28.571,2.5,0.091,4.045,25.843,0.136,0.0,1,0.045,0.091,0.227,0.045,20.0,3.318,16.295,1.273,1.0,4.591,6.818,5.273,3.818
Jeff Garlett,Melbourne,26,26.4,22,9.591,67.318,63.5,5,0.227,2,0,91.727,7.955,2.818,10.773,58.65,52.571,75.806,73.84,1.955,0.318,200.364,18.599,2.227,4.837,2.227,4.837,5.364,5.591,10.955,48.963,1.409,3.727,1.955,0.364,0.909,1.273,2.273,0.455,1.318,0.136,0.227,0.545,0.682,-0.136,0.0,0.0,0.0,,0.0,,4.091,1.818,0.045,0.0,1.364,36.667,40,1.818,1.409,3.636,0.455,50.0,5.227,25.67,1.136,1.136,0.864,15.409,3.682,0.364
Colin Garland,Melbourne,27,27.67,20,8.425,70.5,62.3,3,0.15,2,0,89.7,9.7,4.25,13.95,74.91,72.165,81.176,69.534,1.55,2.95,269.5,19.319,1.9,7.342,2.8,4.982,4.2,9.8,14.0,30.0,4.25,2.9,0.1,0.1,0.4,0.5,4.15,0.5,0.05,1.05,0.15,0.5,0.75,-0.25,0.0,0.0,0.0,,0.0,,3.4,0.05,2.4,20.833,0.25,40.0,1,0.05,0.1,0.25,0.05,20.0,2.25,11.194,0.75,0.0,4.15,9.25,6.5,3.75
Jack Watts,Melbourne,24,24.76,20,7.785,70.6,68.15,9,0.45,2,0,78.35,8.45,7.8,16.25,77.231,71.006,83.974,52.0,1.75,1.35,206.5,12.708,1.7,9.559,2.25,7.222,5.6,10.5,16.1,34.783,1.5,3.8,0.9,0.1,1.05,1.15,5.1,0.45,0.5,0.15,0.85,0.7,0.65,0.05,0.2,0.194,1.45,100.0,0.5,34.483,2.1,0.75,0.05,0.0,0.8,37.5,10,0.5,0.3,0.85,0.55,58.824,4.4,21.728,0.65,0.05,0.8,10.7,5.1,0.45
Neville Jetta,Melbourne,25,25.88,16,8.137,54.438,45.562,0,0.0,0,0,81.875,4.75,7.25,12.0,83.333,71.053,91.379,39.583,0.312,1.188,111.875,9.323,1.75,6.857,1.188,10.105,5.062,7.25,12.312,41.117,4.812,3.938,0.0,0.125,0.5,0.625,2.688,0.25,0.125,1.0,0.188,1.125,1.0,0.125,0.0,0.0,0.0,,0.0,,2.562,0.125,1.562,20.0,0.062,100.0,1,0.062,0.0,0.062,0.062,100.0,2.5,12.422,0.75,0.0,2.062,6.75,4.875,1.938
Benjamin Newton,Melbourne,23,23.39,11,11.409,67.636,64.364,0,0.0,0,0,75.091,8.0,6.818,14.818,68.098,60.227,77.333,53.988,2.909,1.091,245.909,16.595,1.364,10.867,2.909,5.094,7.273,7.636,14.909,48.78,2.0,5.364,1.636,0.636,1.636,2.273,2.545,0.0,0.182,0.182,0.091,0.455,0.364,0.091,0.0,0.0,0.091,,0.0,0.0,3.273,0.545,0.182,0.0,0.545,50.0,11,1.0,0.545,1.636,0.364,61.111,3.818,17.949,0.909,0.182,0.182,12.0,6.455,0.0
Dom Tyson,Melbourne,22,22.56,15,7.987,79.867,81.133,0,0.0,0,0,79.6,10.133,11.533,21.667,70.154,56.579,82.081,46.769,2.467,1.867,282.6,13.043,3.467,6.25,4.0,5.417,8.667,13.533,22.2,39.039,1.333,5.933,1.133,1.133,3.4,4.533,3.4,0.067,0.133,0.2,0.067,0.667,1.2,-0.533,0.0,0.0,0.267,,0.0,0.0,4.333,0.6,0.267,25.0,0.4,33.333,6,0.4,0.4,1.0,0.467,40.0,4.8,23.301,0.8,0.133,0.6,13.933,6.533,0.467
Jimmy Toumpas,Melbourne,21,21.99,9,5.1,53.556,59.444,0,0.0,0,0,71.667,6.556,8.444,15.0,74.074,71.186,76.316,43.704,1.111,1.333,143.778,9.585,1.667,9.0,2.222,6.75,3.889,11.222,15.111,25.735,1.222,3.0,0.556,0.556,0.778,1.333,3.0,0.111,0.333,0.111,0.111,0.111,0.444,-0.333,0.0,0.0,0.0,,0.0,,3.111,0.0,0.0,,0.111,0.0,4,0.444,0.0,0.556,0.222,80.0,3.667,18.033,0.556,0.0,0.333,9.556,5.556,0.111
Dean Kent,Melbourne,21,21.84,4,5.1,43.0,37.75,0,0.0,0,0,65.75,6.0,3.75,9.75,53.846,37.5,80.0,61.538,2.0,0.25,162.0,16.615,3.0,3.25,3.5,2.786,5.25,4.5,9.75,53.846,2.0,4.0,1.5,0.0,1.0,1.0,1.25,0.0,0.5,0.25,0.0,1.25,1.25,0.0,0.0,0.0,0.0,,0.0,,1.75,0.75,0.0,,0.25,0.0,2,0.5,1.0,1.75,0.0,28.571,3.75,16.854,1.25,0.0,0.25,6.25,1.75,0.25
Jay Kennedy Harris,Melbourne,20,20.77,8,3.625,39.625,38.625,0,0.0,0,0,72.625,5.0,4.125,9.125,69.863,60.0,81.818,54.795,1.625,0.375,125.375,13.74,1.5,6.083,1.75,5.214,3.75,5.75,9.5,39.474,1.375,2.5,0.5,0.125,0.25,0.375,2.75,0.25,0.875,0.0,0.375,0.5,0.75,-0.25,0.0,0.0,0.0,,0.0,,1.75,0.25,0.25,50.0,1.375,18.182,2,0.25,0.375,0.75,0.625,33.333,3.0,13.26,0.125,0.25,0.625,7.75,3.0,0.25
Aaron vandenBerg,Melbourne,23,23.82,14,8.686,75.286,73.929,11,0.786,2,3,74.857,10.214,6.571,16.786,58.298,48.252,73.913,60.851,3.571,1.214,299.143,17.821,2.5,6.714,3.5,4.796,8.071,8.571,16.643,48.498,1.714,6.0,1.071,0.714,2.214,2.929,3.143,0.5,0.571,0.214,0.429,0.429,0.929,-0.5,0.0,0.0,0.071,,0.0,0.0,5.0,1.214,0.286,50.0,0.643,33.333,5,0.357,0.857,1.5,0.357,23.81,3.857,18.75,0.857,0.071,0.714,15.286,6.143,0.429
Angus Brayshaw,Melbourne,19,19.97,21,8.529,65.476,61.667,0,0.0,0,0,69.476,8.095,4.619,12.714,66.667,63.529,72.165,63.67,2.952,0.952,253.238,19.918,1.714,7.417,3.095,4.108,6.048,7.0,13.048,46.35,1.857,4.476,0.762,0.333,1.429,1.762,2.571,0.238,0.381,0.333,0.524,1.143,0.381,0.762,0.0,0.0,0.0,,0.0,,4.714,0.714,0.143,0.0,0.81,17.647,5,0.238,0.143,0.762,0.81,31.25,3.571,17.281,1.143,0.19,0.619,15.81,7.095,0.476
Paul Chapman,Essendon,34,34.15,9,6.667,62.889,62.556,0,0.0,0,0,66.556,8.222,5.667,13.889,68.0,62.162,76.471,59.2,2.444,0.556,188.889,13.6,2.111,6.579,2.778,5.0,5.444,8.111,13.556,40.164,1.0,4.222,1.778,0.333,1.0,1.333,2.556,0.0,0.667,0.111,0.222,0.667,0.444,0.222,0.0,0.0,0.0,,0.0,,3.444,0.444,0.0,,1.333,0.0,8,0.889,0.444,1.889,0.667,47.059,4.333,22.543,0.556,0.111,0.667,10.778,3.0,0.333
Adam Cooney,Essendon,30,30.25,11,7.036,66.182,66.727,0,0.0,0,0,77.273,11.182,5.818,17.0,65.241,55.285,84.375,65.775,2.455,1.0,243.545,14.326,3.0,5.667,3.455,4.921,5.727,11.545,17.273,33.158,0.909,3.909,1.091,0.636,1.545,2.182,3.0,0.273,0.636,0.091,0.273,0.545,1.0,-0.455,0.0,0.0,0.091,,0.091,100.0,2.273,0.364,0.091,0.0,0.909,30.0,10,0.909,0.364,2.0,0.636,45.455,4.364,22.749,0.273,0.091,0.545,10.364,3.818,0.091
Brendon Goddard,Essendon,30,30.61,22,11.568,97.227,99.818,14,0.636,7,2,85.818,12.636,13.773,26.409,76.592,66.547,85.809,47.849,3.091,2.364,344.864,13.059,2.773,9.525,4.0,6.602,8.5,17.5,26.0,32.692,3.136,6.091,0.773,1.136,2.091,3.227,5.955,0.273,0.318,0.5,0.182,0.727,0.773,-0.045,0.091,0.097,0.864,100.0,0.182,21.053,3.545,0.682,0.273,16.667,0.455,50.0,10,0.455,0.318,0.864,0.455,52.632,5.682,27.778,1.0,0.364,1.045,13.227,6.409,0.773
Jobe Watson,Essendon,30,30.89,12,12.817,92.583,88.833,10,0.833,1,7,83.5,10.333,13.583,23.917,74.216,68.548,78.528,43.206,3.417,0.75,258.667,10.815,2.75,8.697,3.0,7.972,9.917,14.833,24.75,40.067,2.25,7.333,0.667,1.583,3.167,4.75,3.75,0.167,0.417,0.167,0.417,0.417,1.417,-1.0,0.333,0.347,2.083,100.0,0.417,20.0,4.417,0.333,0.0,,0.5,16.667,6,0.5,0.5,1.0,0.583,50.0,4.917,24.38,1.0,0.167,1.5,18.0,7.75,0.417
Brent Stanton,Essendon,29,29.66,22,11.173,101.318,106.818,14,0.636,5,6,87.591,17.273,8.955,26.227,73.657,66.579,87.31,65.858,3.909,2.955,453.364,17.286,2.682,9.78,5.5,4.769,6.591,19.227,25.818,25.528,3.0,4.682,0.364,0.5,2.0,2.5,6.227,0.182,0.409,0.318,0.227,0.818,0.773,0.045,0.0,0.0,0.091,,0.045,50.0,4.273,0.455,0.727,50.0,0.409,0.0,9,0.409,0.273,0.955,0.273,42.857,5.273,25.778,1.136,0.409,1.045,14.818,8.182,0.773
Ben Howlett,Essendon,27,27.19,20,10.755,76.75,75.0,3,0.15,2,3,72.55,7.7,8.3,16.0,72.812,63.636,81.325,48.125,2.55,0.7,214.55,13.409,2.1,7.619,2.75,5.818,7.8,8.55,16.35,47.706,1.9,4.95,0.95,1.4,1.8,3.2,3.05,0.25,0.35,0.2,0.1,1.25,1.0,0.25,0.0,0.0,0.15,,0.0,0.0,6.1,1.25,0.25,80.0,0.3,66.667,10,0.5,0.35,0.95,0.55,52.632,4.2,20.29,1.05,0.3,1.2,17.2,6.65,0.15
David Myers,Essendon,26,26.5,2,2.95,39.0,36.5,0,0.0,0,0,62.0,7.5,4.0,11.5,73.913,66.667,87.5,65.217,2.0,1.0,166.0,14.435,3.0,3.833,3.5,3.286,5.5,6.5,12.0,45.833,0.5,3.5,1.0,1.5,2.0,3.5,2.5,0.0,0.0,0.0,0.0,0.0,0.5,-0.5,0.0,0.0,0.0,,0.0,,0.0,0.0,0.0,,0.0,,0,0.0,0.0,0.5,0.5,0.0,2.0,11.765,0.5,0.0,1.0,3.5,3.0,0.0
Tom Bellchambers,Essendon,26,26.47,10,6.1,62.3,63.5,0,0.0,0,0,78.8,5.2,4.6,9.8,71.429,57.692,86.957,53.061,1.0,0.8,118.4,12.082,2.5,3.92,1.9,5.158,3.7,5.8,9.5,38.947,1.5,1.6,0.0,0.3,1.2,1.5,3.6,0.8,0.3,0.5,0.3,0.9,1.7,-0.8,68.4,72.0,24.7,36.111,7.5,30.364,1.5,0.1,1.2,25.0,1.3,15.385,2,0.2,0.2,0.4,0.3,50.0,3.3,15.64,1.7,0.0,2.3,6.3,3.0,2.0
Cale Hooker,Essendon,27,27.21,22,10.4,90.864,81.136,42,1.909,7,0,94.864,10.682,7.0,17.682,69.152,65.532,74.675,60.411,1.364,2.636,252.364,14.272,2.636,6.707,3.727,4.744,8.273,9.545,17.818,46.429,5.955,4.273,1.091,0.045,0.364,0.409,7.136,2.091,1.182,2.364,0.773,1.409,1.273,0.136,0.864,0.921,0.5,57.895,0.273,54.545,2.227,0.591,2.545,23.214,2.864,31.746,21,0.955,0.955,2.227,0.045,42.857,4.636,22.667,1.136,0.136,4.0,7.045,3.909,3.545
Michael Hurley,Essendon,25,25.58,19,10.811,94.789,83.105,42,2.211,9,2,94.684,15.842,5.474,21.316,77.284,72.757,90.385,74.321,0.895,5.632,424.789,19.928,2.263,9.419,3.895,5.473,5.684,14.158,19.842,28.647,7.526,3.789,0.158,0.0,0.211,0.211,6.895,0.842,0.053,2.211,0.053,0.789,0.632,0.158,0.0,0.0,0.0,,0.0,,1.053,0.0,3.526,19.403,0.158,0.0,2,0.105,0.211,0.316,0.158,33.333,3.526,16.962,1.579,0.211,5.368,5.579,4.474,4.947
David Zaharakis,Essendon,25,25.85,16,9.531,76.875,74.938,0,0.0,0,0,84.188,9.312,9.438,18.75,76.667,69.799,83.444,49.667,3.0,1.062,264.938,14.13,1.812,10.345,3.062,6.122,5.875,13.188,19.062,30.82,1.75,4.812,0.625,0.312,1.5,1.812,3.688,0.0,0.438,0.0,0.312,0.375,0.875,-0.5,0.0,0.0,0.0,,0.0,,3.938,0.188,0.125,0.0,0.125,0.0,9,0.562,0.188,0.938,0.25,60.0,4.312,21.362,0.688,0.5,0.688,13.688,6.625,0.312
Travis Colyer,Essendon,24,24.35,11,10.473,67.818,70.545,2,0.182,1,0,80.545,10.273,5.909,16.182,67.416,59.292,81.538,63.483,3.455,0.636,324.273,20.039,2.364,6.846,4.0,4.045,5.364,10.818,16.182,33.146,1.273,4.0,0.727,0.091,1.818,1.909,3.727,0.091,0.364,0.091,0.727,0.545,0.364,0.182,0.0,0.0,0.0,,0.0,,2.727,0.909,0.455,60.0,0.727,12.5,11,1.0,0.364,1.545,0.818,64.706,4.273,20.705,0.909,1.273,0.727,14.273,4.364,0.273
Michael Hibberd,Essendon,25,25.99,21,9.471,82.143,79.571,12,0.571,4,2,89.048,12.476,9.714,22.19,78.112,72.901,84.804,56.223,2.333,3.714,349.19,15.736,2.095,10.591,4.0,5.548,5.476,16.286,21.762,25.164,5.762,4.095,0.0,0.143,0.476,0.619,5.381,0.476,0.19,1.476,0.143,0.714,0.381,0.333,0.0,0.0,0.0,,0.0,,1.476,0.0,1.476,29.032,0.048,0.0,3,0.143,0.238,0.429,0.19,33.333,3.238,16.0,0.476,0.095,2.524,8.238,6.714,2.19
Jake Carlisle,Essendon,24,24.24,17,7.571,68.824,66.706,1,0.059,1,0,90.588,8.412,4.471,12.882,70.776,66.434,78.947,65.297,1.588,1.588,203.824,15.822,2.471,5.214,3.294,3.911,5.235,7.353,12.588,41.589,3.353,3.235,0.588,0.294,0.176,0.471,6.412,1.412,1.176,1.176,0.824,0.471,0.882,-0.412,7.529,8.168,2.471,32.812,0.882,35.714,1.824,0.412,1.118,26.316,2.235,15.789,14,0.824,0.765,1.765,0.235,46.667,3.588,17.784,0.529,0.059,3.235,7.412,3.0,3.059
Joe Daniher,Essendon,21,21.82,22,7.114,60.727,56.818,18,0.818,2,5,84.955,6.682,3.682,10.364,66.667,60.544,77.778,64.474,1.773,0.227,157.182,15.167,3.0,3.455,2.818,3.677,5.182,5.545,10.727,48.305,0.773,2.136,0.818,0.364,0.545,0.909,5.045,1.591,2.136,0.364,1.5,1.182,1.864,-0.682,11.909,12.706,1.955,16.412,0.591,30.233,1.591,0.636,0.136,33.333,3.318,24.658,34,1.545,1.091,3.0,0.273,51.515,4.636,22.667,0.5,0.091,2.227,8.636,2.136,1.909
Mark Baguley,Essendon,28,28.61,22,8.632,79.818,75.273,0,0.0,0,0,91.909,9.636,7.773,17.409,83.029,83.019,83.041,55.352,1.136,2.636,209.455,12.031,2.318,7.51,2.318,7.51,5.682,11.909,17.591,32.3,6.273,3.682,0.045,0.091,0.364,0.455,6.136,0.727,0.091,2.182,0.0,1.091,1.318,-0.227,0.0,0.0,0.0,,0.0,,3.818,0.045,2.5,20.0,0.045,0.0,0,0.0,0.0,0.045,0.227,0.0,3.227,15.778,1.136,0.045,3.227,11.591,8.455,2.545
Patrick Ambrose,Essendon,24,24.33,16,6.188,59.875,60.438,0,0.0,0,0,83.812,4.562,7.688,12.25,72.959,61.644,79.675,37.245,1.5,0.688,109.812,8.964,1.812,6.759,2.5,4.9,5.312,6.875,12.188,43.59,1.688,3.938,1.125,0.25,0.688,0.938,3.0,0.375,0.438,0.25,0.25,0.812,1.125,-0.312,9.375,9.74,1.625,17.333,0.312,19.231,5.188,1.562,0.125,50.0,1.812,20.69,6,0.375,0.312,1.0,0.25,37.5,3.25,15.294,0.375,0.0,1.188,17.688,6.75,0.375
Martin Gleeson,Essendon,21,21.34,22,7.655,56.045,54.955,0,0.0,0,0,75.364,6.909,7.0,13.909,77.451,69.737,85.065,49.673,1.864,2.182,220.5,15.853,0.818,17.0,2.227,6.245,4.455,9.273,13.727,32.45,4.227,3.5,0.091,0.0,0.5,0.5,3.818,0.273,0.136,1.091,0.045,0.591,0.227,0.364,0.0,0.0,0.0,,0.0,,2.045,0.0,1.227,29.63,0.182,50.0,2,0.091,0.136,0.227,0.091,40.0,2.773,13.556,0.818,0.227,1.773,9.864,6.455,1.409
Dustin Fletcher,Essendon,40,40.65,7,10.4,83.429,63.286,0,0.0,0,0,82.857,11.429,5.143,16.571,76.724,76.25,77.778,68.966,0.714,5.143,301.571,18.198,1.143,14.5,3.143,5.273,4.857,11.143,16.0,30.357,6.0,3.286,0.0,0.0,0.0,0.0,5.0,0.0,0.0,0.714,0.0,0.571,0.429,0.143,0.0,0.0,0.0,,0.0,,0.857,0.0,3.0,19.048,0.143,0.0,1,0.143,0.143,0.286,0.143,50.0,3.714,16.456,1.0,0.0,7.143,4.286,3.143,5.429
Rhyce Shaw,Sydney,34,34.2,24,6.783,68.167,69.375,0,0.0,0,0,81.875,11.792,6.833,18.625,80.313,72.792,93.293,63.311,1.833,2.75,313.167,16.814,2.208,8.434,2.958,6.296,3.208,15.292,18.5,17.342,3.708,2.5,0.042,0.042,0.25,0.292,4.333,0.083,0.042,0.458,0.083,0.458,1.208,-0.75,0.0,0.0,0.0,,0.0,,2.542,0.167,0.958,26.087,0.208,0.0,1,0.042,0.083,0.167,0.167,25.0,4.25,17.376,0.708,0.75,2.0,8.542,6.208,1.25
Ted Richards,Sydney,32,32.96,22,7.595,62.864,49.409,0,0.0,0,0,94.091,6.409,6.182,12.591,75.812,68.794,83.088,50.903,0.455,2.682,159.591,12.675,1.5,8.394,1.864,6.756,4.182,8.682,12.864,32.509,5.227,3.091,0.0,0.0,0.136,0.136,3.909,0.409,0.045,1.636,0.0,0.5,0.545,-0.045,0.0,0.0,0.045,,0.0,0.0,1.773,0.091,4.364,25.0,0.0,,0,0.0,0.091,0.091,0.045,0.0,1.864,7.441,0.636,0.045,7.0,6.5,5.045,6.273
Heath Grundy,Sydney,29,29.57,23,8.861,77.348,67.696,6,0.286,1,0,96.217,9.913,8.522,18.435,82.311,78.509,86.735,53.774,0.652,3.043,203.348,11.031,1.652,11.158,2.348,7.852,5.261,12.522,17.783,29.584,7.0,3.348,0.0,0.0,0.217,0.217,5.87,1.087,0.0,2.348,0.0,0.522,0.87,-0.348,0.0,0.0,0.0,,0.0,,1.348,0.0,4.391,17.822,0.043,0.0,0,0.0,0.0,0.0,0.043,,3.043,12.5,1.087,0.043,4.913,5.13,4.261,4.217
Kieren Jack,Sydney,28,28.5,22,12.409,98.5,94.409,33,1.5,7,3,78.909,11.045,12.045,23.091,72.244,62.963,80.755,47.835,4.182,1.0,304.273,13.177,3.045,7.582,4.545,5.08,9.864,13.091,22.955,42.97,3.364,7.318,0.773,1.0,3.045,4.045,3.955,0.0,0.318,0.045,0.455,1.136,1.045,0.091,0.0,0.0,0.0,,0.0,,6.0,1.136,0.182,50.0,0.273,0.0,11,0.5,0.318,1.227,0.955,40.741,6.136,24.725,1.773,0.273,1.136,18.909,8.455,0.545
Lance Franklin,Sydney,28,28.91,17,11.353,87.118,81.647,29,1.706,5,8,88.353,11.294,3.412,14.706,59.2,53.125,79.31,76.8,3.765,0.412,289.471,19.684,3.706,3.968,4.059,3.623,5.294,9.941,15.235,34.749,0.706,2.353,1.235,0.0,0.412,0.412,4.882,1.0,2.588,0.176,2.176,1.588,1.706,-0.118,0.0,0.0,0.0,,0.0,,2.882,1.353,0.118,0.0,5.294,37.778,47,2.765,1.706,5.412,0.412,51.087,7.529,29.561,0.353,0.176,1.529,11.0,2.059,0.824
Nick Smith,Sydney,27,27.55,21,6.852,74.0,70.476,0,0.0,0,0,89.238,9.619,7.143,16.762,77.841,68.812,90.0,57.386,1.095,3.048,202.143,12.06,1.524,11.0,2.762,6.069,4.571,11.905,16.476,27.746,5.429,3.048,0.0,0.048,0.524,0.571,5.238,0.571,0.048,1.762,0.048,0.905,0.524,0.381,0.0,0.0,0.0,,0.0,,3.048,0.143,1.667,28.571,0.0,,0,0.0,0.095,0.143,0.286,0.0,2.857,12.024,0.667,0.048,2.667,11.667,8.286,2.238
Josh P. Kennedy,Sydney,27,27.53,24,15.463,113.125,109.708,87,3.955,12,25,86.917,12.833,17.625,30.458,64.159,44.156,78.723,42.134,4.458,1.333,344.458,11.309,3.917,7.777,4.5,6.769,16.417,14.083,30.5,53.825,3.25,11.292,1.833,2.833,4.833,7.667,3.083,0.208,0.583,0.208,0.583,1.083,1.375,-0.292,0.042,0.042,0.208,100.0,0.042,20.0,6.208,0.75,0.333,50.0,0.417,20.0,15,0.625,0.958,1.875,0.458,33.333,6.667,27.257,1.708,0.125,1.25,21.333,9.125,0.542
Craig Bird,Sydney,26,26.94,6,6.483,71.667,65.833,3,0.5,2,0,73.5,8.333,8.167,16.5,69.697,62.0,77.551,50.505,2.333,1.333,191.833,11.626,2.0,8.25,3.0,5.5,6.833,9.5,16.333,41.837,2.0,5.0,1.167,0.333,2.333,2.667,2.833,0.0,0.167,0.333,0.0,0.833,0.667,0.167,0.0,0.0,0.0,,0.0,,3.5,0.667,0.167,100.0,0.167,0.0,3,0.5,0.167,0.667,0.167,75.0,3.833,16.429,0.833,0.0,0.667,14.333,7.0,0.333
Kurt Tippett,Sydney,28,28.64,22,11.959,91.955,83.545,24,1.2,6,4,84.091,6.636,5.5,12.136,70.412,61.644,80.992,54.682,1.818,0.227,164.227,13.532,2.318,5.235,2.091,5.804,7.409,4.864,12.273,60.37,0.773,3.455,1.136,0.955,1.091,2.045,4.227,1.682,2.045,0.273,1.455,1.773,1.5,0.273,37.455,38.523,17.273,46.117,4.318,25.0,3.091,0.727,0.227,0.0,3.909,34.884,44,2.0,1.045,3.227,0.409,61.972,6.318,25.411,1.545,0.0,1.591,8.364,2.727,1.182
Jeremy Laidler,Sydney,26,26.4,23,8.861,70.609,55.304,0,0.0,0,0,76.826,7.87,7.826,15.696,80.332,75.691,85.0,50.139,1.391,2.652,203.478,12.964,1.391,11.281,2.174,7.22,5.478,9.87,15.348,35.694,5.783,4.522,0.0,0.174,0.304,0.478,3.435,0.435,0.087,1.478,0.0,0.391,0.609,-0.217,0.0,0.0,0.087,,0.0,0.0,1.609,0.043,1.261,20.69,0.043,100.0,2,0.087,0.13,0.261,0.087,33.333,2.304,9.381,0.913,0.087,2.783,7.304,5.217,2.261
Lewis Jetta,Sydney,26,26.65,24,10.033,80.125,76.208,18,0.818,7,1,83.667,12.5,5.75,18.25,77.626,73.667,86.232,68.493,4.167,1.875,416.458,22.82,1.917,9.522,3.625,5.034,4.042,14.167,18.208,22.197,2.583,3.083,0.5,0.083,0.583,0.667,3.833,0.083,0.167,0.125,0.125,0.333,0.375,-0.042,0.0,0.0,0.0,,0.0,,3.125,0.542,0.208,40.0,0.5,16.667,14,0.583,0.5,1.292,0.542,45.161,5.542,22.658,1.25,1.042,0.75,12.167,6.083,0.375
Dan Hannebery,Sydney,24,24.84,24,12.892,114.417,108.625,101,4.591,14,24,86.0,13.0,17.0,30.0,71.25,62.179,78.186,43.333,4.667,1.625,378.542,12.618,2.375,12.632,4.792,6.261,11.333,18.417,29.75,38.095,3.292,8.333,1.083,1.042,3.458,4.5,4.125,0.333,0.375,0.583,0.792,1.042,0.792,0.25,0.0,0.0,0.042,,0.0,0.0,5.125,0.458,0.25,33.333,0.417,20.0,15,0.625,0.292,1.292,0.375,48.387,6.917,28.279,1.458,0.25,0.5,18.042,8.667,0.25
Sam Reid,Sydney,24,24.01,22,7.591,70.5,67.727,14,0.667,4,2,87.136,6.682,6.773,13.455,73.986,65.986,81.879,49.662,1.5,0.773,152.773,11.355,1.318,10.207,2.0,6.727,4.545,9.0,13.545,33.557,2.591,2.773,0.727,0.0,0.273,0.273,5.818,0.955,1.318,1.091,1.227,0.818,0.364,0.455,1.727,1.787,2.364,100.0,0.818,34.615,2.409,0.409,0.545,16.667,1.136,44.0,16,0.727,0.591,1.5,0.5,48.485,4.227,16.971,0.636,0.0,2.409,10.455,5.136,2.0
Mike Pyke,Sydney,31,31.77,20,7.08,61.9,57.7,2,0.111,1,0,80.35,3.0,5.2,8.2,71.341,50.0,83.654,36.585,1.25,0.4,60.75,7.409,2.45,3.347,1.5,5.467,4.3,3.9,8.2,52.439,1.8,2.5,0.35,0.45,1.05,1.5,1.95,0.65,0.2,0.75,0.0,0.65,1.85,-1.2,63.7,63.509,25.95,40.738,7.75,29.865,2.5,0.2,0.65,23.077,1.0,20.0,4,0.2,0.2,0.4,0.1,50.0,3.6,14.604,2.45,0.0,1.95,8.95,3.6,1.2
Gary Rohan,Sydney,24,24.56,18,7.428,56.889,53.556,1,0.062,1,0,67.0,6.944,4.222,11.167,68.657,62.4,78.947,62.189,2.556,0.611,211.5,18.94,1.889,5.912,2.167,5.154,4.167,7.111,11.278,36.946,1.833,2.833,0.778,0.167,0.278,0.444,4.278,0.722,0.667,0.389,1.167,0.444,0.778,-0.333,0.0,0.0,0.0,,0.0,,2.111,0.778,0.222,25.0,1.333,33.333,13,0.722,0.556,1.333,0.444,54.167,4.167,16.816,0.722,0.333,1.778,12.222,3.222,1.167
Dean Towers,Sydney,25,25.65,11,6.336,51.727,48.909,0,0.0,0,0,68.727,5.909,5.091,11.0,71.074,64.615,78.571,53.719,1.818,0.545,152.273,13.843,1.091,10.083,1.909,5.762,4.182,6.909,11.091,37.705,1.091,3.182,0.909,0.182,0.455,0.636,3.091,0.364,0.545,0.091,0.636,0.545,0.455,0.091,0.273,0.262,1.0,100.0,0.091,9.091,2.091,0.545,0.091,0.0,1.545,11.765,5,0.455,0.455,0.909,0.727,50.0,3.818,15.108,0.364,0.182,0.909,11.636,3.0,0.727
Adam Goodes,Sydney,35,35.97,21,8.486,68.048,73.095,5,0.263,2,1,83.048,9.905,5.667,15.571,67.584,59.135,82.353,63.609,3.19,0.476,252.952,16.245,2.143,7.267,2.524,6.17,5.476,10.429,15.905,34.431,1.381,3.619,0.952,0.429,0.524,0.952,5.619,0.81,1.286,0.19,1.238,0.667,0.81,-0.143,0.0,0.0,0.048,,0.048,100.0,2.286,0.381,0.048,0.0,2.286,35.417,25,1.19,0.619,2.19,0.429,54.348,5.333,22.222,0.714,0.238,1.095,8.857,2.714,0.619
Daniel Merrett,Brisbane,31,31.05,10,8.65,59.2,43.8,0,0.0,0,0,97.0,6.9,4.2,11.1,82.883,78.261,90.476,62.162,0.2,2.1,117.3,10.568,2.8,3.964,1.7,6.529,4.4,7.1,11.5,38.261,5.1,3.0,0.0,0.0,0.2,0.2,5.2,0.8,0.0,1.5,0.1,0.3,1.6,-1.3,0.0,0.0,0.0,,0.0,,0.9,0.0,3.7,21.622,0.2,100.0,0,0.0,0.0,0.0,0.0,,1.9,9.223,0.8,0.2,6.7,6.0,4.9,6.2
Jed Adcock,Brisbane,30,30.12,21,7.576,63.095,61.714,3,0.143,1,0,85.095,7.048,5.238,12.286,79.845,74.324,87.273,57.364,2.19,0.905,209.762,17.074,1.619,7.588,2.238,5.489,3.762,8.619,12.381,30.385,2.048,2.143,0.476,0.19,0.619,0.81,4.381,0.095,0.714,0.429,0.714,1.143,0.762,0.381,0.0,0.0,0.0,,0.0,,3.19,0.762,0.333,14.286,0.714,13.333,17,0.81,0.476,1.429,0.429,56.667,3.667,18.333,0.571,0.286,1.333,13.143,6.667,0.905
Matthew Leuenberger,Brisbane,27,27.56,14,5.929,57.571,54.429,5,0.357,1,0,81.929,3.5,4.071,7.571,77.358,63.265,89.474,46.226,1.357,0.214,83.357,11.009,1.571,4.818,1.214,6.235,3.571,4.214,7.786,45.872,0.357,1.786,0.429,0.5,0.786,1.286,2.071,0.5,0.571,0.0,0.429,1.0,1.071,-0.071,46.143,42.003,19.643,42.57,4.357,22.182,2.214,0.214,0.286,25.0,2.214,25.806,7,0.5,0.286,0.929,0.143,53.846,2.786,15.415,1.0,0.0,2.857,7.214,2.714,2.429
Tom Rockliff,Brisbane,25,25.85,16,10.037,101.938,104.688,19,1.188,3,4,75.562,10.875,13.75,24.625,71.066,56.322,82.727,44.162,3.125,1.75,233.562,9.485,2.75,8.955,3.125,7.88,8.938,15.938,24.875,35.93,1.812,6.188,0.5,2.0,3.438,5.438,4.438,0.062,0.25,0.125,0.562,0.875,1.312,-0.438,0.0,0.0,0.0,,0.0,,8.062,1.0,0.188,33.333,0.312,40.0,5,0.312,0.188,0.562,0.5,55.556,4.875,23.284,1.312,0.0,1.25,20.25,11.375,0.188
Dayne Beams,Brisbane,25,25.88,16,13.787,113.438,103.0,50,3.125,11,9,83.5,14.5,13.688,28.188,68.958,62.069,76.256,51.441,4.438,1.688,359.875,12.767,2.875,9.804,4.625,6.095,13.312,14.312,27.625,48.19,2.938,9.125,1.25,2.75,3.75,6.5,4.5,0.25,0.562,0.5,0.438,1.188,1.25,-0.062,0.0,0.0,0.0,,0.0,,4.188,0.438,0.312,60.0,0.5,25.0,10,0.625,0.688,1.688,0.312,37.037,5.0,26.936,1.125,0.062,1.312,15.188,7.312,0.625
Daniel Rich,Brisbane,25,25.56,21,11.752,80.81,72.714,12,0.571,3,3,81.19,11.429,8.0,19.429,73.284,67.5,81.548,58.824,3.571,2.667,364.429,18.757,2.381,8.16,3.429,5.667,7.143,11.476,18.619,38.363,3.429,4.952,0.476,1.095,1.619,2.714,2.714,0.143,0.333,0.476,0.286,1.0,0.81,0.19,0.0,0.0,0.0,,0.0,,3.19,0.429,0.667,21.429,0.286,0.0,9,0.429,0.381,1.048,0.524,40.909,4.762,23.641,1.476,0.0,1.571,12.524,6.381,1.048
Stefan Martin,Brisbane,29,29.12,20,12.345,110.75,114.05,39,1.95,8,7,91.25,11.9,9.75,21.65,65.589,51.261,83.077,54.965,3.45,1.4,254.75,11.767,3.9,5.551,3.75,5.773,9.95,11.45,21.4,46.495,2.95,5.7,0.6,2.0,2.65,4.65,6.4,1.0,0.5,1.35,0.9,1.7,1.5,0.2,75.4,71.741,32.5,43.103,8.1,24.923,2.0,0.15,1.0,25.0,1.15,17.391,5,0.25,0.45,0.95,0.7,26.316,5.95,29.024,2.7,0.0,1.6,8.25,3.9,1.15
Allen Christensen,Brisbane,24,24.61,22,9.877,86.455,83.273,8,0.364,3,0,78.455,12.136,8.091,20.227,70.787,62.921,82.584,60.0,3.045,1.0,293.227,14.497,2.5,8.091,3.045,6.642,7.318,13.136,20.455,35.778,1.409,4.227,1.182,0.545,2.091,2.636,4.136,0.136,0.727,0.045,0.636,2.591,1.227,1.364,0.0,0.0,0.0,,0.0,,3.409,0.955,0.045,100.0,0.5,9.091,19,0.864,0.545,1.727,0.773,50.0,6.364,32.037,0.864,0.227,0.682,14.091,5.955,0.273
Rohan Bewick,Brisbane,26,26.22,15,6.747,61.0,62.733,0,0.0,0,0,82.133,7.6,5.933,13.533,71.429,61.404,84.27,56.158,1.267,1.267,167.933,12.409,1.667,8.12,2.467,5.486,4.533,9.267,13.8,32.85,1.667,3.333,0.733,0.133,0.933,1.067,4.333,0.4,0.733,0.2,0.6,0.4,0.6,-0.2,0.067,0.063,0.0,0.0,0.0,,3.0,0.8,0.267,25.0,0.733,9.091,10,0.667,0.467,1.2,0.2,55.556,3.667,18.966,0.733,0.267,0.667,12.667,4.667,0.467
Jack Redden,Brisbane,25,25.06,17,9.306,95.471,97.0,8,0.471,4,1,82.941,12.353,11.235,23.588,71.82,61.429,83.246,52.369,2.176,1.941,235.294,9.975,2.824,8.354,4.059,5.812,9.529,14.647,24.176,39.416,1.882,6.176,0.706,1.588,3.588,5.176,4.882,0.059,0.235,0.176,0.294,1.176,1.529,-0.353,0.176,0.164,1.235,100.0,0.176,14.286,6.059,0.529,0.059,0.0,0.294,20.0,2,0.118,0.059,0.353,0.471,33.333,3.706,19.149,0.941,0.059,1.176,19.765,10.647,0.294
Mitch Robinson,Brisbane,26,26.56,21,10.495,92.619,91.048,12,0.571,3,3,80.571,10.524,10.333,20.857,70.776,63.801,77.88,50.457,3.667,1.667,311.333,14.927,3.19,6.537,4.238,4.921,9.048,12.0,21.048,42.986,2.524,6.952,1.143,1.429,2.524,3.952,3.857,0.095,0.476,0.571,0.619,1.19,1.714,-0.524,0.095,0.089,0.952,100.0,0.476,50.0,6.762,1.0,0.095,50.0,0.095,50.0,10,0.476,0.333,0.905,0.429,52.632,4.762,23.641,1.333,0.143,1.286,18.286,9.381,0.81
Josh Green,Brisbane,23,23.35,16,9.575,65.938,63.375,6,0.375,2,0,81.562,7.688,4.625,12.312,59.391,54.472,67.568,62.437,2.062,0.438,213.0,17.299,1.375,8.955,2.375,5.184,5.312,6.625,11.938,44.503,1.125,4.688,1.312,0.125,0.75,0.875,2.562,0.188,1.188,0.0,0.625,0.375,0.375,0.0,0.0,0.0,0.0,,0.0,,3.5,1.688,0.062,100.0,0.75,8.333,25,1.562,0.75,2.75,0.438,56.818,4.75,24.051,0.375,0.188,0.312,14.125,3.562,0.188
Claye Beams,Brisbane,24,24.33,8,6.888,62.25,56.125,0,0.0,0,0,84.25,8.625,6.5,15.125,71.901,63.768,82.692,57.025,1.875,2.125,246.0,16.264,1.5,10.083,3.125,4.84,4.5,9.75,14.25,31.579,4.875,3.875,0.25,0.125,0.375,0.5,3.375,0.125,0.25,0.5,0.0,0.25,0.125,0.125,0.0,0.0,0.0,,0.0,,1.75,0.125,0.75,33.333,0.375,66.667,0,0.0,0.25,0.25,0.25,0.0,2.375,12.258,1.0,0.125,2.625,10.25,7.875,2.125
Sam Mayes,Brisbane,21,21.61,14,5.879,58.643,60.143,0,0.0,0,0,76.286,7.714,6.714,14.429,77.228,68.519,87.234,53.465,1.857,1.286,193.214,13.391,1.071,13.467,1.929,7.481,3.857,10.643,14.5,26.601,2.357,2.643,0.071,0.0,0.571,0.571,4.857,0.429,0.214,0.429,0.5,0.857,0.357,0.5,0.0,0.0,0.0,,0.0,,2.0,0.286,0.357,0.0,0.571,37.5,2,0.143,0.357,0.714,0.071,20.0,3.0,15.556,0.571,0.214,1.286,10.643,6.143,1.0
Marco Paparone,Brisbane,21,21.32,22,6.586,77.318,74.545,0,0.0,0,0,89.455,12.0,6.864,18.864,75.904,72.727,81.457,63.614,1.227,3.591,278.455,14.761,2.045,9.222,3.136,6.014,4.773,13.318,18.091,26.382,4.818,3.545,0.227,0.045,0.682,0.727,6.364,0.5,0.091,1.455,0.136,0.591,0.409,0.182,0.0,0.0,0.0,,0.0,,1.5,0.136,1.409,32.258,0.136,33.333,1,0.045,0.091,0.182,0.136,25.0,2.818,14.188,0.909,0.318,2.5,9.273,6.364,2.091
Justin Clarke,Brisbane,22,22.11,20,8.345,58.2,44.05,0,0.0,0,0,94.6,5.95,4.95,10.9,79.358,73.109,86.869,54.587,0.75,1.95,184.95,16.968,2.15,5.07,2.25,4.844,4.4,6.7,11.1,39.64,5.4,3.2,0.1,0.0,0.1,0.1,4.6,0.6,0.05,1.55,0.1,0.35,1.0,-0.65,0.0,0.0,0.05,,0.0,0.0,1.25,0.0,4.15,39.759,0.0,,0,0.0,0.1,0.15,0.0,0.0,1.55,7.908,0.6,0.1,6.9,6.1,5.3,6.2
Lewis Taylor,Brisbane,20,20.86,22,8.268,71.818,74.727,6,0.273,2,0,83.182,10.455,10.409,20.864,74.728,66.957,82.533,50.109,2.045,1.455,206.455,9.895,2.727,7.65,3.318,6.288,5.364,15.682,21.045,25.486,2.227,4.5,1.045,0.045,1.182,1.227,4.182,0.091,0.318,0.136,0.409,0.409,0.5,-0.091,0.0,0.0,0.0,,0.0,,1.5,0.318,0.273,66.667,0.182,0.0,17,0.773,0.455,1.409,0.273,54.839,4.591,23.112,0.591,1.182,0.409,10.545,5.182,0.318
Jaden McGrath,Brisbane,19,19.54,3,6.667,59.0,45.0,0,0.0,0,0,82.0,5.333,6.333,11.667,68.571,50.0,84.211,45.714,0.333,1.0,104.667,8.971,1.0,11.667,0.667,17.5,5.333,7.333,12.667,42.105,3.667,4.333,0.333,0.0,0.333,0.333,2.667,0.0,0.0,0.333,0.0,1.0,0.333,0.667,0.0,0.0,0.0,,0.0,,2.0,0.333,0.333,100.0,0.0,,0,0.0,0.333,0.333,0.0,0.0,3.333,18.868,0.667,0.0,1.667,11.333,5.333,1.333
Dane Swan,Collingwood,31,31.84,21,13.281,105.857,110.095,44,2.095,9,17,83.286,16.0,13.0,29.0,66.995,55.357,81.319,55.172,4.619,1.143,355.524,12.259,3.0,9.667,5.19,5.587,11.524,16.476,28.0,41.156,2.476,7.571,1.905,1.762,4.0,5.762,4.952,0.429,0.619,0.238,0.619,0.857,0.571,0.286,0.0,0.0,0.0,,0.0,,3.857,0.571,0.095,50.0,1.0,23.81,21,1.0,0.667,2.095,0.762,47.727,7.476,30.485,1.619,0.286,1.286,15.667,7.048,0.524
Travis Cloke,Collingwood,28,28.82,17,9.094,69.294,71.529,15,0.882,3,4,88.765,9.824,2.824,12.647,67.442,66.467,70.833,77.674,3.529,0.0,301.824,23.865,2.529,5.0,3.941,3.209,5.471,7.118,12.588,43.458,0.824,2.412,1.235,0.0,0.118,0.118,6.588,2.059,2.235,0.118,2.824,1.0,1.118,-0.118,0.235,0.245,0.235,100.0,0.0,0.0,1.353,0.647,0.118,0.0,4.118,44.286,34,2.0,1.353,3.647,0.471,54.839,5.647,22.588,0.353,0.0,1.0,7.765,1.059,0.765
Alan Toovey,Collingwood,28,28.77,20,7.73,55.8,49.7,1,0.05,1,0,84.0,5.45,6.05,11.5,69.13,51.376,85.124,47.391,0.6,2.25,153.6,13.357,1.75,6.571,2.15,5.349,5.4,6.15,11.55,46.753,5.35,4.45,0.05,0.1,0.15,0.25,2.35,0.3,0.0,0.95,0.0,0.6,0.55,0.05,0.0,0.0,0.0,,0.0,,3.8,0.2,1.8,16.667,0.0,,0,0.0,0.05,0.05,0.05,0.0,1.65,6.875,0.8,0.2,3.75,13.25,9.25,2.95
Jesse White,Collingwood,27,27.97,18,9.078,68.111,66.5,0,0.0,0,0,86.056,8.056,4.389,12.444,66.518,56.552,84.81,64.732,1.667,0.278,218.0,17.518,1.889,6.588,2.5,4.978,5.167,7.222,12.389,41.704,0.778,2.389,0.833,0.222,0.778,1.0,4.889,1.056,2.056,0.111,1.889,0.889,1.056,-0.167,11.333,12.071,4.444,39.216,1.222,27.5,1.667,0.611,0.222,50.0,2.944,33.962,27,1.5,1.056,2.778,0.389,54.0,5.389,21.749,0.778,0.111,2.111,8.889,1.833,1.444
Travis Varcoe,Collingwood,27,27.72,22,9.636,76.5,73.273,7,0.318,2,0,85.5,8.409,8.773,17.182,79.101,70.811,87.047,48.942,2.636,1.364,261.091,15.196,1.5,11.455,2.0,8.591,4.5,12.227,16.727,26.902,3.318,3.636,0.818,0.318,0.318,0.636,4.091,0.091,0.364,0.455,0.591,0.5,0.545,-0.045,0.0,0.0,0.0,,0.0,,4.045,0.818,0.364,62.5,0.227,0.0,10,0.455,0.455,1.045,0.591,43.478,5.273,21.601,1.182,0.182,1.273,16.0,6.318,0.682
Tyson Goldsack,Collingwood,28,28.6,13,10.285,68.538,52.615,5,0.385,3,0,86.385,6.538,5.846,12.385,83.851,80.0,88.158,52.795,1.385,1.538,182.769,14.758,1.077,11.5,2.385,5.194,4.692,7.769,12.462,37.654,5.154,3.231,0.385,0.0,0.231,0.231,3.692,0.615,0.077,1.385,0.077,0.923,0.231,0.692,0.0,0.0,0.0,,0.0,,2.385,0.385,3.077,32.5,0.154,50.0,1,0.077,0.0,0.154,0.154,50.0,2.846,11.246,1.154,0.154,4.846,11.308,6.692,4.077
Nathan Brown,Collingwood,27,27.03,21,6.643,53.667,43.048,6,0.286,1,0,89.762,5.095,5.619,10.714,83.556,78.505,88.136,47.556,0.524,1.952,123.19,11.498,1.476,7.258,1.905,5.625,3.667,7.333,11.0,33.333,3.857,2.286,0.0,0.0,0.095,0.095,3.143,0.476,0.0,0.762,0.0,0.476,0.762,-0.286,0.048,0.051,0.143,100.0,0.0,0.0,2.19,0.0,3.238,16.176,0.048,0.0,0,0.0,0.0,0.048,0.0,0.0,1.286,5.233,0.619,0.048,7.0,6.952,5.333,5.905
Jarryd Blair,Collingwood,25,25.71,20,10.015,74.95,68.45,2,0.1,1,0,81.1,7.0,8.5,15.5,71.613,57.857,82.941,45.161,2.3,0.4,135.1,8.716,1.6,9.688,2.0,7.75,7.5,7.7,15.2,49.342,2.3,5.45,1.7,0.65,1.6,2.25,2.85,0.2,1.1,0.2,0.85,1.4,0.75,0.65,0.0,0.0,0.0,,0.05,,4.15,1.05,0.05,100.0,0.8,18.75,19,0.95,0.45,1.95,0.75,48.718,5.45,22.29,1.25,0.15,1.1,16.5,5.6,0.25
Jack Frost,Collingwood,23,23.84,20,6.94,48.0,32.2,2,0.1,2,1,85.6,3.6,3.9,7.5,87.333,87.5,87.179,48.0,0.3,2.05,88.35,11.78,1.0,7.5,1.05,7.143,3.25,4.45,7.7,42.208,4.1,2.3,0.0,0.0,0.05,0.05,2.3,0.35,0.0,0.9,0.0,0.45,0.65,-0.2,0.0,0.0,0.0,,0.0,,2.05,0.0,2.4,27.083,0.0,,0,0.0,0.0,0.0,0.0,,1.25,5.102,0.65,0.0,6.3,7.8,5.8,5.15
Alex Fasolo,Collingwood,23,23.56,17,10.459,75.588,71.706,3,0.176,2,0,83.647,8.824,5.0,13.824,71.489,66.0,81.176,63.83,2.882,0.294,224.588,16.247,2.353,5.875,2.647,5.222,6.176,7.941,14.118,43.75,1.529,3.941,2.0,0.0,0.235,0.235,4.765,0.882,2.059,0.059,1.176,1.118,0.706,0.412,0.0,0.0,0.0,,0.0,,2.882,1.471,0.0,,2.353,27.5,27,1.588,0.882,2.941,1.059,54.0,5.765,24.257,0.588,0.0,0.765,10.941,1.882,0.588
Ben Sinclair,Collingwood,24,24.24,6,7.117,56.0,54.333,0,0.0,0,0,71.5,8.833,5.833,14.667,76.136,69.811,85.714,60.227,2.0,2.0,263.0,17.932,1.333,11.0,2.5,5.867,3.667,10.167,13.833,26.506,3.167,3.0,0.0,0.333,0.5,0.833,2.833,0.0,0.167,0.667,0.0,0.5,0.333,0.167,0.0,0.0,0.0,,0.0,,2.0,0.0,0.5,0.0,0.0,,0,0.0,0.167,0.167,0.167,0.0,2.833,12.057,1.0,0.167,1.5,8.333,5.0,1.0
Adam Oxley,Collingwood,23,23.16,17,8.894,76.471,72.176,15,0.882,2,2,77.941,11.059,7.471,18.529,77.778,75.0,81.89,59.683,2.412,2.471,283.824,15.317,1.824,10.161,3.0,6.176,5.765,12.059,17.824,32.343,4.294,4.294,0.294,0.176,0.706,0.882,4.059,0.412,0.118,1.176,0.0,0.647,0.353,0.294,0.0,0.0,0.059,,0.0,0.0,2.529,0.353,0.294,20.0,0.0,,5,0.294,0.353,0.765,0.294,38.462,3.529,14.252,1.059,0.529,1.118,12.0,6.412,0.941
Marley Williams,Collingwood,22,22.44,20,11.335,85.7,75.9,17,0.85,7,0,82.75,12.3,9.0,21.3,72.066,65.041,81.667,57.746,2.2,4.15,356.0,16.714,2.2,9.682,3.9,5.462,8.4,12.9,21.3,39.437,6.3,6.9,0.35,0.15,1.0,1.15,3.75,0.5,0.0,0.65,0.0,0.6,0.65,-0.05,0.0,0.0,0.0,,0.0,,2.6,0.1,1.3,19.231,0.0,,2,0.1,0.1,0.2,0.4,50.0,3.5,14.085,1.4,1.1,2.05,9.5,6.15,1.3
Tom Langdon,Collingwood,21,21.56,22,10.423,85.455,79.818,3,0.136,1,0,87.682,11.273,9.682,20.955,74.403,66.935,83.099,53.796,2.455,3.136,308.773,14.735,2.273,9.22,4.136,5.066,7.682,12.864,20.545,37.389,7.045,6.227,0.182,0.091,1.045,1.136,5.0,0.545,0.182,1.455,0.045,0.864,0.727,0.136,0.0,0.0,0.0,,0.0,,3.182,0.182,1.364,16.667,0.273,50.0,0,0.0,0.227,0.364,0.136,0.0,3.364,13.78,1.455,0.136,3.364,13.773,8.636,2.909
Jackson Ramsay,Collingwood,21,21.11,5,9.92,74.0,54.6,0,0.0,0,0,83.2,7.2,8.4,15.6,79.487,77.778,80.952,46.154,1.2,3.2,219.4,14.064,2.4,6.5,3.4,4.588,7.4,8.2,15.6,47.436,4.6,7.4,0.0,0.4,1.4,1.8,1.6,0.0,0.0,0.6,0.0,0.0,1.0,-1.0,0.0,0.0,0.0,,0.0,,3.6,0.0,1.4,42.857,0.0,,0,0.0,0.0,0.0,0.2,,2.4,9.023,1.2,0.2,2.8,10.0,5.4,2.4
Mark LeCras,West Coast,29,29.33,24,11.579,83.667,85.333,36,1.714,6,2,89.958,11.833,6.5,18.333,67.5,55.805,87.179,64.545,3.125,0.375,298.958,16.307,2.292,8.0,2.833,6.471,6.208,11.875,18.083,34.332,1.167,4.217,1.435,0.292,2.0,2.292,5.083,0.375,2.042,0.174,1.174,0.625,0.875,-0.25,0.0,0.0,0.042,,0.0,0.0,2.75,1.083,0.13,33.333,1.0,34.783,45,1.875,1.292,3.875,1.042,48.387,7.583,26.844,0.783,0.375,0.917,12.783,3.826,0.478
Matthew Priddis,West Coast,30,30.77,24,14.463,113.042,102.042,75,3.409,14,28,87.208,9.958,19.667,29.625,69.902,50.218,80.266,33.615,3.5,1.083,310.542,10.482,3.125,9.48,4.083,7.255,14.875,15.458,30.333,49.038,2.625,9.348,1.087,3.083,4.542,7.625,1.833,0.042,0.083,0.304,0.043,1.167,1.708,-0.542,0.174,0.168,0.0,0.0,0.0,,7.333,1.083,0.261,16.667,0.348,0.0,7,0.292,0.208,0.625,0.958,46.667,6.875,24.229,2.13,0.208,1.083,19.522,7.783,0.478
Sam Butler,West Coast,29,29.96,17,9.518,71.529,71.176,7,0.5,1,3,86.706,10.647,7.235,17.882,82.566,77.348,90.244,59.539,2.0,2.176,296.647,16.589,1.588,11.259,2.118,8.444,4.176,13.824,18.0,23.203,5.118,2.941,0.235,0.176,0.294,0.471,5.647,0.176,0.059,1.529,0.0,0.647,0.412,0.235,0.0,0.0,0.0,,0.0,,1.882,0.0,1.176,15.0,0.0,,2,0.118,0.176,0.294,0.235,40.0,3.941,14.255,1.0,0.176,3.118,9.647,7.294,1.941
Shannon Hurn,West Coast,28,28.32,25,10.172,78.04,64.72,3,0.136,1,0,87.88,11.88,4.56,16.44,75.182,72.664,80.909,72.263,2.28,3.16,337.08,20.504,1.6,10.275,3.04,5.408,4.6,10.48,15.08,30.504,5.16,3.708,0.167,0.16,0.6,0.76,4.36,0.28,0.08,1.75,0.125,0.28,0.4,-0.12,0.042,0.04,0.0,0.0,0.0,,1.68,0.24,1.333,28.125,0.0,,3,0.12,0.36,0.48,0.24,25.0,4.08,14.427,2.208,0.16,2.72,7.958,4.708,2.292
Josh J. Kennedy,West Coast,28,28.34,25,12.436,91.48,84.88,48,2.182,7,12,97.0,9.64,3.68,13.32,63.363,57.895,73.333,72.372,2.4,0.04,262.2,19.685,1.76,7.568,2.16,6.167,6.16,7.36,13.52,45.562,1.04,3.417,1.958,0.04,0.16,0.2,6.72,1.56,4.04,0.167,2.958,1.12,0.8,0.32,0.0,0.0,0.0,,0.0,,2.08,1.12,0.0,,3.75,35.556,80,3.2,2.2,5.84,0.72,54.795,8.88,31.4,0.5,0.12,1.12,9.875,1.458,0.667
Matt Rosa,West Coast,29,29.1,17,8.018,71.471,68.765,9,0.643,2,0,76.235,8.294,10.941,19.235,78.593,68.657,85.876,43.119,1.647,1.824,215.353,11.196,1.353,14.217,2.529,7.605,5.706,13.235,18.941,30.124,3.706,4.75,0.188,0.118,1.059,1.176,4.176,0.059,0.059,0.312,0.188,0.471,0.294,0.176,0.0,0.0,0.118,,0.062,50.0,2.118,0.176,0.375,0.0,0.0,,3,0.176,0.235,0.471,0.294,37.5,3.824,13.889,0.812,0.294,1.529,9.812,6.312,0.812
Mitchell Brown,West Coast,27,27.03,1,0.5,5.0,4.0,0,0.0,0,0,11.0,0.0,2.0,2.0,50.0,,50.0,0.0,0.0,0.0,13.0,6.5,0.0,,0.0,,0.0,2.0,2.0,0.0,0.0,0.0,0.0,0.0,0.0,0.0,0.0,0.0,0.0,0.0,0.0,0.0,0.0,0.0,0.0,0.0,0.0,,0.0,,0.0,0.0,3.0,0.0,0.0,,0,0.0,0.0,0.0,0.0,,0.0,0.0,0.0,0.0,1.0,0.0,0.0,1.0
Chris Masten,West Coast,26,26.66,22,9.164,85.364,81.727,18,0.9,5,5,86.682,11.455,13.455,24.909,75.365,62.241,86.879,45.985,2.682,1.773,291.909,11.719,1.818,13.7,3.364,7.405,7.773,17.091,24.864,31.261,4.227,6.571,0.762,0.136,1.773,1.909,3.909,0.0,0.091,0.333,0.048,0.591,0.545,0.045,0.0,0.0,0.0,,0.0,,2.182,0.364,0.19,50.0,0.048,0.0,2,0.091,0.5,0.682,0.591,13.333,5.727,20.16,1.476,0.182,0.318,11.048,4.476,0.095
Sharrod Wellingham,West Coast,27,27.48,24,10.562,76.875,69.542,8,0.381,3,3,84.333,10.875,7.792,18.667,78.795,72.047,87.64,58.259,2.292,2.375,291.292,15.605,1.667,11.2,3.0,6.222,6.125,12.333,18.458,33.183,6.833,4.435,0.0,0.167,0.417,0.583,4.792,0.583,0.0,1.783,0.087,0.708,0.583,0.125,0.0,0.0,0.0,,0.0,,1.75,0.042,0.957,31.818,0.087,0.0,4,0.167,0.0,0.167,0.292,100.0,3.042,10.61,1.348,0.792,2.542,7.87,4.609,2.13
Scott Selwood,West Coast,25,25.76,13,6.623,59.154,59.692,0,0.0,0,0,63.308,7.385,7.308,14.692,69.634,53.125,86.316,50.262,1.385,1.154,160.769,10.942,1.538,9.55,2.308,6.367,6.385,8.308,14.692,43.455,1.308,4.462,0.846,1.385,1.615,3.0,2.077,0.0,0.385,0.154,0.0,0.846,0.615,0.231,0.0,0.0,0.0,,0.0,,4.077,0.385,0.231,0.0,0.154,0.0,2,0.154,0.462,0.846,0.462,18.182,4.692,16.576,1.385,0.0,0.769,16.0,7.077,0.538
Nic Naitanui,West Coast,25,25.65,23,16.335,101.565,85.957,53,2.65,8,7,75.348,5.739,5.913,11.652,61.94,46.154,76.923,49.254,2.739,0.652,170.261,14.612,1.609,7.243,1.826,6.381,8.957,2.957,11.913,75.182,1.304,4.273,1.045,1.826,2.217,4.043,1.435,1.0,0.435,0.409,0.045,1.826,0.826,1.0,58.955,57.517,34.0,57.826,10.818,31.733,3.565,1.087,0.409,0.0,1.091,37.5,17,0.739,0.565,1.522,0.174,48.571,5.696,19.879,3.909,0.043,2.957,12.409,3.227,2.227
Luke Shuey,West Coast,25,25.57,25,13.564,95.68,92.08,35,1.591,9,7,81.2,10.92,12.8,23.72,73.356,61.538,82.524,46.037,4.16,0.72,319.08,13.452,2.84,8.352,3.36,7.06,10.48,13.44,23.92,43.813,1.56,5.583,0.667,2.96,3.08,6.04,3.28,0.12,0.2,0.25,0.417,1.48,1.24,0.24,0.125,0.12,0.2,100.0,0.083,40.0,4.92,0.88,0.042,100.0,0.25,33.333,24,0.96,0.48,1.64,0.92,58.537,6.56,23.197,1.333,0.52,1.08,18.333,6.458,0.333
Patrick McGinnity,West Coast,26,26.86,9,4.589,33.333,36.222,0,0.0,0,0,63.111,4.0,3.333,7.333,66.667,59.375,71.429,54.545,1.889,0.111,111.444,15.197,1.556,4.714,1.556,4.714,3.667,3.889,7.556,48.529,0.667,2.25,0.75,0.111,0.444,0.556,1.111,0.111,0.222,0.25,0.125,1.222,0.667,0.556,0.0,0.0,0.0,,0.0,,3.0,0.778,0.0,,0.375,33.333,4,0.444,0.333,0.889,0.222,50.0,2.444,9.607,0.625,0.222,0.111,13.875,4.375,0.125
Brad Sheppard,West Coast,24,24.6,25,9.176,76.16,68.16,10,0.455,4,0,89.4,10.56,6.52,17.08,83.372,78.947,90.323,61.827,1.2,2.32,255.28,14.946,1.4,12.2,2.64,6.47,4.68,12.12,16.8,27.857,5.4,3.167,0.0,0.0,0.44,0.44,5.64,0.88,0.16,1.917,0.083,0.72,0.44,0.28,0.0,0.0,0.0,,0.0,,1.56,0.04,1.792,20.93,0.167,25.0,3,0.12,0.16,0.28,0.2,42.857,2.96,10.467,0.917,0.48,3.76,8.125,5.458,3.542
Scott Lycett,West Coast,23,23.26,6,7.917,71.833,68.167,0,0.0,0,0,80.667,5.833,5.333,11.167,65.672,65.517,68.0,52.239,1.667,0.5,158.667,14.209,2.667,4.188,2.333,4.786,6.333,4.833,11.167,56.716,1.833,3.6,0.8,0.333,1.667,2.0,3.0,1.0,0.667,0.4,0.0,1.0,1.0,0.0,51.8,47.349,16.333,27.413,3.2,22.535,3.333,0.333,0.4,50.0,1.8,33.333,3,0.5,0.333,0.833,0.167,60.0,4.0,16.0,1.0,0.833,2.667,11.4,5.0,3.0
Andrew Gaff,West Coast,23,23.54,25,10.856,101.4,101.88,74,3.364,14,17,90.76,16.6,12.92,29.52,70.867,58.794,87.179,56.233,4.32,2.04,452.52,15.329,2.2,13.418,5.08,5.811,7.6,21.48,29.08,26.135,3.16,6.167,0.667,0.4,2.4,2.8,4.44,0.12,0.2,0.25,0.208,0.52,0.16,0.36,0.0,0.0,0.0,,0.0,,2.48,0.24,0.25,16.667,0.167,25.0,11,0.44,0.32,0.8,0.32,55.0,6.88,24.328,1.25,1.16,1.04,13.917,6.625,0.625
Elliot Yeo,West Coast,22,22.24,24,11.3,80.458,75.75,23,1.095,6,5,84.125,9.542,7.542,17.083,71.707,60.09,84.393,55.854,2.958,1.583,276.125,16.163,2.542,6.721,3.5,4.881,8.083,9.0,17.083,47.317,3.375,5.174,0.913,0.792,1.167,1.958,5.0,1.333,0.833,1.087,0.217,0.75,1.042,-0.292,0.391,0.377,0.833,100.0,0.304,35.0,3.417,0.833,1.043,12.5,1.0,30.435,18,0.75,0.417,1.583,0.292,47.368,5.0,17.991,1.261,0.417,2.417,11.826,4.826,1.696
Dom Sheed,West Coast,20,20.72,23,8.752,70.522,69.0,12,0.6,3,0,73.304,9.957,9.565,19.522,68.82,58.525,78.469,51.002,3.522,1.261,303.826,15.563,2.174,8.98,3.304,5.908,7.217,12.304,19.522,36.971,1.913,5.136,0.364,0.739,1.652,2.391,3.043,0.13,0.478,0.227,0.182,0.826,0.696,0.13,0.0,0.0,0.0,,0.0,,2.261,0.391,0.227,60.0,0.273,33.333,10,0.435,0.478,1.043,0.652,41.667,5.435,19.654,1.227,0.304,0.522,12.455,4.864,0.227
Jackson Nelson,West Coast,19,19.79,11,4.082,39.0,43.091,0,0.0,0,0,74.818,6.273,4.0,10.273,76.991,74.194,81.579,61.062,1.0,1.727,175.545,17.088,1.182,8.692,2.091,4.913,2.818,7.182,10.0,28.182,2.273,2.1,0.0,0.0,0.273,0.273,2.273,0.0,0.0,0.0,0.0,0.818,0.364,0.455,0.0,0.0,0.0,,0.0,,2.273,0.0,0.9,44.444,0.1,0.0,1,0.091,0.091,0.182,0.091,50.0,2.273,7.74,0.4,0.091,1.636,9.4,6.4,0.9
Tom Lamb,West Coast,19,19.19,1,5.5,56.0,52.0,0,0.0,0,0,68.0,5.0,5.0,10.0,80.0,100.0,60.0,50.0,1.0,3.0,122.0,12.2,1.0,10.0,2.0,5.0,3.0,7.0,10.0,30.0,1.0,3.0,2.0,0.0,1.0,1.0,4.0,0.0,0.0,0.0,0.0,1.0,0.0,1.0,0.0,0.0,0.0,,0.0,,2.0,2.0,0.0,,2.0,0.0,1,1.0,0.0,1.0,0.0,100.0,2.0,11.765,1.0,0.0,2.0,13.0,3.0,1.0
Robert Murphy,Western Bulldogs,33,33.56,21,12.252,91.952,79.762,34,1.7,8,5,86.095,15.429,7.0,22.429,80.255,78.086,85.034,68.79,3.0,4.143,453.571,20.223,1.476,15.194,3.524,6.365,4.429,16.81,21.238,20.852,4.19,3.667,0.143,0.095,0.429,0.524,4.571,0.143,0.095,0.571,0.238,0.429,0.476,-0.048,0.0,0.0,0.0,,0.0,,1.524,0.0,0.762,31.25,0.048,100.0,2,0.095,0.095,0.19,0.286,50.0,4.667,18.738,1.333,2.095,1.762,8.905,5.81,1.19
Matthew Boyd,Western Bulldogs,33,33.34,19,11.489,100.947,103.0,31,1.722,7,8,83.526,16.895,10.263,27.158,79.07,76.012,84.103,62.209,2.368,4.421,435.211,16.025,2.474,10.979,3.421,7.938,7.0,18.737,25.737,27.198,6.263,5.421,0.211,0.474,1.053,1.526,7.789,0.316,0.0,1.316,0.0,0.789,0.526,0.263,0.105,0.105,0.158,100.0,0.105,66.667,2.105,0.158,0.789,33.333,0.0,,1,0.053,0.316,0.368,0.105,14.286,4.842,18.511,1.632,1.053,1.579,8.684,6.0,1.211
Will Minson,Western Bulldogs,30,30.72,10,10.33,77.6,71.6,10,1.111,2,0,84.2,6.2,4.0,10.2,61.765,46.774,85.0,60.784,1.8,1.1,127.8,12.529,2.9,3.517,2.4,4.25,5.7,4.0,9.7,58.763,1.1,3.5,1.0,0.9,2.6,3.5,1.7,0.3,0.1,0.3,0.2,0.9,2.0,-1.1,69.7,68.738,26.5,38.02,8.3,31.321,4.1,1.3,0.6,16.667,1.4,0.0,3,0.3,0.3,0.8,0.3,37.5,4.4,17.742,3.0,0.0,3.3,12.2,5.4,3.0
Dale Morris,Western Bulldogs,33,33.0,14,8.4,63.643,52.214,3,0.231,2,0,85.857,5.0,6.071,11.071,87.097,80.0,92.941,45.161,0.357,1.286,87.857,7.935,0.571,19.375,0.857,12.917,4.643,6.857,11.5,40.373,5.643,2.714,0.0,0.071,0.0,0.071,4.929,0.929,0.0,2.286,0.0,0.714,0.143,0.571,0.0,0.0,0.0,,0.0,,2.5,0.0,2.429,5.882,0.357,0.0,0,0.0,0.0,0.071,0.143,0.0,2.071,8.192,1.429,0.071,6.0,7.929,6.214,4.286
Brett Goodes,Western Bulldogs,31,31.86,7,7.357,48.143,50.571,0,0.0,0,0,68.0,7.571,4.429,12.0,70.238,64.151,80.645,63.095,3.0,0.714,217.0,18.083,2.429,4.941,3.0,4.0,5.286,7.0,12.286,43.023,0.857,3.286,0.714,0.571,1.857,2.429,2.429,0.0,0.0,0.286,0.429,1.286,1.286,0.0,1.429,1.466,0.429,30.0,0.143,33.333,3.0,0.429,0.429,33.333,0.143,0.0,2,0.286,0.143,0.429,0.143,66.667,2.857,12.903,1.0,0.0,1.286,12.714,4.857,0.857
Jarrad Grant,Western Bulldogs,26,26.48,19,7.147,62.053,59.737,4,0.222,1,0,75.368,7.105,7.421,14.526,76.812,61.481,91.489,48.913,2.474,1.053,221.842,15.272,2.0,7.263,2.263,6.419,4.158,10.684,14.842,28.014,1.895,2.947,0.526,0.158,1.105,1.263,3.895,0.211,0.842,0.316,0.632,0.632,0.737,-0.105,0.105,0.107,1.053,100.0,0.316,30.0,2.053,0.316,0.158,0.0,0.579,18.182,11,0.579,0.737,1.526,0.263,37.931,4.474,16.932,1.053,0.474,1.526,8.789,3.474,1.316
Liam Picken,Western Bulldogs,29,29.41,21,12.538,99.19,101.714,27,1.35,6,4,87.143,11.81,11.857,23.667,72.837,66.129,79.518,49.899,3.571,1.762,323.762,13.68,2.333,10.143,3.857,6.136,9.476,14.095,23.571,40.202,2.619,7.143,1.143,0.857,2.714,3.571,4.476,0.286,0.381,0.333,0.143,1.19,0.667,0.524,0.0,0.0,0.095,,0.0,0.0,6.429,1.095,0.667,57.143,0.524,45.455,13,0.619,0.429,1.19,0.333,52.0,5.19,19.963,1.429,0.143,0.952,19.286,8.667,0.476
Jordan Roughead,Western Bulldogs,25,25.15,16,7.456,64.375,59.875,0,0.0,0,0,87.75,5.125,4.875,10.0,79.375,70.732,88.462,51.25,1.062,1.812,110.625,11.062,1.938,5.161,1.938,5.161,4.312,5.875,10.188,42.331,2.938,2.375,0.25,0.25,0.562,0.812,4.125,1.062,0.062,1.188,0.125,0.562,1.312,-0.75,30.5,29.451,10.625,34.836,2.562,24.118,3.375,0.375,2.125,35.294,0.625,20.0,4,0.25,0.125,0.375,0.188,66.667,2.438,10.29,1.375,0.0,5.0,9.062,6.062,4.375
Easton Wood,Western Bulldogs,26,26.32,22,14.895,86.364,73.045,32,1.524,8,6,85.773,10.182,7.591,17.773,83.12,78.571,89.222,57.289,2.318,2.909,275.909,15.524,1.455,12.219,2.773,6.41,6.364,11.0,17.364,36.649,8.0,3.955,0.091,0.136,0.273,0.409,7.045,1.636,0.136,3.636,0.227,0.682,0.5,0.182,0.0,0.0,0.0,,0.0,,1.409,0.0,1.455,21.875,0.136,66.667,5,0.227,0.0,0.318,0.5,71.429,3.591,13.958,1.773,0.318,3.955,6.636,4.773,3.727
Luke Dahlhaus,Western Bulldogs,23,23.36,23,13.278,104.739,97.13,24,1.091,7,7,82.304,12.0,13.652,25.652,66.61,52.536,78.981,46.78,3.696,1.565,288.913,11.263,2.609,9.833,4.391,5.842,11.565,14.174,25.739,44.932,2.261,9.739,2.391,1.391,2.522,3.913,3.348,0.217,0.739,0.174,0.304,0.913,0.957,-0.043,0.0,0.0,0.0,,0.0,,5.217,1.348,0.043,0.0,1.087,24.0,17,0.739,0.435,1.783,0.87,41.463,6.783,26.758,1.087,0.348,0.696,18.13,7.783,0.391
Mitch Wallis,Western Bulldogs,23,23.18,20,12.88,98.15,90.5,46,2.421,8,8,81.35,10.25,13.15,23.4,69.231,57.561,78.327,43.803,3.7,0.75,280.8,12.0,2.35,9.957,3.15,7.429,12.35,10.9,23.25,53.118,1.75,8.25,1.55,2.55,3.6,6.15,3.3,0.25,0.55,0.15,0.4,1.75,0.8,0.95,0.1,0.1,0.05,50.0,0.0,0.0,4.75,1.2,0.1,50.0,0.6,83.333,15,0.75,0.65,1.75,0.85,42.857,6.65,26.389,1.2,0.05,0.3,13.8,5.55,0.1
Michael Talia,Western Bulldogs,22,22.88,14,8.0,72.286,64.0,5,0.357,1,0,96.214,9.0,7.786,16.786,80.851,74.603,88.073,53.617,1.0,2.5,195.929,11.672,2.214,7.581,2.143,7.833,4.5,12.071,16.571,27.155,5.857,3.357,0.071,0.0,0.071,0.071,5.857,0.571,0.143,1.714,0.214,0.357,1.0,-0.643,0.071,0.075,0.143,100.0,0.0,0.0,1.357,0.0,4.214,49.153,0.286,75.0,2,0.143,0.071,0.286,0.071,50.0,3.0,11.765,0.714,0.143,6.643,6.071,4.5,5.714
Jack Redpath,Western Bulldogs,25,25.04,12,7.517,58.333,57.833,0,0.0,0,0,91.25,6.667,2.333,9.0,75.0,68.75,92.857,74.074,1.833,0.167,166.167,18.463,1.917,4.696,2.25,4.0,4.167,5.167,9.333,44.643,1.0,1.833,0.75,0.333,0.25,0.583,4.167,1.417,1.917,0.333,1.333,0.833,1.333,-0.5,14.25,14.678,3.583,25.146,0.833,23.256,2.5,1.0,0.167,0.0,4.083,18.367,19,1.583,0.75,2.583,0.417,61.29,4.25,15.839,0.667,0.0,1.583,8.833,2.583,1.333
Stewart Crameri,Western Bulldogs,27,27.39,18,10.889,73.0,69.889,13,0.765,2,3,83.0,7.778,8.111,15.889,66.783,64.286,69.178,48.951,2.833,0.778,248.667,15.65,2.889,5.5,3.5,4.54,6.833,9.278,16.111,42.414,1.889,5.222,1.389,0.222,0.611,0.833,3.944,0.722,1.278,0.111,0.889,0.667,1.389,-0.722,0.833,0.831,0.167,20.0,0.0,0.0,2.5,0.611,0.222,0.0,3.389,24.59,32,1.778,1.167,3.389,0.389,52.459,5.722,22.737,0.944,0.111,1.778,12.333,4.556,1.222
Lin Jong,Western Bulldogs,22,22.57,13,10.023,66.615,65.769,0,0.0,0,2,83.769,5.692,8.923,14.615,64.737,45.946,76.724,38.947,2.385,0.923,184.615,12.632,2.231,6.552,2.538,5.758,7.923,7.154,15.077,52.551,2.077,6.308,1.0,1.615,1.308,2.923,1.846,0.308,0.538,0.385,0.0,0.615,1.077,-0.462,1.308,1.253,2.385,100.0,0.846,35.484,5.385,0.923,0.077,0.0,0.846,36.364,8,0.615,0.308,1.308,0.231,47.059,3.692,14.502,1.0,0.231,1.077,15.385,6.385,0.538
Tory Dickson,Western Bulldogs,28,28.26,23,11.874,76.739,69.043,19,0.864,3,2,82.696,7.478,5.478,12.957,73.154,67.442,80.952,57.718,2.435,0.652,218.696,16.879,1.174,11.037,1.913,6.773,5.217,7.783,13.0,40.134,1.87,3.609,1.13,0.0,0.783,0.783,3.087,0.217,1.217,0.13,0.652,1.087,0.261,0.826,0.0,0.0,0.0,,0.0,,3.13,0.957,0.087,0.0,1.652,23.684,50,2.174,0.522,2.87,0.348,75.758,5.174,20.412,1.087,0.391,0.739,13.0,4.0,0.478
Tom Boyd,Western Bulldogs,20,20.35,14,5.436,52.714,50.643,0,0.0,0,0,85.429,5.286,2.929,8.214,62.609,58.108,70.732,64.348,1.357,0.214,119.571,14.557,1.214,6.765,2.143,3.833,4.357,4.214,8.571,50.833,0.786,1.786,0.714,0.071,0.643,0.714,3.357,1.286,1.429,0.214,0.429,0.929,0.571,0.357,10.0,9.77,2.929,29.286,0.643,21.951,2.357,1.0,0.143,0.0,4.429,20.968,16,1.143,0.429,1.929,0.071,59.259,3.5,14.759,0.5,0.0,1.214,9.0,1.929,0.929
Mitch Honeychurch,Western Bulldogs,20,20.83,11,6.045,54.091,56.091,0,0.0,0,0,70.818,5.909,5.909,11.818,69.231,53.846,84.615,50.0,1.0,0.273,127.545,10.792,2.0,5.909,2.364,5.0,5.0,7.0,12.0,41.667,1.727,2.909,1.364,0.455,0.909,1.364,2.364,0.182,0.727,0.182,0.273,1.182,0.818,0.364,0.0,0.0,0.091,,0.0,0.0,3.727,1.455,0.091,100.0,0.909,30.0,9,0.818,0.818,1.909,0.273,42.857,3.909,15.926,0.818,0.273,0.727,14.545,5.0,0.273
Joel Patfull,Greater Western Sydney,31,31.06,16,7.844,56.625,49.625,0,0.0,0,0,88.75,6.25,5.5,11.75,79.255,73.0,86.364,53.191,1.062,2.25,162.75,13.851,1.688,6.963,1.688,6.963,3.688,8.125,11.812,31.217,4.562,2.312,0.0,0.125,0.25,0.375,4.438,0.438,0.062,1.875,0.188,0.562,1.0,-0.438,0.0,0.0,0.0,,0.0,,2.125,0.0,2.375,15.789,0.062,0.0,1,0.062,0.125,0.188,0.062,33.333,2.25,9.351,0.75,0.062,4.312,7.5,5.188,4.062
Ryan Griffen,Greater Western Sydney,29,29.42,21,11.462,90.714,78.714,9,0.429,2,2,81.095,9.429,11.19,20.619,80.37,75.758,84.255,45.727,3.0,2.095,311.667,15.115,2.524,8.17,3.333,6.186,7.667,12.952,20.619,37.182,3.381,5.19,0.762,0.905,2.429,3.333,4.048,0.238,0.286,0.857,0.143,0.857,1.048,-0.19,0.095,0.093,0.81,100.0,0.19,23.529,3.81,0.476,0.19,75.0,0.286,16.667,7,0.333,0.143,0.571,0.667,58.333,5.667,23.333,1.571,1.429,1.571,13.905,7.381,0.81
Heath Shaw,Greater Western Sydney,30,30.09,22,12.232,112.636,96.045,21,0.955,7,0,90.818,19.091,4.409,23.5,78.337,78.333,78.351,81.238,1.682,7.409,526.091,22.387,2.727,8.617,4.045,5.809,5.864,14.091,19.955,29.385,7.818,4.182,0.0,0.045,0.364,0.409,6.591,0.864,0.045,2.682,0.0,0.773,0.682,0.091,0.0,0.0,0.0,,0.0,,2.773,0.0,1.5,24.242,0.091,50.0,1,0.045,0.091,0.273,0.136,16.667,4.182,17.293,2.182,4.182,3.136,6.545,5.636,2.682
Rhys Palmer,Greater Western Sydney,26,26.87,14,9.243,75.0,70.286,8,0.571,1,1,84.0,9.5,5.643,15.143,68.396,59.398,83.544,62.736,3.571,0.286,244.214,16.127,1.929,7.852,2.714,5.579,5.929,9.214,15.143,39.151,1.429,4.571,1.643,0.0,1.071,1.071,3.786,0.357,0.786,0.214,0.5,0.929,0.5,0.429,0.0,0.0,0.0,,0.0,,2.714,0.643,0.071,100.0,1.286,38.889,18,1.286,1.143,3.0,0.929,42.857,5.929,24.198,0.714,0.643,0.286,14.429,3.571,0.214
Shane Mumford,Greater Western Sydney,29,29.48,11,12.673,105.727,94.727,23,2.091,5,3,87.273,2.818,9.273,12.091,73.684,51.613,80.392,23.308,2.091,0.273,87.0,7.195,3.273,3.694,1.545,7.824,7.727,4.545,12.273,62.963,1.636,4.455,0.455,1.091,2.091,3.182,2.273,1.0,0.273,0.727,0.091,1.727,2.091,-0.364,84.636,83.723,38.455,45.435,12.364,32.151,6.545,0.636,0.545,0.0,0.818,44.444,1,0.091,0.273,0.636,0.364,14.286,5.636,21.16,3.818,0.0,3.455,17.182,8.182,2.545
Phil Davis,Greater Western Sydney,25,25.33,12,10.975,64.5,48.167,2,0.167,1,0,82.25,6.75,5.167,11.917,79.021,77.778,80.645,56.643,0.667,2.417,138.583,11.629,1.917,6.217,1.667,7.15,5.333,6.833,12.167,43.836,7.0,3.083,0.0,0.0,0.167,0.167,4.917,0.833,0.0,2.667,0.083,1.417,1.167,0.25,0.083,0.084,0.25,100.0,0.083,33.333,1.167,0.0,4.25,25.49,0.083,0.0,0,0.0,0.0,0.0,0.083,,2.75,10.784,1.5,0.0,8.0,4.417,3.333,7.167
Tom Scully,Greater Western Sydney,24,24.62,17,10.065,84.0,84.294,0,0.0,0,0,88.235,10.0,10.294,20.294,75.072,66.471,83.429,49.275,3.059,1.353,322.647,15.899,1.824,11.129,2.824,7.187,6.235,14.706,20.941,29.775,2.176,4.235,0.882,0.118,1.529,1.647,4.706,0.176,0.235,0.118,0.471,0.765,0.882,-0.118,0.0,0.0,0.059,,0.0,0.0,4.529,0.647,0.294,80.0,0.471,37.5,8,0.471,0.471,1.059,0.471,44.444,5.765,23.445,0.529,1.0,0.647,14.765,6.765,0.353
Curtly Hampton,Greater Western Sydney,22,22.8,5,5.52,49.0,48.2,0,0.0,0,0,65.6,7.0,4.6,11.6,74.138,65.714,86.957,60.345,2.4,2.6,232.2,20.017,2.0,5.8,2.0,5.8,2.8,8.4,11.2,25.0,2.0,2.4,0.0,0.0,0.2,0.2,3.0,0.0,0.0,0.2,0.0,0.2,0.8,-0.6,0.0,0.0,0.0,,0.0,,2.8,0.2,1.0,60.0,0.0,,0,0.0,0.0,0.0,0.2,,2.2,9.91,0.0,0.8,1.6,9.4,5.6,1.2
Devon Smith,Greater Western Sydney,22,22.61,20,11.85,88.95,86.05,16,0.8,4,3,85.0,12.15,7.0,19.15,64.491,56.79,77.857,63.446,3.55,1.0,381.35,19.914,2.2,8.705,3.5,5.471,6.55,12.65,19.2,34.115,2.3,4.55,1.3,0.3,1.95,2.25,3.5,0.0,0.7,0.05,0.45,1.2,0.6,0.6,0.0,0.0,0.0,,0.0,,4.9,1.05,0.05,100.0,0.6,8.333,17,0.85,1.0,2.65,0.7,32.075,5.75,23.0,1.5,1.65,1.0,23.35,8.7,0.55
Tomas Bugg,Greater Western Sydney,22,22.73,16,6.05,59.312,59.062,0,0.0,0,1,86.938,7.188,8.812,16.0,76.562,63.478,87.234,44.922,1.188,1.438,151.0,9.438,1.875,8.533,1.812,8.828,4.625,11.375,16.0,28.906,3.438,3.562,0.125,0.438,0.812,1.25,2.875,0.125,0.312,0.25,0.188,1.188,0.688,0.5,0.0,0.0,0.0,,0.0,,2.688,0.188,1.062,41.176,0.062,0.0,3,0.188,0.25,0.438,0.062,42.857,3.062,12.039,0.875,0.188,1.562,11.0,7.75,1.125
Cameron McCarthy,Greater Western Sydney,20,20.74,20,6.61,53.45,50.0,6,0.3,3,2,79.25,6.6,2.4,9.0,68.333,62.879,83.333,73.333,1.95,0.3,175.0,19.444,1.55,5.806,1.75,5.143,2.85,6.15,9.0,31.667,0.5,1.85,0.8,0.0,0.0,0.0,3.65,0.45,1.9,0.1,1.55,0.55,0.7,-0.15,0.6,0.583,0.0,0.0,0.0,,1.2,0.6,0.0,,2.5,22.0,35,1.75,0.7,2.75,0.4,63.636,4.6,18.327,0.2,0.0,0.5,8.55,2.0,0.35
Nick Riewoldt,St Kilda,33,33.2,17,8.129,90.824,93.941,17,1.0,5,6,87.235,12.588,4.294,16.882,70.035,66.822,79.452,74.564,1.882,0.882,225.706,13.369,1.529,11.038,2.647,6.378,4.471,13.0,17.471,25.589,0.647,2.118,1.118,0.059,0.647,0.706,9.706,1.059,2.588,0.294,3.471,0.588,0.529,0.059,0.353,0.39,1.765,100.0,0.588,33.333,1.647,0.471,0.118,50.0,1.706,31.034,29,1.706,0.882,3.235,0.706,52.727,6.412,27.877,0.706,0.0,2.118,8.412,2.941,1.176
Leigh Montagna,St Kilda,32,32.16,17,13.159,111.0,109.0,18,1.059,6,5,86.412,16.294,12.294,28.588,74.28,66.065,85.167,56.996,5.294,2.882,505.882,17.695,3.529,8.1,5.353,5.341,9.176,19.059,28.235,32.5,3.0,6.882,1.235,1.0,2.529,3.529,5.0,0.059,0.412,0.353,0.471,0.706,1.0,-0.294,0.059,0.065,0.176,100.0,0.059,33.333,4.824,0.882,0.235,25.0,0.412,14.286,8,0.471,0.529,1.176,0.353,40.0,6.824,30.446,1.647,0.882,0.765,16.353,7.353,0.118
Adam Schneider,St Kilda,31,31.63,15,9.74,84.2,81.333,3,0.2,1,0,80.8,10.4,8.533,18.933,68.662,60.256,78.906,54.93,3.733,1.667,296.8,15.676,2.267,8.353,3.467,5.462,7.133,12.533,19.667,36.271,1.667,4.667,1.0,0.733,2.067,2.8,4.667,0.0,0.733,0.067,0.467,0.933,0.933,0.0,0.0,0.0,0.0,,0.0,,4.133,0.733,0.0,,0.133,50.0,9,0.6,0.8,1.6,0.933,37.5,5.8,26.048,0.733,0.133,1.667,15.267,5.2,0.4
Sean Dempster,St Kilda,31,31.94,21,8.743,79.238,72.333,20,0.952,5,2,92.429,11.333,6.381,17.714,79.57,77.731,82.836,63.978,0.952,3.762,261.286,14.75,2.667,6.643,2.952,6.0,5.667,11.619,17.286,32.782,7.286,3.476,0.0,0.0,0.143,0.143,7.048,1.333,0.048,2.857,0.048,0.714,1.048,-0.333,0.0,0.0,0.0,,0.0,,1.714,0.0,2.714,35.088,0.0,,0,0.0,0.0,0.0,0.143,,2.476,11.231,0.905,0.619,5.143,5.81,4.429,4.476
Sam Fisher,St Kilda,33,33.47,18,8.794,79.333,70.722,7,0.389,2,0,89.833,11.556,5.667,17.222,80.645,80.769,80.392,67.097,1.278,2.944,241.444,14.019,1.944,8.857,2.889,5.962,4.833,12.167,17.0,28.431,5.5,3.611,0.0,0.0,0.444,0.444,6.667,0.611,0.0,1.556,0.056,0.333,1.222,-0.889,0.222,0.238,0.944,100.0,0.444,47.059,1.778,0.0,2.611,31.915,0.278,20.0,0,0.0,0.0,0.0,0.0,,2.889,13.098,1.0,0.278,4.167,6.667,5.0,3.611
David Armitage,St Kilda,27,27.54,21,14.033,109.667,107.0,57,2.714,10,12,82.524,13.429,15.0,28.429,72.697,60.993,83.175,47.236,3.714,1.762,354.238,12.461,3.714,7.654,3.571,7.96,12.429,16.333,28.762,43.212,2.19,7.905,0.952,2.19,4.048,6.238,3.952,0.286,0.381,0.238,0.19,1.857,1.619,0.238,0.0,0.0,0.333,,0.0,0.0,5.952,0.905,0.095,50.0,0.429,11.111,11,0.524,0.571,1.143,0.333,45.833,6.0,27.214,1.571,0.857,0.571,19.762,9.905,0.333
Jarryn Geary,St Kilda,27,27.52,20,8.585,78.1,73.9,8,0.4,4,0,86.9,10.65,8.7,19.35,77.519,67.606,89.655,55.039,2.0,2.55,243.7,12.594,2.65,7.302,3.35,5.776,5.5,14.25,19.75,27.848,4.6,4.2,0.2,0.05,0.65,0.7,4.9,0.3,0.1,0.6,0.25,0.65,1.0,-0.35,0.0,0.0,0.0,,0.0,,2.9,0.05,1.25,36.0,0.2,50.0,2,0.1,0.0,0.15,0.4,66.667,3.35,14.922,0.9,0.8,2.75,11.95,7.95,2.0
Luke Delaney,St Kilda,26,26.51,11,5.018,45.364,37.091,0,0.0,0,0,92.091,3.636,5.0,8.636,88.421,87.5,89.091,42.105,0.182,1.091,34.818,4.032,1.545,5.588,0.455,19.0,2.727,5.818,8.545,31.915,3.364,2.0,0.0,0.0,0.091,0.091,4.091,0.182,0.0,0.909,0.0,0.455,1.182,-0.727,0.091,0.095,0.091,100.0,0.0,0.0,1.727,0.0,4.818,18.868,0.182,0.0,0,0.0,0.0,0.0,0.091,,1.727,7.631,0.636,0.091,6.182,5.0,4.182,5.818
Jack Steven,St Kilda,25,25.75,22,12.391,104.273,111.682,47,2.136,11,12,79.773,15.591,11.273,26.864,67.005,55.977,82.258,58.037,5.455,1.636,463.318,17.247,3.591,7.481,5.0,5.373,8.864,18.045,26.909,32.939,1.955,5.955,0.636,2.045,2.273,4.318,4.455,0.045,0.273,0.136,0.227,1.273,0.955,0.318,0.0,0.0,0.0,,0.0,,6.864,0.955,0.045,0.0,0.318,14.286,9,0.409,0.682,1.273,0.773,32.143,6.0,26.939,1.5,0.909,0.727,20.682,9.273,0.227
Shane Savage,St Kilda,24,24.98,20,11.42,73.75,69.35,6,0.3,3,0,76.0,11.4,6.3,17.7,81.356,78.947,85.714,64.407,2.85,2.35,369.55,20.879,1.7,10.412,3.85,4.597,4.4,12.75,17.15,25.656,3.75,3.4,0.3,0.35,0.45,0.8,4.25,0.3,0.25,1.05,0.05,0.45,0.6,-0.15,0.0,0.0,0.0,,0.0,,2.0,0.15,0.5,40.0,0.1,50.0,10,0.5,0.15,0.85,0.25,58.824,3.7,17.051,0.85,1.0,1.3,9.25,5.25,1.05
Dylan Roberton,St Kilda,24,24.52,20,10.005,90.6,82.85,6,0.3,2,2,84.7,13.9,6.8,20.7,80.193,78.777,83.088,67.15,1.8,4.15,358.6,17.324,2.05,10.098,3.85,5.377,5.2,13.8,19.0,27.368,4.95,3.7,0.2,0.1,0.45,0.55,5.95,0.35,0.1,1.4,0.1,0.9,0.9,0.0,0.05,0.054,0.2,100.0,0.05,25.0,2.5,0.1,1.0,40.0,0.05,0.0,4,0.2,0.1,0.35,0.25,57.143,4.1,18.721,1.4,1.15,1.75,8.65,5.6,1.35
Maverick Weller,St Kilda,23,23.87,20,8.82,71.6,74.95,8,0.4,2,0,86.55,8.2,8.75,16.95,69.322,60.976,77.143,48.378,2.2,1.2,218.6,12.897,2.35,7.213,2.7,6.278,7.0,9.95,16.95,41.298,1.85,5.2,1.05,0.8,1.05,1.85,3.35,0.15,0.35,0.25,0.55,1.05,1.0,0.05,0.0,0.0,0.55,,0.05,9.091,5.0,0.65,0.2,25.0,0.35,28.571,12,0.6,0.6,1.3,0.45,46.154,4.15,18.444,0.55,0.25,0.4,17.45,6.85,0.3
Cameron Shenton,St Kilda,25,25.25,10,9.06,61.8,56.7,0,0.0,0,0,85.4,8.4,5.3,13.7,75.912,69.048,86.792,61.314,1.5,2.2,218.1,15.92,2.0,6.85,2.3,5.957,4.7,9.7,14.4,32.639,4.5,3.5,0.4,0.2,0.5,0.7,4.4,0.3,0.2,1.3,0.1,0.4,0.9,-0.5,0.0,0.0,0.0,,0.0,,1.9,0.0,2.5,32.0,0.4,0.0,4,0.4,0.0,0.5,0.0,80.0,2.7,12.054,0.8,0.6,3.2,10.3,7.4,2.5
Josh Bruce,St Kilda,23,23.56,22,8.441,68.273,67.909,29,1.318,4,4,92.318,7.5,3.409,10.909,63.333,59.394,72.0,68.75,1.909,0.227,156.227,14.321,2.364,4.615,2.682,4.068,5.182,6.045,11.227,46.154,1.364,2.545,1.182,0.136,0.273,0.409,5.0,1.818,2.727,0.227,1.091,0.773,1.091,-0.318,7.682,8.232,1.182,15.385,0.364,30.769,2.545,0.909,0.045,0.0,3.591,22.785,50,2.273,1.091,3.864,0.227,58.824,5.364,24.082,0.591,0.0,1.682,9.318,2.364,1.273
Jack Newnes,St Kilda,22,22.84,22,10.859,90.727,85.364,5,0.227,3,0,87.455,11.909,8.5,20.409,78.842,72.519,87.701,58.352,3.182,1.591,313.727,15.372,2.455,8.315,3.091,6.603,6.727,13.5,20.227,33.258,3.955,4.773,0.5,0.364,1.682,2.045,6.0,0.455,0.409,0.727,0.636,0.727,1.318,-0.591,0.0,0.0,0.818,,0.182,22.222,3.773,0.364,0.636,42.857,0.273,50.0,6,0.273,0.318,0.591,0.636,46.154,5.0,22.449,1.636,0.636,1.727,14.227,6.864,0.955
Billy Longer,St Kilda,22,22.63,18,9.439,68.333,66.944,0,0.0,0,0,85.889,3.722,5.556,9.278,80.24,67.164,89.0,40.12,1.111,0.722,76.0,8.192,2.278,4.073,1.5,6.185,5.611,4.0,9.611,58.382,2.611,3.056,0.167,1.056,1.611,2.667,2.389,0.556,0.056,1.278,0.0,1.722,1.611,0.111,74.889,79.341,29.167,38.947,7.778,26.667,2.778,0.0,0.667,41.667,0.944,5.882,1,0.056,0.0,0.111,0.0,50.0,3.056,13.221,2.389,0.0,3.0,12.0,7.222,2.333
Luke Dunstan,St Kilda,20,20.92,19,9.295,70.053,70.263,0,0.0,0,0,72.053,8.842,8.211,17.053,68.519,58.333,79.487,51.852,2.632,1.053,212.737,12.475,2.263,7.535,3.211,5.311,7.053,9.895,16.947,41.615,1.947,5.263,0.684,1.211,1.789,3.0,3.263,0.211,0.421,0.474,0.263,0.632,0.737,-0.105,0.0,0.0,0.158,,0.053,33.333,3.684,0.421,0.053,0.0,0.211,75.0,12,0.632,0.421,1.158,0.474,54.545,3.895,17.453,0.526,0.263,1.211,15.947,7.421,0.579
Ahmed Saad,St Kilda,26,26.22,4,6.05,41.25,32.0,0,0.0,0,0,61.75,3.5,2.75,6.25,80.0,78.571,81.818,56.0,0.75,0.25,51.25,8.2,1.25,5.0,1.0,6.25,3.25,3.5,6.75,48.148,0.75,3.25,2.25,0.0,0.25,0.25,1.75,0.0,0.5,0.0,0.25,0.25,0.75,-0.5,0.0,0.0,0.0,,0.0,,2.0,0.0,0.0,,1.75,0.0,3,0.75,0.25,1.25,0.5,60.0,3.0,14.286,0.75,0.25,0.25,10.0,2.5,0.25
Eli Templeton,St Kilda,20,20.36,6,3.033,36.333,43.167,0,0.0,0,0,74.333,5.0,3.667,8.667,71.154,63.333,81.818,57.692,2.333,0.0,113.5,13.096,2.0,4.333,2.667,3.25,2.167,7.0,9.167,23.636,1.167,1.667,0.5,0.0,0.167,0.167,4.0,0.0,0.667,0.167,0.5,0.5,1.167,-0.667,0.0,0.0,0.0,,0.0,,2.667,0.667,0.167,100.0,1.0,0.0,1,0.167,0.167,0.5,0.5,33.333,2.833,13.178,0.333,0.0,0.667,13.167,3.833,0.5
Jack Lonie,St Kilda,19,19.38,17,7.018,55.941,54.765,0,0.0,0,0,76.765,7.235,4.412,11.647,59.596,48.78,77.333,62.121,1.824,0.294,168.118,14.434,1.706,6.828,2.412,4.829,5.176,6.588,11.765,44.0,1.471,3.765,1.765,0.294,0.765,1.059,2.529,0.059,0.765,0.059,0.353,1.235,0.529,0.706,0.0,0.0,0.0,,0.0,,2.941,1.235,0.118,50.0,0.941,12.5,12,0.706,1.0,2.235,0.529,31.579,4.471,20.0,0.765,0.176,0.706,15.941,4.471,0.353
Eddie Betts,Adelaide,29,29.09,23,13.552,84.0,74.435,31,1.476,6,7,91.826,9.261,4.304,13.565,62.5,53.991,80.808,68.269,2.435,0.087,202.957,14.962,2.13,6.367,3.087,4.394,6.522,7.043,13.565,48.077,1.174,4.696,2.739,0.522,0.87,1.391,3.652,0.739,2.435,0.0,1.087,0.739,0.826,-0.087,0.0,0.0,0.0,,0.0,,2.826,1.522,0.043,0.0,2.087,25.0,63,2.739,1.087,4.565,0.87,60.0,7.261,27.066,1.043,0.435,1.261,13.043,2.391,0.478
Richard Douglas,Adelaide,28,28.89,16,13.544,88.375,80.125,4,0.286,2,0,83.125,12.75,8.438,21.188,70.206,58.333,88.148,60.177,4.625,1.438,367.812,17.36,2.5,8.475,3.25,6.519,8.688,12.125,20.812,41.742,2.25,6.375,0.5,1.125,3.25,4.375,2.938,0.125,0.25,0.312,0.062,0.75,1.188,-0.438,0.0,0.0,0.125,,0.125,100.0,4.0,0.625,0.125,0.0,0.25,25.0,7,0.438,0.25,0.812,0.875,53.846,5.812,22.41,1.0,0.188,1.188,20.0,8.188,0.812
Nathan Van Berlo,Adelaide,29,29.56,20,7.385,63.95,67.0,3,0.167,1,0,82.15,9.35,5.95,15.3,67.974,59.893,80.672,61.111,2.45,2.35,258.55,16.899,2.4,6.375,3.05,5.016,5.3,9.9,15.2,34.868,2.9,4.05,0.35,0.05,1.15,1.2,3.95,0.5,0.25,0.6,0.15,0.5,0.55,-0.05,0.0,0.0,0.05,,0.0,0.0,3.7,0.55,0.35,28.571,0.15,33.333,4,0.2,0.3,0.6,0.4,33.333,3.85,14.233,0.85,0.0,1.1,12.35,7.05,0.95
David Mackay,Adelaide,27,27.43,20,6.5,57.3,56.35,10,0.556,2,1,74.5,7.7,6.1,13.8,73.551,65.584,83.607,55.797,2.35,1.95,249.35,18.069,1.75,7.886,2.6,5.308,4.5,9.0,13.5,33.333,2.7,3.55,0.2,0.15,0.85,1.0,2.15,0.05,0.05,0.25,0.05,0.65,0.5,0.15,0.0,0.0,0.0,,0.0,,3.6,0.5,0.45,66.667,0.3,0.0,3,0.15,0.15,0.3,0.3,50.0,3.3,12.453,0.75,0.6,1.1,15.45,8.9,0.65
Matthew Jaensch,Adelaide,26,26.28,7,6.886,84.0,89.143,0,0.0,0,0,78.571,15.714,4.571,20.286,80.282,80.909,78.125,77.465,1.429,3.429,340.857,16.803,2.429,8.353,3.143,6.455,4.714,13.857,18.571,25.385,5.571,3.571,0.0,0.0,0.286,0.286,8.143,0.571,0.0,1.571,0.143,0.571,0.714,-0.143,0.0,0.0,0.0,,0.0,,2.429,0.0,1.0,42.857,0.143,0.0,0,0.0,0.286,0.286,0.143,0.0,3.714,13.904,1.714,1.0,2.143,9.857,6.286,2.0
Matthew Wright,Adelaide,26,26.04,16,7.306,54.625,55.875,2,0.125,1,0,72.688,8.938,5.375,14.312,64.192,56.643,76.744,62.445,2.625,1.438,244.438,17.079,2.562,5.585,2.875,4.978,5.5,8.625,14.125,38.938,1.75,3.625,1.312,0.312,1.688,2.0,2.688,0.125,0.688,0.062,0.188,0.688,0.688,0.0,0.0,0.0,0.0,,0.0,,2.375,0.5,0.125,50.0,0.875,28.571,5,0.312,0.25,0.75,0.562,41.667,4.438,17.275,1.062,0.5,0.5,12.25,5.438,0.312
Kyle Cheney,Adelaide,26,26.34,12,9.308,69.5,58.417,0,0.0,0,0,96.417,9.667,3.833,13.5,78.395,78.448,78.261,71.605,0.75,2.833,240.75,17.833,1.167,11.571,2.333,5.786,4.583,8.833,13.417,34.161,5.667,2.75,0.0,0.083,0.083,0.167,4.75,0.75,0.083,1.833,0.0,1.083,0.417,0.667,0.0,0.0,0.0,,0.0,,1.917,0.083,2.917,25.714,0.083,0.0,0,0.0,0.0,0.0,0.0,,2.083,7.669,0.917,0.333,5.333,7.917,5.75,4.833
Sam Jacobs,Adelaide,27,27.72,23,14.109,107.304,97.739,29,1.381,7,4,88.348,8.913,6.565,15.478,69.663,60.488,82.119,57.584,2.348,1.174,204.348,13.202,2.217,6.98,2.391,6.473,6.522,9.0,15.522,42.017,2.696,3.957,0.304,1.217,1.348,2.565,4.217,0.739,0.174,1.0,0.043,1.043,0.826,0.217,82.87,86.089,37.348,45.068,12.522,33.527,2.0,0.304,0.957,22.727,1.0,30.435,4,0.174,0.261,0.522,0.391,33.333,5.609,20.908,3.609,0.043,3.0,6.826,3.435,2.478
Tom Lynch,Adelaide,25,25.29,23,11.817,86.957,87.174,11,0.524,2,2,89.304,12.696,6.217,18.913,67.586,64.041,74.825,67.126,3.783,0.522,346.043,18.297,2.217,8.529,3.87,4.888,5.696,13.391,19.087,29.841,1.478,4.217,1.609,0.0,0.739,0.739,6.87,0.522,1.261,0.391,1.087,0.739,0.435,0.304,0.696,0.723,0.087,12.5,0.0,0.0,1.87,0.696,0.174,25.0,1.826,30.952,32,1.391,0.696,2.565,1.304,54.237,7.478,27.877,0.565,0.174,0.826,8.739,2.609,0.565
Rory Sloane,Adelaide,25,25.78,18,16.05,104.5,92.889,42,2.625,8,4,77.333,10.667,11.556,22.222,68.5,57.292,78.846,48.0,3.722,1.167,328.056,14.762,2.667,8.333,3.667,6.061,12.167,10.556,22.722,53.545,3.778,8.111,1.333,1.444,2.889,4.333,4.333,0.389,0.389,0.444,0.389,1.5,1.056,0.444,0.0,0.0,0.389,,0.0,0.0,5.556,0.944,0.333,50.0,0.778,35.714,11,0.611,0.167,0.944,0.889,64.706,6.722,24.444,2.611,0.778,2.722,18.278,7.889,1.278
Daniel Talia,Adelaide,24,24.24,22,6.895,49.273,45.091,8,0.4,4,0,92.182,6.909,3.682,10.591,71.674,61.842,90.123,65.236,0.591,1.955,151.455,14.3,1.545,6.853,2.227,4.755,3.818,6.273,10.091,37.838,4.5,2.773,0.0,0.0,0.227,0.227,3.682,0.636,0.045,1.273,0.0,0.455,0.5,-0.045,0.045,0.047,0.0,0.0,0.0,,1.682,0.0,3.136,20.29,0.091,0.0,1,0.045,0.0,0.045,0.0,100.0,1.591,5.963,0.545,0.0,5.409,5.909,4.5,4.909
Kyle Hartigan,Adelaide,24,24.14,18,6.206,46.944,38.444,0,0.0,0,0,94.167,5.111,4.833,9.944,78.212,72.826,83.908,51.397,0.333,1.778,108.667,10.927,1.611,6.172,1.389,7.16,4.611,5.111,9.722,47.429,5.5,3.333,0.0,0.111,0.111,0.222,3.667,0.667,0.0,1.5,0.056,0.611,0.833,-0.222,0.222,0.231,0.111,50.0,0.056,50.0,1.056,0.0,3.611,27.692,0.0,,0,0.0,0.0,0.0,0.0,,1.556,5.749,0.722,0.056,4.222,5.722,4.667,3.111
Ricky Henderson,Adelaide,27,27.3,17,10.171,76.647,73.647,4,0.267,3,0,81.118,11.882,7.706,19.588,73.874,65.347,87.023,60.661,3.0,3.176,410.176,20.94,1.824,10.742,3.765,5.203,5.412,13.471,18.882,28.66,4.529,3.765,0.294,0.0,1.529,1.529,5.294,0.471,0.118,1.118,0.118,0.471,0.118,0.353,0.0,0.0,0.0,,0.0,,1.353,0.0,1.0,47.059,0.412,42.857,3,0.176,0.118,0.471,0.353,37.5,4.471,16.486,1.471,0.765,2.529,9.118,4.471,1.824
Luke Brown,Adelaide,23,23.27,23,5.978,54.391,49.739,0,0.0,0,0,81.652,8.043,4.435,12.478,80.836,77.838,86.275,64.46,0.913,2.913,211.217,16.927,1.087,11.48,2.0,6.239,3.652,8.13,11.783,30.996,3.696,3.043,0.0,0.043,0.348,0.391,3.261,0.087,0.087,0.522,0.0,0.565,0.348,0.217,0.0,0.0,0.0,,0.0,,1.783,0.043,1.522,34.286,0.0,,1,0.043,0.043,0.087,0.13,50.0,2.391,8.914,0.826,0.217,1.957,8.522,6.217,1.609
Cameron Ellis-Yolmen,Adelaide,22,22.92,11,11.173,74.364,68.0,0,0.0,0,0,64.909,8.273,7.727,16.0,67.614,51.648,84.706,51.705,2.818,0.818,238.364,14.898,2.0,8.0,2.818,5.677,9.091,7.182,16.273,55.866,2.182,6.455,1.091,1.545,2.545,4.091,2.091,0.273,0.0,0.182,0.0,0.818,0.636,0.182,0.0,0.0,1.182,,0.545,46.154,4.818,0.364,0.182,0.0,0.364,25.0,3,0.273,0.455,0.727,0.545,37.5,4.364,17.329,1.273,0.091,1.091,17.545,9.545,0.545
Josh Jenkins,Adelaide,26,26.89,21,8.943,69.667,67.333,19,1.0,2,3,89.286,8.238,3.238,11.476,65.56,59.538,80.882,71.784,2.333,0.333,209.667,18.27,2.333,4.918,2.476,4.635,4.524,6.762,11.286,40.084,0.524,2.333,1.238,0.143,0.333,0.476,5.143,1.476,2.619,0.143,1.333,0.619,1.048,-0.429,13.286,13.563,3.762,28.315,0.667,17.722,1.333,0.476,0.19,25.0,4.952,34.615,46,2.19,1.0,3.762,0.714,58.228,5.81,21.825,0.619,0.381,1.905,7.524,1.476,1.524
Drew Petrie,North Melbourne,33,33.21,24,10.046,85.125,77.333,29,1.381,5,7,93.708,9.125,4.083,13.208,71.609,66.667,82.653,69.085,3.0,0.458,239.375,18.123,1.625,8.128,1.792,7.372,5.125,8.333,13.458,38.08,1.583,2.667,1.125,0.0,0.083,0.083,7.0,1.625,2.583,0.625,2.083,0.792,0.833,-0.042,1.375,1.404,0.458,33.333,0.042,9.091,2.583,1.083,0.208,20.0,3.792,26.374,42,1.75,1.208,3.208,0.667,54.545,6.125,24.664,0.625,0.0,2.625,9.708,2.75,2.125
Nick Dal Santo,North Melbourne,31,31.85,15,10.7,89.733,81.467,20,1.667,5,2,81.467,12.467,11.467,23.933,74.373,62.567,87.209,52.089,3.6,2.267,365.267,15.262,2.8,8.548,4.333,5.523,8.333,15.0,23.333,35.714,1.667,5.0,0.467,1.267,3.267,4.533,3.067,0.133,0.4,0.2,0.2,1.0,0.533,0.467,0.0,0.0,0.6,,0.267,44.444,2.8,0.467,0.2,0.0,0.133,50.0,1,0.067,0.333,0.733,0.533,9.091,5.733,22.051,1.2,1.0,1.267,12.533,5.0,0.467
Jarrad Waite,North Melbourne,32,32.9,23,9.183,81.478,75.609,8,0.4,1,3,85.565,9.087,4.565,13.652,66.242,61.244,76.19,66.561,2.391,0.304,201.391,14.752,2.609,5.233,2.652,5.148,5.783,8.174,13.957,41.433,1.565,3.174,1.261,0.0,0.174,0.174,5.826,1.739,2.391,0.391,2.087,0.739,0.826,-0.087,0.0,0.0,0.0,,0.0,,2.87,1.217,0.087,50.0,2.478,28.07,42,1.826,1.043,3.391,0.826,53.846,6.043,23.883,0.609,0.435,0.739,10.217,2.261,0.522
Daniel Wells,North Melbourne,30,30.9,2,6.5,56.5,38.5,0,0.0,0,0,59.0,3.0,8.0,11.0,72.727,50.0,81.25,27.273,1.0,0.5,109.0,9.909,1.0,11.0,2.5,4.4,6.0,5.0,11.0,54.545,1.5,4.5,0.5,1.0,1.5,2.5,0.5,0.0,0.0,0.0,0.0,0.5,0.5,0.0,0.0,0.0,1.0,,0.5,50.0,3.0,0.5,0.0,,0.0,,0,0.0,0.0,0.0,0.0,,3.5,13.725,0.0,0.0,0.0,11.0,3.5,0.0
Michael Firrito,North Melbourne,32,32.09,23,8.304,63.522,53.565,0,0.0,0,0,89.435,8.217,5.348,13.565,75.641,73.545,78.862,60.577,1.826,3.478,306.652,22.606,1.696,8.0,3.13,4.333,4.609,8.348,12.957,35.57,4.957,3.217,0.087,0.043,0.435,0.478,3.435,0.435,0.043,1.174,0.043,0.913,0.739,0.174,0.0,0.0,0.043,,0.043,100.0,2.261,0.13,2.348,27.778,0.13,33.333,0,0.0,0.13,0.13,0.174,0.0,2.957,11.93,1.217,0.217,3.696,6.957,5.217,3.13
Andrew Swallow,North Melbourne,28,28.57,22,11.655,94.727,88.409,18,0.947,3,8,77.818,9.955,11.818,21.773,70.981,61.644,78.846,45.72,2.727,1.364,237.545,10.91,2.818,7.726,3.364,6.473,11.909,10.045,21.955,54.244,2.773,6.591,0.636,2.545,3.318,5.864,1.955,0.0,0.136,0.136,0.136,2.364,1.455,0.909,0.0,0.0,0.0,,0.0,,7.455,0.591,0.409,55.556,0.045,100.0,4,0.182,0.136,0.318,0.409,57.143,5.0,19.643,1.545,0.136,0.864,19.045,9.727,0.364
Sam Gibson,North Melbourne,29,29.59,25,7.696,73.04,70.92,4,0.182,2,0,84.16,10.04,10.0,20.04,72.056,60.956,83.2,50.1,2.44,1.68,273.88,13.667,1.92,10.438,3.44,5.826,5.96,14.0,19.96,29.86,2.6,4.72,0.72,0.32,1.36,1.68,3.76,0.12,0.4,0.36,0.44,0.48,0.48,0.0,0.0,0.0,0.0,,0.0,,1.88,0.08,0.56,35.714,0.16,50.0,11,0.44,0.32,0.8,0.36,55.0,4.12,16.64,0.76,0.24,0.76,9.48,4.4,0.52
Shaun Higgins,North Melbourne,27,27.82,24,12.071,94.25,85.542,36,1.714,7,8,86.583,9.708,9.833,19.542,72.708,59.227,86.017,49.68,3.667,0.833,321.25,16.439,2.083,9.38,3.083,6.338,6.875,12.875,19.75,34.81,1.083,5.125,1.833,0.125,1.958,2.083,4.333,0.417,1.208,0.042,1.042,0.417,0.833,-0.417,0.0,0.0,0.0,,0.0,,3.75,0.958,0.125,66.667,0.833,40.0,39,1.625,1.083,3.208,0.75,50.649,6.833,27.243,0.458,0.375,0.542,13.917,4.583,0.417
Lindsay Thomas,North Melbourne,27,27.83,21,8.243,57.952,53.81,8,0.444,3,2,72.571,7.286,3.095,10.381,66.972,58.824,86.154,70.183,2.476,0.143,187.81,18.092,2.762,3.759,2.19,4.739,4.333,6.429,10.762,40.265,0.857,2.381,1.048,0.143,0.476,0.619,2.333,0.476,1.286,0.048,0.476,1.333,1.476,-0.143,0.0,0.0,0.0,,0.0,,2.81,1.19,0.0,,1.048,31.818,34,1.619,0.905,3.19,0.714,50.746,5.238,20.913,0.476,0.333,1.048,10.333,2.667,0.429
Joel Tippett,North Melbourne,27,27.18,3,3.4,37.667,29.667,0,0.0,0,0,72.333,4.0,3.0,7.0,80.952,75.0,88.889,57.143,0.0,2.0,115.0,16.429,0.667,10.5,0.333,21.0,2.333,5.0,7.333,31.818,2.0,1.667,0.0,0.0,0.0,0.0,2.0,0.0,0.0,0.0,0.0,0.333,0.0,0.333,0.0,0.0,0.0,,0.0,,1.333,0.0,3.0,22.222,0.0,,0,0.0,0.0,0.0,0.0,,2.333,10.294,1.0,0.667,2.667,3.0,2.0,2.333
Ryan Bastinac,North Melbourne,24,24.52,17,10.094,72.412,65.294,0,0.0,0,0,75.824,8.0,8.706,16.706,70.423,62.5,77.703,47.887,2.294,1.412,220.412,13.194,1.529,10.923,2.471,6.762,7.0,10.176,17.176,40.753,2.0,4.706,0.882,0.765,2.059,2.824,2.588,0.059,0.353,0.412,0.0,0.647,0.529,0.118,0.0,0.0,0.059,,0.0,0.0,3.529,0.235,0.118,100.0,0.176,33.333,8,0.471,0.059,0.706,0.529,66.667,4.118,17.284,0.824,0.647,1.059,14.412,7.647,0.294
Sam Wright,North Melbourne,25,25.46,24,7.921,79.042,71.917,2,0.095,1,1,88.0,11.292,7.542,18.833,82.08,75.277,92.265,59.956,2.292,3.667,348.5,18.504,2.083,9.04,3.667,5.136,5.0,13.583,18.583,26.906,5.375,3.417,0.042,0.0,0.333,0.333,5.417,0.542,0.042,1.625,0.0,0.958,0.708,0.25,0.0,0.0,0.042,,0.0,0.0,1.833,0.083,1.083,26.923,0.083,50.0,2,0.083,0.0,0.083,0.292,100.0,3.833,15.282,1.417,1.083,1.917,6.958,5.0,1.542
Ben Cunnington,North Melbourne,24,24.5,24,13.438,93.792,83.083,38,1.81,7,3,76.333,9.833,13.0,22.833,67.153,52.119,78.526,43.066,2.417,1.5,251.875,11.031,3.333,6.85,3.708,6.157,14.208,9.042,23.25,61.111,2.917,9.458,1.167,3.0,4.333,7.333,3.0,0.625,0.542,0.708,0.292,0.75,1.167,-0.417,0.0,0.0,0.333,,0.208,62.5,4.458,0.583,0.208,0.0,0.417,20.0,12,0.5,0.167,0.875,0.375,57.143,5.125,20.432,1.625,0.042,1.208,14.917,6.958,0.583
Jack Ziebell,North Melbourne,24,24.83,24,9.363,86.5,90.667,42,2.0,7,8,74.792,14.75,4.667,19.417,58.155,53.107,74.107,75.966,4.0,1.542,401.792,20.693,3.75,5.178,4.875,3.983,10.0,9.708,19.708,50.74,2.333,4.917,0.708,2.417,2.667,5.083,3.875,0.5,0.458,0.5,0.292,1.833,1.375,0.458,0.125,0.127,1.0,100.0,0.208,20.833,5.583,0.625,0.208,40.0,0.792,42.105,15,0.625,0.667,1.333,0.458,46.875,4.958,20.0,1.292,0.208,1.083,17.208,9.0,0.667
Scott D. Thompson,North Melbourne,29,29.64,24,8.262,70.042,56.667,0,0.0,0,0,94.208,8.458,6.083,14.542,81.948,77.833,87.671,58.166,0.583,2.792,209.708,14.421,2.167,6.712,2.125,6.843,5.0,9.167,14.167,35.294,6.292,3.333,0.042,0.0,0.125,0.125,4.75,0.583,0.0,1.708,0.0,1.042,1.167,-0.125,0.0,0.0,0.0,,0.0,,1.833,0.0,3.667,29.545,0.25,16.667,0,0.0,0.0,0.0,0.083,,2.583,10.299,0.833,0.5,3.958,6.375,5.208,3.625
Jamie Macmillan,North Melbourne,24,24.27,17,10.435,88.882,77.529,11,0.786,2,2,82.941,11.941,7.235,19.176,77.607,74.877,82.114,62.27,2.529,3.941,381.765,19.908,1.412,13.583,2.941,6.52,5.353,13.176,18.529,28.889,5.235,4.176,0.294,0.235,0.588,0.824,5.882,0.471,0.294,1.588,0.0,0.588,0.294,0.294,0.0,0.0,0.059,,0.059,100.0,1.765,0.176,1.118,15.789,0.176,66.667,7,0.412,0.294,0.765,0.471,53.846,3.412,14.91,0.765,0.529,2.176,10.294,5.529,1.529
Shaun Atley,North Melbourne,23,23.29,23,7.922,66.391,62.565,4,0.2,2,0,83.739,8.478,8.304,16.783,80.57,71.795,89.529,50.518,2.391,2.087,303.652,18.093,1.565,10.722,2.348,7.148,3.739,12.87,16.609,22.513,1.739,2.826,0.087,0.261,0.609,0.87,3.304,0.087,0.043,0.13,0.087,0.609,0.565,0.043,0.0,0.0,0.0,,0.0,,2.652,0.261,0.826,31.579,0.043,100.0,4,0.174,0.043,0.261,0.435,66.667,3.739,14.983,0.522,1.348,1.13,11.565,6.696,0.826
Ben Jacobs,North Melbourne,23,23.97,23,6.065,63.783,62.957,8,0.4,4,0,79.652,7.478,7.957,15.435,75.775,69.767,81.421,48.451,2.087,1.13,170.957,11.076,2.391,6.455,2.913,5.299,5.609,9.739,15.348,36.544,3.043,4.174,0.348,0.826,1.13,1.957,3.304,0.217,0.13,0.391,0.13,0.739,1.261,-0.522,0.0,0.0,0.0,,0.0,,4.348,0.478,0.565,53.846,0.087,0.0,1,0.043,0.087,0.174,0.304,25.0,3.174,13.012,1.261,0.217,1.087,12.435,6.174,0.696
Brent Harvey,North Melbourne,37,37.63,25,14.18,92.4,81.04,14,0.636,5,4,85.84,12.16,10.68,22.84,75.832,64.803,88.39,53.24,3.24,1.28,345.96,15.147,1.96,11.653,3.36,6.798,7.0,15.36,22.36,31.306,2.6,5.44,1.12,0.44,1.84,2.28,2.96,0.04,0.32,0.16,0.48,0.92,0.48,0.44,0.0,0.0,0.0,,0.0,,2.12,0.44,0.24,83.333,0.32,12.5,24,0.96,0.6,1.8,0.56,53.333,6.6,26.656,1.32,1.88,0.6,11.28,4.88,0.16
Kayne Turner,North Melbourne,20,20.0,13,6.508,51.231,46.615,1,0.091,1,0,62.615,5.538,3.692,9.231,75.833,66.667,89.583,60.0,1.769,0.923,161.308,17.475,1.308,7.059,1.769,5.217,3.615,6.0,9.615,37.6,0.769,2.077,0.846,0.231,0.308,0.538,2.308,0.154,0.462,0.231,0.462,1.462,0.462,1.0,0.0,0.0,0.0,,0.0,,2.923,0.769,0.231,100.0,0.231,0.0,8,0.615,0.231,0.923,0.615,66.667,3.846,15.924,0.462,0.077,1.0,10.769,4.538,0.769
Matthew Pavlich,Fremantle,34,34.0,22,9.364,80.182,68.727,15,0.75,4,2,84.455,8.545,6.0,14.545,67.5,62.766,74.242,58.75,2.818,0.045,217.091,14.925,2.091,6.957,3.136,4.638,5.909,8.909,14.818,39.877,0.5,2.727,1.682,0.682,0.273,0.955,4.5,1.0,1.591,0.0,1.636,0.864,1.091,-0.227,0.0,0.0,0.0,,0.0,,1.955,1.045,0.045,0.0,4.455,28.571,40,1.818,1.273,3.5,0.909,51.948,6.727,30.081,0.409,0.0,1.864,8.682,1.591,1.273
Luke McPharlin,Fremantle,34,34.08,18,6.194,67.944,64.0,23,1.278,7,0,92.333,9.389,6.333,15.722,83.392,78.698,90.351,59.717,0.222,3.0,167.389,10.647,1.556,10.107,2.389,6.581,3.722,11.444,15.167,24.542,5.667,2.111,0.0,0.056,0.167,0.222,6.889,1.056,0.0,2.611,0.0,0.444,0.667,-0.222,0.0,0.0,0.278,,0.056,20.0,0.944,0.0,3.111,26.786,0.056,0.0,0,0.0,0.0,0.0,0.0,,1.833,8.088,0.667,0.056,4.056,3.889,3.222,3.778
Aaron Sandilands,Fremantle,33,33.06,23,15.735,107.478,87.435,33,1.571,8,14,82.174,2.217,10.478,12.696,80.479,76.471,81.328,17.466,1.13,0.522,34.609,2.726,1.609,7.892,0.913,13.905,8.0,4.826,12.826,62.373,2.696,4.739,0.609,0.652,1.783,2.435,3.435,2.0,0.565,1.13,0.087,0.957,1.087,-0.13,67.957,68.493,43.391,63.852,13.522,31.162,1.478,0.13,0.391,22.222,1.957,48.889,9,0.391,0.174,0.609,0.435,64.286,5.783,25.825,3.609,0.0,2.739,5.609,2.565,2.043
Michael Johnson,Fremantle,31,31.19,15,9.3,80.067,71.333,12,0.923,5,0,89.867,11.933,6.133,18.067,85.24,86.592,82.609,66.052,1.267,3.067,287.667,15.923,1.333,13.55,2.867,6.302,3.933,13.267,17.2,22.868,5.6,2.733,0.0,0.0,0.267,0.267,6.933,0.4,0.067,1.733,0.067,0.6,0.4,0.2,0.067,0.071,0.267,100.0,0.067,25.0,0.6,0.0,2.8,30.952,0.0,,1,0.067,0.0,0.067,0.2,100.0,2.8,12.245,0.933,0.733,3.267,4.0,2.667,2.667
David Mundy,Fremantle,30,30.44,23,14.487,111.217,103.217,73,3.476,10,19,80.217,13.087,13.783,26.87,73.301,63.455,82.65,48.706,3.739,1.652,347.739,12.942,2.13,12.612,3.13,8.583,13.174,13.826,27.0,48.792,2.696,7.87,0.783,2.174,4.913,7.087,4.087,0.174,0.261,0.348,0.0,1.348,0.913,0.435,0.0,0.0,2.043,,0.957,46.809,5.174,0.739,0.13,0.0,0.174,0.0,10,0.435,0.174,0.696,0.565,62.5,6.217,27.767,1.87,0.217,1.13,15.522,6.739,0.391
Paul Duffield,Fremantle,30,30.9,14,5.564,67.0,63.929,0,0.0,0,0,82.714,9.357,4.929,14.286,84.0,83.206,85.507,65.5,1.857,1.786,232.429,16.27,1.214,11.765,2.286,6.25,2.786,10.571,13.357,20.856,3.214,2.286,0.071,0.071,0.357,0.429,3.857,0.214,0.0,1.071,0.0,0.214,0.429,-0.214,0.0,0.0,0.0,,0.0,,3.857,0.214,1.0,14.286,0.071,0.0,0,0.0,0.071,0.071,0.071,0.0,2.571,11.842,0.929,0.286,2.357,10.714,6.214,1.714
Lee Spurr,Fremantle,28,28.42,22,7.127,75.182,74.864,3,0.15,2,0,93.318,12.0,6.5,18.5,78.378,75.0,84.615,64.865,1.591,2.545,280.955,15.187,2.364,7.827,3.136,5.899,4.636,13.636,18.273,25.373,5.455,3.364,0.045,0.0,0.273,0.273,6.0,0.545,0.045,1.545,0.091,0.682,0.727,-0.045,0.0,0.0,0.0,,0.0,,2.318,0.0,1.182,19.231,0.091,0.0,0,0.0,0.091,0.182,0.045,0.0,2.636,11.717,0.955,0.045,2.227,9.136,6.682,1.636
Danyle Pearce,Fremantle,29,29.73,23,9.5,79.696,78.13,22,1.048,5,1,77.957,13.783,6.217,20.0,70.217,64.353,83.217,68.913,5.304,1.435,445.217,22.261,2.217,9.02,4.913,4.071,5.826,14.261,20.087,29.004,2.261,4.391,0.609,0.261,1.783,2.043,3.739,0.087,0.261,0.261,0.261,0.522,0.696,-0.174,0.043,0.044,0.0,0.0,0.0,,2.652,0.522,0.174,50.0,0.217,0.0,14,0.609,0.435,1.435,0.522,42.424,4.652,20.777,0.696,0.478,0.522,12.391,5.348,0.087
Garrick Ibbotson,Fremantle,27,27.79,24,8.942,80.875,73.083,7,0.318,5,0,93.708,11.958,6.333,18.292,82.46,79.094,88.816,65.376,1.833,2.833,267.208,14.608,1.542,11.865,2.667,6.859,5.292,13.125,18.417,28.733,6.542,3.708,0.083,0.0,0.5,0.5,6.667,0.583,0.125,2.417,0.083,0.583,0.5,0.083,0.0,0.0,0.167,,0.083,50.0,1.25,0.042,2.208,26.415,0.208,60.0,1,0.042,0.042,0.125,0.292,33.333,3.042,13.826,1.25,0.0,3.167,8.042,5.333,2.458
Hayden Ballantyne,Fremantle,28,28.45,15,7.293,58.667,57.6,0,0.0,0,0,78.533,7.867,3.333,11.2,62.5,58.475,72.0,70.238,2.067,0.4,215.4,19.232,2.333,4.8,2.733,4.098,4.067,7.067,11.133,36.527,0.867,2.6,1.533,0.267,0.333,0.6,2.4,0.067,0.8,0.133,0.267,1.133,1.2,-0.067,0.0,0.0,0.0,,0.0,,3.933,0.933,0.0,,0.933,14.286,15,1.0,0.867,2.267,0.533,44.118,4.533,20.482,0.4,0.0,1.267,15.2,4.733,0.6
Nicholas Suban,Fremantle,25,25.64,24,7.129,61.583,58.458,0,0.0,0,0,69.5,9.625,4.292,13.917,69.461,65.801,77.67,69.162,2.833,1.208,300.042,21.56,2.292,6.073,3.167,4.395,5.458,8.792,14.25,38.304,1.375,3.417,0.333,0.667,1.792,2.458,2.125,0.042,0.292,0.125,0.167,0.792,1.375,-0.583,0.083,0.085,0.125,100.0,0.0,0.0,3.875,0.5,0.292,42.857,0.167,25.0,7,0.292,0.583,0.958,0.375,30.435,3.708,16.856,0.667,0.167,0.917,13.667,6.292,0.208
Matt de Boer,Fremantle,25,25.8,19,5.679,54.737,59.842,0,0.0,0,0,62.0,4.842,8.316,13.158,72.4,54.348,82.911,36.8,1.263,0.684,93.053,7.072,2.421,5.435,2.053,6.41,5.684,7.737,13.421,42.353,1.263,4.105,0.421,0.947,0.789,1.737,2.895,0.105,0.263,0.263,0.526,0.632,1.474,-0.842,0.0,0.0,0.105,,0.053,50.0,5.579,1.105,0.105,50.0,0.211,50.0,4,0.211,0.105,0.421,0.316,50.0,3.316,15.328,0.474,0.263,0.526,17.632,7.105,0.211
Stephen Hill,Fremantle,25,25.66,23,12.374,94.826,90.348,47,2.238,9,6,83.087,15.739,8.261,24.0,68.659,61.326,82.632,65.58,4.522,2.435,482.522,20.105,2.783,8.625,5.13,4.678,8.0,16.0,24.0,33.333,3.087,6.304,0.87,0.478,2.696,3.174,3.826,0.174,0.522,0.565,0.783,0.435,0.609,-0.174,0.0,0.0,0.0,,0.0,,2.913,0.087,0.304,14.286,0.478,18.182,17,0.739,0.435,1.435,0.565,51.515,5.87,26.214,1.304,1.13,1.0,13.087,6.478,0.522
Clancee Pearce,Fremantle,25,25.18,18,8.172,74.389,74.278,0,0.0,0,0,78.278,10.667,8.0,18.667,83.036,81.25,85.417,57.143,2.222,1.556,260.889,13.976,1.5,12.444,2.611,7.149,5.222,13.333,18.556,28.144,2.722,4.111,0.278,0.278,1.5,1.778,5.5,0.111,0.056,0.5,0.111,0.611,0.556,0.056,0.0,0.0,0.0,,0.0,,2.278,0.333,0.389,14.286,0.0,,5,0.278,0.056,0.389,0.111,71.429,3.389,15.722,0.722,0.0,1.333,10.0,6.0,1.0
Chris Mayne,Fremantle,27,27.16,22,9.159,80.364,78.455,11,0.55,2,3,85.591,6.182,7.455,13.636,77.667,72.794,81.707,45.333,1.318,0.318,117.273,8.6,1.227,11.111,1.909,7.143,5.273,8.318,13.591,38.796,1.409,3.545,1.318,0.409,0.364,0.773,4.909,0.5,1.455,0.273,1.5,1.091,0.5,0.591,0.0,0.0,0.091,,0.0,0.0,5.545,2.409,0.227,20.0,1.773,17.949,28,1.273,0.773,2.227,0.636,57.143,5.091,22.764,0.727,0.091,1.409,19.091,5.227,0.864
Zac Clarke,Fremantle,25,25.75,14,7.386,65.214,57.714,1,0.077,1,0,85.5,5.214,5.357,10.571,81.081,75.342,86.667,49.324,1.714,0.357,140.5,13.291,2.286,4.625,1.786,5.92,5.0,5.786,10.786,46.358,1.071,2.571,0.714,0.357,0.786,1.143,4.071,1.071,0.643,0.286,0.714,0.929,1.5,-0.571,33.786,34.375,11.571,34.249,3.857,33.333,2.0,0.857,0.5,14.286,3.0,14.286,7,0.5,0.143,0.786,0.357,63.636,3.857,18.0,0.929,0.0,2.071,8.571,3.0,1.5
Cam Sutcliffe,Fremantle,23,23.6,21,6.719,65.619,60.619,0,0.0,0,0,92.143,8.333,6.905,15.238,81.562,78.286,85.517,54.688,0.857,2.143,227.19,14.909,1.333,11.429,2.333,6.531,3.476,11.905,15.381,22.601,3.524,3.048,0.19,0.0,0.19,0.19,4.667,0.048,0.095,0.667,0.095,0.333,0.571,-0.238,0.0,0.0,0.0,,0.0,,2.19,0.143,1.571,27.273,0.095,0.0,1,0.048,0.143,0.238,0.19,20.0,2.238,9.731,0.571,0.429,2.619,8.952,5.667,1.857
Tommy Sheridan,Fremantle,22,22.17,19,5.895,67.684,67.105,0,0.0,0,0,78.211,10.895,6.842,17.737,75.074,68.116,86.154,61.424,1.842,2.053,277.0,15.617,1.684,10.531,3.158,5.617,3.789,13.895,17.684,21.429,2.526,3.105,0.211,0.053,0.684,0.737,3.737,0.158,0.053,0.211,0.105,0.316,0.421,-0.105,0.053,0.052,0.053,100.0,0.0,0.0,2.263,0.105,0.842,18.75,0.105,50.0,4,0.211,0.105,0.474,0.316,44.444,3.158,14.778,0.737,0.632,1.0,9.684,5.579,0.632
Michael Barlow,Fremantle,28,28.03,24,9.092,92.708,91.958,17,0.773,5,5,78.5,10.542,12.375,22.917,68.545,59.289,76.431,46.0,2.292,0.833,225.625,9.845,1.875,12.222,3.458,6.627,9.083,13.792,22.875,39.709,2.542,7.0,1.583,0.958,1.25,2.208,4.833,0.292,0.625,0.333,0.375,0.833,0.542,0.292,0.167,0.169,0.333,100.0,0.167,50.0,4.292,1.083,0.083,0.0,0.458,27.273,16,0.667,0.375,1.083,0.708,61.538,4.667,21.212,0.5,0.125,0.542,13.5,6.458,0.292
Kane Cornes,Port Adelaide,32,32.98,7,8.343,79.143,79.571,1,0.143,1,0,88.571,10.571,9.429,20.0,77.143,75.676,78.788,52.857,2.429,1.571,228.857,11.443,2.0,10.0,3.429,5.833,6.429,13.429,19.857,32.374,1.857,5.571,0.143,0.143,2.0,2.143,5.286,0.0,0.143,0.0,0.143,0.571,0.857,-0.286,0.0,0.0,0.0,,0.0,,3.571,0.429,0.0,,0.143,0.0,1,0.143,0.0,0.143,0.429,100.0,3.714,18.31,0.429,0.0,0.429,15.143,8.714,0.0
Jay Schulz,Port Adelaide,30,30.7,20,8.41,74.45,67.6,14,0.7,2,1,93.85,7.65,3.7,11.35,69.604,63.399,82.432,67.401,1.7,0.2,165.05,14.542,1.95,5.821,2.35,4.83,3.95,7.5,11.45,34.498,0.65,1.6,1.0,0.0,0.2,0.2,5.5,0.95,2.4,0.1,2.4,1.0,1.1,-0.1,0.0,0.0,0.0,,0.0,,2.25,1.25,0.15,33.333,3.3,28.788,44,2.2,0.85,3.35,0.25,65.672,5.3,22.894,0.1,0.15,1.9,8.85,2.35,1.0
Angus Monfries,Port Adelaide,28,28.94,19,6.758,66.421,64.421,5,0.263,2,0,82.474,7.579,6.526,14.105,70.896,59.028,84.677,53.731,2.158,0.474,182.263,12.922,1.947,7.243,2.895,4.873,4.789,9.526,14.316,33.456,1.368,3.263,1.421,0.105,0.368,0.474,4.053,0.211,0.947,0.105,0.842,1.368,0.842,0.526,0.0,0.0,0.0,,0.0,,2.474,0.895,0.053,0.0,1.632,29.032,23,1.211,0.474,1.895,0.526,63.889,4.947,21.171,0.684,0.211,0.842,9.842,2.842,0.421
Matthew White,Port Adelaide,28,28.71,18,8.322,60.722,62.667,0,0.0,0,0,73.778,8.722,4.111,12.833,68.831,65.605,75.676,67.965,2.833,0.833,244.5,19.052,2.111,6.079,3.0,4.278,3.611,9.278,12.889,28.017,1.667,2.833,0.667,0.056,0.778,0.833,4.222,0.222,0.667,0.278,0.444,0.444,0.722,-0.278,0.0,0.0,0.0,,0.0,,2.833,0.611,0.056,100.0,0.556,10.0,17,0.944,0.333,1.611,0.389,58.621,3.667,15.603,0.556,0.389,0.833,12.722,5.5,0.333
Paddy Ryder,Port Adelaide,27,27.79,18,11.311,85.389,76.5,11,0.611,4,0,92.0,6.056,5.611,11.667,67.619,60.55,75.248,51.905,1.667,0.556,148.778,12.752,2.444,4.773,2.389,4.884,6.722,4.889,11.611,57.895,1.333,3.722,0.833,0.778,1.278,2.056,3.778,1.333,1.222,0.389,1.167,1.389,1.056,0.333,50.111,46.687,22.889,45.676,6.5,28.398,2.0,0.278,0.5,22.222,1.778,31.25,18,1.0,0.667,1.889,0.5,52.941,5.611,23.112,2.111,0.056,3.389,11.889,4.611,2.833
Alipate Carlile,Port Adelaide,28,28.66,12,6.583,52.083,45.583,5,0.417,3,2,88.0,6.333,6.333,12.667,77.632,68.421,86.842,50.0,0.833,3.167,146.917,11.599,2.167,5.846,2.25,5.63,4.167,8.333,12.5,33.333,4.833,3.0,0.0,0.083,0.25,0.333,3.333,0.5,0.083,1.167,0.083,0.583,0.667,-0.083,0.083,0.073,0.0,0.0,0.0,,1.333,0.0,3.167,23.684,0.0,,0,0.0,0.0,0.0,0.083,,1.5,7.087,0.167,0.0,4.083,5.167,4.333,3.167
Justin Westhoff,Port Adelaide,29,29.24,22,12.573,94.682,89.545,15,0.682,4,3,90.955,11.5,6.636,18.136,73.434,66.798,84.932,63.409,3.045,1.909,319.909,17.639,1.682,10.784,3.182,5.7,6.318,11.682,18.0,35.101,2.773,3.545,1.045,0.545,1.227,1.773,6.727,1.182,1.136,1.045,0.818,0.727,0.727,0.0,4.591,4.133,2.136,46.535,0.591,27.66,3.364,0.727,0.273,16.667,1.818,42.5,25,1.136,0.636,1.909,0.455,59.524,5.136,21.648,1.0,0.227,3.182,12.364,5.091,1.864
Robbie Gray,Port Adelaide,27,27.75,21,17.481,110.429,96.81,61,2.905,13,13,84.952,12.0,14.286,26.286,72.645,57.54,85.333,45.652,4.381,1.0,340.333,12.947,3.476,7.562,4.19,6.273,14.143,12.905,27.048,52.289,2.0,8.143,1.81,3.381,4.19,7.571,2.857,0.19,0.905,0.095,0.333,1.571,1.0,0.571,0.0,0.0,0.048,,0.0,0.0,4.333,1.19,0.143,66.667,0.952,25.0,25,1.19,0.571,2.095,1.238,56.818,7.143,30.12,1.667,0.333,1.476,15.952,6.381,0.333
Hamish Hartlett,Port Adelaide,25,25.37,22,12.705,101.091,96.455,20,0.909,5,3,78.591,12.409,9.818,22.227,72.802,63.736,84.259,55.828,3.455,1.818,344.591,15.503,2.091,10.63,3.045,7.299,8.591,13.909,22.5,38.182,3.364,6.0,0.773,1.227,2.0,3.227,4.273,0.364,0.273,0.682,0.136,1.182,0.591,0.591,0.045,0.041,0.636,100.0,0.227,35.714,5.955,0.864,0.409,11.111,0.182,75.0,9,0.409,0.455,1.091,0.318,37.5,4.909,20.69,1.455,0.5,1.409,19.5,8.455,0.591
Brad Ebert,Port Adelaide,25,25.74,22,10.986,96.955,101.955,23,1.045,5,10,85.182,13.0,10.273,23.273,68.945,59.79,80.531,55.859,3.591,2.182,383.909,16.496,3.227,7.211,3.864,6.024,8.455,14.727,23.182,36.471,3.636,6.318,0.409,0.818,2.182,3.0,6.0,0.5,0.409,0.818,0.455,0.864,1.045,-0.182,0.091,0.082,1.273,100.0,0.591,46.429,5.545,1.091,0.364,37.5,0.364,25.0,10,0.455,0.5,1.136,0.591,40.0,4.364,18.391,0.773,0.273,0.773,17.773,8.091,0.455
Matthew Broadbent,Port Adelaide,25,25.41,21,8.448,83.333,79.143,7,0.333,2,2,85.048,14.238,6.048,20.286,73.709,69.231,84.252,70.188,2.905,3.429,424.571,20.93,2.286,8.875,4.667,4.347,4.714,14.762,19.476,24.205,5.286,3.857,0.143,0.238,0.762,1.0,5.333,0.238,0.095,1.333,0.048,0.333,0.571,-0.238,0.0,0.0,0.095,,0.0,0.0,2.286,0.095,1.048,18.182,0.0,,1,0.048,0.19,0.333,0.333,14.286,4.19,17.46,1.476,1.667,1.762,8.667,5.524,1.286
Jackson Trengove,Port Adelaide,25,25.16,15,8.1,56.4,46.733,0,0.0,0,0,85.133,4.733,7.267,12.0,79.444,69.014,86.239,39.444,0.733,1.867,120.933,10.078,2.067,5.806,1.867,6.429,5.0,6.8,11.8,42.373,6.067,3.733,0.0,0.067,0.2,0.267,3.867,0.733,0.0,2.133,0.0,0.467,1.0,-0.533,2.533,2.321,0.933,36.842,0.133,14.286,2.0,0.067,4.133,14.516,0.067,100.0,0,0.0,0.0,0.0,0.067,,2.467,10.541,1.533,0.0,5.533,7.133,5.2,4.933
John Butcher,Port Adelaide,24,24.49,5,3.1,43.6,43.2,0,0.0,0,0,90.2,6.4,2.8,9.2,60.87,50.0,85.714,69.565,1.0,0.0,109.0,11.848,2.0,4.6,2.0,4.6,3.6,4.8,8.4,42.857,0.0,1.0,0.6,0.0,0.0,0.0,4.4,2.0,2.4,0.0,0.8,0.6,1.2,-0.6,0.0,0.0,0.0,,0.0,,1.0,0.6,0.0,,1.4,28.571,3,0.6,0.6,2.4,0.8,25.0,3.8,13.869,0.0,0.2,0.8,7.2,0.8,0.8
Jasper Pittard,Port Adelaide,24,24.74,20,10.725,80.45,75.85,4,0.2,1,0,83.6,12.65,7.0,19.65,77.608,73.123,85.714,64.377,2.35,2.8,368.75,18.766,2.95,6.661,3.95,4.975,4.55,14.35,18.9,24.074,5.8,3.4,0.05,0.1,0.3,0.4,5.5,0.5,0.1,1.55,0.05,0.8,0.95,-0.15,0.0,0.0,0.05,,0.0,0.0,2.15,0.05,1.7,41.176,0.1,50.0,2,0.1,0.2,0.45,0.15,22.222,3.45,14.839,1.25,0.8,2.95,8.45,6.15,2.65
Jared Polec,Port Adelaide,23,23.21,5,6.08,70.2,73.8,2,0.4,1,0,70.6,11.4,6.6,18.0,71.111,68.421,75.758,63.333,2.0,2.6,277.4,15.411,2.6,6.923,3.4,5.294,4.4,13.2,17.6,25.0,2.8,3.6,0.2,0.2,0.6,0.8,3.8,0.0,0.4,0.0,0.0,0.8,1.0,-0.2,0.0,0.0,0.0,,0.0,,3.6,0.6,1.0,20.0,0.4,0.0,2,0.4,0.4,1.0,0.2,40.0,3.4,15.596,0.2,0.2,0.8,11.6,6.2,0.6
Chad Wingard,Port Adelaide,22,22.42,22,15.491,97.773,89.5,58,2.636,12,6,93.773,12.273,6.909,19.182,63.033,59.259,69.737,63.981,3.591,0.545,342.0,17.829,2.273,8.44,3.227,5.944,8.182,10.636,18.818,43.478,2.091,5.5,1.955,0.364,2.045,2.409,3.864,0.545,1.545,0.136,0.818,1.045,0.545,0.5,0.0,0.0,0.0,,0.0,,3.045,1.045,0.045,0.0,1.318,17.241,53,2.409,1.227,4.091,0.909,58.889,7.227,30.46,1.273,0.682,1.136,14.273,4.636,0.682
Jack Hombsch,Port Adelaide,22,22.81,22,8.6,72.182,58.455,4,0.182,2,0,90.636,8.136,5.182,13.318,79.863,77.095,84.211,61.092,1.318,2.5,197.591,14.836,1.682,7.919,2.045,6.511,4.818,8.545,13.364,36.054,5.682,3.636,0.0,0.045,0.318,0.364,4.773,0.636,0.0,1.864,0.091,0.364,0.864,-0.5,0.0,0.0,0.091,,0.0,0.0,2.864,0.045,4.727,23.077,0.136,33.333,0,0.0,0.045,0.091,0.045,0.0,2.273,9.579,1.182,0.273,7.091,9.864,7.545,6.364
Tom Jonas,Port Adelaide,24,24.97,17,6.288,57.824,50.765,0,0.0,0,0,90.588,5.882,7.529,13.412,78.07,70.0,84.375,43.86,0.471,2.294,121.353,9.048,2.118,6.333,2.118,6.333,4.824,8.353,13.176,36.607,5.235,3.588,0.0,0.059,0.235,0.294,3.647,0.588,0.0,1.412,0.0,0.588,0.882,-0.294,0.0,0.0,0.0,,0.0,,2.294,0.059,1.647,25.0,0.0,,0,0.0,0.0,0.0,0.176,,2.294,9.799,0.882,0.176,4.471,7.235,4.471,4.118
Jake Neade,Port Adelaide,21,21.59,10,9.01,58.0,56.1,0,0.0,0,0,81.0,5.9,6.3,12.2,73.77,66.102,80.952,48.361,1.6,1.1,151.1,12.385,1.8,6.778,2.2,5.545,4.7,8.0,12.7,37.008,1.8,3.9,1.1,0.0,0.4,0.4,2.3,0.1,0.3,0.1,0.2,0.7,0.9,-0.2,0.0,0.0,0.0,,0.0,,3.8,1.8,0.2,100.0,1.0,0.0,9,0.9,0.3,1.4,0.3,64.286,3.8,15.385,0.5,0.9,0.8,19.6,4.9,0.3
Corey Enright,Geelong,34,34.29,21,10.695,95.619,91.19,30,1.429,5,4,89.857,14.333,8.714,23.048,78.512,75.748,83.06,62.19,2.0,4.19,392.905,17.048,2.429,9.49,3.333,6.914,6.048,16.238,22.286,27.137,6.524,5.0,0.048,0.238,0.571,0.81,7.048,0.286,0.048,1.952,0.286,0.429,0.762,-0.333,0.0,0.0,0.0,,0.0,,2.857,0.095,1.286,18.519,0.048,0.0,0,0.0,0.048,0.048,0.143,0.0,4.857,20.69,1.524,0.095,3.095,10.286,7.286,2.524
Jimmy Bartel,Geelong,32,32.07,11,7.727,87.182,89.182,7,0.636,1,0,82.818,11.545,12.0,23.545,79.923,75.591,84.091,49.035,2.364,3.091,338.455,14.375,3.091,7.618,3.182,7.4,5.909,16.727,22.636,26.104,3.818,4.455,0.182,0.455,1.091,1.545,6.273,0.545,0.182,1.364,0.0,0.545,1.545,-1.0,0.0,0.0,0.091,,0.0,0.0,3.909,0.364,0.818,44.444,0.273,0.0,0,0.0,0.091,0.182,0.364,0.0,4.909,20.225,1.273,0.273,2.0,12.727,6.273,1.091
Steve Johnson,Geelong,32,32.49,20,10.285,84.7,86.6,2,0.1,2,0,83.8,12.8,7.8,20.6,64.563,57.812,75.641,62.136,3.9,0.95,339.9,16.5,3.15,6.54,4.25,4.847,6.7,14.15,20.85,32.134,1.85,4.3,1.45,0.4,1.2,1.6,4.95,0.55,1.65,0.4,0.85,0.75,0.9,-0.15,0.5,0.526,0.05,10.0,0.0,0.0,2.35,0.7,0.15,66.667,2.3,32.609,30,1.5,1.25,3.4,0.7,44.118,6.8,29.06,0.65,0.15,1.45,13.4,4.5,0.8
James Kelly,Geelong,32,32.0,17,7.712,76.0,81.882,8,0.471,4,2,72.353,10.882,9.647,20.529,70.774,56.757,86.585,53.009,2.353,1.941,291.882,14.218,2.941,6.98,3.647,5.629,6.471,13.882,20.353,31.792,3.765,5.059,0.235,0.059,1.765,1.824,4.706,0.059,0.529,0.647,0.118,1.0,0.882,0.118,0.0,0.0,0.0,,0.0,,4.176,0.235,0.353,50.0,0.176,66.667,1,0.059,0.412,0.647,0.353,9.091,4.0,17.0,1.0,0.0,1.412,13.412,7.647,0.765
Tom Lonergan,Geelong,31,31.62,19,8.568,67.421,60.474,2,0.105,1,0,88.053,8.526,5.947,14.474,81.818,78.395,86.726,58.909,0.684,2.474,201.789,13.942,1.474,9.821,2.158,6.707,4.158,10.684,14.842,28.014,4.947,2.526,0.053,0.053,0.053,0.105,6.263,1.053,0.105,1.947,0.0,0.474,0.789,-0.316,0.105,0.111,0.158,100.0,0.0,0.0,1.316,0.105,3.316,26.984,0.158,0.0,2,0.105,0.053,0.211,0.053,50.0,2.263,9.641,0.789,0.105,4.368,5.0,3.737,3.842
Mathew Stokes,Geelong,31,31.1,14,8.521,71.929,70.714,0,0.0,0,0,73.643,9.643,9.429,19.071,74.906,68.889,81.061,50.562,2.357,1.357,268.071,14.056,1.857,10.269,4.0,4.768,5.714,13.571,19.286,29.63,2.429,4.786,0.714,0.286,1.357,1.643,4.143,0.0,0.786,0.214,0.143,0.929,0.571,0.357,0.071,0.071,0.0,0.0,0.0,,2.357,0.357,0.357,40.0,0.286,25.0,4,0.286,0.143,0.571,1.0,50.0,5.5,23.333,1.071,0.0,0.714,12.143,4.786,0.286
Jared Rivers,Geelong,31,31.2,12,9.042,73.417,61.25,5,0.417,2,0,89.833,8.25,5.5,13.75,88.485,87.879,89.394,60.0,0.417,2.167,155.167,11.285,1.333,10.312,1.0,13.75,3.833,9.583,13.417,28.571,6.25,2.083,0.083,0.0,0.0,0.0,6.417,1.083,0.0,2.583,0.083,0.417,0.833,-0.417,0.0,0.0,0.0,,0.0,,2.083,0.0,3.0,13.889,0.667,12.5,0,0.0,0.0,0.0,0.0,,2.917,12.456,0.833,0.083,5.583,6.417,5.167,5.083
Mitch Clark,Geelong,28,28.19,8,7.537,64.125,58.5,0,0.0,0,0,86.875,7.375,3.5,10.875,65.517,59.322,78.571,67.816,1.25,0.5,170.75,15.701,3.125,3.48,3.25,3.346,5.625,5.75,11.375,49.451,1.125,2.75,0.875,0.25,0.5,0.75,4.375,1.25,1.875,0.125,0.875,0.75,1.875,-1.125,10.375,11.308,1.875,18.072,0.625,33.333,2.0,0.875,0.25,0.0,3.375,33.333,14,1.75,0.75,3.0,0.875,58.333,4.875,22.414,0.625,0.0,1.875,7.875,2.25,1.25
Joel Selwood,Geelong,27,27.59,20,15.695,104.8,97.8,38,1.9,7,13,83.75,11.85,12.7,24.55,69.246,58.65,79.134,48.269,4.1,1.35,388.2,15.813,3.8,6.461,4.65,5.28,13.2,11.4,24.6,53.659,2.75,7.95,0.7,3.35,3.45,6.8,3.05,0.4,0.25,0.45,0.25,3.2,1.85,1.35,1.1,1.168,0.65,59.091,0.25,38.462,6.2,0.8,0.1,50.0,0.55,45.455,14,0.7,0.4,1.2,0.6,58.333,6.85,29.087,2.3,0.1,1.7,19.25,8.85,0.8
Harry Taylor,Geelong,29,29.55,21,11.138,82.048,74.381,24,1.143,4,6,93.524,9.857,7.667,17.524,82.337,77.778,88.199,56.25,1.952,3.333,321.81,18.364,1.476,11.871,2.81,6.237,5.619,11.667,17.286,32.507,6.286,3.81,0.19,0.0,0.19,0.19,7.571,1.333,0.143,2.571,0.0,0.476,0.524,-0.048,0.0,0.0,0.0,,0.0,,1.857,0.048,2.238,23.404,0.81,47.059,1,0.048,0.143,0.19,0.19,25.0,3.429,14.604,1.333,0.524,4.048,7.571,6.143,3.714
Tom Hawkins,Geelong,27,27.44,19,11.6,79.684,65.684,9,0.474,2,3,92.684,7.632,2.684,10.316,66.837,66.207,68.627,73.98,1.632,0.0,172.105,16.684,1.895,5.444,2.474,4.17,6.579,3.684,10.263,64.103,0.474,2.474,1.632,0.0,0.316,0.316,4.895,2.526,2.842,0.0,1.526,1.211,1.053,0.158,0.842,0.898,0.053,6.25,0.0,0.0,2.263,1.474,0.0,,7.158,42.647,46,2.421,1.053,3.947,0.842,61.333,6.263,26.682,0.421,0.053,1.421,8.368,1.211,1.105
Dawson Simpson,Geelong,26,26.86,4,4.55,47.5,43.0,0,0.0,0,0,66.25,2.0,4.5,6.5,76.923,87.5,72.222,30.769,0.75,1.25,84.25,12.962,2.0,3.25,1.75,3.714,4.0,2.25,6.25,64.0,2.0,2.75,0.5,0.25,1.0,1.25,0.5,0.0,0.0,0.0,0.0,0.5,1.5,-1.0,58.0,64.266,19.5,33.621,4.75,24.359,2.75,0.0,0.25,100.0,0.5,0.0,0,0.0,0.0,0.0,0.0,,1.75,8.235,1.25,0.0,2.25,10.75,5.5,1.25
Steven Motlop,Geelong,24,24.8,20,10.61,88.1,89.7,38,1.9,8,7,87.15,14.95,7.1,22.05,67.8,59.866,84.507,67.8,4.05,1.5,389.05,17.644,3.25,6.785,5.25,4.2,5.8,16.2,22.0,26.364,1.2,4.55,1.2,0.6,1.15,1.75,3.9,0.15,1.05,0.1,0.6,0.5,1.25,-0.75,0.1,0.106,0.0,0.0,0.0,,3.4,0.75,0.1,100.0,0.65,7.692,26,1.3,0.8,2.6,0.75,50.0,6.55,27.406,0.8,1.25,0.2,17.3,5.75,0.1
Josh Caddy,Geelong,23,23.25,19,12.305,93.737,89.526,25,1.316,5,6,76.579,10.526,9.895,20.421,66.495,56.0,77.66,51.546,3.053,0.947,262.474,12.853,2.579,7.918,3.789,5.389,10.263,10.368,20.632,49.745,2.368,7.053,1.211,1.526,3.526,5.053,3.684,0.368,0.947,0.526,0.474,1.158,1.263,-0.105,0.053,0.055,1.474,100.0,0.421,28.571,5.579,1.158,0.105,50.0,0.579,9.091,16,0.842,0.895,1.947,0.263,43.243,5.0,21.493,1.421,0.263,0.789,20.053,8.579,0.421
Billie Smedts,Geelong,23,23.56,4,2.375,35.25,43.5,0,0.0,0,0,63.75,4.75,5.75,10.5,88.095,78.947,95.652,45.238,1.5,1.25,106.25,10.119,2.75,3.818,1.5,7.0,1.5,8.75,10.25,14.634,2.25,0.75,0.25,0.0,0.0,0.0,4.0,0.25,0.5,1.0,0.0,0.75,2.0,-1.25,0.0,0.0,0.0,,0.0,,2.75,0.25,0.25,100.0,0.5,50.0,0,0.0,0.0,0.5,0.25,0.0,2.75,12.5,0.5,0.0,0.25,11.5,8.0,0.25
Cory Gregson,Geelong,19,19.32,20,7.355,54.4,56.25,4,0.2,2,0,81.35,6.65,5.65,12.3,73.171,63.91,84.071,54.065,2.8,0.5,228.7,18.593,1.7,7.235,2.4,5.125,3.35,9.0,12.35,27.126,1.4,2.85,0.65,0.1,0.35,0.45,3.3,0.0,0.4,0.15,0.45,0.45,0.75,-0.3,0.0,0.0,0.0,,0.0,,3.15,0.95,0.15,66.667,0.5,10.0,13,0.65,0.4,1.2,0.7,54.167,4.35,18.71,0.5,0.2,0.4,14.65,3.9,0.35
Darcy Lang,Geelong,20,20.1,20,8.985,60.0,58.1,0,0.0,0,0,81.25,7.55,6.0,13.55,70.48,62.252,80.833,55.72,2.65,0.5,218.65,16.137,1.55,8.742,2.85,4.754,3.95,9.5,13.45,29.368,1.5,3.3,0.8,0.2,1.05,1.25,3.15,0.15,0.35,0.15,0.4,0.3,0.6,-0.3,0.0,0.0,0.05,,0.05,100.0,2.75,0.75,0.05,0.0,0.95,0.0,14,0.7,0.25,1.1,0.5,63.636,4.75,20.697,0.85,0.45,0.4,14.5,4.65,0.1
Nakia Cockatoo,Geelong,19,19.18,11,3.173,32.0,36.0,0,0.0,0,0,57.636,4.273,3.364,7.636,55.952,38.298,78.378,55.952,1.909,0.182,117.727,15.417,1.636,4.667,2.182,3.5,3.364,4.636,8.0,42.045,1.273,2.455,0.636,0.273,0.273,0.545,2.636,0.636,0.455,0.273,0.182,0.364,0.273,0.091,0.0,0.0,0.0,,0.0,,1.727,0.273,0.273,33.333,0.182,50.0,3,0.273,0.455,1.091,0.182,25.0,2.455,10.425,0.636,0.818,1.091,8.0,2.182,0.818
Shaun Burgoyne,Hawthorn,33,33.19,26,11.912,84.885,75.577,14,0.636,5,2,80.577,9.385,10.0,19.385,77.976,68.033,87.308,48.413,2.077,1.808,237.5,12.252,1.923,10.08,2.808,6.904,7.5,11.615,19.115,39.235,3.615,5.423,0.577,1.0,1.846,2.846,3.538,0.308,0.308,0.462,0.077,0.5,0.577,-0.077,0.0,0.0,0.0,,0.0,,3.923,0.346,0.808,23.81,0.269,57.143,9,0.346,0.269,0.808,0.269,42.857,4.962,17.867,1.423,0.962,1.885,14.654,7.346,0.962
Brian Lake,Hawthorn,33,33.84,22,8.7,69.455,62.227,12,0.667,4,0,87.136,8.727,5.455,14.182,80.128,77.604,84.167,61.538,0.545,2.636,163.045,11.497,1.818,7.8,2.409,5.887,6.0,8.318,14.318,41.905,7.591,3.227,0.0,0.0,0.136,0.136,6.682,1.773,0.045,3.0,0.045,0.864,0.682,0.182,0.0,0.0,0.091,,0.0,0.0,1.545,0.0,2.773,34.426,0.545,50.0,0,0.0,0.0,0.045,0.0,0.0,2.409,8.819,1.5,0.136,4.591,6.227,4.818,3.591
Luke Hodge,Hawthorn,31,31.54,21,13.548,111.048,112.571,47,2.765,9,13,82.762,17.429,9.333,26.762,73.488,68.306,83.163,65.125,3.905,2.286,422.286,15.779,3.429,7.806,4.048,6.612,8.238,17.952,26.19,31.455,3.619,5.19,0.762,1.333,2.333,3.667,6.19,0.524,0.571,0.81,0.238,1.524,1.286,0.238,0.095,0.097,1.286,100.0,0.429,33.333,4.429,0.571,0.381,37.5,0.905,26.316,21,1.0,0.381,1.667,0.81,60.0,7.095,25.779,1.905,0.143,2.524,17.905,8.476,1.619
Sam Mitchell,Hawthorn,33,33.21,24,13.779,109.833,104.917,69,3.45,11,26,88.542,15.583,15.583,31.167,73.128,63.369,82.888,50.0,3.917,2.333,409.5,13.139,3.708,8.404,4.625,6.739,11.125,20.333,31.458,35.364,3.5,6.792,0.5,2.0,3.417,5.417,4.083,0.042,0.25,0.458,0.167,1.583,1.292,0.292,0.0,0.0,0.083,,0.042,50.0,3.833,0.25,0.292,28.571,0.333,25.0,6,0.25,0.125,0.458,0.625,54.545,8.167,29.167,2.667,0.417,2.0,15.333,7.583,0.5
Jarryd Roughead,Hawthorn,28,28.93,24,14.567,96.917,90.083,40,2.0,8,9,92.375,10.958,8.375,19.333,70.474,63.118,80.1,56.681,2.667,0.75,274.333,14.19,2.208,8.755,2.75,7.03,9.417,10.167,19.583,48.085,2.083,6.042,2.5,0.917,2.167,3.083,5.0,0.75,1.917,0.417,1.083,0.917,0.958,-0.042,2.708,2.771,0.833,30.769,0.25,30.0,3.167,0.917,0.125,0.0,2.75,39.394,50,2.083,1.417,3.958,1.042,52.632,8.625,31.081,1.833,0.208,1.875,11.833,3.25,1.208
Jordan Lewis,Hawthorn,29,29.68,23,10.504,101.391,108.217,26,1.368,6,8,86.696,15.522,13.391,28.913,70.977,59.104,84.74,53.684,4.522,2.087,364.522,12.608,3.391,8.526,4.87,5.938,9.522,19.13,28.652,33.232,3.0,5.783,0.826,1.696,2.913,4.609,6.478,0.043,0.565,0.304,0.652,1.043,1.0,0.043,0.13,0.133,2.391,100.0,0.87,36.364,3.13,0.304,0.174,25.0,0.217,20.0,9,0.391,0.13,0.957,0.87,40.909,6.696,24.214,1.391,0.043,1.391,14.261,6.826,0.565
Josh Gibson,Hawthorn,31,31.8,25,9.96,90.72,86.04,30,1.429,8,1,98.88,12.12,9.76,21.88,86.106,81.188,92.213,55.393,1.72,2.6,249.64,11.41,1.4,15.629,2.44,8.967,4.56,17.44,22.0,20.727,5.88,2.96,0.04,0.12,0.16,0.28,8.28,0.72,0.0,2.08,0.2,0.8,0.56,0.24,0.0,0.0,0.0,,0.0,,1.52,0.04,2.12,20.755,0.04,0.0,0,0.0,0.12,0.12,0.2,0.0,4.4,15.692,1.24,0.12,6.76,7.44,4.96,5.88
James Frawley,Hawthorn,27,27.27,18,7.422,62.167,57.056,2,0.143,1,0,85.889,8.222,4.667,12.889,87.069,83.108,94.048,63.793,1.333,1.389,194.833,15.116,0.778,16.571,1.556,8.286,3.444,9.333,12.778,26.957,3.444,2.556,0.222,0.0,0.167,0.167,4.889,0.333,0.222,0.833,0.278,0.556,0.444,0.111,0.0,0.0,0.0,,0.0,,1.778,0.222,1.611,20.69,0.611,18.182,6,0.333,0.056,0.444,0.167,75.0,2.722,10.294,0.389,0.111,4.278,5.889,3.833,3.778
Paul Puopolo,Hawthorn,28,28.07,23,11.557,74.348,66.391,3,0.158,2,0,79.043,6.565,6.739,13.304,74.51,64.901,83.871,49.346,2.609,0.087,182.087,13.686,1.478,9.0,2.174,6.12,6.261,6.783,13.043,48.0,1.217,4.783,2.217,0.522,0.783,1.304,2.043,0.261,0.826,0.043,0.261,1.261,0.696,0.565,0.0,0.0,0.0,,0.0,,4.957,1.957,0.087,50.0,1.87,41.86,29,1.261,0.522,2.087,1.043,60.417,5.739,21.086,0.696,0.043,0.652,17.913,4.522,0.13
Cyril Rioli,Hawthorn,26,26.46,24,14.825,95.708,80.917,36,1.8,5,7,77.417,9.75,5.583,15.333,73.37,66.667,85.075,63.587,3.208,0.208,231.833,15.12,1.583,9.684,1.958,7.83,7.917,8.042,15.958,49.608,1.458,4.542,1.958,1.0,1.042,2.042,4.292,0.625,1.542,0.042,0.667,1.0,0.792,0.208,0.042,0.042,0.208,100.0,0.125,60.0,4.333,1.708,0.042,0.0,1.375,45.455,42,1.75,0.958,3.0,1.167,58.333,7.417,26.97,1.542,0.917,2.583,15.75,3.917,1.083
Ben McEvoy,Hawthorn,26,26.47,19,11.632,81.842,74.632,2,0.133,2,0,81.053,4.368,6.684,11.053,84.762,77.108,89.764,39.524,0.947,0.368,44.737,4.048,1.0,11.053,0.947,11.667,6.368,5.368,11.737,54.26,2.316,3.579,0.526,0.895,1.105,2.0,4.211,1.316,0.789,0.947,0.421,0.842,0.579,0.263,51.0,51.763,19.526,38.287,5.316,27.224,3.263,0.737,0.526,10.0,1.368,34.615,12,0.632,0.053,0.842,0.053,75.0,4.158,15.222,1.526,0.0,4.211,12.105,4.632,3.0
Matthew Suckling,Hawthorn,27,27.43,25,8.076,71.48,78.64,0,0.0,0,0,76.36,12.92,6.4,19.32,75.569,70.588,85.625,66.874,3.48,1.4,375.92,19.458,2.2,8.782,4.16,4.644,4.12,15.04,19.16,21.503,2.6,3.32,0.4,0.08,0.76,0.84,5.72,0.16,0.24,0.64,0.08,0.4,0.52,-0.12,0.0,0.0,0.0,,0.0,,1.72,0.12,0.72,50.0,0.16,75.0,15,0.6,0.6,1.28,0.4,46.875,5.36,19.034,1.04,0.76,1.32,10.28,4.6,0.96
Ben Stratton,Hawthorn,26,26.83,25,6.028,52.48,48.64,3,0.143,1,0,93.72,6.32,4.44,10.76,80.669,72.785,91.892,58.736,1.04,1.6,128.32,11.926,1.68,6.405,1.68,6.405,3.0,8.0,11.0,27.273,3.96,1.88,0.04,0.04,0.16,0.2,3.68,0.28,0.16,1.32,0.12,0.48,0.8,-0.32,0.0,0.0,0.0,,0.0,,2.88,0.0,2.56,20.312,0.24,16.667,0,0.0,0.16,0.24,0.16,0.0,2.6,9.503,0.8,0.12,5.6,8.16,5.56,4.68
Liam Shiels,Hawthorn,24,24.67,22,12.55,93.045,96.727,31,1.722,8,5,83.045,11.273,10.364,21.636,70.588,58.065,84.211,52.101,3.727,0.773,271.136,12.532,2.455,8.815,3.045,7.104,8.182,13.364,21.545,37.975,2.5,5.636,0.682,1.227,2.545,3.773,3.591,0.227,0.409,0.273,0.273,0.864,1.0,-0.136,0.0,0.0,0.136,,0.0,0.0,7.364,1.273,0.182,50.0,0.273,16.667,13,0.591,0.409,1.227,0.545,48.148,6.636,24.132,1.5,0.227,1.136,21.409,7.318,0.136
Will Langford,Hawthorn,23,23.49,13,10.969,76.231,71.692,1,0.083,1,0,80.462,9.615,9.692,19.308,61.355,46.4,76.19,49.801,3.154,0.769,226.077,11.709,3.308,5.837,3.846,5.02,11.692,7.846,19.538,59.843,1.538,8.923,3.0,1.385,3.769,5.154,2.0,0.231,0.308,0.077,0.231,0.692,1.462,-0.769,0.077,0.077,1.538,100.0,0.538,35.0,4.308,1.0,0.077,0.0,0.462,33.333,4,0.308,0.538,1.077,0.538,28.571,4.462,15.467,1.385,0.0,1.231,19.769,6.769,0.538
Jonathon Ceglar,Hawthorn,24,24.87,14,8.486,71.857,73.643,0,0.0,0,0,81.5,4.929,6.429,11.357,71.069,50.725,86.667,43.396,1.714,0.5,112.429,9.899,2.429,4.676,2.714,4.184,5.214,6.143,11.357,45.912,1.786,2.357,0.714,0.786,1.286,2.071,3.0,0.929,0.5,0.714,0.214,1.214,1.071,0.143,55.357,54.809,23.214,41.935,6.214,26.769,3.214,0.857,1.0,7.143,1.429,20.0,6,0.429,0.357,0.857,0.143,50.0,4.286,14.778,1.5,0.0,3.357,9.429,3.286,2.786
Jed Anderson,Hawthorn,21,21.9,4,5.4,41.5,49.25,0,0.0,0,0,54.25,4.5,5.5,10.0,62.5,44.444,77.273,45.0,1.75,0.0,91.0,9.1,1.5,6.667,1.5,6.667,4.5,5.25,9.75,46.154,1.0,3.5,1.25,0.5,0.75,1.25,1.0,0.25,0.25,0.0,0.25,0.25,0.5,-0.25,0.0,0.0,0.75,,0.25,33.333,5.0,0.75,0.0,,0.5,0.0,1,0.25,0.75,1.0,0.0,25.0,5.25,17.647,1.75,0.0,0.75,12.0,5.5,0.25
Isaac Smith,Hawthorn,27,27.0,25,10.192,88.56,96.64,15,0.714,4,3,83.16,14.0,9.24,23.24,75.904,68.857,86.58,60.241,4.32,1.96,410.24,17.652,2.28,10.193,4.16,5.587,5.44,17.28,22.72,23.944,2.4,4.08,0.84,0.12,1.48,1.6,6.52,0.12,0.64,0.32,0.2,0.28,0.52,-0.24,0.04,0.041,0.68,100.0,0.16,23.529,2.8,0.52,0.28,28.571,0.36,11.111,23,0.92,0.48,1.52,0.56,60.526,7.08,25.764,1.04,1.0,0.88,12.36,4.6,0.48
David Ellard,Carlton,26,26.8,10,6.64,54.0,48.7,0,0.0,0,0,66.3,5.5,4.7,10.2,68.627,66.0,71.429,53.922,1.1,0.7,145.3,14.245,1.0,10.2,2.1,4.857,5.1,5.5,10.6,48.113,1.6,3.778,1.222,0.3,0.8,1.1,2.4,0.2,0.3,0.0,0.556,0.7,0.2,0.5,0.0,0.0,0.0,,0.0,,3.2,0.7,0.0,,1.222,9.091,4,0.4,0.3,0.7,0.4,57.143,3.2,15.311,0.667,0.1,1.0,12.111,4.0,0.667
Jason Tutt,Carlton,24,24.62,13,5.723,63.846,67.462,0,0.0,0,0,81.692,9.846,6.923,16.769,69.266,62.727,78.049,58.716,2.231,1.846,246.615,14.706,2.385,7.032,3.308,5.07,4.154,12.923,17.077,24.324,2.385,3.636,0.455,0.0,0.615,0.615,4.231,0.0,0.077,0.364,0.091,0.462,0.692,-0.231,0.0,0.0,0.0,,0.0,,2.692,0.538,0.364,25.0,0.182,0.0,4,0.308,0.385,0.846,0.077,36.364,2.923,18.095,0.545,0.0,1.077,13.818,7.455,0.727
Levi Casboult,Carlton,25,25.79,16,7.406,64.0,58.062,2,0.125,1,0,88.625,6.25,3.125,9.375,76.667,70.732,92.683,66.667,1.625,0.312,124.438,13.273,1.5,6.25,1.812,5.172,3.938,5.562,9.5,41.447,0.75,1.143,0.214,0.125,0.438,0.562,5.188,2.062,1.938,0.429,1.071,0.5,0.625,-0.125,15.643,15.699,5.375,34.703,2.143,39.474,0.938,0.438,0.5,28.571,2.857,22.5,24,1.5,0.75,2.625,0.125,57.143,4.062,20.312,0.714,0.062,1.938,8.786,2.5,1.786
Will Schofield,West Coast,26,26.93,21,8.038,62.619,48.429,2,0.111,1,0,90.381,7.286,4.238,11.524,86.777,83.688,91.667,63.223,0.762,2.381,196.333,17.037,1.238,9.308,1.429,8.067,3.143,7.952,11.095,28.326,4.667,2.35,0.05,0.0,0.048,0.048,4.762,0.19,0.0,1.15,0.0,0.476,0.476,0.0,0.0,0.0,0.0,,0.0,,1.19,0.0,3.9,23.077,0.0,,0,0.0,0.0,0.048,0.143,0.0,1.905,6.678,0.7,0.19,6.381,5.05,4.35,5.85
Jamie Bennell,West Coast,25,25.56,9,4.978,42.333,41.444,0,0.0,0,0,78.667,6.222,4.333,10.556,76.842,77.551,82.857,58.947,1.0,1.667,183.778,17.411,1.222,8.636,1.556,6.786,3.0,7.667,10.667,28.125,3.111,2.25,0.125,0.222,0.333,0.556,2.778,0.111,0.0,0.875,0.0,0.444,0.444,0.0,0.0,0.0,0.0,,0.0,,1.667,0.111,0.625,20.0,0.0,,0,0.0,0.0,0.111,0.0,0.0,2.111,7.037,0.75,0.222,1.889,9.125,5.875,1.625
Simon Tunbridge,West Coast,22,22.74,1,5.9,48.0,34.0,0,0.0,0,0,39.0,6.0,4.0,10.0,60.0,,,60.0,2.0,0.0,216.0,21.6,1.0,10.0,3.0,3.333,6.0,4.0,10.0,60.0,2.0,,,0.0,2.0,2.0,1.0,1.0,0.0,,,1.0,0.0,1.0,,,0.0,,,,1.0,0.0,,,,,0,0.0,0.0,0.0,1.0,,3.0,9.677,,0.0,1.0,,,
Ricky Petterd,Richmond,27,27.43,1,-0.6,63.0,74.0,0,0.0,0,0,85.0,10.0,5.0,15.0,53.333,60.0,40.0,66.667,2.0,0.0,204.0,13.6,2.0,7.5,4.0,3.75,5.0,11.0,16.0,31.25,1.0,2.0,2.0,0.0,0.0,0.0,7.0,1.0,4.0,0.0,2.0,1.0,1.0,0.0,0.0,0.0,0.0,,0.0,,2.0,0.0,0.0,,3.0,33.333,1,1.0,1.0,3.0,0.0,33.333,3.0,14.286,1.0,0.0,1.0,13.0,8.0,0.0
Kane Lambert,Richmond,24,24.09,13,8.692,68.154,62.077,7,0.583,2,0,75.692,8.769,6.846,15.615,67.488,55.238,81.609,56.158,2.615,0.923,227.308,14.557,2.231,7.0,2.692,5.8,7.154,8.538,15.692,45.588,1.846,5.667,1.417,0.692,1.846,2.538,3.385,0.077,0.615,0.167,0.667,0.846,1.0,-0.154,0.0,0.0,0.0,,0.0,,2.462,1.077,0.083,0.0,0.417,0.0,8,0.615,0.538,1.462,0.538,42.105,5.692,23.871,1.333,0.0,1.0,16.583,5.25,0.583
Ayce Cordy,Western Bulldogs,25,25.4,7,6.329,47.714,41.143,0,0.0,0,0,77.143,3.286,4.429,7.714,72.222,52.174,87.097,42.593,1.0,0.714,70.571,9.148,2.857,2.7,1.429,5.4,4.857,3.0,7.857,61.818,1.714,3.143,0.429,0.714,0.571,1.286,1.857,0.714,0.143,0.571,0.0,0.714,1.714,-1.0,46.571,47.522,9.857,21.166,2.286,23.188,2.429,0.0,1.143,25.0,1.857,15.385,2,0.286,0.0,0.286,0.429,100.0,2.143,9.494,0.857,0.0,4.143,9.0,4.143,3.857
Nathan Wilson,Greater Western Sydney,22,22.98,13,7.823,51.462,48.077,0,0.0,0,0,64.846,7.846,3.846,11.692,78.289,75.49,84.0,67.105,1.846,1.846,301.231,25.763,1.231,9.5,2.769,4.222,2.615,8.154,10.769,24.286,2.462,2.308,0.0,0.0,0.308,0.308,3.154,0.077,0.0,0.385,0.154,0.385,0.385,0.0,0.0,0.0,0.0,,0.0,,1.769,0.0,1.462,26.316,0.077,0.0,2,0.154,0.154,0.462,0.308,33.333,2.769,11.538,0.769,0.462,2.308,7.385,5.154,2.308
Chris Dawes,Melbourne,27,27.62,14,6.85,59.143,56.786,0,0.0,0,0,89.286,7.143,4.786,11.929,71.856,62.0,86.567,59.88,2.857,0.5,202.143,16.946,2.143,5.567,2.571,4.639,5.286,6.429,11.714,45.122,1.143,2.714,1.214,0.214,0.5,0.714,4.286,1.071,0.857,0.214,0.857,1.5,1.071,0.429,10.571,10.144,3.071,29.054,0.714,23.256,1.5,0.286,0.286,50.0,4.286,33.333,11,0.786,0.857,1.786,0.429,44.0,4.429,22.878,0.5,0.0,1.143,7.857,2.286,1.0
Bernie Vince,Melbourne,30,30.24,21,11.09,98.095,92.429,62,2.952,10,14,82.238,14.619,10.095,24.714,69.942,60.586,83.491,59.152,3.905,1.905,406.0,16.428,3.048,8.109,5.429,4.553,10.19,14.429,24.619,41.393,2.952,7.0,0.714,1.238,3.952,5.19,2.714,0.048,0.19,0.429,0.048,0.952,1.381,-0.429,0.048,0.046,0.762,100.0,0.286,37.5,4.81,0.476,0.238,40.0,0.095,50.0,11,0.524,0.286,1.238,0.238,42.308,4.429,22.249,0.905,0.524,0.714,14.524,7.524,0.524
Mitchell Grigg,Adelaide,22,22.99,6,8.583,72.0,78.167,0,0.0,0,0,70.333,11.5,5.667,17.167,69.903,60.87,88.235,66.99,3.0,1.667,372.333,21.689,0.833,20.6,3.0,5.722,4.667,13.0,17.667,26.415,1.667,2.833,0.0,0.333,0.667,1.0,5.0,0.333,0.5,0.333,0.333,0.833,0.167,0.667,0.0,0.0,0.0,,0.0,,3.333,0.333,0.167,0.0,0.167,0.0,3,0.5,0.667,1.167,0.667,42.857,5.333,19.632,0.833,0.833,1.667,12.333,5.0,0.833
Tim Broomhead,Collingwood,21,21.77,11,9.4,61.0,58.0,0,0.0,0,0,73.0,7.364,7.182,14.545,72.5,58.025,87.342,50.625,2.182,0.455,200.727,13.8,1.545,9.412,2.364,6.154,6.727,7.909,14.636,45.963,1.727,5.818,1.364,1.091,1.545,2.636,1.455,0.0,0.091,0.0,0.273,0.364,0.545,-0.182,0.0,0.0,0.0,,0.0,,3.545,0.455,0.0,,0.273,33.333,7,0.636,0.455,1.091,0.364,58.333,4.091,16.423,1.0,0.0,0.364,17.182,6.909,0.273
Paul Seedsman,Collingwood,23,23.93,12,8.992,60.167,63.75,8,0.667,1,3,71.0,10.417,6.417,16.833,70.792,68.0,75.325,61.881,3.917,1.333,379.167,22.525,2.583,6.516,3.917,4.298,4.333,12.75,17.083,25.366,2.917,3.083,0.167,0.333,0.917,1.25,3.417,0.25,0.167,0.833,0.0,0.583,0.583,0.0,0.0,0.0,0.0,,0.0,,2.083,0.25,0.167,0.0,0.083,0.0,4,0.333,0.25,0.833,0.167,40.0,4.0,15.842,1.083,0.833,1.25,9.917,4.583,0.75
Jarrad Redden,Port Adelaide,25,25.01,1,4.6,36.0,30.0,0,0.0,0,0,75.0,2.0,7.0,9.0,88.889,100.0,85.714,22.222,0.0,0.0,0.0,0.0,0.0,,0.0,,5.0,4.0,9.0,55.556,2.0,3.0,0.0,1.0,1.0,2.0,1.0,0.0,0.0,0.0,0.0,1.0,0.0,1.0,53.0,54.082,6.0,11.321,2.0,33.333,0.0,0.0,0.0,,2.0,0.0,0,0.0,0.0,0.0,0.0,,0.0,0.0,0.0,0.0,1.0,5.0,1.0,0.0
Jarrad McVeigh,Sydney,30,30.73,22,12.614,100.455,98.636,34,1.7,8,3,88.909,13.182,11.045,24.227,79.925,71.724,89.712,54.409,3.682,2.227,325.591,13.439,2.0,12.114,3.5,6.922,6.0,17.409,23.409,25.631,3.364,4.318,0.5,0.364,1.909,2.273,5.5,0.227,0.364,0.591,0.455,0.636,0.545,0.091,0.0,0.0,0.0,,0.0,,4.5,0.773,0.545,16.667,0.5,36.364,12,0.545,0.227,1.045,0.5,52.174,6.682,27.58,1.818,0.227,1.136,16.409,7.591,0.727
Seb Tape,Gold Coast,23,23.4,4,6.6,50.75,47.0,0,0.0,0,0,77.75,6.0,5.25,11.25,73.333,66.667,80.952,53.333,2.0,1.25,153.25,13.622,2.25,5.0,3.0,3.75,4.0,7.0,11.0,36.364,3.0,3.0,0.0,0.5,0.0,0.5,2.5,0.25,0.0,0.5,0.0,0.5,0.5,0.0,0.0,0.0,0.0,,0.0,,3.0,0.0,1.0,0.0,0.0,,0,0.0,0.0,0.0,0.75,,1.75,6.796,0.5,0.0,2.5,9.75,4.75,2.0
Tom Curren,St Kilda,23,23.42,2,6.75,44.5,41.0,0,0.0,0,0,87.5,5.0,3.5,8.5,70.588,70.0,71.429,58.824,1.5,0.0,146.0,17.176,1.5,5.667,0.5,17.0,3.0,5.0,8.0,37.5,0.5,2.5,2.0,0.0,0.5,0.5,1.5,0.0,0.5,0.0,0.0,0.5,1.0,-0.5,0.0,0.0,0.0,,0.0,,3.5,0.5,0.0,,0.0,,1,0.5,0.0,0.5,1.0,100.0,3.5,15.556,0.5,0.5,0.5,13.5,3.5,0.0
Nathan Wright,St Kilda,21,21.87,5,5.02,45.2,48.0,0,0.0,0,0,60.4,7.8,4.4,12.2,68.852,61.538,81.818,63.934,2.4,2.2,242.8,19.902,1.2,10.167,2.8,4.357,3.4,8.8,12.2,27.869,3.2,2.4,0.0,0.0,0.6,0.6,2.2,0.2,0.0,1.0,0.0,0.8,1.0,-0.2,0.0,0.0,0.0,,0.0,,2.8,0.0,0.4,0.0,0.2,0.0,0,0.0,0.2,0.2,0.2,0.0,1.6,7.407,0.4,1.2,1.4,10.6,6.4,0.8
Matt Taberner,Fremantle,22,22.53,15,4.013,43.4,41.133,0,0.0,0,0,73.467,5.533,2.8,8.333,64.8,61.446,71.429,66.4,1.8,0.2,131.333,15.76,2.133,3.906,2.733,3.049,3.667,4.733,8.4,43.651,0.8,1.867,0.867,0.067,0.067,0.133,3.4,1.067,0.867,0.133,1.067,0.6,1.133,-0.533,0.2,0.202,0.133,66.667,0.133,100.0,1.333,0.733,0.333,40.0,3.333,30.0,14,0.933,0.467,1.467,0.4,63.636,2.933,12.941,0.467,0.0,0.867,7.0,1.333,0.733
Andrew Mackie,Geelong,31,31.39,15,10.733,88.2,84.867,10,0.667,1,3,85.6,13.533,7.467,21.0,83.175,79.803,89.286,64.444,2.533,3.067,352.533,16.787,1.733,12.115,3.2,6.562,4.867,15.867,20.733,23.473,4.933,3.8,0.333,0.067,0.2,0.267,6.933,0.4,0.2,0.933,0.0,0.533,0.533,0.0,0.0,0.0,0.0,,0.0,,1.8,0.0,1.8,25.926,0.267,75.0,6,0.4,0.0,0.667,0.133,60.0,4.467,18.98,1.0,0.4,2.6,8.333,5.933,2.133
George Horlin-Smith,Geelong,23,23.02,7,7.3,54.0,52.857,0,0.0,0,0,59.143,4.143,10.0,14.143,75.758,68.966,78.571,29.293,1.143,0.286,81.857,5.788,1.286,11.0,1.429,9.9,5.857,8.571,14.429,40.594,2.0,4.571,0.857,1.0,1.0,2.0,2.143,0.143,0.571,0.0,0.0,0.571,0.143,0.429,0.0,0.0,0.0,,0.0,,3.0,0.143,0.143,100.0,0.286,0.0,2,0.286,0.143,0.429,0.571,66.667,3.857,16.071,0.714,0.143,0.429,11.429,4.857,0.0
James Gwilt,Essendon,29,29.38,11,8.136,77.636,69.364,0,0.0,0,0,89.727,11.182,7.273,18.455,81.773,77.236,88.75,60.591,1.273,3.182,286.455,15.522,2.273,8.12,2.818,6.548,5.091,13.091,18.182,28.0,5.364,3.455,0.0,0.091,0.182,0.273,5.364,0.727,0.0,1.364,0.091,0.727,0.636,0.091,0.091,0.097,0.091,100.0,0.091,100.0,1.545,0.0,3.273,25.0,0.0,,0,0.0,0.091,0.182,0.0,0.0,2.909,15.166,1.273,0.091,3.818,7.545,6.818,3.182
Jason Ashby,Essendon,21,21.62,5,3.12,30.6,34.6,0,0.0,0,0,60.0,3.4,3.8,7.2,69.444,41.176,94.737,47.222,0.8,0.4,78.8,10.944,1.8,4.0,2.2,3.273,2.4,5.0,7.4,32.432,2.2,1.6,0.0,0.2,0.2,0.4,1.8,0.0,0.0,0.4,0.4,0.6,0.4,0.2,0.0,0.0,0.0,,0.0,,3.0,0.0,0.4,0.0,0.0,,0,0.0,0.0,0.0,0.0,,0.6,2.804,0.4,0.2,2.6,9.4,7.4,2.0
Grant Birchall,Hawthorn,27,27.92,22,10.682,86.273,82.909,13,0.722,5,0,80.727,14.5,8.318,22.818,85.06,79.624,94.536,63.546,2.773,2.045,335.182,14.689,1.818,12.55,3.364,6.784,4.227,17.545,21.773,19.415,4.545,3.318,0.0,0.455,0.545,1.0,5.545,0.136,0.091,0.818,0.0,0.409,0.682,-0.273,0.0,0.0,0.0,,0.0,,1.636,0.045,0.864,31.579,0.0,,4,0.182,0.136,0.364,0.409,50.0,5.273,19.333,1.773,0.864,1.909,7.773,4.955,1.182
Jonathan O'Rourke,Hawthorn,21,21.69,2,7.55,61.0,62.0,0,0.0,0,0,82.0,7.0,10.0,17.0,82.353,64.286,95.0,41.176,2.0,0.0,139.0,8.176,1.0,17.0,3.5,4.857,6.5,10.5,17.0,38.235,2.5,4.5,0.0,1.0,1.0,2.0,4.0,0.0,0.5,0.0,0.0,1.5,0.5,1.0,0.0,0.0,0.0,,0.0,,1.5,0.0,0.0,,0.0,,1,0.5,0.0,0.5,0.0,100.0,1.0,3.39,0.5,0.0,1.0,10.5,4.5,1.0
Matt Maguire,Brisbane,31,31.58,2,6.65,41.5,40.0,0,0.0,0,0,93.5,6.0,2.5,8.5,70.588,66.667,80.0,70.588,2.0,0.5,202.0,23.765,1.5,5.667,2.5,3.4,2.5,6.0,8.5,29.412,3.0,2.5,0.0,0.0,0.0,0.0,2.0,0.0,0.0,0.0,0.0,0.0,1.0,-1.0,0.0,0.0,0.0,,0.0,,3.5,0.0,2.5,20.0,0.0,,0,0.0,0.0,0.0,0.0,,1.0,5.882,1.0,0.0,4.0,9.5,8.5,4.0
Michael Close,Brisbane,21,21.42,1,1.0,12.0,10.0,0,0.0,0,0,15.0,2.0,0.0,2.0,50.0,50.0,,100.0,2.0,0.0,38.0,19.0,1.0,2.0,1.0,2.0,0.0,2.0,2.0,0.0,0.0,0.0,0.0,0.0,0.0,0.0,0.0,0.0,0.0,0.0,0.0,0.0,0.0,0.0,0.0,0.0,0.0,,0.0,,1.0,0.0,0.0,,0.0,,0,0.0,0.0,0.0,0.0,,1.0,6.25,0.0,0.0,0.0,4.0,0.0,0.0
Robin Nahas,North Melbourne,28,28.13,18,8.539,63.889,66.833,0,0.0,0,0,78.778,7.722,5.889,13.611,70.204,58.993,84.906,56.735,2.222,0.5,192.833,14.167,1.944,7.0,2.5,5.444,4.111,9.222,13.333,30.833,1.556,2.889,0.944,0.056,0.5,0.556,3.722,0.222,0.833,0.167,0.389,0.889,0.444,0.444,0.0,0.0,0.0,,0.0,,3.167,1.111,0.056,0.0,0.944,23.529,24,1.333,0.5,2.389,0.667,55.814,5.222,20.982,1.0,1.111,0.5,12.056,4.056,0.444
Ben Brown,North Melbourne,23,23.11,22,7.4,65.636,57.091,4,0.211,2,2,81.864,6.909,3.273,10.182,68.304,61.842,81.944,67.857,1.727,0.318,151.909,14.92,1.273,8.0,1.5,6.788,4.409,5.727,10.136,43.498,0.727,2.364,0.909,0.182,0.273,0.455,4.5,1.091,1.409,0.136,1.5,0.955,0.273,0.682,9.818,9.986,2.864,29.167,0.818,28.571,0.955,0.273,0.091,0.0,3.682,17.284,32,1.455,0.773,2.455,0.318,59.259,5.182,20.213,0.5,0.0,1.909,6.682,1.909,1.409
Sam Dwyer,Collingwood,29,29.33,5,6.94,49.2,47.0,0,0.0,0,0,63.6,6.0,4.8,10.8,72.222,66.667,79.167,55.556,2.4,0.6,179.8,16.648,0.6,18.0,1.8,6.0,2.8,8.0,10.8,25.926,1.2,2.2,0.6,0.0,0.2,0.2,2.8,0.2,0.6,0.4,0.6,0.2,0.0,0.2,0.0,0.0,0.0,,0.0,,1.4,0.2,0.2,0.0,0.8,25.0,4,0.8,0.4,1.2,0.2,66.667,4.6,18.11,0.8,0.0,0.6,8.2,2.6,0.4
Patrick Karnezis,Collingwood,23,23.68,4,5.875,36.0,42.75,0,0.0,0,0,48.75,6.75,3.5,10.25,78.049,70.37,92.857,65.854,2.25,0.0,169.0,16.488,1.5,6.833,3.0,3.417,3.25,7.0,10.25,31.707,1.5,2.5,0.5,0.25,0.75,1.0,2.5,0.0,0.0,0.0,0.25,0.25,0.75,-0.5,0.0,0.0,0.0,,0.0,,1.75,0.25,0.0,,0.25,0.0,2,0.5,0.0,0.5,0.0,100.0,1.75,6.422,0.5,0.5,0.25,6.5,2.75,0.25
Corey Gault,Collingwood,23,23.17,3,7.167,50.0,39.0,0,0.0,0,0,82.0,4.333,4.333,8.667,84.615,76.923,92.308,50.0,1.333,0.667,127.333,14.692,0.667,13.0,1.333,6.5,5.0,4.0,9.0,55.556,1.0,3.333,0.333,0.333,0.667,1.0,1.667,0.333,0.333,0.0,0.333,0.667,0.333,0.333,7.333,8.302,1.667,22.727,1.0,60.0,1.667,0.667,0.0,,3.667,27.273,2,0.667,0.333,1.0,0.333,66.667,4.0,13.483,1.333,0.0,2.333,9.0,2.333,1.667
Paddy McCartin,St Kilda,19,19.69,6,2.383,37.167,48.0,0,0.0,0,0,75.833,7.167,2.167,9.333,50.0,48.837,53.846,76.786,2.333,0.167,144.333,15.464,2.0,4.667,2.333,4.0,4.333,5.167,9.5,45.614,0.333,2.667,1.333,0.0,0.0,0.0,4.333,0.833,1.167,0.0,1.5,0.5,0.167,0.333,0.0,0.0,0.0,,0.0,,1.333,0.667,0.0,,2.833,29.412,3,0.5,0.833,1.833,0.167,27.273,2.667,13.223,0.0,0.0,1.167,5.333,0.667,0.667
Andrew Walker,Carlton,29,29.62,12,6.583,62.25,60.25,2,0.167,1,1,79.25,8.833,4.75,13.583,66.258,59.434,78.947,65.031,2.5,1.417,246.0,18.11,1.75,7.762,3.25,4.179,4.167,9.5,13.667,30.488,1.583,3.0,0.5,0.0,0.667,0.667,4.0,0.333,1.167,0.083,0.583,0.833,0.833,0.0,0.0,0.0,0.083,,0.0,0.0,1.833,0.5,0.667,37.5,2.0,29.167,12,1.0,0.5,1.583,0.417,63.158,3.917,18.725,0.333,0.25,1.75,8.75,3.833,1.25
Dennis Armfield,Carlton,29,29.02,12,9.183,60.083,56.167,3,0.25,1,0,87.333,7.333,4.75,12.083,65.517,55.422,78.571,60.69,2.583,0.667,209.083,17.303,1.833,6.591,2.667,4.531,5.0,6.667,11.667,42.857,1.75,3.727,1.455,0.083,0.667,0.75,2.083,0.167,0.333,0.091,0.273,1.083,0.667,0.417,0.0,0.0,0.0,,0.0,,3.0,1.0,0.364,50.0,1.0,18.182,13,1.083,0.833,2.083,0.5,52.0,4.25,20.079,0.727,0.583,1.167,12.818,3.364,0.545
Ciaran Byrne,Carlton,21,21.06,1,5.2,22.0,25.0,0,0.0,0,0,28.0,5.0,4.0,9.0,88.889,80.0,100.0,55.556,1.0,0.0,111.0,12.333,2.0,4.5,1.0,9.0,3.0,6.0,9.0,33.333,3.0,2.0,0.0,0.0,1.0,1.0,1.0,0.0,0.0,1.0,0.0,1.0,2.0,-1.0,0.0,0.0,0.0,,0.0,,1.0,0.0,2.0,0.0,0.0,,0,0.0,0.0,0.0,0.0,,2.0,6.897,1.0,0.0,2.0,2.0,2.0,2.0
Scott Thompson,Adelaide,32,32.79,21,12.295,102.286,97.429,43,2.263,9,12,83.0,11.81,14.905,26.714,68.627,56.048,78.594,44.207,3.857,1.19,297.19,11.125,4.048,6.6,4.429,6.032,13.905,13.619,27.524,50.519,2.524,8.286,1.048,3.143,4.0,7.143,3.286,0.095,0.095,0.238,0.0,1.476,1.952,-0.476,0.048,0.049,0.048,100.0,0.048,100.0,6.048,0.762,0.048,0.0,0.238,0.0,8,0.381,0.19,0.571,0.381,66.667,6.19,23.551,1.762,0.0,1.143,20.095,10.429,0.286
Jake Kelly,Adelaide,20,20.94,10,4.98,51.9,49.8,0,0.0,0,0,86.4,6.2,4.7,10.9,79.817,79.032,80.851,56.881,0.5,1.4,86.1,7.899,1.4,7.786,1.9,5.737,4.0,7.0,11.0,36.364,3.4,3.0,0.0,0.1,0.3,0.4,3.7,0.2,0.0,0.5,0.0,0.6,0.8,-0.2,0.0,0.0,0.0,,0.0,,3.1,0.0,1.4,35.714,0.0,,0,0.0,0.1,0.1,0.1,0.0,1.6,6.426,0.8,0.0,2.7,10.4,8.0,2.3
Andrew Phillips,Greater Western Sydney,24,24.49,4,10.675,68.25,49.5,0,0.0,0,0,72.75,3.5,4.5,8.0,84.375,78.571,88.889,43.75,0.75,1.0,101.75,12.719,3.25,2.462,1.25,6.4,5.25,2.75,8.0,65.625,1.0,2.25,0.75,1.0,1.25,2.25,3.0,2.0,0.0,0.5,0.0,0.5,2.5,-2.0,60.75,62.953,19.5,32.099,7.0,35.897,1.75,0.5,0.75,33.333,2.0,37.5,1,0.25,0.0,0.25,0.0,100.0,3.25,14.13,2.0,0.0,3.0,8.75,4.5,2.0
Ben McGlynn,Sydney,30,30.4,9,7.689,75.778,76.667,0,0.0,0,0,82.0,9.222,5.778,15.0,69.63,61.446,82.692,61.481,3.222,0.556,230.556,15.37,2.111,7.105,2.667,5.625,5.444,10.111,15.556,35.0,1.333,3.556,1.0,0.667,1.333,2.0,5.0,0.222,0.889,0.111,1.0,1.444,0.778,0.667,0.0,0.0,0.0,,0.0,,4.667,0.778,0.0,,1.0,33.333,6,0.667,0.667,1.778,0.667,37.5,5.778,22.907,0.889,0.0,0.778,17.111,5.778,0.333
Robbie Tarrant,North Melbourne,26,26.68,22,6.982,68.455,56.773,9,0.45,3,0,90.455,8.727,5.727,14.455,83.019,81.25,85.714,60.377,1.045,3.045,226.591,15.676,2.0,7.227,2.182,6.625,4.273,10.0,14.273,29.936,5.364,3.182,0.0,0.0,0.136,0.136,5.136,0.5,0.0,1.682,0.0,0.455,1.136,-0.682,0.091,0.092,0.045,50.0,0.045,100.0,1.591,0.0,2.864,34.921,0.045,0.0,1,0.045,0.0,0.045,0.045,100.0,2.091,8.425,0.773,0.0,3.955,5.545,4.591,3.682
Nathan Krakouer,Port Adelaide,27,27.65,14,11.729,68.929,59.643,2,0.143,1,0,68.357,11.643,3.286,14.929,77.033,74.847,84.783,77.99,2.857,2.214,345.643,23.153,1.714,8.708,3.214,4.644,5.143,9.786,14.929,34.45,5.0,4.429,0.214,0.143,0.571,0.714,3.5,0.357,0.214,1.143,0.0,0.357,0.429,-0.071,0.0,0.0,0.0,,0.0,,1.571,0.143,0.786,36.364,0.071,100.0,5,0.357,0.143,0.5,0.571,71.429,3.786,14.722,1.071,0.071,1.5,5.857,4.071,1.357
Kane Mitchell,Port Adelaide,26,26.08,8,4.0,62.0,64.25,0,0.0,0,0,72.625,8.75,6.375,15.125,67.769,54.286,86.275,57.851,3.5,0.875,222.75,14.727,2.75,5.5,3.375,4.481,4.125,11.25,15.375,26.829,1.125,3.0,1.125,0.0,1.375,1.375,2.875,0.25,0.5,0.0,0.375,0.25,1.0,-0.75,0.0,0.0,0.0,,0.0,,4.0,1.0,0.125,0.0,0.75,0.0,4,0.5,0.375,1.25,1.0,40.0,4.25,16.585,0.625,0.0,0.75,18.5,9.125,0.25
Aaron Young,Port Adelaide,23,23.06,11,6.473,46.818,45.364,0,0.0,0,0,51.0,5.909,7.091,13.0,69.231,56.923,79.487,45.455,1.636,1.364,168.364,12.951,2.545,5.107,2.818,4.613,7.0,6.182,13.182,53.103,1.545,4.727,0.545,1.0,2.0,3.0,1.455,0.182,0.091,0.455,0.182,0.818,1.182,-0.364,0.0,0.0,0.091,,0.0,0.0,2.636,0.455,0.0,,0.182,100.0,2,0.182,0.091,0.545,0.455,33.333,3.364,14.231,1.273,0.0,0.455,11.727,6.364,0.364
Brendon Ah Chee,Port Adelaide,22,22.02,11,7.427,61.909,56.727,10,0.909,1,3,48.545,6.364,6.727,13.091,65.972,58.571,72.973,48.611,2.0,0.727,180.545,13.792,1.636,8.0,2.182,6.0,6.727,6.455,13.182,51.034,1.818,4.818,1.182,0.636,1.545,2.182,2.455,0.636,0.636,0.455,0.0,0.455,0.364,0.091,0.0,0.0,0.545,,0.091,16.667,3.364,0.727,0.0,,0.091,0.0,6,0.545,0.182,0.909,0.273,60.0,3.909,14.931,1.0,0.0,1.0,10.636,4.364,0.273
Brent Staker,Brisbane,31,31.6,6,0.517,32.333,36.333,0,0.0,0,0,75.833,4.833,3.0,7.833,57.447,48.276,72.222,61.702,1.167,0.167,71.667,9.149,2.167,3.615,1.833,4.273,3.833,4.5,8.333,46.0,0.0,2.0,1.0,0.0,0.167,0.167,2.833,0.167,0.5,0.0,0.333,1.333,1.0,0.333,0.0,0.0,0.0,,0.0,,2.0,0.833,0.167,0.0,3.5,23.81,0,0.0,1.0,1.333,0.0,0.0,2.0,12.903,0.0,0.0,1.333,8.167,1.833,0.833
Chris Knights,Richmond,29,29.26,1,2.6,25.0,29.0,0,0.0,0,0,33.0,3.0,1.0,4.0,75.0,66.667,100.0,75.0,1.0,0.0,69.0,17.25,3.0,1.333,3.0,1.333,0.0,4.0,4.0,0.0,0.0,0.0,0.0,0.0,0.0,0.0,1.0,0.0,1.0,0.0,0.0,0.0,1.0,-1.0,0.0,0.0,0.0,,0.0,,3.0,1.0,0.0,,0.0,,1,1.0,0.0,2.0,0.0,50.0,1.0,3.125,0.0,0.0,0.0,7.0,3.0,0.0
David Astbury,Richmond,24,24.84,4,6.475,57.25,45.75,0,0.0,0,0,97.5,5.0,5.5,10.5,85.714,85.0,86.364,47.619,1.0,1.0,136.25,12.976,0.75,14.0,2.0,5.25,2.75,7.5,10.25,26.829,1.5,1.75,0.25,0.0,0.5,0.5,3.5,0.25,0.0,0.0,1.0,0.5,0.25,0.25,0.0,0.0,0.0,,0.0,,2.0,0.25,2.75,36.364,2.0,0.0,1,0.25,0.0,0.25,0.25,100.0,2.25,9.184,0.5,0.0,5.0,9.25,5.25,4.5
Brendan Whitecross,Hawthorn,25,25.93,4,4.525,36.75,45.0,0,0.0,0,0,53.25,5.75,5.25,11.0,75.0,73.913,76.19,52.273,1.25,1.0,104.25,9.477,2.0,5.5,2.0,5.5,3.0,8.5,11.5,26.087,1.25,2.5,0.75,0.25,0.25,0.5,4.75,0.25,0.5,0.25,0.5,0.0,0.75,-0.75,0.0,0.0,0.25,,0.0,0.0,1.25,0.5,0.0,,0.0,,0,0.0,0.0,0.25,0.5,0.0,3.0,9.917,0.0,0.0,0.75,7.0,3.5,0.25
Billy Hartung,Hawthorn,20,20.93,20,7.26,54.9,57.4,10,0.556,3,0,54.65,8.7,7.1,15.8,79.114,70.115,90.141,55.063,2.4,1.55,222.85,14.104,1.65,9.576,2.3,6.87,3.85,11.9,15.75,24.444,1.65,2.65,0.15,0.25,1.3,1.55,3.3,0.15,0.2,0.3,0.1,0.7,0.6,0.1,0.0,0.0,0.0,,0.0,,1.2,0.15,0.15,0.0,0.05,0.0,11,0.55,0.2,0.8,0.35,68.75,4.35,15.453,0.85,1.15,0.4,7.75,3.25,0.3
Koby Stevens,Western Bulldogs,24,24.53,12,10.0,86.5,83.5,1,0.083,1,0,79.083,9.417,10.917,20.333,69.262,60.177,77.099,46.311,3.083,1.417,241.667,11.885,2.333,8.714,3.667,5.545,9.083,11.667,20.75,43.775,1.583,6.333,1.0,1.5,2.333,3.833,2.833,0.333,0.5,0.083,0.25,1.0,1.167,-0.167,0.417,0.403,0.75,100.0,0.167,22.222,6.083,0.917,0.083,100.0,0.417,40.0,4,0.333,0.333,0.833,0.333,40.0,4.417,18.929,1.083,0.333,0.75,16.583,8.75,0.5
Nathan Hrovat,Western Bulldogs,21,21.56,7,6.914,62.0,54.429,0,0.0,0,0,78.286,6.286,7.714,14.0,74.49,65.909,81.481,44.898,2.0,0.714,153.0,10.929,1.857,7.538,2.714,5.158,6.571,7.714,14.286,46.0,1.714,5.429,1.286,0.429,0.857,1.286,2.714,0.143,0.286,0.0,0.571,0.571,1.143,-0.571,0.0,0.0,0.0,,0.0,,3.143,1.571,0.0,,0.286,0.0,2,0.286,0.571,1.0,0.857,28.571,4.571,17.582,0.571,0.286,0.714,12.571,3.857,0.571
Lukas Webb,Western Bulldogs,19,19.82,10,4.16,44.1,46.6,0,0.0,0,0,72.4,6.5,4.4,10.9,80.734,76.923,86.364,59.633,1.4,1.1,144.1,13.22,1.0,10.9,1.2,9.083,3.3,7.5,10.8,30.556,3.5,2.5,0.3,0.0,0.5,0.5,3.8,0.3,0.2,1.4,0.0,0.4,0.0,0.4,0.0,0.0,0.0,,0.0,,1.4,0.1,0.6,33.333,0.0,,1,0.1,0.3,0.5,0.2,20.0,2.5,9.921,0.9,0.0,1.3,8.4,5.8,0.9
Josh Walker,Geelong,23,23.13,16,6.544,53.562,52.75,6,0.375,1,1,77.5,5.5,4.188,9.688,63.871,57.955,71.642,56.774,2.125,0.375,137.0,14.142,1.875,5.167,2.125,4.559,5.0,5.25,10.25,48.78,0.812,2.5,1.188,0.125,0.812,0.938,3.812,1.5,1.812,0.25,0.75,0.5,0.812,-0.312,16.312,16.86,4.125,25.287,0.938,22.727,1.625,0.5,0.125,0.0,2.188,31.429,19,1.188,0.625,2.125,0.438,55.882,4.188,17.268,0.75,0.0,1.25,7.812,1.812,0.562
Jackson Thurlow,Geelong,21,21.75,19,7.079,70.263,66.737,0,0.0,0,0,85.474,9.947,7.368,17.316,81.155,75.661,88.571,57.447,1.368,3.0,233.895,13.508,1.579,10.967,2.789,6.208,3.947,12.684,16.632,23.734,3.737,3.105,0.053,0.0,0.474,0.474,4.421,0.368,0.053,0.632,0.053,0.368,0.316,0.053,0.0,0.0,0.0,,0.0,,2.211,0.105,1.0,15.789,0.053,0.0,2,0.105,0.0,0.158,0.211,66.667,4.105,17.068,1.316,0.053,1.579,9.737,6.684,1.368
Jordan Murdoch,Geelong,23,23.77,18,8.122,67.889,66.833,10,0.556,1,3,77.944,9.333,6.333,15.667,75.532,71.429,81.579,59.574,2.833,2.056,335.667,21.426,1.556,10.071,3.333,4.7,4.056,11.833,15.889,25.524,2.333,3.056,0.556,0.278,0.778,1.056,3.833,0.278,0.278,0.722,0.167,0.722,0.222,0.5,0.0,0.0,0.0,,0.0,,2.944,0.5,0.389,42.857,0.0,,8,0.444,0.167,0.833,0.389,53.333,3.889,16.548,0.611,0.389,0.722,13.444,6.667,0.556
Brandon Matera,Gold Coast,23,23.8,19,8.274,68.684,70.842,4,0.211,2,1,83.684,11.053,4.158,15.211,69.896,67.143,77.215,72.664,2.316,0.684,281.211,18.488,1.947,7.811,3.526,4.313,4.684,10.579,15.263,30.69,2.105,3.579,1.0,0.105,0.474,0.579,4.211,0.053,0.579,0.053,0.579,0.895,0.684,0.211,0.0,0.0,0.0,,0.0,,2.895,0.579,0.053,0.0,1.211,13.043,18,0.947,0.632,1.789,0.579,52.941,4.474,22.078,0.632,0.895,0.579,13.895,4.632,0.368
Aaron Hall,Gold Coast,25,25.14,15,11.78,79.333,76.267,21,1.4,3,5,78.667,12.2,7.133,19.333,69.31,62.295,81.308,63.103,4.133,1.867,395.333,20.448,2.733,7.073,4.533,4.265,7.2,12.067,19.267,37.37,1.933,5.667,0.933,1.067,1.733,2.8,3.0,0.0,0.333,0.133,0.467,0.733,0.667,0.067,0.067,0.069,0.0,0.0,0.0,,3.2,0.667,0.0,,0.4,16.667,11,0.733,0.467,1.6,0.467,45.833,4.8,22.571,1.0,0.8,0.533,16.4,7.2,0.267
Hayden Crozier,Fremantle,22,22.01,11,4.473,42.182,41.818,0,0.0,0,0,64.909,5.273,3.091,8.364,67.391,65.517,70.588,63.043,1.364,0.545,137.0,16.38,1.273,6.571,2.0,4.182,2.909,5.727,8.636,33.684,1.273,2.0,0.727,0.091,0.091,0.182,2.091,0.273,0.273,0.091,0.182,0.636,0.818,-0.182,0.0,0.0,0.0,,0.0,,2.818,1.091,0.0,,0.273,33.333,7,0.636,0.273,1.273,0.091,50.0,2.455,10.931,0.273,0.182,0.455,12.545,4.182,0.273
Josh Hill,West Coast,26,26.94,22,11.068,69.045,65.364,10,0.526,3,3,85.318,8.182,4.318,12.5,71.273,66.667,80.0,65.455,2.5,0.409,215.182,17.215,1.545,8.088,2.273,5.5,4.955,7.045,12.0,41.288,1.636,3.455,1.727,0.091,0.682,0.773,3.864,0.5,1.227,0.318,0.636,0.727,0.682,0.045,0.0,0.0,0.0,,0.0,,2.545,1.045,0.091,50.0,1.045,17.391,40,1.818,0.818,2.955,0.409,61.538,5.682,19.531,0.591,0.455,1.0,14.409,3.364,0.545
Viv Michie,Melbourne,23,23.85,11,7.918,58.818,54.545,0,0.0,0,0,65.818,7.545,7.091,14.636,72.05,66.265,78.205,51.553,2.636,0.545,217.0,14.826,1.0,14.636,2.273,6.44,5.909,8.909,14.818,39.877,1.818,3.909,0.545,0.182,1.636,1.818,2.818,0.273,0.091,0.455,0.182,0.727,0.182,0.545,0.0,0.0,0.0,,0.0,,2.182,0.545,0.545,66.667,0.273,33.333,0,0.0,0.364,0.455,0.636,0.0,4.0,19.82,0.727,0.273,0.636,9.909,4.091,0.273
Matthew Arnot,Richmond,22,22.19,1,6.3,47.0,54.0,0,0.0,0,0,80.0,7.0,3.0,10.0,60.0,57.143,66.667,70.0,2.0,1.0,237.0,23.7,6.0,1.667,6.0,1.667,6.0,4.0,10.0,60.0,1.0,4.0,2.0,0.0,1.0,1.0,1.0,0.0,0.0,0.0,0.0,3.0,3.0,0.0,0.0,0.0,0.0,,0.0,,6.0,1.0,0.0,,0.0,,1,1.0,0.0,1.0,0.0,100.0,3.0,14.286,0.0,0.0,0.0,17.0,4.0,0.0
Matthew McDonough,Richmond,21,21.92,2,3.05,32.5,34.0,0,0.0,0,0,57.0,6.0,1.5,7.5,53.333,41.667,100.0,80.0,2.5,1.5,196.0,26.133,2.5,3.0,2.5,3.0,4.0,4.5,8.5,47.059,0.5,2.5,0.5,0.5,2.0,2.5,2.0,0.0,0.0,0.5,0.5,0.5,2.0,-1.5,0.0,0.0,0.0,,0.0,,3.0,1.5,0.0,,0.0,,0,0.0,0.5,0.5,0.0,0.0,1.0,4.444,0.0,0.0,1.5,10.5,3.0,1.0
Nathan Drummond,Richmond,20,20.94,1,1.2,17.0,25.0,0,0.0,0,0,32.0,4.0,1.0,5.0,40.0,50.0,0.0,80.0,1.0,0.0,95.0,19.0,1.0,5.0,1.0,5.0,1.0,3.0,4.0,25.0,2.0,1.0,0.0,0.0,0.0,0.0,1.0,0.0,0.0,0.0,0.0,0.0,0.0,0.0,0.0,0.0,0.0,,0.0,,2.0,0.0,1.0,100.0,0.0,,0,0.0,0.0,0.0,0.0,,1.0,4.762,0.0,1.0,0.0,7.0,1.0,0.0
Courtenay Dempsey,Essendon,28,28.34,13,7.538,54.077,54.308,1,0.077,1,0,78.923,8.538,4.692,13.231,67.442,61.261,78.689,64.535,2.077,1.154,212.0,16.023,2.077,6.37,2.308,5.733,5.0,8.538,13.538,36.932,4.231,3.923,0.615,0.154,0.231,0.385,3.538,0.231,0.462,0.846,0.385,0.615,0.846,-0.231,0.0,0.0,0.077,,0.0,0.0,1.923,0.308,0.615,37.5,0.462,33.333,5,0.385,0.538,1.154,0.308,33.333,2.923,14.449,0.846,0.385,1.231,10.769,5.846,0.615
Will Hams,Essendon,21,21.46,3,3.9,29.333,23.667,0,0.0,0,0,37.667,2.667,2.667,5.333,75.0,62.5,87.5,50.0,1.0,0.0,79.333,14.875,1.0,5.333,0.333,16.0,4.0,1.333,5.333,75.0,0.333,2.333,0.333,0.333,1.0,1.333,0.333,0.0,0.0,0.0,0.0,1.667,0.333,1.333,0.0,0.0,0.0,,0.0,,2.0,0.0,0.0,,0.0,,0,0.0,0.667,0.667,0.0,0.0,1.667,7.937,0.333,0.0,0.333,6.333,1.333,0.333
Dylan Buckley,Carlton,22,22.79,18,5.606,55.0,56.944,0,0.0,0,0,78.278,8.444,5.889,14.333,80.233,74.825,88.119,58.915,1.778,2.389,239.611,16.717,2.222,6.45,2.778,5.16,2.944,11.278,14.222,20.703,2.389,2.471,0.176,0.111,0.222,0.333,3.611,0.111,0.0,0.059,0.235,0.444,0.611,-0.167,0.0,0.0,0.0,,0.0,,2.111,0.111,1.294,45.455,0.0,,5,0.278,0.278,0.667,0.278,41.667,2.944,15.186,0.588,0.444,1.389,6.471,4.412,1.118
Blaine Boekhorst,Carlton,22,22.32,11,5.536,52.0,49.818,0,0.0,0,0,75.545,6.909,5.636,12.545,68.841,53.947,87.097,55.072,2.091,0.545,138.636,11.051,1.818,6.9,1.818,6.9,3.909,8.364,12.273,31.852,1.091,2.727,0.818,0.182,0.545,0.727,2.182,0.273,0.182,0.182,0.091,1.0,0.909,0.091,0.0,0.0,0.0,,0.0,,2.364,0.545,0.273,66.667,0.455,20.0,5,0.455,0.818,1.364,0.364,33.333,4.0,21.256,0.091,0.455,1.091,11.545,4.545,0.545
Matthew Dick,Carlton,21,21.15,6,4.233,48.333,47.667,0,0.0,0,0,80.333,6.667,5.0,11.667,75.714,65.0,90.0,57.143,0.833,3.167,150.833,12.929,2.0,5.833,2.0,5.833,3.5,8.333,11.833,29.577,3.5,2.5,0.0,0.0,0.333,0.333,3.333,0.0,0.0,0.5,0.167,0.833,0.5,0.333,0.0,0.0,0.0,,0.0,,2.0,0.0,3.167,31.579,0.0,,0,0.0,0.333,0.333,0.167,0.0,1.333,6.957,0.0,0.0,2.333,6.5,4.833,1.833
Charlie Dixon,Gold Coast,25,25.27,16,10.025,69.812,59.375,19,1.188,2,6,82.125,6.375,3.062,9.438,66.225,60.784,77.551,67.55,1.062,0.062,147.25,15.603,2.5,3.775,2.188,4.314,6.5,3.375,9.875,65.823,1.0,2.75,1.375,0.125,0.438,0.562,3.688,1.438,2.438,0.188,1.188,1.938,1.312,0.625,5.562,5.749,2.0,35.955,0.375,18.75,1.688,0.562,0.0,,4.25,42.647,41,2.562,0.938,3.812,0.25,67.213,5.562,28.254,0.688,0.0,1.5,9.875,2.438,1.125
Tom Nicholls,Gold Coast,23,23.82,15,10.927,81.4,73.933,0,0.0,0,0,77.667,4.133,8.067,12.2,63.388,58.065,66.116,33.88,0.733,1.133,75.333,6.175,2.467,4.946,1.6,7.625,8.867,4.067,12.933,68.557,2.867,4.867,0.533,0.733,2.533,3.267,2.667,0.667,0.4,1.133,0.2,1.8,1.333,0.467,66.667,68.353,22.333,33.5,6.4,28.657,4.0,0.467,0.467,28.571,1.067,25.0,3,0.2,0.067,0.333,0.333,60.0,3.0,15.254,2.067,0.0,2.067,16.267,8.6,1.4
James Stewart,Greater Western Sydney,21,21.82,13,6.223,52.0,50.077,0,0.0,0,0,77.846,6.0,4.0,10.0,61.538,58.974,65.385,60.0,2.077,0.077,189.0,18.9,2.308,4.333,3.154,3.171,4.077,5.846,9.923,41.085,0.923,2.923,1.077,0.077,0.231,0.308,3.231,0.769,1.308,0.077,0.923,0.462,1.077,-0.615,11.846,11.382,1.462,12.338,0.154,10.526,1.923,0.615,0.231,0.0,1.846,16.667,15,1.154,1.077,2.385,0.308,48.387,4.385,17.702,0.385,0.308,1.154,8.846,2.538,1.0
Matthew Lobbe,Port Adelaide,26,26.88,17,7.818,72.118,77.824,0,0.0,0,0,83.118,4.118,4.176,8.294,70.213,57.143,83.099,49.645,1.294,0.765,86.0,10.369,2.588,3.205,1.706,4.862,4.706,3.824,8.529,55.172,1.706,2.294,0.235,0.706,1.059,1.765,1.765,0.765,0.176,0.529,0.059,1.353,1.588,-0.235,78.824,69.108,30.412,38.582,7.059,23.211,5.765,0.706,0.588,30.0,1.353,17.391,5,0.294,0.0,0.294,0.059,100.0,3.118,13.151,1.824,0.0,3.529,15.529,7.118,2.882
Tendai Mzungu,Fremantle,29,29.83,11,5.291,68.636,69.455,0,0.0,0,0,78.545,8.636,7.545,16.182,71.348,68.421,74.699,53.371,1.636,1.818,239.909,14.826,2.364,6.846,3.727,4.341,4.727,11.818,16.545,28.571,2.727,3.364,0.273,0.182,1.0,1.182,3.636,0.182,0.091,0.545,0.0,0.909,0.909,0.0,0.0,0.0,0.0,,0.0,,4.545,0.636,0.182,50.0,0.455,0.0,2,0.182,0.091,0.364,0.273,50.0,1.727,8.636,0.364,0.091,1.273,14.455,7.0,1.091
Mitch Golby,Brisbane,24,24.24,5,5.72,49.4,50.8,0,0.0,0,0,56.2,7.0,5.8,12.8,71.875,65.714,79.31,54.688,0.8,1.8,143.8,11.234,1.2,10.667,2.8,4.571,3.6,9.6,13.2,27.273,2.0,2.4,0.0,0.0,1.2,1.2,2.0,0.0,0.0,0.2,0.0,0.6,0.4,0.2,0.0,0.0,0.0,,0.0,,3.2,0.0,0.6,33.333,0.0,,0,0.0,0.0,0.0,0.2,,2.4,11.111,0.8,0.0,2.0,7.6,5.0,1.8
Nicholas Robertson,Brisbane,20,20.57,12,6.067,53.083,55.333,0,0.0,0,0,70.833,7.917,6.5,14.417,73.988,70.526,78.205,54.913,1.75,1.917,221.833,15.387,2.417,5.966,3.0,4.806,4.167,10.667,14.833,28.09,2.333,2.583,0.0,0.0,0.917,0.917,4.167,0.333,0.25,0.333,0.167,0.583,1.0,-0.417,0.0,0.0,0.0,,0.0,,1.583,0.083,0.417,20.0,0.167,0.0,4,0.333,0.167,0.583,0.083,57.143,2.583,13.778,0.167,0.5,1.0,10.417,5.75,0.583
Tom Cutler,Brisbane,20,20.86,11,5.673,54.273,57.364,1,0.091,1,0,72.182,9.636,6.636,16.273,73.743,62.264,90.411,59.218,2.091,2.909,271.636,16.693,2.364,6.885,3.0,5.424,3.727,11.545,15.273,24.405,2.909,2.909,0.182,0.091,0.636,0.727,3.455,0.364,0.0,0.636,0.091,0.091,0.364,-0.273,0.0,0.0,0.0,,0.0,,1.273,0.091,0.636,28.571,0.0,,1,0.091,0.182,0.273,0.091,33.333,3.273,14.876,1.273,0.273,1.818,8.273,5.455,1.182
Fraser McInnes,West Coast,22,22.45,7,6.071,52.857,53.429,0,0.0,0,0,87.857,5.0,7.0,12.0,76.19,68.571,81.633,41.667,2.286,0.0,119.857,9.988,1.143,10.5,2.143,5.6,4.571,7.286,11.857,38.554,0.429,2.857,1.286,0.0,0.0,0.0,4.571,0.714,0.857,0.286,0.714,1.0,0.857,0.143,2.571,2.368,0.857,33.333,0.143,16.667,1.429,0.571,0.143,0.0,2.714,31.579,6,0.857,0.571,1.429,0.429,60.0,4.714,15.566,0.143,0.0,1.286,7.571,2.0,1.0
Trent Dumont,North Melbourne,20,20.5,8,8.175,45.875,45.5,0,0.0,0,0,44.0,5.375,4.375,9.75,64.103,51.163,80.0,55.128,1.875,0.5,156.0,16.0,1.0,9.75,2.125,4.588,6.375,3.625,10.0,63.75,1.125,4.625,0.375,0.75,2.0,2.75,1.0,0.0,0.25,0.0,0.25,0.625,0.25,0.375,0.0,0.0,0.125,,0.0,0.0,4.0,0.625,0.0,,0.0,,2,0.25,0.125,0.375,0.25,66.667,1.625,7.471,0.5,0.125,0.5,12.0,5.125,0.125
Clay Smith,Western Bulldogs,22,22.63,3,3.833,44.0,40.333,0,0.0,0,0,67.0,4.333,5.0,9.333,53.571,53.846,53.333,46.429,1.667,0.667,139.333,14.929,2.333,4.0,2.667,3.5,5.333,4.667,10.0,53.333,2.0,4.667,0.667,0.333,0.667,1.0,1.667,0.0,0.0,0.333,0.0,0.667,1.333,-0.667,0.0,0.0,0.333,,0.0,0.0,3.333,1.0,0.333,0.0,0.333,0.0,1,0.333,0.0,0.333,0.0,100.0,0.667,2.532,0.0,0.333,1.333,15.333,3.667,1.333
Robert Warnock,Carlton,28,28.94,2,9.55,73.5,54.0,0,0.0,0,0,71.5,4.0,5.0,9.0,77.778,75.0,80.0,44.444,3.0,1.0,122.5,13.611,3.5,2.571,2.0,4.5,6.0,4.0,10.0,60.0,1.5,3.5,0.0,1.5,1.5,3.0,0.5,0.0,0.0,0.0,0.0,2.5,2.0,0.5,58.5,65.73,28.0,47.863,10.5,37.5,1.5,0.0,0.0,,0.5,0.0,0,0.0,0.0,0.0,0.0,,3.5,21.212,2.0,0.0,2.5,9.0,4.5,1.5
Mark Whiley,Carlton,23,23.08,8,3.763,50.125,51.5,0,0.0,0,0,69.875,5.75,6.125,11.875,65.263,52.174,77.551,48.421,1.25,0.875,105.125,8.853,3.125,3.8,2.375,5.0,5.625,6.625,12.25,45.918,0.875,3.75,0.5,1.25,2.0,3.25,2.125,0.0,0.125,0.125,0.25,0.625,1.625,-1.0,0.125,0.123,2.375,100.0,1.125,47.368,4.125,0.75,0.125,100.0,0.125,0.0,1,0.125,0.25,0.5,0.25,25.0,3.125,17.007,0.75,0.125,0.375,14.75,7.875,0.125
Shane Kersten,Geelong,22,22.79,11,5.655,47.364,44.182,0,0.0,0,0,75.0,4.273,3.636,7.909,73.563,72.34,75.0,54.023,1.727,0.273,130.273,16.471,1.0,7.909,1.273,6.214,3.091,5.0,8.091,38.202,0.364,2.182,0.727,0.091,0.182,0.273,3.364,0.455,1.182,0.091,1.0,0.364,0.727,-0.364,0.091,0.093,0.091,100.0,0.0,0.0,2.545,1.0,0.0,,2.455,14.815,9,0.818,0.636,1.636,0.818,50.0,3.727,15.589,0.273,0.091,0.727,9.455,2.0,0.273
Ty Vickery,Richmond,25,25.58,15,10.113,77.867,66.0,9,0.643,1,4,85.2,7.2,3.333,10.533,67.722,67.0,71.111,68.354,2.067,0.133,197.067,18.709,2.0,5.267,2.867,3.674,4.667,6.067,10.733,43.478,1.2,2.643,0.714,0.333,0.467,0.8,4.867,1.333,2.4,0.286,0.929,0.933,0.867,0.067,13.429,14.189,5.667,40.426,2.214,40.789,1.533,0.6,0.143,100.0,3.071,27.907,31,2.067,0.6,2.867,0.6,72.093,5.133,22.254,0.929,0.0,2.133,7.071,2.357,1.643
Ben Lennon,Richmond,20,20.48,9,5.556,56.333,53.444,1,0.111,1,0,66.444,8.556,3.111,11.667,66.667,64.935,71.429,73.333,2.0,0.0,183.889,15.762,1.444,8.077,2.222,5.25,4.556,7.222,11.778,38.679,1.333,2.889,1.111,0.0,0.111,0.111,4.889,0.889,1.0,0.444,0.667,0.778,0.444,0.333,0.0,0.0,0.0,,0.0,,0.778,0.111,0.0,,2.667,41.667,6,0.667,0.333,1.556,0.667,42.857,4.111,16.972,0.222,0.0,1.333,6.889,3.111,1.111
Corey Ellis,Richmond,19,19.22,6,3.9,35.833,34.0,0,0.0,0,0,56.0,3.333,4.667,8.0,72.917,55.0,85.714,41.667,1.0,0.333,84.167,10.521,1.167,6.857,1.333,6.0,3.167,4.833,8.0,39.583,1.167,2.333,0.0,0.5,0.5,1.0,1.833,0.167,0.667,0.333,0.167,0.333,0.333,0.0,0.0,0.0,0.0,,0.0,,1.667,0.0,0.0,,0.167,0.0,3,0.5,0.167,1.0,0.5,50.0,2.333,10.687,0.833,0.0,0.0,11.0,5.5,0.0
Fletcher Roberts,Western Bulldogs,22,22.57,12,5.742,51.0,39.167,0,0.0,0,0,92.0,4.583,5.083,9.667,87.931,90.909,85.246,47.414,0.583,1.167,79.917,8.267,1.333,7.25,2.333,4.143,4.0,5.5,9.5,42.105,4.917,2.75,0.167,0.0,0.0,0.0,3.417,0.917,0.167,1.5,0.167,0.333,0.583,-0.25,0.0,0.0,0.0,,0.0,,1.583,0.0,3.583,37.209,0.167,50.0,0,0.0,0.083,0.167,0.0,0.0,1.667,6.969,0.667,0.0,5.0,6.417,5.167,4.25
Henry Schade,Gold Coast,22,22.22,15,7.073,51.667,39.8,0,0.0,0,0,92.0,5.667,4.733,10.4,78.205,72.941,84.507,54.487,1.067,2.467,155.0,14.904,1.467,7.091,1.933,5.379,4.467,5.667,10.133,44.079,4.733,3.6,0.067,0.0,0.267,0.267,2.667,0.267,0.0,0.667,0.0,0.533,0.6,-0.067,0.0,0.0,0.133,,0.0,0.0,1.6,0.2,2.267,41.176,0.0,,0,0.0,0.067,0.067,0.0,0.0,1.533,7.492,0.733,0.0,4.8,9.067,6.267,4.4
Jesse Lonergan,Gold Coast,21,21.12,18,6.372,64.0,62.5,0,0.0,0,0,79.5,8.278,6.556,14.833,64.794,61.074,69.492,55.805,1.944,1.444,200.056,13.487,3.056,4.855,3.5,4.238,7.333,7.444,14.778,49.624,2.833,5.444,0.611,1.056,1.556,2.611,3.0,0.556,0.167,0.5,0.278,1.0,1.278,-0.278,0.167,0.173,0.222,100.0,0.0,0.0,4.444,0.389,0.611,27.273,0.222,100.0,1,0.056,0.056,0.167,0.5,33.333,2.0,10.028,0.722,0.222,1.056,14.222,7.722,0.722
Joshua Glenn,Gold Coast,21,21.8,5,7.18,52.0,50.4,0,0.0,0,0,73.8,6.2,4.8,11.0,78.182,64.516,95.833,56.364,1.2,0.6,163.2,14.836,0.4,27.5,1.0,11.0,3.4,7.4,10.8,31.481,1.4,2.6,0.0,0.6,0.6,1.2,2.4,0.0,0.0,0.0,0.0,0.6,0.2,0.4,0.0,0.0,0.0,,0.0,,3.4,0.8,0.2,0.0,0.6,0.0,1,0.2,0.2,0.4,0.4,50.0,3.8,16.814,0.6,0.0,0.2,13.0,5.4,0.0
Ryan Schoenmakers,Hawthorn,25,25.14,16,8.819,68.125,60.438,0,0.0,0,0,86.812,7.75,4.75,12.5,71.0,71.774,69.737,62.0,1.875,0.688,191.938,15.355,1.938,6.452,2.125,5.882,5.75,6.938,12.688,45.32,2.188,3.812,1.125,0.125,0.375,0.5,4.312,0.75,0.812,0.438,0.625,0.75,0.812,-0.062,1.375,1.378,0.25,18.182,0.062,25.0,2.562,1.125,0.562,22.222,2.938,23.404,15,0.938,0.312,1.5,0.562,62.5,4.75,17.04,0.625,0.062,3.0,11.125,3.312,2.25
Aaron Black,North Melbourne,25,25.08,3,5.567,42.0,35.667,0,0.0,0,0,88.0,4.667,4.0,8.667,73.077,78.571,66.667,53.846,0.667,0.0,123.333,14.231,1.0,8.667,2.667,3.25,3.333,5.667,9.0,37.037,1.667,2.667,1.0,0.0,0.0,0.0,2.333,0.333,0.667,0.0,0.0,0.333,0.667,-0.333,2.333,2.509,0.667,28.571,0.0,0.0,1.333,0.667,0.0,,2.0,16.667,1,0.333,0.333,1.0,0.0,33.333,2.333,11.667,0.667,0.0,1.667,8.333,4.0,1.667
Callum Sinclair,West Coast,26,26.27,20,7.74,73.15,71.3,3,0.176,1,0,77.5,6.7,5.55,12.25,71.02,66.418,76.577,54.694,2.2,0.5,164.75,13.449,2.2,5.568,2.35,5.213,6.15,6.2,12.35,49.798,1.45,2.8,0.85,0.25,1.4,1.65,4.15,1.45,1.1,0.5,0.4,1.55,1.05,0.5,43.6,42.599,18.45,42.317,4.65,25.203,1.6,0.3,0.2,0.0,2.3,30.435,13,0.65,0.5,1.45,0.45,44.828,5.0,17.065,1.8,0.0,2.75,7.4,2.2,2.2
Jack Grimes,Melbourne,26,26.63,12,8.325,76.75,78.0,0,0.0,0,0,80.667,11.083,8.75,19.833,81.513,75.94,88.571,55.882,1.833,3.417,304.75,15.366,1.917,10.348,3.5,5.667,4.5,15.417,19.917,22.594,4.333,3.167,0.167,0.0,0.75,0.75,5.833,0.333,0.167,1.0,0.417,0.833,0.833,0.0,0.0,0.0,0.0,,0.0,,2.417,0.083,0.917,18.182,0.167,50.0,3,0.25,0.25,0.583,0.25,42.857,4.0,19.917,1.083,0.333,1.583,8.75,6.0,1.333
Jordie McKenzie,Melbourne,25,25.52,1,2.0,14.0,22.0,0,0.0,0,0,42.0,3.0,6.0,9.0,77.778,33.333,100.0,33.333,2.0,0.0,149.0,16.556,1.0,9.0,1.0,9.0,1.0,8.0,9.0,11.111,1.0,1.0,0.0,0.0,0.0,0.0,0.0,0.0,0.0,0.0,0.0,0.0,0.0,0.0,0.0,0.0,0.0,,0.0,,0.0,0.0,0.0,,0.0,,0,0.0,1.0,1.0,0.0,0.0,3.0,15.0,0.0,0.0,1.0,5.0,3.0,1.0
Cameron Pedersen,Melbourne,28,28.78,7,8.814,70.714,66.0,1,0.143,1,0,82.0,6.571,6.0,12.571,72.727,63.043,83.333,52.273,2.0,0.571,203.429,16.182,1.857,6.769,3.143,4.0,5.571,7.0,12.571,44.318,1.714,2.857,0.714,0.143,1.143,1.286,5.286,1.429,1.286,1.0,0.857,1.0,0.714,0.286,12.714,12.327,3.286,25.843,0.571,17.391,2.571,0.429,0.143,0.0,2.429,35.294,6,0.857,0.857,2.0,0.429,42.857,4.286,22.222,0.286,0.0,1.857,10.143,2.429,1.857
Tom Hickey,St Kilda,24,24.81,11,9.709,69.545,55.818,0,0.0,0,0,80.182,5.091,5.545,10.636,69.231,55.357,81.967,47.863,1.455,0.455,115.364,10.846,2.455,4.333,2.273,4.68,7.364,3.909,11.273,65.323,2.273,4.273,1.364,0.0,1.0,1.0,3.364,1.818,0.818,0.909,0.455,1.091,1.455,-0.364,27.545,30.73,9.091,33.003,2.909,32.0,2.273,0.545,0.0,,1.727,36.842,7,0.636,0.636,1.364,0.364,46.667,4.909,21.774,1.455,0.0,2.273,8.455,2.364,1.818
Daniel McKenzie,St Kilda,19,19.62,7,6.5,47.286,40.714,0,0.0,0,0,69.286,3.571,7.286,10.857,78.947,72.0,82.353,32.895,1.286,1.571,104.714,9.645,2.286,4.75,2.0,5.429,5.429,6.143,11.571,46.914,3.143,3.857,0.143,0.0,0.714,0.714,2.143,0.429,0.0,0.714,0.143,0.571,1.0,-0.429,0.0,0.0,0.0,,0.0,,2.857,0.143,0.286,0.0,0.0,,0,0.0,0.0,0.143,0.143,0.0,1.714,7.692,0.571,0.857,1.429,12.286,5.857,0.857
Tony Armstrong,Collingwood,26,26.25,1,10.4,55.0,60.0,0,0.0,0,0,78.0,12.0,4.0,16.0,87.5,83.333,100.0,75.0,3.0,3.0,255.0,15.938,2.0,8.0,2.0,8.0,1.0,15.0,16.0,6.25,2.0,1.0,0.0,0.0,0.0,0.0,6.0,0.0,0.0,1.0,0.0,1.0,1.0,0.0,0.0,0.0,0.0,,0.0,,0.0,0.0,1.0,0.0,0.0,,0,0.0,0.0,0.0,0.0,,3.0,15.789,0.0,0.0,1.0,6.0,2.0,1.0
Josh Cowan,Geelong,24,24.79,2,6.1,36.0,31.0,0,0.0,0,0,41.5,4.0,5.0,9.0,83.333,75.0,90.0,44.444,1.5,0.5,129.0,14.333,1.0,9.0,1.0,9.0,3.0,6.0,9.0,33.333,1.5,2.5,0.0,0.0,0.0,0.0,1.5,0.0,0.0,0.5,0.0,0.5,0.5,0.0,0.0,0.0,0.0,,0.0,,0.5,0.0,0.5,100.0,0.0,,1,0.5,0.5,1.0,0.0,50.0,3.0,10.169,1.0,0.0,0.0,3.0,2.5,0.0
Lachlan Hansen,North Melbourne,27,27.37,16,5.681,67.812,61.375,8,0.615,2,0,84.75,7.938,6.562,14.5,84.914,81.89,88.571,54.741,0.812,1.75,144.125,9.94,1.438,10.087,1.875,7.733,4.062,10.562,14.625,27.778,5.062,2.25,0.062,0.0,0.062,0.062,6.75,1.312,0.0,2.562,0.062,0.375,0.75,-0.375,0.062,0.063,0.0,0.0,0.0,,1.5,0.0,1.438,30.435,0.375,16.667,0,0.0,0.062,0.062,0.062,0.0,2.188,8.997,0.875,0.125,3.25,4.438,3.5,3.0
Adam Kennedy,Greater Western Sydney,23,23.46,7,6.586,60.286,57.143,2,0.286,1,0,78.857,8.0,7.0,15.0,86.667,76.786,97.959,53.333,1.571,2.857,213.286,14.219,0.857,17.5,2.429,6.176,2.714,11.857,14.571,18.627,4.143,1.714,0.143,0.143,0.286,0.429,5.0,0.286,0.0,1.286,0.143,0.571,0.0,0.571,0.0,0.0,0.143,,0.143,100.0,0.857,0.0,1.0,14.286,0.143,0.0,0,0.0,0.0,0.0,0.286,,3.143,12.088,0.571,0.857,1.286,5.286,3.286,1.143
Matt Buntine,Greater Western Sydney,22,22.19,11,8.036,61.727,51.636,0,0.0,0,0,78.545,7.727,3.545,11.273,83.871,81.176,89.744,68.548,1.455,2.727,196.091,17.395,0.909,12.4,1.273,8.857,3.273,8.182,11.455,28.571,3.545,2.455,0.182,0.091,0.273,0.364,4.273,0.545,0.182,1.182,0.0,0.273,0.364,-0.091,0.0,0.0,0.0,,0.0,,2.182,0.091,1.909,38.095,0.0,,1,0.091,0.091,0.273,0.273,33.333,2.727,11.152,1.182,0.091,4.0,7.0,5.455,3.636
Andrew Raines,Gold Coast,29,29.81,6,1.65,43.667,46.333,1,0.167,1,0,82.333,6.667,6.0,12.667,63.158,62.5,63.889,52.632,2.5,0.667,170.0,13.421,3.667,3.455,2.667,4.75,4.833,8.167,13.0,37.179,2.833,3.667,0.333,0.167,0.833,1.0,1.833,0.167,0.0,0.167,0.0,0.833,2.0,-1.167,0.0,0.0,0.0,,0.0,,3.0,0.667,0.167,0.0,0.333,0.0,2,0.333,0.0,0.333,0.0,100.0,1.667,9.524,0.833,0.0,0.167,11.333,6.5,0.167
Luke Russell,Gold Coast,23,23.93,14,5.107,49.286,54.714,0,0.0,0,0,76.143,7.5,5.571,13.071,69.399,57.143,85.897,57.377,2.214,1.143,199.5,15.262,1.5,8.714,2.429,5.382,3.357,8.857,12.214,27.485,1.643,2.714,0.429,0.071,1.286,1.357,3.0,0.0,0.286,0.0,0.214,0.357,0.357,0.0,0.0,0.0,0.071,,0.0,0.0,2.429,0.214,0.214,33.333,0.357,0.0,6,0.429,0.429,0.929,0.214,46.154,2.857,14.235,0.286,0.714,0.429,14.071,6.214,0.357
Clay Cameron,Gold Coast,21,21.59,6,3.633,31.5,24.167,0,0.0,0,0,66.0,3.167,1.5,4.667,82.143,84.211,77.778,67.857,0.0,1.5,48.833,10.464,0.833,5.6,0.5,9.333,2.5,3.167,5.667,44.118,2.5,1.333,0.0,0.0,0.167,0.167,1.833,0.167,0.0,0.167,0.167,1.0,0.5,0.5,0.0,0.0,0.0,,0.0,,1.667,0.0,1.667,40.0,0.0,,0,0.0,0.0,0.0,0.0,,0.0,0.0,0.0,0.0,3.667,10.667,9.833,2.333
Jake Spencer,Melbourne,26,26.22,7,8.871,72.429,66.143,0,0.0,0,0,82.0,2.857,4.714,7.571,79.245,65.0,87.879,37.736,1.0,0.286,50.143,6.623,2.429,3.118,1.0,7.571,4.714,2.857,7.571,62.264,1.143,2.286,0.143,1.143,1.0,2.143,1.286,0.571,0.429,0.429,0.0,1.714,1.571,0.143,67.571,61.83,24.714,36.575,6.857,27.746,5.0,0.286,1.0,0.0,1.714,25.0,3,0.429,0.0,0.429,0.143,100.0,2.429,13.71,1.429,0.0,3.429,11.571,6.286,2.429
Billy Stretch,Melbourne,19,19.31,11,4.418,46.727,47.545,0,0.0,0,0,80.091,5.727,4.636,10.364,78.947,69.841,90.196,55.263,1.091,0.636,140.0,13.509,1.091,9.5,1.364,7.6,2.636,7.818,10.455,25.217,1.091,1.636,0.273,0.182,0.636,0.818,2.364,0.0,0.273,0.091,0.091,0.455,0.636,-0.182,0.0,0.0,0.0,,0.0,,3.545,0.364,0.182,50.0,0.091,0.0,2,0.182,0.182,0.364,0.364,50.0,2.0,10.28,0.273,0.0,0.636,10.091,5.818,0.455
Jackson Merrett,Essendon,22,22.84,15,6.807,55.067,59.267,0,0.0,0,0,76.267,7.6,5.0,12.6,73.016,65.789,84.0,60.317,1.733,0.6,162.4,12.889,1.6,7.875,2.333,5.4,4.333,8.333,12.667,34.211,1.533,3.533,0.8,0.2,0.8,1.0,3.933,0.133,0.533,0.2,0.467,0.333,0.533,-0.2,0.0,0.0,0.2,,0.133,66.667,3.067,0.733,0.2,33.333,0.6,22.222,8,0.533,0.267,1.067,0.6,50.0,3.733,17.949,0.8,0.067,0.667,10.733,3.8,0.333
Nick Graham,Carlton,21,21.55,6,9.95,80.333,72.5,0,0.0,0,0,67.5,8.5,8.833,17.333,75.0,68.627,81.132,49.038,3.667,0.667,182.333,10.519,1.667,10.4,2.333,7.429,8.0,9.333,17.333,46.154,2.333,4.5,1.0,1.5,2.5,4.0,2.5,0.0,0.167,0.333,0.333,2.333,1.0,1.333,0.0,0.0,0.0,,0.0,,4.833,1.167,0.0,,0.167,0.0,3,0.5,0.167,0.667,0.167,75.0,4.5,20.301,1.5,0.167,0.667,14.5,5.333,0.167
Shaun McKernan,Essendon,25,25.33,9,11.122,83.667,82.111,15,1.667,2,0,83.556,9.556,8.778,18.333,63.636,51.163,77.215,52.121,3.0,0.667,213.111,11.624,4.667,3.929,5.0,3.667,9.0,9.667,18.667,48.214,1.556,6.0,1.0,1.444,2.556,4.0,3.778,1.111,0.333,0.556,0.333,0.778,3.222,-2.444,69.0,73.841,22.889,33.172,5.778,25.243,1.556,0.444,1.444,23.077,0.889,37.5,6,0.667,0.333,1.0,0.667,66.667,4.778,22.632,1.889,0.0,2.667,7.556,3.889,2.333
David Hale,Hawthorn,31,31.6,18,6.833,62.722,56.056,5,0.357,1,0,71.278,3.667,5.389,9.056,76.074,65.152,83.505,40.491,0.833,0.5,67.111,7.411,1.833,4.939,1.167,7.762,5.167,4.056,9.222,56.024,0.722,2.778,1.056,0.5,1.556,2.056,2.278,0.556,0.722,0.056,0.167,1.278,1.278,0.0,40.5,41.562,15.833,39.095,4.167,26.316,2.389,0.444,0.278,20.0,1.889,14.706,13,0.722,0.278,1.222,0.389,59.091,4.0,14.458,1.222,0.056,1.611,8.556,3.222,1.222
Jonathan Simpkin,Hawthorn,28,28.17,1,3.4,26.0,31.0,0,0.0,0,0,28.0,3.0,4.0,7.0,85.714,66.667,100.0,42.857,1.0,1.0,55.0,7.857,0.0,,1.0,7.0,3.0,5.0,8.0,37.5,2.0,2.0,0.0,0.0,0.0,0.0,2.0,0.0,0.0,0.0,0.0,0.0,0.0,0.0,0.0,0.0,0.0,,0.0,,2.0,0.0,0.0,,0.0,,0,0.0,0.0,0.0,0.0,,1.0,2.857,0.0,0.0,1.0,6.0,2.0,0.0
Angus Dewar,Hawthorn,23,23.21,6,5.683,42.833,42.167,0,0.0,0,0,68.5,6.333,4.333,10.667,84.375,84.211,84.615,59.375,1.833,1.333,176.833,16.578,1.333,8.0,1.667,6.4,3.0,7.5,10.5,28.571,4.167,2.5,0.0,0.0,0.333,0.333,3.667,0.0,0.167,1.0,0.0,0.167,0.333,-0.167,0.0,0.0,0.0,,0.0,,0.833,0.0,0.667,25.0,0.0,,1,0.167,0.0,0.167,0.167,100.0,3.0,9.626,0.667,1.167,2.167,7.333,5.833,1.333
Rohan Bail,Melbourne,27,27.51,6,0.833,38.333,45.5,0,0.0,0,0,86.5,6.0,5.0,11.0,68.182,55.556,83.333,54.545,1.5,0.333,135.833,12.348,2.5,4.4,3.5,3.143,3.667,7.333,11.0,33.333,1.667,3.0,0.833,0.0,0.5,0.5,3.0,0.0,0.333,0.333,0.333,0.5,1.167,-0.667,0.0,0.0,0.0,,0.0,,2.5,0.667,0.333,0.0,0.333,0.0,1,0.167,0.5,0.833,0.333,20.0,2.833,15.455,0.167,0.0,0.333,11.0,4.5,0.333
Matt Jones,Melbourne,28,28.2,9,6.089,46.556,46.556,0,0.0,0,0,77.222,5.333,5.0,10.333,75.269,58.333,93.333,51.613,1.444,0.889,149.222,14.441,1.556,6.643,2.333,4.429,4.222,6.111,10.333,40.86,1.222,3.333,0.667,0.0,0.778,0.778,2.778,0.0,0.222,0.111,0.111,0.556,0.778,-0.222,0.0,0.0,0.0,,0.0,,2.778,0.778,0.111,0.0,0.778,14.286,4,0.444,0.222,0.889,0.111,50.0,2.222,12.048,0.444,0.667,0.667,13.778,5.0,0.222
Matthew Watson,Carlton,23,23.45,4,4.925,52.5,48.0,0,0.0,0,0,82.5,5.75,2.25,8.0,78.125,69.565,100.0,71.875,1.0,0.0,108.25,13.531,1.5,5.333,1.75,4.571,3.75,4.0,7.75,48.387,1.0,1.75,0.25,0.0,0.0,0.0,4.5,1.5,1.5,0.25,1.0,0.25,0.75,-0.5,0.25,0.261,0.25,100.0,0.25,100.0,2.0,0.5,0.0,,2.0,37.5,4,1.0,0.5,1.75,0.0,57.143,3.25,20.968,0.0,0.0,1.5,6.5,4.0,0.75
Sam Blease,Geelong,24,24.86,1,3.5,19.0,24.0,0,0.0,0,0,33.0,4.0,3.0,7.0,71.429,75.0,66.667,57.143,2.0,0.0,159.0,22.714,1.0,7.0,1.0,7.0,2.0,5.0,7.0,28.571,0.0,2.0,1.0,0.0,0.0,0.0,2.0,0.0,0.0,0.0,1.0,0.0,0.0,0.0,0.0,0.0,0.0,,0.0,,0.0,0.0,0.0,,0.0,,0,0.0,0.0,0.0,0.0,,0.0,0.0,0.0,0.0,0.0,7.0,3.0,0.0
Danny Stanley,Gold Coast,27,27.86,8,5.612,55.5,57.75,0,0.0,0,0,66.625,9.625,5.75,15.375,64.228,58.442,73.913,62.602,2.5,1.75,245.875,15.992,2.125,7.235,3.75,4.1,5.625,9.375,15.0,37.5,2.5,3.875,0.375,0.375,1.125,1.5,2.5,0.375,0.125,0.5,0.25,0.75,0.875,-0.125,0.0,0.0,0.0,,0.0,,2.625,0.5,0.0,,0.25,0.0,1,0.125,0.5,0.625,0.125,20.0,2.0,12.308,0.25,0.125,0.75,10.375,4.25,0.5
Jack Leslie,Gold Coast,20,20.67,3,8.033,47.0,29.0,0,0.0,0,0,92.667,3.0,6.0,9.0,81.481,66.667,88.889,33.333,0.333,2.333,61.0,6.778,1.0,9.0,1.0,9.0,2.667,6.667,9.333,28.571,3.0,2.0,0.0,0.0,0.0,0.0,2.333,0.0,0.0,0.333,0.0,0.333,0.667,-0.333,0.0,0.0,0.0,,0.0,,0.667,0.0,3.0,33.333,0.0,,0,0.0,0.0,0.0,0.0,,0.333,2.381,0.0,0.0,9.0,10.0,9.0,8.333
Mark Hutchings,West Coast,24,24.6,13,8.915,75.385,72.077,0,0.0,0,0,70.769,8.385,9.308,17.692,70.0,57.798,80.992,47.391,2.538,0.615,186.154,10.522,2.077,8.519,2.769,6.389,8.769,9.308,18.077,48.511,2.077,5.462,1.154,0.846,2.308,3.154,2.769,0.308,0.538,0.308,0.077,0.923,0.615,0.308,0.0,0.0,0.077,,0.077,100.0,4.385,0.538,0.077,0.0,0.538,0.0,7,0.538,0.077,0.923,0.462,58.333,5.308,18.598,1.231,0.077,1.0,15.154,6.0,0.385
Todd Elton,Richmond,22,22.67,1,3.1,27.0,16.0,0,0.0,0,0,95.0,2.0,3.0,5.0,100.0,100.0,100.0,40.0,0.0,3.0,97.0,19.4,3.0,1.667,1.0,5.0,1.0,4.0,5.0,20.0,1.0,0.0,0.0,0.0,0.0,0.0,2.0,1.0,0.0,1.0,0.0,0.0,2.0,-2.0,0.0,0.0,0.0,,0.0,,1.0,0.0,2.0,50.0,0.0,,0,0.0,0.0,0.0,0.0,,1.0,4.0,0.0,0.0,3.0,3.0,3.0,3.0
Connor Menadue,Richmond,19,19.28,5,3.12,28.8,29.4,0,0.0,0,0,42.8,3.2,2.6,5.8,68.966,62.5,76.923,55.172,0.8,0.0,78.8,13.586,0.2,29.0,1.0,5.8,2.4,3.4,5.8,41.379,0.6,1.8,0.4,0.2,0.4,0.6,1.4,0.0,0.0,0.0,0.0,0.8,0.0,0.8,0.0,0.0,0.0,,0.0,,2.0,0.2,0.2,0.0,0.4,100.0,1,0.2,0.4,0.6,0.0,33.333,1.4,6.364,0.6,0.0,0.6,7.8,4.2,0.4
Cameron O'Shea,Port Adelaide,23,23.8,10,3.26,56.6,58.8,0,0.0,0,0,83.8,9.8,4.2,14.0,80.714,76.531,90.476,70.0,2.1,2.6,240.5,17.179,2.4,5.833,2.4,5.833,2.9,11.0,13.9,20.863,3.6,2.5,0.0,0.1,0.1,0.2,4.4,0.0,0.1,0.9,0.0,0.3,1.0,-0.7,0.0,0.0,0.0,,0.0,,2.6,0.1,1.3,30.769,0.1,0.0,0,0.0,0.1,0.2,0.1,0.0,3.2,11.94,0.8,0.1,2.3,9.2,6.0,1.5
Sam Kerridge,Adelaide,22,22.68,1,3.0,22.0,19.0,0,0.0,0,0,42.0,2.0,6.0,8.0,62.5,0.0,83.333,25.0,0.0,0.0,104.0,13.0,3.0,2.667,2.0,4.0,4.0,5.0,9.0,44.444,1.0,4.0,0.0,0.0,2.0,2.0,0.0,0.0,0.0,0.0,0.0,0.0,1.0,-1.0,0.0,0.0,0.0,,0.0,,1.0,0.0,0.0,,0.0,,0,0.0,0.0,0.0,0.0,,2.0,8.333,0.0,0.0,0.0,7.0,4.0,0.0
Liam Dawson,Brisbane,19,19.93,10,4.79,45.4,46.4,0,0.0,0,0,71.3,7.6,3.7,11.3,83.186,81.579,86.486,67.257,1.0,1.4,173.4,15.345,1.0,11.3,1.8,6.278,2.1,9.2,11.3,18.584,2.7,1.5,0.0,0.1,0.0,0.1,4.4,0.2,0.2,1.0,0.5,0.5,0.5,0.0,0.0,0.0,0.0,,0.0,,0.8,0.0,0.5,40.0,0.5,0.0,1,0.1,0.2,0.4,0.2,25.0,2.7,12.676,0.6,0.1,1.3,5.9,4.0,1.3
Jack Fitzpatrick,Melbourne,24,24.51,3,6.833,54.333,43.0,0,0.0,0,0,86.0,6.333,3.0,9.333,92.857,89.474,100.0,67.857,0.333,0.667,84.667,9.071,1.667,5.6,1.333,7.0,2.667,6.0,8.667,30.769,4.0,1.333,0.0,0.0,0.0,0.0,3.667,0.667,0.333,1.333,0.333,0.667,1.333,-0.667,5.667,5.312,2.333,41.176,1.0,42.857,1.0,0.333,2.333,14.286,1.0,66.667,2,0.667,0.0,0.667,0.0,100.0,2.333,11.29,0.667,0.0,3.667,2.0,1.0,3.333
Aidan Riley,Melbourne,24,24.04,4,4.4,31.0,31.5,0,0.0,0,0,47.25,2.75,6.25,9.0,83.333,72.727,88.0,30.556,1.75,0.25,37.5,4.167,1.25,7.2,1.25,7.2,4.75,4.5,9.25,51.351,0.75,3.0,0.5,0.25,1.5,1.75,2.75,0.5,0.0,0.0,0.5,0.5,1.0,-0.5,0.0,0.0,0.0,,0.0,,1.25,0.25,0.0,,0.75,33.333,0,0.0,0.0,0.0,0.5,,3.0,12.766,0.75,0.0,0.25,6.75,2.25,0.25
Shane Biggs,Western Bulldogs,24,24.4,10,7.88,73.5,73.1,5,0.556,2,0,74.6,14.1,5.6,19.7,80.711,75.887,92.857,71.574,2.7,3.4,365.5,18.553,2.4,8.208,3.8,5.184,3.5,15.6,19.1,18.325,2.9,2.9,0.1,0.1,0.6,0.7,3.4,0.1,0.0,0.3,0.0,0.4,0.4,0.0,1.1,1.121,0.0,0.0,0.0,,2.1,0.0,1.0,40.0,0.0,,3,0.3,0.0,0.3,0.1,100.0,4.1,14.437,1.0,0.2,2.0,10.1,7.2,1.7
Sam Gray,Port Adelaide,23,23.91,10,12.7,89.1,77.1,20,2.0,4,5,82.5,10.5,11.5,22.0,71.364,52.381,88.696,47.727,3.8,0.8,265.4,12.064,1.5,14.667,3.6,6.111,9.7,12.6,22.3,43.498,3.3,7.3,1.4,1.0,2.9,3.9,2.4,0.3,0.3,0.5,0.3,1.1,0.5,0.6,0.0,0.0,0.0,,0.0,,3.3,0.7,0.2,50.0,0.7,14.286,4,0.4,0.2,1.1,0.5,36.364,5.3,21.901,1.3,0.2,1.4,16.1,5.0,0.4
Daniel Robinson,Sydney,21,21.49,4,5.15,44.5,47.0,0,0.0,0,0,46.75,5.5,4.0,9.5,73.684,63.636,87.5,57.895,2.0,0.25,155.0,16.316,1.0,9.5,1.25,7.6,4.0,5.5,9.5,42.105,1.5,2.75,0.5,0.25,0.75,1.0,2.5,0.0,0.5,0.0,0.25,1.0,0.25,0.75,0.0,0.0,0.5,,0.0,0.0,2.75,0.25,0.0,,0.75,33.333,2,0.5,0.25,0.75,0.25,66.667,3.0,12.5,1.0,0.0,0.0,8.75,4.5,0.0
Brandon Jack,Sydney,21,21.6,10,6.11,47.2,53.8,0,0.0,0,0,67.6,6.6,6.0,12.6,69.841,57.576,83.333,52.381,2.7,0.5,196.1,15.563,2.5,5.04,2.8,4.5,4.0,8.8,12.8,31.25,0.8,3.4,1.2,0.5,0.6,1.1,2.6,0.2,0.4,0.2,0.3,0.4,0.9,-0.5,0.0,0.0,0.0,,0.0,,3.1,0.9,0.0,,0.5,0.0,6,0.6,0.5,1.5,0.7,40.0,5.0,19.084,0.9,0.0,0.1,12.2,4.5,0.0
Keegan Brooksby,Gold Coast,25,25.67,3,3.267,51.0,59.0,0,0.0,0,0,78.667,4.333,3.0,7.333,59.091,53.846,66.667,59.091,0.667,1.0,78.667,10.727,1.667,4.4,1.0,7.333,2.333,4.667,7.0,33.333,1.333,1.0,0.333,0.333,0.0,0.333,3.333,0.333,1.0,0.0,0.0,1.0,0.667,0.333,20.333,20.266,10.0,49.18,2.333,23.333,3.667,0.667,0.667,0.0,1.333,0.0,3,1.0,0.333,1.333,0.0,75.0,2.0,10.714,0.333,0.0,3.0,12.667,7.333,2.667
Andrew Boston,Gold Coast,21,21.77,8,6.162,54.125,53.75,0,0.0,0,0,71.875,9.375,2.75,12.125,63.918,57.333,86.364,77.32,2.5,1.0,234.5,19.34,2.0,6.062,2.375,5.105,5.75,6.125,11.875,48.421,1.125,4.0,0.875,0.625,1.375,2.0,2.875,0.25,0.375,0.125,0.375,1.375,0.75,0.625,0.0,0.0,0.0,,0.0,,2.375,0.75,0.375,33.333,0.5,25.0,3,0.375,0.625,1.375,0.25,27.273,3.375,17.089,0.5,0.0,0.375,10.375,4.0,0.25
Daniel Howe,Hawthorn,20,20.07,4,5.275,49.25,58.5,0,0.0,0,0,51.5,7.0,5.75,12.75,92.157,85.714,100.0,54.902,0.75,1.5,123.25,9.667,0.5,25.5,0.5,25.5,2.25,10.75,13.0,17.308,2.25,1.25,0.0,0.5,0.25,0.75,5.0,0.0,0.0,0.5,0.0,0.5,0.25,0.25,0.0,0.0,0.0,,0.0,,2.75,0.25,0.25,0.0,0.25,0.0,0,0.0,0.25,0.25,0.0,0.0,3.0,11.321,0.75,0.0,2.5,9.75,5.75,1.0
Paul Stewart,Port Adelaide,28,28.47,6,4.95,51.333,49.833,0,0.0,0,0,77.667,6.667,4.833,11.5,81.159,80.0,82.759,57.971,1.667,0.667,144.333,12.551,0.833,13.8,2.0,5.75,2.833,8.333,11.167,25.373,1.167,2.667,0.667,0.0,0.5,0.5,3.5,0.167,0.333,0.667,0.167,0.0,0.333,-0.333,0.167,0.129,0.0,0.0,0.0,,2.167,0.333,0.5,33.333,0.667,25.0,2,0.333,0.0,0.5,0.667,66.667,3.167,14.394,0.667,0.167,1.167,8.5,3.5,0.833
Tom Clurey,Port Adelaide,21,21.77,8,6.45,49.75,43.125,0,0.0,0,0,90.75,5.875,3.25,9.125,84.932,80.851,92.308,64.384,0.375,1.75,113.375,12.425,0.75,12.167,0.625,14.6,2.625,6.5,9.125,28.767,3.375,1.625,0.0,0.0,0.375,0.375,4.125,0.75,0.0,1.375,0.0,0.25,0.375,-0.125,0.0,0.0,0.0,,0.0,,1.875,0.0,3.625,27.586,0.0,,0,0.0,0.0,0.0,0.0,,1.625,7.104,0.75,0.5,4.25,5.0,3.25,3.75
Brodie Martin,Adelaide,27,27.15,3,4.9,66.667,70.0,0,0.0,0,0,74.667,10.0,3.667,13.667,60.976,60.0,63.636,73.171,3.0,1.333,243.667,17.829,3.333,4.1,3.0,4.556,6.333,8.333,14.667,43.182,2.667,2.667,0.333,0.333,0.667,1.0,4.667,1.0,0.667,0.0,0.0,0.667,1.0,-0.333,0.0,0.0,0.333,,0.0,0.0,4.0,0.333,0.0,,1.0,66.667,2,0.667,0.667,2.0,0.333,33.333,4.667,17.949,1.0,0.0,2.0,11.667,4.0,1.0
Ryan Harwood,Brisbane,24,24.39,3,4.633,58.333,45.333,0,0.0,0,0,57.667,7.333,4.0,11.333,82.353,81.818,83.333,64.706,0.667,2.667,163.0,14.382,1.333,8.5,2.333,4.857,3.0,9.333,12.333,24.324,2.0,2.0,0.0,0.333,0.333,0.667,2.667,0.333,0.0,0.667,0.0,0.667,1.0,-0.333,0.0,0.0,0.0,,0.0,,2.333,0.0,0.667,0.0,0.0,,0,0.0,0.333,0.333,0.0,0.0,2.0,10.714,0.667,0.667,1.667,6.0,5.0,1.667
Brant Colledge,West Coast,21,21.18,1,3.8,17.0,31.0,0,0.0,0,0,23.0,4.0,2.0,6.0,83.333,75.0,100.0,66.667,2.0,0.0,65.0,10.833,1.0,6.0,1.0,6.0,2.0,4.0,6.0,33.333,0.0,1.0,0.0,0.0,0.0,0.0,1.0,0.0,0.0,0.0,0.0,0.0,0.0,0.0,0.0,0.0,0.0,,0.0,,3.0,1.0,0.0,,0.0,,0,0.0,0.0,0.0,1.0,,1.0,2.5,0.0,0.0,0.0,4.0,1.0,0.0
Matthew Kreuzer,Carlton,26,26.63,13,10.654,89.308,83.077,8,0.615,1,3,79.231,7.0,5.769,12.769,63.253,53.75,73.611,54.819,2.231,1.077,163.692,12.819,2.692,4.743,2.692,4.743,7.154,5.385,12.538,57.055,1.769,4.25,0.917,1.077,2.0,3.077,3.077,1.154,0.846,0.5,0.417,1.154,0.846,0.308,57.333,60.724,21.231,37.791,5.833,26.923,4.231,0.923,0.5,16.667,0.583,57.143,9,0.692,0.385,1.462,0.462,47.368,4.462,23.387,2.0,0.0,2.538,13.167,5.417,2.083
Elliott Kavanagh,Essendon,22,22.61,5,6.66,44.8,51.0,0,0.0,0,0,68.4,6.6,6.2,12.8,68.75,51.515,87.097,51.562,2.6,1.2,186.6,14.578,2.0,6.4,3.0,4.267,5.0,8.0,13.0,38.462,1.0,3.0,0.6,0.2,1.8,2.0,1.8,0.0,0.0,0.0,0.0,1.4,0.4,1.0,0.0,0.0,0.0,,0.0,,3.2,0.4,0.6,0.0,0.2,0.0,0,0.0,0.4,0.4,0.2,0.0,2.0,10.87,0.0,0.0,1.2,12.4,5.8,1.0
Michael Luxford,Geelong,20,20.85,2,3.1,12.5,17.0,0,0.0,0,0,39.5,1.5,2.5,4.0,75.0,33.333,100.0,37.5,1.0,0.0,81.0,20.25,1.0,4.0,1.0,4.0,2.0,2.5,4.5,44.444,0.5,1.5,0.0,0.5,0.0,0.5,0.5,0.0,0.0,0.0,0.0,0.0,0.0,0.0,0.0,0.0,0.0,,0.0,,1.5,0.5,0.0,,0.0,,0,0.0,0.0,0.0,0.0,,1.0,3.922,0.5,0.0,0.5,11.5,6.5,0.0
Toby McLean,Western Bulldogs,19,19.91,4,9.425,62.75,61.0,0,0.0,0,0,66.5,7.0,8.5,15.5,82.258,64.286,97.059,45.161,2.0,1.25,130.0,8.387,1.5,10.333,2.75,5.636,5.75,10.25,16.0,35.938,2.75,3.25,0.25,0.25,1.0,1.25,4.5,0.25,0.5,0.5,0.75,2.0,0.5,1.5,0.0,0.0,0.0,,0.0,,1.5,0.5,0.0,,0.75,0.0,2,0.5,0.0,1.25,0.25,40.0,4.25,19.101,0.5,0.5,0.5,10.25,3.25,0.25
Pearce Hanley,Brisbane,27,27.12,11,9.427,86.545,89.273,11,1.0,2,3,77.545,13.727,8.0,21.727,69.874,61.589,84.091,63.18,3.636,1.909,383.818,17.665,2.364,9.192,3.545,6.128,5.455,15.545,21.0,25.974,2.273,3.273,0.545,1.091,1.091,2.182,5.273,0.273,0.636,0.364,0.909,0.818,0.818,0.0,0.0,0.0,0.182,,0.091,50.0,3.0,0.364,0.182,0.0,0.364,50.0,9,0.818,0.818,1.636,0.818,50.0,5.636,27.074,1.545,1.636,1.091,10.909,5.636,0.636
Jordon Bourke,Brisbane,21,21.13,5,6.64,54.2,44.8,0,0.0,0,0,89.0,6.2,3.8,10.0,74.0,67.742,84.211,62.0,0.8,1.2,121.2,12.12,2.2,4.545,2.2,4.545,3.6,6.0,9.6,37.5,3.2,2.4,0.6,0.0,0.2,0.2,4.0,1.2,0.8,1.4,0.4,0.2,1.0,-0.8,9.2,7.667,1.4,15.217,0.4,28.571,1.4,0.0,1.4,28.571,1.4,14.286,2,0.4,0.0,0.8,0.4,50.0,2.0,12.195,0.6,0.0,3.6,5.2,2.4,3.6
Hugh Beasley,Brisbane,20,20.13,6,3.65,46.167,41.833,0,0.0,0,0,80.167,4.667,5.167,9.833,72.881,71.429,74.194,47.458,0.5,1.5,96.0,9.763,1.0,9.833,2.333,4.214,3.5,6.667,10.167,34.426,2.667,2.333,0.167,0.0,0.5,0.5,2.667,0.333,0.167,0.5,0.0,0.5,0.667,-0.167,0.0,0.0,0.0,,0.0,,2.667,0.167,0.833,0.0,0.333,0.0,0,0.0,0.333,0.333,0.167,0.0,1.833,11.224,0.167,0.0,1.667,9.0,6.5,1.167
Scott McMahon,North Melbourne,29,29.57,2,4.8,44.5,37.5,0,0.0,0,0,75.5,7.5,2.5,10.0,65.0,60.0,80.0,75.0,0.5,1.0,245.0,24.5,2.0,5.0,2.5,4.0,3.5,6.0,9.5,36.842,3.0,3.0,0.0,0.0,0.5,0.5,2.5,0.0,0.0,0.0,0.5,0.0,0.5,-0.5,0.0,0.0,0.0,,0.0,,1.0,0.0,1.0,100.0,0.0,,0,0.0,0.0,0.0,0.0,,1.0,4.444,0.5,0.0,1.5,8.5,5.0,1.0
Farren Ray,St Kilda,29,29.77,8,5.125,64.625,69.0,0,0.0,0,0,78.0,9.125,8.125,17.25,71.739,57.534,87.692,52.899,2.25,1.75,212.0,12.29,1.375,12.545,3.75,4.6,5.75,11.375,17.125,33.577,3.125,4.125,0.375,0.0,1.5,1.5,3.875,0.125,0.25,0.5,0.125,0.625,0.375,0.25,0.0,0.0,0.875,,0.375,42.857,3.25,0.5,0.0,,0.5,25.0,0,0.0,0.375,0.625,0.0,0.0,2.5,11.05,0.5,0.0,1.0,16.25,7.875,0.25
Sebastian Ross,St Kilda,22,22.65,10,7.08,67.8,71.2,1,0.1,1,0,72.3,9.3,8.9,18.2,71.429,56.989,86.517,51.099,2.6,1.1,228.0,12.527,2.4,7.583,2.5,7.28,6.7,11.7,18.4,36.413,1.4,4.5,0.7,0.8,2.4,3.2,2.6,0.1,0.2,0.1,0.5,0.8,0.6,0.2,0.0,0.0,1.0,,0.3,30.0,4.2,0.5,0.2,50.0,0.0,,1,0.1,0.3,0.5,0.2,20.0,4.5,20.179,1.1,0.2,1.1,13.7,5.1,0.4
Ben Kennedy,Collingwood,21,21.82,5,3.64,34.8,43.2,0,0.0,0,0,59.0,6.4,4.6,11.0,61.818,50.0,78.261,58.182,1.8,0.0,160.6,14.6,3.2,3.438,3.0,3.667,4.0,6.8,10.8,37.037,1.4,2.8,0.6,0.8,0.4,1.2,1.8,0.0,0.2,0.2,0.0,0.8,1.0,-0.2,0.0,0.0,0.0,,0.0,,2.2,0.8,0.0,,0.6,0.0,2,0.4,0.4,1.4,0.8,28.571,3.0,12.712,0.4,0.0,0.2,10.2,2.4,0.0
Sam Colquhoun,Port Adelaide,21,21.03,6,6.717,58.833,64.333,0,0.0,0,0,66.5,10.667,7.167,17.833,73.832,67.188,83.721,59.813,1.333,3.667,270.0,15.14,2.5,7.133,3.667,4.864,4.833,13.333,18.167,26.606,1.667,4.333,0.167,0.0,2.0,2.0,4.167,0.0,0.0,0.0,0.333,0.333,0.833,-0.5,0.0,0.0,0.0,,0.0,,1.667,0.5,0.333,50.0,0.0,,1,0.167,0.0,0.167,0.0,100.0,2.5,10.791,0.667,0.0,0.667,9.333,5.333,0.0
Jack Hannath,Fremantle,24,24.47,3,7.533,56.333,48.333,0,0.0,0,0,80.333,5.333,4.333,9.667,62.069,56.25,69.231,55.172,0.333,0.0,90.667,9.379,2.0,4.833,1.333,7.25,5.333,4.0,9.333,57.143,2.0,4.333,0.667,0.0,2.0,2.0,2.0,0.0,1.0,0.667,0.333,0.667,0.667,0.0,32.667,30.818,10.0,30.612,3.333,33.333,1.667,0.333,0.333,100.0,1.667,0.0,1,0.333,0.333,0.667,0.667,50.0,3.667,19.643,1.667,0.0,2.0,6.0,2.333,1.667
Shaun Edwards,Essendon,22,22.04,9,7.978,49.0,47.444,0,0.0,0,0,69.667,6.889,3.111,10.0,71.111,66.129,82.143,68.889,2.0,0.222,142.889,14.289,1.0,10.0,2.0,5.0,4.111,6.222,10.333,39.785,0.889,3.333,1.222,0.0,0.333,0.333,2.333,0.333,0.444,0.0,0.444,0.444,0.444,0.0,0.0,0.0,0.0,,0.0,,2.111,0.889,0.0,,0.222,50.0,8,0.889,0.667,1.889,0.222,47.059,3.222,14.5,0.222,0.778,0.556,8.222,2.889,0.444
Xavier Ellis,West Coast,27,27.83,15,5.5,59.933,61.533,0,0.0,0,0,75.2,10.933,4.133,15.067,78.319,76.22,83.871,72.566,1.533,2.467,280.933,18.646,1.933,7.793,2.533,5.947,3.6,11.133,14.733,24.434,4.467,2.6,0.067,0.133,0.6,0.733,5.067,0.133,0.0,1.333,0.0,0.8,0.6,0.2,0.0,0.0,0.0,,0.0,,1.467,0.0,1.067,31.25,0.0,,1,0.067,0.0,0.067,0.133,100.0,2.533,8.92,1.067,0.0,2.267,6.667,4.333,1.867
Sam Gilbert,St Kilda,29,29.36,11,9.409,80.545,75.818,4,0.364,1,1,85.364,8.818,8.909,17.727,67.179,61.856,72.449,49.744,2.727,1.727,229.636,12.954,2.636,6.724,2.727,6.5,9.0,9.727,18.727,48.058,4.0,6.818,0.636,0.455,1.364,1.818,4.545,0.545,0.455,0.909,0.273,1.273,1.545,-0.273,0.273,0.305,0.909,100.0,0.273,30.0,4.727,0.818,0.818,22.222,0.091,100.0,2,0.182,0.364,0.909,0.364,20.0,3.636,16.0,1.091,0.0,1.909,13.636,6.636,1.455
Darren Minchington,St Kilda,22,22.06,5,8.9,50.2,47.8,0,0.0,0,0,76.6,4.8,4.6,9.4,57.447,45.833,69.565,51.064,1.8,0.0,153.8,16.362,1.2,7.833,1.6,5.875,4.6,5.0,9.6,47.917,0.8,4.2,1.6,0.0,0.0,0.0,2.0,0.4,0.8,0.0,0.4,0.0,0.6,-0.6,0.0,0.0,0.0,,0.0,,3.0,1.4,0.0,,1.0,40.0,6,1.2,0.8,2.4,0.0,50.0,4.0,16.807,0.2,0.2,0.6,15.2,4.4,0.2
Andrew Moore,Port Adelaide,24,24.58,5,5.38,62.0,65.8,0,0.0,0,0,70.8,7.6,5.8,13.4,68.657,55.263,86.207,56.716,0.8,1.0,125.2,9.343,2.6,5.154,2.0,6.7,6.2,7.6,13.8,44.928,2.4,4.4,0.8,0.0,1.6,1.6,3.2,0.2,0.2,0.0,0.0,1.4,1.0,0.4,0.0,0.0,0.8,,0.2,25.0,5.0,1.2,0.0,,0.2,0.0,2,0.4,0.2,0.6,0.2,66.667,3.2,12.8,1.0,0.4,2.0,14.6,6.2,1.4
Caleb Marchbank,Greater Western Sydney,19,19.06,5,4.54,40.0,37.0,0,0.0,0,0,67.6,4.6,4.0,8.6,83.721,78.261,90.0,53.488,1.2,0.4,111.0,12.907,1.0,8.6,1.6,5.375,2.2,6.4,8.6,25.581,3.4,1.4,0.0,0.0,0.0,0.0,3.4,0.2,0.2,1.0,0.0,0.8,0.2,0.6,0.0,0.0,0.0,,0.0,,1.2,0.0,1.2,66.667,0.0,,0,0.0,0.0,0.0,0.4,,2.0,9.259,0.4,0.0,2.6,4.8,3.0,2.2
Tom Derickx,Sydney,28,28.06,1,4.6,34.0,43.0,0,0.0,0,0,91.0,7.0,1.0,8.0,50.0,42.857,100.0,87.5,2.0,0.0,173.0,21.625,6.0,1.333,3.0,2.667,4.0,5.0,9.0,44.444,1.0,2.0,0.0,0.0,1.0,1.0,3.0,0.0,1.0,0.0,1.0,2.0,4.0,-2.0,52.0,60.465,7.0,13.462,1.0,14.286,2.0,0.0,0.0,,2.0,0.0,1,1.0,0.0,1.0,0.0,100.0,2.0,9.091,1.0,0.0,1.0,10.0,4.0,0.0
Jason Winderlich,Essendon,31,31.22,1,4.7,31.0,29.0,0,0.0,0,0,80.0,2.0,4.0,6.0,66.667,100.0,50.0,33.333,2.0,0.0,42.0,7.0,1.0,6.0,1.0,6.0,4.0,2.0,6.0,66.667,2.0,3.0,2.0,0.0,0.0,0.0,1.0,0.0,0.0,0.0,0.0,0.0,0.0,0.0,0.0,0.0,0.0,,0.0,,3.0,2.0,0.0,,0.0,,0,0.0,0.0,0.0,1.0,,1.0,4.762,1.0,0.0,0.0,7.0,3.0,0.0
Nick O'Brien,Essendon,22,22.51,9,7.611,71.667,71.111,1,0.111,1,0,75.556,9.111,12.556,21.667,73.333,63.415,80.531,42.051,2.0,0.444,191.667,8.846,1.778,12.188,2.556,8.478,8.222,13.444,21.667,37.949,2.556,6.111,0.667,1.222,1.889,3.111,3.222,0.0,0.111,0.111,0.444,0.556,0.333,0.222,0.0,0.0,0.222,,0.0,0.0,2.222,0.333,0.111,0.0,0.333,0.0,0,0.0,0.333,0.556,0.333,0.0,4.333,21.788,0.778,0.0,1.0,12.111,6.0,0.889
Matt Spangher,Hawthorn,28,28.68,4,5.75,48.75,48.75,0,0.0,0,0,70.25,7.5,3.75,11.25,84.444,83.333,86.667,66.667,0.75,1.5,171.25,15.222,1.5,7.5,1.75,6.429,1.75,9.5,11.25,15.556,2.5,1.25,0.0,0.0,0.0,0.0,5.75,0.5,0.0,1.0,0.0,0.25,0.25,0.0,0.0,0.0,0.0,,0.0,,0.5,0.0,2.0,12.5,0.0,,0,0.0,0.0,0.0,0.25,,2.25,7.2,0.0,0.5,4.0,4.75,2.75,3.5
Majak Daw,North Melbourne,24,24.8,2,10.45,64.5,62.5,0,0.0,0,0,62.0,4.0,1.5,5.5,54.545,62.5,33.333,72.727,1.5,1.5,147.5,26.818,0.5,11.0,1.5,3.667,3.5,2.5,6.0,58.333,0.0,1.5,0.0,0.5,1.0,1.5,2.0,1.0,0.5,0.0,0.5,1.0,0.0,1.0,39.0,38.424,14.5,37.179,4.0,27.586,5.0,0.5,0.0,,0.5,0.0,2,1.0,0.0,1.0,0.0,100.0,3.5,18.919,1.5,1.0,3.5,12.0,4.0,3.5
Blaine Johnson,Carlton,20,20.42,2,4.4,32.0,29.5,0,0.0,0,0,73.0,2.5,5.0,7.5,80.0,80.0,80.0,33.333,2.0,0.0,83.0,11.067,1.5,5.0,1.0,7.5,3.0,4.5,7.5,40.0,1.5,3.0,0.5,0.0,0.0,0.0,1.5,0.0,0.0,0.0,0.5,0.0,1.0,-1.0,0.0,0.0,0.0,,0.0,,2.5,0.0,0.0,,0.0,,0,0.0,0.5,0.5,0.0,0.0,3.0,18.182,1.0,0.0,0.5,16.0,7.5,0.0
Ariel Steinberg,Essendon,23,23.33,7,6.771,52.429,43.0,0,0.0,0,0,89.143,4.143,7.143,11.286,83.544,75.862,88.0,36.709,0.429,1.143,74.857,6.633,1.714,6.583,1.571,7.182,4.429,6.857,11.286,39.241,5.857,3.429,0.0,0.0,0.143,0.143,3.0,0.286,0.0,1.714,0.0,0.714,0.857,-0.143,0.0,0.0,0.0,,0.0,,2.286,0.0,3.143,45.455,0.143,0.0,0,0.0,0.0,0.0,0.143,,1.571,7.857,0.857,0.0,3.429,5.429,4.429,3.143
Thomas Fields,Carlton,23,23.03,2,2.9,57.0,53.0,0,0.0,0,0,85.0,8.0,2.5,10.5,85.714,85.714,75.0,76.19,1.0,3.5,354.0,33.714,0.5,21.0,3.0,3.5,1.0,9.0,10.0,10.0,2.0,1.0,0.0,0.0,0.0,0.0,2.5,0.0,0.0,0.0,0.0,0.5,0.0,0.5,0.0,0.0,0.0,,0.0,,4.0,0.0,1.0,100.0,0.0,,0,0.0,0.0,0.0,0.0,,0.5,3.448,0.0,0.0,3.5,7.0,4.0,2.0
Shaun Hampson,Richmond,27,27.77,4,5.125,57.25,53.5,1,0.25,1,0,77.0,4.5,2.5,7.0,71.429,62.5,100.0,64.286,1.0,0.25,64.5,9.214,1.25,5.6,1.25,5.6,4.0,3.5,7.5,53.333,1.25,1.667,0.333,0.75,1.25,2.0,3.25,0.75,0.75,0.0,0.667,1.25,0.75,0.5,39.0,43.985,22.5,47.863,6.667,35.714,0.75,0.0,0.333,100.0,1.333,25.0,0,0.0,0.75,1.0,0.0,0.0,4.25,20.0,2.0,0.0,1.75,4.0,2.0,1.333
Alex Browne,Essendon,23,23.39,3,4.967,40.333,39.0,0,0.0,0,0,54.0,5.0,4.0,9.0,70.37,60.0,83.333,55.556,1.333,0.667,142.333,15.815,0.667,13.5,1.667,5.4,3.0,6.333,9.333,32.143,0.667,2.333,0.0,0.0,0.333,0.333,3.0,0.333,0.0,0.333,0.0,0.333,0.333,0.0,0.0,0.0,0.333,,0.0,0.0,1.333,0.0,0.667,50.0,0.0,,1,0.333,0.0,0.333,0.333,100.0,3.0,13.846,0.333,0.0,1.0,8.333,3.667,1.0
Josh Prudden,Western Bulldogs,21,21.31,4,6.875,53.0,52.0,0,0.0,0,0,75.25,6.5,6.0,12.5,84.0,80.769,87.5,52.0,1.25,1.5,154.25,12.34,0.75,16.667,1.75,7.143,4.0,8.5,12.5,32.0,4.25,3.25,0.25,0.0,0.5,0.5,4.0,0.0,0.0,1.25,0.0,0.5,0.0,0.5,0.0,0.0,0.0,,0.0,,2.0,0.0,1.5,66.667,0.0,,0,0.0,0.0,0.0,0.0,,2.5,9.524,1.25,0.0,1.5,8.5,5.75,0.75
Aaron Mullett,North Melbourne,23,23.85,4,2.325,37.0,35.75,0,0.0,0,0,57.75,6.5,3.75,10.25,78.049,84.615,66.667,63.415,1.25,2.75,156.0,15.22,2.25,4.556,3.0,3.417,1.75,7.75,9.5,18.421,2.0,1.75,0.0,0.0,0.25,0.25,2.0,0.0,0.0,0.25,0.0,0.0,0.75,-0.75,0.0,0.0,0.0,,0.0,,1.25,0.0,0.25,0.0,0.0,,0,0.0,0.0,0.25,0.0,0.0,1.0,3.922,0.5,0.5,0.25,4.25,3.5,0.25
Taylor Garner,North Melbourne,21,21.97,11,5.445,47.636,46.455,0,0.0,0,0,68.091,4.818,5.364,10.182,67.857,50.943,83.051,47.321,1.909,0.273,125.909,12.366,1.727,5.895,1.727,5.895,3.273,6.727,10.0,32.727,0.909,2.182,1.0,0.091,0.273,0.364,2.273,0.636,0.727,0.091,0.455,0.364,0.636,-0.273,0.0,0.0,0.091,,0.091,100.0,3.0,0.818,0.091,100.0,0.455,40.0,6,0.545,0.636,1.273,0.545,42.857,3.636,14.035,0.636,0.273,0.909,12.273,3.909,0.636
Levi Greenwood,Collingwood,26,26.86,8,8.675,79.5,83.25,3,0.375,1,0,76.25,10.125,7.875,18.0,65.972,64.198,68.254,56.25,3.25,1.375,259.0,14.389,2.5,7.2,3.5,5.143,7.125,11.0,18.125,39.31,1.75,4.0,0.375,1.375,1.125,2.5,4.0,0.25,0.875,0.375,1.0,1.625,1.25,0.375,0.0,0.0,0.125,,0.0,0.0,6.0,1.25,0.0,,0.25,0.0,4,0.5,0.125,0.875,0.5,57.143,4.0,17.778,0.75,0.0,1.0,17.0,7.75,0.375
Bradley Walsh,Carlton,19,19.32,3,2.8,16.0,23.333,0,0.0,0,0,34.0,2.0,4.333,6.333,73.684,66.667,76.923,31.579,0.667,0.333,38.667,6.105,1.667,3.8,1.667,3.8,2.333,4.333,6.667,35.0,0.333,2.0,0.0,0.0,1.0,1.0,0.667,0.0,0.0,0.0,0.333,0.0,0.667,-0.667,0.0,0.0,0.0,,0.0,,1.667,0.333,0.0,,0.0,,1,0.333,0.0,0.333,0.0,100.0,0.667,4.545,0.0,0.0,0.0,8.0,4.333,0.0
Jonathon Griffin,Fremantle,29,29.96,8,8.463,64.25,57.625,0,0.0,0,0,85.125,4.75,4.5,9.25,72.973,65.789,80.556,51.351,1.375,0.125,134.5,14.541,1.75,5.286,1.875,4.933,4.375,4.875,9.25,47.297,1.625,2.375,1.0,0.25,0.125,0.375,2.75,1.0,1.0,0.125,0.375,0.875,0.625,0.25,27.125,28.933,11.25,41.475,3.375,30.0,2.25,0.25,0.375,0.0,2.5,40.0,9,1.125,0.125,1.375,0.25,81.818,3.75,16.216,1.375,0.0,2.125,9.375,3.0,1.625
Hugh Goddard,St Kilda,19,19.35,8,8.113,57.125,41.375,0,0.0,0,0,80.125,4.25,7.625,11.875,80.0,67.647,86.885,35.789,0.5,1.875,88.0,7.411,2.375,5.0,1.625,7.308,5.625,6.5,12.125,46.392,6.125,4.125,0.25,0.0,0.125,0.125,3.875,0.5,0.0,1.125,0.0,0.5,1.25,-0.75,0.0,0.0,0.75,,0.125,16.667,0.875,0.0,2.625,47.619,0.375,33.333,1,0.125,0.0,0.25,0.125,50.0,1.875,8.982,1.0,0.0,5.75,6.875,4.5,4.375
Jed Lamb,Greater Western Sydney,23,23.19,2,5.65,44.0,45.0,0,0.0,0,0,75.5,7.0,2.0,9.0,66.667,71.429,50.0,77.778,4.0,0.0,218.0,24.222,1.0,9.0,1.5,6.0,2.5,6.0,8.5,29.412,1.5,2.0,0.5,0.0,0.0,0.0,3.0,0.0,0.0,0.0,0.0,0.0,0.0,0.0,0.0,0.0,0.0,,0.0,,1.0,0.0,0.0,,1.0,50.0,2,1.0,1.0,2.0,0.0,50.0,3.0,20.0,1.0,1.5,1.0,10.5,1.0,1.0
Sam Shaw,Adelaide,24,24.73,2,6.1,39.5,38.5,0,0.0,0,0,97.0,6.0,4.5,10.5,71.429,66.667,77.778,57.143,2.0,1.0,155.0,14.762,3.0,3.5,3.0,3.5,3.5,6.0,9.5,36.842,4.5,2.5,0.5,0.0,0.0,0.0,3.5,1.0,0.0,1.0,0.0,0.0,1.0,-1.0,0.0,0.0,0.0,,0.0,,1.0,0.0,4.5,33.333,0.0,,0,0.0,0.0,0.0,1.0,,1.5,4.918,0.5,0.0,4.0,5.5,3.0,3.5
Xavier Richards,Sydney,22,22.68,1,4.4,58.0,51.0,0,0.0,0,0,92.0,6.0,4.0,10.0,70.0,66.667,75.0,60.0,1.0,4.0,131.0,13.1,4.0,2.5,3.0,3.333,3.0,7.0,10.0,30.0,4.0,2.0,0.0,0.0,0.0,0.0,4.0,1.0,0.0,2.0,0.0,0.0,1.0,-1.0,0.0,0.0,0.0,,0.0,,4.0,0.0,1.0,0.0,0.0,,0,0.0,0.0,0.0,0.0,,1.0,6.25,1.0,0.0,9.0,8.0,7.0,8.0
Reece Conca,Richmond,23,23.38,3,7.3,54.667,53.667,0,0.0,0,0,62.667,7.333,6.667,14.0,61.905,45.455,80.0,52.381,2.333,1.0,153.333,10.952,2.667,5.25,2.667,5.25,5.333,9.0,14.333,37.209,3.0,4.0,1.0,0.0,1.333,1.333,2.333,0.333,0.0,1.0,0.0,0.0,0.667,-0.667,0.0,0.0,0.333,,0.0,0.0,2.667,0.0,0.333,100.0,0.333,0.0,1,0.333,0.333,0.667,0.0,50.0,2.0,11.765,0.667,0.333,1.667,14.333,7.0,1.0
Jonathon Freeman,Brisbane,21,21.67,6,4.883,40.5,36.667,0,0.0,0,0,87.667,3.667,3.667,7.333,70.455,63.636,77.273,50.0,0.833,0.0,97.0,13.227,2.0,3.667,1.5,4.889,4.0,3.833,7.833,51.064,0.833,1.833,1.0,0.0,0.0,0.0,3.333,1.333,1.833,0.167,0.833,0.667,0.5,0.167,4.5,4.419,0.333,7.407,0.333,100.0,0.333,0.0,0.167,100.0,4.833,27.586,7,1.167,0.5,2.0,0.333,58.333,3.333,13.889,0.0,0.0,0.667,5.5,1.167,0.5
Matthew Scharenberg,Collingwood,20,20.28,4,2.7,50.25,55.5,0,0.0,0,0,71.75,8.25,6.75,15.0,70.0,66.667,74.074,55.0,0.75,2.0,212.75,14.183,1.0,15.0,1.75,8.571,3.0,12.0,15.0,20.0,3.75,2.25,0.0,0.25,0.0,0.25,4.5,0.0,0.0,0.75,0.0,0.75,0.75,0.0,0.0,0.0,0.0,,0.0,,1.25,0.0,1.5,33.333,0.0,,0,0.0,0.25,0.25,0.0,0.0,2.0,8.791,0.5,0.0,1.5,7.75,6.0,1.5
Jonathan Giles,Essendon,27,27.97,3,13.667,84.0,73.0,1,0.333,1,0,80.333,9.0,3.0,12.0,63.889,55.556,88.889,75.0,3.667,0.667,235.333,19.611,2.667,4.5,3.333,3.6,10.333,1.667,12.0,86.111,0.667,4.333,0.667,3.0,3.667,6.667,1.667,0.667,0.0,0.333,0.333,2.667,0.667,2.0,62.667,76.423,22.333,35.638,9.0,40.299,2.333,0.667,1.333,75.0,0.667,0.0,1,0.333,0.667,1.667,0.0,20.0,3.333,18.182,2.0,0.0,2.333,9.0,4.667,2.0
Zac Dawson,Fremantle,29,29.85,5,3.5,42.4,29.2,0,0.0,0,0,95.0,2.0,7.0,9.0,82.222,80.0,82.857,22.222,0.0,1.0,43.4,4.822,1.8,5.0,1.2,7.5,3.8,5.4,9.2,41.304,4.0,2.4,0.0,0.0,0.0,0.0,2.6,0.6,0.0,1.0,0.0,0.6,1.4,-0.8,0.0,0.0,0.2,,0.2,100.0,1.2,0.0,4.2,28.571,0.0,,0,0.0,0.0,0.0,0.0,,1.2,5.66,0.2,0.0,6.2,5.0,4.4,4.4
Ben Reid,Collingwood,26,26.67,5,11.1,70.4,63.4,0,0.0,0,0,80.6,8.4,5.6,14.0,82.857,76.19,92.857,60.0,1.8,1.2,241.6,17.257,1.2,11.667,2.8,5.0,4.8,9.4,14.2,33.803,4.4,2.4,0.2,0.0,0.0,0.0,4.8,1.2,0.8,1.6,0.2,0.8,0.6,0.2,0.6,0.667,0.4,66.667,0.0,0.0,1.4,0.4,0.6,0.0,2.4,16.667,6,1.2,0.4,1.6,0.0,75.0,3.8,15.966,0.6,0.0,1.8,6.2,3.0,1.0
Sam Darley,Western Bulldogs,22,22.87,2,7.85,74.5,71.5,0,0.0,0,0,71.0,11.5,7.0,18.5,67.568,65.217,71.429,62.162,1.5,2.0,305.5,16.514,2.0,9.25,4.5,4.111,3.5,16.0,19.5,17.949,2.5,3.0,0.0,0.5,0.0,0.5,4.0,0.0,0.0,0.5,0.0,0.5,0.5,0.0,0.0,0.0,0.0,,0.0,,3.0,0.0,0.5,100.0,0.0,,0,0.0,0.0,0.0,0.5,,4.0,12.121,0.5,0.5,1.0,8.0,3.5,1.0
Luke McGuane,Brisbane,28,28.88,4,8.3,60.25,57.0,0,0.0,0,0,93.5,6.25,5.0,11.25,57.778,48.0,70.0,55.556,1.25,0.0,115.5,10.267,1.25,9.0,1.75,6.429,6.5,3.75,10.25,63.415,0.75,4.25,2.25,0.0,0.5,0.5,3.5,1.75,1.75,0.0,0.5,0.5,1.0,-0.5,8.5,8.173,1.75,20.588,0.25,14.286,1.75,1.5,0.0,,2.25,55.556,7,1.75,1.0,3.25,0.25,53.846,5.25,22.826,0.75,0.0,1.0,8.25,1.5,0.5
Billy Evans,Brisbane,19,19.19,5,3.88,40.6,43.8,0,0.0,0,0,53.2,3.4,8.0,11.4,68.421,52.941,75.0,29.825,0.8,0.2,41.4,3.632,0.8,14.25,1.0,11.4,4.0,7.4,11.4,35.088,1.2,3.0,0.0,0.4,1.2,1.6,1.8,0.0,0.4,0.2,0.0,0.6,0.4,0.2,0.0,0.0,0.0,,0.0,,2.8,0.8,0.0,,0.4,50.0,1,0.2,0.4,0.8,0.0,25.0,3.4,13.386,0.2,0.0,0.2,9.4,4.8,0.2
Heath Hocking,Essendon,28,28.01,5,10.8,76.6,74.4,6,1.2,1,0,79.8,8.2,9.8,18.0,77.778,63.415,89.796,45.556,3.0,0.8,198.8,11.044,1.6,11.25,2.4,7.5,7.2,10.2,17.4,41.379,2.8,5.6,0.8,2.0,1.2,3.2,3.0,0.2,0.2,0.6,0.4,1.8,0.6,1.2,0.0,0.0,0.4,,0.2,50.0,4.2,0.2,0.2,100.0,0.0,,3,0.6,0.4,1.2,0.2,50.0,5.0,24.51,1.6,0.0,1.6,20.2,10.6,0.8
Jonathon Patton,Greater Western Sydney,22,22.61,3,5.0,48.0,50.667,0,0.0,0,0,85.0,6.667,3.0,9.667,62.069,55.0,77.778,68.966,3.0,0.333,206.0,21.31,1.333,7.25,2.0,4.833,3.667,7.0,10.667,34.375,1.667,2.333,0.333,0.0,0.0,0.0,4.333,0.333,1.667,0.667,1.0,0.333,0.333,0.0,0.0,0.0,0.0,,0.0,,1.333,0.333,0.0,,4.0,25.0,3,1.0,1.0,2.0,0.667,50.0,3.333,16.129,0.667,0.0,0.667,9.333,2.667,0.0
Alex Silvagni,Fremantle,28,28.25,2,3.2,37.5,41.5,0,0.0,0,0,97.5,7.0,4.0,11.0,81.818,85.714,75.0,63.636,0.5,0.5,118.0,10.727,4.5,2.444,0.5,22.0,4.0,7.0,11.0,36.364,5.0,2.0,0.0,0.0,0.0,0.0,5.5,1.0,0.0,2.0,0.0,0.5,3.5,-3.0,0.0,0.0,0.0,,0.0,,1.5,0.0,3.5,14.286,0.0,,0,0.0,0.0,0.0,0.0,,1.0,4.348,0.5,0.0,2.5,6.0,5.5,2.0
Tayte Pears,Essendon,25,25.77,2,5.45,61.5,55.0,0,0.0,0,0,92.5,6.5,9.5,16.0,81.25,69.231,89.474,40.625,0.5,2.5,120.5,7.531,1.5,10.667,1.5,10.667,4.5,11.5,16.0,28.125,4.5,3.0,0.0,0.0,1.5,1.5,4.5,1.0,0.0,2.0,0.0,0.5,0.5,0.0,0.0,0.0,0.0,,0.0,,1.0,0.0,2.5,40.0,0.0,,0,0.0,0.0,0.0,0.0,,2.0,9.091,1.5,0.0,3.5,10.0,8.0,3.5
Josh Saunders,St Kilda,21,21.33,2,0.5,9.5,16.0,0,0.0,0,0,37.0,1.5,2.5,4.0,50.0,33.333,60.0,37.5,0.5,0.5,31.0,7.75,2.0,2.0,1.5,2.667,2.5,2.0,4.5,55.556,1.0,2.0,0.5,0.0,0.5,0.5,0.5,0.5,0.0,0.0,0.0,0.0,1.0,-1.0,0.0,0.0,0.0,,0.0,,2.0,1.0,0.0,,1.0,50.0,0,0.0,0.0,0.5,0.0,0.0,1.5,5.455,0.5,0.0,0.0,6.0,1.5,0.0
Trent West,Brisbane,28,28.2,2,1.6,40.5,28.5,0,0.0,0,0,54.5,3.0,0.0,3.0,83.333,83.333,,100.0,0.5,0.5,80.0,26.667,1.0,3.0,0.5,6.0,0.5,2.5,3.0,16.667,0.0,0.0,0.0,0.0,0.0,0.0,2.0,0.0,1.0,0.0,1.5,0.5,0.0,0.5,13.5,12.981,6.0,44.444,2.5,41.667,1.0,1.0,0.0,,0.5,0.0,1,0.5,0.0,0.5,0.5,100.0,2.0,8.889,0.5,0.0,1.0,5.0,1.5,1.0
Josh Hall,Gold Coast,25,25.74,2,4.8,39.0,38.0,0,0.0,0,0,57.5,3.0,1.5,4.5,77.778,66.667,100.0,66.667,0.5,1.0,96.0,21.333,1.0,4.5,1.0,4.5,3.0,1.5,4.5,66.667,2.5,2.0,0.0,0.5,0.0,0.5,0.5,0.0,0.0,0.0,0.0,1.0,0.5,0.5,19.5,21.311,5.0,25.641,2.5,50.0,5.0,0.0,0.5,0.0,0.0,,0,0.0,0.0,0.0,0.0,,0.0,0.0,0.0,0.0,1.5,12.0,6.0,1.5
Matt Thomas,Richmond,28,28.84,2,17.95,84.0,71.5,0,0.0,0,0,82.0,5.5,14.0,19.5,89.744,81.818,92.857,28.205,1.5,0.0,127.5,6.538,2.0,9.75,1.5,13.0,12.0,9.0,21.0,57.143,2.5,7.5,1.0,2.0,3.0,5.0,4.0,0.0,0.5,0.0,0.0,1.5,1.5,0.0,0.0,0.0,0.0,,0.0,,3.0,1.5,0.0,,0.0,,2,1.0,0.0,1.0,0.5,100.0,6.0,23.077,2.5,0.0,3.0,20.0,8.0,0.5
James Rose,Sydney,19,19.7,2,3.95,25.5,43.5,0,0.0,0,0,49.5,6.0,1.5,7.5,53.333,50.0,66.667,80.0,1.5,0.0,178.0,23.733,1.5,5.0,3.0,2.5,1.5,5.5,7.0,21.429,0.5,0.5,0.5,0.0,0.0,0.0,4.5,0.5,1.0,0.0,1.0,0.5,1.0,-0.5,0.0,0.0,0.0,,0.0,,0.5,0.0,0.0,,1.5,33.333,3,1.5,0.5,2.0,0.5,75.0,3.0,12.245,0.0,0.5,0.0,8.0,2.0,0.0
Nathan Vardy,Geelong,24,24.51,3,10.367,77.667,77.667,0,0.0,0,0,76.333,6.333,6.667,13.0,74.359,68.421,80.0,48.718,0.667,0.0,120.333,9.256,3.0,4.333,1.667,7.8,7.667,5.0,12.667,60.526,3.0,3.667,0.667,1.0,0.333,1.333,4.333,2.333,2.333,1.0,0.333,1.667,1.333,0.333,48.667,57.255,14.0,28.767,2.333,16.667,2.667,0.333,0.333,100.0,2.0,50.0,5,1.667,0.0,2.667,0.333,62.5,5.0,20.548,2.0,0.0,1.0,8.333,3.333,1.0
Brodie Murdoch,St Kilda,21,21.94,3,3.367,40.333,40.667,0,0.0,0,0,64.667,5.0,2.333,7.333,81.818,80.0,85.714,68.182,1.0,0.667,88.667,12.091,1.0,7.333,1.0,7.333,1.667,6.0,7.667,21.739,1.333,1.0,0.0,0.0,0.0,0.0,5.0,0.0,0.667,0.333,1.333,0.333,0.333,0.0,0.0,0.0,0.0,,0.0,,0.667,0.0,0.0,,0.333,0.0,2,0.667,0.0,0.667,0.0,100.0,1.667,9.091,0.0,0.0,1.0,6.333,4.333,1.0
Jason Holmes,St Kilda,26,26.17,3,4.2,45.0,44.0,0,0.0,0,0,85.0,1.333,3.667,5.0,60.0,50.0,63.636,26.667,0.0,0.333,28.667,5.733,2.667,1.875,1.667,3.0,3.0,2.333,5.333,56.25,0.667,2.667,0.333,0.667,1.0,1.667,0.333,0.0,0.0,0.0,0.333,0.333,2.333,-2.0,72.333,79.779,25.0,34.562,6.0,24.0,3.333,0.0,0.333,100.0,1.0,0.0,0,0.0,0.0,0.0,0.0,,1.333,7.273,0.667,0.0,3.0,12.667,5.667,2.333
Murray Newman,West Coast,22,22.11,2,4.05,15.5,24.0,0,0.0,0,0,23.0,3.0,3.0,6.0,83.333,66.667,100.0,50.0,1.0,0.0,89.0,14.833,0.5,12.0,0.5,12.0,2.0,4.0,6.0,33.333,0.5,2.0,0.5,1.0,0.0,1.0,2.0,0.0,0.0,0.0,0.0,0.0,0.0,0.0,0.0,0.0,0.0,,0.0,,0.0,0.0,0.0,,0.0,,1,0.5,0.0,0.5,0.0,100.0,2.0,7.143,1.0,0.0,0.5,2.0,0.5,0.0
Daniel Pearce,Western Bulldogs,22,22.93,1,0.7,1.0,5.0,0,0.0,0,0,25.0,1.0,1.0,2.0,50.0,0.0,100.0,50.0,0.0,1.0,43.0,21.5,1.0,2.0,1.0,2.0,1.0,1.0,2.0,50.0,0.0,1.0,0.0,0.0,1.0,1.0,0.0,0.0,0.0,0.0,0.0,0.0,0.0,0.0,0.0,0.0,0.0,,0.0,,0.0,0.0,0.0,,0.0,,0,0.0,0.0,0.0,0.0,,0.0,0.0,0.0,0.0,1.0,4.0,4.0,1.0
Roarke Smith,Western Bulldogs,19,19.3,1,2.7,29.0,31.0,0,0.0,0,0,75.0,3.0,6.0,9.0,77.778,33.333,100.0,33.333,0.0,1.0,41.0,4.556,1.0,9.0,1.0,9.0,4.0,5.0,9.0,44.444,3.0,3.0,0.0,1.0,0.0,1.0,3.0,1.0,0.0,1.0,0.0,0.0,1.0,-1.0,0.0,0.0,0.0,,0.0,,1.0,0.0,0.0,,0.0,,0,0.0,0.0,0.0,0.0,,0.0,0.0,0.0,0.0,0.0,13.0,9.0,0.0
Daniel Menzel,Geelong,24,24.29,2,10.45,69.0,57.0,1,0.5,1,0,69.0,6.5,6.0,12.5,64.0,61.538,66.667,52.0,1.5,0.0,168.5,13.48,2.0,6.25,3.0,4.167,7.5,5.5,13.0,57.692,0.5,5.5,2.0,0.0,0.0,0.0,3.0,1.0,1.0,0.0,0.0,1.0,0.5,0.5,0.0,0.0,0.0,,0.0,,1.0,1.0,0.0,,3.5,28.571,4,2.0,1.0,3.5,0.0,57.143,4.0,15.686,0.0,0.0,1.0,7.0,1.0,1.0
Lachie Plowman,Greater Western Sydney,21,21.3,2,11.35,62.5,57.0,0,0.0,0,0,88.5,5.5,12.5,18.0,80.556,63.636,88.0,30.556,0.5,3.5,221.5,12.306,1.5,12.0,1.5,12.0,5.0,12.5,17.5,28.571,5.5,5.0,0.0,0.0,0.5,0.5,2.5,0.0,0.0,0.5,0.0,0.0,0.0,0.0,0.0,0.0,0.0,,0.0,,2.0,0.0,2.0,0.0,0.0,,0,0.0,0.0,0.0,0.0,,2.5,9.259,1.0,1.0,5.0,9.5,7.0,5.0
Bradley McKenzie,North Melbourne,22,22.59,1,9.4,64.0,73.0,0,0.0,0,0,82.0,10.0,8.0,18.0,66.667,50.0,87.5,55.556,0.0,3.0,204.0,11.333,2.0,9.0,4.0,4.5,9.0,8.0,17.0,52.941,3.0,5.0,1.0,1.0,5.0,6.0,3.0,0.0,1.0,0.0,0.0,3.0,0.0,3.0,0.0,0.0,0.0,,0.0,,2.0,0.0,0.0,,0.0,,1,1.0,1.0,2.0,0.0,50.0,3.0,17.647,1.0,0.0,2.0,16.0,11.0,1.0
Max Duffy,Fremantle,22,22.72,1,8.2,51.0,45.0,0,0.0,0,0,86.0,5.0,7.0,12.0,66.667,40.0,85.714,41.667,3.0,0.0,156.0,13.0,2.0,6.0,4.0,3.0,5.0,8.0,13.0,38.462,2.0,5.0,0.0,1.0,0.0,1.0,3.0,0.0,1.0,0.0,0.0,0.0,1.0,-1.0,0.0,0.0,0.0,,0.0,,1.0,1.0,0.0,,2.0,0.0,1,1.0,0.0,1.0,0.0,100.0,6.0,46.154,1.0,0.0,0.0,17.0,4.0,0.0
Jacob Ballard,Fremantle,21,21.84,1,5.8,15.0,16.0,0,0.0,0,0,32.0,1.0,5.0,6.0,100.0,100.0,100.0,16.667,1.0,0.0,25.0,4.167,1.0,6.0,0.0,,5.0,1.0,6.0,83.333,0.0,5.0,0.0,1.0,2.0,3.0,1.0,0.0,0.0,0.0,0.0,0.0,0.0,0.0,0.0,0.0,0.0,,0.0,,0.0,0.0,0.0,,0.0,,0,0.0,0.0,0.0,0.0,,0.0,0.0,0.0,0.0,0.0,4.0,3.0,0.0
Tanner Smith,Fremantle,21,21.81,1,7.7,81.0,75.0,0,0.0,0,0,100.0,11.0,6.0,17.0,76.471,81.818,66.667,64.706,0.0,5.0,284.0,16.706,2.0,8.5,3.0,5.667,5.0,12.0,17.0,29.412,7.0,3.0,0.0,0.0,0.0,0.0,8.0,1.0,0.0,3.0,0.0,1.0,1.0,0.0,0.0,0.0,0.0,,0.0,,2.0,0.0,4.0,75.0,0.0,,0,0.0,0.0,0.0,0.0,,0.0,0.0,0.0,0.0,6.0,8.0,8.0,5.0
Jacob Townsend,Greater Western Sydney,22,22.53,1,7.8,80.0,82.0,0,0.0,0,0,73.0,10.0,12.0,22.0,45.455,30.0,58.333,45.455,2.0,3.0,274.0,12.455,7.0,3.143,5.0,4.4,11.0,10.0,21.0,52.381,2.0,11.0,1.0,2.0,2.0,4.0,3.0,0.0,2.0,0.0,1.0,0.0,4.0,-4.0,1.0,0.943,1.0,100.0,0.0,0.0,6.0,0.0,0.0,,0.0,,1,1.0,0.0,2.0,1.0,50.0,6.0,27.273,1.0,0.0,1.0,20.0,13.0,1.0
Jake Barrett,Greater Western Sydney,20,20.14,1,2.4,25.0,30.0,0,0.0,0,0,43.0,1.0,6.0,7.0,71.429,100.0,66.667,14.286,0.0,0.0,40.0,5.714,1.0,7.0,1.0,7.0,4.0,3.0,7.0,57.143,2.0,4.0,0.0,0.0,1.0,1.0,2.0,0.0,0.0,0.0,0.0,0.0,1.0,-1.0,0.0,0.0,0.0,,0.0,,3.0,1.0,0.0,,0.0,,0,0.0,0.0,0.0,0.0,,2.0,9.091,1.0,0.0,0.0,7.0,1.0,0.0
Mitch White,Melbourne,19,19.72,1,7.2,76.0,63.0,0,0.0,0,0,69.0,9.0,7.0,16.0,93.75,100.0,85.714,56.25,3.0,2.0,182.0,11.375,2.0,8.0,3.0,5.333,7.0,10.0,17.0,41.176,3.0,5.0,0.0,0.0,2.0,2.0,6.0,1.0,0.0,1.0,0.0,0.0,0.0,0.0,0.0,0.0,0.0,,0.0,,1.0,0.0,2.0,50.0,1.0,100.0,0,0.0,0.0,0.0,0.0,,4.0,14.286,0.0,0.0,4.0,6.0,4.0,3.0
Liam Jones,Carlton,24,24.84,9,4.867,45.222,42.556,0,0.0,0,0,87.0,5.111,2.111,7.222,61.538,48.837,88.235,70.769,1.556,0.0,110.333,15.277,1.667,4.333,2.111,3.421,4.889,2.778,7.667,63.768,1.333,1.875,0.75,0.0,0.111,0.111,3.444,1.556,1.556,0.375,0.875,1.333,0.778,0.556,0.125,0.124,0.0,0.0,0.0,,2.0,0.444,0.25,50.0,3.5,32.143,7,0.778,1.0,2.111,0.222,36.842,3.444,16.757,0.375,0.0,1.667,8.25,2.5,1.0
Sam Docherty,Carlton,22,22.2,19,7.542,87.684,82.158,3,0.158,1,0,89.211,13.684,7.421,21.105,74.813,68.443,85.606,64.838,1.737,4.211,329.474,15.611,2.316,9.114,3.684,5.729,5.632,14.579,20.211,27.865,4.947,4.056,0.222,0.105,1.105,1.211,6.105,0.316,0.0,1.5,0.167,0.789,0.684,0.105,0.0,0.0,0.053,,0.0,0.0,2.105,0.158,1.611,37.931,0.167,66.667,2,0.105,0.105,0.316,0.263,33.333,3.211,16.053,1.278,0.632,3.684,10.056,5.833,2.556
Patrick Cripps,Carlton,20,20.78,20,10.295,96.3,86.15,41,2.05,8,6,79.6,7.9,15.65,23.55,69.214,52.703,77.409,33.546,2.35,0.85,150.05,6.372,2.75,8.564,2.7,8.722,13.7,9.9,23.6,58.051,2.3,8.684,1.368,3.15,3.35,6.5,3.2,0.75,0.55,0.316,0.105,1.45,1.3,0.15,0.053,0.053,1.95,100.0,0.579,29.73,4.9,0.5,0.211,25.0,0.842,37.5,6,0.3,0.65,1.15,0.6,26.087,4.8,23.94,1.789,0.25,0.75,16.368,8.105,0.421
Kamdyn McIntosh,Richmond,21,21.74,23,6.474,65.565,64.826,10,0.455,2,2,75.261,10.522,4.826,15.348,68.272,61.803,80.189,68.555,2.522,2.043,312.174,20.34,2.261,6.788,3.435,4.468,4.391,10.609,15.0,29.275,2.478,3.364,0.409,0.087,1.043,1.13,4.087,0.087,0.348,0.455,0.227,0.565,0.696,-0.13,0.0,0.0,0.0,,0.0,,2.609,0.217,0.682,53.333,0.318,14.286,8,0.348,0.348,0.826,0.522,42.105,4.0,16.788,0.591,0.696,1.391,10.864,5.818,1.045
Nick Vlastuin,Richmond,21,21.69,23,9.23,75.217,61.957,13,0.591,4,0,80.0,8.304,7.0,15.304,83.523,77.049,89.61,54.261,0.826,1.913,200.696,13.114,1.565,9.778,2.13,7.184,5.348,9.826,15.174,35.244,6.087,4.045,0.045,0.043,0.348,0.391,4.435,0.478,0.0,1.773,0.136,0.87,0.739,0.13,0.0,0.0,0.043,,0.0,0.0,2.696,0.0,1.455,34.375,0.045,100.0,1,0.043,0.0,0.043,0.087,100.0,3.174,13.321,1.136,0.043,2.565,10.227,7.273,2.455
Steven May,Gold Coast,23,23.97,18,11.578,74.944,52.611,12,0.667,2,1,92.5,9.5,4.333,13.833,75.904,73.684,80.769,68.675,1.0,4.278,268.444,19.406,2.111,6.553,3.722,3.716,5.333,7.5,12.833,41.558,6.222,3.389,0.111,0.056,0.278,0.333,4.222,0.778,0.056,1.333,0.0,1.056,0.833,0.222,0.0,0.0,0.056,,0.0,0.0,1.0,0.056,3.556,25.0,0.111,0.0,0,0.0,0.167,0.167,0.167,0.0,2.167,9.924,1.111,0.111,8.778,5.444,4.5,8.389
Dion Prestia,Gold Coast,23,23.21,8,15.175,101.0,95.375,4,0.5,3,1,78.0,13.75,13.375,27.125,62.212,47.273,77.57,50.691,3.5,2.0,391.375,14.429,2.5,10.85,5.25,5.167,13.5,13.25,26.75,50.467,2.75,8.875,1.375,3.625,4.5,8.125,2.0,0.0,0.25,0.125,0.0,0.625,0.625,0.0,0.0,0.0,0.0,,0.0,,4.75,0.5,0.25,50.0,0.25,50.0,4,0.5,0.625,1.375,0.375,36.364,5.25,23.204,1.625,0.375,2.0,20.625,9.625,0.75
David Swallow,Gold Coast,23,23.11,6,12.333,85.833,84.0,0,0.0,0,0,78.833,11.667,7.667,19.333,63.793,57.143,73.913,60.345,4.333,2.167,386.333,19.983,3.0,6.444,4.167,4.64,9.667,9.0,18.667,51.786,2.167,6.167,1.167,1.167,4.167,5.333,2.667,0.167,0.0,0.667,0.0,1.167,0.667,0.5,0.0,0.0,0.833,,0.5,60.0,5.833,1.333,0.667,0.0,0.333,0.0,2,0.333,0.333,0.833,0.5,40.0,3.833,15.646,1.833,0.5,0.833,18.0,9.667,0.833
Sam Day,Gold Coast,23,23.31,14,7.093,53.714,42.857,0,0.0,0,0,82.643,4.571,3.714,8.286,75.862,71.875,80.769,55.172,1.071,0.857,99.0,11.948,1.0,8.286,1.286,6.444,4.143,4.357,8.5,48.739,2.214,2.786,0.571,0.143,0.5,0.643,3.214,0.714,0.571,0.714,0.429,0.357,0.286,0.071,5.643,5.839,1.857,32.911,0.643,34.615,1.786,0.071,1.429,20.0,2.0,25.0,8,0.571,0.143,0.786,0.286,72.727,3.0,13.084,0.786,0.0,3.786,8.357,4.286,3.143
Alex Sexton,Gold Coast,22,22.07,13,8.754,54.154,48.231,1,0.077,1,0,85.692,7.846,3.385,11.231,71.233,67.647,79.545,69.863,3.308,0.462,280.231,24.952,1.923,5.84,2.769,4.056,4.692,6.615,11.308,41.497,1.692,3.769,0.615,0.077,0.846,0.923,2.462,0.231,0.385,0.154,0.538,0.615,1.0,-0.385,0.0,0.0,0.077,,0.0,0.0,2.231,0.385,0.385,20.0,0.615,25.0,8,0.615,0.231,1.0,0.538,61.538,4.154,19.926,0.769,0.846,1.0,15.615,6.077,0.846
Adam Saad,Gold Coast,21,21.43,16,10.562,78.0,64.0,8,0.5,2,3,85.938,7.562,9.438,17.0,83.088,76.86,88.079,44.485,1.375,3.125,300.0,17.647,2.125,8.0,2.25,7.556,5.5,11.062,16.562,33.208,5.312,4.562,0.062,0.062,0.375,0.438,4.125,0.438,0.062,1.25,0.0,0.625,0.688,-0.062,0.0,0.0,0.0,,0.0,,2.75,0.062,1.5,16.667,0.125,50.0,1,0.062,0.125,0.188,0.312,33.333,3.125,14.164,1.375,4.625,2.688,11.562,8.188,2.312
Jack Martin,Gold Coast,20,20.92,12,8.725,71.583,64.167,6,0.5,1,0,69.5,7.5,5.25,12.75,81.046,75.556,88.889,58.824,1.5,0.667,177.583,13.928,1.667,7.65,1.917,6.652,5.917,6.667,12.583,47.02,1.583,3.75,1.583,0.417,0.667,1.083,4.5,1.0,1.417,0.5,1.083,0.917,0.917,0.0,0.0,0.0,0.25,,0.0,0.0,3.25,1.25,0.167,0.0,1.5,33.333,11,0.917,0.75,1.833,0.417,50.0,4.25,19.173,0.833,0.167,1.083,10.667,3.417,0.833
Touk Miller,Gold Coast,19,19.85,22,10.418,73.045,70.136,6,0.273,2,0,83.364,8.364,8.636,17.0,60.695,54.348,66.842,49.198,3.091,0.636,244.227,14.366,2.727,6.233,3.864,4.4,8.818,8.273,17.091,51.596,2.045,6.727,1.318,1.409,1.909,3.318,2.318,0.045,0.227,0.136,0.5,0.727,0.818,-0.091,0.0,0.0,0.091,,0.0,0.0,5.045,1.0,0.182,50.0,0.409,11.111,7,0.318,0.364,0.773,0.682,41.176,4.182,20.087,1.045,0.091,1.364,21.545,9.273,0.545
Jeremy Howe,Melbourne,25,25.5,22,8.859,74.773,65.273,11,0.5,2,3,87.955,9.0,5.227,14.227,77.636,73.737,84.348,63.259,1.318,2.273,223.636,15.719,1.5,9.485,2.227,6.388,4.955,8.773,13.727,36.093,4.682,3.045,0.364,0.136,0.182,0.318,5.045,1.091,0.727,1.818,0.591,0.818,0.591,0.227,0.182,0.176,0.045,25.0,0.0,0.0,2.591,0.364,0.864,31.579,1.091,20.833,10,0.455,0.5,1.182,0.182,38.462,3.455,16.964,1.0,0.455,2.227,7.591,4.773,2.136
Tom McDonald,Melbourne,23,23.28,22,11.718,95.909,80.545,36,1.636,8,0,94.682,12.182,6.773,18.955,76.499,75.373,78.523,64.269,1.409,4.636,333.455,17.592,2.0,9.477,3.636,5.212,6.273,12.318,18.591,33.741,6.409,4.318,0.136,0.136,0.409,0.545,7.045,1.318,0.273,2.045,0.227,0.773,0.545,0.227,2.318,2.246,0.636,27.451,0.091,14.286,2.0,0.045,3.773,19.277,0.5,36.364,5,0.227,0.182,0.455,0.136,50.0,3.0,14.732,1.045,0.409,6.909,7.545,6.0,6.591
Jack Viney,Melbourne,21,21.71,16,11.394,92.125,83.562,31,1.938,7,3,78.938,8.812,13.125,21.938,67.806,57.447,74.762,40.171,2.188,1.688,269.625,12.291,2.688,8.163,3.75,5.85,12.125,10.062,22.188,54.648,2.312,8.375,0.75,2.438,3.125,5.562,1.938,0.25,0.062,0.125,0.125,1.312,1.312,0.0,0.062,0.062,0.062,100.0,0.0,0.0,6.562,0.75,0.438,28.571,0.25,25.0,3,0.188,0.25,0.625,0.125,30.0,4.438,21.713,1.188,0.0,0.625,18.438,10.125,0.312
Sam Frost,Melbourne,22,22.34,3,2.867,40.333,35.667,0,0.0,0,0,59.667,4.0,4.333,8.333,52.0,33.333,69.231,48.0,0.333,1.0,70.0,8.4,0.667,12.5,1.667,5.0,5.0,3.0,8.0,62.5,0.667,3.667,0.667,0.667,1.333,2.0,1.0,0.333,0.0,0.0,0.0,0.667,0.667,0.0,21.667,19.006,4.333,20.0,1.667,38.462,2.0,0.333,0.333,0.0,0.333,0.0,0,0.0,1.0,1.0,0.0,0.0,1.667,7.576,0.333,0.0,0.333,7.667,3.667,0.333
Jesse Hogan,Melbourne,20,20.88,20,9.795,78.25,74.2,38,1.9,7,5,90.4,8.9,4.15,13.05,68.582,65.73,74.699,68.199,2.25,0.05,216.15,16.563,1.0,13.05,2.0,6.525,5.9,6.95,12.85,45.914,1.2,2.75,1.4,0.1,0.1,0.2,6.7,2.35,2.6,0.35,1.1,0.85,0.3,0.55,0.15,0.147,0.0,0.0,0.0,,1.25,0.45,0.1,50.0,5.5,29.091,44,2.2,0.95,3.55,0.6,61.972,6.2,30.244,0.4,0.05,1.1,7.8,2.0,0.7
Christian Salem,Melbourne,20,20.46,10,6.97,74.0,65.1,0,0.0,0,0,78.8,10.1,5.7,15.8,72.152,62.376,89.474,63.924,1.5,2.8,256.6,16.241,1.7,9.294,2.5,6.32,5.1,10.1,15.2,33.553,4.1,3.4,0.0,0.0,0.6,0.6,3.4,0.8,0.1,1.1,0.2,0.7,0.8,-0.1,0.0,0.0,0.0,,0.0,,3.5,0.0,2.1,19.048,0.0,,1,0.1,0.3,0.4,0.1,25.0,2.8,13.93,0.8,1.1,1.5,8.5,6.1,1.3
Jake Melksham,Essendon,24,24.33,18,8.889,60.889,64.833,1,0.056,1,0,81.222,9.5,6.944,16.444,68.581,56.725,84.8,57.77,3.611,1.278,294.833,17.929,3.333,4.933,3.556,4.625,5.889,10.444,16.333,36.054,2.556,4.222,0.389,0.556,1.389,1.944,3.667,0.278,0.278,0.556,0.333,0.667,1.5,-0.833,0.0,0.0,0.056,,0.0,0.0,3.111,0.278,0.667,33.333,0.611,27.273,7,0.389,0.444,1.111,0.333,35.0,4.0,20.225,0.944,0.278,1.889,12.5,6.111,1.389
Dyson Heppell,Essendon,23,23.63,22,13.586,104.818,101.818,20,0.909,9,10,84.045,13.818,11.909,25.727,70.671,59.868,83.206,53.71,3.227,1.455,327.455,12.728,2.045,12.578,4.182,6.152,11.364,14.5,25.864,43.937,3.136,8.136,0.682,1.727,3.136,4.864,3.955,0.227,0.273,0.591,0.318,1.182,0.545,0.636,0.136,0.145,2.136,100.0,0.682,31.915,4.773,0.455,0.5,54.545,0.364,12.5,13,0.591,0.364,1.045,0.227,56.522,4.864,23.778,1.409,0.182,1.409,16.545,8.636,0.909
Zach Merrett,Essendon,20,20.24,17,10.653,88.471,90.529,12,0.706,4,1,79.294,10.941,11.471,22.412,71.129,64.516,77.436,48.819,3.529,1.353,305.412,13.627,2.353,9.525,3.706,6.048,8.118,14.412,22.529,36.031,3.588,6.0,0.882,0.647,1.882,2.529,3.529,0.118,0.059,0.294,0.235,1.235,0.588,0.647,0.0,0.0,0.0,,0.0,,5.765,0.882,0.176,66.667,0.176,0.0,4,0.235,0.235,0.765,0.471,30.769,4.235,20.69,1.118,0.471,1.059,20.941,10.353,0.176
Dane Rampe,Sydney,25,25.57,24,9.871,85.083,74.542,15,0.682,5,0,88.167,11.833,7.208,19.042,78.775,71.831,90.173,62.144,1.625,4.5,369.583,19.409,2.75,6.924,3.458,5.506,4.917,13.667,18.583,26.457,5.792,4.042,0.042,0.042,0.375,0.417,5.708,0.292,0.042,1.333,0.0,0.5,1.125,-0.625,0.0,0.0,0.0,,0.0,,2.5,0.0,2.208,28.302,0.042,0.0,1,0.042,0.125,0.208,0.292,20.0,3.917,16.014,1.417,1.0,4.833,7.958,5.333,4.292
Luke Parker,Sydney,23,23.18,19,12.679,99.737,96.316,39,2.053,8,9,83.158,11.526,14.053,25.579,68.107,57.078,77.154,45.062,2.684,1.105,266.579,10.422,3.632,7.043,4.526,5.651,12.842,12.579,25.421,50.518,2.632,8.0,1.316,1.947,3.579,5.526,3.421,0.684,0.895,0.263,0.158,1.684,1.632,0.053,0.053,0.052,1.211,100.0,0.421,34.783,4.737,1.053,0.158,66.667,1.211,26.087,18,0.947,0.737,2.316,0.368,40.909,6.263,26.682,1.263,0.158,1.211,18.421,8.053,0.526
Harry Cunningham,Sydney,22,22.06,21,8.438,68.238,66.048,3,0.158,1,0,75.19,7.762,7.286,15.048,78.165,76.074,80.392,51.582,1.81,1.0,171.19,11.377,1.095,13.739,1.905,7.9,4.762,10.286,15.048,31.646,1.762,3.667,1.048,0.286,0.667,0.952,4.048,0.286,0.524,0.333,0.19,0.667,0.381,0.286,0.0,0.0,0.0,,0.0,,3.19,0.81,0.381,25.0,0.571,33.333,12,0.571,0.333,1.095,0.333,52.174,4.476,18.54,0.667,0.19,1.0,13.81,5.381,0.524
Jake Lloyd,Sydney,22,22.27,22,7.068,69.364,73.091,2,0.1,1,0,77.727,11.273,8.955,20.227,73.258,62.903,86.294,55.73,2.364,1.727,264.773,13.09,2.091,9.674,3.227,6.268,4.864,15.091,19.955,24.374,2.455,4.182,0.5,0.273,1.182,1.455,4.364,0.045,0.227,0.364,0.091,0.545,0.727,-0.182,0.0,0.0,0.0,,0.0,,2.227,0.409,0.409,55.556,0.182,0.0,3,0.136,0.182,0.409,0.409,33.333,3.955,16.571,0.636,0.091,0.818,14.091,6.591,0.591
Isaac Heeney,Sydney,19,19.65,14,8.671,68.643,68.286,2,0.167,1,2,72.429,8.571,4.071,12.643,72.316,65.833,85.965,67.797,2.929,0.286,209.286,16.554,1.571,8.045,2.143,5.9,4.857,8.0,12.857,37.778,1.143,3.286,1.571,0.071,0.429,0.5,4.786,0.857,1.143,0.357,1.071,0.571,0.214,0.357,0.0,0.0,0.0,,0.0,,3.143,0.786,0.0,,1.071,40.0,16,1.143,0.714,2.286,0.5,50.0,5.571,22.159,0.5,0.071,1.071,10.571,2.429,0.786
Dayne Zorko,Brisbane,26,26.89,22,13.082,100.636,90.318,13,0.591,4,5,82.227,13.636,9.318,22.955,69.703,64.667,77.073,59.406,3.136,2.182,352.5,15.356,3.227,7.113,3.5,6.558,9.409,13.773,23.182,40.588,2.864,6.818,1.455,0.318,2.909,3.227,4.455,0.136,0.455,0.318,0.455,1.318,1.591,-0.273,0.045,0.042,0.0,0.0,0.0,,3.864,0.727,0.318,57.143,0.545,16.667,18,0.818,0.5,1.727,0.545,47.368,5.227,26.316,1.227,1.136,1.045,21.5,9.409,0.273
Ryan Lester,Brisbane,23,23.34,9,8.567,68.333,59.889,2,0.222,1,0,78.778,6.667,6.667,13.333,72.5,70.0,75.0,50.0,1.333,0.778,151.333,11.35,1.444,9.231,2.556,5.217,6.556,6.556,13.111,50.0,2.222,4.667,0.333,1.111,1.556,2.667,4.222,0.556,1.111,0.111,0.556,0.444,0.778,-0.333,0.111,0.101,0.889,100.0,0.333,37.5,2.333,0.111,0.556,60.0,0.556,40.0,8,0.889,0.222,1.111,0.111,80.0,2.889,14.943,0.444,0.222,1.556,12.222,5.667,1.0
James Aish,Brisbane,20,20.14,11,5.273,51.091,53.0,0,0.0,0,0,70.182,7.818,6.455,14.273,63.057,51.163,77.465,54.777,1.455,2.0,208.636,14.618,2.545,5.607,3.182,4.486,5.182,9.545,14.727,35.185,2.727,4.0,0.455,0.0,1.182,1.182,2.182,0.182,0.273,0.364,0.0,0.545,0.727,-0.182,0.0,0.0,0.0,,0.0,,2.636,0.455,0.182,50.0,0.455,0.0,2,0.182,0.091,0.273,0.273,66.667,2.091,11.616,0.455,0.091,0.909,11.455,5.0,0.636
Daniel McStay,Brisbane,20,20.51,20,5.595,46.35,42.3,4,0.2,1,0,88.0,4.6,3.6,8.2,66.463,63.043,70.833,56.098,0.85,0.45,109.05,13.299,1.4,5.857,1.45,5.655,3.65,4.55,8.2,44.512,1.0,2.1,0.6,0.0,0.1,0.1,3.6,1.15,1.2,0.2,0.5,0.3,0.4,-0.1,0.05,0.047,0.0,0.0,0.0,,1.3,0.5,0.35,28.571,2.1,14.286,19,0.95,0.5,1.75,0.3,54.286,2.95,14.787,0.3,0.15,2.15,8.2,3.4,1.85
Scott Pendlebury,Collingwood,27,27.98,22,16.682,116.227,111.045,67,3.045,11,15,85.182,14.591,14.273,28.864,76.378,68.224,84.713,50.551,4.136,1.682,350.409,12.14,2.0,14.432,4.136,6.978,11.0,17.727,28.727,38.291,3.091,7.182,1.136,1.682,2.909,4.591,4.409,0.227,0.864,0.409,0.636,1.364,0.364,1.0,0.091,0.097,0.409,100.0,0.091,22.222,5.091,0.545,0.227,20.0,0.636,50.0,15,0.682,0.364,1.318,0.955,51.724,6.818,27.933,1.545,0.182,1.364,19.682,9.182,0.682
Steele Sidebottom,Collingwood,24,24.99,16,11.944,104.188,102.0,39,2.438,8,9,87.562,15.688,11.625,27.312,76.43,68.127,87.634,57.437,2.625,1.938,353.438,12.941,1.75,15.607,3.562,7.667,8.062,18.688,26.75,30.14,3.438,6.5,0.812,0.438,2.25,2.688,5.312,0.375,0.375,0.562,0.312,0.312,0.312,0.0,0.0,0.0,0.0,,0.0,,3.312,0.438,0.625,40.0,0.5,50.0,7,0.438,0.5,1.125,0.438,38.889,5.938,24.611,1.375,0.562,1.625,17.562,7.875,1.125
Taylor Adams,Collingwood,22,22.27,18,11.111,97.944,101.222,39,2.167,7,8,80.111,14.111,13.333,27.444,62.348,57.087,67.917,51.417,3.556,1.222,327.833,11.945,3.667,7.485,4.778,5.744,11.722,15.5,27.222,43.061,1.778,8.444,1.5,1.889,3.389,5.278,4.389,0.167,0.5,0.167,0.5,0.722,1.444,-0.722,0.0,0.0,0.0,,0.0,,5.0,0.611,0.0,,0.167,33.333,7,0.389,0.333,0.778,0.889,50.0,6.0,24.828,1.056,0.111,0.722,18.0,7.444,0.167
Jamie Elliott,Collingwood,23,23.36,20,9.825,76.6,78.15,14,0.7,2,3,82.05,10.1,4.35,14.45,65.398,61.881,73.563,69.896,2.9,0.65,260.0,17.993,2.25,6.422,3.05,4.738,5.0,9.6,14.6,34.247,1.4,3.0,0.95,0.1,0.75,0.85,5.55,0.75,1.75,0.2,1.3,0.75,0.7,0.05,0.0,0.0,0.05,,0.05,100.0,3.15,0.95,0.15,66.667,1.2,20.833,35,1.75,0.7,2.75,0.9,63.636,5.35,21.616,0.45,0.9,1.35,13.0,3.2,1.05
Jack Crisp,Collingwood,22,22.24,22,12.005,89.364,91.409,11,0.5,4,4,84.773,12.818,9.182,22.0,69.215,62.766,78.218,58.264,4.136,1.5,395.727,17.988,2.682,8.203,4.045,5.438,8.773,13.455,22.227,39.468,2.591,5.955,0.5,1.227,2.318,3.545,3.864,0.227,0.545,0.227,0.136,1.045,0.818,0.227,0.091,0.097,0.318,100.0,0.227,71.429,4.818,0.5,0.364,12.5,0.636,50.0,16,0.727,0.455,1.273,0.318,57.143,5.636,23.091,1.318,0.091,1.455,23.818,10.727,0.727
Brodie Grundy,Collingwood,21,21.71,19,10.621,90.579,91.105,13,0.684,3,0,80.684,8.211,7.211,15.421,63.823,54.487,74.453,53.242,1.789,1.263,178.0,11.543,3.211,4.803,3.053,5.052,8.105,7.211,15.316,52.921,1.895,5.0,0.737,0.579,2.632,3.211,3.474,0.474,0.263,0.316,0.263,1.474,1.579,-0.105,60.579,66.34,24.316,40.139,8.0,32.9,4.474,0.579,0.684,23.077,1.053,25.0,8,0.421,0.158,0.684,0.316,61.538,4.947,20.479,3.0,0.053,1.579,12.737,5.684,1.263
Jordan De Goey,Collingwood,19,19.79,16,7.306,59.0,61.875,2,0.125,1,0,69.625,7.812,6.062,13.875,63.063,47.2,83.505,56.306,2.688,0.562,188.5,13.586,2.75,5.045,3.375,4.111,6.875,6.875,13.75,50.0,1.25,5.062,1.0,0.75,2.25,3.0,1.938,0.188,0.25,0.0,0.25,0.75,0.75,0.0,0.0,0.0,0.0,,0.0,,4.875,1.062,0.062,0.0,0.625,20.0,6,0.375,0.25,0.875,0.375,42.857,3.375,13.99,0.812,0.062,0.875,15.875,5.875,0.375
Jamie Cripps,West Coast,23,23.68,25,9.516,76.16,79.36,10,0.455,3,0,79.92,8.72,5.08,13.8,66.377,58.095,79.032,63.188,3.52,0.44,265.36,19.229,1.52,9.079,1.72,8.023,4.72,9.04,13.76,34.302,0.84,3.667,1.417,0.32,1.04,1.36,4.12,0.04,0.68,0.042,0.625,0.64,0.52,0.12,0.0,0.0,0.0,,0.0,,5.56,2.4,0.042,0.0,0.708,17.647,34,1.36,1.2,2.8,0.88,48.571,6.36,22.489,0.833,0.6,0.72,18.625,4.417,0.417
Jeremy McGovern,West Coast,23,23.71,20,12.095,76.2,56.8,24,1.412,4,2,79.75,7.95,5.5,13.45,81.041,77.703,84.762,59.108,1.15,2.1,208.75,15.52,1.75,7.686,2.15,6.256,6.3,7.5,13.8,45.652,8.15,3.632,0.053,0.0,0.1,0.1,5.45,1.4,0.1,3.421,0.0,0.9,0.55,0.35,1.632,1.582,0.55,35.484,0.158,27.273,1.2,0.0,3.053,24.138,0.158,33.333,3,0.15,0.1,0.25,0.2,60.0,2.75,9.91,1.474,0.15,6.15,7.053,5.632,4.895
Jake Stringer,Western Bulldogs,21,21.68,22,12.382,77.409,74.727,43,2.048,8,3,87.364,10.727,3.545,14.273,59.236,52.542,79.487,75.159,3.136,0.409,291.727,20.439,2.818,5.065,3.273,4.361,6.045,8.136,14.182,42.628,1.182,4.227,2.318,0.318,1.318,1.636,3.5,0.545,1.727,0.045,0.727,0.5,1.091,-0.591,0.136,0.137,0.273,100.0,0.091,33.333,2.682,1.273,0.091,50.0,2.909,25.0,56,2.545,1.455,4.818,0.864,52.83,7.091,28.364,0.864,0.227,0.773,12.182,3.091,0.273
Jason Johannisen,Western Bulldogs,23,23.14,20,10.725,77.5,76.95,13,0.65,5,4,80.8,13.5,6.4,19.9,75.628,70.0,87.5,67.839,4.2,2.8,453.1,22.769,1.95,10.205,3.2,6.219,4.0,15.45,19.45,20.566,3.85,3.4,0.3,0.05,0.6,0.65,5.35,0.2,0.15,0.85,0.15,0.15,0.6,-0.45,0.0,0.0,0.0,,0.0,,1.75,0.05,1.55,19.355,0.1,50.0,7,0.35,0.15,0.6,0.35,58.333,4.15,17.113,0.7,1.85,2.0,9.75,6.4,1.75
Jack Macrae,Western Bulldogs,21,21.4,21,11.457,99.524,103.857,21,1.05,6,11,86.619,13.667,12.714,26.381,69.856,59.93,80.524,51.805,4.19,1.381,305.333,11.574,3.095,8.523,4.81,5.485,10.381,16.333,26.714,38.859,2.571,7.429,1.048,1.19,3.19,4.381,4.619,0.19,0.143,0.286,0.286,1.19,0.667,0.524,0.0,0.0,0.381,,0.048,12.5,5.571,0.714,0.238,40.0,0.333,14.286,5,0.238,0.286,0.81,0.714,29.412,5.571,21.429,1.381,0.571,1.048,19.333,9.524,0.524
Marcus Bontempelli,Western Bulldogs,20,20.1,21,17.148,103.762,92.857,43,2.15,7,13,83.952,12.429,8.714,21.143,69.82,62.452,80.328,58.784,4.857,1.333,390.952,18.491,2.381,8.88,3.476,6.082,10.476,10.905,21.381,48.998,2.238,7.667,1.333,2.0,3.0,5.0,3.286,0.286,0.571,0.381,0.286,0.905,0.81,0.095,0.905,0.925,2.381,100.0,0.952,40.0,5.524,1.238,0.143,0.0,0.762,43.75,17,0.81,0.476,1.762,0.714,45.946,6.19,23.679,1.667,0.762,2.095,18.571,7.81,1.048
Callan Ward,Greater Western Sydney,25,25.72,22,13.305,106.364,100.364,44,2.0,9,19,85.636,11.5,13.773,25.273,75.36,64.032,84.818,45.504,3.955,1.409,325.773,12.89,2.591,9.754,3.591,7.038,11.364,14.318,25.682,44.248,2.773,6.909,0.636,2.318,3.773,6.091,4.682,0.455,0.409,0.591,0.591,1.409,1.091,0.318,0.136,0.134,2.182,100.0,0.818,37.5,5.227,0.545,0.318,42.857,0.182,50.0,10,0.455,0.318,0.955,0.591,47.619,6.182,25.564,1.318,0.727,0.682,16.727,8.364,0.227
Dylan Shiel,Greater Western Sydney,22,22.81,14,15.636,102.786,92.5,44,3.143,7,6,75.643,11.714,14.429,26.143,75.137,61.585,86.139,44.809,3.929,1.286,358.214,13.702,2.286,11.438,2.929,8.927,10.0,16.0,26.0,38.462,2.429,5.714,0.429,1.786,2.929,4.714,2.714,0.0,0.0,0.071,0.214,1.5,0.429,1.071,0.0,0.0,0.071,,0.0,0.0,4.0,0.429,0.0,,0.143,0.0,8,0.571,0.643,1.214,0.786,47.059,7.571,29.692,1.286,1.5,0.857,15.857,6.643,0.071
Adam Treloar,Greater Western Sydney,22,22.81,21,13.119,106.81,104.095,45,2.143,10,7,83.238,12.571,14.952,27.524,74.394,65.53,81.847,45.675,3.286,2.143,344.0,12.498,2.667,10.321,3.619,7.605,10.048,17.19,27.238,36.888,2.429,7.667,1.238,0.905,3.381,4.286,3.81,0.143,0.286,0.238,0.143,0.952,0.762,0.19,0.048,0.047,0.524,100.0,0.238,45.455,5.333,1.0,0.048,0.0,0.095,50.0,14,0.667,0.524,1.381,0.905,48.276,7.048,29.191,1.619,1.286,0.238,13.476,6.333,0.143
Adam Tomlinson,Greater Western Sydney,22,22.39,8,5.513,59.375,64.75,0,0.0,0,0,82.625,8.75,5.0,13.75,77.273,72.857,85.0,63.636,1.75,1.75,199.375,14.5,1.625,8.462,2.375,5.789,3.875,10.0,13.875,27.928,3.125,2.5,0.125,0.0,0.375,0.375,6.25,0.75,0.75,1.0,0.75,0.5,0.375,0.125,8.875,8.701,2.0,22.535,0.625,31.25,1.625,0.25,1.375,36.364,0.875,14.286,2,0.25,0.375,0.625,0.25,40.0,2.25,9.474,0.125,0.25,1.875,7.0,4.0,1.625
Stephen Coniglio,Greater Western Sydney,22,22.04,18,8.739,91.667,90.111,29,1.611,5,4,78.444,10.278,13.111,23.389,69.121,56.757,78.814,43.943,2.167,1.833,222.5,9.513,3.0,7.796,3.389,6.902,9.556,14.444,24.0,39.815,2.389,6.444,1.167,1.833,2.611,4.444,3.556,0.222,0.222,0.222,0.222,0.944,1.278,-0.333,0.056,0.055,0.667,100.0,0.222,33.333,5.444,0.778,0.5,33.333,0.278,0.0,8,0.444,0.167,0.722,0.111,61.538,4.833,19.551,1.389,0.278,1.222,16.889,8.222,0.389
Jeremy Cameron,Greater Western Sydney,22,22.74,22,10.091,74.545,70.136,38,1.727,6,12,89.545,8.409,2.273,10.682,64.255,62.703,70.0,78.723,2.182,0.136,210.136,19.672,2.0,5.341,2.455,4.352,4.273,6.136,10.409,41.048,0.818,2.318,1.136,0.045,0.045,0.091,5.545,0.773,2.955,0.182,3.136,0.955,0.955,0.0,0.0,0.0,0.045,,0.0,0.0,1.682,0.818,0.091,0.0,4.136,27.473,63,2.864,1.682,4.864,0.455,58.879,6.318,26.128,0.318,0.0,0.955,8.818,1.818,0.727
Lachie Whitfield,Greater Western Sydney,21,21.45,21,7.738,77.905,83.238,9,0.429,2,0,85.524,12.857,8.81,21.667,70.549,62.963,81.622,59.341,3.0,1.952,352.048,16.248,3.143,6.894,4.476,4.84,5.333,16.238,21.571,24.724,2.714,4.143,0.619,0.286,1.143,1.429,6.524,0.333,0.286,0.667,0.619,0.619,0.81,-0.19,0.0,0.0,0.0,,0.0,,1.81,0.381,0.381,62.5,0.619,38.462,6,0.286,0.333,0.762,0.381,37.5,4.762,19.841,0.952,0.524,1.333,12.19,5.667,0.81
Aidan Corr,Greater Western Sydney,21,21.62,19,7.326,50.526,37.526,0,0.0,0,0,89.789,4.684,3.895,8.579,84.049,79.775,89.189,54.601,0.421,1.895,114.684,13.368,1.211,7.087,1.053,8.15,3.158,5.053,8.211,38.462,3.789,2.105,0.0,0.0,0.158,0.158,2.842,0.632,0.0,1.0,0.0,0.474,0.737,-0.263,0.316,0.309,0.053,16.667,0.0,0.0,2.211,0.0,3.526,28.358,0.053,0.0,0,0.0,0.0,0.0,0.0,,1.053,4.405,0.632,0.474,5.947,7.053,5.526,5.316
Nick Haynes,Greater Western Sydney,23,23.62,17,9.059,68.471,59.647,6,0.353,2,0,81.353,9.412,4.765,14.176,76.349,70.0,88.889,66.39,1.529,2.882,299.706,21.141,1.059,13.389,2.588,5.477,4.412,9.471,13.882,31.78,5.765,2.765,0.0,0.0,0.118,0.118,5.353,1.176,0.059,2.118,0.059,0.412,0.176,0.235,0.0,0.0,0.0,,0.0,,1.294,0.0,2.529,18.605,0.059,0.0,2,0.118,0.059,0.176,0.118,66.667,2.882,11.836,1.294,1.588,3.941,6.765,5.118,3.706
Toby Greene,Greater Western Sydney,22,22.26,22,9.191,82.818,85.455,8,0.364,1,3,83.273,10.818,11.955,22.773,69.062,54.202,82.51,47.505,3.591,1.318,274.273,12.044,3.455,6.592,4.045,5.629,8.182,14.818,23.0,35.573,1.545,6.182,1.545,0.909,2.273,3.182,4.864,0.364,0.773,0.136,1.045,1.0,1.273,-0.273,0.0,0.0,0.136,,0.045,33.333,3.136,0.682,0.091,50.0,1.545,29.412,15,0.682,0.545,1.773,0.727,38.462,6.182,25.564,0.955,0.273,0.636,13.545,5.364,0.318
Josh Kelly,Greater Western Sydney,20,20.88,18,7.222,70.611,73.278,5,0.278,1,0,76.111,9.556,8.333,17.889,69.565,59.884,80.667,53.416,2.056,1.056,254.278,14.214,1.889,9.471,3.111,5.75,5.722,12.278,18.0,31.79,2.0,4.222,0.833,0.167,1.611,1.778,3.889,0.222,0.611,0.278,0.444,0.611,0.667,-0.056,0.0,0.0,0.0,,0.0,,3.667,0.667,0.222,50.0,0.5,22.222,7,0.389,0.667,1.222,0.556,31.818,4.611,19.715,0.889,0.167,0.667,14.611,5.833,0.333
Tim Membrey,St Kilda,21,21.59,12,6.558,56.5,52.083,0,0.0,0,0,87.083,6.083,4.417,10.5,72.222,72.603,71.698,57.937,2.583,0.083,146.75,13.976,1.333,7.875,2.5,4.2,4.917,5.667,10.583,46.457,0.75,3.667,1.333,0.0,0.333,0.333,4.0,0.833,1.417,0.0,1.667,0.417,0.167,0.25,0.0,0.0,0.0,,0.0,,2.0,1.0,0.0,,3.167,28.947,9,0.75,0.583,1.583,0.333,47.368,4.167,18.182,0.333,0.0,0.917,8.75,2.083,0.833
Jack Sinclair,St Kilda,20,20.88,18,7.989,52.611,48.889,0,0.0,0,0,65.722,4.944,5.833,10.778,73.196,60.674,83.81,45.876,1.556,0.5,139.722,12.964,1.222,8.818,1.444,7.462,4.556,6.444,11.0,41.414,1.833,3.389,1.167,0.389,1.111,1.5,2.222,0.111,0.722,0.167,0.333,0.667,0.444,0.222,0.0,0.0,0.0,,0.0,,2.5,0.5,0.111,50.0,0.333,16.667,18,1.0,0.389,1.5,0.389,66.667,3.556,16.04,0.889,0.333,0.778,13.944,5.5,0.222
Patrick Dangerfield,Adelaide,25,25.73,23,18.804,120.0,106.478,65,3.095,12,22,83.348,14.0,12.826,26.826,67.261,59.317,75.932,52.188,4.957,1.0,405.0,15.097,3.348,8.013,3.913,6.856,15.174,11.826,27.0,56.2,3.217,10.0,1.435,3.565,3.565,7.13,3.652,1.261,0.609,0.913,0.13,1.609,1.043,0.565,0.087,0.09,1.391,100.0,0.348,25.0,5.478,0.826,0.174,25.0,1.391,28.125,21,0.913,0.609,1.87,0.652,48.837,7.13,26.58,2.217,0.348,1.696,17.087,7.217,1.174
Taylor Walker,Adelaide,25,25.68,23,9.704,82.652,81.435,35,1.667,6,10,91.348,11.0,3.174,14.174,60.736,58.498,68.493,77.607,3.696,0.13,324.304,22.88,3.391,4.179,4.0,3.543,5.0,9.522,14.522,34.431,0.87,3.087,1.478,0.0,0.043,0.043,7.435,1.043,3.13,0.087,3.13,0.783,1.261,-0.478,0.174,0.181,0.043,25.0,0.0,0.0,1.348,0.652,0.13,33.333,4.043,26.882,59,2.565,1.957,5.043,0.826,50.862,7.652,28.525,0.304,0.217,1.13,9.304,2.043,0.696
Brodie Smith,Adelaide,23,23.96,21,11.514,76.857,69.714,24,1.263,4,6,77.429,12.619,5.524,18.143,69.816,64.151,82.759,69.554,3.619,4.286,504.667,27.816,2.381,7.62,4.429,4.097,5.048,11.048,16.095,31.361,4.714,3.762,0.143,0.143,0.905,1.048,3.857,0.476,0.143,1.381,0.19,0.81,0.429,0.381,0.0,0.0,0.0,,0.0,,1.857,0.238,0.714,20.0,0.095,0.0,7,0.333,0.286,0.762,0.524,43.75,5.0,18.389,1.762,0.857,2.0,9.762,5.238,1.619
Rory Laird,Adelaide,22,22.0,23,10.704,94.217,88.522,21,1.0,8,2,82.13,12.565,11.87,24.435,79.715,72.318,87.546,51.423,1.87,3.435,314.696,12.879,2.391,10.218,3.565,6.854,7.783,16.478,24.261,32.079,7.0,6.13,0.261,0.13,0.696,0.826,5.783,0.609,0.087,1.783,0.087,0.913,0.652,0.261,0.0,0.0,0.0,,0.0,,2.522,0.087,1.348,25.806,0.043,100.0,2,0.087,0.174,0.304,0.087,28.571,4.913,18.314,1.174,0.217,1.652,10.87,7.391,1.261
Jarryd Lyons,Adelaide,23,23.44,13,7.346,43.538,43.846,0,0.0,0,0,47.385,6.615,4.923,11.538,63.333,58.14,70.312,57.333,2.231,0.846,189.538,16.427,1.538,7.5,2.462,4.688,5.462,6.308,11.769,46.405,1.077,3.923,0.538,1.154,1.769,2.923,1.692,0.0,0.231,0.0,0.077,0.308,0.308,0.0,0.0,0.0,0.0,,0.0,,1.923,0.308,0.0,,0.385,20.0,4,0.308,0.154,0.538,0.538,57.143,3.385,12.429,0.769,0.077,0.923,10.231,3.385,0.308
Charlie Cameron,Adelaide,21,21.48,22,7.423,56.864,54.182,6,0.3,1,0,82.636,6.864,3.364,10.227,57.778,50.993,71.622,67.111,2.636,0.091,200.909,19.644,2.273,4.5,2.318,4.412,4.773,5.727,10.5,45.455,1.136,3.818,1.909,0.182,0.455,0.636,2.773,0.273,0.955,0.136,0.818,0.591,0.773,-0.182,0.0,0.0,0.0,,0.0,,2.818,1.182,0.045,0.0,1.182,19.231,29,1.318,1.091,2.773,0.773,47.541,5.227,19.199,0.727,0.455,0.909,12.909,2.591,0.409
Todd Goldstein,North Melbourne,27,27.5,24,17.004,128.125,111.083,73,3.476,11,18,89.917,6.542,8.125,14.667,76.136,71.975,79.487,44.602,2.208,0.875,173.542,11.832,2.083,7.04,2.0,7.333,8.292,6.708,15.0,55.278,2.708,4.875,0.667,1.292,2.125,3.417,4.167,1.333,0.417,1.333,0.417,1.833,1.125,0.708,87.5,89.514,44.083,50.381,14.125,32.042,4.25,0.625,0.5,25.0,1.333,25.0,11,0.458,0.417,1.125,0.542,40.741,7.417,29.568,4.833,0.0,2.625,13.625,5.542,2.167
Luke McDonald,North Melbourne,20,20.89,14,6.579,53.357,52.071,2,0.154,2,0,80.0,7.5,6.929,14.429,76.733,67.619,86.598,51.98,1.786,2.714,271.5,18.817,2.214,6.516,3.214,4.489,4.071,10.571,14.643,27.805,3.429,3.143,0.071,0.071,0.5,0.571,3.143,0.143,0.071,0.429,0.0,0.714,0.857,-0.143,0.0,0.0,0.0,,0.0,,1.929,0.143,1.143,31.25,0.143,50.0,1,0.071,0.0,0.143,0.071,50.0,2.929,11.453,1.143,0.429,1.857,8.714,5.714,1.571
Michael Walters,Fremantle,24,24.98,22,12.795,82.682,72.955,26,1.3,6,3,81.364,10.227,4.864,15.091,66.566,61.778,76.636,67.771,3.045,0.5,286.955,19.015,1.864,8.098,2.818,5.355,6.773,8.364,15.136,44.745,1.864,4.182,1.5,0.409,0.864,1.273,3.5,0.682,1.182,0.273,0.909,1.682,0.773,0.909,0.0,0.0,0.0,,0.0,,2.455,0.818,0.045,100.0,1.864,24.39,44,2.0,0.864,3.455,0.545,57.895,5.909,26.423,0.591,0.682,0.909,11.318,3.727,0.364
Nat Fyfe,Fremantle,24,24.28,20,18.755,122.05,103.6,100,5.556,13,31,87.0,13.7,15.05,28.75,69.565,56.569,81.395,47.652,4.35,1.2,379.65,13.205,3.75,7.667,4.9,5.867,17.8,11.35,29.15,61.063,3.85,9.9,1.45,3.5,5.15,8.65,4.2,1.65,1.0,0.95,0.4,1.15,2.15,-1.0,0.0,0.0,2.1,,0.95,45.238,4.3,0.4,0.3,16.667,2.2,50.0,17,0.85,0.7,1.95,0.7,43.59,7.45,33.333,2.5,0.35,1.55,16.2,7.25,0.75
Lachie Neale,Fremantle,22,22.6,24,11.621,102.625,99.833,44,2.0,9,10,76.958,13.375,14.083,27.458,75.417,63.551,86.686,48.71,2.75,1.958,331.417,12.07,2.042,13.449,3.292,8.342,11.542,16.125,27.667,41.717,3.208,7.0,0.625,1.417,4.417,5.833,4.75,0.125,0.375,0.458,0.125,1.167,0.875,0.292,0.0,0.0,0.0,,0.0,,3.583,0.625,0.125,66.667,0.042,0.0,16,0.667,0.417,1.292,0.333,51.613,5.167,23.485,1.167,0.167,0.5,14.833,7.125,0.167
Travis Boak,Port Adelaide,27,27.41,22,13.395,99.136,96.136,44,2.0,7,16,81.318,11.455,14.091,25.545,68.505,58.73,76.452,44.84,4.045,1.0,308.5,12.077,3.545,7.205,3.955,6.46,11.545,14.0,25.545,45.196,2.273,7.682,1.864,2.0,3.227,5.227,3.182,0.227,0.273,0.318,0.136,1.227,1.182,0.045,0.045,0.041,0.364,100.0,0.045,12.5,5.455,0.727,0.182,25.0,0.455,30.0,13,0.591,0.636,1.545,0.864,38.235,6.636,27.969,1.364,0.409,1.091,20.591,9.773,0.364
Ollie Wines,Port Adelaide,21,21.23,13,12.5,97.308,92.615,28,2.154,5,6,73.308,11.462,13.0,24.462,65.723,52.349,77.515,46.855,3.769,1.0,327.769,13.399,3.385,7.227,4.0,6.115,12.385,12.538,24.923,49.691,2.385,8.846,1.462,2.231,3.538,5.769,2.692,0.154,0.154,0.231,0.231,1.077,0.769,0.308,0.308,0.267,2.462,100.0,0.769,31.25,5.231,0.615,0.077,0.0,0.231,33.333,4,0.308,0.154,0.692,0.769,44.444,5.385,23.973,1.923,0.077,0.923,20.615,10.308,0.154
Jarman Impey,Port Adelaide,20,20.47,17,5.829,52.353,51.882,0,0.0,0,0,76.529,6.353,6.235,12.588,74.299,63.889,84.906,50.467,1.706,0.706,173.118,13.752,2.059,6.114,2.0,6.294,4.118,8.412,12.529,32.864,2.706,3.176,0.059,0.176,0.647,0.824,3.235,0.294,0.235,0.471,0.176,0.353,0.765,-0.412,0.0,0.0,0.0,,0.0,,3.0,0.294,1.118,21.053,0.294,40.0,1,0.059,0.235,0.412,0.235,14.286,2.529,10.75,0.529,0.706,1.588,11.176,6.647,1.0
Mitch Duncan,Geelong,24,24.55,11,13.109,91.364,79.818,28,2.545,3,6,80.0,9.545,11.818,21.364,83.404,80.0,86.154,44.681,3.0,2.0,284.818,13.332,2.818,7.581,1.818,11.75,7.909,14.727,22.636,34.94,2.909,5.909,0.455,1.455,1.091,2.545,5.636,0.273,0.636,0.455,0.182,0.909,1.455,-0.545,0.0,0.0,0.0,,0.0,,2.364,0.364,0.091,100.0,0.364,75.0,8,0.727,0.273,1.091,0.818,66.667,7.0,30.315,1.545,0.727,1.182,14.636,6.455,0.273
Cameron Guthrie,Geelong,23,23.36,21,13.052,97.143,84.619,39,1.857,7,6,80.571,9.143,12.429,21.571,75.938,71.875,78.927,42.384,2.619,1.19,231.333,10.724,2.286,9.438,2.286,9.438,9.381,12.571,21.952,42.733,1.905,6.143,0.952,1.429,2.381,3.81,3.286,0.476,0.238,0.286,0.19,0.667,1.19,-0.524,0.095,0.101,0.381,100.0,0.19,50.0,5.238,0.857,0.619,30.769,0.238,40.0,13,0.619,0.333,1.095,0.571,56.522,5.571,23.732,1.667,0.714,1.286,18.19,9.286,0.571
Jed Bews,Geelong,22,22.04,16,5.8,45.562,42.188,4,0.25,1,0,82.5,4.375,5.312,9.688,78.71,70.0,85.882,45.161,0.875,1.25,126.0,13.006,1.125,8.611,1.188,8.158,3.812,5.938,9.75,39.103,3.938,2.938,0.125,0.062,0.0,0.062,2.188,0.25,0.0,0.688,0.062,0.562,0.562,0.0,0.0,0.0,0.0,,0.0,,3.125,0.062,1.5,25.0,0.062,0.0,1,0.062,0.125,0.188,0.125,33.333,1.562,7.003,0.312,0.25,2.688,10.0,6.75,2.312
Mark Blicavs,Geelong,24,24.75,21,11.81,104.286,97.381,33,1.571,10,4,89.429,7.429,10.762,18.19,75.654,70.513,79.204,40.838,2.286,1.238,183.095,10.065,1.952,9.317,2.333,7.796,9.524,9.19,18.714,50.891,3.143,6.381,0.714,1.667,1.857,3.524,4.571,0.905,0.333,1.143,0.333,1.238,1.048,0.19,34.143,36.085,16.333,47.838,4.333,26.531,6.0,0.619,0.81,23.529,1.429,30.0,4,0.19,0.286,0.571,0.333,33.333,4.19,17.85,1.905,0.0,2.952,16.619,8.238,2.238
Luke Breust,Hawthorn,25,25.13,25,13.48,84.44,74.92,24,1.143,7,3,81.56,7.84,6.84,14.68,73.569,65.816,82.456,53.406,2.88,0.12,211.36,14.398,2.24,6.554,2.48,5.919,7.44,7.92,15.36,48.438,1.44,5.12,1.96,0.84,1.2,2.04,3.76,0.4,1.44,0.16,0.88,1.12,1.2,-0.08,0.0,0.0,0.32,,0.12,37.5,3.84,0.84,0.08,50.0,1.36,35.294,52,2.08,0.76,2.96,0.76,70.27,7.16,25.793,1.28,0.24,0.84,15.96,4.64,0.36
Taylor Duryea,Hawthorn,24,24.68,22,7.714,75.5,79.455,7,0.389,3,0,75.136,12.773,5.045,17.818,77.806,75.089,84.685,71.684,2.091,3.318,322.545,18.102,1.682,10.595,3.591,4.962,4.273,13.0,17.273,24.737,4.636,3.045,0.182,0.091,0.318,0.409,7.091,0.773,0.227,1.818,0.091,0.591,0.364,0.227,0.0,0.0,0.0,,0.0,,2.136,0.136,1.273,25.0,0.182,75.0,6,0.273,0.091,0.545,0.318,50.0,4.045,14.76,1.318,0.727,1.955,9.091,5.636,1.682
Jack Gunston,Hawthorn,24,24.2,24,12.938,96.5,91.292,41,1.864,9,7,89.792,11.542,4.958,16.5,75.0,72.202,81.513,69.949,2.5,0.583,236.292,14.321,1.167,14.143,1.833,9.0,5.25,11.333,16.583,31.658,1.792,2.75,1.75,0.042,0.375,0.417,7.458,1.25,2.458,0.375,1.875,0.958,0.417,0.542,0.083,0.083,0.292,100.0,0.083,28.571,2.167,1.125,0.125,33.333,3.208,37.662,57,2.375,1.458,4.375,0.833,54.286,8.083,28.826,0.708,0.083,1.833,11.333,2.667,1.292
Bradley Hill,Hawthorn,22,22.47,24,10.05,77.75,74.125,19,0.95,5,4,83.125,12.167,7.708,19.875,76.939,70.89,86.486,61.216,3.75,1.625,365.667,18.398,2.0,9.938,3.167,6.276,3.458,16.625,20.083,17.22,1.458,3.0,0.708,0.042,0.917,0.958,3.875,0.0,0.333,0.083,0.417,0.083,0.625,-0.542,0.0,0.0,0.0,,0.0,,2.0,0.292,0.208,60.0,0.5,8.333,16,0.667,0.375,1.125,1.042,59.259,5.833,21.244,0.5,1.375,0.875,13.375,5.375,0.208
Liam Duggan,West Coast,19,19.05,12,6.425,42.583,45.25,0,0.0,0,0,58.5,6.833,5.0,11.833,68.31,55.696,87.931,57.746,2.917,0.083,220.333,18.62,1.417,8.353,2.167,5.462,3.917,7.917,11.833,33.099,1.5,3.091,0.818,0.333,0.667,1.0,3.083,0.25,0.333,0.273,0.0,0.333,0.667,-0.333,0.0,0.0,0.0,,0.0,,1.583,0.5,0.091,100.0,0.182,0.0,1,0.083,0.333,0.667,0.167,12.5,3.917,13.467,0.909,0.167,0.417,11.182,2.909,0.273
Tom Lynch,Gold Coast,23,23.16,20,12.4,88.35,79.45,31,1.55,9,5,95.35,10.6,4.15,14.75,64.068,58.491,78.313,71.864,3.6,1.0,301.55,20.444,2.8,5.268,4.05,3.642,7.4,7.45,14.85,49.832,2.15,3.35,1.5,0.05,0.15,0.2,6.7,2.55,2.4,0.9,1.25,1.05,1.25,-0.2,3.8,3.946,0.8,21.053,0.25,31.25,1.65,0.75,0.25,20.0,4.65,30.108,43,2.15,1.65,4.15,0.65,51.807,6.35,30.166,0.7,0.3,3.4,12.05,4.2,2.75
Sean Lemmens,Gold Coast,21,21.16,18,5.8,43.944,45.944,0,0.0,0,0,76.667,5.667,4.944,10.611,70.157,57.843,84.27,53.403,1.389,1.444,154.833,14.592,2.556,4.152,3.167,3.351,3.944,6.778,10.722,36.788,3.111,2.889,0.5,0.056,0.389,0.444,2.833,0.333,0.167,0.611,0.278,0.611,0.944,-0.333,0.0,0.0,0.0,,0.0,,2.889,0.5,0.5,33.333,0.333,50.0,3,0.167,0.222,0.611,0.167,27.273,2.444,11.892,0.611,0.167,1.444,12.333,7.444,1.167
Jack Billings,St Kilda,20,20.36,9,9.9,84.333,84.111,7,0.778,1,2,84.778,11.111,9.222,20.333,67.76,60.0,77.108,54.645,3.556,1.444,267.222,13.142,1.222,16.636,3.444,5.903,7.0,13.333,20.333,34.426,1.667,4.889,1.333,0.222,1.444,1.667,4.444,0.222,1.0,0.111,0.778,1.222,0.0,1.222,0.0,0.0,0.0,,0.0,,3.111,0.556,0.0,,1.111,60.0,7,0.778,0.667,2.0,0.667,38.889,5.778,26.263,0.778,0.333,0.889,12.667,5.111,0.667
Rhys Stanley,Geelong,25,25.08,8,10.5,72.75,67.375,3,0.375,1,0,80.0,6.625,5.75,12.375,67.677,62.264,73.913,53.535,3.0,0.625,249.0,20.121,2.875,4.304,2.5,4.95,5.0,7.375,12.375,40.404,1.75,3.875,0.5,1.375,1.125,2.5,3.25,0.5,0.5,0.375,0.375,0.375,1.75,-1.375,61.375,61.298,15.375,25.051,5.0,32.52,2.75,0.625,0.375,33.333,1.0,25.0,6,0.75,0.25,1.0,0.5,75.0,3.875,17.714,1.75,0.125,1.625,10.0,4.0,1.25
James Sicily,Hawthorn,20,20.98,3,7.5,59.0,56.667,0,0.0,0,0,75.667,6.333,6.333,12.667,73.684,57.895,89.474,50.0,1.0,0.0,160.0,12.632,1.0,12.667,1.0,12.667,4.0,9.333,13.333,30.0,1.667,2.0,0.667,0.0,0.667,0.667,3.667,0.333,2.333,0.333,0.333,1.333,0.0,1.333,0.0,0.0,0.333,,0.333,100.0,1.0,1.0,0.0,,2.0,16.667,4,1.333,0.333,1.667,0.667,80.0,4.333,16.667,0.667,0.0,1.0,10.333,2.0,0.667
Zac O'Brien,Brisbane,25,25.17,8,4.688,53.0,57.0,0,0.0,0,0,64.0,7.125,5.875,13.0,72.115,59.649,87.234,54.808,1.875,0.875,130.125,10.01,1.75,7.429,2.375,5.474,4.75,9.0,13.75,34.545,1.25,3.25,0.5,1.125,1.625,2.75,2.5,0.0,0.0,0.25,0.0,1.0,0.875,0.125,0.0,0.0,0.0,,0.0,,4.5,0.75,0.125,0.0,0.375,0.0,0,0.0,0.0,0.125,0.0,0.0,3.0,13.115,0.875,0.0,1.0,13.625,6.125,0.25
Mason Wood,North Melbourne,22,22.29,7,5.914,55.286,56.143,0,0.0,0,0,75.143,8.0,6.857,14.857,63.462,53.571,75.0,53.846,2.429,0.857,209.286,14.087,2.286,6.5,2.143,6.933,5.571,9.714,15.286,36.449,2.143,4.714,1.286,0.0,0.429,0.429,4.0,0.143,0.429,0.429,0.429,0.429,0.857,-0.429,0.0,0.0,0.0,,0.0,,1.714,0.571,0.143,100.0,1.429,30.0,1,0.143,0.857,1.143,0.429,12.5,4.286,18.293,0.286,0.429,1.286,10.143,5.143,0.857
Darcy Gardiner,Brisbane,20,20.27,8,4.65,43.25,36.0,0,0.0,0,0,75.375,5.25,4.25,9.5,72.368,66.667,79.412,55.263,0.375,2.125,104.5,11.0,2.75,3.455,1.625,5.846,3.125,6.375,9.5,32.895,3.625,2.375,0.0,0.0,0.125,0.125,2.75,0.5,0.375,1.0,0.125,0.75,2.0,-1.25,0.0,0.0,0.0,,0.0,,2.0,0.0,2.375,26.316,0.125,100.0,1,0.125,0.0,0.25,0.0,50.0,1.5,7.843,0.75,0.0,6.0,7.25,6.5,5.375
Harris Andrews,Brisbane,19,19.05,19,8.153,64.211,52.316,4,0.211,2,0,91.947,6.211,5.421,11.632,85.068,79.661,91.262,53.394,0.526,1.368,115.158,9.9,1.316,8.84,1.211,9.609,4.316,7.526,11.842,36.444,4.842,2.316,0.211,0.053,0.263,0.316,5.263,1.105,0.211,2.211,0.158,0.737,0.737,0.0,3.474,3.172,1.263,36.364,0.316,25.0,1.474,0.105,2.474,29.787,0.579,18.182,4,0.211,0.105,0.368,0.053,57.143,1.895,9.399,0.737,0.0,5.0,7.842,5.211,4.579
Tom Mitchell,Sydney,22,22.58,19,10.5,102.947,104.789,29,1.706,7,12,77.947,11.158,15.947,27.105,71.068,59.906,78.878,41.165,2.842,0.895,269.947,9.959,2.737,9.904,3.947,6.867,10.105,17.211,27.316,36.994,2.421,7.684,1.316,1.526,2.579,4.105,3.684,0.0,0.368,0.053,0.368,0.947,0.737,0.211,0.0,0.0,0.0,,0.0,,6.526,1.0,0.053,100.0,0.105,0.0,10,0.526,0.368,1.053,0.789,50.0,6.263,25.926,1.105,0.053,0.421,19.579,9.316,0.158
Will Hoskin-Elliott,Greater Western Sydney,22,22.32,11,3.473,41.273,50.0,0,0.0,0,0,76.091,6.818,2.909,9.727,65.421,54.667,90.625,70.093,1.818,0.818,189.545,19.486,1.455,6.687,2.273,4.28,2.455,7.182,9.636,25.472,0.636,1.818,0.364,0.091,0.364,0.455,4.091,0.455,1.091,0.0,0.364,0.273,0.455,-0.182,0.0,0.0,0.0,,0.0,,2.545,0.545,0.0,,0.727,25.0,3,0.273,0.727,1.364,0.273,20.0,2.909,12.749,0.273,0.273,0.727,11.364,4.727,0.545
Kyle Langford,Essendon,19,19.08,8,3.7,34.875,36.0,0,0.0,0,0,61.625,3.375,4.625,8.0,75.0,59.259,86.486,42.188,1.25,0.125,68.125,8.516,1.5,5.333,1.5,5.333,3.375,5.0,8.375,40.299,1.0,2.125,0.625,0.125,0.25,0.375,1.875,0.25,0.5,0.0,0.125,0.75,0.625,0.125,0.0,0.0,0.0,,0.0,,2.375,1.25,0.0,,1.375,9.091,3,0.375,0.375,0.875,0.25,42.857,3.375,14.754,0.5,0.125,1.0,13.25,3.625,0.75
Jimmy Webster,St Kilda,22,22.5,17,8.135,65.294,59.588,1,0.059,1,0,85.412,8.941,6.471,15.412,78.244,69.737,90.0,58.015,1.118,2.706,222.471,14.435,2.176,7.081,1.706,9.034,4.529,10.706,15.235,29.73,4.0,3.824,0.176,0.059,0.471,0.529,4.059,0.059,0.059,0.471,0.059,0.647,0.882,-0.235,0.0,0.0,0.0,,0.0,,2.294,0.059,0.941,18.75,0.118,50.0,1,0.059,0.118,0.235,0.235,25.0,3.176,13.953,1.0,0.529,2.706,9.824,7.412,2.235
Blake Acres,St Kilda,20,20.23,7,7.457,47.571,47.286,0,0.0,0,0,56.286,6.286,5.571,11.857,73.494,61.364,87.179,53.012,2.429,0.571,171.571,14.47,1.571,7.545,3.0,3.952,4.857,7.429,12.286,39.535,0.857,3.429,0.714,0.429,1.0,1.429,2.571,0.571,0.143,0.143,0.143,0.286,0.857,-0.571,0.0,0.0,1.429,,0.143,10.0,2.571,0.571,0.143,0.0,0.429,33.333,0,0.0,0.143,0.143,0.286,0.0,2.571,11.111,0.286,0.0,1.0,11.857,4.571,0.714
Jarrod Witts,Collingwood,23,23.29,11,9.982,72.909,71.364,0,0.0,0,0,81.818,5.273,5.182,10.455,66.087,50.0,82.456,50.435,1.909,0.455,129.091,12.348,2.182,4.792,2.364,4.423,6.091,4.818,10.909,55.833,1.273,4.091,0.545,1.0,1.818,2.818,2.091,0.455,0.455,0.364,0.455,1.364,0.909,0.455,55.0,56.701,22.273,40.496,6.091,27.347,3.727,0.727,0.727,50.0,1.455,12.5,5,0.455,0.364,0.818,0.455,55.556,3.455,14.615,1.364,0.0,3.182,11.636,4.182,2.636
Lachie Hunter,Western Bulldogs,21,21.04,13,9.754,79.615,80.231,19,1.583,4,2,71.385,11.308,10.769,22.077,76.655,67.347,86.429,51.22,2.923,2.154,313.077,14.181,1.769,12.478,2.308,9.567,5.308,17.0,22.308,23.793,3.154,4.0,0.462,0.154,1.077,1.231,4.923,0.077,0.308,0.385,0.308,1.0,0.462,0.538,0.0,0.0,0.0,,0.0,,2.154,0.077,0.154,100.0,0.462,0.0,3,0.231,0.385,0.615,0.769,37.5,5.077,19.701,0.769,0.692,0.692,11.462,5.462,0.308
Zac Williams,Greater Western Sydney,21,21.27,12,10.317,69.583,64.667,1,0.083,1,0,64.833,8.667,6.917,15.583,78.075,73.077,84.337,55.615,1.75,2.167,275.5,17.679,1.833,8.5,2.417,6.448,4.917,11.083,16.0,30.729,3.417,3.75,0.25,0.417,1.167,1.583,4.25,0.25,0.25,1.083,0.25,0.25,0.417,-0.167,0.0,0.0,0.0,,0.0,,2.583,0.5,0.667,25.0,0.167,50.0,5,0.417,0.25,0.833,0.167,50.0,3.5,14.286,1.167,1.167,1.917,9.333,5.333,1.417
Matt Crouch,Adelaide,20,20.69,17,7.447,67.353,70.588,2,0.133,1,0,59.824,8.529,12.471,21.0,71.148,56.552,81.132,40.616,1.882,1.118,216.176,10.294,2.882,7.286,3.059,6.865,8.529,12.471,21.0,40.616,1.882,5.941,0.588,1.294,2.706,4.0,2.647,0.176,0.059,0.294,0.0,0.471,0.941,-0.471,0.0,0.0,0.0,,0.0,,3.353,0.294,0.059,0.0,0.059,100.0,2,0.118,0.353,0.529,0.118,22.222,4.706,17.467,1.176,0.059,0.588,13.235,6.118,0.235
Jake Lever,Adelaide,19,19.82,12,7.25,64.333,54.167,0,0.0,0,0,90.25,9.0,4.667,13.667,78.049,75.926,82.143,65.854,0.667,3.25,202.5,14.817,2.0,6.833,2.5,5.467,3.917,9.25,13.167,29.747,5.917,2.917,0.0,0.0,0.0,0.0,5.0,0.417,0.0,1.583,0.0,0.583,0.833,-0.25,0.083,0.089,0.083,100.0,0.0,0.0,1.167,0.0,2.667,43.75,0.0,,0,0.0,0.0,0.0,0.083,,1.583,5.828,0.917,0.167,4.833,5.333,4.5,4.667
Alex Pearce,Fremantle,20,20.56,13,5.408,51.0,44.231,0,0.0,0,0,88.846,5.615,5.0,10.615,73.913,69.863,78.462,52.899,0.615,1.154,91.692,8.638,1.692,6.273,1.615,6.571,4.308,6.923,11.231,38.356,3.308,3.0,0.462,0.0,0.077,0.077,3.846,0.615,0.308,0.769,0.231,0.385,0.846,-0.462,0.0,0.0,0.231,,0.0,0.0,1.538,0.308,2.462,43.75,0.615,50.0,3,0.231,0.231,0.769,0.077,30.0,2.154,10.036,0.385,0.0,4.846,8.077,4.538,4.0
Bailey Dale,Western Bulldogs,19,19.44,10,4.81,31.3,33.3,0,0.0,0,0,58.8,4.2,3.6,7.8,71.795,57.143,88.889,53.846,1.3,0.3,128.0,16.41,0.9,8.667,1.6,4.875,2.4,5.4,7.8,30.769,0.4,2.3,0.7,0.0,0.7,0.7,1.5,0.0,0.2,0.0,0.1,0.0,0.2,-0.2,0.0,0.0,0.0,,0.0,,1.4,0.2,0.0,,0.7,14.286,6,0.6,0.4,1.1,0.3,54.545,2.4,9.486,0.1,0.2,0.2,6.9,2.2,0.1
Liam McBean,Richmond,21,21.34,2,2.65,31.0,31.5,0,0.0,0,0,66.5,4.5,3.5,8.0,50.0,22.222,85.714,56.25,0.0,0.0,65.0,8.125,1.0,8.0,2.0,4.0,3.5,4.5,8.0,43.75,0.5,2.5,1.0,0.0,0.5,0.5,2.5,0.5,0.5,0.5,1.0,0.5,0.5,0.0,0.0,0.0,0.0,,0.0,,1.0,0.5,0.5,0.0,2.5,20.0,0,0.0,0.5,1.5,0.0,0.0,3.0,12.766,0.0,0.0,0.5,6.5,0.5,0.5
Karl Amon,Port Adelaide,20,20.36,7,7.143,52.429,50.286,1,0.143,1,0,49.714,6.857,3.571,10.429,73.973,70.833,80.0,65.753,1.857,0.857,148.571,14.247,0.714,14.6,0.714,14.6,3.286,6.857,10.143,32.394,1.143,2.429,0.857,0.286,0.714,1.0,2.429,0.143,0.571,0.0,0.429,0.714,0.0,0.714,0.0,0.0,0.143,,0.143,100.0,2.429,0.571,0.0,,0.143,0.0,5,0.714,0.429,1.429,0.286,50.0,3.571,14.793,0.571,0.0,1.286,10.286,2.714,0.286
Joel Hamling,Western Bulldogs,22,22.72,11,6.618,54.636,45.364,0,0.0,0,0,92.0,5.818,4.273,10.091,84.685,81.25,89.362,57.658,0.364,2.0,75.818,7.514,1.182,8.538,1.182,8.538,3.091,6.909,10.0,30.909,3.545,1.727,0.0,0.0,0.091,0.091,4.818,1.0,0.0,1.636,0.091,0.455,0.364,0.091,0.091,0.087,0.091,100.0,0.0,0.0,1.364,0.0,3.364,29.73,0.182,0.0,0,0.0,0.0,0.0,0.0,,1.455,5.461,0.636,0.364,6.091,5.636,4.636,5.909
Peter Wright,Gold Coast,19,19.31,3,1.8,34.667,33.333,0,0.0,0,0,84.333,4.0,1.667,5.667,64.706,58.333,80.0,70.588,1.0,0.333,88.333,15.588,2.0,2.833,1.667,3.4,3.333,2.667,6.0,55.556,0.333,1.0,0.333,0.333,0.333,0.667,2.667,1.0,0.667,0.333,0.333,1.333,0.0,1.333,13.333,12.539,2.333,17.5,1.0,42.857,1.0,0.0,0.0,,3.333,20.0,1,0.333,0.333,1.0,0.0,33.333,1.667,10.87,0.667,0.0,2.0,8.667,1.667,2.0
Orazio Fantasia,Essendon,20,20.29,5,10.22,65.2,66.4,0,0.0,0,0,72.6,8.2,8.0,16.2,80.247,75.61,85.0,50.617,2.8,1.8,282.2,17.42,2.0,8.1,3.0,5.4,3.6,12.4,16.0,22.5,2.6,2.8,0.0,0.4,0.2,0.6,3.2,0.0,0.0,0.4,0.4,0.8,0.6,0.2,0.0,0.0,0.4,,0.2,50.0,3.6,0.2,0.0,,0.2,0.0,2,0.4,0.0,0.6,0.4,66.667,2.8,14.583,0.2,1.2,1.4,11.8,7.2,0.8
Max Gawn,Melbourne,24,24.0,13,13.323,102.077,91.923,14,1.077,4,4,87.846,5.538,8.0,13.538,74.432,58.333,85.577,40.909,1.692,0.923,121.923,9.006,2.0,6.769,2.0,6.769,7.385,6.154,13.538,54.545,2.231,3.769,0.769,1.538,1.385,2.923,4.462,2.231,0.462,1.077,0.0,1.231,1.538,-0.308,75.615,75.557,37.308,49.339,11.923,31.959,2.231,0.385,0.846,18.182,1.231,25.0,6,0.462,0.308,0.846,0.385,54.545,4.846,23.596,2.692,0.0,2.308,7.846,3.769,2.0
Jack Darling,West Coast,23,23.54,15,9.553,76.733,68.267,10,0.833,1,3,88.267,7.2,4.2,11.4,70.76,66.667,77.778,63.158,2.067,0.2,204.333,17.924,1.733,6.577,1.8,6.333,5.533,6.333,11.867,46.629,1.0,2.6,1.2,0.067,0.267,0.333,5.2,1.4,1.933,0.133,1.467,1.0,0.733,0.267,0.0,0.0,0.0,,0.0,,3.067,1.067,0.2,0.0,4.133,22.581,26,1.733,1.2,3.133,0.8,55.319,6.333,22.3,0.4,0.067,1.867,10.733,3.133,1.2
Alex Neal-Bullen,Melbourne,19,19.97,11,5.273,42.818,41.636,0,0.0,0,0,58.636,5.455,4.0,9.455,65.385,61.667,70.455,57.692,1.364,0.727,128.727,13.615,1.455,6.5,2.364,4.0,4.0,5.727,9.727,41.121,0.818,3.0,0.727,0.364,0.909,1.273,1.818,0.091,0.273,0.0,0.182,0.364,0.545,-0.182,0.0,0.0,0.0,,0.0,,2.364,0.364,0.091,0.0,0.636,0.0,6,0.545,0.364,1.0,0.0,54.545,1.727,8.225,0.273,0.0,0.909,12.909,5.364,0.182
Jack Steele,Greater Western Sydney,20,20.04,7,6.971,64.286,64.429,0,0.0,0,0,70.857,4.286,9.857,14.143,73.737,66.667,76.812,30.303,1.571,0.286,88.429,6.253,1.143,12.375,1.429,9.9,7.429,6.571,14.0,53.061,1.429,5.714,1.0,0.143,2.286,2.429,2.286,0.571,0.429,0.0,0.286,0.714,0.429,0.286,0.0,0.0,1.571,,0.143,9.091,5.714,0.857,0.0,,0.714,20.0,1,0.143,0.286,0.429,0.143,33.333,2.714,12.838,0.714,0.0,0.429,17.286,6.286,0.286
Rory Lobb,Greater Western Sydney,22,22.89,9,7.9,62.222,55.111,0,0.0,0,0,85.444,4.333,4.0,8.333,76.0,71.795,80.556,52.0,0.333,0.222,92.111,11.053,1.444,5.769,1.0,8.333,4.556,4.0,8.556,53.247,1.444,2.0,0.444,0.222,0.0,0.222,3.222,1.556,0.556,0.778,0.111,0.667,0.778,-0.111,35.889,35.033,8.889,24.768,2.889,32.5,3.222,0.889,0.556,0.0,2.111,31.579,6,0.667,0.333,1.111,0.222,60.0,2.889,14.054,0.889,0.0,2.778,12.333,5.444,2.0
Jake Kolodjashnij,Geelong,20,20.39,9,7.478,67.222,56.222,0,0.0,0,0,90.333,6.444,7.556,14.0,86.508,89.655,83.824,46.032,0.444,1.333,93.889,6.706,1.0,14.0,1.556,9.0,5.556,8.444,14.0,39.683,5.444,4.333,0.0,0.111,0.111,0.222,3.778,0.667,0.0,1.0,0.0,0.556,0.444,0.111,0.0,0.0,0.0,,0.0,,2.778,0.0,3.222,17.241,0.333,66.667,0,0.0,0.111,0.111,0.0,0.0,2.556,10.407,0.444,0.0,4.778,6.889,5.778,4.778
Zak Jones,Sydney,20,20.79,11,5.591,44.727,42.273,0,0.0,0,0,60.455,6.273,4.455,10.727,82.203,73.913,93.878,58.475,1.727,2.455,172.455,16.076,1.455,7.375,1.636,6.556,3.545,7.364,10.909,32.5,3.455,3.182,0.182,0.182,0.182,0.364,1.818,0.0,0.0,0.455,0.0,0.364,0.364,0.0,0.0,0.0,0.0,,0.0,,2.455,0.182,0.182,50.0,0.091,0.0,0,0.0,0.0,0.091,0.273,0.0,2.455,10.266,1.182,0.0,1.091,8.636,4.727,0.909
Nick Holman,Carlton,20,20.59,8,5.787,40.625,36.625,0,0.0,0,0,69.5,3.875,5.5,9.375,81.333,72.414,86.486,41.333,1.75,0.875,106.0,11.307,1.125,8.333,1.75,5.357,3.5,6.5,10.0,35.0,2.25,2.857,0.143,0.0,0.625,0.625,1.875,0.375,0.125,0.143,0.0,0.5,0.875,-0.375,0.0,0.0,0.0,,0.0,,2.625,0.25,0.857,33.333,0.143,0.0,0,0.0,0.0,0.0,0.5,,1.75,9.032,0.286,0.375,0.75,9.714,4.0,0.571
Toby Nankervis,Sydney,21,21.38,5,4.38,42.0,47.8,0,0.0,0,0,69.4,3.4,4.4,7.8,61.538,29.412,86.364,43.59,1.2,0.2,54.6,7.0,2.2,3.545,1.8,4.333,4.0,4.0,8.0,50.0,0.6,3.0,0.4,0.4,0.8,1.2,1.8,0.4,0.4,0.0,0.2,0.4,1.0,-0.6,32.4,33.82,8.4,25.926,2.6,30.952,4.0,0.4,0.2,100.0,2.0,10.0,1,0.2,0.4,1.2,0.4,16.667,3.2,14.286,1.0,0.0,0.8,13.8,6.2,0.6
Darcy Moore,Collingwood,19,19.93,9,8.333,53.889,48.222,1,0.111,1,0,80.222,5.444,3.556,9.0,70.37,65.306,78.125,60.494,1.444,0.111,105.444,11.716,1.444,6.231,1.889,4.765,5.111,4.111,9.222,55.422,1.556,3.111,1.778,0.0,0.778,0.778,3.222,1.0,1.222,0.222,0.667,1.111,0.667,0.444,7.222,7.506,2.556,35.385,0.556,21.739,1.778,0.333,0.444,0.0,2.778,20.0,9,1.0,0.333,1.778,0.222,56.25,3.333,14.423,0.222,0.111,1.778,8.111,2.444,1.444
Brayden Maynard,Collingwood,19,19.27,9,4.667,56.778,57.667,0,0.0,0,0,82.222,8.444,5.333,13.778,71.774,67.105,79.167,61.29,0.889,1.889,186.222,13.516,2.222,6.2,3.222,4.276,4.0,9.778,13.778,29.032,3.667,3.111,0.333,0.0,0.444,0.444,2.778,0.111,0.0,0.556,0.0,1.0,0.778,0.222,0.0,0.0,0.0,,0.0,,3.333,0.111,1.444,30.769,0.111,0.0,2,0.222,0.0,0.222,0.111,100.0,1.778,7.882,0.556,0.333,1.889,12.889,9.0,1.556
Tom Downie,Greater Western Sydney,22,22.67,7,8.414,67.286,55.857,0,0.0,0,0,77.286,2.143,4.286,6.429,80.0,60.0,90.0,33.333,0.714,0.429,46.286,7.2,2.286,2.813,1.0,6.429,3.571,3.429,7.0,51.02,1.286,2.143,0.143,0.429,0.714,1.143,2.571,0.857,0.286,0.571,0.286,0.143,1.857,-1.714,71.0,68.837,22.0,30.986,7.286,33.117,3.714,0.429,1.286,33.333,1.571,18.182,2,0.286,0.0,0.429,0.143,66.667,3.286,14.744,1.857,0.0,3.286,13.0,4.857,2.714
Caleb Daniel,Western Bulldogs,19,19.48,10,7.02,52.8,50.7,0,0.0,0,0,62.1,5.5,7.6,13.1,74.046,67.273,78.947,41.985,1.9,0.3,131.3,10.023,1.4,9.357,1.9,6.895,4.9,8.2,13.1,37.405,2.7,4.4,0.8,0.1,0.5,0.6,2.3,0.0,0.3,0.3,0.3,0.7,0.4,0.3,0.0,0.0,0.0,,0.0,,2.2,0.5,0.0,,0.2,0.0,6,0.6,0.2,0.8,0.6,75.0,4.2,15.613,1.3,0.3,0.4,11.2,4.1,0.2
Jayden Laverde,Essendon,19,19.71,9,6.2,57.333,58.778,0,0.0,0,0,76.0,5.444,7.556,13.0,85.47,79.592,89.706,41.88,1.444,0.778,138.556,10.658,1.556,8.357,1.778,7.312,3.889,9.0,12.889,30.172,1.0,2.556,0.778,0.556,0.556,1.111,3.556,0.333,0.556,0.111,0.444,0.556,0.889,-0.333,0.0,0.0,0.222,,0.0,0.0,3.778,1.111,0.222,100.0,1.556,7.143,5,0.556,0.111,0.667,0.111,83.333,3.444,16.316,0.556,0.333,0.667,11.222,3.0,0.333
James Harmes,Melbourne,20,20.23,8,5.688,54.25,48.125,0,0.0,0,0,67.75,5.375,6.375,11.75,59.574,48.837,68.627,45.745,2.0,0.375,161.25,13.723,2.625,4.476,3.375,3.481,5.875,6.25,12.125,48.454,1.25,4.375,2.0,0.0,0.375,0.375,2.375,0.75,0.5,0.25,0.25,0.625,1.125,-0.5,0.0,0.0,0.0,,0.0,,3.0,0.75,0.0,,0.75,16.667,3,0.375,0.625,1.125,0.375,33.333,3.875,18.023,0.625,0.125,0.75,11.5,4.5,0.625
Riley Knight,Adelaide,20,20.76,11,6.364,54.182,52.818,0,0.0,0,0,76.182,5.636,6.727,12.364,73.529,59.677,85.135,45.588,2.091,0.545,154.273,12.478,1.455,8.5,2.0,6.182,4.636,8.182,12.818,36.17,1.909,3.636,0.909,0.091,0.182,0.273,3.273,0.091,0.727,0.273,0.182,0.545,0.727,-0.182,0.0,0.0,0.0,,0.0,,2.364,1.091,0.182,50.0,0.545,33.333,8,0.727,0.455,1.364,0.909,53.333,4.636,16.832,0.636,0.091,0.545,11.636,4.455,0.273
Tom Campbell,Western Bulldogs,24,24.16,6,9.517,61.167,61.833,0,0.0,0,0,86.0,4.0,7.167,11.167,70.149,50.0,81.395,35.821,2.0,0.5,147.5,13.209,2.5,4.467,1.833,6.091,6.667,4.5,11.167,59.701,2.833,4.833,1.0,1.5,0.833,2.333,2.333,0.5,0.0,1.0,0.333,1.0,1.5,-0.5,64.333,67.838,22.833,35.492,6.167,27.007,2.167,0.167,0.5,0.0,1.333,25.0,0,0.0,0.5,0.5,0.333,0.0,4.0,14.458,2.5,0.0,1.667,8.167,3.0,1.5
Rory Atkins,Adelaide,21,21.46,8,6.787,52.5,49.0,0,0.0,0,0,64.125,7.75,5.125,12.875,80.583,77.419,85.366,60.194,1.875,1.125,179.0,13.903,1.375,9.364,1.125,11.444,3.25,9.75,13.0,25.0,2.5,2.25,0.25,0.125,0.75,0.875,3.25,0.0,0.0,0.375,0.125,0.125,0.625,-0.5,0.0,0.0,0.0,,0.0,,1.125,0.125,0.375,0.0,0.125,0.0,4,0.5,0.0,0.5,0.25,100.0,3.0,9.959,0.875,0.0,1.375,8.75,4.0,0.625
Tom Barrass,West Coast,20,20.22,3,6.767,63.0,52.667,0,0.0,0,0,84.0,7.333,5.0,12.333,75.676,68.182,86.667,59.459,0.667,1.667,166.0,13.459,0.667,18.5,2.333,5.286,5.333,7.333,12.667,42.105,5.333,2.333,0.0,0.0,0.0,0.0,5.667,2.0,0.0,2.0,0.0,1.0,0.0,1.0,0.0,0.0,0.0,,0.0,,0.667,0.0,3.0,33.333,0.0,,0,0.0,0.0,0.0,0.333,,1.667,6.667,1.667,0.0,6.333,3.333,3.333,6.0
Lachie Weller,Fremantle,19,19.85,3,3.967,38.333,40.0,0,0.0,0,0,49.0,4.667,5.667,10.333,77.419,71.429,82.353,45.161,1.333,1.667,170.667,16.516,1.333,7.75,3.667,2.818,2.333,8.0,10.333,22.581,1.667,1.667,0.667,0.0,0.0,0.0,2.333,0.333,0.0,0.333,0.333,0.333,0.667,-0.333,0.0,0.0,0.0,,0.0,,2.333,0.0,0.667,0.0,0.0,,0,0.0,0.0,0.0,0.333,,1.333,6.897,0.333,1.0,0.667,10.0,4.0,0.667
Jono Marsh,Collingwood,20,20.2,5,4.8,43.8,35.2,0,0.0,0,0,77.4,5.2,5.0,10.2,64.706,57.692,72.0,50.98,0.4,1.6,138.2,13.549,2.0,5.1,2.2,4.636,4.6,6.0,10.6,43.396,4.2,3.8,0.2,0.0,0.0,0.0,2.0,0.2,0.0,0.6,0.0,0.6,1.4,-0.8,0.0,0.0,0.0,,0.0,,1.8,0.8,2.2,27.273,0.2,0.0,0,0.0,0.0,0.0,0.0,,1.4,5.882,0.4,0.4,3.6,5.8,3.8,3.2
Zaine Cordy,Western Bulldogs,19,19.17,2,2.5,23.0,19.0,0,0.0,0,0,56.0,1.0,3.0,4.0,50.0,0.0,66.667,25.0,0.0,0.0,19.5,4.875,0.5,8.0,1.0,4.0,3.0,2.0,5.0,60.0,3.0,2.0,0.0,0.0,0.0,0.0,1.0,0.0,0.0,0.0,0.0,0.5,0.5,0.0,0.0,0.0,0.0,,0.0,,2.0,0.5,0.5,100.0,0.0,,0,0.0,0.0,0.0,0.0,,0.5,1.887,0.5,0.0,2.0,8.0,6.5,1.0
Conor McKenna,Essendon,19,19.75,2,4.7,44.0,51.0,0,0.0,0,0,69.5,6.5,4.5,11.0,72.727,61.538,88.889,59.091,3.0,0.0,212.0,19.273,3.0,3.667,1.5,7.333,4.5,7.5,12.0,37.5,2.0,2.5,1.0,0.0,0.5,0.5,3.5,0.5,0.5,0.0,0.0,1.5,1.0,0.5,0.0,0.0,0.0,,0.0,,1.5,0.0,0.0,,1.0,0.0,2,1.0,1.5,2.5,0.5,40.0,4.0,21.622,0.5,0.0,0.0,10.0,3.0,0.0
Ed Langdon,Fremantle,19,19.91,2,3.85,53.5,68.5,0,0.0,0,0,80.5,10.0,6.0,16.0,65.625,50.0,91.667,62.5,2.5,0.5,310.0,19.375,4.0,4.0,4.5,3.556,3.5,12.5,16.0,21.875,2.0,3.0,0.5,0.0,0.0,0.0,6.0,0.0,1.0,0.5,1.0,0.5,1.0,-0.5,0.0,0.0,0.0,,0.0,,2.5,0.0,0.0,,1.0,50.0,0,0.0,1.0,1.0,0.0,0.0,3.0,16.667,1.0,1.5,0.5,16.0,9.0,0.5
Oscar McDonald,Melbourne,19,19.78,2,1.95,32.0,53.5,0,0.0,0,0,90.5,7.0,8.0,15.0,56.667,42.857,68.75,46.667,1.0,0.5,150.0,10.0,3.5,4.286,2.5,6.0,3.5,11.5,15.0,23.333,3.0,3.5,0.0,0.0,0.0,0.0,6.5,0.0,0.0,0.0,0.0,0.0,1.0,-1.0,0.0,0.0,0.0,,0.0,,0.0,0.0,3.5,28.571,0.0,,0,0.0,0.0,0.0,0.0,,3.0,14.286,0.5,0.0,3.5,4.5,4.0,3.0
Connor Blakely,Fremantle,19,19.83,1,3.2,37.0,34.0,0,0.0,0,0,85.0,3.0,9.0,12.0,75.0,100.0,66.667,25.0,0.0,0.0,32.0,2.667,2.0,6.0,4.0,3.0,5.0,8.0,13.0,38.462,1.0,2.0,0.0,2.0,0.0,2.0,1.0,0.0,0.0,0.0,0.0,2.0,1.0,1.0,0.0,0.0,1.0,,0.0,0.0,1.0,1.0,1.0,100.0,1.0,0.0,0,0.0,0.0,0.0,0.0,,0.0,0.0,0.0,0.0,0.0,15.0,9.0,0.0
Brady Grey,Fremantle,20,20.44,1,11.3,63.0,65.0,0,0.0,0,0,96.0,11.0,9.0,20.0,75.0,54.545,100.0,55.0,1.0,3.0,331.0,16.55,5.0,4.0,6.0,3.333,6.0,13.0,19.0,31.579,5.0,4.0,0.0,0.0,1.0,1.0,3.0,0.0,0.0,2.0,0.0,2.0,3.0,-1.0,0.0,0.0,0.0,,0.0,,3.0,0.0,0.0,,0.0,,0,0.0,0.0,1.0,0.0,0.0,2.0,15.385,0.0,0.0,4.0,9.0,6.0,3.0
Ethan Hughes,Fremantle,21,21.06,1,8.0,71.0,93.0,0,0.0,0,0,95.0,12.0,10.0,22.0,68.182,50.0,90.0,54.545,2.0,2.0,278.0,12.636,3.0,7.333,7.0,3.143,5.0,16.0,21.0,23.81,6.0,4.0,0.0,0.0,0.0,0.0,8.0,1.0,0.0,2.0,0.0,1.0,0.0,1.0,0.0,0.0,0.0,,0.0,,3.0,1.0,2.0,0.0,0.0,,0,0.0,0.0,0.0,0.0,,1.0,7.692,0.0,0.0,3.0,11.0,6.0,3.0
