Player,Team,JumperNumber,Age,Age_Decimal,Height,Position,DebutYear,Matches_Career,Goals_Total_Career,Matches_Finals,Goals_Total_Finals,Matches_Current,Goals_Total_Current,RatingPoints_Career,Supercoach_Career,Disposals_Career,ContestedPossessions_Career,Goals_Career,RatingPoints_Recent,Supercoach_Recent,Disposals_Recent,ContestedPossessions_Recent,Goals_Recent
Alex Neal-Bullen,Adelaide,28,29,29.97,182,Gen. Forward,2015.0,201,133.0,12.0,7.0,25,17.0,9.524,72.353,15.836,6.154,0.662,9.895,78.8,16.25,6.35,0.65
Ben Keays,Adelaide,2,28,28.85,185,Gen. Forward,2016.0,161,128.0,2.0,1.0,25,36.0,10.317,82.391,19.205,8.025,0.795,9.5,78.5,16.2,6.9,1.25
Billy Dowling,Adelaide,31,21,21.5,187,Mid-Forward,2024.0,10,6.0,0.0,,1,2.0,6.78,65.6,16.7,6.3,0.6,6.78,65.6,16.7,6.3,0.6
Brayden Cook,Adelaide,15,23,23.45,189,Mid-Forward,2021.0,30,15.0,0.0,,3,0.0,5.313,45.7,9.933,3.1,0.5,5.535,46.75,8.9,2.75,0.6
Brodie Smith,Adelaide,33,33,33.96,194,Gen. Defender,2011.0,273,74.0,10.0,4.0,11,3.0,10.593,77.615,19.319,5.168,0.271,7.63,59.1,14.05,4.1,0.15
Charlie Edwards,Adelaide,11,20,20.62,191,Gen. Defender,,0,,,,0,,,,,,,,,,,
Chayce Jones,Adelaide,1,25,25.96,180,Midfielder,2019.0,97,23.0,0.0,,5,0.0,6.506,52.763,12.691,4.835,0.237,6.665,51.15,12.3,4.45,0.3
Chris Burgess,Adelaide,21,30,30.09,193,Key Forward,2019.0,44,21.0,0.0,,1,0.0,6.073,51.568,8.386,4.545,0.477,5.74,52.9,8.1,4.4,0.45
Daniel Curtin,Adelaide,6,20,20.81,197,Midfielder,2024.0,32,14.0,2.0,0.0,25,11.0,8.722,64.125,12.125,5.781,0.438,9.83,75.9,14.1,7.05,0.35
Darcy Fogarty,Adelaide,32,26,26.26,192,Key Forward,2018.0,126,199.0,2.0,1.0,24,41.0,8.139,61.048,10.0,4.468,1.579,5.95,59.8,11.3,3.75,1.45
Harry Schoenberg,Adelaide,26,24,24.85,180,Midfielder,2020.0,62,22.0,0.0,,1,0.0,7.582,60.855,15.468,6.468,0.355,6.855,52.2,13.15,5.4,0.3
Hugh Bond,Adelaide,40,21,21.26,185,Gen. Defender,2024.0,12,0.0,1.0,0.0,5,0.0,6.25,45.417,8.5,4.417,0.0,6.25,45.417,8.5,4.417,0.0
Isaac Cumming,Adelaide,44,27,27.38,188,Midfielder,2018.0,105,17.0,9.0,2.0,24,7.0,8.944,76.914,18.143,4.914,0.162,8.03,65.05,14.65,5.35,0.25
Izak Rankine,Adelaide,23,25,25.69,179,Mid-Forward,2020.0,105,153.0,0.0,,22,31.0,11.583,79.819,15.543,8.152,1.457,13.155,98.4,20.45,11.25,1.35
Jake Soligo,Adelaide,14,22,22.93,179,Midfielder,2022.0,85,36.0,2.0,1.0,25,14.0,10.033,78.459,18.929,8.459,0.424,10.255,84.55,19.85,8.95,0.5
James Borlase,Adelaide,35,23,23.45,192,Key Defender,2023.0,16,1.0,0.0,,2,0.0,6.481,58.625,9.562,3.938,0.062,6.481,58.625,9.562,3.938,0.062
James Peatling,Adelaide,25,25,25.36,186,Midfielder,2021.0,68,28.0,5.0,4.0,23,12.0,7.709,64.206,14.191,6.412,0.412,9.4,81.55,18.7,8.85,0.55
Jordan Dawson,Adelaide,12,28,28.72,190,Midfielder,2017.0,156,78.0,3.0,1.0,25,18.0,12.534,100.904,22.404,7.071,0.5,14.34,112.6,22.65,9.85,0.8
Jordon Butts,Adelaide,41,26,26.0,195,Key Defender,2020.0,85,0.0,0.0,,10,0.0,5.825,50.224,9.224,3.318,0.0,5.855,48.35,8.05,2.8,0.0
Josh Rachele,Adelaide,8,22,22.72,180,Gen. Forward,2022.0,70,97.0,1.0,2.0,14,27.0,9.026,65.029,13.414,4.8,1.386,10.38,65.75,11.65,3.85,1.9
Josh Worrell,Adelaide,24,24,24.72,195,Gen. Defender,2021.0,55,0.0,2.0,0.0,25,0.0,8.729,83.655,18.055,6.073,0.0,8.725,95.25,21.6,6.45,0.0
Karl Gallagher,Adelaide,36,23,23.85,185,Gen. Forward,,0,,,,0,,,,,,,,,,,
Kieran Strachan,Adelaide,45,30,30.23,202,Ruck,2020.0,7,1.0,0.0,,0,,7.557,73.429,11.143,6.0,0.143,7.557,73.429,11.143,6.0,0.143
Lachlan McAndrew,Adelaide,42,25,25.6,210,Ruck,2023.0,2,0.0,0.0,,0,,4.6,38.0,6.0,4.0,0.0,4.6,38.0,6.0,4.0,0.0
Lachlan Murphy,Adelaide,4,27,27.07,178,Gen. Forward,2018.0,120,75.0,0.0,,5,0.0,7.241,56.733,11.542,5.492,0.625,5.97,51.2,10.8,5.35,0.35
Lachlan Sholl,Adelaide,38,25,25.81,186,Midfielder,2020.0,79,26.0,0.0,,5,1.0,7.01,68.43,17.633,4.759,0.329,7.54,78.25,20.3,5.35,0.5
Luke Nankervis,Adelaide,27,22,22.6,189,Midfielder,2023.0,31,1.0,0.0,,7,0.0,6.742,63.516,15.548,4.645,0.032,7.27,64.65,15.85,5.1,0.05
Luke Pedlar,Adelaide,10,23,23.62,183,Gen. Forward,2021.0,39,40.0,2.0,4.0,9,13.0,5.587,45.923,9.205,4.205,1.026,4.89,43.5,8.4,3.85,1.0
Mark Keane,Adelaide,48,25,25.79,194,Key Defender,2020.0,56,0.0,2.0,0.0,25,0.0,9.725,74.357,15.232,4.875,0.0,10.235,81.95,15.1,4.95,0.0
Matt Crouch,Adelaide,5,30,30.69,181,Midfielder,2014.0,164,31.0,7.0,2.0,6,1.0,10.868,96.22,28.25,11.024,0.189,11.53,99.5,28.5,11.85,0.05
Max Michalanney,Adelaide,16,21,21.84,190,Gen. Defender,2023.0,66,4.0,2.0,0.0,21,4.0,5.609,61.136,13.015,3.621,0.061,5.86,60.75,13.3,3.5,0.2
Mitchell Hinge,Adelaide,20,27,27.5,187,Gen. Defender,2019.0,89,8.0,2.0,0.0,24,1.0,9.526,79.427,17.876,5.562,0.09,6.99,67.6,14.6,4.1,0.0
Nick Murray,Adelaide,9,25,25.03,195,Key Defender,2021.0,67,1.0,2.0,0.0,12,0.0,6.594,50.597,8.672,3.478,0.015,5.54,49.5,9.3,2.85,0.0
Oscar Ryan,Adelaide,22,20,20.63,187,Gen. Defender,,0,,,,0,,,,,,,,,,,
Reilly O'Brien,Adelaide,43,30,30.36,201,Ruck,2016.0,146,17.0,2.0,0.0,25,3.0,12.135,96.705,13.171,7.966,0.116,10.58,99.1,12.6,6.9,0.15
Riley Thilthorpe,Adelaide,7,23,23.48,201,Key Forward,2021.0,78,119.0,2.0,5.0,25,60.0,10.064,73.244,11.654,6.756,1.526,13.465,98.05,13.4,7.75,2.25
Rory Laird,Adelaide,29,32,32.0,178,Gen. Defender,2013.0,269,31.0,9.0,0.0,22,1.0,11.161,101.152,26.874,9.71,0.115,9.63,106.4,23.95,8.05,0.05
Sam Berry,Adelaide,3,23,23.88,181,Midfielder,2021.0,76,18.0,2.0,0.0,19,6.0,8.347,65.737,13.658,7.447,0.237,9.165,69.2,15.05,7.5,0.35
Sid Draper,Adelaide,34,19,19.49,182,Mid-Forward,2025.0,10,3.0,0.0,,10,3.0,2.43,23.3,7.2,2.8,0.3,2.43,23.3,7.2,2.8,0.3
Taylor Walker,Adelaide,13,35,35.68,192,Key Forward,2009.0,301,680.0,12.0,25.0,23,39.0,11.243,75.405,12.601,5.794,2.259,8.41,66.4,12.2,5.2,1.65
Toby Murray,Adelaide,39,22,22.15,200,Ruck,,0,,,,0,,,,,,,,,,,
Tyler Welsh,Adelaide,17,19,19.37,192,Key Forward,,0,,,,0,,,,,,,,,,,
Wayne Milera,Adelaide,30,28,28.29,185,Gen. Defender,2016.0,123,31.0,2.0,0.0,24,2.0,8.536,71.789,17.114,4.919,0.252,8.895,83.75,18.4,5.1,0.05
Zac Taylor,Adelaide,19,22,22.91,180,Gen. Forward,2024.0,26,8.0,2.0,0.0,17,4.0,5.515,46.192,9.731,4.538,0.308,5.585,45.5,9.25,4.0,0.35
Brandon Ryan,Brisbane,24,28,28.14,200,Key Forward,2023.0,4,5.0,0.0,,0,,3.175,31.25,5.0,1.5,1.25,3.175,31.25,5.0,1.5,1.25
Brandon Starcevich,Brisbane,37,26,26.43,188,Gen. Defender,2018.0,132,8.0,18.0,0.0,14,1.0,6.594,57.75,11.788,4.159,0.061,6.545,54.7,11.05,3.6,0.05
Bruce Reville,Brisbane,38,24,24.85,185,Midfielder,2024.0,25,7.0,3.0,0.0,13,3.0,6.08,46.56,9.96,2.6,0.28,5.445,42.15,9.3,2.35,0.3
Callum Ah Chee,Brisbane,4,28,28.22,182,Gen. Forward,2016.0,169,99.0,16.0,15.0,26,24.0,6.717,58.728,12.207,4.941,0.586,5.93,63.35,13.7,4.1,0.85
Cam Rayner,Brisbane,16,26,26.19,187,Gen. Forward,2018.0,167,171.0,17.0,20.0,27,36.0,8.943,66.623,13.461,6.024,1.024,10.76,76.2,16.0,6.8,1.55
Charlie Cameron,Brisbane,23,31,31.49,180,Gen. Forward,2014.0,254,436.0,27.0,53.0,25,32.0,9.187,68.181,11.157,4.728,1.717,7.06,59.4,9.85,3.95,1.4
Conor McKenna,Brisbane,26,29,29.76,184,Gen. Forward,2015.0,128,29.0,9.0,1.0,5,2.0,8.503,63.32,16.18,3.828,0.227,4.315,40.85,10.15,2.2,0.1
Darcy Craven,Brisbane,45,21,21.44,174,Gen. Forward,,0,,,,0,,,,,,,,,,,
Darcy Fort,Brisbane,32,32,32.4,204,Ruck,2019.0,57,21.0,6.0,1.0,21,4.0,9.37,71.368,9.684,6.421,0.368,10.295,79.45,10.0,6.3,0.15
Darcy Gardiner,Brisbane,27,30,30.27,192,Key Defender,2014.0,183,14.0,14.0,0.0,18,6.0,6.813,59.842,11.956,4.437,0.077,6.365,55.85,9.75,3.35,0.4
Darcy Wilmot,Brisbane,44,22,22.0,183,Gen. Defender,2022.0,83,12.0,14.0,1.0,27,6.0,10.098,78.867,18.398,5.494,0.145,11.845,86.55,20.15,4.95,0.25
Darragh Joyce,Brisbane,41,28,28.69,195,Key Defender,2018.0,24,0.0,0.0,,0,,4.638,42.958,9.833,3.458,0.0,4.555,43.7,9.7,3.25,0.0
Dayne Zorko,Brisbane,15,36,36.89,175,Gen. Defender,2012.0,304,237.0,20.0,5.0,27,4.0,13.258,99.461,21.99,7.868,0.78,11.665,103.05,26.55,5.0,0.05
Deven Robertson,Brisbane,2,24,24.5,185,Gen. Forward,2020.0,47,10.0,7.0,2.0,4,0.0,5.415,49.277,10.34,4.66,0.213,4.345,39.95,8.35,3.8,0.15
Eric Hipwood,Brisbane,30,28,28.29,204,Key Forward,2016.0,199,287.0,14.0,18.0,22,25.0,5.803,57.332,10.101,4.025,1.442,5.3,55.65,10.55,4.15,1.1
Harris Andrews,Brisbane,31,29,29.05,200,Key Defender,2015.0,239,11.0,20.0,0.0,27,0.0,11.76,80.916,13.205,5.188,0.046,11.91,87.05,14.75,5.2,0.0
Henry Smith,Brisbane,25,23,23.26,202,Key Forward,2024.0,6,4.0,0.0,,2,4.0,5.333,41.167,6.333,3.667,0.667,5.333,41.167,6.333,3.667,0.667
Hugh McCluggage,Brisbane,6,27,27.83,187,Midfielder,2017.0,209,134.0,20.0,16.0,27,18.0,11.489,95.593,22.598,8.593,0.641,15.84,116.7,28.0,12.15,0.75
Jack Payne,Brisbane,40,26,26.21,196,Key Defender,2020.0,81,2.0,10.0,0.0,13,0.0,7.149,60.198,10.469,3.593,0.025,7.34,62.7,10.7,3.0,0.0
James Tunstill,Brisbane,29,22,22.45,187,Midfielder,2022.0,12,1.0,0.0,,3,0.0,4.05,31.583,7.167,2.417,0.083,4.05,31.583,7.167,2.417,0.083
Jarrod Berry,Brisbane,7,27,27.9,193,Midfielder,2017.0,184,73.0,19.0,6.0,24,9.0,8.57,78.592,17.81,6.592,0.397,9.455,84.0,19.4,5.95,0.35
Jaspa Fletcher,Brisbane,3,21,21.84,184,Gen. Defender,2023.0,68,20.0,11.0,5.0,27,7.0,8.599,71.735,16.662,5.029,0.294,11.125,90.75,22.3,5.9,0.25
Josh Dunkley,Brisbane,5,28,28.97,191,Midfielder,2016.0,194,80.0,22.0,7.0,27,7.0,11.822,103.649,23.299,10.412,0.412,12.69,112.95,24.5,10.6,0.25
Kai Lohmann,Brisbane,1,22,22.65,185,Gen. Forward,2022.0,53,57.0,8.0,17.0,18,20.0,6.875,59.226,10.377,4.472,1.075,6.32,56.45,10.7,4.25,1.25
Keidean Coleman,Brisbane,18,25,25.75,182,Gen. Defender,2020.0,66,14.0,9.0,0.0,1,0.0,7.856,68.727,14.379,4.455,0.212,8.985,78.35,17.25,4.2,0.1
Lachie Neale,Brisbane,9,32,32.6,177,Midfielder,2012.0,294,136.0,25.0,8.0,22,8.0,14.055,107.18,27.354,13.082,0.463,14.41,104.8,27.25,12.35,0.35
Levi Ashcroft,Brisbane,10,19,19.03,181,Midfielder,2025.0,27,12.0,4.0,1.0,27,12.0,7.015,72.852,19.148,6.111,0.444,6.965,72.05,18.85,6.5,0.45
Lincoln McCarthy,Brisbane,11,32,32.19,176,Gen. Forward,2012.0,151,167.0,15.0,11.0,0,,8.26,64.623,11.854,5.576,1.106,8.825,66.65,12.3,5.15,1.25
Logan Morris,Brisbane,13,20,20.64,191,Key Forward,2024.0,45,77.0,8.0,11.0,26,53.0,7.527,59.089,8.889,3.978,1.711,8.165,61.5,9.3,4.0,2.1
Luke Beecken,Brisbane,17,24,24.7,185,Midfielder,2025.0,1,0.0,0.0,,1,0.0,0.9,7.0,3.0,0.0,0.0,0.9,7.0,3.0,0.0,0.0
Luke Lloyd,Brisbane,19,20,20.39,193,Key Defender,,0,,,,0,,,,,,,,,,,
Noah Answerth,Brisbane,43,26,26.4,182,Gen. Defender,2019.0,88,3.0,8.0,0.0,17,1.0,6.001,59.58,12.455,4.0,0.034,6.82,67.9,13.7,3.7,0.05
Oscar McInerney,Brisbane,46,31,31.47,205,Ruck,2018.0,165,67.0,17.0,4.0,14,4.0,10.682,82.661,10.879,8.097,0.406,9.265,73.75,10.4,7.15,0.35
Reece Torrent,Brisbane,36,20,20.41,184,Midfielder,,0,,,,0,,,,,,,,,,,
Ryan Lester,Brisbane,35,33,33.34,190,Gen. Defender,2011.0,233,48.0,14.0,2.0,26,1.0,8.646,67.901,14.163,5.193,0.206,8.675,64.5,12.5,3.8,0.05
Sam Day,Brisbane,14,33,33.31,197,Key Forward,2011.0,168,120.0,1.0,0.0,13,3.0,7.113,55.726,9.393,4.964,0.714,5.305,48.85,7.9,4.3,0.65
Sam Marshall,Brisbane,20,19,19.94,185,Midfielder,2025.0,11,1.0,4.0,0.0,11,1.0,4.609,37.818,11.182,2.818,0.091,4.609,37.818,11.182,2.818,0.091
Shadeau Brain,Brisbane,34,21,21.87,183,Gen. Defender,2024.0,9,0.0,0.0,,0,,5.678,46.444,9.889,4.556,0.0,5.678,46.444,9.889,4.556,0.0
Tom Doedee,Brisbane,12,28,28.83,190,Gen. Defender,2018.0,83,3.0,0.0,,1,0.0,10.222,79.41,16.181,5.94,0.036,8.58,66.4,14.55,4.45,0.0
Ty Gallop,Brisbane,22,19,19.89,194,Key Forward,2025.0,6,4.0,4.0,4.0,6,4.0,6.367,45.5,8.667,4.5,0.667,6.367,45.5,8.667,4.5,0.667
Will Ashcroft,Brisbane,8,21,21.65,182,Midfielder,2023.0,58,26.0,8.0,6.0,27,15.0,11.733,94.034,24.621,8.983,0.448,13.395,104.5,27.6,10.6,0.6
Will McLachlan,Brisbane,28,20,20.71,185,Gen. Forward,2025.0,6,3.0,0.0,,6,3.0,2.217,23.333,4.5,1.5,0.5,2.217,23.333,4.5,1.5,0.5
Zac Bailey,Brisbane,33,26,26.27,181,Mid-Forward,2018.0,166,185.0,20.0,24.0,26,42.0,9.89,74.717,16.44,6.0,1.114,11.38,90.3,21.35,7.1,1.5
Zane Zakostelsky,Brisbane,21,20,20.04,196,Ruck,,0,,,,0,,,,,,,,,,,
Adam Cerra,Carlton,5,26,26.23,188,Midfielder,2018.0,148,39.0,4.0,1.0,19,5.0,10.094,85.216,20.311,7.824,0.264,11.705,97.05,24.25,10.35,0.25
Adam Saad,Carlton,42,31,31.44,178,Gen. Defender,2015.0,216,12.0,5.0,2.0,21,1.0,11.208,83.958,18.361,5.352,0.056,9.315,80.35,17.85,4.7,0.05
Alex Cincotta,Carlton,39,29,29.03,187,Gen. Forward,2023.0,40,12.0,3.0,0.0,5,1.0,6.95,50.25,10.775,4.275,0.3,6.185,47.8,9.35,4.05,0.45
Ashton Moir,Carlton,43,20,20.71,188,Gen. Forward,2024.0,11,12.0,0.0,,9,10.0,4.945,42.364,7.545,3.273,1.091,4.945,42.364,7.545,3.273,1.091
Ben Camporeale,Carlton,16,19,19.44,186,Midfielder,,0,,,,0,,,,,,,,,,,
Billy Wilson,Carlton,35,20,20.54,183,Gen. Defender,2025.0,4,0.0,0.0,,4,0.0,5.75,50.75,12.0,2.25,0.0,5.75,50.75,12.0,2.25,0.0
Blake Acres,Carlton,13,30,30.23,193,Midfielder,2014.0,187,65.0,6.0,4.0,19,5.0,8.918,77.54,19.583,6.529,0.348,6.53,70.3,19.0,5.85,0.3
Brodie Kemp,Carlton,17,24,24.66,192,Key Forward,2021.0,49,14.0,3.0,0.0,5,7.0,7.086,64.286,13.653,4.0,0.286,6.825,63.0,12.05,3.8,0.65
Charlie Curnow,Carlton,30,28,28.9,194,Key Forward,2016.0,149,313.0,3.0,3.0,18,32.0,10.828,78.255,12.779,6.235,2.101,7.71,65.25,11.15,4.7,1.65
Cooper Lord,Carlton,36,20,20.78,184,Midfielder,2024.0,23,5.0,0.0,,21,5.0,7.574,61.522,14.261,5.13,0.217,7.615,60.1,14.0,4.85,0.25
Corey Durdin,Carlton,19,23,23.71,176,Gen. Forward,2021.0,64,48.0,1.0,0.0,16,14.0,5.959,43.828,7.781,3.375,0.75,5.185,43.05,7.55,3.05,0.75
Elijah Hollands,Carlton,20,23,23.68,189,Gen. Forward,2022.0,41,26.0,1.0,1.0,5,1.0,8.566,67.732,16.463,5.659,0.634,8.6,75.65,18.7,5.55,0.6
Flynn Young,Carlton,45,23,23.9,181,Gen. Forward,2025.0,8,5.0,0.0,,8,5.0,4.487,38.75,10.5,2.125,0.625,4.487,38.75,10.5,2.125,0.625
Francis Evans,Carlton,44,24,24.35,182,Gen. Forward,2021.0,44,35.0,3.0,0.0,10,13.0,5.659,43.773,8.295,3.591,0.795,7.185,55.4,10.05,4.45,1.0
George Hewett,Carlton,29,30,30.0,187,Midfielder,2016.0,202,53.0,12.0,3.0,23,7.0,10.461,84.025,20.609,9.797,0.262,13.9,111.9,28.35,13.3,0.3
Harry Charleson,Carlton,28,19,19.51,182,Gen. Defender,,0,,,,0,,,,,,,,,,,
Harry Lemmey,Carlton,31,21,21.91,201,Key Forward,,0,,,,0,,,,,,,,,,,
Harry McKay,Carlton,10,28,28.01,200,Key Forward,2017.0,140,274.0,3.0,5.0,12,22.0,8.332,73.207,11.086,5.857,1.957,9.33,81.05,13.3,6.95,2.1
Harry O'Farrell,Carlton,22,19,19.66,197,Key Defender,2025.0,6,1.0,0.0,,6,1.0,6.1,55.833,10.167,3.167,0.167,6.1,55.833,10.167,3.167,0.167
Hudson O'Keeffe,Carlton,40,21,21.04,202,Key Forward,2025.0,5,3.0,0.0,,5,3.0,3.54,48.8,7.0,4.4,0.6,3.54,48.8,7.0,4.4,0.6
Jack Silvagni,Carlton,1,28,28.03,194,Key Defender,2016.0,128,89.0,0.0,,13,2.0,7.353,62.234,12.367,4.688,0.695,9.655,75.05,13.5,5.45,0.4
Jacob Weitering,Carlton,23,28,28.1,195,Key Defender,2016.0,204,11.0,4.0,0.0,23,0.0,9.824,75.426,13.926,5.225,0.054,9.52,77.4,13.5,5.4,0.0
Jagga Smith,Carlton,7,19,19.92,182,Midfielder,,0,,,,0,,,,,,,,,,,
Jaxon Binns,Carlton,25,21,21.17,183,Midfielder,2024.0,8,3.0,0.0,,5,1.0,5.037,49.75,15.0,3.375,0.375,5.037,49.75,15.0,3.375,0.375
Jesse Motlop,Carlton,3,22,22.1,180,Gen. Forward,2022.0,63,59.0,4.0,2.0,23,17.0,7.117,48.254,9.651,4.111,0.937,7.355,49.45,10.35,4.25,0.75
Jordan Boyd,Carlton,37,27,27.27,182,Gen. Defender,2022.0,38,1.0,1.0,0.0,3,0.0,5.842,55.789,12.605,3.263,0.026,6.05,57.05,12.95,3.1,0.05
Lachie Fogarty,Carlton,8,26,26.75,180,Gen. Forward,2018.0,90,36.0,3.0,0.0,20,11.0,7.593,61.256,12.556,5.044,0.4,7.665,64.15,11.85,5.2,0.55
Lachlan Cowan,Carlton,2,21,21.08,188,Gen. Defender,2023.0,38,2.0,1.0,0.0,14,1.0,6.203,59.079,12.711,3.711,0.053,6.76,63.8,14.15,4.15,0.05
Lewis Young,Carlton,33,27,27.03,202,Key Defender,2017.0,80,9.0,4.0,0.0,13,6.0,8.088,64.95,12.162,4.525,0.112,6.81,60.85,10.7,3.75,0.35
Lucas Camporeale,Carlton,21,19,19.44,184,Midfielder,2025.0,3,0.0,0.0,,3,0.0,4.5,41.0,11.333,4.667,0.0,4.5,41.0,11.333,4.667,0.0
Marc Pittonet,Carlton,27,29,29.57,202,Ruck,2016.0,80,12.0,4.0,2.0,7,2.0,10.566,76.3,10.387,7.1,0.15,13.96,89.0,13.4,9.55,0.3
Matt Duffy,Carlton,41,21,21.99,194,Key Defender,,0,,,,0,,,,,,,,,,,
Matthew Carroll,Carlton,32,20,20.09,190,Gen. Defender,2025.0,17,1.0,0.0,,17,1.0,5.8,54.0,12.059,3.294,0.059,5.8,54.0,12.059,3.294,0.059
Matthew Cottrell,Carlton,46,25,25.83,184,Mid-Forward,2020.0,74,36.0,3.0,3.0,6,2.0,7.197,56.608,13.162,4.473,0.486,8.835,60.3,12.55,4.6,0.55
Mitch McGovern,Carlton,11,31,31.22,190,Gen. Defender,2016.0,145,120.0,7.0,3.0,17,11.0,8.042,65.641,12.676,4.09,0.828,9.02,66.35,14.55,3.85,0.55
Nic Newman,Carlton,24,32,32.95,186,Gen. Defender,2017.0,134,18.0,7.0,0.0,0,,9.577,89.187,21.015,5.493,0.134,10.685,105.6,24.6,5.2,0.05
Nick Haynes,Carlton,26,33,33.62,192,Gen. Defender,2012.0,234,13.0,14.0,1.0,23,0.0,8.577,75.453,16.316,4.786,0.056,10.595,82.9,17.45,5.15,0.0
Oliver Hollands,Carlton,4,21,21.95,184,Gen. Defender,2023.0,65,11.0,3.0,0.0,23,4.0,6.502,65.077,15.8,4.031,0.169,7.645,77.85,19.85,4.65,0.2
Orazio Fantasia,Carlton,14,30,30.29,180,Gen. Forward,2014.0,120,157.0,5.0,7.0,6,7.0,9.418,61.775,12.358,4.533,1.308,7.675,45.85,9.2,3.8,0.8
Patrick Cripps,Carlton,9,30,30.78,195,Midfielder,2014.0,230,127.0,4.0,4.0,23,14.0,13.932,102.752,25.596,14.517,0.552,12.58,96.6,23.7,12.55,0.7
Rob Monahan,Carlton,34,21,21.5,189,Gen. Defender,,0,,,,0,,,,,,,,,,,
Sam Docherty,Carlton,15,32,32.2,187,Midfielder,2013.0,184,31.0,4.0,3.0,15,5.0,9.674,94.217,22.984,5.799,0.168,8.045,78.3,19.45,4.7,0.4
Sam Walsh,Carlton,18,25,25.49,184,Midfielder,2019.0,133,47.0,4.0,2.0,14,5.0,11.963,104.444,27.444,10.504,0.353,11.925,101.5,26.4,10.15,0.25
Tom De Koning,Carlton,12,26,26.46,201,Ruck,2018.0,100,36.0,4.0,2.0,22,6.0,10.284,80.19,13.01,7.94,0.36,10.805,93.95,16.7,9.05,0.3
Will White,Carlton,38,21,21.78,179,Gen. Forward,2025.0,14,10.0,0.0,,14,10.0,4.343,39.571,8.571,3.071,0.714,4.343,39.571,8.571,3.071,0.714
Zac Williams,Carlton,6,31,31.27,186,Gen. Forward,2013.0,174,69.0,12.0,2.0,19,22.0,11.348,80.546,18.259,6.408,0.397,9.935,67.45,14.6,6.35,1.1
Ash Johnson,Collingwood,40,28,28.23,193,Gen. Forward,2022.0,27,36.0,3.0,2.0,0,,5.919,46.741,7.259,4.0,1.333,4.845,41.9,7.0,3.8,1.05
Beau McCreery,Collingwood,31,24,24.7,186,Gen. Forward,2021.0,96,58.0,8.0,3.0,19,6.0,7.285,52.458,9.656,3.594,0.604,9.1,59.4,11.25,4.55,0.3
Billy Frampton,Collingwood,17,29,29.11,201,Key Defender,2018.0,74,20.0,3.0,0.0,16,0.0,6.165,55.757,10.149,3.743,0.27,8.07,58.9,9.9,3.9,0.0
Bobby Hill,Collingwood,23,25,25.89,175,Gen. Forward,2019.0,102,117.0,5.0,9.0,14,20.0,7.416,56.049,9.765,3.657,1.147,8.555,62.6,10.05,3.95,1.45
Brayden Maynard,Collingwood,4,29,29.27,189,Gen. Defender,2015.0,229,25.0,16.0,0.0,20,5.0,9.203,79.454,17.633,5.24,0.109,9.84,78.3,16.05,4.65,0.25
Brody Mihocek,Collingwood,41,32,32.9,192,Key Forward,2018.0,159,267.0,16.0,18.0,22,36.0,7.865,64.396,10.535,4.761,1.679,7.145,64.55,9.65,4.55,1.55
Charlie Dean,Collingwood,43,24,24.53,195,Key Defender,2024.0,12,0.0,0.0,,4,0.0,7.117,52.083,10.5,3.917,0.0,7.117,52.083,10.5,3.917,0.0
Charlie West,Collingwood,29,19,19.91,194,Key Forward,2025.0,1,1.0,0.0,,1,1.0,4.3,27.0,4.0,2.0,1.0,4.3,27.0,4.0,2.0,1.0
Dan Houston,Collingwood,9,28,28.63,186,Gen. Defender,2017.0,189,48.0,9.0,2.0,21,7.0,10.305,90.492,20.111,6.265,0.254,8.915,75.3,16.35,4.45,0.35
Daniel McStay,Collingwood,11,30,30.52,196,Key Forward,2014.0,198,185.0,10.0,10.0,18,19.0,7.477,59.899,9.929,4.561,0.934,7.045,65.3,9.85,5.25,1.1
Darcy Cameron,Collingwood,14,30,30.45,204,Ruck,2018.0,120,69.0,10.0,3.0,25,7.0,11.076,91.017,13.825,8.408,0.575,12.895,109.1,17.2,9.1,0.35
Darcy Moore,Collingwood,30,29,29.93,203,Key Defender,2015.0,195,67.0,12.0,0.0,22,0.0,10.171,73.451,12.687,5.251,0.344,11.09,65.7,10.55,4.9,0.0
Edward Allan,Collingwood,16,21,21.6,194,Midfielder,2024.0,15,2.0,0.0,,13,1.0,6.94,52.467,13.267,4.667,0.133,6.94,52.467,13.267,4.667,0.133
Finlay Macrae,Collingwood,18,23,23.8,188,Midfielder,2021.0,21,5.0,0.0,,0,,5.09,38.571,10.762,3.952,0.238,5.08,38.45,10.4,3.95,0.25
Harry DeMattia,Collingwood,13,20,20.3,185,Midfielder,,0,,,,0,,,,,,,,,,,
Harry Perryman,Collingwood,12,27,27.03,187,Gen. Defender,2017.0,154,32.0,14.0,0.0,25,4.0,9.135,78.214,17.994,6.149,0.208,8.075,67.3,14.7,5.15,0.15
Harvey Harrison,Collingwood,36,22,22.13,181,Gen. Forward,2023.0,16,14.0,0.0,,0,,6.569,45.0,8.688,2.75,0.875,6.569,45.0,8.688,2.75,0.875
Iliro Smit,Collingwood,20,20,20.39,200,Ruck,,0,,,,0,,,,,,,,,,,
Isaac Quaynor,Collingwood,3,25,25.95,180,Gen. Defender,2019.0,133,5.0,10.0,0.0,25,0.0,8.229,69.128,14.782,4.947,0.038,8.525,70.95,14.45,4.2,0.0
Jack Crisp,Collingwood,25,32,32.24,190,Midfielder,2012.0,274,96.0,16.0,10.0,25,9.0,12.286,90.004,21.668,8.153,0.35,12.97,93.15,19.65,9.0,0.4
Jakob Ryan,Collingwood,24,21,21.27,189,Gen. Defender,2023.0,1,0.0,0.0,,0,,0.1,12.0,5.0,2.0,0.0,0.1,12.0,5.0,2.0,0.0
Jamie Elliott,Collingwood,5,33,33.36,177,Gen. Forward,2012.0,219,347.0,15.0,19.0,25,60.0,8.976,72.352,12.986,4.776,1.584,10.205,78.2,12.1,3.95,2.6
Jeremy Howe,Collingwood,38,35,35.5,190,Gen. Defender,2011.0,271,103.0,13.0,1.0,19,0.0,10.55,82.077,16.314,5.45,0.38,8.805,70.35,12.6,2.95,0.0
Joel Cochran,Collingwood,27,19,19.76,195,Gen. Defender,,0,,,,0,,,,,,,,,,,
Jordan De Goey,Collingwood,2,29,29.79,188,Mid-Forward,2015.0,182,210.0,15.0,21.0,11,9.0,11.086,80.956,18.478,7.692,1.154,9.78,76.45,18.2,7.6,0.9
Josh Daicos,Collingwood,7,27,27.09,178,Gen. Defender,2017.0,151,67.0,10.0,2.0,25,3.0,9.317,82.119,21.967,6.212,0.444,11.515,100.15,27.3,6.25,0.15
Lachie Schultz,Collingwood,8,28,28.08,178,Gen. Forward,2019.0,126,138.0,4.0,3.0,16,13.0,7.23,66.214,12.865,4.865,1.095,7.595,75.45,14.65,5.4,0.8
Lachlan Sullivan,Collingwood,33,28,28.26,180,Gen. Forward,2024.0,24,8.0,0.0,,14,6.0,6.783,48.5,11.625,4.958,0.333,6.22,43.75,10.7,4.35,0.3
Mason Cox,Collingwood,46,34,34.8,211,Key Forward,2016.0,139,127.0,14.0,12.0,10,4.0,7.411,57.978,8.259,5.295,0.914,5.3,48.35,6.7,4.55,0.4
Ned Long,Collingwood,44,22,22.9,194,Midfielder,2022.0,37,10.0,2.0,0.0,25,7.0,8.027,66.892,14.865,6.243,0.27,9.35,81.6,18.25,7.8,0.3
Nick Daicos,Collingwood,35,22,22.99,184,Midfielder,2022.0,95,63.0,7.0,3.0,25,17.0,14.332,109.821,29.274,9.874,0.663,16.18,119.75,30.15,10.15,0.8
Noah Howes,Collingwood,47,20,20.17,196,Key Forward,,0,,,,0,,,,,,,,,,,
Oleg Markov,Collingwood,37,29,29.64,188,Gen. Defender,2016.0,94,8.0,3.0,0.0,8,1.0,6.754,57.149,12.968,3.809,0.085,5.5,40.4,9.7,2.85,0.1
Oscar Steene,Collingwood,21,22,22.35,201,Ruck,,0,,,,0,,,,,,,,,,,
Patrick Lipinski,Collingwood,1,27,27.45,190,Mid-Forward,2017.0,141,72.0,10.0,3.0,23,10.0,9.076,73.355,17.993,6.156,0.511,8.69,72.1,16.6,5.9,0.45
Reef McInnes,Collingwood,26,23,23.05,194,Key Defender,2022.0,23,19.0,0.0,,3,0.0,4.0,32.609,5.826,2.478,0.826,3.845,30.0,5.2,2.45,0.85
Roan Steele,Collingwood,45,24,24.19,183,Midfielder,2025.0,5,0.0,2.0,0.0,5,0.0,5.18,35.6,9.6,1.8,0.0,5.18,35.6,9.6,1.8,0.0
Scott Pendlebury,Collingwood,10,37,37.98,191,Midfielder,2006.0,425,204.0,33.0,9.0,22,3.0,14.963,105.468,25.395,10.195,0.48,11.14,95.05,22.95,7.85,0.15
Steele Sidebottom,Collingwood,22,34,34.99,184,Midfielder,2009.0,354,209.0,28.0,15.0,23,15.0,11.855,93.206,23.167,7.556,0.59,10.885,92.0,21.0,7.65,0.6
Tew Jiath,Collingwood,19,20,20.83,188,Gen. Defender,2024.0,1,0.0,0.0,,0,,4.4,24.0,5.0,1.0,0.0,4.4,24.0,5.0,1.0,0.0
Tim Membrey,Collingwood,28,31,31.6,188,Key Forward,2014.0,202,325.0,4.0,4.0,23,32.0,8.337,70.772,12.272,4.866,1.609,5.755,56.2,9.6,3.95,1.35
Tom Mitchell,Collingwood,6,32,32.58,181,Midfielder,2013.0,207,84.0,13.0,4.0,4,0.0,11.836,105.575,28.527,11.986,0.406,9.185,85.0,21.55,9.95,0.1
Wil Parker,Collingwood,15,23,23.59,180,Gen. Defender,2024.0,9,1.0,1.0,0.0,4,0.0,4.733,38.667,8.444,3.0,0.111,4.733,38.667,8.444,3.0,0.111
Will Hoskin-Elliott,Collingwood,32,32,32.32,186,Gen. Forward,2012.0,242,198.0,14.0,8.0,18,12.0,7.704,62.682,13.079,4.252,0.818,5.2,47.85,8.65,2.45,0.7
William Hayes,Collingwood,39,19,19.62,180,Gen. Forward,2025.0,2,1.0,0.0,,2,1.0,3.25,44.0,8.0,1.5,0.5,3.25,44.0,8.0,1.5,0.5
Alwyn Davey Jnr,Essendon,33,21,21.84,180,Gen. Forward,2023.0,20,9.0,0.0,,0,,4.665,32.25,6.75,2.85,0.45,4.665,32.25,6.75,2.85,0.45
Andrew McGrath,Essendon,1,27,27.58,180,Gen. Defender,2017.0,180,21.0,3.0,1.0,23,1.0,9.768,82.806,21.678,6.628,0.117,10.425,87.75,23.4,7.9,0.05
Angus Clarke,Essendon,36,19,19.16,189,Gen. Defender,2025.0,14,5.0,0.0,,14,5.0,5.321,59.0,15.071,3.929,0.357,5.321,59.0,15.071,3.929,0.357
Archer Day-Wicks,Essendon,44,19,19.63,186,Gen. Forward,2025.0,5,1.0,0.0,,5,1.0,3.46,27.0,8.6,2.8,0.2,3.46,27.0,8.6,2.8,0.2
Archer May,Essendon,26,21,21.34,198,Key Forward,2025.0,7,7.0,0.0,,7,7.0,7.171,55.571,8.857,4.429,1.0,7.171,55.571,8.857,4.429,1.0
Archie Perkins,Essendon,16,23,23.76,188,Gen. Forward,2021.0,101,65.0,1.0,0.0,21,17.0,7.17,57.653,13.653,4.822,0.644,7.265,53.0,13.65,4.9,0.8
Archie Roberts,Essendon,21,20,20.11,184,Gen. Defender,2024.0,27,3.0,0.0,,23,2.0,7.874,82.889,24.074,5.815,0.111,8.045,85.5,25.2,5.6,0.05
Ben Hobbs,Essendon,8,22,22.29,183,Gen. Forward,2022.0,65,21.0,0.0,,18,5.0,6.432,60.431,15.646,5.923,0.323,6.09,53.4,14.35,5.35,0.3
Ben McKay,Essendon,32,28,28.01,202,Key Defender,2017.0,104,1.0,0.0,,10,0.0,8.342,59.067,10.615,4.25,0.01,8.61,58.75,11.75,5.25,0.0
Darcy Parish,Essendon,3,28,28.43,180,Midfielder,2016.0,165,55.0,3.0,1.0,3,0.0,11.422,91.909,24.479,10.43,0.333,10.595,93.85,26.5,10.8,0.15
Dylan Shiel,Essendon,9,32,32.81,182,Midfielder,2012.0,234,93.0,9.0,1.0,14,2.0,12.537,88.65,23.556,9.128,0.397,10.63,74.7,21.45,6.55,0.2
Elijah Tsatas,Essendon,5,21,21.2,187,Midfielder,2023.0,16,3.0,0.0,,5,1.0,6.35,47.125,13.75,5.375,0.188,6.35,47.125,13.75,5.375,0.188
Harrison Jones,Essendon,23,24,24.84,196,Mid-Forward,2021.0,59,55.0,0.0,,7,2.0,6.141,51.61,9.102,3.746,0.932,6.225,54.7,11.05,4.05,0.6
Isaac Kako,Essendon,10,19,19.81,176,Gen. Forward,2025.0,23,15.0,0.0,,23,15.0,8.687,55.174,11.174,4.826,0.652,8.64,55.55,11.2,4.95,0.6
Jade Gresham,Essendon,11,28,28.35,177,Gen. Forward,2016.0,177,165.0,1.0,0.0,19,10.0,9.666,70.52,17.192,7.006,0.932,7.41,54.8,13.1,4.9,0.55
Jaxon Prior,Essendon,25,24,24.57,189,Gen. Defender,2021.0,62,11.0,2.0,0.0,23,0.0,5.248,52.919,11.935,3.323,0.177,7.015,70.2,15.75,3.45,0.0
Jayden Laverde,Essendon,15,29,29.72,193,Key Defender,2015.0,145,38.0,2.0,1.0,14,0.0,6.312,65.138,13.862,4.331,0.262,5.575,66.3,16.05,3.8,0.0
Jayden Nguyen,Essendon,42,19,19.43,177,Gen. Defender,2025.0,5,0.0,0.0,,5,0.0,2.34,39.2,7.6,3.8,0.0,2.34,39.2,7.6,3.8,0.0
Jordan Ridley,Essendon,14,27,27.19,195,Gen. Defender,2018.0,104,2.0,1.0,0.0,10,0.0,9.803,92.673,19.135,4.24,0.019,10.26,91.75,19.7,4.05,0.05
Jye Caldwell,Essendon,6,25,25.25,183,Midfielder,2019.0,89,31.0,1.0,0.0,11,5.0,9.716,83.225,19.742,8.494,0.348,12.22,99.6,25.6,11.25,0.45
Jye Menzie,Essendon,29,23,23.17,180,Gen. Forward,2022.0,47,36.0,0.0,,10,9.0,4.283,40.426,8.553,3.106,0.766,3.125,35.15,8.7,2.65,0.55
Kayle Gerreyn,Essendon,19,19,19.64,200,Key Forward,,0,,,,0,,,,,,,,,,,
Kyle Langford,Essendon,4,29,29.08,192,Key Forward,2015.0,162,179.0,1.0,0.0,9,8.0,9.13,72.451,15.284,5.543,1.105,9.195,66.1,12.75,4.65,1.15
Lachlan Blakiston,Essendon,46,27,27.3,203,Key Defender,2025.0,11,1.0,0.0,,11,1.0,8.2,53.909,9.909,5.364,0.091,8.2,53.909,9.909,5.364,0.091
Lewis Hayes,Essendon,18,21,21.03,199,Gen. Defender,2025.0,1,0.0,0.0,,1,0.0,5.0,64.0,16.0,2.0,0.0,5.0,64.0,16.0,2.0,0.0
Liam McMahon,Essendon,48,23,23.66,198,Key Forward,2025.0,7,12.0,0.0,,7,12.0,5.886,42.143,6.571,3.714,1.714,5.886,42.143,6.571,3.714,1.714
Luamon Lual,Essendon,34,20,20.76,181,Midfielder,2025.0,12,4.0,0.0,,12,4.0,3.658,35.25,8.583,2.0,0.333,3.658,35.25,8.583,2.0,0.333
Mason Redman,Essendon,27,28,28.34,187,Gen. Defender,2016.0,143,24.0,2.0,0.0,19,4.0,9.428,82.028,19.231,4.35,0.168,10.545,94.95,22.85,3.95,0.2
Matt Guelfi,Essendon,35,28,28.38,184,Gen. Forward,2018.0,121,69.0,1.0,0.0,12,9.0,6.568,57.479,12.372,5.24,0.57,6.725,55.7,10.5,4.65,0.8
Nate Caddy,Essendon,30,20,20.46,193,Key Forward,2024.0,27,29.0,0.0,,17,20.0,5.581,52.519,10.926,4.852,1.074,5.81,53.65,11.15,5.1,1.15
Nic Martin,Essendon,37,24,24.74,192,Mid-Forward,2022.0,83,62.0,0.0,,16,11.0,11.34,92.422,23.651,5.952,0.747,13.15,101.5,25.5,5.75,0.85
Nick Bryan,Essendon,24,24,24.19,203,Ruck,2021.0,23,2.0,0.0,,4,0.0,8.565,60.913,9.522,4.304,0.087,9.35,63.3,9.75,4.45,0.1
Nik Cox,Essendon,13,23,23.95,200,Midfielder,2021.0,53,18.0,1.0,0.0,0,,5.162,49.717,11.962,4.415,0.34,5.22,49.75,12.05,4.4,0.4
Oskar Smartt,Essendon,47,20,20.18,180,Gen. Forward,2025.0,4,0.0,0.0,,4,0.0,2.9,24.75,5.5,3.75,0.0,2.9,24.75,5.5,3.75,0.0
Peter Wright,Essendon,20,29,29.31,203,Key Forward,2015.0,152,233.0,1.0,0.0,19,28.0,9.131,72.375,11.401,5.401,1.533,8.38,77.2,11.6,5.7,1.4
Rhys Unwin,Essendon,38,19,19.22,179,Gen. Forward,2025.0,3,1.0,0.0,,3,1.0,1.933,22.0,6.667,3.0,0.333,1.933,22.0,6.667,3.0,0.333
Saad El-Hawli,Essendon,41,24,24.63,184,Midfielder,2025.0,9,1.0,0.0,,9,1.0,4.533,43.444,11.111,2.889,0.111,4.533,43.444,11.111,2.889,0.111
Sam Draper,Essendon,2,27,27.25,205,Ruck,2020.0,78,43.0,1.0,0.0,5,7.0,11.108,75.385,10.397,6.795,0.551,12.055,80.9,11.7,7.25,0.85
Sam Durham,Essendon,22,24,24.47,185,Midfielder,2021.0,91,29.0,1.0,0.0,20,8.0,9.77,76.275,18.352,7.901,0.319,13.46,90.35,21.85,11.8,0.4
Thomas Edwards,Essendon,45,25,25.61,191,Key Forward,2025.0,2,3.0,0.0,,2,3.0,1.75,29.0,7.0,2.5,1.5,1.75,29.0,7.0,2.5,1.5
Todd Goldstein,Essendon,17,37,37.5,201,Ruck,2008.0,345,160.0,8.0,5.0,16,1.0,13.764,97.791,13.081,7.264,0.464,9.72,73.15,12.1,6.45,0.05
Vigo Visentini,Essendon,39,20,20.32,203,Ruck,2025.0,2,0.0,0.0,,2,0.0,5.75,56.0,12.5,6.0,0.0,5.75,56.0,12.5,6.0,0.0
Will Setterfield,Essendon,12,27,27.9,192,Midfielder,2017.0,84,15.0,0.0,,13,1.0,7.177,75.274,17.595,6.524,0.179,8.805,90.9,21.3,7.4,0.05
Xavier Duursma,Essendon,28,25,25.48,186,Midfielder,2019.0,110,52.0,6.0,1.0,22,10.0,7.172,72.173,17.218,5.527,0.473,7.595,79.95,19.8,5.9,0.4
Zach Merrett,Essendon,7,30,30.24,179,Midfielder,2014.0,251,87.0,4.0,0.0,22,9.0,13.659,105.291,27.299,9.147,0.347,13.55,106.8,27.45,9.45,0.15
Zach Reid,Essendon,31,23,23.83,202,Key Defender,2021.0,19,0.0,0.0,,10,0.0,6.305,62.632,11.895,3.737,0.0,6.305,62.632,11.895,3.737,0.0
Zak Johnson,Essendon,40,19,19.01,186,Gen. Defender,2025.0,9,0.0,0.0,,9,0.0,5.833,50.556,13.111,3.222,0.0,5.833,50.556,13.111,3.222,0.0
Aiden Riddle,Fremantle,42,20,20.01,199,Key Forward,,0,,,,0,,,,,,,,,,,
Alex Pearce,Fremantle,25,30,30.56,201,Key Defender,2015.0,138,9.0,3.0,0.0,16,4.0,8.061,58.674,10.652,5.043,0.065,9.83,67.1,10.6,5.75,0.2
Andrew Brayshaw,Fremantle,8,26,26.14,185,Midfielder,2018.0,170,57.0,3.0,1.0,24,7.0,11.435,99.3,24.953,9.1,0.335,15.35,113.8,27.2,11.1,0.25
Bailey Banfield,Fremantle,41,27,27.84,190,Gen. Defender,2018.0,118,66.0,3.0,0.0,21,4.0,6.842,54.288,11.712,4.61,0.559,6.99,60.0,13.35,4.7,0.15
Brandon Walker,Fremantle,31,23,23.2,186,Gen. Defender,2021.0,66,2.0,2.0,0.0,2,0.0,5.138,51.879,12.561,3.803,0.03,6.67,59.2,13.65,4.55,0.05
Brennan Cox,Fremantle,36,27,27.38,195,Key Defender,2017.0,135,32.0,3.0,0.0,24,1.0,8.872,70.481,12.844,4.844,0.237,7.555,59.45,10.5,4.05,0.0
Caleb Serong,Fremantle,3,24,24.89,180,Midfielder,2020.0,127,37.0,3.0,1.0,24,7.0,13.764,99.953,26.205,12.134,0.291,16.1,106.6,26.9,14.0,0.3
Charlie Nicholls,Fremantle,22,19,19.56,196,Key Forward,,0,,,,0,,,,,,,,,,,
Cooper Simpson,Fremantle,29,20,20.87,182,Gen. Defender,2024.0,5,1.0,0.0,,3,1.0,3.76,39.6,8.6,1.2,0.2,3.76,39.6,8.6,1.2,0.2
Corey Wagner,Fremantle,34,28,28.77,181,Midfielder,2016.0,57,9.0,0.0,,17,3.0,6.867,61.93,13.632,4.158,0.158,8.61,71.9,15.15,4.75,0.15
Hayden Young,Fremantle,26,24,24.72,189,Midfielder,2020.0,89,22.0,3.0,0.0,9,7.0,11.526,90.393,21.011,6.831,0.247,15.29,92.05,19.85,9.5,0.75
Heath Chapman,Fremantle,5,23,23.91,193,Gen. Defender,2021.0,65,2.0,3.0,0.0,23,0.0,7.015,67.292,15.369,4.277,0.031,6.55,63.85,13.25,3.65,0.0
Hugh Davies,Fremantle,12,21,21.25,196,Key Defender,2024.0,2,0.0,0.0,,0,,2.8,27.0,4.0,1.5,0.0,2.8,27.0,4.0,1.5,0.0
Isaiah Dudley,Fremantle,43,22,22.67,168,Gen. Forward,2025.0,16,15.0,1.0,2.0,16,15.0,5.031,45.188,7.062,2.25,0.938,5.031,45.188,7.062,2.25,0.938
Jack Delean,Fremantle,40,20,20.71,182,Gen. Forward,,0,,,,0,,,,,,,,,,,
Jaeger O'Meara,Fremantle,2,31,31.85,184,Midfielder,2013.0,200,87.0,2.0,0.0,14,2.0,10.804,85.225,21.315,9.505,0.435,8.89,67.2,17.4,6.9,0.2
James Aish,Fremantle,11,30,30.14,183,Gen. Defender,2014.0,186,33.0,7.0,0.0,3,0.0,7.62,66.715,17.516,5.306,0.177,5.415,51.65,14.3,3.05,0.0
Jaren Carr,Fremantle,38,21,21.92,191,Gen. Defender,,0,,,,0,,,,,,,,,,,
Jeremy Sharp,Fremantle,14,24,24.38,189,Midfielder,2020.0,60,20.0,0.0,,14,3.0,5.907,56.933,15.067,3.183,0.333,5.715,56.65,14.9,3.2,0.2
Jordan Clark,Fremantle,6,25,25.2,185,Gen. Defender,2019.0,126,24.0,3.0,0.0,24,2.0,9.001,84.389,19.802,5.19,0.19,11.095,103.0,24.4,7.0,0.05
Josh Treacy,Fremantle,35,23,23.4,195,Key Forward,2021.0,80,118.0,1.0,2.0,24,44.0,8.231,67.162,10.213,4.787,1.475,10.94,75.7,11.3,5.55,1.65
Joshua Draper,Fremantle,37,21,21.89,197,Key Defender,2024.0,31,0.0,0.0,,11,0.0,5.739,48.903,9.194,3.645,0.0,6.285,52.85,9.6,4.1,0.0
Jye Amiss,Fremantle,24,22,22.41,196,Key Forward,2022.0,71,113.0,3.0,3.0,24,32.0,5.894,52.085,7.69,3.521,1.592,4.865,47.5,6.95,3.05,1.3
Karl Worner,Fremantle,23,23,23.54,188,Gen. Defender,2023.0,31,0.0,1.0,0.0,23,0.0,5.097,52.806,12.839,2.935,0.0,5.62,60.9,14.2,3.15,0.0
Liam Reidy,Fremantle,18,25,25.54,204,Ruck,2024.0,3,0.0,0.0,,1,0.0,5.033,38.667,5.333,2.333,0.0,5.033,38.667,5.333,2.333,0.0
Luke Jackson,Fremantle,9,24,24.25,199,Ruck,2020.0,119,93.0,6.0,2.0,21,20.0,11.946,90.017,14.765,8.076,0.782,16.03,114.65,17.85,9.8,1.0
Luke Ryan,Fremantle,13,29,29.89,186,Gen. Defender,2017.0,179,3.0,3.0,0.0,24,0.0,9.826,100.061,21.017,4.743,0.017,8.55,94.1,20.75,4.2,0.0
Matthew Johnson,Fremantle,44,22,22.79,193,Midfielder,2023.0,55,9.0,0.0,,18,2.0,7.142,63.382,16.291,5.182,0.164,8.23,68.35,17.8,6.35,0.1
Michael Frederick,Fremantle,32,25,25.62,183,Gen. Forward,2020.0,102,116.0,3.0,2.0,24,30.0,6.979,54.127,10.569,3.363,1.137,6.77,58.25,11.0,3.55,1.2
Michael Walters,Fremantle,10,34,34.98,176,Gen. Forward,2009.0,239,365.0,13.0,30.0,0,,10.869,77.092,15.427,6.469,1.527,5.01,44.55,9.3,2.6,1.0
Murphy Reid,Fremantle,16,19,19.42,182,Gen. Forward,2025.0,24,25.0,1.0,1.0,24,25.0,9.308,68.75,14.458,5.708,1.042,8.79,67.3,14.25,5.6,1.0
Nat Fyfe,Fremantle,7,34,34.28,191,Midfielder,2010.0,248,178.0,12.0,7.0,8,0.0,14.319,98.589,23.419,12.923,0.718,6.175,46.25,12.9,5.75,0.15
Nathan O'Driscoll,Fremantle,30,23,23.62,188,Midfielder,2022.0,38,15.0,3.0,1.0,14,3.0,6.408,58.263,14.737,4.605,0.395,6.095,58.9,14.9,4.95,0.2
Neil Erasmus,Fremantle,28,22,22.07,190,Midfielder,2022.0,39,4.0,1.0,1.0,16,2.0,5.408,49.538,13.154,4.974,0.103,6.65,56.5,14.2,5.7,0.1
Odin Jones,Fremantle,27,20,20.27,197,Key Forward,,0,,,,0,,,,,,,,,,,
Ollie Murphy,Fremantle,33,20,20.29,200,Key Defender,,0,,,,0,,,,,,,,,,,
Oscar McDonald,Fremantle,21,29,29.78,196,Key Defender,2015.0,94,7.0,3.0,0.0,7,4.0,7.484,58.096,12.309,4.17,0.074,5.35,48.35,8.9,2.95,0.3
Patrick Voss,Fremantle,20,22,22.5,195,Key Forward,2024.0,27,44.0,1.0,3.0,20,37.0,6.374,56.111,9.259,4.593,1.63,7.635,59.6,9.7,4.85,1.85
Quinton Narkle,Fremantle,19,28,28.07,182,Gen. Forward,2018.0,59,27.0,6.0,1.0,2,1.0,5.903,45.814,11.051,4.102,0.458,4.21,31.6,7.35,2.05,0.55
Sam Sturt,Fremantle,1,25,25.63,190,Gen. Forward,2020.0,31,43.0,0.0,,0,,7.026,49.161,8.806,3.258,1.387,8.245,53.55,10.05,3.65,1.65
Sam Switkowski,Fremantle,39,29,29.11,179,Gen. Forward,2018.0,105,66.0,2.0,0.0,17,11.0,10.569,69.971,13.324,5.876,0.629,10.975,70.65,13.7,5.2,0.65
Sean Darcy,Fremantle,4,27,27.55,203,Ruck,2017.0,127,49.0,3.0,0.0,17,5.0,11.56,93.118,12.504,8.276,0.386,9.845,81.75,10.35,7.45,0.25
Shai Bolton,Fremantle,15,27,27.06,176,Mid-Forward,2017.0,158,193.0,9.0,8.0,23,28.0,11.511,80.525,17.215,7.747,1.222,10.395,80.85,18.1,8.3,1.3
Will Brodie,Fremantle,17,27,27.35,190,Midfielder,2017.0,54,10.0,2.0,0.0,0,,9.407,79.667,22.037,9.852,0.185,11.65,91.95,25.1,11.1,0.3
Bailey Smith,Geelong,3,25,25.06,185,Midfielder,2019.0,126,52.0,10.0,10.0,23,8.0,11.143,92.095,24.31,8.206,0.413,15.255,117.05,31.75,10.9,0.35
Brad Close,Geelong,45,27,27.42,183,Gen. Forward,2020.0,127,108.0,11.0,9.0,26,19.0,8.59,66.354,13.205,4.74,0.85,8.53,61.45,12.7,4.05,0.7
Cameron Guthrie,Geelong,29,33,33.36,187,Midfielder,2011.0,240,75.0,21.0,5.0,0,,9.572,82.271,19.887,7.558,0.312,9.9,83.35,21.1,8.35,0.4
Cillian Burke,Geelong,41,22,22.75,192,Gen. Forward,,0,,,,0,,,,,,,,,,,
Connor O'Sullivan,Geelong,14,20,20.61,198,Key Defender,2024.0,26,0.0,3.0,0.0,25,0.0,8.581,63.654,12.5,4.885,0.0,8.45,62.55,12.0,4.55,0.0
George Stevens,Geelong,15,20,20.71,189,Midfielder,2025.0,2,1.0,0.0,,2,1.0,8.6,62.0,14.0,7.5,0.5,8.6,62.0,14.0,7.5,0.5
Gryan Miers,Geelong,32,26,26.75,179,Gen. Forward,2019.0,155,114.0,18.0,15.0,24,14.0,9.628,75.903,17.458,5.181,0.735,14.01,98.15,22.6,5.5,0.65
Jack Bowes,Geelong,12,27,27.92,189,Midfielder,2017.0,143,46.0,5.0,4.0,21,16.0,8.724,71.916,16.832,6.252,0.322,9.78,67.4,14.45,5.55,0.75
Jack Henry,Geelong,38,27,27.33,192,Key Defender,2018.0,164,24.0,19.0,1.0,21,0.0,8.126,65.616,11.354,4.476,0.146,8.19,66.4,11.7,4.45,0.0
Jack Martin,Geelong,19,30,30.92,186,Gen. Forward,2014.0,164,145.0,5.0,6.0,13,12.0,8.012,70.866,14.47,5.878,0.884,6.815,57.8,11.65,3.9,1.1
Jacob Molier,Geelong,20,19,19.22,201,Key Forward,,0,,,,0,,,,,,,,,,,
Jake Kolodjashnij,Geelong,8,30,30.39,193,Key Defender,2015.0,198,4.0,21.0,0.0,0,,6.188,59.217,12.278,4.045,0.02,7.455,67.35,13.35,4.4,0.05
Jay Polkinghorne,Geelong,2,19,19.58,190,Key Forward,,0,,,,0,,,,,,,,,,,
Jed Bews,Geelong,24,32,32.04,186,Gen. Defender,2014.0,175,16.0,20.0,1.0,4,0.0,6.427,51.103,11.331,4.029,0.091,7.055,51.25,11.35,4.55,0.0
Jeremy Cameron,Geelong,5,32,32.75,196,Key Forward,2012.0,280,736.0,20.0,38.0,26,88.0,11.033,79.55,13.375,4.829,2.629,13.245,92.1,13.1,4.1,3.75
Jhye Clark,Geelong,13,21,21.44,181,Midfielder,2023.0,26,3.0,3.0,0.0,10,1.0,5.408,39.846,10.769,4.192,0.115,5.715,42.6,10.95,4.15,0.15
Joe Pike,Geelong,37,20,20.62,203,Ruck,,0,,,,0,,,,,,,,,,,
Keighton Matofai-Forbes,Geelong,31,19,19.9,189,Gen. Defender,,0,,,,0,,,,,,,,,,,
Lawson Humphries,Geelong,17,22,22.68,182,Gen. Defender,2024.0,36,5.0,5.0,0.0,25,4.0,9.294,76.556,16.417,3.667,0.139,7.93,69.9,14.95,2.85,0.2
Lennox Hofmann,Geelong,23,19,19.39,191,Gen. Defender,,0,,,,0,,,,,,,,,,,
Mark Blicavs,Geelong,46,34,34.76,198,Ruck,2013.0,295,80.0,29.0,9.0,25,11.0,10.429,83.563,14.698,7.186,0.271,10.35,80.65,14.6,8.0,0.4
Mark O'Connor,Geelong,42,28,28.95,189,Gen. Defender,2017.0,147,10.0,15.0,0.0,25,1.0,6.946,63.19,13.136,4.531,0.068,6.35,63.7,13.7,4.45,0.05
Max Holmes,Geelong,9,23,23.33,190,Midfielder,2021.0,102,48.0,9.0,5.0,26,14.0,12.393,87.039,20.608,7.667,0.471,15.895,114.05,27.9,10.4,0.45
Mitch Duncan,Geelong,22,34,34.55,188,Gen. Defender,2010.0,305,185.0,28.0,12.0,9,1.0,10.847,90.249,21.905,6.187,0.607,7.505,62.65,14.6,3.1,0.1
Mitch Knevitt,Geelong,10,22,22.97,193,Midfielder,2022.0,21,5.0,0.0,,7,1.0,5.529,46.952,10.714,4.619,0.238,5.495,46.85,10.5,4.65,0.25
Mitchell Edwards,Geelong,11,20,20.58,206,Ruck,,0,,,,0,,,,,,,,,,,
Oisin Mullin,Geelong,34,25,25.88,182,Gen. Defender,2023.0,43,2.0,5.0,2.0,25,2.0,5.221,41.512,9.558,3.837,0.047,5.605,43.65,9.7,3.8,0.1
Oliver Dempsey,Geelong,28,22,22.98,187,Midfielder,2022.0,58,59.0,5.0,8.0,26,35.0,9.774,72.466,16.103,6.241,1.017,11.44,80.45,16.85,6.3,1.3
Oliver Henry,Geelong,36,23,23.42,189,Key Forward,2021.0,85,120.0,2.0,5.0,15,14.0,5.821,50.329,8.918,3.882,1.412,6.37,51.05,8.7,4.1,1.25
Oliver Wiltshire,Geelong,21,23,23.29,180,Gen. Forward,2025.0,2,1.0,0.0,,2,1.0,4.1,34.5,6.5,1.5,0.5,4.1,34.5,6.5,1.5,0.5
Patrick Dangerfield,Geelong,35,35,35.73,189,Gen. Forward,2008.0,360,365.0,31.0,28.0,23,30.0,16.122,102.436,22.942,12.775,1.014,11.145,82.9,15.2,8.65,1.3
Patrick Retschko,Geelong,27,19,19.83,186,Midfielder,,0,,,,0,,,,,,,,,,,
Rhys Stanley,Geelong,1,35,35.08,200,Ruck,2010.0,229,115.0,19.0,6.0,19,6.0,9.578,73.598,11.799,5.808,0.502,8.0,65.35,9.8,5.9,0.3
Sam De Koning,Geelong,16,24,24.84,204,Key Defender,2021.0,85,7.0,6.0,2.0,23,3.0,8.387,64.753,13.047,5.553,0.082,8.92,65.2,12.6,5.15,0.1
Shannon Neale,Geelong,33,23,23.43,203,Key Forward,2022.0,45,68.0,5.0,5.0,25,44.0,7.727,58.556,8.422,4.489,1.511,8.86,67.0,8.9,4.5,1.95
Shaun Mannagh,Geelong,7,28,28.4,178,Gen. Forward,2024.0,35,46.0,5.0,7.0,23,31.0,12.3,81.629,17.6,6.571,1.314,11.96,85.1,18.65,6.55,1.35
Tanner Bruhn,Geelong,4,23,23.59,184,Midfielder,2021.0,66,24.0,4.0,1.0,0,,7.565,60.924,13.788,6.152,0.364,9.255,71.75,17.55,7.8,0.25
Ted Clohesy,Geelong,40,21,21.31,184,Mid-Forward,2023.0,12,2.0,0.0,,9,2.0,3.25,32.75,7.167,3.25,0.167,3.25,32.75,7.167,3.25,0.167
Toby Conway,Geelong,6,22,22.68,206,Ruck,2023.0,6,1.0,0.0,,0,,9.733,74.0,12.333,9.0,0.167,9.733,74.0,12.333,9.0,0.167
Tom Atkins,Geelong,30,30,30.28,180,Midfielder,2019.0,153,22.0,15.0,2.0,26,5.0,10.291,79.118,16.752,8.536,0.144,13.77,100.35,20.15,11.5,0.2
Tom Stewart,Geelong,44,32,32.79,190,Gen. Defender,2017.0,191,6.0,17.0,1.0,20,1.0,9.596,96.058,20.906,5.56,0.031,8.85,90.75,18.55,4.85,0.05
Tyson Stengle,Geelong,18,27,27.2,175,Gen. Forward,2017.0,109,175.0,8.0,14.0,24,34.0,9.641,67.055,12.477,5.147,1.606,8.08,67.75,13.0,5.15,1.35
Xavier Ivisic,Geelong,25,19,19.58,180,Mid-Forward,,0,,,,0,,,,,,,,,,,
Zach Guthrie,Geelong,39,27,27.5,188,Gen. Defender,2017.0,128,15.0,12.0,1.0,26,1.0,7.693,70.117,15.508,4.492,0.117,8.975,78.7,16.65,4.7,0.0
Alex Davies,Gold Coast,5,23,23.78,193,Midfielder,2021.0,40,12.0,2.0,1.0,8,2.0,8.325,60.1,13.475,7.6,0.3,9.635,70.75,15.85,8.5,0.2
Alex Sexton,Gold Coast,6,32,32.07,186,Gen. Forward,2012.0,186,164.0,0.0,,5,0.0,7.312,53.462,11.93,3.651,0.882,6.04,60.3,15.5,2.6,0.1
Asher Eastham,Gold Coast,42,19,19.63,188,Gen. Defender,,0,,,,0,,,,,,,,,,,
Bailey Humphrey,Gold Coast,19,21,21.3,186,Mid-Forward,2023.0,63,50.0,2.0,3.0,23,25.0,8.97,63.762,12.825,6.825,0.794,11.25,77.9,14.9,8.3,1.15
Ben Ainsworth,Gold Coast,9,27,27.88,178,Gen. Forward,2017.0,158,137.0,2.0,1.0,24,23.0,7.376,66.696,15.12,4.918,0.867,6.525,55.25,12.45,3.1,1.1
Ben Jepson,Gold Coast,44,24,24.22,184,Midfielder,2025.0,1,0.0,0.0,,1,0.0,5.1,36.0,12.0,2.0,0.0,5.1,36.0,12.0,2.0,0.0
Ben King,Gold Coast,34,25,25.48,202,Key Forward,2019.0,120,255.0,2.0,2.0,25,71.0,6.66,56.233,7.642,4.225,2.125,9.105,62.9,7.05,4.5,2.65
Ben Long,Gold Coast,22,28,28.36,186,Gen. Forward,2017.0,135,102.0,3.0,2.0,24,45.0,6.843,56.844,10.837,4.807,0.756,7.4,61.3,10.45,4.2,1.75
Bodhi Uwland,Gold Coast,32,22,22.43,188,Gen. Defender,2023.0,49,1.0,2.0,0.0,25,1.0,8.412,72.02,15.061,4.0,0.02,9.09,80.0,16.45,4.8,0.05
Brayden Fiorini,Gold Coast,8,28,28.35,187,Midfielder,2016.0,123,41.0,2.0,1.0,18,8.0,7.944,77.407,20.585,6.398,0.333,10.565,88.85,20.4,6.0,0.45
Caleb Graham,Gold Coast,46,25,25.3,194,Key Defender,2019.0,37,1.0,0.0,,0,,6.814,52.351,8.189,2.919,0.027,7.73,55.45,8.35,2.95,0.05
Caleb Lewis,Gold Coast,45,22,22.25,198,Key Forward,,0,,,,0,,,,,,,,,,,
Charlie Ballard,Gold Coast,10,26,26.44,196,Key Defender,2018.0,134,3.0,0.0,,1,0.0,7.923,63.172,12.209,4.485,0.022,8.565,60.3,11.45,4.15,0.05
Connor Budarick,Gold Coast,35,24,24.73,175,Gen. Forward,2020.0,55,7.0,2.0,2.0,19,6.0,5.307,54.127,12.327,3.8,0.127,4.24,47.55,11.8,3.6,0.3
Cooper Bell,Gold Coast,31,19,19.08,199,Key Defender,,0,,,,0,,,,,,,,,,,
Daniel Rioli,Gold Coast,17,28,28.7,179,Gen. Defender,2016.0,203,117.0,15.0,14.0,20,8.0,9.091,72.759,15.685,4.852,0.576,9.945,81.6,18.6,4.9,0.4
David Swallow,Gold Coast,24,33,33.11,186,Gen. Forward,2011.0,249,111.0,2.0,0.0,9,2.0,9.719,80.438,19.197,9.056,0.446,4.905,42.3,8.75,3.9,0.25
Elliott Himmelberg,Gold Coast,12,27,27.57,196,Key Forward,2018.0,50,49.0,0.0,,0,,6.956,57.94,9.6,5.5,0.98,7.19,56.95,9.5,5.25,0.95
Ethan Read,Gold Coast,20,20,20.48,202,Key Forward,2024.0,25,22.0,2.0,0.0,21,19.0,3.604,44.0,7.08,3.52,0.88,3.295,42.15,7.45,3.65,0.85
Jake Rogers,Gold Coast,29,20,20.83,172,Gen. Forward,2024.0,18,6.0,0.0,,9,4.0,5.522,36.111,8.222,3.556,0.333,5.522,36.111,8.222,3.556,0.333
Jarrod Witts,Gold Coast,28,33,33.29,209,Ruck,2013.0,205,45.0,2.0,0.0,24,4.0,11.909,94.351,12.566,7.888,0.22,13.065,103.25,12.7,9.3,0.15
Jed Walter,Gold Coast,4,20,20.56,195,Key Forward,2024.0,30,29.0,0.0,,16,18.0,3.423,40.633,6.467,4.033,0.967,3.555,43.45,6.75,4.1,1.0
Joel Jeffrey,Gold Coast,40,23,23.8,192,Gen. Defender,2021.0,53,21.0,2.0,0.0,25,5.0,8.923,70.0,15.321,3.887,0.396,9.535,83.65,19.35,3.95,0.2
John Noble,Gold Coast,2,28,28.76,180,Gen. Defender,2019.0,137,11.0,9.0,1.0,25,3.0,7.28,77.766,19.701,4.139,0.08,9.275,96.2,25.45,4.6,0.05
Jy Farrar,Gold Coast,50,29,29.06,190,Gen. Forward,2020.0,42,13.0,2.0,1.0,8,10.0,6.231,54.833,11.286,3.714,0.31,6.055,53.55,10.0,3.95,0.55
Lachie Weller,Gold Coast,14,29,29.85,182,Midfielder,2015.0,161,50.0,2.0,0.0,19,3.0,8.614,72.584,18.398,5.342,0.311,7.62,58.75,14.85,5.05,0.15
Lachlan Gulbin,Gold Coast,39,19,19.1,187,Gen. Forward,2025.0,1,0.0,0.0,,1,0.0,1.3,49.0,9.0,3.0,0.0,1.3,49.0,9.0,3.0,0.0
Leonardo Lombard,Gold Coast,30,19,19.23,178,Gen. Forward,2025.0,4,1.0,0.0,,4,1.0,1.0,19.25,4.75,1.25,0.25,1.0,19.25,4.75,1.25,0.25
Lloyd Johnston,Gold Coast,38,21,21.27,184,Gen. Defender,2023.0,9,3.0,0.0,,0,,7.022,45.667,10.222,3.778,0.333,7.022,45.667,10.222,3.778,0.333
Mac Andrew,Gold Coast,1,22,22.07,202,Key Defender,2022.0,65,12.0,2.0,1.0,24,3.0,7.962,65.677,13.046,4.123,0.185,8.325,71.45,14.3,3.75,0.15
Malcolm Rosas,Gold Coast,41,24,24.51,180,Gen. Forward,2021.0,49,46.0,0.0,,4,1.0,6.8,46.327,8.367,3.816,0.939,7.825,48.2,8.4,3.6,1.2
Matt Rowell,Gold Coast,18,24,24.5,180,Midfielder,2020.0,110,35.0,2.0,1.0,25,10.0,14.482,98.609,21.327,12.955,0.318,16.47,117.45,25.95,13.7,0.45
Max Knobel,Gold Coast,37,21,21.51,206,Ruck,,0,,,,0,,,,,,,,,,,
Ned Moyle,Gold Coast,21,23,23.87,206,Ruck,2023.0,13,2.0,0.0,,3,1.0,11.208,73.308,10.231,7.692,0.154,11.208,73.308,10.231,7.692,0.154
Nick Holman,Gold Coast,7,30,30.59,188,Mid-Forward,2014.0,147,78.0,0.0,,16,6.0,7.863,59.075,11.558,5.701,0.531,6.445,44.3,9.65,4.45,0.4
Noah Anderson,Gold Coast,15,24,24.86,192,Midfielder,2020.0,129,54.0,2.0,1.0,25,12.0,13.757,99.116,25.736,10.55,0.419,17.685,113.55,29.9,12.9,0.55
Oscar Adams,Gold Coast,48,22,22.44,198,Key Defender,2025.0,8,0.0,0.0,,8,0.0,3.237,34.125,6.75,2.625,0.0,3.237,34.125,6.75,2.625,0.0
Sam Clohesy,Gold Coast,33,23,23.05,189,Midfielder,2024.0,34,10.0,0.0,,14,4.0,8.444,67.353,15.794,4.824,0.294,7.47,63.4,15.8,4.7,0.2
Sam Collins,Gold Coast,25,31,31.54,194,Key Defender,2016.0,149,0.0,2.0,0.0,22,0.0,10.819,72.779,11.745,5.564,0.0,11.205,71.3,11.5,5.65,0.0
Sam Flanders,Gold Coast,3,24,24.43,183,Gen. Forward,2020.0,89,37.0,2.0,1.0,23,12.0,9.437,77.989,19.843,6.528,0.416,8.86,70.7,17.9,5.6,0.45
Sean Lemmens,Gold Coast,23,31,31.16,184,Gen. Defender,2014.0,149,25.0,0.0,,1,0.0,5.346,49.403,11.738,4.342,0.168,4.945,52.35,10.3,4.35,0.0
Thomas Berry,Gold Coast,16,25,25.66,185,Mid-Forward,2020.0,43,6.0,0.0,,0,,4.044,36.535,7.721,3.419,0.14,5.745,47.75,10.7,4.35,0.15
Touk Miller,Gold Coast,11,29,29.85,178,Midfielder,2015.0,214,71.0,2.0,0.0,23,16.0,12.482,96.664,23.664,10.71,0.332,15.215,105.9,24.8,10.35,0.5
Wil Powell,Gold Coast,27,26,26.34,188,Gen. Defender,2018.0,130,16.0,2.0,0.0,25,1.0,8.677,76.7,16.038,4.815,0.123,9.48,79.8,16.55,5.1,0.05
Will Graham,Gold Coast,26,20,20.43,186,Gen. Forward,2024.0,25,18.0,0.0,,8,10.0,9.08,63.68,12.08,5.24,0.72,9.245,61.35,11.95,5.3,0.85
Zak Evans,Gold Coast,36,25,25.76,192,Gen. Defender,,0,,,,0,,,,,,,,,,,
Aaron Cadman,Greater Western Sydney,5,21,21.83,195,Key Forward,2023.0,59,80.0,3.0,4.0,24,44.0,6.169,50.492,7.797,3.644,1.356,8.51,69.0,10.25,4.6,2.0
Brent Daniels,Greater Western Sydney,16,26,26.81,172,Gen. Forward,2018.0,112,72.0,9.0,4.0,6,1.0,9.632,69.58,14.768,5.902,0.643,13.13,84.7,17.35,7.15,0.7
Callan Ward,Greater Western Sydney,8,35,35.72,187,Midfielder,2008.0,327,163.0,20.0,12.0,12,6.0,12.739,89.982,21.804,9.526,0.498,7.98,68.3,16.3,5.15,0.55
Callum Brown,Greater Western Sydney,46,25,25.37,188,Gen. Forward,2021.0,64,67.0,4.0,3.0,22,25.0,8.012,56.312,9.641,3.906,1.047,9.475,66.0,11.55,4.55,1.15
Cody Angove,Greater Western Sydney,29,19,19.59,182,Gen. Forward,2025.0,4,1.0,0.0,,4,1.0,5.725,37.0,11.0,3.75,0.25,5.725,37.0,11.0,3.75,0.25
Connor Idun,Greater Western Sydney,39,25,25.42,193,Gen. Defender,2019.0,117,0.0,8.0,0.0,24,0.0,8.683,75.0,16.162,4.94,0.0,8.77,83.85,18.35,5.2,0.0
Conor Stone,Greater Western Sydney,18,23,23.69,189,Gen. Defender,2021.0,20,4.0,1.0,2.0,7,0.0,3.92,33.4,8.1,2.2,0.2,3.92,33.4,8.1,2.2,0.2
Darcy Jones,Greater Western Sydney,2,21,21.74,175,Gen. Forward,2024.0,37,31.0,3.0,2.0,23,19.0,10.386,68.973,13.595,5.892,0.838,10.775,74.95,14.35,6.3,0.85
Finn Callaghan,Greater Western Sydney,17,22,22.68,192,Midfielder,2022.0,71,13.0,6.0,2.0,21,6.0,11.549,85.042,23.338,6.958,0.183,14.775,110.0,28.15,8.75,0.2
Harrison Oliver,Greater Western Sydney,19,19,19.54,181,Gen. Defender,,0,,,,0,,,,,,,,,,,
Harry Himmelberg,Greater Western Sydney,27,29,29.64,195,Gen. Defender,2016.0,201,164.0,17.0,16.0,24,3.0,9.65,77.383,15.204,5.303,0.816,9.76,82.75,17.55,4.95,0.15
Harry Rowston,Greater Western Sydney,24,21,21.38,182,Midfielder,2023.0,17,6.0,0.0,,10,5.0,5.506,43.118,9.588,3.059,0.353,5.506,43.118,9.588,3.059,0.353
Harvey Thomas,Greater Western Sydney,1,20,20.39,176,Gen. Forward,2024.0,40,18.0,1.0,1.0,18,9.0,7.195,53.8,11.45,4.25,0.45,6.97,52.05,10.85,3.4,0.45
Jack Buckley,Greater Western Sydney,44,28,28.03,195,Key Defender,2020.0,85,1.0,5.0,0.0,19,0.0,10.584,73.906,12.718,5.129,0.012,10.275,73.15,12.15,4.8,0.0
Jack Ough,Greater Western Sydney,28,19,19.04,194,Midfielder,,0,,,,0,,,,,,,,,,,
Jacob Wehr,Greater Western Sydney,10,27,27.49,185,Midfielder,2022.0,39,7.0,0.0,,14,3.0,6.113,55.154,12.462,4.179,0.179,5.585,56.45,13.1,4.5,0.15
Jake Riccardi,Greater Western Sydney,26,26,26.14,198,Key Forward,2020.0,89,110.0,4.0,6.0,20,23.0,5.417,56.921,10.539,3.629,1.236,7.405,70.2,12.55,4.8,1.15
Jake Stringer,Greater Western Sydney,20,31,31.68,192,Gen. Forward,2013.0,227,392.0,8.0,9.0,15,25.0,10.989,68.802,12.872,6.361,1.727,8.455,60.9,10.75,5.4,1.7
James Leake,Greater Western Sydney,30,20,20.24,188,Gen. Defender,2025.0,3,1.0,0.0,,3,1.0,3.7,39.0,8.0,4.0,0.333,3.7,39.0,8.0,4.0,0.333
Jesse Hogan,Greater Western Sydney,23,30,30.88,196,Key Forward,2015.0,181,397.0,7.0,20.0,16,46.0,8.791,79.448,13.503,6.193,2.193,10.225,83.0,10.75,5.4,3.1
Joe Fonti,Greater Western Sydney,37,21,21.01,189,Gen. Defender,2024.0,22,0.0,1.0,0.0,17,0.0,5.891,49.409,11.273,3.364,0.0,5.725,49.7,10.85,3.4,0.0
Josaia Delana,Greater Western Sydney,38,19,19.5,176,Gen. Forward,2025.0,3,0.0,0.0,,3,0.0,0.733,28.0,5.0,1.667,0.0,0.733,28.0,5.0,1.667,0.0
Josh Fahey,Greater Western Sydney,34,22,22.13,187,Gen. Defender,2023.0,7,4.0,0.0,,0,,2.886,27.143,7.429,1.429,0.571,2.886,27.143,7.429,1.429,0.571
Josh Kelly,Greater Western Sydney,22,30,30.88,184,Midfielder,2014.0,230,144.0,18.0,11.0,15,5.0,12.22,98.109,24.491,8.783,0.626,10.25,86.15,21.8,7.4,0.3
Kieren Briggs,Greater Western Sydney,32,26,26.23,201,Ruck,2021.0,70,14.0,6.0,2.0,20,4.0,12.517,89.729,13.3,9.086,0.2,11.11,81.35,11.1,7.0,0.2
Lachie Ash,Greater Western Sydney,7,24,24.52,188,Gen. Defender,2020.0,125,8.0,8.0,1.0,24,1.0,8.431,79.712,20.352,4.464,0.064,11.765,108.15,28.25,5.2,0.05
Lachie Whitfield,Greater Western Sydney,6,31,31.45,185,Gen. Defender,2013.0,257,71.0,18.0,2.0,23,0.0,10.342,94.805,24.576,5.786,0.276,10.04,111.0,28.25,5.15,0.0
Lachlan Keeffe,Greater Western Sydney,25,35,35.71,204,Ruck,2011.0,119,20.0,8.0,2.0,3,1.0,6.525,53.328,9.252,3.681,0.168,4.845,45.4,6.9,4.15,0.15
Leek Aleer,Greater Western Sydney,21,24,24.36,194,Key Defender,2022.0,25,0.0,1.0,0.0,13,0.0,6.344,53.76,9.72,4.32,0.0,6.785,54.25,10.0,4.5,0.0
Logan Smith,Greater Western Sydney,36,19,19.26,204,Ruck,,0,,,,0,,,,,,,,,,,
Max Gruzewski,Greater Western Sydney,35,21,21.44,192,Key Forward,2024.0,11,13.0,0.0,,7,10.0,4.6,33.182,5.091,2.182,1.182,4.6,33.182,5.091,2.182,1.182
Nathan Wardius,Greater Western Sydney,42,21,21.21,181,Gen. Forward,,0,,,,0,,,,,,,,,,,
Nicholas Madden,Greater Western Sydney,41,21,21.62,204,Ruck,2025.0,3,0.0,0.0,,3,0.0,12.267,86.0,11.0,9.667,0.0,12.267,86.0,11.0,9.667,0.0
Oliver Hannaford,Greater Western Sydney,13,19,19.33,180,Gen. Forward,,0,,,,0,,,,,,,,,,,
Phoenix Gothard,Greater Western Sydney,11,20,20.31,179,Gen. Forward,,0,,,,0,,,,,,,,,,,
Ryan Angwin,Greater Western Sydney,9,23,23.05,185,Midfielder,2022.0,30,3.0,1.0,0.0,10,1.0,6.2,51.367,12.167,4.533,0.1,7.13,58.9,13.6,5.2,0.15
Sam Taylor,Greater Western Sydney,15,26,26.65,198,Key Defender,2018.0,131,2.0,12.0,0.0,20,1.0,10.608,76.443,12.855,6.45,0.015,10.87,80.7,14.0,6.3,0.05
Stephen Coniglio,Greater Western Sydney,3,32,32.04,182,Midfielder,2012.0,227,124.0,14.0,9.0,10,4.0,10.908,91.731,23.859,9.233,0.546,6.69,59.8,16.6,6.4,0.25
Toby Bedford,Greater Western Sydney,14,25,25.59,179,Mid-Forward,2020.0,83,48.0,5.0,4.0,23,17.0,7.27,53.687,10.265,4.012,0.578,7.955,59.9,10.9,4.25,0.75
Toby Greene,Greater Western Sydney,4,32,32.26,182,Gen. Forward,2012.0,261,416.0,17.0,29.0,22,41.0,11.319,86.31,19.935,8.115,1.594,10.855,77.55,16.05,6.4,1.85
Toby McMullin,Greater Western Sydney,31,21,21.4,183,Midfielder,2023.0,28,8.0,1.0,1.0,11,1.0,4.529,39.857,9.393,2.821,0.286,5.115,42.4,10.3,2.95,0.35
Tom Green,Greater Western Sydney,12,24,24.93,192,Midfielder,2020.0,115,49.0,7.0,2.0,23,13.0,13.51,100.13,27.13,13.365,0.426,16.705,110.75,29.05,16.0,0.5
Wade Derksen,Greater Western Sydney,45,24,24.53,194,Key Defender,,0,,,,0,,,,,,,,,,,
Xavier O'Halloran,Greater Western Sydney,33,25,25.47,187,Midfielder,2020.0,90,34.0,6.0,2.0,23,9.0,7.073,50.633,12.056,4.556,0.378,9.01,63.15,15.45,6.25,0.35
Bailey Macdonald,Hawthorn,42,21,21.4,182,Gen. Defender,2023.0,8,1.0,0.0,,6,1.0,4.025,30.0,7.125,1.75,0.125,4.025,30.0,7.125,1.75,0.125
Blake Hardwick,Hawthorn,15,28,28.9,183,Gen. Defender,2016.0,198,32.0,7.0,0.0,26,11.0,8.767,76.298,16.53,4.753,0.162,9.555,75.7,15.55,4.95,0.25
Bodie Ryan,Hawthorn,26,20,20.69,187,Gen. Defender,,0,,,,0,,,,,,,,,,,
Calsher Dear,Hawthorn,35,20,20.4,195,Key Forward,2024.0,26,35.0,3.0,5.0,9,10.0,5.388,51.192,7.115,4.038,1.346,5.72,51.65,7.15,3.85,1.4
Cam Mackenzie,Hawthorn,28,21,21.94,188,Midfielder,2023.0,46,12.0,0.0,,12,0.0,7.741,58.739,14.87,5.435,0.261,8.125,62.85,16.25,5.8,0.2
Changkuoth Jiath,Hawthorn,9,26,26.55,185,Gen. Defender,2019.0,76,5.0,3.0,0.0,20,0.0,7.883,67.526,15.763,5.092,0.066,6.275,59.2,13.8,4.65,0.0
Cody Anderson,Hawthorn,32,19,19.91,183,Midfielder,,0,,,,0,,,,,,,,,,,
Connor Macdonald,Hawthorn,31,22,22.96,185,Gen. Forward,2022.0,90,71.0,5.0,7.0,24,22.0,7.741,66.133,15.767,4.878,0.789,7.27,71.6,15.35,4.45,0.95
Conor Nash,Hawthorn,11,27,27.42,198,Midfielder,2018.0,120,22.0,7.0,2.0,22,5.0,8.666,69.433,17.058,7.483,0.183,8.875,72.1,18.1,8.0,0.2
Dylan Moore,Hawthorn,13,26,26.4,177,Gen. Forward,2019.0,126,133.0,5.0,3.0,26,23.0,11.336,87.214,18.619,6.833,1.056,11.635,90.7,20.2,7.1,0.8
Finn Maginness,Hawthorn,20,24,24.85,189,Gen. Forward,2020.0,58,14.0,2.0,2.0,13,4.0,4.488,45.862,12.328,4.241,0.241,4.31,48.0,13.6,4.75,0.3
Harry Morrison,Hawthorn,1,27,27.13,184,Midfielder,2017.0,123,30.0,4.0,0.0,20,5.0,7.883,66.382,16.293,4.854,0.244,8.72,71.65,17.4,5.3,0.25
Henry Hustwaite,Hawthorn,44,21,21.44,195,Midfielder,2023.0,10,2.0,0.0,,4,0.0,5.52,41.7,10.9,4.7,0.2,5.52,41.7,10.9,4.7,0.2
Jack Ginnivan,Hawthorn,33,23,23.06,185,Gen. Forward,2021.0,90,115.0,11.0,11.0,25,29.0,7.764,63.789,13.789,4.9,1.278,10.615,83.35,20.05,6.4,1.35
Jack Gunston,Hawthorn,19,34,34.2,193,Key Forward,2010.0,283,554.0,20.0,47.0,23,73.0,10.699,80.558,14.102,4.989,1.958,11.645,88.7,12.45,4.3,3.15
Jack Scrimshaw,Hawthorn,14,27,27.32,194,Gen. Defender,2017.0,123,11.0,5.0,0.0,16,0.0,9.678,76.821,17.276,5.333,0.089,9.64,72.65,15.0,5.05,0.0
Jai Newcombe,Hawthorn,3,24,24.41,187,Midfielder,2021.0,102,43.0,5.0,3.0,26,11.0,13.251,92.608,22.804,10.373,0.422,12.65,93.4,22.1,11.1,0.4
Jai Serong,Hawthorn,29,22,22.87,193,Key Defender,2022.0,10,1.0,1.0,0.0,0,,4.03,37.7,7.6,3.0,0.1,4.03,37.7,7.6,3.0,0.1
Jaime Uhr-Henry,Hawthorn,43,22,22.63,209,Ruck,,0,,,,0,,,,,,,,,,,
James Blanck,Hawthorn,36,25,25.11,196,Key Defender,2022.0,24,0.0,0.0,,0,,6.188,37.583,6.5,3.208,0.0,5.28,35.45,6.05,3.0,0.0
James Sicily,Hawthorn,6,30,30.98,188,Gen. Defender,2015.0,179,76.0,8.0,2.0,23,6.0,11.042,93.402,20.24,6.363,0.425,8.735,86.6,19.3,5.8,0.2
James Worpel,Hawthorn,5,26,26.93,186,Midfielder,2018.0,148,49.0,7.0,1.0,21,4.0,10.811,81.696,21.784,10.034,0.331,9.69,75.8,20.5,10.05,0.2
Jarman Impey,Hawthorn,4,30,30.47,178,Gen. Defender,2014.0,221,68.0,8.0,2.0,24,5.0,8.09,68.733,16.05,4.71,0.308,9.35,87.7,20.95,4.7,0.25
Jasper Scaife,Hawthorn,39,21,21.25,196,Key Forward,,0,,,,0,,,,,,,,,,,
Josh Battle,Hawthorn,24,27,27.33,193,Key Defender,2017.0,149,30.0,5.0,1.0,26,0.0,7.452,70.577,15.0,4.483,0.201,9.2,83.1,19.05,5.25,0.0
Josh Ward,Hawthorn,25,22,22.37,183,Midfielder,2022.0,67,8.0,5.0,0.0,25,3.0,9.469,71.836,19.284,6.254,0.119,11.14,84.2,20.6,7.9,0.1
Josh Weddle,Hawthorn,23,21,21.6,191,Gen. Defender,2023.0,60,23.0,5.0,1.0,18,9.0,10.325,72.533,15.633,5.05,0.383,10.44,76.6,15.9,5.95,0.45
Karl Amon,Hawthorn,10,30,30.36,181,Gen. Defender,2015.0,195,72.0,10.0,2.0,25,4.0,9.723,82.436,20.523,4.672,0.369,10.9,93.8,24.05,3.7,0.15
Lloyd Meek,Hawthorn,17,27,27.69,203,Ruck,2021.0,77,24.0,5.0,1.0,25,10.0,10.827,87.351,12.273,7.701,0.312,11.425,101.7,13.65,8.6,0.25
Luke Breust,Hawthorn,22,35,35.13,182,Gen. Forward,2011.0,308,553.0,20.0,26.0,8,4.0,11.731,74.552,13.282,6.545,1.795,5.945,38.5,7.2,2.6,1.05
Mabior Chol,Hawthorn,18,28,28.92,200,Key Forward,2016.0,108,157.0,6.0,4.0,24,42.0,8.374,62.796,8.704,4.87,1.454,9.99,71.25,10.35,5.45,1.8
Massimo D'Ambrosio,Hawthorn,16,22,22.57,178,Midfielder,2022.0,66,17.0,5.0,0.0,26,5.0,8.427,70.909,17.606,5.076,0.258,8.48,71.5,18.65,5.1,0.2
Matt Hill,Hawthorn,41,21,21.99,187,Gen. Forward,,0,,,,0,,,,,,,,,,,
Max Ramsden,Hawthorn,38,22,22.7,203,Key Forward,2023.0,9,5.0,0.0,,4,4.0,3.011,45.111,7.444,4.333,0.556,3.011,45.111,7.444,4.333,0.556
Mitch Lewis,Hawthorn,2,27,27.21,199,Key Forward,2018.0,78,133.0,2.0,3.0,8,8.0,7.779,62.372,10.218,4.91,1.705,7.02,55.4,9.45,3.95,1.45
Ned Reeves,Hawthorn,7,27,27.16,210,Ruck,2021.0,43,11.0,0.0,,1,0.0,9.558,67.047,8.047,5.163,0.256,9.255,66.95,8.65,5.55,0.1
Nick Watson,Hawthorn,34,20,20.84,170,Gen. Forward,2024.0,43,61.0,5.0,11.0,25,36.0,9.177,65.395,10.86,5.279,1.419,9.885,62.0,10.45,5.45,1.5
Noah Mraz,Hawthorn,21,19,19.86,198,Key Defender,,0,,,,0,,,,,,,,,,,
Sam Butler,Hawthorn,30,22,22.88,184,Mid-Forward,2022.0,25,15.0,3.0,3.0,6,3.0,5.032,42.16,9.6,3.84,0.6,4.985,42.75,9.7,3.7,0.55
Sam Frost,Hawthorn,8,32,32.34,194,Key Defender,2012.0,185,9.0,4.0,0.0,2,0.0,8.084,58.043,12.189,5.022,0.049,5.56,40.6,7.9,3.55,0.0
Seamus Mitchell,Hawthorn,40,23,23.49,181,Gen. Defender,2023.0,28,0.0,0.0,,4,0.0,4.875,48.75,12.286,3.393,0.0,3.665,41.25,10.0,3.1,0.0
Tom Barrass,Hawthorn,37,30,30.23,197,Key Defender,2015.0,175,1.0,12.0,0.0,25,0.0,10.242,76.269,12.406,4.731,0.006,9.435,61.6,9.5,4.35,0.0
Will Day,Hawthorn,12,24,24.57,191,Midfielder,2020.0,76,19.0,0.0,,6,6.0,10.917,84.132,19.961,7.105,0.25,12.515,96.4,20.6,9.2,0.45
William McCabe,Hawthorn,27,20,20.25,197,Key Forward,,0,,,,0,,,,,,,,,,,
Aidan Johnson,Melbourne,42,25,25.81,193,Key Forward,2025.0,5,3.0,0.0,,5,3.0,2.96,37.6,5.4,3.4,0.6,2.96,37.6,5.4,3.4,0.6
Andy Moniz-Wakefield,Melbourne,45,22,22.18,182,Gen. Defender,2024.0,6,0.0,0.0,,0,,7.15,53.667,12.667,4.333,0.0,7.15,53.667,12.667,4.333,0.0
Bailey Laurie,Melbourne,16,23,23.77,179,Gen. Forward,2023.0,12,2.0,1.0,0.0,1,0.0,3.683,27.333,7.75,3.167,0.167,3.683,27.333,7.75,3.167,0.167
Bayley Fritsch,Melbourne,31,29,29.06,188,Gen. Forward,2018.0,171,288.0,9.0,21.0,22,36.0,9.154,68.187,12.123,4.439,1.684,8.705,70.3,13.0,4.45,1.75
Blake Howes,Melbourne,22,22,22.73,191,Gen. Defender,2024.0,28,1.0,0.0,,12,1.0,5.279,54.536,11.893,4.321,0.036,4.91,51.75,11.35,3.9,0.05
Caleb Windsor,Melbourne,6,20,20.56,185,Gen. Defender,2024.0,36,10.0,0.0,,17,2.0,7.308,56.194,14.361,4.056,0.278,6.875,53.25,14.05,3.55,0.2
Charlie Spargo,Melbourne,9,26,26.09,172,Gen. Forward,2018.0,108,64.0,9.0,7.0,10,1.0,6.176,53.417,11.028,3.556,0.593,4.755,44.0,10.2,3.3,0.3
Christian Petracca,Melbourne,5,29,29.98,187,Mid-Forward,2016.0,212,202.0,10.0,7.0,23,18.0,14.3,97.717,23.561,11.575,0.953,13.705,98.2,25.65,11.95,0.7
Christian Salem,Melbourne,3,30,30.46,184,Gen. Defender,2014.0,199,27.0,10.0,1.0,23,1.0,8.314,80.518,20.161,5.231,0.136,8.275,90.0,22.65,3.95,0.05
Clayton Oliver,Melbourne,13,28,28.44,189,Midfielder,2016.0,205,58.0,10.0,5.0,22,4.0,14.428,109.41,28.171,14.727,0.283,10.82,90.55,25.05,11.45,0.15
Daniel Turner,Melbourne,10,23,23.92,194,Key Defender,2022.0,37,24.0,0.0,,19,7.0,7.522,57.162,10.135,3.892,0.649,8.915,69.45,12.0,4.55,0.4
Ed Langdon,Melbourne,15,29,29.91,182,Mid-Forward,2015.0,202,84.0,7.0,5.0,23,8.0,8.41,77.515,20.649,5.96,0.416,6.73,70.15,18.65,5.2,0.4
Harrison Petty,Melbourne,35,26,26.13,197,Key Forward,2018.0,101,48.0,5.0,1.0,19,20.0,6.704,55.792,9.297,4.129,0.475,6.9,53.85,8.65,4.2,1.0
Harry Sharp,Melbourne,30,23,23.03,182,Gen. Forward,2021.0,34,12.0,0.0,,18,8.0,3.953,31.382,7.588,2.265,0.353,3.57,28.95,6.65,2.0,0.4
Harvey Langford,Melbourne,19,19,19.79,190,Midfielder,2025.0,22,14.0,0.0,,22,14.0,10.073,71.091,17.955,6.545,0.636,10.185,72.95,18.2,6.35,0.65
Jack Billings,Melbourne,14,30,30.36,185,Midfielder,2014.0,172,112.0,2.0,0.0,1,0.0,8.344,80.349,20.058,5.948,0.651,5.8,57.9,15.45,4.25,0.25
Jack Henderson,Melbourne,43,26,26.24,177,Gen. Forward,2025.0,5,2.0,0.0,,5,2.0,3.98,43.0,10.0,4.6,0.4,3.98,43.0,10.0,4.6,0.4
Jack Viney,Melbourne,7,31,31.71,179,Midfielder,2013.0,237,70.0,10.0,0.0,18,4.0,11.073,89.143,22.511,11.076,0.295,10.035,86.9,21.75,10.3,0.3
Jacob van Rooyen,Melbourne,2,22,22.7,193,Key Forward,2023.0,57,74.0,1.0,0.0,16,16.0,6.991,62.211,9.719,4.702,1.298,7.05,60.05,10.1,5.1,1.0
Jai Culley,Melbourne,46,22,22.84,194,Midfielder,2022.0,16,10.0,0.0,,4,3.0,7.537,54.125,11.062,5.688,0.625,7.537,54.125,11.062,5.688,0.625
Jake Bowey,Melbourne,17,23,23.3,175,Gen. Defender,2021.0,84,8.0,5.0,0.0,23,2.0,8.377,74.119,18.06,5.464,0.095,9.645,90.85,22.6,6.05,0.0
Jake Lever,Melbourne,8,29,29.82,194,Gen. Defender,2015.0,186,5.0,12.0,1.0,8,0.0,9.861,74.005,14.027,5.489,0.027,8.915,67.4,13.1,4.5,0.0
Jake Melksham,Melbourne,18,34,34.33,186,Key Forward,2010.0,248,221.0,6.0,6.0,19,33.0,8.671,60.589,13.899,5.177,0.891,9.515,63.0,9.95,4.4,1.65
Jed Adams,Melbourne,26,21,21.63,196,Key Defender,2025.0,1,0.0,0.0,,1,0.0,6.6,36.0,5.0,2.0,0.0,6.6,36.0,5.0,2.0,0.0
Judd McVee,Melbourne,4,22,22.4,185,Gen. Defender,2023.0,65,1.0,2.0,0.0,17,0.0,8.334,62.108,14.554,4.8,0.015,6.39,55.85,14.2,4.45,0.05
Kade Chandler,Melbourne,37,25,25.96,175,Gen. Forward,2019.0,79,60.0,2.0,0.0,23,18.0,8.062,59.57,11.57,4.101,0.759,9.29,71.9,14.35,5.25,0.7
Koltyn Tholstrup,Melbourne,12,20,20.5,186,Gen. Forward,2024.0,19,8.0,0.0,,9,3.0,5.458,46.579,9.526,4.421,0.421,5.458,46.579,9.526,4.421,0.421
Kynan Brown,Melbourne,41,20,20.96,181,Midfielder,2024.0,2,0.0,0.0,,0,,0.2,18.0,1.5,1.5,0.0,0.2,18.0,1.5,1.5,0.0
Kysaiah Pickett,Melbourne,36,24,24.58,171,Mid-Forward,2020.0,126,201.0,7.0,11.0,20,40.0,10.174,69.27,12.429,5.675,1.595,13.59,91.45,19.55,7.8,2.0
Luker Kentfield,Melbourne,44,20,20.3,194,Key Defender,,0,,,,0,,,,,,,,,,,
Marty Hore,Melbourne,27,29,29.82,191,Key Defender,2019.0,20,1.0,0.0,,0,,6.46,64.9,14.35,4.7,0.05,6.46,64.9,14.35,4.7,0.05
Matthew Jefferson,Melbourne,21,21,21.81,195,Key Forward,2025.0,7,4.0,0.0,,7,4.0,1.686,26.429,5.429,2.286,0.571,1.686,26.429,5.429,2.286,0.571
Max Gawn,Melbourne,11,34,34.0,209,Ruck,2011.0,247,115.0,10.0,8.0,23,6.0,14.668,113.227,16.255,9.628,0.466,15.82,132.35,21.35,14.1,0.3
Oliver Sestan,Melbourne,38,21,21.71,188,Gen. Defender,,0,,,,0,,,,,,,,,,,
Ricky Mentha,Melbourne,39,19,19.32,179,Gen. Forward,,0,,,,0,,,,,,,,,,,
Shane McAdam,Melbourne,23,30,30.59,186,Gen. Forward,2020.0,53,73.0,0.0,,0,,6.494,60.038,9.509,4.019,1.377,6.505,58.6,10.1,3.6,1.35
Steven May,Melbourne,1,33,33.97,193,Key Defender,2011.0,251,24.0,7.0,0.0,16,0.0,10.238,81.371,16.096,4.594,0.096,9.295,89.4,18.1,4.25,0.0
Taj Woewodin,Melbourne,40,22,22.76,182,Midfielder,2023.0,21,3.0,0.0,,1,0.0,3.89,31.095,7.857,2.286,0.143,3.88,30.5,7.65,2.15,0.15
Tom Campbell,Melbourne,29,34,34.16,201,Ruck,2012.0,58,30.0,0.0,,0,,7.471,60.845,9.431,6.103,0.517,7.02,61.45,9.55,6.25,0.45
Tom Fullarton,Melbourne,33,26,26.85,200,Key Forward,2020.0,21,6.0,3.0,1.0,2,0.0,5.748,43.476,8.619,4.476,0.286,5.785,42.95,8.65,4.45,0.25
Tom McDonald,Melbourne,25,33,33.28,195,Key Defender,2011.0,249,170.0,8.0,9.0,17,1.0,10.455,79.462,15.325,5.518,0.683,8.995,77.35,14.8,4.95,0.05
Tom Sparrow,Melbourne,32,25,25.58,183,Gen. Forward,2019.0,117,44.0,7.0,5.0,22,10.0,7.686,59.923,13.932,5.308,0.376,6.625,58.7,12.05,4.25,0.45
Trent Rivers,Melbourne,24,24,24.42,188,Gen. Defender,2020.0,123,13.0,7.0,0.0,23,4.0,9.197,74.65,18.073,5.602,0.106,10.96,83.65,21.4,6.35,0.2
Will Verrall,Melbourne,28,21,21.8,199,Ruck,,0,,,,0,,,,,,,,,,,
Xavier Lindsay,Melbourne,20,19,19.41,183,Midfielder,2025.0,18,2.0,0.0,,18,2.0,4.917,50.611,13.556,3.556,0.111,4.917,50.611,13.556,3.556,0.111
Aidan Corr,North Melbourne,4,31,31.62,195,Key Defender,2013.0,172,3.0,7.0,0.0,10,0.0,7.369,60.448,11.831,3.419,0.017,7.495,63.0,13.1,3.6,0.0
Bailey Scott,North Melbourne,8,25,25.47,186,Midfielder,2019.0,113,35.0,0.0,,12,3.0,6.928,64.788,16.743,4.265,0.31,6.635,60.3,14.8,4.3,0.3
Brayden George,North Melbourne,33,21,21.96,187,Gen. Forward,,0,,,,0,,,,,,,,,,,
Brynn Teakle,North Melbourne,43,26,26.2,203,Ruck,2022.0,21,11.0,0.0,,4,1.0,6.429,54.143,8.524,4.857,0.524,6.645,55.35,8.7,5.05,0.55
Caleb Daniel,North Melbourne,5,29,29.48,171,Gen. Defender,2015.0,215,49.0,12.0,4.0,23,0.0,10.128,85.47,22.172,6.07,0.228,8.64,92.05,25.05,4.4,0.0
Callum Coleman-Jones,North Melbourne,21,26,26.55,200,Ruck,2019.0,32,20.0,0.0,,1,0.0,5.612,52.0,9.625,5.188,0.625,4.565,44.55,9.3,4.6,0.35
Cameron Zurhaar,North Melbourne,44,27,27.61,190,Gen. Forward,2017.0,143,200.0,0.0,,22,38.0,7.971,64.476,12.168,5.378,1.399,7.8,62.65,9.75,4.75,1.65
Charlie Comben,North Melbourne,30,24,24.44,199,Key Defender,2021.0,48,8.0,0.0,,20,0.0,6.927,63.521,11.792,4.667,0.167,6.68,61.0,12.25,4.4,0.0
Colby McKercher,North Melbourne,10,20,20.72,182,Gen. Defender,2024.0,39,12.0,0.0,,23,12.0,8.531,85.282,23.41,4.103,0.308,9.675,85.9,23.95,4.35,0.55
Cooper Harvey,North Melbourne,37,21,21.47,180,Gen. Forward,2023.0,10,11.0,0.0,,7,10.0,5.4,42.5,8.8,2.9,1.1,5.4,42.5,8.8,2.9,1.1
Cooper Trembath,North Melbourne,47,20,20.2,193,Key Forward,2025.0,3,9.0,0.0,,3,9.0,11.867,71.333,8.667,6.667,3.0,11.867,71.333,8.667,6.667,3.0
Darcy Tucker,North Melbourne,13,28,28.93,184,Gen. Defender,2016.0,156,44.0,0.0,,7,0.0,6.556,60.109,15.705,4.5,0.282,5.89,62.75,17.2,3.25,0.0
Dylan Stephens,North Melbourne,15,24,24.97,184,Midfielder,2020.0,81,17.0,3.0,2.0,22,6.0,5.716,55.667,14.346,4.247,0.21,6.635,64.65,18.45,4.3,0.25
Eddie Ford,North Melbourne,40,23,23.52,189,Gen. Defender,2021.0,40,31.0,0.0,,0,,6.255,51.7,11.275,4.225,0.775,6.27,55.55,12.2,5.0,0.9
Finn O'Sullivan,North Melbourne,2,19,19.58,183,Gen. Defender,2025.0,22,1.0,0.0,,22,1.0,6.232,58.0,14.318,3.727,0.045,5.95,59.15,14.35,3.75,0.05
Finnbar Maley,North Melbourne,39,22,22.45,197,Key Forward,2025.0,7,4.0,0.0,,7,4.0,3.329,36.0,6.571,3.857,0.571,3.329,36.0,6.571,3.857,0.571
Geordie Payne,North Melbourne,23,20,20.15,184,Gen. Forward,2025.0,3,3.0,0.0,,3,3.0,5.067,35.0,5.333,3.0,1.0,5.067,35.0,5.333,3.0,1.0
George Wardlaw,North Melbourne,6,21,21.55,182,Midfielder,2023.0,39,12.0,0.0,,13,4.0,10.969,77.333,17.0,8.462,0.308,10.8,78.5,17.4,8.65,0.35
Griffin Logue,North Melbourne,19,27,27.71,193,Key Defender,2017.0,97,11.0,2.0,3.0,16,1.0,7.634,62.124,11.577,4.773,0.113,7.725,61.35,11.35,3.95,0.05
Harry Sheezel,North Melbourne,3,21,21.21,185,Mid-Forward,2023.0,67,25.0,0.0,,23,8.0,11.652,107.925,28.687,8.433,0.373,9.95,109.45,29.45,8.4,0.4
Jack Darling,North Melbourne,28,33,33.55,191,Key Forward,2011.0,320,556.0,17.0,34.0,22,24.0,9.828,73.578,11.603,6.037,1.738,8.62,58.1,9.3,5.6,1.05
Jackson Archer,North Melbourne,34,22,22.97,187,Gen. Defender,2022.0,26,0.0,0.0,,3,0.0,3.846,42.308,9.5,3.654,0.0,3.865,42.85,9.55,3.45,0.0
Jacob Konstanty,North Melbourne,41,21,21.14,177,Gen. Forward,2025.0,23,11.0,0.0,,23,11.0,4.365,44.87,9.13,3.913,0.478,3.94,44.05,9.2,3.95,0.4
Josh Goater,North Melbourne,31,22,22.58,190,Gen. Defender,2022.0,12,0.0,0.0,,0,,5.933,56.167,14.25,3.583,0.0,5.933,56.167,14.25,3.583,0.0
Jy Simpkin,North Melbourne,12,27,27.82,183,Mid-Forward,2017.0,173,74.0,0.0,,21,12.0,10.107,80.064,20.624,8.896,0.428,11.34,85.45,21.75,8.55,0.55
Kallan Dawson,North Melbourne,42,27,27.44,196,Key Defender,2022.0,19,1.0,0.0,,3,0.0,6.279,51.737,10.526,3.0,0.053,6.279,51.737,10.526,3.0,0.053
Luke Davies-Uniacke,North Melbourne,9,26,26.56,188,Midfielder,2018.0,130,49.0,0.0,,22,8.0,12.351,91.977,22.8,10.469,0.377,13.405,97.3,25.05,11.7,0.3
Luke McDonald,North Melbourne,11,30,30.89,189,Gen. Defender,2014.0,218,18.0,5.0,1.0,15,0.0,7.795,72.849,17.28,4.752,0.083,7.585,70.8,15.65,3.9,0.0
Luke Parker,North Melbourne,26,33,33.18,183,Midfielder,2011.0,315,225.0,26.0,21.0,22,12.0,12.792,95.644,23.232,11.305,0.714,10.77,89.85,23.5,11.05,0.55
Luke Urquhart,North Melbourne,14,19,19.28,185,Midfielder,,0,,,,0,,,,,,,,,,,
Matt Whitlock,North Melbourne,35,19,19.62,197,Key Defender,2025.0,2,1.0,0.0,,2,1.0,3.05,21.0,6.0,2.5,0.5,3.05,21.0,6.0,2.5,0.5
Miller Bergman,North Melbourne,27,22,22.93,189,Gen. Defender,2022.0,16,0.0,0.0,,0,,4.088,40.812,10.0,2.438,0.0,4.088,40.812,10.0,2.438,0.0
Nick Larkey,North Melbourne,20,27,27.56,198,Key Forward,2017.0,134,278.0,0.0,,17,41.0,7.782,61.448,9.172,4.5,2.075,8.545,68.1,9.8,5.15,2.15
Paul Curtis,North Melbourne,25,22,22.82,185,Gen. Forward,2022.0,78,97.0,0.0,,19,38.0,7.86,59.192,10.59,5.167,1.244,10.385,76.5,11.6,6.1,1.95
Riley Hardeman,North Melbourne,17,20,20.84,184,Gen. Defender,2024.0,20,0.0,0.0,,17,0.0,5.44,53.2,12.55,3.2,0.0,5.44,53.2,12.55,3.2,0.0
River Stevens,North Melbourne,36,19,19.51,177,Gen. Forward,,0,,,,0,,,,,,,,,,,
Robert Hansen Jr,North Melbourne,46,21,21.8,182,Mid-Forward,2023.0,20,7.0,0.0,,12,3.0,4.59,32.3,8.15,2.6,0.35,4.59,32.3,8.15,2.6,0.35
Taylor Goad,North Melbourne,22,20,20.67,207,Ruck,,0,,,,0,,,,,,,,,,,
Toby Pink,North Melbourne,32,27,27.38,194,Key Defender,2024.0,32,7.0,0.0,,17,0.0,5.362,49.031,8.875,3.125,0.219,5.51,54.95,10.15,3.6,0.1
Tom Powell,North Melbourne,24,23,23.83,184,Midfielder,2021.0,91,31.0,0.0,,23,6.0,8.811,70.901,18.692,6.055,0.341,9.115,84.1,22.5,6.9,0.25
Tristan Xerri,North Melbourne,38,26,26.79,202,Ruck,2020.0,76,25.0,0.0,,20,4.0,12.553,96.211,13.934,10.013,0.329,17.48,126.9,17.25,13.5,0.2
Wil Dawson,North Melbourne,18,20,20.03,200,Key Defender,2024.0,8,0.0,0.0,,5,0.0,5.15,42.25,6.375,2.5,0.0,5.15,42.25,6.375,2.5,0.0
Will Phillips,North Melbourne,29,23,23.61,181,Midfielder,2021.0,50,8.0,0.0,,7,0.0,8.206,59.32,14.16,6.04,0.16,8.95,63.75,14.85,6.0,0.1
Zac Banch,North Melbourne,45,22,22.94,173,Gen. Forward,2025.0,4,1.0,0.0,,4,1.0,2.1,29.0,6.75,3.5,0.25,2.1,29.0,6.75,3.5,0.25
Zac Fisher,North Melbourne,16,27,27.54,175,Gen. Forward,2017.0,132,55.0,0.0,,7,2.0,8.253,67.818,17.765,6.121,0.417,6.525,74.1,20.6,5.2,0.1
Zane Duursma,North Melbourne,7,20,20.34,190,Gen. Forward,2024.0,23,13.0,0.0,,10,4.0,4.361,34.043,7.174,2.478,0.565,4.425,31.5,6.65,2.3,0.55
Aliir Aliir,Port Adelaide,21,31,31.32,194,Key Defender,2016.0,178,6.0,11.0,0.0,22,1.0,9.944,74.528,13.758,5.792,0.034,9.09,70.85,13.1,5.15,0.05
Benny Barrett,Port Adelaide,40,19,19.66,176,Mid-Forward,,0,,,,0,,,,,,,,,,,
Brandon Zerk-Thatcher,Port Adelaide,25,27,27.35,195,Key Defender,2019.0,90,0.0,3.0,0.0,13,0.0,7.36,61.344,11.111,4.0,0.0,6.64,61.95,11.25,4.7,0.0
Christian Moraes,Port Adelaide,31,19,19.14,183,Midfielder,2025.0,14,2.0,0.0,,14,2.0,4.886,46.929,12.214,3.143,0.143,4.886,46.929,12.214,3.143,0.143
Connor Rozee,Port Adelaide,1,25,25.93,185,Gen. Defender,2019.0,150,124.0,9.0,8.0,21,11.0,11.241,89.993,21.0,7.32,0.827,11.23,103.9,27.05,6.95,0.55
Dante Visentini,Port Adelaide,38,22,22.87,202,Ruck,2023.0,14,2.0,0.0,,8,1.0,5.9,52.714,8.071,4.714,0.143,5.9,52.714,8.071,4.714,0.143
Darcy Byrne-Jones,Port Adelaide,33,30,30.27,181,Gen. Forward,2016.0,221,72.0,10.0,3.0,22,19.0,8.287,72.448,16.575,5.611,0.326,7.465,65.55,12.65,4.6,0.85
Dylan Williams,Port Adelaide,23,24,24.5,186,Gen. Forward,2021.0,29,0.0,1.0,0.0,2,0.0,5.79,57.138,13.034,3.414,0.0,5.48,55.2,12.2,2.85,0.0
Esava Ratugolea,Port Adelaide,27,27,27.43,197,Key Defender,2018.0,111,42.0,8.0,4.0,13,0.0,6.822,59.216,8.946,5.252,0.378,7.345,62.7,9.8,5.0,0.05
Ewan Mackinlay,Port Adelaide,49,22,22.45,182,Mid-Forward,2025.0,1,1.0,0.0,,1,1.0,7.4,80.0,15.0,3.0,1.0,7.4,80.0,15.0,3.0,1.0
Harrison Ramm,Port Adelaide,48,19,19.07,202,Key Defender,2025.0,1,0.0,0.0,,1,0.0,3.6,28.0,5.0,0.0,0.0,3.6,28.0,5.0,0.0,0.0
Hugh Jackson,Port Adelaide,39,22,22.66,182,Mid-Forward,2025.0,9,1.0,0.0,,9,1.0,5.778,40.889,9.333,2.778,0.111,5.778,40.889,9.333,2.778,0.111
Ivan Soldo,Port Adelaide,13,29,29.71,204,Ruck,2017.0,66,28.0,3.0,1.0,1,0.0,8.38,69.318,8.364,4.682,0.424,9.495,77.0,9.4,5.35,0.6
Jack Lukosius,Port Adelaide,12,25,25.39,195,Key Forward,2019.0,123,87.0,0.0,,7,8.0,8.261,69.0,14.301,4.024,0.707,7.4,59.3,10.3,3.75,1.35
Jack Whitlock,Port Adelaide,17,19,19.62,200,Key Forward,2025.0,4,4.0,0.0,,4,4.0,4.05,41.0,6.5,2.0,1.0,4.05,41.0,6.5,2.0,1.0
Jackson Mead,Port Adelaide,44,24,24.25,184,Midfielder,2022.0,64,12.0,3.0,0.0,20,3.0,6.6,51.703,12.422,4.047,0.188,6.725,52.4,13.2,3.85,0.15
Jacob Moss,Port Adelaide,42,21,21.02,198,Key Defender,,0,,,,0,,,,,,,,,,,
Jase Burgoyne,Port Adelaide,7,22,22.46,186,Midfielder,2022.0,56,10.0,3.0,3.0,20,3.0,7.805,71.214,16.821,5.625,0.179,8.105,74.2,19.2,6.05,0.15
Jason Horne-Francis,Port Adelaide,18,22,22.52,185,Midfielder,2022.0,80,61.0,5.0,3.0,15,14.0,10.369,83.812,19.225,9.2,0.762,11.375,93.3,20.8,9.1,1.0
Jed McEntee,Port Adelaide,41,24,24.87,176,Gen. Forward,2021.0,52,31.0,3.0,1.0,6,5.0,4.702,41.135,8.231,3.404,0.596,4.46,39.75,7.6,3.2,0.6
Jeremy Finlayson,Port Adelaide,11,29,29.89,197,Key Forward,2017.0,128,166.0,6.0,7.0,8,5.0,9.51,71.492,12.383,5.055,1.297,5.635,52.8,10.9,4.3,0.85
Joe Berry,Port Adelaide,5,19,19.7,180,Gen. Forward,2025.0,12,3.0,0.0,,12,3.0,3.367,39.5,9.0,2.833,0.25,3.367,39.5,9.0,2.833,0.25
Joe Richards,Port Adelaide,35,26,26.1,177,Gen. Forward,2024.0,31,21.0,0.0,,22,15.0,7.906,66.194,14.129,4.742,0.677,7.78,70.25,14.75,5.2,0.7
Jordon Sweet,Port Adelaide,24,27,27.9,206,Ruck,2021.0,47,10.0,3.0,0.0,19,4.0,8.968,82.745,10.021,5.745,0.213,9.36,87.0,11.2,6.8,0.2
Josh Lai,Port Adelaide,43,20,20.24,185,Gen. Defender,,0,,,,0,,,,,,,,,,,
Josh Sinn,Port Adelaide,8,22,22.98,187,Gen. Defender,2022.0,30,1.0,2.0,0.0,20,0.0,4.547,46.467,11.033,2.667,0.033,5.015,49.5,11.45,2.65,0.0
Kane Farrell,Port Adelaide,6,26,26.79,182,Gen. Defender,2018.0,114,49.0,2.0,0.0,21,3.0,8.399,71.737,15.649,3.763,0.43,8.415,87.35,20.15,3.7,0.15
Lachie Jones,Port Adelaide,34,23,23.72,186,Gen. Defender,2021.0,74,7.0,5.0,0.0,18,1.0,7.151,53.419,10.838,4.622,0.095,7.955,56.3,10.85,4.9,0.05
Lachlan Charleson,Port Adelaide,26,20,20.92,177,Gen. Forward,,0,,,,0,,,,,,,,,,,
Logan Evans,Port Adelaide,22,20,20.23,190,Gen. Defender,2024.0,23,3.0,3.0,0.0,10,1.0,6.978,63.087,14.478,3.609,0.13,6.96,62.25,14.3,3.7,0.1
Mani Liddy,Port Adelaide,50,23,23.86,184,Midfielder,2025.0,9,1.0,0.0,,9,1.0,3.856,51.111,14.111,3.444,0.111,3.856,51.111,14.111,3.444,0.111
Miles Bergman,Port Adelaide,14,24,24.2,190,Gen. Defender,2021.0,102,26.0,7.0,0.0,19,6.0,7.798,69.824,15.343,5.314,0.255,9.235,81.25,17.65,5.95,0.3
Mitch Georgiades,Port Adelaide,19,24,24.25,192,Key Forward,2020.0,92,167.0,3.0,5.0,23,58.0,6.015,64.402,10.793,4.424,1.815,6.67,73.3,12.05,4.9,2.6
Ollie Lord,Port Adelaide,30,23,23.99,197,Key Forward,2023.0,34,33.0,2.0,5.0,15,12.0,4.159,45.588,6.471,3.735,0.971,4.18,43.6,6.05,3.45,0.9
Ollie Wines,Port Adelaide,16,31,31.23,187,Midfielder,2013.0,273,103.0,15.0,10.0,20,3.0,11.693,96.165,25.062,11.784,0.377,8.72,92.8,25.4,11.6,0.15
Rory Atkins,Port Adelaide,32,31,31.47,185,Gen. Defender,2015.0,141,52.0,6.0,0.0,3,0.0,9.06,67.518,18.44,5.071,0.369,9.145,63.7,17.75,3.45,0.15
Ryan Burton,Port Adelaide,3,28,28.91,191,Gen. Defender,2016.0,162,25.0,11.0,2.0,8,1.0,8.372,73.858,17.963,4.426,0.154,8.52,71.8,17.9,3.55,0.2
Sam Powell-Pepper,Port Adelaide,2,27,27.97,187,Gen. Forward,2017.0,158,124.0,7.0,5.0,16,18.0,8.296,70.07,15.861,6.956,0.785,6.985,64.3,13.55,4.65,1.05
Todd Marshall,Port Adelaide,4,27,27.23,198,Key Forward,2017.0,116,159.0,8.0,8.0,0,,7.447,62.716,9.474,3.957,1.371,5.495,53.8,9.0,2.95,1.15
Tom Anastasopoulos,Port Adelaide,29,20,20.58,176,Midfielder,,0,,,,0,,,,,,,,,,,
Tom Cochrane,Port Adelaide,37,19,19.92,183,Gen. Forward,2025.0,3,2.0,0.0,,3,2.0,3.933,34.0,6.667,2.333,0.667,3.933,34.0,6.667,2.333,0.667
Travis Boak,Port Adelaide,10,37,37.41,183,Mid-Forward,2007.0,387,215.0,18.0,6.0,16,6.0,12.281,91.824,23.214,9.674,0.556,8.935,77.7,20.05,6.75,0.35
Will Lorenz,Port Adelaide,36,20,20.86,186,Midfielder,2024.0,8,2.0,1.0,0.0,6,2.0,5.475,49.25,9.5,4.0,0.25,5.475,49.25,9.5,4.0,0.25
Willem Drew,Port Adelaide,28,27,27.24,188,Midfielder,2019.0,130,21.0,7.0,1.0,23,2.0,10.863,83.946,17.923,8.408,0.162,10.1,81.45,18.25,8.4,0.1
Willie Rioli,Port Adelaide,15,30,30.57,175,Gen. Forward,2018.0,109,151.0,9.0,12.0,19,27.0,9.221,62.505,10.982,4.606,1.385,8.055,54.8,9.65,3.8,1.4
Xavier Walsh,Port Adelaide,45,20,20.31,195,Key Defender,,0,,,,0,,,,,,,,,,,
Zak Butters,Port Adelaide,9,25,25.31,181,Midfielder,2019.0,139,68.0,9.0,1.0,20,1.0,13.049,98.129,22.561,8.993,0.489,15.92,121.0,27.95,12.45,0.05
Ben Miller,Richmond,12,26,26.33,198,Key Defender,2021.0,69,9.0,1.0,0.0,23,0.0,8.775,67.101,10.681,3.58,0.13,8.195,69.25,12.1,3.45,0.0
Campbell Gray,Richmond,50,22,22.97,195,Key Defender,2025.0,3,0.0,0.0,,3,0.0,9.367,64.333,9.667,3.0,0.0,9.367,64.333,9.667,3.0,0.0
Dion Prestia,Richmond,3,33,33.21,175,Midfielder,2011.0,237,77.0,13.0,8.0,12,4.0,12.254,88.962,23.637,9.578,0.325,11.565,84.25,23.2,8.6,0.3
Harry Armstrong,Richmond,34,19,19.54,195,Key Forward,2025.0,8,6.0,0.0,,8,6.0,3.638,31.625,6.625,3.375,0.75,3.638,31.625,6.625,3.375,0.75
Hugo Ralphsmith,Richmond,13,24,24.14,187,Midfielder,2021.0,62,21.0,0.0,,12,6.0,6.353,52.129,12.677,3.839,0.339,7.215,59.7,13.4,4.5,0.5
Jack Ross,Richmond,5,25,25.32,187,Mid-Forward,2019.0,93,19.0,1.0,1.0,23,4.0,8.644,65.935,16.505,5.634,0.204,9.35,78.15,19.0,6.9,0.1
Jacob Bauer,Richmond,43,23,23.57,192,Key Forward,2023.0,12,11.0,0.0,,5,3.0,4.1,31.583,5.917,2.583,0.917,4.1,31.583,5.917,2.583,0.917
Jacob Blight,Richmond,46,24,24.04,196,Key Defender,2024.0,10,3.0,0.0,,7,3.0,6.6,61.1,11.8,4.0,0.3,6.6,61.1,11.8,4.0,0.3
Jacob Hopper,Richmond,2,28,28.89,187,Midfielder,2016.0,165,58.0,13.0,2.0,23,6.0,9.63,84.388,22.636,10.527,0.352,10.28,91.8,26.8,11.85,0.25
Jacob Koschitzke,Richmond,20,25,25.47,196,Key Forward,2021.0,64,66.0,0.0,,2,0.0,5.745,52.578,8.344,4.391,1.031,5.44,53.3,9.3,5.15,0.75
James Trezise,Richmond,36,23,23.54,188,Midfielder,2023.0,24,3.0,0.0,,16,3.0,6.517,55.792,13.333,4.25,0.125,6.335,54.55,13.45,4.25,0.15
Jasper Alger,Richmond,29,19,19.03,183,Gen. Forward,2025.0,4,2.0,0.0,,4,2.0,2.75,23.25,5.0,2.0,0.5,2.75,23.25,5.0,2.0,0.5
Jayden Short,Richmond,15,29,29.93,178,Gen. Defender,2016.0,190,38.0,10.0,0.0,15,3.0,8.832,84.505,20.4,4.063,0.2,8.645,87.35,22.3,3.2,0.15
Jonty Faull,Richmond,26,19,19.91,195,Key Forward,2025.0,16,9.0,0.0,,16,9.0,2.794,39.938,7.25,3.812,0.562,2.794,39.938,7.25,3.812,0.562
Josh Gibcus,Richmond,18,22,22.74,196,Key Defender,2022.0,21,3.0,1.0,0.0,1,0.0,7.171,52.571,8.667,3.571,0.143,7.285,52.4,8.6,3.6,0.15
Josh Smillie,Richmond,16,19,19.62,195,Midfielder,,0,,,,0,,,,,,,,,,,
Judson Clarke,Richmond,23,22,22.2,180,Gen. Defender,2022.0,17,14.0,0.0,,0,,5.829,41.471,8.471,3.471,0.824,5.829,41.471,8.471,3.471,0.824
Kaleb Smith,Richmond,49,21,21.11,181,Gen. Defender,2024.0,12,1.0,0.0,,8,0.0,3.758,35.0,9.583,3.083,0.083,3.758,35.0,9.583,3.083,0.083
Kamdyn McIntosh,Richmond,33,31,31.74,191,Midfielder,2015.0,213,62.0,11.0,8.0,23,8.0,7.123,61.714,14.479,4.563,0.291,6.07,55.15,13.95,4.7,0.3
Kane McAuliffe,Richmond,28,20,20.83,187,Midfielder,2024.0,14,0.0,0.0,,5,0.0,6.479,58.286,13.929,6.143,0.0,6.479,58.286,13.929,6.143,0.0
Liam Fawcett,Richmond,37,20,20.69,197,Key Forward,2025.0,1,1.0,0.0,,1,1.0,10.8,30.0,5.0,1.0,1.0,10.8,30.0,5.0,1.0,1.0
Luke Trainor,Richmond,31,19,19.72,195,Gen. Defender,2025.0,21,1.0,0.0,,21,1.0,4.157,52.667,13.952,3.762,0.048,4.125,52.8,13.9,3.7,0.05
Mate Colina,Richmond,39,26,26.61,211,Ruck,,0,,,,0,,,,,,,,,,,
Maurice Rioli,Richmond,17,23,23.33,179,Gen. Forward,2021.0,49,31.0,1.0,1.0,13,5.0,5.52,44.755,7.918,3.551,0.633,6.495,51.6,9.2,4.55,0.6
Mykelti Lefau,Richmond,42,27,27.52,195,Key Forward,2024.0,11,14.0,0.0,,1,0.0,5.3,50.091,6.727,3.273,1.273,5.3,50.091,6.727,3.273,1.273
Nathan Broad,Richmond,35,32,32.71,192,Gen. Defender,2016.0,170,4.0,12.0,0.0,22,0.0,7.595,66.741,13.924,3.741,0.024,8.315,68.9,14.5,3.35,0.0
Nick Vlastuin,Richmond,1,31,31.7,187,Gen. Defender,2013.0,255,29.0,16.0,1.0,22,0.0,10.218,83.8,17.31,5.608,0.114,10.705,90.1,19.3,6.1,0.0
Noah Balta,Richmond,21,26,26.18,194,Key Defender,2019.0,117,41.0,5.0,0.0,13,4.0,8.597,63.957,12.137,4.974,0.35,7.775,57.95,11.35,4.6,0.3
Oliver Hayes-Brown,Richmond,47,25,25.67,208,Ruck,,0,,,,0,,,,,,,,,,,
Rhyan Mansell,Richmond,7,25,25.57,180,Gen. Forward,2021.0,73,50.0,0.0,,20,18.0,6.69,52.479,10.219,3.699,0.685,7.175,58.0,11.25,4.25,0.9
Sam Banks,Richmond,41,22,22.74,187,Gen. Defender,2023.0,43,6.0,0.0,,22,4.0,6.767,65.302,16.884,3.581,0.14,7.78,83.35,21.75,3.5,0.2
Sam Lalor,Richmond,22,19,19.33,188,Gen. Forward,2025.0,11,11.0,0.0,,11,11.0,8.791,55.182,12.0,5.636,1.0,8.791,55.182,12.0,5.636,1.0
Samson Ryan,Richmond,32,25,25.06,206,Ruck,2021.0,25,15.0,0.0,,2,0.0,5.568,47.48,6.64,3.28,0.6,5.43,49.45,7.15,3.25,0.5
Seth Campbell,Richmond,44,21,21.0,182,Gen. Forward,2024.0,43,38.0,0.0,,22,28.0,8.298,58.209,12.14,4.605,0.884,9.71,64.55,13.15,5.0,1.2
Steely Green,Richmond,48,21,21.97,179,Gen. Forward,2024.0,25,16.0,0.0,,19,11.0,5.348,38.36,7.68,2.76,0.64,5.22,38.4,7.3,2.8,0.6
Taj Hotton,Richmond,24,19,19.53,183,Gen. Forward,2025.0,7,3.0,0.0,,7,3.0,8.271,54.714,12.714,6.571,0.429,8.271,54.714,12.714,6.571,0.429
Thomas Sims,Richmond,38,19,19.63,199,Key Forward,2025.0,11,4.0,0.0,,11,4.0,3.736,39.091,6.818,4.091,0.364,3.736,39.091,6.818,4.091,0.364
Thomson Dow,Richmond,27,24,24.2,184,Midfielder,2020.0,45,2.0,0.0,,11,1.0,6.462,58.489,15.756,6.978,0.044,7.095,65.35,17.85,7.95,0.05
Tim Taranto,Richmond,14,27,27.92,188,Midfielder,2017.0,173,88.0,10.0,3.0,21,15.0,10.635,94.075,24.543,10.318,0.509,12.535,99.85,25.4,11.8,0.75
Toby Nankervis,Richmond,25,31,31.38,199,Ruck,2015.0,179,45.0,14.0,0.0,22,6.0,11.918,93.642,15.279,8.598,0.251,12.68,98.4,15.75,8.6,0.2
Tom Brown,Richmond,30,22,22.42,193,Gen. Defender,2023.0,42,10.0,0.0,,23,6.0,7.583,60.714,13.405,4.214,0.238,7.54,62.1,14.2,3.85,0.2
Tom Lynch,Richmond,19,33,33.16,199,Key Forward,2011.0,236,488.0,7.0,16.0,16,26.0,9.984,76.411,12.636,6.691,2.068,6.665,53.7,9.6,5.4,1.6
Tylar Young,Richmond,45,27,27.32,196,Key Defender,2023.0,35,0.0,0.0,,7,0.0,7.697,54.229,10.2,3.429,0.0,7.54,56.1,10.95,3.1,0.0
Tyler Sonsie,Richmond,40,22,22.92,181,Mid-Forward,2022.0,40,10.0,1.0,1.0,16,3.0,5.188,47.775,14.125,4.425,0.25,4.24,45.3,14.2,4.05,0.2
Alex Dodson,St Kilda,30,19,19.54,203,Key Forward,2025.0,1,0.0,0.0,,1,0.0,-1.0,13.0,8.0,0.0,0.0,-1.0,13.0,8.0,0.0,0.0
Alixzander Tauru,St Kilda,26,19,19.12,193,Key Defender,2025.0,10,1.0,0.0,,10,1.0,5.27,51.7,9.0,3.7,0.1,5.27,51.7,9.0,3.7,0.1
Angus Hastie,St Kilda,24,20,20.28,190,Gen. Defender,2024.0,14,1.0,0.0,,9,0.0,3.014,30.357,7.571,1.929,0.071,3.014,30.357,7.571,1.929,0.071
Angus McLennan,St Kilda,41,22,22.32,188,Gen. Defender,2024.0,3,0.0,0.0,,1,0.0,3.367,45.0,10.667,2.333,0.0,3.367,45.0,10.667,2.333,0.0
Anthony Caminiti,St Kilda,47,22,22.06,196,Key Defender,2023.0,56,38.0,1.0,0.0,23,4.0,6.621,57.571,10.054,4.661,0.679,7.475,64.75,11.5,4.85,0.2
Arie Schoenmaker,St Kilda,27,20,20.98,194,Gen. Defender,2024.0,7,0.0,0.0,,3,0.0,5.171,61.0,15.143,2.714,0.0,5.171,61.0,15.143,2.714,0.0
Bradley Hill,St Kilda,8,32,32.47,182,Mid-Forward,2012.0,277,109.0,15.0,12.0,22,6.0,8.859,72.177,19.74,3.971,0.394,8.69,76.05,20.6,3.75,0.25
Callum Wilkie,St Kilda,44,29,29.81,191,Key Defender,2019.0,155,1.0,3.0,0.0,23,0.0,9.24,82.865,16.529,4.787,0.006,10.985,95.0,18.9,4.9,0.0
Cooper Sharman,St Kilda,43,25,25.43,193,Key Forward,2021.0,70,80.0,1.0,2.0,21,34.0,7.809,57.629,9.857,4.329,1.143,9.205,70.2,11.55,4.55,1.6
Dan Butler,St Kilda,16,29,29.57,182,Gen. Forward,2017.0,151,172.0,6.0,6.0,6,7.0,8.329,56.159,10.411,3.868,1.139,4.59,39.8,8.0,3.05,0.95
Darcy Wilson,St Kilda,22,20,20.36,185,Mid-Forward,2024.0,41,30.0,0.0,,18,15.0,7.344,63.829,15.439,4.756,0.732,7.415,64.45,16.35,4.8,0.85
Dougal Howard,St Kilda,20,29,29.76,199,Key Defender,2016.0,138,15.0,3.0,0.0,3,0.0,8.75,68.819,12.0,3.812,0.109,6.19,58.9,11.0,3.15,0.0
Eamonn Armstrong,St Kilda,46,19,19.43,191,Gen. Defender,,0,,,,0,,,,,,,,,,,
Harry Boyd,St Kilda,31,27,27.88,198,Ruck,2025.0,1,0.0,0.0,,1,0.0,8.4,63.0,12.0,8.0,0.0,8.4,63.0,12.0,8.0,0.0
Hugh Boxshall,St Kilda,38,19,19.47,188,Midfielder,2025.0,11,2.0,0.0,,11,2.0,6.673,58.273,12.636,6.273,0.182,6.673,58.273,12.636,6.273,0.182
Hugo Garcia,St Kilda,34,20,20.61,185,Midfielder,2024.0,26,5.0,0.0,,17,4.0,6.808,56.923,12.923,5.769,0.192,7.225,59.75,14.1,5.9,0.2
Hunter Clark,St Kilda,11,26,26.76,186,Midfielder,2018.0,111,14.0,3.0,0.0,13,1.0,7.356,68.126,17.658,6.441,0.126,8.02,66.2,17.5,7.55,0.05
Isaac Keeler,St Kilda,17,21,21.69,198,Key Forward,2025.0,11,10.0,0.0,,11,10.0,4.973,40.273,7.364,2.909,0.909,4.973,40.273,7.364,2.909,0.909
Jack Carroll,St Kilda,18,23,23.03,188,Midfielder,2022.0,24,5.0,0.0,,3,0.0,5.321,39.333,9.833,3.417,0.208,5.39,36.2,8.9,3.15,0.2
Jack Higgins,St Kilda,1,26,26.78,178,Gen. Forward,2018.0,145,204.0,3.0,4.0,23,46.0,8.888,68.441,13.455,5.772,1.407,8.475,57.95,9.15,4.35,1.85
Jack Macrae,St Kilda,6,31,31.41,192,Midfielder,2013.0,270,60.0,13.0,2.0,21,1.0,12.522,105.652,27.522,10.659,0.222,12.575,99.6,24.1,12.35,0.05
Jack Sinclair,St Kilda,35,30,30.88,181,Gen. Defender,2015.0,210,69.0,3.0,0.0,23,9.0,12.544,90.005,21.695,7.11,0.329,13.815,108.8,26.65,6.15,0.35
Jack Steele,St Kilda,9,30,30.04,187,Midfielder,2015.0,202,70.0,3.0,1.0,21,4.0,12.112,100.663,23.104,10.431,0.347,10.305,94.95,20.95,9.2,0.2
James Barrat,St Kilda,28,19,19.1,194,Key Defender,,0,,,,0,,,,,,,,,,,
Jimmy Webster,St Kilda,29,32,32.5,188,Gen. Defender,2013.0,180,4.0,1.0,0.0,15,0.0,7.297,64.572,15.611,4.256,0.022,5.005,54.35,11.85,3.35,0.0
Lance Collard,St Kilda,4,20,20.76,185,Gen. Forward,2024.0,15,8.0,0.0,,12,8.0,3.547,26.0,4.8,2.267,0.533,3.547,26.0,4.8,2.267,0.533
Liam Henry,St Kilda,23,24,24.34,180,Gen. Forward,2020.0,61,22.0,0.0,,6,2.0,6.725,51.705,12.738,4.377,0.361,8.295,54.85,12.8,4.75,0.45
Liam O'Connell,St Kilda,45,22,22.82,189,Gen. Defender,2025.0,7,0.0,0.0,,7,0.0,4.114,35.714,6.143,2.714,0.0,4.114,35.714,6.143,2.714,0.0
Liam Stocker,St Kilda,14,25,25.93,184,Gen. Defender,2019.0,84,2.0,1.0,0.0,17,0.0,5.419,56.964,13.643,4.345,0.024,4.49,53.65,11.2,4.25,0.0
Marcus Windhager,St Kilda,2,22,22.62,185,Midfielder,2022.0,75,10.0,1.0,0.0,23,4.0,6.132,65.08,17.28,6.067,0.133,8.24,82.45,22.25,6.85,0.1
Mason Wood,St Kilda,32,32,32.29,192,Mid-Forward,2014.0,156,149.0,1.0,0.0,21,22.0,8.587,71.346,15.359,5.647,0.955,7.69,71.9,14.65,4.95,1.0
Mattaes Phillipou,St Kilda,25,21,21.01,190,Gen. Forward,2023.0,44,25.0,1.0,0.0,7,4.0,6.643,50.068,12.523,5.136,0.568,5.76,49.95,12.35,4.65,0.6
Max Hall,St Kilda,40,23,23.71,183,Gen. Forward,2025.0,23,23.0,0.0,,23,23.0,11.326,75.087,15.261,5.826,1.0,12.085,76.75,15.2,6.2,0.95
Max Heath,St Kilda,42,23,23.18,204,Key Forward,2025.0,4,3.0,0.0,,4,3.0,4.325,45.5,6.75,5.5,0.75,4.325,45.5,6.75,5.5,0.75
Max King,St Kilda,12,25,25.48,202,Key Forward,2020.0,83,159.0,3.0,5.0,0,,7.582,62.518,9.53,5.542,1.916,6.575,55.85,9.85,4.95,1.8
Mitch Owens,St Kilda,10,22,22.26,191,Key Forward,2022.0,72,74.0,1.0,1.0,19,25.0,8.694,68.056,13.167,7.264,1.028,8.205,64.95,12.9,7.05,1.25
Nasiah Wanganeen-Milera,St Kilda,7,22,22.85,187,Gen. Defender,2022.0,86,23.0,1.0,1.0,23,17.0,10.859,90.581,23.802,5.326,0.267,16.375,116.3,30.15,7.9,0.8
Paddy Dow,St Kilda,15,26,26.2,184,Midfielder,2018.0,83,24.0,0.0,,0,,7.617,54.205,14.205,6.663,0.289,8.56,57.85,16.05,6.95,0.25
Patrick Said,St Kilda,33,19,19.68,180,Gen. Forward,,0,,,,0,,,,,,,,,,,
Rowan Marshall,St Kilda,19,30,30.1,201,Ruck,2017.0,156,78.0,3.0,1.0,23,10.0,12.679,102.487,17.513,9.635,0.5,11.89,105.65,18.2,8.85,0.45
Ryan Byrnes,St Kilda,13,24,24.66,181,Gen. Defender,2020.0,80,15.0,0.0,,17,3.0,5.811,55.188,15.062,4.312,0.188,6.39,63.9,16.75,4.45,0.2
Tobie Travaglia,St Kilda,5,19,19.18,188,Gen. Defender,2025.0,12,2.0,0.0,,12,2.0,3.892,39.667,9.25,2.833,0.167,3.892,39.667,9.25,2.833,0.167
Zaine Cordy,St Kilda,21,29,29.17,195,Key Defender,2015.0,141,21.0,10.0,3.0,1,1.0,7.398,52.801,9.582,3.631,0.149,6.65,45.35,7.55,2.9,0.3
Zak Jones,St Kilda,3,30,30.79,182,Midfielder,2014.0,164,36.0,9.0,0.0,15,0.0,8.565,71.665,17.957,6.091,0.22,7.39,62.55,16.95,5.6,0.05
Aaron Francis,Sydney,10,28,28.39,192,Key Forward,2016.0,84,18.0,2.0,0.0,10,5.0,6.421,56.107,10.774,4.119,0.214,4.93,44.85,9.1,3.25,0.3
Angus Sheldrick,Sydney,12,22,22.14,178,Midfielder,2022.0,29,9.0,0.0,,20,6.0,8.128,61.31,15.034,6.931,0.31,9.225,65.75,16.05,7.65,0.3
Ben Paton,Sydney,25,27,27.2,187,Gen. Defender,2018.0,75,4.0,2.0,0.0,4,0.0,5.416,55.933,13.067,4.067,0.053,4.94,42.65,11.1,3.15,0.0
Blake Leidler,Sydney,32,19,19.78,181,Gen. Defender,,0,,,,0,,,,,,,,,,,
Braeden Campbell,Sydney,16,23,23.9,181,Gen. Forward,2021.0,94,32.0,7.0,1.0,23,16.0,6.264,55.181,12.085,3.894,0.34,7.09,58.8,12.35,3.7,0.7
Brodie Grundy,Sydney,4,31,31.71,202,Ruck,2013.0,242,79.0,12.0,2.0,22,7.0,12.937,106.707,17.434,10.326,0.326,15.315,129.1,20.05,12.9,0.35
Caiden Cleary,Sydney,33,20,20.82,182,Gen. Forward,2024.0,17,3.0,0.0,,12,1.0,4.059,40.235,9.706,3.824,0.176,4.059,40.235,9.706,3.824,0.176
Caleb Mitchell,Sydney,35,21,21.39,186,Gen. Defender,2024.0,3,0.0,0.0,,1,0.0,1.833,25.667,7.667,3.0,0.0,1.833,25.667,7.667,3.0,0.0
Callum Mills,Sydney,14,28,28.74,188,Gen. Defender,2016.0,174,30.0,9.0,3.0,12,2.0,10.286,90.759,20.615,6.736,0.172,10.33,89.45,21.4,5.35,0.2
Chad Warner,Sydney,1,24,24.61,185,Midfielder,2020.0,108,98.0,8.0,6.0,23,20.0,13.84,93.324,22.148,9.185,0.907,13.525,91.55,22.15,10.0,0.75
Corey Warner,Sydney,37,22,22.23,182,Mid-Forward,2023.0,23,10.0,0.0,,14,8.0,4.974,40.217,9.957,3.0,0.435,5.475,43.15,10.85,3.35,0.45
Dane Rampe,Sydney,24,35,35.58,187,Gen. Defender,2013.0,272,9.0,23.0,1.0,21,0.0,8.829,75.007,15.86,4.301,0.033,6.15,62.85,13.5,2.9,0.0
Errol Gulden,Sydney,21,23,23.45,175,Midfielder,2021.0,103,75.0,8.0,2.0,10,6.0,12.725,96.903,23.068,7.913,0.728,12.915,103.55,26.15,8.75,0.55
Harry Cunningham,Sydney,7,32,32.06,181,Gen. Defender,2012.0,219,52.0,15.0,4.0,11,0.0,6.732,63.735,14.333,3.877,0.237,4.86,59.0,13.2,2.95,0.0
Hayden McLean,Sydney,2,26,26.94,197,Key Forward,2019.0,98,100.0,6.0,3.0,19,25.0,7.315,64.786,10.184,4.939,1.02,5.72,59.75,9.2,4.4,1.25
Indhi Kirk,Sydney,31,21,21.33,181,Midfielder,,0,,,,0,,,,,,,,,,,
Isaac Heeney,Sydney,5,29,29.65,185,Midfielder,2015.0,224,298.0,17.0,18.0,23,37.0,12.94,93.951,18.777,8.857,1.33,17.365,111.85,23.85,11.65,1.75
Jack Buller,Sydney,39,24,24.62,199,Key Forward,2023.0,10,11.0,0.0,,9,11.0,4.83,49.2,8.4,4.2,1.1,4.83,49.2,8.4,4.2,1.1
Jake Lloyd,Sydney,44,32,32.27,182,Midfielder,2014.0,271,49.0,20.0,5.0,22,7.0,9.153,91.325,23.701,5.077,0.181,6.86,80.45,20.15,4.35,0.3
James Jordon,Sydney,17,25,25.03,187,Midfielder,2021.0,114,36.0,7.0,0.0,23,10.0,7.157,62.763,15.43,5.14,0.316,6.78,62.3,13.55,5.6,0.5
James Rowbottom,Sydney,8,25,25.28,186,Midfielder,2019.0,140,44.0,8.0,4.0,23,9.0,10.686,81.271,16.864,8.664,0.314,9.745,80.1,16.0,8.05,0.4
Jesse Dattoli,Sydney,18,19,19.4,180,Gen. Forward,2025.0,3,0.0,0.0,,3,0.0,0.767,36.0,9.0,3.667,0.0,0.767,36.0,9.0,3.667,0.0
Joel Amartey,Sydney,36,26,26.32,195,Key Forward,2020.0,61,86.0,4.0,5.0,8,13.0,5.625,55.016,7.902,4.23,1.41,4.355,54.0,8.65,4.3,1.25
Joel Hamling,Sydney,29,32,32.72,194,Key Defender,2015.0,105,3.0,5.0,0.0,14,3.0,7.426,60.019,10.981,3.962,0.029,5.295,51.2,8.55,3.3,0.15
Justin McInerney,Sydney,27,25,25.36,189,Mid-Forward,2019.0,109,45.0,8.0,1.0,17,8.0,9.435,74.642,17.963,5.413,0.413,9.595,82.5,20.0,7.0,0.4
Lewis Melican,Sydney,43,29,29.15,194,Key Defender,2017.0,101,2.0,5.0,0.0,17,0.0,7.542,56.99,10.228,3.891,0.02,8.235,58.45,9.75,3.7,0.0
Logan McDonald,Sydney,6,23,23.74,195,Key Forward,2021.0,70,93.0,6.0,6.0,0,,6.829,57.057,9.543,3.8,1.329,6.21,59.6,10.6,3.55,1.2
Matt Roberts,Sydney,34,22,22.41,184,Gen. Defender,2022.0,48,4.0,3.0,0.0,18,1.0,7.55,74.625,17.646,4.188,0.083,7.865,86.0,20.95,5.15,0.05
Ned Bowman,Sydney,23,19,19.3,187,Gen. Forward,,0,,,,0,,,,,,,,,,,
Nick Blakey,Sydney,22,25,25.84,196,Gen. Defender,2019.0,151,49.0,7.0,0.0,23,10.0,10.906,79.245,17.172,4.338,0.325,13.725,100.95,21.1,3.85,0.45
Oliver Florent,Sydney,13,27,27.44,184,Midfielder,2017.0,184,51.0,9.0,0.0,16,2.0,8.92,69.951,17.647,5.739,0.277,7.865,64.7,16.55,4.95,0.15
Patrick Snell,Sydney,41,20,20.45,194,Key Defender,,0,,,,0,,,,,,,,,,,
Peter Ladhams,Sydney,19,27,27.96,204,Ruck,2019.0,63,34.0,4.0,3.0,10,7.0,8.643,71.206,13.476,7.429,0.54,7.12,57.8,12.5,6.55,0.55
Riak Andrew,Sydney,20,20,20.86,193,Key Defender,,0,,,,0,,,,,,,,,,,
Riley Bice,Sydney,26,25,25.26,186,Gen. Defender,2025.0,16,1.0,0.0,,16,1.0,7.013,62.062,13.812,3.438,0.062,7.013,62.062,13.812,3.438,0.062
Robbie Fox,Sydney,42,32,32.7,185,Gen. Defender,2017.0,105,15.0,7.0,1.0,0,,6.882,60.819,12.819,4.457,0.143,5.82,51.3,11.25,3.75,0.25
Sam Wicks,Sydney,15,26,26.29,181,Gen. Defender,2020.0,87,44.0,2.0,0.0,21,0.0,6.047,53.529,11.161,4.149,0.506,4.855,54.95,14.45,3.55,0.0
Taylor Adams,Sydney,3,32,32.27,181,Gen. Forward,2012.0,229,86.0,10.0,6.0,4,1.0,10.955,88.144,23.227,10.1,0.376,6.87,58.05,15.55,6.85,0.4
Tom Hanily,Sydney,40,20,20.58,179,Gen. Forward,2025.0,8,6.0,0.0,,8,6.0,3.925,34.375,7.125,3.125,0.75,3.925,34.375,7.125,3.125,0.75
Tom McCartin,Sydney,30,26,26.0,194,Key Defender,2018.0,152,31.0,9.0,0.0,20,3.0,8.048,61.711,11.112,4.993,0.204,8.475,69.8,13.25,5.25,0.15
Tom Papley,Sydney,11,29,29.46,177,Gen. Forward,2016.0,196,304.0,15.0,27.0,11,10.0,10.053,74.255,14.25,6.117,1.551,9.6,71.95,14.7,5.9,1.3
Will Hayward,Sydney,9,27,27.18,186,Gen. Forward,2017.0,184,229.0,9.0,7.0,21,29.0,7.52,62.75,11.234,4.625,1.245,8.555,69.1,11.6,4.95,1.4
William Edwards,Sydney,28,22,22.64,197,Key Defender,,0,,,,0,,,,,,,,,,,
William Green,Sydney,45,20,20.31,204,Ruck,,0,,,,0,,,,,,,,,,,
Archer Reid,West Coast,22,20,20.28,203,Key Forward,2025.0,14,5.0,0.0,,14,5.0,4.829,45.071,5.643,4.0,0.357,4.829,45.071,5.643,4.0,0.357
Bailey J. Williams,West Coast,32,25,25.7,201,Ruck,2020.0,88,30.0,0.0,,16,11.0,7.866,62.466,10.307,6.83,0.341,6.27,56.75,9.8,6.15,0.55
Bo Allan,West Coast,26,19,19.87,191,Gen. Defender,2025.0,6,0.0,0.0,,6,0.0,3.067,31.333,7.667,1.833,0.0,3.067,31.333,7.667,1.833,0.0
Brady Hough,West Coast,19,22,22.82,191,Midfielder,2022.0,75,3.0,0.0,,22,3.0,5.763,60.907,14.36,3.853,0.04,7.915,68.35,15.5,4.7,0.15
Callum Jamieson,West Coast,40,25,25.41,201,Key Defender,2022.0,17,0.0,0.0,,0,,5.453,48.529,9.294,5.118,0.0,5.453,48.529,9.294,5.118,0.0
Campbell Chesser,West Coast,18,22,22.67,186,Midfielder,2023.0,36,7.0,0.0,,4,2.0,5.05,43.111,11.778,3.639,0.194,6.04,49.2,11.85,3.9,0.3
Clay Hall,West Coast,29,20,20.63,190,Midfielder,2024.0,16,2.0,0.0,,13,2.0,6.95,60.688,14.875,6.688,0.125,6.95,60.688,14.875,6.688,0.125
Coen Livingstone,West Coast,39,20,20.6,199,Ruck,,0,,,,0,,,,,,,,,,,
Dom Sheed,West Coast,4,30,30.72,186,Midfielder,2014.0,165,69.0,12.0,4.0,0,,8.608,76.933,21.594,8.806,0.418,6.25,67.75,19.5,6.85,0.2
Elijah Hewett,West Coast,8,21,21.59,186,Midfielder,2023.0,34,14.0,0.0,,20,10.0,6.212,56.353,15.088,6.706,0.412,7.52,63.9,16.25,7.2,0.5
Elliot Yeo,West Coast,6,32,32.24,191,Midfielder,2012.0,212,85.0,11.0,3.0,0,,11.562,86.972,19.722,9.425,0.401,13.91,104.8,22.5,12.2,0.55
Hamish Davis,West Coast,38,19,19.66,190,Mid-Forward,2025.0,8,1.0,0.0,,8,1.0,5.45,40.375,10.625,4.125,0.125,5.45,40.375,10.625,4.125,0.125
Harley Reid,West Coast,9,20,20.7,187,Midfielder,2024.0,39,24.0,0.0,,19,14.0,10.131,75.667,18.692,9.205,0.615,9.135,70.9,18.65,8.6,0.8
Harry Barnett,West Coast,30,21,21.93,203,Ruck,2023.0,2,0.0,0.0,,0,,-0.35,15.0,4.0,1.5,0.0,-0.35,15.0,4.0,1.5,0.0
Harry Edwards,West Coast,42,25,25.24,200,Key Defender,2020.0,55,0.0,0.0,,16,0.0,7.996,58.364,9.364,3.527,0.0,8.69,57.6,8.9,3.4,0.0
Harvey Johnston,West Coast,24,20,20.36,185,Gen. Defender,2024.0,6,0.0,0.0,,0,,3.933,30.667,8.5,2.667,0.0,3.933,30.667,8.5,2.667,0.0
Jack Graham,West Coast,17,27,27.84,181,Mid-Forward,2017.0,149,53.0,11.0,4.0,18,2.0,9.37,75.819,16.799,6.349,0.356,10.615,85.5,19.0,8.2,0.2
Jack Hutchinson,West Coast,44,24,24.13,190,Midfielder,2024.0,23,3.0,0.0,,16,1.0,5.048,54.348,11.957,4.478,0.13,4.995,56.5,13.1,4.75,0.15
Jack Petruccelle,West Coast,21,26,26.72,188,Gen. Forward,2018.0,90,71.0,2.0,1.0,2,1.0,6.914,48.967,10.211,4.211,0.789,6.22,46.3,10.05,3.9,0.6
Jack Williams,West Coast,34,22,22.08,198,Key Forward,2022.0,42,37.0,0.0,,13,16.0,5.317,47.81,7.667,3.69,0.881,6.405,55.8,8.85,4.4,1.15
Jacob Newton,West Coast,46,19,19.78,178,Key Forward,2025.0,2,1.0,0.0,,2,1.0,2.9,25.5,3.0,1.5,0.5,2.9,25.5,3.0,1.5,0.5
Jake Waterman,West Coast,2,27,27.65,192,Key Forward,2018.0,112,149.0,3.0,2.0,8,17.0,6.972,62.438,11.491,3.321,1.33,8.29,69.95,11.15,3.1,2.3
Jamie Cripps,West Coast,15,33,33.69,184,Gen. Forward,2011.0,272,335.0,12.0,13.0,21,24.0,9.098,68.305,12.985,4.754,1.232,7.495,61.2,11.15,3.9,1.2
Jayden Hunt,West Coast,5,30,30.74,188,Midfielder,2016.0,172,58.0,2.0,0.0,15,5.0,8.656,60.291,14.32,4.448,0.337,7.335,52.75,13.65,4.65,0.25
Jeremy McGovern,West Coast,20,33,33.71,197,Key Defender,2014.0,197,38.0,12.0,2.0,6,0.0,12.401,88.985,15.665,6.426,0.193,12.555,103.6,19.45,5.8,0.05
Jobe Shanahan,West Coast,35,19,19.41,195,Key Forward,2025.0,9,12.0,0.0,,9,12.0,4.633,50.222,7.667,3.333,1.333,4.633,50.222,7.667,3.333,1.333
Liam Baker,West Coast,3,27,27.92,173,Gen. Defender,2018.0,151,59.0,8.0,1.0,23,5.0,9.922,79.358,18.821,7.311,0.391,11.55,92.3,22.0,9.35,0.25
Liam Duggan,West Coast,14,29,29.05,186,Gen. Defender,2015.0,200,15.0,6.0,0.0,21,0.0,7.788,73.465,18.245,4.795,0.075,8.14,80.15,20.25,3.95,0.0
Liam Ryan,West Coast,1,29,29.24,181,Gen. Forward,2018.0,125,158.0,6.0,8.0,20,22.0,9.04,63.08,11.36,4.968,1.264,8.405,62.3,11.25,4.95,1.1
Loch Rawlinson,West Coast,36,20,20.58,177,Gen. Forward,2024.0,1,0.0,0.0,,0,,-2.8,11.0,4.0,1.0,0.0,-2.8,11.0,4.0,1.0,0.0
Lucca Grego,West Coast,31,19,19.29,184,Midfielder,2025.0,1,0.0,0.0,,1,0.0,3.6,59.0,14.0,6.0,0.0,3.6,59.0,14.0,6.0,0.0
Malakai Champion,West Coast,37,19,19.62,172,Gen. Forward,2025.0,2,0.0,0.0,,2,0.0,2.15,19.0,6.5,2.0,0.0,2.15,19.0,6.5,2.0,0.0
Matt Flynn,West Coast,25,28,28.29,202,Ruck,2021.0,55,17.0,0.0,,18,6.0,10.809,83.309,11.655,7.382,0.309,8.815,79.5,12.1,7.1,0.3
Matthew Owies,West Coast,16,28,28.78,179,Gen. Forward,2020.0,88,96.0,2.0,2.0,16,7.0,6.162,51.989,8.92,3.807,1.091,4.275,45.25,9.15,3.75,0.65
Noah Long,West Coast,13,21,21.35,179,Gen. Forward,2023.0,36,12.0,0.0,,10,3.0,5.072,46.528,9.889,3.972,0.333,3.735,42.35,9.25,3.2,0.25
Oscar Allen,West Coast,12,26,26.78,196,Key Forward,2018.0,105,151.0,1.0,2.0,12,12.0,8.201,65.771,9.781,4.552,1.438,7.68,58.85,9.15,3.85,1.5
Reuben Ginbey,West Coast,7,21,21.3,191,Gen. Defender,2023.0,63,2.0,0.0,,23,0.0,8.559,68.349,14.302,6.302,0.032,8.415,70.3,13.45,5.45,0.0
Rhett Bazzo,West Coast,33,22,22.2,195,Key Defender,2022.0,28,0.0,0.0,,7,0.0,3.429,40.321,9.5,2.714,0.0,3.56,40.9,9.6,2.85,0.0
Ryan Maric,West Coast,23,21,21.31,196,Gen. Defender,2023.0,51,17.0,0.0,,22,1.0,6.547,62.941,14.608,3.863,0.333,7.8,88.4,21.25,4.3,0.05
Sandy Brock,West Coast,41,23,23.04,198,Key Defender,2025.0,14,0.0,0.0,,14,0.0,8.671,62.5,11.0,3.857,0.0,8.671,62.5,11.0,3.857,0.0
Tim Kelly,West Coast,11,31,31.43,184,Mid-Forward,2018.0,164,84.0,5.0,7.0,20,5.0,11.837,92.585,23.402,10.701,0.512,8.735,74.2,17.6,7.65,0.25
Tom Cole,West Coast,28,28,28.59,188,Gen. Defender,2016.0,131,5.0,4.0,0.0,18,1.0,6.702,62.847,13.74,4.42,0.038,8.58,75.0,16.0,4.7,0.05
Tom Gross,West Coast,27,19,19.29,183,Mid-Forward,2025.0,8,1.0,0.0,,8,1.0,3.475,36.25,8.75,3.75,0.125,3.475,36.25,8.75,3.75,0.125
Tom McCarthy,West Coast,45,25,25.47,187,Gen. Defender,2025.0,10,0.0,0.0,,10,0.0,10.3,93.3,23.6,6.2,0.0,10.3,93.3,23.6,6.2,0.0
Tyler Brockman,West Coast,10,23,23.1,180,Gen. Forward,2021.0,56,38.0,0.0,,20,14.0,6.879,49.25,10.304,4.214,0.679,7.07,52.95,11.4,5.35,0.7
Tyrell Dewar,West Coast,43,21,21.76,185,Midfielder,2024.0,23,10.0,0.0,,16,5.0,5.465,41.304,11.217,2.522,0.435,5.995,45.4,12.25,2.85,0.45
Aaron Naughton,Western Bulldogs,33,26,26.08,196,Key Forward,2018.0,166,286.0,8.0,13.0,23,60.0,9.29,70.711,11.114,5.819,1.723,10.615,82.15,11.85,5.6,2.8
Adam Treloar,Western Bulldogs,1,32,32.81,185,Mid-Forward,2012.0,258,156.0,14.0,6.0,4,2.0,13.302,102.054,27.953,10.671,0.605,15.37,109.55,29.6,10.9,0.75
Anthony Scott,Western Bulldogs,28,30,30.83,181,Midfielder,2021.0,59,29.0,1.0,1.0,0,,5.868,48.915,10.051,4.051,0.492,5.9,47.9,9.8,3.75,0.6
Arthur Jones,Western Bulldogs,32,22,22.45,180,Mid-Forward,2023.0,18,7.0,0.0,,4,2.0,3.917,31.722,6.944,3.056,0.389,3.917,31.722,6.944,3.056,0.389
Bailey Dale,Western Bulldogs,31,29,29.44,188,Gen. Defender,2015.0,178,87.0,7.0,0.0,23,4.0,11.158,83.264,21.253,5.011,0.489,13.845,100.45,27.1,5.6,0.1
Bailey Williams,Western Bulldogs,34,28,28.22,190,Midfielder,2016.0,174,43.0,7.0,1.0,23,5.0,8.595,71.414,17.241,4.661,0.247,10.475,80.45,19.65,4.95,0.25
Buku Khamis,Western Bulldogs,24,25,25.77,191,Key Forward,2021.0,41,20.0,0.0,,14,13.0,5.683,50.146,9.463,3.317,0.488,6.365,51.45,9.1,3.05,0.65
Caleb Poulter,Western Bulldogs,25,23,23.21,194,Gen. Forward,2021.0,35,10.0,0.0,,7,2.0,6.3,55.2,13.657,4.286,0.286,6.53,52.55,12.85,4.3,0.3
Cody Weightman,Western Bulldogs,3,24,24.95,179,Gen. Forward,2020.0,76,126.0,5.0,6.0,0,,7.962,60.158,9.816,4.711,1.658,8.035,65.95,10.55,4.9,1.5
Cooper Hynes,Western Bulldogs,6,19,19.83,190,Gen. Forward,2025.0,8,4.0,0.0,,8,4.0,3.55,27.625,6.25,3.25,0.5,3.55,27.625,6.25,3.25,0.5
Ed Richards,Western Bulldogs,20,26,26.49,188,Midfielder,2018.0,148,58.0,4.0,1.0,23,22.0,11.408,78.054,17.703,6.486,0.392,19.525,113.0,25.75,10.9,1.05
Harvey Gallagher,Western Bulldogs,12,22,22.26,181,Gen. Defender,2024.0,25,9.0,1.0,0.0,5,0.0,4.56,43.48,12.08,3.28,0.36,4.22,42.25,12.05,3.5,0.25
Jamarra Ugle-Hagan,Western Bulldogs,2,23,23.74,197,Key Forward,2021.0,67,103.0,2.0,0.0,0,,5.93,56.403,10.164,4.701,1.537,6.44,63.7,11.2,5.45,2.0
James Harmes,Western Bulldogs,22,30,30.23,186,Midfielder,2015.0,174,94.0,9.0,3.0,13,9.0,9.194,75.08,18.23,7.494,0.54,9.11,70.05,16.85,6.15,0.8
James O'Donnell,Western Bulldogs,18,23,23.33,197,Key Defender,2023.0,48,7.0,1.0,0.0,22,4.0,6.083,50.271,10.104,3.458,0.146,7.43,55.9,10.5,3.65,0.1
Jason Johannisen,Western Bulldogs,39,33,33.14,181,Gen. Defender,2012.0,212,77.0,11.0,6.0,16,2.0,9.103,74.613,18.203,4.288,0.363,6.435,66.0,17.9,3.15,0.1
Jedd Busslinger,Western Bulldogs,5,21,21.8,198,Key Defender,2025.0,7,0.0,0.0,,7,0.0,4.2,44.143,9.714,2.0,0.0,4.2,44.143,9.714,2.0,0.0
Joel Freijah,Western Bulldogs,27,20,20.12,191,Mid-Forward,2024.0,36,19.0,1.0,0.0,23,18.0,10.983,75.556,17.861,6.389,0.528,12.325,77.25,18.5,6.9,0.8
Jordan Croft,Western Bulldogs,16,20,20.63,201,Key Forward,2025.0,2,4.0,0.0,,2,4.0,7.3,64.5,11.5,7.0,2.0,7.3,64.5,11.5,7.0,2.0
Josh Dolan,Western Bulldogs,26,19,19.13,177,Gen. Forward,2025.0,11,1.0,0.0,,11,1.0,4.009,27.455,7.818,2.727,0.091,4.009,27.455,7.818,2.727,0.091
Lachie Jaques,Western Bulldogs,11,19,19.58,185,Gen. Defender,,0,,,,0,,,,,,,,,,,
Lachlan Bramble,Western Bulldogs,29,27,27.7,182,Gen. Defender,2021.0,77,9.0,1.0,0.0,23,5.0,7.695,66.987,17.481,3.649,0.117,7.225,67.15,17.55,3.15,0.25
Lachlan McNeil,Western Bulldogs,30,24,24.32,184,Gen. Forward,2021.0,75,42.0,1.0,0.0,21,17.0,5.512,43.307,8.827,4.0,0.56,5.935,45.55,9.2,4.2,0.75
Lachlan Smith,Western Bulldogs,40,20,20.23,203,Ruck,,0,,,,0,,,,,,,,,,,
Laitham Vandermeer,Western Bulldogs,23,26,26.9,182,Gen. Forward,2020.0,87,44.0,6.0,3.0,19,13.0,5.37,48.552,10.414,3.425,0.506,6.26,47.55,10.4,3.85,0.7
Liam Jones,Western Bulldogs,19,34,34.84,199,Key Defender,2010.0,205,84.0,1.0,0.0,5,0.0,8.478,61.263,9.746,4.976,0.41,8.285,63.8,11.0,3.75,0.0
Luke Cleary,Western Bulldogs,36,23,23.82,191,Gen. Defender,2022.0,23,2.0,0.0,,16,2.0,6.174,52.13,11.739,3.435,0.087,6.54,53.15,12.05,3.5,0.1
Luke Kennedy,Western Bulldogs,35,19,19.22,180,Midfielder,,0,,,,0,,,,,,,,,,,
Marcus Bontempelli,Western Bulldogs,4,30,30.1,194,Midfielder,2014.0,258,253.0,13.0,12.0,18,21.0,16.685,113.089,24.136,11.426,0.981,19.265,126.5,26.35,11.65,1.15
Matthew Kennedy,Western Bulldogs,8,28,28.73,188,Midfielder,2016.0,141,78.0,3.0,1.0,23,21.0,9.394,76.773,18.674,7.851,0.553,12.625,94.1,23.35,9.0,0.95
Michael Sellwood,Western Bulldogs,37,22,22.24,186,Gen. Defender,,0,,,,0,,,,,,,,,,,
Nick Coffield,Western Bulldogs,17,26,26.18,191,Gen. Defender,2018.0,64,2.0,2.0,0.0,4,0.0,5.809,61.75,14.031,3.609,0.031,4.05,51.15,11.75,2.85,0.0
Oskar Baker,Western Bulldogs,13,27,27.6,184,Midfielder,2019.0,48,14.0,0.0,,9,1.0,5.925,52.667,13.896,3.229,0.292,6.405,56.35,14.3,3.45,0.35
Rhylee West,Western Bulldogs,14,25,25.47,183,Gen. Forward,2019.0,81,85.0,1.0,0.0,23,39.0,8.416,61.321,11.864,5.333,1.049,11.805,72.7,13.8,6.2,1.85
Riley Garcia,Western Bulldogs,38,24,24.91,178,Mid-Forward,2021.0,39,15.0,0.0,,8,2.0,7.403,52.128,13.077,5.795,0.385,8.005,62.25,15.0,6.55,0.35
Rory Lobb,Western Bulldogs,7,32,32.89,207,Key Defender,2014.0,199,175.0,10.0,6.0,23,3.0,9.74,74.206,11.342,6.035,0.879,9.72,66.15,12.15,4.9,0.15
Ryan Gardner,Western Bulldogs,43,28,28.58,197,Key Defender,2019.0,54,3.0,5.0,0.0,1,0.0,6.804,52.241,8.87,3.167,0.056,9.12,61.3,10.25,3.75,0.05
Ryley Sanders,Western Bulldogs,9,20,20.94,186,Mid-Forward,2024.0,35,13.0,0.0,,21,13.0,7.869,67.429,17.743,5.257,0.371,8.615,70.75,18.75,5.15,0.55
Sam Darcy,Western Bulldogs,10,22,22.45,208,Key Forward,2022.0,45,89.0,2.0,2.0,17,48.0,10.578,78.911,12.467,7.556,1.978,15.06,96.35,14.35,8.8,2.9
Sam Davidson,Western Bulldogs,42,24,24.04,191,Midfielder,2025.0,19,13.0,0.0,,19,13.0,8.905,63.895,15.526,4.526,0.684,8.905,63.895,15.526,4.526,0.684
Taylor Duryea,Western Bulldogs,15,34,34.68,181,Gen. Defender,2013.0,219,25.0,17.0,2.0,5,0.0,6.683,64.429,15.356,4.091,0.114,4.57,52.25,12.75,3.0,0.0
Tim English,Western Bulldogs,44,28,28.39,208,Ruck,2017.0,154,90.0,8.0,2.0,23,13.0,11.827,101.071,15.708,7.182,0.584,12.95,115.1,18.45,8.15,0.65
Tom Liberatore,Western Bulldogs,21,33,33.62,184,Midfielder,2011.0,257,91.0,10.0,4.0,23,6.0,14.31,98.681,22.872,12.296,0.354,14.41,107.8,25.85,12.05,0.2
Zac Walker,Western Bulldogs,41,19,19.83,191,Key Defender,,0,,,,0,,,,,,,,,,,
