Player,Team,Age,Age_Decimal,Position,Height,2026 Matches,2026 Rating,Total Matches,2012,2013,2014,2015,2016,2017,2018,2019,2020,2021,2022,2023,2024,2025,2026,Career,Last 2 Average,2026 vs 2025,Jumper,Career Rank >20gms,2026 Rank,L2 Overall Rank,2026 Pos Rank,L2 Pos Rank,2026 Impact,Last 2 Impact,2026 Rating %,2026 Cap %,2026 Cap Value,L2 Rating %,L2 Cap %,Last 2 Years Cap Value
Callum Ah Chee,Adelaide,28.0,,Gen. Forward,182.0,2,5.75,171,,,,,8.281,6.15,5.586,14.5,4.65,6.476,6.886,6.558,8.108,6.538,5.75,6.670202380952381,6.538,-0.7880000000000003,4,383.0,405.0,382.0,68.0,66.0,-0.36599999999999966,-81.37400000000001,1.0,1.0,190000.0,2.3807390107468076,2.3807390107468076,452340.41204189346
Sam Berry,Adelaide,24.0,,Midfielder,181.0,6,10.467,82,,,,,,,,,,6.465,10.4,5.95,7.961,8.958,10.467,8.633423076923078,9.320160000000001,1.5090000000000003,3,229.0,130.5,186.0,45.0,57.0,27.204000000000004,46.60536000000005,5.0310061932277454,5.0310061932277454,955891.1767132716,3.393831217253284,3.393831217253284,644827.931278124
Hugh Bond,Adelaide,21.0,,Gen. Defender,185.0,4,4.075,16,,,,,,,,,,,,,7.086,5.08,4.075,6.250166666666668,5.08,-1.005,21,,480.0,460.0,114.0,104.0,-7.431999999999999,-51.632000000000005,1.3057769012071627,1.3057769012071627,248097.61122936092,1.8498247437433133,1.8498247437433133,351466.70131122955
James Borlase,Adelaide,23.0,,Key Defender,192.0,2,7.45,18,,,,,,,,,,,,7.3,6.85,3.0,7.45,6.85,,4.45,35,,304.0,,26.0,,3.0340000000000007,,1.193624283925566,1.193624283925566,226788.61394585753,,,
Jordon Butts,Adelaide,26.0,,Key Defender,195.0,4,6.75,89,,,,,,,,,4.7,5.564,7.111,4.212,6.98,5.19,6.75,5.852060240963856,5.19,1.5599999999999996,41,431.0,351.0,456.0,31.5,51.0,3.2680000000000007,-143.382,2.1629433332879384,2.1629433332879384,410959.2333247083,1.8898800039424797,1.8898800039424797,359077.20074907114
Brayden Cook,Adelaide,23.0,,Mid-Forward,189.0,6,11.717,36,,,,,,,,,,4.267,4.537,4.0,6.36,3.633,11.717,6.965448275862069,11.717,8.084,15,366.0,80.0,66.0,8.0,6.0,34.70400000000001,122.76,5.631823785807728,5.631823785807728,1070046.5193034683,4.26661348866937,4.26661348866937,810656.5628471804
Indy Cotton,Adelaide,18.0,,Gen. Forward,195.0,0,0.0,0,,,,,,,,,,,,,,,0.0,,,,33,,657.5,,127.0,,-0.0,,1.0,1.0,190000.0,,,
Isaac Cumming,Adelaide,27.0,,Wing,188.0,5,7.6,110,,,,,,,3.55,6.12,6.467,10.142,10.843,8.35,9.1,7.888,7.6,9.05355238095238,7.838344827586207,-0.28800000000000026,44,188.0,292.0,299.0,24.0,21.0,8.334999999999999,-21.5581379310345,3.044142469071913,3.044142469071913,578387.0691236635,2.85424492363413,2.85424492363413,542306.5354904847
Daniel Curtin,Adelaide,21.0,,Wing,197.0,0,0.0,32,,,,,,,,,,,,,5.314,9.676,0.0,8.7218125,9.676,-9.676,6,221.0,657.5,156.0,45.5,8.0,-0.0,43.80799999999999,1.0,1.0,190000.0,3.5234063426102953,3.5234063426102953,669447.2050959561
Jordan Dawson,Adelaide,29.0,,Midfielder,190.0,4,16.55,160,,,,,,-0.3,6.475,10.52,8.562,13.122,13.386,14.809,13.386,14.036,16.55,12.779397350993376,14.036,2.514000000000001,12,26.0,12.0,32.0,6.0,21.0,42.468,263.534,5.303216617172649,5.303216617172649,1007611.1572628033,5.111051201413611,5.111051201413611,971099.728268586
Billy Dowling,Adelaide,21.0,,Mid-Forward,187.0,0,0.0,10,,,,,,,,,,,,,6.5,9.3,0.0,6.5,,-9.3,31,,657.5,,40.5,,-0.0,,1.0,1.0,190000.0,,,
Sid Draper,Adelaide,19.0,,Mid-Forward,182.0,0,0.0,10,,,,,,,,,,,,,,2.43,0.0,2.43,2.43,-2.43,5,,657.5,530.0,40.5,30.0,-0.0,-58.77000000000001,1.0,1.0,190000.0,1.0,1.0,190000.0
Charlie Edwards,Adelaide,20.0,,Gen. Defender,191.0,1,7.0,1,,,,,,,,,,,,,,,7.0,,,,11,,336.0,,81.0,,1.0670000000000002,,1.0,1.0,190000.0,,,
Darcy Fogarty,Adelaide,26.0,,Key Forward,192.0,3,3.533,129,,,,,,,6.28,10.7,5.86,7.494,9.712,8.2,10.2,6.75,3.533,8.054934426229508,6.75,-3.217,32,278.0,494.0,364.5,53.0,31.5,-7.199999999999999,-71.62200000000001,1.0,1.0,190000.0,2.4579364213124735,2.4579364213124735,467007.92004937
Mitchell Hinge,Adelaide,27.0,,Gen. Defender,187.0,1,8.3,90,,,,,,,,8.6,13.8,4.9,8.641,10.136,11.35,8.012,8.3,9.551494117647058,8.012,0.28800000000000026,20,161.0,251.0,286.0,58.0,64.0,2.367000000000001,-13.569999999999997,1.0,1.0,190000.0,2.9174794974156355,2.9174794974156355,554321.1045089707
Chayce Jones,Adelaide,26.0,,Midfielder,180.0,3,5.6,100,,,,,,,,6.487,4.653,5.8,5.475,9.656,8.131,1.8,5.6,6.506134020618557,1.8,3.8,1,392.0,413.0,534.0,80.0,82.0,-0.9990000000000006,-299.322,1.3458314073791615,1.3458314073791615,255707.9674020407,1.0,1.0,190000.0
Mark Keane,Adelaide,26.0,,Key Defender,194.0,0,0.0,56,,,,,,,,,1.7,7.975,,9.38,10.11,10.072,0.0,10.019803921568627,10.072,-10.072,48,132.0,657.5,132.0,68.5,5.0,-0.0,81.18999999999994,1.0,1.0,190000.0,3.6676052793272933,3.6676052793272933,696845.0030721858
Ben Keays,Adelaide,29.0,,Gen. Forward,185.0,6,10.033,167,,,,,6.506,8.17,4.9,4.45,8.463,14.064,12.005,11.083,10.543,10.008,10.033,10.444895705521473,10.012838709677418,0.025000000000000355,2,104.0,152.5,138.0,21.0,14.0,24.599999999999998,78.4685806451612,4.822402325083973,4.822402325083973,916256.441765955,3.646062362258299,3.646062362258299,692751.8488290769
Rory Laird,Adelaide,32.0,,Gen. Defender,178.0,4,7.625,273,,8.511,6.719,10.704,11.889,11.964,12.075,9.795,9.541,12.718,15.41,12.391,12.161,9.591,7.625,11.16124535315985,9.591,-1.9659999999999993,29,73.0,291.0,165.0,68.0,36.0,6.768000000000001,59.06399999999995,2.44332487649193,2.44332487649193,464231.7265334668,3.492454550638212,3.492454550638212,663566.3646212602
Archie Ludowyke,Adelaide,18.0,,Gen. Forward,197.0,0,0.0,0,,,,,,,,,,,,,,,0.0,,,,34,,657.5,,127.0,,-0.0,,1.0,1.0,190000.0,,,
Finnbar Maley,Adelaide,22.0,,Key Forward,197.0,4,5.675,11,,,,,,,,,,,,,,3.329,5.675,3.329,3.329,2.3459999999999996,36,,410.5,526.0,39.0,64.0,-1.032,-54.757999999999996,1.8184745802087483,1.8184745802087483,345510.17023966217,1.2122178291184036,1.2122178291184036,230321.38753249668
Mitchell Marsh,Adelaide,19.0,,Gen. Forward,192.0,0,0.0,0,,,,,,,,,,,,,,,0.0,,,,26,,657.5,,127.0,,-0.0,,1.0,1.0,190000.0,,,
Lachlan McAndrew,Adelaide,25.0,,Ruck,209.0,6,13.633,8,,,,,,,,,,,,4.6,,,13.633,13.633000000000001,13.633000000000001,,42,,46.0,34.0,7.0,6.0,46.199999999999996,42.608000000000004,6.552756991714325,6.552756991714325,1245023.828425722,4.96430329359303,4.96430329359303,943217.6257826757
Max Michalanney,Adelaide,22.0,,Gen. Defender,190.0,6,5.933,72,,,,,,,,,,,,5.332,5.47,6.052,5.933,5.636166666666666,6.025555555555555,-0.11899999999999977,16,445.0,395.0,410.0,98.0,95.0,0.0,-104.94644444444448,2.8517206214216304,2.8517206214216304,541826.9180701098,2.1941381420209947,2.1941381420209947,416886.24698398897
Wayne Milera,Adelaide,28.0,,Gen. Defender,185.0,6,12.333,129,,,,,8.175,8.481,10.411,8.018,7.05,,6.108,9.091,6.667,8.637,12.333,8.78866935483871,9.3762,3.6959999999999997,30,214.0,57.0,182.0,7.0,41.0,38.400000000000006,49.183200000000014,5.927906695431143,5.927906695431143,1126302.272131917,3.4142375516311136,3.4142375516311136,648705.1348099116
Nick Murray,Adelaide,25.0,,Key Defender,195.0,6,9.35,73,,,,,,,,,,5.231,6.306,9.065,5.978,5.417,9.35,6.82068493150685,6.727999999999999,3.933,9,376.0,188.0,367.0,12.0,39.0,20.502,-72.63400000000007,4.494115592498272,4.494115592498272,853881.9625746716,2.44992536927264,2.44992536927264,465485.8201618016
Toby Murray,Adelaide,22.0,,Ruck,200.0,1,-0.9,1,,,,,,,,,,,,,,,-0.9,,,,39,,786.0,,54.0,,-6.833,,1.0,1.0,190000.0,,,
Luke Nankervis,Adelaide,22.0,,Wing,189.0,0,0.0,34,,,,,,,,,,,,4.85,7.775,4.871,0.0,7.022111111111111,4.871,-4.871,27,358.0,657.5,472.0,45.5,45.0,-0.0,-116.824,1.0,1.0,190000.0,1.7737197493648975,1.7737197493648975,337006.7523793305
Alex Neal-Bullen,Adelaide,30.0,,Gen. Forward,182.0,6,9.333,207,,,,5.273,5.0,9.995,10.652,8.05,8.843,10.156,8.139,9.992,11.378,10.12,9.333,9.607871921182264,9.967677419354839,-0.786999999999999,28,157.0,189.0,140.0,33.0,15.0,20.400000000000002,76.39116129032257,4.485944473239184,4.485944473239184,852329.449915445,3.6296173873964714,3.6296173873964714,689627.3036053296
Reilly O'Brien,Adelaide,30.0,,Ruck,201.0,1,-1.6,147,,,,,8.45,,,11.95,10.959,13.915,13.97,12.839,11.671,10.212,-1.6,12.186048611111111,10.212,-11.812,43,36.0,788.0,130.0,55.0,18.0,-7.5329999999999995,87.62999999999997,1.0,1.0,190000.0,3.7185847013989597,3.7185847013989597,706531.0932658024
James Peatling,Adelaide,25.0,,Midfielder,186.0,6,11.65,74,,,,,,,,,,4.0,4.617,6.21,9.037,9.522,11.65,8.258757142857142,9.962275862068966,2.128,25,258.0,81.0,141.0,31.0,51.0,34.30200000000001,76.1426896551724,5.59961996284544,5.59961996284544,1063927.7929406336,3.627650471191323,3.627650471191323,689253.5895263514
Luke Pedlar,Adelaide,23.0,,Gen. Forward,183.0,5,2.82,44,,,,,,,,,,1.1,2.133,6.776,4.125,5.611,2.82,5.911285714285714,4.614214285714285,-2.791,10,429.0,510.0,480.0,95.0,87.0,-15.565,-162.48257142857148,1.1295370740503676,1.1295370740503676,214612.04406956985,1.6802141257181422,1.6802141257181422,319240.683886447
Josh Rachele,Adelaide,23.0,,Gen. Forward,180.0,6,13.917,76,,,,,,,,,,,7.185,8.967,9.518,10.05,13.917,9.411973684210526,11.2101,3.866999999999999,8,167.0,41.0,80.0,4.0,8.0,47.903999999999996,133.54260000000002,6.689262748748496,6.689262748748496,1270959.9222622144,4.082031566897031,4.082031566897031,775585.9977104359
Izak Rankine,Adelaide,25.0,,Mid-Forward,179.0,5,9.74,110,,,,,,,,,8.783,7.222,10.472,12.25,16.64,13.532,9.74,11.499018181818183,12.829777777777778,-3.792,23,57.0,165.0,46.0,15.0,3.0,19.035000000000004,208.04777777777778,3.901308901152689,3.901308901152689,741248.691219011,4.671818974421543,4.671818974421543,887645.6051400931
Oscar Ryan,Adelaide,20.0,,Gen. Defender,187.0,0,0.0,0,,,,,,,,,,,,,,,0.0,,,,22,,657.5,,147.0,,-0.0,,1.0,1.0,190000.0,,,
Lachlan Sholl,Adelaide,26.0,,Wing,186.0,0,0.0,79,,,,,,,,,5.737,6.574,6.891,7.031,8.305,5.72,0.0,7.010113924050633,5.72,-5.72,38,361.0,657.5,425.0,45.5,35.0,-0.0,-119.00200000000002,1.0,1.0,190000.0,2.082873530356644,2.082873530356644,395745.9707677624
Jake Soligo,Adelaide,23.0,,Midfielder,179.0,5,9.9,90,,,,,,,,,,,8.031,9.443,10.539,11.344,9.9,10.02551111111111,11.103333333333332,-1.443999999999999,14,130.0,156.5,88.0,49.0,38.0,19.835,128.63133333333323,3.965396111027887,3.965396111027887,753425.2610952986,4.043153688588567,4.043153688588567,768199.2008318277
Zac Taylor,Adelaide,23.0,,Gen. Forward,180.0,4,7.15,30,,,,,,,,,,,,,5.678,5.429,7.15,5.515192307692308,5.429,1.721,19,452.0,326.5,436.0,55.0,76.0,4.868000000000002,-86.34,2.2911177530383346,2.2911177530383346,435312.37307728356,1.9769091601933952,1.9769091601933952,375612.7404367451
Riley Thilthorpe,Adelaide,23.0,,Key Forward,201.0,6,9.667,84,,,,,,,,,,7.3,6.764,8.462,11.814,13.92,9.667,10.035785714285714,13.096838709677419,-4.253,7,128.0,170.0,38.0,13.0,1.0,22.404,220.33258064516127,4.6464829339765545,4.6464829339765545,882831.7574555454,4.7690662027512865,4.7690662027512865,906122.5785227444
Taylor Walker,Adelaide,35.0,,Key Forward,192.0,5,12.08,306,13.863,9.54,11.847,9.704,12.052,11.991,10.593,11.086,5.729,13.9,12.978,14.127,8.783,8.787,12.08,11.259295019157086,9.375035714285715,3.2929999999999993,13,68.0,66.0,183.0,3.0,11.0,30.735,49.1296428571429,4.838584345577462,4.838584345577462,919331.0256597177,3.4138135901108235,3.4138135901108235,648624.5821210565
Tyler Welsh,Adelaide,19.0,,Key Forward,191.0,0,0.0,0,,,,,,,,,,,,,,,0.0,,,,17,,657.5,,75.0,,-0.0,,1.0,1.0,190000.0,,,
Josh Worrell,Adelaide,25.0,,Gen. Defender,195.0,6,11.917,61,,,,,,,,,,0.7,9.125,9.475,9.185,8.392,11.917,9.185839285714284,9.074258064516128,3.5250000000000004,24,180.0,72.0,201.0,11.0,44.0,35.903999999999996,35.29387096774187,5.7279546006205235,5.7279546006205235,1088311.3741178995,3.3042887989870553,3.3042887989870553,627814.8718075405
Oscar Allen,Brisbane,27.0,,Key Forward,196.0,6,6.067,111,,,,,,,6.7,8.514,8.207,8.752,,8.957,6.318,7.208,6.067,8.110990825688074,6.827666666666667,-1.141,4,275.0,387.5,359.0,32.5,29.0,0.804000000000002,-68.04933333333332,2.935152813076516,2.935152813076516,557679.034484538,2.6072846868123727,2.6072846868123727,495384.09049435076
Harris Andrews,Brisbane,29.0,,Key Defender,200.0,3,16.167,242,,,,8.153,10.888,10.8,14.328,11.881,11.781,14.535,11.054,12.985,11.419,11.226,16.167,11.760297071129708,11.226,4.941000000000001,31,49.0,16.0,79.0,2.0,2.0,30.702000000000005,134.27400000000003,3.910714976842594,3.910714976842594,743035.8456000929,4.286878566736664,4.286878566736664,814506.9276799661
Daniel Annable,Brisbane,19.0,,Midfielder,184.0,1,4.6,1,,,,,,,,,,,,,,,4.6,,,,14,,460.0,,85.5,,-1.3330000000000002,,1.0,1.0,190000.0,,,
Noah Answerth,Brisbane,26.0,,Gen. Defender,182.0,3,2.067,91,,,,,,,,7.016,5.489,,5.117,3.15,6.319,6.706,2.067,6.136928571428571,6.706,-4.639,43,417.0,518.5,370.0,119.0,87.0,-11.597999999999999,-73.646,1.0,1.0,190000.0,2.5608237723620224,2.5608237723620224,486556.5167487843
Levi Ashcroft,Brisbane,19.0,,Wing,179.0,6,7.15,33,,,,,,,,,,,,,,7.015,7.15,7.039545454545455,7.039545454545455,0.13500000000000068,10,357.0,326.5,350.0,27.0,26.0,7.302000000000003,-41.826,3.4590971836982183,3.4590971836982183,657228.4649026615,2.688194951777963,2.688194951777963,510757.04083781294
Will Ashcroft,Brisbane,21.0,,Midfielder,182.0,6,9.367,64,,,,,,,,,,,,11.161,9.362,13.256,9.367,11.511218750000001,12.548909090909092,-3.8889999999999993,8,56.0,186.0,51.0,54.0,29.0,20.604000000000006,195.1278181818182,4.531659205552617,4.531659205552617,861015.2490549972,4.792058562065299,4.792058562065299,910491.1267924068
Zac Bailey,Brisbane,26.0,,Mid-Forward,181.0,5,14.42,171,,,,,,,4.942,5.293,8.189,12.046,10.804,11.629,10.009,11.527,14.42,10.022140350877192,11.993612903225808,2.8930000000000007,33,131.0,35.0,61.0,4.0,4.0,42.435,169.58419354838713,5.813540954420548,5.813540954420548,1104572.781339904,4.5800073127182435,4.5800073127182435,870201.3894164662
Luke Beecken,Brisbane,25.0,,Midfielder,185.0,0,0.0,1,,,,,,,,,,,,,,0.9,0.0,,,-0.9,17,,657.5,,113.5,,-0.0,,1.0,1.0,190000.0,,,
Jarrod Berry,Brisbane,28.0,,Wing,193.0,6,9.0,190,,,,,,7.381,10.643,9.84,7.547,4.282,8.626,8.664,8.567,9.033,9.0,8.583678947368421,9.026399999999999,-0.032999999999999474,7,234.0,207.5,204.0,12.5,10.0,18.402,33.09239999999993,4.354108343116638,4.354108343116638,827280.5851921613,3.446916149544968,3.446916149544968,654914.0684135439
Shadeau Brain,Brisbane,22.0,,Gen. Defender,183.0,0,0.0,9,,,,,,,,,,,,,5.678,,0.0,5.678,,,34,,657.5,,147.0,,-0.0,,1.0,1.0,190000.0,,,
Charlie Cameron,Brisbane,31.0,,Gen. Forward,180.0,6,10.9,260,,,6.557,7.423,10.51,9.458,11.682,11.429,7.016,10.113,11.204,10.581,6.967,6.6,10.9,9.226638461538464,7.432258064516129,4.300000000000001,23,177.0,117.0,326.0,15.0,53.0,29.802000000000003,-40.238129032258065,5.273308993330151,5.273308993330151,1001928.7087327287,2.838160324178684,2.838160324178684,539250.46159395
Keidean Coleman,Brisbane,26.0,,Gen. Defender,182.0,6,10.033,72,,,,,,,,,4.64,5.922,9.706,8.539,8.5,9.1,10.033,8.0157,10.033,0.9329999999999998,18,281.0,152.5,137.0,31.0,26.0,24.599999999999998,79.39599999999996,4.8538632229432475,4.8538632229432475,922234.0123592169,3.831307024770082,3.831307024770082,727948.3347063155
Cody Curtin,Brisbane,18.0,,Gen. Forward,200.0,0,0.0,0,,,,,,,,,,,,,,,0.0,,,,37,,657.5,,127.0,,-0.0,,1.0,1.0,190000.0,,,
Tom Doedee,Brisbane,29.0,,Gen. Defender,190.0,0,0.0,83,,,,,,,10.86,8.2,8.644,11.281,9.975,9.555,,3.7,0.0,10.327185185185185,,-3.7,12,113.0,657.5,,147.0,,-0.0,,1.0,1.0,190000.0,,,
Sam Draper,Brisbane,27.0,,Ruck,205.0,5,8.1,83,,,,,,,,,6.45,11.462,12.014,10.686,11.431,13.8,8.1,10.92667469879518,10.95,-5.700000000000001,2,85.0,261.0,99.0,19.0,14.0,10.834999999999999,121.57799999999995,3.2655812573374785,3.2655812573374785,620460.4388941209,4.181482300531485,4.181482300531485,794481.6371009821
Josh Dunkley,Brisbane,29.0,,Midfielder,191.0,6,9.8,200,,,,,7.159,5.914,10.511,14.352,10.683,11.927,12.391,13.15,12.837,12.826,9.8,11.761505,12.275818181818183,-3.026,5,48.0,162.0,54.0,50.0,31.0,23.202000000000005,182.5656363636364,4.741140195838117,4.741140195838117,900816.6372092422,4.687773191946606,4.687773191946606,890676.9064698552
Koby Evans,Brisbane,18.0,,Midfielder,187.0,0,0.0,0,,,,,,,,,,,,,,,0.0,,,,24,,657.5,,113.5,,-0.0,,1.0,1.0,190000.0,,,
Jaspa Fletcher,Brisbane,22.0,,Gen. Defender,184.0,6,8.233,74,,,,,,,,,,,,7.493,7.015,10.756,8.233,8.56914864864865,10.297272727272729,-2.5229999999999997,3,237.0,255.0,122.0,60.0,21.0,13.800000000000004,91.55254545454551,3.9830415543199202,3.9830415543199202,756777.8953207849,3.9322249911266205,3.9322249911266205,747122.748314058
Darcy Fort,Brisbane,32.0,,Ruck,204.0,5,10.32,62,,,,,,,,9.467,10.48,,9.306,8.086,4.033,10.338,10.32,9.735857142857142,10.334538461538461,-0.017999999999998906,32,148.0,138.0,117.0,11.0,16.0,21.935000000000002,93.26676923076919,4.160592416755899,4.160592416755899,790512.559183621,3.9464556768114125,3.9464556768114125,749826.5785941684
Ty Gallop,Brisbane,20.0,,Key Forward,194.0,6,4.417,12,,,,,,,,,,,,,,6.367,4.417,5.3919999999999995,5.3919999999999995,-1.9500000000000002,22,,464.0,441.0,47.0,45.0,-9.096,-34.98000000000001,2.1368996168384653,2.1368996168384653,406010.9271993084,2.059045896298244,2.059045896298244,391218.7202966664
Darcy Gardiner,Brisbane,30.0,,Key Defender,192.0,2,5.15,185,,,6.424,4.65,5.878,7.884,8.43,7.312,6.467,5.156,7.467,7.85,5.086,6.339,5.15,6.790039106145252,6.339,-1.189,27,378.0,441.0,392.0,43.0,45.0,-1.565999999999999,-90.52799999999999,1.0,1.0,190000.0,2.420677287951515,2.420677287951515,459928.68471078784
Tai Hayes,Brisbane,21.0,,Mid-Forward,190.0,0,0.0,0,,,,,,,,,,,,,,,0.0,,,,42,,657.5,,40.5,,-0.0,,1.0,1.0,190000.0,,,
Eric Hipwood,Brisbane,28.0,,Key Forward,204.0,0,0.0,199,,,,,4.41,6.79,5.291,5.739,6.526,5.581,5.241,5.95,6.542,5.105,0.0,5.802532663316582,5.105,-5.105,30,436.0,657.5,459.0,75.0,49.0,-0.0,-147.292,1.0,1.0,190000.0,1.949449054266049,1.949449054266049,370395.3203105493
Darragh Joyce,Brisbane,28.0,,Key Defender,195.0,1,2.6,25,,,,,,,2.25,5.167,,4.94,3.167,4.5,5.767,,2.6,5.112625,,,41,467.0,512.5,,49.5,,-3.3329999999999997,,1.0,1.0,190000.0,,,
Ryan Lester,Brisbane,33.0,,Gen. Defender,190.0,6,11.467,239,6.732,10.444,10.221,8.567,7.253,10.455,8.467,7.944,7.52,7.424,7.033,9.642,9.007,8.481,11.467,8.739184549356224,9.040875,2.9860000000000007,35,217.0,87.0,202.0,14.5,45.0,33.20400000000001,33.758249999999975,5.5476178189465,5.5476178189465,1054047.385599835,3.452443725462794,3.452443725462794,655964.3078379309
Luke Lloyd,Brisbane,20.0,,Key Defender,193.0,0,0.0,0,,,,,,,,,,,,,,,0.0,,,,19,,657.5,,68.5,,-0.0,,1.0,1.0,190000.0,,,
Kai Lohmann,Brisbane,22.0,,Gen. Forward,185.0,6,9.767,59,,,,,,,,,,,5.1,1.967,8.907,5.661,9.767,7.241947368421052,6.6875,4.106,1,341.0,164.0,371.0,24.0,64.0,23.003999999999998,-74.49700000000001,4.725175131913356,4.725175131913356,897783.2750635376,2.553759167562038,2.553759167562038,485214.24183678714
Sam Marshall,Brisbane,20.0,,Wing,185.0,0,0.0,11,,,,,,,,,,,,,,4.609,0.0,4.609,4.609,-4.609,20,,657.5,481.0,45.5,47.0,-0.0,-40.678000000000004,1.0,1.0,190000.0,1.7600412715205132,1.7600412715205132,334407.84158889746
Lincoln McCarthy,Brisbane,32.0,,Gen. Forward,176.0,5,8.06,156,2.2,,5.55,,7.037,9.167,3.75,7.879,6.771,10.45,9.66,8.083,7.963,,8.06,8.412342465753422,8.06,,11,246.0,262.0,284.0,46.0,45.0,10.635000000000003,-11.361999999999995,3.2494549301407507,3.2494549301407507,617396.4367267427,3.077876469614957,3.077876469614957,584796.5292268418
Hugh McCluggage,Brisbane,28.0,,Midfielder,187.0,3,5.367,212,,,,,,5.156,8.664,12.139,10.347,12.171,12.258,11.196,12.859,15.878,5.367,11.489478468899522,15.878,-10.511,6,58.0,425.0,12.0,81.0,10.0,-1.6979999999999995,348.26599999999996,1.298249970972611,1.298249970972611,246667.49448479607,6.063340271035519,6.063340271035519,1152034.6514967487
Conor McKenna,Brisbane,30.0,,Gen. Forward,184.0,0,0.0,128,,,,4.7,7.4,9.226,10.972,11.145,7.317,,,8.915,4.15,4.36,0.0,8.563269841269841,4.36,-4.36,26,238.0,657.5,489.0,127.0,91.0,-0.0,-181.562,1.0,1.0,190000.0,1.6649555096180164,1.6649555096180164,316341.5468274231
Will McLachlan,Brisbane,21.0,,Gen. Forward,185.0,0,0.0,6,,,,,,,,,,,,,,2.217,0.0,2.217,2.217,-2.217,28,,657.5,533.0,127.0,103.0,-0.0,-36.54,1.0,1.0,190000.0,1.0,1.0,190000.0
Logan Morris,Brisbane,20.0,,Key Forward,191.0,5,8.26,50,,,,,,,,,,,,,6.711,8.123,8.26,7.60014,8.145096774193549,0.13700000000000045,13,307.0,254.0,278.0,17.0,18.0,11.635,-7.4475483870967665,3.3300865661243915,3.3300865661243915,632716.4475636344,3.110372419854468,3.110372419854468,590970.7597723489
Ben Murphy,Brisbane,,,Gen. Defender,191.0,0,0.0,0,,,,,,,,,,,,,,,0.0,,,,39,,657.5,,147.0,,-0.0,,1.0,1.0,190000.0,,,
Lachie Neale,Brisbane,32.0,,Midfielder,177.0,6,15.617,300,7.127,11.542,10.013,11.621,14.541,15.081,15.15,16.733,14.674,13.671,16.592,13.931,16.804,14.068,15.617,14.0864,14.399928571428571,1.5490000000000013,9,13.0,23.0,26.0,12.0,18.0,58.104000000000006,280.27471428571425,7.55534555493917,7.55534555493917,1435515.6554384425,5.498908351629791,5.498908351629791,1044792.5868096604
Jack Payne,Brisbane,26.0,,Key Defender,196.0,0,0.0,81,,,,,,,,,7.42,7.23,7.542,6.722,7.144,7.385,0.0,7.149469135802469,7.385,-7.385,40,345.0,657.5,330.0,68.5,33.0,-0.0,-42.41200000000003,1.0,1.0,190000.0,2.8201138620479473,2.8201138620479473,535821.63378911
Cameron Rayner,Brisbane,26.0,,Gen. Forward,187.0,6,7.183,173,,,,,,,,,,,,,,,7.183,7.183,7.183,,16,342.0,323.0,344.0,53.0,60.0,7.5,-51.70400000000002,3.4750622476229793,3.4750622476229793,660261.8270483661,2.742976015042709,2.742976015042709,521165.44285811466
Bruce Reville,Brisbane,25.0,,Wing,185.0,6,10.85,31,,,,,,,,,,,,,6.6,5.6,10.85,7.003225806451613,7.257894736842104,5.25,38,362.0,118.5,338.0,7.5,25.0,29.502,-32.522263157894784,5.249119502535058,5.249119502535058,997332.705481661,2.77157610787451,2.77157610787451,526599.460496157
Henry Smith,Brisbane,23.0,,Key Forward,202.0,0,0.0,6,,,,,,,,,,,,,4.7,6.6,0.0,,,-6.6,25,,657.5,,75.0,,-0.0,,1.0,1.0,190000.0,,,
Reece Torrent,Brisbane,20.0,,Midfielder,184.0,0,0.0,0,,,,,,,,,,,,,,,0.0,,,,36,,657.5,,113.5,,-0.0,,1.0,1.0,190000.0,,,
James Tunstill,Brisbane,22.0,,Midfielder,187.0,2,1.5,14,,,,,,,,,,,4.233,2.9,4.85,3.567,1.5,,,-2.067,29,,524.5,,91.0,,-8.866,,1.0,1.0,190000.0,,,
Darcy Wilmot,Brisbane,22.0,,Gen. Defender,183.0,6,7.55,89,,,,,,,,,,,8.533,8.542,10.233,11.633,7.55,9.974116279069767,10.890636363636363,-4.082999999999999,44,136.0,297.5,101.0,70.0,13.0,9.702,118.84727272727267,3.6526131100589576,3.6526131100589576,693996.4909112019,4.15881307726667,4.15881307726667,790174.4846806672
Zane Zakostelsky,Brisbane,20.0,,Ruck,196.0,3,5.233,3,,,,,,,,,,,,,,,5.233,,,,21,,434.0,,28.0,,-2.1000000000000005,,1.265836053307187,1.265836053307187,240508.85012836554,,,
Dayne Zorko,Brisbane,37.0,,Gen. Defender,175.0,5,12.6,309,14.694,12.227,14.481,13.082,16.025,16.414,15.655,14.783,8.482,16.061,10.255,8.69,12.17,12.159,12.6,13.246889967637543,12.22790625,0.44099999999999895,15,21.0,54.0,55.0,6.0,7.0,33.335,180.3616875,5.079793066969411,5.079793066969411,965160.6827241881,4.669477037162862,4.669477037162862,887200.6370609438
Blake Acres,Carlton,30.0,,Wing,193.0,0,0.0,187,,,8.633,7.457,8.9,10.722,11.525,8.753,5.129,6.561,8.82,10.636,10.074,6.395,0.0,8.92233695652174,6.395,-6.395,13,198.0,657.5,387.0,45.5,30.0,-0.0,-87.95200000000004,1.0,1.0,190000.0,2.5222591738154603,2.5222591738154603,479229.24302493746
Ben Ainsworth,Carlton,28.0,,Gen. Forward,178.0,6,9.567,164,,,,,,7.577,6.638,7.642,6.938,5.576,7.882,9.995,7.129,6.612,9.567,7.456067073170733,7.202999999999999,2.955,12,325.0,174.5,343.0,27.5,59.0,21.804000000000002,-50.78400000000005,4.797083742129797,4.797083742129797,911445.9110046615,2.840943366535224,2.840943366535224,539779.2396416926
Jordan Boyd,Carlton,27.0,,Gen. Defender,182.0,2,7.8,40,,,,,,,,,,,5.486,5.889,6.226,4.1,7.8,5.9913428571428575,,3.7,37,425.0,283.0,,65.0,,3.734,,1.3036916201042617,1.3036916201042617,247701.4078198097,,,
Talor Byrne,Carlton,18.0,,Mid-Forward,174.0,4,4.725,4,,,,,,,,,,,,,,,4.725,,,,39,,456.0,,29.0,,-4.832000000000001,,1.5794725397417018,1.5794725397417018,300099.78255092335,,,
Ben Camporeale,Carlton,19.0,,Midfielder,186.0,0,0.0,0,,,,,,,,,,,,,,,0.0,,,,16,,657.5,,113.5,,-0.0,,1.0,1.0,190000.0,,,
Lucas Camporeale,Carlton,19.0,,Wing,184.0,0,0.0,3,,,,,,,,,,,,,,4.5,0.0,,,-4.5,21,,657.5,,45.5,,-0.0,,1.0,1.0,190000.0,,,
Matt Carroll,Carlton,20.0,,Gen. Defender,188.0,5,11.34,22,,,,,,,,,,,,,,,11.34,11.34,11.34,,32,65.0,92.0,76.0,17.0,10.0,27.035,66.72599999999998,4.738417619225106,4.738417619225106,900299.3476527702,4.472622209705602,4.472622209705602,849798.2198440643
Adam Cerra,Carlton,26.0,,Midfielder,188.0,3,7.7,151,,,,,,,6.719,6.565,9.106,11.228,11.322,13.741,10.392,11.758,7.7,10.093925675675678,11.758,-4.057999999999999,5,125.0,287.5,65.0,68.0,34.0,5.301000000000001,158.74599999999995,1.9304664374620801,1.9304664374620801,366788.6231177953,4.637486061879934,4.637486061879934,881122.3517571875
Harry Charleson,Carlton,19.0,,Gen. Defender,183.0,0,0.0,0,,,,,,,,,,,,,,,0.0,,,,28,,657.5,,147.0,,-0.0,,1.0,1.0,190000.0,,,
Campbell Chesser,Carlton,22.0,,Wing,186.0,3,4.833,39,,,,,,,,,,,,3.114,5.95,7.775,4.833,4.70925,,-2.942,31,474.0,449.0,,34.0,,-3.299999999999999,,1.2116810769161341,1.2116810769161341,230219.40461406548,,,
Matt Cottrell,Carlton,26.0,,Mid-Forward,184.0,0,0.0,74,,,,,,,,,,,,,,,0.0,,,,46,,657.5,,40.5,,-0.0,,1.0,1.0,190000.0,,,
Lachlan Cowan,Carlton,21.0,,Gen. Defender,188.0,5,5.9,43,,,,,,,,,,,,3.986,6.947,6.407,5.9,6.167418604651163,6.273578947368422,-0.5069999999999997,2,414.0,396.5,395.0,99.0,92.0,-0.16499999999999737,-87.43710526315789,2.465314281607418,2.465314281607418,468409.7135054094,2.474369359289373,2.474369359289373,470130.1782649809
Patrick Cripps,Carlton,31.0,,Midfielder,195.0,6,11.317,236,,,2.933,10.295,14.31,13.52,15.141,16.715,11.565,11.8,15.957,13.133,18.317,12.891,11.317,14.006476394849786,12.565344827586205,-1.5739999999999998,9,14.0,95.5,50.0,37.0,28.0,32.304,195.88386206896544,5.674568486430743,5.674568486430743,1078168.012421841,4.955911847307889,4.955911847307889,941623.250988499
Harry Dean,Carlton,18.0,,Gen. Defender,194.0,4,8.5,4,,,,,,,,,,,,,,,8.5,,,,35,,240.0,,55.0,,10.268,,2.8413791720221093,2.8413791720221093,539862.0426842008,,,
Wade Derksen,Carlton,24.0,,Key Defender,194.0,2,6.3,2,,,,,,,,,,,,,,,6.3,,,,47,,375.0,,35.0,,0.734,,1.0529816931611344,1.0529816931611344,200066.52170061556,,,
Matt Duffy,Carlton,22.0,,Key Defender,194.0,0,0.0,0,,,,,,,,,,,,,,,0.0,,,,41,,657.5,,68.5,,-0.0,,1.0,1.0,190000.0,,,
Francis Evans,Carlton,24.0,,Gen. Forward,182.0,4,5.525,48,,,,,,,,,,4.0,2.28,6.0,4.388,9.5,5.525,5.738,9.5,-3.9749999999999996,44,438.0,416.5,178.0,73.5,25.0,-1.631999999999998,54.877999999999986,1.846896461814371,1.846896461814371,350910.3277447305,3.7469057312348517,3.7469057312348517,711912.0889346218
Oliver Florent,Carlton,27.0,,Wing,184.0,6,11.9,190,,,,,,7.656,8.765,9.743,7.124,9.665,8.332,10.0,9.946,7.237,11.9,9.013647368421053,8.508727272727272,4.663,14,192.0,74.0,252.0,2.0,16.0,35.80200000000001,9.279454545454506,5.966896261246429,5.966896261246429,1133710.2896368215,3.3559367351259057,3.3559367351259057,637627.9796739221
Lachlan Fogarty,Carlton,27.0,,Gen. Forward,180.0,2,4.2,92,,,,,,,,,,,,,,,4.2,,,,8,,475.5,,86.0,,-3.4659999999999993,,1.0,1.0,190000.0,,,
Nick Haynes,Carlton,33.0,,Gen. Defender,192.0,2,7.5,236,3.087,6.755,11.037,9.059,12.506,8.689,8.85,9.217,8.288,8.548,5.159,8.885,5.1,9.761,7.5,8.576923076923077,9.761,-2.2609999999999992,26,236.0,300.5,150.0,71.0,29.0,3.1340000000000003,66.88399999999994,1.2535496347156363,1.2535496347156363,238174.4305959709,3.8498470360614085,3.8498470360614085,731470.9368516677
Will Hayward,Carlton,27.0,,Gen. Forward,186.0,5,7.32,189,,,,,,6.824,6.965,5.923,6.056,7.475,9.192,7.283,8.104,8.386,7.32,7.514904761904761,8.181,-1.065999999999999,19,320.0,315.0,275.0,51.0,42.0,6.935000000000002,-5.796000000000056,3.058661108706153,3.058661108706153,581145.610654169,3.226677451287612,3.226677451287612,613068.7157446463
George Hewett,Carlton,30.0,,Midfielder,187.0,4,8.2,206,,,,,6.583,8.642,10.096,10.882,10.383,9.29,14.807,9.623,12.118,13.843,8.2,10.461366336633663,13.843,-5.643000000000001,29,101.0,257.5,33.0,63.0,22.0,9.067999999999998,254.65599999999998,2.7410952012448577,2.7410952012448577,520808.0882365229,5.459833267103583,5.459833267103583,1037368.3207496809
Elijah Hollands,Carlton,23.0,,Gen. Forward,189.0,6,9.55,47,,,,,,,,,,,9.46,5.333,10.005,7.16,9.55,8.691638297872341,8.463636363636363,2.3900000000000006,20,223.0,176.0,257.0,29.0,38.0,21.702000000000005,7.205272727272678,4.788559604613731,4.788559604613731,909826.3248766089,3.338152378736504,3.338152378736504,634248.9519599357
Oliver Hollands,Carlton,22.0,,Gen. Defender,184.0,6,4.333,71,,,,,,,,,,,,5.221,6.652,7.409,4.333,6.318309859154929,6.772586206896551,-3.0759999999999996,4,400.0,469.0,362.0,109.0,85.0,-9.599999999999998,-70.58303448275868,2.172652226889141,2.172652226889141,412803.9231089368,2.6711833762002937,2.6711833762002937,507524.8414780558
Jack Ison,Carlton,19.0,,Midfielder,192.0,0,0.0,0,,,,,,,,,,,,,,,0.0,,,,30,,657.5,,113.5,,-0.0,,1.0,1.0,190000.0,,,
Brodie Kemp,Carlton,24.0,,Key Forward,192.0,6,4.783,55,,,,,,,,,,2.8,5.15,8.394,7.595,3.76,4.783,7.136551020408163,4.318,1.0230000000000006,17,346.0,451.0,491.0,44.0,55.0,-6.899999999999997,-183.49400000000003,2.3982911611379554,2.3982911611379554,455675.3206162115,1.7030672576286408,1.7030672576286408,323582.77894944174
Cooper Lord,Carlton,21.0,,Midfielder,184.0,2,9.45,25,,,,,,,,,,,,,8.6,7.476,9.45,7.476000000000001,7.476000000000001,1.9739999999999993,36,323.0,179.5,325.0,53.0,75.0,7.033999999999999,-20.774999999999988,1.5794725397417018,1.5794725397417018,300099.78255092335,2.9486176049170263,2.9486176049170263,560237.344934235
Mitch McGovern,Carlton,31.0,,Gen. Defender,190.0,6,11.75,151,,,,,7.774,7.654,8.883,7.094,5.942,4.3,6.571,9.164,8.933,9.794,11.75,8.189437086092713,10.304260869565217,1.9559999999999995,11,267.0,79.0,121.0,12.0,20.0,34.902,91.87399999999998,5.891683283163491,5.891683283163491,1119419.8238010635,4.064115169296097,4.064115169296097,772181.8821662585
Harry McKay,Carlton,28.0,,Key Forward,200.0,6,5.033,146,,,,,,7.85,8.485,6.81,5.1,9.305,9.274,7.005,10.2,10.308,5.033,8.201423611111112,8.549666666666667,-5.2749999999999995,10,265.0,444.0,247.0,42.0,17.0,-5.399999999999997,11.162666666666663,2.523646124609519,2.523646124609519,479492.7636758086,3.3720836877348317,3.3720836877348317,640695.900669618
Ashton Moir,Carlton,21.0,,Gen. Forward,188.0,1,6.8,12,,,,,,,,,,,,,5.55,4.811,6.8,4.811,4.811,1.9889999999999999,43,,346.5,475.5,59.5,85.5,0.867,-41.952000000000005,1.0,1.0,190000.0,1.8975119445232496,1.8975119445232496,360527.26945941744
Rob Monahan,Carlton,21.0,,Gen. Defender,194.0,0,0.0,0,,,,,,,,,,,,,,,0.0,,,,34,,657.5,,147.0,,-0.0,,1.0,1.0,190000.0,,,
Jesse Motlop,Carlton,22.0,,Gen. Forward,180.0,0,0.0,63,,,,,,,,,,,6.408,8.057,4.614,7.391,0.0,7.1172063492063495,7.391,-7.391,3,348.0,657.5,329.0,127.0,55.0,-0.0,-42.13600000000002,1.0,1.0,190000.0,2.915092658900714,2.915092658900714,553867.6051911357
Nic Newman,Carlton,33.0,,Gen. Defender,186.0,3,9.167,137,,,,,,10.64,8.0,9.05,2.1,10.057,8.895,10.092,10.221,,9.167,9.69026515151515,,,24,152.0,197.5,,42.5,,9.702,,2.2982579002876475,2.2982579002876475,436669.001054653,,,
Harry O'Farrell,Carlton,19.0,,Key Defender,196.0,0,0.0,6,,,,,,,,,,,,,,6.1,0.0,6.099999999999999,6.099999999999999,-6.1,22,,657.5,404.0,68.5,47.0,-0.0,-13.24200000000001,1.0,1.0,190000.0,2.4059078905823776,2.4059078905823776,457122.49921065173
Hudson O'Keeffe,Carlton,21.0,,Key Forward,202.0,3,2.5,8,,,,,,,,,,,,,,3.54,2.5,3.54,3.54,-1.04,40,,514.5,522.0,60.0,63.0,-10.299,-38.136,1.0,1.0,190000.0,1.3962153987969868,1.3962153987969868,265280.92577142746
Marc Pittonet,Carlton,29.0,,Ruck,202.0,6,16.133,86,,,,,6.233,,6.1,8.75,9.331,11.831,9.463,8.633,14.264,13.0,16.133,11.312632911392404,14.446,3.132999999999999,27,66.0,17.0,22.0,4.0,5.0,61.199999999999996,282.39399999999995,8.089406502746945,8.089406502746945,1536987.2355219196,5.6976631782545955,5.6976631782545955,1082556.003868373
Liam Reidy,Carlton,25.0,,Ruck,204.0,1,1.8,4,,,,,,,,,,,,,7.05,1.0,1.8,,,0.8,25,,521.5,,32.0,,-4.133,,1.0,1.0,190000.0,,,
Adam Saad,Carlton,31.0,,Gen. Defender,178.0,1,12.2,217,,,,10.562,11.24,11.709,10.805,10.786,10.541,11.477,13.129,11.364,11.889,9.59,12.2,11.207796296296296,9.59,2.6099999999999994,42,71.0,60.5,166.0,8.0,37.0,6.2669999999999995,59.01799999999997,1.0195537029020507,1.0195537029020507,193715.20355138966,3.7824027328991816,3.7824027328991816,718656.5192508445
Jagga Smith,Carlton,20.0,,Midfielder,182.0,6,8.217,6,,,,,,,,,,,,,,,8.217,8.217,8.217,,7,,256.0,274.0,62.0,70.0,13.704000000000004,-0.5399999999999991,4.1201669393833535,4.1201669393833535,782831.7184828372,3.2408762519533445,3.2408762519533445,615766.4878711355
Sam Walsh,Carlton,25.0,,Midfielder,184.0,6,14.367,139,,,,,,,,9.232,9.724,14.023,12.33,12.561,13.58,12.136,14.367,12.067064748201439,12.805299999999999,2.2310000000000016,18,39.0,36.0,47.0,17.0,27.0,50.604000000000006,206.92179999999993,7.203899040783819,7.203899040783819,1368740.8177489256,5.050552837913857,5.050552837913857,959605.0392036329
Jacob Weitering,Carlton,28.0,,Key Defender,195.0,5,10.72,209,,,,,8.955,8.341,6.371,9.84,8.065,12.691,9.628,11.542,10.786,9.93,10.72,9.844885167464113,10.071071428571429,0.7900000000000009,23,142.0,123.5,133.0,5.0,6.0,23.935000000000002,81.14728571428572,4.4793506947172075,4.4793506947172075,851076.6319962695,3.972142658462089,3.972142658462089,754707.105107797
Zachary Williams,Carlton,31.0,,Gen. Defender,186.0,5,14.44,179,,,,,,,,,,,,,,,14.44,14.440000000000001,14.440000000000001,,6,9.0,34.0,24.0,4.0,3.0,42.535,282.11800000000005,6.033752241764597,6.033752241764597,1146412.9259352733,5.695296711476974,5.695296711476974,1082106.3751806251
Billy Wilson,Carlton,20.0,,Gen. Defender,183.0,0,0.0,4,,,,,,,,,,,,,,5.75,0.0,,,-5.75,15,,657.5,,147.0,,-0.0,,1.0,1.0,190000.0,,,
Flynn Young,Carlton,24.0,,Gen. Forward,181.0,0,0.0,8,,,,,,,,,,,,,,4.487,0.0,4.487,4.487,-4.487,45,,657.5,486.0,127.0,88.0,-0.0,-30.560000000000002,1.0,1.0,190000.0,1.7697227385316607,1.7697227385316607,336247.32032101555
Lewis Young,Carlton,27.0,,Key Defender,202.0,6,5.767,86,,,,,,3.886,9.25,7.84,-6.1,8.3,10.737,9.027,7.389,6.738,5.767,8.062734939759036,6.431368421052632,-0.9710000000000001,33,277.0,404.0,386.0,37.0,43.0,-0.9959999999999969,-86.27905263157895,2.8916882973620304,2.8916882973620304,549420.7764987858,2.5366032838447308,2.5366032838447308,481954.62393049884
Edward Allan,Collingwood,21.0,,Wing,194.0,4,5.825,19,,,,,,,,,,,,,11.6,6.223,5.825,6.223,6.223,-0.3979999999999997,16,,399.0,400.0,32.0,32.0,-0.4319999999999986,-39.59600000000001,1.9510871658658557,1.9510871658658557,370706.5615145126,2.7217039351343546,2.7217039351343546,517123.7476755274
Angus Anderson,Collingwood,22.0,,Midfielder,193.0,2,8.9,2,,,,,,,,,,,,,,,8.9,,,,41,,216.0,,57.5,,5.934000000000001,,1.4905301095455894,1.4905301095455894,283200.720813662,,,
Jack Buller,Collingwood,24.0,,Key Forward,199.0,2,-0.25,12,,,,,,,,,,,,1.3,,5.222,-0.25,5.222,5.222,-5.472,34,,784.0,455.0,86.0,48.0,-12.366,-37.019999999999996,1.0,1.0,190000.0,2.283904539494071,2.283904539494071,433941.8625038734
Darcy Cameron,Collingwood,30.0,,Ruck,204.0,6,10.633,126,,,,,,,3.2,,5.46,10.017,10.054,10.805,13.757,13.12,10.633,11.117647999999999,12.638645161290322,-2.487,14,75.0,126.0,48.0,10.0,9.0,28.199999999999996,199.25567741935478,5.342294378021882,5.342294378021882,1015035.9318241576,5.527663549775131,5.527663549775131,1050256.074457275
Joel Cochran,Collingwood,20.0,,Gen. Defender,195.0,0,0.0,0,,,,,,,,,,,,,,,0.0,,,,27,,657.5,,147.0,,-0.0,,1.0,1.0,190000.0,,,
Jack Crisp,Collingwood,32.0,,Wing,190.0,6,13.267,280,6.44,3.45,11.633,12.005,11.577,11.455,13.092,10.583,10.437,14.109,15.516,13.146,13.504,12.444,13.267,12.370816546762592,12.603290322580644,0.8229999999999986,25,34.0,50.0,49.0,1.0,2.0,44.004,197.62935483870962,6.6656841449465185,6.6656841449465185,1266479.9875398385,5.512200685619231,5.512200685619231,1047318.1302676538
Josh Daicos,Collingwood,27.0,,Gen. Defender,178.0,6,9.583,157,,,,,,3.25,5.9,3.9,8.55,7.206,10.012,11.2,9.996,10.96,9.583,9.405212903225806,10.693483870967741,-1.3770000000000007,7,168.0,173.0,107.0,37.0,14.0,21.900000000000002,109.77825806451608,4.814747204418668,4.814747204418668,914801.968839547,4.6769238521466585,4.6769238521466585,888615.5319078651
Nick Daicos,Collingwood,23.0,,Midfielder,184.0,5,18.6,100,,,,,,,,,,,9.868,15.391,16.778,15.612,18.6,14.544959999999998,16.11,2.9880000000000013,35,6.0,6.0,11.0,3.0,9.0,63.33500000000001,358.93799999999993,7.787601134142687,7.787601134142687,1479644.2154871104,7.045902361403576,7.045902361403576,1338721.4486666794
Jordan De Goey,Collingwood,30.0,,Mid-Forward,188.0,5,7.56,187,,,,7.306,8.95,11.471,12.152,11.706,10.18,9.095,14.726,15.152,10.631,7.909,7.56,10.99129411764706,7.7999374999999995,-0.3490000000000002,2,83.0,296.0,300.0,19.0,19.0,8.134999999999998,-23.32487500000004,3.165283041619285,3.165283041619285,601403.7779076642,3.411396527004985,3.411396527004985,648165.3401309471
Harry Demattia,Collingwood,20.0,,Midfielder,186.0,0,0.0,0,,,,,,,,,,,,,,,0.0,,,,13,,657.5,,113.5,,-0.0,,1.0,1.0,190000.0,,,
Jamie Elliott,Collingwood,33.0,,Gen. Forward,178.0,6,7.35,225,4.86,10.55,12.671,9.825,,8.729,,8.456,6.283,12.131,9.189,7.588,7.193,10.036,7.35,8.93284888888889,9.516129032258064,-2.686,5,197.0,313.0,176.0,50.0,23.0,8.501999999999999,55.61993548387093,3.692830215222499,3.692830215222499,701637.7408922749,4.161993545611932,4.161993545611932,790778.7736662672
Billy Frampton,Collingwood,29.0,,Key Defender,201.0,6,9.467,80,,,,,,,5.1,5.2,2.54,3.05,6.683,6.975,6.406,8.156,9.467,6.46109090909091,8.513545454545454,1.311,17,393.0,178.0,251.0,10.0,23.0,21.204000000000004,9.50109090909088,4.756465802382504,4.756465802382504,903728.5024526758,3.7235015532028863,3.7235015532028863,707465.2951085484
Harvey Harrison,Collingwood,22.0,,Gen. Forward,181.0,0,0.0,16,,,,,,,,,,,,5.525,6.917,,0.0,6.916999999999999,,,36,,657.5,,127.0,,-0.0,,1.0,1.0,190000.0,,,
Will Hayes,Collingwood,19.0,,Gen. Forward,180.0,2,6.8,4,,,,,,,,6.911,5.0,,4.6,,,,6.8,6.911,,,39,,346.5,,59.5,,1.734,,1.1388319938101132,1.1388319938101132,216378.0788239215,,,
Bobby Hill,Collingwood,26.0,,Gen. Forward,175.0,0,0.0,102,,,,,,,,7.487,6.58,5.912,5.7,8.458,7.874,8.307,0.0,7.415607843137256,8.307,-8.307,23,331.0,657.5,268.0,127.0,40.0,-0.0,0.0,1.0,1.0,190000.0,3.6331664131706707,3.6331664131706707,690301.6185024275
Dan Houston,Collingwood,28.0,,Gen. Defender,186.0,6,8.617,195,,,,,,6.871,8.355,11.576,7.365,9.13,10.167,14.304,13.909,9.129,8.617,10.25345641025641,9.015222222222222,-0.5119999999999987,9,116.0,229.0,205.0,53.0,46.0,16.104000000000006,32.578222222222216,4.329403804703712,4.329403804703712,822586.7228937052,3.9429159245272225,3.9429159245272225,749154.0256601722
Jeremy Howe,Collingwood,35.0,,Gen. Defender,190.0,4,8.275,275,9.636,10.252,11.336,8.859,11.975,13.276,12.133,10.057,12.2,9.512,11.508,8.407,9.474,8.795,8.275,10.523452755905511,8.795,-0.5199999999999996,38,99.0,253.0,223.0,59.0,50.0,9.368000000000002,22.44799999999998,2.771716102581967,2.771716102581967,526626.0594905737,3.8465990855707295,3.8465990855707295,730853.8262584386
Noah Howes,Collingwood,20.0,,Key Forward,196.0,0,0.0,0,,,,,,,,,,,,,,,0.0,,,,40,,657.5,,75.0,,-0.0,,1.0,1.0,190000.0,,,
Tew Jiath,Collingwood,21.0,,Gen. Defender,188.0,0,0.0,1,,,,,,,,,,,,,4.4,,0.0,,,,19,,657.5,,147.0,,-0.0,,1.0,1.0,190000.0,,,
Patrick Lipinski,Collingwood,27.0,,Mid-Forward,190.0,6,6.917,147,,,,,,3.1,8.029,11.107,7.323,6.455,10.744,8.464,9.996,8.757,6.917,9.028164383561645,8.376310344827587,-1.8399999999999999,1,191.0,340.0,263.0,20.0,17.0,5.904,3.1882758620689877,3.475279809346126,3.475279809346126,660303.1637757639,3.663480126534444,3.663480126534444,696061.2240415444
Ned Long,Collingwood,23.0,,Midfielder,194.0,6,7.317,43,,,,,,,,,,,5.6,4.45,4.171,9.776,7.317,8.355236842105262,9.300064516129034,-2.4589999999999996,44,251.0,316.0,189.0,72.0,58.0,8.304000000000002,42.70177419354843,3.6762501611949703,3.6762501611949703,698487.5306270444,4.0674951294474955,4.0674951294474955,772824.0745950241
Brayden Maynard,Collingwood,29.0,,Gen. Defender,189.0,6,10.7,235,,,,4.667,7.34,9.645,8.295,8.75,8.7,10.295,11.557,9.38,9.791,9.84,10.7,9.241604255319148,10.038461538461538,0.8599999999999994,4,174.0,125.0,135.0,25.0,25.0,28.601999999999997,79.64723076923075,5.375956911956563,5.375956911956563,1021431.813271747,4.390441952743956,4.390441952743956,834183.9710213516
Zac McCarthy,Collingwood,18.0,,Ruck,199.0,0,0.0,0,,,,,,,,,,,,,,,0.0,,,,37,,657.5,,43.0,,-0.0,,1.0,1.0,190000.0,,,
Beau McCreery,Collingwood,25.0,,Gen. Forward,186.0,6,11.033,102,,,,,,,,,,4.538,7.032,7.312,7.741,9.016,11.033,7.50585294117647,9.50008,2.0169999999999995,31,321.0,108.0,177.0,14.0,24.0,30.599999999999998,54.88168,5.543264729870725,5.543264729870725,1053220.298675438,4.154974308226126,4.154974308226126,789445.1185629638
Reef McInnes,Collingwood,23.0,,Key Defender,194.0,0,0.0,23,,,,,,,,,,,3.117,1.76,5.667,4.5,0.0,3.9252499999999997,,-4.5,26,481.0,657.5,,68.5,,-0.0,,1.0,1.0,190000.0,,,
Daniel McStay,Collingwood,30.0,,Key Forward,195.0,6,6.45,204,,,7.989,5.595,9.042,9.221,6.174,7.229,5.806,9.968,8.982,6.1,4.82,7.05,6.45,7.446588235294118,6.8999999999999995,-0.5999999999999996,11,327.0,366.5,356.0,29.0,27.0,3.102000000000002,-64.72200000000004,3.240646923562602,3.240646923562602,615722.9154768944,3.017798031886075,3.017798031886075,573381.6260583543
Tim Membrey,Collingwood,31.0,,Key Forward,188.0,6,6.067,208,,,2.7,6.558,10.765,10.74,8.25,10.441,6.15,8.338,8.973,6.614,7.653,5.883,6.067,8.298661835748792,5.921068965517242,0.18400000000000016,28,255.0,387.5,417.0,32.5,40.0,0.804000000000002,-109.75282758620688,3.048217811667334,3.048217811667334,579161.3842167935,2.589650763884008,2.589650763884008,492033.6451379615
Darcy Moore,Collingwood,30.0,,Key Defender,203.0,1,1.3,196,,,,8.333,6.941,7.414,6.771,10.788,8.144,12.108,12.317,12.775,11.165,10.945,1.3,10.170615384615385,10.945,-9.645,30,120.0,527.0,100.0,53.0,3.0,-4.633,121.348,1.0,1.0,190000.0,4.786927457825087,4.786927457825087,909516.2169867664
Wil Parker,Collingwood,23.0,,Gen. Defender,183.0,2,6.9,11,,,,,,,,,,,,,5.72,3.5,6.9,5.72,,3.4000000000000004,15,,341.5,,83.0,,1.934000000000001,,1.1555795231308503,1.1555795231308503,219560.10939486156,,,
Scott Pendlebury,Collingwood,38.0,,Midfielder,191.0,5,11.82,430,16.695,18.052,19.938,16.682,17.536,16.469,14.028,14.554,11.993,13.133,13.975,13.172,12.26,10.541,11.82,14.910811881188117,10.777851851851851,1.279,10,4.0,76.0,104.0,30.0,45.0,29.435000000000002,113.65918518518515,4.948894914277772,4.948894914277772,940290.0337127766,4.713823203837421,4.713823203837421,895626.4087291101
Harry Perryman,Collingwood,27.0,,Gen. Defender,187.0,6,7.283,160,,,,,,5.3,6.556,7.963,9.188,10.272,11.812,11.114,8.862,8.104,7.283,9.06565625,7.945096774193548,-0.8209999999999988,12,186.0,319.5,293.0,76.0,68.0,8.100000000000003,-16.647548387096816,3.6591676812878187,3.6591676812878187,695241.8594446855,3.474883682363145,3.474883682363145,660227.8996489975
Tyan Prindable,Collingwood,19.0,,Midfielder,182.0,0,0.0,0,,,,,,,,,,,,,,,0.0,,,,18,,657.5,,113.5,,-0.0,,1.0,1.0,190000.0,,,
Isaac Quaynor,Collingwood,26.0,,Gen. Defender,180.0,6,7.9,139,,,,,,,,6.525,7.245,9.56,8.475,8.808,7.152,8.024,7.9,8.265177777777778,7.999999999999999,-0.12399999999999878,3,256.0,271.5,287.0,63.0,65.0,11.802000000000003,-14.122000000000059,3.9691644490146603,3.9691644490146603,754141.2453127854,3.4988962688534206,3.4988962688534206,664790.29108215
Jakob Ryan,Collingwood,21.0,,Gen. Defender,189.0,0,0.0,1,,,,,,,,,,,,0.1,,,0.0,,,,24,,657.5,,147.0,,-0.0,,1.0,1.0,190000.0,,,
Jai Saxena,Collingwood,18.0,,Gen. Forward,179.0,0,0.0,0,,,,,,,,,,,,,,,0.0,,,,43,,657.5,,127.0,,-0.0,,1.0,1.0,190000.0,,,
Lachlan Schultz,Collingwood,28.0,,Gen. Forward,178.0,6,9.15,132,,,,,,,,,,,,,,,9.15,9.15,9.15,,8,181.0,199.0,197.0,35.0,30.0,19.302000000000003,38.778,4.597196798542296,4.597196798542296,873467.3917230362,4.0018626075011,4.0018626075011,760353.895425209
Steele Sidebottom,Collingwood,35.0,,Wing,184.0,5,6.86,359,12.683,13.813,15.1,11.944,13.755,12.664,13.742,11.1,11.089,9.686,10.372,10.115,8.373,11.222,6.86,11.771187919463092,10.443071428571429,-4.361999999999999,22,46.0,343.0,113.0,29.0,4.0,4.6350000000000025,98.25928571428571,2.872201278506389,2.872201278506389,545718.2429162139,4.567402957099792,4.567402957099792,867806.5618489605
Iliro Smit,Collingwood,20.0,,Ruck,200.0,0,0.0,0,,,,,,,,,,,,,,,0.0,,,,20,,657.5,,43.0,,-0.0,,1.0,1.0,190000.0,,,
Roan Steele,Collingwood,24.0,,Wing,183.0,6,6.517,11,,,,,,,,,,,,,,5.18,6.517,5.909272727272728,5.909272727272728,1.3370000000000006,45,,364.0,418.0,30.0,34.0,3.504000000000003,-26.374999999999996,3.2743094574972833,3.2743094574972833,622118.7969244838,2.5844915371364783,2.5844915371364783,491053.39205593086
Oscar Steene,Collingwood,22.0,,Ruck,201.0,4,8.6,4,,,,,,,,,,,,,,,8.6,,,,21,,231.5,,16.0,,10.668,,2.8805750431667567,2.8805750431667567,547309.2582016838,,,
Lachie Sullivan,Collingwood,28.0,,Gen. Forward,180.0,1,3.7,25,,,,,,,,,,,,,,,3.7,,,,33,,490.0,,89.0,,-2.2329999999999997,,1.0,1.0,190000.0,,,
Samuel Swadling,Collingwood,19.0,,Midfielder,189.0,0,0.0,0,,,,,,,,,,,,,,,0.0,,,,32,,657.5,,113.5,,-0.0,,1.0,1.0,190000.0,,,
Charlie West,Collingwood,20.0,,Key Forward,194.0,0,0.0,1,,,,,,,,,,,,,,4.3,0.0,,,-4.3,29,,657.5,,75.0,,-0.0,,1.0,1.0,190000.0,,,
Lachlan Blakiston,Essendon,27.0,,Key Defender,203.0,6,5.5,17,,,,,,,,,,,,,,8.2,5.5,7.247058823529411,7.247058823529411,-2.6999999999999993,46,,418.5,340.0,40.0,36.0,-2.597999999999999,-18.01900000000002,2.9092883880602805,2.9092883880602805,552764.7937314534,2.997998430773315,2.997998430773315,569619.7018469298
Cillian Bourke,Essendon,19.0,,Gen. Defender,190.0,0,0.0,0,,,,,,,,,,,,,,,0.0,,,,39,,657.5,,147.0,,-0.0,,1.0,1.0,190000.0,,,
Nick Bryan,Essendon,24.0,,Ruck,203.0,0,0.0,23,,,,,,,,,,5.0,4.98,9.562,10.26,9.825,0.0,8.48311111111111,,-9.825,24,240.0,657.5,,43.0,,-0.0,,1.0,1.0,190000.0,,,
Nate Caddy,Essendon,20.0,,Key Forward,193.0,5,5.18,32,,,,,,,,,,,,,5.5,5.629,5.18,5.51853125,5.526954545454545,-0.44899999999999984,30,450.0,439.0,433.0,41.0,43.0,-3.7650000000000006,-88.96145454545459,2.283350583356402,2.283350583356402,433836.6108377163,2.286417353262004,2.286417353262004,434419.2971197807
Jye Caldwell,Essendon,25.0,,Midfielder,183.0,6,10.167,95,,,,,,,,5.2,5.389,7.733,9.495,9.762,11.322,11.573,10.167,9.912377777777778,11.076764705882354,-1.4060000000000006,6,138.0,146.5,90.0,47.0,40.0,25.404,127.40917647058828,5.377951825710704,5.377951825710704,1021810.8468850337,4.5822897281393615,4.5822897281393615,870635.0483464787
Angus Clarke,Essendon,19.0,,Wing,188.0,0,0.0,14,,,,,,,,,,,,,,5.321,0.0,5.321,5.321,-5.321,36,,657.5,446.0,45.5,39.0,-0.0,-41.80400000000001,1.0,1.0,190000.0,2.2012170783479044,2.2012170783479044,418231.2448861018
Nikolas Cox,Essendon,24.0,,Midfielder,200.0,0,0.0,53,,,,,,,,,,,,,,,0.0,,,,13,,657.5,,113.5,,-0.0,,1.0,1.0,190000.0,,,
Archer Day-Wicks,Essendon,19.0,,Gen. Forward,186.0,4,5.525,9,,,,,,,,,,,,,,3.46,5.525,3.46,3.46,2.0650000000000004,44,,416.5,525.0,73.5,102.0,-1.631999999999998,-43.623000000000005,1.9483416174585515,1.9483416174585515,370184.90731712483,1.4313495754714807,1.4313495754714807,271956.41933958133
Sam Durham,Essendon,24.0,,Midfielder,185.0,6,11.467,97,,,,,,,,,,6.514,6.42,7.632,12.636,13.46,11.467,9.875216494845361,13.000076923076925,-1.9930000000000003,22,139.0,87.0,42.0,35.0,25.0,33.20400000000001,215.88153846153853,6.065601808343135,6.065601808343135,1152464.3435851955,5.377934851139524,5.377934851139524,1021807.6217165095
Xavier Duursma,Essendon,25.0,,Wing,186.0,6,8.967,116,,,,,,,,7.155,6.167,7.582,5.2,6.456,9.06,7.886,8.967,7.264629310344827,8.117642857142856,1.0810000000000004,28,340.0,212.0,282.0,14.0,19.0,18.204000000000004,-8.71042857142863,4.743197995588462,4.743197995588462,901207.6191618078,3.3581458547400365,3.3581458547400365,638047.7124006068
Tom Edwards,Essendon,25.0,,Gen. Forward,191.0,3,7.167,5,,,,,,,,,,,,,,,7.167,,,,45,,325.0,,54.0,,3.702,,1.895533625202548,1.895533625202548,360151.3887884841,,,
Hussien El Achkar,Essendon,19.0,,Gen. Forward,171.0,2,6.4,2,,,,,,,,,,,,,,,6.4,,,,33,,370.5,,63.0,,0.934000000000001,,1.1284512535506543,1.1284512535506543,214405.73817462433,,,
Saad El-Hawli,Essendon,24.0,,Wing,184.0,3,7.433,12,,,,,,,,,,,,,,4.533,7.433,4.533,4.533,2.8999999999999995,41,,306.5,483.0,25.0,48.0,4.5,-45.288,1.9658855080410969,1.9658855080410969,373518.2465278084,1.875233417807001,1.875233417807001,356294.34938333015
Jacob Farrow,Essendon,18.0,,Gen. Defender,188.0,4,5.4,4,,,,,,,,,,,,,,,5.4,,,,2,,423.0,,101.0,,-2.131999999999998,,1.9042614903667294,1.9042614903667294,361809.68316967855,,,
Brayden Fiorini,Essendon,28.0,,Wing,187.0,2,7.1,125,,,,,8.65,5.246,6.973,8.919,3.56,9.1,6.636,7.071,9.292,10.789,7.1,7.932371900826446,10.789,-3.689,8,287.0,329.0,103.0,28.0,3.0,2.3339999999999996,114.17199999999997,1.251875609407757,1.251875609407757,237856.36578747383,4.463245829410926,4.463245829410926,848016.707588076
Kayle Gerreyn,Essendon,19.0,,Key Forward,199.0,0,0.0,0,,,,,,,,,,,,,,,0.0,,,,19,,657.5,,75.0,,-0.0,,1.0,1.0,190000.0,,,
Jade Gresham,Essendon,28.0,,Gen. Forward,177.0,4,8.85,181,,,,,9.383,10.182,11.568,12.384,8.618,10.567,10.994,8.009,8.164,7.363,8.85,9.649954022988505,7.363000000000001,1.4869999999999992,11,153.0,219.0,332.0,38.0,57.0,11.668,-43.42399999999996,3.120872998101028,3.120872998101028,592965.8696391953,3.0459615387851198,3.0459615387851198,578732.6923691728
Matt Guelfi,Essendon,28.0,,Gen. Forward,184.0,2,3.05,123,,,,,,,7.467,6.059,5.573,5.665,6.38,7.823,8.546,5.392,3.05,6.5678677685950415,5.392,-2.3420000000000005,35,389.0,507.0,440.0,94.0,78.0,-5.766,-134.09,1.0,1.0,190000.0,2.230588702584458,2.230588702584458,423811.8534910471
Lewis Hayes,Essendon,21.0,,Gen. Defender,199.0,0,0.0,1,,,,,,,,,,,,,,5.0,0.0,,,-5.0,18,,657.5,,147.0,,-0.0,,1.0,1.0,190000.0,,,
Zak Johnson,Essendon,19.0,,Gen. Defender,185.0,4,4.2,13,,,,,,,,,,,,,,5.833,4.2,5.833,5.833,-1.633,40,,475.5,422.0,111.0,98.0,-6.931999999999999,-32.162000000000006,1.4810922702852338,1.4810922702852338,281407.5313541944,2.4130237207298113,2.4130237207298113,458474.5069386641
Harrison Jones,Essendon,25.0,,Mid-Forward,196.0,0,0.0,59,,,,,,,,,,6.594,6.31,5.58,6.467,4.286,0.0,6.140898305084746,4.286,-4.286,23,416.0,657.5,492.0,40.5,28.0,-0.0,-184.96600000000004,1.0,1.0,190000.0,1.7730532602516664,1.7730532602516664,336880.1194478166
Isaac Kako,Essendon,20.0,,Gen. Forward,175.0,5,8.16,28,,,,,,,,,,,,,,8.687,8.16,8.592892857142857,8.592892857142857,-0.5269999999999992,10,231.0,259.0,245.0,45.0,36.0,11.135000000000002,8.004999999999988,3.59693837069271,3.59693837069271,683418.290431615,3.5547495789431642,3.5547495789431642,675402.4199992012
Max Kondogiannis,Essendon,18.0,,Gen. Defender,191.0,2,6.7,2,,,,,,,,,,,,,,,6.7,,,,29,,353.0,,85.0,,1.5340000000000007,,1.181347406060841,1.181347406060841,224456.0071515598,,,
Kyle Langford,Essendon,29.0,,Key Forward,192.0,6,7.333,168,,,,3.7,7.235,7.05,10.738,10.217,8.338,10.212,6.322,10.787,10.77,7.633,7.333,9.065625,7.513000000000001,-0.2999999999999998,4,187.0,314.0,321.0,23.0,23.0,8.400000000000002,-36.52399999999998,3.8788748635720074,3.8788748635720074,736986.2240786813,3.1080142660454437,3.1080142660454437,590522.7105486343
Nicholas Martin,Essendon,25.0,,Mid-Forward,192.0,0,0.0,83,,,,,,,,,,,,,,,0.0,,,,37,,657.5,,40.5,,-0.0,,1.0,1.0,190000.0,,,
Archie May,Essendon,21.0,,Gen. Forward,198.0,5,6.34,12,,,,,,,,,,,,,,,6.34,6.34,6.34,,26,,373.0,391.0,64.0,67.0,2.035,-23.604000000000006,2.794680057621542,2.794680057621542,530989.2109480929,2.6227619388697074,2.6227619388697074,498324.7683852444
Andrew McGrath,Essendon,27.0,,Gen. Defender,180.0,6,11.3,186,,,,,,8.043,8.44,10.017,10.321,10.28,9.994,10.483,10.652,9.8,11.3,9.817123655913978,10.110344827586209,1.5,1,144.0,97.5,131.0,18.5,24.0,32.202000000000005,82.95386206896559,5.9772652336511225,5.9772652336511225,1135680.3943937132,4.182496467293585,4.182496467293585,794674.328785781
Ben McKay,Essendon,28.0,,Key Defender,202.0,6,7.833,110,,,,,,5.8,,5.4,8.191,7.586,8.62,8.747,10.287,5.65,7.833,8.42061320754717,6.468625,2.183,32,244.0,277.5,384.0,22.0,42.0,11.400000000000002,-84.56525,4.143355626122942,4.143355626122942,787237.5689633589,2.6759721524954356,2.6759721524954356,508434.7089741328
Liam McMahon,Essendon,23.0,,Key Forward,197.0,0,0.0,7,,,,,,,,,,,,,,5.886,0.0,5.886,5.886,-5.886,48,,657.5,420.0,75.0,41.0,-0.0,-16.947000000000003,1.0,1.0,190000.0,2.434949017695126,2.434949017695126,462640.3133620739
Zachary Merrett,Essendon,30.0,,Midfielder,179.0,6,15.083,257,,,,,,,,,,,,,,,15.083,15.083,15.083,,7,3.0,28.0,20.0,14.0,16.0,54.900000000000006,311.69599999999997,7.978326683111494,7.978326683111494,1515882.0697911838,6.23960856844981,6.23960856844981,1185525.6280054639
Jayden Nguyen,Essendon,19.0,,Gen. Defender,178.0,2,5.3,7,,,,,,,,,,,,,,2.34,5.3,2.34,2.34,2.96,42,,429.5,532.0,102.0,120.0,-1.266,-41.769000000000005,1.0,1.0,190000.0,1.0,1.0,190000.0
Darcy Parish,Essendon,28.0,,Midfielder,180.0,6,12.15,171,,,,,9.205,9.55,10.94,9.795,9.735,16.33,13.062,13.606,9.742,9.3,12.15,11.486214285714286,12.15,2.8499999999999996,3,59.0,62.5,57.0,27.0,32.0,37.30200000000001,176.778,6.4268825299877115,6.4268825299877115,1221107.680697665,5.0262709080862695,5.0262709080862695,954991.4725363912
Archie Perkins,Essendon,24.0,,Gen. Forward,188.0,4,5.5,105,,,,,,,,,,4.886,7.744,7.861,7.756,7.705,5.5,7.170435643564356,7.705,-2.205,16,344.0,418.5,309.0,75.0,51.0,-1.7319999999999993,-27.692000000000014,1.939525592040187,1.939525592040187,368509.8624876355,3.187441756938659,3.187441756938659,605613.9338183452
Jaxon Prior,Essendon,24.0,,Gen. Defender,189.0,5,9.44,67,,,,,,,,,,3.894,5.833,4.1,2.225,6.778,9.44,5.772730158730158,7.2533571428571415,2.662,25,437.0,181.0,339.0,39.0,77.0,17.534999999999997,-48.46757142857151,4.161163997468037,4.161163997468037,790621.159518927,3.000603950049596,3.000603950049596,570114.7505094232
Mason Redman,Essendon,28.0,,Gen. Defender,187.0,2,7.85,145,,,,,5.8,,11.7,8.07,4.531,8.864,10.51,11.487,10.448,10.437,7.85,9.474079710144926,10.437,-2.5869999999999997,27,164.0,275.0,115.0,64.0,17.0,3.8339999999999996,97.97999999999996,1.3841159906832243,1.3841159906832243,262982.03822981264,4.317628762773365,4.317628762773365,820349.4649269393
Zach Reid,Essendon,24.0,,Key Defender,202.0,6,4.583,25,,,,,,,,,,5.5,4.357,,1.7,8.21,4.583,6.0911739130434785,6.849875000000001,-3.6270000000000007,31,419.0,462.0,358.0,46.0,38.0,-8.099999999999998,-36.42812499999999,2.4242306695418665,2.4242306695418665,460603.82721295464,2.8336895009487604,2.8336895009487604,538401.0051802645
Jordan Ridley,Essendon,27.0,,Gen. Defender,195.0,2,6.65,106,,,,,,,4.0,5.217,8.876,11.041,9.965,11.241,12.767,7.71,6.65,9.975207920792078,7.709999999999999,-1.0599999999999996,14,135.0,354.0,307.0,86.0,71.0,1.434000000000001,-27.46200000000006,1.1725313806424766,1.1725313806424766,222780.96232207055,3.1895101811806694,3.1895101811806694,606006.9344243272
Archie Roberts,Essendon,20.0,,Gen. Defender,184.0,6,10.933,33,,,,,,,,,,,,,6.825,8.057,10.933,8.652034482758621,8.652034482758621,2.8759999999999994,21,227.0,116.0,234.0,23.0,54.0,30.0,11.386137931034483,5.783136353938736,5.783136353938736,1098795.9072483599,3.5792155733702793,3.5792155733702793,680050.958940353
Sullivan Robey,Essendon,18.0,,Mid-Forward,192.0,2,4.75,2,,,,,,,,,,,,,,,4.75,,,,9,,453.5,,28.0,,-2.3659999999999997,,1.0,1.0,190000.0,,,
Will Setterfield,Essendon,28.0,,Midfielder,192.0,0,0.0,84,,,,,,0.45,,4.456,8.525,9.113,4.838,9.19,11.875,8.477,0.0,7.109064102564102,8.477,-8.477,12,349.0,657.5,255.0,113.5,67.0,-0.0,7.819999999999997,1.0,1.0,190000.0,3.506806459905128,3.506806459905128,666293.2273819742
Dyson Sharp,Essendon,18.0,,Midfielder,187.0,2,5.1,2,,,,,,,,,,,,,,,5.1,,,,15,,443.0,,84.0,,-1.6660000000000004,,1.0,1.0,190000.0,,,
Elijah Tsatas,Essendon,21.0,,Midfielder,187.0,2,8.9,18,,,,,,,,,,,,6.475,4.457,8.9,8.9,6.30825,8.9,0.0,5,,216.0,214.0,57.5,61.0,5.934000000000001,10.674,1.5692525244688786,1.5692525244688786,298157.97964908695,3.6817951507792426,3.6817951507792426,699541.0786480561
Rhys Unwin,Essendon,19.0,,Gen. Forward,179.0,0,0.0,3,,,,,,,,,,,,,,1.933,0.0,,,-1.933,38,,657.5,,127.0,,-0.0,,1.0,1.0,190000.0,,,
Vigo Visentini,Essendon,20.0,,Ruck,203.0,0,0.0,2,,,,,,,,,,,,,,5.75,0.0,,,-5.75,17,,657.5,,43.0,,-0.0,,1.0,1.0,190000.0,,,
Peter Wright,Essendon,29.0,,Key Forward,203.0,6,11.917,158,,,,1.8,11.065,9.805,7.8,8.676,,9.229,9.918,8.86,8.186,8.495,11.917,9.380793548387095,9.316279999999999,3.4220000000000006,20,169.0,72.0,187.0,5.0,12.0,35.903999999999996,46.42687999999994,6.303634494638974,6.303634494638974,1197690.553981405,3.854003879472094,3.854003879472094,732260.7370996978
Jye Amiss,Fremantle,22.0,,Key Forward,196.0,6,7.833,77,,,,,,,,,,,8.9,7.209,5.568,4.612,7.833,5.929459459459459,5.256200000000001,3.221,24,428.0,277.5,451.0,19.0,47.0,11.400000000000002,-140.33679999999998,3.9038482783711794,3.9038482783711794,741731.1728905241,2.0886250389506698,2.0886250389506698,396838.75740062725
Bailey Banfield,Fremantle,28.0,,Gen. Defender,190.0,0,0.0,118,,,,,,,7.125,7.814,5.74,7.817,4.27,7.686,8.305,6.957,0.0,6.842550847457627,6.957000000000001,-6.957,41,374.0,657.5,354.0,147.0,83.0,-0.0,-62.09999999999998,1.0,1.0,190000.0,2.7644618538068966,2.7644618538068966,525247.7522233104
Shai Bolton,Fremantle,27.0,,Mid-Forward,176.0,6,13.867,164,,,,,,5.5,5.1,9.105,10.363,11.685,14.413,15.078,11.218,10.509,13.867,11.717950310559006,11.203758620689655,3.3580000000000005,10,50.0,42.0,81.0,5.0,10.0,47.604000000000006,133.2508965517241,6.911102269395268,6.911102269395268,1313109.431185101,4.451971155118114,4.451971155118114,845874.5194724418
Andrew Brayshaw,Fremantle,26.0,,Midfielder,185.0,6,9.65,176,,,,,,,5.918,8.336,8.871,12.135,11.225,13.613,13.443,15.613,9.65,11.373892045454545,14.420399999999999,-5.962999999999999,8,63.0,171.0,25.0,52.0,17.0,22.302000000000003,281.2163999999999,4.809413492439918,4.809413492439918,913788.5635635846,5.730148874031474,5.730148874031474,1088728.28606598
Jaren Carr,Fremantle,22.0,,Gen. Defender,191.0,0,0.0,0,,,,,,,,,,,,,,,0.0,,,,38,,657.5,,147.0,,-0.0,,1.0,1.0,190000.0,,,
Heath Chapman,Fremantle,24.0,,Gen. Defender,193.0,6,8.767,71,,,,,,,,,,4.417,7.794,6.767,8.213,6.317,8.767,7.180897058823529,6.823896551724138,2.4499999999999993,5,343.0,224.0,360.0,51.0,84.0,17.003999999999998,-68.22275862068967,4.369339698261219,4.369339698261219,830174.5426696315,2.7115713255089546,2.7115713255089546,515198.55184670136
Jordan Clark,Fremantle,25.0,,Gen. Defender,185.0,6,11.083,132,,,,,,,,7.161,2.833,4.445,9.883,8.935,10.287,11.188,11.083,9.241093023255814,11.167,-0.10500000000000043,6,175.0,105.5,85.0,20.0,11.0,30.900000000000002,131.55999999999997,5.5235989364468,5.5235989364468,1049483.797924892,4.437364599893864,4.437364599893864,843099.2739798343
Brennan Cox,Fremantle,27.0,,Key Defender,195.0,0,0.0,139,,,,,,4.97,8.819,7.013,8.946,9.525,9.604,11.89,7.789,7.975,0.0,8.871844444444445,7.974999999999999,-7.975,36,202.0,657.5,290.0,68.5,29.0,-0.0,-15.272000000000075,1.0,1.0,190000.0,3.168978479820324,3.168978479820324,602105.9111658615
Mason Cox,Fremantle,35.0,,Key Forward,211.0,1,7.3,140,,,,,8.564,8.444,9.075,7.114,8.709,5.557,6.383,7.658,6.388,4.52,7.3,7.410776978417266,4.52,2.7800000000000002,18,332.0,317.5,485.0,24.0,54.0,1.367,-174.20200000000003,1.0,1.0,190000.0,1.7960856086254375,1.7960856086254375,341256.26563883317
Sean Darcy,Fremantle,27.0,,Ruck,203.0,5,6.18,132,,,,,,9.175,8.829,8.518,8.667,15.143,13.114,13.22,13.925,8.847,6.18,11.356075757575757,8.240863636363637,-2.667,4,64.0,383.0,272.0,26.0,20.0,1.2349999999999994,-3.0422727272727386,2.5666818120275208,2.5666818120275208,487669.54428522894,3.2746231371498715,3.2746231371498715,622178.3960584756
Hugh Davies,Fremantle,21.0,,Key Defender,196.0,0,0.0,2,,,,,,,,,,,,,2.8,,0.0,,,,12,,657.5,,68.5,,-0.0,,1.0,1.0,190000.0,,,
Josh Draper,Fremantle,22.0,,Gen. Defender,197.0,0,0.0,31,,,,,,,,,,,,,,,0.0,,,,37,,657.5,,147.0,,-0.0,,1.0,1.0,190000.0,,,
Isaiah Dudley,Fremantle,22.0,,Gen. Forward,171.0,6,9.033,22,,,,,,,,,,,,,,5.031,9.033,6.122454545454545,6.122454545454545,4.002,43,418.0,203.5,403.0,37.0,68.0,18.599999999999998,-48.06000000000002,4.5019100598144846,4.5019100598144846,855362.9113647521,2.432843473131483,2.432843473131483,462240.2598949818
Neil Erasmus,Fremantle,22.0,,Midfielder,190.0,6,4.6,45,,,,,,,,,,,3.8,4.207,2.65,7.65,4.6,5.558487804878049,6.818181818181818,-3.0500000000000007,28,447.0,460.0,361.0,85.5,77.0,-7.998000000000001,-66.99681818181818,2.292570162199339,2.292570162199339,435588.33081787435,2.709300495714156,2.709300495714156,514767.09418568964
Michael Frederick,Fremantle,25.0,,Gen. Forward,183.0,1,5.4,103,,,,,,,,,2.71,5.4,8.2,8.537,6.455,7.304,5.4,6.979401960784313,7.303999999999999,-1.904,32,363.0,423.0,336.0,77.5,58.0,-0.5329999999999995,-46.13800000000005,1.0,1.0,190000.0,2.9023471870354416,2.9023471870354416,551445.9655367339
Luke Jackson,Fremantle,24.0,,Ruck,199.0,6,14.683,125,,,,,,,,,5.183,8.95,10.605,13.274,13.117,15.971,14.683,12.07752,15.684777777777779,-1.2880000000000003,9,38.0,32.0,14.0,6.0,3.0,52.5,339.3777777777778,7.317784280776716,7.317784280776716,1390379.0133475761,6.232567177246624,6.232567177246624,1184187.7636768585
Matt Johnson,Fremantle,23.0,,Midfielder,193.0,6,10.283,61,,,,,,,,,,,,,,,10.283,10.283,10.283,,44,115.0,139.0,124.0,46.0,48.0,26.099999999999998,90.89599999999996,5.124891082151262,5.124891082151262,973729.3056087397,4.0860947596228705,4.0860947596228705,776358.0043283454
Leon Kickett,Fremantle,26.0,,Mid-Forward,,0,0.0,0,,,,,,,,,,,,,,,0.0,,,,19,,657.5,,40.5,,-0.0,,1.0,1.0,190000.0,,,
Ryda Luke,Fremantle,18.0,,Gen. Forward,185.0,0,0.0,0,,,,,,,,,,,,,,,0.0,,,,40,,657.5,,127.0,,-0.0,,1.0,1.0,190000.0,,,
Oscar McDonald,Fremantle,30.0,,Key Defender,196.0,2,6.75,96,,,,1.95,8.793,9.995,7.604,5.892,6.557,2.367,8.25,,-3.3,5.829,6.75,7.898848837209301,5.829,0.9210000000000003,21,289.0,351.0,424.0,31.5,48.0,1.6340000000000003,-113.98800000000003,1.1213658402061986,1.1213658402061986,213059.50963917773,2.316235179795946,2.316235179795946,440084.68416122976
Judd McVee,Fremantle,22.0,,Gen. Defender,185.0,6,7.083,71,,,,,,,,,,,,8.812,9.278,6.353,7.083,8.228070422535211,6.543434782608696,0.7300000000000004,17,262.0,331.0,381.0,77.0,90.0,6.900000000000002,-81.12400000000002,3.530059664969113,3.530059664969113,670711.3363441315,2.6001258946952652,2.6001258946952652,494023.9199921004
Ollie Murphy,Fremantle,20.0,,Key Defender,200.0,0,0.0,0,,,,,,,,,,,,,,,0.0,,,,33,,657.5,,68.5,,-0.0,,1.0,1.0,190000.0,,,
Tobyn Murray,Fremantle,20.0,,Gen. Forward,180.0,0,0.0,0,,,,,,,,,,,,,,,0.0,,,,11,,657.5,,127.0,,-0.0,,1.0,1.0,190000.0,,,
Charlie Nicholls,Fremantle,19.0,,Key Forward,197.0,0,0.0,0,,,,,,,,,,,,,,,0.0,,,,22,,657.5,,75.0,,-0.0,,1.0,1.0,190000.0,,,
Nathan O'Driscoll,Fremantle,23.0,,Wing,188.0,2,11.0,40,,,,,,,,,,,7.683,4.88,6.7,6.364,11.0,6.391444444444444,6.364,4.636,30,397.0,110.5,390.0,6.0,31.0,10.134,-77.72000000000003,1.8274109988545457,1.8274109988545457,347208.0897823637,2.528824958692984,2.528824958692984,480476.7421516669
Jaeger O'Meara,Fremantle,32.0,,Midfielder,184.0,3,7.867,203,,11.336,13.227,,,7.3,11.871,9.729,10.333,12.456,11.776,10.957,8.245,8.293,7.867,10.804375,8.293,-0.42599999999999927,2,90.0,273.0,269.0,64.0,68.0,5.8020000000000005,-0.6440000000000516,1.9603966810893696,1.9603966810893696,372475.36940698023,3.295340254940432,3.295340254940432,626114.6484386821
Alex Pearce,Fremantle,30.0,,Key Defender,201.0,6,8.783,144,,,,5.408,8.638,,7.881,7.436,,7.94,7.324,7.835,10.067,10.081,8.783,8.0910625,9.726999999999999,-1.298,25,276.0,223.0,152.0,14.0,8.0,17.099999999999998,65.31999999999991,4.377313855347129,4.377313855347129,831689.6325159546,3.8651603351990333,3.8651603351990333,734380.4636878163
Murphy Reid,Fremantle,19.0,,Gen. Forward,181.0,6,9.433,30,,,,,,,,,,,,,,9.308,9.433,9.333,9.333,0.125,16,170.0,182.0,185.0,30.0,26.0,21.0,30.779999999999994,4.701263986962253,4.701263986962253,893240.1575228282,3.7085988905533656,3.7085988905533656,704633.7892051395
Aiden Riddle,Fremantle,20.0,,Key Forward,200.0,0,0.0,0,,,,,,,,,,,,,,,0.0,,,,42,,657.5,,75.0,,-0.0,,1.0,1.0,190000.0,,,
Luke Ryan,Fremantle,30.0,,Gen. Defender,186.0,5,9.72,184,,,,,,7.482,9.9,11.0,8.447,10.505,9.208,10.778,11.374,8.617,9.72,9.822782608695652,8.807172413793104,1.1029999999999998,13,143.0,167.0,220.0,36.0,48.0,18.935000000000002,23.007931034482777,4.036917024742315,4.036917024742315,767014.2347010399,3.4996538993576887,3.4996538993576887,664934.2408779609
Chris Scerri,Fremantle,19.0,,Mid-Forward,177.0,4,5.55,4,,,,,,,,,,,,,,,5.55,,,,45,,414.0,,25.0,,-1.532,,1.8440238261168598,1.8440238261168598,350364.5269622034,,,
Caleb Serong,Fremantle,25.0,,Midfielder,180.0,6,15.9,133,,,,,,,,,8.043,11.127,12.032,15.255,16.978,16.658,15.9,13.86012030075188,16.5064,-0.7580000000000009,3,15.0,18.0,9.0,8.0,8.0,59.80200000000001,377.1723999999999,7.924318604123803,7.924318604123803,1505620.5347835226,6.559050329693568,6.559050329693568,1246219.5626417778
Jeremy Sharp,Fremantle,24.0,,Wing,189.0,0,0.0,60,,,,,,,,,3.3,5.056,4.008,,7.87,5.229,0.0,5.996827586206897,5.229,-5.229,14,424.0,657.5,454.0,45.5,42.0,-0.0,-141.58800000000002,1.0,1.0,190000.0,2.0778167361731006,2.0778167361731006,394785.17987288913
Cooper Simpson,Fremantle,21.0,,Gen. Defender,182.0,0,0.0,5,,,,,,,,,,,,,4.45,3.3,0.0,,,-3.3,29,,657.5,,147.0,,-0.0,,1.0,1.0,190000.0,,,
Sam Sturt,Fremantle,25.0,,Gen. Forward,190.0,0,0.0,31,,,,,,,,,8.067,2.4,,6.221,8.008,,0.0,7.081407407407407,,,1,351.0,657.5,,127.0,,-0.0,,1.0,1.0,190000.0,,,
Adam Sweid,Fremantle,18.0,,Midfielder,176.0,0,0.0,0,,,,,,,,,,,,,,,0.0,,,,15,,657.5,,113.5,,-0.0,,1.0,1.0,190000.0,,,
Sam Switkowski,Fremantle,29.0,,Gen. Forward,179.0,6,6.9,111,,,,,,,6.9,8.911,,11.675,11.5,10.845,10.88,10.482,6.9,10.433779816513763,9.547565217391304,-3.581999999999999,39,105.0,341.5,172.0,58.0,21.0,5.802000000000003,57.06599999999995,3.438855243299009,3.438855243299009,653382.4962268118,3.793859399196752,3.793859399196752,720833.285847383
Josh Treacy,Fremantle,23.0,,Key Forward,195.0,6,12.45,86,,,,,,,,,,4.453,1.675,6.694,10.68,10.733,12.45,8.859573170731705,11.0764,1.7169999999999987,35,203.0,55.5,91.0,2.0,6.0,39.102,127.39239999999997,6.204890982474297,6.204890982474297,1178929.2866701165,4.401363414906814,4.401363414906814,836259.0488322945
Patrick Voss,Fremantle,22.0,,Key Forward,195.0,6,2.833,33,,,,,,,,,,,,,2.771,7.635,2.833,5.7301515151515146,6.526846153846153,-4.802,20,439.0,509.0,383.0,59.0,33.0,-18.599999999999998,-58.74507692307698,1.4119241890240715,1.4119241890240715,268265.5959145736,2.593534169609594,2.593534169609594,492771.4922258228
Corey Wagner,Fremantle,29.0,,Midfielder,181.0,6,8.8,63,,,,,4.625,2.05,,6.4,,,,7.022,6.975,8.671,8.8,7.591,8.704652173913043,0.12900000000000134,34,310.0,221.0,230.0,59.0,64.0,17.202000000000005,18.291999999999977,4.38578639725091,4.38578639725091,833299.4154776728,3.4589160393042806,3.4589160393042806,657194.0474678134
Brandon Walker,Fremantle,23.0,,Gen. Defender,186.0,1,5.0,67,,,,,,,,,,4.19,4.586,4.271,6.974,4.3,5.0,5.16415625,,0.7000000000000002,31,466.0,445.0,,105.0,,-0.9329999999999998,,1.0,1.0,190000.0,,,
Toby Whan,Fremantle,18.0,,Midfielder,184.0,0,0.0,0,,,,,,,,,,,,,,,0.0,,,,27,,657.5,,113.5,,-0.0,,1.0,1.0,190000.0,,,
Karl Worner,Fremantle,23.0,,Gen. Defender,188.0,6,5.267,37,,,,,,,,,,,,3.575,5.125,5.357,5.267,5.338379310344827,5.338379310344827,-0.08999999999999986,23,464.0,431.0,445.0,103.0,102.0,-3.995999999999997,-109.83896551724142,2.6249928357182437,2.6249928357182437,498748.6387864663,2.1212801444013567,2.1212801444013567,403043.22743625776
Hayden Young,Fremantle,25.0,,Midfielder,189.0,2,10.95,91,,,,,,,,,3.66,6.838,10.164,11.745,16.143,11.056,10.95,11.52578651685393,11.056,-0.10599999999999987,26,55.0,115.0,92.0,41.0,41.0,10.033999999999999,126.45399999999995,1.8191045852233887,1.8191045852233887,345629.8711924439,4.393257187823637,4.393257187823637,834718.865686491
Tom Atkins,Geelong,30.0,,Midfielder,180.0,6,12.45,159,,,,,,,,8.691,6.4,7.277,11.0,12.713,10.05,13.431,12.45,10.372276729559749,13.247062499999998,-0.9809999999999999,30,109.0,55.5,36.0,25.0,23.0,39.102,227.2428749999999,6.01594103572438,6.01594103572438,1143028.7967876322,5.220941672452498,5.220941672452498,991978.9177659745
Harley Barker,Geelong,18.0,,Midfielder,188.0,0,0.0,0,,,,,,,,,,,,,,,0.0,,,,26,,657.5,,113.5,,-0.0,,1.0,1.0,190000.0,,,
Jed Bews,Geelong,32.0,,Gen. Defender,186.0,0,0.0,175,,,5.171,5.8,7.225,8.516,5.633,7.967,6.29,6.24,5.487,5.84,6.38,8.7,0.0,6.374263157894737,,-8.7,24,398.0,657.5,,147.0,,-0.0,,1.0,1.0,190000.0,,,
Mark Blicavs,Geelong,35.0,,Ruck,198.0,5,8.58,300,,7.873,7.657,11.81,10.842,10.015,10.487,9.988,10.9,10.625,13.004,12.379,9.579,10.676,8.58,10.398763333333335,10.326666666666664,-2.096,46,106.0,236.5,120.0,17.0,17.0,13.235000000000001,92.90466666666654,3.454938024532476,3.454938024532476,656438.2246611704,4.069953194342226,4.069953194342226,773291.1069250229
Jack Bowes,Geelong,28.0,,Wing,189.0,3,11.1,146,,,,,,5.745,8.394,9.333,7.894,8.295,6.9,8.429,10.864,9.595,11.1,8.724426573426573,9.595,1.504999999999999,12,219.0,104.0,164.0,5.0,9.0,15.501,59.24800000000001,2.681805040021712,2.681805040021712,509542.95760412526,3.7815882084938996,3.7815882084938996,718501.759613841
Tanner Bruhn,Geelong,23.0,,Midfielder,184.0,6,7.517,72,,,,,,,,,,6.5,5.906,8.211,9.318,,7.517,7.561375,7.517,,4,315.0,299.0,319.0,69.0,73.0,9.504000000000003,-36.34,3.6322754028546322,3.6322754028546322,690132.3265423801,2.9626053739706766,2.9626053739706766,562895.0210544285
Cillian Burke,Geelong,23.0,,Gen. Forward,192.0,0,0.0,0,,,,,,,,,,,,,,,0.0,,,,41,,657.5,,127.0,,-0.0,,1.0,1.0,190000.0,,,
Jeremy Cameron,Geelong,33.0,,Key Forward,196.0,5,12.02,285,8.988,10.652,8.121,10.091,10.71,13.2,10.156,12.517,8.076,10.34,12.567,10.715,12.529,12.642,12.02,11.04982456140351,12.541677419354839,-0.6219999999999999,5,79.0,68.0,52.0,4.0,3.0,30.435,194.79516129032257,4.840134621780927,4.840134621780927,919625.5781383761,4.9429348039360566,4.9429348039360566,939157.6127478508
Jhye Clark,Geelong,21.0,,Wing,181.0,3,6.3,29,,,,,,,,,,,,1.2,5.78,5.27,6.3,5.5760000000000005,5.27,1.0300000000000002,13,446.0,375.0,450.0,31.0,40.0,1.101,-88.07300000000002,1.5221055632555662,1.5221055632555662,289200.0570185576,2.077016139527134,2.077016139527134,394633.06651015545
Bradley Close,Geelong,27.0,,Gen. Forward,183.0,4,5.675,131,,,,,,,,,,,,,,,5.675,,,,45,,410.5,,72.0,,-1.032,,1.8281373696244103,1.8281373696244103,347346.100228638,,,
Toby Conway,Geelong,22.0,,Ruck,206.0,0,0.0,6,,,,,,,,,,,,6.4,10.4,,0.0,10.4,,,6,,657.5,,43.0,,-0.0,,1.0,1.0,190000.0,,,
Patrick Dangerfield,Geelong,36.0,,Gen. Forward,189.0,2,8.65,362,17.996,17.62,16.368,18.804,20.496,20.092,17.459,16.092,13.352,14.375,12.689,12.228,13.806,11.0,8.65,16.121959459459458,11.0,-2.3499999999999996,35,2.0,227.5,96.0,42.0,9.0,5.434000000000001,123.87799999999999,1.3932500658371059,1.3932500658371059,264717.51250905014,4.3353278054646065,4.3353278054646065,823712.2830382753
Sam De Koning,Geelong,25.0,,Key Defender,204.0,6,7.817,91,,,,,,,,,,-4.1,8.452,7.4,9.311,8.917,7.817,8.487755555555555,8.689413793103448,-1.0999999999999996,16,239.0,280.0,231.0,23.5,18.0,11.304000000000002,17.591034482758584,3.7772378374504005,3.7772378374504005,717675.1891155761,3.4246779300390044,3.4246779300390044,650688.8067074108
Ollie Dempsey,Geelong,23.0,,Midfielder,187.0,6,9.1,64,,,,,,,,,,,,,,,9.1,9.1,9.1,,28,183.0,202.0,199.0,55.0,59.0,19.002,36.477999999999966,4.397193849404969,4.397193849404969,835466.8313869442,3.586498457247992,3.586498457247992,681434.7068771184
Nick Driscoll,Geelong,26.0,,Midfielder,,0,0.0,0,,,,,,,,,,,,,,,0.0,,,,27,,657.5,,113.5,,-0.0,,1.0,1.0,190000.0,,,
Mitchell Edwards,Geelong,20.0,,Ruck,206.0,5,7.92,5,,,,,,,,,,,,,,,7.92,7.92,7.92,,11,,269.0,294.0,20.0,22.0,9.935,-1.9350000000000023,3.189173561106901,3.189173561106901,605942.9766103112,3.1214360199345164,3.1214360199345164,593072.843787558
Zach Guthrie,Geelong,27.0,,Gen. Defender,188.0,6,7.683,134,,,,,,5.644,3.986,6.0,5.2,4.723,7.71,7.93,10.092,8.708,7.683,7.7631,8.515812500000001,-1.0250000000000004,39,300.0,289.0,250.0,67.0,59.0,10.5,9.605375000000024,3.712487949997624,3.712487949997624,705372.7104995486,3.3562580652157328,3.3562580652157328,637689.0323909892
Jack Henry,Geelong,27.0,,Key Defender,192.0,4,6.425,168,,,,,,,7.832,6.609,6.276,9.792,8.282,8.909,9.124,8.319,6.425,8.126262195121951,8.319,-1.894000000000001,38,273.0,369.0,267.0,34.0,28.0,1.968,0.5520000000000209,2.069741427284024,2.069741427284024,393250.8711839646,3.2786901830600055,3.2786901830600055,622951.134781401
Oliver Henry,Geelong,23.0,,Key Forward,189.0,5,6.22,90,,,,,,,,,,2.21,3.333,7.886,6.813,6.167,6.22,5.843233333333333,6.180249999999999,0.052999999999999936,36,432.0,380.0,401.0,30.0,37.0,1.4349999999999996,-97.83050000000006,2.5046287310713287,2.5046287310713287,475879.45890355244,2.4357645154293297,2.4357645154293297,462795.2579315727
Lennox Hoffman,Geelong,19.0,,Gen. Defender,191.0,0,0.0,0,,,,,,,,,,,,,,,0.0,,,,23,,657.5,,147.0,,-0.0,,1.0,1.0,190000.0,,,
Hunter Holmes,Geelong,19.0,,Midfielder,188.0,0,0.0,0,,,,,,,,,,,,,,,0.0,,,,22,,657.5,,113.5,,-0.0,,1.0,1.0,190000.0,,,
Max Holmes,Geelong,23.0,,Midfielder,190.0,6,13.35,108,,,,,,,,,,5.408,10.544,10.767,14.872,15.827,13.35,12.446268518518517,15.3625625,-2.4770000000000003,9,33.0,49.0,17.0,23.0,13.0,44.501999999999995,324.55587499999996,6.450828339511686,6.450828339511686,1225657.3845072202,6.054704033585259,6.054704033585259,1150393.7663811992
Lawson Humphries,Geelong,22.0,,Gen. Defender,182.0,6,9.0,42,,,,,,,,,,,,,11.027,8.532,9.0,9.252309523809524,8.62258064516129,0.46799999999999997,17,172.0,207.5,239.0,45.5,56.0,18.402,13.254387096774195,4.348873037873046,4.348873037873046,826285.8771958788,3.3983376023480623,3.3983376023480623,645684.1444461319
Mitchell Knevitt,Geelong,23.0,,Midfielder,193.0,1,7.4,22,,,,,,,,,,,,,,,7.4,,,,10,,310.0,,70.5,,1.4670000000000005,,1.0,1.0,190000.0,,,
Jake Kolodjashnij,Geelong,30.0,,Key Defender,193.0,2,7.4,200,,,,7.478,5.07,5.883,7.213,6.091,3.653,5.355,6.913,6.405,7.667,,7.4,6.187883838383838,,,8,411.0,310.0,,28.0,,2.934000000000001,,1.191913351120761,1.191913351120761,226463.53671294457,,,
Shaun Mannagh,Geelong,28.0,,Gen. Forward,178.0,6,10.433,41,,,,,,,,,,,,,13.283,11.787,10.433,12.02670731707317,11.506862068965518,-1.354000000000001,7,41.0,132.0,72.0,17.0,5.0,27.0,131.1943448275862,5.0413102671255,5.0413102671255,957848.9507538449,4.535092643748381,4.535092643748381,861667.6023121924
Jack Martin,Geelong,31.0,,Gen. Forward,186.0,5,5.34,169,,,6.855,8.725,9.638,9.732,9.487,7.263,7.0,7.691,5.783,7.262,4.667,7.031,5.34,7.991722891566265,6.561277777777778,-1.6909999999999998,19,282.0,427.0,379.0,80.0,65.0,-2.965,-80.30322222222225,2.1502761131705617,2.1502761131705617,408552.46150240675,2.5859354535797294,2.5859354535797294,491327.73618014855
Keighton Matofai-Forbes,Geelong,20.0,,Gen. Defender,188.0,0,0.0,0,,,,,,,,,,,,,,,0.0,,,,31,,657.5,,147.0,,-0.0,,1.0,1.0,190000.0,,,
Jesse Mellor,Geelong,19.0,,Gen. Forward,185.0,0,0.0,0,,,,,,,,,,,,,,,0.0,,,,25,,657.5,,127.0,,-0.0,,1.0,1.0,190000.0,,,
Gryan Miers,Geelong,27.0,,Gen. Forward,179.0,5,8.4,160,,,,,,,,9.084,6.652,6.44,7.941,10.465,12.284,12.771,8.4,9.58995625,12.017379310344829,-4.371,32,158.0,246.0,60.0,44.0,2.0,12.335000000000003,170.6774482758621,3.382456807234592,3.382456807234592,642666.7933745725,4.736298061177546,4.736298061177546,899896.6316237338
Jacob Molier,Geelong,19.0,,Key Forward,201.0,0,0.0,0,,,,,,,,,,,,,,,0.0,,,,20,,657.5,,75.0,,-0.0,,1.0,1.0,190000.0,,,
Oisin Mullin,Geelong,26.0,,Gen. Defender,182.0,6,4.233,49,,,,,,,,,,,,4.317,5.458,5.324,4.233,5.099918367346938,5.112838709677419,-1.0910000000000002,34,468.0,472.0,458.0,110.0,103.0,-10.200000000000001,-146.93141935483874,2.0454199521462892,2.0454199521462892,388629.79090779496,2.015075620265481,2.015075620265481,382864.3678504414
Shannon Neale,Geelong,23.0,,Key Forward,203.0,6,10.383,51,,,,,,,,,,,6.3,6.367,6.673,8.636,10.383,8.223760869565217,8.974129032258064,1.7469999999999999,33,263.0,135.0,209.0,10.0,14.0,26.699999999999996,30.687935483870938,5.017149861359538,5.017149861359538,953258.4736583123,3.536890102125051,3.536890102125051,672009.1194037597
Mark O'Connor,Geelong,29.0,,Gen. Defender,189.0,4,9.175,151,,,,,,1.45,6.4,7.539,6.595,8.879,5.605,7.355,7.546,6.668,9.175,7.021489655172414,6.668000000000001,2.5070000000000006,42,359.0,196.0,372.0,41.0,88.0,12.968000000000004,-75.39399999999998,2.955622972035941,2.955622972035941,561568.3646868288,2.627996891530727,2.627996891530727,499319.4093908382
Connor O'Sullivan,Geelong,20.0,,Key Defender,198.0,6,8.417,32,,,,,,,,,,,,,5.9,8.688,8.417,8.635548387096774,8.635548387096774,-0.2710000000000008,14,228.0,245.0,238.0,17.0,21.0,14.904,10.513548387096762,4.067162706641937,4.067162706641937,772760.914261968,3.403448458001425,3.403448458001425,646655.2070202708
Joe Pike,Geelong,20.0,,Ruck,203.0,0,0.0,0,,,,,,,,,,,,,,,0.0,,,,37,,657.5,,43.0,,-0.0,,1.0,1.0,190000.0,,,
Jay Polkinghorne,Geelong,19.0,,Key Forward,191.0,0,0.0,0,,,,,,,,,,,,,,,0.0,,,,2,,657.5,,75.0,,-0.0,,1.0,1.0,190000.0,,,
Bailey Smith,Geelong,25.0,,Midfielder,185.0,6,17.317,132,,,,,,,,9.957,9.117,11.769,11.1,8.753,,15.213,17.317,11.42362878787879,15.648310344827586,2.104000000000001,3,60.0,8.0,15.0,5.0,11.0,68.304,337.7002758620689,8.367714932983061,8.367714932983061,1589865.8372667816,6.167323176951861,6.167323176951861,1171791.4036208536
Rhys Stanley,Geelong,35.0,,Ruck,200.0,0,0.0,229,7.175,6.911,8.705,10.5,10.038,8.708,12.98,11.922,11.545,10.005,10.6,9.608,7.5,8.158,0.0,9.57812272727273,8.158,-8.158,1,159.0,657.5,277.0,43.0,21.0,-0.0,-6.854000000000042,1.0,1.0,190000.0,3.2152367488163867,3.2152367488163867,610894.9822751135
Tyson Stengle,Geelong,27.0,,Gen. Forward,175.0,0,0.0,109,,,,,,4.8,,11.85,5.783,,11.496,8.6,12.048,8.175,0.0,9.691390476190476,8.175,-8.175,18,151.0,657.5,276.0,127.0,43.0,-0.0,-6.071999999999985,1.0,1.0,190000.0,3.2219368008793783,3.2219368008793783,612167.9921670819
George Stevens,Geelong,21.0,,Midfielder,189.0,0,0.0,2,,,,,,,,,,,,,,8.6,0.0,,,-8.6,15,,657.5,,113.5,,-0.0,,1.0,1.0,190000.0,,,
Thomas Stewart,Geelong,33.0,,Gen. Defender,190.0,6,10.517,197,,,,,,,,,,,,,,,10.517,10.517,10.517,,44,100.0,128.0,112.0,27.0,16.0,27.503999999999998,101.65999999999995,5.081899748812314,5.081899748812314,965560.9522743397,4.144967502733751,4.144967502733751,787543.8255194128
Oliver Wiltshire,Geelong,23.0,,Gen. Forward,180.0,4,4.65,6,,,,,,,,,,,,,,4.1,4.65,,,0.5500000000000007,21,,458.0,,83.0,,-5.131999999999998,,1.497945157489605,1.497945157489605,284609.579923025,,,
James Worpel,Geelong,27.0,,Midfielder,186.0,3,11.533,151,,,,,,,8.155,12.65,8.067,9.695,8.282,13.67,12.444,9.548,11.533,10.811013513513513,9.548,1.9849999999999994,29,89.0,84.5,171.0,33.5,54.0,16.799999999999997,57.085999999999984,2.7864195969883245,2.7864195969883245,529419.7234277816,3.763064535143278,3.763064535143278,714982.2616772229
Oscar Adams,Gold Coast,22.0,,Key Defender,197.0,3,5.733,11,,,,,,,,,,,,,,3.237,5.733,3.237,3.237,2.4959999999999996,48,,406.5,527.0,38.0,55.0,-0.6000000000000005,-55.77,1.2753376875300313,1.2753376875300313,242314.16063070594,1.3203936640924907,1.3203936640924907,250874.7961775732
Beau Addinsall,Gold Coast,19.0,,Midfielder,182.0,0,0.0,0,,,,,,,,,,,,,,,0.0,,,,38,,657.5,,113.5,,-0.0,,1.0,1.0,190000.0,,,
Noah Anderson,Gold Coast,25.0,,Midfielder,192.0,5,13.82,134,,,,,,,,,8.347,9.245,13.229,16.248,15.765,17.352,13.82,13.759753731343283,16.763333333333332,-3.532,15,16.0,43.0,7.0,19.0,6.0,39.435,388.9913333333333,5.123892912862676,5.123892912862676,973539.6534439084,6.837874304109912,6.837874304109912,1299196.117780883
Mac Andrew,Gold Coast,22.0,,Key Defender,202.0,6,10.017,71,,,,,,,,,,,6.875,6.924,8.65,8.304,10.017,8.210537313432836,8.6466,1.7129999999999992,1,264.0,154.0,236.0,8.0,20.0,24.503999999999998,15.621599999999955,4.456674556423626,4.456674556423626,846768.165720489,3.5270052072728237,3.5270052072728237,670130.9893818365
Charlie Ballard,Gold Coast,26.0,,Key Defender,196.0,4,5.25,138,,,,,,,5.991,7.31,5.681,7.986,7.6,10.522,8.691,5.0,5.25,7.9452030075187965,,0.25,10,286.0,432.5,,41.0,,-2.7319999999999993,,1.5571888736630422,1.5571888736630422,295865.885995978,,,
Cooper Bell,Gold Coast,19.0,,Key Defender,199.0,0,0.0,0,,,,,,,,,,,,,,,0.0,,,,31,,657.5,,68.5,,-0.0,,1.0,1.0,190000.0,,,
Sam Clohesy,Gold Coast,23.0,,Wing,189.0,5,8.52,39,,,,,,,,,,,,,9.165,7.414,8.52,8.45374358974359,7.705052631578947,1.1059999999999999,33,242.0,239.0,308.0,18.0,22.0,12.934999999999999,-23.475947368421092,3.1588688580021707,3.1588688580021707,600185.0830204125,3.142941821512516,3.142941821512516,597158.9460873781
Samuel Collins,Gold Coast,31.0,,Gen. Defender,194.0,6,8.933,155,,,,,,,,,,,,,,,8.933,8.933,8.933,,25,196.0,214.0,212.0,49.0,47.0,18.0,28.795999999999975,3.974390916694844,3.974390916694844,755134.2741720204,3.6438296575033116,3.6438296575033116,692327.6349256291
Koby Coulson,Gold Coast,18.0,,Midfielder,180.0,0,0.0,0,,,,,,,,,,,,,,,0.0,,,,43,,657.5,,113.5,,-0.0,,1.0,1.0,190000.0,,,
Alex Davies,Gold Coast,24.0,,Midfielder,193.0,4,10.1,44,,,,,,,,,,13.2,6.793,7.067,9.257,11.188,10.1,8.200025641025642,11.188,-1.088000000000001,5,266.0,149.5,82.0,48.0,36.0,16.668,126.76400000000001,2.9957347855231857,2.9957347855231857,569189.6092494052,4.563659040428417,4.563659040428417,867095.2176813993
Asher Eastham,Gold Coast,19.0,,Gen. Defender,190.0,0,0.0,0,,,,,,,,,,,,,,,0.0,,,,42,,657.5,,147.0,,-0.0,,1.0,1.0,190000.0,,,
Zak Evans,Gold Coast,26.0,,Gen. Defender,190.0,0,0.0,0,,,,,,,,,,,,,,,0.0,,,,36,,657.5,,147.0,,-0.0,,1.0,1.0,190000.0,,,
Jy Farrar,Gold Coast,29.0,,Gen. Forward,190.0,2,1.0,44,,,,,,,,,7.0,6.14,7.043,3.922,,7.425,1.0,6.21219512195122,7.425,-6.425,50,407.0,528.0,327.0,100.0,54.0,-9.866,-38.80800000000002,1.0,1.0,190000.0,3.028706504753396,3.028706504753396,575454.2359031453
Caleb Graham,Gold Coast,25.0,,Key Defender,194.0,0,0.0,37,,,,,,,,6.167,5.586,6.1,8.087,,,,0.0,6.870794117647058,,,46,372.0,657.5,,68.5,,-0.0,,1.0,1.0,190000.0,,,
Will Graham,Gold Coast,20.0,,Gen. Forward,186.0,6,7.283,31,,,,,,,,,,,,,8.918,9.425,7.283,8.732387096774193,8.507000000000001,-2.1420000000000003,26,218.0,319.5,253.0,52.0,37.0,8.100000000000003,6.200000000000033,3.2402875905394106,3.2402875905394106,615654.642202488,3.4700614459174606,3.4700614459174606,659311.6747243175
Lachlan Gulbin,Gold Coast,19.0,,Gen. Forward,187.0,2,9.8,3,,,,,,,,,,,,,,1.3,9.8,,,8.5,39,,162.0,,23.0,,7.734000000000002,,1.453376282085506,1.453376282085506,276141.4935962462,,,
Elliott Himmelberg,Gold Coast,27.0,,Key Forward,196.0,0,0.0,50,,,,,,,6.5,7.514,6.682,5.925,8.127,5.767,6.789,,0.0,7.043434782608696,,,12,356.0,657.5,,75.0,,-0.0,,1.0,1.0,190000.0,,,
Nicholas Holman,Gold Coast,30.0,,Mid-Forward,188.0,0,0.0,147,,,,,,,,,,,,,,,0.0,,,,7,,657.5,,40.5,,-0.0,,1.0,1.0,190000.0,,,
Bailey Humphrey,Gold Coast,21.0,,Mid-Forward,186.0,3,10.1,66,,,,,,,,,,,,8.358,6.743,11.509,10.1,8.970031746031747,11.509,-1.4090000000000007,19,194.0,149.5,71.0,13.0,7.0,12.501,147.292,2.246801089142389,2.246801089142389,426892.2069370539,4.694597059017756,4.694597059017756,891973.4412133736
Joel Jeffrey,Gold Coast,24.0,,Gen. Defender,192.0,6,11.0,59,,,,,,,,,,2.55,11.08,5.586,9.492,10.172,11.0,9.612836363636363,10.332258064516129,0.8279999999999994,16,156.0,110.5,119.0,21.0,19.0,30.402,93.1618709677419,4.89402217436956,4.89402217436956,929864.2131302165,4.2145962570761935,4.2145962570761935,800773.2888444767
Ben Jepson,Gold Coast,24.0,,Midfielder,184.0,0,0.0,1,,,,,,,,,,,,,,5.1,0.0,,,-5.1,44,,657.5,,113.5,,-0.0,,1.0,1.0,190000.0,,,
Ben King,Gold Coast,25.0,,Key Forward,202.0,6,9.233,126,,,,,,,,4.643,5.453,6.85,,5.755,6.782,9.06,9.233,6.782579365079366,9.093483870967743,0.17300000000000004,34,379.0,191.0,200.0,14.0,13.0,19.800000000000004,36.17825806451617,4.107864248723105,4.107864248723105,780494.20725739,3.7092920876592723,3.7092920876592723,704765.4966552617
Max Knobel,Gold Coast,21.0,,Ruck,206.0,0,0.0,0,,,,,,,,,,,,,,,0.0,,,,37,,657.5,,43.0,,-0.0,,1.0,1.0,190000.0,,,
Caleb Lewis,Gold Coast,22.0,,Key Forward,198.0,0,0.0,0,,,,,,,,,,,,,,,0.0,,,,45,,657.5,,75.0,,-0.0,,1.0,1.0,190000.0,,,
Leo Lombard,Gold Coast,19.0,,Gen. Forward,179.0,6,5.7,10,,,,,,,,,,,,,,,5.7,5.7,5.7,,8,,408.0,427.0,70.0,73.0,-1.397999999999998,-26.07,2.535993308536954,2.535993308536954,481838.7286220213,2.3250676198106883,2.3250676198106883,441762.8477640308
Ben Long,Gold Coast,28.0,,Gen. Forward,186.0,6,9.683,141,,,,,,3.8,7.07,6.775,7.167,2.967,7.895,5.993,7.4,8.825,9.683,7.056262773722627,8.996599999999999,0.8580000000000005,22,355.0,168.5,207.0,25.0,31.0,22.5,31.72159999999994,4.308074246765496,4.308074246765496,818534.1068854443,3.669772517261199,3.669772517261199,697256.7782796278
Touk Miller,Gold Coast,30.0,,Midfielder,178.0,6,13.817,220,,,,10.418,10.006,9.07,10.482,10.878,10.235,16.219,16.818,13.0,13.311,15.691,13.817,12.518613636363638,15.303275862068967,-1.8740000000000006,11,31.0,44.0,18.0,20.0,14.0,47.304,321.82868965517247,6.1473367621149295,6.1473367621149295,1167993.9848018365,6.242307225250359,6.242307225250359,1186038.3727975683
Ned Moyle,Gold Coast,24.0,,Ruck,206.0,0,0.0,13,,,,,,,,,,,,6.85,13.713,7.433,0.0,13.713,,-7.433,23,,657.5,,43.0,,-0.0,,1.0,1.0,190000.0,,,
Jai Murray,Gold Coast,19.0,,Midfielder,185.0,0,0.0,0,,,,,,,,,,,,,,,0.0,,,,35,,657.5,,113.5,,-0.0,,1.0,1.0,190000.0,,,
John Noble,Gold Coast,29.0,,Gen. Defender,180.0,6,10.783,143,,,,,,,,3.24,4.682,7.127,7.496,6.678,8.655,9.224,10.783,7.426433566433567,9.525741935483872,1.5589999999999993,2,329.0,120.5,174.0,24.0,39.0,29.099999999999998,56.062129032258085,4.797476464202451,4.797476464202451,911520.5281984657,3.885613005064271,3.885613005064271,738266.4709622115
Dylan Patterson,Gold Coast,18.0,,Gen. Defender,184.0,0,0.0,0,,,,,,,,,,,,,,,0.0,,,,30,,657.5,,147.0,,-0.0,,1.0,1.0,190000.0,,,
Christian Petracca,Gold Coast,30.0,,Mid-Forward,187.0,4,25.2,216,,,,,11.529,13.723,10.896,12.245,15.788,16.756,15.767,16.524,16.654,13.374,25.2,14.300476415094337,13.374,11.825999999999999,3,10.0,1.0,35.0,1.0,2.0,77.068,233.082,7.474506593582602,7.474506593582602,1420156.2527806943,5.455342867955815,5.455342867955815,1036515.1449116048
Wil Powell,Gold Coast,26.0,,Gen. Defender,188.0,6,10.983,136,,,,,,,3.5,5.623,7.54,9.35,9.133,10.689,9.967,9.208,10.983,8.778683823529411,9.551548387096775,1.7750000000000004,27,215.0,113.0,169.0,22.0,38.0,30.300000000000004,57.24922580645161,4.886458685554626,4.886458685554626,928427.1502553789,3.896139626998897,3.896139626998897,740266.5291297905
Ethan Read,Gold Coast,20.0,,Key Forward,202.0,6,4.3,31,,,,,,,,,,,,,4.475,3.438,4.3,3.6295555555555556,3.6295555555555556,0.8619999999999997,20,483.0,470.5,520.0,48.0,61.0,-9.798,-145.0007777777778,1.913117759071737,1.913117759071737,363492.37422363,1.4805196660572308,1.4805196660572308,281298.73655087384
Daniel Rioli,Gold Coast,29.0,,Gen. Defender,179.0,6,7.483,209,,,,,7.561,8.392,9.425,8.214,6.861,6.711,10.943,10.322,11.6,9.945,7.483,9.045004784688995,9.376846153846154,-2.4620000000000006,17,189.0,302.0,181.0,72.0,40.0,9.299999999999999,49.21292307692307,3.3292698118915838,3.3292698118915838,632561.2642594009,3.824877433027032,3.824877433027032,726726.712275136
Jake Rogers,Gold Coast,21.0,,Gen. Forward,172.0,4,9.225,22,,,,,,,,,,,,,6.233,4.811,9.225,5.521999999999999,4.811,4.414,29,449.0,192.0,475.5,34.0,85.5,13.168,-76.912,2.736203306579345,2.736203306579345,519878.62825007556,1.962438652440214,1.962438652440214,372863.3439636407
Matt Rowell,Gold Coast,24.0,,Midfielder,180.0,3,14.7,113,,,,,,,,,14.0,8.333,12.909,15.03,16.148,16.876,14.7,14.481709090909092,16.876,-2.176000000000002,18,7.0,31.0,5.0,16.0,4.0,26.301,394.17400000000004,3.2700966346923876,3.2700966346923876,621318.3605915536,6.883831781039504,6.883831781039504,1307928.0383975056
Avery Thomas,Gold Coast,18.0,,Gen. Defender,185.0,0,0.0,0,,,,,,,,,,,,,,,0.0,,,,41,,657.5,,147.0,,-0.0,,1.0,1.0,190000.0,,,
Jamarra Ugle-Hagan,Gold Coast,24.0,,Key Forward,197.0,0,0.0,67,,,,,,,,,,3.74,4.994,6.439,6.618,,0.0,5.929716417910448,,,9,427.0,657.5,,75.0,,-0.0,,1.0,1.0,190000.0,,,
Bodhi Uwland,Gold Coast,22.0,,Gen. Defender,188.0,6,12.083,55,,,,,,,,,,,,4.367,9.0,8.404,12.083,9.069192307692308,9.116064516129033,3.6790000000000003,6,185.0,65.0,198.0,9.0,43.0,36.900000000000006,37.21696774193548,5.375860902991582,5.375860902991582,1021413.5715684007,3.7185028818520705,3.7185028818520705,706515.5475518934
Zeke Uwland,Gold Coast,18.0,,Gen. Defender,179.0,6,7.583,6,,,,,,,,,,,,,,,7.583,7.583000000000001,7.583000000000001,,32,,294.0,315.0,69.0,72.0,9.900000000000002,-4.343999999999996,3.3737609225676715,3.3737609225676715,641014.5752878576,3.0931557475481495,3.0931557475481495,587699.5920341484
Jed Walter,Gold Coast,20.0,,Key Forward,195.0,3,3.867,33,,,,,,,,,,,,,2.729,4.031,3.867,3.4234,4.031,-0.1639999999999997,4,485.0,484.0,504.0,50.0,56.0,-6.1979999999999995,-141.10800000000003,1.0,1.0,190000.0,1.6442715044661198,1.6442715044661198,312411.58584856277
Lachlan Weller,Gold Coast,30.0,,Midfielder,182.0,6,11.083,167,,,,,,,,,,,,,,,11.083,11.083,11.083,,14,77.0,105.5,89.0,39.0,39.0,30.900000000000002,127.696,4.930949796230713,4.930949796230713,936880.4612838355,4.520828847431905,4.520828847431905,858957.4810120619
Jarrod Witts,Gold Coast,33.0,,Ruck,209.0,6,12.2,211,,6.943,8.06,9.982,3.15,13.967,10.995,12.914,10.394,9.433,14.464,13.262,13.994,13.021,12.2,12.038946601941749,12.8568,-0.8210000000000015,28,40.0,60.5,45.0,8.0,8.0,37.602,209.29079999999996,5.427915502482603,5.427915502482603,1031303.9454716945,5.244373574452992,5.244373574452992,996430.9791460686
Leek Aleer,GWS Giants,24.0,,Key Defender,194.0,1,16.4,26,,,,,,,,,,,3.075,,7.625,6.562,16.4,6.96695238095238,6.561999999999999,9.837999999999997,21,365.0,13.0,378.0,1.0,41.0,10.466999999999999,-45.370000000000026,1.2623152709359604,1.2623152709359604,239839.9014778325,2.284769550900698,2.284769550900698,434106.2146711327
Cody Angove,GWS Giants,19.0,,Gen. Forward,182.0,0,0.0,4,,,,,,,,,,,,,,5.725,0.0,,,-5.725,29,,657.5,,127.0,,-0.0,,1.0,1.0,190000.0,,,
Ryan Angwin,GWS Giants,23.0,,Wing,185.0,6,10.85,36,,,,,,,,,,,0.0,4.96,4.825,9.23,10.85,7.47741935483871,9.8375,1.6199999999999992,9,322.0,118.5,148.0,7.5,7.0,29.502,55.098,5.010775862068964,5.010775862068964,952047.4137931032,3.425239325965501,3.425239325965501,650795.4719334452
Lachlan Ash,GWS Giants,24.0,,Gen. Defender,188.0,6,14.233,131,,,,,,,,,,,,,,,14.233,14.232999999999999,14.232999999999999,,7,11.0,37.0,28.0,5.0,4.0,49.800000000000004,272.59599999999995,6.573121921182265,6.573121921182265,1248893.1650246303,4.955672815905157,4.955672815905157,941577.8350219798
Toby Bedford,GWS Giants,25.0,,Mid-Forward,179.0,2,7.8,85,,,,,,,,,2.4,,4.081,8.579,7.391,8.709,7.8,7.390086419753086,8.709,-0.9089999999999998,14,333.0,283.0,229.0,17.0,16.0,3.734,18.491999999999965,1.2007389162561575,1.2007389162561575,228140.39408866994,3.032316065040259,3.032316065040259,576140.0523576492
Kieren Briggs,GWS Giants,26.0,,Ruck,201.0,4,9.375,74,,,,,,,,,,9.86,8.25,15.012,13.188,11.11,9.375,12.776000000000002,11.11,-1.7349999999999994,32,27.0,185.0,87.0,13.0,12.0,13.768,128.93799999999996,2.8863916256157633,2.8863916256157633,548414.408866995,3.868300778803224,3.868300778803224,734977.1479726126
Callum Brown,GWS Giants,25.0,,Gen. Forward,188.0,5,3.28,69,,,,,,6.94,6.138,9.514,6.779,4.753,4.783,8.105,7.869,9.064,3.28,7.442720930232558,7.992888888888889,-5.784000000000001,46,328.0,501.0,288.0,92.0,47.0,-13.265,-14.449111111111106,1.2623152709359604,1.2623152709359604,239839.9014778325,2.7829791461545033,2.7829791461545033,528766.0377693556
Jack Buckley,GWS Giants,28.0,,Key Defender,195.0,5,9.36,90,,,,,,,,,7.75,8.173,,11.85,11.387,10.079,9.36,10.578375,9.929208333333333,-0.7190000000000012,44,98.0,187.0,143.0,11.0,7.0,17.134999999999998,74.62158333333332,3.602216748768473,3.602216748768473,684421.1822660099,3.457170506636616,3.457170506636616,656862.396260957
Aaron Cadman,GWS Giants,22.0,,Key Forward,195.0,1,19.3,60,,,,,,,,,,,,2.65,6.496,7.617,19.3,6.169762711864407,7.617,11.683,5,413.0,5.0,313.0,1.0,22.0,13.367,-31.740000000000016,1.4855295566502462,1.4855295566502462,282250.6157635468,2.652101443037278,2.652101443037278,503899.2741770829
Finn Callaghan,GWS Giants,22.0,,Midfielder,192.0,6,14.75,77,,,,,,,,,,,5.18,8.948,11.646,15.557,14.75,11.798818181818183,15.377666666666666,-0.8070000000000004,17,45.0,30.0,16.0,15.0,12.0,52.902,325.25066666666663,6.811884236453201,6.811884236453201,1294258.0049261083,5.35422501735761,5.35422501735761,1017302.7532979458
Stephen Coniglio,GWS Giants,32.0,,Midfielder,182.0,5,6.46,232,7.558,7.539,10.279,8.739,13.157,10.91,13.996,13.433,8.0,6.986,13.281,13.952,9.493,6.64,6.46,10.812146551724139,6.579999999999999,-0.17999999999999972,3,88.0,365.0,376.0,77.0,78.0,2.6350000000000007,-79.44200000000005,2.486145320197044,2.486145320197044,472367.6108374383,2.291036824889758,2.291036824889758,435296.996729054
Brent Daniels,GWS Giants,27.0,,Gen. Forward,172.0,1,15.7,113,,,,,,,6.914,8.685,7.375,7.515,,11.995,12.142,9.6,15.7,9.63224107142857,9.6,6.1,16,154.0,21.0,162.0,2.0,19.0,9.767,59.477999999999966,1.208435960591133,1.208435960591133,229602.83251231528,3.3425461274987356,3.3425461274987356,635083.7642247598
Finnegan Davis,GWS Giants,19.0,,Gen. Defender,188.0,0,0.0,0,,,,,,,,,,,,,,,0.0,,,,45,,657.5,,147.0,,-0.0,,1.0,1.0,190000.0,,,
Josaia Delana,GWS Giants,19.0,,Gen. Forward,176.0,4,3.775,7,,,,,,,,,,,,,,0.733,3.775,,,3.042,38,,487.0,,88.0,,-8.632,,1.1622536945812807,1.1622536945812807,220828.20197044333,,,
Joseph Fonti,GWS Giants,21.0,,Gen. Defender,189.0,6,10.333,28,,,,,,,,,,,,,,,10.333,10.333,10.333,,37,112.0,137.0,118.0,29.0,18.0,26.400000000000002,56.727999999999994,4.772013546798029,4.772013546798029,906682.5738916255,3.5977634516087957,3.5977634516087957,683575.0558056713
Phoenix Gothard,GWS Giants,20.0,,Gen. Forward,179.0,6,9.567,6,,,,,,,,,,,,,,,9.567,9.567,9.567,,11,,174.5,167.0,27.5,20.0,21.804000000000002,7.559999999999999,4.418257389162561,4.418257389162561,839468.9039408867,3.3310561251854587,3.3310561251854587,632900.6637852371
Tom Green,GWS Giants,25.0,,Midfielder,192.0,0,0.0,115,,,,,,,,,6.417,9.667,12.552,15.432,14.244,16.604,0.0,13.509530434782612,16.604,-16.604,12,17.0,657.5,8.0,113.5,7.0,-0.0,381.6619999999999,1.0,1.0,190000.0,5.781212073019688,5.781212073019688,1098430.2938737408
Toby Greene,GWS Giants,32.0,,Gen. Forward,182.0,6,8.8,267,9.311,7.832,11.133,9.191,14.548,14.174,8.411,11.326,8.969,13.917,10.473,14.25,10.6,11.086,8.8,11.262198501872659,10.596142857142857,-2.2859999999999996,4,67.0,221.0,109.0,39.5,13.0,17.202000000000005,105.30057142857139,4.064039408866995,4.064039408866995,772167.487684729,3.6893850284964835,3.6893850284964835,700983.1554143318
Max Gruzewski,GWS Giants,21.0,,Key Forward,192.0,4,5.225,15,,,,,,,,,,,,,3.375,5.3,5.225,5.3,5.3,-0.07500000000000018,35,,435.0,448.0,40.0,46.0,-2.8320000000000007,-45.10500000000001,1.608682266009852,1.608682266009852,305649.6305418719,1.845364007889927,1.845364007889927,350619.1614990861
Riley Hamilton,GWS Giants,19.0,,Mid-Forward,189.0,0,0.0,0,,,,,,,,,,,,,,,0.0,,,,43,,657.5,,40.5,,-0.0,,1.0,1.0,190000.0,,,
Oliver Hannaford,GWS Giants,19.0,,Gen. Forward,180.0,3,0.0,3,,,,,,,,,,,,,,,0.0,,,,13,,657.5,,127.0,,-17.799,,1.0,1.0,190000.0,,,
Harrison Himmelberg,GWS Giants,29.0,,Gen. Defender,195.0,6,9.733,207,,,,,,,,,,,,,,,9.733,9.733,9.733,,27,149.0,166.0,151.0,35.0,30.0,22.800000000000004,65.596,4.494919950738916,4.494919950738916,854034.7906403941,3.3888543186401248,3.3888543186401248,643882.3205416237
Jesse Hogan,GWS Giants,31.0,,Key Forward,196.0,5,4.96,186,,,,9.795,7.981,9.34,10.56,4.15,2.057,8.489,8.6,7.887,12.016,9.119,4.96,8.688204301075269,8.128761904761905,-4.159,23,224.0,446.0,280.0,43.0,19.0,-4.864999999999999,-8.198952380952374,1.9088669950738917,1.9088669950738917,362684.7290640394,2.83028766938762,2.83028766938762,537754.6571836479
Connor Idun,GWS Giants,25.0,,Gen. Defender,193.0,6,11.467,123,,,,,,,,3.0,3.85,5.696,6.787,10.373,11.056,9.146,11.467,8.950033333333332,9.6102,2.3209999999999997,39,195.0,87.0,161.0,14.5,35.0,33.20400000000001,59.94720000000002,5.295720443349754,5.295720443349754,1006186.8842364532,3.3460975827592034,3.3460975827592034,635758.5407242486
Darcy Jones,GWS Giants,22.0,,Gen. Forward,175.0,0,0.0,37,,,,,,,,,,,,,9.871,10.7,0.0,10.386324324324324,10.7,-10.7,2,108.0,657.5,106.0,127.0,11.0,-0.0,88.54099999999995,1.0,1.0,190000.0,3.7255462046079657,3.7255462046079657,707853.7788755135
Joshua Kelly,GWS Giants,31.0,,Midfielder,184.0,0,0.0,230,,,,,,,,,,,,,,,0.0,,,,22,,657.5,,113.5,,-0.0,,1.0,1.0,190000.0,,,
Jayden Laverde,GWS Giants,30.0,,Key Defender,193.0,6,8.567,151,,,,6.2,4.044,3.42,4.829,6.19,6.317,6.826,6.573,8.289,6.61,5.314,8.567,6.401350993377484,6.2899,3.253,25,394.0,238.0,393.0,16.0,46.0,15.804000000000002,-92.7866,3.956434729064039,3.956434729064039,751722.5985221674,2.190029259099406,2.190029259099406,416105.55922888714
James Leake,GWS Giants,20.0,,Gen. Defender,188.0,1,3.0,4,,,,,,,,,,,,,,3.7,3.0,,,-0.7000000000000002,30,,508.0,,118.0,,-2.933,,1.0,1.0,190000.0,,,
Nick Madden,GWS Giants,21.0,,Ruck,204.0,2,7.7,5,,,,,,,,,,,,,,,7.7,,,,41,,287.5,,22.0,,3.5340000000000007,,1.1853448275862069,1.1853448275862069,225215.5172413793,,,
Toby McMullin,GWS Giants,21.0,,Wing,183.0,1,8.0,29,,,,,,,,,,,,1.0,5.536,4.209,8.0,4.952119999999999,4.209,3.7910000000000004,31,471.0,264.0,494.0,21.0,49.0,2.067,-118.84200000000003,1.0,1.0,190000.0,1.4654975677752269,1.4654975677752269,278444.53787729307
Xavier O'Halloran,GWS Giants,25.0,,Midfielder,187.0,6,6.183,96,,,,,,,,,5.0,6.353,4.05,7.773,7.568,8.761,6.183,7.060521276595743,8.227620689655172,-2.5779999999999994,33,353.0,382.0,273.0,78.0,69.0,1.5,-3.651448275862105,2.8554495073891624,2.8554495073891624,542535.4064039409,2.864708507784935,2.864708507784935,544294.6164791376
Clayton Oliver,GWS Giants,28.0,,Midfielder,189.0,6,15.65,211,,,,,10.008,14.036,17.028,13.714,13.353,17.392,18.174,16.153,10.676,11.145,15.65,14.462976303317536,12.110357142857143,4.505000000000001,10,8.0,22.0,58.0,11.0,33.0,58.30200000000001,174.9544285714286,7.227524630541872,7.227524630541872,1373229.6798029556,4.216607017758729,4.216607017758729,801155.3333741586
Harrison Oliver,GWS Giants,19.0,,Gen. Defender,181.0,0,0.0,0,,,,,,,,,,,,,,,0.0,,,,19,,657.5,,147.0,,-0.0,,1.0,1.0,190000.0,,,
Jack Ough,GWS Giants,19.0,,Midfielder,194.0,0,0.0,0,,,,,,,,,,,,,,,0.0,,,,28,,657.5,,113.5,,-0.0,,1.0,1.0,190000.0,,,
Jake Riccardi,GWS Giants,26.0,,Key Forward,198.0,6,9.033,95,,,,,,,,,3.26,3.422,5.653,4.471,5.695,7.405,9.033,5.645126315789474,7.780692307692307,1.6279999999999992,26,444.0,203.5,301.0,15.0,20.0,18.599999999999998,-24.21015384615388,4.17164408866995,4.17164408866995,792612.3768472904,2.7090961398266793,2.7090961398266793,514728.26656706905
Harry Rowston,GWS Giants,21.0,,Midfielder,182.0,4,6.55,21,,,,,,,,,,,,4.571,,6.16,6.55,5.505705882352942,6.16,0.3899999999999997,24,454.0,361.5,402.0,76.0,79.0,2.468,-45.087,2.0166256157635467,2.0166256157635467,383158.8669950739,2.1448004318116887,2.1448004318116887,407512.0820442208
Logan Smith,GWS Giants,19.0,,Ruck,204.0,0,0.0,0,,,,,,,,,,,,,,,0.0,,,,36,,657.5,,43.0,,-0.0,,1.0,1.0,190000.0,,,
Conor Stone,GWS Giants,23.0,,Gen. Defender,189.0,0,0.0,20,,,,,,,,,,5.84,0.6,2.033,2.0,4.929,0.0,5.308583333333334,4.929,-4.929,18,,657.5,468.0,147.0,107.0,-0.0,-67.56,1.0,1.0,190000.0,1.7161885273376323,1.7161885273376323,326075.82019415015
Jake Stringer,GWS Giants,31.0,,Gen. Forward,192.0,6,11.417,233,,7.56,10.283,12.382,12.535,10.381,11.265,11.916,6.19,17.221,9.827,9.824,9.791,8.44,11.417,11.000042918454936,9.290571428571427,2.9770000000000003,20,82.0,90.0,190.0,11.0,28.0,32.903999999999996,45.24428571428563,5.272629310344827,5.272629310344827,1001799.5689655171,3.2348087032106063,3.2348087032106063,614613.6536100153
Oskar Taylor,GWS Giants,18.0,,Gen. Defender,182.0,0,0.0,0,,,,,,,,,,,,,,,0.0,,,,34,,657.5,,147.0,,-0.0,,1.0,1.0,190000.0,,,
Sam Taylor,GWS Giants,26.0,,Key Defender,198.0,0,0.0,131,,,,,,,6.55,8.123,8.05,11.637,12.291,13.144,10.044,10.87,0.0,10.688149606299213,10.87,-10.87,15,95.0,657.5,102.0,68.5,4.0,-0.0,117.89799999999994,1.0,1.0,190000.0,3.784737125615756,3.784737125615756,719100.0538669936
Harvey Thomas,GWS Giants,20.0,,Gen. Forward,176.0,6,13.117,46,,,,,,,,,,,,,6.9,7.556,13.117,7.9676086956521734,8.946250000000001,5.561000000000001,1,285.0,51.0,211.0,6.0,32.0,43.104000000000006,29.405500000000025,6.057727832512315,6.057727832512315,1150968.2881773398,3.114922218034955,3.114922218034955,591835.2214266415
Nathan Wardius,GWS Giants,21.0,,Gen. Forward,181.0,0,0.0,0,,,,,,,,,,,,,,,0.0,,,,42,,657.5,,127.0,,-0.0,,1.0,1.0,190000.0,,,
Lachie Whitfield,GWS Giants,31.0,,Gen. Defender,185.0,6,10.6,263,,8.547,10.782,7.738,10.786,12.4,11.508,12.5,7.712,10.541,10.239,11.688,9.664,10.187,10.6,10.34793536121673,10.272448275862068,0.41300000000000026,6,110.0,127.0,126.0,26.0,22.0,28.002,90.41062068965512,4.8953201970443345,4.8953201970443345,930110.8374384235,3.576680437959773,3.576680437959773,679569.2832123569
Karl Amon,Hawthorn,30.0,,Gen. Defender,181.0,5,6.1,200,,,,7.143,8.647,9.129,8.717,11.194,7.595,10.312,10.209,10.952,9.388,10.588,6.1,9.631975,9.84,-4.4879999999999995,10,155.0,384.5,147.0,96.0,28.0,0.8349999999999991,70.51799999999997,2.2946150275466652,2.2946150275466652,435976.8552338664,3.8712585863781355,3.8712585863781355,735539.1314118457
Cody Anderson,Hawthorn,20.0,,Midfielder,183.0,0,0.0,0,,,,,,,,,,,,,,,0.0,,,,32,,657.5,,113.5,,-0.0,,1.0,1.0,190000.0,,,
Tom Barrass,Hawthorn,30.0,,Key Defender,197.0,6,9.817,181,,,,6.767,9.97,10.205,10.458,8.486,9.422,10.281,11.479,12.179,11.739,9.076,9.817,10.285977528089887,9.21941935483871,0.7409999999999997,37,114.0,159.5,196.0,9.0,12.0,23.304000000000002,41.97129032258063,4.431390634509957,4.431390634509957,841964.2205568918,3.627109384028468,3.627109384028468,689150.7829654089
Josh Battle,Hawthorn,27.0,,Key Defender,193.0,6,10.233,155,,,,,,2.6,7.0,5.905,6.179,5.231,7.024,6.826,10.917,8.762,10.233,7.592207792207791,9.037812500000001,1.471,24,309.0,142.5,203.0,6.0,13.0,25.800000000000004,33.61737500000004,4.619172900370825,4.619172900370825,877642.8510704568,3.555661508404537,3.555661508404537,675575.686596862
James Blanck,Hawthorn,25.0,,Key Defender,196.0,0,0.0,24,,,,,,,,,,,7.3,5.52,,,0.0,6.1875,,,36,412.0,657.5,,68.5,,-0.0,,1.0,1.0,190000.0,,,
Sam Butler,Hawthorn,23.0,,Mid-Forward,184.0,6,4.7,31,8.979,7.76,7.95,9.518,6.2,5.844,,,,,5.378,5.875,2.1,4.367,4.7,7.118206896551725,4.5335,0.3330000000000002,30,347.0,457.0,482.0,30.0,27.0,-7.397999999999998,-116.97850000000001,2.1215784844857692,2.1215784844857692,403099.91205229616,1.7835722359090727,1.7835722359090727,338878.72482272383
Mabior Chol,Hawthorn,29.0,,Key Forward,200.0,5,5.78,113,,,,,0.8,,,9.111,7.718,9.85,8.655,6.875,7.443,9.233,5.78,8.325785714285713,8.637655172413794,-3.4530000000000003,18,252.0,403.0,237.0,38.0,15.0,-0.7649999999999979,15.210137931034506,2.174241780199955,2.174241780199955,413105.9382379915,3.398231377274432,3.398231377274432,645663.9616821421
Massimo D'Ambrosio,Hawthorn,22.0,,Wing,178.0,6,10.233,72,,,,,,,,,,,4.95,3.75,11.338,8.25,10.233,8.577916666666667,8.6218125,1.9830000000000005,16,235.0,142.5,240.0,9.0,14.0,25.800000000000004,14.481375000000018,4.619172900370825,4.619172900370825,877642.8510704568,3.3919985437771687,3.3919985437771687,644479.723317662
Jack Dalton,Hawthorn,19.0,,Midfielder,178.0,1,3.4,1,,,,,,,,,,,,,,,3.4,,,,34,,497.0,,90.0,,-2.533,,1.0,1.0,190000.0,,,
Will Day,Hawthorn,24.0,,Midfielder,191.0,0,0.0,76,,,,,,,,,7.855,10.62,7.953,13.562,11.169,15.25,0.0,10.917263157894737,15.25,-15.25,12,86.0,657.5,19.0,113.5,15.0,-0.0,319.378,1.0,1.0,190000.0,5.999663967710016,5.999663967710016,1139936.153864903
Calsher Dear,Hawthorn,20.0,,Key Forward,195.0,1,7.5,27,,,,,,,,,,,,,5.588,5.011,7.5,5.388269230769231,5.011,2.489,13,461.0,300.5,465.0,22.0,51.0,1.5670000000000002,-88.992,1.0,1.0,190000.0,1.9714305667013043,1.9714305667013043,374571.8076732478
Jack Ginnivan,Hawthorn,23.0,,Gen. Forward,185.0,6,10.167,96,,,,,,,,,,5.14,7.265,6.507,7.391,9.796,10.167,7.914458333333332,9.867806451612903,0.37100000000000044,33,288.0,146.5,145.0,20.0,16.0,25.404,71.79709677419353,4.589380521652513,4.589380521652513,871982.2991139776,3.8821982169231717,3.8821982169231717,737617.6612154027
Ollie Greeves,Hawthorn,19.0,,Midfielder,192.0,0,0.0,0,,,,,,,,,,,,,,,0.0,,,,35,,657.5,,113.5,,-0.0,,1.0,1.0,190000.0,,,
Jack Gunston,Hawthorn,34.0,,Key Forward,193.0,5,11.0,288,8.8,11.904,12.983,12.938,11.588,11.705,13.461,10.04,9.644,-0.5,9.006,6.547,6.372,11.217,11.0,10.745509157509158,11.17825,-0.21700000000000053,19,92.0,110.5,84.0,7.0,4.0,25.335,132.0775,4.137830377543167,4.137830377543167,786187.7717332017,4.397753688331442,4.397753688331442,835573.2007829741
Blake Hardwick,Hawthorn,29.0,,Gen. Defender,183.0,6,10.4,204,,,,,1.3,6.937,9.096,8.405,7.3,9.57,8.218,9.787,9.52,9.519,10.4,8.852256157635468,9.6841875,0.8810000000000002,15,207.0,133.5,155.0,28.0,32.0,26.802000000000003,63.350624999999994,4.694556646521702,4.694556646521702,891965.7628391235,3.8099587410031313,3.8099587410031313,723892.1607905949
Matt Hill,Hawthorn,22.0,,Gen. Forward,187.0,0,0.0,0,,,,,,,,,,,,,,,0.0,,,,41,,657.5,,127.0,,-0.0,,1.0,1.0,190000.0,,,
Henry Hustwaite,Hawthorn,21.0,,Midfielder,195.0,0,0.0,10,,,,,,,,,,,,9.25,3.425,5.75,0.0,,,-5.75,44,,657.5,,113.5,,-0.0,,1.0,1.0,190000.0,,,
Jarman Impey,Hawthorn,30.0,,Gen. Defender,178.0,6,9.0,227,,,5.667,5.829,9.295,8.335,8.371,9.935,3.2,9.346,5.963,8.445,9.464,8.708,9.0,8.113594713656386,8.7664,0.2919999999999998,4,274.0,207.5,225.0,45.5,52.0,18.402,21.132400000000022,4.062597097951473,4.062597097951473,771893.4486107798,3.4488822430513504,3.4488822430513504,655287.6261797566
Matthew LeRay,Hawthorn,19.0,,Midfielder,188.0,0,0.0,0,,,,,,,,,,,,,,,0.0,,,,31,,657.5,,113.5,,-0.0,,1.0,1.0,190000.0,,,
Mitchell Lewis,Hawthorn,27.0,,Gen. Forward,199.0,6,9.85,84,,,,,,,,,,,,,,,9.85,9.85,9.85,,2,140.0,158.0,146.0,22.0,17.0,23.502,70.97799999999997,4.446286823869112,4.446286823869112,844794.4965351314,3.8751927922586007,3.8751927922586007,736286.6305291341
Connor MacDonald,Hawthorn,23.0,,Gen. Forward,185.0,6,11.767,96,,,,,,,,,,,,,,,11.767,11.767000000000001,11.767000000000001,,9,47.0,77.0,64.0,9.0,3.0,35.004,159.16000000000003,5.311620005732776,5.311620005732776,1009207.8010892273,4.629380059543855,4.629380059543855,879582.2113133324
Bailey Macdonald,Hawthorn,21.0,,Gen. Defender,182.0,0,0.0,8,,,,,,,,,,,,3.7,,4.133,0.0,4.133,4.133,-4.133,42,,657.5,501.0,147.0,114.0,-0.0,-33.392,1.0,1.0,190000.0,1.6260072903964262,1.6260072903964262,308941.38517532096
Cameron Mackenzie,Hawthorn,22.0,,Midfielder,188.0,4,7.85,50,,,,,,,,,,,,,,,7.85,,,,28,,275.0,,65.5,,7.667999999999999,,2.3623249791791894,2.3623249791791894,448841.746044046,,,
Finn Maginness,Hawthorn,25.0,,Gen. Forward,189.0,1,3.3,59,,,,,,,,,4.2,5.85,4.669,3.5,5.769,3.785,3.3,4.443745454545454,3.7849999999999997,-0.4850000000000003,20,477.0,498.5,514.0,91.0,99.0,-2.633,-208.012,1.0,1.0,190000.0,1.4890969257562237,1.4890969257562237,282928.41589368245
William McCabe,Hawthorn,20.0,,Key Forward,197.0,1,3.2,1,,,,,,,,,,,,,,,3.2,,,,27,,503.0,,57.0,,-2.7329999999999997,,1.0,1.0,190000.0,,,
Lloyd Meek,Hawthorn,27.0,,Ruck,203.0,6,8.283,83,,,,,,,,,,6.789,10.8,8.488,12.51,12.372,8.283,10.643578313253013,11.58058064516129,-4.089,17,97.0,252.0,69.0,18.0,11.0,14.099999999999998,150.58470967741928,3.738943529148005,3.738943529148005,710399.2705381209,4.556038847339948,4.556038847339948,865647.38099459
Dylan Moore,Hawthorn,26.0,,Gen. Forward,177.0,6,10.467,132,,,,,,,,6.114,7.5,10.83,12.773,11.335,12.144,11.581,10.467,11.384627906976744,11.372125,-1.113999999999999,8,62.0,130.5,74.0,16.0,6.0,27.204000000000004,140.99575000000002,4.7248004249175635,4.7248004249175635,897712.0807343371,4.474028104838969,4.474028104838969,850065.3399194042
Harry Morrison,Hawthorn,27.0,,Wing,184.0,1,4.4,124,,,,,,7.7,6.738,6.544,5.945,7.633,9.419,8.238,8.525,8.72,4.4,7.884237704918031,8.72,-4.32,1,290.0,465.5,228.0,35.0,13.0,-1.5329999999999995,18.99800000000001,1.0,1.0,190000.0,3.43062752776599,3.43062752776599,651819.230275538
Noah Mraz,Hawthorn,20.0,,Key Defender,198.0,0,0.0,0,,,,,,,,,,,,,,,0.0,,,,21,,657.5,,68.5,,-0.0,,1.0,1.0,190000.0,,,
Cameron Nairn,Hawthorn,18.0,,Mid-Forward,188.0,0,0.0,0,,,,,,,,,,,,,,,0.0,,,,22,,657.5,,40.5,,-0.0,,1.0,1.0,190000.0,,,
Conor Nash,Hawthorn,27.0,,Midfielder,198.0,6,10.483,126,,,,,,,5.02,6.193,2.25,6.275,9.2,11.361,8.816,9.023,10.483,8.85733064516129,9.335857142857142,1.4600000000000009,11,205.0,129.0,184.0,44.0,56.0,27.300000000000004,47.32742857142851,4.732022819758366,4.732022819758366,899084.3357540895,3.6729184070615197,3.6729184070615197,697854.4973416888
Jai Newcombe,Hawthorn,24.0,,Midfielder,187.0,6,14.1,108,,,,,,,,,,4.843,12.45,15.15,15.076,12.831,14.1,13.298212962962962,13.0689375,1.2690000000000001,3,20.0,38.0,40.0,18.0,24.0,49.001999999999995,219.049125,6.364735453457307,6.364735453457307,1209299.7361568883,5.1415890763937195,5.1415890763937195,976901.9245148067
Flynn Perez,Hawthorn,24.0,,Gen. Defender,188.0,3,7.467,27,,,,,,,,,3.633,,4.319,2.58,,,7.467,3.9049523809523814,,,39,482.0,303.0,,73.0,,4.601999999999999,,1.685300696133536,1.685300696133536,320207.1322653718,,,
Max Ramsden,Hawthorn,23.0,,Key Forward,203.0,0,0.0,9,,,,,,,,,,,,-0.85,1.533,6.05,0.0,,,-6.05,38,,657.5,,75.0,,-0.0,,1.0,1.0,190000.0,,,
Ned Reeves,Hawthorn,27.0,,Ruck,210.0,5,12.04,48,,,,,,,,,,12.38,9.417,9.367,7.7,8.6,12.04,10.042116279069766,12.04,3.4399999999999995,7,127.0,67.0,59.0,9.0,10.0,30.534999999999997,171.71799999999993,4.529043431419975,4.529043431419975,860518.2519697952,4.736783880080563,4.736783880080563,899988.937215307
Bodie Ryan,Hawthorn,21.0,,Gen. Defender,187.0,0,0.0,0,,,,,,,,,,,,,,,0.0,,,,26,,657.5,,147.0,,-0.0,,1.0,1.0,190000.0,,,
Aidan Schubert,Hawthorn,18.0,,Ruck,198.0,0,0.0,0,,,,,,,,,,,,,,,0.0,,,,29,,657.5,,43.0,,-0.0,,1.0,1.0,190000.0,,,
Jack Scrimshaw,Hawthorn,27.0,,Gen. Defender,194.0,4,6.525,127,,,,,,6.45,,8.81,6.385,11.12,11.34,9.662,10.537,8.55,6.525,9.786428571428571,8.55,-2.0250000000000004,14,146.0,363.0,246.0,88.0,57.0,2.368000000000002,11.178000000000015,1.963588597343212,1.963588597343212,373081.8334952103,3.363746027798075,3.363746027798075,639111.7452816343
James Sicily,Hawthorn,31.0,,Gen. Defender,188.0,6,11.55,185,,,,7.5,8.432,8.737,12.644,11.032,9.755,,14.073,13.768,12.227,9.135,11.55,11.117675824175825,9.634655172413792,2.415000000000001,6,74.0,83.0,157.0,13.0,33.0,33.702000000000005,61.07213793103442,5.213666275704391,5.213666275704391,990596.5923838342,3.7904717035568503,3.7904717035568503,720189.6236758016
Jaime Uhr-Henry,Hawthorn,23.0,,Ruck,209.0,0,0.0,0,,,,,,,,,,,,,,,0.0,,,,43,,657.5,,43.0,,-0.0,,1.0,1.0,190000.0,,,
Josh Ward,Hawthorn,22.0,,Midfielder,183.0,6,9.0,73,,,,,,,,,,,9.293,9.25,5.775,11.48,9.0,9.430164383561644,11.0,-2.4800000000000004,25,165.0,207.5,96.0,56.0,42.5,18.402,123.87799999999999,4.062597097951473,4.062597097951473,771893.4486107798,4.327626468512143,4.327626468512143,822249.0290173072
Nick Watson,Hawthorn,21.0,,Gen. Forward,170.0,6,17.05,49,,,,,,,,,,,,,8.122,9.936,17.05,10.140734693877551,11.312903225806453,7.114000000000001,5,122.0,10.0,77.0,1.0,7.0,66.702,138.27154838709683,7.69636450223029,7.69636450223029,1462309.2554237552,4.450729039610582,4.450729039610582,845638.5175260105
Joshua Weddle,Hawthorn,21.0,,Gen. Defender,191.0,6,8.383,66,,,,,,,,,,,,,,,8.383,8.383,8.383,,23,248.0,247.0,262.0,57.0,62.0,14.699999999999996,3.495999999999942,3.7840834969030213,3.7840834969030213,718975.8644115741,3.298044789594299,3.298044789594299,626628.5100229168
Jed Adams,Melbourne,21.0,,Key Defender,196.0,0,0.0,1,,,,,,,,,,,,,,6.6,0.0,,,-6.6,26,,657.5,,68.5,,-0.0,,1.0,1.0,190000.0,,,
Oscar Berry,Melbourne,,,Gen. Defender,196.0,0,0.0,0,,,,,,,,,,,,,,,0.0,,,,38,,657.5,,147.0,,-0.0,,1.0,1.0,190000.0,,,
Jake Bowey,Melbourne,23.0,,Gen. Defender,175.0,0,0.0,84,,,,,,,,,,8.643,8.176,8.191,5.75,10.23,0.0,8.377095238095238,10.23,-10.23,17,250.0,657.5,129.0,147.0,23.0,-0.0,88.458,1.0,1.0,190000.0,4.148735619894706,4.148735619894706,788259.767779994
Tom Campbell,Melbourne,34.0,,Ruck,201.0,0,0.0,58,7.286,7.133,6.114,9.517,9.744,7.486,,3.85,3.3,5.711,10.45,,8.1,,0.0,7.552882352941176,,,29,317.0,657.5,,43.0,,-0.0,,1.0,1.0,190000.0,,,
Kade Chandler,Melbourne,26.0,,Gen. Forward,175.0,6,13.967,85,,,,,,,,9.5,,-0.34,0.625,8.435,8.991,9.817,13.967,8.858637500000002,10.675620689655172,4.15,37,204.0,40.0,108.0,3.0,12.0,48.20400000000001,108.95655172413791,6.683862446522401,6.683862446522401,1269933.8648392563,4.329455309839422,4.329455309839422,822596.5088694902
Paddy Cross,Melbourne,23.0,,Gen. Forward,181.0,1,3.8,1,,,,,,,,,,,,,,,3.8,,,,41,,486.0,,87.0,,-2.133,,1.0,1.0,190000.0,,,
Jai Culley,Melbourne,23.0,,Wing,194.0,6,8.433,22,,,,,,,,,,,9.25,4.7,3.9,12.1,8.433,6.7361818181818185,8.433,-3.667,13,381.0,243.5,260.0,19.0,17.0,15.0,2.771999999999988,4.035584736272886,4.035584736272886,766761.0998918484,3.4199694508868084,3.4199694508868084,649794.1956684935
Bayley Fritsch,Melbourne,29.0,,Gen. Forward,188.0,5,11.76,176,,,,,,,10.23,9.932,5.206,9.942,10.242,9.229,8.97,8.209,11.76,9.227880681818181,8.86659259259259,3.551,31,176.0,78.0,215.0,10.0,33.0,29.134999999999998,25.74125925925916,4.689758142472938,4.689758142472938,891054.0470698582,3.595811194133277,3.595811194133277,683204.1268853226
Max Gawn,Melbourne,34.0,,Ruck,209.0,6,19.55,253,,6.938,6.911,13.323,16.855,11.2,17.732,18.486,14.836,14.756,13.386,13.9,17.167,15.37,19.55,14.7860281124498,16.234827586206897,4.1800000000000015,11,5.0,4.0,10.0,1.0,2.0,81.702,364.68006896551725,9.35558894748428,9.35558894748428,1777561.9000220133,6.5839694515880485,6.5839694515880485,1250954.195801729
Max Heath,Melbourne,23.0,,Key Forward,204.0,1,1.5,5,,,,,,,,,,,,,,4.325,1.5,,,-2.825,27,,524.5,,64.0,,-4.433,,1.0,1.0,190000.0,,,
Jack Henderson,Melbourne,26.0,,Gen. Forward,176.0,0,0.0,5,,,,,,,,,,,,,,3.98,0.0,3.9799999999999995,3.9799999999999995,-3.98,43,,657.5,507.0,127.0,96.0,-0.0,-21.635000000000005,1.0,1.0,190000.0,1.614073095521107,1.614073095521107,306673.8881490103
Blake Howes,Melbourne,23.0,,Gen. Defender,191.0,6,6.633,34,,,,,,,,,,,,,6.056,4.242,6.633,5.517588235294118,5.039,2.391,22,451.0,355.5,462.0,87.0,105.0,4.200000000000001,-111.11200000000002,3.1742005876554082,3.1742005876554082,603098.1116545276,2.0435463136509693,2.0435463136509693,388273.79959368415
Matthew Jefferson,Melbourne,22.0,,Key Forward,195.0,1,1.6,8,,,,,,,,,,,,,,1.686,1.6,1.686,1.686,-0.08599999999999985,21,,523.0,535.0,63.0,67.0,-4.333,-52.968,1.0,1.0,190000.0,1.0,1.0,190000.0
Changkuoth Jiath,Melbourne,26.0,,Gen. Defender,185.0,3,4.8,79,,,,,,,,9.05,3.18,10.1,9.807,7.513,7.327,6.275,4.8,7.851337837837838,6.275,-1.4750000000000005,14,291.0,450.0,394.0,106.0,91.0,-3.399,-93.47200000000001,1.1485121981566377,1.1485121981566377,218217.3176497612,2.5448011744710923,2.5448011744710923,483512.22314950754
Aidan Johnson,Melbourne,26.0,,Key Forward,193.0,0,0.0,5,,,,,,,,,,,,,,2.96,0.0,2.96,2.96,-2.96,42,,657.5,528.0,75.0,65.0,-0.0,-26.735000000000003,1.0,1.0,190000.0,1.200416171543336,1.200416171543336,228079.07259323384
Luker Kentfield,Melbourne,20.0,,Key Defender,194.0,0,0.0,0,,,,,,,,,,,,,,,0.0,,,,44,,657.5,,68.5,,-0.0,,1.0,1.0,190000.0,,,
Ed Langdon,Melbourne,30.0,,Wing,182.0,6,9.0,208,,,,3.85,7.623,6.82,8.576,9.327,7.541,10.146,8.826,8.772,8.341,7.0,9.0,8.47131067961165,7.413793103448276,2.0,15,241.0,207.5,328.0,12.5,23.0,18.402,-41.08751724137933,4.3069207430873915,4.3069207430873915,818314.9411866044,3.006634166843164,3.006634166843164,571260.4917002012
Harvey Langford,Melbourne,20.0,,Wing,191.0,6,11.317,28,,,,,,,,,,,,,,10.073,11.317,10.339571428571428,10.339571428571428,1.2439999999999998,4,111.0,95.5,116.0,4.0,5.0,32.304,56.911999999999985,5.41571356105778,5.41571356105778,1028985.5766009782,4.193171874893438,4.193171874893438,796702.6562297532
Bailey Laurie,Melbourne,24.0,,Gen. Forward,179.0,2,1.35,14,,,,,,,,,,,,3.7,4.35,-0.4,1.35,4.054545454545454,,1.75,16,,526.0,,99.0,,-9.166,,1.0,1.0,190000.0,,,
Jake Lever,Melbourne,30.0,,Gen. Defender,194.0,6,6.4,192,,,,7.25,9.667,12.575,9.327,8.1,8.1,12.764,7.979,10.575,9.289,8.35,6.4,9.752645833333334,7.514285714285714,-1.9499999999999993,8,147.0,370.5,320.0,90.0,75.0,2.802000000000003,-36.46485714285716,3.062699195084368,3.062699195084368,581912.8470660299,3.0473885435897428,3.0473885435897428,579003.8232820511
Xavier Lindsay,Melbourne,19.0,,Wing,183.0,5,8.6,23,,,,,,,,,,,,,,4.917,8.6,5.717652173913043,5.717652173913043,3.683,5,440.0,231.5,426.0,16.0,36.0,13.334999999999999,-59.555000000000014,3.4295850361621825,3.4295850361621825,651621.1568708147,2.3187709908193,2.3187709908193,440566.48825566703
Thomas Matthews,Melbourne,19.0,,Gen. Forward,171.0,0,0.0,0,,,,,,,,,,,,,,,0.0,,,,20,,657.5,,127.0,,-0.0,,1.0,1.0,190000.0,,,
Steven May,Melbourne,34.0,,Key Defender,193.0,0,0.0,251,7.075,8.824,11.011,11.578,13.135,10.85,9.965,8.262,9.241,9.965,10.977,10.839,9.705,8.619,0.0,10.23842561983471,8.619,-8.619,1,118.0,657.5,242.0,68.5,22.0,-0.0,14.351999999999972,1.0,1.0,190000.0,3.4954010076121667,3.4954010076121667,664126.1914463117
Shane McAdam,Melbourne,30.0,,Gen. Forward,186.0,0,0.0,53,,,,,,,,,7.669,4.887,7.22,7.729,2.933,,0.0,6.708099999999999,,,23,382.0,657.5,,127.0,,-0.0,,1.0,1.0,190000.0,,,
Tom McDonald,Melbourne,33.0,,Key Defender,195.0,3,8.2,252,9.27,9.912,9.738,11.718,13.968,11.945,13.43,8.073,7.056,10.274,7.522,8.512,10.3,8.476,8.2,10.45453846153846,8.476,-0.2760000000000016,25,102.0,257.5,256.0,20.0,25.0,6.800999999999998,7.774000000000022,1.962041671850923,1.962041671850923,372787.91765167535,3.4374079290544994,3.4374079290544994,653107.5065203549
Jake Melksham,Melbourne,34.0,,Key Forward,186.0,2,4.55,250,7.536,11.424,8.412,8.889,,9.489,12.122,7.2,6.935,5.95,6.418,5.931,7.787,9.711,4.55,8.67103317535545,9.711,-5.1610000000000005,18,225.0,463.0,153.0,46.0,8.0,-2.766,64.584,1.0,1.0,190000.0,3.9382572438707215,3.9382572438707215,748268.8763354371
Ricky Mentha,Melbourne,19.0,,Gen. Forward,178.0,0,0.0,0,,,,,,,,,,,,,,,0.0,,,,39,,657.5,,127.0,,-0.0,,1.0,1.0,190000.0,,,
Brody Mihocek,Melbourne,33.0,,Key Forward,192.0,6,6.083,165,,,,,,,9.219,9.854,7.6,6.381,6.265,8.358,8.682,7.073,6.083,7.800569696969697,6.860857142857142,-0.9900000000000002,28,296.0,386.0,357.0,31.0,28.0,0.9000000000000021,-66.52257142857147,2.9109998755778457,2.9109998755778457,553089.9763597907,2.7823931976129463,2.7823931976129463,528654.7075464599
Andy Moniz-Wakefield,Melbourne,22.0,,Gen. Defender,182.0,0,0.0,6,,,,,,,,,,,,,7.15,,0.0,7.150000000000001,,,45,,657.5,,147.0,,-0.0,,1.0,1.0,190000.0,,,
Riley Onley,Melbourne,26.0,,Midfielder,,0,0.0,0,,,,,,,,,,,,,,,0.0,,,,40,,657.5,,113.5,,-0.0,,1.0,1.0,190000.0,,,
Harrison Petty,Melbourne,26.0,,Key Forward,197.0,6,3.283,107,,,,,,,2.0,4.72,,6.237,9.4,7.907,4.925,6.895,3.283,6.554754716981132,6.02812,-3.6119999999999997,35,390.0,500.0,409.0,56.0,38.0,-15.899999999999999,-104.82848,1.5710689777284341,1.5710689777284341,298503.10576840246,2.444679977028316,2.444679977028316,464489.19563538
Kysaiah Pickett,Melbourne,24.0,,Mid-Forward,171.0,6,16.333,132,,,,,,,,,6.079,9.644,9.496,9.557,11.7,13.59,16.333,10.453962121212122,14.223,2.7429999999999986,36,103.0,14.0,29.0,2.0,1.0,62.39999999999999,272.136,7.816104055205152,7.816104055205152,1485059.7704889788,5.76808081346651,5.76808081346651,1095935.354558637
Latrelle Pickett,Melbourne,20.0,,Gen. Forward,182.0,6,5.317,6,,,,,,,,,,,,,,,5.317,5.317,5.317,,33,,428.0,447.0,81.0,80.0,-3.695999999999998,-17.94,2.5444330656661847,2.5444330656661847,483442.2824765751,2.156288102735107,2.156288102735107,409694.7395196704
Trent Rivers,Melbourne,24.0,,Gen. Defender,188.0,2,7.95,125,,,,,,,,,6.344,8.0,6.944,10.08,11.026,10.587,7.95,9.196642276422763,10.587,-2.6369999999999996,24,178.0,266.0,110.0,61.5,15.0,4.034000000000001,104.87999999999997,1.268148885464621,1.268148885464621,240948.288238278,4.293515543286925,4.293515543286925,815767.9532245158
Christian Salem,Melbourne,30.0,,Gen. Defender,184.0,5,8.58,204,,,3.958,6.97,8.262,9.569,10.104,9.5,7.1,9.683,5.146,7.881,8.853,8.526,8.58,8.320475490196078,8.535642857142857,0.05400000000000027,3,253.0,236.5,248.0,54.0,58.0,13.235000000000001,10.517571428571419,3.421609257008317,3.421609257008317,650105.7588315803,3.4615958514299496,3.4615958514299496,657703.2117716904
Harry Sharp,Melbourne,23.0,,Gen. Forward,182.0,6,11.183,40,,,,,,,,,,4.85,2.18,7.067,4.583,3.617,11.183,4.874342857142857,5.508500000000001,7.566,30,473.0,101.0,435.0,12.0,75.0,31.5,-111.94,5.3515882966607,5.3515882966607,1016801.7763655331,2.2339501624819147,2.2339501624819147,424450.53087156377
Tom Sparrow,Melbourne,25.0,,Gen. Forward,183.0,6,10.217,123,,,,,,,,5.4,8.3,5.895,8.404,9.226,7.581,7.205,10.217,7.849570247933884,7.850428571428572,3.0120000000000005,32,292.0,144.0,297.0,19.0,50.0,25.704000000000004,-21.002285714285705,4.889312136902654,4.889312136902654,928969.3060115044,3.183709936043482,3.183709936043482,604904.8878482616
Jack Steele,Melbourne,30.0,,Midfielder,187.0,6,15.817,208,,,,6.971,8.85,12.425,12.724,10.57,12.658,14.741,12.767,12.49,13.422,10.314,15.817,12.218764423076923,11.536888888888889,5.503,9,35.0,19.0,70.0,9.0,35.0,59.304,148.57488888888886,7.569173932601475,7.569173932601475,1438143.0471942802,4.678739186324612,4.678739186324612,888960.4454016762
Xavier Taylor,Melbourne,19.0,,Gen. Defender,192.0,1,3.9,1,,,,,,,,,,,,,,,3.9,,,,19,,483.0,,115.0,,-2.033,,1.0,1.0,190000.0,,,
Koltyn Tholstrup,Melbourne,20.0,,Gen. Forward,186.0,6,7.433,25,,,,,,,,,,,,,6.71,4.067,7.433,5.93204,5.413399999999999,3.3659999999999997,12,426.0,306.5,437.0,49.0,77.0,9.0,-72.34000000000003,3.5570379870409536,3.5570379870409536,675837.2175377812,2.1953827375110455,2.1953827375110455,417122.72012709867
Daniel Turner,Melbourne,24.0,,Key Defender,194.0,5,8.36,42,,,,,,,,,,,5.2,4.55,5.993,9.163,8.36,7.840820512820514,8.995708333333333,-0.8030000000000008,10,293.0,248.0,208.0,18.0,14.0,12.134999999999998,28.92574999999997,3.333875686315796,3.333875686315796,633436.3804000012,3.648173566831244,3.648173566831244,693152.9776979364
Jacob Van Rooyen,Melbourne,23.0,,Key Forward,193.0,6,6.933,63,,,,,,,,,,,,,,,6.933,6.933,6.933,,2,367.0,339.0,355.0,26.0,26.0,6.0,-63.20400000000002,3.317764612424987,3.317764612424987,630375.2763607475,2.8116504450371447,2.8116504450371447,534213.5845570575
Jack Viney,Melbourne,32.0,,Midfielder,179.0,0,0.0,237,,7.6,8.185,11.394,12.81,12.494,14.07,9.857,11.625,9.52,12.432,11.771,11.957,9.894,0.0,11.073054852320675,9.894,-9.894,7,78.0,657.5,144.0,113.5,52.0,-0.0,73.00199999999998,1.0,1.0,190000.0,4.01247216258438,4.01247216258438,762369.7108910322
Kalani White,Melbourne,18.0,,Ruck,201.0,0,0.0,0,,,,,,,,,,,,,,,0.0,,,,34,,657.5,,43.0,,-0.0,,1.0,1.0,190000.0,,,
Caleb Windsor,Melbourne,20.0,,Gen. Defender,185.0,6,7.067,42,,,,,,,,,,,,,7.937,6.606,7.067,7.273976190476191,6.726260869565218,0.4610000000000003,6,339.0,333.5,368.0,79.0,86.0,6.804000000000002,-66.39104347826085,3.3818898768220667,3.3818898768220667,642559.0765961927,2.7278082168396045,2.7278082168396045,518283.56119952485
Jackson Archer,North Melbourne,23.0,,Gen. Defender,187.0,0,0.0,26,,,,,,,,,,,6.0,1.6,4.093,4.2,0.0,3.46975,,-4.2,34,484.0,657.5,,147.0,,-0.0,,1.0,1.0,190000.0,,,
Zac Banch,North Melbourne,22.0,,Gen. Forward,175.0,2,0.15,6,,,,,,,,,,,,,,2.1,0.15,,,-1.9500000000000002,45,,531.0,,102.0,,-11.565999999999999,,1.0,1.0,190000.0,,,
Tom Blamires,North Melbourne,23.0,,Gen. Defender,181.0,6,8.65,6,,,,,,,,,,,,,,,8.65,8.65,8.65,,39,,227.5,235.0,52.0,55.0,16.302000000000003,2.058,4.294569397014324,4.294569397014324,815968.1854327215,3.5173067970835263,3.5173067970835263,668288.29144587
Callum Coleman-Jones,North Melbourne,26.0,,Ruck,200.0,4,4.0,36,,,,,,,,-2.1,,8.312,5.88,5.033,4.067,-1.1,4.0,6.318259259259259,,5.1,21,401.0,482.0,,31.0,,-7.731999999999999,,1.3239520299080765,1.3239520299080765,251550.88568253454,,,
Charlie Comben,North Melbourne,24.0,,Key Defender,199.0,6,8.667,54,,,,,,,,,,6.8,-1.9,2.214,9.395,6.68,8.667,7.3000961538461535,7.13853846153846,1.987,30,337.0,226.0,346.0,15.0,37.0,16.404,-53.74923076923084,4.303009591204987,4.303009591204987,817571.8223289474,2.9027086534117226,2.9027086534117226,551514.6441482273
Aidan Corr,North Melbourne,31.0,,Key Defender,195.0,4,3.75,176,,5.59,5.8,7.326,6.067,7.996,6.775,5.7,6.893,11.25,6.805,9.395,7.657,7.65,3.75,7.3841288343558285,7.65,-3.9000000000000004,4,334.0,488.0,312.0,48.0,32.0,-8.732,-30.222,1.2412050280388216,1.2412050280388216,235828.95532737608,3.1106817338368753,3.1106817338368753,591029.5294290063
Paul Curtis,North Melbourne,23.0,,Gen. Forward,185.0,6,7.55,84,,,,,,,,,,,6.767,7.01,7.161,10.511,7.55,7.8384166666666655,9.800359999999998,-2.9609999999999994,25,294.0,297.5,149.0,48.0,18.0,9.702,68.69455999999988,3.7484391846772414,3.7484391846772414,712203.4450886758,3.9850720048399415,3.9850720048399415,757163.6809195889
Caleb Daniel,North Melbourne,29.0,,Gen. Defender,171.0,6,9.167,221,,,,7.02,10.229,11.595,9.37,10.841,11.733,11.224,10.468,11.03,7.1,8.709,9.167,10.102162895927602,8.803758620689655,0.4580000000000002,5,124.0,197.5,221.0,42.5,49.0,19.404,22.85089655172409,4.551250596812751,4.551250596812751,864737.6133944227,3.5798289059461745,3.5798289059461745,680167.4921297731
Jack Darling,North Melbourne,33.0,,Key Forward,191.0,5,10.98,325,9.975,10.929,12.45,9.553,10.326,9.917,10.695,12.742,9.261,10.532,8.162,6.64,6.352,9.123,10.98,9.846682119205301,9.466888888888889,1.857000000000001,27,141.0,114.0,180.0,8.0,10.0,25.235000000000003,53.354888888888865,4.542810402622088,4.542810402622088,863133.9764981966,3.8494742931934565,3.8494742931934565,731400.1157067567
Luke Davies-Uniacke,North Melbourne,26.0,,Midfielder,188.0,6,15.383,136,,,,,,,4.9,9.471,8.567,10.0,13.619,15.757,15.4,13.673,15.383,12.48454411764706,14.039428571428571,1.709999999999999,9,32.0,26.0,31.0,13.0,20.0,56.699999999999996,263.6917142857143,7.637382778528477,7.637382778528477,1451102.7279204107,5.708783530803973,5.708783530803973,1084668.870852755
Wil Dawson,North Melbourne,20.0,,Key Defender,200.0,0,0.0,8,,,,,,,,,,,,,4.5,5.54,0.0,5.54,5.54,-5.54,18,,657.5,432.0,68.5,50.0,-0.0,-22.136000000000003,1.0,1.0,190000.0,2.2527028503864432,2.2527028503864432,428013.54157342424
Lachy Dovaston,North Melbourne,18.0,,Gen. Forward,178.0,4,2.5,4,,,,,,,,,,,,,,,2.5,,,,1,,514.5,,97.0,,-13.732,,1.0,1.0,190000.0,,,
Zane Duursma,North Melbourne,20.0,,Gen. Forward,190.0,6,5.783,29,,,,,,,,,,,,,5.269,3.18,5.783,4.655,4.156125,2.603,7,475.0,402.0,500.0,67.0,93.0,-0.8999999999999968,-120.375375,2.8711554708594025,2.8711554708594025,545519.5394632864,1.6899845909859847,1.6899845909859847,321097.0722873371
Zac Fisher,North Melbourne,27.0,,Gen. Forward,175.0,0,0.0,132,,,,,,6.729,9.718,8.757,10.537,8.47,9.255,7.408,7.083,5.271,0.0,8.25294696969697,5.271,-5.271,16,260.0,657.5,449.0,127.0,81.0,-0.0,-139.65600000000003,1.0,1.0,190000.0,2.143320708373094,2.143320708373094,407230.9345908879
Brayden George,North Melbourne,22.0,,Gen. Forward,187.0,0,0.0,0,,,,,,,,,,,,,,,0.0,,,,33,,657.5,,127.0,,-0.0,,1.0,1.0,190000.0,,,
Taylor Goad,North Melbourne,20.0,,Ruck,207.0,0,0.0,0,,,,,,,,,,,,,,,0.0,,,,22,,657.5,,43.0,,-0.0,,1.0,1.0,190000.0,,,
Josh Goater,North Melbourne,22.0,,Gen. Defender,190.0,0,0.0,12,,,,,,,,,,,2.0,6.43,4.9,,0.0,6.43,,,31,,657.5,,147.0,,-0.0,,1.0,1.0,190000.0,,,
Robert Hansen,North Melbourne,22.0,,Mid-Forward,182.0,0,0.0,20,,,,,,,,,,,,,,,0.0,,,,46,,657.5,,40.5,,-0.0,,1.0,1.0,190000.0,,,
Riley Hardeman,North Melbourne,21.0,,Gen. Defender,184.0,0,0.0,20,,,,,,,,,,,,,2.7,5.924,0.0,5.924,5.924,-5.924,17,,657.5,416.0,147.0,96.0,-0.0,-47.66,1.0,1.0,190000.0,2.408846874673157,2.408846874673157,457680.9061878998
Cooper Harvey,North Melbourne,21.0,,Gen. Forward,180.0,0,0.0,10,,,,,,,,,,,,4.833,,5.643,0.0,5.643,5.643,-5.643,37,,657.5,430.0,127.0,74.0,-0.0,-26.640000000000008,1.0,1.0,190000.0,2.294585231900848,2.294585231900848,435971.1940611611
Jacob Konstanty,North Melbourne,21.0,,Gen. Forward,177.0,2,4.75,25,,,,,,,,,,,,,,4.365,4.75,4.365,4.365,0.3849999999999998,41,478.0,453.5,488.0,82.0,90.0,-2.3659999999999997,-98.55000000000001,1.0,1.0,190000.0,1.774918401071629,1.774918401071629,337234.4962036095
Nick Larkey,North Melbourne,27.0,,Key Forward,198.0,6,10.2,140,,,,,,-2.35,,7.982,4.25,7.064,7.245,9.87,7.97,9.335,10.2,8.03418115942029,9.560652173913043,0.8649999999999984,20,280.0,145.0,168.0,12.0,9.0,25.601999999999997,57.66799999999997,5.064116514398392,5.064116514398392,962182.1377356944,3.8876007948966165,3.8876007948966165,738644.1510303571
Griffin Logue,North Melbourne,28.0,,Key Defender,193.0,4,5.125,101,,,,,,4.246,,8.54,8.02,6.737,9.425,8.033,9.35,7.769,5.125,7.597778947368421,7.769,-2.644,19,308.0,442.0,303.0,44.0,31.0,-3.2319999999999993,-24.74800000000001,1.6963135383197228,1.6963135383197228,322299.57228074735,3.1590701163632264,3.1590701163632264,600223.3221090131
Luke McDonald,North Melbourne,31.0,,Gen. Defender,189.0,6,6.35,224,,,7.778,6.579,7.087,10.664,6.932,6.654,7.435,6.591,9.518,7.655,7.195,7.56,6.35,7.7562991071428575,7.214285714285714,-1.21,11,301.0,372.0,342.0,91.0,78.0,2.501999999999999,-50.26485714285715,3.1526607712186063,3.1526607712186063,599005.5465315352,2.933509384850835,2.933509384850835,557366.7831216586
Colby McKercher,North Melbourne,21.0,,Gen. Defender,182.0,6,9.45,45,,,,,,,,,,,,,7.606,9.174,9.45,8.653288888888888,9.231103448275862,0.2759999999999998,10,226.0,179.5,195.0,38.0,42.0,21.101999999999997,41.58465517241376,4.691755005986745,4.691755005986745,891433.4511374815,3.7535980234915445,3.7535980234915445,713183.6244633935
Hugo Mikunda,North Melbourne,19.0,,Mid-Forward,180.0,0,0.0,0,,,,,,,,,,,,,,,0.0,,,,28,,657.5,,40.5,,-0.0,,1.0,1.0,190000.0,,,
Finn O'Sullivan,North Melbourne,19.0,,Gen. Defender,182.0,4,11.425,26,,,,,,,,,,,,,,6.232,11.425,6.232,6.232,5.1930000000000005,2,406.0,89.0,397.0,16.0,94.0,21.968000000000004,-53.95,3.781537985424944,3.781537985424944,718492.2172307393,2.5340873941531252,2.5340873941531252,481476.6048890938
Luke Parker,North Melbourne,33.0,,Midfielder,183.0,6,12.867,321,7.753,11.168,13.808,12.679,15.908,13.3,14.791,14.891,10.512,14.004,13.404,12.752,9.98,10.723,12.867,12.793896103896103,11.182428571428572,2.144,26,25.0,53.0,83.0,24.0,37.0,41.604000000000006,132.2697142857143,6.388234038310207,6.388234038310207,1213764.4672789394,4.547055725108294,4.547055725108294,863940.5877705758
Toby Pink,North Melbourne,27.0,,Key Defender,194.0,4,6.825,36,,,,,,,,,,,,,5.087,5.606,6.825,5.362718749999999,5.606,1.2190000000000003,32,463.0,344.0,431.0,30.0,49.0,3.5680000000000014,-97.23600000000002,2.2589931510306553,2.2589931510306553,429208.69869582454,2.2795401045607218,2.2795401045607218,433112.61986653716
Tom Powell,North Melbourne,24.0,,Midfielder,184.0,6,7.4,97,,,,,,,,,,7.062,7.817,6.457,11.722,9.1,7.4,8.723876288659794,8.748275862068965,-1.6999999999999993,24,220.0,310.0,226.0,70.5,63.0,8.802000000000003,20.298689655172378,3.673966882994913,3.673966882994913,698053.7077690334,3.5572682257129373,3.5572682257129373,675880.9628854581
Bailey Scott,North Melbourne,25.0,,Wing,186.0,0,0.0,113,,,,,,,,7.5,6.169,6.729,7.295,7.591,7.491,4.85,0.0,6.907073394495413,4.85,-4.85,8,370.0,657.5,473.0,45.5,46.0,-0.0,-159.02200000000005,1.0,1.0,190000.0,1.9721315567462543,1.9721315567462543,374704.9957817883
Harry Sheezel,North Melbourne,21.0,,Mid-Forward,185.0,6,11.917,73,,,,,,,,,,,,10.239,15.214,9.813,11.917,11.67386301369863,10.248310344827587,2.103999999999999,3,51.0,72.0,128.0,7.0,11.0,35.903999999999996,89.30027586206899,5.916576127655455,5.916576127655455,1124149.4642545364,4.167219842136819,4.167219842136819,791771.7700059956
Jy Simpkin,North Melbourne,28.0,,Mid-Forward,183.0,6,10.783,179,,,,,,5.454,8.741,9.776,9.659,11.359,10.533,11.856,10.667,11.395,10.783,10.129614525139665,11.259,-0.6120000000000001,12,123.0,120.5,78.0,12.0,9.0,29.099999999999998,135.792,5.353565526937045,5.353565526937045,1017177.4501180386,4.578191587094037,4.578191587094037,869856.401547867
Charlie Spargo,North Melbourne,26.0,,Gen. Forward,172.0,2,2.7,110,,,,,,,6.928,5.1,5.4,7.468,6.188,5.443,2.5,4.44,2.7,6.21044859813084,4.44,-1.7400000000000002,13,409.0,511.0,487.0,96.0,89.0,-6.465999999999999,-177.882,1.0,1.0,190000.0,1.8054152808151278,1.8054152808151278,343028.9033548743
Dylan Stephens,North Melbourne,25.0,,Wing,184.0,6,7.267,87,,,,,,,,,5.05,1.843,6.373,5.923,5.963,6.441,7.267,5.823068965517241,6.618,0.8260000000000005,15,434.0,321.0,374.0,26.0,28.0,8.004000000000003,-77.694,3.607934775503247,3.607934775503247,685507.6073456169,2.6910446685663323,2.6910446685663323,511298.48702760314
River Stevens,North Melbourne,19.0,,Gen. Forward,176.0,0,0.0,0,,,,,,,,,,,,,,,0.0,,,,36,,657.5,,127.0,,-0.0,,1.0,1.0,190000.0,,,
Blake Thredgold,North Melbourne,18.0,,Gen. Defender,195.0,0,0.0,0,,,,,,,,,,,,,,,0.0,,,,23,,657.5,,147.0,,-0.0,,1.0,1.0,190000.0,,,
Cooper Trembath,North Melbourne,20.0,,Key Forward,193.0,6,11.133,9,,,,,,,,,,,,,,11.867,11.133,11.133000000000001,11.133000000000001,-0.7340000000000018,47,,103.0,86.0,6.0,5.0,31.199999999999996,25.434000000000005,5.527334230862481,5.527334230862481,1050193.5038638713,4.526956829124959,4.526956829124959,860121.7975337423
Luke Urquhart,North Melbourne,19.0,,Midfielder,184.0,0,0.0,0,,,,,,,,,,,,,,,0.0,,,,14,,657.5,,113.5,,-0.0,,1.0,1.0,190000.0,,,
George Wardlaw,North Melbourne,21.0,,Midfielder,182.0,4,13.6,43,,,,,,,,,,,,9.162,12.261,10.292,13.6,10.968974358974359,10.292,3.308,6,84.0,47.5,123.0,21.5,47.0,30.668,85.35499999999998,4.50143690168746,4.50143690168746,855273.0113206174,4.1849851509345255,4.1849851509345255,795147.1786775598
Matt Whitlock,North Melbourne,19.0,,Key Defender,198.0,0,0.0,2,,,,,,,,,,,,,,3.05,0.0,,,-3.05,35,,657.5,,68.5,,-0.0,,1.0,1.0,190000.0,,,
Tristan Xerri,North Melbourne,27.0,,Ruck,202.0,3,17.167,79,,,,,,,,,6.325,1.95,8.875,9.578,16.122,17.48,17.167,12.898722222222222,17.48,-0.31299999999999883,38,24.0,9.0,3.0,2.0,1.0,33.702000000000005,421.958,4.26155334326849,4.26155334326849,809695.1352210131,7.107806105551448,7.107806105551448,1350483.1600547752
Cameron Zurhaar,North Melbourne,27.0,,Gen. Forward,190.0,6,7.1,149,,,,,,6.5,5.6,8.347,6.65,7.28,8.437,10.013,8.373,7.755,7.1,7.975999999999998,7.614642857142856,-0.6550000000000002,44,283.0,329.0,314.0,56.5,52.0,7.001999999999999,-31.848428571428634,3.525022279630253,3.525022279630253,669754.233129748,3.0963046333863686,3.0963046333863686,588297.8803434101
Aliir Aliir,Port Adelaide,31.0,,Key Defender,194.0,6,11.233,184,,,,,11.0,9.0,10.375,11.95,5.607,11.717,9.358,10.188,9.132,9.195,11.233,10.002254143646407,9.631714285714285,2.0380000000000003,21,134.0,99.0,159.0,4.0,9.0,31.800000000000004,60.93685714285708,6.217504732454862,6.217504732454862,1181325.8991664238,4.2137024410710655,4.2137024410710655,800603.4638035025
Tom Anastasopoulos,Port Adelaide,20.0,,Midfielder,176.0,0,0.0,0,,,,,,,,,,,,,,,0.0,,,,29,,657.5,,113.5,,-0.0,,1.0,1.0,190000.0,,,
Benny Barrett,Port Adelaide,19.0,,Mid-Forward,172.0,0,0.0,0,,,,,,,,,,,,,,,0.0,,,,40,,657.5,,40.5,,-0.0,,1.0,1.0,190000.0,,,
Miles Bergman,Port Adelaide,24.0,,Gen. Defender,189.0,5,5.22,107,,,,,,,,,,5.161,7.99,7.463,9.258,9.316,5.22,7.677822429906542,8.462666666666667,-4.096000000000001,14,303.0,436.0,258.0,104.0,60.0,-3.5650000000000004,7.160666666666675,2.407740192840617,2.407740192840617,457470.6366397172,3.702265052047233,3.702265052047233,703430.3598889742
Joe Berry,Port Adelaide,20.0,,Gen. Forward,181.0,6,5.467,18,,,,,,,,,,,,,,3.367,5.467,4.066999999999999,4.066999999999999,2.0999999999999996,5,,421.0,503.0,76.0,94.0,-2.796000000000001,-76.32000000000002,3.026003594082679,3.026003594082679,574940.682875709,1.7792396368374142,1.7792396368374142,338055.5309991087
Will Brodie,Port Adelaide,27.0,,Midfielder,190.0,1,5.9,55,,,,,,1.667,7.362,7.713,2.4,4.86,12.717,10.1,,,5.9,10.012160000000002,,,23,133.0,396.5,,79.0,,-0.032999999999999474,,1.0,1.0,190000.0,,,
Jase Burgoyne,Port Adelaide,22.0,,Wing,186.0,6,7.917,62,,,,,,,,,,,5.175,3.98,9.291,8.105,7.917,7.8160483870967745,8.061615384615386,-0.1880000000000006,7,295.0,270.0,283.0,23.0,20.0,11.904,-11.287692307692243,4.382087150969922,4.382087150969922,832596.5586842853,3.526812301265305,3.526812301265305,670094.337240408
Zak Butters,Port Adelaide,25.0,,Midfielder,181.0,6,19.633,145,,,,,,,,7.411,9.412,12.358,11.36,16.56,15.581,15.92,19.633,13.321468965517242,16.776846153846154,3.712999999999999,9,19.0,3.0,6.0,2.0,5.0,82.19999999999999,389.6129230769231,10.866934070353986,10.866934070353986,2064717.4733672575,7.339569623320975,7.339569623320975,1394518.2284309852
Darcy Byrne-Jones,Port Adelaide,30.0,,Gen. Forward,181.0,6,7.1,227,,,,,7.435,7.904,7.805,9.745,8.353,6.854,9.529,8.752,8.45,8.109,7.1,8.255916299559471,7.892785714285714,-1.0090000000000003,33,259.0,329.0,295.0,56.5,49.0,7.001999999999999,-19.05385714285717,3.9298747975099717,3.9298747975099717,746676.2115268946,3.452952345198242,3.452952345198242,656060.9455876659
Tom Cochrane,Port Adelaide,20.0,,Gen. Forward,182.0,0,0.0,3,,,,,,,,,,,,,,3.933,0.0,,,-3.933,26,,657.5,,127.0,,-0.0,,1.0,1.0,190000.0,,,
Willem Drew,Port Adelaide,27.0,,Midfielder,188.0,6,11.617,136,,,,,,,,8.01,,10.775,11.809,10.964,11.642,10.3,11.617,10.896264705882354,10.572482758620689,1.3170000000000002,28,87.0,82.0,111.0,32.0,46.0,34.104000000000006,104.21220689655166,6.4300500736159645,6.4300500736159645,1221709.5139870332,4.625271793439415,4.625271793439415,878801.6407534889
Corey Durdin,Port Adelaide,24.0,,Gen. Forward,173.0,6,6.617,70,,,,,,,,,,5.65,6.471,7.7,4.179,5.688,6.617,6.026573529411764,5.9413636363636355,0.9290000000000003,44,422.0,357.0,415.0,61.0,71.0,4.104000000000001,-108.81927272727279,3.662532610580773,3.662532610580773,695881.1960103469,2.5992401472049806,2.5992401472049806,493855.62796894636
Logan Evans,Port Adelaide,20.0,,Gen. Defender,189.0,6,4.15,29,,,,,,,,,,,,,7.085,6.84,4.15,6.393275862068966,5.831250000000001,-2.6899999999999995,22,396.0,478.0,423.0,113.0,99.0,-10.697999999999997,-71.79674999999999,2.2970394943192094,2.2970394943192094,436437.5039206498,2.551067404059055,2.551067404059055,484702.8067712204
Kane Farrell,Port Adelaide,27.0,,Gen. Defender,182.0,6,8.95,120,,,,,,,6.44,6.686,5.445,6.85,9.488,9.25,9.605,8.738,8.95,8.426775000000001,8.78511111111111,0.21199999999999974,6,243.0,213.0,224.0,48.0,51.0,18.101999999999997,21.99311111111105,4.953856258832993,4.953856258832993,941232.6891782688,3.8433287196728965,3.8433287196728965,730232.4567378503
Mitch Georgiades,Port Adelaide,24.0,,Key Forward,192.0,6,8.433,98,,,,,,,,,6.114,5.624,4.505,0.5,7.205,7.035,8.433,6.28125,7.324241379310346,1.3979999999999997,19,403.0,243.5,334.0,16.0,24.0,15.0,-45.20689655172412,4.667694953155155,4.667694953155155,886862.0410994794,3.2042243845177536,3.2042243845177536,608802.6330583732
Jason Horne-Francis,Port Adelaide,22.0,,Midfielder,185.0,6,10.733,86,,,,,,,,,,,7.2,10.525,12.033,11.047,10.733,10.394127906976744,10.957285714285714,-0.31400000000000006,18,107.0,122.0,98.0,42.0,44.0,28.800000000000004,121.91314285714282,5.9407529861513435,5.9407529861513435,1128743.0673687553,4.793616192527541,4.793616192527541,910787.0765802328
Lachlan Jones,Port Adelaide,24.0,,Gen. Defender,186.0,5,7.08,79,,,,,,,,,,,,,,,7.08,7.08,7.08,,34,352.0,332.0,347.0,78.0,79.0,5.735000000000001,-56.442000000000014,3.2656706063815264,3.2656706063815264,620477.41521249,3.0973731568253986,3.0973731568253986,588500.8997968257
Josh Lai,Port Adelaide,20.0,,Gen. Defender,185.0,4,5.475,4,,,,,,,,,,,,,,,5.475,,,,43,,420.0,,100.0,,-1.8320000000000007,,2.02028774801569,2.02028774801569,383854.6721229811,,,
Mani Liddy,Port Adelaide,24.0,,Wing,181.0,0,0.0,9,,,,,,,,,,,,,,3.856,0.0,3.856,3.856,-3.856,50,,657.5,512.0,45.5,50.0,-0.0,-40.059000000000005,1.0,1.0,190000.0,1.686930917050669,1.686930917050669,320516.87423962716
Ollie Lord,Port Adelaide,24.0,,Key Forward,197.0,1,3.5,35,,,,,,,,,,,,4.454,4.283,3.853,3.5,4.158676470588235,3.853,-0.3530000000000002,30,479.0,495.0,513.0,54.0,57.0,-2.433,-155.89000000000001,1.0,1.0,190000.0,1.685618470797777,1.685618470797777,320267.5094515776
Will Lorenz,Port Adelaide,21.0,,Wing,186.0,0,0.0,8,,,,,,,,,,,,,2.15,6.583,0.0,6.583000000000001,6.583000000000001,-6.583,36,,657.5,375.0,45.5,29.0,-0.0,-13.791999999999994,1.0,1.0,190000.0,2.8799445609296046,2.8799445609296046,547189.4665766249
Jack Lukosius,Port Adelaide,25.0,,Key Forward,195.0,4,10.4,127,,,,,,,,5.805,7.612,9.341,8.285,10.718,8.2,6.229,10.4,8.261097560975609,6.229,4.171,12,257.0,133.5,398.0,9.0,35.0,17.868000000000002,-95.58800000000001,3.8376242154087996,3.8376242154087996,729148.600927672,2.7250759030883343,2.7250759030883343,517764.42158678354
Ewan Mackinlay,Port Adelaide,22.0,,Mid-Forward,182.0,6,7.717,7,,,,,,,,,,,,,,7.4,7.717,7.717,7.717,0.3169999999999993,31,,286.0,306.0,18.0,20.0,10.703999999999999,-4.130000000000005,4.271386452448516,4.271386452448516,811563.4259652179,3.3760492445228247,3.3760492445228247,641449.3564593367
Todd Marshall,Port Adelaide,27.0,,Key Forward,198.0,4,8.025,120,,,,,,3.933,9.071,7.09,5.829,7.476,10.148,7.733,5.447,,8.025,7.539761061946902,,,4,318.0,263.0,,18.0,,8.368000000000002,,2.9612436854476556,2.9612436854476556,562636.3002350546,,,
Jackson Mead,Port Adelaide,24.0,,Wing,184.0,2,5.25,66,,,,,,,,,,,5.573,4.3,7.558,6.725,5.25,6.600171875,6.725,-1.4749999999999996,3,387.0,432.5,369.0,33.0,27.0,-1.3659999999999997,-72.77200000000003,1.0,1.0,190000.0,2.942067016899831,2.942067016899831,558992.733210968
Christian Moraes,Port Adelaide,19.0,,Wing,183.0,1,3.2,15,,,,,,,,,,,,,,4.886,3.2,4.886,4.886,-1.686,11,,503.0,471.0,38.0,44.0,-2.7329999999999997,-51.315000000000005,1.0,1.0,190000.0,2.137537463876963,2.137537463876963,406132.11813662294
Jacob Moss,Port Adelaide,21.0,,Key Defender,198.0,0,0.0,0,,,,,,,,,,,,,,,0.0,,,,42,,657.5,,68.5,,-0.0,,1.0,1.0,190000.0,,,
Balyn O'Brien,Port Adelaide,19.0,,Gen. Defender,187.0,0,0.0,0,,,,,,,,,,,,,,,0.0,,,,41,,657.5,,147.0,,-0.0,,1.0,1.0,190000.0,,,
Sam Powell-Pepper,Port Adelaide,28.0,,Gen. Forward,187.0,0,0.0,158,,,,,,9.355,8.975,9.184,7.805,7.463,8.123,7.804,3.933,8.344,0.0,8.38012258064516,8.344,-8.344,2,249.0,657.5,265.0,127.0,39.0,-0.0,1.7019999999999555,1.0,1.0,190000.0,3.6503505113772774,3.6503505113772774,693566.5971616827
Harrison Ramm,Port Adelaide,19.0,,Key Defender,202.0,0,0.0,1,,,,,,,,,,,,,,3.6,0.0,,,-3.6,32,,657.5,,68.5,,-0.0,,1.0,1.0,190000.0,,,
Esava Ratugolea,Port Adelaide,27.0,,Key Defender,197.0,3,7.433,114,,,,,,,6.013,6.51,5.867,6.847,4.475,6.969,6.974,8.923,7.433,6.909514018691589,8.923,-1.4900000000000002,27,369.0,306.5,213.0,27.0,15.0,4.5,28.335999999999984,2.057095730274058,2.057095730274058,390848.188752071,3.9036526381854566,3.9036526381854566,741694.0012552367
Joe Richards,Port Adelaide,26.0,,Gen. Forward,177.0,6,9.383,37,,,,,,,,,,,,,8.189,7.791,9.383,8.145972972972974,8.132142857142858,1.5919999999999987,35,269.0,183.5,279.0,31.5,44.0,20.699999999999996,-6.469714285714268,5.19352327113184,5.19352327113184,986769.4215150496,3.557666806946849,3.557666806946849,675956.6933199014
Connor Rozee,Port Adelaide,26.0,,Gen. Defender,185.0,2,4.4,152,,,,,,,,10.082,7.156,10.195,11.427,14.824,11.67,11.686,4.4,11.241366666666668,11.686,-7.286,1,70.0,465.5,67.0,107.0,9.0,-3.065999999999999,155.43399999999997,1.0,1.0,190000.0,5.112415637099097,5.112415637099097,971358.9710488284
Josh Sinn,Port Adelaide,23.0,,Gen. Defender,187.0,0,0.0,30,,,,,,,,,,,-1.2,3.233,4.6,5.015,0.0,4.919230769230769,5.015,-5.015,8,472.0,657.5,464.0,147.0,106.0,-0.0,-98.76000000000002,1.0,1.0,190000.0,2.1939726527513237,2.1939726527513237,416854.8040227515
Ivan Soldo,Port Adelaide,30.0,,Ruck,204.0,0,0.0,66,,,,,,6.343,9.8,10.407,7.943,,5.162,10.4,10.85,4.9,0.0,8.412609374999999,,-4.9,13,245.0,657.5,,43.0,,-0.0,,1.0,1.0,190000.0,,,
Jordon Sweet,Port Adelaide,28.0,,Ruck,206.0,5,10.28,52,,,,,,,,,,6.42,7.667,,9.741,9.358,10.28,9.094249999999999,9.550083333333335,0.9219999999999988,24,184.0,140.0,170.0,12.0,19.0,21.735,57.181833333333394,4.741679920000295,4.741679920000295,900919.184800056,4.177990361880267,4.177990361880267,793818.1687572509
Dante Visentini,Port Adelaide,23.0,,Ruck,202.0,2,4.75,16,,,,,,,,,,,,5.467,7.367,5.513,4.75,5.513,5.513,-0.7629999999999999,38,,453.5,434.0,30.0,26.0,-2.3659999999999997,-44.70400000000001,1.0,1.0,190000.0,2.4118387307314153,2.4118387307314153,458249.35883896885
Xavier Walsh,Port Adelaide,20.0,,Key Defender,195.0,0,0.0,0,,,,,,,,,,,,,,,0.0,,,,45,,657.5,,68.5,,-0.0,,1.0,1.0,190000.0,,,
Jack Watkins,Port Adelaide,26.0,,Mid-Forward,,5,4.84,5,,,,,,,,,,,,,,,4.84,4.84,4.84,,37,,448.0,474.0,27.0,26.0,-5.465,-17.335,2.2324640868483883,2.2324640868483883,424168.1765011938,2.1174132879992835,2.1174132879992835,402308.52471986384
Jacob Wehr,Port Adelaide,27.0,,Wing,185.0,6,4.217,45,,,,,,,,,,,8.56,2.3,5.809,5.693,4.217,6.20739024390244,5.2501999999999995,-1.476,15,410.0,473.5,452.0,36.0,41.0,-10.296000000000001,-137.55600000000004,2.334124228323881,2.334124228323881,443483.60338153737,2.296868438978066,2.296868438978066,436405.0034058325
Jack Whitlock,Port Adelaide,19.0,,Key Forward,200.0,6,3.717,10,,,,,,,,,,,,,,4.05,3.717,3.717,3.717,-0.33299999999999974,17,,489.0,518.0,51.0,59.0,-13.296,-45.9,2.057372482020362,2.057372482020362,390900.7715838688,1.6261209073333343,1.6261209073333343,308962.9723933335
Oliver Wines,Port Adelaide,31.0,,Midfielder,187.0,3,8.467,276,,,,,,,,,,,,,,,8.467,,,,16,,242.0,,61.0,,7.602000000000002,,2.3432570359518974,2.3432570359518974,445218.83683086047,,,
Mitch Zadow,Port Adelaide,22.0,,Gen. Forward,180.0,1,0.9,1,,,,,,,,,,,,,,,0.9,,,,39,,529.0,,101.0,,-5.0329999999999995,,1.0,1.0,190000.0,,,
Brandon Zerk-Thatcher,Port Adelaide,27.0,,Key Defender,195.0,0,0.0,90,,,,,,,,2.4,4.59,5.05,7.458,9.959,7.396,6.377,0.0,7.415629213483145,6.377,-6.377,25,330.0,657.5,388.0,68.5,44.0,-0.0,-88.78000000000003,1.0,1.0,190000.0,2.7898232515643455,2.7898232515643455,530066.4177972256
Jasper Alger,Richmond,19.0,,Gen. Forward,183.0,1,-1.9,5,,,,,,,,,,,,,,2.75,-1.9,,,-4.65,29,,789.0,,153.0,,-7.833,,1.0,1.0,190000.0,,,
Harry Armstrong,Richmond,19.0,,Key Forward,195.0,3,2.067,11,,,,,,,,,,,,,,3.638,2.067,3.638,3.638,-1.5709999999999997,34,,518.5,519.0,62.0,60.0,-11.597999999999999,-51.35900000000001,1.0,1.0,190000.0,1.6061748323751783,1.6061748323751783,305173.21815128386
Noah Balta,Richmond,26.0,,Key Defender,194.0,5,3.82,122,,,,,,,,7.369,7.829,10.421,7.728,10.287,8.163,7.708,3.82,8.400737704918031,6.628,-3.8880000000000003,21,247.0,485.0,373.0,47.0,40.0,-10.565,-77.23400000000001,2.1014505509981336,2.1014505509981336,399275.6046896454,2.9262580508473564,2.9262580508473564,555989.0296609978
Sam Banks,Richmond,23.0,,Gen. Defender,187.0,6,5.95,49,,,,,,,,,,,,4.867,6.667,7.355,5.95,6.66769387755102,7.053928571428571,-1.4050000000000002,6,384.0,393.5,349.0,97.0,80.0,0.10200000000000209,-57.64128571428574,3.9278421293525336,3.9278421293525336,746290.0045769814,3.114305261352602,3.114305261352602,591717.9996569945
Nathan Broad,Richmond,33.0,,Gen. Defender,192.0,5,7.74,175,,,,,9.9,6.78,6.706,5.867,5.306,9.379,8.017,10.837,7.255,7.995,7.74,7.5723236994219665,7.947777777777779,-0.2549999999999999,35,314.0,285.0,292.0,66.0,67.0,9.035000000000002,-16.524222222222164,4.257912896525015,4.257912896525015,809003.4503397528,3.5089391533747643,3.5089391533747643,666698.4391412052
Tom Brown,Richmond,22.0,,Gen. Defender,193.0,4,6.25,46,,,,,,,,,,,,7.5,6.894,8.126,6.25,7.585121951219512,8.126,-1.8759999999999994,30,311.0,377.5,281.0,93.0,63.0,1.2680000000000007,-8.326000000000043,2.7505897264373482,2.7505897264373482,522612.04802309617,3.5876241582959585,3.5876241582959585,681648.5900762321
Seth Campbell,Richmond,21.0,,Gen. Forward,182.0,6,7.933,49,,,,,,,,,,,,,6.538,9.977,7.933,8.252857142857144,9.539,-2.0440000000000005,44,261.0,268.0,173.0,47.0,22.0,12.0,56.67199999999997,5.236902791958596,5.236902791958596,995011.5304721333,4.211462816390002,4.211462816390002,800177.9351141003
Judson Clarke,Richmond,22.0,,Gen. Defender,180.0,0,0.0,17,,,,,,,,,,,5.4,6.285,1.2,,0.0,6.285,,,23,,657.5,,147.0,,-0.0,,1.0,1.0,190000.0,,,
Sam Cumming,Richmond,18.0,,Midfielder,184.0,0,0.0,0,,,,,,,,,,,,,,,0.0,,,,22,,657.5,,113.5,,-0.0,,1.0,1.0,190000.0,,,
Jonty Faull,Richmond,20.0,,Key Forward,195.0,5,3.18,21,,,,,,,,,,,,,,2.794,3.18,2.885904761904762,2.885904761904762,0.3860000000000001,8,487.0,505.0,529.0,58.0,66.0,-13.764999999999999,-113.84300000000002,1.7493750660141534,1.7493750660141534,332381.26254268916,1.274125232876061,1.274125232876061,242083.7942464516
Liam Fawcett,Richmond,20.0,,Key Forward,197.0,3,2.267,4,,,,,,,,,,,,,,10.8,2.267,,,-8.533000000000001,43,,517.0,,61.0,,-10.998,,1.0,1.0,190000.0,,,
Josh Gibcus,Richmond,23.0,,Key Defender,196.0,1,2.6,22,,,,,,,,,,,7.094,,8.75,5.4,2.6,7.094,,-2.8000000000000003,18,350.0,512.5,,49.5,,-3.3329999999999997,,1.0,1.0,190000.0,,,
Campbell Gray,Richmond,22.0,,Key Defender,195.0,5,2.4,8,,,,,,,,,,,,,,9.367,2.4,2.4,2.4,-6.9670000000000005,50,,516.0,531.0,51.0,56.0,-17.665,-47.256,1.3202830686899272,1.3202830686899272,250853.78305108618,1.0595985700111128,1.0595985700111128,201323.7283021114
Steely Green,Richmond,22.0,,Gen. Forward,179.0,6,6.25,31,,,,,,,,,,,,,6.15,5.095,6.25,5.522741935483871,5.3722,1.1550000000000002,48,448.0,377.5,442.0,65.0,79.0,1.902000000000001,-90.9788,4.125884589656023,4.125884589656023,783918.0720346444,2.371823099089042,2.371823099089042,450646.388826918
Samuel Grlj,Richmond,18.0,,Gen. Defender,182.0,6,7.95,6,,,,,,,,,,,,,,,7.95,7.95,7.95,,24,,266.0,291.0,61.5,66.0,12.102000000000002,-2.1420000000000012,5.248125198042461,5.248125198042461,997143.7876280675,3.5099202631618107,3.5099202631618107,666884.8500007441
Oliver Hayes-Brown,Richmond,25.0,,Ruck,208.0,1,7.9,1,,,,,,,,,,,,,,,7.9,,,,47,,271.5,,21.0,,1.9670000000000005,,1.0,1.0,190000.0,,,
Jacob Hopper,Richmond,29.0,,Midfielder,187.0,5,6.82,170,,,,,8.34,7.454,8.186,11.996,7.612,11.87,6.129,10.731,9.1,10.2,6.82,9.547229411764704,9.596428571428572,-3.379999999999999,2,162.0,345.0,163.0,75.0,53.0,4.435000000000002,59.31371428571427,3.751804386860543,3.751804386860543,712842.8335035032,4.236817496458125,4.236817496458125,804995.3243270437
Taj Hotton,Richmond,19.0,,Gen. Forward,182.0,0,0.0,7,,,,,,,,,,,,,,8.271,0.0,8.271,8.271,-8.271,10,,657.5,271.0,127.0,41.0,-0.0,-0.2519999999999971,1.0,1.0,190000.0,3.6516415719007975,3.6516415719007975,693811.8986611515
Sam Lalor,Richmond,19.0,,Gen. Forward,188.0,6,10.25,17,,,,,,,,,,,,,,8.791,10.25,9.30594117647059,9.30594117647059,1.4589999999999996,4,,141.0,188.0,18.0,27.0,25.902,16.98200000000002,6.766450727035876,6.766450727035876,1285625.6381368164,4.108567484664904,4.108567484664904,780627.8220863317
Mykelti Lefau,Richmond,27.0,,Key Forward,195.0,5,6.76,16,,,,,,,,,,,,,5.73,1.0,6.76,6.073333333333333,6.76,5.76,42,,348.5,363.0,27.0,30.0,4.135,-24.75200000000001,3.7187973101432945,3.7187973101432945,706571.4889272259,2.9845359721979676,2.9845359721979676,567061.8347176139
Tom Lynch,Richmond,33.0,,Key Forward,199.0,2,-1.15,238,4.65,11.324,7.612,11.817,13.17,11.504,10.788,12.025,8.354,9.317,12.953,8.225,4.4,7.231,-1.15,10.7699585492228,7.231,-8.381,19,91.0,787.0,341.0,87.0,25.0,-14.166,-49.49600000000002,1.0,1.0,190000.0,3.1924821915626485,3.1924821915626485,606571.6163969032
Rhyan Mansell,Richmond,25.0,,Gen. Forward,180.0,1,13.7,74,,,,,,,,,,5.692,2.35,4.641,8.919,7.175,13.7,6.8125633802816905,7.175,6.5249999999999995,7,377.0,45.0,345.0,5.0,61.0,7.7669999999999995,-52.072000000000024,1.5073231700876668,1.5073231700876668,286391.4023166567,3.1677582249290555,3.1677582249290555,601874.0627365205
Kane McAuliffe,Richmond,21.0,,Midfielder,187.0,3,4.033,17,,,,,,,,,,,,,5.344,8.52,4.033,6.478285714285714,8.52,-4.486999999999999,28,,481.0,249.0,89.0,66.0,-5.699999999999998,3.6209999999999862,1.331175404006619,1.331175404006619,252923.3267612576,3.7615749235394498,3.7615749235394498,714699.2354724954
Ben Miller,Richmond,26.0,,Key Defender,198.0,6,9.217,75,,,,,,,,,,8.9,8.691,7.562,10.095,8.291,9.217,8.809418918918919,8.482586206896553,0.9260000000000002,12,211.0,193.0,254.0,13.0,24.0,19.704000000000004,8.076965517241408,6.08452452205753,6.08452452205753,1156059.6591909307,3.7450567561764903,3.7450567561764903,711560.7836735331
Toby Nankervis,Richmond,31.0,,Ruck,199.0,0,0.0,181,,,,4.38,9.9,12.267,13.583,8.033,11.118,11.15,12.4,13.06,12.919,12.991,0.0,11.917944134078214,12.991000000000001,-12.991,25,43.0,657.5,43.0,43.0,7.0,-0.0,215.46400000000006,1.0,1.0,190000.0,5.73551875958932,5.73551875958932,1089748.5643219708
Zane Peucker,Richmond,18.0,,Mid-Forward,180.0,0,0.0,0,,,,,,,,,,,,,,,0.0,,,,26,,657.5,,40.5,,-0.0,,1.0,1.0,190000.0,,,
Dion Prestia,Richmond,33.0,,Midfielder,175.0,5,7.18,242,9.386,12.795,13.586,15.175,11.743,10.75,13.023,15.508,8.589,11.989,12.347,11.43,11.323,11.225,7.18,12.140848888888888,10.035294117647059,-4.045,3,37.0,324.0,136.0,73.0,50.0,6.234999999999999,79.50152941176468,3.949846847164032,3.949846847164032,750470.900961166,4.4305763736248975,4.4305763736248975,841809.5109887306
Hugo Ralphsmith,Richmond,24.0,,Wing,187.0,4,8.6,66,,,,,,,,,,5.517,6.315,5.454,5.983,8.342,8.6,6.353177419354839,8.342,0.2579999999999991,13,399.0,231.5,266.0,16.0,18.0,10.668,1.6100000000000065,3.784811463577791,3.784811463577791,719114.1780797803,3.68298802959696,3.68298802959696,699767.7256234224
Patrick Retschko,Richmond,20.0,,Midfielder,186.0,1,5.3,1,,,,,,,,,,,,,,,5.3,,,,33,,429.5,,82.0,,-0.633,,1.0,1.0,190000.0,,,
Maurice Rioli,Richmond,23.0,,Gen. Forward,179.0,6,5.683,55,,,,,,,,,,2.1,6.26,2.73,7.478,5.985,5.683,5.668018867924529,5.889631578947369,-0.3020000000000005,17,441.0,409.0,419.0,71.0,72.0,-1.5,-111.19894736842106,3.751584339682428,3.751584339682428,712801.0245396614,2.6002688328937182,2.6002688328937182,494051.0782498065
Noah Roberts-Thomson,Richmond,19.0,,Midfielder,181.0,0,0.0,0,,,,,,,,,,,,,,,0.0,,,,27,,657.5,,113.5,,-0.0,,1.0,1.0,190000.0,,,
Jack Ross,Richmond,25.0,,Mid-Forward,187.0,6,12.15,99,,,,,,,,8.9,5.6,5.173,8.92,10.905,9.257,9.522,12.15,8.85651515151515,10.065724137931035,2.628,5,206.0,62.5,134.0,6.0,12.0,37.30200000000001,80.90131034482759,8.02071964229131,8.02071964229131,1523936.732035349,4.444011209449194,4.444011209449194,844362.1297953469
Samson Ryan,Richmond,25.0,,Ruck,206.0,2,5.2,27,,,,,,,,,,0.1,,7.107,4.088,3.45,5.2,6.009181818181818,,1.75,32,423.0,437.5,,29.0,,-1.4659999999999993,,1.1442453261979368,1.1442453261979368,217406.611977608,,,
Jayden Short,Richmond,30.0,,Gen. Defender,178.0,6,7.433,196,,,,,5.231,5.969,10.871,6.307,8.529,8.968,12.109,12.3,8.136,7.507,7.433,8.788857142857143,7.485857142857141,-0.07399999999999984,15,213.0,306.5,324.0,74.0,76.0,9.0,-37.77257142857151,4.906832024786114,4.906832024786114,932298.0847093617,3.3050014682828754,3.3050014682828754,627950.2789737463
Thomas Sims,Richmond,19.0,,Key Forward,199.0,0,0.0,11,,,,,,,,,,,,,,3.736,0.0,3.736,3.736,-3.736,38,,657.5,516.0,75.0,58.0,-0.0,-50.281,1.0,1.0,190000.0,1.6494417739839655,1.6494417739839655,313393.93705695344
Josh Smillie,Richmond,19.0,,Midfielder,195.0,0,0.0,0,,,,,,,,,,,,,,,0.0,,,,16,,657.5,,113.5,,-0.0,,1.0,1.0,190000.0,,,
Kaleb Smith,Richmond,21.0,,Gen. Defender,181.0,0,0.0,12,,,,,,,,,,,,,3.525,3.875,0.0,3.875,3.875,-3.875,49,,657.5,511.0,147.0,118.0,-0.0,-53.184000000000005,1.0,1.0,190000.0,1.7108101911637759,1.7108101911637759,325053.9363211174
Tyler Sonsie,Richmond,23.0,,Mid-Forward,181.0,5,6.06,45,,,,,,,,,,,8.671,2.2,4.75,4.606,6.06,5.504595238095238,4.952190476190476,1.4539999999999997,40,455.0,389.0,467.0,23.0,25.0,0.6349999999999989,-150.9664285714286,3.333714748442066,3.333714748442066,633405.8022039925,2.186389144580867,2.186389144580867,415413.93747036473
Tim Taranto,Richmond,28.0,,Midfielder,188.0,6,12.133,179,,,,,,9.65,9.539,10.531,8.836,10.638,10.181,11.474,11.447,12.405,12.133,10.685011173184357,12.344555555555555,-0.27200000000000024,14,96.0,64.0,53.0,28.0,30.0,37.199999999999996,185.7275555555555,8.009497236207444,8.009497236207444,1521804.4748794143,5.450113922537252,5.450113922537252,1035521.6452820778
Luke Trainor,Richmond,20.0,,Gen. Defender,193.0,3,3.167,24,,,,,,,,,,,,,,4.157,3.167,4.157,4.157,-0.9900000000000002,11,480.0,506.0,498.5,117.0,113.0,-8.298,-99.60000000000001,1.04533411963525,1.04533411963525,198613.4827306975,1.8353130231400814,1.8353130231400814,348709.47439661546
James Trezise,Richmond,23.0,,Wing,188.0,2,7.95,26,,,,,,,,,,,,9.2,7.214,6.044,7.95,6.400086956521739,6.044,1.9060000000000006,36,395.0,266.0,408.0,22.0,33.0,4.034000000000001,-58.83800000000002,1.7493750660141534,1.7493750660141534,332381.26254268916,2.6684223988113187,2.6684223988113187,507000.2557741506
Nick Vlastuin,Richmond,32.0,,Gen. Defender,187.0,5,6.76,260,,9.933,8.54,9.23,8.074,10.4,9.848,12.008,9.625,10.567,11.124,12.024,10.909,10.368,6.76,10.15192307692308,9.699851851851852,-3.6080000000000005,1,121.0,348.5,154.0,84.0,31.0,4.135,64.07118518518517,3.7187973101432945,3.7187973101432945,706571.4889272259,4.282478813142444,4.282478813142444,813670.9744970644
Eamonn Armstrong,St Kilda,19.0,,Gen. Defender,191.0,0,0.0,0,,,,,,,,,,,,,,,0.0,,,,46,,657.5,,147.0,,-0.0,,1.0,1.0,190000.0,,,
Charlie Banfield,St Kilda,18.0,,Mid-Forward,192.0,0,0.0,0,,,,,,,,,,,,,,,0.0,,,,36,,657.5,,40.5,,-0.0,,1.0,1.0,190000.0,,,
James Barrat,St Kilda,19.0,,Key Defender,194.0,0,0.0,0,,,,,,,,,,,,,,,0.0,,,,28,,657.5,,68.5,,-0.0,,1.0,1.0,190000.0,,,
Hugh Boxshall,St Kilda,19.0,,Wing,188.0,5,3.42,16,,,,,,,,,,,,,,6.673,3.42,5.656437500000001,5.656437500000001,-3.253,38,,496.0,429.0,37.0,37.0,-12.565,-42.40899999999999,1.4403553887401273,1.4403553887401273,273667.5238606242,2.37577301889018,2.37577301889018,451396.87358913425
Daniel Butler,St Kilda,29.0,,Gen. Forward,182.0,3,5.733,154,,,,,,,,,,,,,,,5.733,,,,16,,406.5,,69.0,,-0.6000000000000005,,1.4486942883591487,1.4486942883591487,275251.91478823824,,,
Ryan Byrnes,St Kilda,24.0,,Gen. Defender,181.0,0,0.0,80,,,,,,,,,0.1,5.894,2.845,6.815,6.887,5.859,0.0,5.8836329113924055,5.859,-5.859,13,430.0,657.5,421.0,147.0,97.0,-0.0,-112.60800000000002,1.0,1.0,190000.0,2.4608517494761615,2.4608517494761615,467561.8324004707
Anthony Caminiti,St Kilda,22.0,,Key Defender,196.0,3,7.067,59,,,,,,,,,,,,6.294,5.967,7.304,7.067,6.621232142857143,7.304000000000001,-0.2370000000000001,47,385.0,333.5,335.0,29.0,34.0,3.402000000000001,-46.13799999999996,1.7857879881099086,1.7857879881099086,339299.71774088265,3.0677694449861552,3.0677694449861552,582876.1945473695
Jack Carroll,St Kilda,23.0,,Midfielder,188.0,6,4.217,30,,,,,,,,,,,3.42,4.8,6.147,4.533,4.217,5.177192307692308,4.217,-0.3160000000000007,18,465.0,473.5,493.0,88.0,81.0,-10.296000000000001,-122.70000000000002,2.1312205874796897,2.1312205874796897,404931.911621141,1.771191641498715,1.771191641498715,336526.4118847558
Hunter Clark,St Kilda,27.0,,Midfielder,186.0,2,5.2,113,,,,,,,6.167,7.043,6.733,7.869,5.85,8.295,10.8,6.054,5.2,7.3559009009009,6.054,-0.8540000000000001,11,336.0,437.5,407.0,83.0,80.0,-1.4659999999999993,-103.638,1.0,1.0,190000.0,2.542754137451558,2.542754137451558,483123.286115796
Lance Collard,St Kilda,21.0,,Gen. Forward,185.0,0,0.0,15,,,,,,,,,,,,,0.933,4.2,0.0,4.2,4.2,-4.2,4,,657.5,495.5,127.0,92.0,-0.0,-61.605000000000004,1.0,1.0,190000.0,1.764051433316245,1.764051433316245,335169.7723300865
Tom De Koning,St Kilda,26.0,,Ruck,201.0,6,6.583,106,,,,,,,3.5,,5.829,6.438,9.916,10.695,14.022,11.495,6.583,10.200865384615383,10.44242857142857,-4.911999999999999,21,119.0,359.5,114.0,24.0,15.0,3.900000000000002,98.2297142857142,3.326968254061845,3.326968254061845,632123.9682717505,4.385947878269302,4.385947878269302,833330.0968711674
Alex Dodson,St Kilda,19.0,,Key Forward,203.0,0,0.0,1,,,,,,,,,,,,,,-1.0,0.0,,,1.0,30,,657.5,,75.0,,-0.0,,1.0,1.0,190000.0,,,
Paddy Dow,St Kilda,26.0,,Midfielder,184.0,0,0.0,83,,,,,,,8.255,7.774,2.833,7.512,3.0,8.85,8.27,,0.0,8.048815789473684,,,15,279.0,657.5,,113.5,,-0.0,,1.0,1.0,190000.0,,,
Kye Fincher,St Kilda,18.0,,Gen. Defender,186.0,0,0.0,0,,,,,,,,,,,,,,,0.0,,,,37,,657.5,,147.0,,-0.0,,1.0,1.0,190000.0,,,
Sam Flanders,St Kilda,24.0,,Gen. Forward,183.0,6,11.067,95,,,,,,,,,4.8,5.812,6.144,10.193,14.7,8.761,11.067,9.539947368421053,9.238103448275861,2.306000000000001,9,163.0,107.0,193.0,13.0,29.0,30.804000000000002,42.83075862068961,5.593127399012978,5.593127399012978,1062694.2058124659,3.880116578346375,3.880116578346375,737222.1498858113
Hugo Garcia,St Kilda,20.0,,Midfielder,185.0,6,11.533,32,,,,,,,,,,,,,4.478,8.041,11.533,7.69365625,8.95195652173913,3.491999999999999,34,302.0,84.5,210.0,33.5,60.0,33.599999999999994,20.638608695652124,5.828638139768381,5.828638139768381,1107441.2465559924,3.7599313650377657,3.7599313650377657,714386.9593571755
Max Hall,St Kilda,24.0,,Gen. Forward,183.0,6,12.917,29,,,,,,,,,,,,,,11.326,12.917,11.655172413793103,11.655172413793103,1.5909999999999993,40,52.0,52.0,68.0,7.0,4.0,41.903999999999996,97.09699999999998,6.528094932054815,6.528094932054815,1240338.037090415,4.895315143357067,4.895315143357067,930109.8772378427
Angus Hastie,St Kilda,20.0,,Gen. Defender,190.0,0,0.0,14,,,,,,,,,,,,,1.72,3.733,0.0,3.014071428571429,3.733,-3.733,24,,657.5,517.0,147.0,119.0,-0.0,-64.036,1.0,1.0,190000.0,1.5679057144213193,1.5679057144213193,297902.08574005065
Liam Henry,St Kilda,24.0,,Gen. Forward,180.0,0,0.0,61,,,,,,,,,1.867,6.429,3.657,7.344,10.233,4.9,0.0,6.975724137931034,4.9,-4.9,23,364.0,657.5,470.0,127.0,84.0,-0.0,-156.722,1.0,1.0,190000.0,2.058060005535619,2.058060005535619,391031.4010517676
Jack Higgins,St Kilda,27.0,,Gen. Forward,178.0,6,8.583,151,,,,,,,9.985,9.885,7.31,9.084,7.678,8.123,9.625,8.93,8.583,8.875490066225167,8.858206896551723,-0.34699999999999953,1,200.0,234.5,216.0,43.0,34.0,15.900000000000002,25.355517241379225,4.337743965458426,4.337743965458426,824171.3534371009,3.72055537439855,3.72055537439855,706905.5211357245
Bradley Hill,St Kilda,32.0,,Wing,182.0,6,9.517,283,3.84,8.075,11.255,10.05,10.03,7.777,8.83,9.314,5.337,8.155,10.119,8.968,9.668,8.359,9.517,8.872848056537103,8.607142857142858,1.1579999999999995,8,201.0,177.0,244.0,10.0,15.0,21.503999999999998,13.806571428571434,4.809776222680628,4.809776222680628,913857.4823093193,3.6151054033096512,3.6151054033096512,686870.0266288337
Dougal Howard,St Kilda,30.0,,Key Defender,199.0,1,4.9,139,,,,,4.533,11.775,10.19,9.913,6.737,10.719,8.806,9.378,5.927,6.733,4.9,8.703862595419848,,-1.8329999999999993,20,222.0,447.0,,45.0,,-1.0329999999999995,,1.0,1.0,190000.0,,,
Isaac Keeler,St Kilda,21.0,,Key Forward,198.0,1,3.3,12,,,,,,,,,,,,,,4.973,3.3,4.973,4.973,-1.673,17,,498.5,466.0,55.0,52.0,-2.633,-40.00800000000001,1.0,1.0,190000.0,2.088720899495639,2.088720899495639,396856.97090417147
Max King,St Kilda,25.0,,Key Forward,202.0,0,0.0,83,,,,,,,,,6.144,8.385,8.127,8.682,6.392,,0.0,7.581831325301204,,,12,312.0,657.5,,75.0,,-0.0,,1.0,1.0,190000.0,,,
Jackson Macrae,St Kilda,31.0,,Midfielder,192.0,2,7.85,272,,,,,,,,,,,,,,,7.85,,,,6,,275.0,,65.5,,3.8339999999999996,,1.3224315557438593,1.3224315557438593,251261.99559133325,,,
Rowan Marshall,St Kilda,30.0,,Ruck,201.0,5,7.38,161,,,,,,6.9,5.808,15.285,10.432,13.946,12.024,15.267,14.157,11.813,7.38,12.550149999999999,11.021392857142857,-4.433000000000001,19,30.0,312.0,93.0,23.0,13.0,7.235,124.8620714285714,3.108135312544485,3.108135312544485,590545.7093834521,4.629119968281971,4.629119968281971,879532.7939735746
Kobe McDonald,St Kilda,18.0,,Gen. Defender,193.0,0,0.0,0,,,,,,,,,,,,,,,0.0,,,,42,,657.5,,147.0,,-0.0,,1.0,1.0,190000.0,,,
Liam O'Connell,St Kilda,23.0,,Gen. Defender,189.0,0,0.0,7,,,,,,,,,,,,,,4.114,0.0,4.114,4.114,-4.114,45,,657.5,502.0,147.0,115.0,-0.0,-29.351000000000003,1.0,1.0,190000.0,1.7279303801578643,1.7279303801578643,328306.77222999424
Mitchito Owens,St Kilda,22.0,,Gen. Forward,191.0,6,8.8,78,,,,,,,,,,,,,,,8.8,8.8,8.8,,10,212.0,221.0,222.0,39.5,35.0,17.202000000000005,22.678000000000015,4.447413130144954,4.447413130144954,845008.4947275413,3.6961077650435605,3.6961077650435605,702260.4753582765
Mattaes Phillipou,St Kilda,21.0,,Gen. Forward,190.0,6,6.017,50,,,,,,,,,,,,7.379,6.4,4.571,6.017,6.5679,5.238384615384616,1.4460000000000006,25,388.0,391.0,453.0,66.0,82.0,0.5040000000000031,-141.15630769230768,3.0409187277366128,3.0409187277366128,577774.5582699564,2.200185687864523,2.200185687864523,418035.2806942594
Liam Ryan,St Kilda,29.0,,Gen. Forward,181.0,6,6.583,131,,,,,,,9.715,8.812,9.372,10.714,7.753,10.833,8.819,8.405,6.583,8.882640625,7.984538461538462,-1.8219999999999992,31,199.0,359.5,289.0,62.0,48.0,3.900000000000002,-14.833230769230754,3.326968254061845,3.326968254061845,632123.9682717505,3.3536039327251443,3.3536039327251443,637184.7472177774
Patrick Said,St Kilda,19.0,,Gen. Forward,180.0,0,0.0,0,,,,,,,,,,,,,,,0.0,,,,33,,657.5,,127.0,,-0.0,,1.0,1.0,190000.0,,,
Cooper Sharman,St Kilda,25.0,,Key Forward,193.0,6,5.967,76,,,,,,,,,,9.12,5.19,7.825,7.061,9.371,5.967,7.6630394736842105,8.614555555555555,-3.404000000000001,43,304.0,392.0,243.0,34.0,16.0,0.20399999999999885,14.147555555555495,3.0156493349516977,3.0156493349516977,572973.3736408226,3.618218827419094,3.618218827419094,687461.5772096278
Jack Silvagni,St Kilda,28.0,,Key Defender,194.0,6,7.8,134,,,,,5.825,5.93,5.587,7.524,3.467,6.347,9.29,9.012,,9.185,7.8,7.46263358778626,8.747631578947368,-1.3850000000000007,3,324.0,283.0,227.0,25.0,17.0,11.202,20.26905263157893,3.9420252744466637,3.9420252744466637,748984.8021448661,3.6741123868963212,3.6741123868963212,698081.3535103011
Jack Sinclair,St Kilda,31.0,,Gen. Defender,181.0,6,15.417,216,,,,7.989,7.5,14.106,10.435,10.977,9.917,11.543,15.168,15.979,14.905,14.191,15.417,12.62362037037037,14.444655172413794,1.225999999999999,35,29.0,25.0,23.0,2.0,2.0,56.903999999999996,282.33213793103454,7.7915645713005395,7.7915645713005395,1480397.2685471026,6.066932062060824,6.066932062060824,1152717.0917915564
Liam Stocker,St Kilda,26.0,,Gen. Defender,184.0,3,3.667,87,,,,,,,,3.14,,5.618,3.817,6.126,6.45,4.529,3.667,5.419035714285714,4.529,-0.8620000000000001,14,460.0,491.0,484.0,116.0,110.0,-6.798,-173.788,1.0,1.0,190000.0,1.9022354622593503,1.9022354622593503,361424.73782927654
Alix Tauru,St Kilda,19.0,,Gen. Defender,193.0,5,4.34,15,,,,,,,,,,,,,,,4.34,4.34,4.34,,26,,467.5,490.0,108.0,111.0,-7.965,-59.50500000000001,1.8278194114421498,1.8278194114421498,347285.68817400845,1.8228531477601193,1.8228531477601193,346342.0980744227
Tobie Travaglia,St Kilda,19.0,,Gen. Defender,187.0,0,0.0,12,,,,,,,,,,,,,,3.892,0.0,3.892,3.892,-3.892,5,,657.5,510.0,147.0,117.0,-0.0,-52.98000000000001,1.0,1.0,190000.0,1.63468766153972,1.63468766153972,310590.65569254674
Nasiah Wanganeen-Milera,St Kilda,23.0,,Gen. Defender,187.0,6,15.5,92,,,,,,,,,,,4.565,9.867,11.545,15.891,15.5,11.161913043478261,15.810103448275862,-0.391,7,72.0,24.0,13.0,1.0,1.0,57.402,345.1427586206897,7.833511763323499,7.833511763323499,1488367.2350314648,6.64043705924027,6.64043705924027,1261683.0412556513
Callum Wilkie,St Kilda,30.0,,Key Defender,191.0,6,13.983,161,,,,,,,,7.327,6.158,8.0,8.636,11.604,11.5,10.652,13.983,9.416633540372668,11.341172413793103,3.3310000000000013,44,166.0,39.0,75.0,3.0,1.0,48.300000000000004,139.57193103448273,7.066838386229192,7.066838386229192,1342699.2933835464,4.763431298104376,4.763431298104376,905051.9466398314
Darcy Wilson,St Kilda,20.0,,Mid-Forward,185.0,6,9.2,47,,,,,,,,,,,,,7.491,7.156,9.2,7.580872340425532,7.666999999999999,2.0439999999999996,22,313.0,194.0,311.0,16.0,21.0,19.601999999999997,-29.44000000000007,4.649568272424269,4.649568272424269,883417.9717606112,3.220233890294202,3.220233890294202,611844.4391558983
Marcus Windhager,St Kilda,22.0,,Midfielder,185.0,6,7.817,81,,,,,,,,,,,3.483,4.705,6.98,8.83,7.817,6.256555555555556,8.620413793103449,-1.013,2,405.0,280.0,241.0,67.0,65.0,11.304000000000002,14.417034482758627,3.9506168679935354,3.9506168679935354,750617.2049187717,3.6206793589293484,3.6206793589293484,687929.0781965762
Mason Wood,St Kilda,32.0,,Mid-Forward,192.0,6,9.8,162,,,15.0,5.914,9.963,7.74,9.562,7.206,3.237,6.256,8.626,12.233,9.322,7.838,9.8,8.592521739130435,8.274000000000001,1.9620000000000006,32,232.0,162.0,270.0,14.0,18.0,23.202000000000005,-1.5179999999999758,4.952800985843245,4.952800985843245,941032.1873102165,3.4751813236330023,3.4751813236330023,660284.4514902704
Taylor Adams,Sydney,32.0,,Gen. Forward,181.0,0,0.0,229,8.713,8.319,8.75,11.111,13.814,14.491,12.604,11.45,12.342,13.407,10.078,9.643,8.489,3.4,0.0,11.088742222222223,,-3.4,3,76.0,657.5,,127.0,,-0.0,,1.0,1.0,190000.0,,,
Joel Amartey,Sydney,26.0,,Key Forward,195.0,6,7.65,67,,,,,,,,,3.6,8.583,4.817,5.8,5.888,3.112,7.65,5.839333333333334,5.056857142857143,4.538,36,433.0,290.0,461.0,20.0,50.0,10.302000000000003,-149.50657142857145,3.207094456268228,3.207094456268228,609347.9466909633,1.8752559262540054,1.8752559262540054,356298.625988261
Riak Andrew,Sydney,21.0,,Key Defender,193.0,0,0.0,0,,,,,,,,,,,,,,,0.0,,,,20,,657.5,,68.5,,-0.0,,1.0,1.0,190000.0,,,
Riley Bice,Sydney,25.0,,Gen. Defender,185.0,6,9.817,22,,,,,,,,,,,,,,7.013,9.817,7.777727272727273,7.777727272727273,2.8040000000000003,26,298.0,159.5,302.0,34.0,69.0,23.304000000000002,-11.643999999999997,4.11556160486081,4.11556160486081,781956.7049235539,2.884247814192456,2.884247814192456,548007.0846965667
Nick Blakey,Sydney,26.0,,Gen. Defender,196.0,6,14.6,157,,,,,,,,7.852,6.5,7.3,11.079,13.208,13.331,14.1,14.6,11.04704458598726,14.203448275862069,0.5,22,80.0,33.0,30.0,3.0,5.0,52.001999999999995,271.2366206896552,6.120729289087075,6.120729289087075,1162938.5649265442,5.267125370582182,5.267125370582182,1000753.8204106146
Ned Bowman,Sydney,19.0,,Gen. Forward,186.0,0,0.0,0,,,,,,,,,,,,,,,0.0,,,,23,,657.5,,127.0,,-0.0,,1.0,1.0,190000.0,,,
Braeden Campbell,Sydney,24.0,,Gen. Forward,181.0,0,0.0,94,,,,,,,,,,5.0,4.382,7.526,5.722,7.374,0.0,6.263829787234042,7.3740000000000006,-7.374,16,404.0,657.5,331.0,127.0,56.0,-0.0,-42.91799999999999,1.0,1.0,190000.0,2.7345319057963517,2.7345319057963517,519561.0621013068
Noah Chamberlain,Sydney,19.0,,Gen. Forward,191.0,0,0.0,0,,,,,,,,,,,,,,,0.0,,,,42,,657.5,,127.0,,-0.0,,1.0,1.0,190000.0,,,
Caiden Cleary,Sydney,21.0,,Gen. Forward,182.0,1,-0.5,18,,,,,,,,,,,,,4.72,3.783,-0.5,4.058588235294117,3.783,-4.2829999999999995,33,,785.0,515.0,152.0,100.0,-6.433,-81.43200000000002,1.0,1.0,190000.0,1.4028660428027662,1.4028660428027662,266544.5481325256
Billy Cootee,Sydney,23.0,,Midfielder,179.0,0,0.0,0,,,,,,,,,,,,,,,0.0,,,,25,,657.5,,113.5,,-0.0,,1.0,1.0,190000.0,,,
Harry Cunningham,Sydney,32.0,,Gen. Defender,181.0,3,7.3,222,1.6,4.78,7.456,8.438,6.611,7.691,7.787,8.967,6.382,6.852,4.98,6.25,5.17,4.618,7.3,6.755940366972477,4.618,2.6819999999999995,7,380.0,317.5,479.0,75.0,109.0,4.101,-169.69400000000002,1.5301823222717688,1.5301823222717688,290734.64123163605,1.7125126581187349,1.7125126581187349,325377.4050425596
Charlie Curnow,Sydney,29.0,,Key Forward,194.0,6,5.867,155,,,,,7.017,9.714,9.65,10.218,,7.025,12.382,14.146,11.543,8.4,5.867,10.731781456953643,7.766750000000001,-2.5330000000000004,35,93.0,398.0,304.0,36.0,21.0,-0.395999999999999,-24.851499999999973,2.459610872539306,2.459610872539306,467326.0657824682,2.880177065275809,2.880177065275809,547233.6424024036
Jesse Dattoli,Sydney,19.0,,Gen. Forward,179.0,0,0.0,3,,,,,,,,,,,,,,0.767,0.0,,,-0.767,9,,657.5,,127.0,,-0.0,,1.0,1.0,190000.0,,,
Will Edwards,Sydney,22.0,,Gen. Defender,197.0,0,0.0,0,,,,,,,,,,,,,,,0.0,,,,28,,657.5,,147.0,,-0.0,,1.0,1.0,190000.0,,,
Will Green,Sydney,20.0,,Ruck,204.0,0,0.0,0,,,,,,,,,,,,,,,0.0,,,,45,,657.5,,43.0,,-0.0,,1.0,1.0,190000.0,,,
Brodie Grundy,Sydney,32.0,,Ruck,202.0,6,16.617,248,,7.014,5.48,10.621,11.043,13.795,17.731,17.396,10.821,15.34,13.1,10.653,12.273,14.55,16.617,13.025846774193548,14.992928571428573,2.067,4,23.0,11.0,21.0,3.0,4.0,64.10400000000001,307.55271428571433,6.966312232654789,6.966312232654789,1323599.32420441,5.559891719541246,5.559891719541246,1056379.4267128366
Errol Gulden,Sydney,23.0,,Wing,175.0,2,11.85,105,,,,,,,,,,8.85,10.944,15.512,14.408,13.09,11.85,12.725203883495148,13.09,-1.2400000000000002,21,28.0,75.0,39.0,3.0,1.0,11.834,220.01799999999997,1.6559507323215032,1.6559507323215032,314630.6391410856,4.854220592198839,4.854220592198839,922301.9125177795
Joel Hamling,Sydney,33.0,,Key Defender,194.0,2,8.15,107,,,,6.618,7.6,7.532,8.422,8.75,,8.2,0.5,6.725,,5.021,8.15,7.516080808080808,5.021,3.1290000000000004,29,319.0,260.0,463.0,21.0,52.0,4.434000000000001,-151.15600000000003,1.1389028243392618,1.1389028243392618,216391.53662445972,1.8619588688640467,1.8619588688640467,353772.18508416886
Tom Hanily,Sydney,20.0,,Gen. Forward,179.0,0,0.0,8,,,,,,,,,,,,,,3.925,0.0,3.925,3.925,-3.925,40,,657.5,509.0,127.0,98.0,-0.0,-35.056000000000004,1.0,1.0,190000.0,1.4555245091199729,1.4555245091199729,276549.6567327949
Isaac Heeney,Sydney,29.0,,Midfielder,185.0,5,20.0,229,,,,8.671,11.458,14.115,13.045,11.895,9.85,10.867,12.396,11.891,17.304,16.743,20.0,13.09367248908297,17.32460714285714,3.2570000000000014,5,22.0,2.0,4.0,1.0,3.0,70.33500000000001,414.80992857142843,6.9871338916519115,6.9871338916519115,1327555.4394138632,6.424558040077328,6.424558040077328,1220666.0276146925
Liam Hetherton,Sydney,18.0,,Gen. Forward,198.0,0,0.0,0,,,,,,,,,,,,,,,0.0,,,,39,,657.5,,127.0,,-0.0,,1.0,1.0,190000.0,,,
James Jordon,Sydney,25.0,,Midfielder,187.0,6,9.683,120,,,,,,,,,,6.124,8.418,6.35,7.842,6.93,9.683,7.283133333333333,7.499586206896551,2.753,17,338.0,168.5,323.0,51.0,74.0,22.5,-37.141034482758656,4.0593850483719285,4.0593850483719285,771283.1591906665,2.7811035751327444,2.7811035751327444,528409.6792752214
Harry Kyle,Sydney,18.0,,Gen. Defender,188.0,0,0.0,0,,,,,,,,,,,,,,,0.0,,,,32,,657.5,,147.0,,-0.0,,1.0,1.0,190000.0,,,
Peter Ladhams,Sydney,28.0,,Ruck,204.0,0,0.0,63,,,,,,,,11.2,8.16,9.529,9.318,8.989,1.8,5.97,0.0,8.753096774193548,5.97,-5.97,19,216.0,657.5,412.0,43.0,25.0,-0.0,-107.50200000000002,1.0,1.0,190000.0,2.2138805909417165,2.2138805909417165,420637.31227892614
Jake Lloyd,Sydney,32.0,,Wing,182.0,6,8.35,277,,,7.352,7.068,9.981,9.409,11.735,9.559,9.576,10.605,8.292,10.065,8.935,7.068,8.35,9.13543321299639,7.342714285714285,1.282,44,182.0,249.5,333.0,20.0,24.0,14.501999999999999,-44.357142857142904,3.500554079717608,3.500554079717608,665105.2751463455,2.722930090782802,2.722930090782802,517356.71724873234
Tom McCartin,Sydney,26.0,,Key Defender,194.0,6,10.133,158,,,,,,,5.66,5.621,6.771,8.936,8.668,11.427,8.3,8.475,10.133,8.12713924050633,8.857615384615384,1.6579999999999995,30,272.0,148.0,217.0,7.0,16.0,25.199999999999996,25.328307692307646,4.248037663446529,4.248037663446529,807127.1560548404,3.284707333672822,3.284707333672822,624094.3933978361
Logan McDonald,Sydney,24.0,,Key Forward,195.0,6,6.75,76,,,,,,,,,,5.3,5.729,8.035,7.031,,6.75,6.822355263157895,6.75,,6,375.0,351.0,364.5,28.0,31.5,4.902000000000001,-71.62200000000001,2.8297892261190243,2.8297892261190243,537659.9529626146,2.5031313214165136,2.5031313214165136,475594.9510691376
Justin McInerney,Sydney,25.0,,Mid-Forward,189.0,6,14.95,115,,,,,,,,2.3,8.822,9.562,8.727,9.747,9.79,10.171,14.95,9.787666666666665,11.417695652173911,4.779,27,145.0,29.0,73.0,3.0,8.0,54.102,143.0919999999999,6.267459100811765,6.267459100811765,1190817.2291542352,4.234072830423359,4.234072830423359,804473.8377804382
Hayden McLean,Sydney,27.0,,Key Forward,197.0,0,0.0,98,,,,,,,,6.15,5.55,7.108,7.089,9.05,7.604,5.953,0.0,7.364978723404255,5.953,-5.953,2,335.0,657.5,413.0,75.0,39.0,-0.0,-108.284,1.0,1.0,190000.0,2.207576408354446,2.207576408354446,419439.5175873447
Lewis Melican,Sydney,29.0,,Key Defender,194.0,4,5.65,105,,,,,,8.847,6.967,5.629,6.333,10.9,,8.025,7.279,7.847,5.65,7.559020408163265,7.847,-2.197,43,316.0,412.0,298.0,39.0,30.0,-1.131999999999998,-21.159999999999997,1.5790922595133323,1.5790922595133323,300027.5293075332,2.9099365154304273,2.9099365154304273,552887.9379317812
Callum Mills,Sydney,29.0,,Gen. Defender,188.0,6,9.3,180,,,,,9.068,9.329,7.3,9.314,8.533,12.372,13.104,10.99,10.5,10.35,9.3,10.253283333333332,10.0,-1.049999999999999,14,117.0,190.0,139.0,40.0,27.0,20.202000000000005,77.87799999999999,3.8988207115417675,3.8988207115417675,740775.9351929358,3.7083426983948358,3.7083426983948358,704585.1126950188
Tom Papley,Sydney,29.0,,Gen. Forward,177.0,6,9.383,202,,,,,8.715,10.915,9.615,10.691,8.988,9.991,10.616,11.252,10.781,7.336,9.383,10.03260396039604,8.058470588235295,2.046999999999999,11,129.0,183.5,285.0,31.5,46.0,20.699999999999996,-11.43235294117645,3.933616638322193,3.933616638322193,747387.1612812167,2.9883570566111888,2.9883570566111888,567787.8407561259
Jevan Phillipou,Sydney,19.0,,Midfielder,183.0,0,0.0,0,,,,,,,,,,,,,,,0.0,,,,18,,657.5,,113.5,,-0.0,,1.0,1.0,190000.0,,,
Dane Rampe,Sydney,35.0,,Gen. Defender,187.0,5,9.14,277,,8.026,9.472,9.871,12.996,8.724,8.183,12.576,9.682,7.74,5.872,8.633,6.757,5.967,9.14,8.835061371841153,6.577192307692308,3.173000000000001,24,209.0,200.5,377.0,44.0,89.0,16.035000000000004,-79.57115384615383,3.193120188484924,3.193120188484924,606692.8358121356,2.439048307016945,2.439048307016945,463419.1783332195
Matthew Roberts,Sydney,22.0,,Gen. Defender,184.0,6,11.967,54,,,,,,,,,,,,,,,11.967,11.967,11.967,,34,42.0,69.5,63.0,10.0,8.0,36.20400000000001,168.36,5.016901876883907,5.016901876883907,953211.3566079423,4.437773707169099,4.437773707169099,843177.0043621289
Malcolm Rosas,Sydney,24.0,,Gen. Forward,180.0,5,12.22,54,,,,,,,,,,0.8,7.92,7.968,6.171,4.15,12.22,8.141065217391304,12.22,8.07,10,270.0,59.0,56.0,8.0,1.0,31.435000000000002,179.99800000000002,4.269138807799319,4.269138807799319,811136.3734818706,4.531594777438489,4.531594777438489,861003.0077133129
James Rowbottom,Sydney,25.0,,Midfielder,186.0,6,11.167,146,,,,,,,,7.642,8.756,8.782,11.408,11.904,13.517,10.043,11.167,10.705349315068494,10.27555172413793,1.1240000000000006,8,94.0,102.0,125.0,38.0,49.0,31.404,90.55337931034477,4.681519450084614,4.681519450084614,889488.6955160766,3.810526720818536,3.810526720818536,724000.0769555217
Jai Serong,Sydney,23.0,,Key Defender,193.0,6,8.35,16,,,,,,,,,,,1.733,3.45,5.64,,8.35,7.118181818181818,8.35,,13,,249.5,264.0,19.0,27.0,14.501999999999999,0.6879999999999882,3.500554079717608,3.500554079717608,665105.2751463455,3.096466153159687,3.096466153159687,588328.5691003406
Angus Sheldrick,Sydney,22.0,,Midfielder,178.0,5,10.72,34,,,,,,,,,,,3.1,6.429,,9.225,10.72,8.84696875,9.524,1.495000000000001,12,208.0,123.5,175.0,43.0,55.0,23.935000000000002,41.37799999999996,3.7451037659254247,3.7451037659254247,711569.7155258307,3.5318255859512404,3.5318255859512404,671046.8613307357
Patrick Snell,Sydney,20.0,,Key Defender,194.0,0,0.0,0,,,,,,,,,,,,,,,0.0,,,,41,,657.5,,68.5,,-0.0,,1.0,1.0,190000.0,,,
Chad Warner,Sydney,24.0,,Midfielder,185.0,6,16.25,114,,,,,,,,,4.75,10.108,14.079,14.586,15.676,13.813,16.25,14.131294642857142,14.317206896551724,2.4369999999999994,1,12.0,15.0,27.0,7.0,19.0,61.902,276.46951724137926,6.812455544360614,6.812455544360614,1294366.5534285167,5.309310965623577,5.309310965623577,1008769.0834684796
Corey Warner,Sydney,22.0,,Mid-Forward,182.0,4,5.8,27,,,,,,,,,,,,1.633,3.2,6.45,5.8,5.475,6.45,-0.6500000000000004,37,456.0,400.5,385.0,24.0,23.0,-0.532,-50.139,1.6210150628632438,1.6210150628632438,307992.8619440163,2.391881040464669,2.391881040464669,454457.39768828714
Sam Wicks,Sydney,26.0,,Gen. Defender,181.0,6,6.433,93,,,,,,,,,5.343,6.327,4.6,8.045,6.819,5.043,6.433,6.071989247311827,5.351888888888889,1.3899999999999997,15,421.0,368.0,444.0,89.0,101.0,3.0,-135.9351111111111,2.696893939499805,2.696893939499805,512409.8485049629,1.984663808373156,1.984663808373156,377086.12359089963
Bo Allan,West Coast,20.0,,Gen. Defender,191.0,6,6.3,12,,,,,,,,,,,,,,3.067,6.3,4.6834999999999996,4.6834999999999996,3.2329999999999997,26,,375.0,478.0,92.0,108.0,2.202,-43.48200000000001,3.7315016727591495,3.7315016727591495,708985.3178242383,2.0067927751541914,2.0067927751541914,381290.6272792964
Sam Allen,West Coast,19.0,,Mid-Forward,184.0,0,0.0,0,,,,,,,,,,,,,,,0.0,,,,12,,657.5,,40.5,,-0.0,,1.0,1.0,190000.0,,,
Liam Baker,West Coast,28.0,,Gen. Defender,173.0,5,9.92,156,,,,,,,3.0,9.442,7.52,9.718,10.504,10.222,11.678,11.248,9.92,10.05751633986928,11.010857142857144,-1.3279999999999994,3,126.0,155.0,94.0,32.0,12.0,19.935000000000002,124.37742857142862,4.896361983303011,4.896361983303011,930308.7768275721,4.717947808805518,4.717947808805518,896410.0836730485
Harry Barnett,West Coast,22.0,,Ruck,203.0,0,0.0,2,,,,,,,,,,,,0.9,-1.6,,0.0,,,,30,,657.5,,43.0,,-0.0,,1.0,1.0,190000.0,,,
Rhett Bazzo,West Coast,22.0,,Key Defender,195.0,0,0.0,28,,,,,,,,,,,3.278,2.991,4.5,4.157,0.0,3.3889629629629634,4.157,-4.157,33,486.0,657.5,498.5,68.5,54.0,-0.0,-116.20000000000002,1.0,1.0,190000.0,1.7811973025122183,1.7811973025122183,338427.48747732147
Sandy Brock,West Coast,23.0,,Key Defender,198.0,3,5.167,17,,,,,,,,,,,,,,8.671,5.167,8.671,8.671,-3.5039999999999996,41,,440.0,232.0,42.0,19.0,-2.298,6.187999999999983,1.5302118367576607,1.5302118367576607,290740.24898395553,3.7153624753628685,3.7153624753628685,705918.870318945
Tyler Brockman,West Coast,23.0,,Gen. Forward,180.0,0,0.0,56,,,,,,,,,,6.336,,7.693,5.87,7.07,0.0,6.878410714285715,7.07,-7.07,10,371.0,657.5,348.0,127.0,62.0,-0.0,-56.902,1.0,1.0,190000.0,3.0293637067022816,3.0293637067022816,575579.1042734336
Malakai Champion,West Coast,19.0,,Gen. Forward,172.0,1,3.2,3,,,,,,,,,,,,,,2.15,3.2,,,1.0500000000000003,37,,503.0,,93.0,,-2.7329999999999997,,1.0,1.0,190000.0,,,
Tom Cole,West Coast,28.0,,Gen. Defender,188.0,1,6.2,132,,,,,3.1,3.9,7.448,4.957,6.207,5.482,,8.175,7.252,8.428,6.2,6.84892,8.428,-2.2280000000000006,28,373.0,381.0,261.0,95.0,61.0,0.26700000000000035,5.56600000000002,1.0,1.0,190000.0,3.6112414879896506,3.6112414879896506,686135.8827180336
Jamie Cripps,West Coast,33.0,,Gen. Forward,184.0,5,4.34,277,6.958,5.667,8.411,9.516,10.709,7.624,10.368,11.532,7.579,10.0,10.365,10.092,9.139,7.319,4.34,9.010769230769231,6.7461153846153845,-2.979,15,193.0,467.5,366.0,85.0,63.0,-7.965,-71.80069230769233,2.1421583676950675,2.1421583676950675,407010.08986206277,2.890585163702935,2.890585163702935,549211.1811035576
Hamish Davis,West Coast,19.0,,Mid-Forward,190.0,6,6.6,14,,,,,,,,,,,,,,5.45,6.6,5.942857142857142,5.942857142857142,1.1499999999999995,38,,358.0,414.0,21.0,24.0,4.001999999999999,-33.09800000000001,3.9091922286048226,3.9091922286048226,742746.5234349163,2.546403924001109,2.546403924001109,483816.7455602107
Tyrell Dewar,West Coast,22.0,,Wing,185.0,0,0.0,23,,,,,,,,,,,,,5.586,5.412,0.0,5.464956521739131,5.412,-5.412,43,457.0,657.5,438.0,45.5,38.0,-0.0,-66.58500000000001,1.0,1.0,190000.0,2.3189414965590873,2.3189414965590873,440598.8843462266
Cooper Duff-Tytler,West Coast,18.0,,Ruck,201.0,6,6.55,6,,,,,,,,,,,,,,,6.55,6.55,6.55,,21,,361.5,380.0,25.0,23.0,3.702,-10.542000000000003,3.8795771359638778,3.8795771359638778,737119.6558331368,2.8065533633521844,2.8065533633521844,533245.139036915
Liam Duggan,West Coast,29.0,,Gen. Defender,186.0,6,7.017,206,,,,6.425,7.707,7.21,8.062,6.48,8.065,6.65,7.63,9.127,8.905,7.957,7.017,7.765480582524273,7.748111111111111,-0.9399999999999995,14,299.0,335.0,305.0,80.0,70.0,6.504000000000003,-25.708888888888904,4.156182101230311,4.156182101230311,789674.5992337591,3.3199217249641713,3.3199217249641713,630785.1277431926
Willem Duursma,West Coast,18.0,,Midfielder,193.0,6,11.0,6,,,,,,,,,,,,,,,11.0,11.0,11.0,,1,,110.5,96.0,40.0,42.5,30.402,16.157999999999998,6.5153203810080385,6.5153203810080385,1237910.8723915273,4.713295724713592,4.713295724713592,895526.1876955825
Harry Edwards,West Coast,25.0,,Key Defender,200.0,1,2.0,56,,,,,,,,,2.9,8.79,6.853,6.95,7.456,9.469,2.0,8.134788461538461,9.469,-7.468999999999999,42,271.0,520.0,179.0,52.0,10.0,-3.933,53.451999999999956,1.0,1.0,190000.0,4.057290656119364,4.057290656119364,770885.2246626791
Matthew Flynn,West Coast,28.0,,Ruck,202.0,4,9.0,59,,,,,,,,,,,,,,,9.0,,,,25,,207.5,,14.0,,12.268,,3.553811116913476,3.553811116913476,675224.1122135604,,,
Reuben Ginbey,West Coast,21.0,,Gen. Defender,191.0,6,8.867,69,,,,,,,,,,,,7.588,9.235,8.6,8.867,8.58555072463768,8.655241379310343,0.26700000000000124,7,233.0,218.0,233.0,50.0,53.0,17.604000000000006,16.019103448275775,5.2519405289452985,5.2519405289452985,997868.7004996068,3.7086101990425107,3.7086101990425107,704635.937818077
Jack Graham,West Coast,28.0,,Mid-Forward,181.0,5,5.54,154,,,,,,11.66,8.183,9.5,7.781,10.841,8.63,9.19,8.943,10.772,5.54,9.24538961038961,9.634608695652174,-5.232,17,173.0,415.0,158.0,26.0,13.0,-1.964999999999999,61.06999999999999,2.73446022051398,2.73446022051398,519547.4418976562,4.128250906773253,4.128250906773253,784367.6722869182
Lucca Grego,West Coast,19.0,,Midfielder,184.0,0,0.0,1,,,,,,,,,,,,,,3.6,0.0,,,-3.6,31,,657.5,,113.5,,-0.0,,1.0,1.0,190000.0,,,
Tom Gross,West Coast,19.0,,Mid-Forward,181.0,0,0.0,8,,,,,,,,,,,,,,3.475,0.0,3.475,3.475,-3.475,27,,657.5,523.0,40.5,29.0,-0.0,-38.656000000000006,1.0,1.0,190000.0,1.4889729675799757,1.4889729675799757,282904.8638401954
Clay Hall,West Coast,20.0,,Midfielder,190.0,0,0.0,16,,,,,,,,,,,,,3.8,7.677,0.0,7.676999999999999,7.676999999999999,-7.677,29,,657.5,310.0,113.5,71.0,-0.0,-10.080000000000027,1.0,1.0,190000.0,3.2894519344205673,3.2894519344205673,624995.8675399078
Elijah Hewett,West Coast,21.0,,Midfielder,186.0,2,0.7,36,,,,,,,,,,,,4.343,,7.52,0.7,6.211823529411764,7.519999999999999,-6.819999999999999,8,408.0,530.0,318.0,92.0,72.0,-10.466,-28.33200000000006,1.0,1.0,190000.0,3.2221803499860187,3.2221803499860187,612214.2664973435
Brady Hough,West Coast,23.0,,Midfielder,191.0,6,4.3,81,,,,,,,,,,,2.647,5.987,5.722,7.777,4.3,5.654444444444445,7.031928571428572,-3.4770000000000003,19,443.0,470.5,351.0,87.0,76.0,-9.798,-58.653285714285715,2.546897967121324,2.546897967121324,483910.61375305156,3.0130508065641495,3.0130508065641495,572479.6532471884
Jack Hutchinson,West Coast,24.0,,Wing,190.0,0,0.0,23,,,,,,,,,,,,,5.371,4.906,0.0,5.047521739130434,4.906,-4.906,44,470.0,657.5,469.0,45.5,43.0,-0.0,-78.22300000000001,1.0,1.0,190000.0,2.102129893222262,2.102129893222262,399404.67971222976
Harvey Johnston,West Coast,20.0,,Gen. Defender,185.0,0,0.0,6,,,,,,,,,,,,,3.933,,0.0,3.933,,,24,,657.5,,147.0,,-0.0,,1.0,1.0,190000.0,,,
Tim Kelly,West Coast,31.0,,Mid-Forward,184.0,5,11.22,169,,,,,,,11.739,13.88,9.756,10.937,11.176,13.905,13.515,8.735,11.22,11.818994082840236,9.232,2.485000000000001,11,44.0,100.0,194.0,11.0,15.0,26.435000000000002,42.549999999999955,5.538022323856833,5.538022323856833,1052224.2415327982,3.955740557323262,3.955740557323262,751590.7058914198
Josh Lindsay,West Coast,19.0,,Gen. Defender,183.0,5,6.96,5,,,,,,,,,,,,,,,6.96,6.959999999999999,6.959999999999999,,5,,337.0,353.0,82.0,82.0,5.135000000000001,-6.7350000000000065,3.435350746349693,3.435350746349693,652716.6418064416,2.982230749455145,2.982230749455145,566623.8423964776
Noah Long,West Coast,21.0,,Gen. Forward,179.0,0,0.0,36,,,,,,,,,,,,6.079,4.629,3.47,0.0,5.072333333333333,3.47,-3.47,13,469.0,657.5,524.0,127.0,101.0,-0.0,-174.132,1.0,1.0,190000.0,1.4868305604323788,1.4868305604323788,282497.80648215197
Finlay Macrae,West Coast,24.0,,Midfielder,188.0,0,0.0,21,,,,,,,,,,4.511,1.5,5.8,6.389,,0.0,5.45,,,45,458.0,657.5,,113.5,,-0.0,,1.0,1.0,190000.0,,,
Ryan Maric,West Coast,21.0,,Gen. Defender,196.0,1,11.3,52,,,,,,,,,,,,6.96,5.158,7.559,11.3,6.547058823529412,7.559,3.7410000000000005,23,391.0,97.5,317.0,18.5,74.0,5.367000000000001,-34.40800000000001,1.1155018228089522,1.1155018228089522,211945.34633370093,3.2388911257372768,3.2388911257372768,615389.3138900826
Tom McCarthy,West Coast,25.0,,Gen. Defender,188.0,6,8.483,16,,,,,,,,,,,,,,10.3,8.483,9.618625,9.618625,-1.8170000000000002,18,,241.0,160.0,56.0,34.0,15.300000000000004,20.98599999999999,5.0244966174628365,5.0244966174628365,954654.3573179389,4.121402190011207,4.121402190011207,783066.4161021293
Milan Murdock,West Coast,25.0,,Midfielder,180.0,3,11.967,3,,,,,,,,,,,,,,,11.967,,,,47,,69.5,,29.0,,18.102000000000004,,3.544038136341964,3.544038136341964,673367.2459049732,,,
Jacob Newton,West Coast,20.0,,Key Forward,179.0,3,4.133,5,,,,,,,,,,,,,,2.9,4.133,,,1.233,46,,479.0,,49.0,,-5.3999999999999995,,1.223991778850283,1.223991778850283,232558.43798155378,,,
Matt Owies,West Coast,29.0,,Gen. Forward,179.0,2,5.35,90,,,,,,,,,,,,,,,5.35,,,,16,,426.0,,79.0,,-1.1660000000000004,,1.0562716375270609,1.0562716375270609,200691.6111301416,,,
Archer Reid,West Coast,20.0,,Key Forward,203.0,6,4.75,20,,,,,,,,,,,,,,4.829,4.75,4.8053,4.8053,-0.07899999999999974,22,,453.5,477.0,45.0,53.0,-7.097999999999999,-70.034,2.8134338008898347,2.8134338008898347,534552.4221690686,2.0589818132696567,2.0589818132696567,391206.5445212348
Harley Reid,West Coast,21.0,,Midfielder,187.0,6,8.583,45,,,,,,,,,,,,,11.28,8.921,8.583,9.924377777777778,8.83988,-0.3379999999999992,9,137.0,234.5,218.0,60.0,62.0,15.900000000000002,23.97960000000002,5.083726802744727,5.083726802744727,965908.0925214982,3.7877244191801087,3.7877244191801087,719667.6396442206
Deven Robertson,West Coast,24.0,,Gen. Forward,185.0,4,9.625,51,,,,,,,,,3.7,7.0,6.112,5.169,2.6,0.5,9.625,6.090000000000001,,9.125,40,420.0,172.0,,26.0,,14.768,,3.8006035555880224,3.8006035555880224,722114.6755617242,,,
Fred Rodriguez,West Coast,26.0,,Gen. Forward,,0,0.0,0,,,,,,,,,,,,,,,0.0,,,,39,,657.5,,127.0,,-0.0,,1.0,1.0,190000.0,,,
Harry Schoenberg,West Coast,25.0,,Midfielder,180.0,4,6.95,66,,,,,,,,,6.438,8.805,7.831,5.9,8.45,0.9,6.95,7.638771929824561,,6.05,48,306.0,338.0,,74.0,,4.068000000000001,,2.7443319180609618,2.7443319180609618,521423.06443158275,,,
Jobe Shanahan,West Coast,19.0,,Key Forward,195.0,6,7.233,15,,,,,,,,,,,,,,4.633,7.233,5.673,5.673,2.5999999999999996,35,,322.0,428.0,25.0,42.0,7.799999999999999,-39.510000000000005,4.284119301439195,4.284119301439195,813982.6672734472,2.4307751496636554,2.4307751496636554,461847.2784360945
Brandon Starcevich,West Coast,26.0,,Gen. Defender,188.0,0,0.0,132,,,,,,,6.125,5.2,5.311,7.075,7.929,5.854,7.514,5.357,0.0,6.619606299212599,5.357,-5.357,4,386.0,657.5,443.0,147.0,100.0,-0.0,-135.70000000000002,1.0,1.0,190000.0,2.2953750179355197,2.2953750179355197,436121.2534077487
Jake Waterman,West Coast,27.0,,Key Forward,192.0,6,5.95,118,,,,,,,6.2,6.185,6.16,5.907,5.655,7.036,10.75,6.438,5.95,6.920364406779662,6.2288571428571435,-0.48799999999999955,2,368.0,393.5,399.0,35.0,36.0,0.10200000000000209,-95.59457142857141,3.52419602427253,3.52419602427253,669597.2446117807,2.6689496128436634,2.6689496128436634,507100.42644029605
Bailey J. Williams,West Coast,26.0,,Ruck,201.0,2,8.9,90,,,,,,,,,4.8,4.167,6.812,10.404,8.783,5.981,8.9,7.97415294117647,5.981,2.9190000000000005,32,284.0,216.0,411.0,15.0,24.0,5.934000000000001,-106.99600000000002,1.7571621633627743,1.7571621633627743,333860.8110389271,2.562747429955636,2.562747429955636,486922.0116915708
Jack Williams,West Coast,22.0,,Key Forward,198.0,0,0.0,42,,,,,,,,,,,0.1,3.38,6.617,5.408,0.0,5.444146341463415,5.408,-5.408,34,459.0,657.5,439.0,75.0,44.0,-0.0,-121.758,1.0,1.0,190000.0,2.3172275708410095,2.3172275708410095,440273.23845979176
Tylah Williams,West Coast,19.0,,Mid-Forward,176.0,0,0.0,0,,,,,,,,,,,,,,,0.0,,,,36,,657.5,,40.5,,-0.0,,1.0,1.0,190000.0,,,
Elliot Yeo,West Coast,32.0,,Midfielder,191.0,4,13.6,216,6.037,7.958,9.777,11.3,8.03,14.113,13.976,15.4,10.02,12.817,6.02,10.23,13.91,,13.6,11.562273584905661,,,6,53.0,47.5,,21.5,,30.668,,5.370203465558141,5.370203465558141,1020338.6584560468,,,
Tylar Young,West Coast,27.0,,Key Defender,196.0,6,6.033,41,,,,,,,,,,,,8.011,4.822,10.543,6.033,7.453804878048779,8.461461538461538,-4.509999999999999,20,326.0,390.0,259.0,36.0,26.0,0.6000000000000032,6.332923076923057,3.5733570780565,3.5733570780565,678937.844830735,3.6255791358235694,3.6255791358235694,688860.0358064782
Oskar Baker,Western Bulldogs,27.0,,DefenderMidfieldForward,184.0,6,7.583,54,,,,,,,,6.7,5.8,3.1,,5.194,5.267,8.033,7.583,6.3164375,7.853,-0.4499999999999993,13,402.0,294.0,296.0,1.0,1.0,9.900000000000002,-20.88400000000003,3.667750111246542,3.667750111246542,696872.521136843,3.174154603022538,3.174154603022538,603089.3745742822
Marcus Bontempelli,Western Bulldogs,30.0,,Midfielder,194.0,6,18.5,264,,,11.7,17.148,16.627,14.295,15.416,16.17,14.228,17.162,18.145,18.709,19.079,19.789,18.5,16.72660984848485,19.46675,-1.2890000000000015,4,1.0,7.0,1.0,4.0,1.0,75.402,513.3485000000001,8.948091396289202,8.948091396289202,1700137.3652949485,7.868390948476887,7.868390948476887,1494994.2802106086
Lachlan Bramble,Western Bulldogs,28.0,,Gen. Defender,182.0,6,8.983,83,,,,,,,,,,8.24,9.022,5.145,8.608,7.204,8.983,7.78765060240964,7.572068965517241,1.7790000000000008,29,297.0,211.0,316.0,47.0,73.0,18.300000000000004,-33.80682758620693,4.344902973668428,4.344902973668428,825531.5649970012,3.06060328044068,3.06060328044068,581514.6232837292
Connor Budarick,Western Bulldogs,25.0,,Gen. Forward,175.0,5,9.14,60,,,,,,,,,4.553,5.45,6.956,4.95,7.85,4.074,9.14,5.657232142857143,5.129416666666667,5.066000000000001,19,442.0,200.5,457.0,36.0,83.0,16.035000000000004,-146.16883333333334,3.684034025319068,3.684034025319068,699966.464810623,2.0732919296218673,2.0732919296218673,393925.4666281548
Jedd Busslinger,Western Bulldogs,22.0,,Key Defender,198.0,0,0.0,7,,,,,,,,,,,,,,4.2,0.0,4.2,4.2,-4.2,5,,657.5,495.5,68.5,53.0,-0.0,-28.749000000000002,1.0,1.0,190000.0,1.6976250264478112,1.6976250264478112,322548.75502508413
Lachlan Carmichael,Western Bulldogs,18.0,,Gen. Defender,184.0,0,0.0,0,,,,,,,,,,,,,,,0.0,,,,2,,657.5,,147.0,,-0.0,,1.0,1.0,190000.0,,,
Luke Cleary,Western Bulldogs,24.0,,Gen. Defender,191.0,0,0.0,23,,,,,,,,,,,2.8,9.1,4.7,7.019,0.0,7.019,7.019,-7.019,36,360.0,657.5,352.0,147.0,81.0,-0.0,-29.624000000000006,1.0,1.0,190000.0,2.837054776342187,2.837054776342187,539040.4075050155
Nicholas Coffield,Western Bulldogs,26.0,,Gen. Defender,191.0,0,0.0,64,,,,,,,,,,,,,,,0.0,,,,17,,657.5,,147.0,,-0.0,,1.0,1.0,190000.0,,,
Jordan Croft,Western Bulldogs,20.0,,Key Forward,201.0,5,3.62,7,,,,,,,,,,,,,,7.3,3.62,3.62,3.62,-3.6799999999999997,16,,492.0,521.0,52.0,62.0,-11.564999999999998,-32.809000000000005,1.4591031916471584,1.4591031916471584,277229.6064129601,1.4631910942240658,1.4631910942240658,278006.3079025725
Bailey Dale,Western Bulldogs,29.0,,Gen. Defender,188.0,6,10.083,184,,,,4.81,5.375,10.069,5.48,9.22,5.511,13.523,13.139,11.504,13.242,14.03,10.083,11.251033333333334,13.213379310344827,-3.946999999999999,31,69.0,151.0,37.0,30.0,6.0,24.900000000000002,225.693448275862,4.876951651285624,4.876951651285624,926620.8137442685,5.340800809806928,5.340800809806928,1014752.1538633164
Sam Darcy,Western Bulldogs,22.0,,Key Forward,208.0,6,7.583,51,,,,,,,,,,,5.075,-0.333,9.671,14.918,7.583,11.413522727272728,13.004521739130434,-7.334999999999999,10,61.0,294.0,41.0,21.0,2.0,9.900000000000002,216.08599999999993,3.667750111246542,3.667750111246542,696872.521136843,5.256381324126771,5.256381324126771,998712.4515840864
Will Darcy,Western Bulldogs,19.0,,Gen. Defender,196.0,0,0.0,0,,,,,,,,,,,,,,,0.0,,,,15,,657.5,,147.0,,-0.0,,1.0,1.0,190000.0,,,
Sam Davidson,Western Bulldogs,24.0,,Wing,190.0,6,8.6,25,,,,,,,,,,,,,,8.905,8.6,8.8318,8.8318,-0.3049999999999997,42,210.0,231.5,219.0,16.0,12.0,16.002,13.119999999999976,4.159653297734439,4.159653297734439,790334.1265695434,3.569782073471852,3.569782073471852,678258.5939596519
Josh Dolan,Western Bulldogs,19.0,,Gen. Forward,177.0,2,5.4,13,,,,,,,,,,,,,,4.009,5.4,4.009,4.009,1.391,26,,423.0,506.0,77.5,95.0,-1.065999999999999,-55.874,1.0,1.0,190000.0,1.6204235073879227,1.6204235073879227,307880.4664037053
Louis Emmett,Western Bulldogs,19.0,,Ruck,200.0,2,6.1,2,,,,,,,,,,,,,,,6.1,,,,25,,384.5,,27.0,,0.33399999999999963,,1.0,1.0,190000.0,,,
Timothy English,Western Bulldogs,28.0,,Ruck,208.0,4,15.35,158,,,,,,,,,,,,,,,15.35,,,,44,,27.0,,5.0,,37.668,,4.949664970559973,4.949664970559973,940436.3444063949,,,
Joel Freijah,Western Bulldogs,20.0,,Mid-Forward,191.0,6,11.367,42,,,,,,,,,,,,,8.946,12.135,11.367,11.038214285714286,11.976103448275863,-0.7679999999999989,27,81.0,91.0,62.0,9.0,5.0,32.604000000000006,154.10234482758622,5.497997562249695,5.497997562249695,1044619.5368274419,4.84069831740977,4.84069831740977,919732.6803078563
Harvey Gallagher,Western Bulldogs,22.0,,Gen. Defender,181.0,1,9.9,26,,,,,,,,,,,,,4.695,4.02,9.9,4.56,4.02,5.880000000000001,12,476.0,156.5,505.0,33.0,116.0,3.9670000000000005,-111.46200000000002,1.0,1.0,190000.0,1.624869668171476,1.624869668171476,308725.23695258045
Riley Garcia,Western Bulldogs,25.0,,Mid-Forward,178.0,0,0.0,39,,,,,,,,,,8.256,5.886,4.367,8.333,7.513,0.0,7.655722222222222,7.513,-7.513,38,305.0,657.5,322.0,40.5,22.0,-0.0,-30.96600000000002,1.0,1.0,190000.0,3.0367278151672394,3.0367278151672394,576978.2848817755
Ryan Gardner,Western Bulldogs,28.0,,Key Defender,197.0,0,0.0,54,,,,,,,,1.85,5.05,3.989,8.891,7.8,,3.7,0.0,7.058882352941176,,-3.7,43,354.0,657.5,,68.5,,-0.0,,1.0,1.0,190000.0,,,
James Harmes,Western Bulldogs,30.0,,Wing,186.0,0,0.0,174,,,,5.688,8.937,10.547,11.216,12.423,5.508,9.261,8.59,4.767,8.067,9.015,0.0,9.193706896551724,9.015,-9.015,22,179.0,657.5,206.0,45.5,11.0,-0.0,32.56800000000001,1.0,1.0,190000.0,3.643830860339766,3.643830860339766,692327.8634645556
Cooper Hynes,Western Bulldogs,20.0,,Gen. Forward,190.0,5,4.6,13,,,,,,,,,,,,,,3.55,4.6,3.9538461538461536,3.9538461538461536,1.0499999999999998,6,,460.0,508.0,84.0,97.0,-6.665000000000001,-56.591,1.8541090280599248,1.8541090280599248,352280.7153313857,1.5981305194032507,1.5981305194032507,303644.79868661764
Lachie Jaques,Western Bulldogs,19.0,,Gen. Defender,184.0,5,6.24,5,,,,,,,,,,,,,,,6.24,6.24,6.24,,11,,379.0,396.0,94.0,93.0,1.535000000000002,-10.335,2.515139203281289,2.515139203281289,477876.44862344494,2.5221857535796053,2.5221857535796053,479215.293180125
Arthur Jones,Western Bulldogs,22.0,,Mid-Forward,180.0,2,6.45,20,,,,,,,,,,,,3.762,6.6,3.75,6.45,3.762,,2.7,32,,366.5,,22.0,,1.0340000000000007,,1.03991332443361,1.03991332443361,197583.53164238593,,,
Luke Kennedy,Western Bulldogs,19.0,,Midfielder,181.0,0,0.0,0,,,,,,,,,,,,,,,0.0,,,,35,,657.5,,113.5,,-0.0,,1.0,1.0,190000.0,,,
Matthew Kennedy,Western Bulldogs,29.0,,Midfielder,188.0,6,12.233,147,,,,,6.367,7.15,6.925,8.26,8.0,8.392,11.447,9.137,9.117,13.07,12.233,9.575020833333333,12.896827586206898,-0.8369999999999997,8,160.0,58.0,44.0,26.0,26.0,37.800000000000004,211.1320689655173,5.916864975719233,5.916864975719233,1124204.3453866541,5.212851731458891,5.212851731458891,990441.8289771894
Buku Khamis,Western Bulldogs,26.0,,Key Forward,191.0,6,5.8,47,,,,,,,,,,5.8,3.938,0.4,6.041,6.614,5.8,5.813266666666666,6.3698,-0.8140000000000001,24,435.0,400.5,389.0,37.0,34.0,-0.798,-89.11120000000003,2.8053475728906685,2.8053475728906685,533016.038849227,2.5746504508255397,2.5746504508255397,489183.5856568525
Will Lewis,Western Bulldogs,26.0,,Gen. Forward,194.0,2,3.55,2,,,,,,,,,,,,,,,3.55,,,,28,,493.0,,90.0,,-4.766,,1.0,1.0,190000.0,,,
Thomas Liberatore,Western Bulldogs,33.0,,Midfielder,184.0,4,11.325,261,,,,,,,,,,,,,,,11.325,,,,21,,93.0,,36.0,,21.567999999999998,,3.651788650918025,3.651788650918025,693839.8436744248,,,
Rory Lobb,Western Bulldogs,33.0,,Key Defender,207.0,6,7.817,205,,,5.6,7.9,11.179,9.89,10.247,12.98,7.5,8.885,10.2,8.425,9.55,9.652,7.817,9.72409852216749,9.272344827586206,-1.834999999999999,7,150.0,280.0,192.0,23.5,11.0,11.304000000000002,44.40586206896546,3.7809313753941995,3.7809313753941995,718376.961324898,3.7478487221819665,3.7478487221819665,712091.2572145737
Lachlan McNeil,Western Bulldogs,24.0,,Gen. Forward,184.0,1,1.8,76,,,,,,,,,,5.023,4.575,3.846,8.108,6.076,1.8,5.511853333333334,6.076,-4.276,30,453.0,521.5,406.0,98.0,70.0,-4.133,-102.62600000000003,1.0,1.0,190000.0,2.4558975382611665,2.4558975382611665,466620.5322696216
Aaron Naughton,Western Bulldogs,26.0,,Key Forward,196.0,6,10.35,172,,,,,,,8.656,8.287,7.825,7.812,9.968,10.883,10.09,10.222,10.35,9.32686046511628,10.24848275862069,0.1280000000000001,33,171.0,136.0,127.0,11.0,7.0,26.502,89.30820689655175,5.006094375761797,5.006094375761797,951157.9313947413,4.142400193846044,4.142400193846044,787056.0368307484
James O'Donnell,Western Bulldogs,23.0,,Key Defender,197.0,6,6.633,54,,,,,,,,,,,,4.283,5.471,7.455,6.633,6.1444074074074075,7.2788571428571425,-0.8220000000000001,18,415.0,355.5,337.0,33.0,35.0,4.200000000000001,-47.294571428571466,3.208253526031691,3.208253526031691,609568.1699460213,2.9420881070601657,2.9420881070601657,558996.7403414315
Ed Richards,Western Bulldogs,26.0,,Midfielder,188.0,5,15.78,153,,,,,,,7.724,7.885,6.741,7.88,11.577,11.384,14.605,18.991,15.78,11.550908496732024,18.417607142857143,-3.2110000000000003,20,54.0,20.0,2.0,10.0,2.0,49.235,465.08792857142856,6.360400100605568,6.360400100605568,1208476.0191150578,7.444331145951965,7.444331145951965,1414422.9177308735
Ryley Sanders,Western Bulldogs,21.0,,Mid-Forward,186.0,5,11.32,40,,,,,,,,,,,,,6.493,8.786,11.32,8.3002,9.273307692307693,2.5340000000000007,9,254.0,94.0,191.0,10.0,14.0,26.935000000000002,38.6523076923077,4.562720477747467,4.562720477747467,866916.8907720188,3.748237908669652,3.748237908669652,712165.2026472338
Michael Sellwood,Western Bulldogs,22.0,,Gen. Defender,186.0,6,4.183,6,,,,,,,,,,,,,,,4.183,4.183,4.183,,37,,477.0,497.0,112.0,112.0,-10.5,-24.744000000000003,2.023236016793391,2.023236016793391,384414.8431907442,1.6907536870550461,1.6907536870550461,321243.2005404588
Lachlan Smith,Western Bulldogs,20.0,,Ruck,203.0,0,0.0,0,,,,,,,,,,,,,,,0.0,,,,40,,657.5,,43.0,,-0.0,,1.0,1.0,190000.0,,,
Adam Treloar,Western Bulldogs,33.0,,Mid-Forward,185.0,0,0.0,258,9.167,10.43,14.565,13.119,15.764,14.667,14.006,14.533,10.39,12.5,11.818,14.037,15.887,10.35,0.0,13.34887401574803,,-10.35,1,18.0,657.5,,40.5,,-0.0,,1.0,1.0,190000.0,,,
Laitham Vandermeer,Western Bulldogs,27.0,,Gen. Forward,182.0,0,0.0,87,,,,,,,,,3.775,4.764,5.63,6.318,5.342,6.079,0.0,5.370241379310345,6.079,-6.079,23,462.0,657.5,405.0,127.0,69.0,-0.0,-102.48800000000003,1.0,1.0,190000.0,2.4571101275657723,2.4571101275657723,466850.92423749674
Zac Walker,Western Bulldogs,20.0,,Key Defender,191.0,0,0.0,0,,,,,,,,,,,,,,,0.0,,,,41,,657.5,,68.5,,-0.0,,1.0,1.0,190000.0,,,
Cody Weightman,Western Bulldogs,25.0,,Gen. Forward,179.0,0,0.0,76,,,,,,,,,2.833,8.131,7.305,9.126,8.218,,0.0,8.172616438356165,,,3,268.0,657.5,,127.0,,-0.0,,1.0,1.0,190000.0,,,
Rhylee West,Western Bulldogs,25.0,,Gen. Forward,183.0,6,8.7,87,,,,,,,,10.333,4.25,-0.1,7.743,7.692,8.329,11.239,8.7,9.030421052631581,10.713689655172415,-2.5390000000000015,14,190.0,225.0,105.0,41.0,10.0,16.601999999999997,110.70772413793105,4.208021359336002,4.208021359336002,799524.0582738405,4.330435162908502,4.330435162908502,822782.6809526155
Bailey Williams,Western Bulldogs,28.0,,Wing,190.0,6,9.183,180,,,,,8.85,7.433,11.136,3.456,8.767,9.761,7.282,7.67,8.9,10.161,9.183,8.614600000000001,9.958655172413792,-0.9779999999999998,34,230.0,195.0,142.0,11.0,6.0,19.5,75.97613793103442,4.441639096871554,4.441639096871554,843911.4284055952,4.025252916774665,4.025252916774665,764798.0541871864
