Team,Jumper_No,Player,DOB,Height,Position,Games,Age,Origin,Contract_Expiry,FA_Status,Draft_Year,Draft_Type,Draft_Round,Draft_Pick,Overall_Rating,data_provider_id,Team_API,Season_API,Position_API,Ball Winning_Rating,Ball Use_Rating,Aerial_Rating,Defence_Rating,Stoppage,Contest,Power,Receives,Handballing,Kicking,Goal Kicking,Connecting,Marking,Contested,Moks,Ruck,Pressure,Tackling,Intercepting,Neutralise
Adelaide,4,Callum Ah Chee,1997-10-09,182.0,Forward,171,28yr 6mth,South Fremantle,2031.0,Non-Free Agent,2025.0,Pre-Season,1.0,1.0,2.89,C.Ah Chee 9/10/1997,BFC,2025,GF,2.61,2.88,3.79,2.29,1.95,2.42,2.16,3.2,2.8,3.13,2.78,2.59,4.03,3.22,4.66,2.45,2.02,1.8,3.11,3.68
Adelaide,3,Sam Berry,2002-02-12,181.0,Midfield,82,24yr 2mth,Gippsland Power,2026.0,Non-Free Agent,2020.0,National,2.0,28.0,2.38,S.Berry 12/2/2002,AFC,2025,M,2.34,2.21,2.29,2.76,2.52,2.27,2.73,1.94,2.07,2.26,2.3,2.19,1.68,2.64,2.59,2.41,2.82,2.83,2.13,2.84
Adelaide,21,Hugh Bond,2004-09-25,185.0,Defender,16,21yr 6mth,Greater Western Victoria Rebels,2027.0,Non-Free Agent,2022.0,National,3.0,50.0,2.09,H.Bond 25/9/2004,AFC,2025,GD,2.01,2.15,1.04,2.72,1.61,2.07,3.5,1.78,2.72,1.95,2.04,1.57,0.84,1.39,0.87,2.46,3.31,3.1,2.41,1.78
Adelaide,35,James Borlase,2002-07-18,192.0,Defender,18,23yr 9mth,Sturt,2026.0,Unrestricted Free Agent,2023.0,Rookie,2.0,20.0,1.79,J.Borlase 18/7/2002,AFC,2025,KD,2.01,1.87,0.68,2.57,3.63,0.94,1.82,2.28,1.88,1.88,1.95,1.74,0.5,0.56,0.94,2.34,2.84,2.71,1.15,3.41
Adelaide,41,Jordon Butts,1999-12-31,195.0,Defender,89,26yr 3mth,Murray Bushrangers,2026.0,Restricted Free Agent,2018.0,Rookie,3.0,39.0,2.07,J.Butts 31/12/1999,AFC,2025,KD,1.51,2.23,2.4,2.03,1.5,1.89,2.36,0.64,1.93,2.74,1.95,1.65,1.97,3.21,1.78,2.34,0.22,1.04,1.99,2.8
Adelaide,15,Brayden Cook,2002-07-18,189.0,MidfieldForward,36,23yr 9mth,South Adelaide,2026.0,Non-Free Agent,2020.0,National,1.0,25.0,1.49,B.Cook 18/7/2002,AFC,2025,M,0.86,1.49,2.25,2.0,0.65,0.68,2.21,0.51,0.9,1.83,1.49,1.67,2.37,1.83,2.98,2.41,1.89,2.0,1.58,2.79
Adelaide,33,Indy Cotton,2007-05-08,195.0,Forward,0,18yr 11mth,NBL One East,2027.0,Unknown,,,,,,,,,,,,,,,,,,,,,,,,,,,,,
Adelaide,44,Isaac Cumming,1998-08-11,188.0,Midfield,110,27yr 8mth,Broken Hill,2030.0,Non-Free Agent,2016.0,National,1.0,20.0,2.58,I.Cumming 11/8/1998,AFC,2025,W,2.42,2.54,2.71,2.79,2.19,1.83,2.76,2.88,1.84,2.64,2.33,2.74,3.04,2.35,2.41,2.54,2.34,2.17,3.37,2.91
Adelaide,6,Daniel Curtin,2005-03-08,197.0,Midfield,32,21yr 1mth,Claremont,2029.0,Non-Free Agent,2023.0,National,1.0,8.0,2.86,D.Curtin 8/3/2005,AFC,2025,W,2.57,2.39,4.22,3.09,2.5,3.41,3.65,1.71,1.59,2.64,3.14,2.02,3.14,5.0,5.0,2.54,2.81,3.4,3.49,2.68
Adelaide,12,Jordan Dawson,1997-04-09,190.0,Midfield,160,29yr,Sturt,2029.0,Restricted Free Agent,2015.0,National,4.0,56.0,3.22,J.Dawson 9/4/1997,AFC,2025,M,2.73,2.72,4.54,3.82,2.77,2.93,2.39,2.69,2.07,2.7,3.4,2.9,3.22,5.0,5.0,2.42,3.79,3.95,3.87,3.31
Adelaide,31,Billy Dowling,2004-07-01,187.0,MidfieldForward,10,21yr 9mth,North Adelaide,2026.0,Non-Free Agent,2022.0,National,3.0,43.0,2.66,B.Dowling 1/7/2004,AFC,2024,W,3.14,2.56,2.32,2.37,3.26,3.17,2.44,3.25,2.29,2.43,2.59,2.7,3.01,1.53,1.71,2.57,2.46,1.64,2.73,2.42
Adelaide,5,Sid Draper,2006-07-05,182.0,MidfieldForward,10,19yr 9mth,South Adelaide,2027.0,Non-Free Agent,2024.0,National,1.0,4.0,1.38,S.Draper 5/7/2006,AFC,2025,M,1.29,1.38,1.25,1.62,1.41,1.42,1.96,0.58,1.36,1.05,2.19,1.19,0.47,1.83,1.29,2.41,1.36,2.04,1.29,1.32
Adelaide,11,Charlie Edwards,2005-05-18,191.0,DefenderMidfield,1,20yr 11mth,Sandringham Dragons,2026.0,Non-Free Agent,2023.0,National,1.0,21.0,2.54,C.Edwards 18/5/2005,ADL SA,2024,M,2.4,2.97,2.24,2.34,2.66,1.88,2.59,2.44,2.75,3.14,2.85,3.08,2.72,2.0,1.92,2.43,2.77,2.1,1.35,2.58
Adelaide,32,Darcy Fogarty,1999-09-25,192.0,Forward,129,26yr 6mth,Glenelg,2031.0,Unrestricted Free Agent,2017.0,National,1.0,12.0,2.52,D.Fogarty 25/9/1999,AFC,2025,KF,2.48,2.91,2.32,1.9,1.93,2.02,3.41,3.1,3.0,2.92,2.85,3.02,2.82,2.27,2.32,1.89,1.76,1.97,1.66,2.16
Adelaide,20,Mitchell Hinge,1998-06-28,187.0,Defender,90,27yr 9mth,Glenelg,2026.0,Unrestricted Free Agent,2016.0,Rookie,2.0,20.0,2.43,M.Hinge 28/6/1998,AFC,2025,GD,2.43,1.99,2.53,2.97,2.42,2.83,2.93,2.06,1.08,2.61,2.0,2.51,2.15,2.63,2.85,2.46,3.16,3.19,2.87,2.54
Adelaide,1,Chayce Jones,2000-01-14,180.0,DefenderMidfield,100,26yr 3mth,Launceston,2026.0,Restricted Free Agent,2018.0,National,1.0,9.0,2.54,C.Jones 14/1/2000,AFC,2024,W,2.81,2.23,2.37,2.78,3.13,2.38,3.36,2.83,1.72,1.98,2.77,2.28,2.08,2.28,2.92,2.57,2.69,3.26,2.78,2.53
Adelaide,48,Mark Keane,2000-03-17,194.0,Defender,56,26yr 1mth,Cork,2028.0,Non-Free Agent,,,,,2.67,M.Keane 17/3/2000,AFC,2025,KD,2.83,2.21,2.45,2.96,2.44,3.18,3.11,2.55,1.39,2.84,1.95,3.21,1.76,2.26,3.17,2.34,2.24,1.99,3.97,2.76
Adelaide,2,Ben Keays,1997-02-23,185.0,Forward,167,29yr 1mth,Brisbane Reserves,2027.0,Unrestricted Free Agent,2019.0,Rookie,1.0,7.0,3.06,B.Keays 23/2/1997,AFC,2025,GF,3.58,3.07,2.32,3.01,3.24,3.92,2.56,3.75,2.98,2.62,3.61,2.93,2.83,2.08,1.96,2.45,3.25,3.13,2.69,2.38
Adelaide,29,Rory Laird,1993-12-29,178.0,Defender,273,32yr 3mth,West Adelaide,2027.0,Unrestricted Free Agent,2013.0,National,6.0,86.0,3.49,R.Laird 29/12/1993,AFC,2025,GD,4.21,3.33,2.64,3.52,5.0,4.77,3.03,3.81,4.46,2.86,2.18,2.76,2.88,2.05,3.04,2.46,3.81,4.29,3.49,2.01
Adelaide,34,Archie Ludowyke,2007-11-19,197.0,Forward,0,18yr 5mth,Sandringham Dragons,2027.0,Unknown,2025.0,National,3.0,50.0,,,,,,,,,,,,,,,,,,,,,,,,,
Adelaide,36,Finnbar Maley,2003-07-18,197.0,Forward,11,22yr 9mth,Northern Bullants,2026.0,Non-Free Agent,2023.0,Rookie,1.0,2.0,2.21,F.Maley 18/7/2003,NMFC,2025,KF,2.19,1.75,2.58,2.74,2.68,2.12,2.61,1.54,2.56,1.94,1.48,1.75,1.94,3.06,3.03,2.26,2.58,2.71,2.83,2.98
Adelaide,26,Mitchell Marsh,2007-02-15,192.0,Forward,0,19yr 2mth,West Adelaide,2027.0,Unknown,2025.0,National,1.0,22.0,,,,,,,,,,,,,,,,,,,,,,,,,
Adelaide,42,Lachlan McAndrew,2000-05-26,209.0,Ruck,8,25yr 10mth,Sydney,2027.0,Unrestricted Free Agent,,,,,2.27,L.McAndrew 26/5/2000,SYD VFL,2024,R,1.92,2.27,2.32,2.59,1.59,1.81,2.56,1.93,2.48,2.45,2.22,1.95,2.44,2.34,1.98,2.51,3.0,3.07,2.32,2.16
Adelaide,16,Max Michalanney,2004-02-26,190.0,Defender,72,22yr 1mth,Norwood,2030.0,Restricted Free Agent,2022.0,National,1.0,17.0,2.26,M.Michalanney 26/2/2004,AFC,2025,GD,2.09,2.16,3.02,2.13,1.71,2.23,2.61,2.0,1.74,2.29,2.83,2.35,2.64,3.81,2.54,2.46,2.13,2.24,2.1,2.02
Adelaide,30,Wayne Milera,1997-09-14,185.0,Defender,129,28yr 7mth,Central District,2028.0,Unrestricted Free Agent,2015.0,National,1.0,11.0,2.71,W.Milera 14/9/1997,AFC,2025,GD,2.78,2.67,2.89,2.58,2.64,2.68,3.1,2.81,2.83,2.62,2.33,2.63,2.91,2.69,3.11,2.46,2.69,2.63,3.01,1.84
Adelaide,9,Nick Murray,2000-12-18,195.0,Defender,73,25yr 4mth,Allies,2028.0,Restricted Free Agent,,,,,2.05,N.Murray 18/12/2000,AFC,2025,KD,1.68,2.09,1.77,2.5,1.5,1.52,2.75,1.45,2.19,1.84,2.33,2.46,1.89,1.79,1.66,2.34,1.63,2.19,1.37,3.55
Adelaide,39,Toby Murray,2003-11-03,200.0,Forward,1,22yr 5mth,Adelaide SANFL,2027.0,Non-Free Agent,2024.0,Mid-Season,1.0,7.0,2.59,T.Murray 3/11/2003,ADL SA,2024,KF,2.4,2.4,2.87,2.9,2.14,2.35,2.31,2.78,2.3,2.76,2.18,2.58,2.58,2.97,2.61,3.18,3.35,2.39,2.78,3.19
Adelaide,27,Luke Nankervis,2003-05-25,189.0,Midfield,34,22yr 10mth,Sandringham Dragons,2027.0,Non-Free Agent,2021.0,Pre-Season,1.0,2.0,2.1,L.Nankervis 25/5/2003,AFC,2025,W,1.98,1.66,2.18,3.0,1.28,2.53,2.2,1.87,2.67,1.65,1.73,1.39,2.22,1.85,2.33,2.54,2.65,2.69,4.29,2.13
Adelaide,28,Alex Neal-Bullen,1996-01-09,182.0,Forward,207,30yr 3mth,Glenelg,2028.0,Unrestricted Free Agent,2014.0,National,2.0,40.0,2.97,A.Neal-Bullen 9/1/1996,AFC,2025,GF,3.48,2.68,2.19,3.64,2.84,3.56,2.86,3.9,3.34,2.76,2.17,3.06,1.83,2.07,3.09,2.45,3.65,3.83,4.19,2.77
Adelaide,43,Reilly O'Brien,1995-08-20,201.0,Ruck,147,30yr 7mth,Calder Cannons,2028.0,Unrestricted Free Agent,2014.0,Rookie,1.0,9.0,2.73,R.O'Brien 20/8/1995,AFC,2025,R,2.16,2.31,3.12,3.15,2.16,2.17,2.2,2.1,2.41,2.17,1.83,2.84,2.76,2.46,3.06,3.66,2.95,2.69,3.03,3.65
Adelaide,25,James Peatling,2000-08-21,186.0,Midfield,74,25yr 7mth,GWS Giants,2028.0,Non-Free Agent,2021.0,Mid-Season,1.0,8.0,,,,,,,,,,,,,,,,,,,,,,,,,
Adelaide,10,Luke Pedlar,2002-05-17,183.0,Forward,44,23yr 11mth,Glenelg,2026.0,Non-Free Agent,2020.0,National,1.0,11.0,2.31,L.Pedlar 17/5/2002,AFC,2025,GF,1.64,2.39,2.72,2.89,1.83,1.92,2.68,1.07,0.7,2.45,3.38,1.63,2.38,2.74,3.28,2.45,2.82,3.01,3.67,2.18
Adelaide,8,Josh Rachele,2003-04-11,180.0,MidfieldForward,76,23yr,Murray Bushrangers,2029.0,Restricted Free Agent,2021.0,National,1.0,6.0,2.74,J.Rachele 11/4/2003,AFC,2025,GF,2.52,3.29,2.5,2.21,2.95,2.22,2.68,2.49,1.73,3.07,4.44,2.66,2.73,2.7,1.67,2.45,1.99,2.14,1.34,3.47
Adelaide,23,Izak Rankine,2000-04-23,179.0,MidfieldForward,110,25yr 11mth,West Adelaide,2027.0,Non-Free Agent,2018.0,National,1.0,3.0,2.83,I.Rankine 23/4/2000,AFC,2025,M,2.98,2.8,3.0,2.47,2.69,3.3,3.51,2.76,1.65,2.38,4.96,2.79,3.16,3.01,2.67,2.41,2.28,2.39,3.29,2.73
Adelaide,22,Oscar Ryan,2005-05-15,187.0,Defender,0,20yr 11mth,Murray Bushrangers,2026.0,Non-Free Agent,2023.0,National,1.0,27.0,2.68,O.Ryan 15/5/2005,ADL SA,2024,GD,2.69,2.81,2.31,2.7,2.23,2.78,2.8,2.75,3.04,2.65,2.31,2.95,2.19,2.24,2.54,2.44,2.91,2.91,2.7,2.13
Adelaide,38,Lachlan Sholl,2000-03-07,186.0,Midfield,79,26yr 1mth,Calder Cannons,2026.0,Restricted Free Agent,2018.0,National,4.0,64.0,2.14,L.Sholl 7/3/2000,AFC,2025,W,1.78,2.35,2.45,2.05,2.13,0.72,1.97,2.36,2.26,2.94,2.33,1.95,2.89,1.82,2.14,2.54,1.84,2.12,1.72,2.49
Adelaide,14,Jake Soligo,2003-01-25,179.0,Midfield,90,23yr 2mth,Eastern Ranges,2029.0,Restricted Free Agent,2021.0,National,2.0,36.0,2.54,J.Soligo 25/1/2003,AFC,2025,M,2.74,2.35,2.22,2.69,2.65,3.0,2.88,2.54,1.79,2.55,2.69,2.35,2.11,2.36,2.1,2.41,2.78,2.59,2.92,2.52
Adelaide,19,Zac Taylor,2003-01-31,180.0,Forward,30,23yr 2mth,Calder Cannons,2026.0,Non-Free Agent,2021.0,National,3.0,44.0,2.27,Z.Taylor 31/1/2003,AFC,2025,GF,2.38,1.99,2.27,2.71,2.82,2.3,2.79,2.12,2.61,2.45,1.26,2.03,1.93,2.21,2.98,2.45,2.41,2.79,3.9,2.41
Adelaide,7,Riley Thilthorpe,2002-07-07,201.0,Forward,84,23yr 9mth,West Adelaide Fc,2028.0,Restricted Free Agent,2020.0,National,1.0,2.0,3.56,R.Thilthorpe 7/7/2002,AFC,2025,KF,3.89,3.55,3.54,2.77,4.41,4.34,2.6,3.5,3.46,3.42,3.73,3.24,3.34,3.7,3.31,3.66,2.8,2.97,2.87,2.28
Adelaide,13,Taylor Walker,1990-04-25,192.0,Forward,306,35yr 11mth,Broken Hill North,2026.0,Unrestricted Free Agent,,,,,2.74,T.Walker 25/4/1990,AFC,2025,KF,2.83,3.05,2.6,1.86,2.36,2.9,2.54,3.38,2.68,2.79,2.94,4.12,2.98,2.77,2.34,2.14,1.83,1.9,2.08,1.66
Adelaide,17,Tyler Welsh,2006-08-15,191.0,Forward,0,19yr 8mth,Woodville-West Torrens,2026.0,Unrestricted Free Agent,2025.0,Rookie,1.0,11.0,2.34,T.Welsh 15/8/2006,SAFC Champs B,2024,KF,1.84,2.53,2.54,2.37,2.05,1.71,2.4,1.46,1.22,1.56,3.49,1.81,2.26,3.46,1.67,2.07,2.58,2.93,1.27,1.87
Adelaide,24,Josh Worrell,2001-04-11,195.0,Defender,61,25yr,Sandringham Dragons,2033.0,Unrestricted Free Agent,2019.0,National,2.0,28.0,2.82,J.Worrell 11/4/2001,AFC,2025,GD,2.96,2.4,3.21,3.04,1.96,3.65,2.37,2.96,1.93,2.82,1.74,2.79,2.8,3.05,3.87,2.46,1.73,1.68,5.0,4.17
Brisbane,4,Oscar Allen,1999-03-19,196.0,Forward,111,27yr 1mth,West Perth,2031.0,Non-Free Agent,2017.0,National,2.0,21.0,2.38,O.Allen 19/3/1999,WCFC,2025,KF,2.19,2.28,2.23,3.64,1.76,2.43,2.21,2.27,1.54,2.99,1.99,2.53,2.35,1.94,2.94,2.1,3.03,3.38,5.0,3.61
Brisbane,31,Harris Andrews,1996-12-11,200.0,Defender,242,29yr 4mth,Aspley,2029.0,Unrestricted Free Agent,2014.0,National,4.0,61.0,3.36,H.Andrews 11/12/1996,BFC,2025,KD,2.68,2.82,3.9,3.53,1.94,3.02,2.11,3.05,2.39,3.56,1.95,2.52,4.14,3.58,4.09,2.34,2.04,2.28,3.89,4.04
Brisbane,14,Daniel Annable,2007-04-05,184.0,Midfield,1,19yr,Brisbane Lions Academy,2028.0,Unknown,2025.0,National,1.0,6.0,,,,,,,,,,,,,,,,,,,,,,,,,
Brisbane,43,Noah Answerth,1999-08-06,182.0,Defender,91,26yr 8mth,Oakleigh Chargers,2028.0,Unrestricted Free Agent,2018.0,National,3.0,55.0,2.33,N.Answerth 6/8/1999,BFC,2025,GD,2.15,2.16,2.45,2.67,2.05,2.09,2.73,2.09,1.77,2.48,2.1,2.32,3.02,2.39,1.86,2.46,2.89,2.67,1.88,3.39
Brisbane,10,Levi Ashcroft,2006-12-18,179.0,Midfield,33,19yr 4mth,Sandringham Dragons,2030.0,Non-Free Agent,2024.0,National,1.0,5.0,2.65,L.Ashcroft 18/12/2006,BFC,2025,W,3.06,2.67,2.41,2.19,3.76,3.43,2.63,2.54,2.76,3.09,2.98,2.18,2.92,2.01,1.82,2.54,1.98,2.37,1.98,2.4
Brisbane,8,Will Ashcroft,2004-05-06,182.0,Midfield,64,21yr 11mth,Sandringham Dragons,2030.0,Restricted Free Agent,2022.0,National,1.0,2.0,2.82,W.Ashcroft 6/5/2004,BFC,2025,M,3.19,3.09,2.3,2.15,3.42,2.96,2.53,3.49,3.82,2.68,2.86,3.1,2.73,2.18,1.84,2.41,2.2,2.33,1.67,1.74
Brisbane,33,Zac Bailey,1999-09-23,181.0,MidfieldForward,171,26yr 6mth,Norwood,2026.0,Restricted Free Agent,2017.0,National,1.0,15.0,2.63,Z.Bailey 23/9/1999,BFC,2025,M,2.35,3.31,2.91,1.9,1.77,2.27,3.1,2.8,2.61,3.15,5.0,2.59,3.78,2.52,2.24,2.41,1.88,1.78,2.37,2.02
Brisbane,17,Luke Beecken,2001-04-18,185.0,Midfield,1,25yr,Woodville-West Torrens,2026.0,Non-Free Agent,2024.0,Mid-Season,2.0,17.0,2.7,L.Beecken 18/4/2001,BLR VFL,2025,M,2.24,2.82,3.7,2.54,1.63,1.91,2.92,3.02,2.12,3.59,1.6,3.57,3.65,3.12,5.0,2.47,2.14,2.26,4.25,3.58
Brisbane,7,Jarrod Berry,1998-02-05,193.0,Midfield,190,28yr 2mth,North Ballarat Rebels,2029.0,Unrestricted Free Agent,2016.0,National,1.0,17.0,3.07,J.Berry 5/2/1998,BFC,2025,W,2.91,3.24,3.59,2.63,3.01,3.79,2.15,2.39,2.77,3.49,2.67,3.46,3.25,3.17,4.44,2.54,2.78,2.39,3.3,2.03
Brisbane,34,Shadeau Brain,2004-02-13,183.0,Defender,9,22yr 2mth,Noosa,2027.0,Non-Free Agent,,,,,2.8,S.Brain 13/2/2004,BLR VFL,2025,GD,2.59,2.31,3.44,3.3,2.46,3.03,2.95,2.26,1.72,2.82,1.9,2.65,2.98,3.68,3.7,2.49,3.54,2.56,4.1,3.11
Brisbane,23,Charlie Cameron,1994-07-05,180.0,Forward,260,31yr 9mth,Swan Districts,2028.0,Unrestricted Free Agent,2013.0,Rookie,1.0,7.0,2.53,C.Cameron 5/7/1994,BFC,2025,GF,2.01,2.8,3.0,2.3,1.73,1.97,2.25,2.12,1.84,2.66,3.46,2.53,3.64,3.1,1.67,2.45,2.23,2.36,2.36,2.29
Brisbane,18,Keidean Coleman,2000-03-31,182.0,Defender,72,26yr,Brisbane,2027.0,Restricted Free Agent,2019.0,National,2.0,37.0,3.0,K.Coleman 31/3/2000,BLR VFL,2025,GD,2.99,2.74,4.15,2.67,3.24,3.12,2.18,3.0,2.59,2.89,2.32,2.97,3.19,5.0,4.17,2.49,2.75,3.05,2.99,1.6
Brisbane,37,Cody Curtin,2007-05-18,200.0,Forward,0,18yr 11mth,Claremont,2027.0,Unknown,2025.0,National,3.0,43.0,,,,,,,,,,,,,,,,,,,,,,,,,
Brisbane,12,Tom Doedee,1997-03-01,190.0,Defender,83,29yr 1mth,Geelong Falcons,2027.0,Non-Free Agent,2015.0,National,1.0,17.0,2.43,T.Doedee 1/3/1997,BLR VFL,2025,GD,2.17,2.4,2.57,2.66,1.76,2.42,2.77,2.01,2.34,2.66,1.82,2.33,2.79,2.17,2.8,2.49,2.39,1.78,3.37,3.43
Brisbane,2,Sam Draper,1998-09-28,205.0,ForwardRuck,83,27yr 6mth,South Adelaide,2030.0,Non-Free Agent,2016.0,Rookie,1.0,1.0,2.92,S.Draper 28/9/1998,EFC,2025,R,2.58,3.53,2.8,2.64,2.08,2.81,3.12,2.52,3.19,2.69,5.0,3.08,3.4,4.08,3.02,1.72,2.8,2.11,3.0,2.71
Brisbane,5,Josh Dunkley,1997-01-09,191.0,Midfield,200,29yr 3mth,Gippsland Power,2030.0,Restricted Free Agent,2015.0,National,2.0,25.0,3.16,J.Dunkley 9/1/1997,BFC,2025,M,2.99,2.58,3.34,4.18,3.0,3.46,2.01,3.1,3.14,2.67,2.06,2.25,3.19,3.37,3.53,2.45,3.97,4.31,3.44,5.0
Brisbane,24,Koby Evans,2007-09-08,187.0,Midfield,0,18yr 7mth,Perth,2027.0,Unknown,2025.0,National,3.0,38.0,,,,,,,,,,,,,,,,,,,,,,,,,
Brisbane,3,Jaspa Fletcher,2004-02-24,184.0,Defender,74,22yr 1mth,Brisbane Lions,2030.0,Restricted Free Agent,2022.0,National,1.0,12.0,2.97,J.Fletcher 24/2/2004,BFC,2025,GD,3.24,3.12,3.23,2.32,3.22,3.08,2.53,3.52,3.37,3.0,3.02,2.95,3.52,3.05,3.08,2.46,2.08,2.2,3.0,1.94
Brisbane,32,Darcy Fort,1993-08-06,204.0,Ruck,62,32yr 8mth,Central District,2026.0,Non-Free Agent,2018.0,National,4.0,65.0,2.3,D.Fort 6/8/1993,BFC,2025,R,2.12,2.14,2.33,2.71,2.08,1.87,2.32,2.27,1.95,2.0,2.05,2.57,2.13,1.96,2.08,2.76,2.52,2.64,2.23,3.14
Brisbane,22,Ty Gallop,2006-02-09,194.0,DefenderForward,12,20yr 2mth,Maroochydore,2029.0,Non-Free Agent,2024.0,National,3.0,42.0,2.22,T.Gallop 9/2/2006,BFC,2025,KF,2.42,2.04,1.97,3.17,2.32,2.25,1.95,3.04,3.05,2.5,1.58,2.11,1.9,1.99,1.77,2.11,3.8,3.77,3.26,1.12
Brisbane,27,Darcy Gardiner,1995-09-22,192.0,Defender,185,30yr 6mth,Geelong Falcons,2026.0,Unrestricted Free Agent,2013.0,National,2.0,22.0,2.18,D.Gardiner 22/9/1995,BFC,2025,KD,2.38,2.62,1.66,2.32,2.37,2.2,1.5,3.04,2.61,2.03,4.61,3.02,2.42,1.44,1.37,2.17,2.82,3.11,1.37,2.57
Brisbane,42,Tai Hayes,2004-11-18,190.0,MidfieldForward,0,21yr 5mth,Southport Sharks,2027.0,Unknown,2025.0,National,3.0,44.0,2.38,T.Hayes 18/11/2004,STP VFL,2025,M,2.19,2.6,2.71,2.12,1.65,2.12,2.75,2.67,1.92,3.19,2.91,2.11,3.35,2.14,2.86,2.47,2.05,1.79,3.28,2.56
Brisbane,30,Eric Hipwood,1997-09-13,204.0,Forward,199,28yr 7mth,Aspley,2029.0,Unrestricted Free Agent,2015.0,National,1.0,14.0,2.5,E.Hipwood 13/9/1997,BFC,2025,KF,2.45,2.49,2.58,2.48,2.02,2.24,2.4,3.2,1.77,2.77,2.22,3.39,3.19,1.91,4.01,2.05,2.28,2.17,3.48,2.55
Brisbane,41,Darragh Joyce,1997-04-23,195.0,Defender,25,28yr 11mth,Kilkenny,2026.0,Unrestricted Free Agent,2024.0,Rookie,1.0,15.0,2.4,D.Joyce 23/4/1997,BLR VFL,2025,KD,2.56,2.46,2.11,2.54,1.83,2.47,2.62,3.14,2.17,2.68,2.04,3.15,2.62,1.95,1.92,2.44,2.07,2.12,2.6,2.74
Brisbane,35,Ryan Lester,1992-08-26,190.0,Defender,239,33yr 7mth,Oakleigh Chargers,2026.0,Unrestricted Free Agent,2022.0,Rookie,1.0,15.0,2.57,R.Lester 26/8/1992,BFC,2025,GD,2.15,2.31,3.36,2.9,2.03,2.17,2.53,2.09,2.41,2.29,2.01,2.34,3.45,3.28,3.35,2.46,2.49,2.33,2.98,4.16
Brisbane,19,Luke Lloyd,2005-08-08,193.0,Forward,0,20yr 8mth,Sandringham Dragons,2026.0,Non-Free Agent,2023.0,National,2.0,42.0,2.5,L.Lloyd 8/8/2005,BLR VFL,2025,KD,2.72,2.45,2.81,2.13,3.02,2.23,3.53,2.67,2.42,2.59,2.02,2.46,3.09,2.57,2.9,2.44,2.96,2.2,2.33,1.79
Brisbane,1,Kai Lohmann,2003-05-06,185.0,Forward,59,22yr 11mth,GWV Rebels,2027.0,Non-Free Agent,2021.0,National,1.0,20.0,2.49,K.Lohmann 6/5/2003,BFC,2025,GF,2.32,2.6,2.5,2.58,1.91,2.29,2.8,2.42,2.06,2.28,3.1,2.72,2.71,2.71,1.67,2.45,3.01,2.57,1.5,2.31
Brisbane,20,Sam Marshall,2006-01-19,185.0,Midfield,11,20yr 3mth,Sandringham Dragons,2027.0,Non-Free Agent,2024.0,National,1.0,25.0,1.77,S.Marshall 19/1/2006,BFC,2025,W,1.67,2.0,2.08,1.32,1.75,2.16,1.64,1.26,2.28,2.49,1.52,1.79,2.27,2.01,1.79,2.54,2.24,1.42,0.8,1.17
Brisbane,11,Lincoln McCarthy,1993-10-22,176.0,Forward,156,32yr 5mth,Glenelg,2026.0,Restricted Free Agent,2025.0,Rookie,1.0,14.0,,,,,,,,,,,,,,,,,,,,,,,,,
Brisbane,6,Hugh McCluggage,1998-03-03,187.0,Midfield,212,28yr 1mth,North Ballarat Rebels,2031.0,Unrestricted Free Agent,2016.0,National,1.0,3.0,3.01,H.McCluggage 3/3/1998,BFC,2025,M,3.36,3.18,2.29,2.69,3.37,3.2,2.84,3.81,3.08,3.15,3.1,3.44,2.88,1.93,2.04,2.41,2.63,2.63,3.01,2.87
Brisbane,26,Conor McKenna,1996-03-28,184.0,Forward,128,30yr,"Eglish, Tyrone",2026.0,Non-Free Agent,,,,,1.59,C.McKenna 28/3/1996,BFC,2025,GF,0.88,1.81,1.48,2.66,1.23,0.77,1.38,0.66,2.23,1.55,1.79,2.05,0.95,1.8,1.67,2.45,3.27,2.89,1.62,1.35
Brisbane,28,Will McLachlan,2005-04-13,185.0,Forward,6,21yr,Geelong Falcons,2026.0,Non-Free Agent,2024.0,Mid-Season,1.0,6.0,2.07,W.McLachlan 13/4/2005,BFC,2025,GF,1.25,2.32,3.18,1.6,1.53,1.32,1.24,1.07,0.41,3.08,2.66,1.7,2.69,3.2,4.0,2.45,0.57,1.3,2.93,3.9
Brisbane,13,Logan Morris,2005-05-10,191.0,Forward,50,20yr 11mth,Western Jets,2027.0,Non-Free Agent,2023.0,National,2.0,31.0,2.48,L.Morris 10/5/2005,BFC,2025,KF,2.25,2.89,2.27,2.28,1.64,2.32,2.29,2.74,1.74,2.64,3.26,2.88,2.7,2.45,1.77,1.89,2.58,2.47,1.48,2.09
Brisbane,39,Ben Murphy,,191.0,Defender,0,,Kerry GAA,2027.0,Unknown,,,,,,,,,,,,,,,,,,,,,,,,,,,,,
Brisbane,9,Lachie Neale,1993-05-24,177.0,Midfield,300,32yr 10mth,Glenelg,2026.0,Restricted Free Agent,2011.0,National,3.0,58.0,2.91,L.Neale 24/5/1993,BFC,2025,M,3.39,2.87,2.51,2.45,3.76,3.31,2.16,3.68,3.26,2.96,2.28,2.8,2.85,2.26,2.48,2.41,2.31,2.3,3.78,2.23
Brisbane,40,Jack Payne,1999-10-15,196.0,Defender,81,26yr 6mth,Lions Academy,2029.0,Unrestricted Free Agent,2017.0,National,3.0,54.0,2.79,J.Payne 15/10/1999,BFC,2025,KD,2.09,2.36,3.22,3.0,2.15,2.05,1.67,2.32,1.61,3.15,1.95,2.58,3.05,2.57,4.07,2.34,2.2,2.52,3.19,3.21
Brisbane,16,Cameron Rayner,1999-10-21,187.0,Forward,173,26yr 5mth,Western Jets,2031.0,Unrestricted Free Agent,2017.0,National,1.0,1.0,3.26,C.Rayner 21/10/1999,BFC,2025,GF,3.76,3.18,2.97,2.85,4.47,3.97,3.84,3.21,2.97,2.77,3.5,3.6,2.68,3.43,2.45,2.45,2.91,2.89,2.91,2.54
Brisbane,38,Bruce Reville,2001-02-22,185.0,Midfield,31,25yr 1mth,Coates Talent League Boys,2026.0,Non-Free Agent,,,,,2.13,B.Reville 22/2/2001,BFC,2025,W,1.69,2.01,2.92,2.42,1.51,2.56,2.31,0.96,0.97,2.31,2.53,1.78,3.1,2.31,3.01,2.54,2.64,2.42,1.89,2.8
Brisbane,25,Henry Smith,2002-09-24,202.0,Forward,6,23yr 6mth,Woodville-west Torrens,2026.0,Non-Free Agent,2020.0,National,3.0,48.0,2.24,H.Smith 24/9/2002,BFC,2025,KF,1.48,2.45,2.34,3.1,1.74,1.45,1.15,1.45,2.05,1.93,3.04,1.63,3.02,0.92,1.77,4.01,3.35,3.29,2.48,2.84
Brisbane,36,Reece Torrent,2005-08-03,184.0,Midfield,0,20yr 8mth,Peel Thunder,2026.0,Non-Free Agent,2023.0,National,5.0,64.0,2.48,R.Torrent 3/8/2005,BLR VFL,2025,M,2.76,2.5,2.29,2.09,3.08,2.25,2.73,2.86,2.31,2.71,2.24,2.64,2.47,2.17,2.26,2.47,1.88,2.47,1.6,1.89
Brisbane,29,James Tunstill,2003-07-18,187.0,Midfield,14,22yr 9mth,East Perth,2026.0,Non-Free Agent,2021.0,National,3.0,41.0,2.9,J.Tunstill 18/7/2003,BLR VFL,2025,M,3.04,3.0,2.83,2.54,3.29,3.02,2.35,3.11,2.04,3.28,3.98,2.74,3.01,2.74,2.74,2.47,2.46,2.6,2.61,2.52
Brisbane,44,Darcy Wilmot,2003-12-31,183.0,Defender,89,22yr 3mth,Northern Knights,2029.0,Restricted Free Agent,2021.0,National,1.0,16.0,2.9,D.Wilmot 31/12/2003,BFC,2025,GD,3.06,2.95,2.8,2.74,3.25,3.1,2.53,3.09,2.99,2.99,3.03,2.77,3.07,1.93,3.49,2.46,2.44,2.59,3.37,2.56
Brisbane,21,Zane Zakostelsky,2005-12-14,196.0,DefenderRuck,3,20yr 4mth,Claremont,2026.0,Non-Free Agent,2023.0,National,3.0,51.0,2.28,Z.Zakostelsky 14/12/2005,BLR VFL,2025,R,2.08,2.27,2.07,3.13,1.66,2.04,1.65,2.94,1.53,3.33,1.65,2.56,3.02,2.43,2.76,1.17,2.07,1.69,4.64,3.91
Brisbane,15,Dayne Zorko,1989-02-09,175.0,Defender,309,37yr 2mth,Broadbeach,2026.0,Unrestricted Free Agent,,,,,2.93,D.Zorko 9/2/1989,BFC,2025,GD,3.13,3.03,2.61,2.79,2.77,2.93,1.98,3.63,1.92,3.61,3.02,3.96,3.35,1.59,2.92,2.46,3.35,2.97,2.89,1.71
Carlton,13,Blake Acres,1995-10-07,193.0,Midfield,187,30yr 6mth,West Perth,2027.0,Non-Free Agent,2013.0,National,1.0,19.0,2.65,B.Acres 7/10/1995,CFC,2025,W,2.65,2.64,2.76,2.56,2.05,2.99,2.13,2.82,2.63,2.44,2.32,2.96,2.64,3.52,2.44,2.54,2.77,2.11,2.63,2.66
Carlton,12,Ben Ainsworth,1998-02-10,178.0,Forward,164,28yr 2mth,Gippsland Power,2029.0,Unrestricted Free Agent,2016.0,National,1.0,4.0,2.57,B.Ainsworth 10/2/1998,GCFC,2025,GF,2.55,2.94,2.45,1.93,1.89,2.05,2.29,3.32,3.12,2.92,2.78,3.15,2.9,2.31,1.98,2.45,1.91,1.88,2.28,1.89
Carlton,37,Jordan Boyd,1998-09-22,182.0,Defender,40,27yr 6mth,Footscray,2026.0,Non-Free Agent,2021.0,Mid-Season,2.0,19.0,2.44,J.Boyd 22/9/1998,CAR VFL,2025,GD,2.61,2.43,2.06,2.52,2.28,2.66,2.79,2.64,1.59,3.07,1.94,3.03,2.41,1.86,1.88,2.49,2.27,2.81,2.29,2.68
Carlton,39,Talor Byrne,2007-11-14,174.0,MidfieldForward,4,18yr 5mth,GWV Rebels,2027.0,Unknown,2025.0,National,3.0,45.0,,,,,,,,,,,,,,,,,,,,,,,,,
Carlton,16,Ben Camporeale,2006-07-21,186.0,Midfield,0,19yr 8mth,Glenelg,2026.0,Non-Free Agent,2024.0,National,3.0,43.0,2.63,B.Camporeale 21/7/2006,CAR VFL,2025,M,3.02,2.6,1.9,2.56,3.21,3.23,2.72,2.7,3.56,2.24,2.01,2.61,1.77,1.89,2.15,2.47,2.43,2.8,2.38,2.28
Carlton,21,Lucas Camporeale,2006-07-21,184.0,Midfield,3,19yr 8mth,Glenelg,2026.0,Non-Free Agent,2024.0,National,3.0,54.0,2.13,L.Camporeale 21/7/2006,CFC,2025,W,3.03,1.31,1.82,2.45,2.99,2.07,2.83,3.83,2.08,1.06,1.68,1.12,1.83,2.01,1.68,2.54,2.29,2.28,1.69,3.43
Carlton,32,Matt Carroll,2005-11-28,188.0,DefenderMidfield,22,20yr 4mth,Sandringham Dragons,2027.0,Unrestricted Free Agent,2023.0,Rookie,1.0,15.0,2.08,M.Carroll 28/11/2005,CFC,2025,GD,2.0,1.89,2.58,2.13,1.94,1.73,2.42,2.1,1.36,2.17,2.27,2.12,2.34,2.34,3.13,2.46,2.02,1.82,2.55,2.19
Carlton,5,Adam Cerra,1999-10-07,188.0,Midfield,151,26yr 6mth,Eastern Ranges,2030.0,Restricted Free Agent,2017.0,National,1.0,5.0,2.79,A.Cerra 7/10/1999,CFC,2025,M,3.06,2.59,2.51,2.82,3.09,3.22,2.31,3.3,2.31,2.97,2.02,2.82,2.88,1.92,3.16,2.41,2.66,2.76,3.74,2.8
Carlton,28,Harry Charleson,2006-06-26,183.0,DefenderMidfield,0,19yr 9mth,Greater Western Victoria Rebels,2026.0,Non-Free Agent,2024.0,Rookie,1.0,9.0,2.36,H.Charleson 26/6/2006,CAR VFL,2025,GD,2.43,2.5,2.09,2.26,2.03,2.21,2.09,2.79,2.66,2.46,1.96,2.55,2.03,2.04,2.22,2.49,2.33,2.16,2.41,2.15
Carlton,31,Campbell Chesser,2003-04-27,186.0,Midfield,39,22yr 11mth,Sandringham Dragons,2027.0,Non-Free Agent,2021.0,National,1.0,14.0,2.59,C.Chesser 27/4/2003,WCFC,2025,W,2.81,2.66,2.14,2.46,3.65,2.48,3.04,2.57,1.81,2.34,3.36,2.76,2.56,1.77,1.68,2.54,2.28,2.7,1.91,2.97
Carlton,46,Matt Cottrell,2000-02-29,184.0,MidfieldForward,74,26yr 1mth,Dandenong Stingrays,2027.0,Unrestricted Free Agent,2021.0,Rookie,2.0,24.0,2.27,M.Cottrell 29/2/2000,CFC,2025,M,1.91,2.43,3.09,2.05,0.94,1.65,3.34,2.68,1.68,2.71,2.47,2.83,3.42,2.92,2.91,2.41,1.34,1.78,4.49,3.54
Carlton,2,Lachlan Cowan,2004-12-01,188.0,Defender,43,21yr 4mth,Tasmania Devils,2028.0,Non-Free Agent,2022.0,National,2.0,30.0,2.64,L.Cowan 1/12/2004,CFC,2025,GD,2.49,2.54,2.78,2.87,2.41,2.62,2.39,2.45,2.7,2.53,2.17,2.45,3.04,2.44,2.88,2.46,2.87,3.23,2.54,2.73
Carlton,9,Patrick Cripps,1995-03-18,195.0,Midfield,236,31yr 1mth,East Fremantle,2027.0,Unrestricted Free Agent,2013.0,National,1.0,13.0,2.95,P.Cripps 18/3/1995,CFC,2025,M,3.39,2.55,2.68,2.98,4.15,4.19,2.52,2.06,2.77,2.23,3.13,2.26,1.59,3.86,1.96,3.4,3.18,3.07,1.83,3.02
Carlton,35,Harry Dean,2007-11-13,194.0,Defender,4,18yr 5mth,Murray Bushrangers,2028.0,Unknown,2025.0,National,1.0,3.0,,,,,,,,,,,,,,,,,,,,,,,,,
Carlton,47,Wade Derksen,2001-06-18,194.0,Defender,2,24yr 10mth,Peel Thunder,2026.0,Unrestricted Free Agent,2022.0,Mid-Season,1.0,5.0,3.59,W.Derksen 18/6/2001,GWS VFL,2025,KD,3.5,2.9,4.47,3.19,2.73,4.03,2.39,3.93,2.96,2.96,2.29,3.04,3.69,4.79,4.67,2.21,2.62,2.5,4.02,3.0
Carlton,41,Matt Duffy,2004-01-02,194.0,Defender,0,22yr 3mth,Longford GAA,2026.0,Non-Free Agent,,,,,1.67,M.Duffy 2/1/2004,CAR VFL,2025,KD,1.93,1.94,1.47,1.57,2.69,1.44,3.25,1.34,1.86,2.09,2.04,1.5,1.58,1.51,1.34,2.44,2.62,1.86,1.09,1.55
Carlton,44,Francis Evans,2001-08-23,182.0,Forward,48,24yr 7mth,Calder Cannons,2026.0,Unrestricted Free Agent,2019.0,National,2.0,41.0,2.75,F.Evans 23/8/2001,CFC,2025,GF,2.5,2.91,2.85,2.73,2.44,2.72,2.58,2.36,2.57,2.8,3.26,2.69,2.51,3.02,3.07,2.45,3.04,2.85,2.4,1.93
Carlton,14,Oliver Florent,1998-07-22,184.0,DefenderMidfield,190,27yr 8mth,Sandringham Dragons,2030.0,Unrestricted Free Agent,2016.0,National,1.0,11.0,2.47,O.Florent 22/7/1998,SYFC,2025,W,2.31,2.37,2.83,2.59,1.59,2.59,2.71,2.36,2.34,2.75,1.74,2.42,2.58,2.98,3.15,2.54,1.97,2.4,3.4,2.34
Carlton,8,Lachlan Fogarty,1999-04-01,180.0,Forward,92,27yr,Western Jets,2026.0,Non-Free Agent,2017.0,National,2.0,22.0,2.59,L.Fogarty 1/4/1999,CFC,2025,GF,2.62,2.4,2.31,3.33,1.92,2.84,2.87,2.74,3.15,2.47,1.95,2.56,2.18,2.7,1.67,2.45,3.39,3.61,3.09,2.63
Carlton,26,Nick Haynes,1992-05-18,192.0,Defender,236,33yr 11mth,Dandenong Stingrays,2026.0,Unrestricted Free Agent,2011.0,National,1.0,7.0,2.92,N.Haynes 18/5/1992,CFC,2025,GD,2.63,2.51,4.38,2.9,2.24,2.74,2.52,2.71,2.6,2.55,1.85,2.62,4.33,3.89,5.0,2.46,2.06,1.83,4.09,4.1
Carlton,19,Will Hayward,1998-10-26,186.0,Forward,189,27yr 5mth,North Adelaide,2030.0,Unrestricted Free Agent,2016.0,National,1.0,21.0,2.73,W.Hayward 26/10/1998,SYFC,2025,GF,2.46,2.74,3.19,2.64,1.66,2.81,3.13,2.44,1.95,2.76,3.37,2.04,2.99,3.3,3.33,2.45,2.82,2.37,1.99,3.38
Carlton,29,George Hewett,1995-12-29,187.0,Midfield,206,30yr 3mth,North Adelaide,2027.0,Non-Free Agent,2013.0,National,2.0,32.0,3.13,G.Hewett 29/12/1995,CFC,2025,M,3.63,2.98,2.45,2.97,3.9,3.86,3.0,3.41,4.15,2.82,2.15,2.64,2.17,2.51,2.82,2.44,3.1,3.17,2.96,1.67
Carlton,20,Elijah Hollands,2002-04-25,189.0,MidfieldForward,47,23yr 11mth,Murray Bushrangers,2026.0,Unrestricted Free Agent,2020.0,National,1.0,7.0,2.66,E.Hollands 25/4/2002,CFC,2025,GF,3.46,2.37,2.08,2.57,3.33,3.09,1.94,4.17,3.9,2.68,1.34,2.5,2.66,1.8,1.67,2.45,2.88,2.56,3.33,1.35
Carlton,4,Oliver Hollands,2004-01-16,184.0,Defender,71,22yr 3mth,Murray Bushrangers,2026.0,Non-Free Agent,2022.0,National,1.0,11.0,2.76,O.Hollands 16/1/2004,CFC,2025,GD,2.95,2.84,1.98,2.92,3.02,2.64,2.6,3.22,3.34,2.35,2.74,2.87,2.59,1.68,1.6,2.46,3.89,3.68,1.49,2.37
Carlton,30,Jack Ison,2007-03-26,192.0,Midfield,0,19yr,Oakleigh Chargers,2027.0,Unknown,2025.0,National,3.0,47.0,,,,,,,,,,,,,,,,,,,,,,,,,
Carlton,17,Brodie Kemp,2001-05-01,192.0,Forward,55,24yr 11mth,Bendigo Pioneers,2027.0,Restricted Free Agent,2019.0,National,1.0,17.0,2.14,B.Kemp 1/5/2001,CFC,2025,KF,2.1,2.32,1.76,2.72,1.54,2.27,2.43,2.22,1.82,1.87,2.53,2.72,2.44,1.18,1.77,1.91,2.87,3.19,2.48,1.87
Carlton,36,Cooper Lord,2005-03-20,184.0,Midfield,25,21yr,North Melbourne,2029.0,Non-Free Agent,2024.0,Mid-Season,1.0,9.0,2.52,C.Lord 20/3/2005,CFC,2025,W,3.27,2.37,2.09,2.0,3.96,2.99,2.25,3.38,2.64,2.4,1.82,2.55,2.18,2.22,1.84,2.54,3.05,3.33,1.52,0.89
Carlton,11,Mitch McGovern,1994-10-11,190.0,DefenderForward,151,31yr 6mth,Claremont,2026.0,Restricted Free Agent,2014.0,National,3.0,43.0,2.34,M.McGovern 11/10/1994,CFC,2025,GD,2.01,2.37,2.88,2.3,1.67,2.35,2.82,1.72,1.49,2.37,4.91,2.62,2.63,3.63,2.31,2.46,2.07,1.91,2.4,3.06
Carlton,10,Harry McKay,1997-12-24,200.0,Forward,146,28yr 3mth,Gippsland Power,2030.0,Unrestricted Free Agent,2015.0,National,1.0,10.0,3.45,H.McKay 24/12/1997,CFC,2025,KF,4.16,3.06,3.49,2.95,5.0,4.71,2.57,3.01,3.66,2.96,3.05,2.85,3.9,3.92,3.09,2.71,3.43,3.33,2.71,1.75
Carlton,43,Ashton Moir,2005-04-15,188.0,Forward,12,21yr,Glenelg,2027.0,Non-Free Agent,2023.0,National,1.0,29.0,2.49,A.Moir 15/4/2005,CFC,2025,GF,2.02,2.41,3.8,1.9,2.06,2.11,2.62,1.77,1.84,2.17,3.25,1.55,3.65,4.86,1.67,2.45,1.59,1.56,1.24,3.94
Carlton,34,Rob Monahan,2004-06-29,194.0,Forward,0,21yr 9mth,Kerry,2026.0,Non-Free Agent,,,,,2.07,R.Monahan 29/6/2004,CAR VFL,2025,GD,1.9,2.06,2.07,2.25,1.95,1.78,2.48,1.83,2.11,2.0,2.25,1.97,2.36,1.9,1.92,2.49,3.54,1.88,1.73,1.85
Carlton,3,Jesse Motlop,2003-11-23,180.0,Forward,63,22yr 4mth,South Fremantle,2027.0,Non-Free Agent,2021.0,National,2.0,27.0,2.56,J.Motlop 23/11/2003,CFC,2025,GF,2.6,2.41,2.18,3.35,3.1,2.56,2.93,2.31,2.54,2.39,2.34,2.51,2.08,2.19,2.33,2.45,3.68,3.36,2.25,3.29
Carlton,24,Nic Newman,1993-01-15,186.0,Defender,137,33yr 3mth,Frankston,2026.0,Restricted Free Agent,2014.0,Rookie,2.0,35.0,3.21,N.Newman 15/1/1993,CFC,2024,GD,3.03,2.96,3.6,3.49,2.78,3.0,2.49,3.25,2.78,3.23,2.18,3.2,3.93,3.35,3.5,2.46,4.0,3.98,3.13,2.57
Carlton,22,Harry O'Farrell,2006-05-03,196.0,Defender,6,19yr 11mth,Calder Cannons,2027.0,Non-Free Agent,2024.0,National,2.0,40.0,2.34,H.O'Farrell 3/5/2006,CFC,2025,KD,2.11,2.23,2.36,2.5,1.88,2.22,1.92,2.23,1.88,2.31,3.29,2.24,2.54,1.55,3.17,2.34,2.75,2.63,2.83,2.18
Carlton,40,Hudson O'Keeffe,2004-12-16,202.0,ForwardRuck,8,21yr 4mth,Oakleigh Chargers,2026.0,Non-Free Agent,,,,,2.39,H.O'Keeffe 16/12/2004,CFC,2025,KF,2.24,1.63,3.44,2.27,3.12,2.49,2.02,1.14,1.82,1.74,1.57,1.54,1.18,4.36,3.17,4.59,2.21,2.05,1.7,3.16
Carlton,27,Marc Pittonet,1996-06-03,202.0,Ruck,86,29yr 10mth,Oakleigh Chargers,2027.0,Restricted Free Agent,2014.0,National,3.0,50.0,2.42,M.Pittonet 3/6/1996,CFC,2025,R,2.21,2.33,2.65,2.25,2.43,2.46,1.56,2.2,3.33,1.79,2.21,1.99,1.8,3.02,2.37,2.8,2.61,2.76,2.59,1.49
Carlton,25,Liam Reidy,2000-06-14,204.0,ForwardRuck,4,25yr 10mth,Frankston Dolphins,2028.0,Non-Free Agent,2022.0,Rookie,1.0,13.0,2.74,L.Reidy 14/6/2000,PTFC WAFL,2024,R,3.03,2.57,2.79,2.5,3.14,3.05,3.4,2.58,2.61,2.53,1.85,3.28,1.54,2.13,2.1,3.95,2.19,3.4,1.98,2.34
Carlton,42,Adam Saad,1994-07-23,178.0,Defender,217,31yr 8mth,Coburg,2026.0,Non-Free Agent,2014.0,Rookie,2.0,25.0,2.56,A.Saad 23/7/1994,CFC,2025,GD,2.68,2.61,1.84,2.83,2.94,3.0,2.54,2.41,2.64,2.59,2.03,2.89,1.37,2.27,1.89,2.46,3.19,2.96,2.83,2.16
Carlton,7,Jagga Smith,2006-01-28,182.0,Midfield,6,20yr 2mth,Oakleigh Chargers,2030.0,Non-Free Agent,2024.0,National,1.0,3.0,2.7,J.Smith 28/1/2006,RFC VFL,2024,M,3.35,2.87,2.4,1.57,3.39,3.42,2.64,3.64,3.11,3.11,2.2,2.8,1.77,1.75,4.95,2.47,1.16,1.29,4.2,1.72
Carlton,18,Sam Walsh,2000-07-02,184.0,Midfield,139,25yr 9mth,Geelong Falcons,2034.0,Unrestricted Free Agent,2018.0,National,1.0,1.0,2.75,S.Walsh 2/7/2000,CFC,2025,M,3.0,2.77,2.24,2.68,2.65,3.11,2.62,3.61,3.15,2.7,2.34,2.83,2.67,2.32,1.29,2.41,2.71,2.64,3.65,1.71
Carlton,23,Jacob Weitering,1997-11-23,195.0,Defender,209,28yr 4mth,Mount Eliza Football Club,2031.0,Unrestricted Free Agent,2015.0,National,1.0,1.0,3.1,J.Weitering 23/11/1997,CFC,2025,KD,3.07,2.75,3.68,2.76,2.34,3.58,2.71,3.15,2.54,3.15,1.95,2.84,3.66,3.73,3.65,2.19,2.23,1.65,3.7,2.62
Carlton,6,Zachary Williams,1994-09-20,186.0,DefenderForward,179,31yr 6mth,Narrandera,2026.0,Non-Free Agent,2013.0,National,8.0,95.0,2.92,Z.Williams 20/9/1994,CFC,2025,GF,3.73,2.84,2.37,2.2,5.0,3.6,3.21,3.25,2.71,2.66,3.02,2.98,2.56,2.36,2.04,2.45,2.03,2.04,3.18,2.34
Carlton,15,Billy Wilson,2005-06-16,183.0,Defender,4,20yr 10mth,Dandenong Stringrays,2026.0,Non-Free Agent,2023.0,National,2.0,34.0,1.97,B.Wilson 16/6/2005,CFC,2025,GD,1.74,2.18,1.54,2.15,1.65,1.47,1.51,2.0,2.54,2.18,1.74,1.76,1.79,1.54,1.25,2.46,2.58,2.51,1.87,1.43
Carlton,45,Flynn Young,2002-02-03,181.0,Forward,8,24yr 2mth,Werribee,2026.0,Non-Free Agent,2025.0,Mid-Season,1.0,4.0,2.26,F.Young 3/2/2002,CFC,2025,GF,2.31,2.29,2.02,2.43,2.42,1.68,1.88,2.83,2.65,1.84,2.42,2.69,2.49,1.8,1.67,2.45,2.24,2.29,1.79,3.67
Carlton,33,Lewis Young,1998-12-20,202.0,Defender,86,27yr 3mth,Sturt,2026.0,Non-Free Agent,2016.0,National,3.0,49.0,2.21,L.Young 20/12/1998,CFC,2025,KD,2.79,2.1,1.76,2.31,3.66,2.81,2.62,2.26,1.37,2.1,4.8,2.27,1.8,1.79,1.7,3.77,2.91,3.11,1.33,2.57
Collingwood,16,Edward Allan,2004-05-26,194.0,Midfield,19,21yr 10mth,Claremont,2026.0,Non-Free Agent,2022.0,National,1.0,19.0,2.35,E.Allan 26/5/2004,COFC,2025,W,2.57,1.93,2.46,2.69,2.23,2.04,2.22,3.23,3.28,2.34,1.67,1.43,2.16,2.54,2.9,2.54,2.67,2.17,3.6,2.13
Collingwood,41,Angus Anderson,2003-05-25,193.0,Midfield,2,22yr 10mth,Sturt,2027.0,Unknown,2025.0,National,4.0,57.0,2.21,A.Anderson 25/5/2003,STU SA,2024,M,1.63,2.47,3.31,1.99,1.47,1.87,1.84,1.49,1.72,2.89,3.33,1.81,3.57,3.42,2.62,2.55,1.87,2.02,1.4,2.94
Collingwood,34,Jack Buller,2001-05-16,199.0,Forward,12,24yr 11mth,Claremont,2027.0,Non-Free Agent,2023.0,Mid-Season,2.0,15.0,2.42,J.Buller 16/5/2001,SYFC,2025,KF,2.52,2.41,2.39,2.28,2.11,2.6,2.81,2.65,3.88,2.35,2.28,1.98,2.88,2.25,2.26,2.17,2.62,2.47,2.63,1.19
Collingwood,14,Darcy Cameron,1995-07-18,204.0,Ruck,126,30yr 9mth,Claremont,2029.0,Unrestricted Free Agent,2016.0,National,3.0,48.0,3.16,D.Cameron 18/7/1995,COFC,2025,R,2.91,2.61,3.77,2.81,3.23,3.44,1.7,2.96,2.24,3.3,2.35,2.54,3.71,3.89,5.0,2.81,2.24,2.39,5.0,2.15
Collingwood,27,Joel Cochran,2006-03-28,195.0,Defender,0,20yr,UNSW-Eastern Suburbs,2026.0,Non-Free Agent,2024.0,National,3.0,47.0,2.4,J.Cochran 28/3/2006,COFC VFL,2025,GD,2.52,2.3,2.27,2.52,2.22,2.43,2.5,2.68,2.64,1.98,1.98,2.41,2.22,1.87,2.79,2.49,2.61,1.91,3.16,2.54
Collingwood,25,Jack Crisp,1993-10-02,190.0,Midfield,280,32yr 6mth,Murray Bushrangers,2026.0,Unrestricted Free Agent,2012.0,National,5.0,86.0,3.35,J.Crisp 2/10/1993,COFC,2025,W,4.26,2.99,2.61,3.15,4.48,4.41,3.59,4.22,2.69,2.79,2.58,3.43,2.8,2.57,2.32,2.54,3.44,2.25,3.41,3.3
Collingwood,7,Josh Daicos,1998-11-26,178.0,Defender,157,27yr 4mth,Oakleigh Chargers,2030.0,Unrestricted Free Agent,2016.0,National,4.0,57.0,2.96,J.Daicos 26/11/1998,COFC,2025,GD,3.75,3.16,2.11,2.38,4.14,3.44,2.65,4.08,3.36,2.9,2.73,3.49,2.32,2.24,1.72,2.46,2.75,2.72,2.45,1.33
Collingwood,35,Nick Daicos,2003-01-03,184.0,Midfield,100,23yr 3mth,Oakleigh Chargers,2029.0,Restricted Free Agent,2021.0,National,1.0,4.0,3.05,N.Daicos 3/1/2003,COFC,2025,M,3.33,3.46,2.53,2.36,3.54,3.23,2.63,3.56,3.04,3.74,3.22,3.72,2.84,2.39,2.31,2.41,2.66,2.26,2.37,1.57
Collingwood,2,Jordan De Goey,1996-03-15,188.0,MidfieldForward,187,30yr 1mth,Oakleigh Chargers,2027.0,Unrestricted Free Agent,2014.0,National,1.0,5.0,2.07,J.De Goey 15/3/1996,COFC,2025,M,1.93,2.31,2.37,1.71,2.06,1.82,2.29,1.65,1.61,2.17,3.53,2.21,2.12,3.04,1.29,2.41,2.04,1.6,1.22,1.32
Collingwood,13,Harry Demattia,2005-09-11,186.0,Midfield,0,20yr 7mth,Dandenong Stingrays,2027.0,Non-Free Agent,2023.0,National,1.0,25.0,,,,,,,,,,,,,,,,,,,,,,,,,
Collingwood,5,Jamie Elliott,1992-08-21,178.0,Forward,225,33yr 7mth,Murray Bushrangers,2027.0,Unrestricted Free Agent,,,,,3.06,J.Elliott 21/8/1992,COFC,2025,GF,2.39,3.48,3.89,2.31,1.97,2.42,2.42,2.58,1.9,2.91,5.0,2.43,4.77,3.95,2.25,2.45,2.34,2.41,1.39,2.59
Collingwood,17,Billy Frampton,1996-11-20,201.0,Defender,80,29yr 4mth,South Fremantle,2026.0,Non-Free Agent,2014.0,National,6.0,84.0,,,,,,,,,,,,,,,,,,,,,,,,,
Collingwood,36,Harvey Harrison,2003-11-10,181.0,Forward,16,22yr 5mth,North Adelaide,2027.0,Non-Free Agent,2021.0,National,3.0,52.0,2.17,H.Harrison 10/11/2003,COFC,2024,GF,1.85,2.38,1.78,2.83,2.16,1.53,1.91,1.91,2.44,2.31,2.55,2.09,1.2,1.99,2.32,2.44,3.96,2.56,1.59,1.73
Collingwood,39,Will Hayes,2006-05-16,180.0,Forward,4,19yr 11mth,Claremont,2028.0,Non-Free Agent,2022.0,Mid-Season,2.0,22.0,2.08,W.Hayes 16/5/2006,COFC,2025,GF,1.44,2.38,2.1,2.65,1.23,0.88,1.22,2.02,2.23,3.16,1.85,1.97,2.72,1.8,1.67,2.45,2.89,2.95,2.58,1.35
Collingwood,23,Bobby Hill,2000-02-09,175.0,Forward,102,26yr 2mth,Perth,2030.0,Restricted Free Agent,2018.0,National,2.0,24.0,2.54,B.Hill 9/2/2000,COFC,2025,GF,2.13,2.96,2.59,2.31,1.97,2.09,2.67,2.1,2.11,2.65,3.7,2.79,2.78,2.14,3.28,2.45,2.58,2.22,1.86,2.22
Collingwood,9,Dan Houston,1997-05-12,186.0,Defender,195,28yr 11mth,Oakleigh Chargers,2030.0,Non-Free Agent,2015.0,Rookie,3.0,45.0,2.56,D.Houston 12/5/1997,COFC,2025,GD,2.57,2.68,2.12,2.66,2.87,2.49,2.28,2.59,2.61,2.61,3.6,2.48,1.83,2.1,2.48,2.46,2.8,2.74,2.63,2.4
Collingwood,38,Jeremy Howe,1990-06-29,190.0,Defender,275,35yr 9mth,Hobart,2026.0,Unrestricted Free Agent,2010.0,National,2.0,33.0,2.31,J.Howe 29/6/1990,COFC,2025,GD,1.56,2.11,3.49,2.64,1.66,1.73,3.06,1.09,1.51,2.73,1.82,2.23,2.49,3.97,4.09,2.46,1.58,1.72,3.38,4.41
Collingwood,40,Noah Howes,2005-10-28,196.0,Forward,0,20yr 5mth,South Adelaide,2026.0,Non-Free Agent,2025.0,Mid-Season,2.0,15.0,2.3,N.Howes 28/10/2005,COFC VFL,2025,KF,2.25,2.48,2.13,2.31,1.83,1.98,2.78,2.72,2.73,2.22,2.59,2.38,2.28,2.03,1.94,2.24,3.05,2.34,1.75,1.57
Collingwood,19,Tew Jiath,2005-03-02,188.0,Defender,1,21yr 1mth,Gippsland Power,2027.0,Non-Free Agent,2023.0,National,2.0,37.0,2.63,T.Jiath 2/3/2005,COFC VFL,2025,GD,2.68,2.67,2.92,2.35,2.68,2.68,2.46,2.73,2.95,2.28,1.82,3.29,2.77,2.76,3.3,2.49,2.88,1.95,2.51,2.07
Collingwood,1,Patrick Lipinski,1998-07-17,190.0,MidfieldForward,147,27yr 9mth,Northern Knights,2027.0,Non-Free Agent,2016.0,National,2.0,28.0,2.19,P.Lipinski 17/7/1998,COFC,2025,M,1.84,2.51,2.48,2.1,1.3,1.8,1.88,2.59,1.87,2.95,2.59,2.45,2.94,2.14,2.45,2.41,2.09,1.97,2.73,2.05
Collingwood,44,Ned Long,2003-02-05,194.0,Midfield,43,23yr 2mth,Northern Knights,2027.0,Unrestricted Free Agent,2024.0,Mid-Season,2.0,19.0,2.54,N.Long 5/2/2003,COFC,2025,M,2.57,2.09,1.99,3.59,2.54,2.69,2.84,2.33,2.18,1.8,2.17,2.37,2.05,2.14,1.54,3.08,3.85,3.98,2.05,2.55
Collingwood,4,Brayden Maynard,1996-09-20,189.0,Defender,235,29yr 6mth,Sandringham Dragons,2029.0,Unrestricted Free Agent,2014.0,National,2.0,30.0,2.62,B.Maynard 20/9/1996,COFC,2025,GD,2.36,2.55,2.57,3.02,2.07,2.58,2.14,2.35,1.96,2.84,3.02,2.82,2.57,2.77,2.33,2.46,2.93,2.91,2.96,3.37
Collingwood,37,Zac McCarthy,2007-10-27,199.0,ForwardRuck,0,18yr 5mth,Oakleigh Chargers,2027.0,Unknown,2025.0,National,3.0,55.0,,,,,,,,,,,,,,,,,,,,,,,,,
Collingwood,31,Beau McCreery,2001-04-19,186.0,Forward,102,25yr,South Adelaide,2027.0,Non-Free Agent,2020.0,National,3.0,44.0,2.62,B.McCreery 19/4/2001,COFC,2025,GF,2.69,2.4,2.16,3.59,3.68,2.47,2.97,2.29,2.49,2.86,1.51,3.32,1.85,2.31,2.4,2.45,3.97,3.97,2.64,2.32
Collingwood,26,Reef McInnes,2002-12-12,194.0,Defender,23,23yr 4mth,Oakleigh Chargers,2027.0,Non-Free Agent,2020.0,National,1.0,23.0,1.39,R.McInnes 12/12/2002,COFC,2025,KD,1.24,1.88,1.0,1.6,1.5,0.83,1.47,1.44,1.7,1.94,1.95,2.34,1.46,0.96,0.73,2.34,2.01,2.12,0.89,1.82
Collingwood,11,Daniel McStay,1995-06-24,195.0,Forward,204,30yr 9mth,Eastern Ranges,2027.0,Non-Free Agent,2013.0,National,2.0,25.0,2.71,D.McStay 24/6/1995,COFC,2025,KF,3.04,2.36,2.77,2.94,4.07,2.93,2.3,2.62,2.91,2.39,2.12,2.78,2.05,3.1,2.4,3.25,3.3,3.2,2.24,2.48
Collingwood,28,Tim Membrey,1994-05-26,188.0,Forward,208,31yr 10mth,Gippsland Power,2026.0,Unrestricted Free Agent,2012.0,National,3.0,46.0,2.36,T.Membrey 26/5/1994,COFC,2025,KF,2.3,2.47,2.33,2.2,1.72,2.35,2.21,2.87,2.42,2.54,2.49,2.33,3.05,1.91,2.54,2.07,2.03,2.14,2.54,2.27
Collingwood,30,Darcy Moore,1996-01-25,203.0,Defender,196,30yr 2mth,Oakleigh Chargers,2028.0,Unrestricted Free Agent,2014.0,National,1.0,9.0,3.08,D.Moore 25/1/1996,COFC,2025,KD,2.44,2.65,3.12,3.6,1.84,2.84,3.01,2.1,3.13,2.34,1.98,2.62,2.32,3.13,3.67,2.34,3.16,2.86,4.04,3.65
Collingwood,15,Wil Parker,2002-05-29,183.0,Defender,11,23yr 10mth,Eastern Ranges,2026.0,Non-Free Agent,,,,,1.83,W.Parker 29/5/2002,COFC,2025,GD,1.28,1.49,2.09,2.69,1.43,0.56,1.49,1.65,1.06,1.72,2.24,1.46,1.96,1.51,2.93,2.46,2.46,3.01,2.74,2.45
Collingwood,10,Scott Pendlebury,1988-01-07,191.0,Midfield,430,38yr 3mth,Gippsland Power,2026.0,Unrestricted Free Agent,2005.0,National,1.0,5.0,2.61,S.Pendlebury 7/1/1988,COFC,2025,M,2.63,2.75,2.4,2.51,2.83,2.05,2.25,3.15,2.84,3.33,1.76,2.62,3.05,1.81,2.56,2.41,2.58,2.52,2.29,2.35
Collingwood,12,Harry Perryman,1998-12-19,187.0,Defender,160,27yr 4mth,Collingullie,2030.0,Non-Free Agent,2016.0,National,1.0,14.0,2.57,H.Perryman 19/12/1998,COFC,2025,GD,2.69,2.2,2.55,2.97,2.96,3.14,2.24,2.4,1.95,2.11,2.99,2.39,2.25,2.5,2.96,2.46,3.38,2.89,3.21,2.31
Collingwood,18,Tyan Prindable,2007-01-25,182.0,Midfield,0,19yr 2mth,Brisbane Lions Academy,2027.0,Unknown,2025.0,National,2.0,32.0,,,,,,,,,,,,,,,,,,,,,,,,,
Collingwood,3,Isaac Quaynor,2000-01-15,180.0,Defender,139,26yr 3mth,Oakleigh Chargers,2029.0,Unrestricted Free Agent,2018.0,National,1.0,13.0,2.59,I.Quaynor 15/1/2000,COFC,2025,GD,2.12,2.44,3.36,2.82,1.83,2.23,2.03,2.17,2.52,2.51,2.04,2.39,2.84,3.8,3.44,2.46,2.94,2.89,3.01,2.31
Collingwood,24,Jakob Ryan,2004-09-20,189.0,Defender,1,21yr 6mth,Glenelg,2026.0,Non-Free Agent,2022.0,National,2.0,28.0,2.69,J.Ryan 20/9/2004,COFC VFL,2025,GD,2.44,2.81,2.74,2.75,2.08,2.2,1.65,2.9,3.15,2.88,1.82,2.6,2.89,2.17,3.21,2.49,2.22,2.25,2.89,4.01
Collingwood,43,Jai Saxena,2007-07-27,179.0,Forward,0,18yr 8mth,Oakleigh Chargers,2026.0,Non-Free Agent,,,,,,,,,,,,,,,,,,,,,,,,,,,,,
Collingwood,8,Lachlan Schultz,1997-11-30,178.0,Forward,132,28yr 4mth,Williamstown,2027.0,Unrestricted Free Agent,2018.0,National,4.0,57.0,3.1,L.Schultz 30/11/1997,COFC,2025,GF,3.19,2.64,3.02,4.11,3.35,3.37,2.18,3.23,2.92,2.58,2.54,2.73,4.41,2.13,2.58,2.45,4.03,4.64,4.15,2.84
Collingwood,22,Steele Sidebottom,1991-01-02,184.0,Midfield,359,35yr 3mth,Murray Bushrangers,2026.0,Unrestricted Free Agent,2008.0,National,1.0,11.0,3.21,S.Sidebottom 2/1/1991,COFC,2025,W,3.89,3.19,2.34,2.87,5.0,2.9,3.47,4.14,2.85,3.04,3.69,3.15,2.56,2.05,2.19,2.54,3.02,2.62,3.63,2.18
Collingwood,20,Iliro Smit,2005-08-09,200.0,Ruck,0,20yr 8mth,Eastern Ranges,2026.0,Non-Free Agent,2024.0,Mid-Season,1.0,10.0,2.21,I.Smit 9/8/2005,COFC VFL,2025,R,1.79,2.12,2.23,2.88,1.62,1.85,2.23,1.59,1.59,2.6,1.91,2.39,2.45,2.66,2.8,1.55,2.6,1.83,3.2,3.61
Collingwood,45,Roan Steele,2001-10-22,183.0,Midfield,11,24yr 5mth,West Perth,2028.0,Non-Free Agent,2025.0,Mid-Season,1.0,8.0,1.67,R.Steele 22/10/2001,COFC,2025,W,0.66,2.51,2.11,1.36,1.33,0.59,0.57,0.4,2.07,2.12,1.68,3.33,2.41,2.01,1.68,2.54,1.58,1.81,0.0,2.27
Collingwood,21,Oscar Steene,2003-08-23,201.0,ForwardRuck,4,22yr 7mth,West Adelaide,2027.0,Non-Free Agent,,,,,2.6,O.Steene 23/8/2003,COFC VFL,2025,R,2.47,2.54,2.76,2.46,2.56,2.49,2.3,2.46,2.17,2.66,2.87,2.45,2.78,3.21,3.28,2.16,3.0,2.66,2.2,2.16
Collingwood,33,Lachie Sullivan,1997-09-25,180.0,Forward,25,28yr 6mth,Footscray,2026.0,Non-Free Agent,,,,,2.41,L.Sullivan 25/9/1997,COFC,2025,GF,2.87,2.14,1.98,2.69,3.53,3.07,2.08,2.58,2.29,2.11,1.91,2.59,1.33,2.06,2.94,2.45,3.15,2.8,2.5,1.43
Collingwood,32,Samuel Swadling,2007-01-16,189.0,Midfield,0,19yr 3mth,West Perth,2027.0,Unknown,2025.0,National,3.0,37.0,,,,,,,,,,,,,,,,,,,,,,,,,
Collingwood,29,Charlie West,2006-02-01,194.0,Forward,1,20yr 2mth,Woodville-West Torrens,2028.0,Non-Free Agent,2024.0,National,3.0,50.0,2.79,C.West 1/2/2006,COFC VFL,2025,KF,2.38,3.05,2.9,2.56,1.78,2.59,2.32,2.72,1.97,2.33,3.75,2.64,3.19,3.69,1.96,2.06,2.99,2.14,1.97,3.09
Essendon,46,Lachlan Blakiston,1998-09-09,203.0,DefenderRuck,17,27yr 7mth,East Fremantle,2028.0,Non-Free Agent,2025.0,Mid-Season,1.0,13.0,2.09,L.Blakiston 9/9/1998,EFC,2025,KD,3.32,2.16,1.37,1.97,3.85,3.74,3.27,2.5,2.17,1.97,2.7,2.38,0.88,1.47,1.61,3.48,2.41,2.24,2.49,1.44
Essendon,39,Cillian Bourke,2006-06-07,190.0,Defender,0,19yr 10mth,County Offaly,2027.0,Unknown,,,,,,,,,,,,,,,,,,,,,,,,,,,,,
Essendon,24,Nick Bryan,2001-10-22,203.0,Ruck,23,24yr 5mth,Oakleigh Chargers,2027.0,Restricted Free Agent,2019.0,National,2.0,38.0,2.1,N.Bryan 22/10/2001,EFC,2025,R,1.94,2.43,2.03,1.94,1.39,1.27,3.36,2.13,2.44,3.45,1.47,2.34,2.05,1.46,2.36,2.19,2.15,1.54,3.13,1.44
Essendon,30,Nate Caddy,2005-07-14,193.0,Forward,32,20yr 9mth,Northern Knights,2028.0,Non-Free Agent,2023.0,National,1.0,10.0,2.42,N.Caddy 14/7/2005,EFC,2025,KF,2.74,2.37,2.38,1.88,1.82,2.78,3.34,3.23,2.58,1.99,2.36,2.89,2.91,2.55,2.02,1.84,1.93,1.63,2.61,1.67
Essendon,6,Jye Caldwell,2000-09-28,183.0,Midfield,95,25yr 6mth,Bendigo Pioneers,2028.0,Restricted Free Agent,2018.0,National,1.0,11.0,2.96,J.Caldwell 28/9/2000,EFC,2025,M,3.18,2.64,2.47,3.4,3.52,3.28,2.06,3.28,2.55,2.71,2.44,2.83,2.72,2.62,1.72,2.41,3.6,3.54,3.31,2.11
Essendon,36,Angus Clarke,2006-05-08,188.0,DefenderMidfield,14,19yr 11mth,Glenelg,2028.0,Non-Free Agent,2024.0,National,2.0,39.0,,,,,,,,,,,,,,,,,,,,,,,,,
Essendon,13,Nikolas Cox,2002-01-15,200.0,Midfield,53,24yr 3mth,Northern Knights,2026.0,Non-Free Agent,2020.0,National,1.0,8.0,2.06,N.Cox 15/1/2002,ESS VFL,2025,M,2.25,1.8,1.69,2.38,2.36,3.02,2.02,1.47,2.15,1.62,2.08,1.41,1.57,1.89,1.47,3.14,2.93,1.64,3.89,1.65
Essendon,44,Archer Day-Wicks,2006-05-13,186.0,MidfieldForward,9,19yr 11mth,Bendigo Pioneers,2026.0,Non-Free Agent,2024.0,Rookie,1.0,6.0,1.87,A.Day-Wicks 13/5/2006,EFC,2025,GF,2.06,1.71,1.69,2.07,2.06,1.76,1.61,2.4,1.95,2.04,1.36,1.55,1.56,1.8,1.67,2.45,2.01,2.25,2.4,1.51
Essendon,22,Sam Durham,2001-07-09,185.0,MidfieldForward,97,24yr 9mth,Richmond,2032.0,Unrestricted Free Agent,2021.0,Mid-Season,1.0,9.0,2.77,S.Durham 9/7/2001,EFC,2025,M,3.08,2.56,2.74,2.55,3.2,3.39,2.93,2.68,2.98,2.33,2.46,2.53,2.21,3.24,2.54,2.41,2.43,2.43,2.9,3.18
Essendon,28,Xavier Duursma,2000-07-07,186.0,Midfield,116,25yr 9mth,Gippsland Power,2027.0,Non-Free Agent,2018.0,National,1.0,18.0,2.93,X.Duursma 7/7/2000,EFC,2025,W,2.81,2.8,3.25,3.07,2.76,2.91,3.05,2.71,3.63,2.61,2.96,2.65,2.81,3.42,3.87,2.54,2.87,2.81,3.8,2.66
Essendon,45,Tom Edwards,2000-05-20,191.0,Forward,5,25yr 10mth,Swan Districts,2026.0,Non-Free Agent,,,,,1.86,T.Edwards 20/5/2000,EFC,2025,KF,1.75,2.39,1.23,2.19,1.54,1.96,2.05,1.47,1.64,2.55,2.69,1.62,1.01,0.69,1.77,1.89,2.61,3.03,0.77,1.14
Essendon,33,Hussien El Achkar,2007-04-02,171.0,Forward,2,19yr,Calder Cannons,2027.0,Unknown,2025.0,National,3.0,53.0,,,,,,,,,,,,,,,,,,,,,,,,,
Essendon,41,Saad El-Hawli,2001-05-15,184.0,Midfield,12,24yr 11mth,Northern Bullants,2026.0,Non-Free Agent,2024.0,Mid-Season,1.0,13.0,1.93,S.El-Hawli 15/5/2001,EFC,2025,W,1.53,2.17,2.39,1.76,1.53,1.72,2.39,1.18,1.78,1.98,1.83,2.58,2.55,2.59,1.99,2.54,2.4,0.64,0.46,3.39
Essendon,2,Jacob Farrow,2007-09-21,188.0,DefenderMidfield,4,18yr 6mth,West Perth,2028.0,Unknown,2025.0,National,1.0,10.0,,,,,,,,,,,,,,,,,,,,,,,,,
Essendon,8,Brayden Fiorini,1997-08-22,187.0,Midfield,125,28yr 7mth,Northern Knights,2029.0,Unrestricted Free Agent,2015.0,National,1.0,20.0,2.99,B.Fiorini 22/8/1997,GCFC,2025,W,3.03,3.04,2.22,3.4,2.96,2.53,2.53,3.57,3.72,3.34,2.73,2.81,2.03,2.36,2.44,2.54,3.14,2.99,3.45,3.81
Essendon,19,Kayle Gerreyn,2006-05-10,199.0,Ruck,0,19yr 11mth,West Perth,2026.0,Non-Free Agent,2024.0,National,2.0,37.0,2.49,K.Gerreyn 10/5/2006,ESS VFL,2025,KF,2.51,2.26,2.68,2.69,2.52,2.41,2.28,2.78,2.33,2.45,1.96,2.88,2.37,2.32,4.39,2.45,2.63,2.03,4.42,2.63
Essendon,11,Jade Gresham,1997-08-24,177.0,Forward,181,28yr 7mth,Northern Knights,2026.0,Unrestricted Free Agent,2015.0,National,1.0,18.0,2.66,J.Gresham 24/8/1997,EFC,2025,GF,3.23,2.43,2.02,2.92,4.28,2.93,2.49,3.11,3.56,2.36,1.92,2.67,2.1,1.76,2.49,2.45,2.92,3.06,2.71,2.67
Essendon,35,Matt Guelfi,1997-08-14,184.0,Forward,123,28yr 8mth,Claremont,2026.0,Restricted Free Agent,2017.0,National,5.0,76.0,2.24,M.Guelfi 14/8/1997,EFC,2025,GF,2.11,2.06,2.18,2.97,1.73,2.55,2.7,1.83,2.28,1.83,2.31,1.82,1.58,2.86,1.67,2.45,2.95,2.67,2.02,4.43
Essendon,18,Lewis Hayes,2004-12-17,199.0,Defender,1,21yr 4mth,Eastern Ranges,2026.0,Non-Free Agent,2022.0,National,2.0,25.0,3.31,L.Hayes 17/12/2004,ESS VFL,2025,GD,2.67,3.23,4.51,3.34,1.52,2.99,2.16,2.94,3.11,3.88,1.82,3.02,4.97,4.87,3.56,2.49,2.06,3.32,3.77,4.43
Essendon,40,Zak Johnson,2006-12-24,185.0,Defender,13,19yr 3mth,Northern Knights,2026.0,Non-Free Agent,2024.0,National,5.0,70.0,2.25,Z.Johnson 24/12/2006,EFC,2025,GD,2.22,2.54,1.77,2.16,1.8,2.4,1.74,2.34,3.01,2.32,1.74,2.53,2.05,1.61,1.64,2.46,1.94,2.22,2.17,2.33
Essendon,23,Harrison Jones,2001-02-25,196.0,MidfieldForward,59,25yr 1mth,Calder Cannons,2027.0,Restricted Free Agent,2019.0,National,2.0,30.0,1.92,H.Jones 25/2/2001,EFC,2025,M,1.27,1.86,3.07,2.27,0.59,1.34,2.23,1.59,1.32,2.23,2.13,1.6,4.05,2.45,2.74,4.29,2.21,2.04,3.28,2.38
Essendon,10,Isaac Kako,2006-03-07,175.0,Forward,28,20yr 1mth,Calder Cannons,2029.0,Non-Free Agent,2024.0,National,1.0,13.0,2.48,I.Kako 7/3/2006,EFC,2025,GF,2.69,2.49,2.15,2.51,2.92,2.66,2.91,2.53,3.23,2.55,2.12,2.47,2.0,2.2,2.28,2.45,2.6,2.49,2.39,2.41
Essendon,29,Max Kondogiannis,2007-11-14,191.0,Defender,2,18yr 5mth,Oakleigh Chargers,2027.0,Unknown,2025.0,National,2.0,36.0,,,,,,,,,,,,,,,,,,,,,,,,,
Essendon,4,Kyle Langford,1996-12-01,192.0,MidfieldForward,168,29yr 4mth,Northern Knights,2027.0,Unrestricted Free Agent,2014.0,National,1.0,17.0,2.32,K.Langford 1/12/1996,EFC,2025,KF,2.63,2.37,1.88,2.69,2.58,1.92,2.24,3.92,3.89,2.32,1.82,3.29,2.09,1.73,1.77,1.93,2.71,2.87,2.93,2.15
Essendon,37,Nicholas Martin,2001-04-03,192.0,MidfieldForward,83,25yr,Colts,2027.0,Non-Free Agent,,,,,2.85,N.Martin 3/4/2001,EFC,2025,M,2.08,3.44,4.0,2.42,1.07,1.62,2.55,3.68,2.99,3.9,2.99,3.67,4.7,3.28,4.41,2.41,2.01,2.01,4.14,3.99
Essendon,26,Archie May,2004-08-27,198.0,Forward,12,21yr 7mth,Subiaco,2028.0,Non-Free Agent,2025.0,Mid-Season,1.0,6.0,2.33,A.May 27/8/2004,EFC,2025,KF,2.37,2.15,2.14,3.45,2.14,2.9,1.76,2.24,2.32,2.08,1.99,2.66,2.54,1.83,2.39,2.03,3.28,3.76,3.49,3.14
Essendon,1,Andrew McGrath,1998-06-02,180.0,Defender,186,27yr 10mth,Sandringham Dragons,2030.0,Unrestricted Free Agent,2016.0,National,1.0,1.0,2.99,A.McGrath 2/6/1998,EFC,2025,GD,3.9,3.15,1.73,2.61,4.65,3.93,2.54,3.94,4.52,2.14,2.13,3.04,1.54,2.02,1.6,2.46,2.97,3.0,2.74,1.41
Essendon,32,Ben McKay,1997-12-24,202.0,Defender,110,28yr 3mth,Gippsland Power,2029.0,Non-Free Agent,2015.0,National,1.0,21.0,2.53,B.McKay 24/12/1997,EFC,2025,KD,1.93,2.26,3.24,2.38,1.5,2.39,2.67,1.32,2.54,2.27,1.95,1.4,2.46,3.88,3.06,2.34,2.58,2.57,2.95,1.9
Essendon,48,Liam McMahon,2002-05-02,197.0,Forward,7,23yr 11mth,Northern Knights,2026.0,Unrestricted Free Agent,2020.0,National,2.0,31.0,2.11,L.McMahon 2/5/2002,EFC,2025,KF,2.15,2.54,1.84,1.32,1.79,2.07,3.13,2.02,2.52,2.51,2.79,1.74,2.05,1.42,2.39,1.9,0.48,0.95,2.49,2.35
Essendon,7,Zachary Merrett,1995-10-03,179.0,Midfield,257,30yr 6mth,Sandringham Dragons,2027.0,Unrestricted Free Agent,2013.0,National,2.0,26.0,2.85,Z.Merrett 3/10/1995,EFC,2025,M,2.79,3.13,2.54,2.77,2.5,2.79,1.99,3.69,3.32,3.04,2.54,3.61,2.62,2.62,2.21,2.41,2.71,2.67,3.01,3.13
Essendon,42,Jayden Nguyen,2006-07-27,178.0,Defender,7,19yr 8mth,Calder Cannons,2026.0,Non-Free Agent,,,,,1.94,J.Nguyen 27/7/2006,EFC,2025,GD,1.71,1.76,1.87,2.47,2.19,2.19,2.63,1.02,1.81,1.81,1.74,1.61,1.47,2.62,1.47,2.46,3.14,3.21,1.49,1.74
Essendon,3,Darcy Parish,1997-07-25,180.0,Midfield,171,28yr 8mth,Geelong Falcons,2029.0,Unrestricted Free Agent,2015.0,National,1.0,5.0,2.64,D.Parish 25/7/1997,EFC,2025,M,3.56,2.46,1.7,2.01,4.11,3.28,2.36,3.78,4.42,1.38,1.72,2.62,1.76,1.83,1.29,2.41,1.79,1.54,3.47,3.25
Essendon,16,Archie Perkins,2002-03-26,188.0,Forward,105,24yr,Sandringham Dragons,2026.0,Non-Free Agent,2020.0,National,1.0,9.0,2.78,A.Perkins 26/3/2002,EFC,2025,GF,3.13,2.63,2.8,2.43,3.65,3.02,2.51,3.1,3.14,2.68,2.51,2.3,2.26,3.21,2.81,2.45,2.42,2.55,2.79,1.89
Essendon,25,Jaxon Prior,2001-06-04,189.0,Defender,67,24yr 10mth,West Perth,2026.0,Unrestricted Free Agent,2019.0,National,4.0,59.0,2.37,J.Prior 4/6/2001,EFC,2025,GD,2.12,2.34,2.81,2.41,1.71,2.0,2.1,2.33,2.18,2.65,1.72,2.4,2.59,2.92,2.93,2.46,2.06,1.92,2.79,3.12
Essendon,27,Mason Redman,1997-08-26,187.0,Defender,145,28yr 7mth,Glenelg,2028.0,Unrestricted Free Agent,2015.0,National,2.0,30.0,2.83,M.Redman 26/8/1997,EFC,2025,GD,2.52,3.26,3.04,2.41,1.77,2.41,1.97,2.96,2.97,3.7,3.38,2.91,2.51,2.95,3.78,2.46,2.4,2.15,2.92,2.18
Essendon,31,Zach Reid,2002-03-02,202.0,Defender,25,24yr 1mth,Gippsland Power,2028.0,Restricted Free Agent,2020.0,National,1.0,10.0,2.74,Z.Reid 2/3/2002,EFC,2025,KD,2.72,2.87,2.97,2.51,2.57,2.72,1.7,3.33,3.75,2.31,1.95,2.47,3.6,2.78,2.73,2.9,4.03,4.07,2.32,1.77
Essendon,14,Jordan Ridley,1998-10-20,195.0,Defender,106,27yr 5mth,Oakleigh Chargers,2029.0,Unrestricted Free Agent,2016.0,National,2.0,22.0,2.5,J.Ridley 20/10/1998,EFC,2025,GD,1.87,2.73,4.12,1.81,1.43,1.66,1.77,2.19,2.62,3.27,2.04,2.31,3.01,5.0,4.06,2.46,0.94,1.08,2.99,2.54
Essendon,21,Archie Roberts,2005-11-18,184.0,Defender,33,20yr 5mth,Sandringham Dragons,2028.0,Non-Free Agent,2023.0,National,4.0,54.0,3.01,A.Roberts 18/11/2005,EFC,2025,GD,3.55,3.15,2.3,2.7,3.38,3.39,2.46,3.95,4.22,2.43,2.41,2.89,2.59,2.13,2.14,2.46,2.96,2.56,2.85,2.4
Essendon,9,Sullivan Robey,2007-10-04,192.0,MidfieldForward,2,18yr 6mth,Eastern Ranges,2028.0,Unknown,2025.0,National,1.0,9.0,,,,,,,,,,,,,,,,,,,,,,,,,
Essendon,12,Will Setterfield,1998-02-05,192.0,Midfield,84,28yr 2mth,Sandringham Dragons,2026.0,Unrestricted Free Agent,2016.0,National,1.0,5.0,2.68,W.Setterfield 5/2/1998,EFC,2025,M,2.36,2.46,2.73,3.54,2.33,2.53,1.7,2.64,2.69,2.94,1.6,2.2,3.0,2.65,2.46,2.41,3.78,3.7,2.26,3.2
Essendon,15,Dyson Sharp,2007-05-23,187.0,Midfield,2,18yr 10mth,Central District,2028.0,Unknown,2025.0,National,1.0,13.0,,,,,,,,,,,,,,,,,,,,,,,,,
Essendon,5,Elijah Tsatas,2004-10-18,187.0,Midfield,18,21yr 6mth,Oakleigh Chargers,2026.0,Non-Free Agent,2022.0,National,1.0,5.0,2.09,E.Tsatas 18/10/2004,EFC,2025,M,2.6,2.16,1.45,1.56,3.26,2.49,2.43,1.9,3.14,1.68,1.97,1.97,1.04,1.83,1.29,2.41,1.5,1.4,1.95,2.01
Essendon,38,Rhys Unwin,2006-10-11,179.0,Forward,3,19yr 6mth,Greater Western Victoria Rebels,2026.0,Non-Free Agent,2024.0,National,4.0,61.0,1.9,R.Unwin 11/10/2006,EFC,2025,GF,1.99,1.96,2.08,1.34,1.95,1.81,3.63,1.73,2.44,1.76,1.9,2.1,2.68,1.8,1.67,2.45,1.3,1.36,1.37,1.35
Essendon,17,Vigo Visentini,2005-09-05,203.0,Ruck,2,20yr 7mth,Sandringham Dragons,2027.0,Non-Free Agent,2023.0,Rookie,1.0,8.0,2.32,V.Visentini 5/9/2005,EFC,2025,R,2.41,2.05,2.07,3.28,1.9,1.91,2.12,3.75,2.93,1.66,1.4,2.21,1.81,1.36,3.97,1.4,1.62,1.52,4.5,4.78
Essendon,20,Peter Wright,1996-09-08,203.0,ForwardRuck,158,29yr 7mth,Calder Cannons,2027.0,Non-Free Agent,2014.0,National,1.0,8.0,3.23,P.Wright 8/9/1996,EFC,2025,KF,3.18,2.83,3.69,3.37,3.44,3.16,2.37,3.43,3.23,3.14,2.66,2.63,2.96,3.19,4.13,4.84,3.17,3.16,3.57,3.86
Fremantle,24,Jye Amiss,2003-07-31,196.0,Forward,77,22yr 8mth,East Perth,2029.0,Restricted Free Agent,2021.0,National,1.0,8.0,2.2,J.Amiss 31/7/2003,FRFC,2025,KF,2.05,2.32,2.32,1.84,1.79,1.71,3.43,1.94,2.32,2.27,2.43,2.05,3.03,2.21,2.14,1.89,1.62,1.87,1.54,2.31
Fremantle,41,Bailey Banfield,1998-02-26,190.0,Defender,118,28yr 1mth,Claremont,2026.0,Unrestricted Free Agent,2020.0,Rookie,2.0,22.0,2.23,B.Banfield 26/2/1998,FRFC,2025,GD,2.47,2.16,1.73,2.39,2.57,2.77,2.42,2.25,2.42,1.64,2.94,2.22,1.62,1.97,1.59,2.46,2.46,2.61,2.05,2.36
Fremantle,10,Shai Bolton,1998-12-08,176.0,MidfieldForward,164,27yr 4mth,South Fremantle,2029.0,Non-Free Agent,2016.0,National,2.0,29.0,2.39,S.Bolton 8/12/1998,FRFC,2025,M,2.29,2.74,2.48,1.95,1.78,2.15,3.37,2.51,2.0,2.21,4.76,2.56,2.74,2.8,1.29,2.41,1.97,1.83,1.86,2.46
Fremantle,8,Andrew Brayshaw,1999-11-08,185.0,Midfield,176,26yr 5mth,Sandringham Dragons,2031.0,Unrestricted Free Agent,2017.0,National,1.0,2.0,3.08,A.Brayshaw 8/11/1999,FRFC,2025,M,3.16,3.03,2.35,3.55,3.22,3.45,2.52,3.16,3.62,2.97,2.13,3.29,2.0,2.36,2.97,2.41,3.49,3.63,3.88,3.09
Fremantle,38,Jaren Carr,2004-01-27,191.0,Forward,0,22yr 2mth,South Fremantle,2026.0,Non-Free Agent,2024.0,National,4.0,63.0,2.61,J.Carr 27/1/2004,SFFC WAFL,2024,GF,2.57,2.63,3.01,2.14,1.65,2.24,1.78,3.48,3.52,3.24,1.44,3.06,3.81,2.3,3.2,2.46,2.16,2.09,1.59,2.56
Fremantle,5,Heath Chapman,2002-01-31,193.0,Defender,71,24yr 2mth,West Perth,2027.0,Non-Free Agent,2020.0,National,1.0,14.0,2.4,H.Chapman 31/1/2002,FRFC,2025,GD,2.12,2.21,2.82,2.71,2.07,2.09,2.46,2.07,2.15,2.36,1.81,2.27,2.69,3.27,2.46,2.46,2.8,2.67,2.42,3.02
Fremantle,6,Jordan Clark,2000-10-16,185.0,Defender,132,25yr 6mth,Claremont,2028.0,Non-Free Agent,2018.0,National,1.0,15.0,3.21,J.Clark 16/10/2000,FRFC,2025,GD,3.62,2.91,2.9,3.4,3.39,4.07,2.96,3.54,2.92,2.87,2.69,3.07,2.22,3.25,3.29,2.46,3.54,3.39,3.72,2.8
Fremantle,36,Brennan Cox,1998-08-13,195.0,Defender,139,27yr 8mth,Woodville-West Torrens,2030.0,Unrestricted Free Agent,2016.0,National,2.0,41.0,2.68,B.Cox 13/8/1998,FRFC,2025,KD,2.63,2.28,2.68,2.89,2.04,2.63,4.14,2.26,2.49,2.21,2.24,1.78,2.46,2.89,2.6,2.34,2.22,2.19,2.69,3.4
Fremantle,18,Mason Cox,1991-03-14,211.0,ForwardRuck,140,35yr 1mth,Oklahoma State,2027.0,Unrestricted Free Agent,,,,,2.47,M.Cox 14/3/1991,COFC,2025,KF,2.55,1.64,3.31,2.71,4.21,2.35,2.32,1.3,3.33,1.58,1.25,1.9,1.66,2.65,4.89,4.92,2.2,2.38,4.07,3.03
Fremantle,4,Sean Darcy,1998-06-12,203.0,Ruck,132,27yr 10mth,Geelong Falcons,2030.0,Unrestricted Free Agent,2016.0,National,2.0,38.0,2.16,S.Darcy 12/6/1998,FRFC,2025,R,2.17,1.96,2.24,2.26,2.52,2.32,2.25,1.53,1.48,2.19,2.33,1.85,1.76,2.02,1.86,2.74,2.42,2.45,1.45,2.51
Fremantle,12,Hugh Davies,2004-09-28,196.0,Defender,2,21yr 6mth,Claremont,2026.0,Non-Free Agent,2022.0,National,2.0,33.0,2.74,H.Davies 28/9/2004,PTFC WAFL,2024,KD,2.33,3.04,3.03,2.6,1.7,2.47,2.45,2.53,3.58,3.08,1.99,1.77,2.79,3.37,2.8,2.41,2.83,1.64,2.77,2.75
Fremantle,37,Josh Draper,2004-02-08,197.0,Defender,31,22yr 2mth,Peel Thunder,2027.0,Non-Free Agent,,,,,1.79,J.Draper 8/2/2004,FRFC,2025,KD,2.41,2.16,1.09,1.89,3.66,1.86,2.49,2.18,2.45,2.07,1.95,1.53,1.19,1.31,0.76,3.21,3.04,2.84,1.24,1.74
Fremantle,43,Isaiah Dudley,2003-04-30,171.0,Forward,22,22yr 11mth,Central District,2026.0,Non-Free Agent,,,,,2.14,I.Dudley 30/4/2003,FRFC,2025,GF,1.7,2.51,2.07,2.22,1.58,1.24,2.43,1.92,1.52,2.55,2.9,2.49,2.4,1.75,2.21,2.45,2.21,2.34,2.24,1.93
Fremantle,28,Neil Erasmus,2003-12-02,190.0,Midfield,45,22yr 4mth,Subiaco,2028.0,Non-Free Agent,2021.0,National,1.0,10.0,2.22,N.Erasmus 2/12/2003,FRFC,2025,M,2.23,2.39,1.97,2.12,2.22,2.36,2.22,2.11,2.92,2.49,1.86,2.06,2.19,1.76,2.08,2.41,1.85,2.01,3.56,2.18
Fremantle,32,Michael Frederick,2000-05-17,183.0,Forward,103,25yr 11mth,Eagles,2029.0,Unrestricted Free Agent,2019.0,National,4.0,61.0,2.58,M.Frederick 17/5/2000,FRFC,2025,GF,2.35,2.81,2.6,2.46,1.83,1.97,3.01,2.72,1.93,2.64,3.3,2.96,2.81,2.46,2.55,2.45,2.35,2.43,2.72,2.6
Fremantle,9,Luke Jackson,2001-09-29,199.0,Ruck,125,24yr 6mth,East Fremantle,2029.0,Non-Free Agent,2019.0,National,1.0,3.0,3.0,L.Jackson 29/9/2001,FRFC,2025,R,3.09,3.51,2.75,2.69,2.55,2.88,2.79,4.17,3.71,3.22,4.18,2.95,2.81,3.44,2.71,2.32,3.21,3.35,2.91,1.81
Fremantle,44,Matt Johnson,2003-03-16,193.0,Midfield,61,23yr 1mth,Subiaco,2026.0,Non-Free Agent,2021.0,National,2.0,21.0,2.84,M.Johnson 16/3/2003,FRFC,2025,W,3.43,2.54,2.45,2.78,4.67,3.46,2.97,2.9,3.41,2.29,1.95,2.8,2.83,2.12,2.02,2.54,2.69,3.11,2.15,3.25
Fremantle,19,Leon Kickett,2000-01-01,,MidfieldForward,0,26yr 3mth,Swan Districts,2026.0,Unknown,2025.0,Rookie,1.0,8.0,,,,,,,,,,,,,,,,,,,,,,,,,
Fremantle,40,Ryda Luke,2007-09-19,185.0,Forward,0,18yr 7mth,South Fremantle,2027.0,Unknown,,,,,,,,,,,,,,,,,,,,,,,,,,,,,
Fremantle,21,Oscar McDonald,1996-03-18,196.0,Defender,96,30yr 1mth,North Ballarat Rebels,2026.0,Unrestricted Free Agent,2014.0,National,3.0,53.0,2.07,O.McDonald 18/3/1996,FRFC,2025,KD,2.26,2.37,2.17,1.75,3.23,1.7,2.57,2.09,1.48,2.65,4.73,2.43,2.76,1.81,2.17,2.83,3.87,3.98,1.01,1.02
Fremantle,17,Judd McVee,2003-08-07,185.0,Defender,71,22yr 8mth,East Fremantle,2030.0,Non-Free Agent,2021.0,Rookie,1.0,18.0,2.29,J.McVee 7/8/2003,MFC,2025,GD,2.36,2.51,2.36,1.87,2.73,2.25,2.1,2.38,3.14,2.32,1.87,2.03,2.54,2.29,2.22,2.46,1.24,1.27,2.4,2.9
Fremantle,33,Ollie Murphy,2005-09-16,200.0,Defender,0,20yr 7mth,Sandringham Dragons,2026.0,Non-Free Agent,2023.0,National,2.0,41.0,1.83,O.Murphy 16/9/2005,PTFC WAFL,2024,KD,2.06,2.24,1.92,1.45,2.37,1.73,2.1,2.21,2.37,2.16,2.48,1.85,2.32,2.02,1.51,2.41,1.39,2.14,1.1,1.46
Fremantle,11,Tobyn Murray,2005-05-05,180.0,Forward,0,20yr 11mth,Geelong Cats,2027.0,Unknown,2025.0,National,3.0,40.0,2.77,T.Murray 5/5/2005,GEEL VFL,2025,GF,3.04,3.02,2.21,2.4,2.9,2.9,2.93,3.26,3.28,2.34,3.31,3.7,2.35,2.1,2.21,2.47,2.56,2.1,2.63,2.68
Fremantle,22,Charlie Nicholls,2006-06-08,197.0,Forward,0,19yr 10mth,Central District,2026.0,Non-Free Agent,2024.0,National,2.0,34.0,3.4,C.Nicholls 8/6/2006,CDRST SA U18,2024,KF,3.43,3.33,3.68,2.68,2.26,3.75,3.62,4.04,3.33,3.23,3.27,3.73,3.69,4.02,4.66,2.6,2.5,2.5,4.05,2.21
Fremantle,30,Nathan O'Driscoll,2002-05-17,188.0,Midfield,40,23yr 11mth,Perth,2026.0,Non-Free Agent,2020.0,National,2.0,27.0,2.55,N.O'Driscoll 17/5/2002,FRFC,2025,W,2.8,2.42,2.23,2.67,2.73,3.3,2.62,2.5,2.36,2.05,2.15,2.84,2.0,2.38,2.49,2.54,2.66,3.45,2.35,2.49
Fremantle,2,Jaeger O'Meara,1994-02-23,184.0,Midfield,203,32yr 1mth,Perth Demons,2026.0,Non-Free Agent,,,,,2.68,J.O'Meara 23/2/1994,FRFC,2025,W,3.83,2.14,1.84,2.53,5.0,3.38,2.9,3.77,3.68,1.8,1.75,2.2,1.88,1.64,1.92,2.54,2.69,3.3,2.68,1.77
Fremantle,25,Alex Pearce,1995-06-09,201.0,Defender,144,30yr 10mth,Devonport,2027.0,Unrestricted Free Agent,2013.0,National,2.0,37.0,2.96,A.Pearce 9/6/1995,FRFC,2025,KD,3.32,2.86,3.3,2.49,2.52,3.97,5.0,2.25,3.06,2.72,3.3,2.17,2.54,3.61,3.49,2.34,2.43,2.3,3.91,1.62
Fremantle,16,Murphy Reid,2006-07-30,181.0,Forward,30,19yr 8mth,Sandringham Dragons,2029.0,Non-Free Agent,2024.0,National,1.0,17.0,2.71,M.Reid 30/7/2006,FRFC,2025,GF,3.15,2.95,1.98,2.25,2.78,3.57,2.9,3.09,2.68,3.05,2.88,3.14,1.91,2.04,1.96,2.45,2.07,2.11,2.31,2.97
Fremantle,42,Aiden Riddle,2005-12-27,200.0,Ruck,0,20yr 3mth,Claremont,2026.0,Non-Free Agent,2024.0,Rookie,1.0,7.0,3.2,A.Riddle 27/12/2005,CLA(C) WAFL U18,2024,R,3.45,3.16,3.2,2.92,3.58,3.09,3.06,3.95,3.71,2.98,2.68,3.27,2.35,2.55,3.26,3.78,2.56,2.74,3.48,2.94
Fremantle,13,Luke Ryan,1996-02-06,186.0,Defender,184,30yr 2mth,Coburg,2027.0,Unrestricted Free Agent,2016.0,National,4.0,66.0,2.7,L.Ryan 6/2/1996,FRFC,2025,GD,2.27,2.77,2.92,2.88,1.84,2.37,2.36,2.33,2.26,3.69,1.8,2.56,3.08,2.61,3.11,2.46,2.26,2.56,3.33,3.56
Fremantle,45,Chris Scerri,2006-07-06,177.0,MidfieldForward,4,19yr 9mth,Northern Bullants,2026.0,Unknown,,,,,2.27,C.Scerri 6/7/2006,NBUL VFL,2025,M,2.13,2.22,2.16,2.67,1.87,2.83,2.34,1.69,2.19,2.07,2.37,2.36,1.71,2.59,2.0,2.47,2.84,2.57,2.22,2.91
Fremantle,3,Caleb Serong,2001-02-09,180.0,Midfield,133,25yr 2mth,Gippsland Power,2034.0,Unrestricted Free Agent,2019.0,National,1.0,8.0,3.05,C.Serong 9/2/2001,FRFC,2025,M,3.88,2.71,2.1,2.8,4.69,4.23,3.1,2.88,3.37,2.3,2.14,3.18,1.16,2.56,2.71,2.42,2.69,2.85,3.29,2.58
Fremantle,14,Jeremy Sharp,2001-08-13,189.0,Midfield,60,24yr 8mth,East Fremantle,2027.0,Unrestricted Free Agent,2019.0,National,2.0,27.0,1.88,J.Sharp 13/8/2001,FRFC,2025,W,1.67,2.09,1.91,1.81,2.16,1.58,1.68,1.48,2.19,2.32,2.33,1.78,1.87,2.01,1.9,2.54,2.13,2.3,1.11,1.96
Fremantle,29,Cooper Simpson,2005-02-13,182.0,Defender,5,21yr 2mth,Dandenong Stringrays,2027.0,Non-Free Agent,2023.0,National,2.0,35.0,1.88,C.Simpson 13/2/2005,FRFC,2025,GD,1.41,2.58,1.84,1.41,1.43,0.52,1.61,1.94,2.85,2.26,3.72,2.12,1.59,1.61,2.41,2.46,1.43,1.43,1.18,1.65
Fremantle,1,Sam Sturt,2000-05-12,190.0,Forward,31,25yr 11mth,Dandenong Stingrays,2026.0,Restricted Free Agent,2018.0,National,1.0,17.0,2.37,S.Sturt 12/5/2000,FRFC,2024,GF,2.06,2.81,2.58,1.65,1.73,1.91,2.82,2.15,2.57,2.38,3.67,2.02,2.67,2.46,2.71,2.44,1.22,1.81,2.46,1.7
Fremantle,15,Adam Sweid,2007-09-14,176.0,Midfield,0,18yr 7mth,Calder Cannons,2028.0,Non-Free Agent,2025.0,National,1.0,25.0,,,,,,,,,,,,,,,,,,,,,,,,,
Fremantle,39,Sam Switkowski,1996-11-20,179.0,Forward,111,29yr 4mth,Box Hill Hawks,2026.0,Restricted Free Agent,2017.0,National,5.0,73.0,2.71,S.Switkowski 20/11/1996,FRFC,2025,GF,2.73,2.75,2.4,2.99,3.0,2.52,2.55,2.8,4.2,2.6,2.09,3.18,2.25,2.11,3.31,2.45,3.04,3.01,3.49,2.52
Fremantle,35,Josh Treacy,2002-08-04,195.0,Forward,86,23yr 8mth,Bendigo Pioneers,2030.0,Unrestricted Free Agent,2020.0,Rookie,1.0,7.0,2.99,J.Treacy 4/8/2002,FRFC,2025,KF,2.72,3.11,3.16,2.72,1.54,2.87,3.36,3.31,3.36,3.09,3.0,3.35,3.52,3.71,3.09,2.06,2.75,2.52,3.01,2.81
Fremantle,20,Patrick Voss,2003-06-29,195.0,Forward,33,22yr 9mth,Giants Academy,2030.0,Unrestricted Free Agent,2021.0,Rookie,1.0,11.0,2.7,P.Voss 29/6/2003,FRFC,2025,KF,3.03,2.9,2.22,2.67,3.02,2.89,3.61,2.89,2.72,2.58,3.12,2.8,2.28,2.14,1.98,2.4,3.15,2.8,2.71,1.7
Fremantle,34,Corey Wagner,1997-03-23,181.0,Midfield,63,29yr,Aspley,2026.0,Unrestricted Free Agent,2022.0,National,4.0,57.0,2.54,C.Wagner 23/3/1997,FRFC,2025,W,2.47,2.85,1.84,2.62,2.58,2.61,2.86,2.22,2.05,2.99,2.19,3.27,1.75,2.12,1.82,2.54,3.08,2.91,2.28,2.46
Fremantle,31,Brandon Walker,2002-10-17,186.0,Defender,67,23yr 6mth,East Fremantle,2027.0,Non-Free Agent,2020.0,National,3.0,50.0,2.23,B.Walker 17/10/2002,FRFC,2025,GD,2.14,2.03,2.03,2.74,1.87,2.73,2.95,1.65,2.41,2.09,1.74,1.42,0.34,4.07,1.62,2.46,2.97,3.15,2.83,1.73
Fremantle,27,Toby Whan,2007-05-09,184.0,Midfield,0,18yr 11mth,South Fremantle,2027.0,Unknown,,,,,,,,,,,,,,,,,,,,,,,,,,,,,
Fremantle,23,Karl Worner,2002-06-16,188.0,Defender,37,23yr 10mth,Oakleigh Chargers,2027.0,Non-Free Agent,2021.0,Rookie,1.0,8.0,2.37,K.Worner 16/6/2002,FRFC,2025,GD,2.04,2.26,2.77,2.61,2.16,1.96,1.85,2.09,2.55,2.22,2.07,1.9,2.37,3.07,2.89,2.46,2.56,2.75,2.33,2.82
Fremantle,26,Hayden Young,2001-04-11,189.0,Midfield,91,25yr,Dandenong Stingrays,2033.0,Unrestricted Free Agent,2019.0,National,1.0,7.0,2.28,H.Young 11/4/2001,FRFC,2025,M,2.18,2.48,2.44,2.0,2.48,2.35,1.89,1.77,1.88,2.64,3.09,2.34,1.9,2.81,2.56,2.41,2.09,2.2,1.07,1.79
Geelong,30,Tom Atkins,1995-09-18,180.0,Midfield,159,30yr 7mth,Geelong,2027.0,Restricted Free Agent,2018.0,Rookie,1.0,11.0,2.92,T.Atkins 18/9/1995,GFC,2025,M,3.13,2.3,2.1,4.08,3.48,3.7,3.08,2.1,2.38,2.56,1.84,2.22,1.58,2.19,2.83,2.42,4.24,4.52,3.17,2.59
Geelong,26,Harley Barker,2007-05-02,188.0,Midfield,0,18yr 11mth,Sturt,2027.0,Unknown,2025.0,National,1.0,24.0,,,,,,,,,,,,,,,,,,,,,,,,,
Geelong,24,Jed Bews,1993-12-14,186.0,Defender,175,32yr 4mth,Geelong Falcons,2026.0,Unrestricted Free Agent,2011.0,National,5.0,86.0,2.42,J.Bews 14/12/1993,GFC,2025,GD,2.52,2.51,2.64,2.05,2.55,2.78,3.65,2.08,2.41,2.67,1.74,2.8,3.62,1.54,2.8,2.46,2.17,2.22,2.17,1.51
Geelong,46,Mark Blicavs,1991-03-28,198.0,Ruck,300,35yr,Geelong Vfl,2026.0,Unrestricted Free Agent,2011.0,Rookie,3.0,54.0,2.48,M.Blicavs 28/3/1991,GFC,2025,R,2.6,2.89,2.04,2.83,2.11,2.39,2.88,3.18,3.32,2.53,2.88,2.83,3.32,2.5,2.44,1.18,2.57,2.76,3.24,2.81
Geelong,12,Jack Bowes,1998-01-26,189.0,Midfield,146,28yr 2mth,Cairns,2026.0,Non-Free Agent,2016.0,National,1.0,10.0,2.77,J.Bowes 26/1/1998,GFC,2025,W,2.75,3.03,2.39,2.62,2.93,2.97,2.84,2.47,1.93,2.86,4.15,2.88,2.0,2.87,2.72,2.54,2.7,2.55,2.58,2.65
Geelong,4,Tanner Bruhn,2002-05-27,184.0,Midfield,72,23yr 10mth,Geelong Falcons,2027.0,Non-Free Agent,2020.0,National,1.0,12.0,2.32,T.Bruhn 27/5/2002,GFC,2024,M,2.6,2.31,1.7,2.3,2.87,2.6,3.09,1.94,2.28,2.4,2.15,2.34,1.81,1.77,1.33,2.41,2.54,2.43,1.49,1.68
Geelong,41,Cillian Burke,2003-03-29,192.0,Defender,0,23yr,Kerry GAA,2026.0,Non-Free Agent,,,,,2.14,C.Burke 29/3/2003,GEEL VFL,2025,GF,2.07,2.03,2.25,2.41,1.77,2.39,2.81,1.79,2.77,2.25,1.58,1.87,1.57,2.6,2.65,2.47,1.81,2.04,4.6,3.34
Geelong,5,Jeremy Cameron,1993-04-01,196.0,Forward,285,33yr,Dartmoor,2027.0,Non-Free Agent,,,,,3.25,J.Cameron 1/4/1993,GFC,2025,KF,2.86,4.27,2.69,2.33,2.55,2.29,2.37,4.27,1.86,4.1,4.99,3.77,3.88,2.26,2.79,2.04,2.49,2.63,2.17,1.66
Geelong,13,Jhye Clark,2004-07-23,181.0,MidfieldForward,29,21yr 8mth,Geelong Falcons,2026.0,Non-Free Agent,2022.0,National,1.0,8.0,2.13,J.Clark 23/7/2004,GFC,2025,W,2.26,1.93,1.93,2.43,2.42,1.61,2.89,2.51,0.4,1.96,2.26,2.13,1.9,2.01,1.94,2.54,1.89,2.46,2.35,2.86
Geelong,45,Bradley Close,1998-07-30,183.0,Forward,131,27yr 8mth,Glenelg,2028.0,Restricted Free Agent,2019.0,Rookie,1.0,14.0,2.53,B.Close 30/7/1998,GFC,2025,GF,2.33,2.73,2.47,2.56,1.74,2.44,2.49,2.5,3.05,2.9,2.3,3.0,2.12,2.86,2.21,2.48,2.22,2.41,2.8,3.57
Geelong,6,Toby Conway,2003-04-24,206.0,Ruck,6,22yr 11mth,Geelong Falcons,2027.0,Non-Free Agent,2021.0,National,2.0,24.0,2.47,T.Conway 24/4/2003,GEEL VFL,2025,R,3.03,2.3,2.4,2.21,3.46,3.11,3.87,1.78,4.01,1.52,1.49,2.16,1.65,2.0,3.01,2.45,2.12,2.34,2.91,1.78
Geelong,35,Patrick Dangerfield,1990-04-05,189.0,Forward,362,36yr,Geelong Falcons,2026.0,Unrestricted Free Agent,2007.0,National,1.0,10.0,3.31,P.Dangerfield 5/4/1990,GFC,2025,GF,3.89,3.04,3.44,2.62,4.93,5.0,3.94,2.48,3.09,2.55,3.4,3.33,3.09,4.22,2.28,2.9,2.7,2.39,1.87,3.51
Geelong,16,Sam De Koning,2001-02-26,204.0,Defender,91,25yr 1mth,Dandenong Stingrays,2027.0,Restricted Free Agent,2019.0,National,1.0,19.0,2.69,S.De Koning 26/2/2001,GFC,2025,KD,3.81,2.96,2.36,2.22,5.0,3.8,2.18,3.55,3.48,2.44,2.88,3.0,2.18,2.37,2.48,3.67,1.99,2.11,2.5,2.13
Geelong,28,Ollie Dempsey,2003-01-07,187.0,Midfield,64,23yr 3mth,Carey Grammar,2029.0,Restricted Free Agent,2021.0,Rookie,1.0,15.0,2.75,O.Dempsey 7/1/2003,GFC,2025,W,2.79,2.91,2.81,2.37,2.24,2.88,2.43,3.09,2.63,2.39,4.83,2.4,2.64,3.99,2.3,2.54,2.84,2.64,2.12,2.13
Geelong,27,Nick Driscoll,2000-01-01,,Midfield,0,26yr 3mth,Northern Knights,2026.0,Unknown,2025.0,Rookie,3.0,28.0,,,,,,,,,,,,,,,,,,,,,,,,,
Geelong,11,Mitchell Edwards,2005-06-02,206.0,Ruck,5,20yr 10mth,Peel Thunder,2027.0,Non-Free Agent,2023.0,National,2.0,32.0,2.23,M.Edwards 2/6/2005,GEEL VFL,2025,R,2.24,2.22,2.32,2.01,2.33,2.32,2.47,1.88,2.08,2.35,2.38,2.05,2.47,2.75,2.52,1.89,2.27,2.1,2.17,1.71
Geelong,39,Zach Guthrie,1998-06-30,188.0,Defender,134,27yr 9mth,Calder Cannons,2028.0,Unrestricted Free Agent,2016.0,Rookie,2.0,33.0,2.74,Z.Guthrie 30/6/1998,GFC,2025,GD,2.43,2.52,3.71,2.78,1.9,2.68,2.41,2.44,2.22,2.82,2.02,2.75,3.72,3.77,3.64,2.46,2.37,2.64,3.26,2.9
Geelong,38,Jack Henry,1998-08-29,192.0,Defender,168,27yr 7mth,Geelong Falcons,2029.0,Unrestricted Free Agent,2016.0,Rookie,1.0,16.0,2.66,J.Henry 29/8/1998,GFC,2025,KD,2.7,1.98,3.57,2.14,2.12,3.03,3.28,2.42,0.96,2.86,2.13,2.39,3.38,3.64,3.63,2.34,1.98,1.85,3.5,1.36
Geelong,36,Oliver Henry,2002-07-29,189.0,Forward,90,23yr 8mth,Geelong Falcons,2027.0,Non-Free Agent,2020.0,National,1.0,17.0,2.18,O.Henry 29/7/2002,GFC,2025,KF,2.34,2.16,1.91,2.71,2.31,2.26,2.41,2.43,1.97,1.98,2.11,2.71,1.6,2.2,1.77,1.89,2.77,3.02,2.03,2.59
Geelong,23,Lennox Hoffman,2006-08-08,191.0,Defender,0,19yr 8mth,Sandringham Dragons,2026.0,Non-Free Agent,2024.0,National,4.0,66.0,,,,,,,,,,,,,,,,,,,,,,,,,
Geelong,22,Hunter Holmes,2007-02-19,188.0,Midfield,0,19yr 2mth,Oakleigh Chargers,2027.0,Unknown,2025.0,National,2.0,33.0,,,,,,,,,,,,,,,,,,,,,,,,,
Geelong,9,Max Holmes,2002-08-29,190.0,Midfield,108,23yr 7mth,Sandringham Dragons,2028.0,Restricted Free Agent,2020.0,National,1.0,20.0,2.97,M.Holmes 29/8/2002,GFC,2025,M,3.06,3.03,3.09,2.62,2.75,2.82,2.83,3.85,2.06,3.17,2.78,4.26,3.48,2.46,3.81,2.41,2.42,2.2,4.92,2.84
Geelong,17,Lawson Humphries,2003-04-24,182.0,Defender,42,22yr 11mth,Swan Districts,2028.0,Non-Free Agent,2023.0,National,5.0,63.0,2.4,L.Humphries 24/4/2003,GFC,2025,GD,2.19,2.4,2.67,2.46,1.94,2.11,2.58,2.24,1.61,2.79,2.51,3.04,3.15,2.36,2.47,2.46,2.54,2.52,2.17,2.61
Geelong,10,Mitchell Knevitt,2003-01-08,193.0,Midfield,22,23yr 3mth,Geelong Falcons,2026.0,Non-Free Agent,2021.0,National,2.0,25.0,2.44,M.Knevitt 8/1/2003,GFC,2025,M,1.99,1.8,4.37,2.73,2.25,2.22,1.76,1.51,1.12,2.05,1.93,2.09,2.73,5.0,4.92,2.41,2.71,3.06,2.21,2.0
Geelong,8,Jake Kolodjashnij,1995-08-09,193.0,Defender,200,30yr 8mth,Launceston,2026.0,Unrestricted Free Agent,2013.0,National,3.0,41.0,1.88,J.Kolodjashnij 9/8/1995,GEEL VFL,2025,KD,2.18,2.14,1.77,1.69,1.49,2.32,2.4,2.38,1.56,2.54,2.85,2.12,0.94,2.6,1.41,2.44,1.47,1.33,2.48,1.33
Geelong,7,Shaun Mannagh,1997-08-06,178.0,Forward,41,28yr 8mth,Werribee,2029.0,Non-Free Agent,2023.0,National,2.0,36.0,3.39,S.Mannagh 6/8/1997,GFC,2025,GF,4.08,3.39,2.16,3.67,5.0,4.02,2.39,3.84,2.45,3.42,3.42,4.19,2.43,1.89,2.28,2.45,4.23,4.2,2.22,1.89
Geelong,19,Jack Martin,1995-01-29,186.0,Forward,169,31yr 2mth,Geraldton,2026.0,Unrestricted Free Agent,2019.0,Pre-Season,1.0,1.0,2.92,J.Martin 29/1/1995,GFC,2025,GF,2.52,3.04,3.75,2.32,2.2,2.07,1.57,3.25,3.13,3.75,2.28,3.08,4.08,2.86,5.0,2.45,2.39,2.36,3.24,1.41
Geelong,31,Keighton Matofai-Forbes,2006-02-02,188.0,DefenderForward,0,20yr 2mth,Western Jets,2026.0,Non-Free Agent,2025.0,Rookie,2.0,23.0,2.03,K.Matofai-Forbes 2/2/2006,GEEL VFL,2025,GD,1.82,2.17,1.77,2.21,2.21,1.87,2.49,1.51,1.7,1.87,3.96,2.65,1.58,2.14,1.55,2.49,2.78,2.05,1.31,2.87
Geelong,25,Jesse Mellor,2007-01-04,185.0,Forward,0,19yr 3mth,Geelong Falcons,2027.0,Unknown,,,,,,,,,,,,,,,,,,,,,,,,,,,,,
Geelong,32,Gryan Miers,1999-03-30,179.0,Forward,160,27yr,Geelong Falcons,2028.0,Unrestricted Free Agent,2017.0,National,4.0,57.0,3.24,G.Miers 30/3/1999,GFC,2025,GF,3.8,3.2,2.63,3.02,3.56,3.13,1.64,4.97,3.62,3.79,2.01,4.18,3.25,1.79,3.41,2.45,2.95,3.16,4.37,1.92
Geelong,20,Jacob Molier,2006-10-11,201.0,Ruck,0,19yr 6mth,Sturt,2026.0,Non-Free Agent,2024.0,National,3.0,52.0,2.44,J.Molier 11/10/2006,GEEL VFL,2025,KF,2.39,2.62,2.31,2.38,2.23,2.17,2.24,2.93,3.37,2.86,2.34,2.66,2.74,2.13,2.23,2.16,1.87,2.95,2.38,2.14
Geelong,34,Oisin Mullin,2000-02-11,182.0,DefenderMidfield,49,26yr 2mth,Mayo,2027.0,Non-Free Agent,,,,,2.16,O.Mullin 11/2/2000,GFC,2025,GD,2.16,1.97,1.97,2.55,3.57,2.47,2.7,1.35,2.27,1.73,2.49,1.61,1.97,2.29,1.6,2.46,3.4,3.63,1.04,1.72
Geelong,33,Shannon Neale,2002-07-25,203.0,Forward,51,23yr 8mth,South Fremantle,2028.0,Restricted Free Agent,2020.0,National,2.0,33.0,2.79,S.Neale 25/7/2002,GFC,2025,KF,2.3,2.87,3.01,3.08,2.22,2.3,2.44,2.3,3.0,2.67,2.91,2.97,2.56,3.23,2.68,3.34,3.45,3.68,2.42,1.99
Geelong,42,Mark O'Connor,1997-01-17,189.0,DefenderMidfield,151,29yr 3mth,Ireland,2026.0,Unrestricted Free Agent,,,,,2.54,M.O'Connor 17/1/1997,GFC,2025,GD,2.46,2.44,2.68,2.66,2.81,2.77,2.6,2.11,2.75,2.38,2.19,2.12,2.89,2.81,2.27,2.46,3.15,3.23,2.15,1.84
Geelong,14,Connor O'Sullivan,2005-05-19,198.0,Defender,32,20yr 11mth,Murray Bushrangers,2028.0,Non-Free Agent,2023.0,National,1.0,11.0,2.69,C.O'Sullivan 19/5/2005,GFC,2025,KD,2.78,2.7,2.91,2.46,2.11,3.0,2.64,3.05,3.04,2.43,2.22,2.89,2.87,2.99,2.84,3.01,3.17,3.05,2.71,1.94
Geelong,37,Joe Pike,2005-05-17,203.0,Ruck,0,20yr 11mth,Geelong Falcons,2026.0,Non-Free Agent,2024.0,Rookie,3.0,31.0,2.47,J.Pike 17/5/2005,GEEL VFL,2025,R,2.42,2.3,2.32,3.22,2.5,2.29,2.69,2.23,1.88,2.44,2.31,2.59,1.7,2.35,1.87,2.74,2.34,3.29,2.26,4.22
Geelong,2,Jay Polkinghorne,2006-06-02,191.0,Forward,0,19yr 10mth,Norwood,2026.0,Non-Free Agent,2024.0,National,3.0,44.0,2.47,J.Polkinghorne 2/6/2006,GEEL VFL,2025,KF,2.14,2.73,2.4,2.55,1.91,2.24,2.14,2.21,2.33,2.39,3.11,2.33,2.52,2.82,1.8,2.06,2.39,3.08,1.81,2.4
Geelong,3,Bailey Smith,2000-12-07,185.0,Midfield,132,25yr 4mth,Sandringham Dragons,2031.0,Non-Free Agent,2018.0,National,1.0,7.0,3.02,B.Smith 7/12/2000,GFC,2025,M,3.45,3.03,2.41,2.7,3.67,3.16,2.3,4.14,2.41,3.3,2.28,4.09,3.28,1.73,2.4,2.43,2.74,2.84,2.72,1.96
Geelong,1,Rhys Stanley,1990-12-01,200.0,Ruck,229,35yr 4mth,West Adelaide,2026.0,Unrestricted Free Agent,2008.0,National,3.0,47.0,2.12,R.Stanley 1/12/1990,GFC,2025,R,2.05,2.19,2.16,1.97,1.98,1.79,2.52,2.02,1.39,2.44,2.5,2.45,2.4,2.33,2.03,2.07,1.77,1.87,1.45,2.44
Geelong,18,Tyson Stengle,1998-10-19,175.0,Forward,109,27yr 6mth,Woodville West Torrens,2029.0,Unrestricted Free Agent,2016.0,Rookie,1.0,6.0,2.82,T.Stengle 19/10/1998,GFC,2025,GF,2.79,3.04,2.44,2.86,2.48,2.89,2.86,2.85,2.35,2.84,3.73,2.59,2.65,2.37,2.25,2.45,2.89,2.99,2.45,2.72
Geelong,15,George Stevens,2005-04-14,189.0,Midfield,2,21yr,Greater Western Victoria Rebels,2026.0,Unrestricted Free Agent,2025.0,Rookie,1.0,13.0,2.24,G.Stevens 14/4/2005,GFC,2025,M,2.26,2.8,1.85,1.65,2.69,2.75,2.24,1.19,2.66,3.07,2.91,2.4,2.18,1.83,1.29,2.41,1.94,1.61,0.97,1.32
Geelong,44,Thomas Stewart,1993-03-15,190.0,Defender,197,33yr 1mth,Geelong Vfl,2027.0,Unrestricted Free Agent,2016.0,National,2.0,40.0,2.81,T.Stewart 15/3/1993,GFC,2025,GD,2.51,2.52,4.13,2.72,2.11,2.96,2.75,2.3,1.47,3.76,2.14,2.4,3.92,3.59,5.0,2.46,1.94,1.81,4.31,3.06
Geelong,21,Oliver Wiltshire,2002-09-15,180.0,Forward,6,23yr 7mth,Barwon Heads,2026.0,Non-Free Agent,2023.0,National,5.0,61.0,2.7,O.Wiltshire 15/9/2002,GEEL VFL,2025,GF,2.77,3.03,2.34,2.28,2.51,2.87,2.38,2.92,2.68,2.73,3.45,3.09,2.14,2.49,2.36,2.47,2.24,2.11,3.06,2.3
Geelong,29,James Worpel,1999-01-24,186.0,Midfield,151,27yr 2mth,Geelong Falcons,2029.0,Unrestricted Free Agent,2017.0,National,3.0,45.0,2.47,J.Worpel 24/1/1999,HFC,2025,M,2.87,2.1,1.71,2.87,3.26,2.9,2.74,2.39,2.22,1.81,1.98,2.56,1.32,1.98,1.8,2.46,3.03,2.72,2.8,2.91
Gold Coast,48,Oscar Adams,2003-07-23,197.0,Defender,11,22yr 8mth,Glenelg,2026.0,Unrestricted Free Agent,2025.0,Mid-Season,1.0,7.0,1.46,O.Adams 23/7/2003,GCFC,2025,KD,1.67,1.29,1.48,1.39,2.72,1.33,1.44,1.46,1.26,1.05,1.95,1.74,1.23,2.1,0.95,2.34,1.93,1.89,1.21,1.21
Gold Coast,38,Beau Addinsall,2007-03-09,182.0,Midfield,0,19yr 1mth,Gold Coast Suns Academy,2028.0,Unknown,2025.0,National,1.0,18.0,,,,,,,,,,,,,,,,,,,,,,,,,
Gold Coast,15,Noah Anderson,2001-02-17,192.0,Midfield,134,25yr 2mth,Oakleigh Chargers,2027.0,Restricted Free Agent,2019.0,National,1.0,2.0,3.04,N.Anderson 17/2/2001,GCFC,2025,M,3.65,3.23,2.24,2.32,4.17,3.32,2.59,3.87,3.33,3.13,2.66,3.85,2.35,2.04,2.49,2.41,2.08,2.11,3.51,2.96
Gold Coast,1,Mac Andrew,2003-12-04,202.0,Defender,71,22yr 4mth,Dandenong Stingrays,2030.0,Restricted Free Agent,2021.0,National,1.0,5.0,2.73,M.Andrew 4/12/2003,GCFC,2025,KD,2.72,2.95,2.32,3.01,2.44,2.6,2.61,3.1,3.25,2.63,3.07,2.95,2.52,2.28,2.22,2.67,2.22,2.06,2.48,3.84
Gold Coast,10,Charlie Ballard,1999-07-23,196.0,Defender,138,26yr 8mth,Sturt,2029.0,Unrestricted Free Agent,2017.0,National,3.0,42.0,2.61,C.Ballard 23/7/1999,GCFC,2024,KD,2.42,2.36,3.12,2.4,2.57,2.42,2.32,2.36,2.23,2.5,2.29,2.37,2.24,3.27,3.59,2.38,2.05,2.19,3.03,2.12
Gold Coast,31,Cooper Bell,2006-11-30,199.0,DefenderForward,0,19yr 4mth,Belconnen,2026.0,Non-Free Agent,2024.0,National,3.0,49.0,1.94,C.Bell 30/11/2006,GCS VFL,2025,KD,1.66,2.39,1.49,2.3,1.49,1.28,2.16,1.99,2.72,2.14,2.27,2.15,2.25,1.29,1.18,2.39,2.12,2.7,0.97,3.09
Gold Coast,33,Sam Clohesy,2002-12-12,189.0,Midfield,39,23yr 4mth,Werribee,2028.0,Non-Free Agent,2023.0,Rookie,1.0,4.0,2.61,S.Clohesy 12/12/2002,GCFC,2025,W,2.32,2.66,2.97,2.69,1.83,2.24,2.18,2.65,2.22,2.46,2.3,3.11,2.98,2.7,3.15,2.54,2.25,2.56,2.64,3.1
Gold Coast,25,Samuel Collins,1994-06-15,194.0,Defender,155,31yr 10mth,Box Hill Hawks,2028.0,Unrestricted Free Agent,2015.0,National,4.0,55.0,3.17,S.Collins 15/6/1994,GCFC,2025,KD,2.92,2.64,3.42,3.34,1.84,3.6,3.21,2.71,3.02,2.49,1.95,2.41,2.51,3.33,4.17,2.34,2.92,3.09,4.58,2.69
Gold Coast,43,Koby Coulson,2007-07-31,180.0,Midfield,0,18yr 8mth,Gold Coast Suns Academy,2027.0,Unknown,2025.0,National,3.0,46.0,,,,,,,,,,,,,,,,,,,,,,,,,
Gold Coast,5,Alex Davies,2002-03-18,193.0,Midfield,44,24yr 1mth,Suns Academy,2026.0,Non-Free Agent,,,,,2.33,A.Davies 18/3/2002,GCFC,2025,M,2.49,2.09,1.54,2.99,2.75,2.72,2.6,1.83,2.5,1.87,2.0,2.05,1.01,1.77,1.93,2.41,3.19,2.9,2.99,2.52
Gold Coast,42,Asher Eastham,2006-05-13,190.0,Forward,0,19yr 11mth,Gippsland Power,2026.0,Non-Free Agent,2024.0,Rookie,2.0,17.0,2.75,A.Eastham 13/5/2006,GCS VFL,2025,GD,2.5,2.84,3.03,2.72,2.27,2.24,2.41,2.77,3.42,2.79,2.16,2.25,3.15,2.92,3.03,2.49,2.77,2.33,2.64,3.31
Gold Coast,36,Zak Evans,2000-03-26,190.0,Midfield,0,26yr,Melbourne Renegades,2026.0,Non-Free Agent,,,,,,,,,,,,,,,,,,,,,,,,,,,,,
Gold Coast,50,Jy Farrar,1996-12-07,190.0,Forward,44,29yr 4mth,Scotch OC,2026.0,Non-Free Agent,2019.0,National,4.0,60.0,2.88,J.Farrar 7/12/1996,GCFC,2025,GF,1.81,2.84,4.53,2.9,1.56,1.64,2.06,2.01,2.2,3.05,3.29,1.96,3.85,4.79,5.0,2.45,2.73,2.77,3.25,3.41
Gold Coast,46,Caleb Graham,2000-09-12,194.0,Defender,37,25yr 7mth,Gold Coast Academy,2026.0,Restricted Free Agent,2018.0,National,5.0,71.0,2.96,C.Graham 12/9/2000,GCS VFL,2025,KD,2.59,2.92,2.86,3.28,2.09,2.47,2.44,3.13,3.23,2.98,2.04,2.32,3.07,2.23,3.44,2.44,2.37,2.12,3.54,3.69
Gold Coast,26,Will Graham,2005-07-27,186.0,MidfieldForward,31,20yr 8mth,Palm Beach Currumbin AFC,2027.0,Non-Free Agent,2023.0,National,1.0,26.0,2.75,W.Graham 27/7/2005,GCFC,2025,GF,2.76,2.81,2.07,3.49,2.87,2.86,2.96,2.58,2.23,2.89,3.15,2.41,2.23,1.74,2.55,2.45,3.57,3.73,3.09,2.9
Gold Coast,39,Lachlan Gulbin,2006-11-24,187.0,Forward,3,19yr 4mth,Broadbeach,2026.0,Non-Free Agent,,,,,2.58,L.Gulbin 24/11/2006,GCS VFL,2025,GF,2.16,2.41,3.14,3.06,2.17,2.13,2.19,2.17,1.9,2.46,2.63,2.32,2.86,3.99,1.71,2.47,4.01,2.81,1.8,2.36
Gold Coast,12,Elliott Himmelberg,1998-06-04,196.0,Forward,50,27yr 10mth,Redlands,2027.0,Non-Free Agent,2016.0,National,3.0,51.0,2.19,E.Himmelberg 4/6/1998,GCS VFL,2025,KF,2.25,2.26,2.14,1.97,1.88,2.5,2.0,2.41,3.44,1.93,2.18,2.29,2.07,2.08,2.06,2.34,1.87,2.16,2.05,1.73
Gold Coast,7,Nicholas Holman,1995-05-29,188.0,MidfieldForward,147,30yr 10mth,Central District,2026.0,Unrestricted Free Agent,2013.0,National,3.0,51.0,1.93,N.Holman 29/5/1995,GCFC,2025,M,1.33,1.83,2.44,2.75,1.02,1.41,2.38,1.05,2.03,1.68,2.32,1.35,1.62,3.02,2.56,2.41,2.7,2.72,2.96,2.86
Gold Coast,19,Bailey Humphrey,2004-09-11,186.0,MidfieldForward,66,21yr 7mth,Gippsland Power,2028.0,Non-Free Agent,2022.0,National,1.0,6.0,2.52,B.Humphrey 11/9/2004,GCFC,2025,M,2.19,2.48,3.41,2.49,1.81,2.42,3.32,1.82,1.99,2.1,4.11,2.12,2.48,4.9,1.72,2.41,2.47,2.58,1.61,3.05
Gold Coast,16,Joel Jeffrey,2002-03-12,192.0,Defender,59,24yr 1mth,Suns Academy,2028.0,Restricted Free Agent,,,,,2.8,J.Jeffrey 12/3/2002,GCFC,2025,GD,2.56,3.02,2.89,2.67,2.07,2.48,2.42,2.81,2.93,2.93,2.97,3.35,2.95,2.98,2.71,2.46,2.59,2.73,2.58,2.8
Gold Coast,44,Ben Jepson,2001-10-10,184.0,Midfield,1,24yr 6mth,Coburg,2026.0,Unrestricted Free Agent,2025.0,Rookie,1.0,10.0,2.69,B.Jepson 10/10/2001,GCS VFL,2025,M,2.44,3.09,2.37,2.76,2.33,2.32,2.16,2.9,3.21,3.37,2.72,2.79,2.42,2.2,2.66,2.47,3.16,2.21,3.06,3.06
Gold Coast,34,Ben King,2000-07-07,202.0,Forward,126,25yr 9mth,Sandringham Dragons,2026.0,Restricted Free Agent,2018.0,National,1.0,6.0,2.61,B.King 7/7/2000,GCFC,2025,KF,2.13,3.25,2.61,1.58,1.62,2.7,2.6,1.56,1.88,2.68,4.2,1.93,2.77,3.3,1.94,1.89,1.36,1.39,1.51,2.34
Gold Coast,37,Max Knobel,2004-06-27,206.0,Ruck,0,21yr 9mth,Gippsland Power,2027.0,Non-Free Agent,2022.0,National,3.0,42.0,2.45,M.Knobel 27/6/2004,GCS VFL,2025,R,2.24,2.85,2.41,2.16,2.14,2.69,1.97,2.1,2.0,2.85,4.73,1.84,2.48,2.83,1.86,2.49,1.6,2.23,1.69,2.71
Gold Coast,45,Caleb Lewis,2003-09-29,198.0,Forward,0,22yr 6mth,Casey,2026.0,Non-Free Agent,2025.0,Mid-Season,1.0,14.0,1.91,C.Lewis 29/9/2003,CSY VFL,2024,KF,1.97,2.17,1.42,2.35,1.84,2.45,2.78,0.95,2.75,2.31,2.11,1.76,1.7,0.66,1.6,2.09,3.84,1.74,2.3,1.23
Gold Coast,8,Leo Lombard,2006-10-05,179.0,Forward,10,19yr 6mth,Broadbeach,2027.0,Non-Free Agent,2024.0,National,1.0,9.0,1.58,L.Lombard 5/10/2006,GCFC,2025,GF,1.49,1.5,1.59,1.93,2.8,1.12,2.18,0.94,0.83,1.72,1.6,1.41,1.37,1.72,1.67,2.45,2.07,2.23,1.09,1.35
Gold Coast,22,Ben Long,1997-08-21,186.0,Forward,141,28yr 7mth,Nt Thunder,2029.0,Non-Free Agent,2016.0,National,2.0,25.0,2.92,B.Long 21/8/1997,GCFC,2025,GF,2.17,3.18,4.17,2.16,1.95,2.33,2.06,2.18,1.64,2.78,4.38,2.84,4.6,4.67,2.25,2.45,2.15,1.91,1.52,3.24
Gold Coast,11,Touk Miller,1996-02-22,178.0,MidfieldForward,220,30yr 1mth,Calder Cannons,2027.0,Unrestricted Free Agent,2014.0,National,2.0,29.0,2.76,T.Miller 22/2/1996,GCFC,2025,M,2.87,2.98,2.26,2.63,2.99,3.13,2.12,2.89,2.76,2.97,3.08,3.17,2.31,2.45,1.74,2.41,2.58,2.84,2.0,2.58
Gold Coast,23,Ned Moyle,2002-02-15,206.0,Ruck,13,24yr 2mth,Oakleigh Chargers,2028.0,Restricted Free Agent,2021.0,Mid-Season,1.0,5.0,2.2,N.Moyle 15/2/2002,GCFC,2025,R,1.46,2.01,2.65,2.29,0.3,1.4,3.98,0.91,2.09,2.08,2.5,1.35,3.18,3.69,2.32,2.08,1.63,2.17,2.21,2.8
Gold Coast,35,Jai Murray,2007-03-09,185.0,Midfield,0,19yr 1mth,Gold Coast Suns Academy,2028.0,Unknown,2025.0,National,1.0,17.0,,,,,,,,,,,,,,,,,,,,,,,,,
Gold Coast,2,John Noble,1997-03-25,180.0,Defender,143,29yr,West Adelaide,2026.0,Non-Free Agent,2019.0,Mid-Season,1.0,14.0,2.76,J.Noble 25/3/1997,GCFC,2025,GD,3.08,3.01,2.12,2.49,2.96,2.68,2.42,3.53,2.4,3.49,2.48,3.5,2.19,1.76,2.47,2.46,2.81,2.67,2.34,2.02
Gold Coast,30,Dylan Patterson,2007-09-01,184.0,Defender,0,18yr 7mth,Gold Coast Suns Academy,2028.0,Unknown,2025.0,National,1.0,5.0,,,,,,,,,,,,,,,,,,,,,,,,,
Gold Coast,3,Christian Petracca,1996-01-04,187.0,MidfieldForward,216,30yr 3mth,Eastern Ranges,2029.0,Unrestricted Free Agent,2014.0,National,1.0,2.0,2.76,C.Petracca 4/1/1996,MFC,2025,M,3.16,2.8,2.49,2.22,2.95,3.32,3.33,3.21,2.92,2.15,3.77,2.83,2.66,2.4,2.4,2.41,2.3,2.1,2.47,2.11
Gold Coast,27,Wil Powell,1999-08-26,188.0,DefenderMidfield,136,26yr 7mth,Claremont,2029.0,Unrestricted Free Agent,2017.0,National,1.0,19.0,2.85,W.Powell 26/8/1999,GCFC,2025,GD,2.67,2.49,2.97,3.48,2.45,2.97,3.01,2.46,2.51,2.41,2.23,2.73,2.68,3.21,3.01,2.46,3.85,3.33,3.34,3.42
Gold Coast,20,Ethan Read,2005-07-07,202.0,Forward,31,20yr 9mth,Palm Beach Currumbin AFC,2028.0,Non-Free Agent,2023.0,National,1.0,9.0,2.27,E.Read 7/7/2005,GCFC,2025,KF,2.33,2.13,2.39,2.27,2.88,2.12,2.37,2.07,2.09,2.4,1.97,2.23,2.12,2.09,2.39,3.1,2.15,2.26,1.95,2.7
Gold Coast,17,Daniel Rioli,1997-04-16,179.0,Defender,209,29yr,North Ballarat Rebels,2029.0,Non-Free Agent,2015.0,National,1.0,15.0,2.68,D.Rioli 16/4/1997,GCFC,2025,GD,3.04,2.85,1.82,2.61,3.14,2.86,3.15,3.09,3.17,2.24,3.72,2.91,1.97,1.56,1.95,2.46,2.93,3.03,2.31,1.94
Gold Coast,29,Jake Rogers,2005-03-02,172.0,Forward,22,21yr 1mth,Broadbeach AFC,2026.0,Non-Free Agent,2023.0,National,1.0,14.0,2.19,J.Rogers 2/3/2005,GCFC,2025,GF,2.5,2.44,1.81,1.48,2.73,2.55,2.74,2.29,1.64,2.59,2.64,2.45,1.96,1.74,1.67,2.45,1.43,1.38,2.29,1.35
Gold Coast,18,Matt Rowell,2001-07-01,180.0,Midfield,113,24yr 9mth,Oakleigh Chargers,2027.0,Restricted Free Agent,2019.0,National,1.0,1.0,3.3,M.Rowell 1/7/2001,GCFC,2025,M,3.83,2.89,1.91,4.03,4.47,4.23,3.59,2.69,3.49,2.64,2.38,3.09,1.13,2.07,2.9,2.41,4.33,4.17,3.38,2.96
Gold Coast,41,Avery Thomas,2007-09-20,185.0,Defender,0,18yr 6mth,Tasmania Devils,2027.0,Unknown,2025.0,National,2.0,28.0,,,,,,,,,,,,,,,,,,,,,,,,,
Gold Coast,9,Jamarra Ugle-Hagan,2002-04-04,197.0,Forward,67,24yr,Oakleigh Chargers,2026.0,Non-Free Agent,2020.0,National,1.0,1.0,2.77,J.Ugle-Hagan 4/4/2002,WBFC,2024,KF,3.03,2.94,2.56,2.13,2.33,3.11,3.62,3.28,2.16,2.33,3.5,2.58,2.61,3.29,1.97,1.84,2.42,2.25,1.79,1.77
Gold Coast,6,Bodhi Uwland,2003-07-25,188.0,Defender,55,22yr 8mth,Allies,2026.0,Non-Free Agent,,,,,2.71,B.Uwland 25/7/2003,GCFC,2025,GD,2.57,2.48,3.15,2.9,2.16,2.84,3.23,2.39,2.49,2.69,2.08,2.32,2.93,3.16,3.38,2.46,2.09,2.24,3.36,4.32
Gold Coast,32,Zeke Uwland,2007-04-24,179.0,DefenderMidfield,6,18yr 11mth,Gold Coast Suns Academy,2028.0,Unknown,2025.0,National,1.0,2.0,,,,,,,,,,,,,,,,,,,,,,,,,
Gold Coast,4,Jed Walter,2005-06-08,195.0,Forward,33,20yr 10mth,Palm Beach Currumbin AFC,2026.0,Non-Free Agent,2023.0,National,1.0,3.0,2.17,J.Walter 8/6/2005,GCFC,2025,KF,2.17,2.14,2.08,2.48,1.54,2.68,2.73,1.76,1.58,2.29,2.2,2.08,1.68,2.38,2.04,2.07,2.42,2.15,2.66,3.03
Gold Coast,14,Lachlan Weller,1996-02-23,182.0,Midfield,167,30yr 1mth,Southport,2026.0,Restricted Free Agent,2014.0,National,1.0,13.0,2.36,L.Weller 23/2/1996,GCFC,2025,W,2.58,2.53,1.95,2.06,2.69,2.24,2.56,2.78,2.71,2.18,2.1,2.96,2.02,2.06,1.76,2.54,2.11,2.46,2.12,1.71
Gold Coast,28,Jarrod Witts,1992-09-13,209.0,Ruck,211,33yr 7mth,Sydney University,2026.0,Unrestricted Free Agent,2011.0,National,4.0,67.0,2.74,J.Witts 13/9/1992,GCFC,2025,R,2.69,2.31,2.93,2.98,3.13,3.12,2.36,2.01,2.46,2.19,2.02,2.58,1.75,2.67,1.97,3.99,2.66,2.86,1.77,3.93
GWS Giants,21,Leek Aleer,2001-08-21,194.0,Defender,26,24yr 7mth,Central District,2027.0,Non-Free Agent,2021.0,National,1.0,15.0,2.4,L.Aleer 21/8/2001,GWS,2025,KD,2.47,2.52,2.36,2.34,2.15,2.98,2.82,1.9,2.9,2.49,1.95,1.74,1.82,2.59,2.49,2.34,2.67,2.31,2.89,1.92
GWS Giants,29,Cody Angove,2006-05-28,182.0,Forward,4,19yr 10mth,Claremont,2028.0,Non-Free Agent,2024.0,National,1.0,24.0,1.99,C.Angove 28/5/2006,GWS,2025,GF,2.1,1.8,1.93,2.27,1.23,2.39,1.9,2.36,2.31,1.37,1.38,3.29,1.24,1.8,3.41,2.45,1.97,2.26,3.83,1.96
GWS Giants,9,Ryan Angwin,2002-12-12,185.0,Midfield,36,23yr 4mth,Gippsland Power,2028.0,Restricted Free Agent,2020.0,National,1.0,18.0,2.84,R.Angwin 12/12/2002,GWS,2025,W,3.2,2.38,2.38,3.45,2.57,2.86,2.56,3.93,2.8,2.5,1.76,2.51,1.86,2.44,3.21,2.54,2.94,4.09,3.94,2.86
GWS Giants,7,Lachlan Ash,2001-06-21,188.0,Defender,131,24yr 9mth,Murray Bushrangers,2027.0,Restricted Free Agent,2019.0,National,1.0,4.0,3.11,L.Ash 21/6/2001,GWS,2025,GD,3.41,3.59,2.51,2.5,3.03,2.73,3.03,4.07,4.03,3.37,2.0,4.01,3.06,2.44,1.95,2.46,2.54,2.52,2.54,2.35
GWS Giants,14,Toby Bedford,2000-05-27,179.0,MidfieldForward,85,25yr 10mth,Dandenong Stingrays,2029.0,Non-Free Agent,2018.0,National,5.0,75.0,2.01,T.Bedford 27/5/2000,GWS,2025,M,1.5,2.21,1.89,2.7,1.12,1.44,2.63,1.42,2.02,2.19,3.02,1.68,2.29,1.75,1.52,2.41,2.8,2.93,1.7,2.36
GWS Giants,32,Kieren Briggs,1999-10-06,201.0,Ruck,74,26yr 6mth,Pennant Hills,2026.0,Restricted Free Agent,2018.0,National,2.0,34.0,2.35,K.Briggs 6/10/1999,GWS,2025,R,2.26,2.36,2.49,2.12,2.7,2.3,2.05,1.84,2.21,2.38,2.08,2.77,2.19,2.07,2.34,2.92,2.65,2.49,1.95,1.64
GWS Giants,46,Callum Brown,2000-08-15,188.0,Forward,69,25yr 8mth,County Derry,2028.0,Unrestricted Free Agent,2016.0,National,2.0,35.0,2.71,C.Brown 15/8/2000,GWS,2025,GF,2.47,2.77,3.2,2.41,2.26,2.74,2.46,2.39,1.99,3.06,2.93,2.51,3.35,3.19,2.94,3.84,2.39,2.12,2.47,3.18
GWS Giants,44,Jack Buckley,1997-12-17,195.0,Defender,90,28yr 4mth,Swans Academy,2030.0,Unrestricted Free Agent,,,,,2.78,J.Buckley 17/12/1997,GWS,2025,KD,2.67,2.82,2.61,2.98,2.0,2.89,2.82,2.79,3.21,2.67,1.95,2.67,2.92,2.78,2.18,2.34,2.63,2.73,2.74,3.31
GWS Giants,5,Aaron Cadman,2004-03-03,195.0,Forward,60,22yr 1mth,Greater Western Victoria Rebels,2030.0,Restricted Free Agent,2022.0,National,1.0,1.0,2.62,A.Cadman 3/3/2004,GWS,2025,KF,2.26,2.83,2.71,2.47,1.54,2.47,2.2,2.71,1.48,2.92,3.06,2.84,3.35,3.09,2.14,1.89,2.53,2.44,1.79,2.95
GWS Giants,17,Finn Callaghan,2003-04-26,192.0,Midfield,77,22yr 11mth,Sandringham Dragons,2029.0,Restricted Free Agent,2021.0,National,1.0,3.0,2.98,F.Callaghan 26/4/2003,GWS,2025,M,2.88,3.21,3.12,2.69,2.9,2.38,2.44,3.63,3.22,3.14,2.24,4.3,2.47,3.09,4.34,2.41,2.71,2.68,3.36,1.95
GWS Giants,3,Stephen Coniglio,1993-12-15,182.0,MidfieldForward,232,32yr 4mth,Swan Districts,2026.0,Unrestricted Free Agent,2011.0,National,1.0,2.0,2.06,S.Coniglio 15/12/1993,GWS,2025,M,1.96,2.04,2.18,2.18,2.29,1.79,2.27,1.5,1.58,2.14,2.37,2.13,1.44,2.93,1.76,2.41,2.61,2.18,1.1,1.56
GWS Giants,16,Brent Daniels,1999-03-09,172.0,Forward,113,27yr 1mth,Bendigo Pioneers,2031.0,Unrestricted Free Agent,2017.0,National,2.0,27.0,2.45,B.Daniels 9/3/1999,GWS,2025,GF,2.86,2.37,2.18,2.2,4.43,2.63,2.29,2.4,3.21,2.84,1.3,2.92,2.16,2.42,1.67,2.45,2.53,2.18,2.13,1.52
GWS Giants,45,Finnegan Davis,2007-01-21,188.0,Defender,0,19yr 2mth,Western Jets,2027.0,Unknown,2025.0,National,3.0,51.0,,,,,,,,,,,,,,,,,,,,,,,,,
GWS Giants,38,Josaia Delana,2006-07-01,176.0,Forward,7,19yr 9mth,East Coast Eagles,2028.0,Non-Free Agent,,,,,2.6,J.Delana 1/7/2006,GWS VFL,2025,GF,2.8,2.69,1.94,2.84,2.81,2.76,2.73,2.84,2.8,2.65,2.58,2.96,2.13,1.77,1.99,2.47,2.72,3.43,2.89,1.56
GWS Giants,37,Joseph Fonti,2004-12-24,189.0,Defender,28,21yr 3mth,Claremont,2027.0,Non-Free Agent,2023.0,National,2.0,44.0,2.29,J.Fonti 24/12/2004,GWS,2025,GD,2.23,1.98,2.19,2.87,2.23,2.09,3.38,2.07,2.08,1.87,1.74,2.09,2.42,2.31,1.77,2.46,3.24,3.39,1.83,2.92
GWS Giants,11,Phoenix Gothard,2005-09-07,179.0,Forward,6,20yr 7mth,Murray Bushrangers,2028.0,Non-Free Agent,2023.0,National,1.0,12.0,2.66,P.Gothard 7/9/2005,GWS VFL,2025,GF,2.74,2.85,1.93,3.04,2.51,2.8,2.8,2.81,2.89,2.38,3.23,3.0,1.69,1.75,2.76,2.47,2.89,3.44,2.98,2.38
GWS Giants,12,Tom Green,2001-01-23,192.0,Midfield,115,25yr 2mth,GWS Giants Academy,2027.0,Restricted Free Agent,2019.0,National,1.0,10.0,3.14,T.Green 23/1/2001,GWS,2025,M,4.11,3.04,2.1,2.38,5.0,4.09,2.96,3.4,3.3,2.84,2.9,3.21,2.14,1.94,2.4,3.11,2.39,2.24,2.99,2.36
GWS Giants,4,Toby Greene,1993-09-25,182.0,MidfieldForward,267,32yr 6mth,Oakleigh Chargers,2026.0,Unrestricted Free Agent,2011.0,National,1.0,11.0,3.49,T.Greene 25/9/1993,GWS,2025,GF,3.91,3.52,3.28,2.89,4.59,3.99,3.25,3.66,2.37,3.09,4.46,3.48,3.82,2.86,3.26,2.65,3.22,2.91,1.82,2.77
GWS Giants,35,Max Gruzewski,2004-07-21,192.0,Forward,15,21yr 8mth,Oakleigh Chargers,2026.0,Non-Free Agent,2022.0,National,2.0,22.0,2.19,M.Gruzewski 21/7/2004,GWS,2025,KF,1.75,2.53,2.22,1.98,1.54,1.38,2.03,2.3,1.94,2.61,2.83,1.8,2.19,2.46,1.77,2.19,2.29,1.67,1.15,2.7
GWS Giants,43,Riley Hamilton,2006-08-15,189.0,MidfieldForward,0,19yr 8mth,Ainslie,2027.0,Unknown,,,,,2.12,R.Hamilton 15/8/2006,GWS VFL,2025,M,1.82,2.28,2.41,2.16,1.38,1.62,3.52,1.59,2.86,2.36,1.99,1.71,2.26,2.95,1.47,2.47,2.05,1.28,3.93,4.34
GWS Giants,13,Oliver Hannaford,2006-09-01,180.0,MidfieldForward,3,19yr 7mth,Greater Western Victoria Rebels,2027.0,Non-Free Agent,2024.0,National,1.0,18.0,2.47,O.Hannaford 1/9/2006,GWS VFL,2025,GF,2.54,2.46,2.43,2.39,1.98,2.74,3.08,2.54,1.78,2.01,3.36,2.07,2.03,2.61,2.76,2.47,1.86,3.01,2.91,1.62
GWS Giants,27,Harrison Himmelberg,1996-05-08,195.0,Defender,207,29yr 11mth,Mangoplah Cookardinia United Eastlakes,2029.0,Unrestricted Free Agent,2015.0,National,1.0,16.0,2.93,H.Himmelberg 8/5/1996,GWS,2025,GD,2.68,2.66,3.89,2.96,2.32,2.86,2.93,2.63,2.28,3.02,2.46,2.79,3.92,3.94,3.8,3.14,2.28,2.29,3.05,4.71
GWS Giants,23,Jesse Hogan,1995-02-12,196.0,Forward,186,31yr 2mth,Claremont,2026.0,Non-Free Agent,,,,,2.94,J.Hogan 12/2/1995,GWS,2025,KF,2.46,3.49,2.98,2.07,2.23,2.85,2.1,2.36,2.56,3.13,4.24,2.18,3.2,3.81,2.48,1.89,2.2,2.0,1.52,2.42
GWS Giants,39,Connor Idun,2000-07-29,193.0,Defender,123,25yr 8mth,Geelong Falcons,2032.0,Unrestricted Free Agent,2018.0,National,4.0,61.0,2.9,C.Idun 29/7/2000,GWS,2025,GD,2.72,2.93,3.39,2.73,2.1,2.79,2.41,2.94,3.33,2.94,1.74,2.8,3.66,3.31,3.17,2.46,1.81,1.93,3.56,4.05
GWS Giants,2,Darcy Jones,2004-04-03,175.0,Forward,37,22yr,Swan Districts,2028.0,Non-Free Agent,2022.0,National,1.0,21.0,2.77,D.Jones 3/4/2004,GWS,2025,GF,3.28,2.69,1.91,3.13,3.05,3.5,2.81,3.34,2.61,2.68,2.46,3.32,1.71,2.17,1.67,2.45,3.51,3.07,2.69,2.7
GWS Giants,22,Joshua Kelly,1995-02-12,184.0,Midfield,230,31yr 2mth,Sandringham Dragons,2029.0,Unrestricted Free Agent,2013.0,National,1.0,2.0,3.02,J.Kelly 12/2/1995,GWS,2025,W,3.21,3.11,2.47,3.02,3.36,2.74,2.0,3.78,4.47,2.38,2.24,3.75,2.4,2.39,2.66,2.54,2.67,2.96,2.81,3.5
GWS Giants,25,Jayden Laverde,1996-04-12,193.0,Defender,151,30yr,Western Jets,2026.0,Unrestricted Free Agent,2014.0,National,1.0,20.0,2.34,J.Laverde 12/4/1996,EFC,2025,KD,2.64,2.88,2.02,2.22,2.81,2.0,1.5,3.84,3.38,2.53,1.95,3.27,3.17,1.4,1.92,2.34,2.99,3.02,1.72,2.11
GWS Giants,30,James Leake,2005-10-02,188.0,DefenderForward,4,20yr 6mth,Tasmania Devils,2028.0,Non-Free Agent,2023.0,National,1.0,17.0,1.57,J.Leake 2/10/2005,GWS,2025,GD,2.03,1.63,1.37,1.13,2.81,2.47,3.0,1.25,0.88,2.06,3.79,1.11,1.12,1.61,1.38,2.46,1.36,1.52,0.42,1.13
GWS Giants,41,Nick Madden,2004-05-17,204.0,Ruck,5,21yr 11mth,Greater Western Sydney,2026.0,Non-Free Agent,,,,,2.3,N.Madden 17/5/2004,GWS,2025,R,2.63,1.96,2.24,2.59,2.55,3.34,2.5,2.12,2.44,2.57,1.4,1.43,1.35,1.46,2.25,2.96,2.37,2.76,2.86,2.45
GWS Giants,31,Toby McMullin,2004-08-06,183.0,Midfield,29,21yr 8mth,Sandringham Dragons,2028.0,Non-Free Agent,2022.0,National,2.0,34.0,,,,,,,,,,,,,,,,,,,,,,,,,
GWS Giants,33,Xavier O'Halloran,2000-07-11,187.0,MidfieldForward,96,25yr 9mth,Western Jets,2028.0,Unrestricted Free Agent,2018.0,National,1.0,22.0,1.98,X.O'Halloran 11/7/2000,GWS,2025,M,1.92,2.08,1.95,1.93,1.81,1.75,2.34,2.0,1.39,2.2,2.56,2.27,2.12,2.01,1.54,2.41,2.03,1.96,1.74,1.62
GWS Giants,10,Clayton Oliver,1997-07-22,189.0,Midfield,211,28yr 8mth,Murray Bushrangers,2030.0,Unrestricted Free Agent,2015.0,National,1.0,4.0,2.82,C.Oliver 22/7/1997,MFC,2025,M,3.26,2.48,2.35,2.87,3.85,3.56,2.06,2.87,3.2,2.27,1.95,2.48,2.01,2.5,2.63,2.42,3.02,2.97,2.61,2.17
GWS Giants,19,Harrison Oliver,2006-06-15,181.0,Defender,0,19yr 10mth,Sandringham Dragons,2027.0,Non-Free Agent,2024.0,National,1.0,19.0,2.8,H.Oliver 15/6/2006,GWS VFL,2025,GD,3.18,2.92,2.18,2.63,2.89,3.3,2.08,3.45,3.2,2.75,2.16,3.12,2.49,1.81,2.23,2.49,3.09,2.56,2.62,2.18
GWS Giants,28,Jack Ough,2006-12-15,194.0,Midfield,0,19yr 4mth,Greater Western Victoria Rebels,2028.0,Non-Free Agent,2024.0,National,2.0,36.0,3.01,J.Ough 15/12/2006,GWS VFL,2025,M,3.52,2.77,2.1,3.18,4.24,3.99,2.53,2.64,3.61,2.3,2.41,2.92,1.92,1.89,2.88,2.47,3.33,3.39,2.88,2.01
GWS Giants,26,Jake Riccardi,1999-11-07,198.0,ForwardRuck,95,26yr 5mth,Werribee,2026.0,Non-Free Agent,2019.0,National,3.0,51.0,2.99,J.Riccardi 7/11/1999,GWS,2025,KF,3.33,2.68,2.94,3.42,4.57,2.69,1.86,3.88,4.03,2.53,2.21,3.57,2.61,2.12,3.39,4.15,4.07,3.99,2.82,1.9
GWS Giants,24,Harry Rowston,2004-08-12,182.0,Midfield,21,21yr 8mth,Griffith Swans FNC,2028.0,Non-Free Agent,2022.0,National,1.0,16.0,2.17,H.Rowston 12/8/2004,GWS,2025,M,1.63,2.53,2.34,2.45,1.22,1.49,1.84,2.22,1.43,2.99,3.38,2.24,3.12,1.83,2.13,2.41,2.49,2.47,2.22,2.46
GWS Giants,36,Logan Smith,2006-09-24,204.0,Ruck,0,19yr 6mth,Queanbeyan,2028.0,Non-Free Agent,2024.0,National,5.0,71.0,2.04,L.Smith 24/9/2006,GWS VFL,2025,R,2.08,2.0,1.91,2.41,2.07,2.07,2.43,1.83,1.58,2.25,2.2,1.98,2.15,1.91,1.74,1.96,2.45,2.45,1.68,2.78
GWS Giants,18,Conor Stone,2002-04-22,189.0,Defender,20,23yr 11mth,Oakleigh Chargers,2026.0,Unrestricted Free Agent,2025.0,Rookie,1.0,9.0,1.97,C.Stone 22/4/2002,GWS,2025,GD,1.88,2.05,1.89,2.01,1.43,1.51,1.85,2.29,2.39,1.66,1.74,2.28,2.34,1.57,1.75,2.46,1.41,1.53,3.17,2.02
GWS Giants,20,Jake Stringer,1994-04-25,192.0,Forward,233,31yr 11mth,Bendigo Pioneers,2027.0,Non-Free Agent,2025.0,National,5.0,59.0,2.74,J.Stringer 25/4/1994,GWS,2025,GF,2.88,2.91,2.85,1.91,2.76,3.32,3.94,2.36,1.63,2.56,4.05,2.34,2.84,2.9,2.75,2.51,1.82,1.7,2.04,2.58
GWS Giants,34,Oskar Taylor,2007-08-01,182.0,Defender,0,18yr 8mth,Eastern Ranges,2028.0,Unknown,2025.0,National,1.0,15.0,,,,,,,,,,,,,,,,,,,,,,,,,
GWS Giants,15,Sam Taylor,1999-05-05,198.0,Defender,131,26yr 11mth,Swan Districts,2032.0,Unrestricted Free Agent,2017.0,National,2.0,28.0,3.6,S.Taylor 5/5/1999,GWS,2025,KD,3.21,3.03,4.08,3.65,2.72,3.87,2.34,3.2,3.67,2.66,2.28,2.7,3.15,4.43,4.34,2.34,3.32,3.25,4.46,3.32
GWS Giants,1,Harvey Thomas,2005-08-08,176.0,MidfieldForward,46,20yr 8mth,GWS Giants Academy,2028.0,Non-Free Agent,2023.0,National,4.0,59.0,2.75,H.Thomas 8/8/2005,GWS,2025,GF,2.62,2.7,2.71,3.18,2.35,2.4,2.3,3.0,2.96,3.26,1.98,2.78,2.31,2.65,3.57,2.45,3.08,3.23,3.64,2.93
GWS Giants,42,Nathan Wardius,2004-10-12,181.0,Forward,0,21yr 6mth,Rand-Walbundrie-Walla,2027.0,Non-Free Agent,,,,,3.02,N.Wardius 12/10/2004,GWS VFL,2025,GF,2.58,3.52,3.43,2.22,2.13,2.31,2.13,3.12,2.05,2.73,5.0,3.0,4.49,3.21,2.09,2.47,2.55,1.91,1.96,2.44
GWS Giants,6,Lachie Whitfield,1994-07-18,185.0,Defender,263,31yr 9mth,Dandenong Stingrays,2027.0,Unrestricted Free Agent,2012.0,National,1.0,1.0,3.14,L.Whitfield 18/7/1994,GWS,2025,GD,3.31,3.51,2.63,2.75,2.83,3.1,1.71,3.96,3.77,3.8,1.96,3.32,3.63,2.0,2.2,2.46,3.17,2.9,2.58,2.19
Hawthorn,10,Karl Amon,1995-08-19,181.0,Defender,200,30yr 8mth,Sandringham Dragons,2027.0,Non-Free Agent,2013.0,National,4.0,68.0,2.69,K.Amon 19/8/1995,HFC,2025,GD,2.88,3.16,1.97,2.27,2.71,2.33,2.25,3.45,2.87,3.17,2.72,3.88,2.17,1.83,1.91,2.46,2.69,2.59,1.79,1.86
Hawthorn,32,Cody Anderson,2006-01-30,183.0,Midfield,0,20yr 2mth,Eastern Ranges,2026.0,Non-Free Agent,2024.0,National,4.0,64.0,2.51,C.Anderson 30/1/2006,BH VFL,2025,M,2.67,2.38,2.33,2.52,2.95,2.93,2.79,1.95,2.04,2.36,2.97,2.27,1.92,2.65,2.35,2.47,2.84,2.55,1.59,2.07
Hawthorn,37,Tom Barrass,1995-10-08,197.0,Defender,181,30yr 6mth,Claremont,2028.0,Unrestricted Free Agent,2013.0,National,3.0,43.0,2.73,T.Barrass 8/10/1995,HFC,2025,KD,2.28,2.47,2.9,2.97,1.94,2.69,2.32,2.01,2.76,2.37,1.95,2.24,1.85,3.36,3.11,2.34,2.09,2.25,3.4,3.11
Hawthorn,24,Josh Battle,1998-09-01,193.0,Defender,155,27yr 7mth,Dandenong Stingrays,2030.0,Non-Free Agent,2016.0,National,2.0,39.0,2.57,J.Battle 1/9/1998,HFC,2025,KD,3.14,3.39,1.92,2.44,2.33,3.28,2.14,4.01,3.85,3.08,2.16,4.03,2.11,1.82,1.9,2.28,3.21,3.08,2.87,1.78
Hawthorn,36,James Blanck,2000-11-20,196.0,Defender,24,25yr 4mth,Box Hill Hawks,2026.0,Non-Free Agent,2022.0,Mid-Season,2.0,20.0,2.42,J.Blanck 20/11/2000,BH VFL,2025,KD,2.29,2.24,2.45,2.54,2.06,2.5,3.45,1.6,2.31,2.26,2.04,2.03,1.74,2.98,2.35,2.44,2.25,2.17,2.61,2.69
Hawthorn,30,Sam Butler,2003-02-10,184.0,MidfieldForward,31,23yr 2mth,GWV Rebels,2027.0,Non-Free Agent,2021.0,National,2.0,23.0,1.84,S.Butler 10/2/2003,HFC,2025,M,1.26,1.86,1.79,2.84,1.38,1.11,1.34,1.21,1.91,1.58,2.67,1.5,2.03,1.83,1.29,2.41,2.98,3.28,0.77,2.58
Hawthorn,18,Mabior Chol,1997-01-29,200.0,Forward,113,29yr 2mth,Aspley,2027.0,Unrestricted Free Agent,2018.0,Rookie,3.0,45.0,2.84,M.Chol 29/1/1997,HFC,2025,KF,3.0,2.75,2.74,3.11,3.79,2.8,2.84,2.59,2.23,2.71,2.92,2.6,2.66,2.92,2.32,2.81,3.37,3.61,1.86,2.78
Hawthorn,16,Massimo D'Ambrosio,2003-06-05,178.0,Midfield,72,22yr 10mth,Western Jets,2028.0,Non-Free Agent,2022.0,Mid-Season,1.0,3.0,2.64,M.D'Ambrosio 5/6/2003,HFC,2025,W,2.68,2.81,2.78,2.18,2.74,2.75,2.67,2.6,2.32,3.08,2.3,2.99,2.7,2.55,3.09,2.54,2.12,2.23,2.26,2.1
Hawthorn,34,Jack Dalton,2007-04-05,178.0,Midfield,1,19yr,Sandringham Dragons,2027.0,Unknown,2025.0,National,2.0,34.0,,,,,,,,,,,,,,,,,,,,,,,,,
Hawthorn,12,Will Day,2001-06-05,191.0,Midfield,76,24yr 10mth,West Adelaide,2027.0,Restricted Free Agent,2019.0,National,1.0,13.0,3.16,W.Day 5/6/2001,HFC,2025,M,3.03,2.82,4.09,3.2,3.29,3.65,3.34,1.85,2.85,2.41,3.66,2.65,2.17,4.97,5.0,2.41,2.88,2.81,4.22,5.0
Hawthorn,13,Calsher Dear,2005-08-04,195.0,Forward,27,20yr 8mth,Sandringham Dragons,2026.0,Non-Free Agent,2023.0,National,4.0,56.0,2.15,C.Dear 4/8/2005,HFC,2025,KF,2.02,2.1,2.15,2.61,1.88,2.0,2.51,1.9,2.15,2.04,2.23,1.76,1.37,2.75,2.26,2.02,2.63,2.5,2.55,2.84
Hawthorn,33,Jack Ginnivan,2002-12-09,185.0,Forward,96,23yr 4mth,Bendigo Pioneers,2027.0,Non-Free Agent,2020.0,Rookie,1.0,13.0,2.97,J.Ginnivan 9/12/2002,HFC,2025,GF,3.61,3.11,2.25,2.34,3.05,3.6,2.29,4.24,3.41,2.91,2.97,3.61,2.41,2.0,2.51,2.48,2.22,2.12,3.37,2.53
Hawthorn,35,Ollie Greeves,2007-02-07,192.0,Midfield,0,19yr 2mth,Eastern Ranges,2026.0,Unknown,2025.0,Rookie,1.0,12.0,,,,,,,,,,,,,,,,,,,,,,,,,
Hawthorn,19,Jack Gunston,1991-10-16,193.0,Forward,288,34yr 6mth,Sandringham,2026.0,Unrestricted Free Agent,2009.0,National,2.0,29.0,3.04,J.Gunston 16/10/1991,HFC,2025,KF,2.87,3.97,2.41,2.06,1.91,2.46,3.24,4.19,2.6,3.28,4.83,3.19,4.12,1.74,1.97,1.89,2.16,2.15,1.7,2.04
Hawthorn,15,Blake Hardwick,1997-02-05,183.0,Defender,204,29yr 2mth,Eastern Ranges,2029.0,Unrestricted Free Agent,2015.0,National,3.0,44.0,2.67,B.Hardwick 5/2/1997,HFC,2025,GD,2.3,2.53,3.28,2.86,1.86,2.81,2.73,2.0,2.4,2.36,4.29,2.16,2.88,3.99,2.93,2.46,2.6,2.96,2.9,3.0
Hawthorn,41,Matt Hill,2004-01-01,187.0,Defender,0,22yr 3mth,Melbourne Storm,2026.0,Non-Free Agent,,,,,2.28,M.Hill 1/1/2004,BH VFL,2025,GF,2.15,2.35,2.44,2.17,2.09,2.2,3.84,1.72,2.25,2.2,2.56,2.34,1.66,3.16,2.17,2.47,2.6,2.04,2.09,1.56
Hawthorn,44,Henry Hustwaite,2004-07-20,195.0,Midfield,10,21yr 8mth,Dandenong Stingrays,2026.0,Non-Free Agent,2022.0,National,2.0,37.0,1.83,H.Hustwaite 20/7/2004,HFC,2025,M,1.69,1.71,1.73,2.31,1.79,1.52,2.11,1.48,2.69,1.5,1.35,1.22,1.84,1.83,1.29,2.53,2.42,2.35,1.38,2.62
Hawthorn,4,Jarman Impey,1995-07-09,178.0,Defender,227,30yr 9mth,Murray Bushrangers,2026.0,Restricted Free Agent,2013.0,National,2.0,21.0,2.73,J.Impey 9/7/1995,HFC,2025,GD,2.73,2.68,2.59,2.88,2.38,2.54,2.4,3.05,2.37,2.65,3.31,2.96,2.55,2.4,2.85,2.46,3.18,3.02,2.52,2.77
Hawthorn,31,Matthew LeRay,2007-02-22,188.0,Midfield,0,19yr 1mth,Central District,2027.0,Unknown,2025.0,National,4.0,56.0,,,,,,,,,,,,,,,,,,,,,,,,,
Hawthorn,2,Mitchell Lewis,1998-10-14,199.0,Forward,84,27yr 6mth,Calder Cannons,2026.0,Unrestricted Free Agent,2016.0,National,5.0,76.0,2.19,M.Lewis 14/10/1998,HFC,2025,KF,2.17,2.23,2.07,2.49,1.86,2.16,2.57,2.25,1.85,2.51,1.98,2.85,2.12,2.15,1.77,2.08,2.78,2.78,2.15,1.8
Hawthorn,9,Connor MacDonald,2003-01-13,185.0,Forward,96,23yr 3mth,Dandenong Stingrays,2029.0,Restricted Free Agent,2021.0,National,2.0,26.0,2.76,C.Macdonald 13/1/2003,HFC,2025,GF,2.88,2.91,2.28,2.82,2.48,2.41,2.02,3.64,3.35,2.88,2.65,3.17,2.5,1.99,2.55,2.45,2.79,2.98,3.32,2.16
Hawthorn,42,Bailey Macdonald,2004-08-04,182.0,Defender,8,21yr 8mth,Oakleigh Chargers,2026.0,Non-Free Agent,2022.0,National,3.0,51.0,2.51,B.Macdonald 4/8/2004,BH VFL,2025,GD,2.63,2.89,2.02,2.15,2.58,2.55,2.13,2.81,3.08,2.61,2.54,3.22,2.0,2.26,1.75,2.49,1.96,2.59,2.21,1.68
Hawthorn,28,Cameron Mackenzie,2004-01-21,188.0,Midfield,50,22yr 2mth,Sandringham Dragons,2026.0,Non-Free Agent,2022.0,National,1.0,7.0,2.2,C.Mackenzie 21/1/2004,HFC,2025,M,2.12,2.02,2.25,2.57,2.11,1.88,2.79,1.98,2.01,2.38,1.31,2.11,1.68,2.37,2.95,2.41,2.43,2.53,2.96,2.94
Hawthorn,20,Finn Maginness,2001-02-23,189.0,Forward,59,25yr 1mth,Sandringham Dragons,2027.0,Restricted Free Agent,2019.0,National,2.0,29.0,2.5,F.Maginness 23/2/2001,HFC,2025,GF,3.15,2.11,2.35,2.32,2.68,3.37,2.08,3.49,3.22,2.04,1.54,2.49,1.93,2.35,3.07,2.45,2.17,2.06,3.48,2.59
Hawthorn,27,William McCabe,2005-09-29,197.0,Defender,1,20yr 6mth,Tanunda,2026.0,Non-Free Agent,2023.0,National,1.0,19.0,2.42,W.McCabe 29/9/2005,BH VFL,2026,KF,1.96,2.8,2.39,2.33,1.78,1.44,1.65,3.06,3.46,2.9,2.56,2.96,3.56,1.95,2.04,2.06,2.72,2.07,2.5,2.09
Hawthorn,17,Lloyd Meek,1998-04-22,203.0,Ruck,83,27yr 11mth,Gwv Rebels,2029.0,Non-Free Agent,2017.0,National,4.0,69.0,2.76,L.Meek 22/4/1998,HFC,2025,R,2.86,2.58,2.88,2.61,3.04,2.69,2.59,3.02,2.89,2.45,2.69,2.28,2.54,2.64,2.11,3.58,3.3,3.02,2.1,2.21
Hawthorn,8,Dylan Moore,1999-08-04,177.0,Forward,132,26yr 8mth,Eastern Ranges,2030.0,Unrestricted Free Agent,2017.0,National,4.0,67.0,3.41,D.Moore 4/8/1999,HFC,2025,GF,4.08,3.31,2.61,3.38,4.15,4.23,2.41,4.35,4.38,3.5,2.6,3.43,3.11,2.27,2.48,2.45,3.4,3.48,2.47,3.66
Hawthorn,1,Harry Morrison,1998-11-12,184.0,Midfield,124,27yr 5mth,Murray Bushrangers,2026.0,Unrestricted Free Agent,2016.0,National,5.0,74.0,2.51,H.Morrison 12/11/1998,BH VFL,2026,M,2.28,2.67,3.09,2.25,1.72,2.36,2.47,2.87,2.74,3.26,1.65,2.55,3.51,1.95,4.93,2.49,1.96,2.37,2.5,2.68
Hawthorn,21,Noah Mraz,2006-02-20,198.0,Defender,0,20yr 1mth,Dandenong Stingrays,2028.0,Non-Free Agent,2024.0,National,2.0,35.0,2.82,N.Mraz 20/2/2006,BH VFL,2026,KD,3.08,2.94,2.95,2.52,2.42,3.23,2.61,3.57,3.94,2.33,2.16,2.19,2.24,3.78,2.5,2.46,2.33,2.09,2.5,2.72
Hawthorn,22,Cameron Nairn,2007-10-15,188.0,MidfieldForward,0,18yr 6mth,Central District,2028.0,Unknown,2025.0,National,1.0,20.0,,,,,,,,,,,,,,,,,,,,,,,,,
Hawthorn,11,Conor Nash,1998-07-28,198.0,Midfield,126,27yr 8mth,Dublin,2029.0,Unrestricted Free Agent,,,,,2.33,C.Nash 28/7/1998,HFC,2025,M,2.58,1.96,1.78,2.84,3.32,2.5,2.45,1.68,1.94,1.9,1.93,2.12,1.66,1.77,1.99,3.55,3.06,3.06,1.28,2.66
Hawthorn,3,Jai Newcombe,2001-08-02,187.0,Midfield,108,24yr 8mth,Box Hill,2032.0,Unrestricted Free Agent,2021.0,Mid-Season,1.0,2.0,2.94,J.Newcombe 2/8/2001,HFC,2025,M,3.22,2.65,3.07,2.77,3.67,3.37,2.86,2.68,3.15,2.42,2.47,2.62,2.43,3.15,3.99,2.41,2.87,2.72,2.44,2.93
Hawthorn,39,Flynn Perez,2001-08-25,188.0,Defender,27,24yr 7mth,Bendigo Pioneers,2026.0,Unrestricted Free Agent,2019.0,National,2.0,35.0,2.55,F.Perez 25/8/2001,BH VFL,2026,GD,2.31,3.01,2.61,2.12,1.64,1.76,1.63,3.05,2.94,3.32,2.05,3.05,3.48,1.75,2.6,2.48,1.69,1.76,2.5,2.73
Hawthorn,38,Max Ramsden,2003-04-19,203.0,Forward,9,23yr,Sandringham Dragons,2026.0,Non-Free Agent,2022.0,Mid-Season,1.0,6.0,2.8,M.Ramsden 19/4/2003,BH VFL,2026,KF,3.45,2.32,2.91,2.56,4.44,3.44,2.46,3.08,2.65,2.36,1.89,3.46,1.91,2.52,2.94,4.44,2.07,3.02,2.5,2.54
Hawthorn,7,Ned Reeves,1998-10-31,210.0,Ruck,48,27yr 5mth,Box Hill,2029.0,Unrestricted Free Agent,,,,,2.11,N.Reeves 31/10/1998,HFC,2024,R,1.71,1.99,2.34,2.28,1.74,1.57,1.97,1.6,2.36,1.96,1.95,1.68,2.07,2.74,2.45,2.08,2.19,2.18,2.23,2.42
Hawthorn,26,Bodie Ryan,2005-04-20,187.0,Defender,0,20yr 11mth,Glenelg,2026.0,Non-Free Agent,2023.0,National,3.0,46.0,3.15,B.Ryan 20/4/2005,BH VFL,2026,GD,3.1,3.06,3.84,2.91,2.18,3.59,3.61,2.97,2.74,3.68,2.05,3.01,3.79,4.28,3.39,2.48,2.24,3.11,2.5,3.96
Hawthorn,29,Aidan Schubert,2007-12-21,198.0,ForwardRuck,0,18yr 3mth,Central District,2028.0,Non-Free Agent,2025.0,National,1.0,23.0,,,,,,,,,,,,,,,,,,,,,,,,,
Hawthorn,14,Jack Scrimshaw,1998-09-04,194.0,Defender,127,27yr 7mth,Sandringham Dragons,2027.0,Restricted Free Agent,2016.0,National,1.0,7.0,2.71,J.Scrimshaw 4/9/1998,HFC,2025,GD,2.17,2.35,3.94,3.0,1.87,2.39,3.05,1.92,2.71,2.27,1.83,2.11,2.52,5.0,4.31,2.46,2.89,2.84,3.8,2.4
Hawthorn,6,James Sicily,1995-01-06,188.0,Defender,185,31yr 3mth,Western Jets,2027.0,Unrestricted Free Agent,2013.0,National,3.0,56.0,3.13,J.Sicily 6/1/1995,HFC,2025,GD,2.68,2.83,4.56,3.15,1.91,3.27,2.14,2.67,2.96,2.5,3.44,2.87,3.43,5.0,5.0,2.46,1.85,2.12,4.7,4.38
Hawthorn,43,Jaime Uhr-Henry,2003-03-12,209.0,Ruck,0,23yr 1mth,Dandenong Rangers,2026.0,Non-Free Agent,,,,,,,,,,,,,,,,,,,,,,,,,,,,,
Hawthorn,25,Josh Ward,2003-08-15,183.0,Midfield,73,22yr 8mth,Northern Knights,2029.0,Restricted Free Agent,2021.0,National,1.0,7.0,2.37,J.Ward 15/8/2003,HFC,2025,M,2.31,2.58,2.07,2.37,2.07,2.03,2.49,2.82,2.85,2.84,1.68,2.67,2.38,1.81,2.1,2.41,2.29,2.39,3.28,1.66
Hawthorn,5,Nick Watson,2005-02-24,170.0,Forward,49,21yr 1mth,Eastern Ranges,2029.0,Non-Free Agent,2023.0,National,1.0,5.0,2.64,N.Watson 24/2/2005,HFC,2025,GF,2.66,3.0,2.18,2.39,2.15,3.19,3.1,2.4,3.05,2.56,3.54,2.68,2.09,2.24,2.23,2.45,2.19,2.18,3.35,2.81
Hawthorn,23,Joshua Weddle,2004-05-25,191.0,DefenderMidfield,66,21yr 10mth,Oakleigh Chargers,2030.0,Restricted Free Agent,2022.0,National,1.0,18.0,2.96,J.Weddle 25/5/2004,HFC,2025,GD,2.83,2.75,3.79,2.88,2.35,3.56,3.04,2.45,3.09,1.77,4.98,2.73,2.72,5.0,3.5,3.78,2.37,2.53,3.17,3.69
Melbourne,26,Jed Adams,2004-05-14,196.0,Defender,1,21yr 11mth,Peel Thunder,2026.0,Non-Free Agent,2022.0,National,2.0,38.0,2.56,J.Adams 14/5/2004,CSY VFL,2026,KD,2.28,2.27,2.55,2.84,1.83,2.86,2.44,1.83,1.95,2.64,2.16,2.18,2.11,2.38,3.06,2.46,3.41,2.56,3.5,2.37
Melbourne,38,Oscar Berry,,196.0,Defender,0,,North Florida Ospreys,2027.0,Unknown,,,,,,,,,,,,,,,,,,,,,,,,,,,,,
Melbourne,17,Jake Bowey,2002-09-12,175.0,Defender,84,23yr 7mth,Sandringham Dragons,2028.0,Restricted Free Agent,2020.0,National,1.0,21.0,2.94,J.Bowey 12/9/2002,MFC,2025,GD,3.53,2.99,2.15,2.76,3.74,3.69,2.99,3.48,2.99,3.34,2.28,2.73,2.55,1.82,2.07,2.46,3.0,3.15,2.84,1.75
Melbourne,29,Tom Campbell,1991-11-02,201.0,Ruck,58,34yr 5mth,Bendigo Bombers,2026.0,Unrestricted Free Agent,2012.0,National,6.0,98.0,3.4,T.Campbell 2/11/1991,SAN VFL,2024,R,3.62,2.91,3.81,2.85,3.85,3.88,3.2,3.42,3.01,2.57,2.67,3.39,3.59,3.77,4.65,3.37,1.84,3.42,3.79,2.47
Melbourne,37,Kade Chandler,2000-01-13,175.0,Forward,85,26yr 3mth,Norwood,2026.0,Restricted Free Agent,2018.0,Rookie,1.0,15.0,3.02,K.Chandler 13/1/2000,MFC,2025,GF,3.35,2.84,2.56,3.42,3.47,2.97,2.97,3.67,3.39,3.06,2.32,3.0,3.09,1.99,2.91,2.45,3.35,3.63,3.98,2.67
Melbourne,41,Paddy Cross,2003-02-14,181.0,Forward,1,23yr 2mth,Casey VFL,2026.0,Unknown,,,,,2.83,P.Cross 14/2/2003,CSY VFL,2026,GF,2.26,2.26,3.93,3.8,2.31,2.44,1.95,2.18,3.13,2.03,2.06,2.38,4.53,3.02,4.95,2.48,3.87,3.93,3.84,3.24
Melbourne,13,Jai Culley,2003-02-24,194.0,Midfield,22,23yr 1mth,Dandenong Stingrays,2028.0,Unrestricted Free Agent,2022.0,Mid-Season,1.0,1.0,2.89,J.Culley 24/2/2003,MFC,2025,W,3.05,2.79,3.83,2.13,4.21,2.76,3.69,2.54,2.63,2.73,3.82,2.36,2.41,5.0,5.0,2.54,2.62,2.2,1.42,2.46
Melbourne,31,Bayley Fritsch,1996-12-06,188.0,Forward,176,29yr 4mth,Casey Demons,2026.0,Restricted Free Agent,2017.0,National,2.0,31.0,3.03,B.Fritsch 6/12/1996,MFC,2025,GF,2.39,3.3,4.08,2.29,1.55,2.5,2.15,2.78,2.64,3.01,4.05,2.89,3.69,4.72,3.33,2.45,2.07,1.98,2.47,3.54
Melbourne,11,Max Gawn,1991-12-30,209.0,Ruck,253,34yr 3mth,Sandringham Dragons,2027.0,Unrestricted Free Agent,2009.0,National,3.0,34.0,3.66,M.Gawn 30/12/1991,MFC,2025,R,3.59,3.19,4.29,2.88,4.14,4.51,1.92,3.35,2.98,3.59,2.69,3.5,4.01,4.92,5.0,3.46,1.84,1.97,4.61,3.13
Melbourne,27,Max Heath,2002-10-24,204.0,ForwardRuck,5,23yr 5mth,Sandringham Dragons,2028.0,Non-Free Agent,2021.0,Mid-Season,1.0,7.0,3.06,M.Heath 24/10/2002,CSY VFL,2026,R,3.31,2.3,3.68,2.34,3.98,4.19,1.78,2.87,2.33,2.16,2.33,2.39,2.96,2.21,5.0,3.93,2.51,2.57,2.5,2.0
Melbourne,43,Jack Henderson,1999-10-01,176.0,Forward,5,26yr 6mth,Werribee,2026.0,Non-Free Agent,,,,,3.0,J.Henderson 1/10/1999,CSY VFL,2026,GF,3.96,2.68,2.36,2.7,4.97,4.13,2.98,3.58,4.6,3.22,1.43,2.43,2.56,1.93,2.98,2.48,2.21,3.44,2.5,2.02
Melbourne,22,Blake Howes,2003-04-07,191.0,Defender,34,23yr,Sandringham Dragons,2027.0,Non-Free Agent,2021.0,National,2.0,39.0,2.1,B.Howes 7/4/2003,MFC,2025,GD,1.85,2.22,1.8,2.36,1.6,1.74,1.94,1.99,2.93,2.06,1.74,1.51,2.18,1.85,1.29,2.46,2.29,2.59,1.71,2.9
Melbourne,21,Matthew Jefferson,2004-03-08,195.0,Forward,8,22yr 1mth,Oakleigh Chargers,2026.0,Non-Free Agent,2022.0,National,1.0,15.0,1.63,M.Jefferson 8/3/2004,MFC,2025,KF,1.67,1.47,1.68,1.99,2.03,1.36,2.21,1.41,1.18,1.4,1.52,1.63,1.67,1.51,1.77,1.87,1.88,2.22,2.28,1.56
Melbourne,14,Changkuoth Jiath,1999-06-13,185.0,Defender,79,26yr 10mth,Ethiopia,2028.0,Non-Free Agent,,,,,2.61,C.Jiath 13/6/1999,HFC,2025,GD,2.95,2.61,1.98,2.65,3.02,3.02,2.71,2.94,2.91,2.45,2.03,2.66,1.78,1.52,2.74,2.46,2.43,2.27,3.17,2.86
Melbourne,42,Aidan Johnson,2000-03-09,193.0,Forward,5,26yr 1mth,Werribee,2026.0,Non-Free Agent,2024.0,National,5.0,68.0,1.97,A.Johnson 9/3/2000,MFC,2025,KF,2.36,1.43,1.72,3.6,3.88,1.76,2.73,1.45,1.46,1.17,1.57,1.4,0.51,1.62,1.77,3.06,4.16,3.59,2.36,3.7
Melbourne,44,Luker Kentfield,2005-09-10,194.0,Forward,0,20yr 7mth,Subiaco,2026.0,Non-Free Agent,2024.0,Mid-Season,1.0,11.0,2.36,L.Kentfield 10/9/2005,CSY VFL,2026,KD,2.42,2.29,2.29,2.41,3.81,1.98,3.39,1.54,1.99,1.96,5.0,1.83,2.03,3.32,1.29,3.41,2.6,4.49,2.5,1.62
Melbourne,15,Ed Langdon,1996-02-01,182.0,MidfieldForward,208,30yr 2mth,Sandringham Dragons,2028.0,Restricted Free Agent,2014.0,National,3.0,54.0,2.28,E.Langdon 1/2/1996,MFC,2025,M,1.82,2.67,2.88,2.07,1.24,1.58,1.94,2.81,2.65,2.99,2.26,2.54,3.72,2.16,3.05,2.41,1.91,1.95,3.05,2.18
Melbourne,4,Harvey Langford,2006-03-15,191.0,Midfield,28,20yr 1mth,Dandenong Stingrays,2029.0,Non-Free Agent,2024.0,National,1.0,6.0,2.93,H.Langford 15/3/2006,MFC,2025,W,3.32,3.13,2.32,2.44,3.11,3.2,3.13,3.57,2.82,3.03,3.58,3.06,2.49,2.52,1.9,2.54,1.89,2.2,2.41,2.99
Melbourne,16,Bailey Laurie,2002-03-24,179.0,Forward,14,24yr,Oakleigh Chargers,2026.0,Non-Free Agent,2020.0,National,1.0,22.0,1.64,B.Laurie 24/3/2002,MFC,2024,M,1.79,1.56,1.84,1.37,1.4,1.78,3.18,1.51,1.48,1.58,1.25,1.96,2.19,1.8,1.33,2.41,1.44,1.52,0.27,1.58
Melbourne,8,Jake Lever,1996-03-05,194.0,Defender,192,30yr 1mth,Calder Cannons,2028.0,Unrestricted Free Agent,2014.0,National,1.0,14.0,2.63,J.Lever 5/3/1996,MFC,2025,GD,1.87,2.33,3.82,3.09,1.54,2.01,2.24,1.81,2.8,2.64,1.74,1.29,3.63,3.09,4.9,2.46,1.74,2.24,4.57,4.21
Melbourne,5,Xavier Lindsay,2006-08-03,183.0,DefenderMidfield,23,19yr 8mth,Gippsland Power,2027.0,Non-Free Agent,2024.0,National,1.0,11.0,2.11,X.Lindsay 3/8/2006,MFC,2025,W,2.0,2.14,2.15,2.22,1.92,1.79,3.07,1.92,2.38,2.67,2.05,1.72,2.38,2.01,1.87,2.54,2.34,2.21,2.33,2.04
Melbourne,20,Thomas Matthews,2007-02-28,171.0,Forward,0,19yr 1mth,Gippsland Power,2027.0,Unknown,2025.0,National,2.0,30.0,,,,,,,,,,,,,,,,,,,,,,,,,
Melbourne,1,Steven May,1992-01-10,193.0,Defender,251,34yr 3mth,Southern Districts,2026.0,Restricted Free Agent,,,,,,,,,,,,,,,,,,,,,,,,,,,,,
Melbourne,23,Shane McAdam,1995-05-28,186.0,Forward,53,30yr 10mth,Sturt,2026.0,Non-Free Agent,,,,,1.98,S.McAdam 28/5/1995,MFC,2024,GF,1.64,1.66,2.91,2.16,2.07,1.12,1.28,1.89,2.36,1.41,1.51,1.9,3.63,2.94,1.6,2.44,1.93,2.77,0.87,1.95
Melbourne,25,Tom McDonald,1992-09-18,195.0,Defender,252,33yr 7mth,North Ballarat,2026.0,Unrestricted Free Agent,2010.0,National,3.0,53.0,2.86,T.McDonald 18/9/1992,MFC,2025,KD,2.9,3.0,2.61,2.98,2.0,3.05,2.17,3.7,3.08,3.17,2.33,2.71,2.86,2.13,2.96,2.34,2.39,1.93,3.3,3.25
Melbourne,18,Jake Melksham,1991-08-29,186.0,Forward,250,34yr 7mth,Calder Cannons,2026.0,Unrestricted Free Agent,2009.0,National,1.0,10.0,2.68,J.Melksham 29/8/1991,MFC,2025,KF,2.63,3.18,2.26,2.31,1.99,2.76,3.18,2.74,2.39,3.19,3.15,3.8,2.76,2.38,1.77,1.89,2.42,2.69,1.47,2.12
Melbourne,39,Ricky Mentha,2006-09-04,178.0,DefenderForward,0,19yr 7mth,Gippsland Power,2026.0,Non-Free Agent,,,,,2.6,R.Mentha 4/9/2006,CSY VFL,2026,GF,2.52,2.53,2.66,2.84,1.94,2.23,1.76,3.22,3.18,3.42,1.41,2.41,2.94,1.86,3.98,2.48,2.68,3.24,2.5,2.34
Melbourne,28,Brody Mihocek,1993-02-04,192.0,Forward,165,33yr 2mth,Port Melbourne,2027.0,Non-Free Agent,2017.0,Rookie,2.0,22.0,2.6,B.Mihocek 4/2/1993,COFC,2025,KF,2.47,2.65,2.55,2.89,1.95,2.78,2.67,2.43,2.14,2.48,2.9,2.45,2.9,2.33,3.09,2.17,3.46,3.13,2.54,1.86
Melbourne,45,Andy Moniz-Wakefield,2003-10-26,182.0,Defender,6,22yr 5mth,NT Thunder,2026.0,Non-Free Agent,,,,,2.63,A.Moniz-Wakefield 26/10/2003,CSY VFL,2026,GD,3.04,2.65,2.25,2.42,2.95,2.9,2.62,3.25,2.31,2.68,2.05,3.48,2.89,1.65,2.19,2.48,1.69,3.23,2.5,2.01
Melbourne,40,Riley Onley,2000-01-01,,Midfield,0,26yr 3mth,Murray Bushrangers,2026.0,Unknown,2025.0,Rookie,1.0,3.0,,,,,,,,,,,,,,,,,,,,,,,,,
Melbourne,35,Harrison Petty,1999-11-12,197.0,DefenderForward,107,26yr 5mth,Norwood,2027.0,Unrestricted Free Agent,2017.0,National,2.0,37.0,2.59,H.Petty 12/11/1999,MFC,2025,KF,2.31,2.44,2.86,3.03,1.94,2.57,2.58,2.13,3.06,2.78,2.06,2.72,2.63,2.66,4.87,2.17,2.52,2.52,5.0,3.1
Melbourne,36,Kysaiah Pickett,2001-06-02,171.0,MidfieldForward,132,24yr 10mth,Woodville West Torrens,2034.0,Unrestricted Free Agent,2019.0,National,1.0,12.0,2.58,K.Pickett 2/6/2001,MFC,2025,M,2.35,3.0,2.63,2.33,2.15,2.3,2.88,2.35,1.59,2.78,5.0,3.01,2.52,3.08,1.8,2.41,2.41,2.42,1.88,2.09
Melbourne,33,Latrelle Pickett,2005-12-28,182.0,Forward,6,20yr 3mth,Glenelg,2028.0,Unknown,2025.0,National,1.0,12.0,3.28,L.Pickett 28/12/2005,NRWD SA U18,2023,GF,3.41,3.61,2.99,2.65,1.43,3.61,3.96,4.12,2.9,3.45,4.0,3.81,2.61,3.22,3.13,2.44,2.8,2.45,4.15,1.83
Melbourne,24,Trent Rivers,2001-07-30,188.0,Defender,125,24yr 8mth,East Fremantle,2027.0,Restricted Free Agent,2019.0,National,2.0,32.0,2.92,T.Rivers 30/7/2001,MFC,2025,GD,3.61,2.86,2.3,2.7,4.47,3.78,2.39,3.48,2.94,2.54,3.45,2.99,2.7,2.11,2.07,2.46,3.37,2.74,2.17,2.45
Melbourne,3,Christian Salem,1995-07-15,184.0,Defender,204,30yr 9mth,Sandringham Dragons,2026.0,Unrestricted Free Agent,2013.0,National,1.0,9.0,2.85,C.Salem 15/7/1995,MFC,2025,GD,2.89,3.1,3.0,2.36,2.76,2.35,1.86,3.52,2.91,3.68,2.12,2.9,3.92,2.61,2.4,2.46,2.66,2.75,2.13,1.68
Melbourne,30,Harry Sharp,2002-12-17,182.0,Forward,40,23yr 4mth,Gwv Rebels,2027.0,Non-Free Agent,2020.0,National,3.0,43.0,2.06,H.Sharp 17/12/2002,MFC,2025,GF,1.75,2.08,2.33,2.25,1.36,1.35,1.8,2.24,1.84,2.26,1.91,2.3,2.58,1.75,3.22,2.45,1.78,2.05,2.94,3.41
Melbourne,32,Tom Sparrow,2000-05-31,183.0,MidfieldForward,123,25yr 10mth,South Adelaide,2026.0,Restricted Free Agent,2018.0,National,2.0,27.0,2.8,T.Sparrow 31/5/2000,MFC,2025,GF,2.75,2.41,3.02,3.54,2.87,2.5,2.44,2.94,2.74,2.89,1.75,2.48,2.84,2.76,3.91,2.45,3.87,3.49,3.52,2.93
Melbourne,9,Jack Steele,1995-12-13,187.0,Midfield,208,30yr 4mth,Belconnen,2028.0,Non-Free Agent,2014.0,National,2.0,24.0,2.93,J.Steele 13/12/1995,SKFC,2025,M,2.89,2.54,2.44,3.94,3.2,3.09,2.07,2.76,3.27,2.45,1.9,2.43,3.07,2.22,1.8,2.41,4.45,4.32,2.26,2.03
Melbourne,19,Xavier Taylor,2007-01-30,192.0,Defender,1,19yr 2mth,Eastern Ranges,2028.0,Unknown,2025.0,National,1.0,11.0,,,,,,,,,,,,,,,,,,,,,,,,,
Melbourne,12,Koltyn Tholstrup,2005-06-28,186.0,DefenderForward,25,20yr 9mth,Subiaco,2028.0,Non-Free Agent,2023.0,National,1.0,13.0,2.13,K.Tholstrup 28/6/2005,MFC,2025,GF,1.85,1.89,2.54,2.72,2.04,2.04,2.9,1.36,2.17,2.12,1.64,1.64,1.58,3.66,1.67,2.45,2.76,2.43,2.3,3.69
Melbourne,10,Daniel Turner,2002-01-28,194.0,Defender,42,24yr 2mth,Murray Bushrangers,2030.0,Unrestricted Free Agent,2021.0,Mid-Season,2.0,22.0,2.81,D.Turner 28/1/2002,MFC,2025,KD,2.82,2.8,3.46,2.25,2.58,2.76,3.58,2.69,2.48,2.7,4.48,2.81,3.35,3.45,3.54,2.36,2.46,2.38,2.59,1.93
Melbourne,2,Jacob Van Rooyen,2003-04-16,193.0,Forward,63,23yr,Claremont,2029.0,Restricted Free Agent,2021.0,National,1.0,19.0,2.65,J.van Rooyen 16/4/2003,MFC,2025,KF,3.11,2.49,2.32,3.09,3.79,3.21,1.99,2.96,4.26,2.56,2.01,2.76,1.78,2.0,2.32,3.29,3.37,3.51,2.14,2.67
Melbourne,7,Jack Viney,1994-04-13,179.0,Midfield,237,32yr,Oakleigh Chargers,2028.0,Unrestricted Free Agent,2012.0,National,2.0,26.0,2.66,J.Viney 13/4/1994,MFC,2025,M,2.83,2.09,2.35,3.44,2.93,3.26,2.34,2.55,2.02,2.03,2.07,2.28,2.0,2.49,2.65,2.41,3.43,3.79,3.13,2.39
Melbourne,34,Kalani White,2007-05-05,201.0,ForwardRuck,0,18yr 11mth,Casey Demons,2026.0,Non-Free Agent,,,,,,,,,,,,,,,,,,,,,,,,,,,,,
Melbourne,6,Caleb Windsor,2005-06-09,185.0,DefenderMidfield,42,20yr 10mth,Eastern Ranges,2028.0,Non-Free Agent,2023.0,National,1.0,7.0,2.16,C.Windsor 9/6/2005,MFC,2025,GD,2.65,2.09,1.76,1.99,3.16,2.18,2.43,2.83,1.82,1.65,3.19,2.8,1.8,1.87,1.58,2.46,2.38,2.34,1.08,2.1
North Melbourne,34,Jackson Archer,2003-01-09,187.0,Defender,26,23yr 3mth,Northern Knights,2028.0,Non-Free Agent,2021.0,National,4.0,59.0,1.72,J.Archer 9/1/2003,NMFC,2025,GD,1.53,1.99,1.3,1.81,1.43,1.4,2.81,1.37,2.28,2.08,1.74,1.44,0.47,1.61,1.9,2.46,1.23,1.52,2.35,2.29
North Melbourne,45,Zac Banch,2003-07-21,175.0,Forward,6,22yr 8mth,Werribee,2026.0,Non-Free Agent,2025.0,Mid-Season,1.0,2.0,1.99,Z.Banch 21/1/2003,NMFC,2025,GF,2.03,1.86,2.55,1.44,1.45,2.56,2.05,1.92,3.15,1.55,1.59,1.93,2.46,3.02,1.67,2.45,1.17,1.41,1.71,1.94
North Melbourne,39,Tom Blamires,2002-08-13,181.0,DefenderMidfield,6,23yr 8mth,Frankston VFL,2026.0,Unknown,,,,,2.08,T.Blamires 13/8/2002,SAN VFL,2024,M,2.02,2.14,2.0,2.18,1.66,2.03,2.27,2.35,1.67,2.48,1.9,2.35,1.97,1.84,2.41,2.47,1.62,2.08,3.82,3.14
North Melbourne,21,Callum Coleman-Jones,1999-06-13,200.0,Ruck,36,26yr 10mth,Sturt,2026.0,Non-Free Agent,2017.0,National,2.0,20.0,1.95,C.Coleman-Jones 13/6/1999,NMFC,2024,KF,1.96,1.43,2.62,1.81,2.1,2.02,1.62,1.93,2.81,2.32,0.57,1.87,1.8,2.41,3.46,3.22,1.81,1.6,3.37,1.01
North Melbourne,30,Charlie Comben,2001-07-20,199.0,Defender,54,24yr 8mth,Gippsland Power,2027.0,Restricted Free Agent,2019.0,National,2.0,31.0,2.74,C.Comben 20/7/2001,NMFC,2025,KD,2.59,2.67,3.16,2.5,1.87,2.61,3.11,2.77,2.84,2.59,2.61,2.41,2.63,2.99,3.73,2.34,2.12,1.42,3.18,2.48
North Melbourne,4,Aidan Corr,1994-05-17,195.0,Defender,176,31yr 11mth,Northern Knights,2026.0,Unrestricted Free Agent,2012.0,National,1.0,14.0,1.98,A.Corr 17/5/1994,NMFC,2025,KD,2.37,2.63,1.27,2.1,2.05,2.22,1.9,2.99,2.08,3.34,2.18,2.42,1.74,0.96,1.29,2.34,3.05,3.14,1.67,1.83
North Melbourne,25,Paul Curtis,2003-03-04,185.0,Forward,84,23yr 1mth,Western Jets,2028.0,Non-Free Agent,2021.0,National,2.0,35.0,3.22,P.Curtis 4/3/2003,NMFC,2025,GF,2.63,3.16,3.92,3.64,2.23,3.3,2.84,2.27,1.94,2.63,4.49,2.5,3.44,4.62,3.17,2.45,4.04,3.88,2.82,2.64
North Melbourne,5,Caleb Daniel,1996-07-07,171.0,Defender,221,29yr 9mth,South Adelaide,2028.0,Unrestricted Free Agent,2014.0,National,3.0,46.0,2.66,C.Daniel 7/7/1996,NMFC,2025,GD,3.0,3.3,1.55,2.1,3.02,2.58,2.08,3.48,3.95,3.27,1.74,2.98,1.61,1.68,1.33,2.46,2.39,2.37,2.02,1.44
North Melbourne,27,Jack Darling,1992-06-13,191.0,Forward,325,33yr 10mth,West Perth,2027.0,Unrestricted Free Agent,,,,,2.72,J.Darling 13/6/1992,NMFC,2025,KF,3.27,2.39,2.69,2.62,4.23,3.37,2.91,2.38,2.73,2.75,2.08,2.6,2.36,2.99,2.49,2.73,2.95,3.0,1.79,2.08
North Melbourne,9,Luke Davies-Uniacke,1999-06-08,188.0,Midfield,136,26yr 10mth,Dandenong Stingrays,2032.0,Unrestricted Free Agent,2017.0,National,1.0,4.0,2.92,L.Davies-Uniacke 8/6/1999,NMFC,2025,M,3.36,2.82,2.57,2.58,3.63,3.1,3.27,3.29,3.09,2.83,2.38,2.89,2.54,2.15,3.59,2.41,2.49,2.55,3.27,2.4
North Melbourne,18,Wil Dawson,2005-12-20,200.0,Defender,8,20yr 3mth,Gipplands Power,2026.0,Non-Free Agent,2023.0,National,1.0,22.0,2.72,W.Dawson 20/12/2005,NM VFL,2026,KD,3.74,2.2,2.04,2.94,5.0,3.57,3.43,2.91,2.88,1.55,2.16,2.12,1.4,2.18,2.33,3.3,3.95,4.59,2.5,2.46
North Melbourne,1,Lachy Dovaston,2007-05-29,178.0,Forward,4,18yr 10mth,Eastern Ranges,2028.0,Unknown,2025.0,National,1.0,16.0,,,,,,,,,,,,,,,,,,,,,,,,,
North Melbourne,7,Zane Duursma,2005-08-28,190.0,DefenderForward,29,20yr 7mth,Gippsland Power,2026.0,Non-Free Agent,2023.0,National,1.0,4.0,2.06,Z.Duursma 28/8/2005,NMFC,2025,GF,1.72,2.12,3.29,1.0,1.79,1.32,1.85,1.95,2.38,2.38,1.76,2.08,2.99,3.52,3.31,2.45,0.19,0.79,2.52,2.45
North Melbourne,16,Zac Fisher,1998-06-15,175.0,Forward,132,27yr 10mth,Perth,2027.0,Non-Free Agent,2016.0,National,2.0,27.0,3.18,Z.Fisher 15/6/1998,NM VFL,2026,GF,3.74,3.32,2.55,2.57,2.61,3.08,3.17,4.93,4.73,3.5,2.31,3.88,3.69,1.93,1.97,2.48,2.68,2.05,2.5,3.75
North Melbourne,33,Brayden George,2004-01-13,187.0,Forward,0,22yr 3mth,Murray Bushrangers,2026.0,Non-Free Agent,2022.0,National,2.0,26.0,2.63,B.George 13/1/2004,NM VFL,2026,GF,2.33,2.97,2.44,2.71,2.15,2.41,2.95,2.2,3.04,2.21,3.96,2.39,3.36,1.93,1.97,2.48,1.74,3.68,2.5,2.51
North Melbourne,22,Taylor Goad,2005-04-28,207.0,Ruck,0,20yr 11mth,South Adelaide,2028.0,Non-Free Agent,2023.0,National,1.0,20.0,,,,,,,,,,,,,,,,,,,,,,,,,
North Melbourne,31,Josh Goater,2003-06-02,190.0,Defender,12,22yr 10mth,Calder Cannons,2026.0,Non-Free Agent,2021.0,National,2.0,22.0,2.64,J.Goater 2/6/2003,NM VFL,2023,GD,2.4,2.41,4.34,2.18,2.34,2.26,2.79,2.43,1.97,3.06,1.86,2.32,3.46,5.0,4.6,2.47,1.88,1.57,2.94,2.52
North Melbourne,46,Robert Hansen,2004-03-13,182.0,MidfieldForward,20,22yr 1mth,Subiaco,2026.0,Non-Free Agent,2023.0,Mid-Season,1.0,2.0,,,,,,,,,,,,,,,,,,,,,,,,,
North Melbourne,17,Riley Hardeman,2005-02-27,184.0,Defender,20,21yr 1mth,Swan Districts,2026.0,Non-Free Agent,2023.0,National,1.0,23.0,2.58,R.Hardeman 27/2/2005,NM VFL,2026,GD,2.7,2.63,2.32,2.56,2.65,2.61,3.64,2.58,2.92,2.7,2.05,2.28,1.93,2.82,2.18,2.48,2.24,2.04,2.5,3.81
North Melbourne,37,Cooper Harvey,2004-07-12,180.0,Forward,10,21yr 9mth,Northern Knights,2026.0,Non-Free Agent,2022.0,National,4.0,56.0,2.82,C.Harvey 12/7/2004,NM VFL,2026,GF,2.88,2.64,3.39,2.37,2.08,2.4,2.07,3.84,3.92,3.08,1.41,3.23,3.1,2.68,5.0,2.48,1.74,2.36,2.5,3.75
North Melbourne,41,Jacob Konstanty,2004-11-09,177.0,Forward,25,21yr 5mth,Gippsland Power,2028.0,Non-Free Agent,2022.0,National,1.0,20.0,3.14,J.Konstanty 9/11/2004,NM VFL,2026,GF,3.23,3.55,2.48,2.89,2.56,3.3,2.31,3.75,3.63,3.67,3.53,3.23,2.76,1.82,3.48,2.48,2.44,3.7,2.5,2.02
North Melbourne,20,Nick Larkey,1998-06-06,198.0,Forward,140,27yr 10mth,Oakleigh Chargers,2029.0,Unrestricted Free Agent,2016.0,National,5.0,73.0,2.79,N.Larkey 6/6/1998,NMFC,2025,KF,2.61,3.31,2.62,1.95,1.84,2.89,2.98,2.78,3.06,3.23,3.7,2.31,3.24,3.0,2.02,1.84,1.9,1.78,1.49,2.67
North Melbourne,19,Griffin Logue,1998-04-13,193.0,Defender,101,28yr,Swan Districts,2027.0,Non-Free Agent,2016.0,National,1.0,8.0,2.58,G.Logue 13/4/1998,NMFC,2025,KD,2.82,3.13,2.07,2.63,4.0,2.55,2.4,2.57,4.34,2.35,2.35,2.23,2.19,1.84,2.25,2.14,2.45,2.66,2.17,2.97
North Melbourne,11,Luke McDonald,1995-02-09,189.0,Defender,224,31yr 2mth,Werribee,2026.0,Unrestricted Free Agent,2013.0,National,1.0,8.0,2.52,L.McDonald 9/2/1995,NMFC,2025,GD,2.36,2.58,2.4,2.68,1.86,2.64,2.8,2.24,2.94,2.64,1.74,2.25,2.46,2.51,2.19,2.46,2.32,2.55,2.7,3.29
North Melbourne,10,Colby McKercher,2005-04-12,182.0,Defender,45,21yr,Tasmania Devils,2028.0,Non-Free Agent,2023.0,National,1.0,2.0,2.56,C.McKercher 12/4/2005,NMFC,2025,GD,3.15,3.21,1.55,1.68,3.66,2.37,2.49,3.66,3.38,2.67,4.26,3.33,1.5,1.9,1.2,2.46,2.43,2.05,0.56,1.57
North Melbourne,28,Hugo Mikunda,2007-03-13,180.0,MidfieldForward,0,19yr 1mth,Geelong Falcons,2027.0,Unknown,2025.0,National,3.0,48.0,,,,,,,,,,,,,,,,,,,,,,,,,
North Melbourne,2,Finn O'Sullivan,2006-05-30,182.0,DefenderMidfield,26,19yr 10mth,Oakleigh Chargers,2027.0,Non-Free Agent,2024.0,National,1.0,2.0,2.31,F.O'Sullivan 30/5/2006,NMFC,2025,GD,2.32,2.52,2.25,2.04,2.24,2.06,2.6,2.46,2.98,2.27,2.44,2.19,2.35,2.39,1.98,2.46,2.05,2.13,1.76,2.25
North Melbourne,26,Luke Parker,1992-10-25,183.0,DefenderMidfield,321,33yr 5mth,Dandenong Stingrays,2026.0,Unrestricted Free Agent,2010.0,National,2.0,40.0,2.73,L.Parker 25/10/1992,NMFC,2025,M,2.99,2.54,2.73,2.54,3.48,3.04,2.12,2.77,2.82,2.45,2.68,2.24,2.45,3.0,2.63,2.43,2.64,2.52,2.02,2.69
North Melbourne,32,Toby Pink,1998-08-11,194.0,Defender,36,27yr 8mth,Glenelg,2026.0,Unrestricted Free Agent,2024.0,Rookie,1.0,1.0,2.37,T.Pink 11/8/1998,NMFC,2025,KD,2.05,2.63,2.53,2.3,1.69,2.2,2.18,2.05,2.39,3.04,1.95,2.67,2.65,2.59,2.39,2.34,2.59,2.1,2.5,2.18
North Melbourne,24,Tom Powell,2002-03-02,184.0,MidfieldForward,97,24yr 1mth,Sturt,2028.0,Restricted Free Agent,2020.0,National,1.0,13.0,2.5,T.Powell 2/3/2002,NMFC,2025,M,2.44,2.66,2.2,2.57,2.6,1.84,1.93,3.14,3.21,2.5,2.04,2.89,2.67,1.83,2.17,2.41,2.81,2.71,1.6,1.99
North Melbourne,8,Bailey Scott,2000-07-09,186.0,Midfield,113,25yr 9mth,Gc Suns Academy,2026.0,Restricted Free Agent,2018.0,National,3.0,49.0,2.19,B.Scott 9/7/2000,NM VFL,2026,M,2.2,2.08,2.11,2.42,1.57,2.03,2.73,2.91,1.91,2.26,1.51,2.54,2.34,2.13,1.7,2.49,2.79,1.82,2.5,3.23
North Melbourne,3,Harry Sheezel,2004-10-13,185.0,MidfieldForward,73,21yr 6mth,Sandringham Dragons,2030.0,Restricted Free Agent,2022.0,National,1.0,3.0,2.93,H.Sheezel 13/10/2004,NMFC,2025,M,2.8,3.17,3.19,2.63,2.16,2.62,2.22,4.22,3.85,3.06,2.39,3.29,3.65,2.72,3.44,2.41,2.66,2.45,3.29,2.52
North Melbourne,12,Jy Simpkin,1998-03-05,183.0,MidfieldForward,179,28yr 1mth,Murray Bushrangers,2029.0,Unrestricted Free Agent,2016.0,National,1.0,12.0,2.59,J.Simpkin 5/3/1998,NMFC,2025,M,2.56,2.85,2.77,2.14,2.24,2.59,2.63,2.93,2.91,2.83,2.86,2.79,2.83,2.74,2.74,2.41,2.01,2.17,2.45,2.19
North Melbourne,13,Charlie Spargo,1999-11-25,172.0,Forward,110,26yr 4mth,Murray Bushrangers,2028.0,Non-Free Agent,2017.0,National,2.0,29.0,3.09,C.Spargo 25/11/1999,NM VFL,2026,GF,3.19,3.02,3.08,3.05,2.32,3.3,4.13,3.31,3.6,2.68,3.31,2.54,2.73,3.83,1.97,2.48,3.87,2.84,2.5,2.02
North Melbourne,15,Dylan Stephens,2001-01-08,184.0,Midfield,87,25yr 3mth,Norwood,2027.0,Non-Free Agent,2019.0,National,1.0,5.0,2.4,D.Stephens 8/1/2001,NMFC,2025,W,2.3,2.58,2.56,2.09,2.19,2.1,2.36,2.5,3.19,2.66,2.34,2.49,3.21,1.77,2.03,2.54,1.61,2.26,2.28,2.1
North Melbourne,36,River Stevens,2006-06-26,176.0,MidfieldForward,0,19yr 9mth,Geelong Falcons,2026.0,Non-Free Agent,2024.0,National,5.0,67.0,2.83,R.Stevens 26/6/2006,NM VFL,2026,GF,2.56,3.16,3.15,2.18,2.07,2.54,1.58,3.06,1.94,3.83,3.35,2.39,4.52,1.93,3.48,2.48,1.74,2.54,2.5,2.02
North Melbourne,23,Blake Thredgold,2007-08-27,195.0,Defender,0,18yr 7mth,Sturt,2027.0,Unknown,2025.0,National,2.0,26.0,,,,,,,,,,,,,,,,,,,,,,,,,
North Melbourne,47,Cooper Trembath,2005-10-17,193.0,Forward,9,20yr 6mth,North Melbourne VFL,2029.0,Non-Free Agent,2025.0,Mid-Season,1.0,10.0,3.05,C.Trembath 17/10/2005,NMFC,2025,KF,2.89,3.46,2.84,2.65,1.54,3.61,4.12,2.5,2.21,3.13,4.44,1.55,2.33,4.35,1.77,1.89,2.67,2.56,4.33,1.54
North Melbourne,14,Luke Urquhart,2006-09-19,184.0,Midfield,0,19yr 7mth,East Fremantle,2026.0,Non-Free Agent,2024.0,National,4.0,57.0,2.77,L.Urquhart 19/9/2006,WAFC Champs B,2024,M,3.44,2.68,1.83,2.46,4.36,3.27,2.78,2.7,2.96,2.46,2.44,2.98,1.66,1.84,2.11,2.42,2.92,2.24,1.96,2.01
North Melbourne,6,George Wardlaw,2004-06-11,182.0,Midfield,43,21yr 10mth,Oakleigh Chargers,2026.0,Non-Free Agent,2022.0,National,1.0,4.0,2.26,G.Wardlaw 11/6/2004,NMFC,2025,M,2.24,1.97,1.84,3.03,2.03,2.72,2.8,1.72,1.35,2.13,2.21,2.2,1.49,1.83,2.46,2.41,3.28,2.99,3.09,2.12
North Melbourne,35,Matt Whitlock,2006-05-16,198.0,DefenderForward,2,19yr 11mth,Murray Bushrangers,2027.0,Non-Free Agent,2024.0,National,1.0,27.0,1.73,M.Whitlock 16/5/2006,NM VFL,2026,KD,1.65,1.89,1.35,2.05,2.65,1.21,1.76,1.44,1.33,1.72,4.83,1.89,2.3,1.12,0.93,2.46,1.79,2.73,2.5,1.57
North Melbourne,38,Tristan Xerri,1999-03-15,202.0,Ruck,79,27yr 1mth,Western Jets,2031.0,Unrestricted Free Agent,2017.0,National,5.0,72.0,3.02,T.Xerri 15/3/1999,NMFC,2025,R,3.84,2.66,2.71,3.35,5.0,4.64,2.41,2.41,3.4,2.71,2.1,2.45,1.54,2.14,2.4,3.55,4.63,4.37,2.42,2.42
North Melbourne,44,Cameron Zurhaar,1998-05-22,190.0,Forward,149,27yr 10mth,East Fremantle,2029.0,Unrestricted Free Agent,2016.0,Rookie,1.0,11.0,2.89,C.Zurhaar 22/5/1998,NMFC,2025,GF,2.4,3.05,3.87,2.22,1.93,2.72,3.11,2.22,1.86,2.66,4.14,2.59,3.71,4.41,2.94,2.59,2.28,2.18,1.67,2.58
Port Adelaide,21,Aliir Aliir,1994-09-05,194.0,Defender,184,31yr 7mth,East Fremantle,2027.0,Non-Free Agent,2013.0,National,3.0,44.0,2.99,A.Aliir 5/9/1994,PAFC,2025,KD,3.22,2.54,3.34,2.77,3.66,3.06,3.09,3.18,2.28,2.84,2.26,2.7,2.78,3.36,3.71,2.34,2.44,2.26,3.88,2.26
Port Adelaide,29,Tom Anastasopoulos,2005-05-31,176.0,Forward,0,20yr 10mth,Geelong Falcons,2026.0,Non-Free Agent,2023.0,National,3.0,48.0,2.3,T.Anastasopoulos 31/5/2005,POR SA,2024,GF,2.1,2.46,1.87,2.87,1.86,1.93,2.17,2.33,2.71,2.44,2.34,2.51,2.08,1.68,1.89,2.47,3.05,2.92,2.47,2.59
Port Adelaide,40,Benny Barrett,2006-05-01,172.0,Midfield,0,19yr 11mth,South Adelaide,2026.0,Non-Free Agent,,,,,2.71,B.Barrett 1/5/2006,SOUTH SA U18,2024,M,3.26,2.52,1.95,2.61,3.75,3.36,2.9,2.67,2.57,2.23,2.73,2.78,1.83,2.05,1.95,2.46,2.02,3.39,2.37,2.1
Port Adelaide,14,Miles Bergman,2001-10-18,189.0,Defender,107,24yr 6mth,Sandringham Dragons,2027.0,Restricted Free Agent,2019.0,National,1.0,14.0,2.89,M.Bergman 18/10/2001,PAFC,2025,GD,3.19,2.27,2.94,3.43,4.31,3.59,2.35,2.75,1.9,1.76,3.96,2.96,2.66,2.93,3.29,2.46,4.17,4.21,2.63,2.36
Port Adelaide,5,Joe Berry,2006-04-18,181.0,Forward,18,20yr,Murray Bushrangers,2027.0,Non-Free Agent,2024.0,National,1.0,15.0,2.09,J.Berry 18/4/2006,PAFC,2025,GF,2.0,2.06,2.24,2.17,2.13,1.58,1.91,2.26,2.24,2.48,1.5,2.19,2.41,1.75,3.07,2.45,1.96,2.22,1.64,2.86
Port Adelaide,23,Will Brodie,1998-08-23,190.0,Midfield,55,27yr 7mth,Murray Bushrangers,2027.0,Non-Free Agent,2016.0,National,1.0,9.0,3.09,W.Brodie 23/8/1998,PTFC WAFL,2024,M,4.15,3.04,1.74,2.3,4.96,4.52,3.63,2.96,3.85,2.68,2.18,3.5,1.62,1.77,1.89,2.49,2.28,2.49,1.95,2.02
Port Adelaide,7,Jase Burgoyne,2003-07-15,186.0,DefenderMidfield,62,22yr 9mth,Eagles,2029.0,Restricted Free Agent,2021.0,National,4.0,60.0,2.95,J.Burgoyne 15/7/2003,PAFC,2025,W,2.93,2.66,2.92,3.52,2.73,2.48,2.32,3.53,3.07,2.67,2.12,2.83,2.52,2.9,3.59,2.54,2.32,3.14,4.99,3.11
Port Adelaide,9,Zak Butters,2000-09-08,181.0,Midfield,145,25yr 7mth,Western Jets,2026.0,Restricted Free Agent,2018.0,National,1.0,12.0,3.2,Z.Butters 8/9/2000,PAFC,2025,M,3.52,3.02,3.1,2.99,3.96,3.68,2.28,3.49,3.47,3.18,1.62,3.6,2.43,3.11,4.24,2.41,2.96,2.83,4.13,2.6
Port Adelaide,33,Darcy Byrne-Jones,1995-09-20,181.0,DefenderForward,227,30yr 6mth,Oakleigh Chargers,2026.0,Unrestricted Free Agent,2013.0,National,3.0,52.0,2.59,D.Byrne-Jones 20/9/1995,PAFC,2025,GF,2.67,2.61,2.51,2.52,2.39,2.7,2.46,2.85,2.19,2.89,2.47,2.68,2.45,1.94,3.89,2.45,2.07,2.04,4.93,3.26
Port Adelaide,26,Tom Cochrane,2006-01-27,182.0,Forward,3,20yr 2mth,Central District,2027.0,Non-Free Agent,2024.0,Rookie,1.0,13.0,2.01,T.Cochrane 27/1/2006,PAFC,2025,GF,1.96,2.22,1.8,1.93,2.3,1.47,1.73,2.22,1.9,2.12,2.6,1.86,1.87,1.8,1.67,2.45,2.12,2.15,1.25,1.35
Port Adelaide,28,Willem Drew,1998-10-01,188.0,Midfield,136,27yr 6mth,North Ballarat Rebels,2028.0,Unrestricted Free Agent,2016.0,National,2.0,33.0,2.41,W.Drew 1/10/1998,PAFC,2025,M,2.33,2.1,1.93,3.39,2.66,2.46,1.92,1.97,2.48,2.08,1.74,2.03,1.73,2.08,1.96,2.41,3.54,3.45,2.89,3.07
Port Adelaide,44,Corey Durdin,2002-04-14,173.0,Forward,70,24yr,Central Districts,2027.0,Non-Free Agent,2020.0,National,2.0,37.0,2.36,C.Durdin 14/4/2002,CFC,2025,GF,1.99,2.48,2.8,2.21,2.09,1.87,2.17,1.98,2.54,2.25,2.87,2.05,3.57,2.7,1.67,2.45,2.31,2.21,1.59,2.37
Port Adelaide,22,Logan Evans,2005-10-07,189.0,Defender,29,20yr 6mth,Port Adelaide,2028.0,Non-Free Agent,2024.0,Mid-Season,1.0,12.0,2.21,L.Evans 7/10/2005,PAFC,2025,GD,2.22,2.26,1.63,2.49,2.21,2.64,2.0,1.99,2.48,2.34,2.31,1.73,1.49,1.54,1.9,2.46,2.66,2.4,2.2,2.79
Port Adelaide,6,Kane Farrell,1999-03-17,182.0,Defender,120,27yr 1mth,Bendigo Pioneers,2030.0,Unrestricted Free Agent,2017.0,National,3.0,51.0,2.48,K.Farrell 17/3/1999,PAFC,2025,GD,2.53,2.55,2.19,2.5,2.78,2.1,2.76,2.67,1.6,3.07,3.01,3.08,2.25,1.83,2.55,2.46,2.94,2.66,2.07,2.23
Port Adelaide,19,Mitch Georgiades,2001-09-28,192.0,Forward,98,24yr 6mth,Subiaco,2027.0,Restricted Free Agent,2019.0,National,1.0,18.0,2.96,M.Georgiades 28/9/2001,PAFC,2025,KF,2.72,3.43,2.91,2.08,1.84,2.7,3.19,3.32,2.28,2.93,4.04,2.95,3.87,3.03,2.73,1.89,2.0,2.01,2.24,2.21
Port Adelaide,18,Jason Horne-Francis,2003-06-21,185.0,MidfieldForward,86,22yr 9mth,South Adelaide,2028.0,Non-Free Agent,2021.0,National,1.0,1.0,2.82,J.Horne-Francis 21/6/2003,PAFC,2025,M,2.84,2.99,3.32,2.14,2.74,2.71,3.5,2.72,2.19,3.19,3.87,2.77,3.42,3.25,3.29,2.41,2.24,1.95,1.79,2.88
Port Adelaide,34,Lachlan Jones,2002-04-09,186.0,Defender,79,24yr,-,2026.0,Non-Free Agent,2020.0,National,1.0,16.0,2.33,L.Jones 9/4/2002,PAFC,2025,GD,2.29,1.88,2.66,2.81,2.32,2.81,3.63,1.63,2.09,1.59,2.08,1.92,1.58,3.6,2.82,2.46,2.45,2.23,3.61,3.12
Port Adelaide,43,Josh Lai,2005-10-01,185.0,DefenderMidfield,4,20yr 6mth,Cheltenham,2026.0,Non-Free Agent,,,,,,,,,,,,,,,,,,,,,,,,,,,,,
Port Adelaide,50,Mani Liddy,2002-02-20,181.0,Midfield,9,24yr 1mth,Central Districts,2026.0,Non-Free Agent,2025.0,Mid-Season,2.0,16.0,2.15,M.Liddy 20/2/2002,PAFC,2025,W,1.94,2.21,2.27,2.29,1.72,1.96,3.97,1.52,1.96,1.8,1.92,2.71,2.46,1.79,2.28,2.54,2.14,3.16,2.41,1.67
Port Adelaide,30,Ollie Lord,2002-01-02,197.0,Forward,35,24yr 3mth,Sandringham Dragons,2026.0,Non-Free Agent,2020.0,National,3.0,49.0,1.96,O.Lord 2/1/2002,PAFC,2025,KF,1.82,1.87,2.05,2.33,1.99,1.86,1.98,1.52,2.47,1.84,1.77,1.86,1.91,1.79,2.53,2.25,2.11,1.53,2.6,3.86
Port Adelaide,36,Will Lorenz,2005-02-19,186.0,Midfield,8,21yr 2mth,Oakleigh Chargers,2026.0,Non-Free Agent,2023.0,National,4.0,57.0,2.34,W.Lorenz 19/2/2005,PAFC,2025,W,2.52,2.19,1.86,2.73,1.47,2.69,1.68,3.12,2.08,2.15,2.75,1.95,1.98,1.82,1.68,2.54,2.18,1.59,2.49,4.1
Port Adelaide,12,Jack Lukosius,2000-08-09,195.0,Forward,127,25yr 8mth,Woodville-West Torrens,2030.0,Non-Free Agent,2018.0,National,1.0,2.0,2.12,J.Lukosius 9/8/2000,PAFC,2025,KF,1.96,2.4,1.94,2.09,1.54,1.5,2.12,2.91,2.47,2.61,2.21,2.63,3.06,1.25,1.77,1.89,1.92,2.18,2.27,2.04
Port Adelaide,31,Ewan Mackinlay,2003-07-18,182.0,Midfield,7,22yr 9mth,North Adelaide,2026.0,Non-Free Agent,2025.0,Mid-Season,1.0,11.0,2.22,E.Mackinlay 18/7/2003,NOR SA,2024,M,2.07,2.53,2.03,2.18,1.95,1.78,2.65,2.16,1.32,2.33,4.12,2.81,2.13,2.07,1.79,2.43,2.23,2.22,1.69,2.29
Port Adelaide,4,Todd Marshall,1998-10-08,198.0,DefenderForward,120,27yr 6mth,Murray Bushrangers,2029.0,Unrestricted Free Agent,2016.0,National,1.0,16.0,2.23,T.Marshall 8/10/1998,PAFC,2024,KF,1.9,2.34,2.37,2.25,1.65,1.59,2.01,2.5,2.34,2.24,2.22,2.9,3.35,2.08,2.0,1.99,2.35,2.29,1.75,2.4
Port Adelaide,3,Jackson Mead,2001-09-30,184.0,Midfield,66,24yr 6mth,Woodville West Torrens,2026.0,Non-Free Agent,2019.0,National,2.0,25.0,2.08,J.Mead 30/9/2001,PAFC,2025,W,2.08,1.95,2.35,2.1,2.23,2.32,2.68,1.67,2.44,1.79,2.19,1.82,2.07,2.35,2.83,2.54,2.26,2.48,1.75,2.09
Port Adelaide,11,Christian Moraes,2006-11-08,183.0,Midfield,15,19yr 5mth,Eastern Ranges,2027.0,Non-Free Agent,2024.0,National,2.0,38.0,1.92,C.Moraes 8/11/2006,PAFC,2025,W,1.77,1.97,2.03,2.0,1.51,2.4,2.54,1.22,2.99,1.67,1.38,2.22,2.1,2.37,1.68,2.54,2.6,2.66,1.73,1.44
Port Adelaide,42,Jacob Moss,2004-12-22,198.0,Defender,0,21yr 3mth,Sturt Sabres,2026.0,Non-Free Agent,,,,,,,,,,,,,,,,,,,,,,,,,,,,,
Port Adelaide,41,Balyn O'Brien,2007-01-26,187.0,Defender,0,19yr 2mth,Norwood,2026.0,Unknown,,,,,,,,,,,,,,,,,,,,,,,,,,,,,
Port Adelaide,2,Sam Powell-Pepper,1998-01-08,187.0,Forward,158,28yr 3mth,East Perth,2029.0,Unrestricted Free Agent,2016.0,National,1.0,18.0,2.91,S.Powell-Pepper 8/1/1998,PAFC,2025,GF,3.06,3.08,2.52,2.74,2.47,2.99,3.19,3.37,3.21,2.96,3.1,3.2,3.03,2.31,2.11,2.45,2.87,2.59,2.22,3.16
Port Adelaide,32,Harrison Ramm,2006-12-05,202.0,Defender,1,19yr 4mth,Glenelg,2026.0,Non-Free Agent,2025.0,Mid-Season,1.0,3.0,2.92,H.Ramm 5/12/2006,GLNLG SA U18,2024,R,2.51,2.82,2.98,3.46,1.96,2.65,2.67,2.91,3.02,3.43,2.04,2.79,3.11,3.49,3.92,2.04,2.5,2.5,4.45,4.13
Port Adelaide,27,Esava Ratugolea,1998-07-24,197.0,Defender,114,27yr 8mth,Murray Bushrangers,2028.0,Non-Free Agent,2016.0,National,3.0,43.0,3.21,E.Ratugolea 24/7/1998,PAFC,2025,KD,2.83,2.57,3.9,3.11,3.14,3.21,3.28,1.96,2.82,2.58,1.95,2.1,3.07,4.33,4.01,2.69,2.66,2.87,3.45,3.07
Port Adelaide,35,Joe Richards,1999-11-23,177.0,Forward,37,26yr 4mth,Wangaratta,2027.0,Non-Free Agent,2022.0,National,3.0,48.0,2.7,J.Richards 23/11/1999,PAFC,2025,GF,3.05,2.55,2.29,2.88,3.04,3.02,2.27,3.26,3.08,2.58,2.25,2.66,2.45,2.44,1.67,2.45,3.09,3.08,1.96,2.46
Port Adelaide,1,Connor Rozee,2000-01-22,185.0,DefenderMidfield,152,26yr 2mth,North Adelaide,2032.0,Unrestricted Free Agent,2018.0,National,1.0,5.0,3.34,C.Rozee 22/1/2000,PAFC,2025,GD,4.24,3.2,2.3,3.26,5.0,4.55,3.38,3.81,3.58,2.26,4.88,3.33,2.27,2.1,2.55,2.46,4.48,4.22,1.86,2.06
Port Adelaide,8,Josh Sinn,2003-01-07,187.0,Defender,30,23yr 3mth,Sandringham Dragons,2027.0,Non-Free Agent,2021.0,National,1.0,12.0,,,,,,,,,,,,,,,,,,,,,,,,,
Port Adelaide,13,Ivan Soldo,1996-04-14,204.0,ForwardRuck,66,30yr,Daramalan College,2026.0,Non-Free Agent,,,,,,,,,,,,,,,,,,,,,,,,,,,,,
Port Adelaide,24,Jordon Sweet,1998-02-02,206.0,Ruck,52,28yr 2mth,North Adelaide,2026.0,Non-Free Agent,2018.0,Rookie,2.0,23.0,,,,,,,,,,,,,,,,,,,,,,,,,
Port Adelaide,38,Dante Visentini,2003-02-13,202.0,Ruck,16,23yr 2mth,Sandringham Dragons,2027.0,Non-Free Agent,2021.0,National,4.0,56.0,1.97,D.Visentini 13/2/2003,PAFC,2025,R,1.95,1.92,1.93,2.17,1.88,1.68,2.73,1.67,2.01,1.94,2.19,1.53,2.08,1.99,1.59,2.08,2.33,2.36,1.21,2.49
Port Adelaide,45,Xavier Walsh,2005-09-06,195.0,Forward,0,20yr 7mth,East Perth,2026.0,Non-Free Agent,2023.0,Rookie,1.0,13.0,2.38,X.Walsh 6/9/2005,POR SA,2024,KD,2.46,1.62,2.8,2.29,2.45,2.36,3.08,2.29,0.94,1.66,3.5,2.33,2.16,3.54,2.43,2.42,3.07,1.89,2.3,2.25
Port Adelaide,37,Jack Watkins,2000-01-01,,MidfieldForward,5,26yr 3mth,Port Adelaide,2026.0,Unknown,2025.0,Rookie,1.0,4.0,,,,,,,,,,,,,,,,,,,,,,,,,
Port Adelaide,15,Jacob Wehr,1998-07-05,185.0,DefenderMidfield,45,27yr 9mth,Woodville-west Torrens,2028.0,Unrestricted Free Agent,2024.0,Rookie,2.0,22.0,2.44,J.Wehr 5/7/1998,GWS,2025,W,2.35,2.42,1.96,2.99,1.82,2.89,2.39,2.19,2.14,2.67,2.54,2.24,2.02,2.01,1.84,2.54,2.66,2.31,3.4,3.27
Port Adelaide,17,Jack Whitlock,2006-05-16,200.0,Forward,10,19yr 11mth,Murray Bushrangers,2027.0,Non-Free Agent,2024.0,National,2.0,33.0,1.9,J.Whitlock 16/5/2006,PAFC,2025,KF,1.7,1.79,1.69,3.38,2.28,1.2,1.45,1.98,0.75,1.86,2.0,1.68,1.71,1.3,1.77,2.14,3.93,4.23,1.98,2.12
Port Adelaide,16,Oliver Wines,1994-10-07,187.0,Midfield,276,31yr 6mth,Bendigo Pioneers,2026.0,Unrestricted Free Agent,2012.0,National,1.0,7.0,2.7,O.Wines 7/10/1994,PAFC,2025,M,3.23,2.32,2.38,2.6,3.59,3.69,2.09,2.96,2.96,2.02,1.89,2.47,2.66,2.2,2.31,3.55,2.51,2.65,2.73,2.64
Port Adelaide,39,Mitch Zadow,2004-03-11,180.0,Forward,1,22yr 1mth,East Fremantle,2026.0,Unknown,,,,,2.4,M.Zadow 11/3/2004,EFFC WAFL,2024,M,1.96,2.04,3.7,2.76,1.67,2.25,2.69,1.63,1.26,2.34,2.47,2.03,2.74,3.77,5.0,2.49,2.85,2.31,4.14,2.85
Port Adelaide,25,Brandon Zerk-Thatcher,1998-08-25,195.0,Defender,90,27yr 7mth,Sturt,2026.0,Non-Free Agent,2017.0,National,4.0,66.0,2.41,B.Zerk-Thatcher 25/8/1998,PAFC,2025,KD,2.8,2.14,2.29,2.4,3.09,2.76,2.7,2.68,2.55,1.78,1.95,2.18,2.31,2.22,2.34,2.34,2.64,2.87,2.81,1.92
Richmond,29,Jasper Alger,2006-12-17,183.0,Forward,5,19yr 4mth,Oakleigh Chargers,2026.0,Non-Free Agent,2024.0,National,4.0,58.0,,,,,,,,,,,,,,,,,,,,,,,,,
Richmond,34,Harry Armstrong,2006-06-14,195.0,Forward,11,19yr 10mth,Sandringham Dragons,2027.0,Non-Free Agent,2024.0,National,1.0,23.0,1.96,H.Armstrong 14/6/2006,RFC,2025,KF,1.76,1.82,2.44,1.47,1.54,1.68,2.27,1.78,2.05,1.73,1.74,2.08,2.53,3.06,1.77,1.9,1.11,1.27,1.97,1.99
Richmond,21,Noah Balta,1999-10-23,194.0,DefenderForward,122,26yr 5mth,Calder Cannons,2032.0,Unrestricted Free Agent,2017.0,National,2.0,25.0,2.25,N.Balta 23/10/1999,RFC,2025,KD,3.54,2.05,2.38,1.48,4.97,3.53,3.56,2.61,1.24,1.95,4.78,2.91,2.69,2.72,1.78,3.46,2.72,2.77,1.36,0.86
Richmond,6,Sam Banks,2003-04-02,187.0,DefenderMidfield,49,23yr,Tasmania Devils,2027.0,Non-Free Agent,2021.0,National,2.0,29.0,2.5,S.Banks 2/4/2003,RFC,2025,GD,2.73,3.01,1.76,2.0,3.17,2.25,1.49,3.19,3.28,3.06,2.78,2.57,2.37,1.57,1.29,2.46,2.73,2.55,1.05,1.44
Richmond,35,Nathan Broad,1993-04-15,192.0,Defender,175,33yr,Swan Districts,2026.0,Unrestricted Free Agent,2015.0,National,5.0,67.0,2.49,N.Broad 15/4/1993,RFC,2025,GD,1.98,2.17,3.53,2.84,1.66,1.88,2.19,2.11,1.9,2.71,1.81,1.88,3.44,3.04,4.22,2.46,1.99,2.07,3.58,4.13
Richmond,30,Tom Brown,2003-07-30,193.0,Defender,46,22yr 8mth,Murray Bushrangers,2027.0,Non-Free Agent,2021.0,National,1.0,17.0,2.34,T.Brown 30/7/2003,RFC,2025,GD,2.16,2.24,2.85,2.34,2.29,1.86,2.34,2.27,1.69,2.36,3.24,2.52,2.61,2.46,3.59,2.46,1.76,1.81,3.12,2.91
Richmond,44,Seth Campbell,2004-12-29,182.0,Forward,49,21yr 3mth,Tasmania Devils,2029.0,Non-Free Agent,2022.0,Rookie,1.0,12.0,2.74,S.Campbell 29/12/2004,RFC,2025,GF,2.94,2.9,2.25,2.63,3.03,2.82,2.6,3.06,2.8,2.57,3.25,2.95,2.21,2.11,2.65,2.45,2.64,2.54,2.44,2.99
Richmond,23,Judson Clarke,2003-10-17,180.0,Forward,17,22yr 6mth,Dandenong Stingrays,2026.0,Non-Free Agent,2021.0,National,2.0,30.0,2.44,J.Clarke 17/10/2003,RFC VFL,2023,GF,2.49,2.44,2.49,2.31,2.29,2.19,1.87,2.96,2.03,2.69,1.9,3.49,2.7,2.31,2.51,2.46,2.14,2.23,2.89,2.54
Richmond,22,Sam Cumming,2007-07-27,184.0,Midfield,0,18yr 8mth,North Adelaide,2028.0,Unknown,2025.0,National,1.0,7.0,,,,,,,,,,,,,,,,,,,,,,,,,
Richmond,8,Jonty Faull,2006-02-01,195.0,Forward,21,20yr 2mth,Greater Western Victoria Rebels,2027.0,Non-Free Agent,2024.0,National,1.0,14.0,2.02,J.Faull 1/2/2006,RFC,2025,KF,1.96,1.85,2.23,2.13,1.68,2.12,2.25,1.83,1.81,2.01,1.61,2.44,1.87,2.62,2.48,1.89,2.23,1.81,2.35,2.37
Richmond,43,Liam Fawcett,2005-04-22,197.0,Forward,4,20yr 11mth,Central District,2026.0,Non-Free Agent,2023.0,National,2.0,43.0,2.82,L.Fawcett 22/4/2005,RFC VFL,2026,KF,2.38,2.81,3.37,2.32,1.78,2.83,2.44,2.31,2.78,2.69,2.92,2.67,3.89,4.33,2.04,2.31,2.46,1.78,2.5,2.93
Richmond,18,Josh Gibcus,2003-04-04,196.0,Defender,22,23yr,GWV Rebels,2029.0,Restricted Free Agent,2021.0,National,1.0,9.0,2.51,J.Gibcus 4/4/2003,RFC VFL,2026,KD,2.09,2.16,2.18,3.19,1.83,2.2,2.26,2.03,2.12,2.06,2.16,2.74,2.58,2.12,1.98,2.46,2.6,2.19,2.5,4.11
Richmond,50,Campbell Gray,2003-08-01,195.0,DefenderRuck,8,22yr 8mth,Essendon VFL,2027.0,Non-Free Agent,2024.0,Mid-Season,2.0,16.0,2.55,C.Gray 1/8/2003,ESS VFL,2024,KF,2.36,2.36,2.67,3.31,2.2,2.41,2.43,2.42,1.61,2.67,2.42,2.15,2.13,2.94,3.94,2.07,2.67,2.85,3.52,4.89
Richmond,48,Steely Green,2004-01-09,179.0,Forward,31,22yr 3mth,South Fremantle,2026.0,Non-Free Agent,2022.0,National,4.0,55.0,2.03,S.Green 9/1/2004,RFC,2025,GF,1.8,2.03,2.3,2.14,1.89,1.56,2.4,1.77,1.6,2.24,1.97,2.11,1.95,2.17,3.22,2.45,2.16,1.87,2.5,2.61
Richmond,24,Samuel Grlj,2007-07-26,182.0,DefenderMidfield,6,18yr 8mth,Oakleigh Chargers,2028.0,Unknown,2025.0,National,1.0,8.0,,,,,,,,,,,,,,,,,,,,,,,,,
Richmond,47,Oliver Hayes-Brown,2000-04-28,208.0,Ruck,1,25yr 11mth,Perth Wildcats,2026.0,Non-Free Agent,,,,,2.59,O.Hayes-Brown 28/4/2000,RFC VFL,2026,R,3.22,2.68,2.29,2.38,4.01,3.65,2.35,2.52,3.92,2.87,1.39,2.53,1.71,2.96,2.42,1.95,2.2,2.11,2.5,2.61
Richmond,2,Jacob Hopper,1997-02-06,187.0,Midfield,170,29yr 2mth,North Ballarat Rebels,2029.0,Non-Free Agent,2015.0,National,1.0,7.0,2.63,J.Hopper 6/2/1997,RFC,2025,M,3.36,2.47,2.02,2.04,3.83,3.57,2.51,3.02,2.91,2.32,2.09,2.54,2.22,1.99,1.74,2.41,2.03,2.08,2.09,1.82
Richmond,10,Taj Hotton,2006-06-17,182.0,Forward,7,19yr 10mth,Sandringham Dragons,2027.0,Non-Free Agent,2024.0,National,1.0,12.0,2.69,T.Hotton 17/6/2006,RFC,2025,GF,3.21,2.12,3.14,2.39,3.13,3.62,3.23,2.94,4.37,1.61,1.68,2.07,2.89,3.54,2.67,2.45,2.15,2.52,2.66,2.42
Richmond,4,Sam Lalor,2006-08-30,188.0,MidfieldForward,17,19yr 7mth,Greater Western Victoria Rebels,2027.0,Non-Free Agent,2024.0,National,1.0,1.0,2.78,S.Lalor 30/8/2006,RFC,2025,GF,2.99,2.52,3.26,2.34,3.67,3.21,3.2,2.44,3.01,2.25,2.7,2.23,2.19,4.2,2.99,2.45,2.44,2.39,1.58,2.47
Richmond,42,Mykelti Lefau,1998-06-22,195.0,Forward,16,27yr 9mth,Rugby League,2026.0,Non-Free Agent,,,,,2.26,M.Lefau 22/6/1998,RFC,2024,KF,2.29,2.37,1.86,2.98,2.3,2.1,3.22,2.0,2.5,1.94,2.48,2.68,2.63,1.03,1.71,2.35,2.83,2.77,2.34,4.02
Richmond,19,Tom Lynch,1992-10-31,199.0,Forward,238,33yr 5mth,Dandenong Stingrays,2026.0,Restricted Free Agent,2010.0,National,1.0,11.0,2.66,T.Lynch 31/10/1992,RFC,2025,KF,2.88,2.71,2.64,2.01,2.64,3.27,3.24,2.34,2.62,2.26,2.94,2.73,2.72,3.48,1.77,1.9,1.9,2.05,2.03,2.08
Richmond,7,Rhyan Mansell,2000-06-04,180.0,Forward,74,25yr 10mth,Woodville West-Torrens,2026.0,Non-Free Agent,,,,,2.6,R.Mansell 4/6/2000,RFC,2025,GF,2.32,2.57,2.67,3.11,1.7,2.57,2.4,2.42,2.0,2.77,2.63,2.51,3.03,2.67,2.02,2.45,3.31,3.21,2.51,2.77
Richmond,28,Kane McAuliffe,2005-03-01,187.0,Midfield,17,21yr 1mth,North Adelaide,2027.0,Non-Free Agent,2023.0,National,2.0,40.0,2.56,K.McAuliffe 1/3/2005,RFC,2025,M,2.09,2.25,3.87,2.87,1.8,1.83,2.17,2.69,1.94,2.75,1.84,2.19,3.01,3.92,5.0,2.41,2.86,2.73,4.76,1.59
Richmond,12,Ben Miller,1999-08-31,198.0,Defender,75,26yr 7mth,Subiaco,2027.0,Unrestricted Free Agent,2017.0,National,4.0,63.0,2.47,B.Miller 31/8/1999,RFC,2025,KD,2.11,2.63,2.6,2.51,1.78,2.13,2.21,2.27,2.19,3.2,1.95,2.76,3.09,2.52,2.33,2.12,2.81,3.18,2.21,2.41
Richmond,25,Toby Nankervis,1994-08-12,199.0,Ruck,181,31yr 8mth,North Launceston,2026.0,Unrestricted Free Agent,2013.0,National,2.0,35.0,2.65,T.Nankervis 12/8/1994,RFC,2025,R,2.87,2.53,2.63,2.63,3.56,2.74,1.89,2.96,2.6,2.72,2.31,2.5,1.9,2.14,2.56,3.16,3.33,2.55,2.36,2.45
Richmond,26,Zane Peucker,2007-12-04,180.0,MidfieldForward,0,18yr 4mth,Woodville-West Torrens,2027.0,Unknown,2025.0,National,2.0,31.0,,,,,,,,,,,,,,,,,,,,,,,,,
Richmond,3,Dion Prestia,1992-10-12,175.0,MidfieldForward,242,33yr 6mth,Calder Cannons,2026.0,Unrestricted Free Agent,2010.0,National,1.0,9.0,2.49,D.Prestia 12/10/1992,RFC,2025,M,2.64,2.68,2.32,2.08,2.73,2.27,2.38,3.01,3.32,2.52,2.3,2.56,2.24,2.3,2.52,2.41,2.01,2.09,1.86,2.55
Richmond,13,Hugo Ralphsmith,2001-11-09,187.0,Midfield,66,24yr 5mth,Sandringham Dragons,2026.0,Non-Free Agent,2019.0,National,3.0,46.0,2.56,H.Ralphsmith 9/11/2001,RFC,2025,W,2.35,2.58,2.54,2.88,1.68,2.07,2.25,2.91,1.82,2.13,3.13,2.82,3.01,2.17,2.0,2.54,3.09,1.55,3.24,3.25
Richmond,33,Patrick Retschko,2006-02-28,186.0,Midfield,1,20yr 1mth,Oakleigh Chargers,2026.0,Non-Free Agent,2024.0,Rookie,2.0,23.0,2.33,P.Retschko 28/2/2006,RFC VFL,2026,M,2.42,2.33,2.19,2.26,1.65,2.32,2.75,3.41,2.96,1.85,1.75,2.94,2.67,2.04,1.7,2.49,2.37,1.9,2.5,2.97
Richmond,17,Maurice Rioli,2002-09-01,179.0,Forward,55,23yr 7mth,Oakleigh,2026.0,Non-Free Agent,2020.0,National,3.0,51.0,2.17,M.Rioli 1/9/2002,RFC,2025,GF,2.08,1.87,2.13,3.08,1.63,2.49,3.64,1.6,1.57,2.01,1.59,2.51,1.28,2.44,2.94,2.45,2.96,3.16,4.72,2.03
Richmond,27,Noah Roberts-Thomson,2007-03-29,181.0,Midfield,0,19yr,Sturt,2027.0,Unknown,2025.0,National,3.0,54.0,,,,,,,,,,,,,,,,,,,,,,,,,
Richmond,5,Jack Ross,2000-09-03,187.0,MidfieldForward,99,25yr 7mth,Oakleigh Chargers,2028.0,Unrestricted Free Agent,2018.0,National,2.0,43.0,2.43,J.Ross 3/9/2000,RFC,2025,M,2.21,2.48,2.93,2.35,2.05,2.02,2.09,2.69,2.55,2.76,1.87,2.54,3.29,2.71,2.8,2.42,2.44,2.34,2.14,2.26
Richmond,32,Samson Ryan,2000-12-09,206.0,Ruck,27,25yr 4mth,Lions Academy,2027.0,Non-Free Agent,2020.0,National,2.0,40.0,1.61,S.Ryan 9/12/2000,RFC,2025,R,1.59,1.86,1.43,1.69,1.59,1.89,1.86,1.08,1.9,2.18,1.4,1.97,1.58,1.46,1.4,1.39,1.94,1.97,1.56,1.42
Richmond,15,Jayden Short,1996-01-24,178.0,Defender,196,30yr 2mth,Northern Knights,2027.0,Unrestricted Free Agent,2014.0,Rookie,1.0,11.0,2.53,J.Short 24/1/1996,RFC,2025,GD,2.51,3.17,2.37,1.75,2.25,1.93,1.99,3.11,2.89,3.72,2.77,2.89,3.68,1.55,1.79,2.46,2.11,2.01,1.16,1.66
Richmond,38,Thomas Sims,2006-05-12,199.0,Forward,11,19yr 11mth,Northern Knights,2027.0,Non-Free Agent,2024.0,National,1.0,28.0,2.12,T.Sims 12/5/2006,RFC,2025,KF,2.36,1.52,2.39,2.82,2.57,2.37,2.22,2.22,0.9,2.16,1.21,1.87,1.58,2.26,3.04,3.0,2.71,2.83,2.92,2.89
Richmond,16,Josh Smillie,2006-05-17,195.0,Midfield,0,19yr 11mth,Eastern Ranges,2027.0,Non-Free Agent,2024.0,National,1.0,7.0,3.02,J.Smillie 17/5/2006,ERFC Boys,2024,M,3.46,3.28,2.16,2.52,3.39,3.84,2.78,3.58,2.76,3.18,4.08,3.31,2.65,1.91,1.86,2.8,2.5,2.53,2.61,2.44
Richmond,49,Kaleb Smith,2004-11-20,181.0,Defender,12,21yr 4mth,East Fremantle,2026.0,Non-Free Agent,2022.0,National,3.0,49.0,3.1,K.Smith 20/11/2004,RFC VFL,2026,GD,3.35,3.23,3.15,2.65,2.7,3.59,2.16,3.67,4.05,2.74,2.05,3.24,2.38,4.07,2.99,2.48,3.34,2.34,2.5,2.43
Richmond,40,Tyler Sonsie,2003-01-27,181.0,MidfieldForward,45,23yr 2mth,Eastern Ranges,2026.0,Non-Free Agent,2021.0,National,2.0,28.0,1.88,T.Sonsie 27/1/2003,RFC,2025,M,1.61,2.04,2.49,1.67,1.18,1.31,1.95,2.29,1.77,2.17,2.2,1.99,3.25,1.83,2.65,2.41,1.43,1.69,1.96,2.24
Richmond,14,Tim Taranto,1998-01-28,188.0,Midfield,179,28yr 2mth,Sandringham Dragons,2029.0,Non-Free Agent,2016.0,National,1.0,2.0,2.84,T.Taranto 28/1/1998,RFC,2025,M,3.24,2.67,2.38,2.73,3.7,3.42,2.27,3.02,3.22,2.24,3.04,2.34,2.03,2.61,2.48,2.42,2.83,2.77,2.37,2.46
Richmond,11,Luke Trainor,2006-04-10,193.0,Defender,24,20yr,Sandringham Dragons,2027.0,Non-Free Agent,2024.0,National,1.0,21.0,2.21,L.Trainor 10/4/2006,RFC,2025,GD,2.42,2.07,2.45,2.04,2.72,2.44,2.07,2.38,1.97,1.91,2.71,2.23,2.46,2.77,2.08,2.46,2.41,2.26,1.27,2.22
Richmond,36,James Trezise,2002-06-15,188.0,Midfield,26,23yr 10mth,Richmond,2026.0,Non-Free Agent,2023.0,Mid-Season,2.0,13.0,,,,,,,,,,,,,,,,,,,,,,,,,
Richmond,1,Nick Vlastuin,1994-04-19,187.0,Defender,260,32yr,Northern Knights,2026.0,Unrestricted Free Agent,2012.0,National,1.0,9.0,2.99,N.Vlastuin 19/4/1994,RFC,2025,GD,2.69,2.57,4.29,3.08,1.93,3.71,2.59,2.28,2.5,2.86,1.79,2.58,3.23,4.86,4.87,2.46,2.77,2.47,4.73,2.34
St Kilda,46,Eamonn Armstrong,2006-07-26,191.0,Defender,0,19yr 8mth,Meath GAA,2026.0,Non-Free Agent,,,,,2.39,E.Armstrong 26/7/2006,STK VFL,2026,GD,2.11,2.28,1.96,3.08,1.84,2.42,2.74,1.86,2.94,1.98,2.05,1.78,1.51,2.67,1.67,2.48,3.34,2.21,3.6,3.42
St Kilda,36,Charlie Banfield,2007-07-18,192.0,MidfieldForward,0,18yr 9mth,Claremont,2027.0,Unknown,2025.0,National,3.0,41.0,,,,,,,,,,,,,,,,,,,,,,,,,
St Kilda,28,James Barrat,2006-11-23,194.0,DefenderForward,0,19yr 4mth,Bendigo Pioneers,2027.0,Non-Free Agent,2024.0,National,2.0,32.0,2.75,J.Barrat 23/11/2006,STK VFL,2026,KD,2.42,2.18,2.77,3.16,1.83,2.75,2.26,2.52,1.63,2.67,2.16,2.38,2.53,2.48,3.27,2.46,2.33,2.31,3.82,3.2
St Kilda,38,Hugh Boxshall,2006-07-11,188.0,Midfield,16,19yr 9mth,Claremont,2028.0,Non-Free Agent,2024.0,National,3.0,45.0,2.44,H.Boxshall 11/7/2006,SKFC,2025,W,3.0,1.59,2.92,2.72,2.52,4.66,2.59,2.09,2.39,1.66,2.43,0.92,2.15,3.63,3.71,2.54,3.18,3.12,2.2,2.65
St Kilda,16,Daniel Butler,1996-06-03,182.0,Forward,154,29yr 10mth,North Ballarat Rebels,2026.0,Non-Free Agent,2014.0,National,4.0,67.0,2.65,D.Butler 3/6/1996,STK VFL,2026,GF,2.77,2.6,2.11,3.25,2.8,2.46,2.7,3.01,2.34,2.88,2.06,3.46,2.42,1.93,1.97,2.48,3.16,3.2,4.01,3.07
St Kilda,13,Ryan Byrnes,2001-05-03,181.0,Defender,80,24yr 11mth,Sandringham Dragons,2027.0,Unrestricted Free Agent,2025.0,National,5.0,58.0,2.34,R.Byrnes 3/5/2001,SKFC,2025,GD,2.68,2.43,2.33,1.89,2.89,2.63,1.91,2.82,2.62,2.08,2.99,2.42,2.93,2.21,1.77,2.46,2.19,2.14,1.77,1.31
St Kilda,47,Anthony Caminiti,2003-12-09,196.0,Defender,59,22yr 4mth,Northern Knights,2027.0,Non-Free Agent,,,,,2.61,A.Caminiti 9/12/2003,SKFC,2025,KD,2.72,2.57,2.38,2.76,2.15,2.95,2.18,3.08,2.5,2.54,3.2,2.36,2.91,2.36,2.02,2.23,2.58,2.68,2.21,3.2
St Kilda,18,Jack Carroll,2002-12-20,188.0,DefenderMidfield,30,23yr 3mth,East Fremantle,2026.0,Unrestricted Free Agent,2020.0,National,2.0,41.0,1.8,J.Carroll 20/12/2002,CFC,2024,M,1.32,2.3,2.2,1.62,1.1,1.04,1.5,1.79,2.85,2.09,2.39,1.88,2.89,1.8,1.9,2.41,1.59,1.44,2.01,2.03
St Kilda,11,Hunter Clark,1999-03-26,186.0,Midfield,113,27yr,Dandenong Stingrays,2027.0,Unrestricted Free Agent,2017.0,National,1.0,7.0,2.45,H.Clark 26/3/1999,SKFC,2025,M,2.18,2.3,2.94,2.78,1.91,2.04,2.54,2.48,1.98,2.77,1.8,2.37,3.23,2.78,2.77,2.41,2.86,2.79,2.36,2.79
St Kilda,4,Lance Collard,2005-03-26,185.0,Forward,15,21yr,Subiaco,2027.0,Non-Free Agent,2023.0,National,1.0,28.0,1.87,L.Collard 26/3/2005,SKFC,2025,GF,1.53,2.09,1.97,1.92,1.44,1.42,2.36,1.45,2.25,1.73,2.39,2.05,1.43,2.21,2.37,2.45,1.98,1.78,2.41,1.8
St Kilda,21,Tom De Koning,1999-07-16,201.0,Ruck,106,26yr 9mth,Dandenong Stingrays,2033.0,Restricted Free Agent,2017.0,National,2.0,30.0,2.78,T.De Koning 16/7/1999,CFC,2025,R,3.0,2.86,2.78,2.32,3.39,3.14,2.04,3.17,2.73,3.08,2.58,3.04,2.88,2.95,3.03,2.49,2.1,1.91,2.8,2.46
St Kilda,30,Alex Dodson,2006-06-15,203.0,Forward,1,19yr 10mth,Sturt,2026.0,Non-Free Agent,2024.0,National,3.0,53.0,2.52,A.Dodson 15/6/2006,STK VFL,2026,R,2.62,2.56,2.54,2.26,2.12,2.44,2.44,3.52,2.51,3.01,2.33,2.39,2.27,2.21,2.77,2.66,1.58,2.14,2.5,2.6
St Kilda,15,Paddy Dow,1999-10-16,184.0,Midfield,83,26yr 6mth,Bendigo Pioneers,2026.0,Non-Free Agent,2017.0,National,1.0,3.0,2.23,P.Dow 16/10/1999,SKFC,2024,M,2.44,2.22,1.9,2.16,2.66,2.52,2.86,1.79,2.35,2.17,2.26,2.1,2.13,1.75,1.83,2.41,2.66,2.07,1.21,1.43
St Kilda,37,Kye Fincher,2007-11-18,186.0,DefenderMidfield,0,18yr 5mth,Sandringham Dragons,2027.0,Unknown,2025.0,National,3.0,52.0,,,,,,,,,,,,,,,,,,,,,,,,,
St Kilda,9,Sam Flanders,2001-07-24,183.0,MidfieldForward,95,24yr 8mth,Gippsland Power,2031.0,Non-Free Agent,2019.0,National,1.0,11.0,2.98,S.Flanders 24/7/2001,GCFC,2025,GF,4.06,2.9,2.04,2.25,4.96,3.57,2.28,4.43,4.58,3.05,1.9,3.18,2.2,1.79,2.3,2.45,2.43,2.17,2.84,1.61
St Kilda,34,Hugo Garcia,2005-05-22,185.0,Midfield,32,20yr 10mth,Calder Cannons,2027.0,Non-Free Agent,2023.0,National,3.0,50.0,2.24,H.Garcia 22/5/2005,SKFC,2025,M,2.22,2.11,1.79,2.81,2.5,1.98,2.66,1.83,2.52,1.82,2.14,2.09,1.55,1.77,2.24,2.41,3.1,3.06,1.58,1.95
St Kilda,40,Max Hall,2002-04-15,183.0,Forward,29,24yr,Box Hill,2027.0,Non-Free Agent,2024.0,Mid-Season,1.0,4.0,3.02,M.Hall 15/4/2002,SKFC,2025,GF,3.53,3.06,2.27,2.86,4.12,3.26,2.34,3.75,3.51,3.08,2.78,3.22,2.4,2.03,2.58,2.45,2.73,3.07,2.52,2.82
St Kilda,24,Angus Hastie,2005-09-19,190.0,Defender,14,20yr 7mth,Geelong Falcons,2027.0,Non-Free Agent,2023.0,National,2.0,33.0,3.01,A.Hastie 19/9/2005,STK VFL,2026,GD,3.27,3.09,2.82,2.77,2.19,3.35,2.21,3.82,3.29,2.8,2.71,3.44,3.98,1.84,2.6,2.48,1.69,3.65,2.5,3.12
St Kilda,23,Liam Henry,2001-08-28,180.0,Forward,61,24yr 7mth,Claremont,2027.0,Non-Free Agent,2019.0,National,1.0,9.0,1.87,L.Henry 28/8/2001,SKFC,2025,GF,1.88,1.85,2.24,1.39,2.24,1.58,2.99,1.64,2.46,1.84,1.64,1.78,2.17,2.55,1.67,2.45,0.9,1.56,1.58,1.93
St Kilda,1,Jack Higgins,1999-03-19,178.0,Forward,151,27yr 1mth,Oakleigh Chargers,2029.0,Unrestricted Free Agent,2017.0,National,1.0,17.0,2.55,J.Higgins 19/3/1999,SKFC,2025,GF,2.27,3.07,2.29,2.25,1.88,2.82,2.41,2.02,1.88,2.65,4.46,1.98,2.4,2.35,1.98,2.45,2.33,2.35,1.88,2.05
St Kilda,8,Bradley Hill,1993-07-09,182.0,MidfieldForward,283,32yr 9mth,West Perth,2027.0,Restricted Free Agent,2011.0,National,2.0,33.0,2.26,B.Hill 9/7/1993,SKFC,2025,M,1.68,2.85,3.13,1.75,1.04,1.11,1.9,3.0,2.42,3.37,2.04,3.26,4.21,2.37,2.96,2.41,1.49,1.69,2.38,2.42
St Kilda,20,Dougal Howard,1996-03-25,199.0,Defender,139,30yr,Murray Bushrangers,2026.0,Non-Free Agent,2014.0,National,3.0,56.0,2.48,D.Howard 25/3/1996,STK VFL,2026,KD,1.91,2.58,2.76,2.53,1.83,1.59,1.78,2.41,1.58,3.44,2.16,3.57,2.81,2.5,3.03,2.46,2.6,2.27,2.5,2.61
St Kilda,17,Isaac Keeler,2004-04-23,198.0,Forward,12,21yr 11mth,North Adelaide,2026.0,Non-Free Agent,2022.0,National,3.0,44.0,2.49,I.Keeler 23/4/2004,STK VFL,2026,KF,2.45,1.94,2.97,3.06,2.49,2.32,2.04,2.84,2.66,2.6,1.42,2.07,1.97,2.81,2.87,4.27,4.29,2.57,2.5,2.51
St Kilda,12,Max King,2000-07-07,202.0,Forward,83,25yr 9mth,Sandringham Dragons,2032.0,Unrestricted Free Agent,2018.0,National,1.0,4.0,2.55,M.King 7/7/2000,SKFC,2024,KF,2.66,2.76,2.47,1.72,1.81,3.4,2.83,2.38,2.51,2.69,2.84,2.78,2.52,3.08,2.05,1.84,2.11,1.58,1.63,1.46
St Kilda,6,Jackson Macrae,1994-08-03,192.0,Midfield,272,31yr 8mth,Oakleigh Chargers,2027.0,Unrestricted Free Agent,2012.0,National,1.0,6.0,2.93,J.Macrae 3/8/1994,SKFC,2025,M,3.56,2.57,2.04,3.01,4.22,3.91,2.21,3.11,3.24,2.59,1.5,2.76,2.29,1.83,2.06,2.42,2.98,3.21,3.29,2.08
St Kilda,19,Rowan Marshall,1995-11-24,201.0,ForwardRuck,161,30yr 4mth,North Ballarat,2027.0,Unrestricted Free Agent,2016.0,Rookie,1.0,10.0,2.88,R.Marshall 24/11/1995,SKFC,2025,R,2.99,3.12,2.67,2.9,3.08,3.0,2.05,3.64,2.59,3.3,3.07,3.5,3.65,2.56,2.58,2.55,3.39,3.55,2.62,2.3
St Kilda,42,Kobe McDonald,2007-12-08,193.0,Defender,0,18yr 4mth,Mayo GAA,2027.0,Unknown,,,,,,,,,,,,,,,,,,,,,,,,,,,,,
St Kilda,45,Liam O'Connell,2003-03-04,189.0,Defender,7,23yr 1mth,Ireland,2026.0,Non-Free Agent,,,,,2.62,L.O'Connell 4/3/2003,STK VFL,2026,GD,2.96,2.34,2.36,2.83,5.0,3.51,3.23,1.73,2.95,1.69,3.19,2.0,2.03,3.54,1.37,2.48,1.69,4.64,2.5,1.96
St Kilda,10,Mitchito Owens,2003-09-24,191.0,Forward,78,22yr 6mth,Sandringham Dragons,2029.0,Restricted Free Agent,2021.0,National,2.0,33.0,2.89,M.Owens 24/9/2003,SKFC,2025,KF,3.84,2.74,2.38,2.63,3.99,4.34,2.8,3.61,4.53,2.28,2.46,3.26,1.77,2.39,3.2,2.47,2.44,2.83,3.2,2.15
St Kilda,25,Mattaes Phillipou,2004-12-27,190.0,MidfieldForward,50,21yr 3mth,Eagles,2028.0,Non-Free Agent,2022.0,National,1.0,10.0,1.89,M.Phillipou 27/12/2004,SKFC,2025,GF,2.07,1.95,1.64,1.69,2.82,1.98,2.25,1.72,2.47,1.73,1.96,1.93,1.4,1.8,1.67,2.76,1.7,2.0,0.76,1.48
St Kilda,31,Liam Ryan,1996-10-02,181.0,Forward,131,29yr 6mth,Subiaco,2028.0,Non-Free Agent,2017.0,National,2.0,26.0,2.7,L.Ryan 2/10/1996,WCFC,2025,GF,2.69,2.78,2.74,2.47,2.74,2.75,2.68,2.62,1.55,2.85,3.1,3.08,2.84,2.52,3.07,2.45,2.43,2.33,2.73,2.78
St Kilda,33,Patrick Said,2006-04-24,180.0,MidfieldForward,0,19yr 11mth,Calder Cannons,2026.0,Unrestricted Free Agent,2025.0,Rookie,1.0,5.0,2.83,P.Said 24/4/2006,STK VFL,2026,GF,3.22,2.43,2.6,3.32,3.72,3.14,2.82,3.12,2.74,2.06,2.45,2.93,2.17,2.55,3.46,2.48,4.6,2.81,2.5,2.26
St Kilda,43,Cooper Sharman,2000-07-25,193.0,Forward,76,25yr 8mth,Woodville-West Torrens,2026.0,Non-Free Agent,2021.0,Mid-Season,2.0,20.0,2.84,C.Sharman 25/7/2000,SKFC,2025,KF,2.65,3.04,2.79,2.71,1.87,2.43,3.13,3.45,3.37,3.14,2.82,3.38,3.31,2.77,3.24,2.03,2.6,2.31,3.24,3.17
St Kilda,3,Jack Silvagni,1997-12-17,194.0,Defender,134,28yr 4mth,Oakleigh Chargers,2030.0,Unrestricted Free Agent,2015.0,National,4.0,53.0,3.03,J.Silvagni 17/12/1997,CFC,2025,KD,2.89,2.67,2.97,3.31,2.4,3.29,2.48,2.95,2.27,2.71,3.64,3.17,2.76,3.42,2.62,2.35,3.89,3.67,2.99,3.27
St Kilda,35,Jack Sinclair,1995-02-12,181.0,Defender,216,31yr 2mth,Oakleigh Chargers,2027.0,Unrestricted Free Agent,2014.0,Rookie,1.0,1.0,3.2,J.Sinclair 12/2/1995,SKFC,2025,GD,3.59,3.72,1.97,2.83,4.09,3.48,2.68,3.69,3.72,3.75,4.03,3.48,2.34,1.85,1.67,2.46,3.12,3.21,2.49,2.31
St Kilda,14,Liam Stocker,2000-01-23,184.0,Defender,87,26yr 2mth,Sandringham Dragons,2026.0,Unrestricted Free Agent,2018.0,National,1.0,19.0,2.15,L.Stocker 23/1/2000,SKFC,2025,GD,2.12,1.56,2.91,2.56,2.21,2.77,2.68,1.54,0.87,2.19,1.74,1.61,2.76,3.28,2.67,2.46,2.28,2.37,2.98,2.64
St Kilda,26,Alix Tauru,2006-11-16,193.0,DefenderForward,15,19yr 5mth,Gippsland Power,2027.0,Non-Free Agent,2024.0,National,1.0,10.0,2.36,A.Tauru 16/11/2006,SKFC,2025,KD,2.31,2.22,2.4,2.4,2.7,2.49,2.82,1.59,2.52,1.87,2.97,1.7,2.53,2.91,1.71,2.34,3.06,2.99,1.59,2.6
St Kilda,5,Tobie Travaglia,2006-10-26,187.0,DefenderMidfield,12,19yr 5mth,Bendigo Pioneers,2027.0,Non-Free Agent,2024.0,National,1.0,8.0,2.06,T.Travaglia 26/10/2006,SKFC,2025,GD,1.94,2.25,1.53,2.22,2.3,2.16,2.12,1.63,2.69,1.92,2.95,1.72,1.88,1.61,1.02,2.46,2.9,3.2,0.82,1.67
St Kilda,7,Nasiah Wanganeen-Milera,2003-02-22,187.0,DefenderMidfield,92,23yr 1mth,Glenelg,2027.0,Non-Free Agent,2021.0,National,1.0,11.0,3.24,N.Wanganeen-Milera 22/2/2003,SKFC,2025,GD,4.4,3.38,2.16,2.53,5.0,4.43,3.3,4.27,2.76,3.05,5.0,4.16,2.5,2.02,1.94,2.46,2.99,2.65,2.08,2.36
St Kilda,44,Callum Wilkie,1996-03-10,191.0,Defender,161,30yr 1mth,North Adelaide,2029.0,Unrestricted Free Agent,2018.0,Rookie,1.0,3.0,2.97,C.Wilkie 10/3/1996,SKFC,2025,KD,3.24,3.48,3.12,2.46,2.62,2.89,2.2,4.59,3.33,3.95,1.95,3.73,4.02,2.59,3.08,2.34,2.7,2.49,2.9,2.11
St Kilda,22,Darcy Wilson,2005-08-18,185.0,MidfieldForward,47,20yr 8mth,Murray Bushrangers,2026.0,Non-Free Agent,2023.0,National,1.0,18.0,2.0,D.Wilson 18/8/2005,SKFC,2025,M,1.53,2.25,2.7,1.95,1.16,1.34,1.48,2.25,1.66,2.15,3.26,2.15,3.09,2.28,2.96,2.41,1.59,1.89,2.49,3.08
St Kilda,2,Marcus Windhager,2003-05-16,185.0,DefenderMidfield,81,22yr 11mth,Sandringham Dragons,2029.0,Restricted Free Agent,2021.0,National,3.0,47.0,2.46,M.Windhager 16/5/2003,SKFC,2025,M,2.4,2.63,2.48,2.27,2.1,2.44,1.9,3.1,2.79,2.88,1.87,2.75,3.31,1.98,2.17,2.41,2.2,2.14,2.75,2.58
St Kilda,32,Mason Wood,1993-09-13,192.0,MidfieldForward,162,32yr 7mth,Geelong Falcons,2027.0,Unrestricted Free Agent,2012.0,National,2.0,41.0,2.38,M.Wood 13/9/1993,SKFC,2025,M,1.61,2.51,4.67,1.83,0.82,1.58,2.38,2.28,1.14,2.85,4.13,1.99,4.97,4.37,4.81,3.12,1.24,1.54,2.77,4.39
Sydney,3,Taylor Adams,1993-09-20,181.0,Forward,229,32yr 6mth,Geelong Falcons,2026.0,Non-Free Agent,2011.0,National,1.0,13.0,2.35,T.Adams 20/9/1993,SYFC,2025,GF,2.44,2.06,2.13,3.15,4.08,2.28,2.01,1.85,1.94,2.4,1.79,1.99,3.06,1.6,1.67,2.45,3.55,4.23,0.14,1.35
Sydney,36,Joel Amartey,1999-09-02,195.0,Forward,67,26yr 7mth,Sandringham Dragons,2026.0,Restricted Free Agent,2017.0,Rookie,2.0,28.0,2.55,J.Amartey 2/9/1999,SYFC,2025,KF,2.49,2.55,2.6,2.61,2.34,2.26,3.38,2.41,1.75,2.45,2.99,1.8,3.16,2.54,2.32,2.27,2.73,2.89,2.09,2.32
Sydney,20,Riak Andrew,2005-02-17,193.0,Defender,0,21yr 2mth,Dandenong Stingrays,2027.0,Non-Free Agent,2024.0,National,3.0,55.0,3.01,R.Andrew 17/2/2005,DSFC Boys,2024,KD,2.97,2.7,2.53,3.58,3.78,3.33,2.51,2.23,3.22,2.36,2.11,2.59,2.08,2.97,2.35,3.48,1.73,4.74,2.62,4.24
Sydney,26,Riley Bice,2000-09-26,185.0,Defender,22,25yr 6mth,Werribee,2028.0,Non-Free Agent,2024.0,National,3.0,41.0,2.51,R.Bice 26/9/2000,SYFC,2025,GD,2.4,2.47,2.52,2.65,2.37,2.24,3.15,2.36,2.22,2.44,2.38,2.98,3.13,2.13,2.28,2.46,2.81,2.83,2.34,2.56
Sydney,22,Nick Blakey,2000-02-27,196.0,Defender,157,26yr 1mth,UNSW,2031.0,Unrestricted Free Agent,2018.0,National,1.0,10.0,2.91,N.Blakey 27/2/2000,SYFC,2025,GD,2.29,3.07,3.77,2.82,1.84,2.32,2.39,2.39,2.0,3.39,4.41,3.69,2.68,4.2,4.53,2.46,1.89,1.94,3.77,4.1
Sydney,23,Ned Bowman,2006-09-12,186.0,Forward,0,19yr 7mth,Norwood,2027.0,Non-Free Agent,2024.0,National,1.0,26.0,3.29,N.Bowman 12/9/2006,NRWD SA U18,2024,GF,3.38,3.38,2.73,3.65,2.94,3.34,2.88,3.76,2.37,2.6,4.48,3.66,2.27,3.37,2.12,2.44,4.55,3.26,2.71,3.19
Sydney,16,Braeden Campbell,2002-02-04,181.0,Forward,94,24yr 2mth,Sydney Academy,2028.0,Restricted Free Agent,2020.0,National,1.0,5.0,2.6,B.Campbell 4/2/2002,SYFC,2025,GF,2.46,2.57,2.63,2.91,1.94,2.17,2.4,2.95,2.72,2.69,2.28,2.82,3.44,1.76,3.19,2.45,3.01,2.83,3.0,2.84
Sydney,42,Noah Chamberlain,2007-03-21,191.0,Forward,0,19yr,St Ives Saints,2027.0,Unknown,,,,,,,,,,,,,,,,,,,,,,,,,,,,,
Sydney,33,Caiden Cleary,2005-03-05,182.0,Forward,18,21yr 1mth,Sydney University,2027.0,Non-Free Agent,2023.0,National,1.0,24.0,3.28,C.Cleary 5/3/2005,SYD VFL,2026,GF,4.18,3.0,2.05,3.78,5.0,4.12,2.39,4.13,4.35,3.18,2.06,3.42,2.26,1.93,1.97,2.48,4.6,3.13,3.59,3.72
Sydney,25,Billy Cootee,2002-12-18,179.0,Midfield,0,23yr 4mth,Norwood,2027.0,Unknown,2025.0,National,3.0,42.0,2.43,B.Cootee 18/12/2002,SYD VFL,2026,M,2.44,2.58,2.27,2.29,1.98,3.15,2.9,2.1,2.27,2.16,4.35,1.94,2.79,2.13,1.7,2.49,1.55,2.65,3.21,2.85
Sydney,7,Harry Cunningham,1993-12-06,181.0,Defender,222,32yr 4mth,Turvey Park,2026.0,Unrestricted Free Agent,2012.0,National,7.0,107.0,2.21,H.Cunningham 6/12/1993,SYFC,2025,GD,1.99,2.41,2.27,2.11,1.76,1.76,1.8,2.27,2.74,2.66,1.82,1.68,3.23,1.56,1.99,2.46,2.25,2.6,1.43,2.02
Sydney,35,Charlie Curnow,1997-02-03,194.0,Forward,155,29yr 2mth,Geelong Falcons,2030.0,Unrestricted Free Agent,2015.0,National,1.0,12.0,2.81,C.Curnow 3/2/1997,CFC,2025,KF,2.59,3.13,2.87,1.99,1.76,2.81,2.26,3.33,1.85,3.41,3.11,3.61,4.03,3.23,1.77,1.89,2.06,1.83,2.04,2.1
Sydney,9,Jesse Dattoli,2006-07-07,179.0,Forward,3,19yr 9mth,Northern Knights,2027.0,Non-Free Agent,2024.0,National,1.0,22.0,,,,,,,,,,,,,,,,,,,,,,,,,
Sydney,28,Will Edwards,2003-05-08,197.0,Defender,0,22yr 11mth,Sydney,2027.0,Non-Free Agent,,,,,2.6,W.Edwards 8/5/2003,SYD VFL,2026,KD,2.68,2.71,2.27,2.81,1.83,3.18,2.88,2.56,2.73,2.69,2.16,3.31,1.97,1.97,2.82,2.46,3.95,2.01,2.5,3.02
Sydney,45,Will Green,2005-09-08,204.0,Ruck,0,20yr 7mth,Northern Knights,2027.0,Non-Free Agent,2023.0,National,1.0,16.0,2.2,W.Green 8/9/2005,SYD VFL,2024,R,2.0,2.39,2.11,2.41,1.56,1.83,2.29,2.47,2.31,2.68,2.44,2.12,3.05,2.55,2.25,1.5,3.04,2.2,2.5,2.16
Sydney,4,Brodie Grundy,1994-04-15,202.0,Ruck,248,32yr,Sturt,2027.0,Unrestricted Free Agent,2012.0,National,1.0,18.0,3.13,B.Grundy 15/4/1994,SYFC,2025,R,3.72,3.04,3.03,2.77,4.07,4.15,2.8,3.62,3.44,2.94,2.44,3.35,2.53,2.54,2.7,3.66,2.93,2.98,2.71,2.55
Sydney,21,Errol Gulden,2002-07-18,175.0,Midfield,105,23yr 9mth,Sydney Academy,2028.0,Restricted Free Agent,2020.0,National,2.0,32.0,3.38,E.Gulden 18/7/2002,SYFC,2025,W,3.75,3.79,2.63,2.69,4.31,3.32,2.54,4.11,3.79,3.98,3.52,3.78,3.09,2.2,2.14,2.54,3.8,2.05,2.76,2.29
Sydney,29,Joel Hamling,1993-04-09,194.0,Defender,107,33yr,Claremont,2026.0,Unrestricted Free Agent,2011.0,National,2.0,32.0,3.01,J.Hamling 9/4/1993,SYD VFL,2026,KD,2.52,3.39,3.76,2.49,1.83,2.61,3.35,2.45,3.72,2.92,4.16,3.19,3.19,4.43,3.39,2.46,2.6,2.62,2.5,2.41
Sydney,40,Tom Hanily,2005-05-31,179.0,Forward,8,20yr 10mth,Gippsland Power,2027.0,Non-Free Agent,2024.0,Mid-Season,1.0,14.0,2.62,T.Hanily 31/5/2005,SYD VFL,2026,GF,2.91,2.42,2.22,3.02,2.28,3.01,2.13,3.35,2.21,2.39,2.24,3.1,2.73,1.93,1.97,2.48,2.68,3.75,2.5,2.19
Sydney,5,Isaac Heeney,1996-05-05,185.0,Midfield,229,29yr 11mth,Cardiff,2028.0,Unrestricted Free Agent,2014.0,National,1.0,18.0,3.02,I.Heeney 5/5/1996,SYFC,2025,M,3.12,3.13,3.46,2.33,3.64,3.32,2.45,2.61,2.32,2.93,4.98,2.63,2.74,4.3,2.82,2.42,2.3,2.39,1.9,2.64
Sydney,39,Liam Hetherton,2007-05-02,198.0,Forward,0,18yr 11mth,Murray Bushrangers,2027.0,Unknown,,,,,,,,,,,,,,,,,,,,,,,,,,,,,
Sydney,17,James Jordon,2000-12-20,187.0,MidfieldForward,120,25yr 3mth,Oakleigh Chargers,2027.0,Non-Free Agent,2018.0,National,2.0,33.0,2.06,J.Jordon 20/12/2000,SYFC,2025,M,1.97,2.15,1.82,2.28,1.98,2.12,2.24,1.64,2.15,2.18,2.47,1.76,1.79,1.98,1.52,2.41,2.31,2.34,1.86,2.32
Sydney,31,Max King,2007-01-09,192.0,Forward,0,19yr 3mth,Sydney Swans Academy,2027.0,Unknown,2018.0,National,1.0,4.0,2.55,M.King 7/7/2000,SKFC,2024,KF,2.66,2.76,2.47,1.72,1.81,3.4,2.83,2.38,2.51,2.69,2.84,2.78,2.52,3.08,2.05,1.84,2.11,1.58,1.63,1.46
Sydney,32,Harry Kyle,2007-07-16,188.0,DefenderMidfield,0,18yr 9mth,Sydney Swans Academy,2028.0,Unknown,2025.0,National,1.0,14.0,,,,,,,,,,,,,,,,,,,,,,,,,
Sydney,19,Peter Ladhams,1998-01-14,204.0,ForwardRuck,63,28yr 3mth,Norwood,2027.0,Non-Free Agent,2016.0,Rookie,1.0,9.0,2.92,P.Ladhams 14/1/1998,SYD VFL,2026,R,3.8,2.93,2.66,2.4,4.02,3.7,3.66,3.73,3.67,2.23,2.56,3.28,2.64,2.93,2.63,2.51,3.42,2.18,2.5,1.91
Sydney,44,Jake Lloyd,1993-09-20,182.0,MidfieldForward,277,32yr 6mth,North Ballarat Rebels,2026.0,Unrestricted Free Agent,2025.0,Rookie,1.0,7.0,2.74,J.Lloyd 20/9/1993,SYFC,2025,W,2.26,3.09,2.9,2.74,1.88,2.54,2.74,2.12,2.83,3.74,2.66,2.89,3.7,1.92,2.21,2.54,2.13,2.92,3.35,2.42
Sydney,30,Tom McCartin,1999-12-30,194.0,Defender,158,26yr 3mth,Geelong Falcons,2027.0,Unrestricted Free Agent,2017.0,National,2.0,33.0,2.82,T.McCartin 30/12/1999,SYFC,2025,KD,2.9,2.77,3.27,2.4,2.05,3.24,2.56,3.26,2.86,2.56,3.25,2.77,3.41,3.43,2.99,2.69,1.57,1.56,3.11,2.38
Sydney,6,Logan McDonald,2002-04-04,195.0,Forward,76,24yr,Perth Fc,2028.0,Restricted Free Agent,2020.0,National,1.0,4.0,2.49,L.McDonald 4/4/2002,SYFC,2024,KF,2.16,2.77,2.47,2.43,1.76,1.92,1.94,3.01,2.74,2.96,2.61,3.01,3.1,2.17,3.06,1.91,2.04,2.18,3.44,2.68
Sydney,27,Justin McInerney,2000-08-18,189.0,MidfieldForward,115,25yr 8mth,Northern Knights,2031.0,Unrestricted Free Agent,2018.0,National,3.0,44.0,2.5,J.McInerney 18/8/2000,SYFC,2025,M,2.35,2.86,3.04,1.84,1.91,2.35,2.17,3.06,2.86,3.03,2.67,2.73,3.87,2.63,2.49,2.46,1.36,1.62,2.69,3.81
Sydney,2,Hayden McLean,1999-01-20,197.0,Forward,98,27yr 2mth,Sandringham,2027.0,Restricted Free Agent,,,,,,,,,,,,,,,,,,,,,,,,,,,,,
Sydney,43,Lewis Melican,1996-11-04,194.0,Defender,105,29yr 5mth,Geelong Falcons,2027.0,Unrestricted Free Agent,2014.0,Rookie,3.0,52.0,2.38,L.Melican 4/11/1996,SYFC,2025,KD,2.14,2.3,2.5,2.45,2.25,1.88,2.71,2.1,2.46,2.28,1.95,2.09,2.39,2.53,2.54,2.34,3.2,3.45,2.29,2.05
Sydney,14,Callum Mills,1997-04-02,188.0,Defender,180,29yr,North Shore,2029.0,Unrestricted Free Agent,2015.0,National,1.0,3.0,3.05,C.Mills 2/4/1997,SYFC,2025,GD,3.18,3.44,2.56,2.64,2.99,3.2,2.4,3.41,4.05,3.17,2.63,3.26,3.32,1.72,2.67,2.46,2.69,2.96,2.62,2.14
Sydney,11,Tom Papley,1996-07-13,177.0,Forward,202,29yr 9mth,Gippsland Power,2028.0,Unrestricted Free Agent,2015.0,Rookie,1.0,14.0,2.78,T.Papley 13/7/1996,SYFC,2025,GF,3.25,2.92,2.53,1.86,3.22,3.31,2.59,3.38,2.97,2.66,2.78,3.79,3.68,2.02,1.67,2.45,2.18,1.6,1.11,2.3
Sydney,18,Jevan Phillipou,2007-03-30,183.0,Midfield,0,19yr,Woodville-West Torrens,2027.0,Unknown,2025.0,National,2.0,35.0,,,,,,,,,,,,,,,,,,,,,,,,,
Sydney,24,Dane Rampe,1990-06-02,187.0,Defender,277,35yr 10mth,Williamstown,2026.0,Unrestricted Free Agent,2025.0,Rookie,2.0,18.0,2.3,D.Rampe 2/6/1990,SYFC,2025,GD,1.99,2.33,2.1,2.69,2.0,1.67,2.75,2.02,2.43,2.43,1.88,2.22,2.44,1.89,1.96,2.46,2.68,2.69,2.29,3.2
Sydney,34,Matthew Roberts,2003-07-31,184.0,DefenderMidfield,54,22yr 8mth,South Adelaide,2027.0,Non-Free Agent,,,,,2.71,M.Roberts 31/7/2003,SYFC,2025,GD,3.23,2.55,2.46,2.59,3.41,3.29,2.27,3.35,2.23,2.67,2.29,3.02,3.14,1.75,2.5,2.46,2.68,2.59,2.5,2.58
Sydney,10,Malcolm Rosas,2001-06-27,180.0,Forward,54,24yr 9mth,NT Thunder,2028.0,Non-Free Agent,2019.0,Rookie,4.0,37.0,2.1,M.Rosas 27/6/2001,GCFC,2025,GF,1.7,2.56,1.84,2.2,1.23,1.7,2.29,1.78,2.86,2.3,2.15,3.84,2.15,1.68,1.67,2.45,2.39,2.02,3.52,1.35
Sydney,8,James Rowbottom,2000-09-19,186.0,Midfield,146,25yr 7mth,Oakleigh Chargers,2028.0,Unrestricted Free Agent,2018.0,National,2.0,25.0,2.51,J.Rowbottom 19/9/2000,SYFC,2025,M,2.31,2.15,2.28,3.59,2.36,2.71,2.59,1.67,1.78,2.36,2.4,2.01,2.03,2.51,2.17,2.41,3.68,3.99,3.27,1.91
Sydney,13,Jai Serong,2003-02-16,193.0,DefenderMidfield,16,23yr 2mth,Gippsland Power,2028.0,Non-Free Agent,2021.0,National,4.0,53.0,1.75,J.Serong 16/2/2003,HFC,2024,KD,2.17,2.36,0.93,1.95,2.68,2.35,2.3,1.56,3.51,1.51,2.0,1.55,0.9,1.28,0.54,2.38,4.09,4.77,1.47,0.86
Sydney,12,Angus Sheldrick,2003-11-07,178.0,Midfield,34,22yr 5mth,Claremont,2027.0,Non-Free Agent,,,,,2.24,A.Sheldrick 7/11/2003,SYFC,2025,M,2.41,2.07,1.69,2.61,2.44,2.66,2.33,2.17,1.91,2.3,1.96,2.0,1.55,1.83,1.63,2.41,2.71,2.68,2.76,1.82
Sydney,41,Patrick Snell,2005-07-18,194.0,DefenderForward,0,20yr 9mth,Wilston Grange,2027.0,Non-Free Agent,2023.0,National,4.0,53.0,2.55,P.Snell 18/7/2005,SYD VFL,2026,KD,3.33,2.81,2.11,2.37,2.42,4.05,2.78,3.37,2.63,3.05,2.16,3.23,1.67,2.2,2.33,2.46,2.33,2.31,2.5,2.32
Sydney,1,Chad Warner,2001-05-19,185.0,MidfieldForward,114,24yr 11mth,East Fremantle,2027.0,Restricted Free Agent,2019.0,National,2.0,39.0,2.78,Ch.Warner 19/5/2001,SYFC,2025,M,2.95,2.87,2.94,2.26,2.86,2.94,3.4,2.8,2.04,2.68,3.72,3.37,2.89,3.13,2.58,2.41,2.48,2.11,2.05,2.2
Sydney,37,Corey Warner,2003-10-07,182.0,MidfieldForward,27,22yr 6mth,East Fremantle,2027.0,Non-Free Agent,,,,,1.89,Co.Warner 7/10/2003,SYFC,2025,M,1.56,2.24,2.29,1.63,0.83,1.24,3.63,1.65,2.13,2.02,3.01,2.02,2.89,2.11,1.65,2.41,1.37,1.68,1.17,2.87
Sydney,15,Sam Wicks,1999-09-14,181.0,Defender,93,26yr 7mth,Swans Academy,2028.0,Unrestricted Free Agent,,,,,2.17,S.Wicks 14/9/1999,SYFC,2025,GD,2.36,2.14,1.3,2.53,2.3,2.15,2.26,2.55,2.54,1.78,1.99,2.14,1.06,1.52,1.31,2.46,2.95,3.23,1.8,1.85
West Coast,26,Bo Allan,2006-02-16,191.0,DefenderMidfield,12,20yr 2mth,Peel Thunder,2028.0,Non-Free Agent,2024.0,National,1.0,16.0,2.07,B.Allan 16/2/2006,WCFC,2025,GD,1.62,2.4,1.7,2.27,1.43,1.79,2.27,1.43,3.51,2.05,1.74,1.43,2.24,1.54,1.25,2.46,2.72,1.53,2.21,2.9
West Coast,12,Sam Allen,2007-01-13,184.0,MidfieldForward,0,19yr 3mth,Oakleigh Chargers,2027.0,Unknown,2025.0,National,2.0,29.0,,,,,,,,,,,,,,,,,,,,,,,,,
West Coast,3,Liam Baker,1998-01-27,173.0,Defender,156,28yr 2mth,Subiaco,2029.0,Non-Free Agent,2017.0,Rookie,1.0,18.0,3.25,L.Baker 27/1/1998,WCFC,2025,GD,4.35,2.92,1.95,3.38,5.0,5.0,4.26,3.56,4.01,1.77,3.27,2.86,1.92,2.0,1.94,2.46,4.34,3.87,3.14,1.76
West Coast,30,Harry Barnett,2004-01-22,203.0,Ruck,2,22yr 2mth,West Adelaide,2026.0,Non-Free Agent,2022.0,National,2.0,23.0,2.15,H.Barnett 22/1/2004,WCE WAFL,2024,R,1.85,2.23,2.2,2.32,1.41,1.42,3.04,1.87,1.51,2.82,2.5,2.08,2.66,2.81,2.21,1.7,2.3,2.18,2.5,2.32
West Coast,33,Rhett Bazzo,2003-10-17,195.0,Defender,28,22yr 6mth,Swan Districts,2026.0,Non-Free Agent,2021.0,National,2.0,37.0,2.06,R.Bazzo 17/10/2003,WCFC,2025,KD,1.78,2.91,1.93,1.96,1.64,1.2,1.68,2.61,4.11,2.03,1.95,2.62,2.83,1.94,1.27,2.8,2.92,2.88,1.23,1.93
West Coast,41,Sandy Brock,2002-12-14,198.0,Defender,17,23yr 4mth,Peel Thunder,2027.0,Unrestricted Free Agent,,,,,2.42,S.Brock 14/12/2002,WCFC,2025,KD,2.36,2.3,2.18,2.71,2.05,2.09,2.07,3.01,2.68,1.96,1.95,2.48,2.1,1.93,2.53,2.34,1.67,1.7,2.89,3.17
West Coast,10,Tyler Brockman,2002-11-22,180.0,Forward,56,23yr 4mth,Subiaco,2026.0,Non-Free Agent,2020.0,National,3.0,46.0,2.53,T.Brockman 22/11/2002,WCFC,2025,GF,2.84,2.32,2.34,2.68,3.44,3.37,3.01,2.1,2.71,2.34,2.23,2.11,2.23,2.56,2.02,2.45,2.68,2.78,2.4,2.58
West Coast,37,Malakai Champion,2006-05-17,172.0,Forward,3,19yr 11mth,Subiaco,2026.0,Non-Free Agent,,,,,2.48,M.Champion 17/5/2006,SFC WAFL,2024,GF,2.49,2.63,2.46,2.09,2.84,2.66,2.68,2.15,2.44,2.58,2.77,2.64,1.89,2.21,4.0,2.46,2.26,1.97,2.27,1.91
West Coast,28,Tom Cole,1997-05-28,188.0,Defender,132,28yr 10mth,Sandhurst Football Netball Club,2026.0,Unrestricted Free Agent,2015.0,National,2.0,36.0,2.8,T.Cole 28/5/1997,WCFC,2025,GD,2.61,2.61,2.68,3.36,2.16,2.73,2.9,2.61,2.87,2.62,2.19,2.34,2.95,2.33,2.77,2.46,3.59,3.53,3.04,3.21
West Coast,15,Jamie Cripps,1992-04-23,184.0,Forward,277,33yr 11mth,East Fremantle,2026.0,Unrestricted Free Agent,2010.0,National,1.0,24.0,2.58,J.Cripps 23/4/1992,WCFC,2025,GF,2.23,2.76,2.72,2.69,2.09,2.1,1.86,2.49,1.85,2.8,3.02,2.96,3.14,2.7,2.0,2.45,2.78,2.68,2.7,2.48
West Coast,38,Hamish Davis,2006-05-02,190.0,Midfield,14,19yr 11mth,Claremont,2027.0,Non-Free Agent,2024.0,National,4.0,65.0,2.26,H.Davis 2/5/2006,WCFC,2025,W,3.09,1.55,1.89,2.52,2.14,4.06,2.76,2.91,3.0,1.23,2.35,1.02,1.97,2.01,1.68,2.54,3.18,2.42,3.48,1.2
West Coast,43,Tyrell Dewar,2004-03-27,185.0,DefenderMidfield,23,22yr,Subiaco,2028.0,Non-Free Agent,,,,,2.09,T.Dewar 27/3/2004,WCFC,2025,W,1.31,2.65,2.54,1.91,0.9,1.24,1.8,1.45,1.33,2.59,2.42,3.14,2.6,2.2,2.68,2.54,1.96,1.8,2.06,1.81
West Coast,21,Cooper Duff-Tytler,2007-08-22,201.0,ForwardRuck,6,18yr 7mth,Calder Cannons,2028.0,Unknown,2025.0,National,1.0,4.0,,,,,,,,,,,,,,,,,,,,,,,,,
West Coast,14,Liam Duggan,1996-12-11,186.0,Defender,206,29yr 4mth,Western Jets,2028.0,Unrestricted Free Agent,2014.0,National,1.0,11.0,2.58,L.Duggan 11/12/1996,WCFC,2025,GD,2.65,2.61,2.63,2.43,2.89,2.54,1.98,2.8,2.58,2.49,1.74,3.28,2.91,2.24,2.77,2.46,2.43,2.43,2.57,2.24
West Coast,1,Willem Duursma,2007-06-21,193.0,Midfield,6,18yr 9mth,Gippsland Power,2028.0,Unknown,2025.0,National,1.0,1.0,,,,,,,,,,,,,,,,,,,,,,,,,
West Coast,42,Harry Edwards,2000-10-01,200.0,Defender,56,25yr 6mth,Swan Districts,2027.0,Restricted Free Agent,2018.0,Rookie,1.0,18.0,2.69,H.Edwards 1/10/2000,WCFC,2025,KD,2.23,2.38,2.92,2.88,1.97,2.6,3.05,1.58,2.4,2.42,1.95,2.58,2.23,3.3,2.98,2.35,2.34,2.25,2.65,3.35
West Coast,25,Matthew Flynn,1997-09-13,202.0,Ruck,59,28yr 7mth,Narrandera,2026.0,Unrestricted Free Agent,2015.0,National,3.0,41.0,2.65,M.Flynn 13/9/1997,WCFC,2025,R,2.14,2.26,3.14,2.69,1.9,2.04,1.88,2.72,1.96,2.09,2.43,2.56,3.46,4.0,3.44,2.33,2.21,2.23,3.39,2.88
West Coast,7,Reuben Ginbey,2004-09-10,191.0,Defender,69,21yr 7mth,East Perth,2027.0,Non-Free Agent,2022.0,National,1.0,9.0,2.62,R.Ginbey 10/9/2004,WCFC,2025,GD,2.46,1.97,2.6,3.69,2.11,3.26,2.71,1.99,1.99,1.81,1.74,2.33,1.92,2.93,3.0,2.44,2.95,3.16,4.22,4.75
West Coast,17,Jack Graham,1998-02-25,181.0,MidfieldForward,154,28yr 1mth,North Adelaide,2028.0,Non-Free Agent,2016.0,National,3.0,53.0,2.61,J.Graham 25/2/1998,WCFC,2025,M,2.43,2.35,1.89,3.87,2.17,2.8,2.74,2.25,2.34,2.75,1.72,2.31,1.69,2.06,1.86,2.42,4.12,3.99,3.57,2.65
West Coast,31,Lucca Grego,2006-08-15,184.0,Defender,1,19yr 8mth,Western Jets,2027.0,Non-Free Agent,2024.0,National,3.0,48.0,,,,,,,,,,,,,,,,,,,,,,,,,
West Coast,27,Tom Gross,2006-09-15,181.0,MidfieldForward,8,19yr 7mth,Oakleigh Chargers,2027.0,Non-Free Agent,2024.0,National,3.0,46.0,1.61,T.Gross 15/9/2006,WCFC,2025,M,1.49,1.65,2.29,1.28,1.36,1.3,2.18,1.45,0.69,2.01,2.02,1.83,3.43,1.83,1.29,2.41,1.3,1.03,1.13,2.39
West Coast,29,Clay Hall,2005-05-12,190.0,Midfield,16,20yr 11mth,Peel Thunder,2026.0,Non-Free Agent,2023.0,National,2.0,38.0,2.14,C.Hall 12/5/2005,WCFC,2025,M,2.21,2.17,1.99,2.1,2.3,1.86,2.39,2.31,2.76,2.11,1.9,1.8,1.91,1.79,2.56,2.41,1.93,1.96,3.07,2.34
West Coast,8,Elijah Hewett,2004-05-27,186.0,Midfield,36,21yr 10mth,Swan Districts,2026.0,Non-Free Agent,2022.0,National,1.0,14.0,2.12,E.Hewett 27/5/2004,WCFC,2025,M,2.28,2.07,1.73,2.18,2.45,2.35,2.64,1.75,2.02,1.81,2.75,1.92,1.43,1.81,2.1,2.41,2.23,2.36,1.54,1.92
West Coast,19,Brady Hough,2003-03-05,191.0,DefenderMidfield,81,23yr 1mth,Peel Thunder,2028.0,Non-Free Agent,2021.0,National,2.0,31.0,2.39,B.Hough 5/3/2003,WCFC,2025,M,1.76,2.3,3.74,2.59,1.15,1.49,2.75,2.31,2.67,2.54,1.73,1.97,3.94,2.87,5.0,2.41,2.09,2.18,4.26,4.59
West Coast,44,Jack Hutchinson,2001-11-10,190.0,Midfield,23,24yr 5mth,Collingwood VFL,2029.0,Non-Free Agent,2024.0,Mid-Season,1.0,3.0,2.23,J.Hutchinson 10/11/2001,WCFC,2025,W,2.0,2.06,2.55,2.61,2.41,2.04,2.27,1.7,1.43,1.97,1.54,2.54,3.07,2.13,1.97,2.54,2.66,3.24,1.59,3.2
West Coast,24,Harvey Johnston,2005-08-18,185.0,Defender,6,20yr 8mth,Sandringham Dragons,2026.0,Non-Free Agent,2023.0,National,3.0,49.0,1.97,H.Johnston 18/8/2005,WCFC,2024,GD,1.82,2.21,2.3,1.58,2.56,1.32,2.7,1.71,2.85,1.92,2.16,1.62,1.4,3.79,1.61,2.46,2.24,1.3,0.53,2.47
West Coast,11,Tim Kelly,1994-07-26,184.0,MidfieldForward,169,31yr 8mth,South Fremantle,2027.0,Restricted Free Agent,2017.0,National,2.0,24.0,2.21,T.Kelly 26/7/1994,WCFC,2025,M,2.24,2.34,2.28,1.93,2.13,2.24,2.32,2.34,2.39,2.39,2.09,2.43,2.31,2.36,2.03,2.41,1.95,1.88,1.87,2.12
West Coast,5,Josh Lindsay,2007-04-07,183.0,Defender,5,19yr,Geelong Falcons,2028.0,Unknown,2025.0,National,1.0,19.0,,,,,,,,,,,,,,,,,,,,,,,,,
West Coast,13,Noah Long,2004-08-23,179.0,Forward,36,21yr 7mth,Bendigo Pioneeers,2026.0,Non-Free Agent,2022.0,National,5.0,58.0,1.89,N.Long 23/8/2004,WCFC,2025,GF,1.86,1.94,1.78,1.98,2.37,1.27,1.9,2.04,2.8,1.96,1.45,2.18,1.81,1.8,1.67,2.45,2.14,2.18,1.58,1.32
West Coast,45,Finlay Macrae,2002-03-13,188.0,MidfieldForward,21,24yr 1mth,Oakleigh Chargers,2026.0,Unrestricted Free Agent,2020.0,National,1.0,19.0,1.74,F.Macrae 13/3/2002,COFC,2024,M,1.56,1.91,1.45,2.01,1.63,1.24,2.59,1.16,1.5,1.8,2.85,1.67,1.07,1.8,1.33,2.41,2.41,1.88,0.61,2.3
West Coast,23,Ryan Maric,2004-09-06,196.0,Defender,52,21yr 7mth,Gippsland Power,2026.0,Non-Free Agent,2023.0,Mid-Season,1.0,1.0,2.46,R.Maric 6/9/2004,WCFC,2025,GD,2.59,2.63,2.08,2.34,2.5,2.38,1.8,2.94,2.57,2.78,2.26,2.63,1.83,2.17,2.26,2.46,2.39,2.5,2.04,2.42
West Coast,18,Tom McCarthy,2000-07-12,188.0,Defender,16,25yr 9mth,Richmond VFL,2028.0,Non-Free Agent,2025.0,Mid-Season,1.0,1.0,2.83,T.McCarthy 12/7/2000,WCFC,2025,GD,3.4,2.88,2.31,2.49,4.14,3.54,2.81,3.19,3.03,2.86,1.83,3.2,2.28,2.27,2.4,2.46,2.92,2.55,2.32,2.05
West Coast,47,Milan Murdock,2000-06-30,180.0,Midfield,3,25yr 9mth,East Fremantle,2026.0,Unknown,,,,,3.22,M.Murdock 30/6/2000,EFFC WAFL,2024,M,3.93,3.01,1.8,3.36,4.45,4.46,2.99,3.22,4.16,2.65,2.42,2.81,1.64,1.95,1.71,2.49,2.81,4.31,3.16,1.92
West Coast,46,Jacob Newton,2006-03-20,179.0,Forward,5,20yr,Norwood,2026.0,Non-Free Agent,2025.0,Mid-Season,1.0,9.0,3.88,J.Newton 20/3/2006,NRWD SA U18,2024,GF,4.74,3.54,4.01,2.79,5.0,5.0,3.66,4.31,4.65,2.88,3.52,4.01,3.25,4.51,4.2,2.44,2.5,2.52,4.39,3.14
West Coast,16,Matt Owies,1997-03-19,179.0,Forward,90,29yr 1mth,St Kevins,2027.0,Non-Free Agent,,,,,2.24,M.Owies 19/3/1997,WCFC,2025,GF,2.11,1.91,2.82,2.47,2.21,2.03,2.48,2.02,1.26,2.18,1.86,2.07,2.69,3.01,2.64,2.45,2.4,2.43,2.23,2.95
West Coast,22,Archer Reid,2005-09-19,203.0,Forward,20,20yr 7mth,Gippsland Power,2027.0,Non-Free Agent,2023.0,National,2.0,30.0,2.13,A.Reid 19/9/2005,WCFC,2025,KF,2.24,1.68,2.5,2.38,3.01,2.3,2.62,1.17,2.07,2.11,1.26,2.08,1.78,2.58,2.08,3.35,2.35,2.37,2.62,2.26
West Coast,9,Harley Reid,2005-04-17,187.0,Midfield,45,21yr,Bendigo Pioneers,2028.0,Non-Free Agent,2023.0,National,1.0,1.0,2.49,H.Reid 17/4/2005,WCFC,2025,M,2.7,2.43,2.5,2.2,2.54,3.01,3.56,2.1,1.84,2.37,3.23,2.45,2.1,3.25,1.54,2.41,2.35,2.11,2.03,2.14
West Coast,40,Deven Robertson,2001-06-30,185.0,MidfieldForward,51,24yr 9mth,Perth,2026.0,Unrestricted Free Agent,2019.0,National,1.0,22.0,3.09,D.Robertson 30/6/2001,BLR VFL,2024,M,3.65,2.9,2.14,3.11,4.49,3.52,2.8,3.12,3.88,2.61,2.1,2.98,1.97,2.29,2.1,2.47,2.9,3.58,2.81,2.39
West Coast,39,Fred Rodriguez,2000-01-01,,Forward,0,26yr 3mth,South Fremantle,2026.0,Unknown,2025.0,Rookie,1.0,1.0,,,,,,,,,,,,,,,,,,,,,,,,,
West Coast,48,Harry Schoenberg,2001-02-21,180.0,MidfieldForward,66,25yr 1mth,Woodville West Torrens,2026.0,Unrestricted Free Agent,2024.0,Rookie,1.0,3.0,2.21,H.Schoenberg 21/2/2001,AFC,2024,GF,2.63,2.42,1.57,1.71,3.35,2.69,2.89,2.17,3.49,2.48,2.1,1.97,1.58,1.55,1.6,2.44,2.02,1.57,1.6,1.43
West Coast,35,Jobe Shanahan,2006-08-02,195.0,Forward,15,19yr 8mth,Bendigo Pioneers,2028.0,Non-Free Agent,2024.0,National,2.0,30.0,2.38,J.Shanahan 2/8/2006,WCFC,2025,KF,1.8,2.47,2.77,2.32,1.69,1.88,1.38,2.07,2.5,2.8,2.48,1.85,3.49,2.97,2.55,1.9,2.17,2.24,3.26,1.99
West Coast,4,Brandon Starcevich,1999-07-24,188.0,Defender,132,26yr 8mth,East Perth,2031.0,Non-Free Agent,2017.0,National,1.0,18.0,2.09,B.Starcevich 24/7/1999,BFC,2025,GD,1.81,1.96,2.22,2.46,1.75,1.95,3.18,1.43,1.7,2.22,2.15,1.86,2.31,2.45,1.85,2.46,2.25,2.16,2.66,2.92
West Coast,2,Jake Waterman,1998-05-06,192.0,Forward,118,27yr 11mth,Claremont,2029.0,Unrestricted Free Agent,2016.0,National,6.0,77.0,2.54,J.Waterman 6/5/1998,WCFC,2025,KF,1.87,3.28,2.6,1.4,1.54,1.22,1.58,3.29,2.76,3.49,3.41,2.87,4.47,1.89,2.32,1.89,1.6,1.15,1.52,1.46
West Coast,32,Bailey J. Williams,2000-04-17,201.0,ForwardRuck,90,26yr,Dandenong Stingrays,,,,,,,2.93,B.Williams 10/10/1997,WBFC,2025,W,2.31,3.07,3.72,3.02,1.64,2.47,2.33,2.53,3.67,3.49,2.31,2.99,3.92,3.23,3.71,2.54,2.48,2.53,4.15,2.58
West Coast,34,Jack Williams,2003-12-01,198.0,Forward,42,22yr 4mth,East Fremantle,2026.0,Non-Free Agent,2021.0,National,4.0,57.0,2.37,J.Williams 1/12/2003,WCFC,2025,KF,2.3,2.22,2.63,2.34,2.95,2.16,1.79,2.14,2.28,1.79,2.3,2.61,2.44,2.57,2.65,2.88,2.52,2.4,2.14,2.1
West Coast,36,Tylah Williams,2007-02-22,176.0,MidfieldForward,0,19yr 1mth,Swan Districts,2027.0,Unknown,2025.0,National,3.0,39.0,,,,,,,,,,,,,,,,,,,,,,,,,
West Coast,6,Elliot Yeo,1993-10-01,191.0,MidfieldForward,216,32yr 6mth,East Fremantle,2027.0,Unrestricted Free Agent,,,,,2.91,E.Yeo 1/10/1993,WCFC,2024,M,3.4,2.56,2.07,3.18,4.07,4.15,2.82,2.08,1.88,2.68,2.91,2.87,1.38,2.65,1.99,2.41,3.33,3.46,2.02,2.6
West Coast,20,Tylar Young,1998-09-05,196.0,Defender,41,27yr 7mth,Richmond VFL,2028.0,Non-Free Agent,2022.0,Rookie,2.0,26.0,2.61,T.Young 5/9/1998,RFC,2025,KD,2.76,2.53,3.26,1.99,3.98,1.96,2.15,3.19,1.54,3.41,1.95,3.53,3.28,3.47,3.0,2.34,1.32,1.34,2.13,2.27
Western Bulldogs,13,Oskar Baker,1998-05-25,184.0,DefenderMidfieldForward,54,27yr 10mth,Aspley,2026.0,Unrestricted Free Agent,2017.0,National,3.0,48.0,2.65,O.Baker 25/5/1998,WBFC,2025,W,2.33,3.08,2.06,2.81,2.57,2.58,3.26,1.8,2.36,3.22,2.1,3.64,1.99,2.25,2.07,2.54,2.35,3.44,2.53,2.97
Western Bulldogs,4,Marcus Bontempelli,1995-11-24,194.0,Midfield,264,30yr 4mth,Northern Knights,2029.0,Unrestricted Free Agent,2013.0,National,1.0,4.0,3.37,M.Bontempelli 24/11/1995,WBFC,2025,M,3.28,3.71,3.29,3.07,3.47,3.25,2.61,3.44,3.46,3.39,4.24,4.04,3.22,3.36,3.26,2.41,3.01,3.18,2.45,3.55
Western Bulldogs,29,Lachlan Bramble,1998-04-19,182.0,DefenderForward,83,28yr,Box Hill,2026.0,Unrestricted Free Agent,,,,,2.4,L.Bramble 19/4/1998,WBFC,2025,GD,2.38,2.8,2.32,1.89,2.2,2.08,2.67,2.57,2.72,2.84,2.96,2.8,2.29,2.6,2.03,2.46,2.1,2.28,1.53,1.52
Western Bulldogs,19,Connor Budarick,2001-04-06,175.0,DefenderForward,60,25yr,Gold Coast Suns Academy,2028.0,Non-Free Agent,2019.0,Rookie,2.0,16.0,2.44,C.Budarick 6/4/2001,GCFC,2025,GF,2.32,2.14,2.89,2.8,1.77,2.18,2.18,2.74,2.67,2.46,1.58,2.18,2.53,2.66,4.03,2.45,2.47,2.77,4.3,2.63
Western Bulldogs,5,Jedd Busslinger,2004-03-11,198.0,Defender,7,22yr 1mth,East Perth,2026.0,Non-Free Agent,2022.0,National,1.0,13.0,2.62,J.Busslinger 11/3/2004,FTS VFL,2026,KD,2.97,3.33,1.92,2.71,2.92,2.73,2.87,3.33,3.73,3.1,2.3,3.73,1.92,2.19,1.6,2.46,2.33,3.01,2.67,2.71
Western Bulldogs,2,Lachlan Carmichael,2007-08-27,184.0,DefenderMidfield,0,18yr 7mth,Sydney Swans Academy,2027.0,Unknown,2025.0,National,1.0,21.0,,,,,,,,,,,,,,,,,,,,,,,,,
Western Bulldogs,36,Luke Cleary,2002-03-05,191.0,Defender,23,24yr 1mth,Sandringham Dragons,2027.0,Non-Free Agent,2021.0,National,4.0,61.0,2.82,L.Cleary 5/3/2002,FTS VFL,2026,GD,2.78,2.77,3.22,2.7,2.36,1.99,3.08,3.37,2.71,2.98,2.05,2.85,3.31,2.61,3.82,2.48,1.69,2.72,3.26,3.26
Western Bulldogs,17,Nicholas Coffield,1999-10-23,191.0,Defender,64,26yr 5mth,Northern Knights,2026.0,Non-Free Agent,2017.0,National,1.0,8.0,3.3,N.Coffield 23/10/1999,FTS VFL,2026,GD,2.97,3.46,4.3,2.79,1.64,2.67,2.06,3.83,3.83,3.44,2.34,3.4,4.36,4.32,4.21,2.48,1.69,1.86,4.65,3.26
Western Bulldogs,16,Jordan Croft,2005-05-12,201.0,Forward,7,20yr 11mth,Calder Cannons,2029.0,Non-Free Agent,2023.0,National,1.0,15.0,2.84,J.Croft 12/5/2005,WBFC,2025,KF,3.05,3.06,2.74,1.85,2.19,4.07,2.44,2.84,3.06,2.75,3.4,2.45,2.6,3.88,1.77,1.89,1.83,1.56,1.73,2.46
Western Bulldogs,31,Bailey Dale,1996-07-22,188.0,Defender,184,29yr 8mth,Dandenong Stingrays,2029.0,Unrestricted Free Agent,2014.0,National,3.0,45.0,2.99,B.Dale 22/7/1996,WBFC,2025,GD,3.42,3.57,2.56,2.0,2.94,3.22,3.6,3.68,3.52,3.71,2.93,3.73,2.05,2.56,3.14,2.46,1.27,1.6,3.41,1.72
Western Bulldogs,10,Sam Darcy,2003-07-19,208.0,Forward,51,22yr 9mth,Oakleigh Chargers,2029.0,Restricted Free Agent,2021.0,National,1.0,2.0,3.87,S.Darcy 19/7/2003,WBFC,2025,KF,4.07,3.98,4.02,2.52,4.79,4.96,2.69,2.94,3.85,3.8,4.24,3.49,3.45,5.0,4.17,3.13,2.3,2.36,3.09,2.7
Western Bulldogs,15,Will Darcy,2007-03-14,196.0,DefenderForward,0,19yr 1mth,Oakleigh Chargers,2027.0,Unknown,2025.0,National,8.0,60.0,,,,,,,,,,,,,,,,,,,,,,,,,
Western Bulldogs,42,Sam Davidson,2001-12-13,190.0,MidfieldForward,25,24yr 4mth,Richmond,2028.0,Non-Free Agent,2024.0,National,3.0,51.0,2.41,S.Davidson 13/12/2001,WBFC,2025,W,2.11,2.72,2.72,2.09,1.88,2.15,2.46,2.11,2.01,2.84,3.89,2.23,2.75,3.37,2.24,2.54,2.71,2.44,1.19,2.35
Western Bulldogs,26,Josh Dolan,2006-11-11,177.0,Forward,13,19yr 5mth,Sandringham Dragons,2028.0,Non-Free Agent,2024.0,National,2.0,31.0,3.25,J.Dolan 11/11/2006,FTS VFL,2026,GF,3.21,3.8,2.86,2.56,2.51,2.75,2.04,4.2,3.79,3.64,4.01,3.7,3.42,2.82,1.97,2.48,2.44,2.87,2.5,2.02
Western Bulldogs,25,Louis Emmett,2007-03-23,200.0,Ruck,2,19yr,Oakleigh Chargers,2027.0,Unknown,2025.0,National,2.0,27.0,,,,,,,,,,,,,,,,,,,,,,,,,
Western Bulldogs,44,Timothy English,1997-08-10,208.0,Ruck,158,28yr 8mth,South Fremantle,2029.0,Unrestricted Free Agent,2016.0,National,1.0,19.0,3.15,T.English 10/8/1997,WBFC,2025,R,2.86,3.53,3.22,2.74,2.66,2.55,2.22,3.93,3.1,3.78,3.44,3.8,4.68,2.71,3.49,3.0,2.78,2.65,3.18,2.52
Western Bulldogs,27,Joel Freijah,2005-11-14,191.0,MidfieldForward,42,20yr 5mth,Greater Western Victoria Rebels,2029.0,Non-Free Agent,2023.0,National,3.0,45.0,2.46,J.Freijah 14/11/2005,WBFC,2025,M,2.16,2.91,2.67,2.16,1.83,1.98,2.48,2.62,2.6,2.95,3.21,2.95,2.82,2.3,3.24,2.54,1.91,1.92,3.31,2.96
Western Bulldogs,12,Harvey Gallagher,2003-09-26,181.0,Defender,26,22yr 6mth,Bendigo Pioneers,2026.0,Non-Free Agent,2022.0,National,3.0,39.0,2.37,H.Gallagher 26/9/2003,FTS VFL,2026,M,1.95,2.26,4.22,1.86,1.67,1.5,2.72,2.33,1.73,2.93,1.7,2.33,3.95,4.53,4.02,2.49,1.55,1.6,2.5,3.51
Western Bulldogs,38,Riley Garcia,2001-01-30,178.0,MidfieldForward,39,25yr 2mth,Swan Districts,2027.0,Restricted Free Agent,2019.0,National,4.0,62.0,2.16,R.Garcia 30/1/2001,WBFC,2025,M,2.21,2.25,1.72,2.29,2.13,2.32,3.08,1.7,2.47,2.37,2.04,1.98,1.41,1.83,2.02,2.41,2.42,2.57,1.38,1.51
Western Bulldogs,43,Ryan Gardner,1997-06-01,197.0,Defender,54,28yr 10mth,Burnie Dockers,2026.0,Unrestricted Free Agent,2015.0,National,4.0,59.0,3.01,R.Gardner 1/6/1997,FTS VFL,2026,KD,2.95,3.01,3.31,2.78,4.56,2.74,1.84,2.69,3.37,2.88,2.16,2.94,3.07,3.08,3.73,2.36,2.33,2.03,2.5,3.32
Western Bulldogs,22,James Harmes,1995-10-05,186.0,Midfield,174,30yr 6mth,Dandenong Stingrays,2026.0,Non-Free Agent,2013.0,Rookie,1.0,2.0,2.75,J.Harmes 5/10/1995,WBFC,2025,W,3.13,2.51,2.74,2.63,2.32,2.89,2.83,3.78,3.43,2.13,3.6,2.03,2.24,3.13,3.32,2.54,2.75,2.43,3.17,2.13
Western Bulldogs,6,Cooper Hynes,2006-02-28,190.0,Forward,13,20yr 1mth,Dandenong Stingrays,2027.0,Non-Free Agent,2024.0,National,1.0,20.0,2.11,C.Hynes 28/2/2006,WBFC,2025,GF,1.96,1.94,2.71,2.03,1.48,2.15,3.66,1.65,2.17,1.94,2.0,1.58,1.72,3.32,3.07,2.45,2.22,1.75,2.73,1.88
Western Bulldogs,11,Lachie Jaques,2006-06-01,184.0,Defender,5,19yr 10mth,Geelong Falcons,2028.0,Non-Free Agent,2024.0,National,2.0,29.0,3.49,L.Jaques 1/6/2006,GFFC Boys,2024,GD,3.76,3.22,4.32,3.1,3.29,3.8,3.6,3.93,2.45,3.84,2.4,3.86,4.05,3.99,5.0,2.46,2.33,3.46,3.85,2.55
Western Bulldogs,32,Arthur Jones,2003-07-18,180.0,MidfieldForward,20,22yr 9mth,Claremont,2026.0,Non-Free Agent,2021.0,National,3.0,43.0,1.16,A.Jones 18/7/2003,WBFC,2025,M,0.78,1.06,1.35,1.83,0.68,0.54,1.86,0.49,0.9,1.31,1.34,0.53,1.02,1.64,1.29,2.41,1.85,2.25,0.58,1.32
Western Bulldogs,35,Luke Kennedy,2006-10-11,181.0,Midfield,0,19yr 6mth,Sandringham Dragons,2026.0,Non-Free Agent,2024.0,National,4.0,62.0,2.32,L.Kennedy 11/10/2006,FTS VFL,2026,M,2.17,2.28,2.46,2.51,2.18,2.09,2.18,2.23,1.67,2.7,2.32,2.29,1.76,3.33,1.7,2.49,2.37,2.71,2.5,2.25
Western Bulldogs,8,Matthew Kennedy,1997-04-06,188.0,Midfield,147,29yr,Collingullie Ashmont Kapooka,2027.0,Unrestricted Free Agent,2015.0,National,1.0,13.0,2.88,M.Kennedy 6/4/1997,WBFC,2025,M,2.78,2.89,3.18,2.79,3.02,2.65,2.1,2.99,2.82,2.72,3.41,2.76,3.39,2.99,3.24,2.41,3.03,2.75,1.97,2.82
Western Bulldogs,24,Buku Khamis,2000-03-24,191.0,DefenderForward,47,26yr,Western Jets,2026.0,Restricted Free Agent,,,,,2.65,B.Khamis 24/3/2000,WBFC,2025,KF,2.34,2.49,2.75,3.76,2.35,1.81,2.08,3.23,3.63,3.22,1.95,2.27,2.67,1.94,5.0,2.48,3.02,3.09,5.0,4.73
Western Bulldogs,28,Will Lewis,1999-05-05,194.0,Forward,2,26yr 11mth,Footscray VFL,2026.0,Unknown,,,,,3.17,W.Lewis 5/5/1999,FTS VFL,2026,KF,3.16,3.87,2.31,3.37,2.13,3.41,4.15,3.26,2.08,2.81,4.96,3.18,2.85,2.21,2.04,2.05,4.6,3.29,2.5,2.32
Western Bulldogs,21,Thomas Liberatore,1992-05-16,184.0,Midfield,261,33yr 11mth,Calder Cannons,2026.0,Unrestricted Free Agent,2010.0,National,2.0,41.0,3.01,T.Liberatore 16/5/1992,WBFC,2025,M,3.39,2.9,2.28,3.07,3.76,3.9,2.07,3.16,3.41,2.96,2.12,2.92,2.63,2.07,2.16,2.41,3.1,3.04,3.24,2.86
Western Bulldogs,7,Rory Lobb,1993-02-09,207.0,Defender,205,33yr 2mth,Swan Districts,2027.0,Non-Free Agent,2013.0,National,2.0,29.0,2.89,R.Lobb 9/2/1993,WBFC,2025,KD,2.8,2.57,3.09,2.91,3.23,3.24,2.18,2.3,2.31,2.45,3.37,3.23,2.67,3.36,3.08,2.97,2.94,2.6,2.85,3.06
Western Bulldogs,30,Lachlan McNeil,2001-09-02,184.0,Forward,76,24yr 7mth,Woodville-West Torrens,2026.0,Unrestricted Free Agent,2023.0,Rookie,1.0,10.0,3.06,L.McNeil 2/9/2001,FTS VFL,2026,GF,3.39,3.16,2.79,2.54,3.26,3.43,2.09,3.75,4.22,2.86,2.71,3.84,2.44,2.53,3.98,2.48,1.74,3.21,2.5,2.66
Western Bulldogs,33,Aaron Naughton,1999-11-30,196.0,Forward,172,26yr 4mth,Peel Thunder,2032.0,Unrestricted Free Agent,2017.0,National,1.0,9.0,3.02,A.Naughton 30/11/1999,WBFC,2025,KF,2.81,3.49,2.81,2.57,2.11,3.03,2.44,3.43,2.39,3.06,3.99,3.24,3.54,3.21,2.07,1.95,2.66,2.83,2.01,2.41
Western Bulldogs,18,James O'Donnell,2002-08-31,197.0,Defender,54,23yr 7mth,Cricket,2027.0,Non-Free Agent,,,,,2.42,J.O'Donnell 31/8/2002,WBFC,2025,KD,2.26,2.38,2.53,2.43,2.14,2.44,2.13,2.19,2.28,2.18,3.27,2.65,2.11,2.63,2.71,2.52,2.43,2.38,2.53,2.38
Western Bulldogs,20,Ed Richards,1999-07-03,188.0,Midfield,153,26yr 9mth,Oakleigh Chargers,2030.0,Unrestricted Free Agent,2017.0,National,1.0,16.0,2.94,E.Richards 3/7/1999,WBFC,2025,M,3.2,3.31,2.35,2.37,3.33,3.22,2.9,3.17,2.6,3.23,3.67,4.0,2.45,2.25,2.4,2.41,2.2,2.3,2.77,2.9
Western Bulldogs,9,Ryley Sanders,2005-01-21,186.0,MidfieldForward,40,21yr 2mth,Sandringham Dragons,2028.0,Non-Free Agent,2023.0,National,1.0,6.0,2.28,R.Sanders 21/1/2005,WBFC,2025,M,1.88,2.74,2.63,2.05,1.42,1.61,2.27,2.56,3.58,2.47,2.82,2.07,2.43,2.92,2.29,2.41,1.92,2.17,2.33,1.82
Western Bulldogs,37,Michael Sellwood,2003-10-02,186.0,Defender,6,22yr 6mth,Peel Thunder,2026.0,Non-Free Agent,2025.0,Mid-Season,1.0,5.0,3.17,M.Sellwood 2/10/2003,PTFC WAFL,2024,GD,2.87,2.81,4.67,3.07,2.03,2.93,2.89,3.11,2.4,3.43,1.98,2.86,3.93,4.82,5.0,2.49,2.34,3.24,3.9,2.7
Western Bulldogs,40,Lachlan Smith,2005-10-05,203.0,Ruck,0,20yr 6mth,Gippsland Power,2026.0,Non-Free Agent,2011.0,Rookie,1.0,17.0,2.42,L.Smith 5/10/2005,FTS VFL,2026,R,2.55,2.67,2.19,2.43,2.52,2.53,2.3,2.79,2.94,2.45,2.77,2.53,1.68,1.82,2.33,2.47,2.81,3.14,2.5,1.66
Western Bulldogs,1,Adam Treloar,1993-03-09,185.0,MidfieldForward,258,33yr 1mth,Aspendale,2026.0,Non-Free Agent,,,,,3.02,A.Treloar 9/3/1993,FTS VFL,2026,M,3.45,3.11,2.71,2.35,3.88,3.22,1.79,4.09,4.97,2.04,2.13,3.67,3.34,2.13,2.9,2.49,1.55,3.16,2.5,2.2
Western Bulldogs,23,Laitham Vandermeer,1999-02-03,182.0,Forward,87,27yr 2mth,Murray Bushrangers,2028.0,Unrestricted Free Agent,2018.0,National,2.0,37.0,2.37,L.Vandermeer 3/2/1999,WBFC,2025,GF,2.31,2.54,2.44,2.0,1.68,2.54,2.31,2.44,3.06,2.56,2.3,2.55,3.05,2.12,2.08,2.45,2.0,1.97,1.82,2.18
Western Bulldogs,41,Zac Walker,2006-03-03,191.0,Defender,0,20yr 1mth,Gippsland,2026.0,Non-Free Agent,2025.0,Mid-Season,1.0,12.0,,,,,,,,,,,,,,,,,,,,,,,,,
Western Bulldogs,3,Cody Weightman,2001-01-15,179.0,Forward,76,25yr 3mth,Dandenong Stingrays,2027.0,Restricted Free Agent,2019.0,National,1.0,15.0,2.62,C.Weightman 15/1/2001,WBFC,2024,GF,2.4,2.74,2.46,3.02,2.19,2.82,2.9,2.07,1.99,2.21,3.77,2.34,2.55,2.23,2.81,2.44,3.14,3.29,2.52,2.34
Western Bulldogs,14,Rhylee West,2000-07-12,183.0,Forward,87,25yr 9mth,Calder Cannons,2030.0,Unrestricted Free Agent,2018.0,National,2.0,26.0,3.13,R.West 12/7/2000,WBFC,2025,GF,3.37,3.15,2.67,3.22,3.21,3.89,3.83,2.93,2.87,2.62,3.99,2.7,2.69,2.96,1.98,2.45,3.35,3.19,2.8,3.28
Western Bulldogs,34,Bailey Williams,1997-10-10,190.0,DefenderMidfield,180,28yr 6mth,Glenelg,2027.0,Unrestricted Free Agent,2018.0,National,2.0,35.0,2.93,B.Williams 10/10/1997,WBFC,2025,W,2.31,3.07,3.72,3.02,1.64,2.47,2.33,2.53,3.67,3.49,2.31,2.99,3.92,3.23,3.71,2.54,2.48,2.53,4.15,2.58
