==========================================
AFL Dashboard – Scheduled Update
Thu Mar 12 07:06:47 AEDT 2026
==========================================
Using conda env: afl
2026-03-12 07:06:49,951 [INFO] Log file: /Users/marcuswagner/coding/AFL_dashboard/logs/scheduled_update_2026-03-12_0706.log
2026-03-12 07:06:49,951 [INFO] ============================================================
2026-03-12 07:06:49,951 [INFO] AFL Dashboard – Scheduled Data Update
2026-03-12 07:06:49,951 [INFO] Date: Thursday 12 March 2026 07:06
2026-03-12 07:06:49,951 [INFO] Mode: FULL
2026-03-12 07:06:49,951 [INFO] ============================================================
2026-03-12 07:06:49,951 [INFO] Python: /opt/homebrew/Caskroom/miniconda/base/envs/afl/bin/python
2026-03-12 07:06:49,951 [INFO] 
Steps to run (1):
2026-03-12 07:06:49,951 [INFO]   • wheelo_ratings: Scrape Wheelo team & player ratings (Selenium) [SLOW]
2026-03-12 07:06:49,951 [INFO] 
2026-03-12 07:06:49,951 [INFO] START [wheelo_ratings] Scrape Wheelo team & player ratings (Selenium)
2026-03-12 07:06:49,951 [INFO]   Running: /opt/homebrew/Caskroom/miniconda/base/envs/afl/bin/python /Users/marcuswagner/coding/AFL_dashboard/scrape_wheelo_ratings.py --all
2026-03-12 07:52:51,920 [INFO]   DONE [wheelo_ratings] in 2762.0s
2026-03-12 07:52:51,921 [INFO]     | 📊 Team Stats downloaded: 3 files
2026-03-12 07:52:51,921 [INFO]     | 📊 Player Stats downloaded: 3 files
2026-03-12 07:52:51,921 [INFO]     | 📊 Squad Lists downloaded: 1 file
2026-03-12 07:52:51,921 [INFO]     | 
2026-03-12 07:52:51,921 [INFO]     | 📁 CSV files saved in: /Users/marcuswagner/coding/AFL_dashboard/wheelo_downloads
2026-03-12 07:52:51,921 [INFO] 
2026-03-12 07:52:51,921 [INFO] ============================================================
2026-03-12 07:52:51,921 [INFO] UPDATE SUMMARY
2026-03-12 07:52:51,921 [INFO] ============================================================
2026-03-12 07:52:51,921 [INFO]   ✓ wheelo_ratings: OK
2026-03-12 07:52:51,921 [INFO] 
2026-03-12 07:52:51,921 [INFO] Results: 1 passed, 0 failed, 0 skipped
2026-03-12 07:52:51,921 [INFO] Total time: 2762s (46.0 min)
2026-03-12 07:52:51,921 [INFO] Log: /Users/marcuswagner/coding/AFL_dashboard/logs/scheduled_update_2026-03-12_0706.log
2026-03-12 07:52:51,921 [INFO] 
✅ All steps completed successfully!
2026-03-12 07:52:52,044 [INFO] Email sent via mailx to marcus.wagner@futureedgesport.com.au
==========================================
AFL Dashboard – Scheduled Update
Fri Mar 13 07:02:21 AEDT 2026
==========================================
==========================================
AFL Dashboard – Scheduled Update
Fri Mar 13 07:02:21 AEDT 2026
==========================================
Using conda env: afl
Using conda env: afl
2026-03-13 07:02:25,778 [INFO] Log file: /Users/marcuswagner/coding/AFL_dashboard/logs/scheduled_update_2026-03-13_0702.log
2026-03-13 07:02:25,778 [INFO] Log file: /Users/marcuswagner/coding/AFL_dashboard/logs/scheduled_update_2026-03-13_0702.log
2026-03-13 07:02:25,778 [INFO] ============================================================
2026-03-13 07:02:25,779 [INFO] ============================================================
2026-03-13 07:02:25,779 [INFO] AFL Dashboard – Scheduled Data Update
2026-03-13 07:02:25,779 [INFO] AFL Dashboard – Scheduled Data Update
2026-03-13 07:02:25,779 [INFO] Date: Friday 13 March 2026 07:02
2026-03-13 07:02:25,779 [INFO] Date: Friday 13 March 2026 07:02
2026-03-13 07:02:25,779 [INFO] Mode: FULL
2026-03-13 07:02:25,779 [INFO] Mode: FULL
2026-03-13 07:02:25,779 [INFO] ============================================================
2026-03-13 07:02:25,779 [INFO] ============================================================
2026-03-13 07:02:25,779 [INFO] Python: /opt/homebrew/Caskroom/miniconda/base/envs/afl/bin/python
2026-03-13 07:02:25,779 [INFO] Python: /opt/homebrew/Caskroom/miniconda/base/envs/afl/bin/python
2026-03-13 07:02:25,779 [INFO] 
Steps to run (1):
2026-03-13 07:02:25,779 [INFO] 
Steps to run (14):
2026-03-13 07:02:25,779 [INFO]   • wheelo_ratings: Scrape Wheelo team & player ratings (Selenium) [SLOW]
2026-03-13 07:02:25,779 [INFO]   • footywire_squads: Scrape player squads from Footywire
2026-03-13 07:02:25,779 [INFO] 
2026-03-13 07:02:25,779 [INFO]   • footywire_extended: Scrape contracts & draft history from Footywire
2026-03-13 07:02:25,780 [INFO]   • afl_ladders: Scrape AFL ladder standings from Footywire (current season)
2026-03-13 07:02:25,780 [INFO] START [wheelo_ratings] Scrape Wheelo team & player ratings (Selenium)
2026-03-13 07:02:25,780 [INFO]   • wheelo_ratings: Scrape Wheelo team & player ratings (Selenium) [SLOW]
2026-03-13 07:02:25,780 [INFO]   Running: /opt/homebrew/Caskroom/miniconda/base/envs/afl/bin/python /Users/marcuswagner/coding/AFL_dashboard/scrape_wheelo_ratings.py --all
2026-03-13 07:02:25,780 [INFO]   • traits_api: Fetch Traits API data for current-season players [SLOW]
2026-03-13 07:02:25,780 [INFO]   • wheelo_to_raw: Copy Wheelo team stats to raw data folder for ratings pipeline
2026-03-13 07:02:25,780 [INFO]   • build_season: Build season data files (squads, stats, traits CSVs)
2026-03-13 07:02:25,780 [INFO]   • wheelo_player_to_raw: Merge Wheelo player season data (matches, ratings) into raw player CSVs
2026-03-13 07:02:25,780 [INFO]   • regenerate_ratings: Regenerate computed team summaries and ladders
2026-03-13 07:02:25,780 [INFO]   • refresh_master_ladders: Update master workbook Team_Ladders_All with freshly-scraped ladder data
2026-03-13 07:02:25,780 [INFO]   • update_photos: Download photos for any new/missing players [SLOW]
2026-03-13 07:02:25,780 [INFO]   • validate_freshness: Validate pipeline output files are present and fresh
2026-03-13 07:02:25,781 [INFO]   • validate_schemas: Validate CSV output schemas (columns, row counts, data quality)
2026-03-13 07:02:25,781 [INFO]   • data_diff_check: Compare pipeline outputs against backups and alert on anomalies
2026-03-13 07:02:25,781 [INFO] 
2026-03-13 07:02:25,781 [INFO] START [footywire_squads] Scrape player squads from Footywire
2026-03-13 07:02:25,781 [INFO]   Running: /opt/homebrew/Caskroom/miniconda/base/envs/afl/bin/python /Users/marcuswagner/coding/AFL_dashboard/scrape_footywire.py 
2026-03-13 07:03:00,083 [INFO]   DONE [footywire_squads] in 34.3s
2026-03-13 07:03:00,083 [INFO]     | DefenderRuck          1
2026-03-13 07:03:00,083 [INFO]     | Name: count, dtype: int64
2026-03-13 07:03:00,083 [INFO]     | 
2026-03-13 07:03:00,083 [INFO]     | 
2026-03-13 07:03:00,083 [INFO]     | Updated DOB cache: 0 new entries
2026-03-13 07:03:00,083 [INFO] START [footywire_extended] Scrape contracts & draft history from Footywire
2026-03-13 07:03:00,083 [INFO]   Running: /opt/homebrew/Caskroom/miniconda/base/envs/afl/bin/python /Users/marcuswagner/coding/AFL_dashboard/scrape_footywire_extended.py --current-only
2026-03-13 07:36:04,884 [INFO]   DONE [wheelo_ratings] in 2019.1s
2026-03-13 07:36:04,884 [INFO]     | 📊 Team Stats downloaded: 3 files
2026-03-13 07:36:04,888 [INFO]     | 📊 Player Stats downloaded: 3 files
2026-03-13 07:36:04,888 [INFO]     | 📊 Squad Lists downloaded: 1 file
2026-03-13 07:36:04,888 [INFO]     | 
2026-03-13 07:36:04,888 [INFO]     | 📁 CSV files saved in: /Users/marcuswagner/coding/AFL_dashboard/wheelo_downloads
2026-03-13 07:36:04,888 [INFO] 
2026-03-13 07:36:04,888 [INFO] ============================================================
2026-03-13 07:36:04,888 [INFO] UPDATE SUMMARY
2026-03-13 07:36:04,888 [INFO] ============================================================
2026-03-13 07:36:04,888 [INFO]   ✓ wheelo_ratings: OK
2026-03-13 07:36:04,888 [INFO] 
2026-03-13 07:36:04,888 [INFO] Results: 1 passed, 0 failed, 0 skipped
2026-03-13 07:36:04,888 [INFO] Total time: 2019s (33.7 min)
2026-03-13 07:36:04,888 [INFO] Log: /Users/marcuswagner/coding/AFL_dashboard/logs/scheduled_update_2026-03-13_0702.log
2026-03-13 07:36:04,889 [INFO] 
✅ All steps completed successfully!
2026-03-13 07:36:12,704 [INFO] Email sent to marcus.wagner@futureedgesport.com.au
2026-03-13 09:29:19,855 [INFO]   DONE [footywire_extended] in 8779.8s
2026-03-13 09:29:19,856 [INFO]     | 5  Adelaide    Brayden Cook           2026.0           Non-Free Agent      2020.0    National          1.0        25.0
2026-03-13 09:29:19,856 [INFO]     | 6  Adelaide     Indy Cotton           2027.0                  Unknown         NaN        None          NaN         NaN
2026-03-13 09:29:19,856 [INFO]     | 7  Adelaide   Isaac Cumming           2030.0           Non-Free Agent      2016.0    National          1.0        20.0
2026-03-13 09:29:19,856 [INFO]     | 8  Adelaide   Daniel Curtin           2029.0           Non-Free Agent      2023.0    National          1.0         8.0
2026-03-13 09:29:19,856 [INFO]     | 9  Adelaide   Jordan Dawson           2029.0    Restricted Free Agent      2015.0    National          4.0        56.0
2026-03-13 09:29:19,856 [INFO] START [afl_ladders] Scrape AFL ladder standings from Footywire (current season)
2026-03-13 09:29:19,856 [INFO]   Running: /opt/homebrew/Caskroom/miniconda/base/envs/afl/bin/python /Users/marcuswagner/coding/AFL_dashboard/scrape_afl_ladders.py --current-only
2026-03-13 09:29:24,579 [INFO]   DONE [afl_ladders] in 4.7s
2026-03-13 09:29:24,579 [INFO]     |   2026: 11 teams
2026-03-13 09:29:24,579 [INFO]     | 
2026-03-13 09:29:24,579 [INFO]     | ============================================================
2026-03-13 09:29:24,579 [INFO]     | Completed: 2026-03-13 09:29:24
2026-03-13 09:29:24,579 [INFO]     | ============================================================
2026-03-13 09:29:24,579 [INFO] START [wheelo_ratings] Scrape Wheelo team & player ratings (Selenium)
2026-03-13 09:29:24,579 [INFO]   Running: /opt/homebrew/Caskroom/miniconda/base/envs/afl/bin/python /Users/marcuswagner/coding/AFL_dashboard/scrape_wheelo_ratings.py --all
2026-03-13 09:30:19,374 [INFO]   DONE [wheelo_ratings] in 54.8s
2026-03-13 09:30:19,374 [INFO]     | 📊 Team Stats downloaded: 3 files
2026-03-13 09:30:19,374 [INFO]     | 📊 Player Stats downloaded: 3 files
2026-03-13 09:30:19,374 [INFO]     | 📊 Squad Lists downloaded: 1 file
2026-03-13 09:30:19,374 [INFO]     | 
2026-03-13 09:30:19,374 [INFO]     | 📁 CSV files saved in: /Users/marcuswagner/coding/AFL_dashboard/wheelo_downloads
2026-03-13 09:30:19,374 [INFO] START [traits_api] Fetch Traits API data for current-season players
2026-03-13 09:30:19,374 [INFO]   Running: /opt/homebrew/Caskroom/miniconda/base/envs/afl/bin/python /Users/marcuswagner/coding/AFL_dashboard/run_traits_api.py 
2026-03-13 09:38:13,421 [INFO]   DONE [traits_api] in 474.0s
2026-03-13 09:38:13,423 [INFO]     | 11      Sid Draper  Adelaide           1.38               None           None
2026-03-13 09:38:13,423 [INFO]     | 
2026-03-13 09:38:13,423 [INFO]     | Top 10 Overall Rated Players:
2026-03-13 09:38:13,423 [INFO]     | 
2026-03-13 09:38:13,423 [INFO]     | ⚠️  Dataset enhancement failed: Column 'Overall_Rating' has dtype object, cannot use method 'nlargest' with this dtype
2026-03-13 09:38:13,423 [INFO] START [wheelo_to_raw] Copy Wheelo team stats to raw data folder for ratings pipeline
2026-03-13 09:38:13,978 [INFO]   Backed up team_stats_2026.csv → backups/team_stats_2026_20260313_093813.csv
2026-03-13 09:38:13,980 [INFO]   Copied Wheelo 2026 Season -> team_stats_2026.csv (11 teams)
2026-03-13 09:38:14,000 [INFO]   Copied Wheelo 2026 L10 -> team_stats_2026_L10.csv (18 teams)
2026-03-13 09:38:14,023 [INFO]   Copied Wheelo 2026 L5 -> team_stats_2026_L5.csv (18 teams)
2026-03-13 09:38:14,023 [INFO]   DONE [wheelo_to_raw] in 0.6s
2026-03-13 09:38:14,023 [INFO] START [build_season] Build season data files (squads, stats, traits CSVs)
2026-03-13 09:38:14,023 [INFO]   Running: /opt/homebrew/Caskroom/miniconda/base/envs/afl/bin/python /Users/marcuswagner/coding/AFL_dashboard/build_season_data.py 
2026-03-13 09:38:14,361 [INFO]   DONE [build_season] in 0.3s
2026-03-13 09:38:14,361 [INFO]     |   Western Bulldogs      43 players  Avg Age: 24.3  Avg Games: 72
2026-03-13 09:38:14,361 [INFO]     | 
2026-03-13 09:38:14,361 [INFO]     | ============================================================
2026-03-13 09:38:14,361 [INFO]     | ✅ 2026 DATA BUILD COMPLETE
2026-03-13 09:38:14,361 [INFO]     | ============================================================
2026-03-13 09:38:14,361 [INFO] START [wheelo_player_to_raw] Merge Wheelo player season data (matches, ratings) into raw player CSVs
2026-03-13 09:38:14,433 [INFO]   Wheelo Wheelo 2026 Season: 255 players, 11 teams
2026-03-13 09:38:14,447 [INFO]   Name mappings (24): {'Lachie Fogarty': 'Lachlan Fogarty', 'Tom Liberatore': 'Thomas Liberatore', 'Sam Collins': 'Samuel Collins', 'Tom Stewart': 'Thomas Stewart', 'Tim English': 'Timothy English', 'Connor Macdonald': 'Connor MacDonald', 'Matt Roberts': 'Matthew Roberts', 'Mitch Owens': 'Mitchito Owens', 'Josh Weddle': 'Joshua Weddle', 'Oliver Dempsey': 'Ollie Dempsey', 'Lachie Ash': 'Lachlan Ash', 'Lachie Weller': 'Lachlan Weller', 'Sam Grlj': 'Samuel Grlj', 'Brad Close': 'Bradley Close', 'Jack Macrae': 'Jackson Macrae', 'Joe Fonti': 'Joseph Fonti', 'Lachie Schultz': 'Lachlan Schultz', 'Zac Williams': 'Zachary Williams', 'Leonardo Lombard': 'Leo Lombard', 'Cam Rayner': 'Cameron Rayner', 'Harry Himmelberg': 'Harrison Himmelberg', 'Mitch Lewis': 'Mitchell Lewis', 'Matthew Carroll': 'Matt Carroll', 'Mitch Knevitt': 'Mitchell Knevitt'}
2026-03-13 09:38:14,454 [INFO]   Backed up player_stats_2026.csv → backups/player_stats_2026_20260313_093814.csv
2026-03-13 09:38:14,456 [INFO]   Updated player_stats_2026.csv: 255 players with matches from Wheelo
2026-03-13 09:38:14,472 [INFO]   Backed up squads_2026.csv → backups/squads_2026_20260313_093814.csv
2026-03-13 09:38:14,474 [INFO]   Updated squads_2026.csv: 255 players matched from Wheelo
2026-03-13 09:38:14,474 [INFO]   DONE [wheelo_player_to_raw] in 0.1s
2026-03-13 09:38:14,474 [INFO] START [regenerate_ratings] Regenerate computed team summaries and ladders
2026-03-13 09:38:14,474 [INFO]   Running: /opt/homebrew/Caskroom/miniconda/base/envs/afl/bin/python /Users/marcuswagner/coding/AFL_dashboard/regenerate_ratings.py 
2026-03-13 09:38:14,795 [INFO]   DONE [regenerate_ratings] in 0.3s
2026-03-13 09:38:14,795 [INFO]     | Skipping 2025 Last 5 - no raw data
2026-03-13 09:38:14,795 [INFO]     | 
2026-03-13 09:38:14,795 [INFO]     | ============================================================
2026-03-13 09:38:14,795 [INFO]     | DONE!
2026-03-13 09:38:14,795 [INFO]     | ============================================================
2026-03-13 09:38:14,795 [INFO] START [refresh_master_ladders] Update master workbook Team_Ladders_All with freshly-scraped ladder data
2026-03-13 09:38:28,292 [INFO]   Refreshed Team_Ladders_All: 280 rows
2026-03-13 09:38:28,296 [INFO]   DONE [refresh_master_ladders] in 13.5s
2026-03-13 09:38:28,296 [INFO] START [update_photos] Download photos for any new/missing players
2026-03-13 09:38:28,296 [INFO]   Running: /opt/homebrew/Caskroom/miniconda/base/envs/afl/bin/python /Users/marcuswagner/coding/AFL_dashboard/auto_update_photos.py 
2026-03-13 09:42:03,201 [INFO]   DONE [update_photos] in 214.9s
2026-03-13 09:42:03,202 [INFO]     | 
2026-03-13 09:42:03,203 [INFO] START [validate_freshness] Validate pipeline output files are present and fresh
2026-03-13 09:42:03,203 [INFO]   Running: /opt/homebrew/Caskroom/miniconda/base/envs/afl/bin/python /Users/marcuswagner/coding/AFL_dashboard/validate_pipeline_freshness.py 
2026-03-13 09:42:03,237 [INFO]   DONE [validate_freshness] in 0.0s
2026-03-13 09:42:03,237 [INFO]     |   ✓ FRESH    footywire_drafts_history.csv  (09:29)
2026-03-13 09:42:03,237 [INFO]     |   ✓ FRESH    footywire_2026_with_traits.csv  (09:38)
2026-03-13 09:42:03,237 [INFO]     |   ✓ FRESH    traits_2026.csv  (09:38)
2026-03-13 09:42:03,237 [INFO]     | 
2026-03-13 09:42:03,237 [INFO]     | ✅ All required files are present and fresh.
2026-03-13 09:42:03,237 [INFO] START [validate_schemas] Validate CSV output schemas (columns, row counts, data quality)
2026-03-13 09:42:03,259 [INFO]   DONE [validate_schemas] 0 warning(s) in 0.0s
2026-03-13 09:42:03,259 [INFO] START [data_diff_check] Compare pipeline outputs against backups and alert on anomalies
2026-03-13 09:42:03,270 [INFO]   DONE [data_diff_check] no anomalies in 0.0s
2026-03-13 09:42:03,270 [INFO] 
2026-03-13 09:42:03,270 [INFO] ============================================================
2026-03-13 09:42:03,270 [INFO] UPDATE SUMMARY
2026-03-13 09:42:03,270 [INFO] ============================================================
2026-03-13 09:42:03,270 [INFO]   ✓ footywire_squads: OK
2026-03-13 09:42:03,270 [INFO]   ✓ footywire_extended: OK
2026-03-13 09:42:03,270 [INFO]   ✓ afl_ladders: OK
2026-03-13 09:42:03,270 [INFO]   ✓ wheelo_ratings: OK
2026-03-13 09:42:03,270 [INFO]   ✓ traits_api: OK
2026-03-13 09:42:03,270 [INFO]   ✓ wheelo_to_raw: OK
2026-03-13 09:42:03,270 [INFO]   ✓ build_season: OK
2026-03-13 09:42:03,270 [INFO]   ✓ wheelo_player_to_raw: OK
2026-03-13 09:42:03,270 [INFO]   ✓ regenerate_ratings: OK
2026-03-13 09:42:03,270 [INFO]   ✓ refresh_master_ladders: OK
2026-03-13 09:42:03,270 [INFO]   ✓ update_photos: OK
2026-03-13 09:42:03,270 [INFO]   ✓ validate_freshness: OK
2026-03-13 09:42:03,270 [INFO]   ✓ validate_schemas: OK
2026-03-13 09:42:03,270 [INFO]   ✓ data_diff_check: OK
2026-03-13 09:42:03,270 [INFO] 
2026-03-13 09:42:03,270 [INFO] Results: 14 passed, 0 failed, 0 skipped
2026-03-13 09:42:03,270 [INFO] Total time: 9577s (159.6 min)
2026-03-13 09:42:03,270 [INFO] Log: /Users/marcuswagner/coding/AFL_dashboard/logs/scheduled_update_2026-03-13_0702.log
2026-03-13 09:42:03,270 [INFO] 
✅ All steps completed successfully!
2026-03-13 09:42:09,842 [INFO] Email sent to marcus.wagner@futureedgesport.com.au
==========================================
AFL Dashboard – Scheduled Update
Sat Mar 14 07:00:01 AEDT 2026
==========================================
Using conda env: afl
2026-03-14 07:00:03,271 [INFO] Log file: /Users/marcuswagner/coding/AFL_dashboard/logs/scheduled_update_2026-03-14_0700.log
2026-03-14 07:00:03,271 [INFO] ============================================================
2026-03-14 07:00:03,271 [INFO] AFL Dashboard – Scheduled Data Update
2026-03-14 07:00:03,271 [INFO] Date: Saturday 14 March 2026 07:00
2026-03-14 07:00:03,271 [INFO] Mode: FULL
2026-03-14 07:00:03,271 [INFO] ============================================================
2026-03-14 07:00:03,271 [INFO] Python: /opt/homebrew/Caskroom/miniconda/base/envs/afl/bin/python
2026-03-14 07:00:03,271 [INFO] 
Steps to run (1):
2026-03-14 07:00:03,271 [INFO]   • wheelo_ratings: Scrape Wheelo team & player ratings (Selenium) [SLOW]
2026-03-14 07:00:03,271 [INFO] 
2026-03-14 07:00:03,271 [INFO] START [wheelo_ratings] Scrape Wheelo team & player ratings (Selenium)
2026-03-14 07:00:03,271 [INFO]   Running: /opt/homebrew/Caskroom/miniconda/base/envs/afl/bin/python /Users/marcuswagner/coding/AFL_dashboard/scrape_wheelo_ratings.py --all
2026-03-14 07:00:15,147 [ERROR]   FAILED [wheelo_ratings] exit code 1 (11.9s)
2026-03-14 07:00:15,147 [ERROR]     | Traceback (most recent call last):
2026-03-14 07:00:15,147 [ERROR]     |   File "/Users/marcuswagner/coding/AFL_dashboard/scrape_wheelo_ratings.py", line 577, in <module>
2026-03-14 07:00:15,147 [ERROR]     |     main()
2026-03-14 07:00:15,147 [ERROR]     |   File "/Users/marcuswagner/coding/AFL_dashboard/scrape_wheelo_ratings.py", line 541, in main
2026-03-14 07:00:15,147 [ERROR]     |     team_files = scraper.download_team_stats()
2026-03-14 07:00:15,147 [ERROR]     |   File "/Users/marcuswagner/coding/AFL_dashboard/scrape_wheelo_ratings.py", line 280, in download_team_stats
2026-03-14 07:00:15,147 [ERROR]     |     self._setup_driver()
2026-03-14 07:00:15,147 [ERROR]     |   File "/Users/marcuswagner/coding/AFL_dashboard/scrape_wheelo_ratings.py", line 174, in _setup_driver
2026-03-14 07:00:15,147 [ERROR]     |     raise RuntimeError(f"Failed to start Chrome after {max_retries} attempts: {last_error}")
2026-03-14 07:00:15,147 [ERROR]     | RuntimeError: Failed to start Chrome after 3 attempts: Message: Service /Users/marcuswagner/.wdm/drivers/chromedriver/mac64/146.0.7680.76/chromedriver-mac-arm64/chromedriver unexpectedly exited. Status code was: -9
2026-03-14 07:00:15,147 [ERROR]     | 🔧 Setting up Chrome driver (attempt 3/3)...
2026-03-14 07:00:15,148 [ERROR]     |   ⚠️  Attempt 3 failed: Message: Service /Users/marcuswagner/.wdm/drivers/chromedriver/mac64/146.0.7680.76/chromedriver-mac-arm64/chromedriver unexpectedly exited. Status code was: -9
2026-03-14 07:00:15,148 [ERROR]     | 
2026-03-14 07:00:15,148 [ERROR]     | 
2026-03-14 07:00:15,148 [ERROR]     | ❌ Error: Failed to start Chrome after 3 attempts: Message: Service /Users/marcuswagner/.wdm/drivers/chromedriver/mac64/146.0.7680.76/chromedriver-mac-arm64/chromedriver unexpectedly exited. Status code was: -9
2026-03-14 07:00:15,148 [INFO] 
2026-03-14 07:00:15,148 [INFO] ============================================================
2026-03-14 07:00:15,148 [INFO] UPDATE SUMMARY
2026-03-14 07:00:15,148 [INFO] ============================================================
2026-03-14 07:00:15,148 [INFO]   ✗ wheelo_ratings: FAILED: Exit code 1
2026-03-14 07:00:15,148 [INFO] 
2026-03-14 07:00:15,148 [INFO] Results: 0 passed, 1 failed, 0 skipped
2026-03-14 07:00:15,148 [INFO] Total time: 12s (0.2 min)
2026-03-14 07:00:15,148 [INFO] Log: /Users/marcuswagner/coding/AFL_dashboard/logs/scheduled_update_2026-03-14_0700.log
2026-03-14 07:00:15,148 [WARNING] 
⚠️  1 step(s) failed. Check log for details.
2026-03-14 07:00:20,988 [INFO] Email sent to marcus.wagner@futureedgesport.com.au
==========================================
AFL Dashboard – Scheduled Update
Sun Mar 15 07:00:05 AEDT 2026
==========================================
Using conda env: afl
2026-03-15 07:00:06,840 [INFO] Log file: /Users/marcuswagner/coding/AFL_dashboard/logs/scheduled_update_2026-03-15_0700.log
2026-03-15 07:00:06,840 [INFO] ============================================================
2026-03-15 07:00:06,840 [INFO] AFL Dashboard – Scheduled Data Update
2026-03-15 07:00:06,840 [INFO] Date: Sunday 15 March 2026 07:00
2026-03-15 07:00:06,840 [INFO] Mode: FULL
2026-03-15 07:00:06,840 [INFO] ============================================================
2026-03-15 07:00:06,840 [INFO] Python: /opt/homebrew/Caskroom/miniconda/base/envs/afl/bin/python
2026-03-15 07:00:06,840 [INFO] 
Steps to run (2):
2026-03-15 07:00:06,840 [INFO]   • wheelo_ratings: Scrape Wheelo team & player ratings (Selenium) [SLOW]
2026-03-15 07:00:06,840 [INFO]   • wheelo_match_stats: Scrape Wheelo match-by-match player ratings (Selenium) [SLOW]
2026-03-15 07:00:06,841 [INFO] 
2026-03-15 07:00:06,841 [INFO] START [wheelo_ratings] Scrape Wheelo team & player ratings (Selenium)
2026-03-15 07:00:06,841 [INFO]   Running: /opt/homebrew/Caskroom/miniconda/base/envs/afl/bin/python /Users/marcuswagner/coding/AFL_dashboard/scrape_wheelo_ratings.py --all
2026-03-15 07:01:00,948 [INFO]   DONE [wheelo_ratings] in 54.1s
2026-03-15 07:01:00,948 [INFO]     | 📊 Team Stats downloaded: 3 files
2026-03-15 07:01:00,948 [INFO]     | 📊 Player Stats downloaded: 3 files
2026-03-15 07:01:00,948 [INFO]     | 📊 Squad Lists downloaded: 1 file
2026-03-15 07:01:00,948 [INFO]     | 
2026-03-15 07:01:00,948 [INFO]     | 📁 CSV files saved in: /Users/marcuswagner/coding/AFL_dashboard/wheelo_downloads
2026-03-15 07:01:00,948 [INFO] START [wheelo_match_stats] Scrape Wheelo match-by-match player ratings (Selenium)
2026-03-15 07:01:00,948 [INFO]   Running: /opt/homebrew/Caskroom/miniconda/base/envs/afl/bin/python /Users/marcuswagner/coding/AFL_dashboard/scrape_wheelo_match_stats.py 
2026-03-15 07:01:22,550 [INFO]   DONE [wheelo_match_stats] in 21.6s
2026-03-15 07:01:22,551 [INFO]     |   📋 Round 1 (round 1)
2026-03-15 07:01:22,551 [INFO]     |     📥 Downloading all matches…
2026-03-15 07:01:22,551 [INFO]     |     ✅ 184 rows
2026-03-15 07:01:22,551 [INFO]     | 
2026-03-15 07:01:22,551 [INFO]     | 💾 Saved 414 rows → /Users/marcuswagner/coding/AFL_dashboard/data/raw/player/match_ratings_2026.csv
2026-03-15 07:01:22,551 [INFO] 
2026-03-15 07:01:22,551 [INFO] ============================================================
2026-03-15 07:01:22,551 [INFO] UPDATE SUMMARY
2026-03-15 07:01:22,551 [INFO] ============================================================
2026-03-15 07:01:22,551 [INFO]   ✓ wheelo_ratings: OK
2026-03-15 07:01:22,551 [INFO]   ✓ wheelo_match_stats: OK
2026-03-15 07:01:22,551 [INFO] 
2026-03-15 07:01:22,551 [INFO] Results: 2 passed, 0 failed, 0 skipped
2026-03-15 07:01:22,551 [INFO] Total time: 76s (1.3 min)
2026-03-15 07:01:22,551 [INFO] Log: /Users/marcuswagner/coding/AFL_dashboard/logs/scheduled_update_2026-03-15_0700.log
2026-03-15 07:01:22,551 [INFO] 
✅ All steps completed successfully!
2026-03-15 07:01:28,568 [INFO] Email sent to marcus.wagner@futureedgesport.com.au
==========================================
==========================================
AFL Dashboard – Scheduled Update
AFL Dashboard – Scheduled Update
Mon Mar 16 07:08:37 AEDT 2026
==========================================
Mon Mar 16 07:08:37 AEDT 2026
==========================================
Using conda env: afl
Using conda env: afl
2026-03-16 07:08:39,835 [INFO] Log file: /Users/marcuswagner/coding/AFL_dashboard/logs/scheduled_update_2026-03-16_0708.log
2026-03-16 07:08:39,835 [INFO] ============================================================
2026-03-16 07:08:39,835 [INFO] AFL Dashboard – Scheduled Data Update
2026-03-16 07:08:39,835 [INFO] Date: Monday 16 March 2026 07:08
2026-03-16 07:08:39,835 [INFO] Mode: FULL
2026-03-16 07:08:39,835 [INFO] ============================================================
2026-03-16 07:08:39,835 [INFO] Python: /opt/homebrew/Caskroom/miniconda/base/envs/afl/bin/python
2026-03-16 07:08:39,835 [INFO] 
Steps to run (2):
2026-03-16 07:08:39,835 [INFO]   • wheelo_ratings: Scrape Wheelo team & player ratings (Selenium) [SLOW]
2026-03-16 07:08:39,835 [INFO]   • wheelo_match_stats: Scrape Wheelo match-by-match player ratings (Selenium) [SLOW]
2026-03-16 07:08:39,835 [INFO] 
2026-03-16 07:08:39,835 [INFO] START [wheelo_ratings] Scrape Wheelo team & player ratings (Selenium)
2026-03-16 07:08:39,835 [INFO]   Running: /opt/homebrew/Caskroom/miniconda/base/envs/afl/bin/python /Users/marcuswagner/coding/AFL_dashboard/scrape_wheelo_ratings.py --all
2026-03-16 07:08:39,835 [INFO] Log file: /Users/marcuswagner/coding/AFL_dashboard/logs/scheduled_update_2026-03-16_0708.log
2026-03-16 07:08:39,835 [INFO] ============================================================
2026-03-16 07:08:39,835 [INFO] AFL Dashboard – Scheduled Data Update
2026-03-16 07:08:39,835 [INFO] Date: Monday 16 March 2026 07:08
2026-03-16 07:08:39,835 [INFO] Mode: FULL
2026-03-16 07:08:39,835 [INFO] ============================================================
2026-03-16 07:08:39,835 [INFO] Python: /opt/homebrew/Caskroom/miniconda/base/envs/afl/bin/python
2026-03-16 07:08:39,835 [INFO] 
Steps to run (15):
2026-03-16 07:08:39,835 [INFO]   • footywire_squads: Scrape player squads from Footywire
2026-03-16 07:08:39,835 [INFO]   • footywire_extended: Scrape contracts & draft history from Footywire
2026-03-16 07:08:39,835 [INFO]   • afl_ladders: Scrape AFL ladder standings from Footywire (current season)
2026-03-16 07:08:39,835 [INFO]   • wheelo_ratings: Scrape Wheelo team & player ratings (Selenium) [SLOW]
2026-03-16 07:08:39,835 [INFO]   • wheelo_match_stats: Scrape Wheelo match-by-match player ratings (Selenium) [SLOW]
2026-03-16 07:08:39,835 [INFO]   • traits_api: Fetch Traits API data for current-season players [SLOW]
2026-03-16 07:08:39,836 [INFO]   • wheelo_to_raw: Copy Wheelo team stats to raw data folder for ratings pipeline
2026-03-16 07:08:39,836 [INFO]   • build_season: Build season data files (squads, stats, traits CSVs)
2026-03-16 07:08:39,836 [INFO]   • wheelo_player_to_raw: Merge Wheelo player season data (matches, ratings) into raw player CSVs
2026-03-16 07:08:39,836 [INFO]   • regenerate_ratings: Regenerate computed team summaries and ladders
2026-03-16 07:08:39,836 [INFO]   • refresh_master_ladders: Update master workbook Team_Ladders_All with freshly-scraped ladder data
2026-03-16 07:08:39,836 [INFO]   • update_photos: Download photos for any new/missing players [SLOW]
2026-03-16 07:08:39,836 [INFO]   • validate_freshness: Validate pipeline output files are present and fresh
2026-03-16 07:08:39,836 [INFO]   • validate_schemas: Validate CSV output schemas (columns, row counts, data quality)
2026-03-16 07:08:39,836 [INFO]   • data_diff_check: Compare pipeline outputs against backups and alert on anomalies
2026-03-16 07:08:39,836 [INFO] 
2026-03-16 07:08:39,836 [INFO] START [footywire_squads] Scrape player squads from Footywire
2026-03-16 07:08:39,836 [INFO]   Running: /opt/homebrew/Caskroom/miniconda/base/envs/afl/bin/python /Users/marcuswagner/coding/AFL_dashboard/scrape_footywire.py 
2026-03-16 07:09:20,889 [INFO]   DONE [footywire_squads] in 41.1s
2026-03-16 07:09:20,889 [INFO]     | DefenderRuck          1
2026-03-16 07:09:20,889 [INFO]     | Name: count, dtype: int64
2026-03-16 07:09:20,889 [INFO]     | 
2026-03-16 07:09:20,889 [INFO]     | 
2026-03-16 07:09:20,889 [INFO]     | Updated DOB cache: 1 new entries
2026-03-16 07:09:20,889 [INFO] START [footywire_extended] Scrape contracts & draft history from Footywire
2026-03-16 07:09:20,889 [INFO]   Running: /opt/homebrew/Caskroom/miniconda/base/envs/afl/bin/python /Users/marcuswagner/coding/AFL_dashboard/scrape_footywire_extended.py --current-only
2026-03-16 07:25:19,630 [INFO]   DONE [wheelo_ratings] in 999.8s
2026-03-16 07:25:19,630 [INFO]     | 📊 Team Stats downloaded: 3 files
2026-03-16 07:25:19,630 [INFO]     | 📊 Player Stats downloaded: 3 files
2026-03-16 07:25:19,630 [INFO]     | 📊 Squad Lists downloaded: 1 file
2026-03-16 07:25:19,630 [INFO]     | 
2026-03-16 07:25:19,630 [INFO]     | 📁 CSV files saved in: /Users/marcuswagner/coding/AFL_dashboard/wheelo_downloads
2026-03-16 07:25:19,630 [INFO] START [wheelo_match_stats] Scrape Wheelo match-by-match player ratings (Selenium)
2026-03-16 07:25:19,630 [INFO]   Running: /opt/homebrew/Caskroom/miniconda/base/envs/afl/bin/python /Users/marcuswagner/coding/AFL_dashboard/scrape_wheelo_match_stats.py 
2026-03-16 07:49:01,103 [INFO]   DONE [wheelo_match_stats] in 1421.5s
2026-03-16 07:49:01,103 [INFO]     |   📋 Round 1 (round 1)
2026-03-16 07:49:01,103 [INFO]     |     📥 Downloading all matches…
2026-03-16 07:49:01,103 [INFO]     |     ✅ 414 rows
2026-03-16 07:49:01,103 [INFO]     | 
2026-03-16 07:49:01,103 [INFO]     | 💾 Saved 644 rows → /Users/marcuswagner/coding/AFL_dashboard/data/raw/player/match_ratings_2026.csv
2026-03-16 07:49:01,103 [INFO] 
2026-03-16 07:49:01,103 [INFO] ============================================================
2026-03-16 07:49:01,103 [INFO] UPDATE SUMMARY
2026-03-16 07:49:01,103 [INFO] ============================================================
2026-03-16 07:49:01,103 [INFO]   ✓ wheelo_ratings: OK
2026-03-16 07:49:01,103 [INFO]   ✓ wheelo_match_stats: OK
2026-03-16 07:49:01,103 [INFO] 
2026-03-16 07:49:01,103 [INFO] Results: 2 passed, 0 failed, 0 skipped
2026-03-16 07:49:01,103 [INFO] Total time: 2421s (40.4 min)
2026-03-16 07:49:01,103 [INFO] Log: /Users/marcuswagner/coding/AFL_dashboard/logs/scheduled_update_2026-03-16_0708.log
2026-03-16 07:49:01,104 [INFO] 
✅ All steps completed successfully!
2026-03-16 07:57:48,144 [WARNING] SMTP email failed: Connection unexpectedly closed: The read operation timed out
2026-03-16 07:57:48,203 [INFO] Email sent via mailx to marcus.wagner@futureedgesport.com.au
2026-03-16 08:56:51,638 [INFO]   DONE [footywire_extended] in 6450.7s
2026-03-16 08:56:51,638 [INFO]     | 5  Adelaide    Brayden Cook           2026.0           Non-Free Agent      2020.0    National          1.0        25.0
2026-03-16 08:56:51,638 [INFO]     | 6  Adelaide     Indy Cotton           2027.0                  Unknown         NaN        None          NaN         NaN
2026-03-16 08:56:51,638 [INFO]     | 7  Adelaide   Isaac Cumming           2030.0           Non-Free Agent      2016.0    National          1.0        20.0
2026-03-16 08:56:51,638 [INFO]     | 8  Adelaide   Daniel Curtin           2029.0           Non-Free Agent      2023.0    National          1.0         8.0
2026-03-16 08:56:51,638 [INFO]     | 9  Adelaide   Jordan Dawson           2029.0    Restricted Free Agent      2015.0    National          4.0        56.0
2026-03-16 08:56:51,638 [INFO] START [afl_ladders] Scrape AFL ladder standings from Footywire (current season)
2026-03-16 08:56:51,638 [INFO]   Running: /opt/homebrew/Caskroom/miniconda/base/envs/afl/bin/python /Users/marcuswagner/coding/AFL_dashboard/scrape_afl_ladders.py --current-only
2026-03-16 08:56:54,066 [INFO]   DONE [afl_ladders] in 2.4s
2026-03-16 08:56:54,067 [INFO]     |   2026: 18 teams
2026-03-16 08:56:54,067 [INFO]     | 
2026-03-16 08:56:54,067 [INFO]     | ============================================================
2026-03-16 08:56:54,067 [INFO]     | Completed: 2026-03-16 08:56:54
2026-03-16 08:56:54,067 [INFO]     | ============================================================
2026-03-16 08:56:54,067 [INFO] START [wheelo_ratings] Scrape Wheelo team & player ratings (Selenium)
2026-03-16 08:56:54,067 [INFO]   Running: /opt/homebrew/Caskroom/miniconda/base/envs/afl/bin/python /Users/marcuswagner/coding/AFL_dashboard/scrape_wheelo_ratings.py --all
2026-03-16 08:57:38,444 [INFO]   DONE [wheelo_ratings] in 44.4s
2026-03-16 08:57:38,444 [INFO]     | 📊 Team Stats downloaded: 3 files
2026-03-16 08:57:38,444 [INFO]     | 📊 Player Stats downloaded: 3 files
2026-03-16 08:57:38,444 [INFO]     | 📊 Squad Lists downloaded: 1 file
2026-03-16 08:57:38,444 [INFO]     | 
2026-03-16 08:57:38,444 [INFO]     | 📁 CSV files saved in: /Users/marcuswagner/coding/AFL_dashboard/wheelo_downloads
2026-03-16 08:57:38,444 [INFO] START [wheelo_match_stats] Scrape Wheelo match-by-match player ratings (Selenium)
2026-03-16 08:57:38,444 [INFO]   Running: /opt/homebrew/Caskroom/miniconda/base/envs/afl/bin/python /Users/marcuswagner/coding/AFL_dashboard/scrape_wheelo_match_stats.py 
2026-03-16 08:58:00,653 [INFO]   DONE [wheelo_match_stats] in 22.2s
2026-03-16 08:58:00,653 [INFO]     |   📋 Round 1 (round 1)
2026-03-16 08:58:00,653 [INFO]     |     📥 Downloading all matches…
2026-03-16 08:58:00,653 [INFO]     |     ✅ 414 rows
2026-03-16 08:58:00,654 [INFO]     | 
2026-03-16 08:58:00,654 [INFO]     | 💾 Saved 644 rows → /Users/marcuswagner/coding/AFL_dashboard/data/raw/player/match_ratings_2026.csv
2026-03-16 08:58:00,654 [INFO] START [traits_api] Fetch Traits API data for current-season players
2026-03-16 08:58:00,654 [INFO]   Running: /opt/homebrew/Caskroom/miniconda/base/envs/afl/bin/python /Users/marcuswagner/coding/AFL_dashboard/run_traits_api.py 
2026-03-16 09:02:23,497 [INFO]   DONE [traits_api] in 262.8s
2026-03-16 09:02:23,497 [INFO]     | 11      Sid Draper  Adelaide           1.38               None           None
2026-03-16 09:02:23,497 [INFO]     | 
2026-03-16 09:02:23,497 [INFO]     | Top 10 Overall Rated Players:
2026-03-16 09:02:23,497 [INFO]     | 
2026-03-16 09:02:23,497 [INFO]     | ⚠️  Dataset enhancement failed: Column 'Overall_Rating' has dtype object, cannot use method 'nlargest' with this dtype
2026-03-16 09:02:23,497 [INFO] START [wheelo_to_raw] Copy Wheelo team stats to raw data folder for ratings pipeline
2026-03-16 09:02:24,057 [INFO]   Backed up team_stats_2026.csv → backups/team_stats_2026_20260316_090224.csv
2026-03-16 09:02:24,059 [INFO]   Copied Wheelo 2026 Season -> team_stats_2026.csv (18 teams)
2026-03-16 09:02:24,077 [INFO]   Backed up team_stats_2026_L10.csv → backups/team_stats_2026_L10_20260316_090224.csv
2026-03-16 09:02:24,079 [INFO]   Copied Wheelo 2026 L10 -> team_stats_2026_L10.csv (18 teams)
2026-03-16 09:02:24,104 [INFO]   Backed up team_stats_2026_L5.csv → backups/team_stats_2026_L5_20260316_090224.csv
2026-03-16 09:02:24,106 [INFO]   Copied Wheelo 2026 L5 -> team_stats_2026_L5.csv (18 teams)
2026-03-16 09:02:24,106 [INFO]   DONE [wheelo_to_raw] in 0.6s
2026-03-16 09:02:24,106 [INFO] START [build_season] Build season data files (squads, stats, traits CSVs)
2026-03-16 09:02:24,106 [INFO]   Running: /opt/homebrew/Caskroom/miniconda/base/envs/afl/bin/python /Users/marcuswagner/coding/AFL_dashboard/build_season_data.py 
2026-03-16 09:02:24,419 [INFO]   DONE [build_season] in 0.3s
2026-03-16 09:02:24,420 [INFO]     |   Western Bulldogs      43 players  Avg Age: 24.3  Avg Games: 73
2026-03-16 09:02:24,420 [INFO]     | 
2026-03-16 09:02:24,420 [INFO]     | ============================================================
2026-03-16 09:02:24,420 [INFO]     | ✅ 2026 DATA BUILD COMPLETE
2026-03-16 09:02:24,420 [INFO]     | ============================================================
2026-03-16 09:02:24,420 [INFO] START [wheelo_player_to_raw] Merge Wheelo player season data (matches, ratings) into raw player CSVs
2026-03-16 09:02:24,546 [INFO]   Wheelo Wheelo 2026 Season: 430 players, 18 teams
2026-03-16 09:02:24,563 [INFO]   Name mappings (31): {'Mitch Knevitt': 'Mitchell Knevitt', 'Oliver Dempsey': 'Ollie Dempsey', 'Lachie Fogarty': 'Lachlan Fogarty', 'Brad Close': 'Bradley Close', 'Leonardo Lombard': 'Leo Lombard', 'Cam Rayner': 'Cameron Rayner', 'Lachie Jones': 'Lachlan Jones', 'Zac Williams': 'Zachary Williams', 'Mitch Lewis': 'Mitchell Lewis', 'Joe Fonti': 'Joseph Fonti', 'Matt Roberts': 'Matthew Roberts', 'Matt Flynn': 'Matthew Flynn', 'Sam Collins': 'Samuel Collins', 'Tim English': 'Timothy English', 'Tom Liberatore': 'Thomas Liberatore', 'Jacob van Rooyen': 'Jacob Van Rooyen', 'Lachie Ash': 'Lachlan Ash', 'Josh Weddle': 'Joshua Weddle', 'Matthew Johnson': 'Matt Johnson', 'Jack Macrae': 'Jackson Macrae', 'Cam Mackenzie': 'Cameron Mackenzie', 'Lachie Schultz': 'Lachlan Schultz', 'Archer May': 'Archie May', 'Connor Macdonald': 'Connor MacDonald', 'Mitch Owens': 'Mitchito Owens', 'Matthew Carroll': 'Matt Carroll', 'Harry Himmelberg': 'Harrison Himmelberg', 'Zach Merrett': 'Zachary Merrett', 'Tom Stewart': 'Thomas Stewart', 'Lachie Weller': 'Lachlan Weller', 'Sam Grlj': 'Samuel Grlj'}
2026-03-16 09:02:24,570 [INFO]   Backed up player_stats_2026.csv → backups/player_stats_2026_20260316_090224.csv
2026-03-16 09:02:24,572 [INFO]   Updated player_stats_2026.csv: 430 players with matches from Wheelo
2026-03-16 09:02:24,591 [INFO]   Backed up squads_2026.csv → backups/squads_2026_20260316_090224.csv
2026-03-16 09:02:24,594 [INFO]   Updated squads_2026.csv: 430 players matched from Wheelo
2026-03-16 09:02:24,594 [INFO]   DONE [wheelo_player_to_raw] in 0.2s
2026-03-16 09:02:24,594 [INFO] START [regenerate_ratings] Regenerate computed team summaries and ladders
2026-03-16 09:02:24,594 [INFO]   Running: /opt/homebrew/Caskroom/miniconda/base/envs/afl/bin/python /Users/marcuswagner/coding/AFL_dashboard/regenerate_ratings.py 
2026-03-16 09:02:24,920 [INFO]   DONE [regenerate_ratings] in 0.3s
2026-03-16 09:02:24,920 [INFO]     | Skipping 2025 Last 5 - no raw data
2026-03-16 09:02:24,920 [INFO]     | 
2026-03-16 09:02:24,920 [INFO]     | ============================================================
2026-03-16 09:02:24,920 [INFO]     | DONE!
2026-03-16 09:02:24,920 [INFO]     | ============================================================
2026-03-16 09:02:24,920 [INFO] START [refresh_master_ladders] Update master workbook Team_Ladders_All with freshly-scraped ladder data
2026-03-16 09:02:38,954 [INFO]   Refreshed Team_Ladders_All: 287 rows
2026-03-16 09:02:38,958 [INFO]   DONE [refresh_master_ladders] in 14.0s
2026-03-16 09:02:38,958 [INFO] START [update_photos] Download photos for any new/missing players
2026-03-16 09:02:38,958 [INFO]   Running: /opt/homebrew/Caskroom/miniconda/base/envs/afl/bin/python /Users/marcuswagner/coding/AFL_dashboard/auto_update_photos.py 
2026-03-16 09:05:29,990 [INFO]   DONE [update_photos] in 171.0s
2026-03-16 09:05:29,990 [INFO]     | 
2026-03-16 09:05:29,990 [INFO] START [validate_freshness] Validate pipeline output files are present and fresh
2026-03-16 09:05:29,991 [INFO]   Running: /opt/homebrew/Caskroom/miniconda/base/envs/afl/bin/python /Users/marcuswagner/coding/AFL_dashboard/validate_pipeline_freshness.py 
2026-03-16 09:05:30,029 [INFO]   DONE [validate_freshness] in 0.0s
2026-03-16 09:05:30,029 [INFO]     |   ✓ FRESH    footywire_drafts_history.csv  (08:56)
2026-03-16 09:05:30,029 [INFO]     |   ✓ FRESH    footywire_2026_with_traits.csv  (09:02)
2026-03-16 09:05:30,029 [INFO]     |   ✓ FRESH    traits_2026.csv  (09:02)
2026-03-16 09:05:30,029 [INFO]     | 
2026-03-16 09:05:30,029 [INFO]     | ✅ All required files are present and fresh.
2026-03-16 09:05:30,029 [INFO] START [validate_schemas] Validate CSV output schemas (columns, row counts, data quality)
2026-03-16 09:05:30,051 [INFO]   DONE [validate_schemas] 0 warning(s) in 0.0s
2026-03-16 09:05:30,051 [INFO] START [data_diff_check] Compare pipeline outputs against backups and alert on anomalies
2026-03-16 09:05:30,062 [INFO]   DONE [data_diff_check] no anomalies in 0.0s
2026-03-16 09:05:30,062 [INFO] 
2026-03-16 09:05:30,062 [INFO] ============================================================
2026-03-16 09:05:30,062 [INFO] UPDATE SUMMARY
2026-03-16 09:05:30,062 [INFO] ============================================================
2026-03-16 09:05:30,062 [INFO]   ✓ footywire_squads: OK
2026-03-16 09:05:30,062 [INFO]   ✓ footywire_extended: OK
2026-03-16 09:05:30,063 [INFO]   ✓ afl_ladders: OK
2026-03-16 09:05:30,063 [INFO]   ✓ wheelo_ratings: OK
2026-03-16 09:05:30,063 [INFO]   ✓ wheelo_match_stats: OK
2026-03-16 09:05:30,063 [INFO]   ✓ traits_api: OK
2026-03-16 09:05:30,063 [INFO]   ✓ wheelo_to_raw: OK
2026-03-16 09:05:30,063 [INFO]   ✓ build_season: OK
2026-03-16 09:05:30,063 [INFO]   ✓ wheelo_player_to_raw: OK
2026-03-16 09:05:30,063 [INFO]   ✓ regenerate_ratings: OK
2026-03-16 09:05:30,063 [INFO]   ✓ refresh_master_ladders: OK
2026-03-16 09:05:30,063 [INFO]   ✓ update_photos: OK
2026-03-16 09:05:30,063 [INFO]   ✓ validate_freshness: OK
2026-03-16 09:05:30,063 [INFO]   ✓ validate_schemas: OK
2026-03-16 09:05:30,063 [INFO]   ✓ data_diff_check: OK
2026-03-16 09:05:30,063 [INFO] 
2026-03-16 09:05:30,063 [INFO] Results: 15 passed, 0 failed, 0 skipped
2026-03-16 09:05:30,063 [INFO] Total time: 7010s (116.8 min)
2026-03-16 09:05:30,063 [INFO] Log: /Users/marcuswagner/coding/AFL_dashboard/logs/scheduled_update_2026-03-16_0708.log
2026-03-16 09:05:30,063 [INFO] 
✅ All steps completed successfully!
2026-03-16 09:05:35,253 [INFO] Email sent to marcus.wagner@futureedgesport.com.au
==========================================
AFL Dashboard – Scheduled Update
Tue Mar 17 07:14:32 AEDT 2026
==========================================
Using conda env: afl
2026-03-17 07:14:34,576 [INFO] Log file: /Users/marcuswagner/coding/AFL_dashboard/logs/scheduled_update_2026-03-17_0714.log
2026-03-17 07:14:34,576 [INFO] ============================================================
2026-03-17 07:14:34,576 [INFO] AFL Dashboard – Scheduled Data Update
2026-03-17 07:14:34,576 [INFO] Date: Tuesday 17 March 2026 07:14
2026-03-17 07:14:34,576 [INFO] Mode: FULL
2026-03-17 07:14:34,576 [INFO] ============================================================
2026-03-17 07:14:34,576 [INFO] Python: /opt/homebrew/Caskroom/miniconda/base/envs/afl/bin/python
2026-03-17 07:14:34,576 [INFO] 
Steps to run (2):
2026-03-17 07:14:34,576 [INFO]   • wheelo_ratings: Scrape Wheelo team & player ratings (Selenium) [SLOW]
2026-03-17 07:14:34,576 [INFO]   • wheelo_match_stats: Scrape Wheelo match-by-match player ratings + Brownlow predictions (Selenium) [SLOW]
2026-03-17 07:14:34,576 [INFO] 
2026-03-17 07:14:34,576 [INFO] START [wheelo_ratings] Scrape Wheelo team & player ratings (Selenium)
2026-03-17 07:14:34,576 [INFO]   Running: /opt/homebrew/Caskroom/miniconda/base/envs/afl/bin/python /Users/marcuswagner/coding/AFL_dashboard/scrape_wheelo_ratings.py --all
2026-03-17 07:15:27,524 [INFO]   DONE [wheelo_ratings] in 52.9s
2026-03-17 07:15:27,524 [INFO]     | 📊 Team Stats downloaded: 3 files
2026-03-17 07:15:27,524 [INFO]     | 📊 Player Stats downloaded: 3 files
2026-03-17 07:15:27,525 [INFO]     | 📊 Squad Lists downloaded: 1 file
2026-03-17 07:15:27,525 [INFO]     | 
2026-03-17 07:15:27,525 [INFO]     | 📁 CSV files saved in: /Users/marcuswagner/coding/AFL_dashboard/wheelo_downloads
2026-03-17 07:15:27,525 [INFO] START [wheelo_match_stats] Scrape Wheelo match-by-match player ratings + Brownlow predictions (Selenium)
2026-03-17 07:15:27,525 [INFO]   Running: /opt/homebrew/Caskroom/miniconda/base/envs/afl/bin/python /Users/marcuswagner/coding/AFL_dashboard/scrape_wheelo_match_stats.py --brownlow
2026-03-17 07:16:00,776 [INFO]   DONE [wheelo_match_stats] in 33.3s
2026-03-17 07:16:00,776 [INFO]     | ============================================================
2026-03-17 07:16:00,777 [INFO]     | 🔧 Chrome driver attempt 1/3…
2026-03-17 07:16:00,777 [INFO]     | ✅ Chrome driver ready
2026-03-17 07:16:00,777 [INFO]     | 
2026-03-17 07:16:00,777 [INFO]     | 💾 Saved 644 rows → /Users/marcuswagner/coding/AFL_dashboard/data/raw/player/brownlow_predictions_2026.csv
2026-03-17 07:16:00,777 [INFO] 
2026-03-17 07:16:00,777 [INFO] ============================================================
2026-03-17 07:16:00,777 [INFO] UPDATE SUMMARY
2026-03-17 07:16:00,777 [INFO] ============================================================
2026-03-17 07:16:00,777 [INFO]   ✓ wheelo_ratings: OK
2026-03-17 07:16:00,777 [INFO]   ✓ wheelo_match_stats: OK
2026-03-17 07:16:00,777 [INFO] 
2026-03-17 07:16:00,777 [INFO] Results: 2 passed, 0 failed, 0 skipped
2026-03-17 07:16:00,777 [INFO] Total time: 86s (1.4 min)
2026-03-17 07:16:00,777 [INFO] Log: /Users/marcuswagner/coding/AFL_dashboard/logs/scheduled_update_2026-03-17_0714.log
2026-03-17 07:16:00,777 [INFO] 
✅ All steps completed successfully!
2026-03-17 07:16:06,192 [INFO] Email sent to marcus.wagner@futureedgesport.com.au
==========================================
AFL Dashboard – Scheduled Update
Wed Mar 18 07:00:01 AEDT 2026
==========================================
Using conda env: afl
2026-03-18 07:00:03,138 [INFO] Log file: /Users/marcuswagner/coding/AFL_dashboard/logs/scheduled_update_2026-03-18_0700.log
2026-03-18 07:00:03,138 [INFO] ============================================================
2026-03-18 07:00:03,138 [INFO] AFL Dashboard – Scheduled Data Update
2026-03-18 07:00:03,138 [INFO] Date: Wednesday 18 March 2026 07:00
2026-03-18 07:00:03,138 [INFO] Mode: FULL
2026-03-18 07:00:03,138 [INFO] ============================================================
2026-03-18 07:00:03,138 [INFO] Python: /opt/homebrew/Caskroom/miniconda/base/envs/afl/bin/python
2026-03-18 07:00:03,138 [INFO] 
Steps to run (2):
2026-03-18 07:00:03,138 [INFO]   • wheelo_ratings: Scrape Wheelo team & player ratings (Selenium) [SLOW]
2026-03-18 07:00:03,138 [INFO]   • wheelo_match_stats: Scrape Wheelo match-by-match player ratings + Brownlow predictions (Selenium) [SLOW]
2026-03-18 07:00:03,138 [INFO] 
2026-03-18 07:00:03,138 [INFO] START [wheelo_ratings] Scrape Wheelo team & player ratings (Selenium)
2026-03-18 07:00:03,138 [INFO]   Running: /opt/homebrew/Caskroom/miniconda/base/envs/afl/bin/python /Users/marcuswagner/coding/AFL_dashboard/scrape_wheelo_ratings.py --all
2026-03-18 07:00:53,736 [INFO]   DONE [wheelo_ratings] in 50.6s
2026-03-18 07:00:53,736 [INFO]     | 📊 Team Stats downloaded: 3 files
2026-03-18 07:00:53,736 [INFO]     | 📊 Player Stats downloaded: 3 files
2026-03-18 07:00:53,736 [INFO]     | 📊 Squad Lists downloaded: 1 file
2026-03-18 07:00:53,736 [INFO]     | 
2026-03-18 07:00:53,736 [INFO]     | 📁 CSV files saved in: /Users/marcuswagner/coding/AFL_dashboard/wheelo_downloads
2026-03-18 07:00:53,736 [INFO] START [wheelo_match_stats] Scrape Wheelo match-by-match player ratings + Brownlow predictions (Selenium)
2026-03-18 07:00:53,736 [INFO]   Running: /opt/homebrew/Caskroom/miniconda/base/envs/afl/bin/python /Users/marcuswagner/coding/AFL_dashboard/scrape_wheelo_match_stats.py --brownlow
2026-03-18 07:01:28,068 [INFO]   DONE [wheelo_match_stats] in 34.3s
2026-03-18 07:01:28,069 [INFO]     | ============================================================
2026-03-18 07:01:28,069 [INFO]     | 🔧 Chrome driver attempt 1/3…
2026-03-18 07:01:28,069 [INFO]     | ✅ Chrome driver ready
2026-03-18 07:01:28,069 [INFO]     | 
2026-03-18 07:01:28,069 [INFO]     | 💾 Saved 644 rows → /Users/marcuswagner/coding/AFL_dashboard/data/raw/player/brownlow_predictions_2026.csv
2026-03-18 07:01:28,069 [INFO] 
2026-03-18 07:01:28,069 [INFO] ============================================================
2026-03-18 07:01:28,069 [INFO] UPDATE SUMMARY
2026-03-18 07:01:28,069 [INFO] ============================================================
2026-03-18 07:01:28,069 [INFO]   ✓ wheelo_ratings: OK
2026-03-18 07:01:28,069 [INFO]   ✓ wheelo_match_stats: OK
2026-03-18 07:01:28,069 [INFO] 
2026-03-18 07:01:28,069 [INFO] Results: 2 passed, 0 failed, 0 skipped
2026-03-18 07:01:28,069 [INFO] Total time: 85s (1.4 min)
2026-03-18 07:01:28,069 [INFO] Log: /Users/marcuswagner/coding/AFL_dashboard/logs/scheduled_update_2026-03-18_0700.log
2026-03-18 07:01:28,071 [INFO] 
✅ All steps completed successfully!
2026-03-18 07:01:33,153 [INFO] Email sent to marcus.wagner@futureedgesport.com.au
==========================================
AFL Dashboard – Scheduled Update
Thu Mar 19 07:00:03 AEDT 2026
==========================================
Using conda env: afl
2026-03-19 07:00:05,210 [INFO] Log file: /Users/marcuswagner/coding/AFL_dashboard/logs/scheduled_update_2026-03-19_0700.log
2026-03-19 07:00:05,210 [INFO] ============================================================
2026-03-19 07:00:05,210 [INFO] AFL Dashboard – Scheduled Data Update
2026-03-19 07:00:05,210 [INFO] Date: Thursday 19 March 2026 07:00
2026-03-19 07:00:05,210 [INFO] Mode: FULL
2026-03-19 07:00:05,210 [INFO] ============================================================
2026-03-19 07:00:05,210 [INFO] Python: /opt/homebrew/Caskroom/miniconda/base/envs/afl/bin/python
2026-03-19 07:00:05,211 [INFO] 
Steps to run (2):
2026-03-19 07:00:05,211 [INFO]   • wheelo_ratings: Scrape Wheelo team & player ratings (Selenium) [SLOW]
2026-03-19 07:00:05,211 [INFO]   • wheelo_match_stats: Scrape Wheelo match-by-match player ratings + Brownlow predictions (Selenium) [SLOW]
2026-03-19 07:00:05,211 [INFO] 
2026-03-19 07:00:05,211 [INFO] START [wheelo_ratings] Scrape Wheelo team & player ratings (Selenium)
2026-03-19 07:00:05,211 [INFO]   Running: /opt/homebrew/Caskroom/miniconda/base/envs/afl/bin/python /Users/marcuswagner/coding/AFL_dashboard/scrape_wheelo_ratings.py --all
2026-03-19 07:00:55,757 [INFO]   DONE [wheelo_ratings] in 50.5s
2026-03-19 07:00:55,758 [INFO]     | 📊 Team Stats downloaded: 3 files
2026-03-19 07:00:55,758 [INFO]     | 📊 Player Stats downloaded: 3 files
2026-03-19 07:00:55,758 [INFO]     | 📊 Squad Lists downloaded: 1 file
2026-03-19 07:00:55,758 [INFO]     | 
2026-03-19 07:00:55,758 [INFO]     | 📁 CSV files saved in: /Users/marcuswagner/coding/AFL_dashboard/wheelo_downloads
2026-03-19 07:00:55,758 [INFO] START [wheelo_match_stats] Scrape Wheelo match-by-match player ratings + Brownlow predictions (Selenium)
2026-03-19 07:00:55,758 [INFO]   Running: /opt/homebrew/Caskroom/miniconda/base/envs/afl/bin/python /Users/marcuswagner/coding/AFL_dashboard/scrape_wheelo_match_stats.py --brownlow
2026-03-19 07:01:27,911 [INFO]   DONE [wheelo_match_stats] in 32.2s
2026-03-19 07:01:27,911 [INFO]     | ============================================================
2026-03-19 07:01:27,911 [INFO]     | 🔧 Chrome driver attempt 1/3…
2026-03-19 07:01:27,911 [INFO]     | ✅ Chrome driver ready
2026-03-19 07:01:27,911 [INFO]     | 
2026-03-19 07:01:27,911 [INFO]     | 💾 Saved 644 rows → /Users/marcuswagner/coding/AFL_dashboard/data/raw/player/brownlow_predictions_2026.csv
2026-03-19 07:01:27,911 [INFO] 
2026-03-19 07:01:27,911 [INFO] ============================================================
2026-03-19 07:01:27,911 [INFO] UPDATE SUMMARY
2026-03-19 07:01:27,911 [INFO] ============================================================
2026-03-19 07:01:27,911 [INFO]   ✓ wheelo_ratings: OK
2026-03-19 07:01:27,911 [INFO]   ✓ wheelo_match_stats: OK
2026-03-19 07:01:27,911 [INFO] 
2026-03-19 07:01:27,911 [INFO] Results: 2 passed, 0 failed, 0 skipped
2026-03-19 07:01:27,911 [INFO] Total time: 83s (1.4 min)
2026-03-19 07:01:27,911 [INFO] Log: /Users/marcuswagner/coding/AFL_dashboard/logs/scheduled_update_2026-03-19_0700.log
2026-03-19 07:01:27,914 [INFO] 
✅ All steps completed successfully!
2026-03-19 07:01:33,126 [INFO] Email sent to marcus.wagner@futureedgesport.com.au
==========================================
==========================================
AFL Dashboard – Scheduled Update
AFL Dashboard – Scheduled Update
Fri Mar 20 07:00:01 AEDT 2026
==========================================
Fri Mar 20 07:00:01 AEDT 2026
==========================================
Using conda env: afl
Using conda env: afl
2026-03-20 07:00:03,274 [INFO] Log file: /Users/marcuswagner/coding/AFL_dashboard/logs/scheduled_update_2026-03-20_0700.log
2026-03-20 07:00:03,274 [INFO] ============================================================
2026-03-20 07:00:03,274 [INFO] AFL Dashboard – Scheduled Data Update
2026-03-20 07:00:03,274 [INFO] Date: Friday 20 March 2026 07:00
2026-03-20 07:00:03,274 [INFO] Mode: FULL
2026-03-20 07:00:03,274 [INFO] ============================================================
2026-03-20 07:00:03,274 [INFO] Python: /opt/homebrew/Caskroom/miniconda/base/envs/afl/bin/python
2026-03-20 07:00:03,274 [INFO] 
Steps to run (2):
2026-03-20 07:00:03,274 [INFO]   • wheelo_ratings: Scrape Wheelo team & player ratings (Selenium) [SLOW]
2026-03-20 07:00:03,274 [INFO]   • wheelo_match_stats: Scrape Wheelo match-by-match player ratings + Brownlow predictions (Selenium) [SLOW]
2026-03-20 07:00:03,274 [INFO] 
2026-03-20 07:00:03,274 [INFO] Log file: /Users/marcuswagner/coding/AFL_dashboard/logs/scheduled_update_2026-03-20_0700.log
2026-03-20 07:00:03,274 [INFO] START [wheelo_ratings] Scrape Wheelo team & player ratings (Selenium)
2026-03-20 07:00:03,274 [INFO] ============================================================
2026-03-20 07:00:03,274 [INFO]   Running: /opt/homebrew/Caskroom/miniconda/base/envs/afl/bin/python /Users/marcuswagner/coding/AFL_dashboard/scrape_wheelo_ratings.py --all
2026-03-20 07:00:03,274 [INFO] AFL Dashboard – Scheduled Data Update
2026-03-20 07:00:03,274 [INFO] Date: Friday 20 March 2026 07:00
2026-03-20 07:00:03,274 [INFO] Mode: FULL
2026-03-20 07:00:03,275 [INFO] ============================================================
2026-03-20 07:00:03,275 [INFO] Python: /opt/homebrew/Caskroom/miniconda/base/envs/afl/bin/python
2026-03-20 07:00:03,275 [INFO] 
Steps to run (15):
2026-03-20 07:00:03,275 [INFO]   • footywire_squads: Scrape player squads from Footywire
2026-03-20 07:00:03,275 [INFO]   • footywire_extended: Scrape contracts & draft history from Footywire
2026-03-20 07:00:03,275 [INFO]   • afl_ladders: Scrape AFL ladder standings from Footywire (current season)
2026-03-20 07:00:03,275 [INFO]   • wheelo_ratings: Scrape Wheelo team & player ratings (Selenium) [SLOW]
2026-03-20 07:00:03,275 [INFO]   • wheelo_match_stats: Scrape Wheelo match-by-match player ratings + Brownlow predictions (Selenium) [SLOW]
2026-03-20 07:00:03,275 [INFO]   • traits_api: Fetch Traits API data for current-season players [SLOW]
2026-03-20 07:00:03,275 [INFO]   • wheelo_to_raw: Copy Wheelo team stats to raw data folder for ratings pipeline
2026-03-20 07:00:03,275 [INFO]   • build_season: Build season data files (squads, stats, traits CSVs)
2026-03-20 07:00:03,275 [INFO]   • wheelo_player_to_raw: Merge Wheelo player season data (matches, ratings) into raw player CSVs
2026-03-20 07:00:03,275 [INFO]   • regenerate_ratings: Regenerate computed team summaries and ladders
2026-03-20 07:00:03,275 [INFO]   • refresh_master_ladders: Update master workbook Team_Ladders_All with freshly-scraped ladder data
2026-03-20 07:00:03,275 [INFO]   • update_photos: Download photos for any new/missing players [SLOW]
2026-03-20 07:00:03,275 [INFO]   • validate_freshness: Validate pipeline output files are present and fresh
2026-03-20 07:00:03,275 [INFO]   • validate_schemas: Validate CSV output schemas (columns, row counts, data quality)
2026-03-20 07:00:03,275 [INFO]   • data_diff_check: Compare pipeline outputs against backups and alert on anomalies
2026-03-20 07:00:03,275 [INFO] 
2026-03-20 07:00:03,275 [INFO] START [footywire_squads] Scrape player squads from Footywire
2026-03-20 07:00:03,275 [INFO]   Running: /opt/homebrew/Caskroom/miniconda/base/envs/afl/bin/python /Users/marcuswagner/coding/AFL_dashboard/scrape_footywire.py 
2026-03-20 07:00:35,175 [INFO]   DONE [footywire_squads] in 31.9s
2026-03-20 07:00:35,176 [INFO]     | DefenderRuck          1
2026-03-20 07:00:35,176 [INFO]     | Name: count, dtype: int64
2026-03-20 07:00:35,176 [INFO]     | 
2026-03-20 07:00:35,176 [INFO]     | 
2026-03-20 07:00:35,176 [INFO]     | Updated DOB cache: 1 new entries
2026-03-20 07:00:35,176 [INFO] START [footywire_extended] Scrape contracts & draft history from Footywire
2026-03-20 07:00:35,176 [INFO]   Running: /opt/homebrew/Caskroom/miniconda/base/envs/afl/bin/python /Users/marcuswagner/coding/AFL_dashboard/scrape_footywire_extended.py --current-only
2026-03-20 07:00:52,609 [INFO]   DONE [wheelo_ratings] in 49.3s
2026-03-20 07:00:52,609 [INFO]     | 📊 Team Stats downloaded: 3 files
2026-03-20 07:00:52,609 [INFO]     | 📊 Player Stats downloaded: 3 files
2026-03-20 07:00:52,609 [INFO]     | 📊 Squad Lists downloaded: 1 file
2026-03-20 07:00:52,609 [INFO]     | 
2026-03-20 07:00:52,609 [INFO]     | 📁 CSV files saved in: /Users/marcuswagner/coding/AFL_dashboard/wheelo_downloads
2026-03-20 07:00:52,610 [INFO] START [wheelo_match_stats] Scrape Wheelo match-by-match player ratings + Brownlow predictions (Selenium)
2026-03-20 07:00:52,610 [INFO]   Running: /opt/homebrew/Caskroom/miniconda/base/envs/afl/bin/python /Users/marcuswagner/coding/AFL_dashboard/scrape_wheelo_match_stats.py --brownlow
2026-03-20 07:01:30,493 [INFO]   DONE [wheelo_match_stats] in 37.9s
2026-03-20 07:01:30,494 [INFO]     | ============================================================
2026-03-20 07:01:30,494 [INFO]     | 🔧 Chrome driver attempt 1/3…
2026-03-20 07:01:30,494 [INFO]     | ✅ Chrome driver ready
2026-03-20 07:01:30,494 [INFO]     | 
2026-03-20 07:01:30,494 [INFO]     | 💾 Saved 644 rows → /Users/marcuswagner/coding/AFL_dashboard/data/raw/player/brownlow_predictions_2026.csv
2026-03-20 07:01:30,494 [INFO] 
2026-03-20 07:01:30,494 [INFO] ============================================================
2026-03-20 07:01:30,494 [INFO] UPDATE SUMMARY
2026-03-20 07:01:30,494 [INFO] ============================================================
2026-03-20 07:01:30,494 [INFO]   ✓ wheelo_ratings: OK
2026-03-20 07:01:30,494 [INFO]   ✓ wheelo_match_stats: OK
2026-03-20 07:01:30,494 [INFO] 
2026-03-20 07:01:30,494 [INFO] Results: 2 passed, 0 failed, 0 skipped
2026-03-20 07:01:30,494 [INFO] Total time: 87s (1.5 min)
2026-03-20 07:01:30,494 [INFO] Log: /Users/marcuswagner/coding/AFL_dashboard/logs/scheduled_update_2026-03-20_0700.log
2026-03-20 07:01:30,497 [INFO] 
✅ All steps completed successfully!
2026-03-20 07:01:36,021 [INFO] Email sent to marcus.wagner@futureedgesport.com.au
2026-03-20 07:08:44,376 [INFO]   DONE [footywire_extended] in 489.2s
2026-03-20 07:08:44,377 [INFO]     | 5  Adelaide    Brayden Cook           2026.0           Non-Free Agent      2020.0    National          1.0        25.0
2026-03-20 07:08:44,377 [INFO]     | 6  Adelaide     Indy Cotton           2027.0                  Unknown         NaN        None          NaN         NaN
2026-03-20 07:08:44,377 [INFO]     | 7  Adelaide   Isaac Cumming           2030.0           Non-Free Agent      2016.0    National          1.0        20.0
2026-03-20 07:08:44,377 [INFO]     | 8  Adelaide   Daniel Curtin           2029.0           Non-Free Agent      2023.0    National          1.0         8.0
2026-03-20 07:08:44,377 [INFO]     | 9  Adelaide   Jordan Dawson           2029.0    Restricted Free Agent      2015.0    National          4.0        56.0
2026-03-20 07:08:44,377 [INFO] START [afl_ladders] Scrape AFL ladder standings from Footywire (current season)
2026-03-20 07:08:44,377 [INFO]   Running: /opt/homebrew/Caskroom/miniconda/base/envs/afl/bin/python /Users/marcuswagner/coding/AFL_dashboard/scrape_afl_ladders.py --current-only
2026-03-20 07:08:46,598 [INFO]   DONE [afl_ladders] in 2.2s
2026-03-20 07:08:46,598 [INFO]     |   2026: 18 teams
2026-03-20 07:08:46,598 [INFO]     | 
2026-03-20 07:08:46,598 [INFO]     | ============================================================
2026-03-20 07:08:46,598 [INFO]     | Completed: 2026-03-20 07:08:46
2026-03-20 07:08:46,598 [INFO]     | ============================================================
2026-03-20 07:08:46,598 [INFO] START [wheelo_ratings] Scrape Wheelo team & player ratings (Selenium)
2026-03-20 07:08:46,598 [INFO]   Running: /opt/homebrew/Caskroom/miniconda/base/envs/afl/bin/python /Users/marcuswagner/coding/AFL_dashboard/scrape_wheelo_ratings.py --all
2026-03-20 07:09:31,294 [INFO]   DONE [wheelo_ratings] in 44.7s
2026-03-20 07:09:31,294 [INFO]     | 📊 Team Stats downloaded: 3 files
2026-03-20 07:09:31,294 [INFO]     | 📊 Player Stats downloaded: 3 files
2026-03-20 07:09:31,294 [INFO]     | 📊 Squad Lists downloaded: 1 file
2026-03-20 07:09:31,294 [INFO]     | 
2026-03-20 07:09:31,295 [INFO]     | 📁 CSV files saved in: /Users/marcuswagner/coding/AFL_dashboard/wheelo_downloads
2026-03-20 07:09:31,295 [INFO] START [wheelo_match_stats] Scrape Wheelo match-by-match player ratings + Brownlow predictions (Selenium)
2026-03-20 07:09:31,295 [INFO]   Running: /opt/homebrew/Caskroom/miniconda/base/envs/afl/bin/python /Users/marcuswagner/coding/AFL_dashboard/scrape_wheelo_match_stats.py --brownlow
2026-03-20 07:10:09,865 [INFO]   DONE [wheelo_match_stats] in 38.6s
2026-03-20 07:10:09,866 [INFO]     | ============================================================
2026-03-20 07:10:09,866 [INFO]     | 🔧 Chrome driver attempt 1/3…
2026-03-20 07:10:09,866 [INFO]     | ✅ Chrome driver ready
2026-03-20 07:10:09,866 [INFO]     | 
2026-03-20 07:10:09,866 [INFO]     | 💾 Saved 644 rows → /Users/marcuswagner/coding/AFL_dashboard/data/raw/player/brownlow_predictions_2026.csv
2026-03-20 07:10:09,866 [INFO] START [traits_api] Fetch Traits API data for current-season players
2026-03-20 07:10:09,866 [INFO]   Running: /opt/homebrew/Caskroom/miniconda/base/envs/afl/bin/python /Users/marcuswagner/coding/AFL_dashboard/run_traits_api.py 
2026-03-20 07:14:34,831 [INFO]   DONE [traits_api] in 265.0s
2026-03-20 07:14:34,831 [INFO]     | 11      Sid Draper  Adelaide           1.38               None           None
2026-03-20 07:14:34,831 [INFO]     | 
2026-03-20 07:14:34,831 [INFO]     | Top 10 Overall Rated Players:
2026-03-20 07:14:34,831 [INFO]     | 
2026-03-20 07:14:34,831 [INFO]     | ⚠️  Dataset enhancement failed: Column 'Overall_Rating' has dtype object, cannot use method 'nlargest' with this dtype
2026-03-20 07:14:34,831 [INFO] START [wheelo_to_raw] Copy Wheelo team stats to raw data folder for ratings pipeline
2026-03-20 07:14:35,135 [INFO]   Backed up team_stats_2026.csv → backups/team_stats_2026_20260320_071435.csv
2026-03-20 07:14:35,138 [INFO]   Copied Wheelo 2026 Season -> team_stats_2026.csv (18 teams)
2026-03-20 07:14:35,154 [INFO]   Backed up team_stats_2026_L10.csv → backups/team_stats_2026_L10_20260320_071435.csv
2026-03-20 07:14:35,156 [INFO]   Copied Wheelo 2026 L10 -> team_stats_2026_L10.csv (18 teams)
2026-03-20 07:14:35,177 [INFO]   Backed up team_stats_2026_L5.csv → backups/team_stats_2026_L5_20260320_071435.csv
2026-03-20 07:14:35,179 [INFO]   Copied Wheelo 2026 L5 -> team_stats_2026_L5.csv (18 teams)
2026-03-20 07:14:35,179 [INFO]   DONE [wheelo_to_raw] in 0.3s
2026-03-20 07:14:35,179 [INFO] START [build_season] Build season data files (squads, stats, traits CSVs)
2026-03-20 07:14:35,179 [INFO]   Running: /opt/homebrew/Caskroom/miniconda/base/envs/afl/bin/python /Users/marcuswagner/coding/AFL_dashboard/build_season_data.py 
2026-03-20 07:14:35,434 [INFO]   DONE [build_season] in 0.3s
2026-03-20 07:14:35,434 [INFO]     |   Western Bulldogs      43 players  Avg Age: 24.3  Avg Games: 73
2026-03-20 07:14:35,434 [INFO]     | 
2026-03-20 07:14:35,434 [INFO]     | ============================================================
2026-03-20 07:14:35,434 [INFO]     | ✅ 2026 DATA BUILD COMPLETE
2026-03-20 07:14:35,434 [INFO]     | ============================================================
2026-03-20 07:14:35,434 [INFO] START [wheelo_player_to_raw] Merge Wheelo player season data (matches, ratings) into raw player CSVs
2026-03-20 07:14:35,550 [INFO]   Wheelo Wheelo 2026 Season: 432 players, 18 teams
2026-03-20 07:14:35,565 [INFO]   Name mappings (31): {'Matthew Johnson': 'Matt Johnson', 'Jack Macrae': 'Jackson Macrae', 'Lachie Schultz': 'Lachlan Schultz', 'Zac Williams': 'Zachary Williams', 'Leonardo Lombard': 'Leo Lombard', 'Connor Macdonald': 'Connor MacDonald', 'Josh Weddle': 'Joshua Weddle', 'Cam Rayner': 'Cameron Rayner', 'Mitch Owens': 'Mitchito Owens', 'Tom Stewart': 'Thomas Stewart', 'Joe Fonti': 'Joseph Fonti', 'Tim English': 'Timothy English', 'Oliver Dempsey': 'Ollie Dempsey', 'Cam Mackenzie': 'Cameron Mackenzie', 'Jacob van Rooyen': 'Jacob Van Rooyen', 'Matt Flynn': 'Matthew Flynn', 'Lachie Ash': 'Lachlan Ash', 'Lachie Weller': 'Lachlan Weller', 'Brad Close': 'Bradley Close', 'Sam Grlj': 'Samuel Grlj', 'Zach Merrett': 'Zachary Merrett', 'Archer May': 'Archie May', 'Sam Collins': 'Samuel Collins', 'Matthew Carroll': 'Matt Carroll', 'Tom Liberatore': 'Thomas Liberatore', 'Harry Himmelberg': 'Harrison Himmelberg', 'Mitch Lewis': 'Mitchell Lewis', 'Matt Roberts': 'Matthew Roberts', 'Mitch Knevitt': 'Mitchell Knevitt', 'Lachie Jones': 'Lachlan Jones', 'Lachie Fogarty': 'Lachlan Fogarty'}
2026-03-20 07:14:35,573 [INFO]   Backed up player_stats_2026.csv → backups/player_stats_2026_20260320_071435.csv
2026-03-20 07:14:35,575 [INFO]   Updated player_stats_2026.csv: 432 players with matches from Wheelo
2026-03-20 07:14:35,592 [INFO]   Backed up squads_2026.csv → backups/squads_2026_20260320_071435.csv
2026-03-20 07:14:35,594 [INFO]   Updated squads_2026.csv: 432 players matched from Wheelo
2026-03-20 07:14:35,594 [INFO]   DONE [wheelo_player_to_raw] in 0.2s
2026-03-20 07:14:35,594 [INFO] START [regenerate_ratings] Regenerate computed team summaries and ladders
2026-03-20 07:14:35,594 [INFO]   Running: /opt/homebrew/Caskroom/miniconda/base/envs/afl/bin/python /Users/marcuswagner/coding/AFL_dashboard/regenerate_ratings.py 
2026-03-20 07:14:35,871 [INFO]   DONE [regenerate_ratings] in 0.3s
2026-03-20 07:14:35,871 [INFO]     | Skipping 2025 Last 5 - no raw data
2026-03-20 07:14:35,871 [INFO]     | 
2026-03-20 07:14:35,871 [INFO]     | ============================================================
2026-03-20 07:14:35,871 [INFO]     | DONE!
2026-03-20 07:14:35,871 [INFO]     | ============================================================
2026-03-20 07:14:35,871 [INFO] START [refresh_master_ladders] Update master workbook Team_Ladders_All with freshly-scraped ladder data
2026-03-20 07:14:48,260 [INFO]   Refreshed Team_Ladders_All: 287 rows
2026-03-20 07:14:48,264 [INFO]   DONE [refresh_master_ladders] in 12.4s
2026-03-20 07:14:48,264 [INFO] START [update_photos] Download photos for any new/missing players
2026-03-20 07:14:48,264 [INFO]   Running: /opt/homebrew/Caskroom/miniconda/base/envs/afl/bin/python /Users/marcuswagner/coding/AFL_dashboard/auto_update_photos.py 
2026-03-20 07:17:42,560 [INFO]   DONE [update_photos] in 174.3s
2026-03-20 07:17:42,561 [INFO]     | 
2026-03-20 07:17:42,561 [INFO] START [validate_freshness] Validate pipeline output files are present and fresh
2026-03-20 07:17:42,561 [INFO]   Running: /opt/homebrew/Caskroom/miniconda/base/envs/afl/bin/python /Users/marcuswagner/coding/AFL_dashboard/validate_pipeline_freshness.py 
2026-03-20 07:17:42,601 [INFO]   DONE [validate_freshness] in 0.0s
2026-03-20 07:17:42,601 [INFO]     |   ✓ FRESH    footywire_drafts_history.csv  (07:08)
2026-03-20 07:17:42,601 [INFO]     |   ✓ FRESH    footywire_2026_with_traits.csv  (07:14)
2026-03-20 07:17:42,601 [INFO]     |   ✓ FRESH    traits_2026.csv  (07:14)
2026-03-20 07:17:42,601 [INFO]     | 
2026-03-20 07:17:42,601 [INFO]     | ✅ All required files are present and fresh.
2026-03-20 07:17:42,601 [INFO] START [validate_schemas] Validate CSV output schemas (columns, row counts, data quality)
2026-03-20 07:17:42,612 [INFO]   DONE [validate_schemas] 0 warning(s) in 0.0s
2026-03-20 07:17:42,613 [INFO] START [data_diff_check] Compare pipeline outputs against backups and alert on anomalies
2026-03-20 07:17:42,622 [INFO]   DONE [data_diff_check] no anomalies in 0.0s
2026-03-20 07:17:42,622 [INFO] 
2026-03-20 07:17:42,622 [INFO] ============================================================
2026-03-20 07:17:42,622 [INFO] UPDATE SUMMARY
2026-03-20 07:17:42,622 [INFO] ============================================================
2026-03-20 07:17:42,622 [INFO]   ✓ footywire_squads: OK
2026-03-20 07:17:42,622 [INFO]   ✓ footywire_extended: OK
2026-03-20 07:17:42,622 [INFO]   ✓ afl_ladders: OK
2026-03-20 07:17:42,622 [INFO]   ✓ wheelo_ratings: OK
2026-03-20 07:17:42,622 [INFO]   ✓ wheelo_match_stats: OK
2026-03-20 07:17:42,622 [INFO]   ✓ traits_api: OK
2026-03-20 07:17:42,622 [INFO]   ✓ wheelo_to_raw: OK
2026-03-20 07:17:42,622 [INFO]   ✓ build_season: OK
2026-03-20 07:17:42,622 [INFO]   ✓ wheelo_player_to_raw: OK
2026-03-20 07:17:42,622 [INFO]   ✓ regenerate_ratings: OK
2026-03-20 07:17:42,622 [INFO]   ✓ refresh_master_ladders: OK
2026-03-20 07:17:42,622 [INFO]   ✓ update_photos: OK
2026-03-20 07:17:42,622 [INFO]   ✓ validate_freshness: OK
2026-03-20 07:17:42,622 [INFO]   ✓ validate_schemas: OK
2026-03-20 07:17:42,622 [INFO]   ✓ data_diff_check: OK
2026-03-20 07:17:42,622 [INFO] 
2026-03-20 07:17:42,622 [INFO] Results: 15 passed, 0 failed, 0 skipped
2026-03-20 07:17:42,622 [INFO] Total time: 1059s (17.7 min)
2026-03-20 07:17:42,622 [INFO] Log: /Users/marcuswagner/coding/AFL_dashboard/logs/scheduled_update_2026-03-20_0700.log
2026-03-20 07:17:42,622 [INFO] 
✅ All steps completed successfully!
2026-03-20 07:17:47,935 [INFO] Email sent to marcus.wagner@futureedgesport.com.au
==========================================
AFL Dashboard – Scheduled Update
Sat Mar 21 07:00:05 AEDT 2026
==========================================
Using conda env: afl
2026-03-21 07:00:06,332 [INFO] Log file: /Users/marcuswagner/coding/AFL_dashboard/logs/scheduled_update_2026-03-21_0700.log
2026-03-21 07:00:06,332 [INFO] ============================================================
2026-03-21 07:00:06,332 [INFO] AFL Dashboard – Scheduled Data Update
2026-03-21 07:00:06,332 [INFO] Date: Saturday 21 March 2026 07:00
2026-03-21 07:00:06,332 [INFO] Mode: FULL
2026-03-21 07:00:06,333 [INFO] ============================================================
2026-03-21 07:00:06,333 [INFO] Python: /opt/homebrew/Caskroom/miniconda/base/envs/afl/bin/python
2026-03-21 07:00:06,333 [INFO] 
Steps to run (2):
2026-03-21 07:00:06,333 [INFO]   • wheelo_ratings: Scrape Wheelo team & player ratings (Selenium) [SLOW]
2026-03-21 07:00:06,333 [INFO]   • wheelo_match_stats: Scrape Wheelo match-by-match player ratings + Brownlow predictions (Selenium) [SLOW]
2026-03-21 07:00:06,333 [INFO] 
2026-03-21 07:00:06,333 [INFO] START [wheelo_ratings] Scrape Wheelo team & player ratings (Selenium)
2026-03-21 07:00:06,333 [INFO]   Running: /opt/homebrew/Caskroom/miniconda/base/envs/afl/bin/python /Users/marcuswagner/coding/AFL_dashboard/scrape_wheelo_ratings.py --all
2026-03-21 07:00:56,887 [INFO]   DONE [wheelo_ratings] in 50.6s
2026-03-21 07:00:56,888 [INFO]     | 📊 Team Stats downloaded: 3 files
2026-03-21 07:00:56,888 [INFO]     | 📊 Player Stats downloaded: 3 files
2026-03-21 07:00:56,888 [INFO]     | 📊 Squad Lists downloaded: 1 file
2026-03-21 07:00:56,888 [INFO]     | 
2026-03-21 07:00:56,888 [INFO]     | 📁 CSV files saved in: /Users/marcuswagner/coding/AFL_dashboard/wheelo_downloads
2026-03-21 07:00:56,888 [INFO] START [wheelo_match_stats] Scrape Wheelo match-by-match player ratings + Brownlow predictions (Selenium)
2026-03-21 07:00:56,888 [INFO]   Running: /opt/homebrew/Caskroom/miniconda/base/envs/afl/bin/python /Users/marcuswagner/coding/AFL_dashboard/scrape_wheelo_match_stats.py --brownlow
2026-03-21 07:01:36,192 [INFO]   DONE [wheelo_match_stats] in 39.3s
2026-03-21 07:01:36,192 [INFO]     | ============================================================
2026-03-21 07:01:36,192 [INFO]     | 🔧 Chrome driver attempt 1/3…
2026-03-21 07:01:36,192 [INFO]     | ✅ Chrome driver ready
2026-03-21 07:01:36,192 [INFO]     | 
2026-03-21 07:01:36,192 [INFO]     | 💾 Saved 644 rows → /Users/marcuswagner/coding/AFL_dashboard/data/raw/player/brownlow_predictions_2026.csv
2026-03-21 07:01:36,192 [INFO] 
2026-03-21 07:01:36,192 [INFO] ============================================================
2026-03-21 07:01:36,192 [INFO] UPDATE SUMMARY
2026-03-21 07:01:36,192 [INFO] ============================================================
2026-03-21 07:01:36,192 [INFO]   ✓ wheelo_ratings: OK
2026-03-21 07:01:36,192 [INFO]   ✓ wheelo_match_stats: OK
2026-03-21 07:01:36,192 [INFO] 
2026-03-21 07:01:36,192 [INFO] Results: 2 passed, 0 failed, 0 skipped
2026-03-21 07:01:36,192 [INFO] Total time: 90s (1.5 min)
2026-03-21 07:01:36,192 [INFO] Log: /Users/marcuswagner/coding/AFL_dashboard/logs/scheduled_update_2026-03-21_0700.log
2026-03-21 07:01:36,194 [INFO] 
✅ All steps completed successfully!
2026-03-21 07:01:41,608 [INFO] Email sent to marcus.wagner@futureedgesport.com.au
==========================================
AFL Dashboard – Scheduled Update
Sun Mar 22 07:00:01 AEDT 2026
==========================================
Using conda env: afl
2026-03-22 07:00:02,516 [INFO] Log file: /Users/marcuswagner/coding/AFL_dashboard/logs/scheduled_update_2026-03-22_0700.log
2026-03-22 07:00:02,516 [INFO] ============================================================
2026-03-22 07:00:02,516 [INFO] AFL Dashboard – Scheduled Data Update
2026-03-22 07:00:02,516 [INFO] Date: Sunday 22 March 2026 07:00
2026-03-22 07:00:02,516 [INFO] Mode: FULL
2026-03-22 07:00:02,516 [INFO] ============================================================
2026-03-22 07:00:02,516 [INFO] Python: /opt/homebrew/Caskroom/miniconda/base/envs/afl/bin/python
2026-03-22 07:00:02,516 [INFO] 
Steps to run (2):
2026-03-22 07:00:02,516 [INFO]   • wheelo_ratings: Scrape Wheelo team & player ratings (Selenium) [SLOW]
2026-03-22 07:00:02,516 [INFO]   • wheelo_match_stats: Scrape Wheelo match-by-match player ratings + Brownlow predictions (Selenium) [SLOW]
2026-03-22 07:00:02,516 [INFO] 
2026-03-22 07:00:02,516 [INFO] START [wheelo_ratings] Scrape Wheelo team & player ratings (Selenium)
2026-03-22 07:00:02,516 [INFO]   Running: /opt/homebrew/Caskroom/miniconda/base/envs/afl/bin/python /Users/marcuswagner/coding/AFL_dashboard/scrape_wheelo_ratings.py --all
2026-03-22 07:00:52,870 [INFO]   DONE [wheelo_ratings] in 50.4s
2026-03-22 07:00:52,870 [INFO]     | 📊 Team Stats downloaded: 3 files
2026-03-22 07:00:52,870 [INFO]     | 📊 Player Stats downloaded: 3 files
2026-03-22 07:00:52,870 [INFO]     | 📊 Squad Lists downloaded: 1 file
2026-03-22 07:00:52,870 [INFO]     | 
2026-03-22 07:00:52,870 [INFO]     | 📁 CSV files saved in: /Users/marcuswagner/coding/AFL_dashboard/wheelo_downloads
2026-03-22 07:00:52,870 [INFO] START [wheelo_match_stats] Scrape Wheelo match-by-match player ratings + Brownlow predictions (Selenium)
2026-03-22 07:00:52,870 [INFO]   Running: /opt/homebrew/Caskroom/miniconda/base/envs/afl/bin/python /Users/marcuswagner/coding/AFL_dashboard/scrape_wheelo_match_stats.py --brownlow
2026-03-22 07:01:31,008 [INFO]   DONE [wheelo_match_stats] in 38.1s
2026-03-22 07:01:31,009 [INFO]     | ============================================================
2026-03-22 07:01:31,009 [INFO]     | 🔧 Chrome driver attempt 1/3…
2026-03-22 07:01:31,009 [INFO]     | ✅ Chrome driver ready
2026-03-22 07:01:31,009 [INFO]     | 
2026-03-22 07:01:31,009 [INFO]     | 💾 Saved 644 rows → /Users/marcuswagner/coding/AFL_dashboard/data/raw/player/brownlow_predictions_2026.csv
2026-03-22 07:01:31,009 [INFO] 
2026-03-22 07:01:31,009 [INFO] ============================================================
2026-03-22 07:01:31,009 [INFO] UPDATE SUMMARY
2026-03-22 07:01:31,009 [INFO] ============================================================
2026-03-22 07:01:31,009 [INFO]   ✓ wheelo_ratings: OK
2026-03-22 07:01:31,009 [INFO]   ✓ wheelo_match_stats: OK
2026-03-22 07:01:31,009 [INFO] 
2026-03-22 07:01:31,009 [INFO] Results: 2 passed, 0 failed, 0 skipped
2026-03-22 07:01:31,009 [INFO] Total time: 88s (1.5 min)
2026-03-22 07:01:31,009 [INFO] Log: /Users/marcuswagner/coding/AFL_dashboard/logs/scheduled_update_2026-03-22_0700.log
2026-03-22 07:01:31,013 [INFO] 
✅ All steps completed successfully!
2026-03-22 07:01:36,927 [INFO] Email sent to marcus.wagner@futureedgesport.com.au
==========================================
==========================================
AFL Dashboard – Scheduled Update
AFL Dashboard – Scheduled Update
Mon Mar 23 07:00:01 AEDT 2026
==========================================
Mon Mar 23 07:00:01 AEDT 2026
==========================================
Using conda env: afl
Using conda env: afl
2026-03-23 07:00:03,492 [INFO] Log file: /Users/marcuswagner/coding/AFL_dashboard/logs/scheduled_update_2026-03-23_0700.log
2026-03-23 07:00:03,492 [INFO] ============================================================
2026-03-23 07:00:03,492 [INFO] AFL Dashboard – Scheduled Data Update
2026-03-23 07:00:03,492 [INFO] Date: Monday 23 March 2026 07:00
2026-03-23 07:00:03,492 [INFO] Mode: FULL
2026-03-23 07:00:03,492 [INFO] ============================================================
2026-03-23 07:00:03,492 [INFO] Python: /opt/homebrew/Caskroom/miniconda/base/envs/afl/bin/python
2026-03-23 07:00:03,492 [INFO] 
Steps to run (2):
2026-03-23 07:00:03,492 [INFO]   • wheelo_ratings: Scrape Wheelo team & player ratings (Selenium) [SLOW]
2026-03-23 07:00:03,492 [INFO]   • wheelo_match_stats: Scrape Wheelo match-by-match player ratings + Brownlow predictions (Selenium) [SLOW]
2026-03-23 07:00:03,492 [INFO] 
2026-03-23 07:00:03,492 [INFO] START [wheelo_ratings] Scrape Wheelo team & player ratings (Selenium)
2026-03-23 07:00:03,492 [INFO]   Running: /opt/homebrew/Caskroom/miniconda/base/envs/afl/bin/python /Users/marcuswagner/coding/AFL_dashboard/scrape_wheelo_ratings.py --all
2026-03-23 07:00:03,492 [INFO] Log file: /Users/marcuswagner/coding/AFL_dashboard/logs/scheduled_update_2026-03-23_0700.log
2026-03-23 07:00:03,492 [INFO] ============================================================
2026-03-23 07:00:03,492 [INFO] AFL Dashboard – Scheduled Data Update
2026-03-23 07:00:03,492 [INFO] Date: Monday 23 March 2026 07:00
2026-03-23 07:00:03,493 [INFO] Mode: FULL
2026-03-23 07:00:03,493 [INFO] ============================================================
2026-03-23 07:00:03,493 [INFO] Python: /opt/homebrew/Caskroom/miniconda/base/envs/afl/bin/python
2026-03-23 07:00:03,493 [INFO] 
Steps to run (15):
2026-03-23 07:00:03,493 [INFO]   • footywire_squads: Scrape player squads from Footywire
2026-03-23 07:00:03,493 [INFO]   • footywire_extended: Scrape contracts & draft history from Footywire
2026-03-23 07:00:03,493 [INFO]   • afl_ladders: Scrape AFL ladder standings from Footywire (current season)
2026-03-23 07:00:03,493 [INFO]   • wheelo_ratings: Scrape Wheelo team & player ratings (Selenium) [SLOW]
2026-03-23 07:00:03,493 [INFO]   • wheelo_match_stats: Scrape Wheelo match-by-match player ratings + Brownlow predictions (Selenium) [SLOW]
2026-03-23 07:00:03,493 [INFO]   • traits_api: Fetch Traits API data for current-season players [SLOW]
2026-03-23 07:00:03,493 [INFO]   • wheelo_to_raw: Copy Wheelo team stats to raw data folder for ratings pipeline
2026-03-23 07:00:03,493 [INFO]   • build_season: Build season data files (squads, stats, traits CSVs)
2026-03-23 07:00:03,493 [INFO]   • wheelo_player_to_raw: Merge Wheelo player season data (matches, ratings) into raw player CSVs
2026-03-23 07:00:03,493 [INFO]   • regenerate_ratings: Regenerate computed team summaries and ladders
2026-03-23 07:00:03,493 [INFO]   • refresh_master_ladders: Update master workbook Team_Ladders_All with freshly-scraped ladder data
2026-03-23 07:00:03,493 [INFO]   • update_photos: Download photos for any new/missing players [SLOW]
2026-03-23 07:00:03,493 [INFO]   • validate_freshness: Validate pipeline output files are present and fresh
2026-03-23 07:00:03,493 [INFO]   • validate_schemas: Validate CSV output schemas (columns, row counts, data quality)
2026-03-23 07:00:03,493 [INFO]   • data_diff_check: Compare pipeline outputs against backups and alert on anomalies
2026-03-23 07:00:03,493 [INFO] 
2026-03-23 07:00:03,493 [INFO] START [footywire_squads] Scrape player squads from Footywire
2026-03-23 07:00:03,493 [INFO]   Running: /opt/homebrew/Caskroom/miniconda/base/envs/afl/bin/python /Users/marcuswagner/coding/AFL_dashboard/scrape_footywire.py 
2026-03-23 07:00:36,458 [INFO]   DONE [footywire_squads] in 33.0s
2026-03-23 07:00:36,459 [INFO]     | DefenderRuck          1
2026-03-23 07:00:36,459 [INFO]     | Name: count, dtype: int64
2026-03-23 07:00:36,459 [INFO]     | 
2026-03-23 07:00:36,459 [INFO]     | 
2026-03-23 07:00:36,459 [INFO]     | Updated DOB cache: 0 new entries
2026-03-23 07:00:36,459 [INFO] START [footywire_extended] Scrape contracts & draft history from Footywire
2026-03-23 07:00:36,459 [INFO]   Running: /opt/homebrew/Caskroom/miniconda/base/envs/afl/bin/python /Users/marcuswagner/coding/AFL_dashboard/scrape_footywire_extended.py --current-only
2026-03-23 07:00:53,920 [INFO]   DONE [wheelo_ratings] in 50.4s
2026-03-23 07:00:53,921 [INFO]     | 📊 Team Stats downloaded: 3 files
2026-03-23 07:00:53,921 [INFO]     | 📊 Player Stats downloaded: 3 files
2026-03-23 07:00:53,921 [INFO]     | 📊 Squad Lists downloaded: 1 file
2026-03-23 07:00:53,921 [INFO]     | 
2026-03-23 07:00:53,921 [INFO]     | 📁 CSV files saved in: /Users/marcuswagner/coding/AFL_dashboard/wheelo_downloads
2026-03-23 07:00:53,921 [INFO] START [wheelo_match_stats] Scrape Wheelo match-by-match player ratings + Brownlow predictions (Selenium)
2026-03-23 07:00:53,921 [INFO]   Running: /opt/homebrew/Caskroom/miniconda/base/envs/afl/bin/python /Users/marcuswagner/coding/AFL_dashboard/scrape_wheelo_match_stats.py --brownlow
2026-03-23 07:01:32,292 [INFO]   DONE [wheelo_match_stats] in 38.4s
2026-03-23 07:01:32,292 [INFO]     | ============================================================
2026-03-23 07:01:32,292 [INFO]     | 🔧 Chrome driver attempt 1/3…
2026-03-23 07:01:32,292 [INFO]     | ✅ Chrome driver ready
2026-03-23 07:01:32,292 [INFO]     | 
2026-03-23 07:01:32,292 [INFO]     | 💾 Saved 644 rows → /Users/marcuswagner/coding/AFL_dashboard/data/raw/player/brownlow_predictions_2026.csv
2026-03-23 07:01:32,293 [INFO] 
2026-03-23 07:01:32,293 [INFO] ============================================================
2026-03-23 07:01:32,293 [INFO] UPDATE SUMMARY
2026-03-23 07:01:32,293 [INFO] ============================================================
2026-03-23 07:01:32,293 [INFO]   ✓ wheelo_ratings: OK
2026-03-23 07:01:32,293 [INFO]   ✓ wheelo_match_stats: OK
2026-03-23 07:01:32,293 [INFO] 
2026-03-23 07:01:32,293 [INFO] Results: 2 passed, 0 failed, 0 skipped
2026-03-23 07:01:32,293 [INFO] Total time: 89s (1.5 min)
2026-03-23 07:01:32,293 [INFO] Log: /Users/marcuswagner/coding/AFL_dashboard/logs/scheduled_update_2026-03-23_0700.log
2026-03-23 07:01:32,293 [INFO] 
✅ All steps completed successfully!
2026-03-23 07:01:39,958 [INFO] Email sent to marcus.wagner@futureedgesport.com.au
2026-03-23 07:08:54,100 [INFO]   DONE [footywire_extended] in 497.6s
2026-03-23 07:08:54,101 [INFO]     | 5  Adelaide    Brayden Cook           2026.0           Non-Free Agent      2020.0    National          1.0        25.0
2026-03-23 07:08:54,101 [INFO]     | 6  Adelaide     Indy Cotton           2027.0                  Unknown         NaN        None          NaN         NaN
2026-03-23 07:08:54,101 [INFO]     | 7  Adelaide   Isaac Cumming           2030.0           Non-Free Agent      2016.0    National          1.0        20.0
2026-03-23 07:08:54,101 [INFO]     | 8  Adelaide   Daniel Curtin           2029.0           Non-Free Agent      2023.0    National          1.0         8.0
2026-03-23 07:08:54,101 [INFO]     | 9  Adelaide   Jordan Dawson           2029.0    Restricted Free Agent      2015.0    National          4.0        56.0
2026-03-23 07:08:54,101 [INFO] START [afl_ladders] Scrape AFL ladder standings from Footywire (current season)
2026-03-23 07:08:54,101 [INFO]   Running: /opt/homebrew/Caskroom/miniconda/base/envs/afl/bin/python /Users/marcuswagner/coding/AFL_dashboard/scrape_afl_ladders.py --current-only
2026-03-23 07:08:56,400 [INFO]   DONE [afl_ladders] in 2.3s
2026-03-23 07:08:56,400 [INFO]     |   2026: 18 teams
2026-03-23 07:08:56,400 [INFO]     | 
2026-03-23 07:08:56,400 [INFO]     | ============================================================
2026-03-23 07:08:56,400 [INFO]     | Completed: 2026-03-23 07:08:56
2026-03-23 07:08:56,400 [INFO]     | ============================================================
2026-03-23 07:08:56,400 [INFO] START [wheelo_ratings] Scrape Wheelo team & player ratings (Selenium)
2026-03-23 07:08:56,400 [INFO]   Running: /opt/homebrew/Caskroom/miniconda/base/envs/afl/bin/python /Users/marcuswagner/coding/AFL_dashboard/scrape_wheelo_ratings.py --all
2026-03-23 07:09:41,552 [INFO]   DONE [wheelo_ratings] in 45.2s
2026-03-23 07:09:41,553 [INFO]     | 📊 Team Stats downloaded: 3 files
2026-03-23 07:09:41,553 [INFO]     | 📊 Player Stats downloaded: 3 files
2026-03-23 07:09:41,553 [INFO]     | 📊 Squad Lists downloaded: 1 file
2026-03-23 07:09:41,553 [INFO]     | 
2026-03-23 07:09:41,553 [INFO]     | 📁 CSV files saved in: /Users/marcuswagner/coding/AFL_dashboard/wheelo_downloads
2026-03-23 07:09:41,553 [INFO] START [wheelo_match_stats] Scrape Wheelo match-by-match player ratings + Brownlow predictions (Selenium)
2026-03-23 07:09:41,553 [INFO]   Running: /opt/homebrew/Caskroom/miniconda/base/envs/afl/bin/python /Users/marcuswagner/coding/AFL_dashboard/scrape_wheelo_match_stats.py --brownlow
2026-03-23 07:10:19,471 [INFO]   DONE [wheelo_match_stats] in 37.9s
2026-03-23 07:10:19,472 [INFO]     | ============================================================
2026-03-23 07:10:19,472 [INFO]     | 🔧 Chrome driver attempt 1/3…
2026-03-23 07:10:19,472 [INFO]     | ✅ Chrome driver ready
2026-03-23 07:10:19,472 [INFO]     | 
2026-03-23 07:10:19,472 [INFO]     | 💾 Saved 644 rows → /Users/marcuswagner/coding/AFL_dashboard/data/raw/player/brownlow_predictions_2026.csv
2026-03-23 07:10:19,472 [INFO] START [traits_api] Fetch Traits API data for current-season players
2026-03-23 07:10:19,472 [INFO]   Running: /opt/homebrew/Caskroom/miniconda/base/envs/afl/bin/python /Users/marcuswagner/coding/AFL_dashboard/run_traits_api.py 
2026-03-23 07:14:42,519 [INFO]   DONE [traits_api] in 263.0s
2026-03-23 07:14:42,520 [INFO]     | 11      Sid Draper  Adelaide           1.38               None           None
2026-03-23 07:14:42,520 [INFO]     | 
2026-03-23 07:14:42,520 [INFO]     | Top 10 Overall Rated Players:
2026-03-23 07:14:42,520 [INFO]     | 
2026-03-23 07:14:42,520 [INFO]     | ⚠️  Dataset enhancement failed: Column 'Overall_Rating' has dtype object, cannot use method 'nlargest' with this dtype
2026-03-23 07:14:42,520 [INFO] START [wheelo_to_raw] Copy Wheelo team stats to raw data folder for ratings pipeline
2026-03-23 07:14:42,866 [INFO]   Backed up team_stats_2026.csv → backups/team_stats_2026_20260323_071442.csv
2026-03-23 07:14:42,869 [INFO]   Copied Wheelo 2026 Season -> team_stats_2026.csv (18 teams)
2026-03-23 07:14:42,885 [INFO]   Backed up team_stats_2026_L10.csv → backups/team_stats_2026_L10_20260323_071442.csv
2026-03-23 07:14:42,886 [INFO]   Copied Wheelo 2026 L10 -> team_stats_2026_L10.csv (18 teams)
2026-03-23 07:14:42,907 [INFO]   Backed up team_stats_2026_L5.csv → backups/team_stats_2026_L5_20260323_071442.csv
2026-03-23 07:14:42,908 [INFO]   Copied Wheelo 2026 L5 -> team_stats_2026_L5.csv (18 teams)
2026-03-23 07:14:42,908 [INFO]   DONE [wheelo_to_raw] in 0.4s
2026-03-23 07:14:42,908 [INFO] START [build_season] Build season data files (squads, stats, traits CSVs)
2026-03-23 07:14:42,909 [INFO]   Running: /opt/homebrew/Caskroom/miniconda/base/envs/afl/bin/python /Users/marcuswagner/coding/AFL_dashboard/build_season_data.py 
2026-03-23 07:14:43,171 [INFO]   DONE [build_season] in 0.3s
2026-03-23 07:14:43,171 [INFO]     |   Western Bulldogs      43 players  Avg Age: 24.3  Avg Games: 73
2026-03-23 07:14:43,171 [INFO]     | 
2026-03-23 07:14:43,171 [INFO]     | ============================================================
2026-03-23 07:14:43,171 [INFO]     | ✅ 2026 DATA BUILD COMPLETE
2026-03-23 07:14:43,171 [INFO]     | ============================================================
2026-03-23 07:14:43,171 [INFO] START [wheelo_player_to_raw] Merge Wheelo player season data (matches, ratings) into raw player CSVs
2026-03-23 07:14:43,291 [INFO]   Wheelo Wheelo 2026 Season: 450 players, 18 teams
2026-03-23 07:14:43,307 [INFO]   Name mappings (32): {'Mitch Knevitt': 'Mitchell Knevitt', 'Sam Collins': 'Samuel Collins', 'Lachie Jones': 'Lachlan Jones', 'Leonardo Lombard': 'Leo Lombard', 'Joe Fonti': 'Joseph Fonti', 'Connor Macdonald': 'Connor MacDonald', 'Tom Liberatore': 'Thomas Liberatore', 'Zach Merrett': 'Zachary Merrett', 'Lachie Weller': 'Lachlan Weller', 'Tim English': 'Timothy English', 'Matthew Johnson': 'Matt Johnson', 'Tom Stewart': 'Thomas Stewart', 'Christopher Scerri': 'Chris Scerri', 'Cam Rayner': 'Cameron Rayner', 'Mitch Lewis': 'Mitchell Lewis', 'Jacob van Rooyen': 'Jacob Van Rooyen', 'Harry Himmelberg': 'Harrison Himmelberg', 'Brad Close': 'Bradley Close', 'Matt Flynn': 'Matthew Flynn', 'Sam Grlj': 'Samuel Grlj', 'Mitch Owens': 'Mitchito Owens', 'Lachie Fogarty': 'Lachlan Fogarty', 'Oliver Dempsey': 'Ollie Dempsey', 'Matt Roberts': 'Matthew Roberts', 'Lachie Schultz': 'Lachlan Schultz', 'Lachie Ash': 'Lachlan Ash', 'Zac Williams': 'Zachary Williams', 'Matthew Carroll': 'Matt Carroll', 'Archer May': 'Archie May', 'Jack Macrae': 'Jackson Macrae', 'Josh Weddle': 'Joshua Weddle', 'Cam Mackenzie': 'Cameron Mackenzie'}
2026-03-23 07:14:43,315 [INFO]   Backed up player_stats_2026.csv → backups/player_stats_2026_20260323_071443.csv
2026-03-23 07:14:43,317 [INFO]   Updated player_stats_2026.csv: 450 players with matches from Wheelo
2026-03-23 07:14:43,334 [INFO]   Backed up squads_2026.csv → backups/squads_2026_20260323_071443.csv
2026-03-23 07:14:43,336 [INFO]   Updated squads_2026.csv: 450 players matched from Wheelo
2026-03-23 07:14:43,336 [INFO]   DONE [wheelo_player_to_raw] in 0.2s
2026-03-23 07:14:43,336 [INFO] START [regenerate_ratings] Regenerate computed team summaries and ladders
2026-03-23 07:14:43,336 [INFO]   Running: /opt/homebrew/Caskroom/miniconda/base/envs/afl/bin/python /Users/marcuswagner/coding/AFL_dashboard/regenerate_ratings.py 
2026-03-23 07:14:43,610 [INFO]   DONE [regenerate_ratings] in 0.3s
2026-03-23 07:14:43,611 [INFO]     | Skipping 2025 Last 5 - no raw data
2026-03-23 07:14:43,611 [INFO]     | 
2026-03-23 07:14:43,611 [INFO]     | ============================================================
2026-03-23 07:14:43,611 [INFO]     | DONE!
2026-03-23 07:14:43,611 [INFO]     | ============================================================
2026-03-23 07:14:43,611 [INFO] START [refresh_master_ladders] Update master workbook Team_Ladders_All with freshly-scraped ladder data
2026-03-23 07:14:56,033 [INFO]   Refreshed Team_Ladders_All: 287 rows
2026-03-23 07:14:56,036 [INFO]   DONE [refresh_master_ladders] in 12.4s
2026-03-23 07:14:56,036 [INFO] START [update_photos] Download photos for any new/missing players
2026-03-23 07:14:56,036 [INFO]   Running: /opt/homebrew/Caskroom/miniconda/base/envs/afl/bin/python /Users/marcuswagner/coding/AFL_dashboard/auto_update_photos.py 
2026-03-23 07:17:48,594 [INFO]   DONE [update_photos] in 172.6s
2026-03-23 07:17:48,595 [INFO]     | 
2026-03-23 07:17:48,595 [INFO] START [validate_freshness] Validate pipeline output files are present and fresh
2026-03-23 07:17:48,595 [INFO]   Running: /opt/homebrew/Caskroom/miniconda/base/envs/afl/bin/python /Users/marcuswagner/coding/AFL_dashboard/validate_pipeline_freshness.py 
2026-03-23 07:17:48,626 [INFO]   DONE [validate_freshness] in 0.0s
2026-03-23 07:17:48,627 [INFO]     |   ✓ FRESH    footywire_drafts_history.csv  (07:08)
2026-03-23 07:17:48,627 [INFO]     |   ✓ FRESH    footywire_2026_with_traits.csv  (07:14)
2026-03-23 07:17:48,627 [INFO]     |   ✓ FRESH    traits_2026.csv  (07:14)
2026-03-23 07:17:48,627 [INFO]     | 
2026-03-23 07:17:48,627 [INFO]     | ✅ All required files are present and fresh.
2026-03-23 07:17:48,627 [INFO] START [validate_schemas] Validate CSV output schemas (columns, row counts, data quality)
2026-03-23 07:17:48,638 [INFO]   DONE [validate_schemas] 0 warning(s) in 0.0s
2026-03-23 07:17:48,638 [INFO] START [data_diff_check] Compare pipeline outputs against backups and alert on anomalies
2026-03-23 07:17:48,648 [INFO]   DONE [data_diff_check] no anomalies in 0.0s
2026-03-23 07:17:48,648 [INFO] 
2026-03-23 07:17:48,648 [INFO] ============================================================
2026-03-23 07:17:48,648 [INFO] UPDATE SUMMARY
2026-03-23 07:17:48,648 [INFO] ============================================================
2026-03-23 07:17:48,648 [INFO]   ✓ footywire_squads: OK
2026-03-23 07:17:48,648 [INFO]   ✓ footywire_extended: OK
2026-03-23 07:17:48,648 [INFO]   ✓ afl_ladders: OK
2026-03-23 07:17:48,648 [INFO]   ✓ wheelo_ratings: OK
2026-03-23 07:17:48,648 [INFO]   ✓ wheelo_match_stats: OK
2026-03-23 07:17:48,648 [INFO]   ✓ traits_api: OK
2026-03-23 07:17:48,648 [INFO]   ✓ wheelo_to_raw: OK
2026-03-23 07:17:48,648 [INFO]   ✓ build_season: OK
2026-03-23 07:17:48,648 [INFO]   ✓ wheelo_player_to_raw: OK
2026-03-23 07:17:48,648 [INFO]   ✓ regenerate_ratings: OK
2026-03-23 07:17:48,648 [INFO]   ✓ refresh_master_ladders: OK
2026-03-23 07:17:48,648 [INFO]   ✓ update_photos: OK
2026-03-23 07:17:48,648 [INFO]   ✓ validate_freshness: OK
2026-03-23 07:17:48,648 [INFO]   ✓ validate_schemas: OK
2026-03-23 07:17:48,648 [INFO]   ✓ data_diff_check: OK
2026-03-23 07:17:48,648 [INFO] 
2026-03-23 07:17:48,648 [INFO] Results: 15 passed, 0 failed, 0 skipped
2026-03-23 07:17:48,648 [INFO] Total time: 1065s (17.8 min)
2026-03-23 07:17:48,648 [INFO] Log: /Users/marcuswagner/coding/AFL_dashboard/logs/scheduled_update_2026-03-23_0700.log
2026-03-23 07:17:48,648 [INFO] 
✅ All steps completed successfully!
2026-03-23 07:17:55,724 [INFO] Email sent to marcus.wagner@futureedgesport.com.au
==========================================
AFL Dashboard – Scheduled Update
Tue Mar 24 07:00:01 AEDT 2026
==========================================
Using conda env: afl
2026-03-24 07:00:03,023 [INFO] Log file: /Users/marcuswagner/coding/AFL_dashboard/logs/scheduled_update_2026-03-24_0700.log
2026-03-24 07:00:03,023 [INFO] ============================================================
2026-03-24 07:00:03,023 [INFO] AFL Dashboard – Scheduled Data Update
2026-03-24 07:00:03,024 [INFO] Date: Tuesday 24 March 2026 07:00
2026-03-24 07:00:03,024 [INFO] Mode: FULL
2026-03-24 07:00:03,024 [INFO] ============================================================
2026-03-24 07:00:03,024 [INFO] Python: /opt/homebrew/Caskroom/miniconda/base/envs/afl/bin/python
2026-03-24 07:00:03,024 [INFO] 
Steps to run (2):
2026-03-24 07:00:03,024 [INFO]   • wheelo_ratings: Scrape Wheelo team & player ratings (Selenium) [SLOW]
2026-03-24 07:00:03,024 [INFO]   • wheelo_match_stats: Scrape Wheelo match-by-match player ratings + Brownlow predictions (Selenium) [SLOW]
2026-03-24 07:00:03,024 [INFO] 
2026-03-24 07:00:03,024 [INFO] START [wheelo_ratings] Scrape Wheelo team & player ratings (Selenium)
2026-03-24 07:00:03,024 [INFO]   Running: /opt/homebrew/Caskroom/miniconda/base/envs/afl/bin/python /Users/marcuswagner/coding/AFL_dashboard/scrape_wheelo_ratings.py --all
2026-03-24 07:00:50,892 [INFO]   DONE [wheelo_ratings] in 47.9s
2026-03-24 07:00:50,892 [INFO]     | 📊 Team Stats downloaded: 3 files
2026-03-24 07:00:50,892 [INFO]     | 📊 Player Stats downloaded: 3 files
2026-03-24 07:00:50,892 [INFO]     | 📊 Squad Lists downloaded: 1 file
2026-03-24 07:00:50,892 [INFO]     | 
2026-03-24 07:00:50,892 [INFO]     | 📁 CSV files saved in: /Users/marcuswagner/coding/AFL_dashboard/wheelo_downloads
2026-03-24 07:00:50,892 [INFO] START [wheelo_match_stats] Scrape Wheelo match-by-match player ratings + Brownlow predictions (Selenium)
2026-03-24 07:00:50,892 [INFO]   Running: /opt/homebrew/Caskroom/miniconda/base/envs/afl/bin/python /Users/marcuswagner/coding/AFL_dashboard/scrape_wheelo_match_stats.py --brownlow
2026-03-24 07:01:28,759 [INFO]   DONE [wheelo_match_stats] in 37.9s
2026-03-24 07:01:28,759 [INFO]     | ============================================================
2026-03-24 07:01:28,759 [INFO]     | 🔧 Chrome driver attempt 1/3…
2026-03-24 07:01:28,759 [INFO]     | ✅ Chrome driver ready
2026-03-24 07:01:28,759 [INFO]     | 
2026-03-24 07:01:28,759 [INFO]     | 💾 Saved 966 rows → /Users/marcuswagner/coding/AFL_dashboard/data/raw/player/brownlow_predictions_2026.csv
2026-03-24 07:01:28,759 [INFO] 
2026-03-24 07:01:28,759 [INFO] ============================================================
2026-03-24 07:01:28,759 [INFO] UPDATE SUMMARY
2026-03-24 07:01:28,759 [INFO] ============================================================
2026-03-24 07:01:28,760 [INFO]   ✓ wheelo_ratings: OK
2026-03-24 07:01:28,760 [INFO]   ✓ wheelo_match_stats: OK
2026-03-24 07:01:28,760 [INFO] 
2026-03-24 07:01:28,760 [INFO] Results: 2 passed, 0 failed, 0 skipped
2026-03-24 07:01:28,760 [INFO] Total time: 86s (1.4 min)
2026-03-24 07:01:28,760 [INFO] Log: /Users/marcuswagner/coding/AFL_dashboard/logs/scheduled_update_2026-03-24_0700.log
2026-03-24 07:01:28,760 [INFO] 
✅ All steps completed successfully!
2026-03-24 07:01:34,588 [INFO] Email sent to marcus.wagner@futureedgesport.com.au
==========================================
AFL Dashboard – Scheduled Update
Wed Mar 25 07:09:56 AEDT 2026
==========================================
Using conda env: afl
2026-03-25 07:09:57,451 [INFO] Log file: /Users/marcuswagner/coding/AFL_dashboard/logs/scheduled_update_2026-03-25_0709.log
2026-03-25 07:09:57,451 [INFO] ============================================================
2026-03-25 07:09:57,451 [INFO] AFL Dashboard – Scheduled Data Update
2026-03-25 07:09:57,451 [INFO] Date: Wednesday 25 March 2026 07:09
2026-03-25 07:09:57,451 [INFO] Mode: FULL
2026-03-25 07:09:57,451 [INFO] ============================================================
2026-03-25 07:09:57,451 [INFO] Python: /opt/homebrew/Caskroom/miniconda/base/envs/afl/bin/python
2026-03-25 07:09:57,451 [INFO] 
Steps to run (2):
2026-03-25 07:09:57,451 [INFO]   • wheelo_ratings: Scrape Wheelo team & player ratings (Selenium) [SLOW]
2026-03-25 07:09:57,451 [INFO]   • wheelo_match_stats: Scrape Wheelo match-by-match player ratings + Brownlow predictions (Selenium) [SLOW]
2026-03-25 07:09:57,451 [INFO] 
2026-03-25 07:09:57,451 [INFO] START [wheelo_ratings] Scrape Wheelo team & player ratings (Selenium)
2026-03-25 07:09:57,451 [INFO]   Running: /opt/homebrew/Caskroom/miniconda/base/envs/afl/bin/python /Users/marcuswagner/coding/AFL_dashboard/scrape_wheelo_ratings.py --all
2026-03-25 07:57:06,043 [INFO]   DONE [wheelo_ratings] in 2828.6s
2026-03-25 07:57:06,044 [INFO]     | 📊 Team Stats downloaded: 3 files
2026-03-25 07:57:06,044 [INFO]     | 📊 Player Stats downloaded: 3 files
2026-03-25 07:57:06,044 [INFO]     | 📊 Squad Lists downloaded: 1 file
2026-03-25 07:57:06,044 [INFO]     | 
2026-03-25 07:57:06,044 [INFO]     | 📁 CSV files saved in: /Users/marcuswagner/coding/AFL_dashboard/wheelo_downloads
2026-03-25 07:57:06,044 [INFO] START [wheelo_match_stats] Scrape Wheelo match-by-match player ratings + Brownlow predictions (Selenium)
2026-03-25 07:57:06,044 [INFO]   Running: /opt/homebrew/Caskroom/miniconda/base/envs/afl/bin/python /Users/marcuswagner/coding/AFL_dashboard/scrape_wheelo_match_stats.py --brownlow
2026-03-25 08:19:48,507 [ERROR]   FAILED [wheelo_match_stats] exit code 1 (1362.5s)
2026-03-25 08:19:48,508 [ERROR]     | 6   chromedriver                        0x00000001025aa220 cxxbridge1$str$ptr + 2891948
2026-03-25 08:19:48,508 [ERROR]     | 7   chromedriver                        0x00000001025ad910 cxxbridge1$str$ptr + 2906012
2026-03-25 08:19:48,508 [ERROR]     | 8   chromedriver                        0x000000010258f5d8 cxxbridge1$str$ptr + 2782308
2026-03-25 08:19:48,508 [ERROR]     | 9   chromedriver                        0x00000001025ae194 cxxbridge1$str$ptr + 2908192
2026-03-25 08:19:48,508 [ERROR]     | 10  chromedriver                        0x0000000102580090 cxxbridge1$str$ptr + 2719516
2026-03-25 08:19:48,508 [ERROR]     | 11  chromedriver                        0x00000001025d2b30 cxxbridge1$str$ptr + 3058108
2026-03-25 08:19:48,508 [ERROR]     | 12  chromedriver                        0x00000001025d2cac cxxbridge1$str$ptr + 3058488
2026-03-25 08:19:48,508 [ERROR]     | 13  chromedriver                        0x00000001025e3680 cxxbridge1$str$ptr + 3126540
2026-03-25 08:19:48,508 [ERROR]     | 14  libsystem_pthread.dylib             0x000000018ada1c08 _pthread_start + 136
2026-03-25 08:19:48,508 [ERROR]     | 15  libsystem_pthread.dylib             0x000000018ad9cba8 thread_start + 8
2026-03-25 08:19:48,508 [ERROR]     | 
2026-03-25 08:19:48,508 [ERROR]     |   📋 Round 1 (round 1)
2026-03-25 08:19:48,508 [ERROR]     |     (no games found)
2026-03-25 08:19:48,508 [ERROR]     | 
2026-03-25 08:19:48,508 [ERROR]     |   📋 Round 2 (round 2)
2026-03-25 08:19:48,508 [INFO] 
2026-03-25 08:19:48,508 [INFO] ============================================================
2026-03-25 08:19:48,508 [INFO] UPDATE SUMMARY
2026-03-25 08:19:48,508 [INFO] ============================================================
2026-03-25 08:19:48,508 [INFO]   ✓ wheelo_ratings: OK
2026-03-25 08:19:48,508 [INFO]   ✗ wheelo_match_stats: FAILED: Exit code 1
2026-03-25 08:19:48,508 [INFO] 
2026-03-25 08:19:48,508 [INFO] Results: 1 passed, 1 failed, 0 skipped
2026-03-25 08:19:48,508 [INFO] Total time: 4191s (69.9 min)
2026-03-25 08:19:48,508 [INFO] Log: /Users/marcuswagner/coding/AFL_dashboard/logs/scheduled_update_2026-03-25_0709.log
2026-03-25 08:19:48,509 [WARNING] 
⚠️  1 step(s) failed. Check log for details.
2026-03-25 08:19:53,337 [INFO] Email sent to marcus.wagner@futureedgesport.com.au
==========================================
AFL Dashboard – Scheduled Update
Thu Mar 26 07:02:42 AEDT 2026
==========================================
Using conda env: afl
2026-03-26 07:02:43,841 [INFO] Log file: /Users/marcuswagner/coding/AFL_dashboard/logs/scheduled_update_2026-03-26_0702.log
2026-03-26 07:02:43,841 [INFO] ============================================================
2026-03-26 07:02:43,841 [INFO] AFL Dashboard – Scheduled Data Update
2026-03-26 07:02:43,841 [INFO] Date: Thursday 26 March 2026 07:02
2026-03-26 07:02:43,841 [INFO] Mode: FULL
2026-03-26 07:02:43,841 [INFO] ============================================================
2026-03-26 07:02:43,841 [INFO] Python: /opt/homebrew/Caskroom/miniconda/base/envs/afl/bin/python
2026-03-26 07:02:43,841 [INFO] 
Steps to run (2):
2026-03-26 07:02:43,841 [INFO]   • wheelo_ratings: Scrape Wheelo team & player ratings (Selenium) [SLOW]
2026-03-26 07:02:43,841 [INFO]   • wheelo_match_stats: Scrape Wheelo match-by-match player ratings + Brownlow predictions (Selenium) [SLOW]
2026-03-26 07:02:43,842 [INFO] 
2026-03-26 07:02:43,842 [INFO] START [wheelo_ratings] Scrape Wheelo team & player ratings (Selenium)
2026-03-26 07:02:43,842 [INFO]   Running: /opt/homebrew/Caskroom/miniconda/base/envs/afl/bin/python /Users/marcuswagner/coding/AFL_dashboard/scrape_wheelo_ratings.py --all
2026-03-26 07:56:25,965 [INFO]   DONE [wheelo_ratings] in 3222.1s
2026-03-26 07:56:25,965 [INFO]     | 📊 Team Stats downloaded: 3 files
2026-03-26 07:56:25,966 [INFO]     | 📊 Player Stats downloaded: 3 files
2026-03-26 07:56:25,966 [INFO]     | 📊 Squad Lists downloaded: 1 file
2026-03-26 07:56:25,966 [INFO]     | 
2026-03-26 07:56:25,966 [INFO]     | 📁 CSV files saved in: /Users/marcuswagner/coding/AFL_dashboard/wheelo_downloads
2026-03-26 07:56:25,966 [INFO] START [wheelo_match_stats] Scrape Wheelo match-by-match player ratings + Brownlow predictions (Selenium)
2026-03-26 07:56:25,966 [INFO]   Running: /opt/homebrew/Caskroom/miniconda/base/envs/afl/bin/python /Users/marcuswagner/coding/AFL_dashboard/scrape_wheelo_match_stats.py --brownlow
2026-03-26 08:03:26,521 [ERROR]   FAILED [wheelo_match_stats] exit code 1 (420.6s)
2026-03-26 08:03:26,521 [ERROR]     |     main()
2026-03-26 08:03:26,521 [ERROR]     |   File "/Users/marcuswagner/coding/AFL_dashboard/scrape_wheelo_match_stats.py", line 415, in main
2026-03-26 08:03:26,521 [ERROR]     |     scraper.scrape_and_save_brownlow(args.season)
2026-03-26 08:03:26,521 [ERROR]     |   File "/Users/marcuswagner/coding/AFL_dashboard/scrape_wheelo_match_stats.py", line 358, in scrape_and_save_brownlow
2026-03-26 08:03:26,521 [ERROR]     |     df = self.scrape_brownlow(season)
2026-03-26 08:03:26,521 [ERROR]     |   File "/Users/marcuswagner/coding/AFL_dashboard/scrape_wheelo_match_stats.py", line 317, in scrape_brownlow
2026-03-26 08:03:26,521 [ERROR]     |     self._setup_driver()
2026-03-26 08:03:26,521 [ERROR]     |   File "/Users/marcuswagner/coding/AFL_dashboard/scrape_wheelo_match_stats.py", line 118, in _setup_driver
2026-03-26 08:03:26,521 [ERROR]     |     raise RuntimeError(f"Failed to start Chrome after {max_retries} attempts: {last_error}")
2026-03-26 08:03:26,521 [ERROR]     | RuntimeError: Failed to start Chrome after 3 attempts: Could not reach host. Are you offline?
2026-03-26 08:03:26,521 [ERROR]     |   ⚠️  Attempt 1 failed: Could not reach host. Are you offline?
2026-03-26 08:03:26,521 [ERROR]     | 🔧 Chrome driver attempt 2/3…
2026-03-26 08:03:26,521 [ERROR]     |   ⚠️  Attempt 2 failed: Could not reach host. Are you offline?
2026-03-26 08:03:26,521 [ERROR]     | 🔧 Chrome driver attempt 3/3…
2026-03-26 08:03:26,521 [ERROR]     |   ⚠️  Attempt 3 failed: Could not reach host. Are you offline?
2026-03-26 08:03:26,521 [INFO] 
2026-03-26 08:03:26,521 [INFO] ============================================================
2026-03-26 08:03:26,521 [INFO] UPDATE SUMMARY
2026-03-26 08:03:26,521 [INFO] ============================================================
2026-03-26 08:03:26,521 [INFO]   ✓ wheelo_ratings: OK
2026-03-26 08:03:26,521 [INFO]   ✗ wheelo_match_stats: FAILED: Exit code 1
2026-03-26 08:03:26,521 [INFO] 
2026-03-26 08:03:26,521 [INFO] Results: 1 passed, 1 failed, 0 skipped
2026-03-26 08:03:26,521 [INFO] Total time: 3643s (60.7 min)
2026-03-26 08:03:26,521 [INFO] Log: /Users/marcuswagner/coding/AFL_dashboard/logs/scheduled_update_2026-03-26_0702.log
2026-03-26 08:03:26,522 [WARNING] 
⚠️  1 step(s) failed. Check log for details.
2026-03-26 08:03:26,622 [WARNING] SMTP email failed: [Errno 8] nodename nor servname provided, or not known
2026-03-26 08:03:26,646 [INFO] Email sent via mailx to marcus.wagner@futureedgesport.com.au
==========================================
==========================================
AFL Dashboard – Scheduled Update
AFL Dashboard – Scheduled Update
Fri Mar 27 07:00:21 AEDT 2026
Fri Mar 27 07:00:21 AEDT 2026
==========================================
==========================================
Using conda env: afl
Using conda env: afl
2026-03-27 07:00:23,016 [INFO] Log file: /Users/marcuswagner/coding/AFL_dashboard/logs/scheduled_update_2026-03-27_0700.log
2026-03-27 07:00:23,016 [INFO] Log file: /Users/marcuswagner/coding/AFL_dashboard/logs/scheduled_update_2026-03-27_0700.log
2026-03-27 07:00:23,017 [INFO] ============================================================
2026-03-27 07:00:23,017 [INFO] ============================================================
2026-03-27 07:00:23,017 [INFO] AFL Dashboard – Scheduled Data Update
2026-03-27 07:00:23,017 [INFO] AFL Dashboard – Scheduled Data Update
2026-03-27 07:00:23,017 [INFO] Date: Friday 27 March 2026 07:00
2026-03-27 07:00:23,017 [INFO] Date: Friday 27 March 2026 07:00
2026-03-27 07:00:23,017 [INFO] Mode: FULL
2026-03-27 07:00:23,017 [INFO] Mode: FULL
2026-03-27 07:00:23,017 [INFO] ============================================================
2026-03-27 07:00:23,017 [INFO] ============================================================
2026-03-27 07:00:23,017 [INFO] Python: /opt/homebrew/Caskroom/miniconda/base/envs/afl/bin/python
2026-03-27 07:00:23,017 [INFO] Python: /opt/homebrew/Caskroom/miniconda/base/envs/afl/bin/python
2026-03-27 07:00:23,017 [INFO] 
Steps to run (15):
2026-03-27 07:00:23,017 [INFO] 
Steps to run (2):
2026-03-27 07:00:23,017 [INFO]   • footywire_squads: Scrape player squads from Footywire
2026-03-27 07:00:23,017 [INFO]   • wheelo_ratings: Scrape Wheelo team & player ratings (Selenium) [SLOW]
2026-03-27 07:00:23,017 [INFO]   • footywire_extended: Scrape contracts & draft history from Footywire
2026-03-27 07:00:23,017 [INFO]   • wheelo_match_stats: Scrape Wheelo match-by-match player ratings + Brownlow predictions (Selenium) [SLOW]
2026-03-27 07:00:23,017 [INFO]   • afl_ladders: Scrape AFL ladder standings from Footywire (current season)
2026-03-27 07:00:23,017 [INFO] 
2026-03-27 07:00:23,017 [INFO]   • wheelo_ratings: Scrape Wheelo team & player ratings (Selenium) [SLOW]
2026-03-27 07:00:23,017 [INFO]   • wheelo_match_stats: Scrape Wheelo match-by-match player ratings + Brownlow predictions (Selenium) [SLOW]
2026-03-27 07:00:23,017 [INFO] START [wheelo_ratings] Scrape Wheelo team & player ratings (Selenium)
2026-03-27 07:00:23,017 [INFO]   • traits_api: Fetch Traits API data for current-season players [SLOW]
2026-03-27 07:00:23,017 [INFO]   Running: /opt/homebrew/Caskroom/miniconda/base/envs/afl/bin/python /Users/marcuswagner/coding/AFL_dashboard/scrape_wheelo_ratings.py --all
2026-03-27 07:00:23,017 [INFO]   • wheelo_to_raw: Copy Wheelo team stats to raw data folder for ratings pipeline
2026-03-27 07:00:23,017 [INFO]   • build_season: Build season data files (squads, stats, traits CSVs)
2026-03-27 07:00:23,017 [INFO]   • wheelo_player_to_raw: Merge Wheelo player season data (matches, ratings) into raw player CSVs
2026-03-27 07:00:23,017 [INFO]   • regenerate_ratings: Regenerate computed team summaries and ladders
2026-03-27 07:00:23,017 [INFO]   • refresh_master_ladders: Update master workbook Team_Ladders_All with freshly-scraped ladder data
2026-03-27 07:00:23,017 [INFO]   • update_photos: Download photos for any new/missing players [SLOW]
2026-03-27 07:00:23,017 [INFO]   • validate_freshness: Validate pipeline output files are present and fresh
2026-03-27 07:00:23,017 [INFO]   • validate_schemas: Validate CSV output schemas (columns, row counts, data quality)
2026-03-27 07:00:23,017 [INFO]   • data_diff_check: Compare pipeline outputs against backups and alert on anomalies
2026-03-27 07:00:23,017 [INFO] 
2026-03-27 07:00:23,017 [INFO] START [footywire_squads] Scrape player squads from Footywire
2026-03-27 07:00:23,017 [INFO]   Running: /opt/homebrew/Caskroom/miniconda/base/envs/afl/bin/python /Users/marcuswagner/coding/AFL_dashboard/scrape_footywire.py 
2026-03-27 08:05:26,216 [INFO]   DONE [wheelo_ratings] in 3903.2s
2026-03-27 08:05:26,217 [INFO]     | 📊 Team Stats downloaded: 3 files
2026-03-27 08:05:26,217 [INFO]     | 📊 Player Stats downloaded: 3 files
2026-03-27 08:05:26,217 [INFO]     | 📊 Squad Lists downloaded: 1 file
2026-03-27 08:05:26,217 [INFO]     | 
2026-03-27 08:05:26,217 [INFO]     | 📁 CSV files saved in: /Users/marcuswagner/coding/AFL_dashboard/wheelo_downloads
2026-03-27 08:05:26,217 [INFO] START [wheelo_match_stats] Scrape Wheelo match-by-match player ratings + Brownlow predictions (Selenium)
2026-03-27 08:05:26,217 [INFO]   Running: /opt/homebrew/Caskroom/miniconda/base/envs/afl/bin/python /Users/marcuswagner/coding/AFL_dashboard/scrape_wheelo_match_stats.py --brownlow
2026-03-27 08:05:33,400 [ERROR]   FAILED [wheelo_match_stats] exit code 1 (7.2s)
2026-03-27 08:05:33,400 [ERROR]     |     main()
2026-03-27 08:05:33,400 [ERROR]     |   File "/Users/marcuswagner/coding/AFL_dashboard/scrape_wheelo_match_stats.py", line 412, in main
2026-03-27 08:05:33,400 [ERROR]     |     scraper.scrape_and_save(args.season, r_start, r_end)
2026-03-27 08:05:33,400 [ERROR]     |   File "/Users/marcuswagner/coding/AFL_dashboard/scrape_wheelo_match_stats.py", line 376, in scrape_and_save
2026-03-27 08:05:33,400 [ERROR]     |     df = self.scrape(season, round_start, round_end)
2026-03-27 08:05:33,400 [ERROR]     |   File "/Users/marcuswagner/coding/AFL_dashboard/scrape_wheelo_match_stats.py", line 255, in scrape
2026-03-27 08:05:33,400 [ERROR]     |     self._setup_driver()
2026-03-27 08:05:33,400 [ERROR]     |   File "/Users/marcuswagner/coding/AFL_dashboard/scrape_wheelo_match_stats.py", line 118, in _setup_driver
2026-03-27 08:05:33,400 [ERROR]     |     raise RuntimeError(f"Failed to start Chrome after {max_retries} attempts: {last_error}")
2026-03-27 08:05:33,400 [ERROR]     | RuntimeError: Failed to start Chrome after 3 attempts: Could not reach host. Are you offline?
2026-03-27 08:05:33,400 [ERROR]     |   ⚠️  Attempt 1 failed: Could not reach host. Are you offline?
2026-03-27 08:05:33,400 [ERROR]     | 🔧 Chrome driver attempt 2/3…
2026-03-27 08:05:33,400 [ERROR]     |   ⚠️  Attempt 2 failed: Could not reach host. Are you offline?
2026-03-27 08:05:33,400 [ERROR]     | 🔧 Chrome driver attempt 3/3…
2026-03-27 08:05:33,400 [ERROR]     |   ⚠️  Attempt 3 failed: Could not reach host. Are you offline?
2026-03-27 08:05:33,400 [INFO] 
2026-03-27 08:05:33,400 [INFO] ============================================================
2026-03-27 08:05:33,400 [INFO] UPDATE SUMMARY
2026-03-27 08:05:33,400 [INFO] ============================================================
2026-03-27 08:05:33,400 [INFO]   ✓ wheelo_ratings: OK
2026-03-27 08:05:33,400 [INFO]   ✗ wheelo_match_stats: FAILED: Exit code 1
2026-03-27 08:05:33,400 [INFO] 
2026-03-27 08:05:33,400 [INFO] Results: 1 passed, 1 failed, 0 skipped
2026-03-27 08:05:33,400 [INFO] Total time: 3910s (65.2 min)
2026-03-27 08:05:33,400 [INFO] Log: /Users/marcuswagner/coding/AFL_dashboard/logs/scheduled_update_2026-03-27_0700.log
2026-03-27 08:05:33,401 [WARNING] 
⚠️  1 step(s) failed. Check log for details.
2026-03-27 08:05:33,490 [WARNING] SMTP email failed: [Errno 8] nodename nor servname provided, or not known
2026-03-27 08:05:33,509 [INFO] Email sent via mailx to marcus.wagner@futureedgesport.com.au
2026-03-27 08:56:06,076 [INFO]   DONE [footywire_squads] in 6943.1s
2026-03-27 08:56:06,077 [INFO]     | DefenderRuck          1
2026-03-27 08:56:06,077 [INFO]     | Name: count, dtype: int64
2026-03-27 08:56:06,077 [INFO]     | 
2026-03-27 08:56:06,077 [INFO]     | 
2026-03-27 08:56:06,077 [INFO]     | Updated DOB cache: 0 new entries
2026-03-27 08:56:06,077 [INFO] START [footywire_extended] Scrape contracts & draft history from Footywire
2026-03-27 08:56:06,077 [INFO]   Running: /opt/homebrew/Caskroom/miniconda/base/envs/afl/bin/python /Users/marcuswagner/coding/AFL_dashboard/scrape_footywire_extended.py --current-only
2026-03-27 09:11:05,744 [INFO]   DONE [footywire_extended] in 899.7s
2026-03-27 09:11:05,744 [INFO]     | 5  Adelaide    Brayden Cook             2026           Non-Free Agent         NaN        None          NaN         NaN
2026-03-27 09:11:05,744 [INFO]     | 6  Adelaide     Indy Cotton             2027                  Unknown         NaN        None          NaN         NaN
2026-03-27 09:11:05,744 [INFO]     | 7  Adelaide   Isaac Cumming             2030           Non-Free Agent      2016.0    National          1.0        20.0
2026-03-27 09:11:05,744 [INFO]     | 8  Adelaide   Daniel Curtin             2029           Non-Free Agent      2023.0    National          1.0         8.0
2026-03-27 09:11:05,744 [INFO]     | 9  Adelaide   Jordan Dawson             2029    Restricted Free Agent      2015.0    National          4.0        56.0
2026-03-27 09:11:05,744 [INFO] START [afl_ladders] Scrape AFL ladder standings from Footywire (current season)
2026-03-27 09:11:05,744 [INFO]   Running: /opt/homebrew/Caskroom/miniconda/base/envs/afl/bin/python /Users/marcuswagner/coding/AFL_dashboard/scrape_afl_ladders.py --current-only
2026-03-27 09:11:07,943 [INFO]   DONE [afl_ladders] in 2.2s
2026-03-27 09:11:07,943 [INFO]     |   2026: 18 teams
2026-03-27 09:11:07,943 [INFO]     | 
2026-03-27 09:11:07,943 [INFO]     | ============================================================
2026-03-27 09:11:07,943 [INFO]     | Completed: 2026-03-27 09:11:07
2026-03-27 09:11:07,943 [INFO]     | ============================================================
2026-03-27 09:11:07,943 [INFO] START [wheelo_ratings] Scrape Wheelo team & player ratings (Selenium)
2026-03-27 09:11:07,943 [INFO]   Running: /opt/homebrew/Caskroom/miniconda/base/envs/afl/bin/python /Users/marcuswagner/coding/AFL_dashboard/scrape_wheelo_ratings.py --all
2026-03-27 09:11:52,429 [INFO]   DONE [wheelo_ratings] in 44.5s
2026-03-27 09:11:52,430 [INFO]     | 📊 Team Stats downloaded: 3 files
2026-03-27 09:11:52,430 [INFO]     | 📊 Player Stats downloaded: 3 files
2026-03-27 09:11:52,430 [INFO]     | 📊 Squad Lists downloaded: 1 file
2026-03-27 09:11:52,430 [INFO]     | 
2026-03-27 09:11:52,430 [INFO]     | 📁 CSV files saved in: /Users/marcuswagner/coding/AFL_dashboard/wheelo_downloads
2026-03-27 09:11:52,430 [INFO] START [wheelo_match_stats] Scrape Wheelo match-by-match player ratings + Brownlow predictions (Selenium)
2026-03-27 09:11:52,430 [INFO]   Running: /opt/homebrew/Caskroom/miniconda/base/envs/afl/bin/python /Users/marcuswagner/coding/AFL_dashboard/scrape_wheelo_match_stats.py --brownlow
2026-03-27 09:12:33,127 [INFO]   DONE [wheelo_match_stats] in 40.7s
2026-03-27 09:12:33,127 [INFO]     | ============================================================
2026-03-27 09:12:33,127 [INFO]     | 🔧 Chrome driver attempt 1/3…
2026-03-27 09:12:33,127 [INFO]     | ✅ Chrome driver ready
2026-03-27 09:12:33,127 [INFO]     | 
2026-03-27 09:12:33,127 [INFO]     | 💾 Saved 966 rows → /Users/marcuswagner/coding/AFL_dashboard/data/raw/player/brownlow_predictions_2026.csv
2026-03-27 09:12:33,127 [INFO] START [traits_api] Fetch Traits API data for current-season players
2026-03-27 09:12:33,127 [INFO]   Running: /opt/homebrew/Caskroom/miniconda/base/envs/afl/bin/python /Users/marcuswagner/coding/AFL_dashboard/run_traits_api.py 
2026-03-27 09:15:09,697 [INFO]   DONE [traits_api] in 156.6s
2026-03-27 09:15:09,698 [INFO]     | 11      Sid Draper  Adelaide           1.38               None           None
2026-03-27 09:15:09,698 [INFO]     | 
2026-03-27 09:15:09,698 [INFO]     | Top 10 Overall Rated Players:
2026-03-27 09:15:09,698 [INFO]     | 
2026-03-27 09:15:09,698 [INFO]     | ⚠️  Dataset enhancement failed: Column 'Overall_Rating' has dtype object, cannot use method 'nlargest' with this dtype
2026-03-27 09:15:09,698 [INFO] START [wheelo_to_raw] Copy Wheelo team stats to raw data folder for ratings pipeline
2026-03-27 09:15:10,743 [INFO]   Backed up team_stats_2026.csv → backups/team_stats_2026_20260327_091510.csv
2026-03-27 09:15:10,747 [INFO]   Copied Wheelo 2026 Season -> team_stats_2026.csv (18 teams)
2026-03-27 09:15:10,773 [INFO]   Backed up team_stats_2026_L10.csv → backups/team_stats_2026_L10_20260327_091510.csv
2026-03-27 09:15:10,775 [INFO]   Copied Wheelo 2026 L10 -> team_stats_2026_L10.csv (18 teams)
2026-03-27 09:15:10,814 [INFO]   Backed up team_stats_2026_L5.csv → backups/team_stats_2026_L5_20260327_091510.csv
2026-03-27 09:15:10,818 [INFO]   Copied Wheelo 2026 L5 -> team_stats_2026_L5.csv (18 teams)
2026-03-27 09:15:10,818 [INFO]   DONE [wheelo_to_raw] in 1.1s
2026-03-27 09:15:10,818 [INFO] START [build_season] Build season data files (squads, stats, traits CSVs)
2026-03-27 09:15:10,818 [INFO]   Running: /opt/homebrew/Caskroom/miniconda/base/envs/afl/bin/python /Users/marcuswagner/coding/AFL_dashboard/build_season_data.py 
2026-03-27 09:15:11,342 [INFO]   DONE [build_season] in 0.5s
2026-03-27 09:15:11,342 [INFO]     |   Western Bulldogs      43 players  Avg Age: 24.4  Avg Games: 73
2026-03-27 09:15:11,342 [INFO]     | 
2026-03-27 09:15:11,342 [INFO]     | ============================================================
2026-03-27 09:15:11,342 [INFO]     | ✅ 2026 DATA BUILD COMPLETE
2026-03-27 09:15:11,342 [INFO]     | ============================================================
2026-03-27 09:15:11,342 [INFO] START [wheelo_player_to_raw] Merge Wheelo player season data (matches, ratings) into raw player CSVs
2026-03-27 09:15:11,478 [INFO]   Wheelo Wheelo 2026 Season: 453 players, 18 teams
2026-03-27 09:15:11,492 [INFO]   Name mappings (25): {'Connor Macdonald': 'Connor MacDonald', 'Mitch Lewis': 'Mitchell Lewis', 'Christopher Scerri': 'Chris Scerri', 'Oliver Dempsey': 'Ollie Dempsey', 'Tom Stewart': 'Thomas Stewart', 'Archer May': 'Archie May', 'Tim English': 'Timothy English', 'Lachie Schultz': 'Lachlan Schultz', 'Zac Williams': 'Zachary Williams', 'Cam Mackenzie': 'Cameron Mackenzie', 'Joe Fonti': 'Joseph Fonti', 'Josh Weddle': 'Joshua Weddle', 'Sam Collins': 'Samuel Collins', 'Zach Merrett': 'Zachary Merrett', 'Tom Liberatore': 'Thomas Liberatore', 'Matthew Johnson': 'Matt Johnson', 'Lachie Ash': 'Lachlan Ash', 'Harry Himmelberg': 'Harrison Himmelberg', 'Lachie Fogarty': 'Lachlan Fogarty', 'Leonardo Lombard': 'Leo Lombard', 'Brad Close': 'Bradley Close', 'Lachie Weller': 'Lachlan Weller', 'Cam Rayner': 'Cameron Rayner', 'Mitch Knevitt': 'Mitchell Knevitt', 'Matthew Carroll': 'Matt Carroll'}
2026-03-27 09:15:11,492 [WARNING]   UNMATCHED Wheelo players (175): [('Marcus Windhager', 'St Kilda'), ('Liam Duggan', 'West Coast'), ('Joel Amartey', 'Sydney'), ('Joe Berry', 'Port Adelaide'), ('Esava Ratugolea', 'Port Adelaide'), ('Callum Mills', 'Sydney'), ('Toby Pink', 'North Melbourne'), ('Jy Simpkin', 'North Melbourne'), ('Christian Salem', 'Melbourne'), ('Dane Rampe', 'Sydney'), ('Maurice Rioli', 'Richmond'), ('Aliir Aliir', 'Port Adelaide'), ('Hamish Davis', 'West Coast'), ('Jake Waterman', 'West Coast'), ('Anthony Caminiti', 'St Kilda'), ('Campbell Gray', 'Richmond'), ('Zak Butters', 'Port Adelaide'), ('Callum Wilkie', 'St Kilda'), ('Tom Cole', 'West Coast'), ('Harry Edwards', 'West Coast'), ('Lachie Jones', 'Port Adelaide'), ('Reuben Ginbey', 'West Coast'), ('Bo Allan', 'West Coast'), ('Zane Duursma', 'North Melbourne'), ('Sam Wicks', 'Sydney'), ('Nick Vlastuin', 'Richmond'), ('Darcy Wilson', 'St Kilda'), ('Griffin Logue', 'North Melbourne'), ('Jonty Faull', 'Richmond'), ('Jacob Hopper', 'Richmond'), ('Kysaiah Pickett', 'Melbourne'), ('Justin McInerney', 'Sydney'), ('Charlie Curnow', 'Sydney'), ('Luke Parker', 'North Melbourne'), ('Harry Sheezel', 'North Melbourne'), ('Hugh Boxshall', 'St Kilda'), ('Riley Bice', 'Sydney'), ('Nasiah Wanganeen-Milera', 'St Kilda'), ('Jacob Wehr', 'Port Adelaide'), ('Jake Lloyd', 'Sydney'), ('Harvey Langford', 'Melbourne'), ('Dion Prestia', 'Richmond'), ('Josh Gibcus', 'Richmond'), ('Noah Balta', 'Richmond'), ('Tom Blamires', 'North Melbourne'), ('James Jordon', 'Sydney'), ('Elliot Yeo', 'West Coast'), ('Malcolm Rosas', 'Sydney'), ('Jai Culley', 'Melbourne'), ('Blake Howes', 'Melbourne'), ('Sam Banks', 'Richmond'), ('Mason Wood', 'St Kilda'), ('Paul Curtis', 'North Melbourne'), ('Kade Chandler', 'Melbourne'), ('Jase Burgoyne', 'Port Adelaide'), ('Seth Campbell', 'Richmond'), ('James Rowbottom', 'Sydney'), ('Jordon Sweet', 'Port Adelaide'), ('Ed Langdon', 'Melbourne'), ('Joe Richards', 'Port Adelaide'), ('Harry Armstrong', 'Richmond'), ('Tom Sparrow', 'Melbourne'), ('Corey Warner', 'Sydney'), ('Chad Warner', 'Sydney'), ('Liam Ryan', 'St Kilda'), ('Daniel Turner', 'Melbourne'), ('Dante Visentini', 'Port Adelaide'), ('Ewan Mackinlay', 'Port Adelaide'), ('Tom Powell', 'North Melbourne'), ('Ryan Maric', 'West Coast'), ('Tom Lynch', 'Richmond'), ('Max Gawn', 'Melbourne'), ('Liam Baker', 'West Coast'), ('Luke McDonald', 'North Melbourne'), ('Ben Miller', 'Richmond'), ('Rowan Marshall', 'St Kilda'), ('Jackson Mead', 'Port Adelaide'), ('Corey Durdin', 'Port Adelaide'), ('Logan Evans', 'Port Adelaide'), ('Jack Carroll', 'St Kilda'), ('Logan McDonald', 'Sydney'), ('Mattaes Phillipou', 'St Kilda'), ('Latrelle Pickett', 'Melbourne'), ('Tim Kelly', 'West Coast'), ('Changkuoth Jiath', 'Melbourne'), ('Koltyn Tholstrup', 'Melbourne'), ('Jack Lukosius', 'Port Adelaide'), ("Finn O'Sullivan", 'North Melbourne'), ('Harrison Petty', 'Melbourne'), ('Matt Flynn', 'West Coast'), ('Lewis Melican', 'Sydney'), ('Max Hall', 'St Kilda'), ('Jacob van Rooyen', 'Melbourne'), ('Caiden Cleary', 'Sydney'), ('Jobe Shanahan', 'West Coast'), ('Tom De Koning', 'St Kilda'), ('Cooper Trembath', 'North Melbourne'), ('Jack Silvagni', 'St Kilda'), ('Tom McCartin', 'Sydney'), ('Nathan Broad', 'Richmond'), ('Trent Rivers', 'Melbourne'), ('Milan Murdock', 'West Coast'), ('Hugo Ralphsmith', 'Richmond'), ('Jack Higgins', 'St Kilda'), ('Isaac Keeler', 'St Kilda'), ('Jack Graham', 'West Coast'), ('Errol Gulden', 'Sydney'), ('Jake Lever', 'Melbourne'), ('Jack Watkins', 'Port Adelaide'), ('Cooper Sharman', 'St Kilda'), ('Mykelti Lefau', 'Richmond'), ('Sam Lalor', 'Richmond'), ('Kane McAuliffe', 'Richmond'), ('Deven Robertson', 'West Coast'), ('Willem Drew', 'Port Adelaide'), ('Tristan Xerri', 'North Melbourne'), ('Dylan Stephens', 'North Melbourne'), ('Jack Sinclair', 'St Kilda'), ('Josh Lindsay', 'West Coast'), ('Jason Horne-Francis', 'Port Adelaide'), ('Tim Taranto', 'Richmond'), ('Brady Hough', 'West Coast'), ('Isaac Heeney', 'Sydney'), ('Todd Marshall', 'Port Adelaide'), ('Alix Tauru', 'St Kilda'), ('Darcy Byrne-Jones', 'Port Adelaide'), ('Jayden Short', 'Richmond'), ('Tom Papley', 'Sydney'), ('Cameron Zurhaar', 'North Melbourne'), ('Lachy Dovaston', 'North Melbourne'), ('Tom Brown', 'Richmond'), ('Sam Grlj', 'Richmond'), ('Jack Macrae', 'St Kilda'), ('Steely Green', 'Richmond'), ('Bayley Fritsch', 'Melbourne'), ('Charlie Comben', 'North Melbourne'), ('Kane Farrell', 'Port Adelaide'), ('Mitch Owens', 'St Kilda'), ('Nick Blakey', 'Sydney'), ('Harry Sharp', 'Melbourne'), ('Sam Flanders', 'St Kilda'), ('Jack Darling', 'North Melbourne'), ('Matt Roberts', 'Sydney'), ('Nick Larkey', 'North Melbourne'), ('Connor Rozee', 'Port Adelaide'), ('Jamie Cripps', 'West Coast'), ('Rhyan Mansell', 'Richmond'), ('Colby McKercher', 'North Melbourne'), ('Caleb Daniel', 'North Melbourne'), ('Angus Sheldrick', 'Sydney'), ('Liam Stocker', 'St Kilda'), ('Jai Serong', 'Sydney'), ('Jack Ross', 'Richmond'), ('Caleb Windsor', 'Melbourne'), ('Tylar Young', 'West Coast'), ('Harley Reid', 'West Coast'), ('Ollie Lord', 'Port Adelaide'), ('Jack Steele', 'Melbourne'), ('Archer Reid', 'West Coast'), ('Bradley Hill', 'St Kilda'), ('Tyler Sonsie', 'Richmond'), ('Cooper Duff-Tytler', 'West Coast'), ('Jacob Konstanty', 'North Melbourne'), ('Willem Duursma', 'West Coast'), ('James Trezise', 'Richmond'), ('Brody Mihocek', 'Melbourne'), ('Miles Bergman', 'Port Adelaide'), ('Hugo Garcia', 'St Kilda'), ('Brodie Grundy', 'Sydney'), ('Jacob Newton', 'West Coast'), ('Tom McCarthy', 'West Coast'), ('Mitch Georgiades', 'Port Adelaide'), ('Luke Davies-Uniacke', 'North Melbourne'), ('Xavier Lindsay', 'Melbourne'), ('Jack Whitlock', 'Port Adelaide')]
2026-03-27 09:15:11,501 [INFO]   Backed up player_stats_2026.csv → backups/player_stats_2026_20260327_091511.csv
2026-03-27 09:15:11,503 [INFO]   Updated player_stats_2026.csv: 278 players with matches from Wheelo
2026-03-27 09:15:11,520 [INFO]   Backed up squads_2026.csv → backups/squads_2026_20260327_091511.csv
2026-03-27 09:15:11,523 [INFO]   Updated squads_2026.csv: 278 players matched from Wheelo
2026-03-27 09:15:11,523 [INFO]   DONE [wheelo_player_to_raw] in 0.2s
2026-03-27 09:15:11,523 [INFO] START [regenerate_ratings] Regenerate computed team summaries and ladders
2026-03-27 09:15:11,523 [INFO]   Running: /opt/homebrew/Caskroom/miniconda/base/envs/afl/bin/python /Users/marcuswagner/coding/AFL_dashboard/regenerate_ratings.py 
2026-03-27 09:15:11,870 [INFO]   DONE [regenerate_ratings] in 0.3s
2026-03-27 09:15:11,870 [INFO]     | Skipping 2025 Last 5 - no raw data
2026-03-27 09:15:11,870 [INFO]     | 
2026-03-27 09:15:11,870 [INFO]     | ============================================================
2026-03-27 09:15:11,870 [INFO]     | DONE!
2026-03-27 09:15:11,870 [INFO]     | ============================================================
2026-03-27 09:15:11,870 [INFO] START [refresh_master_ladders] Update master workbook Team_Ladders_All with freshly-scraped ladder data
2026-03-27 09:15:25,497 [INFO]   Refreshed Team_Ladders_All: 287 rows
2026-03-27 09:15:25,499 [INFO]   DONE [refresh_master_ladders] in 13.6s
2026-03-27 09:15:25,499 [INFO] START [update_photos] Download photos for any new/missing players
2026-03-27 09:15:25,499 [INFO]   Running: /opt/homebrew/Caskroom/miniconda/base/envs/afl/bin/python /Users/marcuswagner/coding/AFL_dashboard/auto_update_photos.py 
2026-03-27 09:18:14,994 [INFO]   DONE [update_photos] in 169.5s
2026-03-27 09:18:14,995 [INFO]     | 
2026-03-27 09:18:14,995 [INFO] START [validate_freshness] Validate pipeline output files are present and fresh
2026-03-27 09:18:14,995 [INFO]   Running: /opt/homebrew/Caskroom/miniconda/base/envs/afl/bin/python /Users/marcuswagner/coding/AFL_dashboard/validate_pipeline_freshness.py 
2026-03-27 09:18:15,023 [INFO]   DONE [validate_freshness] in 0.0s
2026-03-27 09:18:15,023 [INFO]     |   ✓ FRESH    footywire_drafts_history.csv  (09:11)
2026-03-27 09:18:15,023 [INFO]     |   ✓ FRESH    footywire_2026_with_traits.csv  (09:15)
2026-03-27 09:18:15,023 [INFO]     |   ✓ FRESH    traits_2026.csv  (09:15)
2026-03-27 09:18:15,023 [INFO]     | 
2026-03-27 09:18:15,023 [INFO]     | ✅ All required files are present and fresh.
2026-03-27 09:18:15,023 [INFO] START [validate_schemas] Validate CSV output schemas (columns, row counts, data quality)
2026-03-27 09:18:15,035 [WARNING]   [WARN] squads: Only 11 teams found (expected 18)
2026-03-27 09:18:15,035 [WARNING]   [WARN] player_stats: Only 11 teams found (expected 18)
2026-03-27 09:18:15,035 [WARNING]   [WARN] footywire_lists: Only 11 teams found (expected 18)
2026-03-27 09:18:15,035 [WARNING]   [WARN] footywire_complete: Only 11 teams found (expected 18)
2026-03-27 09:18:15,035 [INFO]   DONE [validate_schemas] 4 warning(s) in 0.0s
2026-03-27 09:18:15,035 [INFO] START [data_diff_check] Compare pipeline outputs against backups and alert on anomalies
2026-03-27 09:18:15,044 [WARNING] ⚠️ Data-diff alerts (1 issue(s)):
  • ROW DROP: traits_2026.csv dropped from 790 → 481 rows (39% loss)
2026-03-27 09:18:19,974 [INFO] Email sent to marcus.wagner@futureedgesport.com.au
2026-03-27 09:18:19,974 [INFO]   DONE [data_diff_check] with alerts in 0.0s
2026-03-27 09:18:19,975 [INFO] 
2026-03-27 09:18:19,975 [INFO] ============================================================
2026-03-27 09:18:19,975 [INFO] UPDATE SUMMARY
2026-03-27 09:18:19,975 [INFO] ============================================================
2026-03-27 09:18:19,975 [INFO]   ✓ footywire_squads: OK
2026-03-27 09:18:19,975 [INFO]   ✓ footywire_extended: OK
2026-03-27 09:18:19,975 [INFO]   ✓ afl_ladders: OK
2026-03-27 09:18:19,975 [INFO]   ✓ wheelo_ratings: OK
2026-03-27 09:18:19,975 [INFO]   ✓ wheelo_match_stats: OK
2026-03-27 09:18:19,975 [INFO]   ✓ traits_api: OK
2026-03-27 09:18:19,976 [INFO]   ✓ wheelo_to_raw: OK
2026-03-27 09:18:19,976 [INFO]   ✓ build_season: OK
2026-03-27 09:18:19,976 [INFO]   ✓ wheelo_player_to_raw: OK
2026-03-27 09:18:19,976 [INFO]   ✓ regenerate_ratings: OK
2026-03-27 09:18:19,976 [INFO]   ✓ refresh_master_ladders: OK
2026-03-27 09:18:19,976 [INFO]   ✓ update_photos: OK
2026-03-27 09:18:19,977 [INFO]   ✓ validate_freshness: OK
2026-03-27 09:18:19,977 [INFO]   ✓ validate_schemas: OK
2026-03-27 09:18:19,977 [INFO]   ✓ data_diff_check: OK
2026-03-27 09:18:19,977 [INFO] 
2026-03-27 09:18:19,977 [INFO] Results: 15 passed, 0 failed, 0 skipped
2026-03-27 09:18:19,977 [INFO] Total time: 8277s (137.9 min)
2026-03-27 09:18:19,977 [INFO] Log: /Users/marcuswagner/coding/AFL_dashboard/logs/scheduled_update_2026-03-27_0700.log
2026-03-27 09:18:19,979 [INFO] 
✅ All steps completed successfully!
2026-03-27 09:18:25,516 [INFO] Email sent to marcus.wagner@futureedgesport.com.au
==========================================
AFL Dashboard – Scheduled Update
Sat Mar 28 07:00:01 AEDT 2026
==========================================
Using conda env: afl
2026-03-28 07:00:03,310 [INFO] Log file: /Users/marcuswagner/coding/AFL_dashboard/logs/scheduled_update_2026-03-28_0700.log
2026-03-28 07:00:03,310 [INFO] ============================================================
2026-03-28 07:00:03,310 [INFO] AFL Dashboard – Scheduled Data Update
2026-03-28 07:00:03,310 [INFO] Date: Saturday 28 March 2026 07:00
2026-03-28 07:00:03,310 [INFO] Mode: FULL
2026-03-28 07:00:03,310 [INFO] ============================================================
2026-03-28 07:00:03,310 [INFO] Python: /opt/homebrew/Caskroom/miniconda/base/envs/afl/bin/python
2026-03-28 07:00:03,310 [INFO] 
Steps to run (2):
2026-03-28 07:00:03,310 [INFO]   • wheelo_ratings: Scrape Wheelo team & player ratings (Selenium) [SLOW]
2026-03-28 07:00:03,310 [INFO]   • wheelo_match_stats: Scrape Wheelo match-by-match player ratings + Brownlow predictions (Selenium) [SLOW]
2026-03-28 07:00:03,310 [INFO] 
2026-03-28 07:00:03,310 [INFO] START [wheelo_ratings] Scrape Wheelo team & player ratings (Selenium)
2026-03-28 07:00:03,310 [INFO]   Running: /opt/homebrew/Caskroom/miniconda/base/envs/afl/bin/python /Users/marcuswagner/coding/AFL_dashboard/scrape_wheelo_ratings.py --all
2026-03-28 07:00:52,984 [INFO]   DONE [wheelo_ratings] in 49.7s
2026-03-28 07:00:52,985 [INFO]     | 📊 Team Stats downloaded: 3 files
2026-03-28 07:00:52,985 [INFO]     | 📊 Player Stats downloaded: 3 files
2026-03-28 07:00:52,985 [INFO]     | 📊 Squad Lists downloaded: 1 file
2026-03-28 07:00:52,985 [INFO]     | 
2026-03-28 07:00:52,985 [INFO]     | 📁 CSV files saved in: /Users/marcuswagner/coding/AFL_dashboard/wheelo_downloads
2026-03-28 07:00:52,985 [INFO] START [wheelo_match_stats] Scrape Wheelo match-by-match player ratings + Brownlow predictions (Selenium)
2026-03-28 07:00:52,985 [INFO]   Running: /opt/homebrew/Caskroom/miniconda/base/envs/afl/bin/python /Users/marcuswagner/coding/AFL_dashboard/scrape_wheelo_match_stats.py --brownlow
2026-03-28 07:01:39,550 [INFO]   DONE [wheelo_match_stats] in 46.6s
2026-03-28 07:01:39,550 [INFO]     | ============================================================
2026-03-28 07:01:39,551 [INFO]     | 🔧 Chrome driver attempt 1/3…
2026-03-28 07:01:39,551 [INFO]     | ✅ Chrome driver ready
2026-03-28 07:01:39,551 [INFO]     | 
2026-03-28 07:01:39,551 [INFO]     | 💾 Saved 966 rows → /Users/marcuswagner/coding/AFL_dashboard/data/raw/player/brownlow_predictions_2026.csv
2026-03-28 07:01:39,551 [INFO] 
2026-03-28 07:01:39,551 [INFO] ============================================================
2026-03-28 07:01:39,551 [INFO] UPDATE SUMMARY
2026-03-28 07:01:39,551 [INFO] ============================================================
2026-03-28 07:01:39,551 [INFO]   ✓ wheelo_ratings: OK
2026-03-28 07:01:39,551 [INFO]   ✓ wheelo_match_stats: OK
2026-03-28 07:01:39,551 [INFO] 
2026-03-28 07:01:39,551 [INFO] Results: 2 passed, 0 failed, 0 skipped
2026-03-28 07:01:39,551 [INFO] Total time: 96s (1.6 min)
2026-03-28 07:01:39,551 [INFO] Log: /Users/marcuswagner/coding/AFL_dashboard/logs/scheduled_update_2026-03-28_0700.log
2026-03-28 07:01:39,551 [INFO] 
✅ All steps completed successfully!
2026-03-28 07:01:45,461 [INFO] Email sent to marcus.wagner@futureedgesport.com.au
==========================================
AFL Dashboard – Scheduled Update
Sun Mar 29 07:00:01 AEDT 2026
==========================================
Using conda env: afl
2026-03-29 07:00:02,900 [INFO] Log file: /Users/marcuswagner/coding/AFL_dashboard/logs/scheduled_update_2026-03-29_0700.log
2026-03-29 07:00:02,900 [INFO] ============================================================
2026-03-29 07:00:02,900 [INFO] AFL Dashboard – Scheduled Data Update
2026-03-29 07:00:02,900 [INFO] Date: Sunday 29 March 2026 07:00
2026-03-29 07:00:02,900 [INFO] Mode: FULL
2026-03-29 07:00:02,900 [INFO] ============================================================
2026-03-29 07:00:02,900 [INFO] Python: /opt/homebrew/Caskroom/miniconda/base/envs/afl/bin/python
2026-03-29 07:00:02,900 [INFO] 
Steps to run (2):
2026-03-29 07:00:02,900 [INFO]   • wheelo_ratings: Scrape Wheelo team & player ratings (Selenium) [SLOW]
2026-03-29 07:00:02,900 [INFO]   • wheelo_match_stats: Scrape Wheelo match-by-match player ratings + Brownlow predictions (Selenium) [SLOW]
2026-03-29 07:00:02,900 [INFO] 
2026-03-29 07:00:02,900 [INFO] START [wheelo_ratings] Scrape Wheelo team & player ratings (Selenium)
2026-03-29 07:00:02,900 [INFO]   Running: /opt/homebrew/Caskroom/miniconda/base/envs/afl/bin/python /Users/marcuswagner/coding/AFL_dashboard/scrape_wheelo_ratings.py --all
2026-03-29 07:00:54,360 [INFO]   DONE [wheelo_ratings] in 51.5s
2026-03-29 07:00:54,361 [INFO]     | 📊 Team Stats downloaded: 3 files
2026-03-29 07:00:54,361 [INFO]     | 📊 Player Stats downloaded: 3 files
2026-03-29 07:00:54,361 [INFO]     | 📊 Squad Lists downloaded: 1 file
2026-03-29 07:00:54,361 [INFO]     | 
2026-03-29 07:00:54,361 [INFO]     | 📁 CSV files saved in: /Users/marcuswagner/coding/AFL_dashboard/wheelo_downloads
2026-03-29 07:00:54,361 [INFO] START [wheelo_match_stats] Scrape Wheelo match-by-match player ratings + Brownlow predictions (Selenium)
2026-03-29 07:00:54,361 [INFO]   Running: /opt/homebrew/Caskroom/miniconda/base/envs/afl/bin/python /Users/marcuswagner/coding/AFL_dashboard/scrape_wheelo_match_stats.py --brownlow
2026-03-29 07:01:39,348 [INFO]   DONE [wheelo_match_stats] in 45.0s
2026-03-29 07:01:39,349 [INFO]     | ============================================================
2026-03-29 07:01:39,349 [INFO]     | 🔧 Chrome driver attempt 1/3…
2026-03-29 07:01:39,349 [INFO]     | ✅ Chrome driver ready
2026-03-29 07:01:39,349 [INFO]     | 
2026-03-29 07:01:39,349 [INFO]     | 💾 Saved 966 rows → /Users/marcuswagner/coding/AFL_dashboard/data/raw/player/brownlow_predictions_2026.csv
2026-03-29 07:01:39,349 [INFO] 
2026-03-29 07:01:39,349 [INFO] ============================================================
2026-03-29 07:01:39,349 [INFO] UPDATE SUMMARY
2026-03-29 07:01:39,349 [INFO] ============================================================
2026-03-29 07:01:39,349 [INFO]   ✓ wheelo_ratings: OK
2026-03-29 07:01:39,349 [INFO]   ✓ wheelo_match_stats: OK
2026-03-29 07:01:39,349 [INFO] 
2026-03-29 07:01:39,349 [INFO] Results: 2 passed, 0 failed, 0 skipped
2026-03-29 07:01:39,349 [INFO] Total time: 96s (1.6 min)
2026-03-29 07:01:39,349 [INFO] Log: /Users/marcuswagner/coding/AFL_dashboard/logs/scheduled_update_2026-03-29_0700.log
2026-03-29 07:01:39,350 [INFO] 
✅ All steps completed successfully!
2026-03-29 07:01:45,454 [INFO] Email sent to marcus.wagner@futureedgesport.com.au
==========================================
==========================================
AFL Dashboard – Scheduled Update
AFL Dashboard – Scheduled Update
Mon Mar 30 07:04:22 AEDT 2026
Mon Mar 30 07:04:22 AEDT 2026
==========================================
==========================================
Using conda env: afl
Using conda env: afl
2026-03-30 07:04:23,923 [INFO] Log file: /Users/marcuswagner/coding/AFL_dashboard/logs/scheduled_update_2026-03-30_0704.log
2026-03-30 07:04:23,923 [INFO] Log file: /Users/marcuswagner/coding/AFL_dashboard/logs/scheduled_update_2026-03-30_0704.log
2026-03-30 07:04:23,924 [INFO] ============================================================
2026-03-30 07:04:23,924 [INFO] ============================================================
2026-03-30 07:04:23,924 [INFO] AFL Dashboard – Scheduled Data Update
2026-03-30 07:04:23,924 [INFO] AFL Dashboard – Scheduled Data Update
2026-03-30 07:04:23,924 [INFO] Date: Monday 30 March 2026 07:04
2026-03-30 07:04:23,924 [INFO] Date: Monday 30 March 2026 07:04
2026-03-30 07:04:23,924 [INFO] Mode: FULL
2026-03-30 07:04:23,924 [INFO] Mode: FULL
2026-03-30 07:04:23,924 [INFO] ============================================================
2026-03-30 07:04:23,924 [INFO] ============================================================
2026-03-30 07:04:23,924 [INFO] Python: /opt/homebrew/Caskroom/miniconda/base/envs/afl/bin/python
2026-03-30 07:04:23,924 [INFO] Python: /opt/homebrew/Caskroom/miniconda/base/envs/afl/bin/python
2026-03-30 07:04:23,924 [INFO] 
Steps to run (15):
2026-03-30 07:04:23,924 [INFO] 
Steps to run (2):
2026-03-30 07:04:23,924 [INFO]   • footywire_squads: Scrape player squads from Footywire
2026-03-30 07:04:23,924 [INFO]   • wheelo_ratings: Scrape Wheelo team & player ratings (Selenium) [SLOW]
2026-03-30 07:04:23,924 [INFO]   • footywire_extended: Scrape contracts & draft history from Footywire
2026-03-30 07:04:23,924 [INFO]   • wheelo_match_stats: Scrape Wheelo match-by-match player ratings + Brownlow predictions (Selenium) [SLOW]
2026-03-30 07:04:23,924 [INFO]   • afl_ladders: Scrape AFL ladder standings from Footywire (current season)
2026-03-30 07:04:23,924 [INFO] 
2026-03-30 07:04:23,924 [INFO]   • wheelo_ratings: Scrape Wheelo team & player ratings (Selenium) [SLOW]
2026-03-30 07:04:23,924 [INFO]   • wheelo_match_stats: Scrape Wheelo match-by-match player ratings + Brownlow predictions (Selenium) [SLOW]
2026-03-30 07:04:23,924 [INFO] START [wheelo_ratings] Scrape Wheelo team & player ratings (Selenium)
2026-03-30 07:04:23,924 [INFO]   • traits_api: Fetch Traits API data for current-season players [SLOW]
2026-03-30 07:04:23,924 [INFO]   Running: /opt/homebrew/Caskroom/miniconda/base/envs/afl/bin/python /Users/marcuswagner/coding/AFL_dashboard/scrape_wheelo_ratings.py --all
2026-03-30 07:04:23,924 [INFO]   • wheelo_to_raw: Copy Wheelo team stats to raw data folder for ratings pipeline
2026-03-30 07:04:23,924 [INFO]   • build_season: Build season data files (squads, stats, traits CSVs)
2026-03-30 07:04:23,924 [INFO]   • wheelo_player_to_raw: Merge Wheelo player season data (matches, ratings) into raw player CSVs
2026-03-30 07:04:23,924 [INFO]   • regenerate_ratings: Regenerate computed team summaries and ladders
2026-03-30 07:04:23,924 [INFO]   • refresh_master_ladders: Update master workbook Team_Ladders_All with freshly-scraped ladder data
2026-03-30 07:04:23,924 [INFO]   • update_photos: Download photos for any new/missing players [SLOW]
2026-03-30 07:04:23,924 [INFO]   • validate_freshness: Validate pipeline output files are present and fresh
2026-03-30 07:04:23,924 [INFO]   • validate_schemas: Validate CSV output schemas (columns, row counts, data quality)
2026-03-30 07:04:23,924 [INFO]   • data_diff_check: Compare pipeline outputs against backups and alert on anomalies
2026-03-30 07:04:23,924 [INFO] 
2026-03-30 07:04:23,924 [INFO] START [footywire_squads] Scrape player squads from Footywire
2026-03-30 07:04:23,924 [INFO]   Running: /opt/homebrew/Caskroom/miniconda/base/envs/afl/bin/python /Users/marcuswagner/coding/AFL_dashboard/scrape_footywire.py 
2026-03-30 08:05:27,083 [INFO]   DONE [wheelo_ratings] in 3663.2s
2026-03-30 08:05:27,083 [INFO]     | 📊 Team Stats downloaded: 3 files
2026-03-30 08:05:27,083 [INFO]     | 📊 Player Stats downloaded: 3 files
2026-03-30 08:05:27,083 [INFO]     | 📊 Squad Lists downloaded: 1 file
2026-03-30 08:05:27,083 [INFO]     | 
2026-03-30 08:05:27,083 [INFO]     | 📁 CSV files saved in: /Users/marcuswagner/coding/AFL_dashboard/wheelo_downloads
2026-03-30 08:05:27,083 [INFO] START [wheelo_match_stats] Scrape Wheelo match-by-match player ratings + Brownlow predictions (Selenium)
2026-03-30 08:05:27,083 [INFO]   Running: /opt/homebrew/Caskroom/miniconda/base/envs/afl/bin/python /Users/marcuswagner/coding/AFL_dashboard/scrape_wheelo_match_stats.py --brownlow
2026-03-30 08:05:53,287 [INFO]   DONE [footywire_squads] in 3689.4s
2026-03-30 08:05:53,288 [INFO]     | DefenderRuck          1
2026-03-30 08:05:53,288 [INFO]     | Name: count, dtype: int64
2026-03-30 08:05:53,288 [INFO]     | 
2026-03-30 08:05:53,288 [INFO]     | 
2026-03-30 08:05:53,288 [INFO]     | Updated DOB cache: 0 new entries
2026-03-30 08:05:53,288 [INFO] START [footywire_extended] Scrape contracts & draft history from Footywire
2026-03-30 08:05:53,288 [INFO]   Running: /opt/homebrew/Caskroom/miniconda/base/envs/afl/bin/python /Users/marcuswagner/coding/AFL_dashboard/scrape_footywire_extended.py --current-only
2026-03-30 08:06:14,717 [INFO]   DONE [wheelo_match_stats] in 47.6s
2026-03-30 08:06:14,718 [INFO]     | ============================================================
2026-03-30 08:06:14,718 [INFO]     | 🔧 Chrome driver attempt 1/3…
2026-03-30 08:06:14,718 [INFO]     | ✅ Chrome driver ready
2026-03-30 08:06:14,718 [INFO]     | 
2026-03-30 08:06:14,718 [INFO]     | 💾 Saved 966 rows → /Users/marcuswagner/coding/AFL_dashboard/data/raw/player/brownlow_predictions_2026.csv
2026-03-30 08:06:14,718 [INFO] 
2026-03-30 08:06:14,718 [INFO] ============================================================
2026-03-30 08:06:14,718 [INFO] UPDATE SUMMARY
2026-03-30 08:06:14,718 [INFO] ============================================================
2026-03-30 08:06:14,718 [INFO]   ✓ wheelo_ratings: OK
2026-03-30 08:06:14,718 [INFO]   ✓ wheelo_match_stats: OK
2026-03-30 08:06:14,718 [INFO] 
2026-03-30 08:06:14,718 [INFO] Results: 2 passed, 0 failed, 0 skipped
2026-03-30 08:06:14,718 [INFO] Total time: 3711s (61.8 min)
2026-03-30 08:06:14,718 [INFO] Log: /Users/marcuswagner/coding/AFL_dashboard/logs/scheduled_update_2026-03-30_0704.log
2026-03-30 08:06:14,718 [INFO] 
✅ All steps completed successfully!
2026-03-30 08:06:21,715 [INFO] Email sent to marcus.wagner@futureedgesport.com.au
==========================================
AFL Dashboard – Scheduled Update
Tue Mar 31 07:14:38 AEDT 2026
==========================================
Using conda env: afl
2026-03-31 07:14:40,806 [INFO] Log file: /Users/marcuswagner/coding/AFL_dashboard/logs/scheduled_update_2026-03-31_0714.log
2026-03-31 07:14:40,806 [INFO] ============================================================
2026-03-31 07:14:40,806 [INFO] AFL Dashboard – Scheduled Data Update
2026-03-31 07:14:40,806 [INFO] Date: Tuesday 31 March 2026 07:14
2026-03-31 07:14:40,806 [INFO] Mode: FULL
2026-03-31 07:14:40,806 [INFO] ============================================================
2026-03-31 07:14:40,806 [INFO] Python: /opt/homebrew/Caskroom/miniconda/base/envs/afl/bin/python
2026-03-31 07:14:40,806 [INFO] 
Steps to run (2):
2026-03-31 07:14:40,806 [INFO]   • wheelo_ratings: Scrape Wheelo team & player ratings (Selenium) [SLOW]
2026-03-31 07:14:40,806 [INFO]   • wheelo_match_stats: Scrape Wheelo match-by-match player ratings + Brownlow predictions (Selenium) [SLOW]
2026-03-31 07:14:40,806 [INFO] 
2026-03-31 07:14:40,806 [INFO] START [wheelo_ratings] Scrape Wheelo team & player ratings (Selenium)
2026-03-31 07:14:40,806 [INFO]   Running: /opt/homebrew/Caskroom/miniconda/base/envs/afl/bin/python /Users/marcuswagner/coding/AFL_dashboard/scrape_wheelo_ratings.py --all
2026-03-31 07:26:22,754 [INFO]   DONE [wheelo_ratings] in 701.9s
2026-03-31 07:26:22,754 [INFO]     | 📊 Team Stats downloaded: 3 files
2026-03-31 07:26:22,754 [INFO]     | 📊 Player Stats downloaded: 3 files
2026-03-31 07:26:22,755 [INFO]     | 📊 Squad Lists downloaded: 1 file
2026-03-31 07:26:22,755 [INFO]     | 
2026-03-31 07:26:22,755 [INFO]     | 📁 CSV files saved in: /Users/marcuswagner/coding/AFL_dashboard/wheelo_downloads
2026-03-31 07:26:22,755 [INFO] START [wheelo_match_stats] Scrape Wheelo match-by-match player ratings + Brownlow predictions (Selenium)
2026-03-31 07:26:22,755 [INFO]   Running: /opt/homebrew/Caskroom/miniconda/base/envs/afl/bin/python /Users/marcuswagner/coding/AFL_dashboard/scrape_wheelo_match_stats.py --brownlow
2026-03-31 07:43:56,505 [INFO]   DONE [wheelo_match_stats] in 1053.8s
2026-03-31 07:43:56,506 [INFO]     | ============================================================
2026-03-31 07:43:56,506 [INFO]     | 🔧 Chrome driver attempt 1/3…
2026-03-31 07:43:56,506 [INFO]     | ✅ Chrome driver ready
2026-03-31 07:43:56,506 [INFO]     | 
2026-03-31 07:43:56,506 [INFO]     | 💾 Saved 1288 rows → /Users/marcuswagner/coding/AFL_dashboard/data/raw/player/brownlow_predictions_2026.csv
2026-03-31 07:43:56,506 [INFO] 
2026-03-31 07:43:56,506 [INFO] ============================================================
2026-03-31 07:43:56,506 [INFO] UPDATE SUMMARY
2026-03-31 07:43:56,506 [INFO] ============================================================
2026-03-31 07:43:56,506 [INFO]   ✓ wheelo_ratings: OK
2026-03-31 07:43:56,506 [INFO]   ✓ wheelo_match_stats: OK
2026-03-31 07:43:56,506 [INFO] 
2026-03-31 07:43:56,506 [INFO] Results: 2 passed, 0 failed, 0 skipped
2026-03-31 07:43:56,506 [INFO] Total time: 1756s (29.3 min)
2026-03-31 07:43:56,506 [INFO] Log: /Users/marcuswagner/coding/AFL_dashboard/logs/scheduled_update_2026-03-31_0714.log
2026-03-31 07:43:56,509 [INFO] Log rotation: removed 1 old log file(s)
2026-03-31 07:43:56,509 [INFO] 
✅ All steps completed successfully!
2026-03-31 07:44:01,701 [INFO] Email sent to marcus.wagner@futureedgesport.com.au
==========================================
AFL Dashboard – Scheduled Update
Wed Apr  1 07:16:14 AEDT 2026
==========================================
Using conda env: afl
2026-04-01 07:16:16,068 [INFO] Log file: /Users/marcuswagner/coding/AFL_dashboard/logs/scheduled_update_2026-04-01_0716.log
2026-04-01 07:16:16,068 [INFO] ============================================================
2026-04-01 07:16:16,068 [INFO] AFL Dashboard – Scheduled Data Update
2026-04-01 07:16:16,068 [INFO] Date: Wednesday 01 April 2026 07:16
2026-04-01 07:16:16,068 [INFO] Mode: FULL
2026-04-01 07:16:16,068 [INFO] ============================================================
2026-04-01 07:16:16,068 [INFO] Python: /opt/homebrew/Caskroom/miniconda/base/envs/afl/bin/python
2026-04-01 07:16:16,068 [INFO] 
Steps to run (2):
2026-04-01 07:16:16,068 [INFO]   • wheelo_ratings: Scrape Wheelo team & player ratings (Selenium) [SLOW]
2026-04-01 07:16:16,068 [INFO]   • wheelo_match_stats: Scrape Wheelo match-by-match player ratings + Brownlow predictions (Selenium) [SLOW]
2026-04-01 07:16:16,068 [INFO] 
2026-04-01 07:16:16,068 [INFO] START [wheelo_ratings] Scrape Wheelo team & player ratings (Selenium)
2026-04-01 07:16:16,068 [INFO]   Running: /opt/homebrew/Caskroom/miniconda/base/envs/afl/bin/python /Users/marcuswagner/coding/AFL_dashboard/scrape_wheelo_ratings.py --all
2026-04-01 07:31:50,124 [INFO]   DONE [wheelo_ratings] in 934.1s
2026-04-01 07:31:50,124 [INFO]     | 📊 Team Stats downloaded: 3 files
2026-04-01 07:31:50,124 [INFO]     | 📊 Player Stats downloaded: 3 files
2026-04-01 07:31:50,124 [INFO]     | 📊 Squad Lists downloaded: 1 file
2026-04-01 07:31:50,124 [INFO]     | 
2026-04-01 07:31:50,124 [INFO]     | 📁 CSV files saved in: /Users/marcuswagner/coding/AFL_dashboard/wheelo_downloads
2026-04-01 07:31:50,124 [INFO] START [wheelo_match_stats] Scrape Wheelo match-by-match player ratings + Brownlow predictions (Selenium)
2026-04-01 07:31:50,124 [INFO]   Running: /opt/homebrew/Caskroom/miniconda/base/envs/afl/bin/python /Users/marcuswagner/coding/AFL_dashboard/scrape_wheelo_match_stats.py --brownlow
2026-04-01 07:32:35,715 [INFO]   DONE [wheelo_match_stats] in 45.6s
2026-04-01 07:32:35,716 [INFO]     | ============================================================
2026-04-01 07:32:35,716 [INFO]     | 🔧 Chrome driver attempt 1/3…
2026-04-01 07:32:35,716 [INFO]     | ✅ Chrome driver ready
2026-04-01 07:32:35,716 [INFO]     | 
2026-04-01 07:32:35,716 [INFO]     | 💾 Saved 1288 rows → /Users/marcuswagner/coding/AFL_dashboard/data/raw/player/brownlow_predictions_2026.csv
2026-04-01 07:32:35,716 [INFO] 
2026-04-01 07:32:35,716 [INFO] ============================================================
2026-04-01 07:32:35,716 [INFO] UPDATE SUMMARY
2026-04-01 07:32:35,716 [INFO] ============================================================
2026-04-01 07:32:35,716 [INFO]   ✓ wheelo_ratings: OK
2026-04-01 07:32:35,716 [INFO]   ✓ wheelo_match_stats: OK
2026-04-01 07:32:35,716 [INFO] 
2026-04-01 07:32:35,716 [INFO] Results: 2 passed, 0 failed, 0 skipped
2026-04-01 07:32:35,716 [INFO] Total time: 980s (16.3 min)
2026-04-01 07:32:35,716 [INFO] Log: /Users/marcuswagner/coding/AFL_dashboard/logs/scheduled_update_2026-04-01_0716.log
2026-04-01 07:32:35,719 [INFO] Log rotation: removed 1 old log file(s)
2026-04-01 07:32:35,719 [INFO] 
✅ All steps completed successfully!
2026-04-01 07:32:41,051 [INFO] Email sent to marcus.wagner@futureedgesport.com.au
==========================================
AFL Dashboard – Scheduled Update
Thu Apr  2 07:00:04 AEDT 2026
==========================================
Using conda env: afl
2026-04-02 07:00:08,479 [INFO] Log file: /Users/marcuswagner/coding/AFL_dashboard/logs/scheduled_update_2026-04-02_0700.log
2026-04-02 07:00:08,479 [INFO] ============================================================
2026-04-02 07:00:08,479 [INFO] AFL Dashboard – Scheduled Data Update
2026-04-02 07:00:08,479 [INFO] Date: Thursday 02 April 2026 07:00
2026-04-02 07:00:08,479 [INFO] Mode: FULL
2026-04-02 07:00:08,479 [INFO] ============================================================
2026-04-02 07:00:08,479 [INFO] Python: /opt/homebrew/Caskroom/miniconda/base/envs/afl/bin/python
2026-04-02 07:00:08,479 [INFO] 
Steps to run (2):
2026-04-02 07:00:08,479 [INFO]   • wheelo_ratings: Scrape Wheelo team & player ratings (Selenium) [SLOW]
2026-04-02 07:00:08,480 [INFO]   • wheelo_match_stats: Scrape Wheelo match-by-match player ratings + Brownlow predictions (Selenium) [SLOW]
2026-04-02 07:00:08,480 [INFO] 
2026-04-02 07:00:08,480 [INFO] START [wheelo_ratings] Scrape Wheelo team & player ratings (Selenium)
2026-04-02 07:00:08,480 [INFO]   Running: /opt/homebrew/Caskroom/miniconda/base/envs/afl/bin/python /Users/marcuswagner/coding/AFL_dashboard/scrape_wheelo_ratings.py --all
2026-04-02 07:00:58,047 [INFO]   DONE [wheelo_ratings] in 49.6s
2026-04-02 07:00:58,047 [INFO]     | 📊 Team Stats downloaded: 3 files
2026-04-02 07:00:58,047 [INFO]     | 📊 Player Stats downloaded: 3 files
2026-04-02 07:00:58,047 [INFO]     | 📊 Squad Lists downloaded: 1 file
2026-04-02 07:00:58,047 [INFO]     | 
2026-04-02 07:00:58,047 [INFO]     | 📁 CSV files saved in: /Users/marcuswagner/coding/AFL_dashboard/wheelo_downloads
2026-04-02 07:00:58,047 [INFO] START [wheelo_match_stats] Scrape Wheelo match-by-match player ratings + Brownlow predictions (Selenium)
2026-04-02 07:00:58,047 [INFO]   Running: /opt/homebrew/Caskroom/miniconda/base/envs/afl/bin/python /Users/marcuswagner/coding/AFL_dashboard/scrape_wheelo_match_stats.py --brownlow
2026-04-02 07:01:42,976 [INFO]   DONE [wheelo_match_stats] in 44.9s
2026-04-02 07:01:42,977 [INFO]     | ============================================================
2026-04-02 07:01:42,977 [INFO]     | 🔧 Chrome driver attempt 1/3…
2026-04-02 07:01:42,977 [INFO]     | ✅ Chrome driver ready
2026-04-02 07:01:42,977 [INFO]     | 
2026-04-02 07:01:42,977 [INFO]     | 💾 Saved 1288 rows → /Users/marcuswagner/coding/AFL_dashboard/data/raw/player/brownlow_predictions_2026.csv
2026-04-02 07:01:42,977 [INFO] 
2026-04-02 07:01:42,977 [INFO] ============================================================
2026-04-02 07:01:42,977 [INFO] UPDATE SUMMARY
2026-04-02 07:01:42,977 [INFO] ============================================================
2026-04-02 07:01:42,977 [INFO]   ✓ wheelo_ratings: OK
2026-04-02 07:01:42,977 [INFO]   ✓ wheelo_match_stats: OK
2026-04-02 07:01:42,977 [INFO] 
2026-04-02 07:01:42,977 [INFO] Results: 2 passed, 0 failed, 0 skipped
2026-04-02 07:01:42,977 [INFO] Total time: 94s (1.6 min)
2026-04-02 07:01:42,977 [INFO] Log: /Users/marcuswagner/coding/AFL_dashboard/logs/scheduled_update_2026-04-02_0700.log
2026-04-02 07:01:42,982 [INFO] Log rotation: removed 1 old log file(s)
2026-04-02 07:01:42,982 [INFO] 
✅ All steps completed successfully!
2026-04-02 07:01:49,043 [INFO] Email sent to marcus.wagner@futureedgesport.com.au
==========================================
AFL Dashboard – Scheduled Update
Fri Apr  3 07:03:30 AEDT 2026
==========================================
==========================================
AFL Dashboard – Scheduled Update
Fri Apr  3 07:03:30 AEDT 2026
==========================================
Using conda env: afl
Using conda env: afl
2026-04-03 07:03:31,779 [INFO] Log file: /Users/marcuswagner/coding/AFL_dashboard/logs/scheduled_update_2026-04-03_0703.log
2026-04-03 07:03:31,779 [INFO] Log file: /Users/marcuswagner/coding/AFL_dashboard/logs/scheduled_update_2026-04-03_0703.log
2026-04-03 07:03:31,779 [INFO] ============================================================
2026-04-03 07:03:31,779 [INFO] ============================================================
2026-04-03 07:03:31,779 [INFO] AFL Dashboard – Scheduled Data Update
2026-04-03 07:03:31,779 [INFO] AFL Dashboard – Scheduled Data Update
2026-04-03 07:03:31,779 [INFO] Date: Friday 03 April 2026 07:03
2026-04-03 07:03:31,779 [INFO] Date: Friday 03 April 2026 07:03
2026-04-03 07:03:31,779 [INFO] Mode: FULL
2026-04-03 07:03:31,779 [INFO] Mode: FULL
2026-04-03 07:03:31,779 [INFO] ============================================================
2026-04-03 07:03:31,779 [INFO] ============================================================
2026-04-03 07:03:31,779 [INFO] Python: /opt/homebrew/Caskroom/miniconda/base/envs/afl/bin/python
2026-04-03 07:03:31,779 [INFO] Python: /opt/homebrew/Caskroom/miniconda/base/envs/afl/bin/python
2026-04-03 07:03:31,779 [INFO] 
Steps to run (15):
2026-04-03 07:03:31,779 [INFO] 
Steps to run (2):
2026-04-03 07:03:31,779 [INFO]   • footywire_squads: Scrape player squads from Footywire
2026-04-03 07:03:31,779 [INFO]   • wheelo_ratings: Scrape Wheelo team & player ratings (Selenium) [SLOW]
2026-04-03 07:03:31,779 [INFO]   • footywire_extended: Scrape contracts & draft history from Footywire
2026-04-03 07:03:31,779 [INFO]   • wheelo_match_stats: Scrape Wheelo match-by-match player ratings + Brownlow predictions (Selenium) [SLOW]
2026-04-03 07:03:31,779 [INFO]   • afl_ladders: Scrape AFL ladder standings from Footywire (current season)
2026-04-03 07:03:31,779 [INFO] 
2026-04-03 07:03:31,779 [INFO]   • wheelo_ratings: Scrape Wheelo team & player ratings (Selenium) [SLOW]
2026-04-03 07:03:31,779 [INFO]   • wheelo_match_stats: Scrape Wheelo match-by-match player ratings + Brownlow predictions (Selenium) [SLOW]
2026-04-03 07:03:31,779 [INFO] START [wheelo_ratings] Scrape Wheelo team & player ratings (Selenium)
2026-04-03 07:03:31,779 [INFO]   • traits_api: Fetch Traits API data for current-season players [SLOW]
2026-04-03 07:03:31,779 [INFO]   Running: /opt/homebrew/Caskroom/miniconda/base/envs/afl/bin/python /Users/marcuswagner/coding/AFL_dashboard/scrape_wheelo_ratings.py --all
2026-04-03 07:03:31,779 [INFO]   • wheelo_to_raw: Copy Wheelo team stats to raw data folder for ratings pipeline
2026-04-03 07:03:31,779 [INFO]   • build_season: Build season data files (squads, stats, traits CSVs)
2026-04-03 07:03:31,779 [INFO]   • wheelo_player_to_raw: Merge Wheelo player season data (matches, ratings) into raw player CSVs
2026-04-03 07:03:31,779 [INFO]   • regenerate_ratings: Regenerate computed team summaries and ladders
2026-04-03 07:03:31,779 [INFO]   • refresh_master_ladders: Update master workbook Team_Ladders_All with freshly-scraped ladder data
2026-04-03 07:03:31,779 [INFO]   • update_photos: Download photos for any new/missing players [SLOW]
2026-04-03 07:03:31,779 [INFO]   • validate_freshness: Validate pipeline output files are present and fresh
2026-04-03 07:03:31,780 [INFO]   • validate_schemas: Validate CSV output schemas (columns, row counts, data quality)
2026-04-03 07:03:31,780 [INFO]   • data_diff_check: Compare pipeline outputs against backups and alert on anomalies
2026-04-03 07:03:31,780 [INFO] 
2026-04-03 07:03:31,780 [INFO] START [footywire_squads] Scrape player squads from Footywire
2026-04-03 07:03:31,780 [INFO]   Running: /opt/homebrew/Caskroom/miniconda/base/envs/afl/bin/python /Users/marcuswagner/coding/AFL_dashboard/scrape_footywire.py 
2026-04-03 08:48:37,241 [INFO]   DONE [footywire_squads] in 6305.5s
2026-04-03 08:48:37,241 [INFO]     | DefenderRuck          1
2026-04-03 08:48:37,241 [INFO]     | Name: count, dtype: int64
2026-04-03 08:48:37,241 [INFO]     | 
2026-04-03 08:48:37,241 [INFO]     | 
2026-04-03 08:48:37,241 [INFO]     | Updated DOB cache: 0 new entries
2026-04-03 08:48:37,241 [INFO] START [footywire_extended] Scrape contracts & draft history from Footywire
2026-04-03 08:48:37,241 [INFO]   Running: /opt/homebrew/Caskroom/miniconda/base/envs/afl/bin/python /Users/marcuswagner/coding/AFL_dashboard/scrape_footywire_extended.py --current-only
2026-04-03 09:04:00,820 [INFO]   DONE [wheelo_ratings] in 7229.0s
2026-04-03 09:04:00,821 [INFO]     | 📊 Team Stats downloaded: 3 files
2026-04-03 09:04:00,821 [INFO]     | 📊 Player Stats downloaded: 2 files
2026-04-03 09:04:00,821 [INFO]     | 📊 Squad Lists downloaded: 1 file
2026-04-03 09:04:00,821 [INFO]     | 
2026-04-03 09:04:00,821 [INFO]     | 📁 CSV files saved in: /Users/marcuswagner/coding/AFL_dashboard/wheelo_downloads
2026-04-03 09:04:00,821 [INFO] START [wheelo_match_stats] Scrape Wheelo match-by-match player ratings + Brownlow predictions (Selenium)
2026-04-03 09:04:00,821 [INFO]   Running: /opt/homebrew/Caskroom/miniconda/base/envs/afl/bin/python /Users/marcuswagner/coding/AFL_dashboard/scrape_wheelo_match_stats.py --brownlow
2026-04-03 10:17:29,933 [INFO]   DONE [wheelo_match_stats] in 4409.1s
2026-04-03 10:17:29,933 [INFO]     |   ⚠️  Attempt 1 failed: Could not reach host. Are you offline?
2026-04-03 10:17:29,933 [INFO]     | 🔧 Chrome driver attempt 2/3…
2026-04-03 10:17:29,933 [INFO]     | ✅ Chrome driver ready
2026-04-03 10:17:29,933 [INFO]     | 
2026-04-03 10:17:29,933 [INFO]     | 💾 Saved 1288 rows → /Users/marcuswagner/coding/AFL_dashboard/data/raw/player/brownlow_predictions_2026.csv
2026-04-03 10:17:29,934 [INFO] 
2026-04-03 10:17:29,934 [INFO] ============================================================
2026-04-03 10:17:29,934 [INFO] UPDATE SUMMARY
2026-04-03 10:17:29,934 [INFO] ============================================================
2026-04-03 10:17:29,934 [INFO]   ✓ wheelo_ratings: OK
2026-04-03 10:17:29,934 [INFO]   ✓ wheelo_match_stats: OK
2026-04-03 10:17:29,934 [INFO] 
2026-04-03 10:17:29,934 [INFO] Results: 2 passed, 0 failed, 0 skipped
2026-04-03 10:17:29,934 [INFO] Total time: 11638s (194.0 min)
2026-04-03 10:17:29,934 [INFO] Log: /Users/marcuswagner/coding/AFL_dashboard/logs/scheduled_update_2026-04-03_0703.log
2026-04-03 10:17:29,936 [INFO] Log rotation: removed 1 old log file(s)
2026-04-03 10:17:29,936 [INFO] 
✅ All steps completed successfully!
2026-04-03 10:17:35,673 [INFO] Email sent to marcus.wagner@futureedgesport.com.au
2026-04-03 21:45:28,576 [INFO]   DONE [footywire_extended] in 46611.3s
2026-04-03 21:45:28,576 [INFO]     | 5  Adelaide    Brayden Cook           2026.0           Non-Free Agent      2020.0    National          1.0        25.0
2026-04-03 21:45:28,576 [INFO]     | 6  Adelaide     Indy Cotton           2027.0                  Unknown         NaN        None          NaN         NaN
2026-04-03 21:45:28,576 [INFO]     | 7  Adelaide   Isaac Cumming           2030.0           Non-Free Agent      2016.0    National          1.0        20.0
2026-04-03 21:45:28,576 [INFO]     | 8  Adelaide   Daniel Curtin           2029.0           Non-Free Agent      2023.0    National          1.0         8.0
2026-04-03 21:45:28,576 [INFO]     | 9  Adelaide   Jordan Dawson           2029.0    Restricted Free Agent      2015.0    National          4.0        56.0
2026-04-03 21:45:28,576 [INFO] START [afl_ladders] Scrape AFL ladder standings from Footywire (current season)
2026-04-03 21:45:28,576 [INFO]   Running: /opt/homebrew/Caskroom/miniconda/base/envs/afl/bin/python /Users/marcuswagner/coding/AFL_dashboard/scrape_afl_ladders.py --current-only
2026-04-03 21:53:48,214 [INFO]   DONE [afl_ladders] in 499.6s
2026-04-03 21:53:48,214 [INFO]     |   2026: 18 teams
2026-04-03 21:53:48,214 [INFO]     | 
2026-04-03 21:53:48,214 [INFO]     | ============================================================
2026-04-03 21:53:48,214 [INFO]     | Completed: 2026-04-03 21:53:48
2026-04-03 21:53:48,214 [INFO]     | ============================================================
2026-04-03 21:53:48,214 [INFO] START [wheelo_ratings] Scrape Wheelo team & player ratings (Selenium)
2026-04-03 21:53:48,214 [INFO]   Running: /opt/homebrew/Caskroom/miniconda/base/envs/afl/bin/python /Users/marcuswagner/coding/AFL_dashboard/scrape_wheelo_ratings.py --all
2026-04-03 23:12:56,442 [INFO]   DONE [wheelo_ratings] in 4748.2s
2026-04-03 23:12:56,442 [INFO]     | 📊 Team Stats downloaded: 3 files
2026-04-03 23:12:56,442 [INFO]     | 📊 Player Stats downloaded: 3 files
2026-04-03 23:12:56,443 [INFO]     | 📊 Squad Lists downloaded: 1 file
2026-04-03 23:12:56,443 [INFO]     | 
2026-04-03 23:12:56,443 [INFO]     | 📁 CSV files saved in: /Users/marcuswagner/coding/AFL_dashboard/wheelo_downloads
2026-04-03 23:12:56,443 [INFO] START [wheelo_match_stats] Scrape Wheelo match-by-match player ratings + Brownlow predictions (Selenium)
2026-04-03 23:12:56,443 [INFO]   Running: /opt/homebrew/Caskroom/miniconda/base/envs/afl/bin/python /Users/marcuswagner/coding/AFL_dashboard/scrape_wheelo_match_stats.py --brownlow
2026-04-03 23:29:29,943 [ERROR]   FAILED [wheelo_match_stats] exit code 1 (993.5s)
2026-04-03 23:29:29,943 [ERROR]     | 6   chromedriver                        0x0000000104b2a220 cxxbridge1$str$ptr + 2891948
2026-04-03 23:29:29,943 [ERROR]     | 7   chromedriver                        0x0000000104b2d910 cxxbridge1$str$ptr + 2906012
2026-04-03 23:29:29,943 [ERROR]     | 8   chromedriver                        0x0000000104b0f5d8 cxxbridge1$str$ptr + 2782308
2026-04-03 23:29:29,943 [ERROR]     | 9   chromedriver                        0x0000000104b2e194 cxxbridge1$str$ptr + 2908192
2026-04-03 23:29:29,943 [ERROR]     | 10  chromedriver                        0x0000000104b00090 cxxbridge1$str$ptr + 2719516
2026-04-03 23:29:29,943 [ERROR]     | 11  chromedriver                        0x0000000104b52b30 cxxbridge1$str$ptr + 3058108
2026-04-03 23:29:29,943 [ERROR]     | 12  chromedriver                        0x0000000104b52cac cxxbridge1$str$ptr + 3058488
2026-04-03 23:29:29,943 [ERROR]     | 13  chromedriver                        0x0000000104b63680 cxxbridge1$str$ptr + 3126540
2026-04-03 23:29:29,944 [ERROR]     | 14  libsystem_pthread.dylib             0x000000019d915c08 _pthread_start + 136
2026-04-03 23:29:29,944 [ERROR]     | 15  libsystem_pthread.dylib             0x000000019d910ba8 thread_start + 8
2026-04-03 23:29:29,944 [ERROR]     | ============================================================
2026-04-03 23:29:29,944 [ERROR]     |   WHEELO MATCH STATS SCRAPER — 2026
2026-04-03 23:29:29,944 [ERROR]     | ============================================================
2026-04-03 23:29:29,944 [ERROR]     | 🔧 Chrome driver attempt 1/3…
2026-04-03 23:29:29,944 [ERROR]     | ✅ Chrome driver ready
2026-04-03 23:29:29,944 [INFO] START [traits_api] Fetch Traits API data for current-season players
2026-04-03 23:29:29,944 [INFO]   Running: /opt/homebrew/Caskroom/miniconda/base/envs/afl/bin/python /Users/marcuswagner/coding/AFL_dashboard/run_traits_api.py 
==========================================
AFL Dashboard – Scheduled Update
Sat Apr  4 07:13:10 AEDT 2026
==========================================
Using conda env: afl
2026-04-04 07:13:14,053 [INFO] Log file: /Users/marcuswagner/coding/AFL_dashboard/logs/scheduled_update_2026-04-04_0713.log
2026-04-04 07:13:14,053 [INFO] ============================================================
2026-04-04 07:13:14,053 [INFO] AFL Dashboard – Scheduled Data Update
2026-04-04 07:13:14,053 [INFO] Date: Saturday 04 April 2026 07:13
2026-04-04 07:13:14,053 [INFO] Mode: FULL
2026-04-04 07:13:14,053 [INFO] ============================================================
2026-04-04 07:13:14,053 [INFO] Python: /opt/homebrew/Caskroom/miniconda/base/envs/afl/bin/python
2026-04-04 07:13:14,053 [INFO] 
Steps to run (2):
2026-04-04 07:13:14,053 [INFO]   • wheelo_ratings: Scrape Wheelo team & player ratings (Selenium) [SLOW]
2026-04-04 07:13:14,053 [INFO]   • wheelo_match_stats: Scrape Wheelo match-by-match player ratings + Brownlow predictions (Selenium) [SLOW]
2026-04-04 07:13:14,053 [INFO] 
2026-04-04 07:13:14,053 [INFO] START [wheelo_ratings] Scrape Wheelo team & player ratings (Selenium)
2026-04-04 07:13:14,053 [INFO]   Running: /opt/homebrew/Caskroom/miniconda/base/envs/afl/bin/python /Users/marcuswagner/coding/AFL_dashboard/scrape_wheelo_ratings.py --all
2026-04-04 08:40:12,374 [INFO]   DONE [wheelo_ratings] in 5218.3s
2026-04-04 08:40:12,374 [INFO]     | 📊 Team Stats downloaded: 3 files
2026-04-04 08:40:12,374 [INFO]     | 📊 Player Stats downloaded: 3 files
2026-04-04 08:40:12,374 [INFO]     | 📊 Squad Lists downloaded: 1 file
2026-04-04 08:40:12,374 [INFO]     | 
2026-04-04 08:40:12,374 [INFO]     | 📁 CSV files saved in: /Users/marcuswagner/coding/AFL_dashboard/wheelo_downloads
2026-04-04 08:40:12,374 [INFO] START [wheelo_match_stats] Scrape Wheelo match-by-match player ratings + Brownlow predictions (Selenium)
2026-04-04 08:40:12,374 [INFO]   Running: /opt/homebrew/Caskroom/miniconda/base/envs/afl/bin/python /Users/marcuswagner/coding/AFL_dashboard/scrape_wheelo_match_stats.py --brownlow
2026-04-04 10:20:16,897 [INFO]   DONE [wheelo_match_stats] in 6004.5s
2026-04-04 10:20:16,897 [INFO]     | ============================================================
2026-04-04 10:20:16,897 [INFO]     | 🔧 Chrome driver attempt 1/3…
2026-04-04 10:20:16,897 [INFO]     | ✅ Chrome driver ready
2026-04-04 10:20:16,897 [INFO]     | 
2026-04-04 10:20:16,897 [INFO]     | 💾 Saved 1288 rows → /Users/marcuswagner/coding/AFL_dashboard/data/raw/player/brownlow_predictions_2026.csv
2026-04-04 10:20:16,897 [INFO] 
2026-04-04 10:20:16,897 [INFO] ============================================================
2026-04-04 10:20:16,897 [INFO] UPDATE SUMMARY
2026-04-04 10:20:16,898 [INFO] ============================================================
2026-04-04 10:20:16,898 [INFO]   ✓ wheelo_ratings: OK
2026-04-04 10:20:16,898 [INFO]   ✓ wheelo_match_stats: OK
2026-04-04 10:20:16,898 [INFO] 
2026-04-04 10:20:16,898 [INFO] Results: 2 passed, 0 failed, 0 skipped
2026-04-04 10:20:16,898 [INFO] Total time: 11223s (187.0 min)
2026-04-04 10:20:16,898 [INFO] Log: /Users/marcuswagner/coding/AFL_dashboard/logs/scheduled_update_2026-04-04_0713.log
2026-04-04 10:20:16,900 [INFO] Log rotation: removed 1 old log file(s)
2026-04-04 10:20:16,900 [INFO] 
✅ All steps completed successfully!
2026-04-04 10:20:32,752 [INFO] Email sent to marcus.wagner@futureedgesport.com.au
2026-04-04 10:40:30,585 [INFO]   DONE [traits_api] in 40260.6s
2026-04-04 10:40:30,585 [INFO]     | 11      Sid Draper  Adelaide           1.38               None           None
2026-04-04 10:40:30,585 [INFO]     | 
2026-04-04 10:40:30,585 [INFO]     | Top 10 Overall Rated Players:
2026-04-04 10:40:30,585 [INFO]     | 
2026-04-04 10:40:30,585 [INFO]     | ⚠️  Dataset enhancement failed: Column 'Overall_Rating' has dtype object, cannot use method 'nlargest' with this dtype
2026-04-04 10:40:30,585 [INFO] START [wheelo_to_raw] Copy Wheelo team stats to raw data folder for ratings pipeline
2026-04-04 10:40:31,140 [INFO]   Backed up team_stats_2026.csv → backups/team_stats_2026_20260404_104031.csv
2026-04-04 10:40:31,143 [INFO]   Copied Wheelo 2026 Season -> team_stats_2026.csv (18 teams)
2026-04-04 10:40:31,159 [INFO]   Backed up team_stats_2026_L10.csv → backups/team_stats_2026_L10_20260404_104031.csv
2026-04-04 10:40:31,161 [INFO]   Copied Wheelo 2026 L10 -> team_stats_2026_L10.csv (18 teams)
2026-04-04 10:40:31,183 [INFO]   Backed up team_stats_2026_L5.csv → backups/team_stats_2026_L5_20260404_104031.csv
2026-04-04 10:40:31,185 [INFO]   Copied Wheelo 2026 L5 -> team_stats_2026_L5.csv (18 teams)
2026-04-04 10:40:31,185 [INFO]   DONE [wheelo_to_raw] in 0.6s
2026-04-04 10:40:31,185 [INFO] START [build_season] Build season data files (squads, stats, traits CSVs)
2026-04-04 10:40:31,185 [INFO]   Running: /opt/homebrew/Caskroom/miniconda/base/envs/afl/bin/python /Users/marcuswagner/coding/AFL_dashboard/build_season_data.py 
2026-04-04 10:40:31,495 [INFO]   DONE [build_season] in 0.3s
2026-04-04 10:40:31,495 [INFO]     |   Western Bulldogs      43 players  Avg Age: 24.4  Avg Games: 73
2026-04-04 10:40:31,495 [INFO]     | 
2026-04-04 10:40:31,495 [INFO]     | ============================================================
2026-04-04 10:40:31,495 [INFO]     | ✅ 2026 DATA BUILD COMPLETE
2026-04-04 10:40:31,495 [INFO]     | ============================================================
2026-04-04 10:40:31,495 [INFO] START [wheelo_player_to_raw] Merge Wheelo player season data (matches, ratings) into raw player CSVs
2026-04-04 10:40:31,648 [INFO]   Wheelo Wheelo 2026 Season: 486 players, 18 teams
2026-04-04 10:40:31,672 [INFO]   Name mappings (33): {'William Hayes': 'Will Hayes', 'Lachie Ash': 'Lachlan Ash', 'Zac Williams': 'Zachary Williams', 'Mitch Owens': 'Mitchito Owens', 'Leonardo Lombard': 'Leo Lombard', 'Tom Stewart': 'Thomas Stewart', 'Lachie Weller': 'Lachlan Weller', 'Cam Mackenzie': 'Cameron Mackenzie', 'Oliver Dempsey': 'Ollie Dempsey', 'Lachie Jones': 'Lachlan Jones', 'Matt Flynn': 'Matthew Flynn', 'Jacob van Rooyen': 'Jacob Van Rooyen', 'Matt Roberts': 'Matthew Roberts', 'Tom Liberatore': 'Thomas Liberatore', 'Christopher Scerri': 'Chris Scerri', 'Cam Rayner': 'Cameron Rayner', 'Brad Close': 'Bradley Close', 'Matthew Johnson': 'Matt Johnson', 'Matthew Carroll': 'Matt Carroll', 'Mitch Knevitt': 'Mitchell Knevitt', 'Josh Weddle': 'Joshua Weddle', 'Mitch Lewis': 'Mitchell Lewis', 'Lachie Fogarty': 'Lachlan Fogarty', 'Jack Macrae': 'Jackson Macrae', 'Sam Grlj': 'Samuel Grlj', 'Connor Macdonald': 'Connor MacDonald', 'Dan Butler': 'Daniel Butler', 'Joe Fonti': 'Joseph Fonti', 'Lachie Schultz': 'Lachlan Schultz', 'Lachlan Sullivan': 'Lachie Sullivan', 'Sam Collins': 'Samuel Collins', 'Harry Himmelberg': 'Harrison Himmelberg', 'Tim English': 'Timothy English'}
2026-04-04 10:40:31,672 [WARNING]   UNMATCHED Wheelo players (29): [('Archer Day-Wicks', 'Essendon'), ('Jye Caldwell', 'Essendon'), ('Max Kondogiannis', 'Essendon'), ('Zach Reid', 'Essendon'), ('Saad El-Hawli', 'Essendon'), ('Ben McKay', 'Essendon'), ('Xavier Duursma', 'Essendon'), ('Brayden Fiorini', 'Essendon'), ('Peter Wright', 'Essendon'), ('Zak Johnson', 'Essendon'), ('Mason Redman', 'Essendon'), ('Kyle Langford', 'Essendon'), ('Darcy Parish', 'Essendon'), ('Lachlan Blakiston', 'Essendon'), ('Archie Roberts', 'Essendon'), ('Jade Gresham', 'Essendon'), ('Archie Perkins', 'Essendon'), ('Matt Guelfi', 'Essendon'), ('Jaxon Prior', 'Essendon'), ('Isaac Kako', 'Essendon'), ('Zach Merrett', 'Essendon'), ('Hussien El Achkar', 'Essendon'), ('Jacob Farrow', 'Essendon'), ('Dyson Sharp', 'Essendon'), ('Sam Durham', 'Essendon'), ('Andrew McGrath', 'Essendon'), ('Archer May', 'Essendon'), ('Nate Caddy', 'Essendon'), ('Jayden Nguyen', 'Essendon')]
2026-04-04 10:40:31,681 [INFO]   Backed up player_stats_2026.csv → backups/player_stats_2026_20260404_104031.csv
2026-04-04 10:40:31,684 [INFO]   Updated player_stats_2026.csv: 457 players with matches from Wheelo
2026-04-04 10:40:31,704 [INFO]   Backed up squads_2026.csv → backups/squads_2026_20260404_104031.csv
2026-04-04 10:40:31,706 [INFO]   Updated squads_2026.csv: 457 players matched from Wheelo
2026-04-04 10:40:31,707 [INFO]   DONE [wheelo_player_to_raw] in 0.2s
2026-04-04 10:40:31,707 [INFO] START [regenerate_ratings] Regenerate computed team summaries and ladders
2026-04-04 10:40:31,707 [INFO]   Running: /opt/homebrew/Caskroom/miniconda/base/envs/afl/bin/python /Users/marcuswagner/coding/AFL_dashboard/regenerate_ratings.py 
2026-04-04 10:40:32,000 [ERROR]   FAILED [regenerate_ratings] exit code 1 (0.3s)
2026-04-04 10:40:32,000 [ERROR]     | Traceback (most recent call last):
2026-04-04 10:40:32,000 [ERROR]     |   File "/Users/marcuswagner/coding/AFL_dashboard/regenerate_ratings.py", line 11, in <module>
2026-04-04 10:40:32,000 [ERROR]     |     from data_pipeline.compute_team_summary import compute_team_summary, compute_team_ladders
2026-04-04 10:40:32,000 [ERROR]     |   File "/Users/marcuswagner/coding/AFL_dashboard/data_pipeline/__init__.py", line 36, in <module>
2026-04-04 10:40:32,000 [ERROR]     |     from .compute_list_ladder import (
2026-04-04 10:40:32,000 [ERROR]     | ImportError: cannot import name 'RATING_TIERS' from 'data_pipeline.compute_list_ladder' (/Users/marcuswagner/coding/AFL_dashboard/data_pipeline/compute_list_ladder.py)
2026-04-04 10:40:32,000 [WARNING]   SKIP [refresh_master_ladders] – Skipped: prerequisite(s) failed (regenerate_ratings)
2026-04-04 10:40:32,000 [INFO] START [update_photos] Download photos for any new/missing players
2026-04-04 10:40:32,000 [INFO]   Running: /opt/homebrew/Caskroom/miniconda/base/envs/afl/bin/python /Users/marcuswagner/coding/AFL_dashboard/auto_update_photos.py 
2026-04-04 16:16:29,769 [INFO]   DONE [update_photos] in 20157.8s
2026-04-04 16:16:29,769 [INFO]     | 
2026-04-04 16:16:29,770 [INFO] START [validate_freshness] Validate pipeline output files are present and fresh
2026-04-04 16:16:29,770 [INFO]   Running: /opt/homebrew/Caskroom/miniconda/base/envs/afl/bin/python /Users/marcuswagner/coding/AFL_dashboard/validate_pipeline_freshness.py 
2026-04-04 16:16:29,854 [ERROR]   FAILED [validate_freshness] exit code 1 (0.1s)
2026-04-04 16:16:29,854 [ERROR]     |   ⊘ OPTIONAL footywire_drafts_history.csv  (stale — 18.5h ago)
2026-04-04 16:16:29,854 [ERROR]     |   ⊘ OPTIONAL footywire_2026_with_traits.csv  (stale — 5.6h ago)
2026-04-04 16:16:29,854 [ERROR]     |   ⊘ OPTIONAL traits_2026.csv  (stale — 5.6h ago)
2026-04-04 16:16:29,854 [ERROR]     | 
2026-04-04 16:16:29,854 [ERROR]     | ⚠️  Some required files are missing or stale.
2026-04-04 16:16:29,854 [INFO] START [validate_schemas] Validate CSV output schemas (columns, row counts, data quality)
2026-04-04 16:16:29,875 [WARNING]   [WARN] squads: Only 17 teams found (expected 18)
2026-04-04 16:16:29,875 [WARNING]   [WARN] player_stats: Only 17 teams found (expected 18)
2026-04-04 16:16:29,875 [WARNING]   [WARN] footywire_lists: Only 17 teams found (expected 18)
2026-04-04 16:16:29,875 [WARNING]   [WARN] footywire_complete: Only 17 teams found (expected 18)
2026-04-04 16:16:29,875 [INFO]   DONE [validate_schemas] 4 warning(s) in 0.0s
2026-04-04 16:16:29,875 [INFO] START [data_diff_check] Compare pipeline outputs against backups and alert on anomalies
2026-04-04 16:16:29,885 [WARNING] ⚠️ Data-diff alerts (1 issue(s)):
  • COLUMNS LOST: traits_2026.csv lost 21 column(s): Aerial, Ball Use, Ball Winning, Connecting, Contest
2026-04-04 16:16:35,858 [INFO] Email sent to marcus.wagner@futureedgesport.com.au
2026-04-04 16:16:35,859 [INFO]   DONE [data_diff_check] with alerts in 0.0s
2026-04-04 16:16:35,859 [INFO] 
2026-04-04 16:16:35,859 [INFO] ============================================================
2026-04-04 16:16:35,859 [INFO] UPDATE SUMMARY
2026-04-04 16:16:35,859 [INFO] ============================================================
2026-04-04 16:16:35,860 [INFO]   ✓ footywire_squads: OK
2026-04-04 16:16:35,860 [INFO]   ✓ footywire_extended: OK
2026-04-04 16:16:35,860 [INFO]   ✓ afl_ladders: OK
2026-04-04 16:16:35,860 [INFO]   ✓ wheelo_ratings: OK
2026-04-04 16:16:35,860 [INFO]   ✗ wheelo_match_stats: FAILED: Exit code 1
2026-04-04 16:16:35,860 [INFO]   ✓ traits_api: OK
2026-04-04 16:16:35,860 [INFO]   ✓ wheelo_to_raw: OK
2026-04-04 16:16:35,860 [INFO]   ✓ build_season: OK
2026-04-04 16:16:35,860 [INFO]   ✓ wheelo_player_to_raw: OK
2026-04-04 16:16:35,861 [INFO]   ✗ regenerate_ratings: FAILED: Exit code 1
2026-04-04 16:16:35,861 [INFO]   ⊘ refresh_master_ladders: SKIPPED: Skipped: prerequisite(s) failed (regenerate_ratings)
2026-04-04 16:16:35,861 [INFO]   ✓ update_photos: OK
2026-04-04 16:16:35,861 [INFO]   ✗ validate_freshness: FAILED: Exit code 1
2026-04-04 16:16:35,861 [INFO]   ✓ validate_schemas: OK
2026-04-04 16:16:35,861 [INFO]   ✓ data_diff_check: OK
2026-04-04 16:16:35,861 [INFO] 
2026-04-04 16:16:35,861 [INFO] Results: 11 passed, 3 failed, 1 skipped
2026-04-04 16:16:35,861 [INFO] Total time: 119584s (1993.1 min)
2026-04-04 16:16:35,862 [INFO] Log: /Users/marcuswagner/coding/AFL_dashboard/logs/scheduled_update_2026-04-03_0703.log
2026-04-04 16:16:35,866 [WARNING] 
⚠️  3 step(s) failed. Check log for details.
2026-04-04 16:25:05,503 [WARNING] SMTP email failed: Connection unexpectedly closed: The read operation timed out
2026-04-04 16:25:05,565 [INFO] Email sent via mailx to marcus.wagner@futureedgesport.com.au
==========================================
AFL Dashboard – Scheduled Update
Sun Apr  5 07:09:02 AEST 2026
==========================================
Using conda env: afl
2026-04-05 07:09:03,740 [INFO] Log file: /Users/marcuswagner/coding/AFL_dashboard/logs/scheduled_update_2026-04-05_0709.log
2026-04-05 07:09:03,740 [INFO] ============================================================
2026-04-05 07:09:03,740 [INFO] AFL Dashboard – Scheduled Data Update
2026-04-05 07:09:03,740 [INFO] Date: Sunday 05 April 2026 07:09
2026-04-05 07:09:03,740 [INFO] Mode: FULL
2026-04-05 07:09:03,740 [INFO] ============================================================
2026-04-05 07:09:03,740 [INFO] Python: /opt/homebrew/Caskroom/miniconda/base/envs/afl/bin/python
2026-04-05 07:09:03,740 [INFO] 
Steps to run (2):
2026-04-05 07:09:03,740 [INFO]   • wheelo_ratings: Scrape Wheelo team & player ratings (Selenium) [SLOW]
2026-04-05 07:09:03,740 [INFO]   • wheelo_match_stats: Scrape Wheelo match-by-match player ratings + Brownlow predictions (Selenium) [SLOW]
2026-04-05 07:09:03,740 [INFO] 
2026-04-05 07:09:03,740 [INFO] START [wheelo_ratings] Scrape Wheelo team & player ratings (Selenium)
2026-04-05 07:09:03,740 [INFO]   Running: /opt/homebrew/Caskroom/miniconda/base/envs/afl/bin/python /Users/marcuswagner/coding/AFL_dashboard/scrape_wheelo_ratings.py --all
2026-04-05 08:19:29,508 [INFO]   DONE [wheelo_ratings] in 4225.8s
2026-04-05 08:19:29,509 [INFO]     | 
2026-04-05 08:19:29,509 [INFO]     | 📊 Team Stats downloaded: 3 files
2026-04-05 08:19:29,509 [INFO]     | 📊 Squad Lists downloaded: 1 file
2026-04-05 08:19:29,509 [INFO]     | 
2026-04-05 08:19:29,509 [INFO]     | 📁 CSV files saved in: /Users/marcuswagner/coding/AFL_dashboard/wheelo_downloads
2026-04-05 08:19:29,509 [INFO] START [wheelo_match_stats] Scrape Wheelo match-by-match player ratings + Brownlow predictions (Selenium)
2026-04-05 08:19:29,509 [INFO]   Running: /opt/homebrew/Caskroom/miniconda/base/envs/afl/bin/python /Users/marcuswagner/coding/AFL_dashboard/scrape_wheelo_match_stats.py --brownlow
2026-04-05 09:36:39,452 [INFO]   DONE [wheelo_match_stats] in 4629.9s
2026-04-05 09:36:39,453 [INFO]     | 🔧 Chrome driver attempt 1/3…
2026-04-05 09:36:39,453 [INFO]     | ✅ Chrome driver ready
2026-04-05 09:36:39,453 [INFO]     |   ❌ Brownlow CSV download timed out
2026-04-05 09:36:39,453 [INFO]     | 
2026-04-05 09:36:39,453 [INFO]     | ⚠️  No Brownlow data scraped.
2026-04-05 09:36:39,453 [INFO] 
2026-04-05 09:36:39,453 [INFO] ============================================================
2026-04-05 09:36:39,453 [INFO] UPDATE SUMMARY
2026-04-05 09:36:39,453 [INFO] ============================================================
2026-04-05 09:36:39,453 [INFO]   ✓ wheelo_ratings: OK
2026-04-05 09:36:39,453 [INFO]   ✓ wheelo_match_stats: OK
2026-04-05 09:36:39,453 [INFO] 
2026-04-05 09:36:39,453 [INFO] Results: 2 passed, 0 failed, 0 skipped
2026-04-05 09:36:39,453 [INFO] Total time: 8856s (147.6 min)
2026-04-05 09:36:39,453 [INFO] Log: /Users/marcuswagner/coding/AFL_dashboard/logs/scheduled_update_2026-04-05_0709.log
2026-04-05 09:36:39,454 [INFO] Log rotation: removed 1 old log file(s)
2026-04-05 09:36:39,454 [INFO] 
✅ All steps completed successfully!
2026-04-05 10:10:42,713 [WARNING] SMTP email failed: Connection unexpectedly closed: The read operation timed out
2026-04-05 10:10:42,760 [INFO] Email sent via mailx to marcus.wagner@futureedgesport.com.au
==========================================
==========================================
AFL Dashboard – Scheduled Update
AFL Dashboard – Scheduled Update
Mon Apr  6 07:10:00 AEST 2026
Mon Apr  6 07:10:00 AEST 2026
==========================================
==========================================
Using conda env: afl
Using conda env: afl
2026-04-06 07:10:01,741 [INFO] Log file: /Users/marcuswagner/coding/AFL_dashboard/logs/scheduled_update_2026-04-06_0710.log
2026-04-06 07:10:01,741 [INFO] Log file: /Users/marcuswagner/coding/AFL_dashboard/logs/scheduled_update_2026-04-06_0710.log
2026-04-06 07:10:01,741 [INFO] ============================================================
2026-04-06 07:10:01,741 [INFO] ============================================================
2026-04-06 07:10:01,741 [INFO] AFL Dashboard – Scheduled Data Update
2026-04-06 07:10:01,741 [INFO] AFL Dashboard – Scheduled Data Update
2026-04-06 07:10:01,741 [INFO] Date: Monday 06 April 2026 07:10
2026-04-06 07:10:01,741 [INFO] Date: Monday 06 April 2026 07:10
2026-04-06 07:10:01,741 [INFO] Mode: FULL
2026-04-06 07:10:01,741 [INFO] Mode: FULL
2026-04-06 07:10:01,741 [INFO] ============================================================
2026-04-06 07:10:01,741 [INFO] ============================================================
2026-04-06 07:10:01,741 [INFO] Python: /opt/homebrew/Caskroom/miniconda/base/envs/afl/bin/python
2026-04-06 07:10:01,741 [INFO] Python: /opt/homebrew/Caskroom/miniconda/base/envs/afl/bin/python
2026-04-06 07:10:01,741 [INFO] 
Steps to run (2):
2026-04-06 07:10:01,741 [INFO] 
Steps to run (15):
2026-04-06 07:10:01,741 [INFO]   • wheelo_ratings: Scrape Wheelo team & player ratings (Selenium) [SLOW]
2026-04-06 07:10:01,741 [INFO]   • footywire_squads: Scrape player squads from Footywire
2026-04-06 07:10:01,742 [INFO]   • wheelo_match_stats: Scrape Wheelo match-by-match player ratings + Brownlow predictions (Selenium) [SLOW]
2026-04-06 07:10:01,742 [INFO]   • footywire_extended: Scrape contracts & draft history from Footywire
2026-04-06 07:10:01,742 [INFO] 
2026-04-06 07:10:01,742 [INFO]   • afl_ladders: Scrape AFL ladder standings from Footywire (current season)
2026-04-06 07:10:01,742 [INFO]   • wheelo_ratings: Scrape Wheelo team & player ratings (Selenium) [SLOW]
2026-04-06 07:10:01,742 [INFO]   • wheelo_match_stats: Scrape Wheelo match-by-match player ratings + Brownlow predictions (Selenium) [SLOW]
2026-04-06 07:10:01,742 [INFO]   • traits_api: Fetch Traits API data for current-season players [SLOW]
2026-04-06 07:10:01,742 [INFO]   • wheelo_to_raw: Copy Wheelo team stats to raw data folder for ratings pipeline
2026-04-06 07:10:01,742 [INFO]   • build_season: Build season data files (squads, stats, traits CSVs)
2026-04-06 07:10:01,742 [INFO]   • wheelo_player_to_raw: Merge Wheelo player season data (matches, ratings) into raw player CSVs
2026-04-06 07:10:01,742 [INFO]   • regenerate_ratings: Regenerate computed team summaries and ladders
2026-04-06 07:10:01,742 [INFO]   • refresh_master_ladders: Update master workbook Team_Ladders_All with freshly-scraped ladder data
2026-04-06 07:10:01,742 [INFO] START [wheelo_ratings] Scrape Wheelo team & player ratings (Selenium)
2026-04-06 07:10:01,742 [INFO]   • update_photos: Download photos for any new/missing players [SLOW]
2026-04-06 07:10:01,742 [INFO]   • validate_freshness: Validate pipeline output files are present and fresh
2026-04-06 07:10:01,742 [INFO]   Running: /opt/homebrew/Caskroom/miniconda/base/envs/afl/bin/python /Users/marcuswagner/coding/AFL_dashboard/scrape_wheelo_ratings.py --all
2026-04-06 07:10:01,742 [INFO]   • validate_schemas: Validate CSV output schemas (columns, row counts, data quality)
2026-04-06 07:10:01,742 [INFO]   • data_diff_check: Compare pipeline outputs against backups and alert on anomalies
2026-04-06 07:10:01,742 [INFO] 
2026-04-06 07:10:01,742 [INFO] START [footywire_squads] Scrape player squads from Footywire
2026-04-06 07:10:01,742 [INFO]   Running: /opt/homebrew/Caskroom/miniconda/base/envs/afl/bin/python /Users/marcuswagner/coding/AFL_dashboard/scrape_footywire.py 
2026-04-06 07:36:58,052 [INFO]   DONE [footywire_squads] in 1616.3s
2026-04-06 07:36:58,053 [INFO]     | DefenderRuck          1
2026-04-06 07:36:58,053 [INFO]     | Name: count, dtype: int64
2026-04-06 07:36:58,053 [INFO]     | 
2026-04-06 07:36:58,053 [INFO]     | 
2026-04-06 07:36:58,053 [INFO]     | Updated DOB cache: 0 new entries
2026-04-06 07:36:58,053 [INFO] START [footywire_extended] Scrape contracts & draft history from Footywire
2026-04-06 07:36:58,053 [INFO]   Running: /opt/homebrew/Caskroom/miniconda/base/envs/afl/bin/python /Users/marcuswagner/coding/AFL_dashboard/scrape_footywire_extended.py --current-only
2026-04-06 07:37:16,127 [INFO]   DONE [wheelo_ratings] in 1634.4s
2026-04-06 07:37:16,128 [INFO]     | 📊 Team Stats downloaded: 3 files
2026-04-06 07:37:16,128 [INFO]     | 📊 Player Stats downloaded: 3 files
2026-04-06 07:37:16,128 [INFO]     | 📊 Squad Lists downloaded: 1 file
2026-04-06 07:37:16,128 [INFO]     | 
2026-04-06 07:37:16,128 [INFO]     | 📁 CSV files saved in: /Users/marcuswagner/coding/AFL_dashboard/wheelo_downloads
2026-04-06 07:37:16,128 [INFO] START [wheelo_match_stats] Scrape Wheelo match-by-match player ratings + Brownlow predictions (Selenium)
2026-04-06 07:37:16,128 [INFO]   Running: /opt/homebrew/Caskroom/miniconda/base/envs/afl/bin/python /Users/marcuswagner/coding/AFL_dashboard/scrape_wheelo_match_stats.py --brownlow
2026-04-06 09:10:19,374 [INFO]   DONE [wheelo_match_stats] in 5583.2s
2026-04-06 09:10:19,375 [INFO]     | ============================================================
2026-04-06 09:10:19,375 [INFO]     | 🔧 Chrome driver attempt 1/3…
2026-04-06 09:10:19,375 [INFO]     | ✅ Chrome driver ready
2026-04-06 09:10:19,375 [INFO]     | 
2026-04-06 09:10:19,375 [INFO]     | 💾 Saved 1288 rows → /Users/marcuswagner/coding/AFL_dashboard/data/raw/player/brownlow_predictions_2026.csv
2026-04-06 09:10:19,375 [INFO] 
2026-04-06 09:10:19,375 [INFO] ============================================================
2026-04-06 09:10:19,375 [INFO] UPDATE SUMMARY
2026-04-06 09:10:19,375 [INFO] ============================================================
2026-04-06 09:10:19,375 [INFO]   ✓ wheelo_ratings: OK
2026-04-06 09:10:19,375 [INFO]   ✓ wheelo_match_stats: OK
2026-04-06 09:10:19,375 [INFO] 
2026-04-06 09:10:19,375 [INFO] Results: 2 passed, 0 failed, 0 skipped
2026-04-06 09:10:19,375 [INFO] Total time: 7218s (120.3 min)
2026-04-06 09:10:19,375 [INFO] Log: /Users/marcuswagner/coding/AFL_dashboard/logs/scheduled_update_2026-04-06_0710.log
2026-04-06 09:10:19,376 [INFO] Log rotation: removed 1 old log file(s)
2026-04-06 09:10:19,376 [INFO] 
✅ All steps completed successfully!
2026-04-06 09:10:24,700 [INFO] Email sent to marcus.wagner@futureedgesport.com.au
2026-04-06 21:58:21,037 [INFO]   DONE [footywire_extended] in 51683.0s
2026-04-06 21:58:21,037 [INFO]     | 5  Adelaide    Brayden Cook           2026.0           Non-Free Agent      2020.0    National          1.0        25.0
2026-04-06 21:58:21,037 [INFO]     | 6  Adelaide     Indy Cotton           2027.0                  Unknown         NaN        None          NaN         NaN
2026-04-06 21:58:21,037 [INFO]     | 7  Adelaide   Isaac Cumming           2030.0           Non-Free Agent      2016.0    National          1.0        20.0
2026-04-06 21:58:21,037 [INFO]     | 8  Adelaide   Daniel Curtin           2029.0           Non-Free Agent      2023.0    National          1.0         8.0
2026-04-06 21:58:21,037 [INFO]     | 9  Adelaide   Jordan Dawson           2029.0    Restricted Free Agent      2015.0    National          4.0        56.0
2026-04-06 21:58:21,038 [INFO] START [afl_ladders] Scrape AFL ladder standings from Footywire (current season)
2026-04-06 21:58:21,038 [INFO]   Running: /opt/homebrew/Caskroom/miniconda/base/envs/afl/bin/python /Users/marcuswagner/coding/AFL_dashboard/scrape_afl_ladders.py --current-only
2026-04-06 22:15:17,824 [INFO]   DONE [afl_ladders] in 1016.8s
2026-04-06 22:15:17,824 [INFO]     |   2026: 18 teams
2026-04-06 22:15:17,824 [INFO]     | 
2026-04-06 22:15:17,824 [INFO]     | ============================================================
2026-04-06 22:15:17,824 [INFO]     | Completed: 2026-04-06 22:15:17
2026-04-06 22:15:17,824 [INFO]     | ============================================================
2026-04-06 22:15:17,824 [INFO] START [wheelo_ratings] Scrape Wheelo team & player ratings (Selenium)
2026-04-06 22:15:17,824 [INFO]   Running: /opt/homebrew/Caskroom/miniconda/base/envs/afl/bin/python /Users/marcuswagner/coding/AFL_dashboard/scrape_wheelo_ratings.py --all
2026-04-06 23:03:41,221 [INFO]   DONE [wheelo_ratings] in 2903.4s
2026-04-06 23:03:41,222 [INFO]     | 📊 Team Stats downloaded: 3 files
2026-04-06 23:03:41,222 [INFO]     | 📊 Player Stats downloaded: 3 files
2026-04-06 23:03:41,222 [INFO]     | 📊 Squad Lists downloaded: 1 file
2026-04-06 23:03:41,222 [INFO]     | 
2026-04-06 23:03:41,222 [INFO]     | 📁 CSV files saved in: /Users/marcuswagner/coding/AFL_dashboard/wheelo_downloads
2026-04-06 23:03:41,222 [INFO] START [wheelo_match_stats] Scrape Wheelo match-by-match player ratings + Brownlow predictions (Selenium)
2026-04-06 23:03:41,222 [INFO]   Running: /opt/homebrew/Caskroom/miniconda/base/envs/afl/bin/python /Users/marcuswagner/coding/AFL_dashboard/scrape_wheelo_match_stats.py --brownlow
2026-04-07 03:44:01,020 [ERROR]   FAILED [wheelo_match_stats] exit code 1 (16819.8s)
2026-04-07 03:44:01,021 [ERROR]     | 6   chromedriver                        0x0000000105212220 cxxbridge1$str$ptr + 2891948
2026-04-07 03:44:01,021 [ERROR]     | 7   chromedriver                        0x0000000105215910 cxxbridge1$str$ptr + 2906012
2026-04-07 03:44:01,021 [ERROR]     | 8   chromedriver                        0x00000001051f75d8 cxxbridge1$str$ptr + 2782308
2026-04-07 03:44:01,021 [ERROR]     | 9   chromedriver                        0x0000000105216194 cxxbridge1$str$ptr + 2908192
2026-04-07 03:44:01,021 [ERROR]     | 10  chromedriver                        0x00000001051e8090 cxxbridge1$str$ptr + 2719516
2026-04-07 03:44:01,021 [ERROR]     | 11  chromedriver                        0x000000010523ab30 cxxbridge1$str$ptr + 3058108
2026-04-07 03:44:01,021 [ERROR]     | 12  chromedriver                        0x000000010523acac cxxbridge1$str$ptr + 3058488
2026-04-07 03:44:01,021 [ERROR]     | 13  chromedriver                        0x000000010524b680 cxxbridge1$str$ptr + 3126540
2026-04-07 03:44:01,021 [ERROR]     | 14  libsystem_pthread.dylib             0x000000019d915c08 _pthread_start + 136
2026-04-07 03:44:01,021 [ERROR]     | 15  libsystem_pthread.dylib             0x000000019d910ba8 thread_start + 8
2026-04-07 03:44:01,021 [ERROR]     | 
2026-04-07 03:44:01,021 [ERROR]     |   📋 Round 1 (round 1)
2026-04-07 03:44:01,021 [ERROR]     |     (no games found)
2026-04-07 03:44:01,021 [ERROR]     | 
2026-04-07 03:44:01,021 [ERROR]     |   📋 Round 2 (round 2)
2026-04-07 03:44:01,021 [INFO] START [traits_api] Fetch Traits API data for current-season players
2026-04-07 03:44:01,021 [INFO]   Running: /opt/homebrew/Caskroom/miniconda/base/envs/afl/bin/python /Users/marcuswagner/coding/AFL_dashboard/run_traits_api.py 
==========================================
AFL Dashboard – Scheduled Update
Tue Apr  7 07:12:27 AEST 2026
==========================================
Using conda env: afl
2026-04-07 07:12:29,112 [INFO] Log file: /Users/marcuswagner/coding/AFL_dashboard/logs/scheduled_update_2026-04-07_0712.log
2026-04-07 07:12:29,112 [INFO] ============================================================
2026-04-07 07:12:29,112 [INFO] AFL Dashboard – Scheduled Data Update
2026-04-07 07:12:29,112 [INFO] Date: Tuesday 07 April 2026 07:12
2026-04-07 07:12:29,112 [INFO] Mode: FULL
2026-04-07 07:12:29,112 [INFO] ============================================================
2026-04-07 07:12:29,112 [INFO] Python: /opt/homebrew/Caskroom/miniconda/base/envs/afl/bin/python
2026-04-07 07:12:29,112 [INFO] 
Steps to run (2):
2026-04-07 07:12:29,112 [INFO]   • wheelo_ratings: Scrape Wheelo team & player ratings (Selenium) [SLOW]
2026-04-07 07:12:29,113 [INFO]   • wheelo_match_stats: Scrape Wheelo match-by-match player ratings + Brownlow predictions (Selenium) [SLOW]
2026-04-07 07:12:29,113 [INFO] 
2026-04-07 07:12:29,113 [INFO] START [wheelo_ratings] Scrape Wheelo team & player ratings (Selenium)
2026-04-07 07:12:29,113 [INFO]   Running: /opt/homebrew/Caskroom/miniconda/base/envs/afl/bin/python /Users/marcuswagner/coding/AFL_dashboard/scrape_wheelo_ratings.py --all
2026-04-07 07:56:56,086 [INFO]   DONE [wheelo_ratings] in 2667.0s
2026-04-07 07:56:56,086 [INFO]     | 📊 Team Stats downloaded: 3 files
2026-04-07 07:56:56,086 [INFO]     | 📊 Player Stats downloaded: 3 files
2026-04-07 07:56:56,086 [INFO]     | 📊 Squad Lists downloaded: 1 file
2026-04-07 07:56:56,086 [INFO]     | 
2026-04-07 07:56:56,086 [INFO]     | 📁 CSV files saved in: /Users/marcuswagner/coding/AFL_dashboard/wheelo_downloads
2026-04-07 07:56:56,087 [INFO] START [wheelo_match_stats] Scrape Wheelo match-by-match player ratings + Brownlow predictions (Selenium)
2026-04-07 07:56:56,087 [INFO]   Running: /opt/homebrew/Caskroom/miniconda/base/envs/afl/bin/python /Users/marcuswagner/coding/AFL_dashboard/scrape_wheelo_match_stats.py --brownlow
2026-04-07 09:26:23,912 [INFO]   DONE [wheelo_match_stats] in 5367.8s
2026-04-07 09:26:23,912 [INFO]     | ============================================================
2026-04-07 09:26:23,912 [INFO]     | 🔧 Chrome driver attempt 1/3…
2026-04-07 09:26:23,912 [INFO]     | ✅ Chrome driver ready
2026-04-07 09:26:23,912 [INFO]     | 
2026-04-07 09:26:23,912 [INFO]     | 💾 Saved 1288 rows → /Users/marcuswagner/coding/AFL_dashboard/data/raw/player/brownlow_predictions_2026.csv
2026-04-07 09:26:23,912 [INFO] 
2026-04-07 09:26:23,912 [INFO] ============================================================
2026-04-07 09:26:23,912 [INFO] UPDATE SUMMARY
2026-04-07 09:26:23,912 [INFO] ============================================================
2026-04-07 09:26:23,912 [INFO]   ✓ wheelo_ratings: OK
2026-04-07 09:26:23,912 [INFO]   ✓ wheelo_match_stats: OK
2026-04-07 09:26:23,912 [INFO] 
2026-04-07 09:26:23,912 [INFO] Results: 2 passed, 0 failed, 0 skipped
2026-04-07 09:26:23,913 [INFO] Total time: 8035s (133.9 min)
2026-04-07 09:26:23,913 [INFO] Log: /Users/marcuswagner/coding/AFL_dashboard/logs/scheduled_update_2026-04-07_0712.log
2026-04-07 09:26:23,914 [INFO] Log rotation: removed 1 old log file(s)
2026-04-07 09:26:23,914 [INFO] 
✅ All steps completed successfully!
2026-04-07 09:26:29,655 [INFO] Email sent to marcus.wagner@futureedgesport.com.au
2026-04-07 09:41:25,018 [INFO]   DONE [traits_api] in 21444.0s
2026-04-07 09:41:25,019 [INFO]     | 11      Sid Draper  Adelaide           1.38               None           None
2026-04-07 09:41:25,019 [INFO]     | 
2026-04-07 09:41:25,019 [INFO]     | Top 10 Overall Rated Players:
2026-04-07 09:41:25,019 [INFO]     | 
2026-04-07 09:41:25,019 [INFO]     | ⚠️  Dataset enhancement failed: Column 'Overall_Rating' has dtype object, cannot use method 'nlargest' with this dtype
2026-04-07 09:41:25,019 [INFO] START [wheelo_to_raw] Copy Wheelo team stats to raw data folder for ratings pipeline
2026-04-07 09:41:25,759 [INFO]   Backed up team_stats_2026.csv → backups/team_stats_2026_20260407_094125.csv
2026-04-07 09:41:25,762 [INFO]   Copied Wheelo 2026 Season -> team_stats_2026.csv (18 teams)
2026-04-07 09:41:25,778 [INFO]   Backed up team_stats_2026_L10.csv → backups/team_stats_2026_L10_20260407_094125.csv
2026-04-07 09:41:25,780 [INFO]   Copied Wheelo 2026 L10 -> team_stats_2026_L10.csv (18 teams)
2026-04-07 09:41:25,801 [INFO]   Backed up team_stats_2026_L5.csv → backups/team_stats_2026_L5_20260407_094125.csv
2026-04-07 09:41:25,803 [INFO]   Copied Wheelo 2026 L5 -> team_stats_2026_L5.csv (18 teams)
2026-04-07 09:41:25,803 [INFO]   DONE [wheelo_to_raw] in 0.8s
2026-04-07 09:41:25,803 [INFO] START [build_season] Build season data files (squads, stats, traits CSVs)
2026-04-07 09:41:25,803 [INFO]   Running: /opt/homebrew/Caskroom/miniconda/base/envs/afl/bin/python /Users/marcuswagner/coding/AFL_dashboard/build_season_data.py 
2026-04-07 09:41:26,117 [INFO]   DONE [build_season] in 0.3s
2026-04-07 09:41:26,117 [INFO]     |   Western Bulldogs      43 players  Avg Age: 24.4  Avg Games: 74
2026-04-07 09:41:26,117 [INFO]     | 
2026-04-07 09:41:26,117 [INFO]     | ============================================================
2026-04-07 09:41:26,117 [INFO]     | ✅ 2026 DATA BUILD COMPLETE
2026-04-07 09:41:26,117 [INFO]     | ============================================================
2026-04-07 09:41:26,117 [INFO] START [wheelo_player_to_raw] Merge Wheelo player season data (matches, ratings) into raw player CSVs
2026-04-07 09:41:26,258 [INFO]   Wheelo Wheelo 2026 Season: 507 players, 18 teams
2026-04-07 09:41:26,298 [INFO]   Name mappings (38): {'Matthew Johnson': 'Matt Johnson', 'Thomas Edwards': 'Tom Edwards', 'Mitch Owens': 'Mitchito Owens', 'Matt Roberts': 'Matthew Roberts', 'Connor Macdonald': 'Connor MacDonald', 'Tom Stewart': 'Thomas Stewart', 'Sam Collins': 'Samuel Collins', 'Matthew Owies': 'Matt Owies', 'Mitch Lewis': 'Mitchell Lewis', 'Tom Liberatore': 'Thomas Liberatore', 'Ollie Wines': 'Oliver Wines', 'Lachie Jones': 'Lachlan Jones', 'Dan Butler': 'Daniel Butler', 'Joe Fonti': 'Joseph Fonti', 'Lachie Fogarty': 'Lachlan Fogarty', 'Leonardo Lombard': 'Leo Lombard', 'Archer May': 'Archie May', 'Matt Flynn': 'Matthew Flynn', 'Jack Macrae': 'Jackson Macrae', 'Cam Rayner': 'Cameron Rayner', 'Tim English': 'Timothy English', 'Lachie Weller': 'Lachlan Weller', 'Jacob van Rooyen': 'Jacob Van Rooyen', 'Zach Merrett': 'Zachary Merrett', 'Mitch Knevitt': 'Mitchell Knevitt', 'Cam Mackenzie': 'Cameron Mackenzie', 'Lachie Ash': 'Lachlan Ash', 'Matthew Carroll': 'Matt Carroll', 'Harry Himmelberg': 'Harrison Himmelberg', 'Brad Close': 'Bradley Close', 'Zac Williams': 'Zachary Williams', 'Christopher Scerri': 'Chris Scerri', 'Josh Weddle': 'Joshua Weddle', 'Lachlan Sullivan': 'Lachie Sullivan', 'Lachie Schultz': 'Lachlan Schultz', 'Sam Grlj': 'Samuel Grlj', 'William Hayes': 'Will Hayes', 'Oliver Dempsey': 'Ollie Dempsey'}
2026-04-07 09:41:26,352 [INFO]   Backed up player_stats_2026.csv → backups/player_stats_2026_20260407_094126.csv
2026-04-07 09:41:26,376 [INFO]   Updated player_stats_2026.csv: 507 players with matches from Wheelo
2026-04-07 09:41:26,398 [INFO]   Backed up squads_2026.csv → backups/squads_2026_20260407_094126.csv
2026-04-07 09:41:26,400 [INFO]   Updated squads_2026.csv: 507 players matched from Wheelo
2026-04-07 09:41:26,400 [INFO]   DONE [wheelo_player_to_raw] in 0.3s
2026-04-07 09:41:26,401 [INFO] START [regenerate_ratings] Regenerate computed team summaries and ladders
2026-04-07 09:41:26,401 [INFO]   Running: /opt/homebrew/Caskroom/miniconda/base/envs/afl/bin/python /Users/marcuswagner/coding/AFL_dashboard/regenerate_ratings.py 
2026-04-07 09:41:26,638 [ERROR]   FAILED [regenerate_ratings] exit code 1 (0.2s)
2026-04-07 09:41:26,638 [ERROR]     | Traceback (most recent call last):
2026-04-07 09:41:26,638 [ERROR]     |   File "/Users/marcuswagner/coding/AFL_dashboard/regenerate_ratings.py", line 11, in <module>
2026-04-07 09:41:26,638 [ERROR]     |     from data_pipeline.compute_team_summary import compute_team_summary, compute_team_ladders
2026-04-07 09:41:26,638 [ERROR]     |   File "/Users/marcuswagner/coding/AFL_dashboard/data_pipeline/__init__.py", line 36, in <module>
2026-04-07 09:41:26,638 [ERROR]     |     from .compute_list_ladder import (
2026-04-07 09:41:26,638 [ERROR]     | ImportError: cannot import name 'RATING_TIERS' from 'data_pipeline.compute_list_ladder' (/Users/marcuswagner/coding/AFL_dashboard/data_pipeline/compute_list_ladder.py)
2026-04-07 09:41:26,638 [WARNING]   SKIP [refresh_master_ladders] – Skipped: prerequisite(s) failed (regenerate_ratings)
2026-04-07 09:41:26,638 [INFO] START [update_photos] Download photos for any new/missing players
2026-04-07 09:41:26,638 [INFO]   Running: /opt/homebrew/Caskroom/miniconda/base/envs/afl/bin/python /Users/marcuswagner/coding/AFL_dashboard/auto_update_photos.py 
2026-04-07 09:44:10,195 [INFO]   DONE [update_photos] in 163.6s
2026-04-07 09:44:10,196 [INFO]     | 
2026-04-07 09:44:10,196 [INFO] START [validate_freshness] Validate pipeline output files are present and fresh
2026-04-07 09:44:10,196 [INFO]   Running: /opt/homebrew/Caskroom/miniconda/base/envs/afl/bin/python /Users/marcuswagner/coding/AFL_dashboard/validate_pipeline_freshness.py 
2026-04-07 09:44:10,224 [ERROR]   FAILED [validate_freshness] exit code 1 (0.0s)
2026-04-07 09:44:10,224 [ERROR]     |   ⊘ OPTIONAL footywire_drafts_history.csv  (stale — 11.8h ago)
2026-04-07 09:44:10,224 [ERROR]     |   ✓ FRESH    footywire_2026_with_traits.csv  (09:41)
2026-04-07 09:44:10,224 [ERROR]     |   ✓ FRESH    traits_2026.csv  (09:41)
2026-04-07 09:44:10,224 [ERROR]     | 
2026-04-07 09:44:10,224 [ERROR]     | ⚠️  Some required files are missing or stale.
2026-04-07 09:44:10,224 [INFO] START [validate_schemas] Validate CSV output schemas (columns, row counts, data quality)
2026-04-07 09:44:10,239 [INFO]   DONE [validate_schemas] 0 warning(s) in 0.0s
2026-04-07 09:44:10,239 [INFO] START [data_diff_check] Compare pipeline outputs against backups and alert on anomalies
2026-04-07 09:44:10,249 [INFO]   DONE [data_diff_check] no anomalies in 0.0s
2026-04-07 09:44:10,249 [INFO] 
2026-04-07 09:44:10,249 [INFO] ============================================================
2026-04-07 09:44:10,249 [INFO] UPDATE SUMMARY
2026-04-07 09:44:10,249 [INFO] ============================================================
2026-04-07 09:44:10,249 [INFO]   ✓ footywire_squads: OK
2026-04-07 09:44:10,249 [INFO]   ✓ footywire_extended: OK
2026-04-07 09:44:10,249 [INFO]   ✓ afl_ladders: OK
2026-04-07 09:44:10,249 [INFO]   ✓ wheelo_ratings: OK
2026-04-07 09:44:10,249 [INFO]   ✗ wheelo_match_stats: FAILED: Exit code 1
2026-04-07 09:44:10,249 [INFO]   ✓ traits_api: OK
2026-04-07 09:44:10,249 [INFO]   ✓ wheelo_to_raw: OK
2026-04-07 09:44:10,249 [INFO]   ✓ build_season: OK
2026-04-07 09:44:10,249 [INFO]   ✓ wheelo_player_to_raw: OK
2026-04-07 09:44:10,249 [INFO]   ✗ regenerate_ratings: FAILED: Exit code 1
2026-04-07 09:44:10,249 [INFO]   ⊘ refresh_master_ladders: SKIPPED: Skipped: prerequisite(s) failed (regenerate_ratings)
2026-04-07 09:44:10,249 [INFO]   ✓ update_photos: OK
2026-04-07 09:44:10,249 [INFO]   ✗ validate_freshness: FAILED: Exit code 1
2026-04-07 09:44:10,249 [INFO]   ✓ validate_schemas: OK
2026-04-07 09:44:10,249 [INFO]   ✓ data_diff_check: OK
2026-04-07 09:44:10,249 [INFO] 
2026-04-07 09:44:10,249 [INFO] Results: 11 passed, 3 failed, 1 skipped
2026-04-07 09:44:10,249 [INFO] Total time: 95649s (1594.1 min)
2026-04-07 09:44:10,249 [INFO] Log: /Users/marcuswagner/coding/AFL_dashboard/logs/scheduled_update_2026-04-06_0710.log
2026-04-07 09:44:10,249 [WARNING] 
⚠️  3 step(s) failed. Check log for details.
2026-04-07 09:44:15,139 [INFO] Email sent to marcus.wagner@futureedgesport.com.au
==========================================
AFL Dashboard – Scheduled Update
Wed Apr  8 07:00:05 AEST 2026
==========================================
Using conda env: afl
2026-04-08 07:00:07,181 [INFO] Log file: /Users/marcuswagner/coding/AFL_dashboard/logs/scheduled_update_2026-04-08_0700.log
2026-04-08 07:00:07,181 [INFO] ============================================================
2026-04-08 07:00:07,181 [INFO] AFL Dashboard – Scheduled Data Update
2026-04-08 07:00:07,181 [INFO] Date: Wednesday 08 April 2026 07:00
2026-04-08 07:00:07,181 [INFO] Mode: FULL
2026-04-08 07:00:07,181 [INFO] ============================================================
2026-04-08 07:00:07,181 [INFO] Python: /opt/homebrew/Caskroom/miniconda/base/envs/afl/bin/python
2026-04-08 07:00:07,181 [INFO] 
Steps to run (2):
2026-04-08 07:00:07,181 [INFO]   • wheelo_ratings: Scrape Wheelo team & player ratings (Selenium) [SLOW]
2026-04-08 07:00:07,181 [INFO]   • wheelo_match_stats: Scrape Wheelo match-by-match player ratings + Brownlow predictions (Selenium) [SLOW]
2026-04-08 07:00:07,181 [INFO] 
2026-04-08 07:00:07,182 [INFO] START [wheelo_ratings] Scrape Wheelo team & player ratings (Selenium)
2026-04-08 07:00:07,182 [INFO]   Running: /opt/homebrew/Caskroom/miniconda/base/envs/afl/bin/python /Users/marcuswagner/coding/AFL_dashboard/scrape_wheelo_ratings.py --all
2026-04-08 07:01:01,696 [INFO]   DONE [wheelo_ratings] in 54.5s
2026-04-08 07:01:01,696 [INFO]     | 📊 Team Stats downloaded: 3 files
2026-04-08 07:01:01,696 [INFO]     | 📊 Player Stats downloaded: 3 files
2026-04-08 07:01:01,696 [INFO]     | 📊 Squad Lists downloaded: 1 file
2026-04-08 07:01:01,696 [INFO]     | 
2026-04-08 07:01:01,696 [INFO]     | 📁 CSV files saved in: /Users/marcuswagner/coding/AFL_dashboard/wheelo_downloads
2026-04-08 07:01:01,696 [INFO] START [wheelo_match_stats] Scrape Wheelo match-by-match player ratings + Brownlow predictions (Selenium)
2026-04-08 07:01:01,696 [INFO]   Running: /opt/homebrew/Caskroom/miniconda/base/envs/afl/bin/python /Users/marcuswagner/coding/AFL_dashboard/scrape_wheelo_match_stats.py --brownlow
2026-04-08 07:01:54,004 [INFO]   DONE [wheelo_match_stats] in 52.3s
2026-04-08 07:01:54,005 [INFO]     | ============================================================
2026-04-08 07:01:54,005 [INFO]     | 🔧 Chrome driver attempt 1/3…
2026-04-08 07:01:54,005 [INFO]     | ✅ Chrome driver ready
2026-04-08 07:01:54,005 [INFO]     | 
2026-04-08 07:01:54,005 [INFO]     | 💾 Saved 1656 rows → /Users/marcuswagner/coding/AFL_dashboard/data/raw/player/brownlow_predictions_2026.csv
2026-04-08 07:01:54,005 [INFO] 
2026-04-08 07:01:54,005 [INFO] ============================================================
2026-04-08 07:01:54,005 [INFO] UPDATE SUMMARY
2026-04-08 07:01:54,005 [INFO] ============================================================
2026-04-08 07:01:54,005 [INFO]   ✓ wheelo_ratings: OK
2026-04-08 07:01:54,005 [INFO]   ✓ wheelo_match_stats: OK
2026-04-08 07:01:54,005 [INFO] 
2026-04-08 07:01:54,005 [INFO] Results: 2 passed, 0 failed, 0 skipped
2026-04-08 07:01:54,005 [INFO] Total time: 107s (1.8 min)
2026-04-08 07:01:54,005 [INFO] Log: /Users/marcuswagner/coding/AFL_dashboard/logs/scheduled_update_2026-04-08_0700.log
2026-04-08 07:01:54,009 [INFO] Log rotation: removed 1 old log file(s)
2026-04-08 07:01:54,023 [INFO] Stopped Streamlit (PIDs: 69418)
2026-04-08 07:01:56,177 [INFO] Restarted Streamlit app.
2026-04-08 07:01:56,178 [INFO] 
✅ All steps completed successfully!
2026-04-08 07:02:02,110 [INFO] Email sent to marcus.wagner@futureedgesport.com.au
==========================================
AFL Dashboard – Scheduled Update
Thu Apr  9 07:00:05 AEST 2026
==========================================
Using conda env: afl
2026-04-09 07:00:06,584 [INFO] Log file: /Users/marcuswagner/coding/AFL_dashboard/logs/scheduled_update_2026-04-09_0700.log
2026-04-09 07:00:06,584 [INFO] ============================================================
2026-04-09 07:00:06,584 [INFO] AFL Dashboard – Scheduled Data Update
2026-04-09 07:00:06,584 [INFO] Date: Thursday 09 April 2026 07:00
2026-04-09 07:00:06,584 [INFO] Mode: FULL
2026-04-09 07:00:06,584 [INFO] ============================================================
2026-04-09 07:00:06,584 [INFO] Python: /opt/homebrew/Caskroom/miniconda/base/envs/afl/bin/python
2026-04-09 07:00:06,584 [INFO] 
Steps to run (2):
2026-04-09 07:00:06,584 [INFO]   • wheelo_ratings: Scrape Wheelo team & player ratings (Selenium) [SLOW]
2026-04-09 07:00:06,584 [INFO]   • wheelo_match_stats: Scrape Wheelo match-by-match player ratings + Brownlow predictions (Selenium) [SLOW]
2026-04-09 07:00:06,584 [INFO] 
2026-04-09 07:00:06,584 [INFO] START [wheelo_ratings] Scrape Wheelo team & player ratings (Selenium)
2026-04-09 07:00:06,585 [INFO]   Running: /opt/homebrew/Caskroom/miniconda/base/envs/afl/bin/python /Users/marcuswagner/coding/AFL_dashboard/scrape_wheelo_ratings.py --all
2026-04-09 07:00:57,941 [INFO]   DONE [wheelo_ratings] in 51.4s
2026-04-09 07:00:57,941 [INFO]     | 📊 Team Stats downloaded: 3 files
2026-04-09 07:00:57,941 [INFO]     | 📊 Player Stats downloaded: 3 files
2026-04-09 07:00:57,941 [INFO]     | 📊 Squad Lists downloaded: 1 file
2026-04-09 07:00:57,941 [INFO]     | 
2026-04-09 07:00:57,941 [INFO]     | 📁 CSV files saved in: /Users/marcuswagner/coding/AFL_dashboard/wheelo_downloads
2026-04-09 07:00:57,941 [INFO] START [wheelo_match_stats] Scrape Wheelo match-by-match player ratings + Brownlow predictions (Selenium)
2026-04-09 07:00:57,941 [INFO]   Running: /opt/homebrew/Caskroom/miniconda/base/envs/afl/bin/python /Users/marcuswagner/coding/AFL_dashboard/scrape_wheelo_match_stats.py --brownlow
2026-04-09 07:01:52,291 [INFO]   DONE [wheelo_match_stats] in 54.3s
2026-04-09 07:01:52,292 [INFO]     | ============================================================
2026-04-09 07:01:52,292 [INFO]     | 🔧 Chrome driver attempt 1/3…
2026-04-09 07:01:52,292 [INFO]     | ✅ Chrome driver ready
2026-04-09 07:01:52,292 [INFO]     | 
2026-04-09 07:01:52,292 [INFO]     | 💾 Saved 1656 rows → /Users/marcuswagner/coding/AFL_dashboard/data/raw/player/brownlow_predictions_2026.csv
2026-04-09 07:01:52,292 [INFO] 
2026-04-09 07:01:52,292 [INFO] ============================================================
2026-04-09 07:01:52,292 [INFO] UPDATE SUMMARY
2026-04-09 07:01:52,292 [INFO] ============================================================
2026-04-09 07:01:52,292 [INFO]   ✓ wheelo_ratings: OK
2026-04-09 07:01:52,292 [INFO]   ✓ wheelo_match_stats: OK
2026-04-09 07:01:52,292 [INFO] 
2026-04-09 07:01:52,292 [INFO] Results: 2 passed, 0 failed, 0 skipped
2026-04-09 07:01:52,292 [INFO] Total time: 106s (1.8 min)
2026-04-09 07:01:52,292 [INFO] Log: /Users/marcuswagner/coding/AFL_dashboard/logs/scheduled_update_2026-04-09_0700.log
2026-04-09 07:01:52,304 [INFO] Log rotation: removed 1 old log file(s)
2026-04-09 07:01:52,320 [INFO] Stopped Streamlit (PIDs: 8374, 89410)
2026-04-09 07:01:54,427 [INFO] Restarted Streamlit app.
2026-04-09 07:01:54,427 [INFO] 
✅ All steps completed successfully!
2026-04-09 07:02:01,081 [INFO] Email sent to marcus.wagner@futureedgesport.com.au
==========================================
==========================================
AFL Dashboard – Scheduled Update
AFL Dashboard – Scheduled Update
Fri Apr 10 07:05:26 AEST 2026
==========================================
Fri Apr 10 07:05:26 AEST 2026
==========================================
Using conda env: afl
Using conda env: afl
2026-04-10 07:05:29,021 [INFO] Log file: /Users/marcuswagner/coding/AFL_dashboard/logs/scheduled_update_2026-04-10_0705.log
2026-04-10 07:05:29,021 [INFO] Log file: /Users/marcuswagner/coding/AFL_dashboard/logs/scheduled_update_2026-04-10_0705.log
2026-04-10 07:05:29,021 [INFO] ============================================================
2026-04-10 07:05:29,021 [INFO] ============================================================
2026-04-10 07:05:29,021 [INFO] AFL Dashboard – Scheduled Data Update
2026-04-10 07:05:29,021 [INFO] AFL Dashboard – Scheduled Data Update
2026-04-10 07:05:29,021 [INFO] Date: Friday 10 April 2026 07:05
2026-04-10 07:05:29,021 [INFO] Date: Friday 10 April 2026 07:05
2026-04-10 07:05:29,021 [INFO] Mode: FULL
2026-04-10 07:05:29,021 [INFO] Mode: FULL
2026-04-10 07:05:29,021 [INFO] ============================================================
2026-04-10 07:05:29,021 [INFO] ============================================================
2026-04-10 07:05:29,021 [INFO] Python: /opt/homebrew/Caskroom/miniconda/base/envs/afl/bin/python
2026-04-10 07:05:29,021 [INFO] Python: /opt/homebrew/Caskroom/miniconda/base/envs/afl/bin/python
2026-04-10 07:05:29,021 [INFO] 
Steps to run (2):
2026-04-10 07:05:29,021 [INFO] 
Steps to run (15):
2026-04-10 07:05:29,021 [INFO]   • wheelo_ratings: Scrape Wheelo team & player ratings (Selenium) [SLOW]
2026-04-10 07:05:29,021 [INFO]   • footywire_squads: Scrape player squads from Footywire
2026-04-10 07:05:29,021 [INFO]   • wheelo_match_stats: Scrape Wheelo match-by-match player ratings + Brownlow predictions (Selenium) [SLOW]
2026-04-10 07:05:29,021 [INFO]   • footywire_extended: Scrape contracts & draft history from Footywire
2026-04-10 07:05:29,021 [INFO] 
2026-04-10 07:05:29,021 [INFO]   • afl_ladders: Scrape AFL ladder standings from Footywire (current season)
2026-04-10 07:05:29,021 [INFO]   • wheelo_ratings: Scrape Wheelo team & player ratings (Selenium) [SLOW]
2026-04-10 07:05:29,021 [INFO] START [wheelo_ratings] Scrape Wheelo team & player ratings (Selenium)
2026-04-10 07:05:29,021 [INFO]   • wheelo_match_stats: Scrape Wheelo match-by-match player ratings + Brownlow predictions (Selenium) [SLOW]
2026-04-10 07:05:29,021 [INFO]   Running: /opt/homebrew/Caskroom/miniconda/base/envs/afl/bin/python /Users/marcuswagner/coding/AFL_dashboard/scrape_wheelo_ratings.py --all
2026-04-10 07:05:29,021 [INFO]   • traits_api: Fetch Traits API data for current-season players [SLOW]
2026-04-10 07:05:29,021 [INFO]   • wheelo_to_raw: Copy Wheelo team stats to raw data folder for ratings pipeline
2026-04-10 07:05:29,021 [INFO]   • build_season: Build season data files (squads, stats, traits CSVs)
2026-04-10 07:05:29,021 [INFO]   • wheelo_player_to_raw: Merge Wheelo player season data (matches, ratings) into raw player CSVs
2026-04-10 07:05:29,021 [INFO]   • regenerate_ratings: Regenerate computed team summaries and ladders
2026-04-10 07:05:29,021 [INFO]   • refresh_master_ladders: Update master workbook Team_Ladders_All with freshly-scraped ladder data
2026-04-10 07:05:29,021 [INFO]   • update_photos: Download photos for any new/missing players [SLOW]
2026-04-10 07:05:29,021 [INFO]   • validate_freshness: Validate pipeline output files are present and fresh
2026-04-10 07:05:29,021 [INFO]   • validate_schemas: Validate CSV output schemas (columns, row counts, data quality)
2026-04-10 07:05:29,021 [INFO]   • data_diff_check: Compare pipeline outputs against backups and alert on anomalies
2026-04-10 07:05:29,021 [INFO] 
2026-04-10 07:05:29,021 [INFO] START [footywire_squads] Scrape player squads from Footywire
2026-04-10 07:05:29,022 [INFO]   Running: /opt/homebrew/Caskroom/miniconda/base/envs/afl/bin/python /Users/marcuswagner/coding/AFL_dashboard/scrape_footywire.py 
2026-04-10 07:06:00,758 [INFO]   DONE [footywire_squads] in 31.7s
2026-04-10 07:06:00,759 [INFO]     | DefenderRuck          1
2026-04-10 07:06:00,759 [INFO]     | Name: count, dtype: int64
2026-04-10 07:06:00,759 [INFO]     | 
2026-04-10 07:06:00,759 [INFO]     | 
2026-04-10 07:06:00,759 [INFO]     | Updated DOB cache: 0 new entries
2026-04-10 07:06:00,759 [INFO] START [footywire_extended] Scrape contracts & draft history from Footywire
2026-04-10 07:06:00,759 [INFO]   Running: /opt/homebrew/Caskroom/miniconda/base/envs/afl/bin/python /Users/marcuswagner/coding/AFL_dashboard/scrape_footywire_extended.py --current-only
2026-04-10 07:06:24,971 [INFO]   DONE [wheelo_ratings] in 55.9s
2026-04-10 07:06:24,971 [INFO]     | 📊 Team Stats downloaded: 3 files
2026-04-10 07:06:24,971 [INFO]     | 📊 Player Stats downloaded: 3 files
2026-04-10 07:06:24,971 [INFO]     | 📊 Squad Lists downloaded: 1 file
2026-04-10 07:06:24,971 [INFO]     | 
2026-04-10 07:06:24,971 [INFO]     | 📁 CSV files saved in: /Users/marcuswagner/coding/AFL_dashboard/wheelo_downloads
2026-04-10 07:06:24,971 [INFO] START [wheelo_match_stats] Scrape Wheelo match-by-match player ratings + Brownlow predictions (Selenium)
2026-04-10 07:06:24,971 [INFO]   Running: /opt/homebrew/Caskroom/miniconda/base/envs/afl/bin/python /Users/marcuswagner/coding/AFL_dashboard/scrape_wheelo_match_stats.py --brownlow
2026-04-10 07:07:27,271 [INFO]   DONE [wheelo_match_stats] in 62.3s
2026-04-10 07:07:27,272 [INFO]     | ============================================================
2026-04-10 07:07:27,272 [INFO]     | 🔧 Chrome driver attempt 1/3…
2026-04-10 07:07:27,272 [INFO]     | ✅ Chrome driver ready
2026-04-10 07:07:27,272 [INFO]     | 
2026-04-10 07:07:27,272 [INFO]     | 💾 Saved 1656 rows → /Users/marcuswagner/coding/AFL_dashboard/data/raw/player/brownlow_predictions_2026.csv
2026-04-10 07:07:27,272 [INFO] 
2026-04-10 07:07:27,272 [INFO] ============================================================
2026-04-10 07:07:27,272 [INFO] UPDATE SUMMARY
2026-04-10 07:07:27,272 [INFO] ============================================================
2026-04-10 07:07:27,272 [INFO]   ✓ wheelo_ratings: OK
2026-04-10 07:07:27,272 [INFO]   ✓ wheelo_match_stats: OK
2026-04-10 07:07:27,272 [INFO] 
2026-04-10 07:07:27,272 [INFO] Results: 2 passed, 0 failed, 0 skipped
2026-04-10 07:07:27,272 [INFO] Total time: 118s (2.0 min)
2026-04-10 07:07:27,272 [INFO] Log: /Users/marcuswagner/coding/AFL_dashboard/logs/scheduled_update_2026-04-10_0705.log
2026-04-10 07:07:27,273 [INFO] Log rotation: removed 1 old log file(s)
2026-04-10 07:07:27,284 [INFO] Stopped Streamlit (PIDs: 32838, 36075)
2026-04-10 07:07:29,437 [INFO] Restarted Streamlit app.
2026-04-10 07:07:29,437 [INFO] 
✅ All steps completed successfully!
2026-04-10 07:07:34,871 [INFO] Email sent to marcus.wagner@futureedgesport.com.au
2026-04-10 07:15:49,546 [INFO]   DONE [footywire_extended] in 588.8s
2026-04-10 07:15:49,546 [INFO]     | 5  Adelaide    Brayden Cook           2026.0           Non-Free Agent      2020.0    National          1.0        25.0
2026-04-10 07:15:49,546 [INFO]     | 6  Adelaide     Indy Cotton           2027.0                  Unknown         NaN        None          NaN         NaN
2026-04-10 07:15:49,546 [INFO]     | 7  Adelaide   Isaac Cumming           2030.0           Non-Free Agent      2016.0    National          1.0        20.0
2026-04-10 07:15:49,547 [INFO]     | 8  Adelaide   Daniel Curtin           2029.0           Non-Free Agent      2023.0    National          1.0         8.0
2026-04-10 07:15:49,547 [INFO]     | 9  Adelaide   Jordan Dawson           2029.0    Restricted Free Agent      2015.0    National          4.0        56.0
2026-04-10 07:15:49,547 [INFO] START [afl_ladders] Scrape AFL ladder standings from Footywire (current season)
2026-04-10 07:15:49,547 [INFO]   Running: /opt/homebrew/Caskroom/miniconda/base/envs/afl/bin/python /Users/marcuswagner/coding/AFL_dashboard/scrape_afl_ladders.py --current-only
2026-04-10 07:15:51,491 [INFO]   DONE [afl_ladders] in 1.9s
2026-04-10 07:15:51,491 [INFO]     |   2026: 18 teams
2026-04-10 07:15:51,491 [INFO]     | 
2026-04-10 07:15:51,491 [INFO]     | ============================================================
2026-04-10 07:15:51,491 [INFO]     | Completed: 2026-04-10 07:15:51
2026-04-10 07:15:51,491 [INFO]     | ============================================================
2026-04-10 07:15:51,491 [INFO] START [wheelo_ratings] Scrape Wheelo team & player ratings (Selenium)
2026-04-10 07:15:51,491 [INFO]   Running: /opt/homebrew/Caskroom/miniconda/base/envs/afl/bin/python /Users/marcuswagner/coding/AFL_dashboard/scrape_wheelo_ratings.py --all
2026-04-10 07:16:44,611 [INFO]   DONE [wheelo_ratings] in 53.1s
2026-04-10 07:16:44,612 [INFO]     | 📊 Team Stats downloaded: 3 files
2026-04-10 07:16:44,612 [INFO]     | 📊 Player Stats downloaded: 3 files
2026-04-10 07:16:44,612 [INFO]     | 📊 Squad Lists downloaded: 1 file
2026-04-10 07:16:44,612 [INFO]     | 
2026-04-10 07:16:44,612 [INFO]     | 📁 CSV files saved in: /Users/marcuswagner/coding/AFL_dashboard/wheelo_downloads
2026-04-10 07:16:44,612 [INFO] START [wheelo_match_stats] Scrape Wheelo match-by-match player ratings + Brownlow predictions (Selenium)
2026-04-10 07:16:44,612 [INFO]   Running: /opt/homebrew/Caskroom/miniconda/base/envs/afl/bin/python /Users/marcuswagner/coding/AFL_dashboard/scrape_wheelo_match_stats.py --brownlow
2026-04-10 07:17:47,108 [INFO]   DONE [wheelo_match_stats] in 62.5s
2026-04-10 07:17:47,108 [INFO]     | ============================================================
2026-04-10 07:17:47,109 [INFO]     | 🔧 Chrome driver attempt 1/3…
2026-04-10 07:17:47,109 [INFO]     | ✅ Chrome driver ready
2026-04-10 07:17:47,109 [INFO]     | 
2026-04-10 07:17:47,109 [INFO]     | 💾 Saved 1656 rows → /Users/marcuswagner/coding/AFL_dashboard/data/raw/player/brownlow_predictions_2026.csv
2026-04-10 07:17:47,109 [INFO] START [traits_api] Fetch Traits API data for current-season players
2026-04-10 07:17:47,109 [INFO]   Running: /opt/homebrew/Caskroom/miniconda/base/envs/afl/bin/python /Users/marcuswagner/coding/AFL_dashboard/run_traits_api.py 
2026-04-10 07:36:00,948 [INFO]   DONE [traits_api] in 1093.8s
2026-04-10 07:36:00,948 [INFO]     |  Callum Wilkie    St Kilda            3.43               None           None
2026-04-10 07:36:00,948 [INFO]     |   Errol Gulden      Sydney            3.38               None           None
2026-04-10 07:36:00,948 [INFO]     | Harris Andrews    Brisbane            3.36               None           None
2026-04-10 07:36:00,948 [INFO]     |   James Sicily    Hawthorn            3.36               None           None
2026-04-10 07:36:00,948 [INFO]     |  Milan Murdock  West Coast            3.34               None           None
2026-04-10 07:36:00,948 [INFO] START [wheelo_to_raw] Copy Wheelo team stats to raw data folder for ratings pipeline
2026-04-10 07:36:01,364 [INFO]   Backed up team_stats_2026.csv → backups/team_stats_2026_20260410_073601.csv
2026-04-10 07:36:01,366 [INFO]   Copied Wheelo 2026 Season -> team_stats_2026.csv (18 teams)
2026-04-10 07:36:01,382 [INFO]   Backed up team_stats_2026_L10.csv → backups/team_stats_2026_L10_20260410_073601.csv
2026-04-10 07:36:01,384 [INFO]   Copied Wheelo 2026 L10 -> team_stats_2026_L10.csv (18 teams)
2026-04-10 07:36:01,405 [INFO]   Backed up team_stats_2026_L5.csv → backups/team_stats_2026_L5_20260410_073601.csv
2026-04-10 07:36:01,407 [INFO]   Copied Wheelo 2026 L5 -> team_stats_2026_L5.csv (18 teams)
2026-04-10 07:36:01,407 [INFO]   DONE [wheelo_to_raw] in 0.5s
2026-04-10 07:36:01,407 [INFO] START [build_season] Build season data files (squads, stats, traits CSVs)
2026-04-10 07:36:01,407 [INFO]   Running: /opt/homebrew/Caskroom/miniconda/base/envs/afl/bin/python /Users/marcuswagner/coding/AFL_dashboard/build_season_data.py 
2026-04-10 07:36:01,687 [INFO]   DONE [build_season] in 0.3s
2026-04-10 07:36:01,687 [INFO]     |   Western Bulldogs      43 players  Avg Age: 24.4  Avg Games: 74
2026-04-10 07:36:01,687 [INFO]     | 
2026-04-10 07:36:01,687 [INFO]     | ============================================================
2026-04-10 07:36:01,687 [INFO]     | ✅ 2026 DATA BUILD COMPLETE
2026-04-10 07:36:01,687 [INFO]     | ============================================================
2026-04-10 07:36:01,687 [INFO] START [wheelo_player_to_raw] Merge Wheelo player season data (matches, ratings) into raw player CSVs
2026-04-10 07:36:01,826 [INFO]   Wheelo Wheelo 2026 Season: 509 players, 18 teams
2026-04-10 07:36:01,843 [INFO]   Name mappings (38): {'Lachie Jones': 'Lachlan Jones', 'Sam Collins': 'Samuel Collins', 'Christopher Scerri': 'Chris Scerri', 'Jacob van Rooyen': 'Jacob Van Rooyen', 'Leonardo Lombard': 'Leo Lombard', 'Harry Himmelberg': 'Harrison Himmelberg', 'Tom Stewart': 'Thomas Stewart', 'Thomas Edwards': 'Tom Edwards', 'Josh Weddle': 'Joshua Weddle', 'Joe Fonti': 'Joseph Fonti', 'Matt Flynn': 'Matthew Flynn', 'Cam Mackenzie': 'Cameron Mackenzie', 'Tim English': 'Timothy English', 'Ollie Wines': 'Oliver Wines', 'Matt Roberts': 'Matthew Roberts', 'Mitch Lewis': 'Mitchell Lewis', 'Zac Williams': 'Zachary Williams', 'Lachie Fogarty': 'Lachlan Fogarty', 'Lachie Ash': 'Lachlan Ash', 'Oliver Dempsey': 'Ollie Dempsey', 'William Hayes': 'Will Hayes', 'Lachie Weller': 'Lachlan Weller', 'Connor Macdonald': 'Connor MacDonald', 'Zach Merrett': 'Zachary Merrett', 'Matthew Carroll': 'Matt Carroll', 'Tom Liberatore': 'Thomas Liberatore', 'Matthew Owies': 'Matt Owies', 'Dan Butler': 'Daniel Butler', 'Brad Close': 'Bradley Close', 'Archer May': 'Archie May', 'Mitch Owens': 'Mitchito Owens', 'Sam Grlj': 'Samuel Grlj', 'Lachie Schultz': 'Lachlan Schultz', 'Mitch Knevitt': 'Mitchell Knevitt', 'Jack Macrae': 'Jackson Macrae', 'Lachlan Sullivan': 'Lachie Sullivan', 'Matthew Johnson': 'Matt Johnson', 'Cam Rayner': 'Cameron Rayner'}
2026-04-10 07:36:01,851 [INFO]   Backed up player_stats_2026.csv → backups/player_stats_2026_20260410_073601.csv
2026-04-10 07:36:01,853 [INFO]   Updated player_stats_2026.csv: 509 players with matches from Wheelo
2026-04-10 07:36:01,870 [INFO]   Backed up squads_2026.csv → backups/squads_2026_20260410_073601.csv
2026-04-10 07:36:01,873 [INFO]   Updated squads_2026.csv: 509 players matched from Wheelo
2026-04-10 07:36:01,873 [INFO]   DONE [wheelo_player_to_raw] in 0.2s
2026-04-10 07:36:01,873 [INFO] START [regenerate_ratings] Regenerate computed team summaries and ladders
2026-04-10 07:36:01,873 [INFO]   Running: /opt/homebrew/Caskroom/miniconda/base/envs/afl/bin/python /Users/marcuswagner/coding/AFL_dashboard/regenerate_ratings.py 
2026-04-10 07:36:02,145 [INFO]   DONE [regenerate_ratings] in 0.3s
2026-04-10 07:36:02,145 [INFO]     | Skipping 2025 Last 5 - no raw data
2026-04-10 07:36:02,145 [INFO]     | 
2026-04-10 07:36:02,145 [INFO]     | ============================================================
2026-04-10 07:36:02,145 [INFO]     | DONE!
2026-04-10 07:36:02,145 [INFO]     | ============================================================
2026-04-10 07:36:02,145 [INFO] START [refresh_master_ladders] Update master workbook Team_Ladders_All with freshly-scraped ladder data
2026-04-10 07:36:14,575 [INFO]   Refreshed Team_Ladders_All: 287 rows
2026-04-10 07:36:14,578 [INFO]   DONE [refresh_master_ladders] in 12.4s
2026-04-10 07:36:14,578 [INFO] START [update_photos] Download photos for any new/missing players
2026-04-10 07:36:14,579 [INFO]   Running: /opt/homebrew/Caskroom/miniconda/base/envs/afl/bin/python /Users/marcuswagner/coding/AFL_dashboard/auto_update_photos.py 
2026-04-10 07:38:59,337 [INFO]   DONE [update_photos] in 164.8s
2026-04-10 07:38:59,338 [INFO]     | 
2026-04-10 07:38:59,340 [INFO] START [validate_freshness] Validate pipeline output files are present and fresh
2026-04-10 07:38:59,340 [INFO]   Running: /opt/homebrew/Caskroom/miniconda/base/envs/afl/bin/python /Users/marcuswagner/coding/AFL_dashboard/validate_pipeline_freshness.py 
2026-04-10 07:38:59,380 [INFO]   DONE [validate_freshness] in 0.0s
2026-04-10 07:38:59,380 [INFO]     |   ✓ FRESH    footywire_drafts_history.csv  (07:15)
2026-04-10 07:38:59,380 [INFO]     |   ✓ FRESH    footywire_2026_with_traits.csv  (07:36)
2026-04-10 07:38:59,380 [INFO]     |   ✓ FRESH    traits_2026.csv  (07:36)
2026-04-10 07:38:59,380 [INFO]     | 
2026-04-10 07:38:59,380 [INFO]     | ✅ All required files are present and fresh.
2026-04-10 07:38:59,381 [INFO] START [validate_schemas] Validate CSV output schemas (columns, row counts, data quality)
2026-04-10 07:38:59,393 [INFO]   DONE [validate_schemas] 0 warning(s) in 0.0s
2026-04-10 07:38:59,393 [INFO] START [data_diff_check] Compare pipeline outputs against backups and alert on anomalies
2026-04-10 07:38:59,403 [INFO]   DONE [data_diff_check] no anomalies in 0.0s
2026-04-10 07:38:59,403 [INFO] 
2026-04-10 07:38:59,403 [INFO] ============================================================
2026-04-10 07:38:59,403 [INFO] UPDATE SUMMARY
2026-04-10 07:38:59,403 [INFO] ============================================================
2026-04-10 07:38:59,403 [INFO]   ✓ footywire_squads: OK
2026-04-10 07:38:59,403 [INFO]   ✓ footywire_extended: OK
2026-04-10 07:38:59,403 [INFO]   ✓ afl_ladders: OK
2026-04-10 07:38:59,403 [INFO]   ✓ wheelo_ratings: OK
2026-04-10 07:38:59,403 [INFO]   ✓ wheelo_match_stats: OK
2026-04-10 07:38:59,403 [INFO]   ✓ traits_api: OK
2026-04-10 07:38:59,403 [INFO]   ✓ wheelo_to_raw: OK
2026-04-10 07:38:59,403 [INFO]   ✓ build_season: OK
2026-04-10 07:38:59,403 [INFO]   ✓ wheelo_player_to_raw: OK
2026-04-10 07:38:59,403 [INFO]   ✓ regenerate_ratings: OK
2026-04-10 07:38:59,403 [INFO]   ✓ refresh_master_ladders: OK
2026-04-10 07:38:59,403 [INFO]   ✓ update_photos: OK
2026-04-10 07:38:59,403 [INFO]   ✓ validate_freshness: OK
2026-04-10 07:38:59,403 [INFO]   ✓ validate_schemas: OK
2026-04-10 07:38:59,403 [INFO]   ✓ data_diff_check: OK
2026-04-10 07:38:59,403 [INFO] 
2026-04-10 07:38:59,403 [INFO] Results: 15 passed, 0 failed, 0 skipped
2026-04-10 07:38:59,403 [INFO] Total time: 2010s (33.5 min)
2026-04-10 07:38:59,403 [INFO] Log: /Users/marcuswagner/coding/AFL_dashboard/logs/scheduled_update_2026-04-10_0705.log
2026-04-10 07:38:59,417 [INFO] Stopped Streamlit (PIDs: 7035)
2026-04-10 07:39:01,583 [INFO] Restarted Streamlit app.
2026-04-10 07:39:01,584 [INFO] 
✅ All steps completed successfully!
2026-04-10 07:39:06,252 [INFO] Email sent to marcus.wagner@futureedgesport.com.au
==========================================
AFL Dashboard – Scheduled Update
Sat Apr 11 07:00:04 AEST 2026
==========================================
Using conda env: afl
2026-04-11 07:00:05,222 [INFO] Log file: /Users/marcuswagner/coding/AFL_dashboard/logs/scheduled_update_2026-04-11_0700.log
2026-04-11 07:00:05,222 [INFO] ============================================================
2026-04-11 07:00:05,222 [INFO] AFL Dashboard – Scheduled Data Update
2026-04-11 07:00:05,222 [INFO] Date: Saturday 11 April 2026 07:00
2026-04-11 07:00:05,222 [INFO] Mode: FULL
2026-04-11 07:00:05,222 [INFO] ============================================================
2026-04-11 07:00:05,222 [INFO] Python: /opt/homebrew/Caskroom/miniconda/base/envs/afl/bin/python
2026-04-11 07:00:05,222 [INFO] 
Steps to run (2):
2026-04-11 07:00:05,222 [INFO]   • wheelo_ratings: Scrape Wheelo team & player ratings (Selenium) [SLOW]
2026-04-11 07:00:05,222 [INFO]   • wheelo_match_stats: Scrape Wheelo match-by-match player ratings + Brownlow predictions (Selenium) [SLOW]
2026-04-11 07:00:05,222 [INFO] 
2026-04-11 07:00:05,222 [INFO] START [wheelo_ratings] Scrape Wheelo team & player ratings (Selenium)
2026-04-11 07:00:05,222 [INFO]   Running: /opt/homebrew/Caskroom/miniconda/base/envs/afl/bin/python /Users/marcuswagner/coding/AFL_dashboard/scrape_wheelo_ratings.py --all
2026-04-11 07:00:56,518 [INFO]   DONE [wheelo_ratings] in 51.3s
2026-04-11 07:00:56,518 [INFO]     | 📊 Team Stats downloaded: 3 files
2026-04-11 07:00:56,518 [INFO]     | 📊 Player Stats downloaded: 3 files
2026-04-11 07:00:56,518 [INFO]     | 📊 Squad Lists downloaded: 1 file
2026-04-11 07:00:56,518 [INFO]     | 
2026-04-11 07:00:56,518 [INFO]     | 📁 CSV files saved in: /Users/marcuswagner/coding/AFL_dashboard/wheelo_downloads
2026-04-11 07:00:56,518 [INFO] START [wheelo_match_stats] Scrape Wheelo match-by-match player ratings + Brownlow predictions (Selenium)
2026-04-11 07:00:56,518 [INFO]   Running: /opt/homebrew/Caskroom/miniconda/base/envs/afl/bin/python /Users/marcuswagner/coding/AFL_dashboard/scrape_wheelo_match_stats.py --brownlow
2026-04-11 07:01:55,146 [INFO]   DONE [wheelo_match_stats] in 58.6s
2026-04-11 07:01:55,147 [INFO]     | ============================================================
2026-04-11 07:01:55,147 [INFO]     | 🔧 Chrome driver attempt 1/3…
2026-04-11 07:01:55,147 [INFO]     | ✅ Chrome driver ready
2026-04-11 07:01:55,147 [INFO]     | 
2026-04-11 07:01:55,147 [INFO]     | 💾 Saved 1656 rows → /Users/marcuswagner/coding/AFL_dashboard/data/raw/player/brownlow_predictions_2026.csv
2026-04-11 07:01:55,147 [INFO] 
2026-04-11 07:01:55,147 [INFO] ============================================================
2026-04-11 07:01:55,147 [INFO] UPDATE SUMMARY
2026-04-11 07:01:55,147 [INFO] ============================================================
2026-04-11 07:01:55,147 [INFO]   ✓ wheelo_ratings: OK
2026-04-11 07:01:55,147 [INFO]   ✓ wheelo_match_stats: OK
2026-04-11 07:01:55,147 [INFO] 
2026-04-11 07:01:55,147 [INFO] Results: 2 passed, 0 failed, 0 skipped
2026-04-11 07:01:55,147 [INFO] Total time: 110s (1.8 min)
2026-04-11 07:01:55,147 [INFO] Log: /Users/marcuswagner/coding/AFL_dashboard/logs/scheduled_update_2026-04-11_0700.log
2026-04-11 07:01:55,150 [INFO] Log rotation: removed 1 old log file(s)
2026-04-11 07:01:55,165 [INFO] Stopped Streamlit (PIDs: 7434)
2026-04-11 07:01:57,322 [INFO] Restarted Streamlit app.
2026-04-11 07:01:57,323 [INFO] 
✅ All steps completed successfully!
2026-04-11 07:02:02,971 [INFO] Email sent to marcus.wagner@futureedgesport.com.au
==========================================
AFL Dashboard – Scheduled Update
Sun Apr 12 07:00:05 AEST 2026
==========================================
Using conda env: afl
2026-04-12 07:00:06,992 [INFO] Log file: /Users/marcuswagner/coding/AFL_dashboard/logs/scheduled_update_2026-04-12_0700.log
2026-04-12 07:00:06,992 [INFO] ============================================================
2026-04-12 07:00:06,992 [INFO] AFL Dashboard – Scheduled Data Update
2026-04-12 07:00:06,992 [INFO] Date: Sunday 12 April 2026 07:00
2026-04-12 07:00:06,992 [INFO] Mode: FULL
2026-04-12 07:00:06,992 [INFO] ============================================================
2026-04-12 07:00:06,992 [INFO] Python: /opt/homebrew/Caskroom/miniconda/base/envs/afl/bin/python
2026-04-12 07:00:06,992 [INFO] 
Steps to run (2):
2026-04-12 07:00:06,992 [INFO]   • wheelo_ratings: Scrape Wheelo team & player ratings (Selenium) [SLOW]
2026-04-12 07:00:06,992 [INFO]   • wheelo_match_stats: Scrape Wheelo match-by-match player ratings + Brownlow predictions (Selenium) [SLOW]
2026-04-12 07:00:06,992 [INFO] 
2026-04-12 07:00:06,992 [INFO] START [wheelo_ratings] Scrape Wheelo team & player ratings (Selenium)
2026-04-12 07:00:06,992 [INFO]   Running: /opt/homebrew/Caskroom/miniconda/base/envs/afl/bin/python /Users/marcuswagner/coding/AFL_dashboard/scrape_wheelo_ratings.py --all
2026-04-12 07:00:56,951 [INFO]   DONE [wheelo_ratings] in 50.0s
2026-04-12 07:00:56,951 [INFO]     | 📊 Team Stats downloaded: 3 files
2026-04-12 07:00:56,951 [INFO]     | 📊 Player Stats downloaded: 3 files
2026-04-12 07:00:56,951 [INFO]     | 📊 Squad Lists downloaded: 1 file
2026-04-12 07:00:56,951 [INFO]     | 
2026-04-12 07:00:56,951 [INFO]     | 📁 CSV files saved in: /Users/marcuswagner/coding/AFL_dashboard/wheelo_downloads
2026-04-12 07:00:56,951 [INFO] START [wheelo_match_stats] Scrape Wheelo match-by-match player ratings + Brownlow predictions (Selenium)
2026-04-12 07:00:56,951 [INFO]   Running: /opt/homebrew/Caskroom/miniconda/base/envs/afl/bin/python /Users/marcuswagner/coding/AFL_dashboard/scrape_wheelo_match_stats.py --brownlow
2026-04-12 07:01:55,298 [INFO]   DONE [wheelo_match_stats] in 58.3s
2026-04-12 07:01:55,299 [INFO]     | ============================================================
2026-04-12 07:01:55,299 [INFO]     | 🔧 Chrome driver attempt 1/3…
2026-04-12 07:01:55,299 [INFO]     | ✅ Chrome driver ready
2026-04-12 07:01:55,299 [INFO]     | 
2026-04-12 07:01:55,299 [INFO]     | 💾 Saved 1656 rows → /Users/marcuswagner/coding/AFL_dashboard/data/raw/player/brownlow_predictions_2026.csv
2026-04-12 07:01:55,299 [INFO] 
2026-04-12 07:01:55,299 [INFO] ============================================================
2026-04-12 07:01:55,299 [INFO] UPDATE SUMMARY
2026-04-12 07:01:55,299 [INFO] ============================================================
2026-04-12 07:01:55,299 [INFO]   ✓ wheelo_ratings: OK
2026-04-12 07:01:55,299 [INFO]   ✓ wheelo_match_stats: OK
2026-04-12 07:01:55,299 [INFO] 
2026-04-12 07:01:55,299 [INFO] Results: 2 passed, 0 failed, 0 skipped
2026-04-12 07:01:55,299 [INFO] Total time: 108s (1.8 min)
2026-04-12 07:01:55,299 [INFO] Log: /Users/marcuswagner/coding/AFL_dashboard/logs/scheduled_update_2026-04-12_0700.log
2026-04-12 07:01:55,301 [INFO] Log rotation: removed 1 old log file(s)
2026-04-12 07:01:55,313 [INFO] Stopped Streamlit (PIDs: 31352)
2026-04-12 07:01:57,467 [INFO] Restarted Streamlit app.
2026-04-12 07:01:57,468 [INFO] 
✅ All steps completed successfully!
2026-04-12 07:02:02,989 [INFO] Email sent to marcus.wagner@futureedgesport.com.au
==========================================
==========================================
AFL Dashboard – Scheduled Update
AFL Dashboard – Scheduled Update
Mon Apr 13 07:00:03 AEST 2026
==========================================
Mon Apr 13 07:00:03 AEST 2026
==========================================
Using conda env: afl
Using conda env: afl
2026-04-13 07:00:04,696 [INFO] Log file: /Users/marcuswagner/coding/AFL_dashboard/logs/scheduled_update_2026-04-13_0700.log
2026-04-13 07:00:04,696 [INFO] Log file: /Users/marcuswagner/coding/AFL_dashboard/logs/scheduled_update_2026-04-13_0700.log
2026-04-13 07:00:04,696 [INFO] ============================================================
2026-04-13 07:00:04,696 [INFO] ============================================================
2026-04-13 07:00:04,696 [INFO] AFL Dashboard – Scheduled Data Update
2026-04-13 07:00:04,696 [INFO] AFL Dashboard – Scheduled Data Update
2026-04-13 07:00:04,696 [INFO] Date: Monday 13 April 2026 07:00
2026-04-13 07:00:04,696 [INFO] Date: Monday 13 April 2026 07:00
2026-04-13 07:00:04,696 [INFO] Mode: FULL
2026-04-13 07:00:04,696 [INFO] Mode: FULL
2026-04-13 07:00:04,696 [INFO] ============================================================
2026-04-13 07:00:04,696 [INFO] ============================================================
2026-04-13 07:00:04,696 [INFO] Python: /opt/homebrew/Caskroom/miniconda/base/envs/afl/bin/python
2026-04-13 07:00:04,696 [INFO] Python: /opt/homebrew/Caskroom/miniconda/base/envs/afl/bin/python
2026-04-13 07:00:04,696 [INFO] 
Steps to run (2):
2026-04-13 07:00:04,696 [INFO] 
Steps to run (15):
2026-04-13 07:00:04,696 [INFO]   • wheelo_ratings: Scrape Wheelo team & player ratings (Selenium) [SLOW]
2026-04-13 07:00:04,696 [INFO]   • footywire_squads: Scrape player squads from Footywire
2026-04-13 07:00:04,696 [INFO]   • wheelo_match_stats: Scrape Wheelo match-by-match player ratings + Brownlow predictions (Selenium) [SLOW]
2026-04-13 07:00:04,696 [INFO]   • footywire_extended: Scrape contracts & draft history from Footywire
2026-04-13 07:00:04,696 [INFO] 
2026-04-13 07:00:04,696 [INFO]   • afl_ladders: Scrape AFL ladder standings from Footywire (current season)
2026-04-13 07:00:04,696 [INFO]   • wheelo_ratings: Scrape Wheelo team & player ratings (Selenium) [SLOW]
2026-04-13 07:00:04,696 [INFO]   • wheelo_match_stats: Scrape Wheelo match-by-match player ratings + Brownlow predictions (Selenium) [SLOW]
2026-04-13 07:00:04,696 [INFO]   • traits_api: Fetch Traits API data for current-season players [SLOW]
2026-04-13 07:00:04,696 [INFO]   • wheelo_to_raw: Copy Wheelo team stats to raw data folder for ratings pipeline
2026-04-13 07:00:04,696 [INFO]   • build_season: Build season data files (squads, stats, traits CSVs)
2026-04-13 07:00:04,696 [INFO]   • wheelo_player_to_raw: Merge Wheelo player season data (matches, ratings) into raw player CSVs
2026-04-13 07:00:04,696 [INFO]   • regenerate_ratings: Regenerate computed team summaries and ladders
2026-04-13 07:00:04,696 [INFO]   • refresh_master_ladders: Update master workbook Team_Ladders_All with freshly-scraped ladder data
2026-04-13 07:00:04,696 [INFO]   • update_photos: Download photos for any new/missing players [SLOW]
2026-04-13 07:00:04,696 [INFO]   • validate_freshness: Validate pipeline output files are present and fresh
2026-04-13 07:00:04,696 [INFO]   • validate_schemas: Validate CSV output schemas (columns, row counts, data quality)
2026-04-13 07:00:04,696 [INFO]   • data_diff_check: Compare pipeline outputs against backups and alert on anomalies
2026-04-13 07:00:04,696 [INFO] 
2026-04-13 07:00:04,696 [INFO] START [wheelo_ratings] Scrape Wheelo team & player ratings (Selenium)
2026-04-13 07:00:04,696 [INFO] START [footywire_squads] Scrape player squads from Footywire
2026-04-13 07:00:04,696 [INFO]   Running: /opt/homebrew/Caskroom/miniconda/base/envs/afl/bin/python /Users/marcuswagner/coding/AFL_dashboard/scrape_wheelo_ratings.py --all
2026-04-13 07:00:04,696 [INFO]   Running: /opt/homebrew/Caskroom/miniconda/base/envs/afl/bin/python /Users/marcuswagner/coding/AFL_dashboard/scrape_footywire.py 
2026-04-13 07:00:37,261 [INFO]   DONE [footywire_squads] in 32.6s
2026-04-13 07:00:37,262 [INFO]     | DefenderMidfieldForward      1
2026-04-13 07:00:37,262 [INFO]     | Name: count, dtype: int64
2026-04-13 07:00:37,262 [INFO]     | 
2026-04-13 07:00:37,262 [INFO]     | 
2026-04-13 07:00:37,262 [INFO]     | Updated DOB cache: 0 new entries
2026-04-13 07:00:37,262 [INFO] START [footywire_extended] Scrape contracts & draft history from Footywire
2026-04-13 07:00:37,262 [INFO]   Running: /opt/homebrew/Caskroom/miniconda/base/envs/afl/bin/python /Users/marcuswagner/coding/AFL_dashboard/scrape_footywire_extended.py --current-only
2026-04-13 07:00:52,687 [INFO]   DONE [wheelo_ratings] in 48.0s
2026-04-13 07:00:52,687 [INFO]     | 📊 Team Stats downloaded: 3 files
2026-04-13 07:00:52,688 [INFO]     | 📊 Player Stats downloaded: 3 files
2026-04-13 07:00:52,688 [INFO]     | 📊 Squad Lists downloaded: 1 file
2026-04-13 07:00:52,688 [INFO]     | 
2026-04-13 07:00:52,688 [INFO]     | 📁 CSV files saved in: /Users/marcuswagner/coding/AFL_dashboard/wheelo_downloads
2026-04-13 07:00:52,688 [INFO] START [wheelo_match_stats] Scrape Wheelo match-by-match player ratings + Brownlow predictions (Selenium)
2026-04-13 07:00:52,688 [INFO]   Running: /opt/homebrew/Caskroom/miniconda/base/envs/afl/bin/python /Users/marcuswagner/coding/AFL_dashboard/scrape_wheelo_match_stats.py --brownlow
2026-04-13 07:01:50,034 [INFO]   DONE [wheelo_match_stats] in 57.3s
2026-04-13 07:01:50,034 [INFO]     | ============================================================
2026-04-13 07:01:50,034 [INFO]     | 🔧 Chrome driver attempt 1/3…
2026-04-13 07:01:50,034 [INFO]     | ✅ Chrome driver ready
2026-04-13 07:01:50,034 [INFO]     | 
2026-04-13 07:01:50,034 [INFO]     | 💾 Saved 1656 rows → /Users/marcuswagner/coding/AFL_dashboard/data/raw/player/brownlow_predictions_2026.csv
2026-04-13 07:01:50,034 [INFO] 
2026-04-13 07:01:50,034 [INFO] ============================================================
2026-04-13 07:01:50,034 [INFO] UPDATE SUMMARY
2026-04-13 07:01:50,034 [INFO] ============================================================
2026-04-13 07:01:50,034 [INFO]   ✓ wheelo_ratings: OK
2026-04-13 07:01:50,034 [INFO]   ✓ wheelo_match_stats: OK
2026-04-13 07:01:50,034 [INFO] 
2026-04-13 07:01:50,034 [INFO] Results: 2 passed, 0 failed, 0 skipped
2026-04-13 07:01:50,034 [INFO] Total time: 105s (1.8 min)
2026-04-13 07:01:50,034 [INFO] Log: /Users/marcuswagner/coding/AFL_dashboard/logs/scheduled_update_2026-04-13_0700.log
2026-04-13 07:01:50,035 [INFO] Log rotation: removed 1 old log file(s)
2026-04-13 07:01:50,049 [INFO] Stopped Streamlit (PIDs: 41974)
2026-04-13 07:01:52,073 [INFO] Restarted Streamlit app.
2026-04-13 07:01:52,073 [INFO] 
✅ All steps completed successfully!
2026-04-13 07:01:57,926 [INFO] Email sent to marcus.wagner@futureedgesport.com.au
2026-04-13 07:08:44,850 [INFO]   DONE [footywire_extended] in 487.6s
2026-04-13 07:08:44,854 [INFO]     | 5  Adelaide    Brayden Cook           2026.0           Non-Free Agent      2020.0    National          1.0        25.0
2026-04-13 07:08:44,854 [INFO]     | 6  Adelaide     Indy Cotton           2027.0                  Unknown         NaN        None          NaN         NaN
2026-04-13 07:08:44,854 [INFO]     | 7  Adelaide   Isaac Cumming           2030.0           Non-Free Agent      2016.0    National          1.0        20.0
2026-04-13 07:08:44,854 [INFO]     | 8  Adelaide   Daniel Curtin           2029.0           Non-Free Agent      2023.0    National          1.0         8.0
2026-04-13 07:08:44,854 [INFO]     | 9  Adelaide   Jordan Dawson           2029.0    Restricted Free Agent      2015.0    National          4.0        56.0
2026-04-13 07:08:44,854 [INFO] START [afl_ladders] Scrape AFL ladder standings from Footywire (current season)
2026-04-13 07:08:44,854 [INFO]   Running: /opt/homebrew/Caskroom/miniconda/base/envs/afl/bin/python /Users/marcuswagner/coding/AFL_dashboard/scrape_afl_ladders.py --current-only
2026-04-13 07:08:46,721 [INFO]   DONE [afl_ladders] in 1.9s
2026-04-13 07:08:46,721 [INFO]     |   2026: 18 teams
2026-04-13 07:08:46,721 [INFO]     | 
2026-04-13 07:08:46,721 [INFO]     | ============================================================
2026-04-13 07:08:46,721 [INFO]     | Completed: 2026-04-13 07:08:46
2026-04-13 07:08:46,721 [INFO]     | ============================================================
2026-04-13 07:08:46,721 [INFO] START [wheelo_ratings] Scrape Wheelo team & player ratings (Selenium)
2026-04-13 07:08:46,721 [INFO]   Running: /opt/homebrew/Caskroom/miniconda/base/envs/afl/bin/python /Users/marcuswagner/coding/AFL_dashboard/scrape_wheelo_ratings.py --all
2026-04-13 07:09:31,979 [INFO]   DONE [wheelo_ratings] in 45.3s
2026-04-13 07:09:31,980 [INFO]     | 📊 Team Stats downloaded: 3 files
2026-04-13 07:09:31,980 [INFO]     | 📊 Player Stats downloaded: 3 files
2026-04-13 07:09:31,980 [INFO]     | 📊 Squad Lists downloaded: 1 file
2026-04-13 07:09:31,980 [INFO]     | 
2026-04-13 07:09:31,980 [INFO]     | 📁 CSV files saved in: /Users/marcuswagner/coding/AFL_dashboard/wheelo_downloads
2026-04-13 07:09:31,980 [INFO] START [wheelo_match_stats] Scrape Wheelo match-by-match player ratings + Brownlow predictions (Selenium)
2026-04-13 07:09:31,980 [INFO]   Running: /opt/homebrew/Caskroom/miniconda/base/envs/afl/bin/python /Users/marcuswagner/coding/AFL_dashboard/scrape_wheelo_match_stats.py --brownlow
2026-04-13 07:10:29,230 [INFO]   DONE [wheelo_match_stats] in 57.2s
2026-04-13 07:10:29,230 [INFO]     | ============================================================
2026-04-13 07:10:29,230 [INFO]     | 🔧 Chrome driver attempt 1/3…
2026-04-13 07:10:29,230 [INFO]     | ✅ Chrome driver ready
2026-04-13 07:10:29,230 [INFO]     | 
2026-04-13 07:10:29,230 [INFO]     | 💾 Saved 1656 rows → /Users/marcuswagner/coding/AFL_dashboard/data/raw/player/brownlow_predictions_2026.csv
2026-04-13 07:10:29,231 [INFO] START [traits_api] Fetch Traits API data for current-season players
2026-04-13 07:10:29,231 [INFO]   Running: /opt/homebrew/Caskroom/miniconda/base/envs/afl/bin/python /Users/marcuswagner/coding/AFL_dashboard/run_traits_api.py 
2026-04-13 07:15:33,209 [INFO]   DONE [traits_api] in 304.0s
2026-04-13 07:15:33,209 [INFO]     |  Callum Wilkie    St Kilda            3.43               None           None
2026-04-13 07:15:33,209 [INFO]     |   Errol Gulden      Sydney            3.38               None           None
2026-04-13 07:15:33,209 [INFO]     | Harris Andrews    Brisbane            3.36               None           None
2026-04-13 07:15:33,209 [INFO]     |   James Sicily    Hawthorn            3.36               None           None
2026-04-13 07:15:33,209 [INFO]     | Finn Maginness    Hawthorn            3.35               None           None
2026-04-13 07:15:33,210 [INFO] START [wheelo_to_raw] Copy Wheelo team stats to raw data folder for ratings pipeline
2026-04-13 07:15:33,625 [INFO]   Backed up team_stats_2026.csv → backups/team_stats_2026_20260413_071533.csv
2026-04-13 07:15:33,628 [INFO]   Copied Wheelo 2026 Season -> team_stats_2026.csv (18 teams)
2026-04-13 07:15:33,644 [INFO]   Backed up team_stats_2026_L10.csv → backups/team_stats_2026_L10_20260413_071533.csv
2026-04-13 07:15:33,645 [INFO]   Copied Wheelo 2026 L10 -> team_stats_2026_L10.csv (18 teams)
2026-04-13 07:15:33,667 [INFO]   Backed up team_stats_2026_L5.csv → backups/team_stats_2026_L5_20260413_071533.csv
2026-04-13 07:15:33,669 [INFO]   Copied Wheelo 2026 L5 -> team_stats_2026_L5.csv (18 teams)
2026-04-13 07:15:33,669 [INFO]   DONE [wheelo_to_raw] in 0.5s
2026-04-13 07:15:33,669 [INFO] START [build_season] Build season data files (squads, stats, traits CSVs)
2026-04-13 07:15:33,669 [INFO]   Running: /opt/homebrew/Caskroom/miniconda/base/envs/afl/bin/python /Users/marcuswagner/coding/AFL_dashboard/build_season_data.py 
2026-04-13 07:15:33,946 [INFO]   DONE [build_season] in 0.3s
2026-04-13 07:15:33,946 [INFO]     |   Western Bulldogs      43 players  Avg Age: 24.4  Avg Games: 74
2026-04-13 07:15:33,946 [INFO]     | 
2026-04-13 07:15:33,946 [INFO]     | ============================================================
2026-04-13 07:15:33,946 [INFO]     | ✅ 2026 DATA BUILD COMPLETE
2026-04-13 07:15:33,946 [INFO]     | ============================================================
2026-04-13 07:15:33,946 [INFO] START [wheelo_player_to_raw] Merge Wheelo player season data (matches, ratings) into raw player CSVs
2026-04-13 07:15:34,091 [INFO]   Wheelo Wheelo 2026 Season: 526 players, 18 teams
2026-04-13 07:15:34,114 [INFO]   Name mappings (39): {'Nicholas Madden': 'Nick Madden', 'Lachie Schultz': 'Lachlan Schultz', 'Matt Flynn': 'Matthew Flynn', 'Brad Close': 'Bradley Close', 'Zac Williams': 'Zachary Williams', 'Tom Liberatore': 'Thomas Liberatore', 'Lachie Jones': 'Lachlan Jones', 'Cam Mackenzie': 'Cameron Mackenzie', 'Joe Fonti': 'Joseph Fonti', 'Matthew Carroll': 'Matt Carroll', 'Thomas Edwards': 'Tom Edwards', 'Leonardo Lombard': 'Leo Lombard', 'Tim English': 'Timothy English', 'Matt Roberts': 'Matthew Roberts', 'Christopher Scerri': 'Chris Scerri', 'Mitch Lewis': 'Mitchell Lewis', 'Lachlan Sullivan': 'Lachie Sullivan', 'Josh Weddle': 'Joshua Weddle', 'Jack Macrae': 'Jackson Macrae', 'Sam Collins': 'Samuel Collins', 'Zach Merrett': 'Zachary Merrett', 'Mitch Owens': 'Mitchito Owens', 'Oliver Dempsey': 'Ollie Dempsey', 'Sam Grlj': 'Samuel Grlj', 'Lachie Fogarty': 'Lachlan Fogarty', 'Cam Rayner': 'Cameron Rayner', 'Matthew Owies': 'Matt Owies', 'Harry Himmelberg': 'Harrison Himmelberg', 'Lachie Ash': 'Lachlan Ash', 'Dan Butler': 'Daniel Butler', 'Mitch Knevitt': 'Mitchell Knevitt', 'Archer May': 'Archie May', 'Connor Macdonald': 'Connor MacDonald', 'Ollie Wines': 'Oliver Wines', 'Jacob van Rooyen': 'Jacob Van Rooyen', 'Matthew Johnson': 'Matt Johnson', 'Tom Stewart': 'Thomas Stewart', 'William Hayes': 'Will Hayes', 'Lachie Weller': 'Lachlan Weller'}
2026-04-13 07:15:34,123 [INFO]   Backed up player_stats_2026.csv → backups/player_stats_2026_20260413_071534.csv
2026-04-13 07:15:34,125 [INFO]   Updated player_stats_2026.csv: 526 players with matches from Wheelo
2026-04-13 07:15:34,143 [INFO]   Backed up squads_2026.csv → backups/squads_2026_20260413_071534.csv
2026-04-13 07:15:34,145 [INFO]   Updated squads_2026.csv: 526 players matched from Wheelo
2026-04-13 07:15:34,145 [INFO]   DONE [wheelo_player_to_raw] in 0.2s
2026-04-13 07:15:34,145 [INFO] START [regenerate_ratings] Regenerate computed team summaries and ladders
2026-04-13 07:15:34,145 [INFO]   Running: /opt/homebrew/Caskroom/miniconda/base/envs/afl/bin/python /Users/marcuswagner/coding/AFL_dashboard/regenerate_ratings.py 
2026-04-13 07:15:34,421 [INFO]   DONE [regenerate_ratings] in 0.3s
2026-04-13 07:15:34,421 [INFO]     | Skipping 2025 Last 5 - no raw data
2026-04-13 07:15:34,421 [INFO]     | 
2026-04-13 07:15:34,421 [INFO]     | ============================================================
2026-04-13 07:15:34,421 [INFO]     | DONE!
2026-04-13 07:15:34,421 [INFO]     | ============================================================
2026-04-13 07:15:34,421 [INFO] START [refresh_master_ladders] Update master workbook Team_Ladders_All with freshly-scraped ladder data
2026-04-13 07:15:46,950 [INFO]   Refreshed Team_Ladders_All: 287 rows
2026-04-13 07:15:46,953 [INFO]   DONE [refresh_master_ladders] in 12.5s
2026-04-13 07:15:46,954 [INFO] START [update_photos] Download photos for any new/missing players
2026-04-13 07:15:46,954 [INFO]   Running: /opt/homebrew/Caskroom/miniconda/base/envs/afl/bin/python /Users/marcuswagner/coding/AFL_dashboard/auto_update_photos.py 
2026-04-13 07:18:37,313 [INFO]   DONE [update_photos] in 170.4s
2026-04-13 07:18:37,314 [INFO]     | 
2026-04-13 07:18:37,314 [INFO] START [validate_freshness] Validate pipeline output files are present and fresh
2026-04-13 07:18:37,314 [INFO]   Running: /opt/homebrew/Caskroom/miniconda/base/envs/afl/bin/python /Users/marcuswagner/coding/AFL_dashboard/validate_pipeline_freshness.py 
2026-04-13 07:18:37,344 [INFO]   DONE [validate_freshness] in 0.0s
2026-04-13 07:18:37,344 [INFO]     |   ✓ FRESH    footywire_drafts_history.csv  (07:08)
2026-04-13 07:18:37,344 [INFO]     |   ✓ FRESH    footywire_2026_with_traits.csv  (07:15)
2026-04-13 07:18:37,344 [INFO]     |   ✓ FRESH    traits_2026.csv  (07:15)
2026-04-13 07:18:37,344 [INFO]     | 
2026-04-13 07:18:37,344 [INFO]     | ✅ All required files are present and fresh.
2026-04-13 07:18:37,344 [INFO] START [validate_schemas] Validate CSV output schemas (columns, row counts, data quality)
2026-04-13 07:18:37,356 [INFO]   DONE [validate_schemas] 0 warning(s) in 0.0s
2026-04-13 07:18:37,356 [INFO] START [data_diff_check] Compare pipeline outputs against backups and alert on anomalies
2026-04-13 07:18:37,365 [INFO]   DONE [data_diff_check] no anomalies in 0.0s
2026-04-13 07:18:37,365 [INFO] 
2026-04-13 07:18:37,365 [INFO] ============================================================
2026-04-13 07:18:37,365 [INFO] UPDATE SUMMARY
2026-04-13 07:18:37,365 [INFO] ============================================================
2026-04-13 07:18:37,365 [INFO]   ✓ footywire_squads: OK
2026-04-13 07:18:37,365 [INFO]   ✓ footywire_extended: OK
2026-04-13 07:18:37,365 [INFO]   ✓ afl_ladders: OK
2026-04-13 07:18:37,365 [INFO]   ✓ wheelo_ratings: OK
2026-04-13 07:18:37,365 [INFO]   ✓ wheelo_match_stats: OK
2026-04-13 07:18:37,365 [INFO]   ✓ traits_api: OK
2026-04-13 07:18:37,365 [INFO]   ✓ wheelo_to_raw: OK
2026-04-13 07:18:37,365 [INFO]   ✓ build_season: OK
2026-04-13 07:18:37,365 [INFO]   ✓ wheelo_player_to_raw: OK
2026-04-13 07:18:37,365 [INFO]   ✓ regenerate_ratings: OK
2026-04-13 07:18:37,365 [INFO]   ✓ refresh_master_ladders: OK
2026-04-13 07:18:37,365 [INFO]   ✓ update_photos: OK
2026-04-13 07:18:37,365 [INFO]   ✓ validate_freshness: OK
2026-04-13 07:18:37,365 [INFO]   ✓ validate_schemas: OK
2026-04-13 07:18:37,365 [INFO]   ✓ data_diff_check: OK
2026-04-13 07:18:37,365 [INFO] 
2026-04-13 07:18:37,365 [INFO] Results: 15 passed, 0 failed, 0 skipped
2026-04-13 07:18:37,365 [INFO] Total time: 1113s (18.5 min)
2026-04-13 07:18:37,365 [INFO] Log: /Users/marcuswagner/coding/AFL_dashboard/logs/scheduled_update_2026-04-13_0700.log
2026-04-13 07:18:37,378 [INFO] Stopped Streamlit (PIDs: 56505)
2026-04-13 07:18:39,543 [INFO] Restarted Streamlit app.
2026-04-13 07:18:39,544 [INFO] 
✅ All steps completed successfully!
2026-04-13 07:18:44,253 [INFO] Email sent to marcus.wagner@futureedgesport.com.au
==========================================
==========================================
AFL Dashboard – Scheduled Update
AFL Dashboard – Scheduled Update
Tue Apr 14 07:00:03 AEST 2026
==========================================
Tue Apr 14 07:00:03 AEST 2026
==========================================
Using conda env: afl
Using conda env: afl
2026-04-14 07:00:05,285 [INFO] Log file: /Users/marcuswagner/coding/AFL_dashboard/logs/scheduled_update_2026-04-14_0700.log
2026-04-14 07:00:05,285 [INFO] Log file: /Users/marcuswagner/coding/AFL_dashboard/logs/scheduled_update_2026-04-14_0700.log
2026-04-14 07:00:05,285 [INFO] ============================================================
2026-04-14 07:00:05,285 [INFO] ============================================================
2026-04-14 07:00:05,286 [INFO] AFL Dashboard – Scheduled Data Update
2026-04-14 07:00:05,286 [INFO] AFL Dashboard – Scheduled Data Update
2026-04-14 07:00:05,286 [INFO] Date: Tuesday 14 April 2026 07:00
2026-04-14 07:00:05,286 [INFO] Date: Tuesday 14 April 2026 07:00
2026-04-14 07:00:05,286 [INFO] Mode: FULL
2026-04-14 07:00:05,286 [INFO] Mode: FULL
2026-04-14 07:00:05,286 [INFO] ============================================================
2026-04-14 07:00:05,286 [INFO] ============================================================
2026-04-14 07:00:05,286 [INFO] Python: /opt/homebrew/Caskroom/miniconda/base/envs/afl/bin/python
2026-04-14 07:00:05,286 [INFO] Python: /opt/homebrew/Caskroom/miniconda/base/envs/afl/bin/python
2026-04-14 07:00:05,286 [INFO] 
Steps to run (15):
2026-04-14 07:00:05,286 [INFO] 
Steps to run (2):
2026-04-14 07:00:05,286 [INFO]   • footywire_squads: Scrape player squads from Footywire
2026-04-14 07:00:05,286 [INFO]   • wheelo_ratings: Scrape Wheelo team & player ratings (Selenium) [SLOW]
2026-04-14 07:00:05,286 [INFO]   • footywire_extended: Scrape contracts & draft history from Footywire
2026-04-14 07:00:05,286 [INFO]   • wheelo_match_stats: Scrape Wheelo match-by-match player ratings + Brownlow predictions (Selenium) [SLOW]
2026-04-14 07:00:05,286 [INFO]   • afl_ladders: Scrape AFL ladder standings from Footywire (current season)
2026-04-14 07:00:05,286 [INFO] 
2026-04-14 07:00:05,286 [INFO]   • wheelo_ratings: Scrape Wheelo team & player ratings (Selenium) [SLOW]
2026-04-14 07:00:05,286 [INFO]   • wheelo_match_stats: Scrape Wheelo match-by-match player ratings + Brownlow predictions (Selenium) [SLOW]
2026-04-14 07:00:05,286 [INFO]   • traits_api: Fetch Traits API data for current-season players [SLOW]
2026-04-14 07:00:05,286 [INFO]   • wheelo_to_raw: Copy Wheelo team stats to raw data folder for ratings pipeline
2026-04-14 07:00:05,286 [INFO]   • build_season: Build season data files (squads, stats, traits CSVs)
2026-04-14 07:00:05,286 [INFO] START [wheelo_ratings] Scrape Wheelo team & player ratings (Selenium)
2026-04-14 07:00:05,287 [INFO]   • wheelo_player_to_raw: Merge Wheelo player season data (matches, ratings) into raw player CSVs
2026-04-14 07:00:05,287 [INFO]   Running: /opt/homebrew/Caskroom/miniconda/base/envs/afl/bin/python /Users/marcuswagner/coding/AFL_dashboard/scrape_wheelo_ratings.py --all
2026-04-14 07:00:05,287 [INFO]   • regenerate_ratings: Regenerate computed team summaries and ladders
2026-04-14 07:00:05,287 [INFO]   • refresh_master_ladders: Update master workbook Team_Ladders_All with freshly-scraped ladder data
2026-04-14 07:00:05,287 [INFO]   • update_photos: Download photos for any new/missing players [SLOW]
2026-04-14 07:00:05,287 [INFO]   • validate_freshness: Validate pipeline output files are present and fresh
2026-04-14 07:00:05,287 [INFO]   • validate_schemas: Validate CSV output schemas (columns, row counts, data quality)
2026-04-14 07:00:05,287 [INFO]   • data_diff_check: Compare pipeline outputs against backups and alert on anomalies
2026-04-14 07:00:05,287 [INFO] 
2026-04-14 07:00:05,287 [INFO] START [footywire_squads] Scrape player squads from Footywire
2026-04-14 07:00:05,287 [INFO]   Running: /opt/homebrew/Caskroom/miniconda/base/envs/afl/bin/python /Users/marcuswagner/coding/AFL_dashboard/scrape_footywire.py 
2026-04-14 07:00:39,381 [INFO]   DONE [footywire_squads] in 34.1s
2026-04-14 07:00:39,382 [INFO]     | DefenderMidfieldForward      1
2026-04-14 07:00:39,382 [INFO]     | Name: count, dtype: int64
2026-04-14 07:00:39,382 [INFO]     | 
2026-04-14 07:00:39,382 [INFO]     | 
2026-04-14 07:00:39,382 [INFO]     | Updated DOB cache: 0 new entries
2026-04-14 07:00:39,382 [INFO] START [footywire_extended] Scrape contracts & draft history from Footywire
2026-04-14 07:00:39,382 [INFO]   Running: /opt/homebrew/Caskroom/miniconda/base/envs/afl/bin/python /Users/marcuswagner/coding/AFL_dashboard/scrape_footywire_extended.py --current-only
2026-04-14 07:00:56,511 [INFO]   DONE [wheelo_ratings] in 51.2s
2026-04-14 07:00:56,511 [INFO]     | 📊 Team Stats downloaded: 3 files
2026-04-14 07:00:56,511 [INFO]     | 📊 Player Stats downloaded: 3 files
2026-04-14 07:00:56,511 [INFO]     | 📊 Squad Lists downloaded: 1 file
2026-04-14 07:00:56,511 [INFO]     | 
2026-04-14 07:00:56,511 [INFO]     | 📁 CSV files saved in: /Users/marcuswagner/coding/AFL_dashboard/wheelo_downloads
2026-04-14 07:00:56,511 [INFO] START [wheelo_match_stats] Scrape Wheelo match-by-match player ratings + Brownlow predictions (Selenium)
2026-04-14 07:00:56,511 [INFO]   Running: /opt/homebrew/Caskroom/miniconda/base/envs/afl/bin/python /Users/marcuswagner/coding/AFL_dashboard/scrape_wheelo_match_stats.py --brownlow
2026-04-14 07:01:55,294 [INFO]   DONE [wheelo_match_stats] in 58.8s
2026-04-14 07:01:55,294 [INFO]     | ============================================================
2026-04-14 07:01:55,294 [INFO]     | 🔧 Chrome driver attempt 1/3…
2026-04-14 07:01:55,294 [INFO]     | ✅ Chrome driver ready
2026-04-14 07:01:55,294 [INFO]     | 
2026-04-14 07:01:55,294 [INFO]     | 💾 Saved 2070 rows → /Users/marcuswagner/coding/AFL_dashboard/data/raw/player/brownlow_predictions_2026.csv
2026-04-14 07:01:55,294 [INFO] 
2026-04-14 07:01:55,294 [INFO] ============================================================
2026-04-14 07:01:55,294 [INFO] UPDATE SUMMARY
2026-04-14 07:01:55,294 [INFO] ============================================================
2026-04-14 07:01:55,294 [INFO]   ✓ wheelo_ratings: OK
2026-04-14 07:01:55,294 [INFO]   ✓ wheelo_match_stats: OK
2026-04-14 07:01:55,294 [INFO] 
2026-04-14 07:01:55,294 [INFO] Results: 2 passed, 0 failed, 0 skipped
2026-04-14 07:01:55,294 [INFO] Total time: 110s (1.8 min)
2026-04-14 07:01:55,295 [INFO] Log: /Users/marcuswagner/coding/AFL_dashboard/logs/scheduled_update_2026-04-14_0700.log
2026-04-14 07:01:55,300 [INFO] Log rotation: removed 1 old log file(s)
2026-04-14 07:01:55,315 [INFO] Stopped Streamlit (PIDs: 56865)
2026-04-14 07:01:57,476 [INFO] Restarted Streamlit app.
2026-04-14 07:01:57,476 [INFO] 
✅ All steps completed successfully!
2026-04-14 07:02:02,774 [INFO] Email sent to marcus.wagner@futureedgesport.com.au
2026-04-14 07:09:15,023 [INFO]   DONE [footywire_extended] in 515.6s
2026-04-14 07:09:15,023 [INFO]     | 5  Adelaide    Brayden Cook           2026.0           Non-Free Agent      2020.0    National          1.0        25.0
2026-04-14 07:09:15,023 [INFO]     | 6  Adelaide     Indy Cotton           2027.0                  Unknown         NaN        None          NaN         NaN
2026-04-14 07:09:15,023 [INFO]     | 7  Adelaide   Isaac Cumming           2030.0           Non-Free Agent      2016.0    National          1.0        20.0
2026-04-14 07:09:15,023 [INFO]     | 8  Adelaide   Daniel Curtin           2029.0           Non-Free Agent      2023.0    National          1.0         8.0
2026-04-14 07:09:15,023 [INFO]     | 9  Adelaide   Jordan Dawson           2029.0    Restricted Free Agent      2015.0    National          4.0        56.0
2026-04-14 07:09:15,023 [INFO] START [afl_ladders] Scrape AFL ladder standings from Footywire (current season)
2026-04-14 07:09:15,023 [INFO]   Running: /opt/homebrew/Caskroom/miniconda/base/envs/afl/bin/python /Users/marcuswagner/coding/AFL_dashboard/scrape_afl_ladders.py --current-only
2026-04-14 07:09:16,815 [INFO]   DONE [afl_ladders] in 1.8s
2026-04-14 07:09:16,815 [INFO]     |   2026: 18 teams
2026-04-14 07:09:16,815 [INFO]     | 
2026-04-14 07:09:16,815 [INFO]     | ============================================================
2026-04-14 07:09:16,815 [INFO]     | Completed: 2026-04-14 07:09:16
2026-04-14 07:09:16,815 [INFO]     | ============================================================
2026-04-14 07:09:16,815 [INFO] START [wheelo_ratings] Scrape Wheelo team & player ratings (Selenium)
2026-04-14 07:09:16,815 [INFO]   Running: /opt/homebrew/Caskroom/miniconda/base/envs/afl/bin/python /Users/marcuswagner/coding/AFL_dashboard/scrape_wheelo_ratings.py --all
2026-04-14 07:10:02,262 [INFO]   DONE [wheelo_ratings] in 45.4s
2026-04-14 07:10:02,262 [INFO]     | 📊 Team Stats downloaded: 3 files
2026-04-14 07:10:02,262 [INFO]     | 📊 Player Stats downloaded: 3 files
2026-04-14 07:10:02,262 [INFO]     | 📊 Squad Lists downloaded: 1 file
2026-04-14 07:10:02,262 [INFO]     | 
2026-04-14 07:10:02,262 [INFO]     | 📁 CSV files saved in: /Users/marcuswagner/coding/AFL_dashboard/wheelo_downloads
2026-04-14 07:10:02,262 [INFO] START [wheelo_match_stats] Scrape Wheelo match-by-match player ratings + Brownlow predictions (Selenium)
2026-04-14 07:10:02,262 [INFO]   Running: /opt/homebrew/Caskroom/miniconda/base/envs/afl/bin/python /Users/marcuswagner/coding/AFL_dashboard/scrape_wheelo_match_stats.py --brownlow
2026-04-14 07:11:02,545 [INFO]   DONE [wheelo_match_stats] in 60.3s
2026-04-14 07:11:02,545 [INFO]     | ============================================================
2026-04-14 07:11:02,545 [INFO]     | 🔧 Chrome driver attempt 1/3…
2026-04-14 07:11:02,545 [INFO]     | ✅ Chrome driver ready
2026-04-14 07:11:02,545 [INFO]     | 
2026-04-14 07:11:02,545 [INFO]     | 💾 Saved 2070 rows → /Users/marcuswagner/coding/AFL_dashboard/data/raw/player/brownlow_predictions_2026.csv
2026-04-14 07:11:02,545 [INFO] START [traits_api] Fetch Traits API data for current-season players
2026-04-14 07:11:02,545 [INFO]   Running: /opt/homebrew/Caskroom/miniconda/base/envs/afl/bin/python /Users/marcuswagner/coding/AFL_dashboard/run_traits_api.py 
2026-04-14 07:13:42,179 [INFO]   DONE [traits_api] in 159.6s
2026-04-14 07:13:42,180 [INFO]     |  Callum Wilkie    St Kilda            3.43               None           None
2026-04-14 07:13:42,180 [INFO]     |   Errol Gulden      Sydney            3.38               None           None
2026-04-14 07:13:42,180 [INFO]     | Harris Andrews    Brisbane            3.36               None           None
2026-04-14 07:13:42,180 [INFO]     |   James Sicily    Hawthorn            3.36               None           None
2026-04-14 07:13:42,180 [INFO]     | Finn Maginness    Hawthorn            3.35               None           None
2026-04-14 07:13:42,180 [INFO] START [wheelo_to_raw] Copy Wheelo team stats to raw data folder for ratings pipeline
2026-04-14 07:13:42,517 [INFO]   Backed up team_stats_2026.csv → backups/team_stats_2026_20260414_071342.csv
2026-04-14 07:13:42,520 [INFO]   Copied Wheelo 2026 Season -> team_stats_2026.csv (18 teams)
2026-04-14 07:13:42,536 [INFO]   Backed up team_stats_2026_L10.csv → backups/team_stats_2026_L10_20260414_071342.csv
2026-04-14 07:13:42,537 [INFO]   Copied Wheelo 2026 L10 -> team_stats_2026_L10.csv (18 teams)
2026-04-14 07:13:42,558 [INFO]   Backed up team_stats_2026_L5.csv → backups/team_stats_2026_L5_20260414_071342.csv
2026-04-14 07:13:42,560 [INFO]   Copied Wheelo 2026 L5 -> team_stats_2026_L5.csv (18 teams)
2026-04-14 07:13:42,560 [INFO]   DONE [wheelo_to_raw] in 0.4s
2026-04-14 07:13:42,560 [INFO] START [build_season] Build season data files (squads, stats, traits CSVs)
2026-04-14 07:13:42,560 [INFO]   Running: /opt/homebrew/Caskroom/miniconda/base/envs/afl/bin/python /Users/marcuswagner/coding/AFL_dashboard/build_season_data.py 
2026-04-14 07:13:42,829 [INFO]   DONE [build_season] in 0.3s
2026-04-14 07:13:42,829 [INFO]     |   Western Bulldogs      43 players  Avg Age: 24.4  Avg Games: 74
2026-04-14 07:13:42,829 [INFO]     | 
2026-04-14 07:13:42,829 [INFO]     | ============================================================
2026-04-14 07:13:42,829 [INFO]     | ✅ 2026 DATA BUILD COMPLETE
2026-04-14 07:13:42,829 [INFO]     | ============================================================
2026-04-14 07:13:42,829 [INFO] START [wheelo_player_to_raw] Merge Wheelo player season data (matches, ratings) into raw player CSVs
2026-04-14 07:13:42,976 [INFO]   Wheelo Wheelo 2026 Season: 526 players, 18 teams
2026-04-14 07:13:42,997 [INFO]   Name mappings (39): {'Oliver Dempsey': 'Ollie Dempsey', 'Cam Rayner': 'Cameron Rayner', 'Thomas Edwards': 'Tom Edwards', 'Josh Weddle': 'Joshua Weddle', 'Connor Macdonald': 'Connor MacDonald', 'William Hayes': 'Will Hayes', 'Lachie Jones': 'Lachlan Jones', 'Zach Merrett': 'Zachary Merrett', 'Tim English': 'Timothy English', 'Mitch Owens': 'Mitchito Owens', 'Matthew Johnson': 'Matt Johnson', 'Dan Butler': 'Daniel Butler', 'Brad Close': 'Bradley Close', 'Jack Macrae': 'Jackson Macrae', 'Matt Flynn': 'Matthew Flynn', 'Tom Liberatore': 'Thomas Liberatore', 'Cam Mackenzie': 'Cameron Mackenzie', 'Harry Himmelberg': 'Harrison Himmelberg', 'Sam Collins': 'Samuel Collins', 'Lachie Schultz': 'Lachlan Schultz', 'Archer May': 'Archie May', 'Joe Fonti': 'Joseph Fonti', 'Lachie Fogarty': 'Lachlan Fogarty', 'Nicholas Madden': 'Nick Madden', 'Matthew Owies': 'Matt Owies', 'Mitch Lewis': 'Mitchell Lewis', 'Jacob van Rooyen': 'Jacob Van Rooyen', 'Christopher Scerri': 'Chris Scerri', 'Ollie Wines': 'Oliver Wines', 'Mitch Knevitt': 'Mitchell Knevitt', 'Zac Williams': 'Zachary Williams', 'Lachlan Sullivan': 'Lachie Sullivan', 'Lachie Weller': 'Lachlan Weller', 'Tom Stewart': 'Thomas Stewart', 'Sam Grlj': 'Samuel Grlj', 'Matt Roberts': 'Matthew Roberts', 'Leonardo Lombard': 'Leo Lombard', 'Lachie Ash': 'Lachlan Ash', 'Matthew Carroll': 'Matt Carroll'}
2026-04-14 07:13:43,006 [INFO]   Backed up player_stats_2026.csv → backups/player_stats_2026_20260414_071343.csv
2026-04-14 07:13:43,008 [INFO]   Updated player_stats_2026.csv: 526 players with matches from Wheelo
2026-04-14 07:13:43,026 [INFO]   Backed up squads_2026.csv → backups/squads_2026_20260414_071343.csv
2026-04-14 07:13:43,028 [INFO]   Updated squads_2026.csv: 526 players matched from Wheelo
2026-04-14 07:13:43,028 [INFO]   DONE [wheelo_player_to_raw] in 0.2s
2026-04-14 07:13:43,028 [INFO] START [regenerate_ratings] Regenerate computed team summaries and ladders
2026-04-14 07:13:43,029 [INFO]   Running: /opt/homebrew/Caskroom/miniconda/base/envs/afl/bin/python /Users/marcuswagner/coding/AFL_dashboard/regenerate_ratings.py 
2026-04-14 07:13:43,302 [INFO]   DONE [regenerate_ratings] in 0.3s
2026-04-14 07:13:43,302 [INFO]     | Skipping 2025 Last 5 - no raw data
2026-04-14 07:13:43,302 [INFO]     | 
2026-04-14 07:13:43,302 [INFO]     | ============================================================
2026-04-14 07:13:43,302 [INFO]     | DONE!
2026-04-14 07:13:43,302 [INFO]     | ============================================================
2026-04-14 07:13:43,302 [INFO] START [refresh_master_ladders] Update master workbook Team_Ladders_All with freshly-scraped ladder data
2026-04-14 07:13:55,827 [INFO]   Refreshed Team_Ladders_All: 287 rows
2026-04-14 07:13:55,831 [INFO]   DONE [refresh_master_ladders] in 12.5s
2026-04-14 07:13:55,831 [INFO] START [update_photos] Download photos for any new/missing players
2026-04-14 07:13:55,831 [INFO]   Running: /opt/homebrew/Caskroom/miniconda/base/envs/afl/bin/python /Users/marcuswagner/coding/AFL_dashboard/auto_update_photos.py 
2026-04-14 07:16:47,772 [INFO]   DONE [update_photos] in 171.9s
2026-04-14 07:16:47,772 [INFO]     | 
2026-04-14 07:16:47,772 [INFO] START [validate_freshness] Validate pipeline output files are present and fresh
2026-04-14 07:16:47,772 [INFO]   Running: /opt/homebrew/Caskroom/miniconda/base/envs/afl/bin/python /Users/marcuswagner/coding/AFL_dashboard/validate_pipeline_freshness.py 
2026-04-14 07:16:47,806 [INFO]   DONE [validate_freshness] in 0.0s
2026-04-14 07:16:47,806 [INFO]     |   ✓ FRESH    footywire_drafts_history.csv  (07:09)
2026-04-14 07:16:47,806 [INFO]     |   ✓ FRESH    footywire_2026_with_traits.csv  (07:13)
2026-04-14 07:16:47,806 [INFO]     |   ✓ FRESH    traits_2026.csv  (07:13)
2026-04-14 07:16:47,806 [INFO]     | 
2026-04-14 07:16:47,806 [INFO]     | ✅ All required files are present and fresh.
2026-04-14 07:16:47,806 [INFO] START [validate_schemas] Validate CSV output schemas (columns, row counts, data quality)
2026-04-14 07:16:47,818 [INFO]   DONE [validate_schemas] 0 warning(s) in 0.0s
2026-04-14 07:16:47,818 [INFO] START [data_diff_check] Compare pipeline outputs against backups and alert on anomalies
2026-04-14 07:16:47,829 [INFO]   DONE [data_diff_check] no anomalies in 0.0s
2026-04-14 07:16:47,829 [INFO] 
2026-04-14 07:16:47,829 [INFO] ============================================================
2026-04-14 07:16:47,829 [INFO] UPDATE SUMMARY
2026-04-14 07:16:47,829 [INFO] ============================================================
2026-04-14 07:16:47,829 [INFO]   ✓ footywire_squads: OK
2026-04-14 07:16:47,829 [INFO]   ✓ footywire_extended: OK
2026-04-14 07:16:47,829 [INFO]   ✓ afl_ladders: OK
2026-04-14 07:16:47,829 [INFO]   ✓ wheelo_ratings: OK
2026-04-14 07:16:47,829 [INFO]   ✓ wheelo_match_stats: OK
2026-04-14 07:16:47,829 [INFO]   ✓ traits_api: OK
2026-04-14 07:16:47,829 [INFO]   ✓ wheelo_to_raw: OK
2026-04-14 07:16:47,829 [INFO]   ✓ build_season: OK
2026-04-14 07:16:47,829 [INFO]   ✓ wheelo_player_to_raw: OK
2026-04-14 07:16:47,829 [INFO]   ✓ regenerate_ratings: OK
2026-04-14 07:16:47,829 [INFO]   ✓ refresh_master_ladders: OK
2026-04-14 07:16:47,829 [INFO]   ✓ update_photos: OK
2026-04-14 07:16:47,829 [INFO]   ✓ validate_freshness: OK
2026-04-14 07:16:47,829 [INFO]   ✓ validate_schemas: OK
2026-04-14 07:16:47,829 [INFO]   ✓ data_diff_check: OK
2026-04-14 07:16:47,829 [INFO] 
2026-04-14 07:16:47,829 [INFO] Results: 15 passed, 0 failed, 0 skipped
2026-04-14 07:16:47,829 [INFO] Total time: 1003s (16.7 min)
2026-04-14 07:16:47,829 [INFO] Log: /Users/marcuswagner/coding/AFL_dashboard/logs/scheduled_update_2026-04-14_0700.log
2026-04-14 07:16:47,844 [INFO] Stopped Streamlit (PIDs: 92808)
2026-04-14 07:16:49,868 [INFO] Restarted Streamlit app.
2026-04-14 07:16:49,868 [INFO] 
✅ All steps completed successfully!
2026-04-14 07:16:54,908 [INFO] Email sent to marcus.wagner@futureedgesport.com.au
==========================================
==========================================
AFL Dashboard – Scheduled Update
AFL Dashboard – Scheduled Update
Wed Apr 15 07:00:04 AEST 2026
==========================================
Wed Apr 15 07:00:04 AEST 2026
==========================================
Using conda env: afl
Using conda env: afl
2026-04-15 07:00:05,780 [INFO] Log file: /Users/marcuswagner/coding/AFL_dashboard/logs/scheduled_update_2026-04-15_0700.log
2026-04-15 07:00:05,780 [INFO] Log file: /Users/marcuswagner/coding/AFL_dashboard/logs/scheduled_update_2026-04-15_0700.log
2026-04-15 07:00:05,780 [INFO] ============================================================
2026-04-15 07:00:05,780 [INFO] AFL Dashboard – Scheduled Data Update
2026-04-15 07:00:05,780 [INFO] ============================================================
2026-04-15 07:00:05,780 [INFO] Date: Wednesday 15 April 2026 07:00
2026-04-15 07:00:05,780 [INFO] AFL Dashboard – Scheduled Data Update
2026-04-15 07:00:05,780 [INFO] Mode: FULL
2026-04-15 07:00:05,780 [INFO] Date: Wednesday 15 April 2026 07:00
2026-04-15 07:00:05,780 [INFO] Mode: FULL
2026-04-15 07:00:05,780 [INFO] ============================================================
2026-04-15 07:00:05,780 [INFO] ============================================================
2026-04-15 07:00:05,780 [INFO] Python: /opt/homebrew/Caskroom/miniconda/base/envs/afl/bin/python
2026-04-15 07:00:05,780 [INFO] Python: /opt/homebrew/Caskroom/miniconda/base/envs/afl/bin/python
2026-04-15 07:00:05,780 [INFO] 
Steps to run (2):
2026-04-15 07:00:05,780 [INFO] 
Steps to run (15):
2026-04-15 07:00:05,780 [INFO]   • wheelo_ratings: Scrape Wheelo team & player ratings (Selenium) [SLOW]
2026-04-15 07:00:05,780 [INFO]   • wheelo_match_stats: Scrape Wheelo match-by-match player ratings + Brownlow predictions (Selenium) [SLOW]
2026-04-15 07:00:05,781 [INFO] 
2026-04-15 07:00:05,780 [INFO]   • footywire_squads: Scrape player squads from Footywire
2026-04-15 07:00:05,781 [INFO]   • footywire_extended: Scrape contracts & draft history from Footywire
2026-04-15 07:00:05,781 [INFO]   • afl_ladders: Scrape AFL ladder standings from Footywire (current season)
2026-04-15 07:00:05,781 [INFO]   • wheelo_ratings: Scrape Wheelo team & player ratings (Selenium) [SLOW]
2026-04-15 07:00:05,781 [INFO] START [wheelo_ratings] Scrape Wheelo team & player ratings (Selenium)
2026-04-15 07:00:05,781 [INFO]   • wheelo_match_stats: Scrape Wheelo match-by-match player ratings + Brownlow predictions (Selenium) [SLOW]
2026-04-15 07:00:05,781 [INFO]   Running: /opt/homebrew/Caskroom/miniconda/base/envs/afl/bin/python /Users/marcuswagner/coding/AFL_dashboard/scrape_wheelo_ratings.py --all
2026-04-15 07:00:05,781 [INFO]   • traits_api: Fetch Traits API data for current-season players [SLOW]
2026-04-15 07:00:05,781 [INFO]   • wheelo_to_raw: Copy Wheelo team stats to raw data folder for ratings pipeline
2026-04-15 07:00:05,781 [INFO]   • build_season: Build season data files (squads, stats, traits CSVs)
2026-04-15 07:00:05,781 [INFO]   • wheelo_player_to_raw: Merge Wheelo player season data (matches, ratings) into raw player CSVs
2026-04-15 07:00:05,781 [INFO]   • regenerate_ratings: Regenerate computed team summaries and ladders
2026-04-15 07:00:05,781 [INFO]   • refresh_master_ladders: Update master workbook Team_Ladders_All with freshly-scraped ladder data
2026-04-15 07:00:05,781 [INFO]   • update_photos: Download photos for any new/missing players [SLOW]
2026-04-15 07:00:05,781 [INFO]   • validate_freshness: Validate pipeline output files are present and fresh
2026-04-15 07:00:05,781 [INFO]   • validate_schemas: Validate CSV output schemas (columns, row counts, data quality)
2026-04-15 07:00:05,781 [INFO]   • data_diff_check: Compare pipeline outputs against backups and alert on anomalies
2026-04-15 07:00:05,781 [INFO] 
2026-04-15 07:00:05,781 [INFO] START [footywire_squads] Scrape player squads from Footywire
2026-04-15 07:00:05,781 [INFO]   Running: /opt/homebrew/Caskroom/miniconda/base/envs/afl/bin/python /Users/marcuswagner/coding/AFL_dashboard/scrape_footywire.py 
2026-04-15 07:00:38,198 [INFO]   DONE [footywire_squads] in 32.4s
2026-04-15 07:00:38,198 [INFO]     | DefenderMidfieldForward      1
2026-04-15 07:00:38,198 [INFO]     | Name: count, dtype: int64
2026-04-15 07:00:38,198 [INFO]     | 
2026-04-15 07:00:38,198 [INFO]     | 
2026-04-15 07:00:38,198 [INFO]     | Updated DOB cache: 0 new entries
2026-04-15 07:00:38,198 [INFO] START [footywire_extended] Scrape contracts & draft history from Footywire
2026-04-15 07:00:38,198 [INFO]   Running: /opt/homebrew/Caskroom/miniconda/base/envs/afl/bin/python /Users/marcuswagner/coding/AFL_dashboard/scrape_footywire_extended.py --current-only
2026-04-15 07:01:03,737 [INFO]   DONE [wheelo_ratings] in 58.0s
2026-04-15 07:01:03,738 [INFO]     | 📊 Team Stats downloaded: 3 files
2026-04-15 07:01:03,738 [INFO]     | 📊 Player Stats downloaded: 3 files
2026-04-15 07:01:03,738 [INFO]     | 📊 Squad Lists downloaded: 1 file
2026-04-15 07:01:03,738 [INFO]     | 
2026-04-15 07:01:03,738 [INFO]     | 📁 CSV files saved in: /Users/marcuswagner/coding/AFL_dashboard/wheelo_downloads
2026-04-15 07:01:03,738 [INFO] START [wheelo_match_stats] Scrape Wheelo match-by-match player ratings + Brownlow predictions (Selenium)
2026-04-15 07:01:03,738 [INFO]   Running: /opt/homebrew/Caskroom/miniconda/base/envs/afl/bin/python /Users/marcuswagner/coding/AFL_dashboard/scrape_wheelo_match_stats.py --brownlow
2026-04-15 07:02:04,411 [INFO]   DONE [wheelo_match_stats] in 60.7s
2026-04-15 07:02:04,412 [INFO]     | ============================================================
2026-04-15 07:02:04,412 [INFO]     | 🔧 Chrome driver attempt 1/3…
2026-04-15 07:02:04,412 [INFO]     | ✅ Chrome driver ready
2026-04-15 07:02:04,412 [INFO]     | 
2026-04-15 07:02:04,412 [INFO]     | 💾 Saved 2070 rows → /Users/marcuswagner/coding/AFL_dashboard/data/raw/player/brownlow_predictions_2026.csv
2026-04-15 07:02:04,412 [INFO] 
2026-04-15 07:02:04,412 [INFO] ============================================================
2026-04-15 07:02:04,412 [INFO] UPDATE SUMMARY
2026-04-15 07:02:04,412 [INFO] ============================================================
2026-04-15 07:02:04,412 [INFO]   ✓ wheelo_ratings: OK
2026-04-15 07:02:04,412 [INFO]   ✓ wheelo_match_stats: OK
2026-04-15 07:02:04,412 [INFO] 
2026-04-15 07:02:04,412 [INFO] Results: 2 passed, 0 failed, 0 skipped
2026-04-15 07:02:04,412 [INFO] Total time: 119s (2.0 min)
2026-04-15 07:02:04,412 [INFO] Log: /Users/marcuswagner/coding/AFL_dashboard/logs/scheduled_update_2026-04-15_0700.log
2026-04-15 07:02:04,416 [INFO] Log rotation: removed 1 old log file(s)
2026-04-15 07:02:04,432 [INFO] Stopped Streamlit (PIDs: 77104)
2026-04-15 07:02:06,435 [INFO] Restarted Streamlit app.
2026-04-15 07:02:06,435 [INFO] 
✅ All steps completed successfully!
2026-04-15 07:02:11,387 [INFO] Email sent to marcus.wagner@futureedgesport.com.au
2026-04-15 07:09:02,419 [INFO]   DONE [footywire_extended] in 504.2s
2026-04-15 07:09:02,419 [INFO]     | 5  Adelaide    Brayden Cook           2026.0           Non-Free Agent      2020.0    National          1.0        25.0
2026-04-15 07:09:02,419 [INFO]     | 6  Adelaide     Indy Cotton           2027.0                  Unknown         NaN        None          NaN         NaN
2026-04-15 07:09:02,419 [INFO]     | 7  Adelaide   Isaac Cumming           2030.0           Non-Free Agent      2016.0    National          1.0        20.0
2026-04-15 07:09:02,420 [INFO]     | 8  Adelaide   Daniel Curtin           2029.0           Non-Free Agent      2023.0    National          1.0         8.0
2026-04-15 07:09:02,420 [INFO]     | 9  Adelaide   Jordan Dawson           2029.0    Restricted Free Agent      2015.0    National          4.0        56.0
2026-04-15 07:09:02,420 [INFO] START [afl_ladders] Scrape AFL ladder standings from Footywire (current season)
2026-04-15 07:09:02,420 [INFO]   Running: /opt/homebrew/Caskroom/miniconda/base/envs/afl/bin/python /Users/marcuswagner/coding/AFL_dashboard/scrape_afl_ladders.py --current-only
2026-04-15 07:09:04,426 [INFO]   DONE [afl_ladders] in 2.0s
2026-04-15 07:09:04,426 [INFO]     |   2026: 18 teams
2026-04-15 07:09:04,426 [INFO]     | 
2026-04-15 07:09:04,426 [INFO]     | ============================================================
2026-04-15 07:09:04,426 [INFO]     | Completed: 2026-04-15 07:09:04
2026-04-15 07:09:04,426 [INFO]     | ============================================================
2026-04-15 07:09:04,426 [INFO] START [wheelo_ratings] Scrape Wheelo team & player ratings (Selenium)
2026-04-15 07:09:04,426 [INFO]   Running: /opt/homebrew/Caskroom/miniconda/base/envs/afl/bin/python /Users/marcuswagner/coding/AFL_dashboard/scrape_wheelo_ratings.py --all
2026-04-15 07:09:49,551 [INFO]   DONE [wheelo_ratings] in 45.1s
2026-04-15 07:09:49,552 [INFO]     | 📊 Team Stats downloaded: 3 files
2026-04-15 07:09:49,552 [INFO]     | 📊 Player Stats downloaded: 3 files
2026-04-15 07:09:49,552 [INFO]     | 📊 Squad Lists downloaded: 1 file
2026-04-15 07:09:49,552 [INFO]     | 
2026-04-15 07:09:49,552 [INFO]     | 📁 CSV files saved in: /Users/marcuswagner/coding/AFL_dashboard/wheelo_downloads
2026-04-15 07:09:49,552 [INFO] START [wheelo_match_stats] Scrape Wheelo match-by-match player ratings + Brownlow predictions (Selenium)
2026-04-15 07:09:49,552 [INFO]   Running: /opt/homebrew/Caskroom/miniconda/base/envs/afl/bin/python /Users/marcuswagner/coding/AFL_dashboard/scrape_wheelo_match_stats.py --brownlow
2026-04-15 07:10:47,471 [INFO]   DONE [wheelo_match_stats] in 57.9s
2026-04-15 07:10:47,472 [INFO]     | ============================================================
2026-04-15 07:10:47,472 [INFO]     | 🔧 Chrome driver attempt 1/3…
2026-04-15 07:10:47,472 [INFO]     | ✅ Chrome driver ready
2026-04-15 07:10:47,472 [INFO]     | 
2026-04-15 07:10:47,472 [INFO]     | 💾 Saved 2070 rows → /Users/marcuswagner/coding/AFL_dashboard/data/raw/player/brownlow_predictions_2026.csv
2026-04-15 07:10:47,472 [INFO]   SKIP [traits_api] – Skipped: only runs on Mon, Tue, Sun
2026-04-15 07:10:47,472 [INFO] START [wheelo_to_raw] Copy Wheelo team stats to raw data folder for ratings pipeline
2026-04-15 07:10:47,810 [INFO]   Backed up team_stats_2026.csv → backups/team_stats_2026_20260415_071047.csv
2026-04-15 07:10:47,813 [INFO]   Copied Wheelo 2026 Season -> team_stats_2026.csv (18 teams)
2026-04-15 07:10:47,829 [INFO]   Backed up team_stats_2026_L10.csv → backups/team_stats_2026_L10_20260415_071047.csv
2026-04-15 07:10:47,830 [INFO]   Copied Wheelo 2026 L10 -> team_stats_2026_L10.csv (18 teams)
2026-04-15 07:10:47,852 [INFO]   Backed up team_stats_2026_L5.csv → backups/team_stats_2026_L5_20260415_071047.csv
2026-04-15 07:10:47,853 [INFO]   Copied Wheelo 2026 L5 -> team_stats_2026_L5.csv (18 teams)
2026-04-15 07:10:47,853 [INFO]   DONE [wheelo_to_raw] in 0.4s
2026-04-15 07:10:47,854 [INFO] START [build_season] Build season data files (squads, stats, traits CSVs)
2026-04-15 07:10:47,854 [INFO]   Running: /opt/homebrew/Caskroom/miniconda/base/envs/afl/bin/python /Users/marcuswagner/coding/AFL_dashboard/build_season_data.py 
2026-04-15 07:10:48,123 [INFO]   DONE [build_season] in 0.3s
2026-04-15 07:10:48,123 [INFO]     |   Western Bulldogs      43 players  Avg Age: 24.4  Avg Games: 74
2026-04-15 07:10:48,123 [INFO]     | 
2026-04-15 07:10:48,123 [INFO]     | ============================================================
2026-04-15 07:10:48,123 [INFO]     | ✅ 2026 DATA BUILD COMPLETE
2026-04-15 07:10:48,123 [INFO]     | ============================================================
2026-04-15 07:10:48,123 [INFO] START [wheelo_player_to_raw] Merge Wheelo player season data (matches, ratings) into raw player CSVs
2026-04-15 07:10:48,268 [INFO]   Wheelo Wheelo 2026 Season: 526 players, 18 teams
2026-04-15 07:10:48,285 [INFO]   Name mappings (39): {'Tom Stewart': 'Thomas Stewart', 'Lachie Jones': 'Lachlan Jones', 'Connor Macdonald': 'Connor MacDonald', 'Ollie Wines': 'Oliver Wines', 'Zach Merrett': 'Zachary Merrett', 'Brad Close': 'Bradley Close', 'Tom Liberatore': 'Thomas Liberatore', 'Zac Williams': 'Zachary Williams', 'Tim English': 'Timothy English', 'Mitch Owens': 'Mitchito Owens', 'Archer May': 'Archie May', 'Sam Grlj': 'Samuel Grlj', 'Cam Mackenzie': 'Cameron Mackenzie', 'Josh Weddle': 'Joshua Weddle', 'Joe Fonti': 'Joseph Fonti', 'Sam Collins': 'Samuel Collins', 'Lachie Weller': 'Lachlan Weller', 'Jack Macrae': 'Jackson Macrae', 'Christopher Scerri': 'Chris Scerri', 'William Hayes': 'Will Hayes', 'Matthew Owies': 'Matt Owies', 'Oliver Dempsey': 'Ollie Dempsey', 'Matt Roberts': 'Matthew Roberts', 'Lachie Ash': 'Lachlan Ash', 'Jacob van Rooyen': 'Jacob Van Rooyen', 'Matthew Johnson': 'Matt Johnson', 'Dan Butler': 'Daniel Butler', 'Matthew Carroll': 'Matt Carroll', 'Lachie Schultz': 'Lachlan Schultz', 'Mitch Knevitt': 'Mitchell Knevitt', 'Nicholas Madden': 'Nick Madden', 'Harry Himmelberg': 'Harrison Himmelberg', 'Cam Rayner': 'Cameron Rayner', 'Lachie Fogarty': 'Lachlan Fogarty', 'Matt Flynn': 'Matthew Flynn', 'Leonardo Lombard': 'Leo Lombard', 'Lachlan Sullivan': 'Lachie Sullivan', 'Thomas Edwards': 'Tom Edwards', 'Mitch Lewis': 'Mitchell Lewis'}
2026-04-15 07:10:48,294 [INFO]   Backed up player_stats_2026.csv → backups/player_stats_2026_20260415_071048.csv
2026-04-15 07:10:48,296 [INFO]   Updated player_stats_2026.csv: 526 players with matches from Wheelo
2026-04-15 07:10:48,313 [INFO]   Backed up squads_2026.csv → backups/squads_2026_20260415_071048.csv
2026-04-15 07:10:48,315 [INFO]   Updated squads_2026.csv: 526 players matched from Wheelo
2026-04-15 07:10:48,315 [INFO]   DONE [wheelo_player_to_raw] in 0.2s
2026-04-15 07:10:48,316 [INFO] START [regenerate_ratings] Regenerate computed team summaries and ladders
2026-04-15 07:10:48,316 [INFO]   Running: /opt/homebrew/Caskroom/miniconda/base/envs/afl/bin/python /Users/marcuswagner/coding/AFL_dashboard/regenerate_ratings.py 
2026-04-15 07:10:48,590 [INFO]   DONE [regenerate_ratings] in 0.3s
2026-04-15 07:10:48,590 [INFO]     | Skipping 2025 Last 5 - no raw data
2026-04-15 07:10:48,590 [INFO]     | 
2026-04-15 07:10:48,590 [INFO]     | ============================================================
2026-04-15 07:10:48,590 [INFO]     | DONE!
2026-04-15 07:10:48,590 [INFO]     | ============================================================
2026-04-15 07:10:48,590 [INFO] START [refresh_master_ladders] Update master workbook Team_Ladders_All with freshly-scraped ladder data
2026-04-15 07:11:01,120 [INFO]   Refreshed Team_Ladders_All: 287 rows
2026-04-15 07:11:01,123 [INFO]   DONE [refresh_master_ladders] in 12.5s
2026-04-15 07:11:01,123 [INFO] START [update_photos] Download photos for any new/missing players
2026-04-15 07:11:01,123 [INFO]   Running: /opt/homebrew/Caskroom/miniconda/base/envs/afl/bin/python /Users/marcuswagner/coding/AFL_dashboard/auto_update_photos.py 
2026-04-15 07:13:50,467 [INFO]   DONE [update_photos] in 169.3s
2026-04-15 07:13:50,468 [INFO]     | 
2026-04-15 07:13:50,468 [INFO] START [validate_freshness] Validate pipeline output files are present and fresh
2026-04-15 07:13:50,468 [INFO]   Running: /opt/homebrew/Caskroom/miniconda/base/envs/afl/bin/python /Users/marcuswagner/coding/AFL_dashboard/validate_pipeline_freshness.py 
2026-04-15 07:13:50,500 [INFO]   DONE [validate_freshness] in 0.0s
2026-04-15 07:13:50,500 [INFO]     |   ✓ FRESH    footywire_drafts_history.csv  (07:09)
2026-04-15 07:13:50,500 [INFO]     |   ⊘ OPTIONAL footywire_2026_with_traits.csv  (stale — 9.9h ago)
2026-04-15 07:13:50,500 [INFO]     |   ✓ FRESH    traits_2026.csv  (07:10)
2026-04-15 07:13:50,500 [INFO]     | 
2026-04-15 07:13:50,500 [INFO]     | ✅ All required files are present and fresh.
2026-04-15 07:13:50,500 [INFO] START [validate_schemas] Validate CSV output schemas (columns, row counts, data quality)
2026-04-15 07:13:50,511 [INFO]   DONE [validate_schemas] 0 warning(s) in 0.0s
2026-04-15 07:13:50,511 [INFO] START [data_diff_check] Compare pipeline outputs against backups and alert on anomalies
2026-04-15 07:13:50,521 [WARNING] ⚠️ Data-diff alerts (1 issue(s)):
  • COLUMNS LOST: traits_2026.csv lost 4 column(s): Aerial_Rating, Ball Use_Rating, Ball Winning_Rating, Defence_Rating
2026-04-15 07:13:55,306 [INFO] Email sent to marcus.wagner@futureedgesport.com.au
2026-04-15 07:13:55,307 [INFO]   DONE [data_diff_check] with alerts in 0.0s
2026-04-15 07:13:55,307 [INFO] 
2026-04-15 07:13:55,307 [INFO] ============================================================
2026-04-15 07:13:55,307 [INFO] UPDATE SUMMARY
2026-04-15 07:13:55,307 [INFO] ============================================================
2026-04-15 07:13:55,307 [INFO]   ✓ footywire_squads: OK
2026-04-15 07:13:55,307 [INFO]   ✓ footywire_extended: OK
2026-04-15 07:13:55,308 [INFO]   ✓ afl_ladders: OK
2026-04-15 07:13:55,308 [INFO]   ✓ wheelo_ratings: OK
2026-04-15 07:13:55,308 [INFO]   ✓ wheelo_match_stats: OK
2026-04-15 07:13:55,308 [INFO]   ⊘ traits_api: SKIPPED: Skipped: only runs on Mon, Tue, Sun
2026-04-15 07:13:55,308 [INFO]   ✓ wheelo_to_raw: OK
2026-04-15 07:13:55,308 [INFO]   ✓ build_season: OK
2026-04-15 07:13:55,308 [INFO]   ✓ wheelo_player_to_raw: OK
2026-04-15 07:13:55,308 [INFO]   ✓ regenerate_ratings: OK
2026-04-15 07:13:55,308 [INFO]   ✓ refresh_master_ladders: OK
2026-04-15 07:13:55,308 [INFO]   ✓ update_photos: OK
2026-04-15 07:13:55,309 [INFO]   ✓ validate_freshness: OK
2026-04-15 07:13:55,309 [INFO]   ✓ validate_schemas: OK
2026-04-15 07:13:55,309 [INFO]   ✓ data_diff_check: OK
2026-04-15 07:13:55,309 [INFO] 
2026-04-15 07:13:55,309 [INFO] Results: 15 passed, 0 failed, 1 skipped
2026-04-15 07:13:55,309 [INFO] Total time: 830s (13.8 min)
2026-04-15 07:13:55,309 [INFO] Log: /Users/marcuswagner/coding/AFL_dashboard/logs/scheduled_update_2026-04-15_0700.log
2026-04-15 07:13:55,354 [INFO] Stopped Streamlit (PIDs: 24977)
2026-04-15 07:13:57,449 [INFO] Restarted Streamlit app.
2026-04-15 07:13:57,450 [WARNING] 
⚠️  Completed with 1 skipped step(s).
2026-04-15 07:14:02,787 [INFO] Email sent to marcus.wagner@futureedgesport.com.au
==========================================
==========================================
AFL Dashboard – Scheduled Update
AFL Dashboard – Scheduled Update
Thu Apr 16 07:00:02 AEST 2026
==========================================
Thu Apr 16 07:00:02 AEST 2026
==========================================
Using conda env: afl
Using conda env: afl
2026-04-16 07:00:04,166 [INFO] Log file: /Users/marcuswagner/coding/AFL_dashboard/logs/scheduled_update_2026-04-16_0700.log
2026-04-16 07:00:04,166 [INFO] Log file: /Users/marcuswagner/coding/AFL_dashboard/logs/scheduled_update_2026-04-16_0700.log
2026-04-16 07:00:04,166 [INFO] ============================================================
2026-04-16 07:00:04,166 [INFO] ============================================================
2026-04-16 07:00:04,166 [INFO] AFL Dashboard – Scheduled Data Update
2026-04-16 07:00:04,166 [INFO] AFL Dashboard – Scheduled Data Update
2026-04-16 07:00:04,166 [INFO] Date: Thursday 16 April 2026 07:00
2026-04-16 07:00:04,166 [INFO] Date: Thursday 16 April 2026 07:00
2026-04-16 07:00:04,166 [INFO] Mode: FULL
2026-04-16 07:00:04,166 [INFO] Mode: FULL
2026-04-16 07:00:04,166 [INFO] ============================================================
2026-04-16 07:00:04,166 [INFO] ============================================================
2026-04-16 07:00:04,166 [INFO] Python: /opt/homebrew/Caskroom/miniconda/base/envs/afl/bin/python
2026-04-16 07:00:04,166 [INFO] Python: /opt/homebrew/Caskroom/miniconda/base/envs/afl/bin/python
2026-04-16 07:00:04,166 [INFO] 
Steps to run (15):
2026-04-16 07:00:04,166 [INFO] 
Steps to run (2):
2026-04-16 07:00:04,166 [INFO]   • footywire_squads: Scrape player squads from Footywire
2026-04-16 07:00:04,166 [INFO]   • wheelo_ratings: Scrape Wheelo team & player ratings (Selenium) [SLOW]
2026-04-16 07:00:04,166 [INFO]   • footywire_extended: Scrape contracts & draft history from Footywire
2026-04-16 07:00:04,166 [INFO]   • wheelo_match_stats: Scrape Wheelo match-by-match player ratings + Brownlow predictions (Selenium) [SLOW]
2026-04-16 07:00:04,166 [INFO]   • afl_ladders: Scrape AFL ladder standings from Footywire (current season)
2026-04-16 07:00:04,166 [INFO] 
2026-04-16 07:00:04,166 [INFO]   • wheelo_ratings: Scrape Wheelo team & player ratings (Selenium) [SLOW]
2026-04-16 07:00:04,166 [INFO]   • wheelo_match_stats: Scrape Wheelo match-by-match player ratings + Brownlow predictions (Selenium) [SLOW]
2026-04-16 07:00:04,166 [INFO] START [wheelo_ratings] Scrape Wheelo team & player ratings (Selenium)
2026-04-16 07:00:04,166 [INFO]   • traits_api: Fetch Traits API data for current-season players [SLOW]
2026-04-16 07:00:04,166 [INFO]   Running: /opt/homebrew/Caskroom/miniconda/base/envs/afl/bin/python /Users/marcuswagner/coding/AFL_dashboard/scrape_wheelo_ratings.py --all
2026-04-16 07:00:04,166 [INFO]   • wheelo_to_raw: Copy Wheelo team stats to raw data folder for ratings pipeline
2026-04-16 07:00:04,166 [INFO]   • build_season: Build season data files (squads, stats, traits CSVs)
2026-04-16 07:00:04,166 [INFO]   • wheelo_player_to_raw: Merge Wheelo player season data (matches, ratings) into raw player CSVs
2026-04-16 07:00:04,166 [INFO]   • regenerate_ratings: Regenerate computed team summaries and ladders
2026-04-16 07:00:04,166 [INFO]   • refresh_master_ladders: Update master workbook Team_Ladders_All with freshly-scraped ladder data
2026-04-16 07:00:04,166 [INFO]   • update_photos: Download photos for any new/missing players [SLOW]
2026-04-16 07:00:04,166 [INFO]   • validate_freshness: Validate pipeline output files are present and fresh
2026-04-16 07:00:04,166 [INFO]   • validate_schemas: Validate CSV output schemas (columns, row counts, data quality)
2026-04-16 07:00:04,166 [INFO]   • data_diff_check: Compare pipeline outputs against backups and alert on anomalies
2026-04-16 07:00:04,166 [INFO] 
2026-04-16 07:00:04,166 [INFO] START [footywire_squads] Scrape player squads from Footywire
2026-04-16 07:00:04,166 [INFO]   Running: /opt/homebrew/Caskroom/miniconda/base/envs/afl/bin/python /Users/marcuswagner/coding/AFL_dashboard/scrape_footywire.py 
2026-04-16 07:00:37,917 [INFO]   DONE [footywire_squads] in 33.8s
2026-04-16 07:00:37,918 [INFO]     | DefenderMidfieldForward      1
2026-04-16 07:00:37,918 [INFO]     | Name: count, dtype: int64
2026-04-16 07:00:37,918 [INFO]     | 
2026-04-16 07:00:37,918 [INFO]     | 
2026-04-16 07:00:37,918 [INFO]     | Updated DOB cache: 0 new entries
2026-04-16 07:00:37,918 [INFO] START [footywire_extended] Scrape contracts & draft history from Footywire
2026-04-16 07:00:37,918 [INFO]   Running: /opt/homebrew/Caskroom/miniconda/base/envs/afl/bin/python /Users/marcuswagner/coding/AFL_dashboard/scrape_footywire_extended.py --current-only
2026-04-16 07:00:53,879 [INFO]   DONE [wheelo_ratings] in 49.7s
2026-04-16 07:00:53,879 [INFO]     | 📊 Team Stats downloaded: 3 files
2026-04-16 07:00:53,879 [INFO]     | 📊 Player Stats downloaded: 3 files
2026-04-16 07:00:53,879 [INFO]     | 📊 Squad Lists downloaded: 1 file
2026-04-16 07:00:53,879 [INFO]     | 
2026-04-16 07:00:53,879 [INFO]     | 📁 CSV files saved in: /Users/marcuswagner/coding/AFL_dashboard/wheelo_downloads
2026-04-16 07:00:53,880 [INFO] START [wheelo_match_stats] Scrape Wheelo match-by-match player ratings + Brownlow predictions (Selenium)
2026-04-16 07:00:53,880 [INFO]   Running: /opt/homebrew/Caskroom/miniconda/base/envs/afl/bin/python /Users/marcuswagner/coding/AFL_dashboard/scrape_wheelo_match_stats.py --brownlow
2026-04-16 07:01:52,598 [INFO]   DONE [wheelo_match_stats] in 58.7s
2026-04-16 07:01:52,598 [INFO]     | ============================================================
2026-04-16 07:01:52,598 [INFO]     | 🔧 Chrome driver attempt 1/3…
2026-04-16 07:01:52,598 [INFO]     | ✅ Chrome driver ready
2026-04-16 07:01:52,598 [INFO]     | 
2026-04-16 07:01:52,598 [INFO]     | 💾 Saved 2070 rows → /Users/marcuswagner/coding/AFL_dashboard/data/raw/player/brownlow_predictions_2026.csv
2026-04-16 07:01:52,598 [INFO] 
2026-04-16 07:01:52,598 [INFO] ============================================================
2026-04-16 07:01:52,598 [INFO] UPDATE SUMMARY
2026-04-16 07:01:52,598 [INFO] ============================================================
2026-04-16 07:01:52,598 [INFO]   ✓ wheelo_ratings: OK
2026-04-16 07:01:52,598 [INFO]   ✓ wheelo_match_stats: OK
2026-04-16 07:01:52,598 [INFO] 
2026-04-16 07:01:52,598 [INFO] Results: 2 passed, 0 failed, 0 skipped
2026-04-16 07:01:52,598 [INFO] Total time: 108s (1.8 min)
2026-04-16 07:01:52,598 [INFO] Log: /Users/marcuswagner/coding/AFL_dashboard/logs/scheduled_update_2026-04-16_0700.log
2026-04-16 07:01:52,600 [INFO] Log rotation: removed 1 old log file(s)
2026-04-16 07:01:52,612 [INFO] Stopped Streamlit (PIDs: 33462)
2026-04-16 07:01:54,770 [INFO] Restarted Streamlit app.
2026-04-16 07:01:54,770 [INFO] 
✅ All steps completed successfully!
2026-04-16 07:01:59,998 [INFO] Email sent to marcus.wagner@futureedgesport.com.au
2026-04-16 07:09:46,242 [INFO]   DONE [footywire_extended] in 548.3s
2026-04-16 07:09:46,243 [INFO]     | 5  Adelaide    Brayden Cook           2026.0           Non-Free Agent      2020.0    National          1.0        25.0
2026-04-16 07:09:46,243 [INFO]     | 6  Adelaide     Indy Cotton           2027.0                  Unknown         NaN        None          NaN         NaN
2026-04-16 07:09:46,243 [INFO]     | 7  Adelaide   Isaac Cumming           2030.0           Non-Free Agent      2016.0    National          1.0        20.0
2026-04-16 07:09:46,243 [INFO]     | 8  Adelaide   Daniel Curtin           2029.0           Non-Free Agent      2023.0    National          1.0         8.0
2026-04-16 07:09:46,243 [INFO]     | 9  Adelaide   Jordan Dawson           2029.0    Restricted Free Agent      2015.0    National          4.0        56.0
2026-04-16 07:09:46,243 [INFO] START [afl_ladders] Scrape AFL ladder standings from Footywire (current season)
2026-04-16 07:09:46,243 [INFO]   Running: /opt/homebrew/Caskroom/miniconda/base/envs/afl/bin/python /Users/marcuswagner/coding/AFL_dashboard/scrape_afl_ladders.py --current-only
2026-04-16 07:09:48,310 [INFO]   DONE [afl_ladders] in 2.1s
2026-04-16 07:09:48,310 [INFO]     |   2026: 18 teams
2026-04-16 07:09:48,310 [INFO]     | 
2026-04-16 07:09:48,310 [INFO]     | ============================================================
2026-04-16 07:09:48,310 [INFO]     | Completed: 2026-04-16 07:09:48
2026-04-16 07:09:48,310 [INFO]     | ============================================================
2026-04-16 07:09:48,310 [INFO] START [wheelo_ratings] Scrape Wheelo team & player ratings (Selenium)
2026-04-16 07:09:48,310 [INFO]   Running: /opt/homebrew/Caskroom/miniconda/base/envs/afl/bin/python /Users/marcuswagner/coding/AFL_dashboard/scrape_wheelo_ratings.py --all
2026-04-16 07:10:35,137 [INFO]   DONE [wheelo_ratings] in 46.8s
2026-04-16 07:10:35,138 [INFO]     | 📊 Team Stats downloaded: 3 files
2026-04-16 07:10:35,138 [INFO]     | 📊 Player Stats downloaded: 3 files
2026-04-16 07:10:35,138 [INFO]     | 📊 Squad Lists downloaded: 1 file
2026-04-16 07:10:35,138 [INFO]     | 
2026-04-16 07:10:35,138 [INFO]     | 📁 CSV files saved in: /Users/marcuswagner/coding/AFL_dashboard/wheelo_downloads
2026-04-16 07:10:35,138 [INFO] START [wheelo_match_stats] Scrape Wheelo match-by-match player ratings + Brownlow predictions (Selenium)
2026-04-16 07:10:35,138 [INFO]   Running: /opt/homebrew/Caskroom/miniconda/base/envs/afl/bin/python /Users/marcuswagner/coding/AFL_dashboard/scrape_wheelo_match_stats.py --brownlow
2026-04-16 07:11:35,770 [INFO]   DONE [wheelo_match_stats] in 60.6s
2026-04-16 07:11:35,770 [INFO]     | ============================================================
2026-04-16 07:11:35,771 [INFO]     | 🔧 Chrome driver attempt 1/3…
2026-04-16 07:11:35,771 [INFO]     | ✅ Chrome driver ready
2026-04-16 07:11:35,771 [INFO]     | 
2026-04-16 07:11:35,771 [INFO]     | 💾 Saved 2070 rows → /Users/marcuswagner/coding/AFL_dashboard/data/raw/player/brownlow_predictions_2026.csv
2026-04-16 07:11:35,771 [INFO]   SKIP [traits_api] – Skipped: only runs on Mon, Tue, Sun
2026-04-16 07:11:35,771 [INFO] START [wheelo_to_raw] Copy Wheelo team stats to raw data folder for ratings pipeline
2026-04-16 07:11:36,116 [INFO]   Backed up team_stats_2026.csv → backups/team_stats_2026_20260416_071136.csv
2026-04-16 07:11:36,118 [INFO]   Copied Wheelo 2026 Season -> team_stats_2026.csv (18 teams)
2026-04-16 07:11:36,134 [INFO]   Backed up team_stats_2026_L10.csv → backups/team_stats_2026_L10_20260416_071136.csv
2026-04-16 07:11:36,136 [INFO]   Copied Wheelo 2026 L10 -> team_stats_2026_L10.csv (18 teams)
2026-04-16 07:11:36,157 [INFO]   Backed up team_stats_2026_L5.csv → backups/team_stats_2026_L5_20260416_071136.csv
2026-04-16 07:11:36,159 [INFO]   Copied Wheelo 2026 L5 -> team_stats_2026_L5.csv (18 teams)
2026-04-16 07:11:36,159 [INFO]   DONE [wheelo_to_raw] in 0.4s
2026-04-16 07:11:36,159 [INFO] START [build_season] Build season data files (squads, stats, traits CSVs)
2026-04-16 07:11:36,159 [INFO]   Running: /opt/homebrew/Caskroom/miniconda/base/envs/afl/bin/python /Users/marcuswagner/coding/AFL_dashboard/build_season_data.py 
2026-04-16 07:11:36,432 [INFO]   DONE [build_season] in 0.3s
2026-04-16 07:11:36,432 [INFO]     |   Western Bulldogs      43 players  Avg Age: 24.4  Avg Games: 74
2026-04-16 07:11:36,432 [INFO]     | 
2026-04-16 07:11:36,432 [INFO]     | ============================================================
2026-04-16 07:11:36,432 [INFO]     | ✅ 2026 DATA BUILD COMPLETE
2026-04-16 07:11:36,432 [INFO]     | ============================================================
2026-04-16 07:11:36,432 [INFO] START [wheelo_player_to_raw] Merge Wheelo player season data (matches, ratings) into raw player CSVs
2026-04-16 07:11:36,577 [INFO]   Wheelo Wheelo 2026 Season: 526 players, 18 teams
2026-04-16 07:11:36,594 [INFO]   Name mappings (39): {'Sam Grlj': 'Samuel Grlj', 'Thomas Edwards': 'Tom Edwards', 'Lachie Jones': 'Lachlan Jones', 'Lachie Schultz': 'Lachlan Schultz', 'Jacob van Rooyen': 'Jacob Van Rooyen', 'Mitch Lewis': 'Mitchell Lewis', 'Zach Merrett': 'Zachary Merrett', 'Harry Himmelberg': 'Harrison Himmelberg', 'Zac Williams': 'Zachary Williams', 'Matt Roberts': 'Matthew Roberts', 'Ollie Wines': 'Oliver Wines', 'Nicholas Madden': 'Nick Madden', 'Josh Weddle': 'Joshua Weddle', 'Lachie Ash': 'Lachlan Ash', 'Jack Macrae': 'Jackson Macrae', 'Mitch Knevitt': 'Mitchell Knevitt', 'Tim English': 'Timothy English', 'Leonardo Lombard': 'Leo Lombard', 'Lachlan Sullivan': 'Lachie Sullivan', 'Brad Close': 'Bradley Close', 'Joe Fonti': 'Joseph Fonti', 'Cam Rayner': 'Cameron Rayner', 'Archer May': 'Archie May', 'Cam Mackenzie': 'Cameron Mackenzie', 'Sam Collins': 'Samuel Collins', 'Connor Macdonald': 'Connor MacDonald', 'Oliver Dempsey': 'Ollie Dempsey', 'Matt Flynn': 'Matthew Flynn', 'Tom Liberatore': 'Thomas Liberatore', 'Lachie Fogarty': 'Lachlan Fogarty', 'Tom Stewart': 'Thomas Stewart', 'Matthew Carroll': 'Matt Carroll', 'Matthew Owies': 'Matt Owies', 'Lachie Weller': 'Lachlan Weller', 'Matthew Johnson': 'Matt Johnson', 'Dan Butler': 'Daniel Butler', 'William Hayes': 'Will Hayes', 'Christopher Scerri': 'Chris Scerri', 'Mitch Owens': 'Mitchito Owens'}
2026-04-16 07:11:36,603 [INFO]   Backed up player_stats_2026.csv → backups/player_stats_2026_20260416_071136.csv
2026-04-16 07:11:36,605 [INFO]   Updated player_stats_2026.csv: 526 players with matches from Wheelo
2026-04-16 07:11:36,622 [INFO]   Backed up squads_2026.csv → backups/squads_2026_20260416_071136.csv
2026-04-16 07:11:36,625 [INFO]   Updated squads_2026.csv: 526 players matched from Wheelo
2026-04-16 07:11:36,625 [INFO]   DONE [wheelo_player_to_raw] in 0.2s
2026-04-16 07:11:36,625 [INFO] START [regenerate_ratings] Regenerate computed team summaries and ladders
2026-04-16 07:11:36,625 [INFO]   Running: /opt/homebrew/Caskroom/miniconda/base/envs/afl/bin/python /Users/marcuswagner/coding/AFL_dashboard/regenerate_ratings.py 
2026-04-16 07:11:36,898 [INFO]   DONE [regenerate_ratings] in 0.3s
2026-04-16 07:11:36,899 [INFO]     | Skipping 2025 Last 5 - no raw data
2026-04-16 07:11:36,899 [INFO]     | 
2026-04-16 07:11:36,899 [INFO]     | ============================================================
2026-04-16 07:11:36,899 [INFO]     | DONE!
2026-04-16 07:11:36,899 [INFO]     | ============================================================
2026-04-16 07:11:36,899 [INFO] START [refresh_master_ladders] Update master workbook Team_Ladders_All with freshly-scraped ladder data
2026-04-16 07:11:49,316 [INFO]   Refreshed Team_Ladders_All: 287 rows
2026-04-16 07:11:49,319 [INFO]   DONE [refresh_master_ladders] in 12.4s
2026-04-16 07:11:49,319 [INFO] START [update_photos] Download photos for any new/missing players
2026-04-16 07:11:49,319 [INFO]   Running: /opt/homebrew/Caskroom/miniconda/base/envs/afl/bin/python /Users/marcuswagner/coding/AFL_dashboard/auto_update_photos.py 
2026-04-16 07:14:40,978 [INFO]   DONE [update_photos] in 171.7s
2026-04-16 07:14:40,979 [INFO]     | 
2026-04-16 07:14:40,979 [INFO] START [validate_freshness] Validate pipeline output files are present and fresh
2026-04-16 07:14:40,979 [INFO]   Running: /opt/homebrew/Caskroom/miniconda/base/envs/afl/bin/python /Users/marcuswagner/coding/AFL_dashboard/validate_pipeline_freshness.py 
2026-04-16 07:14:41,010 [INFO]   DONE [validate_freshness] in 0.0s
2026-04-16 07:14:41,010 [INFO]     |   ✓ FRESH    footywire_drafts_history.csv  (07:09)
2026-04-16 07:14:41,010 [INFO]     |   ⊘ OPTIONAL footywire_2026_with_traits.csv  (stale — 15.3h ago)
2026-04-16 07:14:41,010 [INFO]     |   ✓ FRESH    traits_2026.csv  (07:11)
2026-04-16 07:14:41,010 [INFO]     | 
2026-04-16 07:14:41,010 [INFO]     | ✅ All required files are present and fresh.
2026-04-16 07:14:41,010 [INFO] START [validate_schemas] Validate CSV output schemas (columns, row counts, data quality)
2026-04-16 07:14:41,022 [INFO]   DONE [validate_schemas] 0 warning(s) in 0.0s
2026-04-16 07:14:41,022 [INFO] START [data_diff_check] Compare pipeline outputs against backups and alert on anomalies
2026-04-16 07:14:41,033 [INFO]   DONE [data_diff_check] no anomalies in 0.0s
2026-04-16 07:14:41,033 [INFO] 
2026-04-16 07:14:41,033 [INFO] ============================================================
2026-04-16 07:14:41,033 [INFO] UPDATE SUMMARY
2026-04-16 07:14:41,033 [INFO] ============================================================
2026-04-16 07:14:41,033 [INFO]   ✓ footywire_squads: OK
2026-04-16 07:14:41,033 [INFO]   ✓ footywire_extended: OK
2026-04-16 07:14:41,033 [INFO]   ✓ afl_ladders: OK
2026-04-16 07:14:41,033 [INFO]   ✓ wheelo_ratings: OK
2026-04-16 07:14:41,033 [INFO]   ✓ wheelo_match_stats: OK
2026-04-16 07:14:41,033 [INFO]   ⊘ traits_api: SKIPPED: Skipped: only runs on Mon, Tue, Sun
2026-04-16 07:14:41,033 [INFO]   ✓ wheelo_to_raw: OK
2026-04-16 07:14:41,033 [INFO]   ✓ build_season: OK
2026-04-16 07:14:41,033 [INFO]   ✓ wheelo_player_to_raw: OK
2026-04-16 07:14:41,033 [INFO]   ✓ regenerate_ratings: OK
2026-04-16 07:14:41,033 [INFO]   ✓ refresh_master_ladders: OK
2026-04-16 07:14:41,033 [INFO]   ✓ update_photos: OK
2026-04-16 07:14:41,033 [INFO]   ✓ validate_freshness: OK
2026-04-16 07:14:41,033 [INFO]   ✓ validate_schemas: OK
2026-04-16 07:14:41,033 [INFO]   ✓ data_diff_check: OK
2026-04-16 07:14:41,033 [INFO] 
2026-04-16 07:14:41,033 [INFO] Results: 15 passed, 0 failed, 1 skipped
2026-04-16 07:14:41,033 [INFO] Total time: 877s (14.6 min)
2026-04-16 07:14:41,033 [INFO] Log: /Users/marcuswagner/coding/AFL_dashboard/logs/scheduled_update_2026-04-16_0700.log
2026-04-16 07:14:41,047 [INFO] Stopped Streamlit (PIDs: 87635)
2026-04-16 07:14:43,199 [INFO] Restarted Streamlit app.
2026-04-16 07:14:43,199 [WARNING] 
⚠️  Completed with 1 skipped step(s).
2026-04-16 07:14:48,707 [INFO] Email sent to marcus.wagner@futureedgesport.com.au
==========================================
==========================================
AFL Dashboard – Scheduled Update
AFL Dashboard – Scheduled Update
Fri Apr 17 07:04:36 AEST 2026
Fri Apr 17 07:04:36 AEST 2026
==========================================
==========================================
Using conda env: afl
Using conda env: afl
2026-04-17 07:04:37,982 [INFO] Log file: /Users/marcuswagner/coding/AFL_dashboard/logs/scheduled_update_2026-04-17_0704.log
2026-04-17 07:04:37,982 [INFO] Log file: /Users/marcuswagner/coding/AFL_dashboard/logs/scheduled_update_2026-04-17_0704.log
2026-04-17 07:04:37,982 [INFO] ============================================================
2026-04-17 07:04:37,982 [INFO] ============================================================
2026-04-17 07:04:37,982 [INFO] AFL Dashboard – Scheduled Data Update
2026-04-17 07:04:37,982 [INFO] AFL Dashboard – Scheduled Data Update
2026-04-17 07:04:37,982 [INFO] Date: Friday 17 April 2026 07:04
2026-04-17 07:04:37,982 [INFO] Date: Friday 17 April 2026 07:04
2026-04-17 07:04:37,982 [INFO] Mode: FULL
2026-04-17 07:04:37,982 [INFO] Mode: FULL
2026-04-17 07:04:37,982 [INFO] ============================================================
2026-04-17 07:04:37,982 [INFO] ============================================================
2026-04-17 07:04:37,982 [INFO] Python: /opt/homebrew/Caskroom/miniconda/base/envs/afl/bin/python
2026-04-17 07:04:37,982 [INFO] Python: /opt/homebrew/Caskroom/miniconda/base/envs/afl/bin/python
2026-04-17 07:04:37,982 [INFO] 
Steps to run (2):
2026-04-17 07:04:37,982 [INFO] 
Steps to run (17):
2026-04-17 07:04:37,982 [INFO]   • wheelo_ratings: Scrape Wheelo team & player ratings (Selenium) [SLOW]
2026-04-17 07:04:37,982 [INFO]   • footywire_squads: Scrape player squads from Footywire
2026-04-17 07:04:37,982 [INFO]   • wheelo_match_stats: Scrape Wheelo match-by-match player ratings + Brownlow predictions (Selenium) [SLOW]
2026-04-17 07:04:37,982 [INFO]   • footywire_extended: Scrape contracts & draft history from Footywire
2026-04-17 07:04:37,982 [INFO] 
2026-04-17 07:04:37,982 [INFO]   • afl_ladders: Scrape AFL ladder standings from Footywire (current season)
2026-04-17 07:04:37,982 [INFO]   • wheelo_ratings: Scrape Wheelo team & player ratings (Selenium) [SLOW]
2026-04-17 07:04:37,982 [INFO] START [wheelo_ratings] Scrape Wheelo team & player ratings (Selenium)
2026-04-17 07:04:37,982 [INFO]   • wheelo_match_stats: Scrape Wheelo match-by-match player ratings + Brownlow predictions (Selenium) [SLOW]
2026-04-17 07:04:37,982 [INFO]   Running: /opt/homebrew/Caskroom/miniconda/base/envs/afl/bin/python /Users/marcuswagner/coding/AFL_dashboard/scrape_wheelo_ratings.py --all
2026-04-17 07:04:37,982 [INFO]   • traits_api: Fetch Traits API data for current-season players [SLOW]
2026-04-17 07:04:37,982 [INFO]   • wheelo_to_raw: Copy Wheelo team stats to raw data folder for ratings pipeline
2026-04-17 07:04:37,982 [INFO]   • build_season: Build season data files (squads, stats, traits CSVs)
2026-04-17 07:04:37,982 [INFO]   • wheelo_player_to_raw: Merge Wheelo player season data (matches, ratings) into raw player CSVs
2026-04-17 07:04:37,982 [INFO]   • regenerate_ratings: Regenerate computed team summaries and ladders
2026-04-17 07:04:37,982 [INFO]   • refresh_master_ladders: Update master workbook Team_Ladders_All with freshly-scraped ladder data
2026-04-17 07:04:37,982 [INFO]   • update_photos: Download photos for any new/missing players [SLOW]
2026-04-17 07:04:37,982 [INFO]   • validate_freshness: Validate pipeline output files are present and fresh
2026-04-17 07:04:37,982 [INFO]   • validate_schemas: Validate CSV output schemas (columns, row counts, data quality)
2026-04-17 07:04:37,982 [INFO]   • data_diff_check: Compare pipeline outputs against backups and alert on anomalies
2026-04-17 07:04:37,982 [INFO]   • team_selections: Scrape team selections & fixture from FootyWire + Squiggle API
2026-04-17 07:04:37,982 [INFO]   • validate_selections: Validate announced squads against actual match-day players
2026-04-17 07:04:37,982 [INFO] 
2026-04-17 07:04:37,982 [INFO] START [footywire_squads] Scrape player squads from Footywire
2026-04-17 07:04:37,982 [INFO]   Running: /opt/homebrew/Caskroom/miniconda/base/envs/afl/bin/python /Users/marcuswagner/coding/AFL_dashboard/scrape_footywire.py 
2026-04-17 07:47:00,634 [INFO]   DONE [wheelo_ratings] in 2542.7s
2026-04-17 07:47:00,634 [INFO]     | 📊 Team Stats downloaded: 3 files
2026-04-17 07:47:00,634 [INFO]     | 📊 Player Stats downloaded: 3 files
2026-04-17 07:47:00,634 [INFO]     | 📊 Squad Lists downloaded: 1 file
2026-04-17 07:47:00,634 [INFO]     | 
2026-04-17 07:47:00,634 [INFO]     | 📁 CSV files saved in: /Users/marcuswagner/coding/AFL_dashboard/wheelo_downloads
2026-04-17 07:47:00,634 [INFO] START [wheelo_match_stats] Scrape Wheelo match-by-match player ratings + Brownlow predictions (Selenium)
2026-04-17 07:47:00,635 [INFO]   Running: /opt/homebrew/Caskroom/miniconda/base/envs/afl/bin/python /Users/marcuswagner/coding/AFL_dashboard/scrape_wheelo_match_stats.py --brownlow
2026-04-17 07:47:08,768 [INFO]   DONE [footywire_squads] in 2550.8s
2026-04-17 07:47:08,768 [INFO]     | DefenderMidfieldForward      1
2026-04-17 07:47:08,768 [INFO]     | Name: count, dtype: int64
2026-04-17 07:47:08,768 [INFO]     | 
2026-04-17 07:47:08,768 [INFO]     | 
2026-04-17 07:47:08,768 [INFO]     | Updated DOB cache: 0 new entries
2026-04-17 07:47:08,769 [INFO] START [footywire_extended] Scrape contracts & draft history from Footywire
2026-04-17 07:47:08,769 [INFO]   Running: /opt/homebrew/Caskroom/miniconda/base/envs/afl/bin/python /Users/marcuswagner/coding/AFL_dashboard/scrape_footywire_extended.py --current-only
2026-04-17 08:45:28,860 [ERROR]   FAILED [wheelo_match_stats] exit code 1 (3508.2s)
2026-04-17 08:45:28,860 [ERROR]     | 6   chromedriver                        0x0000000104755248 cxxbridge1$str$ptr + 2920364
2026-04-17 08:45:28,860 [ERROR]     | 7   chromedriver                        0x0000000104758a28 cxxbridge1$str$ptr + 2934668
2026-04-17 08:45:28,860 [ERROR]     | 8   chromedriver                        0x000000010473b1fc cxxbridge1$str$ptr + 2813792
2026-04-17 08:45:28,860 [ERROR]     | 9   chromedriver                        0x00000001047592a8 cxxbridge1$str$ptr + 2936844
2026-04-17 08:45:28,860 [ERROR]     | 10  chromedriver                        0x000000010472c024 cxxbridge1$str$ptr + 2751880
2026-04-17 08:45:28,860 [ERROR]     | 11  chromedriver                        0x000000010477e988 cxxbridge1$str$ptr + 3090156
2026-04-17 08:45:28,860 [ERROR]     | 12  chromedriver                        0x000000010477eb04 cxxbridge1$str$ptr + 3090536
2026-04-17 08:45:28,860 [ERROR]     | 13  chromedriver                        0x000000010478f6e4 cxxbridge1$str$ptr + 3159112
2026-04-17 08:45:28,860 [ERROR]     | 14  libsystem_pthread.dylib             0x000000019d915c08 _pthread_start + 136
2026-04-17 08:45:28,860 [ERROR]     | 15  libsystem_pthread.dylib             0x000000019d910ba8 thread_start + 8
2026-04-17 08:45:28,860 [ERROR]     | 
2026-04-17 08:45:28,860 [ERROR]     |   📋 Round 4 (round 4)
2026-04-17 08:45:28,860 [ERROR]     |     (no games found)
2026-04-17 08:45:28,860 [ERROR]     | 
2026-04-17 08:45:28,860 [ERROR]     |   📋 Round 5 (round 5)
2026-04-17 08:45:28,860 [INFO] 
2026-04-17 08:45:28,860 [INFO] ============================================================
2026-04-17 08:45:28,860 [INFO] UPDATE SUMMARY
2026-04-17 08:45:28,860 [INFO] ============================================================
2026-04-17 08:45:28,860 [INFO]   ✓ wheelo_ratings: OK
2026-04-17 08:45:28,860 [INFO]   ✗ wheelo_match_stats: FAILED: Exit code 1
2026-04-17 08:45:28,860 [INFO] 
2026-04-17 08:45:28,860 [INFO] Results: 1 passed, 1 failed, 0 skipped
2026-04-17 08:45:28,860 [INFO] Total time: 6051s (100.8 min)
2026-04-17 08:45:28,861 [INFO] Log: /Users/marcuswagner/coding/AFL_dashboard/logs/scheduled_update_2026-04-17_0704.log
2026-04-17 08:45:28,862 [INFO] Log rotation: removed 3 old log file(s)
2026-04-17 08:45:28,877 [INFO] Stopped Streamlit (PIDs: 87977)
2026-04-17 08:45:31,567 [INFO] Restarted Streamlit app.
2026-04-17 08:45:31,604 [WARNING] 
⚠️  1 step(s) failed. Check log for details.
2026-04-17 08:45:40,583 [INFO] Email sent to marcus.wagner@futureedgesport.com.au
2026-04-17 08:53:05,277 [INFO]   DONE [footywire_extended] in 3956.5s
2026-04-17 08:53:05,277 [INFO]     | 5  Adelaide    Brayden Cook           2026.0           Non-Free Agent      2020.0    National          1.0        25.0
2026-04-17 08:53:05,277 [INFO]     | 6  Adelaide     Indy Cotton           2027.0                  Unknown         NaN        None          NaN         NaN
2026-04-17 08:53:05,277 [INFO]     | 7  Adelaide   Isaac Cumming           2030.0           Non-Free Agent      2016.0    National          1.0        20.0
2026-04-17 08:53:05,277 [INFO]     | 8  Adelaide   Daniel Curtin           2029.0           Non-Free Agent      2023.0    National          1.0         8.0
2026-04-17 08:53:05,277 [INFO]     | 9  Adelaide   Jordan Dawson           2029.0    Restricted Free Agent      2015.0    National          4.0        56.0
2026-04-17 08:53:05,277 [INFO] START [afl_ladders] Scrape AFL ladder standings from Footywire (current season)
2026-04-17 08:53:05,277 [INFO]   Running: /opt/homebrew/Caskroom/miniconda/base/envs/afl/bin/python /Users/marcuswagner/coding/AFL_dashboard/scrape_afl_ladders.py --current-only
2026-04-17 08:53:07,416 [INFO]   DONE [afl_ladders] in 2.1s
2026-04-17 08:53:07,416 [INFO]     |   2026: 18 teams
2026-04-17 08:53:07,416 [INFO]     | 
2026-04-17 08:53:07,416 [INFO]     | ============================================================
2026-04-17 08:53:07,416 [INFO]     | Completed: 2026-04-17 08:53:07
2026-04-17 08:53:07,416 [INFO]     | ============================================================
2026-04-17 08:53:07,416 [INFO] START [wheelo_ratings] Scrape Wheelo team & player ratings (Selenium)
2026-04-17 08:53:07,416 [INFO]   Running: /opt/homebrew/Caskroom/miniconda/base/envs/afl/bin/python /Users/marcuswagner/coding/AFL_dashboard/scrape_wheelo_ratings.py --all
2026-04-17 08:53:49,163 [INFO]   DONE [wheelo_ratings] in 41.7s
2026-04-17 08:53:49,163 [INFO]     | 📊 Team Stats downloaded: 3 files
2026-04-17 08:53:49,163 [INFO]     | 📊 Player Stats downloaded: 3 files
2026-04-17 08:53:49,163 [INFO]     | 📊 Squad Lists downloaded: 1 file
2026-04-17 08:53:49,163 [INFO]     | 
2026-04-17 08:53:49,163 [INFO]     | 📁 CSV files saved in: /Users/marcuswagner/coding/AFL_dashboard/wheelo_downloads
2026-04-17 08:53:49,163 [INFO] START [wheelo_match_stats] Scrape Wheelo match-by-match player ratings + Brownlow predictions (Selenium)
2026-04-17 08:53:49,163 [INFO]   Running: /opt/homebrew/Caskroom/miniconda/base/envs/afl/bin/python /Users/marcuswagner/coding/AFL_dashboard/scrape_wheelo_match_stats.py --brownlow
2026-04-17 08:54:51,737 [INFO]   DONE [wheelo_match_stats] in 62.6s
2026-04-17 08:54:51,737 [INFO]     | ============================================================
2026-04-17 08:54:51,737 [INFO]     | 🔧 Chrome driver attempt 1/3…
2026-04-17 08:54:51,737 [INFO]     | ✅ Chrome driver ready
2026-04-17 08:54:51,737 [INFO]     | 
2026-04-17 08:54:51,737 [INFO]     | 💾 Saved 2070 rows → /Users/marcuswagner/coding/AFL_dashboard/data/raw/player/brownlow_predictions_2026.csv
2026-04-17 08:54:51,737 [INFO]   SKIP [traits_api] – Skipped: only runs on Mon, Tue, Sun
2026-04-17 08:54:51,737 [INFO] START [wheelo_to_raw] Copy Wheelo team stats to raw data folder for ratings pipeline
2026-04-17 08:54:52,102 [INFO]   Backed up team_stats_2026.csv → backups/team_stats_2026_20260417_085452.csv
2026-04-17 08:54:52,104 [INFO]   Copied Wheelo 2026 Season -> team_stats_2026.csv (18 teams)
2026-04-17 08:54:52,121 [INFO]   Backed up team_stats_2026_L10.csv → backups/team_stats_2026_L10_20260417_085452.csv
2026-04-17 08:54:52,122 [INFO]   Copied Wheelo 2026 L10 -> team_stats_2026_L10.csv (18 teams)
2026-04-17 08:54:52,146 [INFO]   Backed up team_stats_2026_L5.csv → backups/team_stats_2026_L5_20260417_085452.csv
2026-04-17 08:54:52,148 [INFO]   Copied Wheelo 2026 L5 -> team_stats_2026_L5.csv (18 teams)
2026-04-17 08:54:52,148 [INFO]   DONE [wheelo_to_raw] in 0.4s
2026-04-17 08:54:52,148 [INFO] START [build_season] Build season data files (squads, stats, traits CSVs)
2026-04-17 08:54:52,148 [INFO]   Running: /opt/homebrew/Caskroom/miniconda/base/envs/afl/bin/python /Users/marcuswagner/coding/AFL_dashboard/build_season_data.py 
2026-04-17 08:54:52,498 [INFO]   DONE [build_season] in 0.3s
2026-04-17 08:54:52,498 [INFO]     |   Western Bulldogs      43 players  Avg Age: 24.4  Avg Games: 74
2026-04-17 08:54:52,498 [INFO]     | 
2026-04-17 08:54:52,498 [INFO]     | ============================================================
2026-04-17 08:54:52,498 [INFO]     | ✅ 2026 DATA BUILD COMPLETE
2026-04-17 08:54:52,498 [INFO]     | ============================================================
2026-04-17 08:54:52,498 [INFO] START [wheelo_player_to_raw] Merge Wheelo player season data (matches, ratings) into raw player CSVs
2026-04-17 08:54:52,647 [INFO]   Wheelo Wheelo 2026 Season: 526 players, 18 teams
2026-04-17 08:54:52,664 [INFO]   Name mappings (39): {'Josh Weddle': 'Joshua Weddle', 'Sam Grlj': 'Samuel Grlj', 'Mitch Lewis': 'Mitchell Lewis', 'Tom Liberatore': 'Thomas Liberatore', 'Jacob van Rooyen': 'Jacob Van Rooyen', 'Thomas Edwards': 'Tom Edwards', 'Tim English': 'Timothy English', 'Cam Mackenzie': 'Cameron Mackenzie', 'Matt Roberts': 'Matthew Roberts', 'Harry Himmelberg': 'Harrison Himmelberg', 'Lachie Schultz': 'Lachlan Schultz', 'Connor Macdonald': 'Connor MacDonald', 'Brad Close': 'Bradley Close', 'Joe Fonti': 'Joseph Fonti', 'Mitch Owens': 'Mitchito Owens', 'Zach Merrett': 'Zachary Merrett', 'Sam Collins': 'Samuel Collins', 'Oliver Dempsey': 'Ollie Dempsey', 'Lachie Fogarty': 'Lachlan Fogarty', 'Matthew Johnson': 'Matt Johnson', 'Matt Flynn': 'Matthew Flynn', 'Matthew Carroll': 'Matt Carroll', 'Nicholas Madden': 'Nick Madden', 'Christopher Scerri': 'Chris Scerri', 'Archer May': 'Archie May', 'Cam Rayner': 'Cameron Rayner', 'Matthew Owies': 'Matt Owies', 'Dan Butler': 'Daniel Butler', 'Leonardo Lombard': 'Leo Lombard', 'Lachie Ash': 'Lachlan Ash', 'Tom Stewart': 'Thomas Stewart', 'Lachlan Sullivan': 'Lachie Sullivan', 'Zac Williams': 'Zachary Williams', 'Jack Macrae': 'Jackson Macrae', 'Lachie Weller': 'Lachlan Weller', 'Ollie Wines': 'Oliver Wines', 'William Hayes': 'Will Hayes', 'Mitch Knevitt': 'Mitchell Knevitt', 'Lachie Jones': 'Lachlan Jones'}
2026-04-17 08:54:52,673 [INFO]   Backed up player_stats_2026.csv → backups/player_stats_2026_20260417_085452.csv
2026-04-17 08:54:52,675 [INFO]   Updated player_stats_2026.csv: 526 players with matches from Wheelo
2026-04-17 08:54:52,693 [INFO]   Backed up squads_2026.csv → backups/squads_2026_20260417_085452.csv
2026-04-17 08:54:52,695 [INFO]   Updated squads_2026.csv: 526 players matched from Wheelo
2026-04-17 08:54:52,695 [INFO]   DONE [wheelo_player_to_raw] in 0.2s
2026-04-17 08:54:52,695 [INFO] START [regenerate_ratings] Regenerate computed team summaries and ladders
2026-04-17 08:54:52,695 [INFO]   Running: /opt/homebrew/Caskroom/miniconda/base/envs/afl/bin/python /Users/marcuswagner/coding/AFL_dashboard/regenerate_ratings.py 
2026-04-17 08:54:52,968 [INFO]   DONE [regenerate_ratings] in 0.3s
2026-04-17 08:54:52,968 [INFO]     | Skipping 2025 Last 5 - no raw data
2026-04-17 08:54:52,968 [INFO]     | 
2026-04-17 08:54:52,968 [INFO]     | ============================================================
2026-04-17 08:54:52,968 [INFO]     | DONE!
2026-04-17 08:54:52,968 [INFO]     | ============================================================
2026-04-17 08:54:52,968 [INFO] START [refresh_master_ladders] Update master workbook Team_Ladders_All with freshly-scraped ladder data
2026-04-17 08:55:07,066 [INFO]   Refreshed Team_Ladders_All: 287 rows
2026-04-17 08:55:07,066 [INFO]   DONE [refresh_master_ladders] in 14.1s
2026-04-17 08:55:07,066 [INFO] START [update_photos] Download photos for any new/missing players
2026-04-17 08:55:07,066 [INFO]   Running: /opt/homebrew/Caskroom/miniconda/base/envs/afl/bin/python /Users/marcuswagner/coding/AFL_dashboard/auto_update_photos.py 
2026-04-17 08:57:50,339 [INFO]   DONE [update_photos] in 163.3s
2026-04-17 08:57:50,340 [INFO]     | 
2026-04-17 08:57:50,340 [INFO] START [validate_freshness] Validate pipeline output files are present and fresh
2026-04-17 08:57:50,340 [INFO]   Running: /opt/homebrew/Caskroom/miniconda/base/envs/afl/bin/python /Users/marcuswagner/coding/AFL_dashboard/validate_pipeline_freshness.py 
2026-04-17 08:57:50,368 [INFO]   DONE [validate_freshness] in 0.0s
2026-04-17 08:57:50,368 [INFO]     |   ✓ FRESH    footywire_drafts_history.csv  (08:53)
2026-04-17 08:57:50,368 [INFO]     |   ⊘ OPTIONAL footywire_2026_with_traits.csv  (stale — 41.0h ago)
2026-04-17 08:57:50,368 [INFO]     |   ✓ FRESH    traits_2026.csv  (08:54)
2026-04-17 08:57:50,368 [INFO]     | 
2026-04-17 08:57:50,368 [INFO]     | ✅ All required files are present and fresh.
2026-04-17 08:57:50,368 [INFO] START [validate_schemas] Validate CSV output schemas (columns, row counts, data quality)
2026-04-17 08:57:50,383 [INFO]   DONE [validate_schemas] 0 warning(s) in 0.0s
2026-04-17 08:57:50,383 [INFO] START [data_diff_check] Compare pipeline outputs against backups and alert on anomalies
2026-04-17 08:57:50,394 [INFO]   DONE [data_diff_check] no anomalies in 0.0s
2026-04-17 08:57:50,394 [INFO] START [team_selections] Scrape team selections & fixture from FootyWire + Squiggle API
2026-04-17 08:57:50,394 [INFO]   Running: /opt/homebrew/Caskroom/miniconda/base/envs/afl/bin/python /Users/marcuswagner/coding/AFL_dashboard/scrape_team_selections.py 
2026-04-17 08:57:52,504 [INFO]   DONE [team_selections] in 2.1s
2026-04-17 08:57:52,504 [INFO]     | 
2026-04-17 08:57:52,504 [INFO]   SKIP [validate_selections] – Skipped: only runs on Mon, Tue
2026-04-17 08:57:52,504 [INFO] 
2026-04-17 08:57:52,504 [INFO] ============================================================
2026-04-17 08:57:52,504 [INFO] UPDATE SUMMARY
2026-04-17 08:57:52,504 [INFO] ============================================================
2026-04-17 08:57:52,504 [INFO]   ✓ footywire_squads: OK
2026-04-17 08:57:52,504 [INFO]   ✓ footywire_extended: OK
2026-04-17 08:57:52,504 [INFO]   ✓ afl_ladders: OK
2026-04-17 08:57:52,504 [INFO]   ✓ wheelo_ratings: OK
2026-04-17 08:57:52,504 [INFO]   ✓ wheelo_match_stats: OK
2026-04-17 08:57:52,504 [INFO]   ⊘ traits_api: SKIPPED: Skipped: only runs on Mon, Tue, Sun
2026-04-17 08:57:52,504 [INFO]   ✓ wheelo_to_raw: OK
2026-04-17 08:57:52,504 [INFO]   ✓ build_season: OK
2026-04-17 08:57:52,504 [INFO]   ✓ wheelo_player_to_raw: OK
2026-04-17 08:57:52,504 [INFO]   ✓ regenerate_ratings: OK
2026-04-17 08:57:52,504 [INFO]   ✓ refresh_master_ladders: OK
2026-04-17 08:57:52,504 [INFO]   ✓ update_photos: OK
2026-04-17 08:57:52,504 [INFO]   ✓ validate_freshness: OK
2026-04-17 08:57:52,504 [INFO]   ✓ validate_schemas: OK
2026-04-17 08:57:52,504 [INFO]   ✓ data_diff_check: OK
2026-04-17 08:57:52,504 [INFO]   ✓ team_selections: OK
2026-04-17 08:57:52,504 [INFO]   ⊘ validate_selections: SKIPPED: Skipped: only runs on Mon, Tue
2026-04-17 08:57:52,504 [INFO] 
2026-04-17 08:57:52,504 [INFO] Results: 17 passed, 0 failed, 2 skipped
2026-04-17 08:57:52,504 [INFO] Total time: 6795s (113.2 min)
2026-04-17 08:57:52,504 [INFO] Log: /Users/marcuswagner/coding/AFL_dashboard/logs/scheduled_update_2026-04-17_0704.log
2026-04-17 08:57:52,519 [INFO] Stopped Streamlit (PIDs: 36292)
2026-04-17 08:57:54,608 [INFO] Restarted Streamlit app.
2026-04-17 08:57:54,609 [WARNING] 
⚠️  Completed with 2 skipped step(s).
2026-04-17 08:58:00,277 [INFO] Email sent to marcus.wagner@futureedgesport.com.au
==========================================
AFL Dashboard – Scheduled Update
Fri Apr 17 19:14:49 AEST 2026
==========================================
Using conda env: afl
2026-04-17 19:14:50,926 [INFO] Log file: /Users/marcuswagner/coding/AFL_dashboard/logs/scheduled_update_2026-04-17_1914.log
2026-04-17 19:14:50,927 [INFO] ============================================================
2026-04-17 19:14:50,927 [INFO] AFL Dashboard – Scheduled Data Update
2026-04-17 19:14:50,927 [INFO] Date: Friday 17 April 2026 19:14
2026-04-17 19:14:50,927 [INFO] Mode: FULL
2026-04-17 19:14:50,927 [INFO] ============================================================
2026-04-17 19:14:50,927 [INFO] Python: /opt/homebrew/Caskroom/miniconda/base/envs/afl/bin/python
2026-04-17 19:14:50,927 [INFO] 
Steps to run (1):
2026-04-17 19:14:50,927 [INFO]   • team_selections: Scrape team selections & fixture from FootyWire + Squiggle API
2026-04-17 19:14:50,927 [INFO] 
2026-04-17 19:14:50,927 [INFO] START [team_selections] Scrape team selections & fixture from FootyWire + Squiggle API
2026-04-17 19:14:50,927 [INFO]   Running: /opt/homebrew/Caskroom/miniconda/base/envs/afl/bin/python /Users/marcuswagner/coding/AFL_dashboard/scrape_team_selections.py 
2026-04-17 19:14:53,941 [INFO]   DONE [team_selections] in 3.0s
2026-04-17 19:14:53,941 [INFO]     | 
2026-04-17 19:14:53,941 [INFO] 
2026-04-17 19:14:53,941 [INFO] ============================================================
2026-04-17 19:14:53,941 [INFO] UPDATE SUMMARY
2026-04-17 19:14:53,941 [INFO] ============================================================
2026-04-17 19:14:53,941 [INFO]   ✓ team_selections: OK
2026-04-17 19:14:53,941 [INFO] 
2026-04-17 19:14:53,941 [INFO] Results: 1 passed, 0 failed, 0 skipped
2026-04-17 19:14:53,941 [INFO] Total time: 3s (0.1 min)
2026-04-17 19:14:53,941 [INFO] Log: /Users/marcuswagner/coding/AFL_dashboard/logs/scheduled_update_2026-04-17_1914.log
2026-04-17 19:14:53,942 [INFO] Log rotation: removed 1 old log file(s)
2026-04-17 19:14:53,956 [INFO] Stopped Streamlit (PIDs: 41090)
2026-04-17 19:14:56,102 [INFO] Restarted Streamlit app.
2026-04-17 19:14:56,103 [INFO] 
✅ All steps completed successfully!
2026-04-17 19:15:01,184 [INFO] Email sent to marcus.wagner@futureedgesport.com.au
==========================================
AFL Dashboard – Scheduled Update
==========================================
AFL Dashboard – Scheduled Update
Sat Apr 18 07:00:52 AEST 2026
Sat Apr 18 07:00:52 AEST 2026
==========================================
==========================================
Using conda env: afl
Using conda env: afl
2026-04-18 07:00:54,315 [INFO] Log file: /Users/marcuswagner/coding/AFL_dashboard/logs/scheduled_update_2026-04-18_0700.log
2026-04-18 07:00:54,315 [INFO] Log file: /Users/marcuswagner/coding/AFL_dashboard/logs/scheduled_update_2026-04-18_0700.log
2026-04-18 07:00:54,316 [INFO] ============================================================
2026-04-18 07:00:54,316 [INFO] ============================================================
2026-04-18 07:00:54,316 [INFO] AFL Dashboard – Scheduled Data Update
2026-04-18 07:00:54,316 [INFO] AFL Dashboard – Scheduled Data Update
2026-04-18 07:00:54,316 [INFO] Date: Saturday 18 April 2026 07:00
2026-04-18 07:00:54,316 [INFO] Date: Saturday 18 April 2026 07:00
2026-04-18 07:00:54,316 [INFO] Mode: FULL
2026-04-18 07:00:54,316 [INFO] Mode: FULL
2026-04-18 07:00:54,316 [INFO] ============================================================
2026-04-18 07:00:54,316 [INFO] ============================================================
2026-04-18 07:00:54,316 [INFO] Python: /opt/homebrew/Caskroom/miniconda/base/envs/afl/bin/python
2026-04-18 07:00:54,316 [INFO] Python: /opt/homebrew/Caskroom/miniconda/base/envs/afl/bin/python
2026-04-18 07:00:54,316 [INFO] 
Steps to run (2):
2026-04-18 07:00:54,316 [INFO] 
Steps to run (17):
2026-04-18 07:00:54,316 [INFO]   • wheelo_ratings: Scrape Wheelo team & player ratings (Selenium) [SLOW]
2026-04-18 07:00:54,316 [INFO]   • footywire_squads: Scrape player squads from Footywire
2026-04-18 07:00:54,316 [INFO]   • wheelo_match_stats: Scrape Wheelo match-by-match player ratings + Brownlow predictions (Selenium) [SLOW]
2026-04-18 07:00:54,316 [INFO]   • footywire_extended: Scrape contracts & draft history from Footywire
2026-04-18 07:00:54,316 [INFO] 
2026-04-18 07:00:54,316 [INFO]   • afl_ladders: Scrape AFL ladder standings from Footywire (current season)
2026-04-18 07:00:54,316 [INFO]   • wheelo_ratings: Scrape Wheelo team & player ratings (Selenium) [SLOW]
2026-04-18 07:00:54,316 [INFO] START [wheelo_ratings] Scrape Wheelo team & player ratings (Selenium)
2026-04-18 07:00:54,316 [INFO]   • wheelo_match_stats: Scrape Wheelo match-by-match player ratings + Brownlow predictions (Selenium) [SLOW]
2026-04-18 07:00:54,316 [INFO]   Running: /opt/homebrew/Caskroom/miniconda/base/envs/afl/bin/python /Users/marcuswagner/coding/AFL_dashboard/scrape_wheelo_ratings.py --all
2026-04-18 07:00:54,316 [INFO]   • traits_api: Fetch Traits API data for current-season players [SLOW]
2026-04-18 07:00:54,317 [INFO]   • wheelo_to_raw: Copy Wheelo team stats to raw data folder for ratings pipeline
2026-04-18 07:00:54,317 [INFO]   • build_season: Build season data files (squads, stats, traits CSVs)
2026-04-18 07:00:54,317 [INFO]   • wheelo_player_to_raw: Merge Wheelo player season data (matches, ratings) into raw player CSVs
2026-04-18 07:00:54,317 [INFO]   • regenerate_ratings: Regenerate computed team summaries and ladders
2026-04-18 07:00:54,317 [INFO]   • refresh_master_ladders: Update master workbook Team_Ladders_All with freshly-scraped ladder data
2026-04-18 07:00:54,317 [INFO]   • update_photos: Download photos for any new/missing players [SLOW]
2026-04-18 07:00:54,317 [INFO]   • validate_freshness: Validate pipeline output files are present and fresh
2026-04-18 07:00:54,317 [INFO]   • validate_schemas: Validate CSV output schemas (columns, row counts, data quality)
2026-04-18 07:00:54,317 [INFO]   • data_diff_check: Compare pipeline outputs against backups and alert on anomalies
2026-04-18 07:00:54,317 [INFO]   • team_selections: Scrape team selections & fixture from FootyWire + Squiggle API
2026-04-18 07:00:54,317 [INFO]   • validate_selections: Validate announced squads against actual match-day players
2026-04-18 07:00:54,317 [INFO] 
2026-04-18 07:00:54,318 [INFO] START [footywire_squads] Scrape player squads from Footywire
2026-04-18 07:00:54,318 [INFO]   Running: /opt/homebrew/Caskroom/miniconda/base/envs/afl/bin/python /Users/marcuswagner/coding/AFL_dashboard/scrape_footywire.py 
2026-04-18 08:36:38,136 [INFO]   DONE [wheelo_ratings] in 5743.8s
2026-04-18 08:36:38,137 [INFO]     | 📊 Team Stats downloaded: 3 files
2026-04-18 08:36:38,137 [INFO]     | 📊 Player Stats downloaded: 3 files
2026-04-18 08:36:38,137 [INFO]     | 📊 Squad Lists downloaded: 1 file
2026-04-18 08:36:38,137 [INFO]     | 
2026-04-18 08:36:38,137 [INFO]     | 📁 CSV files saved in: /Users/marcuswagner/coding/AFL_dashboard/wheelo_downloads
2026-04-18 08:36:38,137 [INFO] START [wheelo_match_stats] Scrape Wheelo match-by-match player ratings + Brownlow predictions (Selenium)
2026-04-18 08:36:38,137 [INFO]   Running: /opt/homebrew/Caskroom/miniconda/base/envs/afl/bin/python /Users/marcuswagner/coding/AFL_dashboard/scrape_wheelo_match_stats.py --brownlow
2026-04-18 08:43:46,977 [INFO]   DONE [footywire_squads] in 6172.7s
2026-04-18 08:43:46,978 [INFO]     | DefenderMidfieldForward      1
2026-04-18 08:43:46,978 [INFO]     | Name: count, dtype: int64
2026-04-18 08:43:46,978 [INFO]     | 
2026-04-18 08:43:46,978 [INFO]     | 
2026-04-18 08:43:46,978 [INFO]     | Updated DOB cache: 0 new entries
2026-04-18 08:43:46,978 [INFO] START [footywire_extended] Scrape contracts & draft history from Footywire
2026-04-18 08:43:46,978 [INFO]   Running: /opt/homebrew/Caskroom/miniconda/base/envs/afl/bin/python /Users/marcuswagner/coding/AFL_dashboard/scrape_footywire_extended.py --current-only
2026-04-18 08:44:24,414 [INFO]   DONE [wheelo_match_stats] in 466.3s
2026-04-18 08:44:24,415 [INFO]     | ============================================================
2026-04-18 08:44:24,415 [INFO]     | 🔧 Chrome driver attempt 1/3…
2026-04-18 08:44:24,415 [INFO]     | ✅ Chrome driver ready
2026-04-18 08:44:24,415 [INFO]     | 
2026-04-18 08:44:24,415 [INFO]     | 💾 Saved 2070 rows → /Users/marcuswagner/coding/AFL_dashboard/data/raw/player/brownlow_predictions_2026.csv
2026-04-18 08:44:24,415 [INFO] 
2026-04-18 08:44:24,415 [INFO] ============================================================
2026-04-18 08:44:24,415 [INFO] UPDATE SUMMARY
2026-04-18 08:44:24,415 [INFO] ============================================================
2026-04-18 08:44:24,415 [INFO]   ✓ wheelo_ratings: OK
2026-04-18 08:44:24,415 [INFO]   ✓ wheelo_match_stats: OK
2026-04-18 08:44:24,415 [INFO] 
2026-04-18 08:44:24,415 [INFO] Results: 2 passed, 0 failed, 0 skipped
2026-04-18 08:44:24,415 [INFO] Total time: 6210s (103.5 min)
2026-04-18 08:44:24,415 [INFO] Log: /Users/marcuswagner/coding/AFL_dashboard/logs/scheduled_update_2026-04-18_0700.log
2026-04-18 08:44:24,416 [INFO] Log rotation: removed 1 old log file(s)
2026-04-18 08:44:24,438 [INFO] Stopped Streamlit (PIDs: 50473)
2026-04-18 08:44:26,592 [INFO] Restarted Streamlit app.
2026-04-18 08:44:26,592 [INFO] 
✅ All steps completed successfully!
2026-04-18 08:44:32,056 [INFO] Email sent to marcus.wagner@futureedgesport.com.au
2026-04-18 09:44:00,914 [INFO]   DONE [footywire_extended] in 3613.9s
2026-04-18 09:44:00,915 [INFO]     | 5  Adelaide    Brayden Cook           2026.0           Non-Free Agent      2020.0    National          1.0        25.0
2026-04-18 09:44:00,915 [INFO]     | 6  Adelaide     Indy Cotton           2027.0                  Unknown         NaN        None          NaN         NaN
2026-04-18 09:44:00,915 [INFO]     | 7  Adelaide   Isaac Cumming           2030.0           Non-Free Agent      2016.0    National          1.0        20.0
2026-04-18 09:44:00,915 [INFO]     | 8  Adelaide   Daniel Curtin           2029.0           Non-Free Agent      2023.0    National          1.0         8.0
2026-04-18 09:44:00,915 [INFO]     | 9  Adelaide   Jordan Dawson           2029.0    Restricted Free Agent      2015.0    National          4.0        56.0
2026-04-18 09:44:00,915 [INFO] START [afl_ladders] Scrape AFL ladder standings from Footywire (current season)
2026-04-18 09:44:00,915 [INFO]   Running: /opt/homebrew/Caskroom/miniconda/base/envs/afl/bin/python /Users/marcuswagner/coding/AFL_dashboard/scrape_afl_ladders.py --current-only
2026-04-18 09:44:02,965 [INFO]   DONE [afl_ladders] in 2.1s
2026-04-18 09:44:02,966 [INFO]     |   2026: 18 teams
2026-04-18 09:44:02,966 [INFO]     | 
2026-04-18 09:44:02,966 [INFO]     | ============================================================
2026-04-18 09:44:02,966 [INFO]     | Completed: 2026-04-18 09:44:02
2026-04-18 09:44:02,966 [INFO]     | ============================================================
2026-04-18 09:44:02,966 [INFO] START [wheelo_ratings] Scrape Wheelo team & player ratings (Selenium)
2026-04-18 09:44:02,966 [INFO]   Running: /opt/homebrew/Caskroom/miniconda/base/envs/afl/bin/python /Users/marcuswagner/coding/AFL_dashboard/scrape_wheelo_ratings.py --all
2026-04-18 09:44:47,765 [INFO]   DONE [wheelo_ratings] in 44.8s
2026-04-18 09:44:47,766 [INFO]     | 📊 Team Stats downloaded: 3 files
2026-04-18 09:44:47,766 [INFO]     | 📊 Player Stats downloaded: 3 files
2026-04-18 09:44:47,766 [INFO]     | 📊 Squad Lists downloaded: 1 file
2026-04-18 09:44:47,766 [INFO]     | 
2026-04-18 09:44:47,766 [INFO]     | 📁 CSV files saved in: /Users/marcuswagner/coding/AFL_dashboard/wheelo_downloads
2026-04-18 09:44:47,766 [INFO] START [wheelo_match_stats] Scrape Wheelo match-by-match player ratings + Brownlow predictions (Selenium)
2026-04-18 09:44:47,766 [INFO]   Running: /opt/homebrew/Caskroom/miniconda/base/envs/afl/bin/python /Users/marcuswagner/coding/AFL_dashboard/scrape_wheelo_match_stats.py --brownlow
2026-04-18 09:45:53,524 [INFO]   DONE [wheelo_match_stats] in 65.8s
2026-04-18 09:45:53,524 [INFO]     | ============================================================
2026-04-18 09:45:53,524 [INFO]     | 🔧 Chrome driver attempt 1/3…
2026-04-18 09:45:53,524 [INFO]     | ✅ Chrome driver ready
2026-04-18 09:45:53,525 [INFO]     | 
2026-04-18 09:45:53,525 [INFO]     | 💾 Saved 2070 rows → /Users/marcuswagner/coding/AFL_dashboard/data/raw/player/brownlow_predictions_2026.csv
2026-04-18 09:45:53,525 [INFO]   SKIP [traits_api] – Skipped: only runs on Mon, Tue, Sun
2026-04-18 09:45:53,525 [INFO] START [wheelo_to_raw] Copy Wheelo team stats to raw data folder for ratings pipeline
2026-04-18 09:45:53,960 [INFO]   Backed up team_stats_2026.csv → backups/team_stats_2026_20260418_094553.csv
2026-04-18 09:45:53,963 [INFO]   Copied Wheelo 2026 Season -> team_stats_2026.csv (18 teams)
2026-04-18 09:45:53,981 [INFO]   Backed up team_stats_2026_L10.csv → backups/team_stats_2026_L10_20260418_094553.csv
2026-04-18 09:45:53,983 [INFO]   Copied Wheelo 2026 L10 -> team_stats_2026_L10.csv (18 teams)
2026-04-18 09:45:54,006 [INFO]   Backed up team_stats_2026_L5.csv → backups/team_stats_2026_L5_20260418_094554.csv
2026-04-18 09:45:54,008 [INFO]   Copied Wheelo 2026 L5 -> team_stats_2026_L5.csv (18 teams)
2026-04-18 09:45:54,008 [INFO]   DONE [wheelo_to_raw] in 0.5s
2026-04-18 09:45:54,008 [INFO] START [build_season] Build season data files (squads, stats, traits CSVs)
2026-04-18 09:45:54,008 [INFO]   Running: /opt/homebrew/Caskroom/miniconda/base/envs/afl/bin/python /Users/marcuswagner/coding/AFL_dashboard/build_season_data.py 
2026-04-18 09:45:54,314 [INFO]   DONE [build_season] in 0.3s
2026-04-18 09:45:54,315 [INFO]     |   Western Bulldogs      43 players  Avg Age: 24.4  Avg Games: 75
2026-04-18 09:45:54,315 [INFO]     | 
2026-04-18 09:45:54,315 [INFO]     | ============================================================
2026-04-18 09:45:54,315 [INFO]     | ✅ 2026 DATA BUILD COMPLETE
2026-04-18 09:45:54,315 [INFO]     | ============================================================
2026-04-18 09:45:54,315 [INFO] START [wheelo_player_to_raw] Merge Wheelo player season data (matches, ratings) into raw player CSVs
2026-04-18 09:45:54,475 [INFO]   Wheelo Wheelo 2026 Season: 528 players, 18 teams
2026-04-18 09:45:54,495 [INFO]   Name mappings (37): {'Matthew Carroll': 'Matt Carroll', 'Archer May': 'Archie May', 'Zach Merrett': 'Zachary Merrett', 'Jacob van Rooyen': 'Jacob Van Rooyen', 'Zac Williams': 'Zachary Williams', 'Lachlan Sullivan': 'Lachie Sullivan', 'Matthew Owies': 'Matt Owies', 'Harry Himmelberg': 'Harrison Himmelberg', 'Lachie Schultz': 'Lachlan Schultz', 'Tom Stewart': 'Thomas Stewart', 'Matt Flynn': 'Matthew Flynn', 'Nicholas Madden': 'Nick Madden', 'Cam Mackenzie': 'Cameron Mackenzie', 'Josh Weddle': 'Joshua Weddle', 'Cam Rayner': 'Cameron Rayner', 'Ollie Wines': 'Oliver Wines', 'William Hayes': 'Will Hayes', 'Lachie Weller': 'Lachlan Weller', 'Connor Macdonald': 'Connor MacDonald', 'Mitch Owens': 'Mitchito Owens', 'Leonardo Lombard': 'Leo Lombard', 'Lachie Fogarty': 'Lachlan Fogarty', 'Tim English': 'Timothy English', 'Mitch Lewis': 'Mitchell Lewis', 'Brad Close': 'Bradley Close', 'Thomas Edwards': 'Tom Edwards', 'Matt Roberts': 'Matthew Roberts', 'Oliver Dempsey': 'Ollie Dempsey', 'Jack Macrae': 'Jackson Macrae', 'Lachie Ash': 'Lachlan Ash', 'Sam Grlj': 'Samuel Grlj', 'Joe Fonti': 'Joseph Fonti', 'Tom Liberatore': 'Thomas Liberatore', 'Sam Collins': 'Samuel Collins', 'Mitch Knevitt': 'Mitchell Knevitt', 'Lachie Jones': 'Lachlan Jones', 'Dan Butler': 'Daniel Butler'}
2026-04-18 09:45:54,495 [WARNING]   UNMATCHED Wheelo players (26): [('Sam Switkowski', 'Fremantle'), ('Neil Erasmus', 'Fremantle'), ('Hayden Young', 'Fremantle'), ('Shai Bolton', 'Fremantle'), ('Josh Treacy', 'Fremantle'), ('Andrew Brayshaw', 'Fremantle'), ('Sean Darcy', 'Fremantle'), ('Jordan Clark', 'Fremantle'), ('Oscar McDonald', 'Fremantle'), ('Murphy Reid', 'Fremantle'), ('Caleb Serong', 'Fremantle'), ("Nathan O'Driscoll", 'Fremantle'), ('Corey Wagner', 'Fremantle'), ('Brandon Walker', 'Fremantle'), ('Jye Amiss', 'Fremantle'), ("Jaeger O'Meara", 'Fremantle'), ('Luke Ryan', 'Fremantle'), ('Luke Jackson', 'Fremantle'), ('Heath Chapman', 'Fremantle'), ('Isaiah Dudley', 'Fremantle'), ('Judd McVee', 'Fremantle'), ('Matthew Johnson', 'Fremantle'), ('Alex Pearce', 'Fremantle'), ('Karl Worner', 'Fremantle'), ('Patrick Voss', 'Fremantle'), ('Christopher Scerri', 'Fremantle')]
2026-04-18 09:45:54,505 [INFO]   Backed up player_stats_2026.csv → backups/player_stats_2026_20260418_094554.csv
2026-04-18 09:45:54,507 [INFO]   Updated player_stats_2026.csv: 502 players with matches from Wheelo
2026-04-18 09:45:54,526 [INFO]   Backed up squads_2026.csv → backups/squads_2026_20260418_094554.csv
2026-04-18 09:45:54,528 [INFO]   Updated squads_2026.csv: 502 players matched from Wheelo
2026-04-18 09:45:54,528 [INFO]   DONE [wheelo_player_to_raw] in 0.2s
2026-04-18 09:45:54,528 [INFO] START [regenerate_ratings] Regenerate computed team summaries and ladders
2026-04-18 09:45:54,528 [INFO]   Running: /opt/homebrew/Caskroom/miniconda/base/envs/afl/bin/python /Users/marcuswagner/coding/AFL_dashboard/regenerate_ratings.py 
2026-04-18 09:45:54,827 [INFO]   DONE [regenerate_ratings] in 0.3s
2026-04-18 09:45:54,827 [INFO]     | Skipping 2025 Last 5 - no raw data
2026-04-18 09:45:54,827 [INFO]     | 
2026-04-18 09:45:54,827 [INFO]     | ============================================================
2026-04-18 09:45:54,827 [INFO]     | DONE!
2026-04-18 09:45:54,827 [INFO]     | ============================================================
2026-04-18 09:45:54,827 [INFO] START [refresh_master_ladders] Update master workbook Team_Ladders_All with freshly-scraped ladder data
2026-04-18 09:46:08,321 [INFO]   Refreshed Team_Ladders_All: 287 rows
2026-04-18 09:46:08,325 [INFO]   DONE [refresh_master_ladders] in 13.5s
2026-04-18 09:46:08,325 [INFO] START [update_photos] Download photos for any new/missing players
2026-04-18 09:46:08,325 [INFO]   Running: /opt/homebrew/Caskroom/miniconda/base/envs/afl/bin/python /Users/marcuswagner/coding/AFL_dashboard/auto_update_photos.py 
2026-04-18 09:48:47,278 [INFO]   DONE [update_photos] in 159.0s
2026-04-18 09:48:47,280 [INFO]     | 
2026-04-18 09:48:47,280 [INFO] START [validate_freshness] Validate pipeline output files are present and fresh
2026-04-18 09:48:47,280 [INFO]   Running: /opt/homebrew/Caskroom/miniconda/base/envs/afl/bin/python /Users/marcuswagner/coding/AFL_dashboard/validate_pipeline_freshness.py 
2026-04-18 09:48:47,315 [INFO]   DONE [validate_freshness] in 0.0s
2026-04-18 09:48:47,316 [INFO]     |   ✓ FRESH    footywire_drafts_history.csv  (09:44)
2026-04-18 09:48:47,316 [INFO]     |   ⊘ OPTIONAL footywire_2026_with_traits.csv  (stale — 65.8h ago)
2026-04-18 09:48:47,316 [INFO]     |   ✓ FRESH    traits_2026.csv  (09:45)
2026-04-18 09:48:47,316 [INFO]     | 
2026-04-18 09:48:47,316 [INFO]     | ✅ All required files are present and fresh.
2026-04-18 09:48:47,316 [INFO] START [validate_schemas] Validate CSV output schemas (columns, row counts, data quality)
2026-04-18 09:48:47,331 [WARNING]   [WARN] squads: Only 17 teams found (expected 18)
2026-04-18 09:48:47,331 [WARNING]   [WARN] player_stats: Only 17 teams found (expected 18)
2026-04-18 09:48:47,331 [WARNING]   [WARN] footywire_lists: Only 17 teams found (expected 18)
2026-04-18 09:48:47,331 [WARNING]   [WARN] footywire_complete: Only 17 teams found (expected 18)
2026-04-18 09:48:47,331 [INFO]   DONE [validate_schemas] 4 warning(s) in 0.0s
2026-04-18 09:48:47,331 [INFO] START [data_diff_check] Compare pipeline outputs against backups and alert on anomalies
2026-04-18 09:48:47,342 [INFO]   DONE [data_diff_check] no anomalies in 0.0s
2026-04-18 09:48:47,342 [INFO]   SKIP [team_selections] – Skipped: only runs on Wed, Thu, Fri
2026-04-18 09:48:47,342 [INFO]   SKIP [validate_selections] – Skipped: only runs on Mon, Tue
2026-04-18 09:48:47,342 [INFO] 
2026-04-18 09:48:47,342 [INFO] ============================================================
2026-04-18 09:48:47,342 [INFO] UPDATE SUMMARY
2026-04-18 09:48:47,342 [INFO] ============================================================
2026-04-18 09:48:47,342 [INFO]   ✓ footywire_squads: OK
2026-04-18 09:48:47,342 [INFO]   ✓ footywire_extended: OK
2026-04-18 09:48:47,342 [INFO]   ✓ afl_ladders: OK
2026-04-18 09:48:47,342 [INFO]   ✓ wheelo_ratings: OK
2026-04-18 09:48:47,342 [INFO]   ✓ wheelo_match_stats: OK
2026-04-18 09:48:47,342 [INFO]   ⊘ traits_api: SKIPPED: Skipped: only runs on Mon, Tue, Sun
2026-04-18 09:48:47,342 [INFO]   ✓ wheelo_to_raw: OK
2026-04-18 09:48:47,342 [INFO]   ✓ build_season: OK
2026-04-18 09:48:47,342 [INFO]   ✓ wheelo_player_to_raw: OK
2026-04-18 09:48:47,342 [INFO]   ✓ regenerate_ratings: OK
2026-04-18 09:48:47,342 [INFO]   ✓ refresh_master_ladders: OK
2026-04-18 09:48:47,342 [INFO]   ✓ update_photos: OK
2026-04-18 09:48:47,342 [INFO]   ✓ validate_freshness: OK
2026-04-18 09:48:47,342 [INFO]   ✓ validate_schemas: OK
2026-04-18 09:48:47,342 [INFO]   ✓ data_diff_check: OK
2026-04-18 09:48:47,342 [INFO]   ⊘ team_selections: SKIPPED: Skipped: only runs on Wed, Thu, Fri
2026-04-18 09:48:47,342 [INFO]   ⊘ validate_selections: SKIPPED: Skipped: only runs on Mon, Tue
2026-04-18 09:48:47,342 [INFO] 
2026-04-18 09:48:47,342 [INFO] Results: 17 passed, 0 failed, 3 skipped
2026-04-18 09:48:47,342 [INFO] Total time: 10073s (167.9 min)
2026-04-18 09:48:47,342 [INFO] Log: /Users/marcuswagner/coding/AFL_dashboard/logs/scheduled_update_2026-04-18_0700.log
2026-04-18 09:48:47,358 [INFO] Stopped Streamlit (PIDs: 55708)
2026-04-18 09:48:49,385 [INFO] Restarted Streamlit app.
2026-04-18 09:48:49,386 [WARNING] 
⚠️  Completed with 3 skipped step(s).
2026-04-18 09:48:55,379 [INFO] Email sent to marcus.wagner@futureedgesport.com.au
==========================================
AFL Dashboard – Scheduled Update
Sun Apr 19 07:14:18 AEST 2026
==========================================
==========================================
AFL Dashboard – Scheduled Update
Sun Apr 19 07:14:18 AEST 2026
==========================================
Using conda env: afl
Using conda env: afl
2026-04-19 07:14:20,041 [INFO] Log file: /Users/marcuswagner/coding/AFL_dashboard/logs/scheduled_update_2026-04-19_0714.log
2026-04-19 07:14:20,041 [INFO] Log file: /Users/marcuswagner/coding/AFL_dashboard/logs/scheduled_update_2026-04-19_0714.log
2026-04-19 07:14:20,041 [INFO] ============================================================
2026-04-19 07:14:20,041 [INFO] ============================================================
2026-04-19 07:14:20,041 [INFO] AFL Dashboard – Scheduled Data Update
2026-04-19 07:14:20,041 [INFO] AFL Dashboard – Scheduled Data Update
2026-04-19 07:14:20,041 [INFO] Date: Sunday 19 April 2026 07:14
2026-04-19 07:14:20,042 [INFO] Date: Sunday 19 April 2026 07:14
2026-04-19 07:14:20,042 [INFO] Mode: FULL
2026-04-19 07:14:20,042 [INFO] Mode: FULL
2026-04-19 07:14:20,042 [INFO] ============================================================
2026-04-19 07:14:20,042 [INFO] ============================================================
2026-04-19 07:14:20,042 [INFO] Python: /opt/homebrew/Caskroom/miniconda/base/envs/afl/bin/python
2026-04-19 07:14:20,042 [INFO] Python: /opt/homebrew/Caskroom/miniconda/base/envs/afl/bin/python
2026-04-19 07:14:20,042 [INFO] 
Steps to run (2):
2026-04-19 07:14:20,042 [INFO] 
Steps to run (17):
2026-04-19 07:14:20,042 [INFO]   • wheelo_ratings: Scrape Wheelo team & player ratings (Selenium) [SLOW]
2026-04-19 07:14:20,042 [INFO]   • footywire_squads: Scrape player squads from Footywire
2026-04-19 07:14:20,042 [INFO]   • wheelo_match_stats: Scrape Wheelo match-by-match player ratings + Brownlow predictions (Selenium) [SLOW]
2026-04-19 07:14:20,042 [INFO]   • footywire_extended: Scrape contracts & draft history from Footywire
2026-04-19 07:14:20,042 [INFO] 
2026-04-19 07:14:20,042 [INFO]   • afl_ladders: Scrape AFL ladder standings from Footywire (current season)
2026-04-19 07:14:20,042 [INFO] START [wheelo_ratings] Scrape Wheelo team & player ratings (Selenium)
2026-04-19 07:14:20,042 [INFO]   • wheelo_ratings: Scrape Wheelo team & player ratings (Selenium) [SLOW]
2026-04-19 07:14:20,042 [INFO]   Running: /opt/homebrew/Caskroom/miniconda/base/envs/afl/bin/python /Users/marcuswagner/coding/AFL_dashboard/scrape_wheelo_ratings.py --all
2026-04-19 07:14:20,042 [INFO]   • wheelo_match_stats: Scrape Wheelo match-by-match player ratings + Brownlow predictions (Selenium) [SLOW]
2026-04-19 07:14:20,042 [INFO]   • traits_api: Fetch Traits API data for current-season players [SLOW]
2026-04-19 07:14:20,042 [INFO]   • wheelo_to_raw: Copy Wheelo team stats to raw data folder for ratings pipeline
2026-04-19 07:14:20,042 [INFO]   • build_season: Build season data files (squads, stats, traits CSVs)
2026-04-19 07:14:20,042 [INFO]   • wheelo_player_to_raw: Merge Wheelo player season data (matches, ratings) into raw player CSVs
2026-04-19 07:14:20,042 [INFO]   • regenerate_ratings: Regenerate computed team summaries and ladders
2026-04-19 07:14:20,042 [INFO]   • refresh_master_ladders: Update master workbook Team_Ladders_All with freshly-scraped ladder data
2026-04-19 07:14:20,042 [INFO]   • update_photos: Download photos for any new/missing players [SLOW]
2026-04-19 07:14:20,042 [INFO]   • validate_freshness: Validate pipeline output files are present and fresh
2026-04-19 07:14:20,042 [INFO]   • validate_schemas: Validate CSV output schemas (columns, row counts, data quality)
2026-04-19 07:14:20,042 [INFO]   • data_diff_check: Compare pipeline outputs against backups and alert on anomalies
2026-04-19 07:14:20,042 [INFO]   • team_selections: Scrape team selections & fixture from FootyWire + Squiggle API
2026-04-19 07:14:20,042 [INFO]   • validate_selections: Validate announced squads against actual match-day players
2026-04-19 07:14:20,042 [INFO] 
2026-04-19 07:14:20,042 [INFO] START [footywire_squads] Scrape player squads from Footywire
2026-04-19 07:14:20,042 [INFO]   Running: /opt/homebrew/Caskroom/miniconda/base/envs/afl/bin/python /Users/marcuswagner/coding/AFL_dashboard/scrape_footywire.py 
2026-04-19 07:14:52,643 [INFO]   DONE [footywire_squads] in 32.6s
2026-04-19 07:14:52,644 [INFO]     | DefenderMidfieldForward      1
2026-04-19 07:14:52,644 [INFO]     | Name: count, dtype: int64
2026-04-19 07:14:52,644 [INFO]     | 
2026-04-19 07:14:52,644 [INFO]     | 
2026-04-19 07:14:52,644 [INFO]     | Updated DOB cache: 0 new entries
2026-04-19 07:14:52,644 [INFO] START [footywire_extended] Scrape contracts & draft history from Footywire
2026-04-19 07:14:52,644 [INFO]   Running: /opt/homebrew/Caskroom/miniconda/base/envs/afl/bin/python /Users/marcuswagner/coding/AFL_dashboard/scrape_footywire_extended.py --current-only
2026-04-19 07:30:19,497 [INFO]   DONE [wheelo_ratings] in 959.5s
2026-04-19 07:30:19,498 [INFO]     | 📊 Team Stats downloaded: 3 files
2026-04-19 07:30:19,498 [INFO]     | 📊 Player Stats downloaded: 3 files
2026-04-19 07:30:19,498 [INFO]     | 📊 Squad Lists downloaded: 1 file
2026-04-19 07:30:19,498 [INFO]     | 
2026-04-19 07:30:19,498 [INFO]     | 📁 CSV files saved in: /Users/marcuswagner/coding/AFL_dashboard/wheelo_downloads
2026-04-19 07:30:19,498 [INFO] START [wheelo_match_stats] Scrape Wheelo match-by-match player ratings + Brownlow predictions (Selenium)
2026-04-19 07:30:19,498 [INFO]   Running: /opt/homebrew/Caskroom/miniconda/base/envs/afl/bin/python /Users/marcuswagner/coding/AFL_dashboard/scrape_wheelo_match_stats.py --brownlow
2026-04-19 07:54:59,306 [ERROR]   FAILED [wheelo_match_stats] exit code 1 (1479.8s)
2026-04-19 07:54:59,307 [ERROR]     | 6   chromedriver                        0x0000000102cf1248 cxxbridge1$str$ptr + 2920364
2026-04-19 07:54:59,307 [ERROR]     | 7   chromedriver                        0x0000000102cf4a28 cxxbridge1$str$ptr + 2934668
2026-04-19 07:54:59,307 [ERROR]     | 8   chromedriver                        0x0000000102cd71fc cxxbridge1$str$ptr + 2813792
2026-04-19 07:54:59,307 [ERROR]     | 9   chromedriver                        0x0000000102cf52a8 cxxbridge1$str$ptr + 2936844
2026-04-19 07:54:59,307 [ERROR]     | 10  chromedriver                        0x0000000102cc8024 cxxbridge1$str$ptr + 2751880
2026-04-19 07:54:59,307 [ERROR]     | 11  chromedriver                        0x0000000102d1a988 cxxbridge1$str$ptr + 3090156
2026-04-19 07:54:59,307 [ERROR]     | 12  chromedriver                        0x0000000102d1ab04 cxxbridge1$str$ptr + 3090536
2026-04-19 07:54:59,307 [ERROR]     | 13  chromedriver                        0x0000000102d2b6e4 cxxbridge1$str$ptr + 3159112
2026-04-19 07:54:59,307 [ERROR]     | 14  libsystem_pthread.dylib             0x000000019d915c08 _pthread_start + 136
2026-04-19 07:54:59,307 [ERROR]     | 15  libsystem_pthread.dylib             0x000000019d910ba8 thread_start + 8
2026-04-19 07:54:59,307 [ERROR]     | 
2026-04-19 07:54:59,307 [ERROR]     |   📋 Round 5 (round 5)
2026-04-19 07:54:59,307 [ERROR]     |     (no games found)
2026-04-19 07:54:59,307 [ERROR]     | 
2026-04-19 07:54:59,307 [ERROR]     |   📋 Round 6 (round 6)
2026-04-19 07:54:59,307 [INFO] 
2026-04-19 07:54:59,307 [INFO] ============================================================
2026-04-19 07:54:59,307 [INFO] UPDATE SUMMARY
2026-04-19 07:54:59,307 [INFO] ============================================================
2026-04-19 07:54:59,307 [INFO]   ✓ wheelo_ratings: OK
2026-04-19 07:54:59,307 [INFO]   ✗ wheelo_match_stats: FAILED: Exit code 1
2026-04-19 07:54:59,307 [INFO] 
2026-04-19 07:54:59,307 [INFO] Results: 1 passed, 1 failed, 0 skipped
2026-04-19 07:54:59,307 [INFO] Total time: 2439s (40.7 min)
2026-04-19 07:54:59,307 [INFO] Log: /Users/marcuswagner/coding/AFL_dashboard/logs/scheduled_update_2026-04-19_0714.log
2026-04-19 07:54:59,309 [INFO] Log rotation: removed 1 old log file(s)
2026-04-19 07:54:59,324 [INFO] Stopped Streamlit (PIDs: 18375)
2026-04-19 07:55:01,477 [INFO] Restarted Streamlit app.
2026-04-19 07:55:01,478 [WARNING] 
⚠️  1 step(s) failed. Check log for details.
2026-04-19 07:55:06,184 [INFO] Email sent to marcus.wagner@futureedgesport.com.au
2026-04-19 08:21:01,051 [INFO]   DONE [footywire_extended] in 3968.4s
2026-04-19 08:21:01,052 [INFO]     | 5  Adelaide    Brayden Cook           2026.0           Non-Free Agent      2020.0    National          1.0        25.0
2026-04-19 08:21:01,052 [INFO]     | 6  Adelaide     Indy Cotton           2027.0                  Unknown         NaN        None          NaN         NaN
2026-04-19 08:21:01,052 [INFO]     | 7  Adelaide   Isaac Cumming           2030.0           Non-Free Agent      2016.0    National          1.0        20.0
2026-04-19 08:21:01,052 [INFO]     | 8  Adelaide   Daniel Curtin           2029.0           Non-Free Agent      2023.0    National          1.0         8.0
2026-04-19 08:21:01,052 [INFO]     | 9  Adelaide   Jordan Dawson           2029.0    Restricted Free Agent      2015.0    National          4.0        56.0
2026-04-19 08:21:01,052 [INFO] START [afl_ladders] Scrape AFL ladder standings from Footywire (current season)
2026-04-19 08:21:01,052 [INFO]   Running: /opt/homebrew/Caskroom/miniconda/base/envs/afl/bin/python /Users/marcuswagner/coding/AFL_dashboard/scrape_afl_ladders.py --current-only
2026-04-19 08:21:02,898 [INFO]   DONE [afl_ladders] in 1.8s
2026-04-19 08:21:02,898 [INFO]     |   2026: 18 teams
2026-04-19 08:21:02,899 [INFO]     | 
2026-04-19 08:21:02,899 [INFO]     | ============================================================
2026-04-19 08:21:02,899 [INFO]     | Completed: 2026-04-19 08:21:02
2026-04-19 08:21:02,899 [INFO]     | ============================================================
2026-04-19 08:21:02,899 [INFO] START [wheelo_ratings] Scrape Wheelo team & player ratings (Selenium)
2026-04-19 08:21:02,899 [INFO]   Running: /opt/homebrew/Caskroom/miniconda/base/envs/afl/bin/python /Users/marcuswagner/coding/AFL_dashboard/scrape_wheelo_ratings.py --all
2026-04-19 08:21:52,828 [INFO]   DONE [wheelo_ratings] in 49.9s
2026-04-19 08:21:52,829 [INFO]     | 📊 Team Stats downloaded: 3 files
2026-04-19 08:21:52,829 [INFO]     | 📊 Player Stats downloaded: 3 files
2026-04-19 08:21:52,829 [INFO]     | 📊 Squad Lists downloaded: 1 file
2026-04-19 08:21:52,829 [INFO]     | 
2026-04-19 08:21:52,829 [INFO]     | 📁 CSV files saved in: /Users/marcuswagner/coding/AFL_dashboard/wheelo_downloads
2026-04-19 08:21:52,829 [INFO] START [wheelo_match_stats] Scrape Wheelo match-by-match player ratings + Brownlow predictions (Selenium)
2026-04-19 08:21:52,829 [INFO]   Running: /opt/homebrew/Caskroom/miniconda/base/envs/afl/bin/python /Users/marcuswagner/coding/AFL_dashboard/scrape_wheelo_match_stats.py --brownlow
2026-04-19 08:22:59,552 [INFO]   DONE [wheelo_match_stats] in 66.7s
2026-04-19 08:22:59,552 [INFO]     | ============================================================
2026-04-19 08:22:59,553 [INFO]     | 🔧 Chrome driver attempt 1/3…
2026-04-19 08:22:59,553 [INFO]     | ✅ Chrome driver ready
2026-04-19 08:22:59,553 [INFO]     | 
2026-04-19 08:22:59,553 [INFO]     | 💾 Saved 2070 rows → /Users/marcuswagner/coding/AFL_dashboard/data/raw/player/brownlow_predictions_2026.csv
2026-04-19 08:22:59,553 [INFO] START [traits_api] Fetch Traits API data for current-season players
2026-04-19 08:22:59,553 [INFO]   Running: /opt/homebrew/Caskroom/miniconda/base/envs/afl/bin/python /Users/marcuswagner/coding/AFL_dashboard/run_traits_api.py 
2026-04-19 08:33:53,100 [INFO]   DONE [traits_api] in 653.5s
2026-04-19 08:33:53,101 [INFO]     |    Bailey Laurie   Melbourne            3.35                4.52            3.05
2026-04-19 08:33:53,101 [INFO]     |       Jack Crisp Collingwood            3.34                3.42            2.86
2026-04-19 08:33:53,101 [INFO]     | Connor MacDonald    Hawthorn            3.33                4.09            3.17
2026-04-19 08:33:53,101 [INFO]     | 
2026-04-19 08:33:53,101 [INFO]     | Snapshot: R6 already finalised — updated with latest values
2026-04-19 08:33:53,101 [INFO] START [wheelo_to_raw] Copy Wheelo team stats to raw data folder for ratings pipeline
2026-04-19 08:33:53,431 [INFO]   Backed up team_stats_2026.csv → backups/team_stats_2026_20260419_083353.csv
2026-04-19 08:33:53,433 [INFO]   Copied Wheelo 2026 Season -> team_stats_2026.csv (18 teams)
2026-04-19 08:33:53,449 [INFO]   Backed up team_stats_2026_L10.csv → backups/team_stats_2026_L10_20260419_083353.csv
2026-04-19 08:33:53,451 [INFO]   Copied Wheelo 2026 L10 -> team_stats_2026_L10.csv (18 teams)
2026-04-19 08:33:53,472 [INFO]   Backed up team_stats_2026_L5.csv → backups/team_stats_2026_L5_20260419_083353.csv
2026-04-19 08:33:53,474 [INFO]   Copied Wheelo 2026 L5 -> team_stats_2026_L5.csv (18 teams)
2026-04-19 08:33:53,474 [INFO]   DONE [wheelo_to_raw] in 0.4s
2026-04-19 08:33:53,474 [INFO] START [build_season] Build season data files (squads, stats, traits CSVs)
2026-04-19 08:33:53,474 [INFO]   Running: /opt/homebrew/Caskroom/miniconda/base/envs/afl/bin/python /Users/marcuswagner/coding/AFL_dashboard/build_season_data.py 
2026-04-19 08:33:53,744 [INFO]   DONE [build_season] in 0.3s
2026-04-19 08:33:53,744 [INFO]     |   Western Bulldogs      43 players  Avg Age: 24.4  Avg Games: 75
2026-04-19 08:33:53,744 [INFO]     | 
2026-04-19 08:33:53,744 [INFO]     | ============================================================
2026-04-19 08:33:53,744 [INFO]     | ✅ 2026 DATA BUILD COMPLETE
2026-04-19 08:33:53,744 [INFO]     | ============================================================
2026-04-19 08:33:53,744 [INFO] START [wheelo_player_to_raw] Merge Wheelo player season data (matches, ratings) into raw player CSVs
2026-04-19 08:33:53,891 [INFO]   Wheelo Wheelo 2026 Season: 532 players, 18 teams
2026-04-19 08:33:53,908 [INFO]   Name mappings (39): {'Mitch Owens': 'Mitchito Owens', 'Tim English': 'Timothy English', 'Matthew Johnson': 'Matt Johnson', 'Zach Merrett': 'Zachary Merrett', 'Lachie Schultz': 'Lachlan Schultz', 'Sam Collins': 'Samuel Collins', 'William Hayes': 'Will Hayes', 'Harry Himmelberg': 'Harrison Himmelberg', 'Matt Flynn': 'Matthew Flynn', 'Tom Liberatore': 'Thomas Liberatore', 'Sam Grlj': 'Samuel Grlj', 'Lachie Jones': 'Lachlan Jones', 'Matthew Carroll': 'Matt Carroll', 'Brad Close': 'Bradley Close', 'Thomas Edwards': 'Tom Edwards', 'Cam Mackenzie': 'Cameron Mackenzie', 'Matthew Owies': 'Matt Owies', 'Nicholas Madden': 'Nick Madden', 'Mitch Lewis': 'Mitchell Lewis', 'Lachie Weller': 'Lachlan Weller', 'Dan Butler': 'Daniel Butler', 'Ollie Wines': 'Oliver Wines', 'Lachie Fogarty': 'Lachlan Fogarty', 'Cam Rayner': 'Cameron Rayner', 'Jacob van Rooyen': 'Jacob Van Rooyen', 'Zac Williams': 'Zachary Williams', 'Jack Macrae': 'Jackson Macrae', 'Mitch Knevitt': 'Mitchell Knevitt', 'Tom Stewart': 'Thomas Stewart', 'Joe Fonti': 'Joseph Fonti', 'Lachie Ash': 'Lachlan Ash', 'Leonardo Lombard': 'Leo Lombard', 'Matt Roberts': 'Matthew Roberts', 'Josh Weddle': 'Joshua Weddle', 'Lachlan Sullivan': 'Lachie Sullivan', 'Archer May': 'Archie May', 'Connor Macdonald': 'Connor MacDonald', 'Oliver Dempsey': 'Ollie Dempsey', 'Christopher Scerri': 'Chris Scerri'}
2026-04-19 08:33:53,916 [INFO]   Backed up player_stats_2026.csv → backups/player_stats_2026_20260419_083353.csv
2026-04-19 08:33:53,918 [INFO]   Updated player_stats_2026.csv: 532 players with matches from Wheelo
2026-04-19 08:33:53,936 [INFO]   Backed up squads_2026.csv → backups/squads_2026_20260419_083353.csv
2026-04-19 08:33:53,938 [INFO]   Updated squads_2026.csv: 532 players matched from Wheelo
2026-04-19 08:33:53,938 [INFO]   DONE [wheelo_player_to_raw] in 0.2s
2026-04-19 08:33:53,938 [INFO] START [regenerate_ratings] Regenerate computed team summaries and ladders
2026-04-19 08:33:53,938 [INFO]   Running: /opt/homebrew/Caskroom/miniconda/base/envs/afl/bin/python /Users/marcuswagner/coding/AFL_dashboard/regenerate_ratings.py 
2026-04-19 08:33:54,214 [INFO]   DONE [regenerate_ratings] in 0.3s
2026-04-19 08:33:54,214 [INFO]     | Skipping 2025 Last 5 - no raw data
2026-04-19 08:33:54,214 [INFO]     | 
2026-04-19 08:33:54,214 [INFO]     | ============================================================
2026-04-19 08:33:54,214 [INFO]     | DONE!
2026-04-19 08:33:54,214 [INFO]     | ============================================================
2026-04-19 08:33:54,214 [INFO] START [refresh_master_ladders] Update master workbook Team_Ladders_All with freshly-scraped ladder data
2026-04-19 08:34:06,474 [INFO]   Refreshed Team_Ladders_All: 287 rows
2026-04-19 08:34:06,478 [INFO]   DONE [refresh_master_ladders] in 12.3s
2026-04-19 08:34:06,478 [INFO] START [update_photos] Download photos for any new/missing players
2026-04-19 08:34:06,478 [INFO]   Running: /opt/homebrew/Caskroom/miniconda/base/envs/afl/bin/python /Users/marcuswagner/coding/AFL_dashboard/auto_update_photos.py 
2026-04-19 08:36:57,318 [INFO]   DONE [update_photos] in 170.8s
2026-04-19 08:36:57,319 [INFO]     | 
2026-04-19 08:36:57,319 [INFO] START [validate_freshness] Validate pipeline output files are present and fresh
2026-04-19 08:36:57,319 [INFO]   Running: /opt/homebrew/Caskroom/miniconda/base/envs/afl/bin/python /Users/marcuswagner/coding/AFL_dashboard/validate_pipeline_freshness.py 
2026-04-19 08:36:57,352 [INFO]   DONE [validate_freshness] in 0.0s
2026-04-19 08:36:57,352 [INFO]     |   ✓ FRESH    footywire_drafts_history.csv  (08:21)
2026-04-19 08:36:57,352 [INFO]     |   ✓ FRESH    footywire_2026_with_traits.csv  (08:33)
2026-04-19 08:36:57,352 [INFO]     |   ✓ FRESH    traits_2026.csv  (08:33)
2026-04-19 08:36:57,352 [INFO]     | 
2026-04-19 08:36:57,352 [INFO]     | ✅ All required files are present and fresh.
2026-04-19 08:36:57,352 [INFO] START [validate_schemas] Validate CSV output schemas (columns, row counts, data quality)
2026-04-19 08:36:57,364 [INFO]   DONE [validate_schemas] 0 warning(s) in 0.0s
2026-04-19 08:36:57,364 [INFO] START [data_diff_check] Compare pipeline outputs against backups and alert on anomalies
2026-04-19 08:36:57,375 [INFO]   DONE [data_diff_check] no anomalies in 0.0s
2026-04-19 08:36:57,375 [INFO]   SKIP [team_selections] – Skipped: only runs on Wed, Thu, Fri
2026-04-19 08:36:57,375 [INFO]   SKIP [validate_selections] – Skipped: only runs on Mon, Tue
2026-04-19 08:36:57,375 [INFO] 
2026-04-19 08:36:57,375 [INFO] ============================================================
2026-04-19 08:36:57,375 [INFO] UPDATE SUMMARY
2026-04-19 08:36:57,375 [INFO] ============================================================
2026-04-19 08:36:57,375 [INFO]   ✓ footywire_squads: OK
2026-04-19 08:36:57,375 [INFO]   ✓ footywire_extended: OK
2026-04-19 08:36:57,375 [INFO]   ✓ afl_ladders: OK
2026-04-19 08:36:57,375 [INFO]   ✓ wheelo_ratings: OK
2026-04-19 08:36:57,375 [INFO]   ✓ wheelo_match_stats: OK
2026-04-19 08:36:57,375 [INFO]   ✓ traits_api: OK
2026-04-19 08:36:57,375 [INFO]   ✓ wheelo_to_raw: OK
2026-04-19 08:36:57,375 [INFO]   ✓ build_season: OK
2026-04-19 08:36:57,375 [INFO]   ✓ wheelo_player_to_raw: OK
2026-04-19 08:36:57,375 [INFO]   ✓ regenerate_ratings: OK
2026-04-19 08:36:57,375 [INFO]   ✓ refresh_master_ladders: OK
2026-04-19 08:36:57,375 [INFO]   ✓ update_photos: OK
2026-04-19 08:36:57,375 [INFO]   ✓ validate_freshness: OK
2026-04-19 08:36:57,375 [INFO]   ✓ validate_schemas: OK
2026-04-19 08:36:57,375 [INFO]   ✓ data_diff_check: OK
2026-04-19 08:36:57,375 [INFO]   ⊘ team_selections: SKIPPED: Skipped: only runs on Wed, Thu, Fri
2026-04-19 08:36:57,375 [INFO]   ⊘ validate_selections: SKIPPED: Skipped: only runs on Mon, Tue
2026-04-19 08:36:57,375 [INFO] 
2026-04-19 08:36:57,375 [INFO] Results: 17 passed, 0 failed, 2 skipped
2026-04-19 08:36:57,375 [INFO] Total time: 4957s (82.6 min)
2026-04-19 08:36:57,375 [INFO] Log: /Users/marcuswagner/coding/AFL_dashboard/logs/scheduled_update_2026-04-19_0714.log
2026-04-19 08:36:57,390 [INFO] Stopped Streamlit (PIDs: 20301)
2026-04-19 08:36:59,557 [INFO] Restarted Streamlit app.
2026-04-19 08:36:59,558 [WARNING] 
⚠️  Completed with 2 skipped step(s).
2026-04-19 08:37:05,928 [INFO] Email sent to marcus.wagner@futureedgesport.com.au
==========================================
AFL Dashboard – Scheduled Update
==========================================
AFL Dashboard – Scheduled Update
Mon Apr 20 07:01:06 AEST 2026
Mon Apr 20 07:01:06 AEST 2026
==========================================
==========================================
Using conda env: afl
Using conda env: afl
2026-04-20 07:01:07,740 [INFO] Log file: /Users/marcuswagner/coding/AFL_dashboard/logs/scheduled_update_2026-04-20_0701.log
2026-04-20 07:01:07,740 [INFO] Log file: /Users/marcuswagner/coding/AFL_dashboard/logs/scheduled_update_2026-04-20_0701.log
2026-04-20 07:01:07,740 [INFO] ============================================================
2026-04-20 07:01:07,740 [INFO] ============================================================
2026-04-20 07:01:07,740 [INFO] AFL Dashboard – Scheduled Data Update
2026-04-20 07:01:07,740 [INFO] AFL Dashboard – Scheduled Data Update
2026-04-20 07:01:07,740 [INFO] Date: Monday 20 April 2026 07:01
2026-04-20 07:01:07,740 [INFO] Date: Monday 20 April 2026 07:01
2026-04-20 07:01:07,740 [INFO] Mode: FULL
2026-04-20 07:01:07,740 [INFO] Mode: FULL
2026-04-20 07:01:07,740 [INFO] ============================================================
2026-04-20 07:01:07,740 [INFO] ============================================================
2026-04-20 07:01:07,740 [INFO] Python: /opt/homebrew/Caskroom/miniconda/base/envs/afl/bin/python
2026-04-20 07:01:07,740 [INFO] Python: /opt/homebrew/Caskroom/miniconda/base/envs/afl/bin/python
2026-04-20 07:01:07,740 [INFO] 
Steps to run (2):
2026-04-20 07:01:07,740 [INFO] 
Steps to run (17):
2026-04-20 07:01:07,740 [INFO]   • wheelo_ratings: Scrape Wheelo team & player ratings (Selenium) [SLOW]
2026-04-20 07:01:07,740 [INFO]   • footywire_squads: Scrape player squads from Footywire
2026-04-20 07:01:07,740 [INFO]   • wheelo_match_stats: Scrape Wheelo match-by-match player ratings + Brownlow predictions (Selenium) [SLOW]
2026-04-20 07:01:07,740 [INFO]   • footywire_extended: Scrape contracts & draft history from Footywire
2026-04-20 07:01:07,740 [INFO] 
2026-04-20 07:01:07,740 [INFO]   • afl_ladders: Scrape AFL ladder standings from Footywire (current season)
2026-04-20 07:01:07,740 [INFO]   • wheelo_ratings: Scrape Wheelo team & player ratings (Selenium) [SLOW]
2026-04-20 07:01:07,740 [INFO] START [wheelo_ratings] Scrape Wheelo team & player ratings (Selenium)
2026-04-20 07:01:07,740 [INFO]   • wheelo_match_stats: Scrape Wheelo match-by-match player ratings + Brownlow predictions (Selenium) [SLOW]
2026-04-20 07:01:07,740 [INFO]   Running: /opt/homebrew/Caskroom/miniconda/base/envs/afl/bin/python /Users/marcuswagner/coding/AFL_dashboard/scrape_wheelo_ratings.py --all
2026-04-20 07:01:07,740 [INFO]   • traits_api: Fetch Traits API data for current-season players [SLOW]
2026-04-20 07:01:07,740 [INFO]   • wheelo_to_raw: Copy Wheelo team stats to raw data folder for ratings pipeline
2026-04-20 07:01:07,740 [INFO]   • build_season: Build season data files (squads, stats, traits CSVs)
2026-04-20 07:01:07,740 [INFO]   • wheelo_player_to_raw: Merge Wheelo player season data (matches, ratings) into raw player CSVs
2026-04-20 07:01:07,740 [INFO]   • regenerate_ratings: Regenerate computed team summaries and ladders
2026-04-20 07:01:07,740 [INFO]   • refresh_master_ladders: Update master workbook Team_Ladders_All with freshly-scraped ladder data
2026-04-20 07:01:07,740 [INFO]   • update_photos: Download photos for any new/missing players [SLOW]
2026-04-20 07:01:07,740 [INFO]   • validate_freshness: Validate pipeline output files are present and fresh
2026-04-20 07:01:07,740 [INFO]   • validate_schemas: Validate CSV output schemas (columns, row counts, data quality)
2026-04-20 07:01:07,740 [INFO]   • data_diff_check: Compare pipeline outputs against backups and alert on anomalies
2026-04-20 07:01:07,740 [INFO]   • team_selections: Scrape team selections & fixture from FootyWire + Squiggle API
2026-04-20 07:01:07,740 [INFO]   • validate_selections: Validate announced squads against actual match-day players
2026-04-20 07:01:07,740 [INFO] 
2026-04-20 07:01:07,740 [INFO] START [footywire_squads] Scrape player squads from Footywire
2026-04-20 07:01:07,740 [INFO]   Running: /opt/homebrew/Caskroom/miniconda/base/envs/afl/bin/python /Users/marcuswagner/coding/AFL_dashboard/scrape_footywire.py 
2026-04-20 07:01:40,917 [INFO]   DONE [footywire_squads] in 33.2s
2026-04-20 07:01:40,917 [INFO]     | DefenderMidfieldForward      1
2026-04-20 07:01:40,917 [INFO]     | Name: count, dtype: int64
2026-04-20 07:01:40,917 [INFO]     | 
2026-04-20 07:01:40,917 [INFO]     | 
2026-04-20 07:01:40,917 [INFO]     | Updated DOB cache: 0 new entries
2026-04-20 07:01:40,917 [INFO] START [footywire_extended] Scrape contracts & draft history from Footywire
2026-04-20 07:01:40,917 [INFO]   Running: /opt/homebrew/Caskroom/miniconda/base/envs/afl/bin/python /Users/marcuswagner/coding/AFL_dashboard/scrape_footywire_extended.py --current-only
2026-04-20 08:10:39,499 [ERROR]   FAILED [wheelo_ratings] exit code 1 (4171.8s)
2026-04-20 08:10:39,500 [ERROR]     |     raise reraise(type(error), error, _stacktrace)
2026-04-20 08:10:39,500 [ERROR]     |   File "/opt/homebrew/Caskroom/miniconda/base/envs/afl/lib/python3.10/site-packages/urllib3/util/util.py", line 39, in reraise
2026-04-20 08:10:39,500 [ERROR]     |     raise value
2026-04-20 08:10:39,500 [ERROR]     |   File "/opt/homebrew/Caskroom/miniconda/base/envs/afl/lib/python3.10/site-packages/urllib3/connectionpool.py", line 787, in urlopen
2026-04-20 08:10:39,500 [ERROR]     |     response = self._make_request(
2026-04-20 08:10:39,500 [ERROR]     |   File "/opt/homebrew/Caskroom/miniconda/base/envs/afl/lib/python3.10/site-packages/urllib3/connectionpool.py", line 536, in _make_request
2026-04-20 08:10:39,500 [ERROR]     |     self._raise_timeout(err=e, url=url, timeout_value=read_timeout)
2026-04-20 08:10:39,500 [ERROR]     |   File "/opt/homebrew/Caskroom/miniconda/base/envs/afl/lib/python3.10/site-packages/urllib3/connectionpool.py", line 367, in _raise_timeout
2026-04-20 08:10:39,500 [ERROR]     |     raise ReadTimeoutError(
2026-04-20 08:10:39,500 [ERROR]     | urllib3.exceptions.ReadTimeoutError: HTTPConnectionPool(host='localhost', port=50153): Read timed out. (read timeout=120)
2026-04-20 08:10:39,500 [ERROR]     | ============================================================
2026-04-20 08:10:39,500 [ERROR]     | 🔧 Setting up Chrome driver (attempt 1/3)...
2026-04-20 08:10:39,500 [ERROR]     | ✅ Chrome driver ready
2026-04-20 08:10:39,500 [ERROR]     | 
2026-04-20 08:10:39,500 [ERROR]     | ❌ Error: HTTPConnectionPool(host='localhost', port=50153): Read timed out. (read timeout=120)
2026-04-20 08:10:39,500 [INFO] START [wheelo_match_stats] Scrape Wheelo match-by-match player ratings + Brownlow predictions (Selenium)
2026-04-20 08:10:39,500 [INFO]   Running: /opt/homebrew/Caskroom/miniconda/base/envs/afl/bin/python /Users/marcuswagner/coding/AFL_dashboard/scrape_wheelo_match_stats.py --brownlow
2026-04-20 08:14:27,215 [INFO]   DONE [wheelo_match_stats] in 227.7s
2026-04-20 08:14:27,215 [INFO]     | ============================================================
2026-04-20 08:14:27,215 [INFO]     | 🔧 Chrome driver attempt 1/3…
2026-04-20 08:14:27,215 [INFO]     | ✅ Chrome driver ready
2026-04-20 08:14:27,215 [INFO]     | 
2026-04-20 08:14:27,216 [INFO]     | 💾 Saved 2070 rows → /Users/marcuswagner/coding/AFL_dashboard/data/raw/player/brownlow_predictions_2026.csv
2026-04-20 08:14:27,216 [INFO] 
2026-04-20 08:14:27,216 [INFO] ============================================================
2026-04-20 08:14:27,216 [INFO] UPDATE SUMMARY
2026-04-20 08:14:27,216 [INFO] ============================================================
2026-04-20 08:14:27,216 [INFO]   ✗ wheelo_ratings: FAILED: Exit code 1
2026-04-20 08:14:27,216 [INFO]   ✓ wheelo_match_stats: OK
2026-04-20 08:14:27,216 [INFO] 
2026-04-20 08:14:27,216 [INFO] Results: 1 passed, 1 failed, 0 skipped
2026-04-20 08:14:27,216 [INFO] Total time: 4399s (73.3 min)
2026-04-20 08:14:27,216 [INFO] Log: /Users/marcuswagner/coding/AFL_dashboard/logs/scheduled_update_2026-04-20_0701.log
2026-04-20 08:14:27,218 [INFO] Log rotation: removed 1 old log file(s)
2026-04-20 08:14:27,231 [INFO] Stopped Streamlit (PIDs: 20755)
2026-04-20 08:14:29,275 [INFO] Restarted Streamlit app.
2026-04-20 08:14:29,276 [WARNING] 
⚠️  1 step(s) failed. Check log for details.
2026-04-20 08:14:34,833 [INFO] Email sent to marcus.wagner@futureedgesport.com.au
2026-04-20 09:18:54,617 [INFO]   DONE [footywire_extended] in 8233.7s
2026-04-20 09:18:54,618 [INFO]     | 5  Adelaide    Brayden Cook           2026.0           Non-Free Agent      2020.0    National          1.0        25.0
2026-04-20 09:18:54,618 [INFO]     | 6  Adelaide     Indy Cotton           2027.0                  Unknown         NaN        None          NaN         NaN
2026-04-20 09:18:54,618 [INFO]     | 7  Adelaide   Isaac Cumming           2030.0           Non-Free Agent      2016.0    National          1.0        20.0
2026-04-20 09:18:54,618 [INFO]     | 8  Adelaide   Daniel Curtin           2029.0           Non-Free Agent      2023.0    National          1.0         8.0
2026-04-20 09:18:54,618 [INFO]     | 9  Adelaide   Jordan Dawson           2029.0    Restricted Free Agent      2015.0    National          4.0        56.0
2026-04-20 09:18:54,618 [INFO] START [afl_ladders] Scrape AFL ladder standings from Footywire (current season)
2026-04-20 09:18:54,618 [INFO]   Running: /opt/homebrew/Caskroom/miniconda/base/envs/afl/bin/python /Users/marcuswagner/coding/AFL_dashboard/scrape_afl_ladders.py --current-only
2026-04-20 09:18:56,780 [INFO]   DONE [afl_ladders] in 2.2s
2026-04-20 09:18:56,780 [INFO]     |   2026: 18 teams
2026-04-20 09:18:56,780 [INFO]     | 
2026-04-20 09:18:56,780 [INFO]     | ============================================================
2026-04-20 09:18:56,780 [INFO]     | Completed: 2026-04-20 09:18:56
2026-04-20 09:18:56,780 [INFO]     | ============================================================
2026-04-20 09:18:56,780 [INFO] START [wheelo_ratings] Scrape Wheelo team & player ratings (Selenium)
2026-04-20 09:18:56,780 [INFO]   Running: /opt/homebrew/Caskroom/miniconda/base/envs/afl/bin/python /Users/marcuswagner/coding/AFL_dashboard/scrape_wheelo_ratings.py --all
2026-04-20 09:35:45,811 [INFO]   DONE [wheelo_ratings] in 1009.0s
2026-04-20 09:35:45,811 [INFO]     | 📊 Team Stats downloaded: 3 files
2026-04-20 09:35:45,811 [INFO]     | 📊 Player Stats downloaded: 3 files
2026-04-20 09:35:45,811 [INFO]     | 📊 Squad Lists downloaded: 1 file
2026-04-20 09:35:45,811 [INFO]     | 
2026-04-20 09:35:45,811 [INFO]     | 📁 CSV files saved in: /Users/marcuswagner/coding/AFL_dashboard/wheelo_downloads
2026-04-20 09:35:45,811 [INFO] START [wheelo_match_stats] Scrape Wheelo match-by-match player ratings + Brownlow predictions (Selenium)
2026-04-20 09:35:45,811 [INFO]   Running: /opt/homebrew/Caskroom/miniconda/base/envs/afl/bin/python /Users/marcuswagner/coding/AFL_dashboard/scrape_wheelo_match_stats.py --brownlow
2026-04-20 09:52:31,543 [INFO]   DONE [wheelo_match_stats] in 1005.7s
2026-04-20 09:52:31,543 [INFO]     | ============================================================
2026-04-20 09:52:31,543 [INFO]     | 🔧 Chrome driver attempt 1/3…
2026-04-20 09:52:31,543 [INFO]     | ✅ Chrome driver ready
2026-04-20 09:52:31,543 [INFO]     | 
2026-04-20 09:52:31,543 [INFO]     | 💾 Saved 2070 rows → /Users/marcuswagner/coding/AFL_dashboard/data/raw/player/brownlow_predictions_2026.csv
2026-04-20 09:52:31,543 [INFO] START [traits_api] Fetch Traits API data for current-season players
2026-04-20 09:52:31,543 [INFO]   Running: /opt/homebrew/Caskroom/miniconda/base/envs/afl/bin/python /Users/marcuswagner/coding/AFL_dashboard/run_traits_api.py 
2026-04-20 12:16:13,276 [INFO]   DONE [traits_api] in 8621.7s
2026-04-20 12:16:13,277 [INFO]     |      Toby Greene       GWS Giants            3.49                3.91            3.52
2026-04-20 12:16:13,277 [INFO]     |    Lachie Jaques Western Bulldogs            3.49                3.76            3.22
2026-04-20 12:16:13,277 [INFO]     |      Harry McKay          Carlton            3.45                4.16            3.06
2026-04-20 12:16:13,277 [INFO]     | 
2026-04-20 12:16:13,277 [INFO]     | Snapshot: R5 already finalised — updated with latest values
2026-04-20 12:16:13,277 [INFO] START [wheelo_to_raw] Copy Wheelo team stats to raw data folder for ratings pipeline
2026-04-20 12:16:13,816 [INFO]   Backed up team_stats_2026.csv → backups/team_stats_2026_20260420_121613.csv
2026-04-20 12:16:13,819 [INFO]   Copied Wheelo 2026 Season -> team_stats_2026.csv (18 teams)
2026-04-20 12:16:13,835 [INFO]   Backed up team_stats_2026_L10.csv → backups/team_stats_2026_L10_20260420_121613.csv
2026-04-20 12:16:13,837 [INFO]   Copied Wheelo 2026 L10 -> team_stats_2026_L10.csv (18 teams)
2026-04-20 12:16:13,858 [INFO]   Backed up team_stats_2026_L5.csv → backups/team_stats_2026_L5_20260420_121613.csv
2026-04-20 12:16:13,860 [INFO]   Copied Wheelo 2026 L5 -> team_stats_2026_L5.csv (18 teams)
2026-04-20 12:16:13,860 [INFO]   DONE [wheelo_to_raw] in 0.6s
2026-04-20 12:16:13,860 [INFO] START [build_season] Build season data files (squads, stats, traits CSVs)
2026-04-20 12:16:13,860 [INFO]   Running: /opt/homebrew/Caskroom/miniconda/base/envs/afl/bin/python /Users/marcuswagner/coding/AFL_dashboard/build_season_data.py 
2026-04-20 12:16:14,158 [INFO]   DONE [build_season] in 0.3s
2026-04-20 12:16:14,159 [INFO]     |   Western Bulldogs      43 players  Avg Age: 24.5  Avg Games: 75
2026-04-20 12:16:14,159 [INFO]     | 
2026-04-20 12:16:14,159 [INFO]     | ============================================================
2026-04-20 12:16:14,159 [INFO]     | ✅ 2026 DATA BUILD COMPLETE
2026-04-20 12:16:14,159 [INFO]     | ============================================================
2026-04-20 12:16:14,159 [INFO] START [wheelo_player_to_raw] Merge Wheelo player season data (matches, ratings) into raw player CSVs
2026-04-20 12:16:14,303 [INFO]   Wheelo Wheelo 2026 Season: 538 players, 18 teams
2026-04-20 12:16:14,325 [INFO]   Name mappings (39): {'Mitch Owens': 'Mitchito Owens', 'Brad Close': 'Bradley Close', 'Matthew Carroll': 'Matt Carroll', 'Zach Merrett': 'Zachary Merrett', 'Matt Flynn': 'Matthew Flynn', 'Matthew Owies': 'Matt Owies', 'Sam Grlj': 'Samuel Grlj', 'Josh Weddle': 'Joshua Weddle', 'Ollie Wines': 'Oliver Wines', 'Cam Rayner': 'Cameron Rayner', 'Harry Himmelberg': 'Harrison Himmelberg', 'Mitch Lewis': 'Mitchell Lewis', 'Tom Liberatore': 'Thomas Liberatore', 'Nicholas Madden': 'Nick Madden', 'Archer May': 'Archie May', 'Christopher Scerri': 'Chris Scerri', 'Tom Stewart': 'Thomas Stewart', 'Dan Butler': 'Daniel Butler', 'Tim English': 'Timothy English', 'Joe Fonti': 'Joseph Fonti', 'Jack Macrae': 'Jackson Macrae', 'Lachie Ash': 'Lachlan Ash', 'Connor Macdonald': 'Connor MacDonald', 'Oliver Dempsey': 'Ollie Dempsey', 'Leonardo Lombard': 'Leo Lombard', 'Lachie Fogarty': 'Lachlan Fogarty', 'Lachie Schultz': 'Lachlan Schultz', 'Lachie Weller': 'Lachlan Weller', 'Sam Collins': 'Samuel Collins', 'Thomas Edwards': 'Tom Edwards', 'Jacob van Rooyen': 'Jacob Van Rooyen', 'Matt Roberts': 'Matthew Roberts', 'Lachlan Sullivan': 'Lachie Sullivan', 'Lachie Jones': 'Lachlan Jones', 'Matthew Johnson': 'Matt Johnson', 'Cam Mackenzie': 'Cameron Mackenzie', 'Zac Williams': 'Zachary Williams', 'Mitch Knevitt': 'Mitchell Knevitt', 'William Hayes': 'Will Hayes'}
2026-04-20 12:16:14,339 [INFO]   Backed up player_stats_2026.csv → backups/player_stats_2026_20260420_121614.csv
2026-04-20 12:16:14,341 [INFO]   Updated player_stats_2026.csv: 538 players with matches from Wheelo
2026-04-20 12:16:14,358 [INFO]   Backed up squads_2026.csv → backups/squads_2026_20260420_121614.csv
2026-04-20 12:16:14,361 [INFO]   Updated squads_2026.csv: 538 players matched from Wheelo
2026-04-20 12:16:14,361 [INFO]   DONE [wheelo_player_to_raw] in 0.2s
2026-04-20 12:16:14,361 [INFO] START [regenerate_ratings] Regenerate computed team summaries and ladders
2026-04-20 12:16:14,361 [INFO]   Running: /opt/homebrew/Caskroom/miniconda/base/envs/afl/bin/python /Users/marcuswagner/coding/AFL_dashboard/regenerate_ratings.py 
2026-04-20 12:16:14,633 [INFO]   DONE [regenerate_ratings] in 0.3s
2026-04-20 12:16:14,633 [INFO]     | Skipping 2025 Last 5 - no raw data
2026-04-20 12:16:14,633 [INFO]     | 
2026-04-20 12:16:14,633 [INFO]     | ============================================================
2026-04-20 12:16:14,633 [INFO]     | DONE!
2026-04-20 12:16:14,633 [INFO]     | ============================================================
2026-04-20 12:16:14,633 [INFO] START [refresh_master_ladders] Update master workbook Team_Ladders_All with freshly-scraped ladder data
2026-04-20 12:16:26,972 [INFO]   Refreshed Team_Ladders_All: 287 rows
2026-04-20 12:16:26,974 [INFO]   DONE [refresh_master_ladders] in 12.3s
2026-04-20 12:16:26,974 [INFO] START [update_photos] Download photos for any new/missing players
2026-04-20 12:16:26,974 [INFO]   Running: /opt/homebrew/Caskroom/miniconda/base/envs/afl/bin/python /Users/marcuswagner/coding/AFL_dashboard/auto_update_photos.py 
2026-04-20 12:33:37,748 [INFO]   DONE [update_photos] in 1030.8s
2026-04-20 12:33:37,749 [INFO]     | 
2026-04-20 12:33:37,749 [INFO] START [validate_freshness] Validate pipeline output files are present and fresh
2026-04-20 12:33:37,749 [INFO]   Running: /opt/homebrew/Caskroom/miniconda/base/envs/afl/bin/python /Users/marcuswagner/coding/AFL_dashboard/validate_pipeline_freshness.py 
2026-04-20 12:33:37,782 [INFO]   DONE [validate_freshness] in 0.0s
2026-04-20 12:33:37,782 [INFO]     |   ✓ FRESH    footywire_drafts_history.csv  (09:18)
2026-04-20 12:33:37,782 [INFO]     |   ✓ FRESH    footywire_2026_with_traits.csv  (12:16)
2026-04-20 12:33:37,782 [INFO]     |   ✓ FRESH    traits_2026.csv  (12:16)
2026-04-20 12:33:37,782 [INFO]     | 
2026-04-20 12:33:37,782 [INFO]     | ✅ All required files are present and fresh.
2026-04-20 12:33:37,782 [INFO] START [validate_schemas] Validate CSV output schemas (columns, row counts, data quality)
2026-04-20 12:33:37,795 [INFO]   DONE [validate_schemas] 0 warning(s) in 0.0s
2026-04-20 12:33:37,795 [INFO] START [data_diff_check] Compare pipeline outputs against backups and alert on anomalies
2026-04-20 12:33:37,807 [INFO]   DONE [data_diff_check] no anomalies in 0.0s
2026-04-20 12:33:37,807 [INFO]   SKIP [team_selections] – Skipped: only runs on Wed, Thu, Fri
2026-04-20 12:33:37,807 [INFO] START [validate_selections] Validate announced squads against actual match-day players
2026-04-20 12:33:37,807 [INFO]   Running: /opt/homebrew/Caskroom/miniconda/base/envs/afl/bin/python /Users/marcuswagner/coding/AFL_dashboard/scrape_team_selections.py --validate
2026-04-20 12:33:38,177 [INFO]   DONE [validate_selections] in 0.4s
2026-04-20 12:33:38,177 [INFO]     | 
2026-04-20 12:33:38,177 [INFO] 
2026-04-20 12:33:38,177 [INFO] ============================================================
2026-04-20 12:33:38,177 [INFO] UPDATE SUMMARY
2026-04-20 12:33:38,177 [INFO] ============================================================
2026-04-20 12:33:38,177 [INFO]   ✓ footywire_squads: OK
2026-04-20 12:33:38,177 [INFO]   ✓ footywire_extended: OK
2026-04-20 12:33:38,177 [INFO]   ✓ afl_ladders: OK
2026-04-20 12:33:38,177 [INFO]   ✓ wheelo_ratings: OK
2026-04-20 12:33:38,177 [INFO]   ✓ wheelo_match_stats: OK
2026-04-20 12:33:38,177 [INFO]   ✓ traits_api: OK
2026-04-20 12:33:38,177 [INFO]   ✓ wheelo_to_raw: OK
2026-04-20 12:33:38,177 [INFO]   ✓ build_season: OK
2026-04-20 12:33:38,177 [INFO]   ✓ wheelo_player_to_raw: OK
2026-04-20 12:33:38,177 [INFO]   ✓ regenerate_ratings: OK
2026-04-20 12:33:38,177 [INFO]   ✓ refresh_master_ladders: OK
2026-04-20 12:33:38,177 [INFO]   ✓ update_photos: OK
2026-04-20 12:33:38,177 [INFO]   ✓ validate_freshness: OK
2026-04-20 12:33:38,177 [INFO]   ✓ validate_schemas: OK
2026-04-20 12:33:38,177 [INFO]   ✓ data_diff_check: OK
2026-04-20 12:33:38,177 [INFO]   ⊘ team_selections: SKIPPED: Skipped: only runs on Wed, Thu, Fri
2026-04-20 12:33:38,177 [INFO]   ✓ validate_selections: OK
2026-04-20 12:33:38,177 [INFO] 
2026-04-20 12:33:38,177 [INFO] Results: 17 passed, 0 failed, 1 skipped
2026-04-20 12:33:38,177 [INFO] Total time: 19950s (332.5 min)
2026-04-20 12:33:38,177 [INFO] Log: /Users/marcuswagner/coding/AFL_dashboard/logs/scheduled_update_2026-04-20_0701.log
2026-04-20 12:33:38,192 [INFO] Stopped Streamlit (PIDs: 24890)
2026-04-20 12:33:40,358 [INFO] Restarted Streamlit app.
2026-04-20 12:33:40,359 [WARNING] 
⚠️  Completed with 1 skipped step(s).
2026-04-20 12:33:46,547 [INFO] Email sent to marcus.wagner@futureedgesport.com.au
==========================================
==========================================
AFL Dashboard – Scheduled Update
AFL Dashboard – Scheduled Update
Tue Apr 21 07:03:42 AEST 2026
Tue Apr 21 07:03:42 AEST 2026
==========================================
==========================================
Using conda env: afl
Using conda env: afl
2026-04-21 07:03:43,583 [INFO] Log file: /Users/marcuswagner/coding/AFL_dashboard/logs/scheduled_update_2026-04-21_0703.log
2026-04-21 07:03:43,583 [INFO] Log file: /Users/marcuswagner/coding/AFL_dashboard/logs/scheduled_update_2026-04-21_0703.log
2026-04-21 07:03:43,583 [INFO] ============================================================
2026-04-21 07:03:43,583 [INFO] ============================================================
2026-04-21 07:03:43,583 [INFO] AFL Dashboard – Scheduled Data Update
2026-04-21 07:03:43,583 [INFO] AFL Dashboard – Scheduled Data Update
2026-04-21 07:03:43,583 [INFO] Date: Tuesday 21 April 2026 07:03
2026-04-21 07:03:43,583 [INFO] Date: Tuesday 21 April 2026 07:03
2026-04-21 07:03:43,583 [INFO] Mode: FULL
2026-04-21 07:03:43,583 [INFO] Mode: FULL
2026-04-21 07:03:43,583 [INFO] ============================================================
2026-04-21 07:03:43,583 [INFO] ============================================================
2026-04-21 07:03:43,583 [INFO] Python: /opt/homebrew/Caskroom/miniconda/base/envs/afl/bin/python
2026-04-21 07:03:43,583 [INFO] Python: /opt/homebrew/Caskroom/miniconda/base/envs/afl/bin/python
2026-04-21 07:03:43,583 [INFO] 
Steps to run (17):
2026-04-21 07:03:43,583 [INFO] 
Steps to run (2):
2026-04-21 07:03:43,583 [INFO]   • footywire_squads: Scrape player squads from Footywire
2026-04-21 07:03:43,583 [INFO]   • wheelo_ratings: Scrape Wheelo team & player ratings (Selenium) [SLOW]
2026-04-21 07:03:43,583 [INFO]   • footywire_extended: Scrape contracts & draft history from Footywire
2026-04-21 07:03:43,583 [INFO]   • wheelo_match_stats: Scrape Wheelo match-by-match player ratings + Brownlow predictions (Selenium) [SLOW]
2026-04-21 07:03:43,583 [INFO]   • afl_ladders: Scrape AFL ladder standings from Footywire (current season)
2026-04-21 07:03:43,583 [INFO] 
2026-04-21 07:03:43,583 [INFO]   • wheelo_ratings: Scrape Wheelo team & player ratings (Selenium) [SLOW]
2026-04-21 07:03:43,583 [INFO]   • wheelo_match_stats: Scrape Wheelo match-by-match player ratings + Brownlow predictions (Selenium) [SLOW]
2026-04-21 07:03:43,583 [INFO] START [wheelo_ratings] Scrape Wheelo team & player ratings (Selenium)
2026-04-21 07:03:43,583 [INFO]   • traits_api: Fetch Traits API data for current-season players [SLOW]
2026-04-21 07:03:43,583 [INFO]   Running: /opt/homebrew/Caskroom/miniconda/base/envs/afl/bin/python /Users/marcuswagner/coding/AFL_dashboard/scrape_wheelo_ratings.py --all
2026-04-21 07:03:43,583 [INFO]   • wheelo_to_raw: Copy Wheelo team stats to raw data folder for ratings pipeline
2026-04-21 07:03:43,583 [INFO]   • build_season: Build season data files (squads, stats, traits CSVs)
2026-04-21 07:03:43,583 [INFO]   • wheelo_player_to_raw: Merge Wheelo player season data (matches, ratings) into raw player CSVs
2026-04-21 07:03:43,583 [INFO]   • regenerate_ratings: Regenerate computed team summaries and ladders
2026-04-21 07:03:43,583 [INFO]   • refresh_master_ladders: Update master workbook Team_Ladders_All with freshly-scraped ladder data
2026-04-21 07:03:43,583 [INFO]   • update_photos: Download photos for any new/missing players [SLOW]
2026-04-21 07:03:43,583 [INFO]   • validate_freshness: Validate pipeline output files are present and fresh
2026-04-21 07:03:43,583 [INFO]   • validate_schemas: Validate CSV output schemas (columns, row counts, data quality)
2026-04-21 07:03:43,583 [INFO]   • data_diff_check: Compare pipeline outputs against backups and alert on anomalies
2026-04-21 07:03:43,583 [INFO]   • team_selections: Scrape team selections & fixture from FootyWire + Squiggle API
2026-04-21 07:03:43,583 [INFO]   • validate_selections: Validate announced squads against actual match-day players
2026-04-21 07:03:43,583 [INFO] 
2026-04-21 07:03:43,583 [INFO] START [footywire_squads] Scrape player squads from Footywire
2026-04-21 07:03:43,583 [INFO]   Running: /opt/homebrew/Caskroom/miniconda/base/envs/afl/bin/python /Users/marcuswagner/coding/AFL_dashboard/scrape_footywire.py 
2026-04-21 07:04:15,719 [INFO]   DONE [footywire_squads] in 32.1s
2026-04-21 07:04:15,720 [INFO]     | DefenderMidfieldForward      1
2026-04-21 07:04:15,720 [INFO]     | Name: count, dtype: int64
2026-04-21 07:04:15,720 [INFO]     | 
2026-04-21 07:04:15,720 [INFO]     | 
2026-04-21 07:04:15,720 [INFO]     | Updated DOB cache: 0 new entries
2026-04-21 07:04:15,720 [INFO] START [footywire_extended] Scrape contracts & draft history from Footywire
2026-04-21 07:04:15,720 [INFO]   Running: /opt/homebrew/Caskroom/miniconda/base/envs/afl/bin/python /Users/marcuswagner/coding/AFL_dashboard/scrape_footywire_extended.py --current-only
2026-04-21 07:18:46,984 [INFO]   DONE [wheelo_ratings] in 903.4s
2026-04-21 07:18:46,984 [INFO]     | 📊 Team Stats downloaded: 3 files
2026-04-21 07:18:46,985 [INFO]     | 📊 Player Stats downloaded: 3 files
2026-04-21 07:18:46,985 [INFO]     | 📊 Squad Lists downloaded: 1 file
2026-04-21 07:18:46,985 [INFO]     | 
2026-04-21 07:18:46,985 [INFO]     | 📁 CSV files saved in: /Users/marcuswagner/coding/AFL_dashboard/wheelo_downloads
2026-04-21 07:18:46,985 [INFO] START [wheelo_match_stats] Scrape Wheelo match-by-match player ratings + Brownlow predictions (Selenium)
2026-04-21 07:18:46,985 [INFO]   Running: /opt/homebrew/Caskroom/miniconda/base/envs/afl/bin/python /Users/marcuswagner/coding/AFL_dashboard/scrape_wheelo_match_stats.py --brownlow
2026-04-21 07:19:57,488 [INFO]   DONE [wheelo_match_stats] in 70.5s
2026-04-21 07:19:57,489 [INFO]     | ============================================================
2026-04-21 07:19:57,489 [INFO]     | 🔧 Chrome driver attempt 1/3…
2026-04-21 07:19:57,489 [INFO]     | ✅ Chrome driver ready
2026-04-21 07:19:57,489 [INFO]     | 
2026-04-21 07:19:57,489 [INFO]     | 💾 Saved 2484 rows → /Users/marcuswagner/coding/AFL_dashboard/data/raw/player/brownlow_predictions_2026.csv
2026-04-21 07:19:57,489 [INFO] 
2026-04-21 07:19:57,489 [INFO] ============================================================
2026-04-21 07:19:57,489 [INFO] UPDATE SUMMARY
2026-04-21 07:19:57,489 [INFO] ============================================================
2026-04-21 07:19:57,489 [INFO]   ✓ wheelo_ratings: OK
2026-04-21 07:19:57,489 [INFO]   ✓ wheelo_match_stats: OK
2026-04-21 07:19:57,489 [INFO] 
2026-04-21 07:19:57,489 [INFO] Results: 2 passed, 0 failed, 0 skipped
2026-04-21 07:19:57,489 [INFO] Total time: 974s (16.2 min)
2026-04-21 07:19:57,489 [INFO] Log: /Users/marcuswagner/coding/AFL_dashboard/logs/scheduled_update_2026-04-21_0703.log
2026-04-21 07:19:57,492 [INFO] Log rotation: removed 1 old log file(s)
2026-04-21 07:19:57,505 [INFO] Stopped Streamlit (PIDs: 37891)
2026-04-21 07:19:59,664 [INFO] Restarted Streamlit app.
2026-04-21 07:19:59,665 [INFO] 
✅ All steps completed successfully!
2026-04-21 07:20:05,447 [INFO] Email sent to marcus.wagner@futureedgesport.com.au
2026-04-21 08:32:18,031 [INFO]   DONE [footywire_extended] in 5282.3s
2026-04-21 08:32:18,032 [INFO]     | 5  Adelaide    Brayden Cook           2026.0           Non-Free Agent      2020.0    National          1.0        25.0
2026-04-21 08:32:18,032 [INFO]     | 6  Adelaide     Indy Cotton           2027.0                  Unknown         NaN        None          NaN         NaN
2026-04-21 08:32:18,032 [INFO]     | 7  Adelaide   Isaac Cumming           2030.0           Non-Free Agent      2016.0    National          1.0        20.0
2026-04-21 08:32:18,032 [INFO]     | 8  Adelaide   Daniel Curtin           2029.0           Non-Free Agent      2023.0    National          1.0         8.0
2026-04-21 08:32:18,032 [INFO]     | 9  Adelaide   Jordan Dawson           2029.0    Restricted Free Agent      2015.0    National          4.0        56.0
2026-04-21 08:32:18,032 [INFO] START [afl_ladders] Scrape AFL ladder standings from Footywire (current season)
2026-04-21 08:32:18,032 [INFO]   Running: /opt/homebrew/Caskroom/miniconda/base/envs/afl/bin/python /Users/marcuswagner/coding/AFL_dashboard/scrape_afl_ladders.py --current-only
2026-04-21 08:32:20,031 [INFO]   DONE [afl_ladders] in 2.0s
2026-04-21 08:32:20,031 [INFO]     |   2026: 18 teams
2026-04-21 08:32:20,031 [INFO]     | 
2026-04-21 08:32:20,031 [INFO]     | ============================================================
2026-04-21 08:32:20,031 [INFO]     | Completed: 2026-04-21 08:32:20
2026-04-21 08:32:20,031 [INFO]     | ============================================================
2026-04-21 08:32:20,031 [INFO] START [wheelo_ratings] Scrape Wheelo team & player ratings (Selenium)
2026-04-21 08:32:20,031 [INFO]   Running: /opt/homebrew/Caskroom/miniconda/base/envs/afl/bin/python /Users/marcuswagner/coding/AFL_dashboard/scrape_wheelo_ratings.py --all
2026-04-21 08:35:06,392 [INFO]   DONE [wheelo_ratings] in 166.4s
2026-04-21 08:35:06,393 [INFO]     | 📊 Team Stats downloaded: 3 files
2026-04-21 08:35:06,393 [INFO]     | 📊 Player Stats downloaded: 3 files
2026-04-21 08:35:06,393 [INFO]     | 📊 Squad Lists downloaded: 1 file
2026-04-21 08:35:06,393 [INFO]     | 
2026-04-21 08:35:06,393 [INFO]     | 📁 CSV files saved in: /Users/marcuswagner/coding/AFL_dashboard/wheelo_downloads
2026-04-21 08:35:06,393 [INFO] START [wheelo_match_stats] Scrape Wheelo match-by-match player ratings + Brownlow predictions (Selenium)
2026-04-21 08:35:06,393 [INFO]   Running: /opt/homebrew/Caskroom/miniconda/base/envs/afl/bin/python /Users/marcuswagner/coding/AFL_dashboard/scrape_wheelo_match_stats.py --brownlow
2026-04-21 08:37:30,106 [INFO]   DONE [wheelo_match_stats] in 143.7s
2026-04-21 08:37:30,107 [INFO]     | ============================================================
2026-04-21 08:37:30,107 [INFO]     | 🔧 Chrome driver attempt 1/3…
2026-04-21 08:37:30,107 [INFO]     | ✅ Chrome driver ready
2026-04-21 08:37:30,107 [INFO]     | 
2026-04-21 08:37:30,107 [INFO]     | 💾 Saved 2484 rows → /Users/marcuswagner/coding/AFL_dashboard/data/raw/player/brownlow_predictions_2026.csv
2026-04-21 08:37:30,107 [INFO] START [traits_api] Fetch Traits API data for current-season players
2026-04-21 08:37:30,107 [INFO]   Running: /opt/homebrew/Caskroom/miniconda/base/envs/afl/bin/python /Users/marcuswagner/coding/AFL_dashboard/run_traits_api.py 
2026-04-21 08:54:00,697 [INFO]   DONE [traits_api] in 990.6s
2026-04-21 08:54:00,698 [INFO]     |    Flynn Young    Carlton            3.45                3.57            3.66
2026-04-21 08:54:00,698 [INFO]     |  Brodie Grundy     Sydney            3.37                3.41            3.49
2026-04-21 08:54:00,698 [INFO]     |    Josh Treacy  Fremantle            3.36                3.29             3.2
2026-04-21 08:54:00,698 [INFO]     | 
2026-04-21 08:54:00,698 [INFO]     | Snapshot: R6 already finalised — updated with latest values
2026-04-21 08:54:00,698 [INFO] START [wheelo_to_raw] Copy Wheelo team stats to raw data folder for ratings pipeline
2026-04-21 08:54:01,240 [INFO]   Backed up team_stats_2026.csv → backups/team_stats_2026_20260421_085401.csv
2026-04-21 08:54:01,242 [INFO]   Copied Wheelo 2026 Season -> team_stats_2026.csv (18 teams)
2026-04-21 08:54:01,258 [INFO]   Backed up team_stats_2026_L10.csv → backups/team_stats_2026_L10_20260421_085401.csv
2026-04-21 08:54:01,260 [INFO]   Copied Wheelo 2026 L10 -> team_stats_2026_L10.csv (18 teams)
2026-04-21 08:54:01,281 [INFO]   Backed up team_stats_2026_L5.csv → backups/team_stats_2026_L5_20260421_085401.csv
2026-04-21 08:54:01,283 [INFO]   Copied Wheelo 2026 L5 -> team_stats_2026_L5.csv (18 teams)
2026-04-21 08:54:01,283 [INFO]   DONE [wheelo_to_raw] in 0.6s
2026-04-21 08:54:01,283 [INFO] START [build_season] Build season data files (squads, stats, traits CSVs)
2026-04-21 08:54:01,283 [INFO]   Running: /opt/homebrew/Caskroom/miniconda/base/envs/afl/bin/python /Users/marcuswagner/coding/AFL_dashboard/build_season_data.py 
2026-04-21 08:54:01,569 [INFO]   DONE [build_season] in 0.3s
2026-04-21 08:54:01,569 [INFO]     |   Western Bulldogs      43 players  Avg Age: 24.5  Avg Games: 75
2026-04-21 08:54:01,569 [INFO]     | 
2026-04-21 08:54:01,569 [INFO]     | ============================================================
2026-04-21 08:54:01,569 [INFO]     | ✅ 2026 DATA BUILD COMPLETE
2026-04-21 08:54:01,569 [INFO]     | ============================================================
2026-04-21 08:54:01,569 [INFO] START [wheelo_player_to_raw] Merge Wheelo player season data (matches, ratings) into raw player CSVs
2026-04-21 08:54:01,712 [INFO]   Wheelo Wheelo 2026 Season: 538 players, 18 teams
2026-04-21 08:54:01,729 [INFO]   Name mappings (39): {'Matthew Owies': 'Matt Owies', 'Thomas Edwards': 'Tom Edwards', 'Harry Himmelberg': 'Harrison Himmelberg', 'Tom Liberatore': 'Thomas Liberatore', 'Mitch Owens': 'Mitchito Owens', 'Cam Rayner': 'Cameron Rayner', 'Mitch Knevitt': 'Mitchell Knevitt', 'Cam Mackenzie': 'Cameron Mackenzie', 'Lachie Jones': 'Lachlan Jones', 'Lachlan Sullivan': 'Lachie Sullivan', 'Zac Williams': 'Zachary Williams', 'Dan Butler': 'Daniel Butler', 'Tim English': 'Timothy English', 'Lachie Ash': 'Lachlan Ash', 'Sam Grlj': 'Samuel Grlj', 'William Hayes': 'Will Hayes', 'Josh Weddle': 'Joshua Weddle', 'Christopher Scerri': 'Chris Scerri', 'Lachie Fogarty': 'Lachlan Fogarty', 'Lachie Schultz': 'Lachlan Schultz', 'Matthew Johnson': 'Matt Johnson', 'Sam Collins': 'Samuel Collins', 'Leonardo Lombard': 'Leo Lombard', 'Jacob van Rooyen': 'Jacob Van Rooyen', 'Archer May': 'Archie May', 'Mitch Lewis': 'Mitchell Lewis', 'Lachie Weller': 'Lachlan Weller', 'Tom Stewart': 'Thomas Stewart', 'Matt Roberts': 'Matthew Roberts', 'Matt Flynn': 'Matthew Flynn', 'Brad Close': 'Bradley Close', 'Zach Merrett': 'Zachary Merrett', 'Connor Macdonald': 'Connor MacDonald', 'Matthew Carroll': 'Matt Carroll', 'Oliver Dempsey': 'Ollie Dempsey', 'Nicholas Madden': 'Nick Madden', 'Joe Fonti': 'Joseph Fonti', 'Jack Macrae': 'Jackson Macrae', 'Ollie Wines': 'Oliver Wines'}
2026-04-21 08:54:01,742 [INFO]   Backed up player_stats_2026.csv → backups/player_stats_2026_20260421_085401.csv
2026-04-21 08:54:01,744 [INFO]   Updated player_stats_2026.csv: 538 players with matches from Wheelo
2026-04-21 08:54:01,762 [INFO]   Backed up squads_2026.csv → backups/squads_2026_20260421_085401.csv
2026-04-21 08:54:01,764 [INFO]   Updated squads_2026.csv: 538 players matched from Wheelo
2026-04-21 08:54:01,764 [INFO]   DONE [wheelo_player_to_raw] in 0.2s
2026-04-21 08:54:01,764 [INFO] START [regenerate_ratings] Regenerate computed team summaries and ladders
2026-04-21 08:54:01,764 [INFO]   Running: /opt/homebrew/Caskroom/miniconda/base/envs/afl/bin/python /Users/marcuswagner/coding/AFL_dashboard/regenerate_ratings.py 
2026-04-21 08:54:02,042 [INFO]   DONE [regenerate_ratings] in 0.3s
2026-04-21 08:54:02,042 [INFO]     | Skipping 2025 Last 5 - no raw data
2026-04-21 08:54:02,042 [INFO]     | 
2026-04-21 08:54:02,042 [INFO]     | ============================================================
2026-04-21 08:54:02,042 [INFO]     | DONE!
2026-04-21 08:54:02,042 [INFO]     | ============================================================
2026-04-21 08:54:02,042 [INFO] START [refresh_master_ladders] Update master workbook Team_Ladders_All with freshly-scraped ladder data
2026-04-21 08:54:14,468 [INFO]   Refreshed Team_Ladders_All: 287 rows
2026-04-21 08:54:14,472 [INFO]   DONE [refresh_master_ladders] in 12.4s
2026-04-21 08:54:14,472 [INFO] START [update_photos] Download photos for any new/missing players
2026-04-21 08:54:14,472 [INFO]   Running: /opt/homebrew/Caskroom/miniconda/base/envs/afl/bin/python /Users/marcuswagner/coding/AFL_dashboard/auto_update_photos.py 
2026-04-21 08:57:03,795 [INFO]   DONE [update_photos] in 169.3s
2026-04-21 08:57:03,796 [INFO]     | 
2026-04-21 08:57:03,796 [INFO] START [validate_freshness] Validate pipeline output files are present and fresh
2026-04-21 08:57:03,796 [INFO]   Running: /opt/homebrew/Caskroom/miniconda/base/envs/afl/bin/python /Users/marcuswagner/coding/AFL_dashboard/validate_pipeline_freshness.py 
2026-04-21 08:57:03,825 [INFO]   DONE [validate_freshness] in 0.0s
2026-04-21 08:57:03,825 [INFO]     |   ✓ FRESH    footywire_drafts_history.csv  (08:32)
2026-04-21 08:57:03,825 [INFO]     |   ✓ FRESH    footywire_2026_with_traits.csv  (08:54)
2026-04-21 08:57:03,825 [INFO]     |   ✓ FRESH    traits_2026.csv  (08:54)
2026-04-21 08:57:03,825 [INFO]     | 
2026-04-21 08:57:03,825 [INFO]     | ✅ All required files are present and fresh.
2026-04-21 08:57:03,825 [INFO] START [validate_schemas] Validate CSV output schemas (columns, row counts, data quality)
2026-04-21 08:57:03,838 [INFO]   DONE [validate_schemas] 0 warning(s) in 0.0s
2026-04-21 08:57:03,838 [INFO] START [data_diff_check] Compare pipeline outputs against backups and alert on anomalies
2026-04-21 08:57:03,849 [INFO]   DONE [data_diff_check] no anomalies in 0.0s
2026-04-21 08:57:03,849 [INFO]   SKIP [team_selections] – Skipped: only runs on Wed, Thu, Fri
2026-04-21 08:57:03,849 [INFO] START [validate_selections] Validate announced squads against actual match-day players
2026-04-21 08:57:03,849 [INFO]   Running: /opt/homebrew/Caskroom/miniconda/base/envs/afl/bin/python /Users/marcuswagner/coding/AFL_dashboard/scrape_team_selections.py --validate
2026-04-21 08:57:04,230 [INFO]   DONE [validate_selections] in 0.4s
2026-04-21 08:57:04,230 [INFO]     | 
2026-04-21 08:57:04,230 [INFO] 
2026-04-21 08:57:04,230 [INFO] ============================================================
2026-04-21 08:57:04,230 [INFO] UPDATE SUMMARY
2026-04-21 08:57:04,230 [INFO] ============================================================
2026-04-21 08:57:04,230 [INFO]   ✓ footywire_squads: OK
2026-04-21 08:57:04,230 [INFO]   ✓ footywire_extended: OK
2026-04-21 08:57:04,230 [INFO]   ✓ afl_ladders: OK
2026-04-21 08:57:04,230 [INFO]   ✓ wheelo_ratings: OK
2026-04-21 08:57:04,230 [INFO]   ✓ wheelo_match_stats: OK
2026-04-21 08:57:04,230 [INFO]   ✓ traits_api: OK
2026-04-21 08:57:04,230 [INFO]   ✓ wheelo_to_raw: OK
2026-04-21 08:57:04,230 [INFO]   ✓ build_season: OK
2026-04-21 08:57:04,230 [INFO]   ✓ wheelo_player_to_raw: OK
2026-04-21 08:57:04,230 [INFO]   ✓ regenerate_ratings: OK
2026-04-21 08:57:04,230 [INFO]   ✓ refresh_master_ladders: OK
2026-04-21 08:57:04,230 [INFO]   ✓ update_photos: OK
2026-04-21 08:57:04,230 [INFO]   ✓ validate_freshness: OK
2026-04-21 08:57:04,230 [INFO]   ✓ validate_schemas: OK
2026-04-21 08:57:04,230 [INFO]   ✓ data_diff_check: OK
2026-04-21 08:57:04,230 [INFO]   ⊘ team_selections: SKIPPED: Skipped: only runs on Wed, Thu, Fri
2026-04-21 08:57:04,230 [INFO]   ✓ validate_selections: OK
2026-04-21 08:57:04,230 [INFO] 
2026-04-21 08:57:04,230 [INFO] Results: 17 passed, 0 failed, 1 skipped
2026-04-21 08:57:04,230 [INFO] Total time: 6801s (113.3 min)
2026-04-21 08:57:04,230 [INFO] Log: /Users/marcuswagner/coding/AFL_dashboard/logs/scheduled_update_2026-04-21_0703.log
2026-04-21 08:57:04,246 [INFO] Stopped Streamlit (PIDs: 43981)
2026-04-21 08:57:06,409 [INFO] Restarted Streamlit app.
2026-04-21 08:57:06,409 [WARNING] 
⚠️  Completed with 1 skipped step(s).
2026-04-21 08:57:12,082 [INFO] Email sent to marcus.wagner@futureedgesport.com.au
==========================================
==========================================
AFL Dashboard – Scheduled Update
AFL Dashboard – Scheduled Update
Wed Apr 22 07:16:02 AEST 2026
Wed Apr 22 07:16:02 AEST 2026
==========================================
==========================================
Using conda env: afl
Using conda env: afl
2026-04-22 07:16:04,529 [INFO] Log file: /Users/marcuswagner/coding/AFL_dashboard/logs/scheduled_update_2026-04-22_0716.log
2026-04-22 07:16:04,529 [INFO] Log file: /Users/marcuswagner/coding/AFL_dashboard/logs/scheduled_update_2026-04-22_0716.log
2026-04-22 07:16:04,529 [INFO] ============================================================
2026-04-22 07:16:04,529 [INFO] ============================================================
2026-04-22 07:16:04,529 [INFO] AFL Dashboard – Scheduled Data Update
2026-04-22 07:16:04,529 [INFO] AFL Dashboard – Scheduled Data Update
2026-04-22 07:16:04,529 [INFO] Date: Wednesday 22 April 2026 07:16
2026-04-22 07:16:04,529 [INFO] Date: Wednesday 22 April 2026 07:16
2026-04-22 07:16:04,529 [INFO] Mode: FULL
2026-04-22 07:16:04,529 [INFO] Mode: FULL
2026-04-22 07:16:04,529 [INFO] ============================================================
2026-04-22 07:16:04,529 [INFO] ============================================================
2026-04-22 07:16:04,529 [INFO] Python: /opt/homebrew/Caskroom/miniconda/base/envs/afl/bin/python
2026-04-22 07:16:04,529 [INFO] Python: /opt/homebrew/Caskroom/miniconda/base/envs/afl/bin/python
2026-04-22 07:16:04,529 [INFO] 
Steps to run (2):
2026-04-22 07:16:04,529 [INFO] 
Steps to run (17):
2026-04-22 07:16:04,529 [INFO]   • wheelo_ratings: Scrape Wheelo team & player ratings (Selenium) [SLOW]
2026-04-22 07:16:04,529 [INFO]   • footywire_squads: Scrape player squads from Footywire
2026-04-22 07:16:04,529 [INFO]   • wheelo_match_stats: Scrape Wheelo match-by-match player ratings + Brownlow predictions (Selenium) [SLOW]
2026-04-22 07:16:04,529 [INFO]   • footywire_extended: Scrape contracts & draft history from Footywire
2026-04-22 07:16:04,529 [INFO] 
2026-04-22 07:16:04,529 [INFO]   • afl_ladders: Scrape AFL ladder standings from Footywire (current season)
2026-04-22 07:16:04,529 [INFO]   • wheelo_ratings: Scrape Wheelo team & player ratings (Selenium) [SLOW]
2026-04-22 07:16:04,529 [INFO] START [wheelo_ratings] Scrape Wheelo team & player ratings (Selenium)
2026-04-22 07:16:04,529 [INFO]   • wheelo_match_stats: Scrape Wheelo match-by-match player ratings + Brownlow predictions (Selenium) [SLOW]
2026-04-22 07:16:04,529 [INFO]   Running: /opt/homebrew/Caskroom/miniconda/base/envs/afl/bin/python /Users/marcuswagner/coding/AFL_dashboard/scrape_wheelo_ratings.py --all
2026-04-22 07:16:04,529 [INFO]   • traits_api: Fetch Traits API data for current-season players [SLOW]
2026-04-22 07:16:04,529 [INFO]   • wheelo_to_raw: Copy Wheelo team stats to raw data folder for ratings pipeline
2026-04-22 07:16:04,529 [INFO]   • build_season: Build season data files (squads, stats, traits CSVs)
2026-04-22 07:16:04,529 [INFO]   • wheelo_player_to_raw: Merge Wheelo player season data (matches, ratings) into raw player CSVs
2026-04-22 07:16:04,529 [INFO]   • regenerate_ratings: Regenerate computed team summaries and ladders
2026-04-22 07:16:04,529 [INFO]   • refresh_master_ladders: Update master workbook Team_Ladders_All with freshly-scraped ladder data
2026-04-22 07:16:04,529 [INFO]   • update_photos: Download photos for any new/missing players [SLOW]
2026-04-22 07:16:04,529 [INFO]   • validate_freshness: Validate pipeline output files are present and fresh
2026-04-22 07:16:04,529 [INFO]   • validate_schemas: Validate CSV output schemas (columns, row counts, data quality)
2026-04-22 07:16:04,529 [INFO]   • data_diff_check: Compare pipeline outputs against backups and alert on anomalies
2026-04-22 07:16:04,529 [INFO]   • team_selections: Scrape team selections & fixture from FootyWire + Squiggle API
2026-04-22 07:16:04,529 [INFO]   • validate_selections: Validate announced squads against actual match-day players
2026-04-22 07:16:04,529 [INFO] 
2026-04-22 07:16:04,529 [INFO] START [footywire_squads] Scrape player squads from Footywire
2026-04-22 07:16:04,529 [INFO]   Running: /opt/homebrew/Caskroom/miniconda/base/envs/afl/bin/python /Users/marcuswagner/coding/AFL_dashboard/scrape_footywire.py 
2026-04-22 07:16:36,872 [INFO]   DONE [footywire_squads] in 32.3s
2026-04-22 07:16:36,873 [INFO]     | DefenderMidfieldForward      1
2026-04-22 07:16:36,873 [INFO]     | Name: count, dtype: int64
2026-04-22 07:16:36,873 [INFO]     | 
2026-04-22 07:16:36,873 [INFO]     | 
2026-04-22 07:16:36,873 [INFO]     | Updated DOB cache: 0 new entries
2026-04-22 07:16:36,873 [INFO] START [footywire_extended] Scrape contracts & draft history from Footywire
2026-04-22 07:16:36,873 [INFO]   Running: /opt/homebrew/Caskroom/miniconda/base/envs/afl/bin/python /Users/marcuswagner/coding/AFL_dashboard/scrape_footywire_extended.py --current-only
2026-04-22 07:16:58,790 [INFO]   DONE [wheelo_ratings] in 54.3s
2026-04-22 07:16:58,790 [INFO]     | 📊 Team Stats downloaded: 3 files
2026-04-22 07:16:58,790 [INFO]     | 📊 Player Stats downloaded: 3 files
2026-04-22 07:16:58,790 [INFO]     | 📊 Squad Lists downloaded: 1 file
2026-04-22 07:16:58,790 [INFO]     | 
2026-04-22 07:16:58,790 [INFO]     | 📁 CSV files saved in: /Users/marcuswagner/coding/AFL_dashboard/wheelo_downloads
2026-04-22 07:16:58,790 [INFO] START [wheelo_match_stats] Scrape Wheelo match-by-match player ratings + Brownlow predictions (Selenium)
2026-04-22 07:16:58,790 [INFO]   Running: /opt/homebrew/Caskroom/miniconda/base/envs/afl/bin/python /Users/marcuswagner/coding/AFL_dashboard/scrape_wheelo_match_stats.py --brownlow
2026-04-22 07:43:25,070 [INFO]   DONE [wheelo_match_stats] in 1586.3s
2026-04-22 07:43:25,071 [INFO]     | 🔧 Chrome driver attempt 1/3…
2026-04-22 07:43:25,071 [INFO]     | ✅ Chrome driver ready
2026-04-22 07:43:25,071 [INFO]     |   ❌ Brownlow CSV download timed out
2026-04-22 07:43:25,071 [INFO]     | 
2026-04-22 07:43:25,071 [INFO]     | ⚠️  No Brownlow data scraped.
2026-04-22 07:43:25,071 [INFO] 
2026-04-22 07:43:25,071 [INFO] ============================================================
2026-04-22 07:43:25,071 [INFO] UPDATE SUMMARY
2026-04-22 07:43:25,071 [INFO] ============================================================
2026-04-22 07:43:25,071 [INFO]   ✓ wheelo_ratings: OK
2026-04-22 07:43:25,071 [INFO]   ✓ wheelo_match_stats: OK
2026-04-22 07:43:25,071 [INFO] 
2026-04-22 07:43:25,071 [INFO] Results: 2 passed, 0 failed, 0 skipped
2026-04-22 07:43:25,071 [INFO] Total time: 1641s (27.3 min)
2026-04-22 07:43:25,071 [INFO] Log: /Users/marcuswagner/coding/AFL_dashboard/logs/scheduled_update_2026-04-22_0716.log
2026-04-22 07:43:25,074 [INFO] Log rotation: removed 1 old log file(s)
2026-04-22 07:43:25,088 [INFO] Stopped Streamlit (PIDs: 44707)
2026-04-22 07:43:27,243 [INFO] Restarted Streamlit app.
2026-04-22 07:43:27,243 [INFO] 
✅ All steps completed successfully!
2026-04-22 07:43:33,710 [INFO] Email sent to marcus.wagner@futureedgesport.com.au
2026-04-22 08:40:57,763 [INFO]   DONE [footywire_extended] in 5060.9s
2026-04-22 08:40:57,763 [INFO]     | 5  Adelaide    Brayden Cook           2026.0           Non-Free Agent      2020.0    National          1.0        25.0
2026-04-22 08:40:57,763 [INFO]     | 6  Adelaide     Indy Cotton           2027.0                  Unknown         NaN        None          NaN         NaN
2026-04-22 08:40:57,763 [INFO]     | 7  Adelaide   Isaac Cumming           2030.0           Non-Free Agent      2016.0    National          1.0        20.0
2026-04-22 08:40:57,763 [INFO]     | 8  Adelaide   Daniel Curtin           2029.0           Non-Free Agent      2023.0    National          1.0         8.0
2026-04-22 08:40:57,763 [INFO]     | 9  Adelaide   Jordan Dawson           2029.0    Restricted Free Agent      2015.0    National          4.0        56.0
2026-04-22 08:40:57,763 [INFO] START [afl_ladders] Scrape AFL ladder standings from Footywire (current season)
2026-04-22 08:40:57,763 [INFO]   Running: /opt/homebrew/Caskroom/miniconda/base/envs/afl/bin/python /Users/marcuswagner/coding/AFL_dashboard/scrape_afl_ladders.py --current-only
2026-04-22 08:40:59,714 [INFO]   DONE [afl_ladders] in 2.0s
2026-04-22 08:40:59,714 [INFO]     |   2026: 18 teams
2026-04-22 08:40:59,714 [INFO]     | 
2026-04-22 08:40:59,714 [INFO]     | ============================================================
2026-04-22 08:40:59,714 [INFO]     | Completed: 2026-04-22 08:40:59
2026-04-22 08:40:59,714 [INFO]     | ============================================================
2026-04-22 08:40:59,714 [INFO] START [wheelo_ratings] Scrape Wheelo team & player ratings (Selenium)
2026-04-22 08:40:59,714 [INFO]   Running: /opt/homebrew/Caskroom/miniconda/base/envs/afl/bin/python /Users/marcuswagner/coding/AFL_dashboard/scrape_wheelo_ratings.py --all
2026-04-22 08:43:11,080 [INFO]   DONE [wheelo_ratings] in 131.4s
2026-04-22 08:43:11,080 [INFO]     | 📊 Team Stats downloaded: 3 files
2026-04-22 08:43:11,080 [INFO]     | 📊 Player Stats downloaded: 3 files
2026-04-22 08:43:11,080 [INFO]     | 📊 Squad Lists downloaded: 1 file
2026-04-22 08:43:11,080 [INFO]     | 
2026-04-22 08:43:11,080 [INFO]     | 📁 CSV files saved in: /Users/marcuswagner/coding/AFL_dashboard/wheelo_downloads
2026-04-22 08:43:11,080 [INFO] START [wheelo_match_stats] Scrape Wheelo match-by-match player ratings + Brownlow predictions (Selenium)
2026-04-22 08:43:11,081 [INFO]   Running: /opt/homebrew/Caskroom/miniconda/base/envs/afl/bin/python /Users/marcuswagner/coding/AFL_dashboard/scrape_wheelo_match_stats.py --brownlow
2026-04-22 08:52:52,673 [INFO]   DONE [wheelo_match_stats] in 581.6s
2026-04-22 08:52:52,674 [INFO]     | ============================================================
2026-04-22 08:52:52,674 [INFO]     | 🔧 Chrome driver attempt 1/3…
2026-04-22 08:52:52,674 [INFO]     | ✅ Chrome driver ready
2026-04-22 08:52:52,674 [INFO]     | 
2026-04-22 08:52:52,674 [INFO]     | 💾 Saved 2484 rows → /Users/marcuswagner/coding/AFL_dashboard/data/raw/player/brownlow_predictions_2026.csv
2026-04-22 08:52:52,674 [INFO]   SKIP [traits_api] – Skipped: only runs on Mon, Tue, Sun
2026-04-22 08:52:52,674 [INFO] START [wheelo_to_raw] Copy Wheelo team stats to raw data folder for ratings pipeline
2026-04-22 08:52:53,079 [INFO]   Backed up team_stats_2026.csv → backups/team_stats_2026_20260422_085253.csv
2026-04-22 08:52:53,081 [INFO]   Copied Wheelo 2026 Season -> team_stats_2026.csv (18 teams)
2026-04-22 08:52:53,097 [INFO]   Backed up team_stats_2026_L10.csv → backups/team_stats_2026_L10_20260422_085253.csv
2026-04-22 08:52:53,099 [INFO]   Copied Wheelo 2026 L10 -> team_stats_2026_L10.csv (18 teams)
2026-04-22 08:52:53,120 [INFO]   Backed up team_stats_2026_L5.csv → backups/team_stats_2026_L5_20260422_085253.csv
2026-04-22 08:52:53,122 [INFO]   Copied Wheelo 2026 L5 -> team_stats_2026_L5.csv (18 teams)
2026-04-22 08:52:53,122 [INFO]   DONE [wheelo_to_raw] in 0.4s
2026-04-22 08:52:53,123 [INFO] START [build_season] Build season data files (squads, stats, traits CSVs)
2026-04-22 08:52:53,123 [INFO]   Running: /opt/homebrew/Caskroom/miniconda/base/envs/afl/bin/python /Users/marcuswagner/coding/AFL_dashboard/build_season_data.py 
2026-04-22 08:52:53,408 [INFO]   DONE [build_season] in 0.3s
2026-04-22 08:52:53,409 [INFO]     |   Western Bulldogs      43 players  Avg Age: 24.5  Avg Games: 75
2026-04-22 08:52:53,409 [INFO]     | 
2026-04-22 08:52:53,409 [INFO]     | ============================================================
2026-04-22 08:52:53,409 [INFO]     | ✅ 2026 DATA BUILD COMPLETE
2026-04-22 08:52:53,409 [INFO]     | ============================================================
2026-04-22 08:52:53,409 [INFO] START [wheelo_player_to_raw] Merge Wheelo player season data (matches, ratings) into raw player CSVs
2026-04-22 08:52:53,555 [INFO]   Wheelo Wheelo 2026 Season: 538 players, 18 teams
2026-04-22 08:52:53,574 [INFO]   Name mappings (39): {'Sam Grlj': 'Samuel Grlj', 'Thomas Edwards': 'Tom Edwards', 'Connor Macdonald': 'Connor MacDonald', 'Oliver Dempsey': 'Ollie Dempsey', 'Lachie Schultz': 'Lachlan Schultz', 'Matthew Johnson': 'Matt Johnson', 'Leonardo Lombard': 'Leo Lombard', 'Josh Weddle': 'Joshua Weddle', 'Tim English': 'Timothy English', 'Tom Liberatore': 'Thomas Liberatore', 'Lachie Weller': 'Lachlan Weller', 'Lachie Fogarty': 'Lachlan Fogarty', 'Lachie Jones': 'Lachlan Jones', 'Matt Flynn': 'Matthew Flynn', 'Cam Rayner': 'Cameron Rayner', 'Cam Mackenzie': 'Cameron Mackenzie', 'Christopher Scerri': 'Chris Scerri', 'Harry Himmelberg': 'Harrison Himmelberg', 'Dan Butler': 'Daniel Butler', 'Matthew Carroll': 'Matt Carroll', 'Tom Stewart': 'Thomas Stewart', 'Ollie Wines': 'Oliver Wines', 'Jack Macrae': 'Jackson Macrae', 'Mitch Lewis': 'Mitchell Lewis', 'Mitch Owens': 'Mitchito Owens', 'Lachie Ash': 'Lachlan Ash', 'William Hayes': 'Will Hayes', 'Zac Williams': 'Zachary Williams', 'Joe Fonti': 'Joseph Fonti', 'Mitch Knevitt': 'Mitchell Knevitt', 'Matt Roberts': 'Matthew Roberts', 'Brad Close': 'Bradley Close', 'Lachlan Sullivan': 'Lachie Sullivan', 'Nicholas Madden': 'Nick Madden', 'Jacob van Rooyen': 'Jacob Van Rooyen', 'Matthew Owies': 'Matt Owies', 'Archer May': 'Archie May', 'Sam Collins': 'Samuel Collins', 'Zach Merrett': 'Zachary Merrett'}
2026-04-22 08:52:53,589 [INFO]   Backed up player_stats_2026.csv → backups/player_stats_2026_20260422_085253.csv
2026-04-22 08:52:53,591 [INFO]   Updated player_stats_2026.csv: 538 players with matches from Wheelo
2026-04-22 08:52:53,609 [INFO]   Backed up squads_2026.csv → backups/squads_2026_20260422_085253.csv
2026-04-22 08:52:53,612 [INFO]   Updated squads_2026.csv: 538 players matched from Wheelo
2026-04-22 08:52:53,612 [INFO]   DONE [wheelo_player_to_raw] in 0.2s
2026-04-22 08:52:53,612 [INFO] START [regenerate_ratings] Regenerate computed team summaries and ladders
2026-04-22 08:52:53,612 [INFO]   Running: /opt/homebrew/Caskroom/miniconda/base/envs/afl/bin/python /Users/marcuswagner/coding/AFL_dashboard/regenerate_ratings.py 
2026-04-22 08:52:53,886 [INFO]   DONE [regenerate_ratings] in 0.3s
2026-04-22 08:52:53,886 [INFO]     | Skipping 2025 Last 5 - no raw data
2026-04-22 08:52:53,886 [INFO]     | 
2026-04-22 08:52:53,886 [INFO]     | ============================================================
2026-04-22 08:52:53,886 [INFO]     | DONE!
2026-04-22 08:52:53,886 [INFO]     | ============================================================
2026-04-22 08:52:53,886 [INFO] START [refresh_master_ladders] Update master workbook Team_Ladders_All with freshly-scraped ladder data
2026-04-22 08:53:09,318 [INFO]   Refreshed Team_Ladders_All: 287 rows
2026-04-22 08:53:09,321 [INFO]   DONE [refresh_master_ladders] in 15.4s
2026-04-22 08:53:09,321 [INFO] START [update_photos] Download photos for any new/missing players
2026-04-22 08:53:09,321 [INFO]   Running: /opt/homebrew/Caskroom/miniconda/base/envs/afl/bin/python /Users/marcuswagner/coding/AFL_dashboard/auto_update_photos.py 
2026-04-22 08:59:37,224 [INFO]   DONE [update_photos] in 387.9s
2026-04-22 08:59:37,225 [INFO]     | 
2026-04-22 08:59:37,226 [INFO] START [validate_freshness] Validate pipeline output files are present and fresh
2026-04-22 08:59:37,226 [INFO]   Running: /opt/homebrew/Caskroom/miniconda/base/envs/afl/bin/python /Users/marcuswagner/coding/AFL_dashboard/validate_pipeline_freshness.py 
2026-04-22 08:59:37,281 [INFO]   DONE [validate_freshness] in 0.1s
2026-04-22 08:59:37,281 [INFO]     |   ✓ FRESH    footywire_drafts_history.csv  (08:40)
2026-04-22 08:59:37,281 [INFO]     |   ⊘ OPTIONAL footywire_2026_with_traits.csv  (stale — 24.1h ago)
2026-04-22 08:59:37,281 [INFO]     |   ✓ FRESH    traits_2026.csv  (08:52)
2026-04-22 08:59:37,281 [INFO]     | 
2026-04-22 08:59:37,281 [INFO]     | ✅ All required files are present and fresh.
2026-04-22 08:59:37,281 [INFO] START [validate_schemas] Validate CSV output schemas (columns, row counts, data quality)
2026-04-22 08:59:37,304 [INFO]   DONE [validate_schemas] 0 warning(s) in 0.0s
2026-04-22 08:59:37,304 [INFO] START [data_diff_check] Compare pipeline outputs against backups and alert on anomalies
2026-04-22 08:59:37,314 [INFO]   DONE [data_diff_check] no anomalies in 0.0s
2026-04-22 08:59:37,314 [INFO] START [team_selections] Scrape team selections & fixture from FootyWire + Squiggle API
2026-04-22 08:59:37,314 [INFO]   Running: /opt/homebrew/Caskroom/miniconda/base/envs/afl/bin/python /Users/marcuswagner/coding/AFL_dashboard/scrape_team_selections.py 
2026-04-22 08:59:40,497 [INFO]   DONE [team_selections] in 3.2s
2026-04-22 08:59:40,498 [INFO]     | 
2026-04-22 08:59:40,498 [INFO]   SKIP [validate_selections] – Skipped: only runs on Mon, Tue
2026-04-22 08:59:40,498 [INFO] 
2026-04-22 08:59:40,498 [INFO] ============================================================
2026-04-22 08:59:40,498 [INFO] UPDATE SUMMARY
2026-04-22 08:59:40,498 [INFO] ============================================================
2026-04-22 08:59:40,498 [INFO]   ✓ footywire_squads: OK
2026-04-22 08:59:40,498 [INFO]   ✓ footywire_extended: OK
2026-04-22 08:59:40,498 [INFO]   ✓ afl_ladders: OK
2026-04-22 08:59:40,498 [INFO]   ✓ wheelo_ratings: OK
2026-04-22 08:59:40,498 [INFO]   ✓ wheelo_match_stats: OK
2026-04-22 08:59:40,498 [INFO]   ⊘ traits_api: SKIPPED: Skipped: only runs on Mon, Tue, Sun
2026-04-22 08:59:40,498 [INFO]   ✓ wheelo_to_raw: OK
2026-04-22 08:59:40,498 [INFO]   ✓ build_season: OK
2026-04-22 08:59:40,498 [INFO]   ✓ wheelo_player_to_raw: OK
2026-04-22 08:59:40,498 [INFO]   ✓ regenerate_ratings: OK
2026-04-22 08:59:40,498 [INFO]   ✓ refresh_master_ladders: OK
2026-04-22 08:59:40,498 [INFO]   ✓ update_photos: OK
2026-04-22 08:59:40,498 [INFO]   ✓ validate_freshness: OK
2026-04-22 08:59:40,498 [INFO]   ✓ validate_schemas: OK
2026-04-22 08:59:40,498 [INFO]   ✓ data_diff_check: OK
2026-04-22 08:59:40,498 [INFO]   ✓ team_selections: OK
2026-04-22 08:59:40,498 [INFO]   ⊘ validate_selections: SKIPPED: Skipped: only runs on Mon, Tue
2026-04-22 08:59:40,498 [INFO] 
2026-04-22 08:59:40,498 [INFO] Results: 17 passed, 0 failed, 2 skipped
2026-04-22 08:59:40,498 [INFO] Total time: 6216s (103.6 min)
2026-04-22 08:59:40,498 [INFO] Log: /Users/marcuswagner/coding/AFL_dashboard/logs/scheduled_update_2026-04-22_0716.log
2026-04-22 08:59:40,516 [INFO] Stopped Streamlit (PIDs: 96305)
2026-04-22 08:59:42,530 [INFO] Restarted Streamlit app.
2026-04-22 08:59:42,531 [WARNING] 
⚠️  Completed with 2 skipped step(s).
2026-04-22 08:59:47,497 [INFO] Email sent to marcus.wagner@futureedgesport.com.au
==========================================
AFL Dashboard – Scheduled Update
Wed Apr 22 19:00:02 AEST 2026
==========================================
Using conda env: afl
2026-04-22 19:00:04,426 [INFO] Log file: /Users/marcuswagner/coding/AFL_dashboard/logs/scheduled_update_2026-04-22_1900.log
2026-04-22 19:00:04,426 [INFO] ============================================================
2026-04-22 19:00:04,426 [INFO] AFL Dashboard – Scheduled Data Update
2026-04-22 19:00:04,426 [INFO] Date: Wednesday 22 April 2026 19:00
2026-04-22 19:00:04,426 [INFO] Mode: FULL
2026-04-22 19:00:04,426 [INFO] ============================================================
2026-04-22 19:00:04,426 [INFO] Python: /opt/homebrew/Caskroom/miniconda/base/envs/afl/bin/python
2026-04-22 19:00:04,426 [INFO] 
Steps to run (1):
2026-04-22 19:00:04,426 [INFO]   • team_selections: Scrape team selections & fixture from FootyWire + Squiggle API
2026-04-22 19:00:04,426 [INFO] 
2026-04-22 19:00:04,426 [INFO] START [team_selections] Scrape team selections & fixture from FootyWire + Squiggle API
2026-04-22 19:00:04,426 [INFO]   Running: /opt/homebrew/Caskroom/miniconda/base/envs/afl/bin/python /Users/marcuswagner/coding/AFL_dashboard/scrape_team_selections.py 
2026-04-22 19:00:07,245 [INFO]   DONE [team_selections] in 2.8s
2026-04-22 19:00:07,245 [INFO]     | 
2026-04-22 19:00:07,245 [INFO] 
2026-04-22 19:00:07,245 [INFO] ============================================================
2026-04-22 19:00:07,245 [INFO] UPDATE SUMMARY
2026-04-22 19:00:07,245 [INFO] ============================================================
2026-04-22 19:00:07,245 [INFO]   ✓ team_selections: OK
2026-04-22 19:00:07,245 [INFO] 
2026-04-22 19:00:07,245 [INFO] Results: 1 passed, 0 failed, 0 skipped
2026-04-22 19:00:07,245 [INFO] Total time: 3s (0.0 min)
2026-04-22 19:00:07,245 [INFO] Log: /Users/marcuswagner/coding/AFL_dashboard/logs/scheduled_update_2026-04-22_1900.log
2026-04-22 19:00:07,246 [INFO] Log rotation: removed 1 old log file(s)
2026-04-22 19:00:07,268 [INFO] Stopped Streamlit (PIDs: 96842)
2026-04-22 19:00:09,344 [INFO] Restarted Streamlit app.
2026-04-22 19:00:09,345 [INFO] 
✅ All steps completed successfully!
2026-04-22 19:00:15,668 [INFO] Email sent to marcus.wagner@futureedgesport.com.au
==========================================
==========================================
AFL Dashboard – Scheduled Update
AFL Dashboard – Scheduled Update
Thu Apr 23 07:00:01 AEST 2026
==========================================
Thu Apr 23 07:00:01 AEST 2026
==========================================
Using conda env: afl
Using conda env: afl
2026-04-23 07:00:03,220 [INFO] Log file: /Users/marcuswagner/coding/AFL_dashboard/logs/scheduled_update_2026-04-23_0700.log
2026-04-23 07:00:03,220 [INFO] Log file: /Users/marcuswagner/coding/AFL_dashboard/logs/scheduled_update_2026-04-23_0700.log
2026-04-23 07:00:03,220 [INFO] ============================================================
2026-04-23 07:00:03,220 [INFO] ============================================================
2026-04-23 07:00:03,220 [INFO] AFL Dashboard – Scheduled Data Update
2026-04-23 07:00:03,220 [INFO] AFL Dashboard – Scheduled Data Update
2026-04-23 07:00:03,220 [INFO] Date: Thursday 23 April 2026 07:00
2026-04-23 07:00:03,220 [INFO] Date: Thursday 23 April 2026 07:00
2026-04-23 07:00:03,220 [INFO] Mode: FULL
2026-04-23 07:00:03,220 [INFO] Mode: FULL
2026-04-23 07:00:03,220 [INFO] ============================================================
2026-04-23 07:00:03,220 [INFO] ============================================================
2026-04-23 07:00:03,220 [INFO] Python: /opt/homebrew/Caskroom/miniconda/base/envs/afl/bin/python
2026-04-23 07:00:03,220 [INFO] Python: /opt/homebrew/Caskroom/miniconda/base/envs/afl/bin/python
2026-04-23 07:00:03,220 [INFO] 
Steps to run (17):
2026-04-23 07:00:03,220 [INFO] 
Steps to run (2):
2026-04-23 07:00:03,220 [INFO]   • footywire_squads: Scrape player squads from Footywire
2026-04-23 07:00:03,220 [INFO]   • wheelo_ratings: Scrape Wheelo team & player ratings (Selenium) [SLOW]
2026-04-23 07:00:03,220 [INFO]   • footywire_extended: Scrape contracts & draft history from Footywire
2026-04-23 07:00:03,220 [INFO]   • wheelo_match_stats: Scrape Wheelo match-by-match player ratings + Brownlow predictions (Selenium) [SLOW]
2026-04-23 07:00:03,220 [INFO]   • afl_ladders: Scrape AFL ladder standings from Footywire (current season)
2026-04-23 07:00:03,220 [INFO] 
2026-04-23 07:00:03,220 [INFO]   • wheelo_ratings: Scrape Wheelo team & player ratings (Selenium) [SLOW]
2026-04-23 07:00:03,220 [INFO]   • wheelo_match_stats: Scrape Wheelo match-by-match player ratings + Brownlow predictions (Selenium) [SLOW]
2026-04-23 07:00:03,220 [INFO]   • traits_api: Fetch Traits API data for current-season players [SLOW]
2026-04-23 07:00:03,220 [INFO]   • wheelo_to_raw: Copy Wheelo team stats to raw data folder for ratings pipeline
2026-04-23 07:00:03,220 [INFO]   • build_season: Build season data files (squads, stats, traits CSVs)
2026-04-23 07:00:03,220 [INFO]   • wheelo_player_to_raw: Merge Wheelo player season data (matches, ratings) into raw player CSVs
2026-04-23 07:00:03,220 [INFO]   • regenerate_ratings: Regenerate computed team summaries and ladders
2026-04-23 07:00:03,220 [INFO]   • refresh_master_ladders: Update master workbook Team_Ladders_All with freshly-scraped ladder data
2026-04-23 07:00:03,220 [INFO]   • update_photos: Download photos for any new/missing players [SLOW]
2026-04-23 07:00:03,220 [INFO]   • validate_freshness: Validate pipeline output files are present and fresh
2026-04-23 07:00:03,220 [INFO]   • validate_schemas: Validate CSV output schemas (columns, row counts, data quality)
2026-04-23 07:00:03,220 [INFO]   • data_diff_check: Compare pipeline outputs against backups and alert on anomalies
2026-04-23 07:00:03,220 [INFO]   • team_selections: Scrape team selections & fixture from FootyWire + Squiggle API
2026-04-23 07:00:03,220 [INFO]   • validate_selections: Validate announced squads against actual match-day players
2026-04-23 07:00:03,220 [INFO] 
2026-04-23 07:00:03,220 [INFO] START [wheelo_ratings] Scrape Wheelo team & player ratings (Selenium)
2026-04-23 07:00:03,220 [INFO] START [footywire_squads] Scrape player squads from Footywire
2026-04-23 07:00:03,220 [INFO]   Running: /opt/homebrew/Caskroom/miniconda/base/envs/afl/bin/python /Users/marcuswagner/coding/AFL_dashboard/scrape_wheelo_ratings.py --all
2026-04-23 07:00:03,220 [INFO]   Running: /opt/homebrew/Caskroom/miniconda/base/envs/afl/bin/python /Users/marcuswagner/coding/AFL_dashboard/scrape_footywire.py 
2026-04-23 07:00:36,528 [INFO]   DONE [footywire_squads] in 33.3s
2026-04-23 07:00:36,528 [INFO]     | DefenderMidfieldForward      1
2026-04-23 07:00:36,528 [INFO]     | Name: count, dtype: int64
2026-04-23 07:00:36,528 [INFO]     | 
2026-04-23 07:00:36,528 [INFO]     | 
2026-04-23 07:00:36,528 [INFO]     | Updated DOB cache: 0 new entries
2026-04-23 07:00:36,528 [INFO] START [footywire_extended] Scrape contracts & draft history from Footywire
2026-04-23 07:00:36,528 [INFO]   Running: /opt/homebrew/Caskroom/miniconda/base/envs/afl/bin/python /Users/marcuswagner/coding/AFL_dashboard/scrape_footywire_extended.py --current-only
2026-04-23 07:00:54,170 [INFO]   DONE [wheelo_ratings] in 50.9s
2026-04-23 07:00:54,171 [INFO]     | 📊 Team Stats downloaded: 3 files
2026-04-23 07:00:54,171 [INFO]     | 📊 Player Stats downloaded: 3 files
2026-04-23 07:00:54,171 [INFO]     | 📊 Squad Lists downloaded: 1 file
2026-04-23 07:00:54,171 [INFO]     | 
2026-04-23 07:00:54,171 [INFO]     | 📁 CSV files saved in: /Users/marcuswagner/coding/AFL_dashboard/wheelo_downloads
2026-04-23 07:00:54,171 [INFO] START [wheelo_match_stats] Scrape Wheelo match-by-match player ratings + Brownlow predictions (Selenium)
2026-04-23 07:00:54,171 [INFO]   Running: /opt/homebrew/Caskroom/miniconda/base/envs/afl/bin/python /Users/marcuswagner/coding/AFL_dashboard/scrape_wheelo_match_stats.py --brownlow
2026-04-23 07:15:28,720 [ERROR]   FAILED [wheelo_match_stats] exit code 1 (874.5s)
2026-04-23 07:15:28,721 [ERROR]     | 6   chromedriver                        0x00000001005a7f60 cxxbridge1$str$ptr + 2943204
2026-04-23 07:15:28,721 [ERROR]     | 7   chromedriver                        0x00000001005ab744 cxxbridge1$str$ptr + 2957512
2026-04-23 07:15:28,721 [ERROR]     | 8   chromedriver                        0x000000010058ce50 cxxbridge1$str$ptr + 2832340
2026-04-23 07:15:28,721 [ERROR]     | 9   chromedriver                        0x00000001005abfc4 cxxbridge1$str$ptr + 2959688
2026-04-23 07:15:28,721 [ERROR]     | 10  chromedriver                        0x000000010057d828 cxxbridge1$str$ptr + 2769324
2026-04-23 07:15:28,721 [ERROR]     | 11  chromedriver                        0x00000001005d0920 cxxbridge1$str$ptr + 3109540
2026-04-23 07:15:28,721 [ERROR]     | 12  chromedriver                        0x00000001005d0a9c cxxbridge1$str$ptr + 3109920
2026-04-23 07:15:28,721 [ERROR]     | 13  chromedriver                        0x00000001005e1ae4 cxxbridge1$str$ptr + 3179624
2026-04-23 07:15:28,721 [ERROR]     | 14  libsystem_pthread.dylib             0x000000019d915c08 _pthread_start + 136
2026-04-23 07:15:28,721 [ERROR]     | 15  libsystem_pthread.dylib             0x000000019d910ba8 thread_start + 8
2026-04-23 07:15:28,721 [ERROR]     | 
2026-04-23 07:15:28,721 [ERROR]     |   📋 Round 4 (round 4)
2026-04-23 07:15:28,721 [ERROR]     |     (no games found)
2026-04-23 07:15:28,721 [ERROR]     | 
2026-04-23 07:15:28,721 [ERROR]     |   📋 Round 5 (round 5)
2026-04-23 07:15:28,721 [INFO] 
2026-04-23 07:15:28,721 [INFO] ============================================================
2026-04-23 07:15:28,721 [INFO] UPDATE SUMMARY
2026-04-23 07:15:28,721 [INFO] ============================================================
2026-04-23 07:15:28,721 [INFO]   ✓ wheelo_ratings: OK
2026-04-23 07:15:28,721 [INFO]   ✗ wheelo_match_stats: FAILED: Exit code 1
2026-04-23 07:15:28,721 [INFO] 
2026-04-23 07:15:28,721 [INFO] Results: 1 passed, 1 failed, 0 skipped
2026-04-23 07:15:28,721 [INFO] Total time: 926s (15.4 min)
2026-04-23 07:15:28,721 [INFO] Log: /Users/marcuswagner/coding/AFL_dashboard/logs/scheduled_update_2026-04-23_0700.log
2026-04-23 07:15:28,723 [INFO] Log rotation: removed 1 old log file(s)
2026-04-23 07:15:28,736 [INFO] Stopped Streamlit (PIDs: 53315)
2026-04-23 07:15:30,893 [INFO] Restarted Streamlit app.
2026-04-23 07:15:30,894 [WARNING] 
⚠️  1 step(s) failed. Check log for details.
2026-04-23 07:15:36,455 [INFO] Email sent to marcus.wagner@futureedgesport.com.au
2026-04-23 07:53:43,619 [INFO]   DONE [footywire_extended] in 3187.1s
2026-04-23 07:53:43,620 [INFO]     | 5  Adelaide    Brayden Cook           2026.0           Non-Free Agent      2020.0    National          1.0        25.0
2026-04-23 07:53:43,620 [INFO]     | 6  Adelaide     Indy Cotton           2027.0                  Unknown         NaN        None          NaN         NaN
2026-04-23 07:53:43,620 [INFO]     | 7  Adelaide   Isaac Cumming           2030.0           Non-Free Agent      2016.0    National          1.0        20.0
2026-04-23 07:53:43,620 [INFO]     | 8  Adelaide   Daniel Curtin           2029.0           Non-Free Agent      2023.0    National          1.0         8.0
2026-04-23 07:53:43,620 [INFO]     | 9  Adelaide   Jordan Dawson           2029.0    Restricted Free Agent      2015.0    National          4.0        56.0
2026-04-23 07:53:43,620 [INFO] START [afl_ladders] Scrape AFL ladder standings from Footywire (current season)
2026-04-23 07:53:43,620 [INFO]   Running: /opt/homebrew/Caskroom/miniconda/base/envs/afl/bin/python /Users/marcuswagner/coding/AFL_dashboard/scrape_afl_ladders.py --current-only
2026-04-23 07:53:45,667 [INFO]   DONE [afl_ladders] in 2.0s
2026-04-23 07:53:45,667 [INFO]     |   2026: 18 teams
2026-04-23 07:53:45,667 [INFO]     | 
2026-04-23 07:53:45,667 [INFO]     | ============================================================
2026-04-23 07:53:45,667 [INFO]     | Completed: 2026-04-23 07:53:45
2026-04-23 07:53:45,667 [INFO]     | ============================================================
2026-04-23 07:53:45,667 [INFO] START [wheelo_ratings] Scrape Wheelo team & player ratings (Selenium)
2026-04-23 07:53:45,667 [INFO]   Running: /opt/homebrew/Caskroom/miniconda/base/envs/afl/bin/python /Users/marcuswagner/coding/AFL_dashboard/scrape_wheelo_ratings.py --all
2026-04-23 08:01:40,339 [ERROR]   FAILED [wheelo_ratings] exit code 1 (474.7s)
2026-04-23 08:01:40,340 [ERROR]     | Traceback (most recent call last):
2026-04-23 08:01:40,340 [ERROR]     |   File "/Users/marcuswagner/coding/AFL_dashboard/scrape_wheelo_ratings.py", line 613, in <module>
2026-04-23 08:01:40,340 [ERROR]     |     main()
2026-04-23 08:01:40,340 [ERROR]     |   File "/Users/marcuswagner/coding/AFL_dashboard/scrape_wheelo_ratings.py", line 584, in main
2026-04-23 08:01:40,340 [ERROR]     |     squad_file = scraper.download_squad_lists()
2026-04-23 08:01:40,340 [ERROR]     |   File "/Users/marcuswagner/coding/AFL_dashboard/scrape_wheelo_ratings.py", line 412, in download_squad_lists
2026-04-23 08:01:40,340 [ERROR]     |     self._setup_driver()
2026-04-23 08:01:40,340 [ERROR]     |   File "/Users/marcuswagner/coding/AFL_dashboard/scrape_wheelo_ratings.py", line 181, in _setup_driver
2026-04-23 08:01:40,340 [ERROR]     |     raise RuntimeError(f"Failed to start Chrome after {max_retries} attempts: {last_error}")
2026-04-23 08:01:40,340 [ERROR]     | RuntimeError: Failed to start Chrome after 3 attempts: Could not reach host. Are you offline?
2026-04-23 08:01:40,340 [ERROR]     |   Retrying in 4s...
2026-04-23 08:01:40,340 [ERROR]     | 🔧 Setting up Chrome driver (attempt 3/3)...
2026-04-23 08:01:40,340 [ERROR]     |   ⚠️  Attempt 3 failed: Could not reach host. Are you offline?
2026-04-23 08:01:40,340 [ERROR]     | 
2026-04-23 08:01:40,340 [ERROR]     | ❌ Error: Failed to start Chrome after 3 attempts: Could not reach host. Are you offline?
2026-04-23 08:01:40,340 [INFO] START [wheelo_match_stats] Scrape Wheelo match-by-match player ratings + Brownlow predictions (Selenium)
2026-04-23 08:01:40,340 [INFO]   Running: /opt/homebrew/Caskroom/miniconda/base/envs/afl/bin/python /Users/marcuswagner/coding/AFL_dashboard/scrape_wheelo_match_stats.py --brownlow
2026-04-23 08:13:27,469 [ERROR]   FAILED [wheelo_match_stats] exit code 1 (707.1s)
2026-04-23 08:13:27,469 [ERROR]     |     main()
2026-04-23 08:13:27,469 [ERROR]     |   File "/Users/marcuswagner/coding/AFL_dashboard/scrape_wheelo_match_stats.py", line 419, in main
2026-04-23 08:13:27,469 [ERROR]     |     scraper.scrape_and_save(args.season, r_start, r_end)
2026-04-23 08:13:27,469 [ERROR]     |   File "/Users/marcuswagner/coding/AFL_dashboard/scrape_wheelo_match_stats.py", line 380, in scrape_and_save
2026-04-23 08:13:27,469 [ERROR]     |     df = self.scrape(season, round_start, round_end)
2026-04-23 08:13:27,469 [ERROR]     |   File "/Users/marcuswagner/coding/AFL_dashboard/scrape_wheelo_match_stats.py", line 259, in scrape
2026-04-23 08:13:27,469 [ERROR]     |     self._setup_driver()
2026-04-23 08:13:27,469 [ERROR]     |   File "/Users/marcuswagner/coding/AFL_dashboard/scrape_wheelo_match_stats.py", line 122, in _setup_driver
2026-04-23 08:13:27,469 [ERROR]     |     raise RuntimeError(f"Failed to start Chrome after {max_retries} attempts: {last_error}")
2026-04-23 08:13:27,469 [ERROR]     | RuntimeError: Failed to start Chrome after 3 attempts: Could not reach host. Are you offline?
2026-04-23 08:13:27,469 [ERROR]     |   ⚠️  Attempt 1 failed: Could not reach host. Are you offline?
2026-04-23 08:13:27,469 [ERROR]     | 🔧 Chrome driver attempt 2/3…
2026-04-23 08:13:27,469 [ERROR]     |   ⚠️  Attempt 2 failed: Could not reach host. Are you offline?
2026-04-23 08:13:27,469 [ERROR]     | 🔧 Chrome driver attempt 3/3…
2026-04-23 08:13:27,469 [ERROR]     |   ⚠️  Attempt 3 failed: Could not reach host. Are you offline?
2026-04-23 08:13:27,469 [INFO]   SKIP [traits_api] – Skipped: only runs on Mon, Tue, Sun
2026-04-23 08:13:27,469 [WARNING]   SKIP [wheelo_to_raw] – Skipped: prerequisite(s) failed (wheelo_ratings)
2026-04-23 08:13:27,469 [INFO] START [build_season] Build season data files (squads, stats, traits CSVs)
2026-04-23 08:13:27,469 [INFO]   Running: /opt/homebrew/Caskroom/miniconda/base/envs/afl/bin/python /Users/marcuswagner/coding/AFL_dashboard/build_season_data.py 
2026-04-23 08:13:27,725 [INFO]   DONE [build_season] in 0.3s
2026-04-23 08:13:27,725 [INFO]     |   Western Bulldogs      43 players  Avg Age: 24.5  Avg Games: 75
2026-04-23 08:13:27,725 [INFO]     | 
2026-04-23 08:13:27,725 [INFO]     | ============================================================
2026-04-23 08:13:27,725 [INFO]     | ✅ 2026 DATA BUILD COMPLETE
2026-04-23 08:13:27,725 [INFO]     | ============================================================
2026-04-23 08:13:27,725 [WARNING]   SKIP [wheelo_player_to_raw] – Skipped: prerequisite(s) failed (wheelo_ratings)
2026-04-23 08:13:27,725 [WARNING]   SKIP [regenerate_ratings] – Skipped: prerequisite(s) failed (wheelo_to_raw)
2026-04-23 08:13:27,725 [WARNING]   SKIP [refresh_master_ladders] – Skipped: prerequisite(s) failed (regenerate_ratings)
2026-04-23 08:13:27,725 [INFO] START [update_photos] Download photos for any new/missing players
2026-04-23 08:13:27,725 [INFO]   Running: /opt/homebrew/Caskroom/miniconda/base/envs/afl/bin/python /Users/marcuswagner/coding/AFL_dashboard/auto_update_photos.py 
2026-04-23 08:29:22,759 [INFO]   DONE [update_photos] in 955.0s
2026-04-23 08:29:22,759 [INFO]     | 
2026-04-23 08:29:22,759 [INFO] START [validate_freshness] Validate pipeline output files are present and fresh
2026-04-23 08:29:22,759 [INFO]   Running: /opt/homebrew/Caskroom/miniconda/base/envs/afl/bin/python /Users/marcuswagner/coding/AFL_dashboard/validate_pipeline_freshness.py 
2026-04-23 08:29:22,783 [ERROR]   FAILED [validate_freshness] exit code 1 (0.0s)
2026-04-23 08:29:22,783 [ERROR]     |   ✓ FRESH    footywire_drafts_history.csv  (07:53)
2026-04-23 08:29:22,783 [ERROR]     |   ⊘ OPTIONAL footywire_2026_with_traits.csv  (stale — 47.6h ago)
2026-04-23 08:29:22,783 [ERROR]     |   ✓ FRESH    traits_2026.csv  (08:13)
2026-04-23 08:29:22,783 [ERROR]     | 
2026-04-23 08:29:22,783 [ERROR]     | ⚠️  Some required files are missing or stale.
2026-04-23 08:29:22,783 [INFO] START [validate_schemas] Validate CSV output schemas (columns, row counts, data quality)
2026-04-23 08:29:22,978 [INFO]   DONE [validate_schemas] 0 warning(s) in 0.2s
2026-04-23 08:29:22,978 [INFO] START [data_diff_check] Compare pipeline outputs against backups and alert on anomalies
2026-04-23 08:29:22,988 [WARNING] ⚠️ Data-diff alerts (1 issue(s)):
  • COLUMNS LOST: player_stats_2026.csv lost 6 column(s): CoachesVotes_Avg, CoachesVotes_Total, DreamTeamPoints_Avg, RatingPoints_Avg, Supercoach_Avg
2026-04-23 08:29:23,064 [WARNING] SMTP email failed: [Errno 8] nodename nor servname provided, or not known
2026-04-23 08:29:23,085 [INFO] Email sent via mailx to marcus.wagner@futureedgesport.com.au
2026-04-23 08:29:23,085 [INFO]   DONE [data_diff_check] with alerts in 0.0s
2026-04-23 08:29:23,085 [INFO] START [team_selections] Scrape team selections & fixture from FootyWire + Squiggle API
2026-04-23 08:29:23,085 [INFO]   Running: /opt/homebrew/Caskroom/miniconda/base/envs/afl/bin/python /Users/marcuswagner/coding/AFL_dashboard/scrape_team_selections.py 
2026-04-23 08:44:37,552 [ERROR]   FAILED [team_selections] exit code 1 (914.5s)
2026-04-23 08:44:37,552 [ERROR]     |     return self.request("GET", url, **kwargs)
2026-04-23 08:44:37,552 [ERROR]     |   File "/Users/marcuswagner/coding/AFL_dashboard/utils/http_utils.py", line 69, in _request_with_timeout
2026-04-23 08:44:37,552 [ERROR]     |     return _orig_request(*args, **kwargs)
2026-04-23 08:44:37,552 [ERROR]     |   File "/opt/homebrew/Caskroom/miniconda/base/envs/afl/lib/python3.10/site-packages/requests/sessions.py", line 589, in request
2026-04-23 08:44:37,552 [ERROR]     |     resp = self.send(prep, **send_kwargs)
2026-04-23 08:44:37,552 [ERROR]     |   File "/opt/homebrew/Caskroom/miniconda/base/envs/afl/lib/python3.10/site-packages/requests/sessions.py", line 703, in send
2026-04-23 08:44:37,552 [ERROR]     |     r = adapter.send(request, **kwargs)
2026-04-23 08:44:37,552 [ERROR]     |   File "/opt/homebrew/Caskroom/miniconda/base/envs/afl/lib/python3.10/site-packages/requests/adapters.py", line 677, in send
2026-04-23 08:44:37,552 [ERROR]     |     raise ConnectionError(e, request=request)
2026-04-23 08:44:37,552 [ERROR]     | requests.exceptions.ConnectionError: HTTPSConnectionPool(host='api.squiggle.com.au', port=443): Max retries exceeded with url: /?q=games&year=2026 (Caused by NameResolutionError("HTTPSConnection(host='api.squiggle.com.au', port=443): Failed to resolve 'api.squiggle.com.au' ([Errno 8] nodename nor servname provided, or not known)"))
2026-04-23 08:44:37,552 [INFO]   SKIP [validate_selections] – Skipped: only runs on Mon, Tue
2026-04-23 08:44:37,552 [INFO] 
2026-04-23 08:44:37,552 [INFO] ============================================================
2026-04-23 08:44:37,552 [INFO] UPDATE SUMMARY
2026-04-23 08:44:37,552 [INFO] ============================================================
2026-04-23 08:44:37,552 [INFO]   ✓ footywire_squads: OK
2026-04-23 08:44:37,552 [INFO]   ✓ footywire_extended: OK
2026-04-23 08:44:37,552 [INFO]   ✓ afl_ladders: OK
2026-04-23 08:44:37,552 [INFO]   ✗ wheelo_ratings: FAILED: Exit code 1
2026-04-23 08:44:37,552 [INFO]   ✗ wheelo_match_stats: FAILED: Exit code 1
2026-04-23 08:44:37,552 [INFO]   ⊘ traits_api: SKIPPED: Skipped: only runs on Mon, Tue, Sun
2026-04-23 08:44:37,552 [INFO]   ⊘ wheelo_to_raw: SKIPPED: Skipped: prerequisite(s) failed (wheelo_ratings)
2026-04-23 08:44:37,552 [INFO]   ✓ build_season: OK
2026-04-23 08:44:37,552 [INFO]   ⊘ wheelo_player_to_raw: SKIPPED: Skipped: prerequisite(s) failed (wheelo_ratings)
2026-04-23 08:44:37,552 [INFO]   ⊘ regenerate_ratings: SKIPPED: Skipped: prerequisite(s) failed (wheelo_to_raw)
2026-04-23 08:44:37,553 [INFO]   ⊘ refresh_master_ladders: SKIPPED: Skipped: prerequisite(s) failed (regenerate_ratings)
2026-04-23 08:44:37,553 [INFO]   ✓ update_photos: OK
2026-04-23 08:44:37,553 [INFO]   ✗ validate_freshness: FAILED: Exit code 1
2026-04-23 08:44:37,553 [INFO]   ✓ validate_schemas: OK
2026-04-23 08:44:37,553 [INFO]   ✓ data_diff_check: OK
2026-04-23 08:44:37,553 [INFO]   ✗ team_selections: FAILED: Exit code 1
2026-04-23 08:44:37,553 [INFO]   ⊘ validate_selections: SKIPPED: Skipped: only runs on Mon, Tue
2026-04-23 08:44:37,553 [INFO] 
2026-04-23 08:44:37,553 [INFO] Results: 9 passed, 4 failed, 6 skipped
2026-04-23 08:44:37,553 [INFO] Total time: 6274s (104.6 min)
2026-04-23 08:44:37,553 [INFO] Log: /Users/marcuswagner/coding/AFL_dashboard/logs/scheduled_update_2026-04-23_0700.log
2026-04-23 08:44:37,573 [INFO] Stopped Streamlit (PIDs: 59241)
2026-04-23 08:54:04,630 [INFO] Restarted Streamlit app.
2026-04-23 08:54:04,631 [WARNING] 
⚠️  4 step(s) failed. Check log for details.
2026-04-23 08:54:04,719 [WARNING] SMTP email failed: [Errno 8] nodename nor servname provided, or not known
2026-04-23 08:54:04,731 [INFO] Email sent via mailx to marcus.wagner@futureedgesport.com.au
==========================================
AFL Dashboard – Scheduled Update
Thu Apr 23 19:00:02 AEST 2026
==========================================
Using conda env: afl
2026-04-23 19:00:04,345 [INFO] Log file: /Users/marcuswagner/coding/AFL_dashboard/logs/scheduled_update_2026-04-23_1900.log
2026-04-23 19:00:04,345 [INFO] ============================================================
2026-04-23 19:00:04,345 [INFO] AFL Dashboard – Scheduled Data Update
2026-04-23 19:00:04,345 [INFO] Date: Thursday 23 April 2026 19:00
2026-04-23 19:00:04,345 [INFO] Mode: FULL
2026-04-23 19:00:04,345 [INFO] ============================================================
2026-04-23 19:00:04,345 [INFO] Python: /opt/homebrew/Caskroom/miniconda/base/envs/afl/bin/python
2026-04-23 19:00:04,345 [INFO] 
Steps to run (1):
2026-04-23 19:00:04,345 [INFO]   • team_selections: Scrape team selections & fixture from FootyWire + Squiggle API
2026-04-23 19:00:04,345 [INFO] 
2026-04-23 19:00:04,345 [INFO] START [team_selections] Scrape team selections & fixture from FootyWire + Squiggle API
2026-04-23 19:00:04,345 [INFO]   Running: /opt/homebrew/Caskroom/miniconda/base/envs/afl/bin/python /Users/marcuswagner/coding/AFL_dashboard/scrape_team_selections.py 
2026-04-23 19:00:11,181 [ERROR]   FAILED [team_selections] exit code 1 (6.8s)
2026-04-23 19:00:11,181 [ERROR]     |     return self.request("GET", url, **kwargs)
2026-04-23 19:00:11,181 [ERROR]     |   File "/Users/marcuswagner/coding/AFL_dashboard/utils/http_utils.py", line 69, in _request_with_timeout
2026-04-23 19:00:11,181 [ERROR]     |     return _orig_request(*args, **kwargs)
2026-04-23 19:00:11,181 [ERROR]     |   File "/opt/homebrew/Caskroom/miniconda/base/envs/afl/lib/python3.10/site-packages/requests/sessions.py", line 589, in request
2026-04-23 19:00:11,182 [ERROR]     |     resp = self.send(prep, **send_kwargs)
2026-04-23 19:00:11,182 [ERROR]     |   File "/opt/homebrew/Caskroom/miniconda/base/envs/afl/lib/python3.10/site-packages/requests/sessions.py", line 703, in send
2026-04-23 19:00:11,182 [ERROR]     |     r = adapter.send(request, **kwargs)
2026-04-23 19:00:11,182 [ERROR]     |   File "/opt/homebrew/Caskroom/miniconda/base/envs/afl/lib/python3.10/site-packages/requests/adapters.py", line 677, in send
2026-04-23 19:00:11,182 [ERROR]     |     raise ConnectionError(e, request=request)
2026-04-23 19:00:11,182 [ERROR]     | requests.exceptions.ConnectionError: HTTPSConnectionPool(host='api.squiggle.com.au', port=443): Max retries exceeded with url: /?q=games&year=2026 (Caused by NameResolutionError("HTTPSConnection(host='api.squiggle.com.au', port=443): Failed to resolve 'api.squiggle.com.au' ([Errno 8] nodename nor servname provided, or not known)"))
2026-04-23 19:00:11,182 [INFO] 
2026-04-23 19:00:11,182 [INFO] ============================================================
2026-04-23 19:00:11,182 [INFO] UPDATE SUMMARY
2026-04-23 19:00:11,182 [INFO] ============================================================
2026-04-23 19:00:11,182 [INFO]   ✗ team_selections: FAILED: Exit code 1
2026-04-23 19:00:11,182 [INFO] 
2026-04-23 19:00:11,182 [INFO] Results: 0 passed, 1 failed, 0 skipped
2026-04-23 19:00:11,182 [INFO] Total time: 7s (0.1 min)
2026-04-23 19:00:11,182 [INFO] Log: /Users/marcuswagner/coding/AFL_dashboard/logs/scheduled_update_2026-04-23_1900.log
2026-04-23 19:00:11,187 [INFO] Log rotation: removed 1 old log file(s)
2026-04-23 19:00:11,207 [INFO] Stopped Streamlit (PIDs: 59759)
2026-04-23 19:00:13,288 [INFO] Restarted Streamlit app.
2026-04-23 19:00:13,288 [WARNING] 
⚠️  1 step(s) failed. Check log for details.
2026-04-23 19:00:13,430 [WARNING] SMTP email failed: [Errno 8] nodename nor servname provided, or not known
2026-04-23 19:00:13,450 [INFO] Email sent via mailx to marcus.wagner@futureedgesport.com.au
==========================================
==========================================
AFL Dashboard – Scheduled Update
AFL Dashboard – Scheduled Update
Fri Apr 24 07:02:32 AEST 2026
Fri Apr 24 07:02:32 AEST 2026
==========================================
==========================================
Using conda env: afl
Using conda env: afl
2026-04-24 07:02:35,404 [INFO] Log file: /Users/marcuswagner/coding/AFL_dashboard/logs/scheduled_update_2026-04-24_0702.log
2026-04-24 07:02:35,404 [INFO] Log file: /Users/marcuswagner/coding/AFL_dashboard/logs/scheduled_update_2026-04-24_0702.log
2026-04-24 07:02:35,404 [INFO] ============================================================
2026-04-24 07:02:35,404 [INFO] ============================================================
2026-04-24 07:02:35,404 [INFO] AFL Dashboard – Scheduled Data Update
2026-04-24 07:02:35,404 [INFO] AFL Dashboard – Scheduled Data Update
2026-04-24 07:02:35,404 [INFO] Date: Friday 24 April 2026 07:02
2026-04-24 07:02:35,404 [INFO] Date: Friday 24 April 2026 07:02
2026-04-24 07:02:35,404 [INFO] Mode: FULL
2026-04-24 07:02:35,404 [INFO] Mode: FULL
2026-04-24 07:02:35,404 [INFO] ============================================================
2026-04-24 07:02:35,404 [INFO] ============================================================
2026-04-24 07:02:35,404 [INFO] Python: /opt/homebrew/Caskroom/miniconda/base/envs/afl/bin/python
2026-04-24 07:02:35,404 [INFO] Python: /opt/homebrew/Caskroom/miniconda/base/envs/afl/bin/python
2026-04-24 07:02:35,404 [INFO] 
Steps to run (17):
2026-04-24 07:02:35,404 [INFO] 
Steps to run (2):
2026-04-24 07:02:35,404 [INFO]   • footywire_squads: Scrape player squads from Footywire
2026-04-24 07:02:35,404 [INFO]   • wheelo_ratings: Scrape Wheelo team & player ratings (Selenium) [SLOW]
2026-04-24 07:02:35,404 [INFO]   • footywire_extended: Scrape contracts & draft history from Footywire
2026-04-24 07:02:35,404 [INFO]   • wheelo_match_stats: Scrape Wheelo match-by-match player ratings + Brownlow predictions (Selenium) [SLOW]
2026-04-24 07:02:35,404 [INFO]   • afl_ladders: Scrape AFL ladder standings from Footywire (current season)
2026-04-24 07:02:35,404 [INFO] 
2026-04-24 07:02:35,404 [INFO]   • wheelo_ratings: Scrape Wheelo team & player ratings (Selenium) [SLOW]
2026-04-24 07:02:35,404 [INFO]   • wheelo_match_stats: Scrape Wheelo match-by-match player ratings + Brownlow predictions (Selenium) [SLOW]
2026-04-24 07:02:35,404 [INFO] START [wheelo_ratings] Scrape Wheelo team & player ratings (Selenium)
2026-04-24 07:02:35,404 [INFO]   • traits_api: Fetch Traits API data for current-season players [SLOW]
2026-04-24 07:02:35,404 [INFO]   Running: /opt/homebrew/Caskroom/miniconda/base/envs/afl/bin/python /Users/marcuswagner/coding/AFL_dashboard/scrape_wheelo_ratings.py --all
2026-04-24 07:02:35,404 [INFO]   • wheelo_to_raw: Copy Wheelo team stats to raw data folder for ratings pipeline
2026-04-24 07:02:35,404 [INFO]   • build_season: Build season data files (squads, stats, traits CSVs)
2026-04-24 07:02:35,404 [INFO]   • wheelo_player_to_raw: Merge Wheelo player season data (matches, ratings) into raw player CSVs
2026-04-24 07:02:35,404 [INFO]   • regenerate_ratings: Regenerate computed team summaries and ladders
2026-04-24 07:02:35,404 [INFO]   • refresh_master_ladders: Update master workbook Team_Ladders_All with freshly-scraped ladder data
2026-04-24 07:02:35,404 [INFO]   • update_photos: Download photos for any new/missing players [SLOW]
2026-04-24 07:02:35,404 [INFO]   • validate_freshness: Validate pipeline output files are present and fresh
2026-04-24 07:02:35,404 [INFO]   • validate_schemas: Validate CSV output schemas (columns, row counts, data quality)
2026-04-24 07:02:35,404 [INFO]   • data_diff_check: Compare pipeline outputs against backups and alert on anomalies
2026-04-24 07:02:35,404 [INFO]   • team_selections: Scrape team selections & fixture from FootyWire + Squiggle API
2026-04-24 07:02:35,405 [INFO]   • validate_selections: Validate announced squads against actual match-day players
2026-04-24 07:02:35,405 [INFO] 
2026-04-24 07:02:35,405 [INFO] START [footywire_squads] Scrape player squads from Footywire
2026-04-24 07:02:35,405 [INFO]   Running: /opt/homebrew/Caskroom/miniconda/base/envs/afl/bin/python /Users/marcuswagner/coding/AFL_dashboard/scrape_footywire.py 
2026-04-24 07:51:11,127 [INFO]   DONE [wheelo_ratings] in 2915.7s
2026-04-24 07:51:11,127 [INFO]     | 📊 Team Stats downloaded: 3 files
2026-04-24 07:51:11,127 [INFO]     | 📊 Player Stats downloaded: 3 files
2026-04-24 07:51:11,127 [INFO]     | 📊 Squad Lists downloaded: 1 file
2026-04-24 07:51:11,127 [INFO]     | 
2026-04-24 07:51:11,127 [INFO]     | 📁 CSV files saved in: /Users/marcuswagner/coding/AFL_dashboard/wheelo_downloads
2026-04-24 07:51:11,128 [INFO] START [wheelo_match_stats] Scrape Wheelo match-by-match player ratings + Brownlow predictions (Selenium)
2026-04-24 07:51:11,128 [INFO]   Running: /opt/homebrew/Caskroom/miniconda/base/envs/afl/bin/python /Users/marcuswagner/coding/AFL_dashboard/scrape_wheelo_match_stats.py --brownlow
2026-04-24 08:17:55,432 [INFO]   DONE [footywire_squads] in 4520.0s
2026-04-24 08:17:55,432 [INFO]     | DefenderMidfieldForward      1
2026-04-24 08:17:55,432 [INFO]     | Name: count, dtype: int64
2026-04-24 08:17:55,432 [INFO]     | 
2026-04-24 08:17:55,432 [INFO]     | 
2026-04-24 08:17:55,432 [INFO]     | Updated DOB cache: 0 new entries
2026-04-24 08:17:55,432 [INFO] START [footywire_extended] Scrape contracts & draft history from Footywire
2026-04-24 08:17:55,433 [INFO]   Running: /opt/homebrew/Caskroom/miniconda/base/envs/afl/bin/python /Users/marcuswagner/coding/AFL_dashboard/scrape_footywire_extended.py --current-only
2026-04-24 08:20:18,233 [ERROR]   FAILED [wheelo_match_stats] exit code 1 (1747.1s)
2026-04-24 08:20:18,233 [ERROR]     | 6   chromedriver                        0x0000000104debf60 cxxbridge1$str$ptr + 2943204
2026-04-24 08:20:18,234 [ERROR]     | 7   chromedriver                        0x0000000104def744 cxxbridge1$str$ptr + 2957512
2026-04-24 08:20:18,234 [ERROR]     | 8   chromedriver                        0x0000000104dd0e50 cxxbridge1$str$ptr + 2832340
2026-04-24 08:20:18,234 [ERROR]     | 9   chromedriver                        0x0000000104deffc4 cxxbridge1$str$ptr + 2959688
2026-04-24 08:20:18,234 [ERROR]     | 10  chromedriver                        0x0000000104dc1828 cxxbridge1$str$ptr + 2769324
2026-04-24 08:20:18,234 [ERROR]     | 11  chromedriver                        0x0000000104e14920 cxxbridge1$str$ptr + 3109540
2026-04-24 08:20:18,234 [ERROR]     | 12  chromedriver                        0x0000000104e14a9c cxxbridge1$str$ptr + 3109920
2026-04-24 08:20:18,234 [ERROR]     | 13  chromedriver                        0x0000000104e25ae4 cxxbridge1$str$ptr + 3179624
2026-04-24 08:20:18,234 [ERROR]     | 14  libsystem_pthread.dylib             0x000000019d915c08 _pthread_start + 136
2026-04-24 08:20:18,234 [ERROR]     | 15  libsystem_pthread.dylib             0x000000019d910ba8 thread_start + 8
2026-04-24 08:20:18,234 [ERROR]     | 
2026-04-24 08:20:18,234 [ERROR]     |   📋 Round 2 (round 2)
2026-04-24 08:20:18,234 [ERROR]     |     (no games found)
2026-04-24 08:20:18,234 [ERROR]     | 
2026-04-24 08:20:18,234 [ERROR]     |   📋 Round 3 (round 3)
2026-04-24 08:20:18,234 [INFO] 
2026-04-24 08:20:18,234 [INFO] ============================================================
2026-04-24 08:20:18,234 [INFO] UPDATE SUMMARY
2026-04-24 08:20:18,234 [INFO] ============================================================
2026-04-24 08:20:18,234 [INFO]   ✓ wheelo_ratings: OK
2026-04-24 08:20:18,234 [INFO]   ✗ wheelo_match_stats: FAILED: Exit code 1
2026-04-24 08:20:18,234 [INFO] 
2026-04-24 08:20:18,234 [INFO] Results: 1 passed, 1 failed, 0 skipped
2026-04-24 08:20:18,234 [INFO] Total time: 4663s (77.7 min)
2026-04-24 08:20:18,234 [INFO] Log: /Users/marcuswagner/coding/AFL_dashboard/logs/scheduled_update_2026-04-24_0702.log
2026-04-24 08:20:18,237 [INFO] Log rotation: removed 1 old log file(s)
2026-04-24 08:20:18,251 [INFO] Stopped Streamlit (PIDs: 76211)
2026-04-24 08:20:20,405 [INFO] Restarted Streamlit app.
2026-04-24 08:20:20,406 [WARNING] 
⚠️  1 step(s) failed. Check log for details.
2026-04-24 08:20:31,518 [INFO] Email sent to marcus.wagner@futureedgesport.com.au
2026-04-24 09:05:16,098 [INFO]   DONE [footywire_extended] in 2840.7s
2026-04-24 09:05:16,099 [INFO]     | 5  Adelaide    Brayden Cook              NaN      None      2020.0    National          1.0        25.0
2026-04-24 09:05:16,099 [INFO]     | 6  Adelaide     Indy Cotton              NaN      None         NaN        None          NaN         NaN
2026-04-24 09:05:16,099 [INFO]     | 7  Adelaide   Isaac Cumming              NaN      None      2016.0    National          1.0        20.0
2026-04-24 09:05:16,099 [INFO]     | 8  Adelaide   Daniel Curtin              NaN      None      2023.0    National          1.0         8.0
2026-04-24 09:05:16,099 [INFO]     | 9  Adelaide   Jordan Dawson              NaN      None      2015.0    National          4.0        56.0
2026-04-24 09:05:16,099 [INFO] START [afl_ladders] Scrape AFL ladder standings from Footywire (current season)
2026-04-24 09:05:16,099 [INFO]   Running: /opt/homebrew/Caskroom/miniconda/base/envs/afl/bin/python /Users/marcuswagner/coding/AFL_dashboard/scrape_afl_ladders.py --current-only
2026-04-24 09:05:18,103 [INFO]   DONE [afl_ladders] in 2.0s
2026-04-24 09:05:18,103 [INFO]     |   2026: 18 teams
2026-04-24 09:05:18,103 [INFO]     | 
2026-04-24 09:05:18,103 [INFO]     | ============================================================
2026-04-24 09:05:18,103 [INFO]     | Completed: 2026-04-24 09:05:18
2026-04-24 09:05:18,103 [INFO]     | ============================================================
2026-04-24 09:05:18,103 [INFO] START [wheelo_ratings] Scrape Wheelo team & player ratings (Selenium)
2026-04-24 09:05:18,103 [INFO]   Running: /opt/homebrew/Caskroom/miniconda/base/envs/afl/bin/python /Users/marcuswagner/coding/AFL_dashboard/scrape_wheelo_ratings.py --all
2026-04-24 09:06:05,475 [INFO]   DONE [wheelo_ratings] in 47.4s
2026-04-24 09:06:05,475 [INFO]     | 📊 Team Stats downloaded: 3 files
2026-04-24 09:06:05,475 [INFO]     | 📊 Player Stats downloaded: 3 files
2026-04-24 09:06:05,475 [INFO]     | 📊 Squad Lists downloaded: 1 file
2026-04-24 09:06:05,475 [INFO]     | 
2026-04-24 09:06:05,475 [INFO]     | 📁 CSV files saved in: /Users/marcuswagner/coding/AFL_dashboard/wheelo_downloads
2026-04-24 09:06:05,476 [INFO] START [wheelo_match_stats] Scrape Wheelo match-by-match player ratings + Brownlow predictions (Selenium)
2026-04-24 09:06:05,476 [INFO]   Running: /opt/homebrew/Caskroom/miniconda/base/envs/afl/bin/python /Users/marcuswagner/coding/AFL_dashboard/scrape_wheelo_match_stats.py --brownlow
2026-04-24 09:07:17,525 [INFO]   DONE [wheelo_match_stats] in 72.0s
2026-04-24 09:07:17,525 [INFO]     | ============================================================
2026-04-24 09:07:17,525 [INFO]     | 🔧 Chrome driver attempt 1/3…
2026-04-24 09:07:17,525 [INFO]     | ✅ Chrome driver ready
2026-04-24 09:07:17,525 [INFO]     | 
2026-04-24 09:07:17,525 [INFO]     | 💾 Saved 2484 rows → /Users/marcuswagner/coding/AFL_dashboard/data/raw/player/brownlow_predictions_2026.csv
2026-04-24 09:07:17,525 [INFO]   SKIP [traits_api] – Skipped: only runs on Mon, Tue, Sun
2026-04-24 09:07:17,525 [INFO] START [wheelo_to_raw] Copy Wheelo team stats to raw data folder for ratings pipeline
2026-04-24 09:07:17,873 [INFO]   Backed up team_stats_2026.csv → backups/team_stats_2026_20260424_090717.csv
2026-04-24 09:07:17,876 [INFO]   Copied Wheelo 2026 Season -> team_stats_2026.csv (18 teams)
2026-04-24 09:07:17,891 [INFO]   Backed up team_stats_2026_L10.csv → backups/team_stats_2026_L10_20260424_090717.csv
2026-04-24 09:07:17,893 [INFO]   Copied Wheelo 2026 L10 -> team_stats_2026_L10.csv (18 teams)
2026-04-24 09:07:17,914 [INFO]   Backed up team_stats_2026_L5.csv → backups/team_stats_2026_L5_20260424_090717.csv
2026-04-24 09:07:17,916 [INFO]   Copied Wheelo 2026 L5 -> team_stats_2026_L5.csv (18 teams)
2026-04-24 09:07:17,916 [INFO]   DONE [wheelo_to_raw] in 0.4s
2026-04-24 09:07:17,916 [INFO] START [build_season] Build season data files (squads, stats, traits CSVs)
2026-04-24 09:07:17,916 [INFO]   Running: /opt/homebrew/Caskroom/miniconda/base/envs/afl/bin/python /Users/marcuswagner/coding/AFL_dashboard/build_season_data.py 
2026-04-24 09:07:18,199 [INFO]   DONE [build_season] in 0.3s
2026-04-24 09:07:18,199 [INFO]     |   Western Bulldogs      43 players  Avg Age: 24.5  Avg Games: 75
2026-04-24 09:07:18,199 [INFO]     | 
2026-04-24 09:07:18,199 [INFO]     | ============================================================
2026-04-24 09:07:18,199 [INFO]     | ✅ 2026 DATA BUILD COMPLETE
2026-04-24 09:07:18,199 [INFO]     | ============================================================
2026-04-24 09:07:18,199 [INFO] START [wheelo_player_to_raw] Merge Wheelo player season data (matches, ratings) into raw player CSVs
2026-04-24 09:07:18,344 [INFO]   Wheelo Wheelo 2026 Season: 544 players, 18 teams
2026-04-24 09:07:18,369 [INFO]   Name mappings (40): {'Connor Macdonald': 'Connor MacDonald', 'Archer May': 'Archie May', 'Lachlan Sullivan': 'Lachie Sullivan', 'Zach Merrett': 'Zachary Merrett', 'Harry Himmelberg': 'Harrison Himmelberg', 'Josh Weddle': 'Joshua Weddle', 'Tim English': 'Timothy English', 'Thomas Edwards': 'Tom Edwards', 'Sam Grlj': 'Samuel Grlj', 'Lachie Jones': 'Lachlan Jones', 'Joe Fonti': 'Joseph Fonti', 'Tom Stewart': 'Thomas Stewart', 'Lachie Ash': 'Lachlan Ash', 'Cam Rayner': 'Cameron Rayner', 'William Hayes': 'Will Hayes', 'Sam Collins': 'Samuel Collins', 'Zac Williams': 'Zachary Williams', 'Christopher Scerri': 'Chris Scerri', 'Mitch Owens': 'Mitchito Owens', 'Dan Butler': 'Daniel Butler', 'Cam Mackenzie': 'Cameron Mackenzie', 'Lachie Fogarty': 'Lachlan Fogarty', 'Brad Close': 'Bradley Close', 'Lachie Weller': 'Lachlan Weller', 'Nicholas Madden': 'Nick Madden', 'Jacob van Rooyen': 'Jacob Van Rooyen', 'William Edwards': 'Will Edwards', 'Oliver Dempsey': 'Ollie Dempsey', 'Matthew Johnson': 'Matt Johnson', 'Lachie Schultz': 'Lachlan Schultz', 'Mitch Knevitt': 'Mitchell Knevitt', 'Matt Roberts': 'Matthew Roberts', 'Ollie Wines': 'Oliver Wines', 'Leonardo Lombard': 'Leo Lombard', 'Matthew Owies': 'Matt Owies', 'Mitch Lewis': 'Mitchell Lewis', 'Jack Macrae': 'Jackson Macrae', 'Matt Flynn': 'Matthew Flynn', 'Tom Liberatore': 'Thomas Liberatore', 'Matthew Carroll': 'Matt Carroll'}
2026-04-24 09:07:18,377 [INFO]   Backed up player_stats_2026.csv → backups/player_stats_2026_20260424_090718.csv
2026-04-24 09:07:18,379 [INFO]   Updated player_stats_2026.csv: 544 players with matches from Wheelo
2026-04-24 09:07:18,397 [INFO]   Backed up squads_2026.csv → backups/squads_2026_20260424_090718.csv
2026-04-24 09:07:18,400 [INFO]   Updated squads_2026.csv: 544 players matched from Wheelo
2026-04-24 09:07:18,400 [INFO]   DONE [wheelo_player_to_raw] in 0.2s
2026-04-24 09:07:18,400 [INFO] START [regenerate_ratings] Regenerate computed team summaries and ladders
2026-04-24 09:07:18,400 [INFO]   Running: /opt/homebrew/Caskroom/miniconda/base/envs/afl/bin/python /Users/marcuswagner/coding/AFL_dashboard/regenerate_ratings.py 
2026-04-24 09:07:18,679 [INFO]   DONE [regenerate_ratings] in 0.3s
2026-04-24 09:07:18,679 [INFO]     | Skipping 2025 Last 5 - no raw data
2026-04-24 09:07:18,679 [INFO]     | 
2026-04-24 09:07:18,679 [INFO]     | ============================================================
2026-04-24 09:07:18,679 [INFO]     | DONE!
2026-04-24 09:07:18,679 [INFO]     | ============================================================
2026-04-24 09:07:18,679 [INFO] START [refresh_master_ladders] Update master workbook Team_Ladders_All with freshly-scraped ladder data
2026-04-24 09:07:34,077 [INFO]   Refreshed Team_Ladders_All: 287 rows
2026-04-24 09:07:34,080 [INFO]   DONE [refresh_master_ladders] in 15.4s
2026-04-24 09:07:34,081 [INFO] START [update_photos] Download photos for any new/missing players
2026-04-24 09:07:34,081 [INFO]   Running: /opt/homebrew/Caskroom/miniconda/base/envs/afl/bin/python /Users/marcuswagner/coding/AFL_dashboard/auto_update_photos.py 
2026-04-24 09:10:23,713 [INFO]   DONE [update_photos] in 169.6s
2026-04-24 09:10:23,714 [INFO]     | 
2026-04-24 09:10:23,714 [INFO] START [validate_freshness] Validate pipeline output files are present and fresh
2026-04-24 09:10:23,714 [INFO]   Running: /opt/homebrew/Caskroom/miniconda/base/envs/afl/bin/python /Users/marcuswagner/coding/AFL_dashboard/validate_pipeline_freshness.py 
2026-04-24 09:10:23,739 [INFO]   DONE [validate_freshness] in 0.0s
2026-04-24 09:10:23,739 [INFO]     |   ✓ FRESH    footywire_drafts_history.csv  (09:05)
2026-04-24 09:10:23,739 [INFO]     |   ⊘ OPTIONAL footywire_2026_with_traits.csv  (stale — 72.3h ago)
2026-04-24 09:10:23,739 [INFO]     |   ✓ FRESH    traits_2026.csv  (09:07)
2026-04-24 09:10:23,739 [INFO]     | 
2026-04-24 09:10:23,739 [INFO]     | ✅ All required files are present and fresh.
2026-04-24 09:10:23,739 [INFO] START [validate_schemas] Validate CSV output schemas (columns, row counts, data quality)
2026-04-24 09:10:23,756 [INFO]   DONE [validate_schemas] 0 warning(s) in 0.0s
2026-04-24 09:10:23,756 [INFO] START [data_diff_check] Compare pipeline outputs against backups and alert on anomalies
2026-04-24 09:10:23,767 [INFO]   DONE [data_diff_check] no anomalies in 0.0s
2026-04-24 09:10:23,767 [INFO] START [team_selections] Scrape team selections & fixture from FootyWire + Squiggle API
2026-04-24 09:10:23,767 [INFO]   Running: /opt/homebrew/Caskroom/miniconda/base/envs/afl/bin/python /Users/marcuswagner/coding/AFL_dashboard/scrape_team_selections.py 
2026-04-24 09:10:25,829 [INFO]   DONE [team_selections] in 2.1s
2026-04-24 09:10:25,830 [INFO]     | 
2026-04-24 09:10:25,830 [INFO]   SKIP [validate_selections] – Skipped: only runs on Mon, Tue
2026-04-24 09:10:25,830 [INFO] 
2026-04-24 09:10:25,830 [INFO] ============================================================
2026-04-24 09:10:25,830 [INFO] UPDATE SUMMARY
2026-04-24 09:10:25,830 [INFO] ============================================================
2026-04-24 09:10:25,830 [INFO]   ✓ footywire_squads: OK
2026-04-24 09:10:25,830 [INFO]   ✓ footywire_extended: OK
2026-04-24 09:10:25,830 [INFO]   ✓ afl_ladders: OK
2026-04-24 09:10:25,830 [INFO]   ✓ wheelo_ratings: OK
2026-04-24 09:10:25,830 [INFO]   ✓ wheelo_match_stats: OK
2026-04-24 09:10:25,830 [INFO]   ⊘ traits_api: SKIPPED: Skipped: only runs on Mon, Tue, Sun
2026-04-24 09:10:25,830 [INFO]   ✓ wheelo_to_raw: OK
2026-04-24 09:10:25,830 [INFO]   ✓ build_season: OK
2026-04-24 09:10:25,830 [INFO]   ✓ wheelo_player_to_raw: OK
2026-04-24 09:10:25,830 [INFO]   ✓ regenerate_ratings: OK
2026-04-24 09:10:25,830 [INFO]   ✓ refresh_master_ladders: OK
2026-04-24 09:10:25,830 [INFO]   ✓ update_photos: OK
2026-04-24 09:10:25,830 [INFO]   ✓ validate_freshness: OK
2026-04-24 09:10:25,830 [INFO]   ✓ validate_schemas: OK
2026-04-24 09:10:25,830 [INFO]   ✓ data_diff_check: OK
2026-04-24 09:10:25,830 [INFO]   ✓ team_selections: OK
2026-04-24 09:10:25,830 [INFO]   ⊘ validate_selections: SKIPPED: Skipped: only runs on Mon, Tue
2026-04-24 09:10:25,830 [INFO] 
2026-04-24 09:10:25,830 [INFO] Results: 17 passed, 0 failed, 2 skipped
2026-04-24 09:10:25,830 [INFO] Total time: 7670s (127.8 min)
2026-04-24 09:10:25,830 [INFO] Log: /Users/marcuswagner/coding/AFL_dashboard/logs/scheduled_update_2026-04-24_0702.log
2026-04-24 09:10:25,848 [INFO] Stopped Streamlit (PIDs: 77286)
2026-04-24 09:10:27,906 [INFO] Restarted Streamlit app.
2026-04-24 09:10:27,907 [WARNING] 
⚠️  Completed with 2 skipped step(s).
2026-04-24 09:10:32,798 [INFO] Email sent to marcus.wagner@futureedgesport.com.au
==========================================
AFL Dashboard – Scheduled Update
Fri Apr 24 19:00:05 AEST 2026
==========================================
Using conda env: afl
2026-04-24 19:00:06,949 [INFO] Log file: /Users/marcuswagner/coding/AFL_dashboard/logs/scheduled_update_2026-04-24_1900.log
2026-04-24 19:00:06,949 [INFO] ============================================================
2026-04-24 19:00:06,949 [INFO] AFL Dashboard – Scheduled Data Update
2026-04-24 19:00:06,949 [INFO] Date: Friday 24 April 2026 19:00
2026-04-24 19:00:06,949 [INFO] Mode: FULL
2026-04-24 19:00:06,950 [INFO] ============================================================
2026-04-24 19:00:06,950 [INFO] Python: /opt/homebrew/Caskroom/miniconda/base/envs/afl/bin/python
2026-04-24 19:00:06,950 [INFO] 
Steps to run (1):
2026-04-24 19:00:06,950 [INFO]   • team_selections: Scrape team selections & fixture from FootyWire + Squiggle API
2026-04-24 19:00:06,950 [INFO] 
2026-04-24 19:00:06,950 [INFO] START [team_selections] Scrape team selections & fixture from FootyWire + Squiggle API
2026-04-24 19:00:06,950 [INFO]   Running: /opt/homebrew/Caskroom/miniconda/base/envs/afl/bin/python /Users/marcuswagner/coding/AFL_dashboard/scrape_team_selections.py 
2026-04-24 19:00:12,158 [INFO]   DONE [team_selections] in 5.2s
2026-04-24 19:00:12,158 [INFO]     | 
2026-04-24 19:00:12,158 [INFO] 
2026-04-24 19:00:12,159 [INFO] ============================================================
2026-04-24 19:00:12,159 [INFO] UPDATE SUMMARY
2026-04-24 19:00:12,159 [INFO] ============================================================
2026-04-24 19:00:12,159 [INFO]   ✓ team_selections: OK
2026-04-24 19:00:12,159 [INFO] 
2026-04-24 19:00:12,159 [INFO] Results: 1 passed, 0 failed, 0 skipped
2026-04-24 19:00:12,159 [INFO] Total time: 5s (0.1 min)
2026-04-24 19:00:12,159 [INFO] Log: /Users/marcuswagner/coding/AFL_dashboard/logs/scheduled_update_2026-04-24_1900.log
2026-04-24 19:00:12,162 [INFO] Log rotation: removed 1 old log file(s)
2026-04-24 19:00:12,176 [INFO] Stopped Streamlit (PIDs: 78010)
2026-04-24 19:00:14,255 [INFO] Restarted Streamlit app.
2026-04-24 19:00:14,256 [INFO] 
✅ All steps completed successfully!
2026-04-24 19:00:21,194 [INFO] Email sent to marcus.wagner@futureedgesport.com.au
==========================================
AFL Dashboard – Scheduled Update
Sat Apr 25 07:07:42 AEST 2026
==========================================
==========================================
AFL Dashboard – Scheduled Update
Sat Apr 25 07:07:42 AEST 2026
==========================================
Using conda env: afl
Using conda env: afl
2026-04-25 07:07:43,851 [INFO] Log file: /Users/marcuswagner/coding/AFL_dashboard/logs/scheduled_update_2026-04-25_0707.log
2026-04-25 07:07:43,851 [INFO] Log file: /Users/marcuswagner/coding/AFL_dashboard/logs/scheduled_update_2026-04-25_0707.log
2026-04-25 07:07:43,851 [INFO] ============================================================
2026-04-25 07:07:43,851 [INFO] ============================================================
2026-04-25 07:07:43,851 [INFO] AFL Dashboard – Scheduled Data Update
2026-04-25 07:07:43,851 [INFO] AFL Dashboard – Scheduled Data Update
2026-04-25 07:07:43,851 [INFO] Date: Saturday 25 April 2026 07:07
2026-04-25 07:07:43,851 [INFO] Date: Saturday 25 April 2026 07:07
2026-04-25 07:07:43,851 [INFO] Mode: FULL
2026-04-25 07:07:43,851 [INFO] Mode: FULL
2026-04-25 07:07:43,851 [INFO] ============================================================
2026-04-25 07:07:43,851 [INFO] ============================================================
2026-04-25 07:07:43,851 [INFO] Python: /opt/homebrew/Caskroom/miniconda/base/envs/afl/bin/python
2026-04-25 07:07:43,851 [INFO] Python: /opt/homebrew/Caskroom/miniconda/base/envs/afl/bin/python
2026-04-25 07:07:43,851 [INFO] 
Steps to run (2):
2026-04-25 07:07:43,851 [INFO] 
Steps to run (17):
2026-04-25 07:07:43,851 [INFO]   • wheelo_ratings: Scrape Wheelo team & player ratings (Selenium) [SLOW]
2026-04-25 07:07:43,851 [INFO]   • footywire_squads: Scrape player squads from Footywire
2026-04-25 07:07:43,851 [INFO]   • wheelo_match_stats: Scrape Wheelo match-by-match player ratings + Brownlow predictions (Selenium) [SLOW]
2026-04-25 07:07:43,851 [INFO]   • footywire_extended: Scrape contracts & draft history from Footywire
2026-04-25 07:07:43,851 [INFO] 
2026-04-25 07:07:43,851 [INFO]   • afl_ladders: Scrape AFL ladder standings from Footywire (current season)
2026-04-25 07:07:43,851 [INFO]   • wheelo_ratings: Scrape Wheelo team & player ratings (Selenium) [SLOW]
2026-04-25 07:07:43,851 [INFO]   • wheelo_match_stats: Scrape Wheelo match-by-match player ratings + Brownlow predictions (Selenium) [SLOW]
2026-04-25 07:07:43,851 [INFO]   • traits_api: Fetch Traits API data for current-season players [SLOW]
2026-04-25 07:07:43,851 [INFO]   • wheelo_to_raw: Copy Wheelo team stats to raw data folder for ratings pipeline
2026-04-25 07:07:43,851 [INFO]   • build_season: Build season data files (squads, stats, traits CSVs)
2026-04-25 07:07:43,851 [INFO]   • wheelo_player_to_raw: Merge Wheelo player season data (matches, ratings) into raw player CSVs
2026-04-25 07:07:43,851 [INFO]   • regenerate_ratings: Regenerate computed team summaries and ladders
2026-04-25 07:07:43,851 [INFO]   • refresh_master_ladders: Update master workbook Team_Ladders_All with freshly-scraped ladder data
2026-04-25 07:07:43,851 [INFO]   • update_photos: Download photos for any new/missing players [SLOW]
2026-04-25 07:07:43,851 [INFO] START [wheelo_ratings] Scrape Wheelo team & player ratings (Selenium)
2026-04-25 07:07:43,851 [INFO]   • validate_freshness: Validate pipeline output files are present and fresh
2026-04-25 07:07:43,851 [INFO]   Running: /opt/homebrew/Caskroom/miniconda/base/envs/afl/bin/python /Users/marcuswagner/coding/AFL_dashboard/scrape_wheelo_ratings.py --all
2026-04-25 07:07:43,851 [INFO]   • validate_schemas: Validate CSV output schemas (columns, row counts, data quality)
2026-04-25 07:07:43,851 [INFO]   • data_diff_check: Compare pipeline outputs against backups and alert on anomalies
2026-04-25 07:07:43,851 [INFO]   • team_selections: Scrape team selections & fixture from FootyWire + Squiggle API
2026-04-25 07:07:43,851 [INFO]   • validate_selections: Validate announced squads against actual match-day players
2026-04-25 07:07:43,851 [INFO] 
2026-04-25 07:07:43,851 [INFO] START [footywire_squads] Scrape player squads from Footywire
2026-04-25 07:07:43,851 [INFO]   Running: /opt/homebrew/Caskroom/miniconda/base/envs/afl/bin/python /Users/marcuswagner/coding/AFL_dashboard/scrape_footywire.py 
2026-04-25 07:08:16,303 [INFO]   DONE [footywire_squads] in 32.5s
2026-04-25 07:08:16,303 [INFO]     | DefenderMidfieldForward      1
2026-04-25 07:08:16,304 [INFO]     | Name: count, dtype: int64
2026-04-25 07:08:16,304 [INFO]     | 
2026-04-25 07:08:16,304 [INFO]     | 
2026-04-25 07:08:16,304 [INFO]     | Updated DOB cache: 1 new entries
2026-04-25 07:08:16,304 [INFO] START [footywire_extended] Scrape contracts & draft history from Footywire
2026-04-25 07:08:16,304 [INFO]   Running: /opt/homebrew/Caskroom/miniconda/base/envs/afl/bin/python /Users/marcuswagner/coding/AFL_dashboard/scrape_footywire_extended.py --current-only
2026-04-25 07:08:35,346 [INFO]   DONE [wheelo_ratings] in 51.5s
2026-04-25 07:08:35,347 [INFO]     | 📊 Team Stats downloaded: 3 files
2026-04-25 07:08:35,347 [INFO]     | 📊 Player Stats downloaded: 3 files
2026-04-25 07:08:35,347 [INFO]     | 📊 Squad Lists downloaded: 1 file
2026-04-25 07:08:35,347 [INFO]     | 
2026-04-25 07:08:35,347 [INFO]     | 📁 CSV files saved in: /Users/marcuswagner/coding/AFL_dashboard/wheelo_downloads
2026-04-25 07:08:35,347 [INFO] START [wheelo_match_stats] Scrape Wheelo match-by-match player ratings + Brownlow predictions (Selenium)
2026-04-25 07:08:35,347 [INFO]   Running: /opt/homebrew/Caskroom/miniconda/base/envs/afl/bin/python /Users/marcuswagner/coding/AFL_dashboard/scrape_wheelo_match_stats.py --brownlow
2026-04-25 07:18:31,820 [INFO]   DONE [wheelo_match_stats] in 596.5s
2026-04-25 07:18:31,821 [INFO]     | ============================================================
2026-04-25 07:18:31,821 [INFO]     | 🔧 Chrome driver attempt 1/3…
2026-04-25 07:18:31,821 [INFO]     | ✅ Chrome driver ready
2026-04-25 07:18:31,821 [INFO]     | 
2026-04-25 07:18:31,821 [INFO]     | 💾 Saved 2484 rows → /Users/marcuswagner/coding/AFL_dashboard/data/raw/player/brownlow_predictions_2026.csv
2026-04-25 07:18:31,821 [INFO] 
2026-04-25 07:18:31,821 [INFO] ============================================================
2026-04-25 07:18:31,821 [INFO] UPDATE SUMMARY
2026-04-25 07:18:31,821 [INFO] ============================================================
2026-04-25 07:18:31,821 [INFO]   ✓ wheelo_ratings: OK
2026-04-25 07:18:31,821 [INFO]   ✓ wheelo_match_stats: OK
2026-04-25 07:18:31,821 [INFO] 
2026-04-25 07:18:31,821 [INFO] Results: 2 passed, 0 failed, 0 skipped
2026-04-25 07:18:31,821 [INFO] Total time: 648s (10.8 min)
2026-04-25 07:18:31,821 [INFO] Log: /Users/marcuswagner/coding/AFL_dashboard/logs/scheduled_update_2026-04-25_0707.log
2026-04-25 07:18:31,824 [INFO] Log rotation: removed 1 old log file(s)
2026-04-25 07:18:31,840 [INFO] Stopped Streamlit (PIDs: 83693)
2026-04-25 07:18:33,994 [INFO] Restarted Streamlit app.
2026-04-25 07:18:33,995 [INFO] 
✅ All steps completed successfully!
2026-04-25 07:18:40,467 [INFO] Email sent to marcus.wagner@futureedgesport.com.au
2026-04-25 09:20:53,079 [INFO]   DONE [footywire_extended] in 7956.8s
2026-04-25 09:20:53,080 [INFO]     | 5  Adelaide    Brayden Cook           2026.0           Non-Free Agent      2020.0    National          1.0        25.0
2026-04-25 09:20:53,080 [INFO]     | 6  Adelaide     Indy Cotton           2027.0                  Unknown         NaN        None          NaN         NaN
2026-04-25 09:20:53,080 [INFO]     | 7  Adelaide   Isaac Cumming           2030.0           Non-Free Agent      2016.0    National          1.0        20.0
2026-04-25 09:20:53,080 [INFO]     | 8  Adelaide   Daniel Curtin           2029.0           Non-Free Agent      2023.0    National          1.0         8.0
2026-04-25 09:20:53,080 [INFO]     | 9  Adelaide   Jordan Dawson           2029.0    Restricted Free Agent      2015.0    National          4.0        56.0
2026-04-25 09:20:53,081 [INFO] START [afl_ladders] Scrape AFL ladder standings from Footywire (current season)
2026-04-25 09:20:53,081 [INFO]   Running: /opt/homebrew/Caskroom/miniconda/base/envs/afl/bin/python /Users/marcuswagner/coding/AFL_dashboard/scrape_afl_ladders.py --current-only
2026-04-25 09:20:54,955 [INFO]   DONE [afl_ladders] in 1.9s
2026-04-25 09:20:54,955 [INFO]     |   2026: 18 teams
2026-04-25 09:20:54,955 [INFO]     | 
2026-04-25 09:20:54,955 [INFO]     | ============================================================
2026-04-25 09:20:54,955 [INFO]     | Completed: 2026-04-25 09:20:54
2026-04-25 09:20:54,955 [INFO]     | ============================================================
2026-04-25 09:20:54,956 [INFO] START [wheelo_ratings] Scrape Wheelo team & player ratings (Selenium)
2026-04-25 09:20:54,956 [INFO]   Running: /opt/homebrew/Caskroom/miniconda/base/envs/afl/bin/python /Users/marcuswagner/coding/AFL_dashboard/scrape_wheelo_ratings.py --all
2026-04-25 09:32:09,039 [INFO]   DONE [wheelo_ratings] in 674.1s
2026-04-25 09:32:09,039 [INFO]     | 📊 Team Stats downloaded: 3 files
2026-04-25 09:32:09,039 [INFO]     | 📊 Player Stats downloaded: 3 files
2026-04-25 09:32:09,039 [INFO]     | 📊 Squad Lists downloaded: 1 file
2026-04-25 09:32:09,039 [INFO]     | 
2026-04-25 09:32:09,039 [INFO]     | 📁 CSV files saved in: /Users/marcuswagner/coding/AFL_dashboard/wheelo_downloads
2026-04-25 09:32:09,039 [INFO] START [wheelo_match_stats] Scrape Wheelo match-by-match player ratings + Brownlow predictions (Selenium)
2026-04-25 09:32:09,039 [INFO]   Running: /opt/homebrew/Caskroom/miniconda/base/envs/afl/bin/python /Users/marcuswagner/coding/AFL_dashboard/scrape_wheelo_match_stats.py --brownlow
2026-04-25 09:36:33,355 [INFO]   DONE [wheelo_match_stats] in 264.3s
2026-04-25 09:36:33,356 [INFO]     | ============================================================
2026-04-25 09:36:33,356 [INFO]     | 🔧 Chrome driver attempt 1/3…
2026-04-25 09:36:33,356 [INFO]     | ✅ Chrome driver ready
2026-04-25 09:36:33,356 [INFO]     | 
2026-04-25 09:36:33,356 [INFO]     | 💾 Saved 2484 rows → /Users/marcuswagner/coding/AFL_dashboard/data/raw/player/brownlow_predictions_2026.csv
2026-04-25 09:36:33,356 [INFO]   SKIP [traits_api] – Skipped: only runs on Mon, Tue, Sun
2026-04-25 09:36:33,356 [INFO] START [wheelo_to_raw] Copy Wheelo team stats to raw data folder for ratings pipeline
2026-04-25 09:36:33,714 [INFO]   Backed up team_stats_2026.csv → backups/team_stats_2026_20260425_093633.csv
2026-04-25 09:36:33,716 [INFO]   Copied Wheelo 2026 Season -> team_stats_2026.csv (18 teams)
2026-04-25 09:36:33,732 [INFO]   Backed up team_stats_2026_L10.csv → backups/team_stats_2026_L10_20260425_093633.csv
2026-04-25 09:36:33,734 [INFO]   Copied Wheelo 2026 L10 -> team_stats_2026_L10.csv (18 teams)
2026-04-25 09:36:33,755 [INFO]   Backed up team_stats_2026_L5.csv → backups/team_stats_2026_L5_20260425_093633.csv
2026-04-25 09:36:33,756 [INFO]   Copied Wheelo 2026 L5 -> team_stats_2026_L5.csv (18 teams)
2026-04-25 09:36:33,756 [INFO]   DONE [wheelo_to_raw] in 0.4s
2026-04-25 09:36:33,756 [INFO] START [build_season] Build season data files (squads, stats, traits CSVs)
2026-04-25 09:36:33,757 [INFO]   Running: /opt/homebrew/Caskroom/miniconda/base/envs/afl/bin/python /Users/marcuswagner/coding/AFL_dashboard/build_season_data.py 
2026-04-25 09:36:34,024 [INFO]   DONE [build_season] in 0.3s
2026-04-25 09:36:34,024 [INFO]     |   Western Bulldogs      43 players  Avg Age: 24.5  Avg Games: 75
2026-04-25 09:36:34,024 [INFO]     | 
2026-04-25 09:36:34,024 [INFO]     | ============================================================
2026-04-25 09:36:34,024 [INFO]     | ✅ 2026 DATA BUILD COMPLETE
2026-04-25 09:36:34,024 [INFO]     | ============================================================
2026-04-25 09:36:34,024 [INFO] START [wheelo_player_to_raw] Merge Wheelo player season data (matches, ratings) into raw player CSVs
2026-04-25 09:36:34,173 [INFO]   Wheelo Wheelo 2026 Season: 546 players, 18 teams
2026-04-25 09:36:34,194 [INFO]   Name mappings (41): {'Matt Flynn': 'Matthew Flynn', 'Archer May': 'Archie May', 'Leonardo Lombard': 'Leo Lombard', 'Matthew Johnson': 'Matt Johnson', 'Tom Stewart': 'Thomas Stewart', 'Thomas Edwards': 'Tom Edwards', 'Cam Mackenzie': 'Cameron Mackenzie', 'Matthew Owies': 'Matt Owies', 'Cam Rayner': 'Cameron Rayner', 'Zac Williams': 'Zachary Williams', 'Lachie Jones': 'Lachlan Jones', 'Tom Burton': 'Thomas Burton', 'Lachie Ash': 'Lachlan Ash', 'Oliver Dempsey': 'Ollie Dempsey', 'Zach Merrett': 'Zachary Merrett', 'Sam Collins': 'Samuel Collins', 'Christopher Scerri': 'Chris Scerri', 'Jack Macrae': 'Jackson Macrae', 'William Hayes': 'Will Hayes', 'Connor Macdonald': 'Connor MacDonald', 'Lachie Weller': 'Lachlan Weller', 'Ollie Wines': 'Oliver Wines', 'Joe Fonti': 'Joseph Fonti', 'Harry Himmelberg': 'Harrison Himmelberg', 'Jacob van Rooyen': 'Jacob Van Rooyen', 'Tom Liberatore': 'Thomas Liberatore', 'Mitch Knevitt': 'Mitchell Knevitt', 'Brad Close': 'Bradley Close', 'Nicholas Madden': 'Nick Madden', 'Matthew Carroll': 'Matt Carroll', 'Dan Butler': 'Daniel Butler', 'Lachlan Sullivan': 'Lachie Sullivan', 'Lachie Schultz': 'Lachlan Schultz', 'Sam Grlj': 'Samuel Grlj', 'Mitch Lewis': 'Mitchell Lewis', 'Josh Weddle': 'Joshua Weddle', 'Lachie Fogarty': 'Lachlan Fogarty', 'Mitch Owens': 'Mitchito Owens', 'Tim English': 'Timothy English', 'William Edwards': 'Will Edwards', 'Matt Roberts': 'Matthew Roberts'}
2026-04-25 09:36:34,203 [INFO]   Backed up player_stats_2026.csv → backups/player_stats_2026_20260425_093634.csv
2026-04-25 09:36:34,206 [INFO]   Updated player_stats_2026.csv: 546 players with matches from Wheelo
2026-04-25 09:36:34,223 [INFO]   Backed up squads_2026.csv → backups/squads_2026_20260425_093634.csv
2026-04-25 09:36:34,226 [INFO]   Updated squads_2026.csv: 546 players matched from Wheelo
2026-04-25 09:36:34,226 [INFO]   DONE [wheelo_player_to_raw] in 0.2s
2026-04-25 09:36:34,226 [INFO] START [regenerate_ratings] Regenerate computed team summaries and ladders
2026-04-25 09:36:34,226 [INFO]   Running: /opt/homebrew/Caskroom/miniconda/base/envs/afl/bin/python /Users/marcuswagner/coding/AFL_dashboard/regenerate_ratings.py 
2026-04-25 09:36:34,499 [INFO]   DONE [regenerate_ratings] in 0.3s
2026-04-25 09:36:34,500 [INFO]     | Skipping 2025 Last 5 - no raw data
2026-04-25 09:36:34,500 [INFO]     | 
2026-04-25 09:36:34,500 [INFO]     | ============================================================
2026-04-25 09:36:34,500 [INFO]     | DONE!
2026-04-25 09:36:34,500 [INFO]     | ============================================================
2026-04-25 09:36:34,500 [INFO] START [refresh_master_ladders] Update master workbook Team_Ladders_All with freshly-scraped ladder data
2026-04-25 09:36:49,594 [INFO]   Refreshed Team_Ladders_All: 287 rows
2026-04-25 09:36:49,598 [INFO]   DONE [refresh_master_ladders] in 15.1s
2026-04-25 09:36:49,599 [INFO] START [update_photos] Download photos for any new/missing players
2026-04-25 09:36:49,599 [INFO]   Running: /opt/homebrew/Caskroom/miniconda/base/envs/afl/bin/python /Users/marcuswagner/coding/AFL_dashboard/auto_update_photos.py 
2026-04-25 09:56:35,614 [INFO]   DONE [update_photos] in 1186.0s
2026-04-25 09:56:35,615 [INFO]     | 
2026-04-25 09:56:35,616 [INFO] START [validate_freshness] Validate pipeline output files are present and fresh
2026-04-25 09:56:35,616 [INFO]   Running: /opt/homebrew/Caskroom/miniconda/base/envs/afl/bin/python /Users/marcuswagner/coding/AFL_dashboard/validate_pipeline_freshness.py 
2026-04-25 09:56:35,646 [INFO]   DONE [validate_freshness] in 0.0s
2026-04-25 09:56:35,647 [INFO]     |   ✓ FRESH    footywire_drafts_history.csv  (09:20)
2026-04-25 09:56:35,647 [INFO]     |   ⊘ OPTIONAL footywire_2026_with_traits.csv  (stale — 97.0h ago)
2026-04-25 09:56:35,647 [INFO]     |   ✓ FRESH    traits_2026.csv  (09:36)
2026-04-25 09:56:35,647 [INFO]     | 
2026-04-25 09:56:35,647 [INFO]     | ✅ All required files are present and fresh.
2026-04-25 09:56:35,647 [INFO] START [validate_schemas] Validate CSV output schemas (columns, row counts, data quality)
2026-04-25 09:56:35,660 [INFO]   DONE [validate_schemas] 0 warning(s) in 0.0s
2026-04-25 09:56:35,660 [INFO] START [data_diff_check] Compare pipeline outputs against backups and alert on anomalies
2026-04-25 09:56:35,671 [INFO]   DONE [data_diff_check] no anomalies in 0.0s
2026-04-25 09:56:35,671 [INFO]   SKIP [team_selections] – Skipped: only runs on Wed, Thu, Fri
2026-04-25 09:56:35,671 [INFO]   SKIP [validate_selections] – Skipped: only runs on Mon, Tue
2026-04-25 09:56:35,671 [INFO] 
2026-04-25 09:56:35,671 [INFO] ============================================================
2026-04-25 09:56:35,671 [INFO] UPDATE SUMMARY
2026-04-25 09:56:35,671 [INFO] ============================================================
2026-04-25 09:56:35,671 [INFO]   ✓ footywire_squads: OK
2026-04-25 09:56:35,671 [INFO]   ✓ footywire_extended: OK
2026-04-25 09:56:35,671 [INFO]   ✓ afl_ladders: OK
2026-04-25 09:56:35,671 [INFO]   ✓ wheelo_ratings: OK
2026-04-25 09:56:35,671 [INFO]   ✓ wheelo_match_stats: OK
2026-04-25 09:56:35,671 [INFO]   ⊘ traits_api: SKIPPED: Skipped: only runs on Mon, Tue, Sun
2026-04-25 09:56:35,671 [INFO]   ✓ wheelo_to_raw: OK
2026-04-25 09:56:35,671 [INFO]   ✓ build_season: OK
2026-04-25 09:56:35,671 [INFO]   ✓ wheelo_player_to_raw: OK
2026-04-25 09:56:35,671 [INFO]   ✓ regenerate_ratings: OK
2026-04-25 09:56:35,671 [INFO]   ✓ refresh_master_ladders: OK
2026-04-25 09:56:35,671 [INFO]   ✓ update_photos: OK
2026-04-25 09:56:35,671 [INFO]   ✓ validate_freshness: OK
2026-04-25 09:56:35,671 [INFO]   ✓ validate_schemas: OK
2026-04-25 09:56:35,671 [INFO]   ✓ data_diff_check: OK
2026-04-25 09:56:35,671 [INFO]   ⊘ team_selections: SKIPPED: Skipped: only runs on Wed, Thu, Fri
2026-04-25 09:56:35,671 [INFO]   ⊘ validate_selections: SKIPPED: Skipped: only runs on Mon, Tue
2026-04-25 09:56:35,671 [INFO] 
2026-04-25 09:56:35,671 [INFO] Results: 17 passed, 0 failed, 3 skipped
2026-04-25 09:56:35,671 [INFO] Total time: 10132s (168.9 min)
2026-04-25 09:56:35,671 [INFO] Log: /Users/marcuswagner/coding/AFL_dashboard/logs/scheduled_update_2026-04-25_0707.log
2026-04-25 09:56:35,686 [INFO] Stopped Streamlit (PIDs: 88083)
2026-04-25 09:56:37,725 [INFO] Restarted Streamlit app.
2026-04-25 09:56:37,725 [WARNING] 
⚠️  Completed with 3 skipped step(s).
2026-04-25 09:56:42,517 [INFO] Email sent to marcus.wagner@futureedgesport.com.au
==========================================
==========================================
AFL Dashboard – Scheduled Update
AFL Dashboard – Scheduled Update
Sun Apr 26 07:00:05 AEST 2026
==========================================
Sun Apr 26 07:00:05 AEST 2026
==========================================
Using conda env: afl
Using conda env: afl
2026-04-26 07:00:06,982 [INFO] Log file: /Users/marcuswagner/coding/AFL_dashboard/logs/scheduled_update_2026-04-26_0700.log
2026-04-26 07:00:06,982 [INFO] Log file: /Users/marcuswagner/coding/AFL_dashboard/logs/scheduled_update_2026-04-26_0700.log
2026-04-26 07:00:06,983 [INFO] ============================================================
2026-04-26 07:00:06,983 [INFO] ============================================================
2026-04-26 07:00:06,983 [INFO] AFL Dashboard – Scheduled Data Update
2026-04-26 07:00:06,983 [INFO] AFL Dashboard – Scheduled Data Update
2026-04-26 07:00:06,983 [INFO] Date: Sunday 26 April 2026 07:00
2026-04-26 07:00:06,983 [INFO] Date: Sunday 26 April 2026 07:00
2026-04-26 07:00:06,983 [INFO] Mode: FULL
2026-04-26 07:00:06,983 [INFO] Mode: FULL
2026-04-26 07:00:06,983 [INFO] ============================================================
2026-04-26 07:00:06,983 [INFO] ============================================================
2026-04-26 07:00:06,983 [INFO] Python: /opt/homebrew/Caskroom/miniconda/base/envs/afl/bin/python
2026-04-26 07:00:06,983 [INFO] Python: /opt/homebrew/Caskroom/miniconda/base/envs/afl/bin/python
2026-04-26 07:00:06,983 [INFO] 
Steps to run (2):
2026-04-26 07:00:06,983 [INFO] 
Steps to run (17):
2026-04-26 07:00:06,983 [INFO]   • wheelo_ratings: Scrape Wheelo team & player ratings (Selenium) [SLOW]
2026-04-26 07:00:06,983 [INFO]   • footywire_squads: Scrape player squads from Footywire
2026-04-26 07:00:06,983 [INFO]   • wheelo_match_stats: Scrape Wheelo match-by-match player ratings + Brownlow predictions (Selenium) [SLOW]
2026-04-26 07:00:06,983 [INFO]   • footywire_extended: Scrape contracts & draft history from Footywire
2026-04-26 07:00:06,983 [INFO] 
2026-04-26 07:00:06,983 [INFO]   • afl_ladders: Scrape AFL ladder standings from Footywire (current season)
2026-04-26 07:00:06,983 [INFO]   • wheelo_ratings: Scrape Wheelo team & player ratings (Selenium) [SLOW]
2026-04-26 07:00:06,983 [INFO] START [wheelo_ratings] Scrape Wheelo team & player ratings (Selenium)
2026-04-26 07:00:06,983 [INFO]   • wheelo_match_stats: Scrape Wheelo match-by-match player ratings + Brownlow predictions (Selenium) [SLOW]
2026-04-26 07:00:06,983 [INFO]   Running: /opt/homebrew/Caskroom/miniconda/base/envs/afl/bin/python /Users/marcuswagner/coding/AFL_dashboard/scrape_wheelo_ratings.py --all
2026-04-26 07:00:06,983 [INFO]   • traits_api: Fetch Traits API data for current-season players [SLOW]
2026-04-26 07:00:06,983 [INFO]   • wheelo_to_raw: Copy Wheelo team stats to raw data folder for ratings pipeline
2026-04-26 07:00:06,983 [INFO]   • build_season: Build season data files (squads, stats, traits CSVs)
2026-04-26 07:00:06,983 [INFO]   • wheelo_player_to_raw: Merge Wheelo player season data (matches, ratings) into raw player CSVs
2026-04-26 07:00:06,983 [INFO]   • regenerate_ratings: Regenerate computed team summaries and ladders
2026-04-26 07:00:06,983 [INFO]   • refresh_master_ladders: Update master workbook Team_Ladders_All with freshly-scraped ladder data
2026-04-26 07:00:06,983 [INFO]   • update_photos: Download photos for any new/missing players [SLOW]
2026-04-26 07:00:06,983 [INFO]   • validate_freshness: Validate pipeline output files are present and fresh
2026-04-26 07:00:06,983 [INFO]   • validate_schemas: Validate CSV output schemas (columns, row counts, data quality)
2026-04-26 07:00:06,983 [INFO]   • data_diff_check: Compare pipeline outputs against backups and alert on anomalies
2026-04-26 07:00:06,983 [INFO]   • team_selections: Scrape team selections & fixture from FootyWire + Squiggle API
2026-04-26 07:00:06,983 [INFO]   • validate_selections: Validate announced squads against actual match-day players
2026-04-26 07:00:06,983 [INFO] 
2026-04-26 07:00:06,983 [INFO] START [footywire_squads] Scrape player squads from Footywire
2026-04-26 07:00:06,983 [INFO]   Running: /opt/homebrew/Caskroom/miniconda/base/envs/afl/bin/python /Users/marcuswagner/coding/AFL_dashboard/scrape_footywire.py 
2026-04-26 07:00:40,013 [INFO]   DONE [footywire_squads] in 33.0s
2026-04-26 07:00:40,014 [INFO]     | DefenderMidfieldForward      1
2026-04-26 07:00:40,014 [INFO]     | Name: count, dtype: int64
2026-04-26 07:00:40,014 [INFO]     | 
2026-04-26 07:00:40,014 [INFO]     | 
2026-04-26 07:00:40,014 [INFO]     | Updated DOB cache: 0 new entries
2026-04-26 07:00:40,014 [INFO] START [footywire_extended] Scrape contracts & draft history from Footywire
2026-04-26 07:00:40,014 [INFO]   Running: /opt/homebrew/Caskroom/miniconda/base/envs/afl/bin/python /Users/marcuswagner/coding/AFL_dashboard/scrape_footywire_extended.py --current-only
2026-04-26 07:00:56,909 [INFO]   DONE [wheelo_ratings] in 49.9s
2026-04-26 07:00:56,910 [INFO]     | 📊 Team Stats downloaded: 3 files
2026-04-26 07:00:56,910 [INFO]     | 📊 Player Stats downloaded: 3 files
2026-04-26 07:00:56,910 [INFO]     | 📊 Squad Lists downloaded: 1 file
2026-04-26 07:00:56,910 [INFO]     | 
2026-04-26 07:00:56,910 [INFO]     | 📁 CSV files saved in: /Users/marcuswagner/coding/AFL_dashboard/wheelo_downloads
2026-04-26 07:00:56,910 [INFO] START [wheelo_match_stats] Scrape Wheelo match-by-match player ratings + Brownlow predictions (Selenium)
2026-04-26 07:00:56,910 [INFO]   Running: /opt/homebrew/Caskroom/miniconda/base/envs/afl/bin/python /Users/marcuswagner/coding/AFL_dashboard/scrape_wheelo_match_stats.py --brownlow
2026-04-26 07:02:11,077 [INFO]   DONE [wheelo_match_stats] in 74.2s
2026-04-26 07:02:11,077 [INFO]     | ============================================================
2026-04-26 07:02:11,077 [INFO]     | 🔧 Chrome driver attempt 1/3…
2026-04-26 07:02:11,077 [INFO]     | ✅ Chrome driver ready
2026-04-26 07:02:11,077 [INFO]     | 
2026-04-26 07:02:11,077 [INFO]     | 💾 Saved 2484 rows → /Users/marcuswagner/coding/AFL_dashboard/data/raw/player/brownlow_predictions_2026.csv
2026-04-26 07:02:11,077 [INFO] 
2026-04-26 07:02:11,077 [INFO] ============================================================
2026-04-26 07:02:11,077 [INFO] UPDATE SUMMARY
2026-04-26 07:02:11,077 [INFO] ============================================================
2026-04-26 07:02:11,078 [INFO]   ✓ wheelo_ratings: OK
2026-04-26 07:02:11,078 [INFO]   ✓ wheelo_match_stats: OK
2026-04-26 07:02:11,078 [INFO] 
2026-04-26 07:02:11,078 [INFO] Results: 2 passed, 0 failed, 0 skipped
2026-04-26 07:02:11,078 [INFO] Total time: 124s (2.1 min)
2026-04-26 07:02:11,078 [INFO] Log: /Users/marcuswagner/coding/AFL_dashboard/logs/scheduled_update_2026-04-26_0700.log
2026-04-26 07:02:11,080 [INFO] Log rotation: removed 1 old log file(s)
2026-04-26 07:02:11,095 [INFO] Stopped Streamlit (PIDs: 88665)
2026-04-26 07:02:13,220 [INFO] Restarted Streamlit app.
2026-04-26 07:02:13,220 [INFO] 
✅ All steps completed successfully!
2026-04-26 07:02:19,077 [INFO] Email sent to marcus.wagner@futureedgesport.com.au
2026-04-26 07:08:59,301 [INFO]   DONE [footywire_extended] in 499.3s
2026-04-26 07:08:59,302 [INFO]     | 5  Adelaide    Brayden Cook           2026.0           Non-Free Agent      2020.0    National          1.0        25.0
2026-04-26 07:08:59,302 [INFO]     | 6  Adelaide     Indy Cotton           2027.0                  Unknown         NaN        None          NaN         NaN
2026-04-26 07:08:59,302 [INFO]     | 7  Adelaide   Isaac Cumming           2030.0           Non-Free Agent      2016.0    National          1.0        20.0
2026-04-26 07:08:59,302 [INFO]     | 8  Adelaide   Daniel Curtin           2029.0           Non-Free Agent      2023.0    National          1.0         8.0
2026-04-26 07:08:59,302 [INFO]     | 9  Adelaide   Jordan Dawson           2029.0    Restricted Free Agent      2015.0    National          4.0        56.0
2026-04-26 07:08:59,302 [INFO] START [afl_ladders] Scrape AFL ladder standings from Footywire (current season)
2026-04-26 07:08:59,302 [INFO]   Running: /opt/homebrew/Caskroom/miniconda/base/envs/afl/bin/python /Users/marcuswagner/coding/AFL_dashboard/scrape_afl_ladders.py --current-only
2026-04-26 07:09:01,306 [INFO]   DONE [afl_ladders] in 2.0s
2026-04-26 07:09:01,306 [INFO]     |   2026: 18 teams
2026-04-26 07:09:01,307 [INFO]     | 
2026-04-26 07:09:01,307 [INFO]     | ============================================================
2026-04-26 07:09:01,307 [INFO]     | Completed: 2026-04-26 07:09:01
2026-04-26 07:09:01,307 [INFO]     | ============================================================
2026-04-26 07:09:01,307 [INFO] START [wheelo_ratings] Scrape Wheelo team & player ratings (Selenium)
2026-04-26 07:09:01,307 [INFO]   Running: /opt/homebrew/Caskroom/miniconda/base/envs/afl/bin/python /Users/marcuswagner/coding/AFL_dashboard/scrape_wheelo_ratings.py --all
2026-04-26 07:09:49,870 [INFO]   DONE [wheelo_ratings] in 48.6s
2026-04-26 07:09:49,870 [INFO]     | 📊 Team Stats downloaded: 3 files
2026-04-26 07:09:49,870 [INFO]     | 📊 Player Stats downloaded: 3 files
2026-04-26 07:09:49,870 [INFO]     | 📊 Squad Lists downloaded: 1 file
2026-04-26 07:09:49,870 [INFO]     | 
2026-04-26 07:09:49,870 [INFO]     | 📁 CSV files saved in: /Users/marcuswagner/coding/AFL_dashboard/wheelo_downloads
2026-04-26 07:09:49,870 [INFO] START [wheelo_match_stats] Scrape Wheelo match-by-match player ratings + Brownlow predictions (Selenium)
2026-04-26 07:09:49,870 [INFO]   Running: /opt/homebrew/Caskroom/miniconda/base/envs/afl/bin/python /Users/marcuswagner/coding/AFL_dashboard/scrape_wheelo_match_stats.py --brownlow
2026-04-26 07:11:04,289 [INFO]   DONE [wheelo_match_stats] in 74.4s
2026-04-26 07:11:04,289 [INFO]     | ============================================================
2026-04-26 07:11:04,289 [INFO]     | 🔧 Chrome driver attempt 1/3…
2026-04-26 07:11:04,289 [INFO]     | ✅ Chrome driver ready
2026-04-26 07:11:04,289 [INFO]     | 
2026-04-26 07:11:04,289 [INFO]     | 💾 Saved 2484 rows → /Users/marcuswagner/coding/AFL_dashboard/data/raw/player/brownlow_predictions_2026.csv
2026-04-26 07:11:04,289 [INFO] START [traits_api] Fetch Traits API data for current-season players
2026-04-26 07:11:04,289 [INFO]   Running: /opt/homebrew/Caskroom/miniconda/base/envs/afl/bin/python /Users/marcuswagner/coding/AFL_dashboard/run_traits_api.py 
2026-04-26 07:23:59,422 [INFO]   DONE [traits_api] in 775.1s
2026-04-26 07:23:59,423 [INFO]     |      Mason Cox  Fremantle            3.55                3.89             2.9
2026-04-26 07:23:59,423 [INFO]     |    Flynn Young    Carlton            3.45                3.57            3.66
2026-04-26 07:23:59,423 [INFO]     |  Brodie Grundy     Sydney            3.37                3.41            3.49
2026-04-26 07:23:59,423 [INFO]     | 
2026-04-26 07:23:59,423 [INFO]     | Snapshot: R7 already finalised — updated with latest values
2026-04-26 07:23:59,423 [INFO] START [wheelo_to_raw] Copy Wheelo team stats to raw data folder for ratings pipeline
2026-04-26 07:23:59,760 [INFO]   Backed up team_stats_2026.csv → backups/team_stats_2026_20260426_072359.csv
2026-04-26 07:23:59,762 [INFO]   Copied Wheelo 2026 Season -> team_stats_2026.csv (18 teams)
2026-04-26 07:23:59,778 [INFO]   Backed up team_stats_2026_L10.csv → backups/team_stats_2026_L10_20260426_072359.csv
2026-04-26 07:23:59,780 [INFO]   Copied Wheelo 2026 L10 -> team_stats_2026_L10.csv (18 teams)
2026-04-26 07:23:59,801 [INFO]   Backed up team_stats_2026_L5.csv → backups/team_stats_2026_L5_20260426_072359.csv
2026-04-26 07:23:59,803 [INFO]   Copied Wheelo 2026 L5 -> team_stats_2026_L5.csv (18 teams)
2026-04-26 07:23:59,803 [INFO]   DONE [wheelo_to_raw] in 0.4s
2026-04-26 07:23:59,803 [INFO] START [build_season] Build season data files (squads, stats, traits CSVs)
2026-04-26 07:23:59,803 [INFO]   Running: /opt/homebrew/Caskroom/miniconda/base/envs/afl/bin/python /Users/marcuswagner/coding/AFL_dashboard/build_season_data.py 
2026-04-26 07:24:00,077 [INFO]   DONE [build_season] in 0.3s
2026-04-26 07:24:00,077 [INFO]     |   Western Bulldogs      43 players  Avg Age: 24.5  Avg Games: 75
2026-04-26 07:24:00,077 [INFO]     | 
2026-04-26 07:24:00,077 [INFO]     | ============================================================
2026-04-26 07:24:00,077 [INFO]     | ✅ 2026 DATA BUILD COMPLETE
2026-04-26 07:24:00,077 [INFO]     | ============================================================
2026-04-26 07:24:00,077 [INFO] START [wheelo_player_to_raw] Merge Wheelo player season data (matches, ratings) into raw player CSVs
2026-04-26 07:24:00,229 [INFO]   Wheelo Wheelo 2026 Season: 547 players, 18 teams
2026-04-26 07:24:00,246 [INFO]   Name mappings (41): {'Josh Weddle': 'Joshua Weddle', 'Zac Williams': 'Zachary Williams', 'Christopher Scerri': 'Chris Scerri', 'Leonardo Lombard': 'Leo Lombard', 'Jack Macrae': 'Jackson Macrae', 'Lachie Schultz': 'Lachlan Schultz', 'Joe Fonti': 'Joseph Fonti', 'Lachie Weller': 'Lachlan Weller', 'Archer May': 'Archie May', 'Lachie Jones': 'Lachlan Jones', 'Tom Stewart': 'Thomas Stewart', 'Matthew Johnson': 'Matt Johnson', 'Connor Macdonald': 'Connor MacDonald', 'William Edwards': 'Will Edwards', 'Sam Collins': 'Samuel Collins', 'Tim English': 'Timothy English', 'Jacob van Rooyen': 'Jacob Van Rooyen', 'Oliver Dempsey': 'Ollie Dempsey', 'Ollie Wines': 'Oliver Wines', 'Thomas Edwards': 'Tom Edwards', 'Matt Roberts': 'Matthew Roberts', 'Matthew Owies': 'Matt Owies', 'Cam Rayner': 'Cameron Rayner', 'Lachie Ash': 'Lachlan Ash', 'Sam Grlj': 'Samuel Grlj', 'William Hayes': 'Will Hayes', 'Dan Butler': 'Daniel Butler', 'Tom Burton': 'Thomas Burton', 'Tom Liberatore': 'Thomas Liberatore', 'Zach Merrett': 'Zachary Merrett', 'Matt Flynn': 'Matthew Flynn', 'Brad Close': 'Bradley Close', 'Nicholas Madden': 'Nick Madden', 'Harry Himmelberg': 'Harrison Himmelberg', 'Mitch Owens': 'Mitchito Owens', 'Matthew Carroll': 'Matt Carroll', 'Mitch Lewis': 'Mitchell Lewis', 'Mitch Knevitt': 'Mitchell Knevitt', 'Lachie Fogarty': 'Lachlan Fogarty', 'Cam Mackenzie': 'Cameron Mackenzie', 'Lachlan Sullivan': 'Lachie Sullivan'}
2026-04-26 07:24:00,255 [INFO]   Backed up player_stats_2026.csv → backups/player_stats_2026_20260426_072400.csv
2026-04-26 07:24:00,257 [INFO]   Updated player_stats_2026.csv: 547 players with matches from Wheelo
2026-04-26 07:24:00,275 [INFO]   Backed up squads_2026.csv → backups/squads_2026_20260426_072400.csv
2026-04-26 07:24:00,277 [INFO]   Updated squads_2026.csv: 547 players matched from Wheelo
2026-04-26 07:24:00,277 [INFO]   DONE [wheelo_player_to_raw] in 0.2s
2026-04-26 07:24:00,278 [INFO] START [regenerate_ratings] Regenerate computed team summaries and ladders
2026-04-26 07:24:00,278 [INFO]   Running: /opt/homebrew/Caskroom/miniconda/base/envs/afl/bin/python /Users/marcuswagner/coding/AFL_dashboard/regenerate_ratings.py 
2026-04-26 07:24:00,549 [INFO]   DONE [regenerate_ratings] in 0.3s
2026-04-26 07:24:00,550 [INFO]     | Skipping 2025 Last 5 - no raw data
2026-04-26 07:24:00,550 [INFO]     | 
2026-04-26 07:24:00,550 [INFO]     | ============================================================
2026-04-26 07:24:00,550 [INFO]     | DONE!
2026-04-26 07:24:00,550 [INFO]     | ============================================================
2026-04-26 07:24:00,550 [INFO] START [refresh_master_ladders] Update master workbook Team_Ladders_All with freshly-scraped ladder data
2026-04-26 07:24:15,674 [INFO]   Refreshed Team_Ladders_All: 287 rows
2026-04-26 07:24:15,678 [INFO]   DONE [refresh_master_ladders] in 15.1s
2026-04-26 07:24:15,678 [INFO] START [update_photos] Download photos for any new/missing players
2026-04-26 07:24:15,678 [INFO]   Running: /opt/homebrew/Caskroom/miniconda/base/envs/afl/bin/python /Users/marcuswagner/coding/AFL_dashboard/auto_update_photos.py 
2026-04-26 07:27:07,049 [INFO]   DONE [update_photos] in 171.4s
2026-04-26 07:27:07,050 [INFO]     | 
2026-04-26 07:27:07,050 [INFO] START [validate_freshness] Validate pipeline output files are present and fresh
2026-04-26 07:27:07,050 [INFO]   Running: /opt/homebrew/Caskroom/miniconda/base/envs/afl/bin/python /Users/marcuswagner/coding/AFL_dashboard/validate_pipeline_freshness.py 
2026-04-26 07:27:07,085 [INFO]   DONE [validate_freshness] in 0.0s
2026-04-26 07:27:07,085 [INFO]     |   ✓ FRESH    footywire_drafts_history.csv  (07:08)
2026-04-26 07:27:07,085 [INFO]     |   ✓ FRESH    footywire_2026_with_traits.csv  (07:23)
2026-04-26 07:27:07,085 [INFO]     |   ✓ FRESH    traits_2026.csv  (07:24)
2026-04-26 07:27:07,085 [INFO]     | 
2026-04-26 07:27:07,085 [INFO]     | ✅ All required files are present and fresh.
2026-04-26 07:27:07,085 [INFO] START [validate_schemas] Validate CSV output schemas (columns, row counts, data quality)
2026-04-26 07:27:07,098 [INFO]   DONE [validate_schemas] 0 warning(s) in 0.0s
2026-04-26 07:27:07,098 [INFO] START [data_diff_check] Compare pipeline outputs against backups and alert on anomalies
2026-04-26 07:27:07,109 [INFO]   DONE [data_diff_check] no anomalies in 0.0s
2026-04-26 07:27:07,109 [INFO]   SKIP [team_selections] – Skipped: only runs on Wed, Thu, Fri
2026-04-26 07:27:07,109 [INFO]   SKIP [validate_selections] – Skipped: only runs on Mon, Tue
2026-04-26 07:27:07,109 [INFO] 
2026-04-26 07:27:07,109 [INFO] ============================================================
2026-04-26 07:27:07,109 [INFO] UPDATE SUMMARY
2026-04-26 07:27:07,109 [INFO] ============================================================
2026-04-26 07:27:07,109 [INFO]   ✓ footywire_squads: OK
2026-04-26 07:27:07,109 [INFO]   ✓ footywire_extended: OK
2026-04-26 07:27:07,109 [INFO]   ✓ afl_ladders: OK
2026-04-26 07:27:07,109 [INFO]   ✓ wheelo_ratings: OK
2026-04-26 07:27:07,109 [INFO]   ✓ wheelo_match_stats: OK
2026-04-26 07:27:07,109 [INFO]   ✓ traits_api: OK
2026-04-26 07:27:07,109 [INFO]   ✓ wheelo_to_raw: OK
2026-04-26 07:27:07,109 [INFO]   ✓ build_season: OK
2026-04-26 07:27:07,110 [INFO]   ✓ wheelo_player_to_raw: OK
2026-04-26 07:27:07,110 [INFO]   ✓ regenerate_ratings: OK
2026-04-26 07:27:07,110 [INFO]   ✓ refresh_master_ladders: OK
2026-04-26 07:27:07,110 [INFO]   ✓ update_photos: OK
2026-04-26 07:27:07,110 [INFO]   ✓ validate_freshness: OK
2026-04-26 07:27:07,110 [INFO]   ✓ validate_schemas: OK
2026-04-26 07:27:07,110 [INFO]   ✓ data_diff_check: OK
2026-04-26 07:27:07,110 [INFO]   ⊘ team_selections: SKIPPED: Skipped: only runs on Wed, Thu, Fri
2026-04-26 07:27:07,110 [INFO]   ⊘ validate_selections: SKIPPED: Skipped: only runs on Mon, Tue
2026-04-26 07:27:07,110 [INFO] 
2026-04-26 07:27:07,110 [INFO] Results: 17 passed, 0 failed, 2 skipped
2026-04-26 07:27:07,110 [INFO] Total time: 1620s (27.0 min)
2026-04-26 07:27:07,110 [INFO] Log: /Users/marcuswagner/coding/AFL_dashboard/logs/scheduled_update_2026-04-26_0700.log
2026-04-26 07:27:07,124 [INFO] Stopped Streamlit (PIDs: 90740)
2026-04-26 07:27:09,229 [INFO] Restarted Streamlit app.
2026-04-26 07:27:09,230 [WARNING] 
⚠️  Completed with 2 skipped step(s).
2026-04-26 07:27:14,534 [INFO] Email sent to marcus.wagner@futureedgesport.com.au
==========================================
==========================================
AFL Dashboard – Scheduled Update
AFL Dashboard – Scheduled Update
Mon Apr 27 07:00:01 AEST 2026
==========================================
Mon Apr 27 07:00:01 AEST 2026
==========================================
Using conda env: afl
Using conda env: afl
2026-04-27 07:00:02,607 [INFO] Log file: /Users/marcuswagner/coding/AFL_dashboard/logs/scheduled_update_2026-04-27_0700.log
2026-04-27 07:00:02,607 [INFO] ============================================================
2026-04-27 07:00:02,607 [INFO] AFL Dashboard – Scheduled Data Update
2026-04-27 07:00:02,607 [INFO] Date: Monday 27 April 2026 07:00
2026-04-27 07:00:02,607 [INFO] Mode: FULL
2026-04-27 07:00:02,607 [INFO] ============================================================
2026-04-27 07:00:02,607 [INFO] Python: /opt/homebrew/Caskroom/miniconda/base/envs/afl/bin/python
2026-04-27 07:00:02,607 [INFO] 
Steps to run (17):
2026-04-27 07:00:02,607 [INFO]   • footywire_squads: Scrape player squads from Footywire
2026-04-27 07:00:02,607 [INFO]   • footywire_extended: Scrape contracts & draft history from Footywire
2026-04-27 07:00:02,607 [INFO]   • afl_ladders: Scrape AFL ladder standings from Footywire (current season)
2026-04-27 07:00:02,607 [INFO]   • wheelo_ratings: Scrape Wheelo team & player ratings (Selenium) [SLOW]
2026-04-27 07:00:02,607 [INFO]   • wheelo_match_stats: Scrape Wheelo match-by-match player ratings + Brownlow predictions (Selenium) [SLOW]
2026-04-27 07:00:02,607 [INFO]   • traits_api: Fetch Traits API data for current-season players [SLOW]
2026-04-27 07:00:02,607 [INFO]   • wheelo_to_raw: Copy Wheelo team stats to raw data folder for ratings pipeline
2026-04-27 07:00:02,607 [INFO]   • build_season: Build season data files (squads, stats, traits CSVs)
2026-04-27 07:00:02,607 [INFO]   • wheelo_player_to_raw: Merge Wheelo player season data (matches, ratings) into raw player CSVs
2026-04-27 07:00:02,607 [INFO]   • regenerate_ratings: Regenerate computed team summaries and ladders
2026-04-27 07:00:02,607 [INFO]   • refresh_master_ladders: Update master workbook Team_Ladders_All with freshly-scraped ladder data
2026-04-27 07:00:02,607 [INFO]   • update_photos: Download photos for any new/missing players [SLOW]
2026-04-27 07:00:02,607 [INFO]   • validate_freshness: Validate pipeline output files are present and fresh
2026-04-27 07:00:02,607 [INFO]   • validate_schemas: Validate CSV output schemas (columns, row counts, data quality)
2026-04-27 07:00:02,607 [INFO]   • data_diff_check: Compare pipeline outputs against backups and alert on anomalies
2026-04-27 07:00:02,607 [INFO]   • team_selections: Scrape team selections & fixture from FootyWire + Squiggle API
2026-04-27 07:00:02,607 [INFO]   • validate_selections: Validate announced squads against actual match-day players
2026-04-27 07:00:02,607 [INFO] 
2026-04-27 07:00:02,607 [INFO] START [footywire_squads] Scrape player squads from Footywire
2026-04-27 07:00:02,607 [INFO]   Running: /opt/homebrew/Caskroom/miniconda/base/envs/afl/bin/python /Users/marcuswagner/coding/AFL_dashboard/scrape_footywire.py 
2026-04-27 07:00:02,607 [INFO] Log file: /Users/marcuswagner/coding/AFL_dashboard/logs/scheduled_update_2026-04-27_0700.log
2026-04-27 07:00:02,607 [INFO] ============================================================
2026-04-27 07:00:02,607 [INFO] AFL Dashboard – Scheduled Data Update
2026-04-27 07:00:02,607 [INFO] Date: Monday 27 April 2026 07:00
2026-04-27 07:00:02,607 [INFO] Mode: FULL
2026-04-27 07:00:02,608 [INFO] ============================================================
2026-04-27 07:00:02,608 [INFO] Python: /opt/homebrew/Caskroom/miniconda/base/envs/afl/bin/python
2026-04-27 07:00:02,608 [INFO] 
Steps to run (2):
2026-04-27 07:00:02,608 [INFO]   • wheelo_ratings: Scrape Wheelo team & player ratings (Selenium) [SLOW]
2026-04-27 07:00:02,608 [INFO]   • wheelo_match_stats: Scrape Wheelo match-by-match player ratings + Brownlow predictions (Selenium) [SLOW]
2026-04-27 07:00:02,608 [INFO] 
2026-04-27 07:00:02,608 [INFO] START [wheelo_ratings] Scrape Wheelo team & player ratings (Selenium)
2026-04-27 07:00:02,608 [INFO]   Running: /opt/homebrew/Caskroom/miniconda/base/envs/afl/bin/python /Users/marcuswagner/coding/AFL_dashboard/scrape_wheelo_ratings.py --all
2026-04-27 07:00:34,262 [INFO]   DONE [footywire_squads] in 31.7s
2026-04-27 07:00:34,263 [INFO]     | DefenderMidfieldForward      1
2026-04-27 07:00:34,263 [INFO]     | Name: count, dtype: int64
2026-04-27 07:00:34,263 [INFO]     | 
2026-04-27 07:00:34,263 [INFO]     | 
2026-04-27 07:00:34,263 [INFO]     | Updated DOB cache: 0 new entries
2026-04-27 07:00:34,263 [INFO] START [footywire_extended] Scrape contracts & draft history from Footywire
2026-04-27 07:00:34,263 [INFO]   Running: /opt/homebrew/Caskroom/miniconda/base/envs/afl/bin/python /Users/marcuswagner/coding/AFL_dashboard/scrape_footywire_extended.py --current-only
2026-04-27 07:00:51,119 [INFO]   DONE [wheelo_ratings] in 48.5s
2026-04-27 07:00:51,120 [INFO]     | 📊 Team Stats downloaded: 3 files
2026-04-27 07:00:51,120 [INFO]     | 📊 Player Stats downloaded: 3 files
2026-04-27 07:00:51,120 [INFO]     | 📊 Squad Lists downloaded: 1 file
2026-04-27 07:00:51,120 [INFO]     | 
2026-04-27 07:00:51,120 [INFO]     | 📁 CSV files saved in: /Users/marcuswagner/coding/AFL_dashboard/wheelo_downloads
2026-04-27 07:00:51,120 [INFO] START [wheelo_match_stats] Scrape Wheelo match-by-match player ratings + Brownlow predictions (Selenium)
2026-04-27 07:00:51,120 [INFO]   Running: /opt/homebrew/Caskroom/miniconda/base/envs/afl/bin/python /Users/marcuswagner/coding/AFL_dashboard/scrape_wheelo_match_stats.py --brownlow
2026-04-27 07:02:06,180 [INFO]   DONE [wheelo_match_stats] in 75.1s
2026-04-27 07:02:06,180 [INFO]     | ============================================================
2026-04-27 07:02:06,180 [INFO]     | 🔧 Chrome driver attempt 1/3…
2026-04-27 07:02:06,180 [INFO]     | ✅ Chrome driver ready
2026-04-27 07:02:06,180 [INFO]     | 
2026-04-27 07:02:06,180 [INFO]     | 💾 Saved 2484 rows → /Users/marcuswagner/coding/AFL_dashboard/data/raw/player/brownlow_predictions_2026.csv
2026-04-27 07:02:06,180 [INFO] 
2026-04-27 07:02:06,180 [INFO] ============================================================
2026-04-27 07:02:06,180 [INFO] UPDATE SUMMARY
2026-04-27 07:02:06,180 [INFO] ============================================================
2026-04-27 07:02:06,180 [INFO]   ✓ wheelo_ratings: OK
2026-04-27 07:02:06,180 [INFO]   ✓ wheelo_match_stats: OK
2026-04-27 07:02:06,180 [INFO] 
2026-04-27 07:02:06,180 [INFO] Results: 2 passed, 0 failed, 0 skipped
2026-04-27 07:02:06,180 [INFO] Total time: 124s (2.1 min)
2026-04-27 07:02:06,180 [INFO] Log: /Users/marcuswagner/coding/AFL_dashboard/logs/scheduled_update_2026-04-27_0700.log
2026-04-27 07:02:06,189 [INFO] Log rotation: removed 1 old log file(s)
2026-04-27 07:02:06,203 [INFO] No running Streamlit process found – skip restart.
2026-04-27 07:02:06,203 [INFO] 
✅ All steps completed successfully!
2026-04-27 07:02:11,502 [INFO] Email sent to marcus.wagner@futureedgesport.com.au
2026-04-27 07:08:58,109 [INFO]   DONE [footywire_extended] in 503.8s
2026-04-27 07:08:58,109 [INFO]     | 5  Adelaide    Brayden Cook           2026.0           Non-Free Agent      2020.0    National          1.0        25.0
2026-04-27 07:08:58,109 [INFO]     | 6  Adelaide     Indy Cotton           2027.0                  Unknown         NaN        None          NaN         NaN
2026-04-27 07:08:58,109 [INFO]     | 7  Adelaide   Isaac Cumming           2030.0           Non-Free Agent      2016.0    National          1.0        20.0
2026-04-27 07:08:58,109 [INFO]     | 8  Adelaide   Daniel Curtin           2029.0           Non-Free Agent      2023.0    National          1.0         8.0
2026-04-27 07:08:58,109 [INFO]     | 9  Adelaide   Jordan Dawson           2029.0    Restricted Free Agent      2015.0    National          4.0        56.0
2026-04-27 07:08:58,110 [INFO] START [afl_ladders] Scrape AFL ladder standings from Footywire (current season)
2026-04-27 07:08:58,110 [INFO]   Running: /opt/homebrew/Caskroom/miniconda/base/envs/afl/bin/python /Users/marcuswagner/coding/AFL_dashboard/scrape_afl_ladders.py --current-only
2026-04-27 07:09:00,082 [INFO]   DONE [afl_ladders] in 2.0s
2026-04-27 07:09:00,082 [INFO]     |   2026: 18 teams
2026-04-27 07:09:00,082 [INFO]     | 
2026-04-27 07:09:00,082 [INFO]     | ============================================================
2026-04-27 07:09:00,082 [INFO]     | Completed: 2026-04-27 07:09:00
2026-04-27 07:09:00,082 [INFO]     | ============================================================
2026-04-27 07:09:00,082 [INFO] START [wheelo_ratings] Scrape Wheelo team & player ratings (Selenium)
2026-04-27 07:09:00,082 [INFO]   Running: /opt/homebrew/Caskroom/miniconda/base/envs/afl/bin/python /Users/marcuswagner/coding/AFL_dashboard/scrape_wheelo_ratings.py --all
2026-04-27 07:09:47,422 [INFO]   DONE [wheelo_ratings] in 47.3s
2026-04-27 07:09:47,422 [INFO]     | 📊 Team Stats downloaded: 3 files
2026-04-27 07:09:47,422 [INFO]     | 📊 Player Stats downloaded: 3 files
2026-04-27 07:09:47,422 [INFO]     | 📊 Squad Lists downloaded: 1 file
2026-04-27 07:09:47,422 [INFO]     | 
2026-04-27 07:09:47,422 [INFO]     | 📁 CSV files saved in: /Users/marcuswagner/coding/AFL_dashboard/wheelo_downloads
2026-04-27 07:09:47,422 [INFO] START [wheelo_match_stats] Scrape Wheelo match-by-match player ratings + Brownlow predictions (Selenium)
2026-04-27 07:09:47,422 [INFO]   Running: /opt/homebrew/Caskroom/miniconda/base/envs/afl/bin/python /Users/marcuswagner/coding/AFL_dashboard/scrape_wheelo_match_stats.py --brownlow
2026-04-27 07:11:00,804 [INFO]   DONE [wheelo_match_stats] in 73.4s
2026-04-27 07:11:00,805 [INFO]     | ============================================================
2026-04-27 07:11:00,805 [INFO]     | 🔧 Chrome driver attempt 1/3…
2026-04-27 07:11:00,805 [INFO]     | ✅ Chrome driver ready
2026-04-27 07:11:00,805 [INFO]     | 
2026-04-27 07:11:00,805 [INFO]     | 💾 Saved 2484 rows → /Users/marcuswagner/coding/AFL_dashboard/data/raw/player/brownlow_predictions_2026.csv
2026-04-27 07:11:00,805 [INFO] START [traits_api] Fetch Traits API data for current-season players
2026-04-27 07:11:00,805 [INFO]   Running: /opt/homebrew/Caskroom/miniconda/base/envs/afl/bin/python /Users/marcuswagner/coding/AFL_dashboard/run_traits_api.py 
2026-04-27 07:21:50,666 [INFO]   DONE [traits_api] in 649.9s
2026-04-27 07:21:50,667 [INFO]     |   Harris Andrews        Brisbane            3.33                3.18            3.12
2026-04-27 07:21:50,667 [INFO]     |    Brent Daniels      GWS Giants            3.32                 3.9            3.95
2026-04-27 07:21:50,667 [INFO]     | Connor MacDonald        Hawthorn            3.32                3.95            3.02
2026-04-27 07:21:50,667 [INFO]     | 
2026-04-27 07:21:50,667 [INFO]     | Snapshot: R7 already finalised — updated with latest values
2026-04-27 07:21:50,667 [INFO] START [wheelo_to_raw] Copy Wheelo team stats to raw data folder for ratings pipeline
2026-04-27 07:21:51,036 [INFO]   Backed up team_stats_2026.csv → backups/team_stats_2026_20260427_072151.csv
2026-04-27 07:21:51,039 [INFO]   Copied Wheelo 2026 Season -> team_stats_2026.csv (18 teams)
2026-04-27 07:21:51,055 [INFO]   Backed up team_stats_2026_L10.csv → backups/team_stats_2026_L10_20260427_072151.csv
2026-04-27 07:21:51,056 [INFO]   Copied Wheelo 2026 L10 -> team_stats_2026_L10.csv (18 teams)
2026-04-27 07:21:51,077 [INFO]   Backed up team_stats_2026_L5.csv → backups/team_stats_2026_L5_20260427_072151.csv
2026-04-27 07:21:51,079 [INFO]   Copied Wheelo 2026 L5 -> team_stats_2026_L5.csv (18 teams)
2026-04-27 07:21:51,079 [INFO]   DONE [wheelo_to_raw] in 0.4s
2026-04-27 07:21:51,079 [INFO] START [build_season] Build season data files (squads, stats, traits CSVs)
2026-04-27 07:21:51,079 [INFO]   Running: /opt/homebrew/Caskroom/miniconda/base/envs/afl/bin/python /Users/marcuswagner/coding/AFL_dashboard/build_season_data.py 
2026-04-27 07:21:51,350 [INFO]   DONE [build_season] in 0.3s
2026-04-27 07:21:51,350 [INFO]     |   Western Bulldogs      43 players  Avg Age: 24.5  Avg Games: 75
2026-04-27 07:21:51,350 [INFO]     | 
2026-04-27 07:21:51,350 [INFO]     | ============================================================
2026-04-27 07:21:51,350 [INFO]     | ✅ 2026 DATA BUILD COMPLETE
2026-04-27 07:21:51,350 [INFO]     | ============================================================
2026-04-27 07:21:51,350 [INFO] START [wheelo_player_to_raw] Merge Wheelo player season data (matches, ratings) into raw player CSVs
2026-04-27 07:21:51,502 [INFO]   Wheelo Wheelo 2026 Season: 551 players, 18 teams
2026-04-27 07:21:51,522 [INFO]   Name mappings (42): {'Josh Weddle': 'Joshua Weddle', 'Nicholas Madden': 'Nick Madden', 'Mitch Owens': 'Mitchito Owens', 'Brad Close': 'Bradley Close', 'Thomas Edwards': 'Tom Edwards', 'Tom Liberatore': 'Thomas Liberatore', 'Zac Williams': 'Zachary Williams', 'William Edwards': 'Will Edwards', 'Lachie Jones': 'Lachlan Jones', 'Sam Collins': 'Samuel Collins', 'Archer May': 'Archie May', 'William Hayes': 'Will Hayes', 'Tom Stewart': 'Thomas Stewart', 'Lachie Fogarty': 'Lachlan Fogarty', 'Matt Roberts': 'Matthew Roberts', 'Jacob van Rooyen': 'Jacob Van Rooyen', 'Christopher Scerri': 'Chris Scerri', 'Tim English': 'Timothy English', 'Connor Macdonald': 'Connor MacDonald', 'Tom Burton': 'Thomas Burton', 'Lachie Schultz': 'Lachlan Schultz', 'Matthew Johnson': 'Matt Johnson', 'Dan Butler': 'Daniel Butler', 'Lachie Ash': 'Lachlan Ash', 'Cam Rayner': 'Cameron Rayner', 'Matthew Carroll': 'Matt Carroll', 'Joe Fonti': 'Joseph Fonti', 'Oliver Dempsey': 'Ollie Dempsey', 'Matthew Cottrell': 'Matt Cottrell', 'Matthew Owies': 'Matt Owies', 'Harry Himmelberg': 'Harrison Himmelberg', 'Sam Grlj': 'Samuel Grlj', 'Jack Macrae': 'Jackson Macrae', 'Leonardo Lombard': 'Leo Lombard', 'Lachie Weller': 'Lachlan Weller', 'Cam Mackenzie': 'Cameron Mackenzie', 'Lachlan Sullivan': 'Lachie Sullivan', 'Matt Flynn': 'Matthew Flynn', 'Ollie Wines': 'Oliver Wines', 'Mitch Knevitt': 'Mitchell Knevitt', 'Mitch Lewis': 'Mitchell Lewis', 'Zach Merrett': 'Zachary Merrett'}
2026-04-27 07:21:51,531 [INFO]   Backed up player_stats_2026.csv → backups/player_stats_2026_20260427_072151.csv
2026-04-27 07:21:51,533 [INFO]   Updated player_stats_2026.csv: 551 players with matches from Wheelo
2026-04-27 07:21:51,550 [INFO]   Backed up squads_2026.csv → backups/squads_2026_20260427_072151.csv
2026-04-27 07:21:51,553 [INFO]   Updated squads_2026.csv: 551 players matched from Wheelo
2026-04-27 07:21:51,553 [INFO]   DONE [wheelo_player_to_raw] in 0.2s
2026-04-27 07:21:51,553 [INFO] START [regenerate_ratings] Regenerate computed team summaries and ladders
2026-04-27 07:21:51,553 [INFO]   Running: /opt/homebrew/Caskroom/miniconda/base/envs/afl/bin/python /Users/marcuswagner/coding/AFL_dashboard/regenerate_ratings.py 
2026-04-27 07:21:51,828 [INFO]   DONE [regenerate_ratings] in 0.3s
2026-04-27 07:21:51,828 [INFO]     | Skipping 2025 Last 5 - no raw data
2026-04-27 07:21:51,828 [INFO]     | 
2026-04-27 07:21:51,828 [INFO]     | ============================================================
2026-04-27 07:21:51,828 [INFO]     | DONE!
2026-04-27 07:21:51,828 [INFO]     | ============================================================
2026-04-27 07:21:51,828 [INFO] START [refresh_master_ladders] Update master workbook Team_Ladders_All with freshly-scraped ladder data
2026-04-27 07:22:07,183 [INFO]   Refreshed Team_Ladders_All: 287 rows
2026-04-27 07:22:07,183 [INFO]   DONE [refresh_master_ladders] in 15.4s
2026-04-27 07:22:07,184 [INFO] START [update_photos] Download photos for any new/missing players
2026-04-27 07:22:07,184 [INFO]   Running: /opt/homebrew/Caskroom/miniconda/base/envs/afl/bin/python /Users/marcuswagner/coding/AFL_dashboard/auto_update_photos.py 
2026-04-27 07:24:59,106 [INFO]   DONE [update_photos] in 171.9s
2026-04-27 07:24:59,106 [INFO]     | 
2026-04-27 07:24:59,107 [INFO] START [validate_freshness] Validate pipeline output files are present and fresh
2026-04-27 07:24:59,107 [INFO]   Running: /opt/homebrew/Caskroom/miniconda/base/envs/afl/bin/python /Users/marcuswagner/coding/AFL_dashboard/validate_pipeline_freshness.py 
2026-04-27 07:24:59,138 [INFO]   DONE [validate_freshness] in 0.0s
2026-04-27 07:24:59,138 [INFO]     |   ✓ FRESH    footywire_drafts_history.csv  (07:08)
2026-04-27 07:24:59,138 [INFO]     |   ✓ FRESH    footywire_2026_with_traits.csv  (07:21)
2026-04-27 07:24:59,138 [INFO]     |   ✓ FRESH    traits_2026.csv  (07:21)
2026-04-27 07:24:59,138 [INFO]     | 
2026-04-27 07:24:59,138 [INFO]     | ✅ All required files are present and fresh.
2026-04-27 07:24:59,138 [INFO] START [validate_schemas] Validate CSV output schemas (columns, row counts, data quality)
2026-04-27 07:24:59,150 [INFO]   DONE [validate_schemas] 0 warning(s) in 0.0s
2026-04-27 07:24:59,150 [INFO] START [data_diff_check] Compare pipeline outputs against backups and alert on anomalies
2026-04-27 07:24:59,160 [INFO]   DONE [data_diff_check] no anomalies in 0.0s
2026-04-27 07:24:59,160 [INFO]   SKIP [team_selections] – Skipped: only runs on Wed, Thu, Fri
2026-04-27 07:24:59,161 [INFO] START [validate_selections] Validate announced squads against actual match-day players
2026-04-27 07:24:59,161 [INFO]   Running: /opt/homebrew/Caskroom/miniconda/base/envs/afl/bin/python /Users/marcuswagner/coding/AFL_dashboard/scrape_team_selections.py --validate
2026-04-27 07:24:59,545 [INFO]   DONE [validate_selections] in 0.4s
2026-04-27 07:24:59,545 [INFO]     | 
2026-04-27 07:24:59,545 [INFO] 
2026-04-27 07:24:59,545 [INFO] ============================================================
2026-04-27 07:24:59,545 [INFO] UPDATE SUMMARY
2026-04-27 07:24:59,545 [INFO] ============================================================
2026-04-27 07:24:59,545 [INFO]   ✓ footywire_squads: OK
2026-04-27 07:24:59,545 [INFO]   ✓ footywire_extended: OK
2026-04-27 07:24:59,545 [INFO]   ✓ afl_ladders: OK
2026-04-27 07:24:59,545 [INFO]   ✓ wheelo_ratings: OK
2026-04-27 07:24:59,545 [INFO]   ✓ wheelo_match_stats: OK
2026-04-27 07:24:59,545 [INFO]   ✓ traits_api: OK
2026-04-27 07:24:59,546 [INFO]   ✓ wheelo_to_raw: OK
2026-04-27 07:24:59,546 [INFO]   ✓ build_season: OK
2026-04-27 07:24:59,546 [INFO]   ✓ wheelo_player_to_raw: OK
2026-04-27 07:24:59,546 [INFO]   ✓ regenerate_ratings: OK
2026-04-27 07:24:59,546 [INFO]   ✓ refresh_master_ladders: OK
2026-04-27 07:24:59,546 [INFO]   ✓ update_photos: OK
2026-04-27 07:24:59,546 [INFO]   ✓ validate_freshness: OK
2026-04-27 07:24:59,546 [INFO]   ✓ validate_schemas: OK
2026-04-27 07:24:59,546 [INFO]   ✓ data_diff_check: OK
2026-04-27 07:24:59,546 [INFO]   ⊘ team_selections: SKIPPED: Skipped: only runs on Wed, Thu, Fri
2026-04-27 07:24:59,546 [INFO]   ✓ validate_selections: OK
2026-04-27 07:24:59,546 [INFO] 
2026-04-27 07:24:59,546 [INFO] Results: 17 passed, 0 failed, 1 skipped
2026-04-27 07:24:59,546 [INFO] Total time: 1497s (24.9 min)
2026-04-27 07:24:59,546 [INFO] Log: /Users/marcuswagner/coding/AFL_dashboard/logs/scheduled_update_2026-04-27_0700.log
2026-04-27 07:24:59,561 [INFO] No running Streamlit process found – skip restart.
2026-04-27 07:24:59,562 [WARNING] 
⚠️  Completed with 1 skipped step(s).
2026-04-27 07:25:06,260 [INFO] Email sent to marcus.wagner@futureedgesport.com.au
==========================================
AFL Dashboard – Scheduled Update
Tue Apr 28 07:00:44 AEST 2026
==========================================
==========================================
AFL Dashboard – Scheduled Update
Tue Apr 28 07:00:44 AEST 2026
==========================================
Using conda env: afl
Using conda env: afl
2026-04-28 07:00:46,465 [INFO] Log file: /Users/marcuswagner/coding/AFL_dashboard/logs/scheduled_update_2026-04-28_0700.log
2026-04-28 07:00:46,466 [INFO] ============================================================
2026-04-28 07:00:46,466 [INFO] AFL Dashboard – Scheduled Data Update
2026-04-28 07:00:46,466 [INFO] Date: Tuesday 28 April 2026 07:00
2026-04-28 07:00:46,466 [INFO] Mode: FULL
2026-04-28 07:00:46,466 [INFO] ============================================================
2026-04-28 07:00:46,466 [INFO] Python: /opt/homebrew/Caskroom/miniconda/base/envs/afl/bin/python
2026-04-28 07:00:46,466 [INFO] 
Steps to run (17):
2026-04-28 07:00:46,466 [INFO]   • footywire_squads: Scrape player squads from Footywire
2026-04-28 07:00:46,466 [INFO]   • footywire_extended: Scrape contracts & draft history from Footywire
2026-04-28 07:00:46,466 [INFO]   • afl_ladders: Scrape AFL ladder standings from Footywire (current season)
2026-04-28 07:00:46,466 [INFO]   • wheelo_ratings: Scrape Wheelo team & player ratings (Selenium) [SLOW]
2026-04-28 07:00:46,466 [INFO]   • wheelo_match_stats: Scrape Wheelo match-by-match player ratings + Brownlow predictions (Selenium) [SLOW]
2026-04-28 07:00:46,466 [INFO]   • traits_api: Fetch Traits API data for current-season players [SLOW]
2026-04-28 07:00:46,466 [INFO]   • wheelo_to_raw: Copy Wheelo team stats to raw data folder for ratings pipeline
2026-04-28 07:00:46,466 [INFO]   • build_season: Build season data files (squads, stats, traits CSVs)
2026-04-28 07:00:46,466 [INFO]   • wheelo_player_to_raw: Merge Wheelo player season data (matches, ratings) into raw player CSVs
2026-04-28 07:00:46,466 [INFO]   • regenerate_ratings: Regenerate computed team summaries and ladders
2026-04-28 07:00:46,466 [INFO]   • refresh_master_ladders: Update master workbook Team_Ladders_All with freshly-scraped ladder data
2026-04-28 07:00:46,466 [INFO]   • update_photos: Download photos for any new/missing players [SLOW]
2026-04-28 07:00:46,466 [INFO]   • validate_freshness: Validate pipeline output files are present and fresh
2026-04-28 07:00:46,466 [INFO]   • validate_schemas: Validate CSV output schemas (columns, row counts, data quality)
2026-04-28 07:00:46,466 [INFO]   • data_diff_check: Compare pipeline outputs against backups and alert on anomalies
2026-04-28 07:00:46,466 [INFO]   • team_selections: Scrape team selections & fixture from FootyWire + Squiggle API
2026-04-28 07:00:46,466 [INFO]   • validate_selections: Validate announced squads against actual match-day players
2026-04-28 07:00:46,466 [INFO] 
2026-04-28 07:00:46,466 [INFO] START [footywire_squads] Scrape player squads from Footywire
2026-04-28 07:00:46,466 [INFO]   Running: /opt/homebrew/Caskroom/miniconda/base/envs/afl/bin/python /Users/marcuswagner/coding/AFL_dashboard/scrape_footywire.py 
2026-04-28 07:00:46,466 [INFO] Log file: /Users/marcuswagner/coding/AFL_dashboard/logs/scheduled_update_2026-04-28_0700.log
2026-04-28 07:00:46,467 [INFO] ============================================================
2026-04-28 07:00:46,467 [INFO] AFL Dashboard – Scheduled Data Update
2026-04-28 07:00:46,467 [INFO] Date: Tuesday 28 April 2026 07:00
2026-04-28 07:00:46,467 [INFO] Mode: FULL
2026-04-28 07:00:46,467 [INFO] ============================================================
2026-04-28 07:00:46,467 [INFO] Python: /opt/homebrew/Caskroom/miniconda/base/envs/afl/bin/python
2026-04-28 07:00:46,467 [INFO] 
Steps to run (2):
2026-04-28 07:00:46,467 [INFO]   • wheelo_ratings: Scrape Wheelo team & player ratings (Selenium) [SLOW]
2026-04-28 07:00:46,467 [INFO]   • wheelo_match_stats: Scrape Wheelo match-by-match player ratings + Brownlow predictions (Selenium) [SLOW]
2026-04-28 07:00:46,467 [INFO] 
2026-04-28 07:00:46,467 [INFO] START [wheelo_ratings] Scrape Wheelo team & player ratings (Selenium)
2026-04-28 07:00:46,467 [INFO]   Running: /opt/homebrew/Caskroom/miniconda/base/envs/afl/bin/python /Users/marcuswagner/coding/AFL_dashboard/scrape_wheelo_ratings.py --all
2026-04-28 07:00:59,332 [ERROR]   FAILED [wheelo_ratings] exit code 1 (12.9s)
2026-04-28 07:00:59,332 [ERROR]     | Traceback (most recent call last):
2026-04-28 07:00:59,332 [ERROR]     |   File "/Users/marcuswagner/coding/AFL_dashboard/scrape_wheelo_ratings.py", line 613, in <module>
2026-04-28 07:00:59,332 [ERROR]     |     main()
2026-04-28 07:00:59,332 [ERROR]     |   File "/Users/marcuswagner/coding/AFL_dashboard/scrape_wheelo_ratings.py", line 577, in main
2026-04-28 07:00:59,332 [ERROR]     |     team_files = scraper.download_team_stats()
2026-04-28 07:00:59,332 [ERROR]     |   File "/Users/marcuswagner/coding/AFL_dashboard/scrape_wheelo_ratings.py", line 310, in download_team_stats
2026-04-28 07:00:59,332 [ERROR]     |     self._setup_driver()
2026-04-28 07:00:59,332 [ERROR]     |   File "/Users/marcuswagner/coding/AFL_dashboard/scrape_wheelo_ratings.py", line 181, in _setup_driver
2026-04-28 07:00:59,332 [ERROR]     |     raise RuntimeError(f"Failed to start Chrome after {max_retries} attempts: {last_error}")
2026-04-28 07:00:59,332 [ERROR]     | RuntimeError: Failed to start Chrome after 3 attempts: Could not reach host. Are you offline?
2026-04-28 07:00:59,332 [ERROR]     |   Retrying in 4s...
2026-04-28 07:00:59,332 [ERROR]     | 🔧 Setting up Chrome driver (attempt 3/3)...
2026-04-28 07:00:59,332 [ERROR]     |   ⚠️  Attempt 3 failed: Could not reach host. Are you offline?
2026-04-28 07:00:59,332 [ERROR]     | 
2026-04-28 07:00:59,332 [ERROR]     | ❌ Error: Failed to start Chrome after 3 attempts: Could not reach host. Are you offline?
2026-04-28 07:00:59,332 [INFO] START [wheelo_match_stats] Scrape Wheelo match-by-match player ratings + Brownlow predictions (Selenium)
2026-04-28 07:00:59,332 [INFO]   Running: /opt/homebrew/Caskroom/miniconda/base/envs/afl/bin/python /Users/marcuswagner/coding/AFL_dashboard/scrape_wheelo_match_stats.py --brownlow
2026-04-28 07:01:06,248 [ERROR]   FAILED [wheelo_match_stats] exit code 1 (6.9s)
2026-04-28 07:01:06,248 [ERROR]     |     main()
2026-04-28 07:01:06,248 [ERROR]     |   File "/Users/marcuswagner/coding/AFL_dashboard/scrape_wheelo_match_stats.py", line 419, in main
2026-04-28 07:01:06,248 [ERROR]     |     scraper.scrape_and_save(args.season, r_start, r_end)
2026-04-28 07:01:06,248 [ERROR]     |   File "/Users/marcuswagner/coding/AFL_dashboard/scrape_wheelo_match_stats.py", line 380, in scrape_and_save
2026-04-28 07:01:06,248 [ERROR]     |     df = self.scrape(season, round_start, round_end)
2026-04-28 07:01:06,249 [ERROR]     |   File "/Users/marcuswagner/coding/AFL_dashboard/scrape_wheelo_match_stats.py", line 259, in scrape
2026-04-28 07:01:06,249 [ERROR]     |     self._setup_driver()
2026-04-28 07:01:06,249 [ERROR]     |   File "/Users/marcuswagner/coding/AFL_dashboard/scrape_wheelo_match_stats.py", line 122, in _setup_driver
2026-04-28 07:01:06,249 [ERROR]     |     raise RuntimeError(f"Failed to start Chrome after {max_retries} attempts: {last_error}")
2026-04-28 07:01:06,249 [ERROR]     | RuntimeError: Failed to start Chrome after 3 attempts: Could not reach host. Are you offline?
2026-04-28 07:01:06,249 [ERROR]     |   ⚠️  Attempt 1 failed: Could not reach host. Are you offline?
2026-04-28 07:01:06,249 [ERROR]     | 🔧 Chrome driver attempt 2/3…
2026-04-28 07:01:06,249 [ERROR]     |   ⚠️  Attempt 2 failed: Could not reach host. Are you offline?
2026-04-28 07:01:06,249 [ERROR]     | 🔧 Chrome driver attempt 3/3…
2026-04-28 07:01:06,249 [ERROR]     |   ⚠️  Attempt 3 failed: Could not reach host. Are you offline?
2026-04-28 07:01:06,249 [INFO] 
2026-04-28 07:01:06,249 [INFO] ============================================================
2026-04-28 07:01:06,249 [INFO] UPDATE SUMMARY
2026-04-28 07:01:06,249 [INFO] ============================================================
2026-04-28 07:01:06,249 [INFO]   ✗ wheelo_ratings: FAILED: Exit code 1
2026-04-28 07:01:06,249 [INFO]   ✗ wheelo_match_stats: FAILED: Exit code 1
2026-04-28 07:01:06,249 [INFO] 
2026-04-28 07:01:06,249 [INFO] Results: 0 passed, 2 failed, 0 skipped
2026-04-28 07:01:06,249 [INFO] Total time: 20s (0.3 min)
2026-04-28 07:01:06,249 [INFO] Log: /Users/marcuswagner/coding/AFL_dashboard/logs/scheduled_update_2026-04-28_0700.log
2026-04-28 07:01:06,250 [INFO] Log rotation: removed 1 old log file(s)
2026-04-28 07:01:06,260 [INFO] No running Streamlit process found – skip restart.
2026-04-28 07:01:06,260 [WARNING] 
⚠️  2 step(s) failed. Check log for details.
2026-04-28 07:01:06,374 [WARNING] SMTP email failed: [Errno 8] nodename nor servname provided, or not known
2026-04-28 07:01:06,395 [INFO] Email sent via mailx to marcus.wagner@futureedgesport.com.au
2026-04-28 09:42:42,616 [INFO]   DONE [footywire_squads] in 9716.1s
2026-04-28 09:42:42,617 [INFO]     | 
2026-04-28 09:42:42,617 [INFO]     | ============================================================
2026-04-28 09:42:42,617 [INFO]     | Total players scraped: 0
2026-04-28 09:42:42,617 [INFO]     | 
2026-04-28 09:42:42,617 [INFO]     | Saved to: data/raw/player/footywire_2026_lists.csv
2026-04-28 09:42:42,617 [INFO] START [footywire_extended] Scrape contracts & draft history from Footywire
2026-04-28 09:42:42,617 [INFO]   Running: /opt/homebrew/Caskroom/miniconda/base/envs/afl/bin/python /Users/marcuswagner/coding/AFL_dashboard/scrape_footywire_extended.py --current-only
2026-04-28 15:50:26,739 [ERROR]   TIMEOUT [footywire_extended] after 22064.1s
2026-04-28 15:50:26,746 [INFO] START [afl_ladders] Scrape AFL ladder standings from Footywire (current season)
2026-04-28 15:50:26,746 [INFO]   Running: /opt/homebrew/Caskroom/miniconda/base/envs/afl/bin/python /Users/marcuswagner/coding/AFL_dashboard/scrape_afl_ladders.py --current-only
2026-04-28 15:50:33,369 [INFO]   DONE [afl_ladders] in 6.6s
2026-04-28 15:50:33,369 [INFO]     | 
2026-04-28 15:50:33,369 [INFO]     | Scraping 2026 ladder...
2026-04-28 15:50:33,369 [INFO]     |   ✗ Error scraping 2026: HTTPSConnectionPool(host='www.footywire.com', port=443): Max retries exceeded with url: /afl/footy/ft_ladder?year=2026 (Caused by NameResolutionError("HTTPSConnection(host='www.footywire.com', port=443): Failed to resolve 'www.footywire.com' ([Errno 8] nodename nor servname provided, or not known)"))
2026-04-28 15:50:33,369 [INFO]     | 
2026-04-28 15:50:33,369 [INFO]     | ⚠️  No data scraped!
2026-04-28 15:50:33,369 [INFO] START [wheelo_ratings] Scrape Wheelo team & player ratings (Selenium)
2026-04-28 15:50:33,369 [INFO]   Running: /opt/homebrew/Caskroom/miniconda/base/envs/afl/bin/python /Users/marcuswagner/coding/AFL_dashboard/scrape_wheelo_ratings.py --all
2026-04-28 15:50:40,322 [ERROR]   FAILED [wheelo_ratings] exit code 1 (7.0s)
2026-04-28 15:50:40,323 [ERROR]     | Traceback (most recent call last):
2026-04-28 15:50:40,323 [ERROR]     |   File "/Users/marcuswagner/coding/AFL_dashboard/scrape_wheelo_ratings.py", line 613, in <module>
2026-04-28 15:50:40,323 [ERROR]     |     main()
2026-04-28 15:50:40,323 [ERROR]     |   File "/Users/marcuswagner/coding/AFL_dashboard/scrape_wheelo_ratings.py", line 577, in main
2026-04-28 15:50:40,323 [ERROR]     |     team_files = scraper.download_team_stats()
2026-04-28 15:50:40,323 [ERROR]     |   File "/Users/marcuswagner/coding/AFL_dashboard/scrape_wheelo_ratings.py", line 310, in download_team_stats
2026-04-28 15:50:40,323 [ERROR]     |     self._setup_driver()
2026-04-28 15:50:40,323 [ERROR]     |   File "/Users/marcuswagner/coding/AFL_dashboard/scrape_wheelo_ratings.py", line 181, in _setup_driver
2026-04-28 15:50:40,323 [ERROR]     |     raise RuntimeError(f"Failed to start Chrome after {max_retries} attempts: {last_error}")
2026-04-28 15:50:40,323 [ERROR]     | RuntimeError: Failed to start Chrome after 3 attempts: Could not reach host. Are you offline?
2026-04-28 15:50:40,323 [ERROR]     |   Retrying in 4s...
2026-04-28 15:50:40,323 [ERROR]     | 🔧 Setting up Chrome driver (attempt 3/3)...
2026-04-28 15:50:40,323 [ERROR]     |   ⚠️  Attempt 3 failed: Could not reach host. Are you offline?
2026-04-28 15:50:40,323 [ERROR]     | 
2026-04-28 15:50:40,323 [ERROR]     | ❌ Error: Failed to start Chrome after 3 attempts: Could not reach host. Are you offline?
2026-04-28 15:50:40,323 [INFO] START [wheelo_match_stats] Scrape Wheelo match-by-match player ratings + Brownlow predictions (Selenium)
2026-04-28 15:50:40,323 [INFO]   Running: /opt/homebrew/Caskroom/miniconda/base/envs/afl/bin/python /Users/marcuswagner/coding/AFL_dashboard/scrape_wheelo_match_stats.py --brownlow
2026-04-28 15:50:47,051 [ERROR]   FAILED [wheelo_match_stats] exit code 1 (6.7s)
2026-04-28 15:50:47,052 [ERROR]     |     main()
2026-04-28 15:50:47,052 [ERROR]     |   File "/Users/marcuswagner/coding/AFL_dashboard/scrape_wheelo_match_stats.py", line 419, in main
2026-04-28 15:50:47,052 [ERROR]     |     scraper.scrape_and_save(args.season, r_start, r_end)
2026-04-28 15:50:47,052 [ERROR]     |   File "/Users/marcuswagner/coding/AFL_dashboard/scrape_wheelo_match_stats.py", line 380, in scrape_and_save
2026-04-28 15:50:47,052 [ERROR]     |     df = self.scrape(season, round_start, round_end)
2026-04-28 15:50:47,052 [ERROR]     |   File "/Users/marcuswagner/coding/AFL_dashboard/scrape_wheelo_match_stats.py", line 259, in scrape
2026-04-28 15:50:47,052 [ERROR]     |     self._setup_driver()
2026-04-28 15:50:47,052 [ERROR]     |   File "/Users/marcuswagner/coding/AFL_dashboard/scrape_wheelo_match_stats.py", line 122, in _setup_driver
2026-04-28 15:50:47,052 [ERROR]     |     raise RuntimeError(f"Failed to start Chrome after {max_retries} attempts: {last_error}")
2026-04-28 15:50:47,052 [ERROR]     | RuntimeError: Failed to start Chrome after 3 attempts: Could not reach host. Are you offline?
2026-04-28 15:50:47,052 [ERROR]     |   ⚠️  Attempt 1 failed: Could not reach host. Are you offline?
2026-04-28 15:50:47,052 [ERROR]     | 🔧 Chrome driver attempt 2/3…
2026-04-28 15:50:47,052 [ERROR]     |   ⚠️  Attempt 2 failed: Could not reach host. Are you offline?
2026-04-28 15:50:47,052 [ERROR]     | 🔧 Chrome driver attempt 3/3…
2026-04-28 15:50:47,052 [ERROR]     |   ⚠️  Attempt 3 failed: Could not reach host. Are you offline?
2026-04-28 15:50:47,052 [INFO] START [traits_api] Fetch Traits API data for current-season players
2026-04-28 15:50:47,052 [INFO]   Running: /opt/homebrew/Caskroom/miniconda/base/envs/afl/bin/python /Users/marcuswagner/coding/AFL_dashboard/run_traits_api.py 
2026-04-28 15:53:43,486 [INFO]   DONE [traits_api] in 176.4s
2026-04-28 15:53:43,487 [INFO]     |   Coverage: 0.0%
2026-04-28 15:53:43,487 [INFO]     | 
2026-04-28 15:53:43,487 [INFO]     | No traits data retrieved!
2026-04-28 15:53:43,487 [INFO]     | 
2026-04-28 15:53:43,487 [INFO]     | Snapshot: R7 already finalised — updated with latest values
2026-04-28 15:53:43,487 [WARNING]   SKIP [wheelo_to_raw] – Skipped: prerequisite(s) failed (wheelo_ratings)
2026-04-28 15:53:43,487 [INFO] START [build_season] Build season data files (squads, stats, traits CSVs)
2026-04-28 15:53:43,487 [INFO]   Running: /opt/homebrew/Caskroom/miniconda/base/envs/afl/bin/python /Users/marcuswagner/coding/AFL_dashboard/build_season_data.py 
2026-04-28 15:53:43,797 [ERROR]   FAILED [build_season] exit code 1 (0.3s)
2026-04-28 15:53:43,797 [ERROR]     |   File "/opt/homebrew/Caskroom/miniconda/base/envs/afl/lib/python3.10/site-packages/pandas/io/parsers/readers.py", line 620, in _read
2026-04-28 15:53:43,797 [ERROR]     |     parser = TextFileReader(filepath_or_buffer, **kwds)
2026-04-28 15:53:43,797 [ERROR]     |   File "/opt/homebrew/Caskroom/miniconda/base/envs/afl/lib/python3.10/site-packages/pandas/io/parsers/readers.py", line 1620, in __init__
2026-04-28 15:53:43,797 [ERROR]     |     self._engine = self._make_engine(f, self.engine)
2026-04-28 15:53:43,797 [ERROR]     |   File "/opt/homebrew/Caskroom/miniconda/base/envs/afl/lib/python3.10/site-packages/pandas/io/parsers/readers.py", line 1898, in _make_engine
2026-04-28 15:53:43,797 [ERROR]     |     return mapping[engine](f, **self.options)
2026-04-28 15:53:43,797 [ERROR]     |   File "/opt/homebrew/Caskroom/miniconda/base/envs/afl/lib/python3.10/site-packages/pandas/io/parsers/c_parser_wrapper.py", line 93, in __init__
2026-04-28 15:53:43,797 [ERROR]     |     self._reader = parsers.TextReader(src, **kwds)
2026-04-28 15:53:43,797 [ERROR]     |   File "pandas/_libs/parsers.pyx", line 581, in pandas._libs.parsers.TextReader.__cinit__
2026-04-28 15:53:43,797 [ERROR]     | pandas.errors.EmptyDataError: No columns to parse from file
2026-04-28 15:53:43,797 [ERROR]     | ============================================================
2026-04-28 15:53:43,797 [ERROR]     | BUILDING 2026 SEASON DATA
2026-04-28 15:53:43,797 [ERROR]     | ============================================================
2026-04-28 15:53:43,797 [ERROR]     | 
2026-04-28 15:53:43,797 [ERROR]     | 1. Loading fresh 2026 squad list...
2026-04-28 15:53:43,797 [WARNING]   SKIP [wheelo_player_to_raw] – Skipped: prerequisite(s) failed (wheelo_ratings, build_season)
2026-04-28 15:53:43,797 [WARNING]   SKIP [regenerate_ratings] – Skipped: prerequisite(s) failed (wheelo_to_raw)
2026-04-28 15:53:43,797 [WARNING]   SKIP [refresh_master_ladders] – Skipped: prerequisite(s) failed (regenerate_ratings)
2026-04-28 15:53:43,798 [INFO] START [update_photos] Download photos for any new/missing players
2026-04-28 15:53:43,798 [INFO]   Running: /opt/homebrew/Caskroom/miniconda/base/envs/afl/bin/python /Users/marcuswagner/coding/AFL_dashboard/auto_update_photos.py 
2026-04-28 15:54:09,188 [INFO]   DONE [update_photos] in 25.4s
2026-04-28 15:54:09,188 [INFO]     | 
2026-04-28 15:54:09,189 [INFO] START [validate_freshness] Validate pipeline output files are present and fresh
2026-04-28 15:54:09,189 [INFO]   Running: /opt/homebrew/Caskroom/miniconda/base/envs/afl/bin/python /Users/marcuswagner/coding/AFL_dashboard/validate_pipeline_freshness.py 
2026-04-28 15:54:09,215 [ERROR]   FAILED [validate_freshness] exit code 1 (0.0s)
2026-04-28 15:54:09,215 [ERROR]     |   ⊘ OPTIONAL footywire_drafts_history.csv  (stale — 32.8h ago)
2026-04-28 15:54:09,215 [ERROR]     |   ⊘ OPTIONAL footywire_2026_with_traits.csv  (stale — 32.5h ago)
2026-04-28 15:54:09,215 [ERROR]     |   ⊘ OPTIONAL traits_2026.csv  (stale — 32.5h ago)
2026-04-28 15:54:09,215 [ERROR]     | 
2026-04-28 15:54:09,215 [ERROR]     | ⚠️  Some required files are missing or stale.
2026-04-28 15:54:09,215 [WARNING]   SKIP [validate_schemas] – Skipped: prerequisite(s) failed (build_season)
2026-04-28 15:54:09,215 [WARNING]   SKIP [data_diff_check] – Skipped: prerequisite(s) failed (build_season)
2026-04-28 15:54:09,215 [INFO]   SKIP [team_selections] – Skipped: only runs on Wed, Thu, Fri
2026-04-28 15:54:09,215 [INFO] START [validate_selections] Validate announced squads against actual match-day players
2026-04-28 15:54:09,215 [INFO]   Running: /opt/homebrew/Caskroom/miniconda/base/envs/afl/bin/python /Users/marcuswagner/coding/AFL_dashboard/scrape_team_selections.py --validate
2026-04-28 15:54:09,594 [INFO]   DONE [validate_selections] in 0.4s
2026-04-28 15:54:09,595 [INFO]     | 
2026-04-28 15:54:09,595 [INFO] 
2026-04-28 15:54:09,595 [INFO] ============================================================
2026-04-28 15:54:09,595 [INFO] UPDATE SUMMARY
2026-04-28 15:54:09,595 [INFO] ============================================================
2026-04-28 15:54:09,595 [INFO]   ✓ footywire_squads: OK
2026-04-28 15:54:09,595 [INFO]   ✗ footywire_extended: FAILED: Timed out (>1200s)
2026-04-28 15:54:09,595 [INFO]   ✓ afl_ladders: OK
2026-04-28 15:54:09,595 [INFO]   ✗ wheelo_ratings: FAILED: Exit code 1
2026-04-28 15:54:09,595 [INFO]   ✗ wheelo_match_stats: FAILED: Exit code 1
2026-04-28 15:54:09,595 [INFO]   ✓ traits_api: OK
2026-04-28 15:54:09,595 [INFO]   ⊘ wheelo_to_raw: SKIPPED: Skipped: prerequisite(s) failed (wheelo_ratings)
2026-04-28 15:54:09,595 [INFO]   ✗ build_season: FAILED: Exit code 1
2026-04-28 15:54:09,595 [INFO]   ⊘ wheelo_player_to_raw: SKIPPED: Skipped: prerequisite(s) failed (wheelo_ratings, build_season)
2026-04-28 15:54:09,595 [INFO]   ⊘ regenerate_ratings: SKIPPED: Skipped: prerequisite(s) failed (wheelo_to_raw)
2026-04-28 15:54:09,595 [INFO]   ⊘ refresh_master_ladders: SKIPPED: Skipped: prerequisite(s) failed (regenerate_ratings)
2026-04-28 15:54:09,595 [INFO]   ✓ update_photos: OK
2026-04-28 15:54:09,595 [INFO]   ✗ validate_freshness: FAILED: Exit code 1
2026-04-28 15:54:09,595 [INFO]   ⊘ validate_schemas: SKIPPED: Skipped: prerequisite(s) failed (build_season)
2026-04-28 15:54:09,595 [INFO]   ⊘ data_diff_check: SKIPPED: Skipped: prerequisite(s) failed (build_season)
2026-04-28 15:54:09,595 [INFO]   ⊘ team_selections: SKIPPED: Skipped: only runs on Wed, Thu, Fri
2026-04-28 15:54:09,595 [INFO]   ✓ validate_selections: OK
2026-04-28 15:54:09,595 [INFO] 
2026-04-28 15:54:09,595 [INFO] Results: 6 passed, 5 failed, 7 skipped
2026-04-28 15:54:09,595 [INFO] Total time: 32003s (533.4 min)
2026-04-28 15:54:09,595 [INFO] Log: /Users/marcuswagner/coding/AFL_dashboard/logs/scheduled_update_2026-04-28_0700.log
2026-04-28 15:54:09,608 [INFO] No running Streamlit process found – skip restart.
2026-04-28 15:54:09,608 [WARNING] 
⚠️  5 step(s) failed. Check log for details.
2026-04-28 15:54:09,701 [WARNING] SMTP email failed: [Errno 8] nodename nor servname provided, or not known
2026-04-28 15:54:09,722 [INFO] Email sent via mailx to marcus.wagner@futureedgesport.com.au
==========================================
AFL Dashboard – Scheduled Update
==========================================
AFL Dashboard – Scheduled Update
Wed Apr 29 07:07:37 AEST 2026
==========================================
Wed Apr 29 07:07:37 AEST 2026
==========================================
Using conda env: afl
Using conda env: afl
2026-04-29 07:07:40,230 [INFO] Log file: /Users/marcuswagner/coding/AFL_dashboard/logs/scheduled_update_2026-04-29_0707.log
2026-04-29 07:07:40,230 [INFO] Log file: /Users/marcuswagner/coding/AFL_dashboard/logs/scheduled_update_2026-04-29_0707.log
2026-04-29 07:07:40,230 [INFO] ============================================================
2026-04-29 07:07:40,230 [INFO] ============================================================
2026-04-29 07:07:40,230 [INFO] AFL Dashboard – Scheduled Data Update
2026-04-29 07:07:40,230 [INFO] AFL Dashboard – Scheduled Data Update
2026-04-29 07:07:40,230 [INFO] Date: Wednesday 29 April 2026 07:07
2026-04-29 07:07:40,230 [INFO] Date: Wednesday 29 April 2026 07:07
2026-04-29 07:07:40,230 [INFO] Mode: FULL
2026-04-29 07:07:40,230 [INFO] Mode: FULL
2026-04-29 07:07:40,230 [INFO] ============================================================
2026-04-29 07:07:40,230 [INFO] ============================================================
2026-04-29 07:07:40,230 [INFO] Python: /opt/homebrew/Caskroom/miniconda/base/envs/afl/bin/python
2026-04-29 07:07:40,230 [INFO] Python: /opt/homebrew/Caskroom/miniconda/base/envs/afl/bin/python
2026-04-29 07:07:40,230 [INFO] 
Steps to run (17):
2026-04-29 07:07:40,230 [INFO] 
Steps to run (2):
2026-04-29 07:07:40,230 [INFO]   • footywire_squads: Scrape player squads from Footywire
2026-04-29 07:07:40,230 [INFO]   • wheelo_ratings: Scrape Wheelo team & player ratings (Selenium) [SLOW]
2026-04-29 07:07:40,230 [INFO]   • footywire_extended: Scrape contracts & draft history from Footywire
2026-04-29 07:07:40,230 [INFO]   • wheelo_match_stats: Scrape Wheelo match-by-match player ratings + Brownlow predictions (Selenium) [SLOW]
2026-04-29 07:07:40,230 [INFO]   • afl_ladders: Scrape AFL ladder standings from Footywire (current season)
2026-04-29 07:07:40,230 [INFO] 
2026-04-29 07:07:40,230 [INFO]   • wheelo_ratings: Scrape Wheelo team & player ratings (Selenium) [SLOW]
2026-04-29 07:07:40,230 [INFO]   • wheelo_match_stats: Scrape Wheelo match-by-match player ratings + Brownlow predictions (Selenium) [SLOW]
2026-04-29 07:07:40,230 [INFO] START [wheelo_ratings] Scrape Wheelo team & player ratings (Selenium)
2026-04-29 07:07:40,230 [INFO]   • traits_api: Fetch Traits API data for current-season players [SLOW]
2026-04-29 07:07:40,230 [INFO]   Running: /opt/homebrew/Caskroom/miniconda/base/envs/afl/bin/python /Users/marcuswagner/coding/AFL_dashboard/scrape_wheelo_ratings.py --all
2026-04-29 07:07:40,230 [INFO]   • wheelo_to_raw: Copy Wheelo team stats to raw data folder for ratings pipeline
2026-04-29 07:07:40,230 [INFO]   • build_season: Build season data files (squads, stats, traits CSVs)
2026-04-29 07:07:40,230 [INFO]   • wheelo_player_to_raw: Merge Wheelo player season data (matches, ratings) into raw player CSVs
2026-04-29 07:07:40,230 [INFO]   • regenerate_ratings: Regenerate computed team summaries and ladders
2026-04-29 07:07:40,230 [INFO]   • refresh_master_ladders: Update master workbook Team_Ladders_All with freshly-scraped ladder data
2026-04-29 07:07:40,230 [INFO]   • update_photos: Download photos for any new/missing players [SLOW]
2026-04-29 07:07:40,230 [INFO]   • validate_freshness: Validate pipeline output files are present and fresh
2026-04-29 07:07:40,230 [INFO]   • validate_schemas: Validate CSV output schemas (columns, row counts, data quality)
2026-04-29 07:07:40,230 [INFO]   • data_diff_check: Compare pipeline outputs against backups and alert on anomalies
2026-04-29 07:07:40,230 [INFO]   • team_selections: Scrape team selections & fixture from FootyWire + Squiggle API
2026-04-29 07:07:40,230 [INFO]   • validate_selections: Validate announced squads against actual match-day players
2026-04-29 07:07:40,230 [INFO] 
2026-04-29 07:07:40,230 [INFO] START [footywire_squads] Scrape player squads from Footywire
2026-04-29 07:07:40,230 [INFO]   Running: /opt/homebrew/Caskroom/miniconda/base/envs/afl/bin/python /Users/marcuswagner/coding/AFL_dashboard/scrape_footywire.py 
2026-04-29 07:23:33,025 [INFO]   DONE [footywire_squads] in 952.8s
2026-04-29 07:23:33,025 [INFO]     | DefenderMidfieldForward      1
2026-04-29 07:23:33,025 [INFO]     | Name: count, dtype: int64
2026-04-29 07:23:33,025 [INFO]     | 
2026-04-29 07:23:33,025 [INFO]     | 
2026-04-29 07:23:33,025 [INFO]     | Updated DOB cache: 0 new entries
2026-04-29 07:23:33,025 [INFO] START [footywire_extended] Scrape contracts & draft history from Footywire
2026-04-29 07:23:33,025 [INFO]   Running: /opt/homebrew/Caskroom/miniconda/base/envs/afl/bin/python /Users/marcuswagner/coding/AFL_dashboard/scrape_footywire_extended.py --current-only
2026-04-29 07:23:38,884 [INFO]   DONE [wheelo_ratings] in 958.7s
2026-04-29 07:23:38,884 [INFO]     | 📊 Team Stats downloaded: 3 files
2026-04-29 07:23:38,884 [INFO]     | 📊 Player Stats downloaded: 3 files
2026-04-29 07:23:38,884 [INFO]     | 📊 Squad Lists downloaded: 1 file
2026-04-29 07:23:38,884 [INFO]     | 
2026-04-29 07:23:38,884 [INFO]     | 📁 CSV files saved in: /Users/marcuswagner/coding/AFL_dashboard/wheelo_downloads
2026-04-29 07:23:38,884 [INFO] START [wheelo_match_stats] Scrape Wheelo match-by-match player ratings + Brownlow predictions (Selenium)
2026-04-29 07:23:38,884 [INFO]   Running: /opt/homebrew/Caskroom/miniconda/base/envs/afl/bin/python /Users/marcuswagner/coding/AFL_dashboard/scrape_wheelo_match_stats.py --brownlow
2026-04-29 07:47:04,544 [INFO]   DONE [wheelo_match_stats] in 1405.7s
2026-04-29 07:47:04,545 [INFO]     | ============================================================
2026-04-29 07:47:04,545 [INFO]     | 🔧 Chrome driver attempt 1/3…
2026-04-29 07:47:04,545 [INFO]     | ✅ Chrome driver ready
2026-04-29 07:47:04,545 [INFO]     | 
2026-04-29 07:47:04,545 [INFO]     | 💾 Saved 2898 rows → /Users/marcuswagner/coding/AFL_dashboard/data/raw/player/brownlow_predictions_2026.csv
2026-04-29 07:47:04,545 [INFO] 
2026-04-29 07:47:04,545 [INFO] ============================================================
2026-04-29 07:47:04,545 [INFO] UPDATE SUMMARY
2026-04-29 07:47:04,545 [INFO] ============================================================
2026-04-29 07:47:04,545 [INFO]   ✓ wheelo_ratings: OK
2026-04-29 07:47:04,545 [INFO]   ✓ wheelo_match_stats: OK
2026-04-29 07:47:04,545 [INFO] 
2026-04-29 07:47:04,545 [INFO] Results: 2 passed, 0 failed, 0 skipped
2026-04-29 07:47:04,545 [INFO] Total time: 2364s (39.4 min)
2026-04-29 07:47:04,545 [INFO] Log: /Users/marcuswagner/coding/AFL_dashboard/logs/scheduled_update_2026-04-29_0707.log
2026-04-29 07:47:04,546 [INFO] Log rotation: removed 1 old log file(s)
2026-04-29 07:47:04,558 [INFO] No running Streamlit process found – skip restart.
2026-04-29 07:47:04,558 [INFO] 
✅ All steps completed successfully!
2026-04-29 07:47:09,931 [INFO] Email sent to marcus.wagner@futureedgesport.com.au
2026-04-29 08:39:29,172 [INFO]   DONE [footywire_extended] in 4556.1s
2026-04-29 08:39:29,173 [INFO]     | 5  Adelaide    Brayden Cook           2026.0           Non-Free Agent      2020.0    National          1.0        25.0
2026-04-29 08:39:29,173 [INFO]     | 6  Adelaide     Indy Cotton           2027.0                  Unknown         NaN        None          NaN         NaN
2026-04-29 08:39:29,173 [INFO]     | 7  Adelaide   Isaac Cumming           2030.0           Non-Free Agent      2016.0    National          1.0        20.0
2026-04-29 08:39:29,173 [INFO]     | 8  Adelaide   Daniel Curtin           2029.0           Non-Free Agent      2023.0    National          1.0         8.0
2026-04-29 08:39:29,173 [INFO]     | 9  Adelaide   Jordan Dawson           2029.0    Restricted Free Agent      2015.0    National          4.0        56.0
2026-04-29 08:39:29,174 [INFO] START [afl_ladders] Scrape AFL ladder standings from Footywire (current season)
2026-04-29 08:39:29,174 [INFO]   Running: /opt/homebrew/Caskroom/miniconda/base/envs/afl/bin/python /Users/marcuswagner/coding/AFL_dashboard/scrape_afl_ladders.py --current-only
2026-04-29 08:39:31,331 [INFO]   DONE [afl_ladders] in 2.2s
2026-04-29 08:39:31,332 [INFO]     |   2026: 18 teams
2026-04-29 08:39:31,332 [INFO]     | 
2026-04-29 08:39:31,332 [INFO]     | ============================================================
2026-04-29 08:39:31,332 [INFO]     | Completed: 2026-04-29 08:39:31
2026-04-29 08:39:31,332 [INFO]     | ============================================================
2026-04-29 08:39:31,332 [INFO] START [wheelo_ratings] Scrape Wheelo team & player ratings (Selenium)
2026-04-29 08:39:31,332 [INFO]   Running: /opt/homebrew/Caskroom/miniconda/base/envs/afl/bin/python /Users/marcuswagner/coding/AFL_dashboard/scrape_wheelo_ratings.py --all
2026-04-29 08:40:21,954 [INFO]   DONE [wheelo_ratings] in 50.6s
2026-04-29 08:40:21,955 [INFO]     | 📊 Team Stats downloaded: 3 files
2026-04-29 08:40:21,955 [INFO]     | 📊 Player Stats downloaded: 3 files
2026-04-29 08:40:21,955 [INFO]     | 📊 Squad Lists downloaded: 1 file
2026-04-29 08:40:21,955 [INFO]     | 
2026-04-29 08:40:21,955 [INFO]     | 📁 CSV files saved in: /Users/marcuswagner/coding/AFL_dashboard/wheelo_downloads
2026-04-29 08:40:21,955 [INFO] START [wheelo_match_stats] Scrape Wheelo match-by-match player ratings + Brownlow predictions (Selenium)
2026-04-29 08:40:21,955 [INFO]   Running: /opt/homebrew/Caskroom/miniconda/base/envs/afl/bin/python /Users/marcuswagner/coding/AFL_dashboard/scrape_wheelo_match_stats.py --brownlow
2026-04-29 08:41:36,915 [INFO]   DONE [wheelo_match_stats] in 75.0s
2026-04-29 08:41:36,916 [INFO]     | ============================================================
2026-04-29 08:41:36,916 [INFO]     | 🔧 Chrome driver attempt 1/3…
2026-04-29 08:41:36,916 [INFO]     | ✅ Chrome driver ready
2026-04-29 08:41:36,916 [INFO]     | 
2026-04-29 08:41:36,916 [INFO]     | 💾 Saved 2898 rows → /Users/marcuswagner/coding/AFL_dashboard/data/raw/player/brownlow_predictions_2026.csv
2026-04-29 08:41:36,916 [INFO]   SKIP [traits_api] – Skipped: only runs on Mon, Tue, Sun
2026-04-29 08:41:36,916 [INFO] START [wheelo_to_raw] Copy Wheelo team stats to raw data folder for ratings pipeline
2026-04-29 08:41:37,657 [INFO]   Backed up team_stats_2026.csv → backups/team_stats_2026_20260429_084137.csv
2026-04-29 08:41:37,660 [INFO]   Copied Wheelo 2026 Season -> team_stats_2026.csv (18 teams)
2026-04-29 08:41:37,681 [INFO]   Backed up team_stats_2026_L10.csv → backups/team_stats_2026_L10_20260429_084137.csv
2026-04-29 08:41:37,684 [INFO]   Copied Wheelo 2026 L10 -> team_stats_2026_L10.csv (18 teams)
2026-04-29 08:41:37,710 [INFO]   Backed up team_stats_2026_L5.csv → backups/team_stats_2026_L5_20260429_084137.csv
2026-04-29 08:41:37,712 [INFO]   Copied Wheelo 2026 L5 -> team_stats_2026_L5.csv (18 teams)
2026-04-29 08:41:37,712 [INFO]   DONE [wheelo_to_raw] in 0.8s
2026-04-29 08:41:37,713 [INFO] START [build_season] Build season data files (squads, stats, traits CSVs)
2026-04-29 08:41:37,713 [INFO]   Running: /opt/homebrew/Caskroom/miniconda/base/envs/afl/bin/python /Users/marcuswagner/coding/AFL_dashboard/build_season_data.py 
2026-04-29 08:41:38,076 [INFO]   DONE [build_season] in 0.4s
2026-04-29 08:41:38,076 [INFO]     |   Western Bulldogs      43 players  Avg Age: 24.5  Avg Games: 75
2026-04-29 08:41:38,076 [INFO]     | 
2026-04-29 08:41:38,076 [INFO]     | ============================================================
2026-04-29 08:41:38,076 [INFO]     | ✅ 2026 DATA BUILD COMPLETE
2026-04-29 08:41:38,076 [INFO]     | ============================================================
2026-04-29 08:41:38,076 [INFO] START [wheelo_player_to_raw] Merge Wheelo player season data (matches, ratings) into raw player CSVs
2026-04-29 08:41:38,266 [INFO]   Wheelo Wheelo 2026 Season: 551 players, 18 teams
2026-04-29 08:41:38,285 [INFO]   Name mappings (42): {'Archer May': 'Archie May', 'Mitch Owens': 'Mitchito Owens', 'Lachie Fogarty': 'Lachlan Fogarty', 'Matthew Cottrell': 'Matt Cottrell', 'Mitch Lewis': 'Mitchell Lewis', 'Matt Flynn': 'Matthew Flynn', 'Cam Rayner': 'Cameron Rayner', 'Josh Weddle': 'Joshua Weddle', 'Mitch Knevitt': 'Mitchell Knevitt', 'Lachlan Sullivan': 'Lachie Sullivan', 'Nicholas Madden': 'Nick Madden', 'Matt Roberts': 'Matthew Roberts', 'Thomas Edwards': 'Tom Edwards', 'Cam Mackenzie': 'Cameron Mackenzie', 'Jack Macrae': 'Jackson Macrae', 'William Hayes': 'Will Hayes', 'Jacob van Rooyen': 'Jacob Van Rooyen', 'Connor Macdonald': 'Connor MacDonald', 'Leonardo Lombard': 'Leo Lombard', 'Harry Himmelberg': 'Harrison Himmelberg', 'William Edwards': 'Will Edwards', 'Joe Fonti': 'Joseph Fonti', 'Matthew Johnson': 'Matt Johnson', 'Tom Burton': 'Thomas Burton', 'Lachie Ash': 'Lachlan Ash', 'Zac Williams': 'Zachary Williams', 'Lachie Weller': 'Lachlan Weller', 'Brad Close': 'Bradley Close', 'Lachie Jones': 'Lachlan Jones', 'Tom Liberatore': 'Thomas Liberatore', 'Matthew Carroll': 'Matt Carroll', 'Dan Butler': 'Daniel Butler', 'Lachie Schultz': 'Lachlan Schultz', 'Tim English': 'Timothy English', 'Ollie Wines': 'Oliver Wines', 'Tom Stewart': 'Thomas Stewart', 'Zach Merrett': 'Zachary Merrett', 'Christopher Scerri': 'Chris Scerri', 'Sam Grlj': 'Samuel Grlj', 'Matthew Owies': 'Matt Owies', 'Oliver Dempsey': 'Ollie Dempsey', 'Sam Collins': 'Samuel Collins'}
2026-04-29 08:41:38,297 [INFO]   Backed up player_stats_2026.csv → backups/player_stats_2026_20260429_084138.csv
2026-04-29 08:41:38,300 [INFO]   Updated player_stats_2026.csv: 551 players with matches from Wheelo
2026-04-29 08:41:38,323 [INFO]   Backed up squads_2026.csv → backups/squads_2026_20260429_084138.csv
2026-04-29 08:41:38,326 [INFO]   Updated squads_2026.csv: 551 players matched from Wheelo
2026-04-29 08:41:38,326 [INFO]   DONE [wheelo_player_to_raw] in 0.3s
2026-04-29 08:41:38,328 [INFO] START [regenerate_ratings] Regenerate computed team summaries and ladders
2026-04-29 08:41:38,328 [INFO]   Running: /opt/homebrew/Caskroom/miniconda/base/envs/afl/bin/python /Users/marcuswagner/coding/AFL_dashboard/regenerate_ratings.py 
2026-04-29 08:41:38,677 [INFO]   DONE [regenerate_ratings] in 0.3s
2026-04-29 08:41:38,677 [INFO]     | Skipping 2025 Last 5 - no raw data
2026-04-29 08:41:38,677 [INFO]     | 
2026-04-29 08:41:38,677 [INFO]     | ============================================================
2026-04-29 08:41:38,677 [INFO]     | DONE!
2026-04-29 08:41:38,677 [INFO]     | ============================================================
2026-04-29 08:41:38,677 [INFO] START [refresh_master_ladders] Update master workbook Team_Ladders_All with freshly-scraped ladder data
2026-04-29 08:42:00,510 [INFO]   Refreshed Team_Ladders_All: 287 rows
2026-04-29 08:42:00,514 [INFO]   DONE [refresh_master_ladders] in 21.8s
2026-04-29 08:42:00,514 [INFO] START [update_photos] Download photos for any new/missing players
2026-04-29 08:42:00,514 [INFO]   Running: /opt/homebrew/Caskroom/miniconda/base/envs/afl/bin/python /Users/marcuswagner/coding/AFL_dashboard/auto_update_photos.py 
2026-04-29 08:44:46,590 [INFO]   DONE [update_photos] in 166.1s
2026-04-29 08:44:46,591 [INFO]     | 
2026-04-29 08:44:46,592 [INFO] START [validate_freshness] Validate pipeline output files are present and fresh
2026-04-29 08:44:46,592 [INFO]   Running: /opt/homebrew/Caskroom/miniconda/base/envs/afl/bin/python /Users/marcuswagner/coding/AFL_dashboard/validate_pipeline_freshness.py 
2026-04-29 08:44:46,623 [INFO]   DONE [validate_freshness] in 0.0s
2026-04-29 08:44:46,623 [INFO]     |   ✓ FRESH    footywire_drafts_history.csv  (08:39)
2026-04-29 08:44:46,623 [INFO]     |   ⊘ OPTIONAL footywire_2026_with_traits.csv  (stale — 49.4h ago)
2026-04-29 08:44:46,623 [INFO]     |   ✓ FRESH    traits_2026.csv  (08:41)
2026-04-29 08:44:46,624 [INFO]     | 
2026-04-29 08:44:46,624 [INFO]     | ✅ All required files are present and fresh.
2026-04-29 08:44:46,624 [INFO] START [validate_schemas] Validate CSV output schemas (columns, row counts, data quality)
2026-04-29 08:44:46,645 [INFO]   DONE [validate_schemas] 0 warning(s) in 0.0s
2026-04-29 08:44:46,645 [INFO] START [data_diff_check] Compare pipeline outputs against backups and alert on anomalies
2026-04-29 08:44:46,667 [INFO]   DONE [data_diff_check] no anomalies in 0.0s
2026-04-29 08:44:46,667 [INFO] START [team_selections] Scrape team selections & fixture from FootyWire + Squiggle API
2026-04-29 08:44:46,667 [INFO]   Running: /opt/homebrew/Caskroom/miniconda/base/envs/afl/bin/python /Users/marcuswagner/coding/AFL_dashboard/scrape_team_selections.py 
2026-04-29 08:44:48,750 [INFO]   DONE [team_selections] in 2.1s
2026-04-29 08:44:48,751 [INFO]     | 
2026-04-29 08:44:48,751 [INFO]   SKIP [validate_selections] – Skipped: only runs on Mon, Tue
2026-04-29 08:44:48,751 [INFO] 
2026-04-29 08:44:48,751 [INFO] ============================================================
2026-04-29 08:44:48,751 [INFO] UPDATE SUMMARY
2026-04-29 08:44:48,751 [INFO] ============================================================
2026-04-29 08:44:48,751 [INFO]   ✓ footywire_squads: OK
2026-04-29 08:44:48,751 [INFO]   ✓ footywire_extended: OK
2026-04-29 08:44:48,751 [INFO]   ✓ afl_ladders: OK
2026-04-29 08:44:48,751 [INFO]   ✓ wheelo_ratings: OK
2026-04-29 08:44:48,751 [INFO]   ✓ wheelo_match_stats: OK
2026-04-29 08:44:48,751 [INFO]   ⊘ traits_api: SKIPPED: Skipped: only runs on Mon, Tue, Sun
2026-04-29 08:44:48,751 [INFO]   ✓ wheelo_to_raw: OK
2026-04-29 08:44:48,751 [INFO]   ✓ build_season: OK
2026-04-29 08:44:48,751 [INFO]   ✓ wheelo_player_to_raw: OK
2026-04-29 08:44:48,751 [INFO]   ✓ regenerate_ratings: OK
2026-04-29 08:44:48,751 [INFO]   ✓ refresh_master_ladders: OK
2026-04-29 08:44:48,751 [INFO]   ✓ update_photos: OK
2026-04-29 08:44:48,751 [INFO]   ✓ validate_freshness: OK
2026-04-29 08:44:48,751 [INFO]   ✓ validate_schemas: OK
2026-04-29 08:44:48,751 [INFO]   ✓ data_diff_check: OK
2026-04-29 08:44:48,751 [INFO]   ✓ team_selections: OK
2026-04-29 08:44:48,751 [INFO]   ⊘ validate_selections: SKIPPED: Skipped: only runs on Mon, Tue
2026-04-29 08:44:48,751 [INFO] 
2026-04-29 08:44:48,751 [INFO] Results: 17 passed, 0 failed, 2 skipped
2026-04-29 08:44:48,751 [INFO] Total time: 5829s (97.1 min)
2026-04-29 08:44:48,751 [INFO] Log: /Users/marcuswagner/coding/AFL_dashboard/logs/scheduled_update_2026-04-29_0707.log
2026-04-29 08:44:48,773 [INFO] No running Streamlit process found – skip restart.
2026-04-29 08:44:48,773 [WARNING] 
⚠️  Completed with 2 skipped step(s).
2026-04-29 08:44:53,487 [INFO] Email sent to marcus.wagner@futureedgesport.com.au
==========================================
AFL Dashboard – Scheduled Update
Wed Apr 29 19:00:01 AEST 2026
==========================================
Using conda env: afl
2026-04-29 19:00:03,510 [INFO] Log file: /Users/marcuswagner/coding/AFL_dashboard/logs/scheduled_update_2026-04-29_1900.log
2026-04-29 19:00:03,510 [INFO] ============================================================
2026-04-29 19:00:03,510 [INFO] AFL Dashboard – Scheduled Data Update
2026-04-29 19:00:03,510 [INFO] Date: Wednesday 29 April 2026 19:00
2026-04-29 19:00:03,511 [INFO] Mode: FULL
2026-04-29 19:00:03,511 [INFO] ============================================================
2026-04-29 19:00:03,511 [INFO] Python: /opt/homebrew/Caskroom/miniconda/base/envs/afl/bin/python
2026-04-29 19:00:03,511 [INFO] 
Steps to run (1):
2026-04-29 19:00:03,511 [INFO]   • team_selections: Scrape team selections & fixture from FootyWire + Squiggle API
2026-04-29 19:00:03,511 [INFO] 
2026-04-29 19:00:03,512 [INFO] START [team_selections] Scrape team selections & fixture from FootyWire + Squiggle API
2026-04-29 19:00:03,512 [INFO]   Running: /opt/homebrew/Caskroom/miniconda/base/envs/afl/bin/python /Users/marcuswagner/coding/AFL_dashboard/scrape_team_selections.py 
2026-04-29 19:00:08,155 [INFO]   DONE [team_selections] in 4.6s
2026-04-29 19:00:08,155 [INFO]     | 
2026-04-29 19:00:08,155 [INFO] 
2026-04-29 19:00:08,155 [INFO] ============================================================
2026-04-29 19:00:08,155 [INFO] UPDATE SUMMARY
2026-04-29 19:00:08,155 [INFO] ============================================================
2026-04-29 19:00:08,155 [INFO]   ✓ team_selections: OK
2026-04-29 19:00:08,155 [INFO] 
2026-04-29 19:00:08,155 [INFO] Results: 1 passed, 0 failed, 0 skipped
2026-04-29 19:00:08,155 [INFO] Total time: 5s (0.1 min)
2026-04-29 19:00:08,155 [INFO] Log: /Users/marcuswagner/coding/AFL_dashboard/logs/scheduled_update_2026-04-29_1900.log
2026-04-29 19:00:08,164 [INFO] Log rotation: removed 1 old log file(s)
2026-04-29 19:00:08,176 [INFO] No running Streamlit process found – skip restart.
2026-04-29 19:00:08,176 [INFO] 
✅ All steps completed successfully!
2026-04-29 19:00:14,272 [INFO] Email sent to marcus.wagner@futureedgesport.com.au
==========================================
==========================================
AFL Dashboard – Scheduled Update
AFL Dashboard – Scheduled Update
Thu Apr 30 07:00:04 AEST 2026
Thu Apr 30 07:00:04 AEST 2026
==========================================
==========================================
Using conda env: afl
Using conda env: afl
2026-04-30 07:00:06,755 [INFO] Log file: /Users/marcuswagner/coding/AFL_dashboard/logs/scheduled_update_2026-04-30_0700.log
2026-04-30 07:00:06,755 [INFO] Log file: /Users/marcuswagner/coding/AFL_dashboard/logs/scheduled_update_2026-04-30_0700.log
2026-04-30 07:00:06,755 [INFO] ============================================================
2026-04-30 07:00:06,755 [INFO] ============================================================
2026-04-30 07:00:06,755 [INFO] AFL Dashboard – Scheduled Data Update
2026-04-30 07:00:06,755 [INFO] AFL Dashboard – Scheduled Data Update
2026-04-30 07:00:06,755 [INFO] Date: Thursday 30 April 2026 07:00
2026-04-30 07:00:06,755 [INFO] Date: Thursday 30 April 2026 07:00
2026-04-30 07:00:06,755 [INFO] Mode: FULL
2026-04-30 07:00:06,755 [INFO] Mode: FULL
2026-04-30 07:00:06,755 [INFO] ============================================================
2026-04-30 07:00:06,755 [INFO] ============================================================
2026-04-30 07:00:06,755 [INFO] Python: /opt/homebrew/Caskroom/miniconda/base/envs/afl/bin/python
2026-04-30 07:00:06,755 [INFO] Python: /opt/homebrew/Caskroom/miniconda/base/envs/afl/bin/python
2026-04-30 07:00:06,755 [INFO] 
Steps to run (2):
2026-04-30 07:00:06,755 [INFO] 
Steps to run (17):
2026-04-30 07:00:06,755 [INFO]   • wheelo_ratings: Scrape Wheelo team & player ratings (Selenium) [SLOW]
2026-04-30 07:00:06,755 [INFO]   • footywire_squads: Scrape player squads from Footywire
2026-04-30 07:00:06,755 [INFO]   • wheelo_match_stats: Scrape Wheelo match-by-match player ratings + Brownlow predictions (Selenium) [SLOW]
2026-04-30 07:00:06,755 [INFO]   • footywire_extended: Scrape contracts & draft history from Footywire
2026-04-30 07:00:06,755 [INFO] 
2026-04-30 07:00:06,755 [INFO]   • afl_ladders: Scrape AFL ladder standings from Footywire (current season)
2026-04-30 07:00:06,755 [INFO]   • wheelo_ratings: Scrape Wheelo team & player ratings (Selenium) [SLOW]
2026-04-30 07:00:06,755 [INFO]   • wheelo_match_stats: Scrape Wheelo match-by-match player ratings + Brownlow predictions (Selenium) [SLOW]
2026-04-30 07:00:06,755 [INFO]   • traits_api: Fetch Traits API data for current-season players [SLOW]
2026-04-30 07:00:06,755 [INFO]   • wheelo_to_raw: Copy Wheelo team stats to raw data folder for ratings pipeline
2026-04-30 07:00:06,755 [INFO]   • build_season: Build season data files (squads, stats, traits CSVs)
2026-04-30 07:00:06,755 [INFO]   • wheelo_player_to_raw: Merge Wheelo player season data (matches, ratings) into raw player CSVs
2026-04-30 07:00:06,755 [INFO]   • regenerate_ratings: Regenerate computed team summaries and ladders
2026-04-30 07:00:06,755 [INFO]   • refresh_master_ladders: Update master workbook Team_Ladders_All with freshly-scraped ladder data
2026-04-30 07:00:06,755 [INFO]   • update_photos: Download photos for any new/missing players [SLOW]
2026-04-30 07:00:06,755 [INFO]   • validate_freshness: Validate pipeline output files are present and fresh
2026-04-30 07:00:06,755 [INFO]   • validate_schemas: Validate CSV output schemas (columns, row counts, data quality)
2026-04-30 07:00:06,755 [INFO]   • data_diff_check: Compare pipeline outputs against backups and alert on anomalies
2026-04-30 07:00:06,755 [INFO]   • team_selections: Scrape team selections & fixture from FootyWire + Squiggle API
2026-04-30 07:00:06,755 [INFO]   • validate_selections: Validate announced squads against actual match-day players
2026-04-30 07:00:06,755 [INFO] 
2026-04-30 07:00:06,755 [INFO] START [wheelo_ratings] Scrape Wheelo team & player ratings (Selenium)
2026-04-30 07:00:06,755 [INFO]   Running: /opt/homebrew/Caskroom/miniconda/base/envs/afl/bin/python /Users/marcuswagner/coding/AFL_dashboard/scrape_wheelo_ratings.py --all
2026-04-30 07:00:06,756 [INFO] START [footywire_squads] Scrape player squads from Footywire
2026-04-30 07:00:06,756 [INFO]   Running: /opt/homebrew/Caskroom/miniconda/base/envs/afl/bin/python /Users/marcuswagner/coding/AFL_dashboard/scrape_footywire.py 
2026-04-30 07:00:40,204 [INFO]   DONE [footywire_squads] in 33.4s
2026-04-30 07:00:40,205 [INFO]     | DefenderMidfieldForward      1
2026-04-30 07:00:40,205 [INFO]     | Name: count, dtype: int64
2026-04-30 07:00:40,205 [INFO]     | 
2026-04-30 07:00:40,205 [INFO]     | 
2026-04-30 07:00:40,205 [INFO]     | Updated DOB cache: 0 new entries
2026-04-30 07:00:40,205 [INFO] START [footywire_extended] Scrape contracts & draft history from Footywire
2026-04-30 07:00:40,205 [INFO]   Running: /opt/homebrew/Caskroom/miniconda/base/envs/afl/bin/python /Users/marcuswagner/coding/AFL_dashboard/scrape_footywire_extended.py --current-only
2026-04-30 07:01:02,920 [INFO]   DONE [wheelo_ratings] in 56.2s
2026-04-30 07:01:02,920 [INFO]     | 📊 Team Stats downloaded: 3 files
2026-04-30 07:01:02,920 [INFO]     | 📊 Player Stats downloaded: 3 files
2026-04-30 07:01:02,920 [INFO]     | 📊 Squad Lists downloaded: 1 file
2026-04-30 07:01:02,920 [INFO]     | 
2026-04-30 07:01:02,920 [INFO]     | 📁 CSV files saved in: /Users/marcuswagner/coding/AFL_dashboard/wheelo_downloads
2026-04-30 07:01:02,920 [INFO] START [wheelo_match_stats] Scrape Wheelo match-by-match player ratings + Brownlow predictions (Selenium)
2026-04-30 07:01:02,920 [INFO]   Running: /opt/homebrew/Caskroom/miniconda/base/envs/afl/bin/python /Users/marcuswagner/coding/AFL_dashboard/scrape_wheelo_match_stats.py --brownlow
2026-04-30 07:02:20,010 [INFO]   DONE [wheelo_match_stats] in 77.1s
2026-04-30 07:02:20,010 [INFO]     | ============================================================
2026-04-30 07:02:20,010 [INFO]     | 🔧 Chrome driver attempt 1/3…
2026-04-30 07:02:20,011 [INFO]     | ✅ Chrome driver ready
2026-04-30 07:02:20,011 [INFO]     | 
2026-04-30 07:02:20,011 [INFO]     | 💾 Saved 2898 rows → /Users/marcuswagner/coding/AFL_dashboard/data/raw/player/brownlow_predictions_2026.csv
2026-04-30 07:02:20,011 [INFO] 
2026-04-30 07:02:20,011 [INFO] ============================================================
2026-04-30 07:02:20,011 [INFO] UPDATE SUMMARY
2026-04-30 07:02:20,011 [INFO] ============================================================
2026-04-30 07:02:20,011 [INFO]   ✓ wheelo_ratings: OK
2026-04-30 07:02:20,011 [INFO]   ✓ wheelo_match_stats: OK
2026-04-30 07:02:20,011 [INFO] 
2026-04-30 07:02:20,011 [INFO] Results: 2 passed, 0 failed, 0 skipped
2026-04-30 07:02:20,011 [INFO] Total time: 133s (2.2 min)
2026-04-30 07:02:20,011 [INFO] Log: /Users/marcuswagner/coding/AFL_dashboard/logs/scheduled_update_2026-04-30_0700.log
2026-04-30 07:02:20,021 [INFO] Log rotation: removed 1 old log file(s)
2026-04-30 07:02:20,035 [INFO] No running Streamlit process found – skip restart.
2026-04-30 07:02:20,035 [INFO] 
✅ All steps completed successfully!
2026-04-30 07:02:26,170 [INFO] Email sent to marcus.wagner@futureedgesport.com.au
2026-04-30 07:09:19,166 [INFO]   DONE [footywire_extended] in 519.0s
2026-04-30 07:09:19,167 [INFO]     | 5  Adelaide    Brayden Cook           2026.0           Non-Free Agent      2020.0    National          1.0        25.0
2026-04-30 07:09:19,167 [INFO]     | 6  Adelaide     Indy Cotton           2027.0                  Unknown         NaN        None          NaN         NaN
2026-04-30 07:09:19,167 [INFO]     | 7  Adelaide   Isaac Cumming           2030.0           Non-Free Agent      2016.0    National          1.0        20.0
2026-04-30 07:09:19,167 [INFO]     | 8  Adelaide   Daniel Curtin           2029.0           Non-Free Agent      2023.0    National          1.0         8.0
2026-04-30 07:09:19,167 [INFO]     | 9  Adelaide   Jordan Dawson           2029.0    Restricted Free Agent      2015.0    National          4.0        56.0
2026-04-30 07:09:19,167 [INFO] START [afl_ladders] Scrape AFL ladder standings from Footywire (current season)
2026-04-30 07:09:19,167 [INFO]   Running: /opt/homebrew/Caskroom/miniconda/base/envs/afl/bin/python /Users/marcuswagner/coding/AFL_dashboard/scrape_afl_ladders.py --current-only
2026-04-30 07:09:21,049 [INFO]   DONE [afl_ladders] in 1.9s
2026-04-30 07:09:21,049 [INFO]     |   2026: 18 teams
2026-04-30 07:09:21,049 [INFO]     | 
2026-04-30 07:09:21,049 [INFO]     | ============================================================
2026-04-30 07:09:21,049 [INFO]     | Completed: 2026-04-30 07:09:21
2026-04-30 07:09:21,049 [INFO]     | ============================================================
2026-04-30 07:09:21,049 [INFO] START [wheelo_ratings] Scrape Wheelo team & player ratings (Selenium)
2026-04-30 07:09:21,049 [INFO]   Running: /opt/homebrew/Caskroom/miniconda/base/envs/afl/bin/python /Users/marcuswagner/coding/AFL_dashboard/scrape_wheelo_ratings.py --all
2026-04-30 07:10:11,356 [INFO]   DONE [wheelo_ratings] in 50.3s
2026-04-30 07:10:11,356 [INFO]     | 📊 Team Stats downloaded: 3 files
2026-04-30 07:10:11,356 [INFO]     | 📊 Player Stats downloaded: 3 files
2026-04-30 07:10:11,356 [INFO]     | 📊 Squad Lists downloaded: 1 file
2026-04-30 07:10:11,356 [INFO]     | 
2026-04-30 07:10:11,356 [INFO]     | 📁 CSV files saved in: /Users/marcuswagner/coding/AFL_dashboard/wheelo_downloads
2026-04-30 07:10:11,356 [INFO] START [wheelo_match_stats] Scrape Wheelo match-by-match player ratings + Brownlow predictions (Selenium)
2026-04-30 07:10:11,356 [INFO]   Running: /opt/homebrew/Caskroom/miniconda/base/envs/afl/bin/python /Users/marcuswagner/coding/AFL_dashboard/scrape_wheelo_match_stats.py --brownlow
2026-04-30 07:11:26,632 [INFO]   DONE [wheelo_match_stats] in 75.3s
2026-04-30 07:11:26,633 [INFO]     | ============================================================
2026-04-30 07:11:26,633 [INFO]     | 🔧 Chrome driver attempt 1/3…
2026-04-30 07:11:26,633 [INFO]     | ✅ Chrome driver ready
2026-04-30 07:11:26,633 [INFO]     | 
2026-04-30 07:11:26,633 [INFO]     | 💾 Saved 2898 rows → /Users/marcuswagner/coding/AFL_dashboard/data/raw/player/brownlow_predictions_2026.csv
2026-04-30 07:11:26,633 [INFO]   SKIP [traits_api] – Skipped: only runs on Mon, Tue, Sun
2026-04-30 07:11:26,633 [INFO] START [wheelo_to_raw] Copy Wheelo team stats to raw data folder for ratings pipeline
2026-04-30 07:11:26,984 [INFO]   Backed up team_stats_2026.csv → backups/team_stats_2026_20260430_071126.csv
2026-04-30 07:11:26,986 [INFO]   Copied Wheelo 2026 Season -> team_stats_2026.csv (18 teams)
2026-04-30 07:11:27,002 [INFO]   Backed up team_stats_2026_L10.csv → backups/team_stats_2026_L10_20260430_071127.csv
2026-04-30 07:11:27,004 [INFO]   Copied Wheelo 2026 L10 -> team_stats_2026_L10.csv (18 teams)
2026-04-30 07:11:27,025 [INFO]   Backed up team_stats_2026_L5.csv → backups/team_stats_2026_L5_20260430_071127.csv
2026-04-30 07:11:27,027 [INFO]   Copied Wheelo 2026 L5 -> team_stats_2026_L5.csv (18 teams)
2026-04-30 07:11:27,027 [INFO]   DONE [wheelo_to_raw] in 0.4s
2026-04-30 07:11:27,027 [INFO] START [build_season] Build season data files (squads, stats, traits CSVs)
2026-04-30 07:11:27,027 [INFO]   Running: /opt/homebrew/Caskroom/miniconda/base/envs/afl/bin/python /Users/marcuswagner/coding/AFL_dashboard/build_season_data.py 
2026-04-30 07:11:27,300 [INFO]   DONE [build_season] in 0.3s
2026-04-30 07:11:27,300 [INFO]     |   Western Bulldogs      43 players  Avg Age: 24.5  Avg Games: 75
2026-04-30 07:11:27,300 [INFO]     | 
2026-04-30 07:11:27,300 [INFO]     | ============================================================
2026-04-30 07:11:27,300 [INFO]     | ✅ 2026 DATA BUILD COMPLETE
2026-04-30 07:11:27,300 [INFO]     | ============================================================
2026-04-30 07:11:27,300 [INFO] START [wheelo_player_to_raw] Merge Wheelo player season data (matches, ratings) into raw player CSVs
2026-04-30 07:11:27,450 [INFO]   Wheelo Wheelo 2026 Season: 551 players, 18 teams
2026-04-30 07:11:27,470 [INFO]   Name mappings (42): {'Mitch Knevitt': 'Mitchell Knevitt', 'Lachie Schultz': 'Lachlan Schultz', 'Tom Liberatore': 'Thomas Liberatore', 'William Edwards': 'Will Edwards', 'Matthew Johnson': 'Matt Johnson', 'Brad Close': 'Bradley Close', 'Nicholas Madden': 'Nick Madden', 'Jack Macrae': 'Jackson Macrae', 'Jacob van Rooyen': 'Jacob Van Rooyen', 'Tom Stewart': 'Thomas Stewart', 'Zach Merrett': 'Zachary Merrett', 'Lachie Weller': 'Lachlan Weller', 'Dan Butler': 'Daniel Butler', 'Christopher Scerri': 'Chris Scerri', 'Cam Mackenzie': 'Cameron Mackenzie', 'Harry Himmelberg': 'Harrison Himmelberg', 'Oliver Dempsey': 'Ollie Dempsey', 'Tim English': 'Timothy English', 'Matt Roberts': 'Matthew Roberts', 'Zac Williams': 'Zachary Williams', 'Mitch Owens': 'Mitchito Owens', 'Joe Fonti': 'Joseph Fonti', 'Archer May': 'Archie May', 'Sam Grlj': 'Samuel Grlj', 'Cam Rayner': 'Cameron Rayner', 'Sam Collins': 'Samuel Collins', 'Matt Flynn': 'Matthew Flynn', 'Thomas Edwards': 'Tom Edwards', 'Tom Burton': 'Thomas Burton', 'Lachie Fogarty': 'Lachlan Fogarty', 'Ollie Wines': 'Oliver Wines', 'Lachie Ash': 'Lachlan Ash', 'Josh Weddle': 'Joshua Weddle', 'Connor Macdonald': 'Connor MacDonald', 'Mitch Lewis': 'Mitchell Lewis', 'William Hayes': 'Will Hayes', 'Matthew Cottrell': 'Matt Cottrell', 'Leonardo Lombard': 'Leo Lombard', 'Matthew Carroll': 'Matt Carroll', 'Lachie Jones': 'Lachlan Jones', 'Matthew Owies': 'Matt Owies', 'Lachlan Sullivan': 'Lachie Sullivan'}
2026-04-30 07:11:27,479 [INFO]   Backed up player_stats_2026.csv → backups/player_stats_2026_20260430_071127.csv
2026-04-30 07:11:27,481 [INFO]   Updated player_stats_2026.csv: 551 players with matches from Wheelo
2026-04-30 07:11:27,498 [INFO]   Backed up squads_2026.csv → backups/squads_2026_20260430_071127.csv
2026-04-30 07:11:27,501 [INFO]   Updated squads_2026.csv: 551 players matched from Wheelo
2026-04-30 07:11:27,501 [INFO]   DONE [wheelo_player_to_raw] in 0.2s
2026-04-30 07:11:27,501 [INFO] START [regenerate_ratings] Regenerate computed team summaries and ladders
2026-04-30 07:11:27,501 [INFO]   Running: /opt/homebrew/Caskroom/miniconda/base/envs/afl/bin/python /Users/marcuswagner/coding/AFL_dashboard/regenerate_ratings.py 
2026-04-30 07:11:27,785 [INFO]   DONE [regenerate_ratings] in 0.3s
2026-04-30 07:11:27,785 [INFO]     | Skipping 2025 Last 5 - no raw data
2026-04-30 07:11:27,785 [INFO]     | 
2026-04-30 07:11:27,785 [INFO]     | ============================================================
2026-04-30 07:11:27,785 [INFO]     | DONE!
2026-04-30 07:11:27,785 [INFO]     | ============================================================
2026-04-30 07:11:27,785 [INFO] START [refresh_master_ladders] Update master workbook Team_Ladders_All with freshly-scraped ladder data
2026-04-30 07:11:43,005 [INFO]   Refreshed Team_Ladders_All: 287 rows
2026-04-30 07:11:43,008 [INFO]   DONE [refresh_master_ladders] in 15.2s
2026-04-30 07:11:43,009 [INFO] START [update_photos] Download photos for any new/missing players
2026-04-30 07:11:43,009 [INFO]   Running: /opt/homebrew/Caskroom/miniconda/base/envs/afl/bin/python /Users/marcuswagner/coding/AFL_dashboard/auto_update_photos.py 
2026-04-30 07:14:35,746 [INFO]   DONE [update_photos] in 172.7s
2026-04-30 07:14:35,747 [INFO]     | 
2026-04-30 07:14:35,748 [INFO] START [validate_freshness] Validate pipeline output files are present and fresh
2026-04-30 07:14:35,748 [INFO]   Running: /opt/homebrew/Caskroom/miniconda/base/envs/afl/bin/python /Users/marcuswagner/coding/AFL_dashboard/validate_pipeline_freshness.py 
2026-04-30 07:14:35,791 [INFO]   DONE [validate_freshness] in 0.0s
2026-04-30 07:14:35,791 [INFO]     |   ✓ FRESH    footywire_drafts_history.csv  (07:09)
2026-04-30 07:14:35,791 [INFO]     |   ⊘ OPTIONAL footywire_2026_with_traits.csv  (stale — 71.9h ago)
2026-04-30 07:14:35,791 [INFO]     |   ✓ FRESH    traits_2026.csv  (07:11)
2026-04-30 07:14:35,791 [INFO]     | 
2026-04-30 07:14:35,791 [INFO]     | ✅ All required files are present and fresh.
2026-04-30 07:14:35,791 [INFO] START [validate_schemas] Validate CSV output schemas (columns, row counts, data quality)
2026-04-30 07:14:35,805 [INFO]   DONE [validate_schemas] 0 warning(s) in 0.0s
2026-04-30 07:14:35,805 [INFO] START [data_diff_check] Compare pipeline outputs against backups and alert on anomalies
2026-04-30 07:14:35,816 [INFO]   DONE [data_diff_check] no anomalies in 0.0s
2026-04-30 07:14:35,816 [INFO] START [team_selections] Scrape team selections & fixture from FootyWire + Squiggle API
2026-04-30 07:14:35,816 [INFO]   Running: /opt/homebrew/Caskroom/miniconda/base/envs/afl/bin/python /Users/marcuswagner/coding/AFL_dashboard/scrape_team_selections.py 
2026-04-30 07:14:37,980 [INFO]   DONE [team_selections] in 2.2s
2026-04-30 07:14:37,980 [INFO]     | 
2026-04-30 07:14:37,980 [INFO]   SKIP [validate_selections] – Skipped: only runs on Mon, Tue
2026-04-30 07:14:37,980 [INFO] 
2026-04-30 07:14:37,980 [INFO] ============================================================
2026-04-30 07:14:37,980 [INFO] UPDATE SUMMARY
2026-04-30 07:14:37,980 [INFO] ============================================================
2026-04-30 07:14:37,980 [INFO]   ✓ footywire_squads: OK
2026-04-30 07:14:37,980 [INFO]   ✓ footywire_extended: OK
2026-04-30 07:14:37,980 [INFO]   ✓ afl_ladders: OK
2026-04-30 07:14:37,980 [INFO]   ✓ wheelo_ratings: OK
2026-04-30 07:14:37,980 [INFO]   ✓ wheelo_match_stats: OK
2026-04-30 07:14:37,980 [INFO]   ⊘ traits_api: SKIPPED: Skipped: only runs on Mon, Tue, Sun
2026-04-30 07:14:37,980 [INFO]   ✓ wheelo_to_raw: OK
2026-04-30 07:14:37,980 [INFO]   ✓ build_season: OK
2026-04-30 07:14:37,980 [INFO]   ✓ wheelo_player_to_raw: OK
2026-04-30 07:14:37,980 [INFO]   ✓ regenerate_ratings: OK
2026-04-30 07:14:37,980 [INFO]   ✓ refresh_master_ladders: OK
2026-04-30 07:14:37,980 [INFO]   ✓ update_photos: OK
2026-04-30 07:14:37,980 [INFO]   ✓ validate_freshness: OK
2026-04-30 07:14:37,980 [INFO]   ✓ validate_schemas: OK
2026-04-30 07:14:37,980 [INFO]   ✓ data_diff_check: OK
2026-04-30 07:14:37,980 [INFO]   ✓ team_selections: OK
2026-04-30 07:14:37,980 [INFO]   ⊘ validate_selections: SKIPPED: Skipped: only runs on Mon, Tue
2026-04-30 07:14:37,980 [INFO] 
2026-04-30 07:14:37,980 [INFO] Results: 17 passed, 0 failed, 2 skipped
2026-04-30 07:14:37,980 [INFO] Total time: 871s (14.5 min)
2026-04-30 07:14:37,980 [INFO] Log: /Users/marcuswagner/coding/AFL_dashboard/logs/scheduled_update_2026-04-30_0700.log
2026-04-30 07:14:37,994 [INFO] No running Streamlit process found – skip restart.
2026-04-30 07:14:37,994 [WARNING] 
⚠️  Completed with 2 skipped step(s).
2026-04-30 07:14:42,915 [INFO] Email sent to marcus.wagner@futureedgesport.com.au
==========================================
AFL Dashboard – Scheduled Update
Thu Apr 30 19:03:13 AEST 2026
==========================================
Using conda env: afl
2026-04-30 19:03:14,660 [INFO] Log file: /Users/marcuswagner/coding/AFL_dashboard/logs/scheduled_update_2026-04-30_1903.log
2026-04-30 19:03:14,660 [INFO] ============================================================
2026-04-30 19:03:14,660 [INFO] AFL Dashboard – Scheduled Data Update
2026-04-30 19:03:14,660 [INFO] Date: Thursday 30 April 2026 19:03
2026-04-30 19:03:14,660 [INFO] Mode: FULL
2026-04-30 19:03:14,660 [INFO] ============================================================
2026-04-30 19:03:14,660 [INFO] Python: /opt/homebrew/Caskroom/miniconda/base/envs/afl/bin/python
2026-04-30 19:03:14,660 [INFO] 
Steps to run (1):
2026-04-30 19:03:14,660 [INFO]   • team_selections: Scrape team selections & fixture from FootyWire + Squiggle API
2026-04-30 19:03:14,660 [INFO] 
2026-04-30 19:03:14,660 [INFO] START [team_selections] Scrape team selections & fixture from FootyWire + Squiggle API
2026-04-30 19:03:14,660 [INFO]   Running: /opt/homebrew/Caskroom/miniconda/base/envs/afl/bin/python /Users/marcuswagner/coding/AFL_dashboard/scrape_team_selections.py 
2026-04-30 19:03:17,313 [INFO]   DONE [team_selections] in 2.7s
2026-04-30 19:03:17,313 [INFO]     | 
2026-04-30 19:03:17,313 [INFO] 
2026-04-30 19:03:17,313 [INFO] ============================================================
2026-04-30 19:03:17,313 [INFO] UPDATE SUMMARY
2026-04-30 19:03:17,313 [INFO] ============================================================
2026-04-30 19:03:17,313 [INFO]   ✓ team_selections: OK
2026-04-30 19:03:17,313 [INFO] 
2026-04-30 19:03:17,313 [INFO] Results: 1 passed, 0 failed, 0 skipped
2026-04-30 19:03:17,313 [INFO] Total time: 3s (0.0 min)
2026-04-30 19:03:17,313 [INFO] Log: /Users/marcuswagner/coding/AFL_dashboard/logs/scheduled_update_2026-04-30_1903.log
2026-04-30 19:03:17,314 [INFO] Log rotation: removed 1 old log file(s)
2026-04-30 19:03:17,331 [INFO] No running Streamlit process found – skip restart.
2026-04-30 19:03:17,331 [INFO] 
✅ All steps completed successfully!
2026-04-30 19:03:22,428 [INFO] Email sent to marcus.wagner@futureedgesport.com.au
==========================================
AFL Dashboard – Scheduled Update
==========================================
AFL Dashboard – Scheduled Update
Fri May  1 07:15:09 AEST 2026
==========================================
Fri May  1 07:15:09 AEST 2026
==========================================
Using conda env: afl
Using conda env: afl
2026-05-01 07:15:10,935 [INFO] Log file: /Users/marcuswagner/coding/AFL_dashboard/logs/scheduled_update_2026-05-01_0715.log
2026-05-01 07:15:10,935 [INFO] Log file: /Users/marcuswagner/coding/AFL_dashboard/logs/scheduled_update_2026-05-01_0715.log
2026-05-01 07:15:10,935 [INFO] ============================================================
2026-05-01 07:15:10,935 [INFO] ============================================================
2026-05-01 07:15:10,935 [INFO] AFL Dashboard – Scheduled Data Update
2026-05-01 07:15:10,935 [INFO] AFL Dashboard – Scheduled Data Update
2026-05-01 07:15:10,935 [INFO] Date: Friday 01 May 2026 07:15
2026-05-01 07:15:10,935 [INFO] Date: Friday 01 May 2026 07:15
2026-05-01 07:15:10,935 [INFO] Mode: FULL
2026-05-01 07:15:10,935 [INFO] Mode: FULL
2026-05-01 07:15:10,935 [INFO] ============================================================
2026-05-01 07:15:10,935 [INFO] ============================================================
2026-05-01 07:15:10,935 [INFO] Python: /opt/homebrew/Caskroom/miniconda/base/envs/afl/bin/python
2026-05-01 07:15:10,935 [INFO] Python: /opt/homebrew/Caskroom/miniconda/base/envs/afl/bin/python
2026-05-01 07:15:10,935 [INFO] 
Steps to run (17):
2026-05-01 07:15:10,935 [INFO] 
Steps to run (2):
2026-05-01 07:15:10,935 [INFO]   • footywire_squads: Scrape player squads from Footywire
2026-05-01 07:15:10,935 [INFO]   • wheelo_ratings: Scrape Wheelo team & player ratings (Selenium) [SLOW]
2026-05-01 07:15:10,935 [INFO]   • footywire_extended: Scrape contracts & draft history from Footywire
2026-05-01 07:15:10,935 [INFO]   • wheelo_match_stats: Scrape Wheelo match-by-match player ratings + Brownlow predictions (Selenium) [SLOW]
2026-05-01 07:15:10,935 [INFO]   • afl_ladders: Scrape AFL ladder standings from Footywire (current season)
2026-05-01 07:15:10,935 [INFO] 
2026-05-01 07:15:10,935 [INFO]   • wheelo_ratings: Scrape Wheelo team & player ratings (Selenium) [SLOW]
2026-05-01 07:15:10,935 [INFO]   • wheelo_match_stats: Scrape Wheelo match-by-match player ratings + Brownlow predictions (Selenium) [SLOW]
2026-05-01 07:15:10,935 [INFO] START [wheelo_ratings] Scrape Wheelo team & player ratings (Selenium)
2026-05-01 07:15:10,935 [INFO]   • traits_api: Fetch Traits API data for current-season players [SLOW]
2026-05-01 07:15:10,935 [INFO]   Running: /opt/homebrew/Caskroom/miniconda/base/envs/afl/bin/python /Users/marcuswagner/coding/AFL_dashboard/scrape_wheelo_ratings.py --all
2026-05-01 07:15:10,935 [INFO]   • wheelo_to_raw: Copy Wheelo team stats to raw data folder for ratings pipeline
2026-05-01 07:15:10,935 [INFO]   • build_season: Build season data files (squads, stats, traits CSVs)
2026-05-01 07:15:10,935 [INFO]   • wheelo_player_to_raw: Merge Wheelo player season data (matches, ratings) into raw player CSVs
2026-05-01 07:15:10,935 [INFO]   • regenerate_ratings: Regenerate computed team summaries and ladders
2026-05-01 07:15:10,935 [INFO]   • refresh_master_ladders: Update master workbook Team_Ladders_All with freshly-scraped ladder data
2026-05-01 07:15:10,935 [INFO]   • update_photos: Download photos for any new/missing players [SLOW]
2026-05-01 07:15:10,935 [INFO]   • validate_freshness: Validate pipeline output files are present and fresh
2026-05-01 07:15:10,935 [INFO]   • validate_schemas: Validate CSV output schemas (columns, row counts, data quality)
2026-05-01 07:15:10,935 [INFO]   • data_diff_check: Compare pipeline outputs against backups and alert on anomalies
2026-05-01 07:15:10,935 [INFO]   • team_selections: Scrape team selections & fixture from FootyWire + Squiggle API
2026-05-01 07:15:10,936 [INFO]   • validate_selections: Validate announced squads against actual match-day players
2026-05-01 07:15:10,936 [INFO] 
2026-05-01 07:15:10,936 [INFO] START [footywire_squads] Scrape player squads from Footywire
2026-05-01 07:15:10,936 [INFO]   Running: /opt/homebrew/Caskroom/miniconda/base/envs/afl/bin/python /Users/marcuswagner/coding/AFL_dashboard/scrape_footywire.py 
2026-05-01 07:15:43,120 [INFO]   DONE [footywire_squads] in 32.2s
2026-05-01 07:15:43,121 [INFO]     | DefenderMidfieldForward      1
2026-05-01 07:15:43,121 [INFO]     | Name: count, dtype: int64
2026-05-01 07:15:43,121 [INFO]     | 
2026-05-01 07:15:43,121 [INFO]     | 
2026-05-01 07:15:43,121 [INFO]     | Updated DOB cache: 0 new entries
2026-05-01 07:15:43,121 [INFO] START [footywire_extended] Scrape contracts & draft history from Footywire
2026-05-01 07:15:43,121 [INFO]   Running: /opt/homebrew/Caskroom/miniconda/base/envs/afl/bin/python /Users/marcuswagner/coding/AFL_dashboard/scrape_footywire_extended.py --current-only
2026-05-01 07:21:53,584 [INFO]   DONE [wheelo_ratings] in 402.6s
2026-05-01 07:21:53,585 [INFO]     | 📊 Team Stats downloaded: 3 files
2026-05-01 07:21:53,585 [INFO]     | 📊 Player Stats downloaded: 3 files
2026-05-01 07:21:53,585 [INFO]     | 📊 Squad Lists downloaded: 1 file
2026-05-01 07:21:53,585 [INFO]     | 
2026-05-01 07:21:53,585 [INFO]     | 📁 CSV files saved in: /Users/marcuswagner/coding/AFL_dashboard/wheelo_downloads
2026-05-01 07:21:53,585 [INFO] START [wheelo_match_stats] Scrape Wheelo match-by-match player ratings + Brownlow predictions (Selenium)
2026-05-01 07:21:53,585 [INFO]   Running: /opt/homebrew/Caskroom/miniconda/base/envs/afl/bin/python /Users/marcuswagner/coding/AFL_dashboard/scrape_wheelo_match_stats.py --brownlow
2026-05-01 07:55:51,162 [ERROR]   FAILED [wheelo_match_stats] exit code 1 (2037.6s)
2026-05-01 07:55:51,162 [ERROR]     | 6   chromedriver                        0x00000001052fff60 cxxbridge1$str$ptr + 2943204
2026-05-01 07:55:51,162 [ERROR]     | 7   chromedriver                        0x0000000105303744 cxxbridge1$str$ptr + 2957512
2026-05-01 07:55:51,162 [ERROR]     | 8   chromedriver                        0x00000001052e4e50 cxxbridge1$str$ptr + 2832340
2026-05-01 07:55:51,162 [ERROR]     | 9   chromedriver                        0x0000000105303fc4 cxxbridge1$str$ptr + 2959688
2026-05-01 07:55:51,162 [ERROR]     | 10  chromedriver                        0x00000001052d5828 cxxbridge1$str$ptr + 2769324
2026-05-01 07:55:51,162 [ERROR]     | 11  chromedriver                        0x0000000105328920 cxxbridge1$str$ptr + 3109540
2026-05-01 07:55:51,162 [ERROR]     | 12  chromedriver                        0x0000000105328a9c cxxbridge1$str$ptr + 3109920
2026-05-01 07:55:51,162 [ERROR]     | 13  chromedriver                        0x0000000105339ae4 cxxbridge1$str$ptr + 3179624
2026-05-01 07:55:51,162 [ERROR]     | 14  libsystem_pthread.dylib             0x000000019d915c08 _pthread_start + 136
2026-05-01 07:55:51,162 [ERROR]     | 15  libsystem_pthread.dylib             0x000000019d910ba8 thread_start + 8
2026-05-01 07:55:51,162 [ERROR]     | 
2026-05-01 07:55:51,162 [ERROR]     |   📋 Opening Round (round 0)
2026-05-01 07:55:51,162 [ERROR]     |     (no games found)
2026-05-01 07:55:51,162 [ERROR]     | 
2026-05-01 07:55:51,162 [ERROR]     |   📋 Round 1 (round 1)
2026-05-01 07:55:51,163 [INFO] 
2026-05-01 07:55:51,163 [INFO] ============================================================
2026-05-01 07:55:51,163 [INFO] UPDATE SUMMARY
2026-05-01 07:55:51,163 [INFO] ============================================================
2026-05-01 07:55:51,163 [INFO]   ✓ wheelo_ratings: OK
2026-05-01 07:55:51,163 [INFO]   ✗ wheelo_match_stats: FAILED: Exit code 1
2026-05-01 07:55:51,163 [INFO] 
2026-05-01 07:55:51,163 [INFO] Results: 1 passed, 1 failed, 0 skipped
2026-05-01 07:55:51,163 [INFO] Total time: 2440s (40.7 min)
2026-05-01 07:55:51,163 [INFO] Log: /Users/marcuswagner/coding/AFL_dashboard/logs/scheduled_update_2026-05-01_0715.log
2026-05-01 07:55:51,164 [INFO] Log rotation: removed 1 old log file(s)
2026-05-01 07:55:51,178 [INFO] No running Streamlit process found – skip restart.
2026-05-01 07:55:51,178 [WARNING] 
⚠️  1 step(s) failed. Check log for details.
2026-05-01 07:55:56,582 [INFO] Email sent to marcus.wagner@futureedgesport.com.au
2026-05-01 08:53:12,216 [INFO]   DONE [footywire_extended] in 5849.1s
2026-05-01 08:53:12,217 [INFO]     | 5  Adelaide    Brayden Cook           2026.0           Non-Free Agent      2020.0    National          1.0        25.0
2026-05-01 08:53:12,217 [INFO]     | 6  Adelaide     Indy Cotton           2027.0                  Unknown         NaN        None          NaN         NaN
2026-05-01 08:53:12,217 [INFO]     | 7  Adelaide   Isaac Cumming           2030.0           Non-Free Agent      2016.0    National          1.0        20.0
2026-05-01 08:53:12,217 [INFO]     | 8  Adelaide   Daniel Curtin           2029.0           Non-Free Agent      2023.0    National          1.0         8.0
2026-05-01 08:53:12,217 [INFO]     | 9  Adelaide   Jordan Dawson           2029.0    Restricted Free Agent      2015.0    National          4.0        56.0
2026-05-01 08:53:12,217 [INFO] START [afl_ladders] Scrape AFL ladder standings from Footywire (current season)
2026-05-01 08:53:12,217 [INFO]   Running: /opt/homebrew/Caskroom/miniconda/base/envs/afl/bin/python /Users/marcuswagner/coding/AFL_dashboard/scrape_afl_ladders.py --current-only
2026-05-01 08:53:14,278 [INFO]   DONE [afl_ladders] in 2.1s
2026-05-01 08:53:14,278 [INFO]     |   2026: 18 teams
2026-05-01 08:53:14,278 [INFO]     | 
2026-05-01 08:53:14,278 [INFO]     | ============================================================
2026-05-01 08:53:14,278 [INFO]     | Completed: 2026-05-01 08:53:14
2026-05-01 08:53:14,278 [INFO]     | ============================================================
2026-05-01 08:53:14,279 [INFO] START [wheelo_ratings] Scrape Wheelo team & player ratings (Selenium)
2026-05-01 08:53:14,279 [INFO]   Running: /opt/homebrew/Caskroom/miniconda/base/envs/afl/bin/python /Users/marcuswagner/coding/AFL_dashboard/scrape_wheelo_ratings.py --all
2026-05-01 08:54:06,662 [INFO]   DONE [wheelo_ratings] in 52.4s
2026-05-01 08:54:06,662 [INFO]     | 📊 Team Stats downloaded: 3 files
2026-05-01 08:54:06,662 [INFO]     | 📊 Player Stats downloaded: 3 files
2026-05-01 08:54:06,662 [INFO]     | 📊 Squad Lists downloaded: 1 file
2026-05-01 08:54:06,662 [INFO]     | 
2026-05-01 08:54:06,662 [INFO]     | 📁 CSV files saved in: /Users/marcuswagner/coding/AFL_dashboard/wheelo_downloads
2026-05-01 08:54:06,662 [INFO] START [wheelo_match_stats] Scrape Wheelo match-by-match player ratings + Brownlow predictions (Selenium)
2026-05-01 08:54:06,662 [INFO]   Running: /opt/homebrew/Caskroom/miniconda/base/envs/afl/bin/python /Users/marcuswagner/coding/AFL_dashboard/scrape_wheelo_match_stats.py --brownlow
2026-05-01 08:55:24,785 [INFO]   DONE [wheelo_match_stats] in 78.1s
2026-05-01 08:55:24,786 [INFO]     | ============================================================
2026-05-01 08:55:24,786 [INFO]     | 🔧 Chrome driver attempt 1/3…
2026-05-01 08:55:24,786 [INFO]     | ✅ Chrome driver ready
2026-05-01 08:55:24,786 [INFO]     | 
2026-05-01 08:55:24,786 [INFO]     | 💾 Saved 2898 rows → /Users/marcuswagner/coding/AFL_dashboard/data/raw/player/brownlow_predictions_2026.csv
2026-05-01 08:55:24,786 [INFO]   SKIP [traits_api] – Skipped: only runs on Mon, Tue, Sun
2026-05-01 08:55:24,786 [INFO] START [wheelo_to_raw] Copy Wheelo team stats to raw data folder for ratings pipeline
2026-05-01 08:55:25,132 [INFO]   Backed up team_stats_2026.csv → backups/team_stats_2026_20260501_085525.csv
2026-05-01 08:55:25,134 [INFO]   Copied Wheelo 2026 Season -> team_stats_2026.csv (18 teams)
2026-05-01 08:55:25,150 [INFO]   Backed up team_stats_2026_L10.csv → backups/team_stats_2026_L10_20260501_085525.csv
2026-05-01 08:55:25,151 [INFO]   Copied Wheelo 2026 L10 -> team_stats_2026_L10.csv (18 teams)
2026-05-01 08:55:25,172 [INFO]   Backed up team_stats_2026_L5.csv → backups/team_stats_2026_L5_20260501_085525.csv
2026-05-01 08:55:25,174 [INFO]   Copied Wheelo 2026 L5 -> team_stats_2026_L5.csv (18 teams)
2026-05-01 08:55:25,174 [INFO]   DONE [wheelo_to_raw] in 0.4s
2026-05-01 08:55:25,174 [INFO] START [build_season] Build season data files (squads, stats, traits CSVs)
2026-05-01 08:55:25,174 [INFO]   Running: /opt/homebrew/Caskroom/miniconda/base/envs/afl/bin/python /Users/marcuswagner/coding/AFL_dashboard/build_season_data.py 
2026-05-01 08:55:25,460 [INFO]   DONE [build_season] in 0.3s
2026-05-01 08:55:25,460 [INFO]     |   Western Bulldogs      43 players  Avg Age: 24.5  Avg Games: 75
2026-05-01 08:55:25,460 [INFO]     | 
2026-05-01 08:55:25,460 [INFO]     | ============================================================
2026-05-01 08:55:25,460 [INFO]     | ✅ 2026 DATA BUILD COMPLETE
2026-05-01 08:55:25,460 [INFO]     | ============================================================
2026-05-01 08:55:25,460 [INFO] START [wheelo_player_to_raw] Merge Wheelo player season data (matches, ratings) into raw player CSVs
2026-05-01 08:55:25,611 [INFO]   Wheelo Wheelo 2026 Season: 551 players, 18 teams
2026-05-01 08:55:25,630 [INFO]   Name mappings (42): {'Lachie Weller': 'Lachlan Weller', 'Matthew Cottrell': 'Matt Cottrell', 'Connor Macdonald': 'Connor MacDonald', 'Brad Close': 'Bradley Close', 'Zac Williams': 'Zachary Williams', 'Thomas Edwards': 'Tom Edwards', 'Zach Merrett': 'Zachary Merrett', 'Matthew Owies': 'Matt Owies', 'Matthew Carroll': 'Matt Carroll', 'Matthew Johnson': 'Matt Johnson', 'Matt Roberts': 'Matthew Roberts', 'Jacob van Rooyen': 'Jacob Van Rooyen', 'Sam Collins': 'Samuel Collins', 'Ollie Wines': 'Oliver Wines', 'Tom Burton': 'Thomas Burton', 'Matt Flynn': 'Matthew Flynn', 'Cam Mackenzie': 'Cameron Mackenzie', 'Mitch Lewis': 'Mitchell Lewis', 'Joe Fonti': 'Joseph Fonti', 'William Hayes': 'Will Hayes', 'Lachie Schultz': 'Lachlan Schultz', 'Lachie Jones': 'Lachlan Jones', 'Josh Weddle': 'Joshua Weddle', 'Jack Macrae': 'Jackson Macrae', 'Mitch Owens': 'Mitchito Owens', 'Cam Rayner': 'Cameron Rayner', 'Lachie Fogarty': 'Lachlan Fogarty', 'Sam Grlj': 'Samuel Grlj', 'Nicholas Madden': 'Nick Madden', 'Tim English': 'Timothy English', 'Mitch Knevitt': 'Mitchell Knevitt', 'Tom Stewart': 'Thomas Stewart', 'William Edwards': 'Will Edwards', 'Lachlan Sullivan': 'Lachie Sullivan', 'Archer May': 'Archie May', 'Lachie Ash': 'Lachlan Ash', 'Tom Liberatore': 'Thomas Liberatore', 'Oliver Dempsey': 'Ollie Dempsey', 'Dan Butler': 'Daniel Butler', 'Leonardo Lombard': 'Leo Lombard', 'Christopher Scerri': 'Chris Scerri', 'Harry Himmelberg': 'Harrison Himmelberg'}
2026-05-01 08:55:25,639 [INFO]   Backed up player_stats_2026.csv → backups/player_stats_2026_20260501_085525.csv
2026-05-01 08:55:25,641 [INFO]   Updated player_stats_2026.csv: 551 players with matches from Wheelo
2026-05-01 08:55:25,659 [INFO]   Backed up squads_2026.csv → backups/squads_2026_20260501_085525.csv
2026-05-01 08:55:25,661 [INFO]   Updated squads_2026.csv: 551 players matched from Wheelo
2026-05-01 08:55:25,661 [INFO]   DONE [wheelo_player_to_raw] in 0.2s
2026-05-01 08:55:25,661 [INFO] START [regenerate_ratings] Regenerate computed team summaries and ladders
2026-05-01 08:55:25,661 [INFO]   Running: /opt/homebrew/Caskroom/miniconda/base/envs/afl/bin/python /Users/marcuswagner/coding/AFL_dashboard/regenerate_ratings.py 
2026-05-01 08:55:25,938 [INFO]   DONE [regenerate_ratings] in 0.3s
2026-05-01 08:55:25,938 [INFO]     | Skipping 2025 Last 5 - no raw data
2026-05-01 08:55:25,938 [INFO]     | 
2026-05-01 08:55:25,938 [INFO]     | ============================================================
2026-05-01 08:55:25,938 [INFO]     | DONE!
2026-05-01 08:55:25,938 [INFO]     | ============================================================
2026-05-01 08:55:25,938 [INFO] START [refresh_master_ladders] Update master workbook Team_Ladders_All with freshly-scraped ladder data
2026-05-01 08:55:41,163 [INFO]   Refreshed Team_Ladders_All: 287 rows
2026-05-01 08:55:41,167 [INFO]   DONE [refresh_master_ladders] in 15.2s
2026-05-01 08:55:41,167 [INFO] START [update_photos] Download photos for any new/missing players
2026-05-01 08:55:41,167 [INFO]   Running: /opt/homebrew/Caskroom/miniconda/base/envs/afl/bin/python /Users/marcuswagner/coding/AFL_dashboard/auto_update_photos.py 
2026-05-01 08:58:22,907 [INFO]   DONE [update_photos] in 161.7s
2026-05-01 08:58:22,908 [INFO]     | 
2026-05-01 08:58:22,908 [INFO] START [validate_freshness] Validate pipeline output files are present and fresh
2026-05-01 08:58:22,908 [INFO]   Running: /opt/homebrew/Caskroom/miniconda/base/envs/afl/bin/python /Users/marcuswagner/coding/AFL_dashboard/validate_pipeline_freshness.py 
2026-05-01 08:58:22,940 [INFO]   DONE [validate_freshness] in 0.0s
2026-05-01 08:58:22,940 [INFO]     |   ✓ FRESH    footywire_drafts_history.csv  (08:53)
2026-05-01 08:58:22,940 [INFO]     |   ⊘ OPTIONAL footywire_2026_with_traits.csv  (stale — 97.6h ago)
2026-05-01 08:58:22,940 [INFO]     |   ✓ FRESH    traits_2026.csv  (08:55)
2026-05-01 08:58:22,940 [INFO]     | 
2026-05-01 08:58:22,940 [INFO]     | ✅ All required files are present and fresh.
2026-05-01 08:58:22,940 [INFO] START [validate_schemas] Validate CSV output schemas (columns, row counts, data quality)
2026-05-01 08:58:22,953 [INFO]   DONE [validate_schemas] 0 warning(s) in 0.0s
2026-05-01 08:58:22,953 [INFO] START [data_diff_check] Compare pipeline outputs against backups and alert on anomalies
2026-05-01 08:58:22,964 [INFO]   DONE [data_diff_check] no anomalies in 0.0s
2026-05-01 08:58:22,964 [INFO] START [team_selections] Scrape team selections & fixture from FootyWire + Squiggle API
2026-05-01 08:58:22,964 [INFO]   Running: /opt/homebrew/Caskroom/miniconda/base/envs/afl/bin/python /Users/marcuswagner/coding/AFL_dashboard/scrape_team_selections.py 
2026-05-01 08:58:25,020 [INFO]   DONE [team_selections] in 2.1s
2026-05-01 08:58:25,020 [INFO]     | 
2026-05-01 08:58:25,020 [INFO]   SKIP [validate_selections] – Skipped: only runs on Mon, Tue
2026-05-01 08:58:25,020 [INFO] 
2026-05-01 08:58:25,020 [INFO] ============================================================
2026-05-01 08:58:25,020 [INFO] UPDATE SUMMARY
2026-05-01 08:58:25,020 [INFO] ============================================================
2026-05-01 08:58:25,021 [INFO]   ✓ footywire_squads: OK
2026-05-01 08:58:25,021 [INFO]   ✓ footywire_extended: OK
2026-05-01 08:58:25,021 [INFO]   ✓ afl_ladders: OK
2026-05-01 08:58:25,021 [INFO]   ✓ wheelo_ratings: OK
2026-05-01 08:58:25,021 [INFO]   ✓ wheelo_match_stats: OK
2026-05-01 08:58:25,021 [INFO]   ⊘ traits_api: SKIPPED: Skipped: only runs on Mon, Tue, Sun
2026-05-01 08:58:25,021 [INFO]   ✓ wheelo_to_raw: OK
2026-05-01 08:58:25,021 [INFO]   ✓ build_season: OK
2026-05-01 08:58:25,021 [INFO]   ✓ wheelo_player_to_raw: OK
2026-05-01 08:58:25,021 [INFO]   ✓ regenerate_ratings: OK
2026-05-01 08:58:25,021 [INFO]   ✓ refresh_master_ladders: OK
2026-05-01 08:58:25,021 [INFO]   ✓ update_photos: OK
2026-05-01 08:58:25,021 [INFO]   ✓ validate_freshness: OK
2026-05-01 08:58:25,021 [INFO]   ✓ validate_schemas: OK
2026-05-01 08:58:25,021 [INFO]   ✓ data_diff_check: OK
2026-05-01 08:58:25,021 [INFO]   ✓ team_selections: OK
2026-05-01 08:58:25,021 [INFO]   ⊘ validate_selections: SKIPPED: Skipped: only runs on Mon, Tue
2026-05-01 08:58:25,021 [INFO] 
2026-05-01 08:58:25,021 [INFO] Results: 17 passed, 0 failed, 2 skipped
2026-05-01 08:58:25,021 [INFO] Total time: 6194s (103.2 min)
2026-05-01 08:58:25,021 [INFO] Log: /Users/marcuswagner/coding/AFL_dashboard/logs/scheduled_update_2026-05-01_0715.log
2026-05-01 08:58:25,036 [INFO] No running Streamlit process found – skip restart.
2026-05-01 08:58:25,036 [WARNING] 
⚠️  Completed with 2 skipped step(s).
2026-05-01 08:58:30,298 [INFO] Email sent to marcus.wagner@futureedgesport.com.au
==========================================
AFL Dashboard – Scheduled Update
Fri May  1 19:00:04 AEST 2026
==========================================
Using conda env: afl
2026-05-01 19:00:05,974 [INFO] Log file: /Users/marcuswagner/coding/AFL_dashboard/logs/scheduled_update_2026-05-01_1900.log
2026-05-01 19:00:05,974 [INFO] ============================================================
2026-05-01 19:00:05,974 [INFO] AFL Dashboard – Scheduled Data Update
2026-05-01 19:00:05,975 [INFO] Date: Friday 01 May 2026 19:00
2026-05-01 19:00:05,975 [INFO] Mode: FULL
2026-05-01 19:00:05,975 [INFO] ============================================================
2026-05-01 19:00:05,975 [INFO] Python: /opt/homebrew/Caskroom/miniconda/base/envs/afl/bin/python
2026-05-01 19:00:05,975 [INFO] 
Steps to run (1):
2026-05-01 19:00:05,975 [INFO]   • team_selections: Scrape team selections & fixture from FootyWire + Squiggle API
2026-05-01 19:00:05,975 [INFO] 
2026-05-01 19:00:05,975 [INFO] START [team_selections] Scrape team selections & fixture from FootyWire + Squiggle API
2026-05-01 19:00:05,975 [INFO]   Running: /opt/homebrew/Caskroom/miniconda/base/envs/afl/bin/python /Users/marcuswagner/coding/AFL_dashboard/scrape_team_selections.py 
2026-05-01 19:00:09,241 [INFO]   DONE [team_selections] in 3.3s
2026-05-01 19:00:09,241 [INFO]     | 
2026-05-01 19:00:09,241 [INFO] 
2026-05-01 19:00:09,241 [INFO] ============================================================
2026-05-01 19:00:09,241 [INFO] UPDATE SUMMARY
2026-05-01 19:00:09,241 [INFO] ============================================================
2026-05-01 19:00:09,241 [INFO]   ✓ team_selections: OK
2026-05-01 19:00:09,241 [INFO] 
2026-05-01 19:00:09,241 [INFO] Results: 1 passed, 0 failed, 0 skipped
2026-05-01 19:00:09,241 [INFO] Total time: 3s (0.1 min)
2026-05-01 19:00:09,241 [INFO] Log: /Users/marcuswagner/coding/AFL_dashboard/logs/scheduled_update_2026-05-01_1900.log
2026-05-01 19:00:09,243 [INFO] Log rotation: removed 1 old log file(s)
2026-05-01 19:00:09,256 [INFO] Stopped Streamlit (PIDs: 21302)
2026-05-01 19:00:11,273 [INFO] Restarted Streamlit app.
2026-05-01 19:00:11,274 [INFO] 
✅ All steps completed successfully!
2026-05-01 19:00:18,224 [INFO] Email sent to marcus.wagner@futureedgesport.com.au
==========================================
==========================================
AFL Dashboard – Scheduled Update
AFL Dashboard – Scheduled Update
Sat May  2 07:00:02 AEST 2026
==========================================
Sat May  2 07:00:02 AEST 2026
==========================================
Using conda env: afl
Using conda env: afl
2026-05-02 07:00:03,735 [INFO] Log file: /Users/marcuswagner/coding/AFL_dashboard/logs/scheduled_update_2026-05-02_0700.log
2026-05-02 07:00:03,735 [INFO] Log file: /Users/marcuswagner/coding/AFL_dashboard/logs/scheduled_update_2026-05-02_0700.log
2026-05-02 07:00:03,735 [INFO] ============================================================
2026-05-02 07:00:03,735 [INFO] AFL Dashboard – Scheduled Data Update
2026-05-02 07:00:03,735 [INFO] ============================================================
2026-05-02 07:00:03,735 [INFO] Date: Saturday 02 May 2026 07:00
2026-05-02 07:00:03,735 [INFO] AFL Dashboard – Scheduled Data Update
2026-05-02 07:00:03,735 [INFO] Mode: FULL
2026-05-02 07:00:03,735 [INFO] Date: Saturday 02 May 2026 07:00
2026-05-02 07:00:03,735 [INFO] ============================================================
2026-05-02 07:00:03,735 [INFO] Mode: FULL
2026-05-02 07:00:03,735 [INFO] Python: /opt/homebrew/Caskroom/miniconda/base/envs/afl/bin/python
2026-05-02 07:00:03,735 [INFO] ============================================================
2026-05-02 07:00:03,735 [INFO] 
Steps to run (17):
2026-05-02 07:00:03,735 [INFO] Python: /opt/homebrew/Caskroom/miniconda/base/envs/afl/bin/python
2026-05-02 07:00:03,735 [INFO]   • footywire_squads: Scrape player squads from Footywire
2026-05-02 07:00:03,735 [INFO]   • footywire_extended: Scrape contracts & draft history from Footywire
2026-05-02 07:00:03,735 [INFO] 
Steps to run (2):
2026-05-02 07:00:03,735 [INFO]   • afl_ladders: Scrape AFL ladder standings from Footywire (current season)
2026-05-02 07:00:03,735 [INFO]   • wheelo_ratings: Scrape Wheelo team & player ratings (Selenium) [SLOW]
2026-05-02 07:00:03,735 [INFO]   • wheelo_ratings: Scrape Wheelo team & player ratings (Selenium) [SLOW]
2026-05-02 07:00:03,735 [INFO]   • wheelo_match_stats: Scrape Wheelo match-by-match player ratings + Brownlow predictions (Selenium) [SLOW]
2026-05-02 07:00:03,735 [INFO]   • wheelo_match_stats: Scrape Wheelo match-by-match player ratings + Brownlow predictions (Selenium) [SLOW]
2026-05-02 07:00:03,735 [INFO] 
2026-05-02 07:00:03,735 [INFO]   • traits_api: Fetch Traits API data for current-season players [SLOW]
2026-05-02 07:00:03,735 [INFO]   • wheelo_to_raw: Copy Wheelo team stats to raw data folder for ratings pipeline
2026-05-02 07:00:03,735 [INFO] START [wheelo_ratings] Scrape Wheelo team & player ratings (Selenium)
2026-05-02 07:00:03,735 [INFO]   • build_season: Build season data files (squads, stats, traits CSVs)
2026-05-02 07:00:03,735 [INFO]   Running: /opt/homebrew/Caskroom/miniconda/base/envs/afl/bin/python /Users/marcuswagner/coding/AFL_dashboard/scrape_wheelo_ratings.py --all
2026-05-02 07:00:03,735 [INFO]   • wheelo_player_to_raw: Merge Wheelo player season data (matches, ratings) into raw player CSVs
2026-05-02 07:00:03,735 [INFO]   • regenerate_ratings: Regenerate computed team summaries and ladders
2026-05-02 07:00:03,735 [INFO]   • refresh_master_ladders: Update master workbook Team_Ladders_All with freshly-scraped ladder data
2026-05-02 07:00:03,735 [INFO]   • update_photos: Download photos for any new/missing players [SLOW]
2026-05-02 07:00:03,735 [INFO]   • validate_freshness: Validate pipeline output files are present and fresh
2026-05-02 07:00:03,735 [INFO]   • validate_schemas: Validate CSV output schemas (columns, row counts, data quality)
2026-05-02 07:00:03,735 [INFO]   • data_diff_check: Compare pipeline outputs against backups and alert on anomalies
2026-05-02 07:00:03,735 [INFO]   • team_selections: Scrape team selections & fixture from FootyWire + Squiggle API
2026-05-02 07:00:03,735 [INFO]   • validate_selections: Validate announced squads against actual match-day players
2026-05-02 07:00:03,735 [INFO] 
2026-05-02 07:00:03,735 [INFO] START [footywire_squads] Scrape player squads from Footywire
2026-05-02 07:00:03,735 [INFO]   Running: /opt/homebrew/Caskroom/miniconda/base/envs/afl/bin/python /Users/marcuswagner/coding/AFL_dashboard/scrape_footywire.py 
2026-05-02 07:00:37,179 [INFO]   DONE [footywire_squads] in 33.4s
2026-05-02 07:00:37,179 [INFO]     | DefenderMidfieldForward      1
2026-05-02 07:00:37,179 [INFO]     | Name: count, dtype: int64
2026-05-02 07:00:37,179 [INFO]     | 
2026-05-02 07:00:37,179 [INFO]     | 
2026-05-02 07:00:37,179 [INFO]     | Updated DOB cache: 0 new entries
2026-05-02 07:00:37,179 [INFO] START [footywire_extended] Scrape contracts & draft history from Footywire
2026-05-02 07:00:37,179 [INFO]   Running: /opt/homebrew/Caskroom/miniconda/base/envs/afl/bin/python /Users/marcuswagner/coding/AFL_dashboard/scrape_footywire_extended.py --current-only
2026-05-02 07:00:53,764 [INFO]   DONE [wheelo_ratings] in 50.0s
2026-05-02 07:00:53,765 [INFO]     | 📊 Team Stats downloaded: 3 files
2026-05-02 07:00:53,765 [INFO]     | 📊 Player Stats downloaded: 3 files
2026-05-02 07:00:53,765 [INFO]     | 📊 Squad Lists downloaded: 1 file
2026-05-02 07:00:53,765 [INFO]     | 
2026-05-02 07:00:53,765 [INFO]     | 📁 CSV files saved in: /Users/marcuswagner/coding/AFL_dashboard/wheelo_downloads
2026-05-02 07:00:53,765 [INFO] START [wheelo_match_stats] Scrape Wheelo match-by-match player ratings + Brownlow predictions (Selenium)
2026-05-02 07:00:53,765 [INFO]   Running: /opt/homebrew/Caskroom/miniconda/base/envs/afl/bin/python /Users/marcuswagner/coding/AFL_dashboard/scrape_wheelo_match_stats.py --brownlow
2026-05-02 07:02:16,785 [INFO]   DONE [wheelo_match_stats] in 83.0s
2026-05-02 07:02:16,785 [INFO]     | ============================================================
2026-05-02 07:02:16,785 [INFO]     | 🔧 Chrome driver attempt 1/3…
2026-05-02 07:02:16,785 [INFO]     | ✅ Chrome driver ready
2026-05-02 07:02:16,785 [INFO]     | 
2026-05-02 07:02:16,785 [INFO]     | 💾 Saved 2898 rows → /Users/marcuswagner/coding/AFL_dashboard/data/raw/player/brownlow_predictions_2026.csv
2026-05-02 07:02:16,785 [INFO] 
2026-05-02 07:02:16,785 [INFO] ============================================================
2026-05-02 07:02:16,785 [INFO] UPDATE SUMMARY
2026-05-02 07:02:16,785 [INFO] ============================================================
2026-05-02 07:02:16,786 [INFO]   ✓ wheelo_ratings: OK
2026-05-02 07:02:16,786 [INFO]   ✓ wheelo_match_stats: OK
2026-05-02 07:02:16,786 [INFO] 
2026-05-02 07:02:16,786 [INFO] Results: 2 passed, 0 failed, 0 skipped
2026-05-02 07:02:16,786 [INFO] Total time: 133s (2.2 min)
2026-05-02 07:02:16,786 [INFO] Log: /Users/marcuswagner/coding/AFL_dashboard/logs/scheduled_update_2026-05-02_0700.log
2026-05-02 07:02:16,795 [INFO] Log rotation: removed 1 old log file(s)
2026-05-02 07:02:16,833 [INFO] Stopped Streamlit (PIDs: 22828)
2026-05-02 07:02:18,988 [INFO] Restarted Streamlit app.
2026-05-02 07:02:18,989 [INFO] 
✅ All steps completed successfully!
2026-05-02 07:02:24,878 [INFO] Email sent to marcus.wagner@futureedgesport.com.au
2026-05-02 07:09:13,849 [INFO]   DONE [footywire_extended] in 516.7s
2026-05-02 07:09:13,849 [INFO]     | 5  Adelaide    Brayden Cook           2026.0           Non-Free Agent      2020.0    National          1.0        25.0
2026-05-02 07:09:13,849 [INFO]     | 6  Adelaide     Indy Cotton           2027.0                  Unknown         NaN        None          NaN         NaN
2026-05-02 07:09:13,849 [INFO]     | 7  Adelaide   Isaac Cumming           2030.0           Non-Free Agent      2016.0    National          1.0        20.0
2026-05-02 07:09:13,849 [INFO]     | 8  Adelaide   Daniel Curtin           2029.0           Non-Free Agent      2023.0    National          1.0         8.0
2026-05-02 07:09:13,849 [INFO]     | 9  Adelaide   Jordan Dawson           2029.0    Restricted Free Agent      2015.0    National          4.0        56.0
2026-05-02 07:09:13,849 [INFO] START [afl_ladders] Scrape AFL ladder standings from Footywire (current season)
2026-05-02 07:09:13,849 [INFO]   Running: /opt/homebrew/Caskroom/miniconda/base/envs/afl/bin/python /Users/marcuswagner/coding/AFL_dashboard/scrape_afl_ladders.py --current-only
2026-05-02 07:09:15,628 [INFO]   DONE [afl_ladders] in 1.8s
2026-05-02 07:09:15,628 [INFO]     |   2026: 18 teams
2026-05-02 07:09:15,628 [INFO]     | 
2026-05-02 07:09:15,628 [INFO]     | ============================================================
2026-05-02 07:09:15,628 [INFO]     | Completed: 2026-05-02 07:09:15
2026-05-02 07:09:15,628 [INFO]     | ============================================================
2026-05-02 07:09:15,628 [INFO] START [wheelo_ratings] Scrape Wheelo team & player ratings (Selenium)
2026-05-02 07:09:15,628 [INFO]   Running: /opt/homebrew/Caskroom/miniconda/base/envs/afl/bin/python /Users/marcuswagner/coding/AFL_dashboard/scrape_wheelo_ratings.py --all
2026-05-02 07:10:04,874 [INFO]   DONE [wheelo_ratings] in 49.2s
2026-05-02 07:10:04,875 [INFO]     | 📊 Team Stats downloaded: 3 files
2026-05-02 07:10:04,875 [INFO]     | 📊 Player Stats downloaded: 3 files
2026-05-02 07:10:04,875 [INFO]     | 📊 Squad Lists downloaded: 1 file
2026-05-02 07:10:04,875 [INFO]     | 
2026-05-02 07:10:04,875 [INFO]     | 📁 CSV files saved in: /Users/marcuswagner/coding/AFL_dashboard/wheelo_downloads
2026-05-02 07:10:04,875 [INFO] START [wheelo_match_stats] Scrape Wheelo match-by-match player ratings + Brownlow predictions (Selenium)
2026-05-02 07:10:04,875 [INFO]   Running: /opt/homebrew/Caskroom/miniconda/base/envs/afl/bin/python /Users/marcuswagner/coding/AFL_dashboard/scrape_wheelo_match_stats.py --brownlow
2026-05-02 07:11:31,546 [INFO]   DONE [wheelo_match_stats] in 86.7s
2026-05-02 07:11:31,546 [INFO]     | ============================================================
2026-05-02 07:11:31,547 [INFO]     | 🔧 Chrome driver attempt 1/3…
2026-05-02 07:11:31,547 [INFO]     | ✅ Chrome driver ready
2026-05-02 07:11:31,547 [INFO]     | 
2026-05-02 07:11:31,547 [INFO]     | 💾 Saved 2898 rows → /Users/marcuswagner/coding/AFL_dashboard/data/raw/player/brownlow_predictions_2026.csv
2026-05-02 07:11:31,547 [INFO]   SKIP [traits_api] – Skipped: only runs on Mon, Tue, Sun
2026-05-02 07:11:31,547 [INFO] START [wheelo_to_raw] Copy Wheelo team stats to raw data folder for ratings pipeline
2026-05-02 07:11:32,005 [INFO]   Backed up team_stats_2026.csv → backups/team_stats_2026_20260502_071132.csv
2026-05-02 07:11:32,008 [INFO]   Copied Wheelo 2026 Season -> team_stats_2026.csv (18 teams)
2026-05-02 07:11:32,024 [INFO]   Backed up team_stats_2026_L10.csv → backups/team_stats_2026_L10_20260502_071132.csv
2026-05-02 07:11:32,026 [INFO]   Copied Wheelo 2026 L10 -> team_stats_2026_L10.csv (18 teams)
2026-05-02 07:11:32,047 [INFO]   Backed up team_stats_2026_L5.csv → backups/team_stats_2026_L5_20260502_071132.csv
2026-05-02 07:11:32,049 [INFO]   Copied Wheelo 2026 L5 -> team_stats_2026_L5.csv (18 teams)
2026-05-02 07:11:32,049 [INFO]   DONE [wheelo_to_raw] in 0.5s
2026-05-02 07:11:32,049 [INFO] START [build_season] Build season data files (squads, stats, traits CSVs)
2026-05-02 07:11:32,049 [INFO]   Running: /opt/homebrew/Caskroom/miniconda/base/envs/afl/bin/python /Users/marcuswagner/coding/AFL_dashboard/build_season_data.py 
2026-05-02 07:11:32,334 [INFO]   DONE [build_season] in 0.3s
2026-05-02 07:11:32,335 [INFO]     |   Western Bulldogs      43 players  Avg Age: 24.5  Avg Games: 76
2026-05-02 07:11:32,335 [INFO]     | 
2026-05-02 07:11:32,335 [INFO]     | ============================================================
2026-05-02 07:11:32,335 [INFO]     | ✅ 2026 DATA BUILD COMPLETE
2026-05-02 07:11:32,335 [INFO]     | ============================================================
2026-05-02 07:11:32,335 [INFO] START [wheelo_player_to_raw] Merge Wheelo player season data (matches, ratings) into raw player CSVs
2026-05-02 07:11:32,487 [INFO]   Wheelo Wheelo 2026 Season: 551 players, 18 teams
2026-05-02 07:11:32,506 [INFO]   Name mappings (42): {'Thomas Edwards': 'Tom Edwards', 'Matt Flynn': 'Matthew Flynn', 'Oliver Dempsey': 'Ollie Dempsey', 'William Hayes': 'Will Hayes', 'Connor Macdonald': 'Connor MacDonald', 'Tom Stewart': 'Thomas Stewart', 'Cam Rayner': 'Cameron Rayner', 'William Edwards': 'Will Edwards', 'Christopher Scerri': 'Chris Scerri', 'Lachlan Sullivan': 'Lachie Sullivan', 'Joe Fonti': 'Joseph Fonti', 'Jacob van Rooyen': 'Jacob Van Rooyen', 'Mitch Owens': 'Mitchito Owens', 'Zac Williams': 'Zachary Williams', 'Sam Collins': 'Samuel Collins', 'Matthew Owies': 'Matt Owies', 'Lachie Schultz': 'Lachlan Schultz', 'Archer May': 'Archie May', 'Sam Grlj': 'Samuel Grlj', 'Tim English': 'Timothy English', 'Brad Close': 'Bradley Close', 'Lachie Fogarty': 'Lachlan Fogarty', 'Lachie Weller': 'Lachlan Weller', 'Ollie Wines': 'Oliver Wines', 'Jack Macrae': 'Jackson Macrae', 'Tom Liberatore': 'Thomas Liberatore', 'Dan Butler': 'Daniel Butler', 'Lachie Jones': 'Lachlan Jones', 'Matt Roberts': 'Matthew Roberts', 'Zach Merrett': 'Zachary Merrett', 'Lachie Ash': 'Lachlan Ash', 'Cam Mackenzie': 'Cameron Mackenzie', 'Tom Burton': 'Thomas Burton', 'Matthew Cottrell': 'Matt Cottrell', 'Matthew Johnson': 'Matt Johnson', 'Matthew Carroll': 'Matt Carroll', 'Nicholas Madden': 'Nick Madden', 'Josh Weddle': 'Joshua Weddle', 'Leonardo Lombard': 'Leo Lombard', 'Mitch Lewis': 'Mitchell Lewis', 'Harry Himmelberg': 'Harrison Himmelberg', 'Mitch Knevitt': 'Mitchell Knevitt'}
2026-05-02 07:11:32,516 [INFO]   Backed up player_stats_2026.csv → backups/player_stats_2026_20260502_071132.csv
2026-05-02 07:11:32,518 [INFO]   Updated player_stats_2026.csv: 551 players with matches from Wheelo
2026-05-02 07:11:32,536 [INFO]   Backed up squads_2026.csv → backups/squads_2026_20260502_071132.csv
2026-05-02 07:11:32,538 [INFO]   Updated squads_2026.csv: 551 players matched from Wheelo
2026-05-02 07:11:32,538 [INFO]   DONE [wheelo_player_to_raw] in 0.2s
2026-05-02 07:11:32,538 [INFO] START [regenerate_ratings] Regenerate computed team summaries and ladders
2026-05-02 07:11:32,538 [INFO]   Running: /opt/homebrew/Caskroom/miniconda/base/envs/afl/bin/python /Users/marcuswagner/coding/AFL_dashboard/regenerate_ratings.py 
2026-05-02 07:11:32,817 [INFO]   DONE [regenerate_ratings] in 0.3s
2026-05-02 07:11:32,817 [INFO]     | Skipping 2025 Last 5 - no raw data
2026-05-02 07:11:32,817 [INFO]     | 
2026-05-02 07:11:32,817 [INFO]     | ============================================================
2026-05-02 07:11:32,817 [INFO]     | DONE!
2026-05-02 07:11:32,817 [INFO]     | ============================================================
2026-05-02 07:11:32,817 [INFO] START [refresh_master_ladders] Update master workbook Team_Ladders_All with freshly-scraped ladder data
2026-05-02 07:11:48,203 [INFO]   Refreshed Team_Ladders_All: 287 rows
2026-05-02 07:11:48,205 [INFO]   DONE [refresh_master_ladders] in 15.4s
2026-05-02 07:11:48,206 [INFO] START [update_photos] Download photos for any new/missing players
2026-05-02 07:11:48,206 [INFO]   Running: /opt/homebrew/Caskroom/miniconda/base/envs/afl/bin/python /Users/marcuswagner/coding/AFL_dashboard/auto_update_photos.py 
2026-05-02 07:14:41,269 [INFO]   DONE [update_photos] in 173.1s
2026-05-02 07:14:41,270 [INFO]     | 
2026-05-02 07:14:41,270 [INFO] START [validate_freshness] Validate pipeline output files are present and fresh
2026-05-02 07:14:41,270 [INFO]   Running: /opt/homebrew/Caskroom/miniconda/base/envs/afl/bin/python /Users/marcuswagner/coding/AFL_dashboard/validate_pipeline_freshness.py 
2026-05-02 07:14:41,302 [INFO]   DONE [validate_freshness] in 0.0s
2026-05-02 07:14:41,303 [INFO]     |   ✓ FRESH    footywire_drafts_history.csv  (07:09)
2026-05-02 07:14:41,303 [INFO]     |   ⊘ OPTIONAL footywire_2026_with_traits.csv  (stale — 119.9h ago)
2026-05-02 07:14:41,303 [INFO]     |   ✓ FRESH    traits_2026.csv  (07:11)
2026-05-02 07:14:41,303 [INFO]     | 
2026-05-02 07:14:41,303 [INFO]     | ✅ All required files are present and fresh.
2026-05-02 07:14:41,303 [INFO] START [validate_schemas] Validate CSV output schemas (columns, row counts, data quality)
2026-05-02 07:14:41,319 [INFO]   DONE [validate_schemas] 0 warning(s) in 0.0s
2026-05-02 07:14:41,319 [INFO] START [data_diff_check] Compare pipeline outputs against backups and alert on anomalies
2026-05-02 07:14:41,331 [INFO]   DONE [data_diff_check] no anomalies in 0.0s
2026-05-02 07:14:41,331 [INFO]   SKIP [team_selections] – Skipped: only runs on Wed, Thu, Fri
2026-05-02 07:14:41,331 [INFO]   SKIP [validate_selections] – Skipped: only runs on Mon, Tue
2026-05-02 07:14:41,331 [INFO] 
2026-05-02 07:14:41,331 [INFO] ============================================================
2026-05-02 07:14:41,331 [INFO] UPDATE SUMMARY
2026-05-02 07:14:41,331 [INFO] ============================================================
2026-05-02 07:14:41,331 [INFO]   ✓ footywire_squads: OK
2026-05-02 07:14:41,331 [INFO]   ✓ footywire_extended: OK
2026-05-02 07:14:41,331 [INFO]   ✓ afl_ladders: OK
2026-05-02 07:14:41,331 [INFO]   ✓ wheelo_ratings: OK
2026-05-02 07:14:41,331 [INFO]   ✓ wheelo_match_stats: OK
2026-05-02 07:14:41,331 [INFO]   ⊘ traits_api: SKIPPED: Skipped: only runs on Mon, Tue, Sun
2026-05-02 07:14:41,331 [INFO]   ✓ wheelo_to_raw: OK
2026-05-02 07:14:41,331 [INFO]   ✓ build_season: OK
2026-05-02 07:14:41,331 [INFO]   ✓ wheelo_player_to_raw: OK
2026-05-02 07:14:41,331 [INFO]   ✓ regenerate_ratings: OK
2026-05-02 07:14:41,331 [INFO]   ✓ refresh_master_ladders: OK
2026-05-02 07:14:41,331 [INFO]   ✓ update_photos: OK
2026-05-02 07:14:41,331 [INFO]   ✓ validate_freshness: OK
2026-05-02 07:14:41,331 [INFO]   ✓ validate_schemas: OK
2026-05-02 07:14:41,331 [INFO]   ✓ data_diff_check: OK
2026-05-02 07:14:41,331 [INFO]   ⊘ team_selections: SKIPPED: Skipped: only runs on Wed, Thu, Fri
2026-05-02 07:14:41,331 [INFO]   ⊘ validate_selections: SKIPPED: Skipped: only runs on Mon, Tue
2026-05-02 07:14:41,331 [INFO] 
2026-05-02 07:14:41,331 [INFO] Results: 17 passed, 0 failed, 3 skipped
2026-05-02 07:14:41,331 [INFO] Total time: 878s (14.6 min)
2026-05-02 07:14:41,331 [INFO] Log: /Users/marcuswagner/coding/AFL_dashboard/logs/scheduled_update_2026-05-02_0700.log
2026-05-02 07:14:41,347 [INFO] Stopped Streamlit (PIDs: 30864)
2026-05-02 07:14:43,404 [INFO] Restarted Streamlit app.
2026-05-02 07:14:43,405 [WARNING] 
⚠️  Completed with 3 skipped step(s).
2026-05-02 07:14:48,745 [INFO] Email sent to marcus.wagner@futureedgesport.com.au
==========================================
==========================================
AFL Dashboard – Scheduled Update
AFL Dashboard – Scheduled Update
Sun May  3 07:00:02 AEST 2026
Sun May  3 07:00:02 AEST 2026
==========================================
==========================================
Using conda env: afl
Using conda env: afl
2026-05-03 07:00:04,619 [INFO] Log file: /Users/marcuswagner/coding/AFL_dashboard/logs/scheduled_update_2026-05-03_0700.log
2026-05-03 07:00:04,619 [INFO] Log file: /Users/marcuswagner/coding/AFL_dashboard/logs/scheduled_update_2026-05-03_0700.log
2026-05-03 07:00:04,620 [INFO] ============================================================
2026-05-03 07:00:04,620 [INFO] ============================================================
2026-05-03 07:00:04,620 [INFO] AFL Dashboard – Scheduled Data Update
2026-05-03 07:00:04,620 [INFO] AFL Dashboard – Scheduled Data Update
2026-05-03 07:00:04,620 [INFO] Date: Sunday 03 May 2026 07:00
2026-05-03 07:00:04,620 [INFO] Date: Sunday 03 May 2026 07:00
2026-05-03 07:00:04,620 [INFO] Mode: FULL
2026-05-03 07:00:04,620 [INFO] Mode: FULL
2026-05-03 07:00:04,620 [INFO] ============================================================
2026-05-03 07:00:04,620 [INFO] ============================================================
2026-05-03 07:00:04,620 [INFO] Python: /opt/homebrew/Caskroom/miniconda/base/envs/afl/bin/python
2026-05-03 07:00:04,620 [INFO] Python: /opt/homebrew/Caskroom/miniconda/base/envs/afl/bin/python
2026-05-03 07:00:04,620 [INFO] 
Steps to run (2):
2026-05-03 07:00:04,620 [INFO] 
Steps to run (17):
2026-05-03 07:00:04,620 [INFO]   • wheelo_ratings: Scrape Wheelo team & player ratings (Selenium) [SLOW]
2026-05-03 07:00:04,620 [INFO]   • footywire_squads: Scrape player squads from Footywire
2026-05-03 07:00:04,620 [INFO]   • wheelo_match_stats: Scrape Wheelo match-by-match player ratings + Brownlow predictions (Selenium) [SLOW]
2026-05-03 07:00:04,620 [INFO]   • footywire_extended: Scrape contracts & draft history from Footywire
2026-05-03 07:00:04,620 [INFO] 
2026-05-03 07:00:04,620 [INFO]   • afl_ladders: Scrape AFL ladder standings from Footywire (current season)
2026-05-03 07:00:04,620 [INFO]   • wheelo_ratings: Scrape Wheelo team & player ratings (Selenium) [SLOW]
2026-05-03 07:00:04,620 [INFO]   • wheelo_match_stats: Scrape Wheelo match-by-match player ratings + Brownlow predictions (Selenium) [SLOW]
2026-05-03 07:00:04,620 [INFO]   • traits_api: Fetch Traits API data for current-season players [SLOW]
2026-05-03 07:00:04,620 [INFO]   • wheelo_to_raw: Copy Wheelo team stats to raw data folder for ratings pipeline
2026-05-03 07:00:04,620 [INFO]   • build_season: Build season data files (squads, stats, traits CSVs)
2026-05-03 07:00:04,620 [INFO]   • wheelo_player_to_raw: Merge Wheelo player season data (matches, ratings) into raw player CSVs
2026-05-03 07:00:04,620 [INFO]   • regenerate_ratings: Regenerate computed team summaries and ladders
2026-05-03 07:00:04,620 [INFO]   • refresh_master_ladders: Update master workbook Team_Ladders_All with freshly-scraped ladder data
2026-05-03 07:00:04,620 [INFO]   • update_photos: Download photos for any new/missing players [SLOW]
2026-05-03 07:00:04,620 [INFO]   • validate_freshness: Validate pipeline output files are present and fresh
2026-05-03 07:00:04,620 [INFO]   • validate_schemas: Validate CSV output schemas (columns, row counts, data quality)
2026-05-03 07:00:04,620 [INFO]   • data_diff_check: Compare pipeline outputs against backups and alert on anomalies
2026-05-03 07:00:04,620 [INFO]   • team_selections: Scrape team selections & fixture from FootyWire + Squiggle API
2026-05-03 07:00:04,620 [INFO]   • validate_selections: Validate announced squads against actual match-day players
2026-05-03 07:00:04,620 [INFO] 
2026-05-03 07:00:04,620 [INFO] START [wheelo_ratings] Scrape Wheelo team & player ratings (Selenium)
2026-05-03 07:00:04,620 [INFO]   Running: /opt/homebrew/Caskroom/miniconda/base/envs/afl/bin/python /Users/marcuswagner/coding/AFL_dashboard/scrape_wheelo_ratings.py --all
2026-05-03 07:00:04,620 [INFO] START [footywire_squads] Scrape player squads from Footywire
2026-05-03 07:00:04,620 [INFO]   Running: /opt/homebrew/Caskroom/miniconda/base/envs/afl/bin/python /Users/marcuswagner/coding/AFL_dashboard/scrape_footywire.py 
2026-05-03 07:00:37,709 [INFO]   DONE [footywire_squads] in 33.1s
2026-05-03 07:00:37,710 [INFO]     | DefenderMidfieldForward      1
2026-05-03 07:00:37,710 [INFO]     | Name: count, dtype: int64
2026-05-03 07:00:37,710 [INFO]     | 
2026-05-03 07:00:37,710 [INFO]     | 
2026-05-03 07:00:37,710 [INFO]     | Updated DOB cache: 0 new entries
2026-05-03 07:00:37,710 [INFO] START [footywire_extended] Scrape contracts & draft history from Footywire
2026-05-03 07:00:37,710 [INFO]   Running: /opt/homebrew/Caskroom/miniconda/base/envs/afl/bin/python /Users/marcuswagner/coding/AFL_dashboard/scrape_footywire_extended.py --current-only
2026-05-03 07:00:53,853 [INFO]   DONE [wheelo_ratings] in 49.2s
2026-05-03 07:00:53,854 [INFO]     | 📊 Team Stats downloaded: 3 files
2026-05-03 07:00:53,854 [INFO]     | 📊 Player Stats downloaded: 3 files
2026-05-03 07:00:53,854 [INFO]     | 📊 Squad Lists downloaded: 1 file
2026-05-03 07:00:53,854 [INFO]     | 
2026-05-03 07:00:53,854 [INFO]     | 📁 CSV files saved in: /Users/marcuswagner/coding/AFL_dashboard/wheelo_downloads
2026-05-03 07:00:53,854 [INFO] START [wheelo_match_stats] Scrape Wheelo match-by-match player ratings + Brownlow predictions (Selenium)
2026-05-03 07:00:53,854 [INFO]   Running: /opt/homebrew/Caskroom/miniconda/base/envs/afl/bin/python /Users/marcuswagner/coding/AFL_dashboard/scrape_wheelo_match_stats.py --brownlow
2026-05-03 07:02:15,326 [INFO]   DONE [wheelo_match_stats] in 81.5s
2026-05-03 07:02:15,326 [INFO]     | ============================================================
2026-05-03 07:02:15,326 [INFO]     | 🔧 Chrome driver attempt 1/3…
2026-05-03 07:02:15,326 [INFO]     | ✅ Chrome driver ready
2026-05-03 07:02:15,326 [INFO]     | 
2026-05-03 07:02:15,326 [INFO]     | 💾 Saved 2898 rows → /Users/marcuswagner/coding/AFL_dashboard/data/raw/player/brownlow_predictions_2026.csv
2026-05-03 07:02:15,326 [INFO] 
2026-05-03 07:02:15,326 [INFO] ============================================================
2026-05-03 07:02:15,326 [INFO] UPDATE SUMMARY
2026-05-03 07:02:15,326 [INFO] ============================================================
2026-05-03 07:02:15,326 [INFO]   ✓ wheelo_ratings: OK
2026-05-03 07:02:15,326 [INFO]   ✓ wheelo_match_stats: OK
2026-05-03 07:02:15,326 [INFO] 
2026-05-03 07:02:15,326 [INFO] Results: 2 passed, 0 failed, 0 skipped
2026-05-03 07:02:15,326 [INFO] Total time: 131s (2.2 min)
2026-05-03 07:02:15,326 [INFO] Log: /Users/marcuswagner/coding/AFL_dashboard/logs/scheduled_update_2026-05-03_0700.log
2026-05-03 07:02:15,335 [INFO] Log rotation: removed 1 old log file(s)
2026-05-03 07:02:15,350 [INFO] Stopped Streamlit (PIDs: 31270)
2026-05-03 07:02:17,406 [INFO] Restarted Streamlit app.
2026-05-03 07:02:17,406 [INFO] 
✅ All steps completed successfully!
2026-05-03 07:02:23,511 [INFO] Email sent to marcus.wagner@futureedgesport.com.au
2026-05-03 07:08:57,787 [INFO]   DONE [footywire_extended] in 500.1s
2026-05-03 07:08:57,787 [INFO]     | 5  Adelaide    Brayden Cook           2026.0           Non-Free Agent      2020.0    National          1.0        25.0
2026-05-03 07:08:57,787 [INFO]     | 6  Adelaide     Indy Cotton           2027.0                  Unknown         NaN        None          NaN         NaN
2026-05-03 07:08:57,787 [INFO]     | 7  Adelaide   Isaac Cumming           2030.0           Non-Free Agent      2016.0    National          1.0        20.0
2026-05-03 07:08:57,787 [INFO]     | 8  Adelaide   Daniel Curtin           2029.0           Non-Free Agent      2023.0    National          1.0         8.0
2026-05-03 07:08:57,787 [INFO]     | 9  Adelaide   Jordan Dawson           2029.0    Restricted Free Agent      2015.0    National          4.0        56.0
2026-05-03 07:08:57,788 [INFO] START [afl_ladders] Scrape AFL ladder standings from Footywire (current season)
2026-05-03 07:08:57,788 [INFO]   Running: /opt/homebrew/Caskroom/miniconda/base/envs/afl/bin/python /Users/marcuswagner/coding/AFL_dashboard/scrape_afl_ladders.py --current-only
2026-05-03 07:08:59,681 [INFO]   DONE [afl_ladders] in 1.9s
2026-05-03 07:08:59,681 [INFO]     |   2026: 18 teams
2026-05-03 07:08:59,681 [INFO]     | 
2026-05-03 07:08:59,681 [INFO]     | ============================================================
2026-05-03 07:08:59,681 [INFO]     | Completed: 2026-05-03 07:08:59
2026-05-03 07:08:59,681 [INFO]     | ============================================================
2026-05-03 07:08:59,681 [INFO] START [wheelo_ratings] Scrape Wheelo team & player ratings (Selenium)
2026-05-03 07:08:59,681 [INFO]   Running: /opt/homebrew/Caskroom/miniconda/base/envs/afl/bin/python /Users/marcuswagner/coding/AFL_dashboard/scrape_wheelo_ratings.py --all
2026-05-03 07:09:49,833 [INFO]   DONE [wheelo_ratings] in 50.2s
2026-05-03 07:09:49,834 [INFO]     | 📊 Team Stats downloaded: 3 files
2026-05-03 07:09:49,834 [INFO]     | 📊 Player Stats downloaded: 3 files
2026-05-03 07:09:49,834 [INFO]     | 📊 Squad Lists downloaded: 1 file
2026-05-03 07:09:49,834 [INFO]     | 
2026-05-03 07:09:49,834 [INFO]     | 📁 CSV files saved in: /Users/marcuswagner/coding/AFL_dashboard/wheelo_downloads
2026-05-03 07:09:49,834 [INFO] START [wheelo_match_stats] Scrape Wheelo match-by-match player ratings + Brownlow predictions (Selenium)
2026-05-03 07:09:49,834 [INFO]   Running: /opt/homebrew/Caskroom/miniconda/base/envs/afl/bin/python /Users/marcuswagner/coding/AFL_dashboard/scrape_wheelo_match_stats.py --brownlow
2026-05-03 07:11:13,453 [INFO]   DONE [wheelo_match_stats] in 83.6s
2026-05-03 07:11:13,453 [INFO]     | ============================================================
2026-05-03 07:11:13,453 [INFO]     | 🔧 Chrome driver attempt 1/3…
2026-05-03 07:11:13,453 [INFO]     | ✅ Chrome driver ready
2026-05-03 07:11:13,453 [INFO]     | 
2026-05-03 07:11:13,453 [INFO]     | 💾 Saved 2898 rows → /Users/marcuswagner/coding/AFL_dashboard/data/raw/player/brownlow_predictions_2026.csv
2026-05-03 07:11:13,453 [INFO] START [traits_api] Fetch Traits API data for current-season players
2026-05-03 07:11:13,453 [INFO]   Running: /opt/homebrew/Caskroom/miniconda/base/envs/afl/bin/python /Users/marcuswagner/coding/AFL_dashboard/run_traits_api.py 
2026-05-03 07:22:26,497 [INFO]   DONE [traits_api] in 673.0s
2026-05-03 07:22:26,497 [INFO]     |  Milan Murdock      West Coast            3.40                4.29            2.79
2026-05-03 07:22:26,497 [INFO]     |    Flynn Young         Carlton            3.34                 3.4            3.59
2026-05-03 07:22:26,497 [INFO]     | Harris Andrews        Brisbane            3.33                3.18            3.12
2026-05-03 07:22:26,497 [INFO]     | 
2026-05-03 07:22:26,497 [INFO]     | Snapshot: R8 already finalised — updated with latest values
2026-05-03 07:22:26,498 [INFO] START [wheelo_to_raw] Copy Wheelo team stats to raw data folder for ratings pipeline
2026-05-03 07:22:27,066 [INFO]   Backed up team_stats_2026.csv → backups/team_stats_2026_20260503_072227.csv
2026-05-03 07:22:27,069 [INFO]   Copied Wheelo 2026 Season -> team_stats_2026.csv (18 teams)
2026-05-03 07:22:27,085 [INFO]   Backed up team_stats_2026_L10.csv → backups/team_stats_2026_L10_20260503_072227.csv
2026-05-03 07:22:27,087 [INFO]   Copied Wheelo 2026 L10 -> team_stats_2026_L10.csv (18 teams)
2026-05-03 07:22:27,108 [INFO]   Backed up team_stats_2026_L5.csv → backups/team_stats_2026_L5_20260503_072227.csv
2026-05-03 07:22:27,110 [INFO]   Copied Wheelo 2026 L5 -> team_stats_2026_L5.csv (18 teams)
2026-05-03 07:22:27,110 [INFO]   DONE [wheelo_to_raw] in 0.6s
2026-05-03 07:22:27,110 [INFO] START [build_season] Build season data files (squads, stats, traits CSVs)
2026-05-03 07:22:27,110 [INFO]   Running: /opt/homebrew/Caskroom/miniconda/base/envs/afl/bin/python /Users/marcuswagner/coding/AFL_dashboard/build_season_data.py 
2026-05-03 07:22:27,402 [INFO]   DONE [build_season] in 0.3s
2026-05-03 07:22:27,403 [INFO]     |   Western Bulldogs      43 players  Avg Age: 24.5  Avg Games: 76
2026-05-03 07:22:27,403 [INFO]     | 
2026-05-03 07:22:27,403 [INFO]     | ============================================================
2026-05-03 07:22:27,403 [INFO]     | ✅ 2026 DATA BUILD COMPLETE
2026-05-03 07:22:27,403 [INFO]     | ============================================================
2026-05-03 07:22:27,403 [INFO] START [wheelo_player_to_raw] Merge Wheelo player season data (matches, ratings) into raw player CSVs
2026-05-03 07:22:27,555 [INFO]   Wheelo Wheelo 2026 Season: 556 players, 18 teams
2026-05-03 07:22:27,574 [INFO]   Name mappings (44): {'William Edwards': 'Will Edwards', 'Cam Mackenzie': 'Cameron Mackenzie', 'Nik Cox': 'Nikolas Cox', 'Archer May': 'Archie May', 'Brad Close': 'Bradley Close', 'Mitch Owens': 'Mitchito Owens', 'Mitch Lewis': 'Mitchell Lewis', 'Tim English': 'Timothy English', 'Lachie Fogarty': 'Lachlan Fogarty', 'Sam Collins': 'Samuel Collins', 'Lachie Weller': 'Lachlan Weller', 'Zach Merrett': 'Zachary Merrett', 'Sam Grlj': 'Samuel Grlj', 'Tom Liberatore': 'Thomas Liberatore', 'Jack Macrae': 'Jackson Macrae', 'Lachlan Sullivan': 'Lachie Sullivan', 'Lachie Ash': 'Lachlan Ash', 'Joe Fonti': 'Joseph Fonti', 'Matthew Cottrell': 'Matt Cottrell', 'Cam Rayner': 'Cameron Rayner', 'Oliver Dempsey': 'Ollie Dempsey', 'Lachie Schultz': 'Lachlan Schultz', 'Jacob van Rooyen': 'Jacob Van Rooyen', 'Matt Flynn': 'Matthew Flynn', 'Matthew Owies': 'Matt Owies', 'Zac Williams': 'Zachary Williams', 'Thomas Edwards': 'Tom Edwards', 'Matthew Johnson': 'Matt Johnson', 'William Hayes': 'Will Hayes', 'Lachie Jones': 'Lachlan Jones', 'Connor Macdonald': 'Connor MacDonald', 'Tom Stewart': 'Thomas Stewart', 'Mitch Knevitt': 'Mitchell Knevitt', 'Nick Coffield': 'Nicholas Coffield', 'Josh Weddle': 'Joshua Weddle', 'Tom Burton': 'Thomas Burton', 'Harry Himmelberg': 'Harrison Himmelberg', 'Christopher Scerri': 'Chris Scerri', 'Ollie Wines': 'Oliver Wines', 'Matthew Carroll': 'Matt Carroll', 'Dan Butler': 'Daniel Butler', 'Leonardo Lombard': 'Leo Lombard', 'Matt Roberts': 'Matthew Roberts', 'Nicholas Madden': 'Nick Madden'}
2026-05-03 07:22:27,583 [INFO]   Backed up player_stats_2026.csv → backups/player_stats_2026_20260503_072227.csv
2026-05-03 07:22:27,585 [INFO]   Updated player_stats_2026.csv: 556 players with matches from Wheelo
2026-05-03 07:22:27,603 [INFO]   Backed up squads_2026.csv → backups/squads_2026_20260503_072227.csv
2026-05-03 07:22:27,605 [INFO]   Updated squads_2026.csv: 556 players matched from Wheelo
2026-05-03 07:22:27,605 [INFO]   DONE [wheelo_player_to_raw] in 0.2s
2026-05-03 07:22:27,606 [INFO] START [regenerate_ratings] Regenerate computed team summaries and ladders
2026-05-03 07:22:27,606 [INFO]   Running: /opt/homebrew/Caskroom/miniconda/base/envs/afl/bin/python /Users/marcuswagner/coding/AFL_dashboard/regenerate_ratings.py 
2026-05-03 07:22:27,877 [INFO]   DONE [regenerate_ratings] in 0.3s
2026-05-03 07:22:27,877 [INFO]     | Skipping 2025 Last 5 - no raw data
2026-05-03 07:22:27,877 [INFO]     | 
2026-05-03 07:22:27,877 [INFO]     | ============================================================
2026-05-03 07:22:27,877 [INFO]     | DONE!
2026-05-03 07:22:27,877 [INFO]     | ============================================================
2026-05-03 07:22:27,877 [INFO] START [refresh_master_ladders] Update master workbook Team_Ladders_All with freshly-scraped ladder data
2026-05-03 07:22:43,044 [INFO]   Refreshed Team_Ladders_All: 287 rows
2026-05-03 07:22:43,048 [INFO]   DONE [refresh_master_ladders] in 15.2s
2026-05-03 07:22:43,048 [INFO] START [update_photos] Download photos for any new/missing players
2026-05-03 07:22:43,048 [INFO]   Running: /opt/homebrew/Caskroom/miniconda/base/envs/afl/bin/python /Users/marcuswagner/coding/AFL_dashboard/auto_update_photos.py 
2026-05-03 07:25:36,904 [INFO]   DONE [update_photos] in 173.9s
2026-05-03 07:25:36,904 [INFO]     | 
2026-05-03 07:25:36,905 [INFO] START [validate_freshness] Validate pipeline output files are present and fresh
2026-05-03 07:25:36,905 [INFO]   Running: /opt/homebrew/Caskroom/miniconda/base/envs/afl/bin/python /Users/marcuswagner/coding/AFL_dashboard/validate_pipeline_freshness.py 
2026-05-03 07:25:36,936 [INFO]   DONE [validate_freshness] in 0.0s
2026-05-03 07:25:36,936 [INFO]     |   ✓ FRESH    footywire_drafts_history.csv  (07:08)
2026-05-03 07:25:36,936 [INFO]     |   ✓ FRESH    footywire_2026_with_traits.csv  (07:22)
2026-05-03 07:25:36,936 [INFO]     |   ✓ FRESH    traits_2026.csv  (07:22)
2026-05-03 07:25:36,936 [INFO]     | 
2026-05-03 07:25:36,936 [INFO]     | ✅ All required files are present and fresh.
2026-05-03 07:25:36,936 [INFO] START [validate_schemas] Validate CSV output schemas (columns, row counts, data quality)
2026-05-03 07:25:36,949 [INFO]   DONE [validate_schemas] 0 warning(s) in 0.0s
2026-05-03 07:25:36,949 [INFO] START [data_diff_check] Compare pipeline outputs against backups and alert on anomalies
2026-05-03 07:25:36,960 [INFO]   DONE [data_diff_check] no anomalies in 0.0s
2026-05-03 07:25:36,960 [INFO]   SKIP [team_selections] – Skipped: only runs on Wed, Thu, Fri
2026-05-03 07:25:36,960 [INFO]   SKIP [validate_selections] – Skipped: only runs on Mon, Tue
2026-05-03 07:25:36,960 [INFO] 
2026-05-03 07:25:36,960 [INFO] ============================================================
2026-05-03 07:25:36,960 [INFO] UPDATE SUMMARY
2026-05-03 07:25:36,960 [INFO] ============================================================
2026-05-03 07:25:36,960 [INFO]   ✓ footywire_squads: OK
2026-05-03 07:25:36,960 [INFO]   ✓ footywire_extended: OK
2026-05-03 07:25:36,960 [INFO]   ✓ afl_ladders: OK
2026-05-03 07:25:36,960 [INFO]   ✓ wheelo_ratings: OK
2026-05-03 07:25:36,960 [INFO]   ✓ wheelo_match_stats: OK
2026-05-03 07:25:36,960 [INFO]   ✓ traits_api: OK
2026-05-03 07:25:36,960 [INFO]   ✓ wheelo_to_raw: OK
2026-05-03 07:25:36,960 [INFO]   ✓ build_season: OK
2026-05-03 07:25:36,960 [INFO]   ✓ wheelo_player_to_raw: OK
2026-05-03 07:25:36,960 [INFO]   ✓ regenerate_ratings: OK
2026-05-03 07:25:36,960 [INFO]   ✓ refresh_master_ladders: OK
2026-05-03 07:25:36,960 [INFO]   ✓ update_photos: OK
2026-05-03 07:25:36,960 [INFO]   ✓ validate_freshness: OK
2026-05-03 07:25:36,960 [INFO]   ✓ validate_schemas: OK
2026-05-03 07:25:36,960 [INFO]   ✓ data_diff_check: OK
2026-05-03 07:25:36,960 [INFO]   ⊘ team_selections: SKIPPED: Skipped: only runs on Wed, Thu, Fri
2026-05-03 07:25:36,960 [INFO]   ⊘ validate_selections: SKIPPED: Skipped: only runs on Mon, Tue
2026-05-03 07:25:36,960 [INFO] 
2026-05-03 07:25:36,960 [INFO] Results: 17 passed, 0 failed, 2 skipped
2026-05-03 07:25:36,960 [INFO] Total time: 1532s (25.5 min)
2026-05-03 07:25:36,960 [INFO] Log: /Users/marcuswagner/coding/AFL_dashboard/logs/scheduled_update_2026-05-03_0700.log
2026-05-03 07:25:36,976 [INFO] Stopped Streamlit (PIDs: 47768)
2026-05-03 07:25:39,139 [INFO] Restarted Streamlit app.
2026-05-03 07:25:39,139 [WARNING] 
⚠️  Completed with 2 skipped step(s).
2026-05-03 07:25:44,134 [INFO] Email sent to marcus.wagner@futureedgesport.com.au
==========================================
==========================================
AFL Dashboard – Scheduled Update
AFL Dashboard – Scheduled Update
Mon May  4 07:00:03 AEST 2026
==========================================
Mon May  4 07:00:03 AEST 2026
==========================================
Using conda env: afl
Using conda env: afl
2026-05-04 07:00:05,212 [INFO] Log file: /Users/marcuswagner/coding/AFL_dashboard/logs/scheduled_update_2026-05-04_0700.log
2026-05-04 07:00:05,212 [INFO] Log file: /Users/marcuswagner/coding/AFL_dashboard/logs/scheduled_update_2026-05-04_0700.log
2026-05-04 07:00:05,212 [INFO] ============================================================
2026-05-04 07:00:05,212 [INFO] ============================================================
2026-05-04 07:00:05,212 [INFO] AFL Dashboard – Scheduled Data Update
2026-05-04 07:00:05,212 [INFO] AFL Dashboard – Scheduled Data Update
2026-05-04 07:00:05,212 [INFO] Date: Monday 04 May 2026 07:00
2026-05-04 07:00:05,212 [INFO] Date: Monday 04 May 2026 07:00
2026-05-04 07:00:05,212 [INFO] Mode: FULL
2026-05-04 07:00:05,212 [INFO] Mode: FULL
2026-05-04 07:00:05,212 [INFO] ============================================================
2026-05-04 07:00:05,212 [INFO] ============================================================
2026-05-04 07:00:05,212 [INFO] Python: /opt/homebrew/Caskroom/miniconda/base/envs/afl/bin/python
2026-05-04 07:00:05,212 [INFO] Python: /opt/homebrew/Caskroom/miniconda/base/envs/afl/bin/python
2026-05-04 07:00:05,212 [INFO] 
Steps to run (2):
2026-05-04 07:00:05,212 [INFO] 
Steps to run (17):
2026-05-04 07:00:05,212 [INFO]   • wheelo_ratings: Scrape Wheelo team & player ratings (Selenium) [SLOW]
2026-05-04 07:00:05,212 [INFO]   • footywire_squads: Scrape player squads from Footywire
2026-05-04 07:00:05,212 [INFO]   • wheelo_match_stats: Scrape Wheelo match-by-match player ratings + Brownlow predictions (Selenium) [SLOW]
2026-05-04 07:00:05,212 [INFO]   • footywire_extended: Scrape contracts & draft history from Footywire
2026-05-04 07:00:05,212 [INFO] 
2026-05-04 07:00:05,212 [INFO]   • afl_ladders: Scrape AFL ladder standings from Footywire (current season)
2026-05-04 07:00:05,212 [INFO]   • wheelo_ratings: Scrape Wheelo team & player ratings (Selenium) [SLOW]
2026-05-04 07:00:05,212 [INFO]   • wheelo_match_stats: Scrape Wheelo match-by-match player ratings + Brownlow predictions (Selenium) [SLOW]
2026-05-04 07:00:05,212 [INFO]   • traits_api: Fetch Traits API data for current-season players [SLOW]
2026-05-04 07:00:05,212 [INFO]   • wheelo_to_raw: Copy Wheelo team stats to raw data folder for ratings pipeline
2026-05-04 07:00:05,212 [INFO]   • build_season: Build season data files (squads, stats, traits CSVs)
2026-05-04 07:00:05,212 [INFO]   • wheelo_player_to_raw: Merge Wheelo player season data (matches, ratings) into raw player CSVs
2026-05-04 07:00:05,212 [INFO]   • regenerate_ratings: Regenerate computed team summaries and ladders
2026-05-04 07:00:05,212 [INFO]   • refresh_master_ladders: Update master workbook Team_Ladders_All with freshly-scraped ladder data
2026-05-04 07:00:05,212 [INFO]   • update_photos: Download photos for any new/missing players [SLOW]
2026-05-04 07:00:05,212 [INFO]   • validate_freshness: Validate pipeline output files are present and fresh
2026-05-04 07:00:05,212 [INFO]   • validate_schemas: Validate CSV output schemas (columns, row counts, data quality)
2026-05-04 07:00:05,212 [INFO]   • data_diff_check: Compare pipeline outputs against backups and alert on anomalies
2026-05-04 07:00:05,212 [INFO]   • team_selections: Scrape team selections & fixture from FootyWire + Squiggle API
2026-05-04 07:00:05,212 [INFO]   • validate_selections: Validate announced squads against actual match-day players
2026-05-04 07:00:05,212 [INFO] 
2026-05-04 07:00:05,213 [INFO] START [wheelo_ratings] Scrape Wheelo team & player ratings (Selenium)
2026-05-04 07:00:05,213 [INFO]   Running: /opt/homebrew/Caskroom/miniconda/base/envs/afl/bin/python /Users/marcuswagner/coding/AFL_dashboard/scrape_wheelo_ratings.py --all
2026-05-04 07:00:05,213 [INFO] START [footywire_squads] Scrape player squads from Footywire
2026-05-04 07:00:05,213 [INFO]   Running: /opt/homebrew/Caskroom/miniconda/base/envs/afl/bin/python /Users/marcuswagner/coding/AFL_dashboard/scrape_footywire.py 
2026-05-04 07:00:38,395 [INFO]   DONE [footywire_squads] in 33.2s
2026-05-04 07:00:38,396 [INFO]     | DefenderMidfieldForward      1
2026-05-04 07:00:38,396 [INFO]     | Name: count, dtype: int64
2026-05-04 07:00:38,396 [INFO]     | 
2026-05-04 07:00:38,396 [INFO]     | 
2026-05-04 07:00:38,396 [INFO]     | Updated DOB cache: 0 new entries
2026-05-04 07:00:38,396 [INFO] START [footywire_extended] Scrape contracts & draft history from Footywire
2026-05-04 07:00:38,396 [INFO]   Running: /opt/homebrew/Caskroom/miniconda/base/envs/afl/bin/python /Users/marcuswagner/coding/AFL_dashboard/scrape_footywire_extended.py --current-only
2026-05-04 07:00:57,099 [INFO]   DONE [wheelo_ratings] in 51.9s
2026-05-04 07:00:57,100 [INFO]     | 📊 Team Stats downloaded: 3 files
2026-05-04 07:00:57,100 [INFO]     | 📊 Player Stats downloaded: 3 files
2026-05-04 07:00:57,100 [INFO]     | 📊 Squad Lists downloaded: 1 file
2026-05-04 07:00:57,100 [INFO]     | 
2026-05-04 07:00:57,100 [INFO]     | 📁 CSV files saved in: /Users/marcuswagner/coding/AFL_dashboard/wheelo_downloads
2026-05-04 07:00:57,100 [INFO] START [wheelo_match_stats] Scrape Wheelo match-by-match player ratings + Brownlow predictions (Selenium)
2026-05-04 07:00:57,100 [INFO]   Running: /opt/homebrew/Caskroom/miniconda/base/envs/afl/bin/python /Users/marcuswagner/coding/AFL_dashboard/scrape_wheelo_match_stats.py --brownlow
2026-05-04 07:02:18,294 [INFO]   DONE [wheelo_match_stats] in 81.2s
2026-05-04 07:02:18,294 [INFO]     | ============================================================
2026-05-04 07:02:18,294 [INFO]     | 🔧 Chrome driver attempt 1/3…
2026-05-04 07:02:18,294 [INFO]     | ✅ Chrome driver ready
2026-05-04 07:02:18,294 [INFO]     | 
2026-05-04 07:02:18,294 [INFO]     | 💾 Saved 2898 rows → /Users/marcuswagner/coding/AFL_dashboard/data/raw/player/brownlow_predictions_2026.csv
2026-05-04 07:02:18,294 [INFO] 
2026-05-04 07:02:18,294 [INFO] ============================================================
2026-05-04 07:02:18,294 [INFO] UPDATE SUMMARY
2026-05-04 07:02:18,294 [INFO] ============================================================
2026-05-04 07:02:18,294 [INFO]   ✓ wheelo_ratings: OK
2026-05-04 07:02:18,294 [INFO]   ✓ wheelo_match_stats: OK
2026-05-04 07:02:18,294 [INFO] 
2026-05-04 07:02:18,294 [INFO] Results: 2 passed, 0 failed, 0 skipped
2026-05-04 07:02:18,294 [INFO] Total time: 133s (2.2 min)
2026-05-04 07:02:18,294 [INFO] Log: /Users/marcuswagner/coding/AFL_dashboard/logs/scheduled_update_2026-05-04_0700.log
2026-05-04 07:02:18,304 [INFO] Log rotation: removed 1 old log file(s)
2026-05-04 07:02:18,318 [INFO] Stopped Streamlit (PIDs: 48395)
2026-05-04 07:02:20,471 [INFO] Restarted Streamlit app.
2026-05-04 07:02:20,471 [INFO] 
✅ All steps completed successfully!
2026-05-04 07:02:26,211 [INFO] Email sent to marcus.wagner@futureedgesport.com.au
2026-05-04 07:09:03,271 [INFO]   DONE [footywire_extended] in 504.9s
2026-05-04 07:09:03,272 [INFO]     | 5  Adelaide    Brayden Cook           2026.0           Non-Free Agent      2020.0    National          1.0        25.0
2026-05-04 07:09:03,272 [INFO]     | 6  Adelaide     Indy Cotton           2027.0                  Unknown         NaN        None          NaN         NaN
2026-05-04 07:09:03,272 [INFO]     | 7  Adelaide   Isaac Cumming           2030.0           Non-Free Agent      2016.0    National          1.0        20.0
2026-05-04 07:09:03,272 [INFO]     | 8  Adelaide   Daniel Curtin           2029.0           Non-Free Agent      2023.0    National          1.0         8.0
2026-05-04 07:09:03,272 [INFO]     | 9  Adelaide   Jordan Dawson           2029.0    Restricted Free Agent      2015.0    National          4.0        56.0
2026-05-04 07:09:03,273 [INFO] START [afl_ladders] Scrape AFL ladder standings from Footywire (current season)
2026-05-04 07:09:03,273 [INFO]   Running: /opt/homebrew/Caskroom/miniconda/base/envs/afl/bin/python /Users/marcuswagner/coding/AFL_dashboard/scrape_afl_ladders.py --current-only
2026-05-04 07:09:05,224 [INFO]   DONE [afl_ladders] in 2.0s
2026-05-04 07:09:05,224 [INFO]     |   2026: 18 teams
2026-05-04 07:09:05,224 [INFO]     | 
2026-05-04 07:09:05,224 [INFO]     | ============================================================
2026-05-04 07:09:05,224 [INFO]     | Completed: 2026-05-04 07:09:05
2026-05-04 07:09:05,224 [INFO]     | ============================================================
2026-05-04 07:09:05,224 [INFO] START [wheelo_ratings] Scrape Wheelo team & player ratings (Selenium)
2026-05-04 07:09:05,224 [INFO]   Running: /opt/homebrew/Caskroom/miniconda/base/envs/afl/bin/python /Users/marcuswagner/coding/AFL_dashboard/scrape_wheelo_ratings.py --all
2026-05-04 07:09:53,954 [INFO]   DONE [wheelo_ratings] in 48.7s
2026-05-04 07:09:53,954 [INFO]     | 📊 Team Stats downloaded: 3 files
2026-05-04 07:09:53,954 [INFO]     | 📊 Player Stats downloaded: 3 files
2026-05-04 07:09:53,954 [INFO]     | 📊 Squad Lists downloaded: 1 file
2026-05-04 07:09:53,954 [INFO]     | 
2026-05-04 07:09:53,954 [INFO]     | 📁 CSV files saved in: /Users/marcuswagner/coding/AFL_dashboard/wheelo_downloads
2026-05-04 07:09:53,954 [INFO] START [wheelo_match_stats] Scrape Wheelo match-by-match player ratings + Brownlow predictions (Selenium)
2026-05-04 07:09:53,954 [INFO]   Running: /opt/homebrew/Caskroom/miniconda/base/envs/afl/bin/python /Users/marcuswagner/coding/AFL_dashboard/scrape_wheelo_match_stats.py --brownlow
2026-05-04 07:11:16,229 [INFO]   DONE [wheelo_match_stats] in 82.3s
2026-05-04 07:11:16,230 [INFO]     | ============================================================
2026-05-04 07:11:16,230 [INFO]     | 🔧 Chrome driver attempt 1/3…
2026-05-04 07:11:16,230 [INFO]     | ✅ Chrome driver ready
2026-05-04 07:11:16,230 [INFO]     | 
2026-05-04 07:11:16,230 [INFO]     | 💾 Saved 2898 rows → /Users/marcuswagner/coding/AFL_dashboard/data/raw/player/brownlow_predictions_2026.csv
2026-05-04 07:11:16,230 [INFO] START [traits_api] Fetch Traits API data for current-season players
2026-05-04 07:11:16,230 [INFO]   Running: /opt/homebrew/Caskroom/miniconda/base/envs/afl/bin/python /Users/marcuswagner/coding/AFL_dashboard/run_traits_api.py 
2026-05-04 07:23:02,216 [INFO]   DONE [traits_api] in 706.0s
2026-05-04 07:23:02,217 [INFO]     |      Aliir Aliir   Port Adelaide            3.39                2.92             2.5
2026-05-04 07:23:02,217 [INFO]     |      Josh Treacy       Fremantle            3.38                3.15            3.35
2026-05-04 07:23:02,217 [INFO]     |   Harris Andrews        Brisbane            3.36                3.06            3.06
2026-05-04 07:23:02,217 [INFO]     | 
2026-05-04 07:23:02,217 [INFO]     | Snapshot: R8 already finalised — updated with latest values
2026-05-04 07:23:02,217 [INFO] START [wheelo_to_raw] Copy Wheelo team stats to raw data folder for ratings pipeline
2026-05-04 07:23:02,646 [INFO]   Backed up team_stats_2026.csv → backups/team_stats_2026_20260504_072302.csv
2026-05-04 07:23:02,649 [INFO]   Copied Wheelo 2026 Season -> team_stats_2026.csv (18 teams)
2026-05-04 07:23:02,665 [INFO]   Backed up team_stats_2026_L10.csv → backups/team_stats_2026_L10_20260504_072302.csv
2026-05-04 07:23:02,667 [INFO]   Copied Wheelo 2026 L10 -> team_stats_2026_L10.csv (18 teams)
2026-05-04 07:23:02,688 [INFO]   Backed up team_stats_2026_L5.csv → backups/team_stats_2026_L5_20260504_072302.csv
2026-05-04 07:23:02,690 [INFO]   Copied Wheelo 2026 L5 -> team_stats_2026_L5.csv (18 teams)
2026-05-04 07:23:02,690 [INFO]   DONE [wheelo_to_raw] in 0.5s
2026-05-04 07:23:02,691 [INFO] START [build_season] Build season data files (squads, stats, traits CSVs)
2026-05-04 07:23:02,691 [INFO]   Running: /opt/homebrew/Caskroom/miniconda/base/envs/afl/bin/python /Users/marcuswagner/coding/AFL_dashboard/build_season_data.py 
2026-05-04 07:23:02,983 [INFO]   DONE [build_season] in 0.3s
2026-05-04 07:23:02,983 [INFO]     |   Western Bulldogs      43 players  Avg Age: 24.5  Avg Games: 76
2026-05-04 07:23:02,983 [INFO]     | 
2026-05-04 07:23:02,984 [INFO]     | ============================================================
2026-05-04 07:23:02,984 [INFO]     | ✅ 2026 DATA BUILD COMPLETE
2026-05-04 07:23:02,984 [INFO]     | ============================================================
2026-05-04 07:23:02,984 [INFO] START [wheelo_player_to_raw] Merge Wheelo player season data (matches, ratings) into raw player CSVs
2026-05-04 07:23:03,136 [INFO]   Wheelo Wheelo 2026 Season: 559 players, 18 teams
2026-05-04 07:23:03,154 [INFO]   Name mappings (44): {'Mitch Knevitt': 'Mitchell Knevitt', 'Josh Weddle': 'Joshua Weddle', 'William Edwards': 'Will Edwards', 'Lachlan Sullivan': 'Lachie Sullivan', 'Jack Macrae': 'Jackson Macrae', 'Cam Rayner': 'Cameron Rayner', 'Lachie Fogarty': 'Lachlan Fogarty', 'William Hayes': 'Will Hayes', 'Joe Fonti': 'Joseph Fonti', 'Tom Burton': 'Thomas Burton', 'Zac Williams': 'Zachary Williams', 'Lachie Jones': 'Lachlan Jones', 'Nicholas Madden': 'Nick Madden', 'Ollie Wines': 'Oliver Wines', 'Thomas Edwards': 'Tom Edwards', 'Lachie Schultz': 'Lachlan Schultz', 'Lachie Ash': 'Lachlan Ash', 'Sam Grlj': 'Samuel Grlj', 'Connor Macdonald': 'Connor MacDonald', 'Mitch Owens': 'Mitchito Owens', 'Harry Himmelberg': 'Harrison Himmelberg', 'Zach Merrett': 'Zachary Merrett', 'Matthew Carroll': 'Matt Carroll', 'Matthew Cottrell': 'Matt Cottrell', 'Tom Liberatore': 'Thomas Liberatore', 'Archer May': 'Archie May', 'Leonardo Lombard': 'Leo Lombard', 'Lachie Weller': 'Lachlan Weller', 'Brad Close': 'Bradley Close', 'Tim English': 'Timothy English', 'Sam Collins': 'Samuel Collins', 'Mitch Lewis': 'Mitchell Lewis', 'Matthew Owies': 'Matt Owies', 'Tom Stewart': 'Thomas Stewart', 'Oliver Dempsey': 'Ollie Dempsey', 'Nick Coffield': 'Nicholas Coffield', 'Christopher Scerri': 'Chris Scerri', 'Matt Flynn': 'Matthew Flynn', 'Matt Roberts': 'Matthew Roberts', 'Nik Cox': 'Nikolas Cox', 'Dan Butler': 'Daniel Butler', 'Cam Mackenzie': 'Cameron Mackenzie', 'Matthew Johnson': 'Matt Johnson', 'Jacob van Rooyen': 'Jacob Van Rooyen'}
2026-05-04 07:23:03,163 [INFO]   Backed up player_stats_2026.csv → backups/player_stats_2026_20260504_072303.csv
2026-05-04 07:23:03,165 [INFO]   Updated player_stats_2026.csv: 559 players with matches from Wheelo
2026-05-04 07:23:03,183 [INFO]   Backed up squads_2026.csv → backups/squads_2026_20260504_072303.csv
2026-05-04 07:23:03,185 [INFO]   Updated squads_2026.csv: 559 players matched from Wheelo
2026-05-04 07:23:03,185 [INFO]   DONE [wheelo_player_to_raw] in 0.2s
2026-05-04 07:23:03,186 [INFO] START [regenerate_ratings] Regenerate computed team summaries and ladders
2026-05-04 07:23:03,186 [INFO]   Running: /opt/homebrew/Caskroom/miniconda/base/envs/afl/bin/python /Users/marcuswagner/coding/AFL_dashboard/regenerate_ratings.py 
2026-05-04 07:23:03,461 [INFO]   DONE [regenerate_ratings] in 0.3s
2026-05-04 07:23:03,461 [INFO]     | Skipping 2025 Last 5 - no raw data
2026-05-04 07:23:03,461 [INFO]     | 
2026-05-04 07:23:03,461 [INFO]     | ============================================================
2026-05-04 07:23:03,461 [INFO]     | DONE!
2026-05-04 07:23:03,461 [INFO]     | ============================================================
2026-05-04 07:23:03,461 [INFO] START [refresh_master_ladders] Update master workbook Team_Ladders_All with freshly-scraped ladder data
2026-05-04 07:23:18,650 [INFO]   Refreshed Team_Ladders_All: 287 rows
2026-05-04 07:23:18,652 [INFO]   DONE [refresh_master_ladders] in 15.2s
2026-05-04 07:23:18,652 [INFO] START [update_photos] Download photos for any new/missing players
2026-05-04 07:23:18,652 [INFO]   Running: /opt/homebrew/Caskroom/miniconda/base/envs/afl/bin/python /Users/marcuswagner/coding/AFL_dashboard/auto_update_photos.py 
2026-05-04 07:26:10,069 [INFO]   DONE [update_photos] in 171.4s
2026-05-04 07:26:10,070 [INFO]     | 
2026-05-04 07:26:10,070 [INFO] START [validate_freshness] Validate pipeline output files are present and fresh
2026-05-04 07:26:10,070 [INFO]   Running: /opt/homebrew/Caskroom/miniconda/base/envs/afl/bin/python /Users/marcuswagner/coding/AFL_dashboard/validate_pipeline_freshness.py 
2026-05-04 07:26:10,098 [INFO]   DONE [validate_freshness] in 0.0s
2026-05-04 07:26:10,098 [INFO]     |   ✓ FRESH    footywire_drafts_history.csv  (07:09)
2026-05-04 07:26:10,098 [INFO]     |   ✓ FRESH    footywire_2026_with_traits.csv  (07:23)
2026-05-04 07:26:10,098 [INFO]     |   ✓ FRESH    traits_2026.csv  (07:23)
2026-05-04 07:26:10,098 [INFO]     | 
2026-05-04 07:26:10,098 [INFO]     | ✅ All required files are present and fresh.
2026-05-04 07:26:10,098 [INFO] START [validate_schemas] Validate CSV output schemas (columns, row counts, data quality)
2026-05-04 07:26:10,111 [INFO]   DONE [validate_schemas] 0 warning(s) in 0.0s
2026-05-04 07:26:10,112 [INFO] START [data_diff_check] Compare pipeline outputs against backups and alert on anomalies
2026-05-04 07:26:10,122 [INFO]   DONE [data_diff_check] no anomalies in 0.0s
2026-05-04 07:26:10,122 [INFO]   SKIP [team_selections] – Skipped: only runs on Wed, Thu, Fri
2026-05-04 07:26:10,122 [INFO] START [validate_selections] Validate announced squads against actual match-day players
2026-05-04 07:26:10,122 [INFO]   Running: /opt/homebrew/Caskroom/miniconda/base/envs/afl/bin/python /Users/marcuswagner/coding/AFL_dashboard/scrape_team_selections.py --validate
2026-05-04 07:26:10,510 [INFO]   DONE [validate_selections] in 0.4s
2026-05-04 07:26:10,510 [INFO]     | 
2026-05-04 07:26:10,510 [INFO] 
2026-05-04 07:26:10,510 [INFO] ============================================================
2026-05-04 07:26:10,510 [INFO] UPDATE SUMMARY
2026-05-04 07:26:10,510 [INFO] ============================================================
2026-05-04 07:26:10,510 [INFO]   ✓ footywire_squads: OK
2026-05-04 07:26:10,510 [INFO]   ✓ footywire_extended: OK
2026-05-04 07:26:10,510 [INFO]   ✓ afl_ladders: OK
2026-05-04 07:26:10,510 [INFO]   ✓ wheelo_ratings: OK
2026-05-04 07:26:10,510 [INFO]   ✓ wheelo_match_stats: OK
2026-05-04 07:26:10,510 [INFO]   ✓ traits_api: OK
2026-05-04 07:26:10,510 [INFO]   ✓ wheelo_to_raw: OK
2026-05-04 07:26:10,510 [INFO]   ✓ build_season: OK
2026-05-04 07:26:10,510 [INFO]   ✓ wheelo_player_to_raw: OK
2026-05-04 07:26:10,510 [INFO]   ✓ regenerate_ratings: OK
2026-05-04 07:26:10,510 [INFO]   ✓ refresh_master_ladders: OK
2026-05-04 07:26:10,510 [INFO]   ✓ update_photos: OK
2026-05-04 07:26:10,510 [INFO]   ✓ validate_freshness: OK
2026-05-04 07:26:10,510 [INFO]   ✓ validate_schemas: OK
2026-05-04 07:26:10,510 [INFO]   ✓ data_diff_check: OK
2026-05-04 07:26:10,510 [INFO]   ⊘ team_selections: SKIPPED: Skipped: only runs on Wed, Thu, Fri
2026-05-04 07:26:10,510 [INFO]   ✓ validate_selections: OK
2026-05-04 07:26:10,510 [INFO] 
2026-05-04 07:26:10,510 [INFO] Results: 17 passed, 0 failed, 1 skipped
2026-05-04 07:26:10,510 [INFO] Total time: 1565s (26.1 min)
2026-05-04 07:26:10,510 [INFO] Log: /Users/marcuswagner/coding/AFL_dashboard/logs/scheduled_update_2026-05-04_0700.log
2026-05-04 07:26:10,525 [INFO] Stopped Streamlit (PIDs: 69484)
2026-05-04 07:26:12,687 [INFO] Restarted Streamlit app.
2026-05-04 07:26:12,688 [WARNING] 
⚠️  Completed with 1 skipped step(s).
2026-05-04 07:26:18,287 [INFO] Email sent to marcus.wagner@futureedgesport.com.au
==========================================
==========================================
AFL Dashboard – Scheduled Update
AFL Dashboard – Scheduled Update
Tue May  5 07:00:05 AEST 2026
==========================================
Tue May  5 07:00:05 AEST 2026
==========================================
Using conda env: afl
Using conda env: afl
2026-05-05 07:00:07,130 [INFO] Log file: /Users/marcuswagner/coding/AFL_dashboard/logs/scheduled_update_2026-05-05_0700.log
2026-05-05 07:00:07,130 [INFO] Log file: /Users/marcuswagner/coding/AFL_dashboard/logs/scheduled_update_2026-05-05_0700.log
2026-05-05 07:00:07,130 [INFO] ============================================================
2026-05-05 07:00:07,130 [INFO] ============================================================
2026-05-05 07:00:07,130 [INFO] AFL Dashboard – Scheduled Data Update
2026-05-05 07:00:07,130 [INFO] AFL Dashboard – Scheduled Data Update
2026-05-05 07:00:07,130 [INFO] Date: Tuesday 05 May 2026 07:00
2026-05-05 07:00:07,130 [INFO] Date: Tuesday 05 May 2026 07:00
2026-05-05 07:00:07,130 [INFO] Mode: FULL
2026-05-05 07:00:07,130 [INFO] Mode: FULL
2026-05-05 07:00:07,130 [INFO] ============================================================
2026-05-05 07:00:07,130 [INFO] ============================================================
2026-05-05 07:00:07,130 [INFO] Python: /opt/homebrew/Caskroom/miniconda/base/envs/afl/bin/python
2026-05-05 07:00:07,130 [INFO] Python: /opt/homebrew/Caskroom/miniconda/base/envs/afl/bin/python
2026-05-05 07:00:07,130 [INFO] 
Steps to run (2):
2026-05-05 07:00:07,130 [INFO] 
Steps to run (17):
2026-05-05 07:00:07,130 [INFO]   • wheelo_ratings: Scrape Wheelo team & player ratings (Selenium) [SLOW]
2026-05-05 07:00:07,130 [INFO]   • footywire_squads: Scrape player squads from Footywire
2026-05-05 07:00:07,130 [INFO]   • wheelo_match_stats: Scrape Wheelo match-by-match player ratings + Brownlow predictions (Selenium) [SLOW]
2026-05-05 07:00:07,130 [INFO]   • footywire_extended: Scrape contracts & draft history from Footywire
2026-05-05 07:00:07,130 [INFO] 
2026-05-05 07:00:07,130 [INFO]   • afl_ladders: Scrape AFL ladder standings from Footywire (current season)
2026-05-05 07:00:07,130 [INFO]   • wheelo_ratings: Scrape Wheelo team & player ratings (Selenium) [SLOW]
2026-05-05 07:00:07,130 [INFO] START [wheelo_ratings] Scrape Wheelo team & player ratings (Selenium)
2026-05-05 07:00:07,130 [INFO]   • wheelo_match_stats: Scrape Wheelo match-by-match player ratings + Brownlow predictions (Selenium) [SLOW]
2026-05-05 07:00:07,130 [INFO]   Running: /opt/homebrew/Caskroom/miniconda/base/envs/afl/bin/python /Users/marcuswagner/coding/AFL_dashboard/scrape_wheelo_ratings.py --all
2026-05-05 07:00:07,130 [INFO]   • traits_api: Fetch Traits API data for current-season players [SLOW]
2026-05-05 07:00:07,130 [INFO]   • wheelo_to_raw: Copy Wheelo team stats to raw data folder for ratings pipeline
2026-05-05 07:00:07,130 [INFO]   • build_season: Build season data files (squads, stats, traits CSVs)
2026-05-05 07:00:07,130 [INFO]   • wheelo_player_to_raw: Merge Wheelo player season data (matches, ratings) into raw player CSVs
2026-05-05 07:00:07,130 [INFO]   • regenerate_ratings: Regenerate computed team summaries and ladders
2026-05-05 07:00:07,130 [INFO]   • refresh_master_ladders: Update master workbook Team_Ladders_All with freshly-scraped ladder data
2026-05-05 07:00:07,130 [INFO]   • update_photos: Download photos for any new/missing players [SLOW]
2026-05-05 07:00:07,130 [INFO]   • validate_freshness: Validate pipeline output files are present and fresh
2026-05-05 07:00:07,130 [INFO]   • validate_schemas: Validate CSV output schemas (columns, row counts, data quality)
2026-05-05 07:00:07,130 [INFO]   • data_diff_check: Compare pipeline outputs against backups and alert on anomalies
2026-05-05 07:00:07,130 [INFO]   • team_selections: Scrape team selections & fixture from FootyWire + Squiggle API
2026-05-05 07:00:07,130 [INFO]   • validate_selections: Validate announced squads against actual match-day players
2026-05-05 07:00:07,130 [INFO] 
2026-05-05 07:00:07,131 [INFO] START [footywire_squads] Scrape player squads from Footywire
2026-05-05 07:00:07,131 [INFO]   Running: /opt/homebrew/Caskroom/miniconda/base/envs/afl/bin/python /Users/marcuswagner/coding/AFL_dashboard/scrape_footywire.py 
2026-05-05 07:00:38,680 [INFO]   DONE [footywire_squads] in 31.5s
2026-05-05 07:00:38,680 [INFO]     | DefenderMidfieldForward      1
2026-05-05 07:00:38,680 [INFO]     | Name: count, dtype: int64
2026-05-05 07:00:38,680 [INFO]     | 
2026-05-05 07:00:38,680 [INFO]     | 
2026-05-05 07:00:38,680 [INFO]     | Updated DOB cache: 0 new entries
2026-05-05 07:00:38,680 [INFO] START [footywire_extended] Scrape contracts & draft history from Footywire
2026-05-05 07:00:38,680 [INFO]   Running: /opt/homebrew/Caskroom/miniconda/base/envs/afl/bin/python /Users/marcuswagner/coding/AFL_dashboard/scrape_footywire_extended.py --current-only
2026-05-05 07:00:56,941 [INFO]   DONE [wheelo_ratings] in 49.8s
2026-05-05 07:00:56,941 [INFO]     | 📊 Team Stats downloaded: 3 files
2026-05-05 07:00:56,941 [INFO]     | 📊 Player Stats downloaded: 3 files
2026-05-05 07:00:56,941 [INFO]     | 📊 Squad Lists downloaded: 1 file
2026-05-05 07:00:56,941 [INFO]     | 
2026-05-05 07:00:56,941 [INFO]     | 📁 CSV files saved in: /Users/marcuswagner/coding/AFL_dashboard/wheelo_downloads
2026-05-05 07:00:56,942 [INFO] START [wheelo_match_stats] Scrape Wheelo match-by-match player ratings + Brownlow predictions (Selenium)
2026-05-05 07:00:56,942 [INFO]   Running: /opt/homebrew/Caskroom/miniconda/base/envs/afl/bin/python /Users/marcuswagner/coding/AFL_dashboard/scrape_wheelo_match_stats.py --brownlow
2026-05-05 07:02:19,466 [INFO]   DONE [wheelo_match_stats] in 82.5s
2026-05-05 07:02:19,467 [INFO]     | ============================================================
2026-05-05 07:02:19,467 [INFO]     | 🔧 Chrome driver attempt 1/3…
2026-05-05 07:02:19,467 [INFO]     | ✅ Chrome driver ready
2026-05-05 07:02:19,467 [INFO]     | 
2026-05-05 07:02:19,467 [INFO]     | 💾 Saved 3312 rows → /Users/marcuswagner/coding/AFL_dashboard/data/raw/player/brownlow_predictions_2026.csv
2026-05-05 07:02:19,467 [INFO] 
2026-05-05 07:02:19,467 [INFO] ============================================================
2026-05-05 07:02:19,467 [INFO] UPDATE SUMMARY
2026-05-05 07:02:19,467 [INFO] ============================================================
2026-05-05 07:02:19,467 [INFO]   ✓ wheelo_ratings: OK
2026-05-05 07:02:19,467 [INFO]   ✓ wheelo_match_stats: OK
2026-05-05 07:02:19,467 [INFO] 
2026-05-05 07:02:19,467 [INFO] Results: 2 passed, 0 failed, 0 skipped
2026-05-05 07:02:19,467 [INFO] Total time: 132s (2.2 min)
2026-05-05 07:02:19,467 [INFO] Log: /Users/marcuswagner/coding/AFL_dashboard/logs/scheduled_update_2026-05-05_0700.log
2026-05-05 07:02:19,468 [INFO] Log rotation: removed 1 old log file(s)
2026-05-05 07:02:19,482 [INFO] Stopped Streamlit (PIDs: 70035)
2026-05-05 07:02:21,636 [INFO] Restarted Streamlit app.
2026-05-05 07:02:21,637 [INFO] 
✅ All steps completed successfully!
2026-05-05 07:02:26,967 [INFO] Email sent to marcus.wagner@futureedgesport.com.au
2026-05-05 07:09:19,381 [INFO]   DONE [footywire_extended] in 520.7s
2026-05-05 07:09:19,382 [INFO]     | 5  Adelaide    Brayden Cook           2026.0           Non-Free Agent      2020.0    National          1.0        25.0
2026-05-05 07:09:19,382 [INFO]     | 6  Adelaide     Indy Cotton           2027.0                  Unknown         NaN        None          NaN         NaN
2026-05-05 07:09:19,382 [INFO]     | 7  Adelaide   Isaac Cumming           2030.0           Non-Free Agent      2016.0    National          1.0        20.0
2026-05-05 07:09:19,382 [INFO]     | 8  Adelaide   Daniel Curtin           2029.0           Non-Free Agent      2023.0    National          1.0         8.0
2026-05-05 07:09:19,382 [INFO]     | 9  Adelaide   Jordan Dawson           2029.0    Restricted Free Agent      2015.0    National          4.0        56.0
2026-05-05 07:09:19,382 [INFO] START [afl_ladders] Scrape AFL ladder standings from Footywire (current season)
2026-05-05 07:09:19,382 [INFO]   Running: /opt/homebrew/Caskroom/miniconda/base/envs/afl/bin/python /Users/marcuswagner/coding/AFL_dashboard/scrape_afl_ladders.py --current-only
2026-05-05 07:09:21,160 [INFO]   DONE [afl_ladders] in 1.8s
2026-05-05 07:09:21,160 [INFO]     |   2026: 18 teams
2026-05-05 07:09:21,160 [INFO]     | 
2026-05-05 07:09:21,160 [INFO]     | ============================================================
2026-05-05 07:09:21,160 [INFO]     | Completed: 2026-05-05 07:09:21
2026-05-05 07:09:21,160 [INFO]     | ============================================================
2026-05-05 07:09:21,160 [INFO] START [wheelo_ratings] Scrape Wheelo team & player ratings (Selenium)
2026-05-05 07:09:21,160 [INFO]   Running: /opt/homebrew/Caskroom/miniconda/base/envs/afl/bin/python /Users/marcuswagner/coding/AFL_dashboard/scrape_wheelo_ratings.py --all
2026-05-05 07:10:10,061 [INFO]   DONE [wheelo_ratings] in 48.9s
2026-05-05 07:10:10,061 [INFO]     | 📊 Team Stats downloaded: 3 files
2026-05-05 07:10:10,061 [INFO]     | 📊 Player Stats downloaded: 3 files
2026-05-05 07:10:10,061 [INFO]     | 📊 Squad Lists downloaded: 1 file
2026-05-05 07:10:10,061 [INFO]     | 
2026-05-05 07:10:10,061 [INFO]     | 📁 CSV files saved in: /Users/marcuswagner/coding/AFL_dashboard/wheelo_downloads
2026-05-05 07:10:10,061 [INFO] START [wheelo_match_stats] Scrape Wheelo match-by-match player ratings + Brownlow predictions (Selenium)
2026-05-05 07:10:10,061 [INFO]   Running: /opt/homebrew/Caskroom/miniconda/base/envs/afl/bin/python /Users/marcuswagner/coding/AFL_dashboard/scrape_wheelo_match_stats.py --brownlow
2026-05-05 07:11:33,427 [INFO]   DONE [wheelo_match_stats] in 83.4s
2026-05-05 07:11:33,428 [INFO]     | ============================================================
2026-05-05 07:11:33,428 [INFO]     | 🔧 Chrome driver attempt 1/3…
2026-05-05 07:11:33,428 [INFO]     | ✅ Chrome driver ready
2026-05-05 07:11:33,428 [INFO]     | 
2026-05-05 07:11:33,428 [INFO]     | 💾 Saved 3312 rows → /Users/marcuswagner/coding/AFL_dashboard/data/raw/player/brownlow_predictions_2026.csv
2026-05-05 07:11:33,428 [INFO] START [traits_api] Fetch Traits API data for current-season players
2026-05-05 07:11:33,428 [INFO]   Running: /opt/homebrew/Caskroom/miniconda/base/envs/afl/bin/python /Users/marcuswagner/coding/AFL_dashboard/run_traits_api.py 
2026-05-05 07:24:26,250 [INFO]   DONE [traits_api] in 772.8s
2026-05-05 07:24:26,251 [INFO]     |      Aliir Aliir   Port Adelaide            3.39                2.92             2.5
2026-05-05 07:24:26,251 [INFO]     |      Josh Treacy       Fremantle            3.38                3.15            3.35
2026-05-05 07:24:26,251 [INFO]     |   Harris Andrews        Brisbane            3.36                3.06            3.06
2026-05-05 07:24:26,251 [INFO]     | 
2026-05-05 07:24:26,251 [INFO]     | Snapshot: R8 already finalised — updated with latest values
2026-05-05 07:24:26,251 [INFO] START [wheelo_to_raw] Copy Wheelo team stats to raw data folder for ratings pipeline
2026-05-05 07:24:26,681 [INFO]   Backed up team_stats_2026.csv → backups/team_stats_2026_20260505_072426.csv
2026-05-05 07:24:26,684 [INFO]   Copied Wheelo 2026 Season -> team_stats_2026.csv (18 teams)
2026-05-05 07:24:26,700 [INFO]   Backed up team_stats_2026_L10.csv → backups/team_stats_2026_L10_20260505_072426.csv
2026-05-05 07:24:26,701 [INFO]   Copied Wheelo 2026 L10 -> team_stats_2026_L10.csv (18 teams)
2026-05-05 07:24:26,722 [INFO]   Backed up team_stats_2026_L5.csv → backups/team_stats_2026_L5_20260505_072426.csv
2026-05-05 07:24:26,724 [INFO]   Copied Wheelo 2026 L5 -> team_stats_2026_L5.csv (18 teams)
2026-05-05 07:24:26,724 [INFO]   DONE [wheelo_to_raw] in 0.5s
2026-05-05 07:24:26,724 [INFO] START [build_season] Build season data files (squads, stats, traits CSVs)
2026-05-05 07:24:26,724 [INFO]   Running: /opt/homebrew/Caskroom/miniconda/base/envs/afl/bin/python /Users/marcuswagner/coding/AFL_dashboard/build_season_data.py 
2026-05-05 07:24:27,016 [INFO]   DONE [build_season] in 0.3s
2026-05-05 07:24:27,016 [INFO]     |   Western Bulldogs      43 players  Avg Age: 24.5  Avg Games: 76
2026-05-05 07:24:27,016 [INFO]     | 
2026-05-05 07:24:27,016 [INFO]     | ============================================================
2026-05-05 07:24:27,016 [INFO]     | ✅ 2026 DATA BUILD COMPLETE
2026-05-05 07:24:27,016 [INFO]     | ============================================================
2026-05-05 07:24:27,016 [INFO] START [wheelo_player_to_raw] Merge Wheelo player season data (matches, ratings) into raw player CSVs
2026-05-05 07:24:27,169 [INFO]   Wheelo Wheelo 2026 Season: 559 players, 18 teams
2026-05-05 07:24:27,186 [INFO]   Name mappings (44): {'Sam Collins': 'Samuel Collins', 'Sam Grlj': 'Samuel Grlj', 'Oliver Dempsey': 'Ollie Dempsey', 'Jack Macrae': 'Jackson Macrae', 'Jacob van Rooyen': 'Jacob Van Rooyen', 'Archer May': 'Archie May', 'Harry Himmelberg': 'Harrison Himmelberg', 'Lachie Weller': 'Lachlan Weller', 'Matt Flynn': 'Matthew Flynn', 'Josh Weddle': 'Joshua Weddle', 'Cam Mackenzie': 'Cameron Mackenzie', 'Nik Cox': 'Nikolas Cox', 'Lachie Ash': 'Lachlan Ash', 'Mitch Lewis': 'Mitchell Lewis', 'Mitch Knevitt': 'Mitchell Knevitt', 'Zach Merrett': 'Zachary Merrett', 'Zac Williams': 'Zachary Williams', 'Nicholas Madden': 'Nick Madden', 'Christopher Scerri': 'Chris Scerri', 'Leonardo Lombard': 'Leo Lombard', 'Ollie Wines': 'Oliver Wines', 'Lachie Fogarty': 'Lachlan Fogarty', 'Lachie Jones': 'Lachlan Jones', 'Connor Macdonald': 'Connor MacDonald', 'Lachlan Sullivan': 'Lachie Sullivan', 'William Edwards': 'Will Edwards', 'Nick Coffield': 'Nicholas Coffield', 'Lachie Schultz': 'Lachlan Schultz', 'Matthew Johnson': 'Matt Johnson', 'Matt Roberts': 'Matthew Roberts', 'Tom Stewart': 'Thomas Stewart', 'Cam Rayner': 'Cameron Rayner', 'Tom Burton': 'Thomas Burton', 'Mitch Owens': 'Mitchito Owens', 'Matthew Carroll': 'Matt Carroll', 'Thomas Edwards': 'Tom Edwards', 'William Hayes': 'Will Hayes', 'Tim English': 'Timothy English', 'Matthew Owies': 'Matt Owies', 'Dan Butler': 'Daniel Butler', 'Brad Close': 'Bradley Close', 'Tom Liberatore': 'Thomas Liberatore', 'Matthew Cottrell': 'Matt Cottrell', 'Joe Fonti': 'Joseph Fonti'}
2026-05-05 07:24:27,196 [INFO]   Backed up player_stats_2026.csv → backups/player_stats_2026_20260505_072427.csv
2026-05-05 07:24:27,198 [INFO]   Updated player_stats_2026.csv: 559 players with matches from Wheelo
2026-05-05 07:24:27,216 [INFO]   Backed up squads_2026.csv → backups/squads_2026_20260505_072427.csv
2026-05-05 07:24:27,219 [INFO]   Updated squads_2026.csv: 559 players matched from Wheelo
2026-05-05 07:24:27,219 [INFO]   DONE [wheelo_player_to_raw] in 0.2s
2026-05-05 07:24:27,219 [INFO] START [regenerate_ratings] Regenerate computed team summaries and ladders
2026-05-05 07:24:27,219 [INFO]   Running: /opt/homebrew/Caskroom/miniconda/base/envs/afl/bin/python /Users/marcuswagner/coding/AFL_dashboard/regenerate_ratings.py 
2026-05-05 07:24:27,488 [INFO]   DONE [regenerate_ratings] in 0.3s
2026-05-05 07:24:27,488 [INFO]     | Skipping 2025 Last 5 - no raw data
2026-05-05 07:24:27,488 [INFO]     | 
2026-05-05 07:24:27,488 [INFO]     | ============================================================
2026-05-05 07:24:27,488 [INFO]     | DONE!
2026-05-05 07:24:27,488 [INFO]     | ============================================================
2026-05-05 07:24:27,488 [INFO] START [refresh_master_ladders] Update master workbook Team_Ladders_All with freshly-scraped ladder data
2026-05-05 07:24:42,680 [INFO]   Refreshed Team_Ladders_All: 287 rows
2026-05-05 07:24:42,685 [INFO]   DONE [refresh_master_ladders] in 15.2s
2026-05-05 07:24:42,685 [INFO] START [update_photos] Download photos for any new/missing players
2026-05-05 07:24:42,685 [INFO]   Running: /opt/homebrew/Caskroom/miniconda/base/envs/afl/bin/python /Users/marcuswagner/coding/AFL_dashboard/auto_update_photos.py 
2026-05-05 07:27:32,080 [INFO]   DONE [update_photos] in 169.4s
2026-05-05 07:27:32,081 [INFO]     | 
2026-05-05 07:27:32,082 [INFO] START [validate_freshness] Validate pipeline output files are present and fresh
2026-05-05 07:27:32,082 [INFO]   Running: /opt/homebrew/Caskroom/miniconda/base/envs/afl/bin/python /Users/marcuswagner/coding/AFL_dashboard/validate_pipeline_freshness.py 
2026-05-05 07:27:32,121 [INFO]   DONE [validate_freshness] in 0.0s
2026-05-05 07:27:32,121 [INFO]     |   ✓ FRESH    footywire_drafts_history.csv  (07:09)
2026-05-05 07:27:32,121 [INFO]     |   ✓ FRESH    footywire_2026_with_traits.csv  (07:24)
2026-05-05 07:27:32,121 [INFO]     |   ✓ FRESH    traits_2026.csv  (07:24)
2026-05-05 07:27:32,121 [INFO]     | 
2026-05-05 07:27:32,121 [INFO]     | ✅ All required files are present and fresh.
2026-05-05 07:27:32,121 [INFO] START [validate_schemas] Validate CSV output schemas (columns, row counts, data quality)
2026-05-05 07:27:32,136 [INFO]   DONE [validate_schemas] 0 warning(s) in 0.0s
2026-05-05 07:27:32,136 [INFO] START [data_diff_check] Compare pipeline outputs against backups and alert on anomalies
2026-05-05 07:27:32,147 [INFO]   DONE [data_diff_check] no anomalies in 0.0s
2026-05-05 07:27:32,147 [INFO]   SKIP [team_selections] – Skipped: only runs on Wed, Thu, Fri
2026-05-05 07:27:32,147 [INFO] START [validate_selections] Validate announced squads against actual match-day players
2026-05-05 07:27:32,147 [INFO]   Running: /opt/homebrew/Caskroom/miniconda/base/envs/afl/bin/python /Users/marcuswagner/coding/AFL_dashboard/scrape_team_selections.py --validate
2026-05-05 07:27:32,645 [INFO]   DONE [validate_selections] in 0.5s
2026-05-05 07:27:32,645 [INFO]     | 
2026-05-05 07:27:32,645 [INFO] 
2026-05-05 07:27:32,645 [INFO] ============================================================
2026-05-05 07:27:32,645 [INFO] UPDATE SUMMARY
2026-05-05 07:27:32,645 [INFO] ============================================================
2026-05-05 07:27:32,645 [INFO]   ✓ footywire_squads: OK
2026-05-05 07:27:32,645 [INFO]   ✓ footywire_extended: OK
2026-05-05 07:27:32,645 [INFO]   ✓ afl_ladders: OK
2026-05-05 07:27:32,645 [INFO]   ✓ wheelo_ratings: OK
2026-05-05 07:27:32,645 [INFO]   ✓ wheelo_match_stats: OK
2026-05-05 07:27:32,645 [INFO]   ✓ traits_api: OK
2026-05-05 07:27:32,645 [INFO]   ✓ wheelo_to_raw: OK
2026-05-05 07:27:32,645 [INFO]   ✓ build_season: OK
2026-05-05 07:27:32,645 [INFO]   ✓ wheelo_player_to_raw: OK
2026-05-05 07:27:32,645 [INFO]   ✓ regenerate_ratings: OK
2026-05-05 07:27:32,645 [INFO]   ✓ refresh_master_ladders: OK
2026-05-05 07:27:32,645 [INFO]   ✓ update_photos: OK
2026-05-05 07:27:32,645 [INFO]   ✓ validate_freshness: OK
2026-05-05 07:27:32,645 [INFO]   ✓ validate_schemas: OK
2026-05-05 07:27:32,645 [INFO]   ✓ data_diff_check: OK
2026-05-05 07:27:32,645 [INFO]   ⊘ team_selections: SKIPPED: Skipped: only runs on Wed, Thu, Fri
2026-05-05 07:27:32,645 [INFO]   ✓ validate_selections: OK
2026-05-05 07:27:32,645 [INFO] 
2026-05-05 07:27:32,646 [INFO] Results: 17 passed, 0 failed, 1 skipped
2026-05-05 07:27:32,646 [INFO] Total time: 1646s (27.4 min)
2026-05-05 07:27:32,646 [INFO] Log: /Users/marcuswagner/coding/AFL_dashboard/logs/scheduled_update_2026-05-05_0700.log
2026-05-05 07:27:32,660 [INFO] Stopped Streamlit (PIDs: 95361)
2026-05-05 07:27:34,785 [INFO] Restarted Streamlit app.
2026-05-05 07:27:34,786 [WARNING] 
⚠️  Completed with 1 skipped step(s).
2026-05-05 07:27:40,694 [INFO] Email sent to marcus.wagner@futureedgesport.com.au
==========================================
AFL Dashboard – Scheduled Update
Wed May  6 07:02:29 AEST 2026
==========================================
==========================================
AFL Dashboard – Scheduled Update
Wed May  6 07:02:29 AEST 2026
==========================================
Using conda env: afl
Using conda env: afl
2026-05-06 07:02:30,881 [INFO] Log file: /Users/marcuswagner/coding/AFL_dashboard/logs/scheduled_update_2026-05-06_0702.log
2026-05-06 07:02:30,881 [INFO] ============================================================
2026-05-06 07:02:30,881 [INFO] AFL Dashboard – Scheduled Data Update
2026-05-06 07:02:30,881 [INFO] Date: Wednesday 06 May 2026 07:02
2026-05-06 07:02:30,881 [INFO] Mode: FULL
2026-05-06 07:02:30,881 [INFO] ============================================================
2026-05-06 07:02:30,881 [INFO] Python: /opt/homebrew/Caskroom/miniconda/base/envs/afl/bin/python
2026-05-06 07:02:30,881 [INFO] 
Steps to run (2):
2026-05-06 07:02:30,881 [INFO]   • wheelo_ratings: Scrape Wheelo team & player ratings (Selenium) [SLOW]
2026-05-06 07:02:30,881 [INFO]   • wheelo_match_stats: Scrape Wheelo match-by-match player ratings + Brownlow predictions (Selenium) [SLOW]
2026-05-06 07:02:30,881 [INFO] 
2026-05-06 07:02:30,882 [INFO] START [wheelo_ratings] Scrape Wheelo team & player ratings (Selenium)
2026-05-06 07:02:30,882 [INFO]   Running: /opt/homebrew/Caskroom/miniconda/base/envs/afl/bin/python /Users/marcuswagner/coding/AFL_dashboard/scrape_wheelo_ratings.py --all
2026-05-06 07:02:30,882 [INFO] Log file: /Users/marcuswagner/coding/AFL_dashboard/logs/scheduled_update_2026-05-06_0702.log
2026-05-06 07:02:30,882 [INFO] ============================================================
2026-05-06 07:02:30,882 [INFO] AFL Dashboard – Scheduled Data Update
2026-05-06 07:02:30,882 [INFO] Date: Wednesday 06 May 2026 07:02
2026-05-06 07:02:30,882 [INFO] Mode: FULL
2026-05-06 07:02:30,882 [INFO] ============================================================
2026-05-06 07:02:30,882 [INFO] Python: /opt/homebrew/Caskroom/miniconda/base/envs/afl/bin/python
2026-05-06 07:02:30,882 [INFO] 
Steps to run (17):
2026-05-06 07:02:30,882 [INFO]   • footywire_squads: Scrape player squads from Footywire
2026-05-06 07:02:30,882 [INFO]   • footywire_extended: Scrape contracts & draft history from Footywire
2026-05-06 07:02:30,882 [INFO]   • afl_ladders: Scrape AFL ladder standings from Footywire (current season)
2026-05-06 07:02:30,882 [INFO]   • wheelo_ratings: Scrape Wheelo team & player ratings (Selenium) [SLOW]
2026-05-06 07:02:30,882 [INFO]   • wheelo_match_stats: Scrape Wheelo match-by-match player ratings + Brownlow predictions (Selenium) [SLOW]
2026-05-06 07:02:30,882 [INFO]   • traits_api: Fetch Traits API data for current-season players [SLOW]
2026-05-06 07:02:30,882 [INFO]   • wheelo_to_raw: Copy Wheelo team stats to raw data folder for ratings pipeline
2026-05-06 07:02:30,882 [INFO]   • build_season: Build season data files (squads, stats, traits CSVs)
2026-05-06 07:02:30,882 [INFO]   • wheelo_player_to_raw: Merge Wheelo player season data (matches, ratings) into raw player CSVs
2026-05-06 07:02:30,882 [INFO]   • regenerate_ratings: Regenerate computed team summaries and ladders
2026-05-06 07:02:30,882 [INFO]   • refresh_master_ladders: Update master workbook Team_Ladders_All with freshly-scraped ladder data
2026-05-06 07:02:30,883 [INFO]   • update_photos: Download photos for any new/missing players [SLOW]
2026-05-06 07:02:30,883 [INFO]   • validate_freshness: Validate pipeline output files are present and fresh
2026-05-06 07:02:30,883 [INFO]   • validate_schemas: Validate CSV output schemas (columns, row counts, data quality)
2026-05-06 07:02:30,883 [INFO]   • data_diff_check: Compare pipeline outputs against backups and alert on anomalies
2026-05-06 07:02:30,883 [INFO]   • team_selections: Scrape team selections & fixture from FootyWire + Squiggle API
2026-05-06 07:02:30,883 [INFO]   • validate_selections: Validate announced squads against actual match-day players
2026-05-06 07:02:30,883 [INFO] 
2026-05-06 07:02:30,883 [INFO] START [footywire_squads] Scrape player squads from Footywire
2026-05-06 07:02:30,883 [INFO]   Running: /opt/homebrew/Caskroom/miniconda/base/envs/afl/bin/python /Users/marcuswagner/coding/AFL_dashboard/scrape_footywire.py 
2026-05-06 07:03:04,827 [INFO]   DONE [footywire_squads] in 33.9s
2026-05-06 07:03:04,827 [INFO]     | DefenderMidfieldForward      1
2026-05-06 07:03:04,827 [INFO]     | Name: count, dtype: int64
2026-05-06 07:03:04,827 [INFO]     | 
2026-05-06 07:03:04,827 [INFO]     | 
2026-05-06 07:03:04,827 [INFO]     | Updated DOB cache: 0 new entries
2026-05-06 07:03:04,827 [INFO] START [footywire_extended] Scrape contracts & draft history from Footywire
2026-05-06 07:03:04,827 [INFO]   Running: /opt/homebrew/Caskroom/miniconda/base/envs/afl/bin/python /Users/marcuswagner/coding/AFL_dashboard/scrape_footywire_extended.py --current-only
2026-05-06 07:03:35,743 [INFO]   DONE [wheelo_ratings] in 64.9s
2026-05-06 07:03:35,743 [INFO]     | 📊 Team Stats downloaded: 3 files
2026-05-06 07:03:35,743 [INFO]     | 📊 Player Stats downloaded: 3 files
2026-05-06 07:03:35,743 [INFO]     | 📊 Squad Lists downloaded: 1 file
2026-05-06 07:03:35,743 [INFO]     | 
2026-05-06 07:03:35,743 [INFO]     | 📁 CSV files saved in: /Users/marcuswagner/coding/AFL_dashboard/wheelo_downloads
2026-05-06 07:03:35,744 [INFO] START [wheelo_match_stats] Scrape Wheelo match-by-match player ratings + Brownlow predictions (Selenium)
2026-05-06 07:03:35,744 [INFO]   Running: /opt/homebrew/Caskroom/miniconda/base/envs/afl/bin/python /Users/marcuswagner/coding/AFL_dashboard/scrape_wheelo_match_stats.py --brownlow
2026-05-06 07:21:07,986 [ERROR]   FAILED [wheelo_match_stats] exit code 1 (1052.2s)
2026-05-06 07:21:07,986 [ERROR]     | 6   chromedriver                        0x0000000102ec7f60 cxxbridge1$str$ptr + 2943204
2026-05-06 07:21:07,986 [ERROR]     | 7   chromedriver                        0x0000000102ecb744 cxxbridge1$str$ptr + 2957512
2026-05-06 07:21:07,986 [ERROR]     | 8   chromedriver                        0x0000000102eace50 cxxbridge1$str$ptr + 2832340
2026-05-06 07:21:07,986 [ERROR]     | 9   chromedriver                        0x0000000102ecbfc4 cxxbridge1$str$ptr + 2959688
2026-05-06 07:21:07,986 [ERROR]     | 10  chromedriver                        0x0000000102e9d828 cxxbridge1$str$ptr + 2769324
2026-05-06 07:21:07,986 [ERROR]     | 11  chromedriver                        0x0000000102ef0920 cxxbridge1$str$ptr + 3109540
2026-05-06 07:21:07,986 [ERROR]     | 12  chromedriver                        0x0000000102ef0a9c cxxbridge1$str$ptr + 3109920
2026-05-06 07:21:07,986 [ERROR]     | 13  chromedriver                        0x0000000102f01ae4 cxxbridge1$str$ptr + 3179624
2026-05-06 07:21:07,986 [ERROR]     | 14  libsystem_pthread.dylib             0x000000019b8fdc08 _pthread_start + 136
2026-05-06 07:21:07,986 [ERROR]     | 15  libsystem_pthread.dylib             0x000000019b8f8ba8 thread_start + 8
2026-05-06 07:21:07,986 [ERROR]     | 
2026-05-06 07:21:07,986 [ERROR]     |   📋 Round 5 (round 5)
2026-05-06 07:21:07,986 [ERROR]     |     (no games found)
2026-05-06 07:21:07,986 [ERROR]     | 
2026-05-06 07:21:07,986 [ERROR]     |   📋 Round 6 (round 6)
2026-05-06 07:21:07,986 [INFO] 
2026-05-06 07:21:07,986 [INFO] ============================================================
2026-05-06 07:21:07,986 [INFO] UPDATE SUMMARY
2026-05-06 07:21:07,986 [INFO] ============================================================
2026-05-06 07:21:07,986 [INFO]   ✓ wheelo_ratings: OK
2026-05-06 07:21:07,986 [INFO]   ✗ wheelo_match_stats: FAILED: Exit code 1
2026-05-06 07:21:07,986 [INFO] 
2026-05-06 07:21:07,986 [INFO] Results: 1 passed, 1 failed, 0 skipped
2026-05-06 07:21:07,986 [INFO] Total time: 1117s (18.6 min)
2026-05-06 07:21:07,986 [INFO] Log: /Users/marcuswagner/coding/AFL_dashboard/logs/scheduled_update_2026-05-06_0702.log
2026-05-06 07:21:07,989 [INFO] Log rotation: removed 1 old log file(s)
2026-05-06 07:21:08,003 [INFO] No running Streamlit process found – skip restart.
2026-05-06 07:21:08,003 [WARNING] 
⚠️  1 step(s) failed. Check log for details.
2026-05-06 07:21:12,705 [INFO] Email sent to marcus.wagner@futureedgesport.com.au
2026-05-06 09:33:13,170 [INFO]   DONE [footywire_extended] in 9008.3s
2026-05-06 09:33:13,170 [INFO]     | 5  Adelaide    Brayden Cook           2026.0           Non-Free Agent      2020.0    National          1.0        25.0
2026-05-06 09:33:13,170 [INFO]     | 6  Adelaide     Indy Cotton           2027.0                  Unknown         NaN        None          NaN         NaN
2026-05-06 09:33:13,170 [INFO]     | 7  Adelaide   Isaac Cumming           2030.0           Non-Free Agent      2016.0    National          1.0        20.0
2026-05-06 09:33:13,170 [INFO]     | 8  Adelaide   Daniel Curtin           2029.0           Non-Free Agent      2023.0    National          1.0         8.0
2026-05-06 09:33:13,170 [INFO]     | 9  Adelaide   Jordan Dawson           2029.0    Restricted Free Agent      2015.0    National          4.0        56.0
2026-05-06 09:33:13,171 [INFO] START [afl_ladders] Scrape AFL ladder standings from Footywire (current season)
2026-05-06 09:33:13,171 [INFO]   Running: /opt/homebrew/Caskroom/miniconda/base/envs/afl/bin/python /Users/marcuswagner/coding/AFL_dashboard/scrape_afl_ladders.py --current-only
2026-05-06 09:33:14,991 [INFO]   DONE [afl_ladders] in 1.8s
2026-05-06 09:33:14,991 [INFO]     |   2026: 18 teams
2026-05-06 09:33:14,991 [INFO]     | 
2026-05-06 09:33:14,991 [INFO]     | ============================================================
2026-05-06 09:33:14,991 [INFO]     | Completed: 2026-05-06 09:33:14
2026-05-06 09:33:14,991 [INFO]     | ============================================================
2026-05-06 09:33:14,991 [INFO] START [wheelo_ratings] Scrape Wheelo team & player ratings (Selenium)
2026-05-06 09:33:14,991 [INFO]   Running: /opt/homebrew/Caskroom/miniconda/base/envs/afl/bin/python /Users/marcuswagner/coding/AFL_dashboard/scrape_wheelo_ratings.py --all
2026-05-06 09:35:46,326 [INFO]   DONE [wheelo_ratings] in 151.3s
2026-05-06 09:35:46,326 [INFO]     | 📊 Team Stats downloaded: 3 files
2026-05-06 09:35:46,326 [INFO]     | 📊 Player Stats downloaded: 2 files
2026-05-06 09:35:46,326 [INFO]     | 📊 Squad Lists downloaded: 1 file
2026-05-06 09:35:46,326 [INFO]     | 
2026-05-06 09:35:46,326 [INFO]     | 📁 CSV files saved in: /Users/marcuswagner/coding/AFL_dashboard/wheelo_downloads
2026-05-06 09:35:46,326 [INFO] START [wheelo_match_stats] Scrape Wheelo match-by-match player ratings + Brownlow predictions (Selenium)
2026-05-06 09:35:46,326 [INFO]   Running: /opt/homebrew/Caskroom/miniconda/base/envs/afl/bin/python /Users/marcuswagner/coding/AFL_dashboard/scrape_wheelo_match_stats.py --brownlow
2026-05-06 09:37:07,255 [INFO]   DONE [wheelo_match_stats] in 80.9s
2026-05-06 09:37:07,255 [INFO]     | ============================================================
2026-05-06 09:37:07,255 [INFO]     | 🔧 Chrome driver attempt 1/3…
2026-05-06 09:37:07,255 [INFO]     | ✅ Chrome driver ready
2026-05-06 09:37:07,255 [INFO]     | 
2026-05-06 09:37:07,255 [INFO]     | 💾 Saved 3312 rows → /Users/marcuswagner/coding/AFL_dashboard/data/raw/player/brownlow_predictions_2026.csv
2026-05-06 09:37:07,255 [INFO]   SKIP [traits_api] – Skipped: only runs on Mon, Tue, Sun
2026-05-06 09:37:07,255 [INFO] START [wheelo_to_raw] Copy Wheelo team stats to raw data folder for ratings pipeline
2026-05-06 09:37:07,535 [INFO]   Backed up team_stats_2026.csv → backups/team_stats_2026_20260506_093707.csv
2026-05-06 09:37:07,537 [INFO]   Copied Wheelo 2026 Season -> team_stats_2026.csv (18 teams)
2026-05-06 09:37:07,554 [INFO]   Backed up team_stats_2026_L10.csv → backups/team_stats_2026_L10_20260506_093707.csv
2026-05-06 09:37:07,555 [INFO]   Copied Wheelo 2026 L10 -> team_stats_2026_L10.csv (18 teams)
2026-05-06 09:37:07,577 [INFO]   Backed up team_stats_2026_L5.csv → backups/team_stats_2026_L5_20260506_093707.csv
2026-05-06 09:37:07,578 [INFO]   Copied Wheelo 2026 L5 -> team_stats_2026_L5.csv (18 teams)
2026-05-06 09:37:07,578 [INFO]   DONE [wheelo_to_raw] in 0.3s
2026-05-06 09:37:07,579 [INFO] START [build_season] Build season data files (squads, stats, traits CSVs)
2026-05-06 09:37:07,579 [INFO]   Running: /opt/homebrew/Caskroom/miniconda/base/envs/afl/bin/python /Users/marcuswagner/coding/AFL_dashboard/build_season_data.py 
2026-05-06 09:37:07,843 [INFO]   DONE [build_season] in 0.3s
2026-05-06 09:37:07,843 [INFO]     |   Western Bulldogs      43 players  Avg Age: 24.5  Avg Games: 76
2026-05-06 09:37:07,843 [INFO]     | 
2026-05-06 09:37:07,843 [INFO]     | ============================================================
2026-05-06 09:37:07,843 [INFO]     | ✅ 2026 DATA BUILD COMPLETE
2026-05-06 09:37:07,843 [INFO]     | ============================================================
2026-05-06 09:37:07,843 [INFO] START [wheelo_player_to_raw] Merge Wheelo player season data (matches, ratings) into raw player CSVs
2026-05-06 09:37:07,846 [INFO]   DONE [wheelo_player_to_raw] in 0.0s
2026-05-06 09:37:07,846 [INFO] START [regenerate_ratings] Regenerate computed team summaries and ladders
2026-05-06 09:37:07,846 [INFO]   Running: /opt/homebrew/Caskroom/miniconda/base/envs/afl/bin/python /Users/marcuswagner/coding/AFL_dashboard/regenerate_ratings.py 
2026-05-06 09:37:08,122 [INFO]   DONE [regenerate_ratings] in 0.3s
2026-05-06 09:37:08,122 [INFO]     | Skipping 2025 Last 5 - no raw data
2026-05-06 09:37:08,122 [INFO]     | 
2026-05-06 09:37:08,122 [INFO]     | ============================================================
2026-05-06 09:37:08,122 [INFO]     | DONE!
2026-05-06 09:37:08,122 [INFO]     | ============================================================
2026-05-06 09:37:08,122 [INFO] START [refresh_master_ladders] Update master workbook Team_Ladders_All with freshly-scraped ladder data
2026-05-06 09:37:23,263 [INFO]   Refreshed Team_Ladders_All: 287 rows
2026-05-06 09:37:23,263 [INFO]   DONE [refresh_master_ladders] in 15.1s
2026-05-06 09:37:23,267 [INFO] START [update_photos] Download photos for any new/missing players
2026-05-06 09:37:23,267 [INFO]   Running: /opt/homebrew/Caskroom/miniconda/base/envs/afl/bin/python /Users/marcuswagner/coding/AFL_dashboard/auto_update_photos.py 
2026-05-06 09:40:12,514 [INFO]   DONE [update_photos] in 169.2s
2026-05-06 09:40:12,515 [INFO]     | 
2026-05-06 09:40:12,515 [INFO] START [validate_freshness] Validate pipeline output files are present and fresh
2026-05-06 09:40:12,515 [INFO]   Running: /opt/homebrew/Caskroom/miniconda/base/envs/afl/bin/python /Users/marcuswagner/coding/AFL_dashboard/validate_pipeline_freshness.py 
2026-05-06 09:40:12,542 [INFO]   DONE [validate_freshness] in 0.0s
2026-05-06 09:40:12,542 [INFO]     |   ✓ FRESH    footywire_drafts_history.csv  (09:33)
2026-05-06 09:40:12,542 [INFO]     |   ⊘ OPTIONAL footywire_2026_with_traits.csv  (stale — 26.3h ago)
2026-05-06 09:40:12,542 [INFO]     |   ✓ FRESH    traits_2026.csv  (09:37)
2026-05-06 09:40:12,542 [INFO]     | 
2026-05-06 09:40:12,542 [INFO]     | ✅ All required files are present and fresh.
2026-05-06 09:40:12,542 [INFO] START [validate_schemas] Validate CSV output schemas (columns, row counts, data quality)
2026-05-06 09:40:12,554 [INFO]   DONE [validate_schemas] 0 warning(s) in 0.0s
2026-05-06 09:40:12,555 [INFO] START [data_diff_check] Compare pipeline outputs against backups and alert on anomalies
2026-05-06 09:40:12,565 [WARNING] ⚠️ Data-diff alerts (1 issue(s)):
  • COLUMNS LOST: player_stats_2026.csv lost 6 column(s): CoachesVotes_Avg, CoachesVotes_Total, DreamTeamPoints_Avg, RatingPoints_Avg, Supercoach_Avg
2026-05-06 09:40:17,659 [INFO] Email sent to marcus.wagner@futureedgesport.com.au
2026-05-06 09:40:17,661 [INFO]   DONE [data_diff_check] with alerts in 0.0s
2026-05-06 09:40:17,663 [INFO] START [team_selections] Scrape team selections & fixture from FootyWire + Squiggle API
2026-05-06 09:40:17,664 [INFO]   Running: /opt/homebrew/Caskroom/miniconda/base/envs/afl/bin/python /Users/marcuswagner/coding/AFL_dashboard/scrape_team_selections.py 
2026-05-06 09:40:20,368 [INFO]   DONE [team_selections] in 2.7s
2026-05-06 09:40:20,368 [INFO]     | 
2026-05-06 09:40:20,368 [INFO]   SKIP [validate_selections] – Skipped: only runs on Mon, Tue
2026-05-06 09:40:20,368 [INFO] 
2026-05-06 09:40:20,368 [INFO] ============================================================
2026-05-06 09:40:20,368 [INFO] UPDATE SUMMARY
2026-05-06 09:40:20,368 [INFO] ============================================================
2026-05-06 09:40:20,368 [INFO]   ✓ footywire_squads: OK
2026-05-06 09:40:20,368 [INFO]   ✓ footywire_extended: OK
2026-05-06 09:40:20,368 [INFO]   ✓ afl_ladders: OK
2026-05-06 09:40:20,368 [INFO]   ✓ wheelo_ratings: OK
2026-05-06 09:40:20,368 [INFO]   ✓ wheelo_match_stats: OK
2026-05-06 09:40:20,368 [INFO]   ⊘ traits_api: SKIPPED: Skipped: only runs on Mon, Tue, Sun
2026-05-06 09:40:20,368 [INFO]   ✓ wheelo_to_raw: OK
2026-05-06 09:40:20,368 [INFO]   ✓ build_season: OK
2026-05-06 09:40:20,368 [INFO]   ✓ wheelo_player_to_raw: OK
2026-05-06 09:40:20,368 [INFO]   ✓ regenerate_ratings: OK
2026-05-06 09:40:20,368 [INFO]   ✓ refresh_master_ladders: OK
2026-05-06 09:40:20,368 [INFO]   ✓ update_photos: OK
2026-05-06 09:40:20,368 [INFO]   ✓ validate_freshness: OK
2026-05-06 09:40:20,368 [INFO]   ✓ validate_schemas: OK
2026-05-06 09:40:20,368 [INFO]   ✓ data_diff_check: OK
2026-05-06 09:40:20,368 [INFO]   ✓ team_selections: OK
2026-05-06 09:40:20,368 [INFO]   ⊘ validate_selections: SKIPPED: Skipped: only runs on Mon, Tue
2026-05-06 09:40:20,368 [INFO] 
2026-05-06 09:40:20,368 [INFO] Results: 17 passed, 0 failed, 2 skipped
2026-05-06 09:40:20,368 [INFO] Total time: 9469s (157.8 min)
2026-05-06 09:40:20,368 [INFO] Log: /Users/marcuswagner/coding/AFL_dashboard/logs/scheduled_update_2026-05-06_0702.log
2026-05-06 09:40:20,385 [INFO] No running Streamlit process found – skip restart.
2026-05-06 09:40:20,385 [WARNING] 
⚠️  Completed with 2 skipped step(s).
2026-05-06 09:40:25,463 [INFO] Email sent to marcus.wagner@futureedgesport.com.au
