Player,Team,Competition,Season,Position,Role,Nationality,Age,Average Minutes,Appearances In Position,Total Appearances,Market Value,Contract Expiration Date,Rating,Ball Winning,Stoppage,Contest,Power,Receives,Ball Use,Handballing,Kicking,Goal Kicking,Connecting,Aerial,Marking,Contested,Moks,Ruck,Defence,Pressure,Tackling,Intercepting,Neutralise,Team_Full,Player_Full,Position_Ratings,Position_Pref,Position_Full
J. Crisp,COFC,AFL,2021,GD,GD,Australia,28,6378,22,22,,,3.79,4.63,5.0,4.95,3.65,4.34,3.46,4.52,2.4,2.99,3.69,3.54,3.21,3.77,3.66,2.46,3.58,4.24,4.18,3.29,2.22,Collingwood,Jack Crisp,Gen. Defender,Gen. Defender,Gen. Defender
H. Andrews,BFC,AFL,2021,KD,KD,Australia,25,7370,23,23,,,3.74,3.2,2.23,3.66,3.12,3.34,3.04,3.24,3.08,2.59,2.52,4.28,3.95,4.32,4.48,2.42,3.9,2.21,2.32,4.5,4.4,Brisbane,Harris Andrews,Key Defender,Key Defender,Key Defender
H. McCluggage,BFC,AFL,2021,W,W,Australia,23,6323,24,24,,,3.45,4.61,5.0,4.8,3.19,4.43,3.32,2.98,2.94,3.53,3.57,2.32,2.75,2.06,1.77,2.59,2.8,3.14,2.7,2.43,3.0,Brisbane,Hugh McCluggage,Midfielder,Midfielder,Midfielder
J. Weitering,CFC,AFL,2021,KD,KD,Australia,24,7218,22,22,,,3.33,3.06,2.63,3.54,2.45,3.1,2.55,2.1,2.83,2.18,3.57,3.75,3.59,3.85,3.74,2.67,3.45,2.36,2.42,3.84,3.79,Carlton,Jacob Weitering,Key Defender,Key Defender,Key Defender
T. Walker,AFC,AFL,2021,KF,KF,Australia,31,6467,17,17,,,3.32,3.75,4.0,4.33,3.19,3.03,3.71,2.49,3.24,4.32,3.29,2.87,3.07,3.09,2.17,2.77,2.18,2.13,2.2,2.37,2.07,Adelaide,Taylor Walker,Key Forward,Key Forward,Key Forward
D. Heppell,EFC,AFL,2021,GD,GD,Australia,29,6324,19,19,,,3.29,3.53,2.69,3.77,2.64,3.85,3.36,4.05,3.13,2.52,2.98,3.04,3.36,2.41,3.42,2.46,3.11,3.05,3.21,3.54,2.48,Essendon,Dyson Heppell,Gen. Defender,Gen. Defender,Gen. Defender
J. Lyons,BFC,AFL,2021,M,M,Australia,29,6149,24,24,,,3.28,3.48,3.86,3.77,2.35,3.35,2.84,2.31,3.3,2.61,2.93,3.21,2.89,3.21,3.79,2.39,3.62,3.42,3.83,4.26,2.98,Brisbane,Jarryd Lyons,Midfielder,Midfielder,Midfielder
T. Doedee,AFC,AFL,2021,KD,KD,Australia,24,6677,21,21,,,3.27,3.58,2.81,3.97,3.76,3.53,3.09,3.9,2.4,2.65,3.1,3.03,1.88,3.43,3.41,2.42,3.38,3.59,3.43,3.78,3.06,Adelaide,Tom Doedee,Key Defender,Key Defender,Key Defender
D. Cameron,COFC,AFL,2021,KF,KF,Australia,26,5881,18,18,,,3.27,3.74,5.0,3.84,2.57,2.57,2.6,3.33,3.43,2.13,2.3,3.86,2.49,3.87,4.87,4.6,2.65,2.48,2.76,3.23,2.3,Collingwood,Darcy Cameron,Key Forward,Key Forward,Key Forward
S. Walsh,CFC,AFL,2021,M,M,Australia,21,6571,22,22,,,3.23,3.36,3.12,3.33,2.79,4.06,3.3,3.84,3.21,2.92,3.14,3.26,3.82,2.96,2.98,2.39,2.88,3.33,2.71,2.71,1.98,Carlton,Sam Walsh,Midfielder,Midfielder,Midfielder
L. Jones,CFC,AFL,2021,KD,KD,Australia,30,7184,19,19,,,3.23,2.64,2.58,3.44,2.52,1.81,1.9,1.42,2.1,2.21,2.68,4.11,2.95,4.08,4.97,2.46,3.37,1.91,1.87,4.43,3.49,Carlton,Liam Jones,Key Defender,Key Defender,Key Defender
P. Seedsman,AFC,AFL,2021,W,W,Australia,29,6147,22,22,,,3.22,3.35,3.44,3.33,2.71,3.47,3.84,3.78,3.22,3.22,4.63,2.51,3.11,2.01,1.83,2.59,2.5,2.7,2.66,2.4,2.35,Adelaide,Paul Seedsman,Midfielder,Midfielder,Midfielder
C. Mayne,COFC,AFL,2021,GD,GD,Australia,33,5969,17,17,,,3.21,3.03,2.32,2.58,1.93,3.81,3.61,4.78,3.58,1.65,2.61,3.06,3.8,2.48,2.86,2.46,2.94,2.78,3.36,2.98,2.47,Collingwood,Chris Mayne,Gen. Defender,Gen. Defender,Gen. Defender
D. Moore,COFC,AFL,2021,KD,KD,Australia,25,6726,13,13,,,3.2,2.67,1.99,3.05,2.05,2.99,3.48,3.24,3.39,4.91,3.38,4.12,4.36,4.08,3.98,2.42,2.61,2.34,1.54,3.36,2.52,Collingwood,Darcy Moore,Key Defender,Key Defender,Key Defender
R. Laird,AFC,AFL,2021,M,M,Australia,28,5859,22,22,,,3.2,3.87,4.24,4.35,2.24,3.86,2.93,3.92,2.71,1.86,3.17,2.19,2.08,2.28,2.17,2.39,3.19,3.24,3.41,3.01,2.23,Adelaide,Rory Laird,Midfielder,Midfielder,Midfielder
J. Elliott,COFC,AFL,2021,GF,GF,Australia,29,5727,13,13,,,3.18,3.33,3.71,3.49,2.44,3.25,3.26,2.66,2.58,4.22,3.23,3.16,4.07,3.17,1.56,2.46,2.71,2.87,2.52,1.75,3.46,Collingwood,Jamie Elliott,Gen. Forward,Gen. Forward,Gen. Forward
R. O'Brien,AFC,AFL,2021,R,R,Australia,26,6734,20,20,,,3.17,2.96,3.55,3.2,2.4,2.48,2.49,3.04,2.49,1.46,2.99,3.8,2.58,4.08,4.86,3.27,2.92,2.85,2.57,4.05,2.57,Adelaide,Reilly O'Brien,Ruck,Ruck,Ruck
B. Grundy,COFC,AFL,2021,R,R,Australia,27,5848,20,20,,,3.16,3.74,3.52,3.81,2.65,4.79,3.26,3.6,3.08,2.88,3.49,2.91,2.37,2.28,2.2,3.89,2.89,3.89,3.62,2.82,1.84,Collingwood,Brodie Grundy,Ruck,Ruck,Ruck
S. Docherty,CFC,AFL,2021,GD,GD,Australia,28,6593,14,14,,,3.12,3.56,3.89,3.7,2.39,3.61,3.0,2.68,3.44,1.65,3.47,3.47,3.79,2.89,3.76,2.46,2.62,2.31,3.0,3.07,1.89,Carlton,Sam Docherty,Gen. Defender,Gen. Defender,Gen. Defender
D. Zorko,BFC,AFL,2021,M,M,Australia,32,6323,23,23,,,3.08,2.89,2.64,2.87,2.71,3.37,3.1,1.93,3.26,3.71,3.68,2.76,3.48,1.79,3.69,2.43,3.59,3.52,3.59,4.5,2.93,Brisbane,Dayne Zorko,Midfielder,Midfielder,Midfielder
D. Parish,EFC,AFL,2021,M,M,Australia,24,6043,23,23,,,3.07,3.61,4.3,3.15,2.16,3.99,3.16,3.55,3.1,2.51,3.46,2.32,2.37,2.02,2.91,2.39,2.52,2.67,2.39,3.08,1.92,Essendon,Darcy Parish,Midfielder,Midfielder,Midfielder
T. Lynch,AFC,AFL,2021,GF,GF,Australia,31,6139,11,12,,,3.06,3.54,2.91,3.51,2.69,4.09,3.2,4.28,3.6,2.42,2.99,3.03,3.25,2.91,2.9,2.46,1.8,1.21,1.76,2.94,2.53,Adelaide,Tom Lynch,Gen. Forward,Gen. Forward,Gen. Forward
W. Snelling,EFC,AFL,2021,GF,GF,Australia,24,6171,20,20,,,3.04,3.62,4.13,3.46,2.51,3.76,2.81,4.25,2.81,2.1,3.05,1.99,2.34,1.75,1.93,2.46,3.83,4.25,4.41,2.06,2.5,Essendon,Will Snelling,Gen. Forward,Gen. Forward,Gen. Forward
M. Robinson,BFC,AFL,2021,W,W,Australia,32,5913,22,22,,,3.03,3.28,3.62,3.38,2.63,3.19,3.04,2.11,2.74,2.75,3.65,2.25,2.13,2.2,2.47,2.59,3.2,3.27,2.37,4.36,2.54,Brisbane,Mitch Robinson,Midfielder,Midfielder,Midfielder
K. Langford,EFC,AFL,2021,W,W,Australia,25,6174,17,17,,,3.01,3.25,3.61,2.91,2.37,3.55,2.99,3.08,2.88,3.93,2.57,2.92,3.09,3.74,2.08,2.02,2.77,3.15,2.91,2.6,2.61,Essendon,Kyle Langford,Midfielder,Midfielder,Midfielder
J. Martin,CFC,AFL,2021,GF,GF,Australia,26,5722,11,11,,,3.01,2.66,2.73,2.57,2.43,2.75,2.9,2.59,3.61,2.35,2.83,4.22,4.06,4.03,4.93,2.46,2.37,1.7,2.61,2.49,3.18,Carlton,Jack Martin,Gen. Forward,Gen. Forward,Gen. Forward
H. McKay,CFC,AFL,2021,KF,KF,Australia,24,6475,19,19,,,3.01,2.22,1.83,2.87,2.24,1.7,3.49,1.32,2.94,4.59,2.18,3.42,4.07,4.6,1.85,2.03,2.08,2.17,2.2,1.27,2.36,Carlton,Harry McKay,Key Forward,Key Forward,Key Forward
L. McCarthy,BFC,AFL,2021,GF,GF,Australia,28,6303,24,24,,,3.0,3.03,2.83,3.55,3.04,2.73,2.91,2.02,2.67,3.59,2.79,3.0,2.93,3.28,2.49,2.46,3.16,3.08,3.0,3.29,3.71,Brisbane,Lincoln McCarthy,Gen. Forward,Gen. Forward,Gen. Forward
L. Neale,BFC,AFL,2021,M,M,Australia,28,6492,17,17,,,2.99,3.55,3.93,3.71,2.33,3.61,3.02,3.3,3.0,2.73,3.0,2.1,2.37,1.76,2.4,2.39,2.64,2.74,2.59,3.11,1.96,Brisbane,Lachie Neale,Midfielder,Midfielder,Midfielder
Z. Merrett,EFC,AFL,2021,M,M,Australia,26,6055,23,23,,,2.99,2.97,2.5,3.05,2.17,4.04,3.32,3.97,3.25,1.87,4.06,2.21,2.31,1.91,2.72,2.39,3.11,2.91,3.0,4.36,3.05,Essendon,Zach Merrett,Midfielder,Midfielder,Midfielder
B. Keays,AFC,AFL,2021,M,M,Australia,24,6326,22,22,,,2.99,3.26,3.5,3.3,2.61,3.29,2.92,3.15,2.52,2.98,3.25,2.06,2.14,2.03,1.96,2.39,3.33,3.47,3.42,3.04,2.73,Adelaide,Ben Keays,Midfielder,Midfielder,Midfielder
N. Newman,CFC,AFL,2021,GD,GD,Australia,28,6056,13,14,,,2.99,2.59,1.97,3.52,2.38,2.23,2.7,2.75,2.86,1.9,2.73,2.94,2.9,2.62,3.37,2.46,3.81,4.02,4.51,4.05,2.2,Carlton,Nic Newman,Gen. Defender,Gen. Defender,Gen. Defender
M. Adams,BFC,AFL,2021,KD,KD,Australia,28,7008,17,17,,,2.97,3.07,2.41,3.47,2.88,3.12,1.83,1.2,2.19,2.05,2.66,3.17,2.54,3.64,3.07,2.42,3.24,2.47,2.99,3.62,3.25,Brisbane,Marcus Adams,Key Defender,Key Defender,Key Defender
J. Ridley,EFC,AFL,2021,GD,GD,Australia,23,6713,22,22,,,2.96,2.31,1.49,2.55,2.39,2.4,3.02,2.92,3.72,1.65,2.67,4.12,2.94,5.0,4.19,2.46,2.84,1.49,1.85,3.72,4.92,Essendon,Jordan Ridley,Gen. Defender,Gen. Defender,Gen. Defender
J. Daniher,BFC,AFL,2021,KF,KF,Australia,27,7172,24,24,,,2.94,3.42,3.7,3.21,2.63,3.9,3.28,3.17,3.2,3.15,3.92,2.44,2.53,1.95,2.79,2.84,2.08,1.88,2.04,2.93,1.79,Brisbane,Joe Daniher,Key Forward,Key Forward,Key Forward
T. Adams,COFC,AFL,2021,M,M,Australia,28,5493,14,14,,,2.93,3.57,4.36,3.83,2.66,2.77,2.39,2.77,2.26,1.78,2.76,2.14,1.96,2.49,1.66,2.39,3.18,3.32,3.38,2.79,2.21,Collingwood,Taylor Adams,Midfielder,Midfielder,Midfielder
P. Cripps,CFC,AFL,2021,M,M,Australia,26,6316,20,20,,,2.92,3.28,3.85,3.87,2.76,2.2,2.7,3.25,2.27,3.1,2.37,2.94,2.02,4.06,2.02,4.17,2.61,2.7,2.61,1.86,3.0,Carlton,Patrick Cripps,Midfielder,Midfielder,Midfielder
R. Sloane,AFC,AFL,2021,M,M,Australia,31,6132,18,18,,,2.91,3.1,3.45,3.57,2.26,2.62,2.49,2.89,2.47,1.81,2.69,2.77,2.37,2.73,3.59,2.39,3.34,3.33,2.8,4.64,4.31,Adelaide,Rory Sloane,Midfielder,Midfielder,Midfielder
I. Quaynor,COFC,AFL,2021,GD,GD,Australia,21,6158,20,20,,,2.89,2.93,2.66,3.39,2.58,2.79,2.57,2.84,2.36,2.16,2.64,3.09,2.4,3.65,3.25,2.46,3.17,3.11,2.86,3.64,3.13,Collingwood,Isaac Quaynor,Gen. Defender,Gen. Defender,Gen. Defender
N. Hind,EFC,AFL,2021,GD,GD,Australia,27,6139,22,22,,,2.88,3.47,2.62,3.3,3.12,3.95,2.98,2.5,3.12,3.12,3.5,2.26,2.41,2.25,2.11,2.46,2.53,2.41,2.54,3.02,2.05,Essendon,Nick Hind,Gen. Defender,Gen. Defender,Gen. Defender
B. Maynard,COFC,AFL,2021,GD,GD,Australia,25,6229,22,22,,,2.87,2.68,2.17,2.85,2.12,2.86,2.73,2.35,3.05,2.09,3.14,2.92,2.68,3.32,2.73,2.46,3.23,3.04,3.2,2.72,4.16,Collingwood,Brayden Maynard,Gen. Defender,Gen. Defender,Gen. Defender
D. Rich,BFC,AFL,2021,GD,GD,Australia,31,6352,24,24,,,2.86,3.07,3.05,3.02,2.11,3.33,3.06,2.21,3.55,3.58,3.43,2.72,2.61,2.36,3.27,2.46,2.46,1.84,2.37,3.14,2.52,Brisbane,Daniel Rich,Gen. Defender,Gen. Defender,Gen. Defender
Z. Fisher,CFC,AFL,2021,GF,GF,Australia,23,5974,10,10,,,2.84,3.52,4.22,3.26,2.55,3.6,2.66,3.52,2.65,1.88,3.61,2.25,1.96,2.44,2.31,2.46,2.67,2.82,2.6,2.71,2.52,Carlton,Zac Fisher,Gen. Forward,Gen. Forward,Gen. Forward
C. Cameron,BFC,AFL,2021,GF,GF,Australia,27,6647,24,24,,,2.84,2.31,2.21,2.37,2.59,2.25,3.46,1.71,2.94,5.0,2.75,3.04,4.07,2.77,1.87,2.46,2.2,2.21,2.5,1.79,1.69,Brisbane,Charlie Cameron,Gen. Forward,Gen. Forward,Gen. Forward
Z. Williams,CFC,AFL,2021,GD,GD,Australia,27,5466,14,14,,,2.82,3.44,4.9,3.59,2.76,3.01,2.96,2.6,2.74,4.72,3.11,2.22,2.16,1.91,2.65,2.46,2.38,2.21,2.5,2.84,1.83,Carlton,Zac Williams,Gen. Defender,Gen. Defender,Gen. Defender
M. Gibbons,CFC,AFL,2021,GF,GF,Australia,26,5547,10,11,,,2.8,3.24,4.08,3.17,1.94,3.2,2.76,3.12,2.79,2.3,3.37,2.34,2.65,1.79,3.05,2.46,2.61,3.05,2.42,1.56,2.76,Carlton,Michael Gibbons,Gen. Forward,Gen. Forward,Gen. Forward
O. McInerney,BFC,AFL,2021,R,R,Australia,27,6337,23,23,,,2.78,3.18,4.11,3.77,2.54,1.97,2.3,1.83,2.17,1.99,3.23,2.97,1.73,2.69,2.85,3.54,2.53,2.13,2.2,2.17,3.2,Brisbane,Oscar McInerney,Ruck,Ruck,Ruck
D. Smith,EFC,AFL,2021,GF,GF,Australia,28,5898,20,20,,,2.78,2.95,3.31,2.95,2.04,3.0,2.71,2.51,2.83,2.57,2.98,2.32,2.12,2.14,3.05,2.46,3.2,3.45,3.56,2.46,2.13,Essendon,Devon Smith,Gen. Forward,Gen. Forward,Gen. Forward
A. Phillips,EFC,AFL,2021,R,R,Australia,30,5602,6,6,,,2.77,2.3,2.04,1.67,2.92,2.76,3.01,3.22,2.93,2.87,3.04,2.83,3.58,2.43,3.01,2.78,2.85,3.32,3.42,2.56,2.35,Essendon,Andrew Phillips,Ruck,Ruck,Ruck
S. Pendlebury,COFC,AFL,2021,M,M,Australia,33,5638,18,18,,,2.76,2.75,2.9,2.72,2.37,2.8,2.68,3.17,2.65,2.03,2.79,2.84,2.52,2.75,3.6,2.39,2.82,2.79,2.59,3.97,2.68,Collingwood,Scott Pendlebury,Midfielder,Midfielder,Midfielder
M. Kennedy,CFC,AFL,2021,M,M,Australia,24,5150,12,13,,,2.74,2.38,2.49,2.44,2.03,2.39,2.49,2.44,2.48,2.67,2.39,4.19,3.58,4.28,5.0,2.66,2.66,2.69,2.73,2.57,2.32,Carlton,Matthew Kennedy,Midfielder,Midfielder,Midfielder
J. Silvagni,CFC,AFL,2021,GF,GF,Australia,24,5627,15,15,,,2.73,2.55,2.66,2.43,2.21,2.67,2.68,2.67,2.91,2.23,3.2,3.16,3.55,2.91,3.05,3.82,2.65,2.54,2.8,1.61,3.17,Carlton,Jack Silvagni,Gen. Forward,Gen. Forward,Gen. Forward
W. Setterfield,CFC,AFL,2021,W,W,Australia,23,5620,8,8,,,2.73,3.44,4.38,2.96,2.65,3.53,2.35,2.5,2.51,1.81,2.47,2.58,2.49,2.39,2.86,2.59,2.42,2.34,3.04,2.42,2.05,Carlton,Will Setterfield,Midfielder,Midfielder,Midfielder
A. Saad,CFC,AFL,2021,GD,GD,Australia,27,6081,22,22,,,2.72,2.85,2.62,2.89,3.25,2.82,2.84,2.62,2.56,3.02,3.61,1.98,1.5,2.1,2.41,2.46,2.85,3.02,2.16,3.41,2.99,Carlton,Adam Saad,Gen. Defender,Gen. Defender,Gen. Defender
J. Howe,COFC,AFL,2021,GD,GD,Australia,31,5915,8,8,,,2.72,1.93,1.52,2.22,1.27,2.03,2.8,3.24,2.63,2.69,2.41,3.5,3.25,4.21,2.95,2.46,2.92,2.57,3.13,3.46,2.38,Collingwood,Jeremy Howe,Gen. Defender,Gen. Defender,Gen. Defender
D. McStay,BFC,AFL,2021,KF,KF,Australia,26,6245,19,19,,,2.71,2.39,2.44,2.37,2.31,2.41,2.74,3.22,2.94,2.44,3.09,2.67,2.45,3.6,1.99,2.0,3.48,3.89,4.07,2.09,2.88,Brisbane,Daniel McStay,Key Forward,Key Forward,Key Forward
L. O'Brien,CFC,AFL,2021,W,W,Australia,22,6153,5,5,,,2.68,2.51,1.58,1.89,3.36,3.23,2.86,2.24,2.89,2.51,3.17,2.26,2.71,1.52,2.0,2.59,2.92,2.26,2.83,3.06,3.28,Carlton,Lochie O'Brien,Midfielder,Midfielder,Midfielder
J. Kelly,AFC,AFL,2021,GD,GD,Australia,26,6694,20,20,,,2.68,2.3,1.67,2.67,3.15,2.08,2.49,2.89,2.59,1.65,2.05,3.05,2.78,3.4,2.94,2.46,3.1,2.01,2.81,3.96,3.79,Adelaide,Jake Kelly,Gen. Defender,Gen. Defender,Gen. Defender
L. Fogarty,CFC,AFL,2021,GF,GF,Australia,22,5392,17,17,,,2.68,3.19,3.33,3.3,2.71,3.16,2.29,3.03,2.39,1.7,2.67,2.31,2.18,1.96,3.32,2.46,3.07,2.96,3.42,3.05,2.38,Carlton,Lachie Fogarty,Gen. Forward,Gen. Forward,Gen. Forward
J. Stringer,EFC,AFL,2021,M,MF,Australia,27,5925,19,19,,,2.66,2.58,2.6,2.8,3.87,1.58,2.87,1.66,2.58,5.0,2.62,2.72,2.42,3.36,1.82,2.8,2.4,2.41,2.59,1.45,2.58,Essendon,Jake Stringer,Mid-Forward,Mid-Forward,Mid-Forward
S. McAdam,AFC,AFL,2021,GF,GF,Australia,26,5516,15,15,,,2.65,1.86,1.62,2.18,2.65,1.55,2.72,1.93,2.37,3.87,1.64,3.82,3.13,4.69,3.05,2.46,2.48,2.32,2.2,2.9,3.33,Adelaide,Shane McAdam,Gen. Forward,Gen. Forward,Gen. Forward
J. De Goey,COFC,AFL,2021,M,MF,Australia,25,5992,20,20,,,2.65,2.43,2.26,1.97,2.84,2.9,3.18,2.63,2.82,4.92,2.74,3.33,4.09,3.43,1.79,2.39,1.74,1.9,1.51,1.45,2.33,Collingwood,J. De Goey,,M,Midfielder
J. Noble,COFC,AFL,2021,GD,GD,Australia,24,5762,21,22,,,2.64,2.9,2.47,2.61,2.12,3.41,2.68,3.01,2.51,2.28,2.57,2.05,3.06,1.56,1.43,2.46,2.67,3.62,3.31,1.62,1.83,Collingwood,John Noble,Gen. Defender,Gen. Defender,Gen. Defender
J. Roughead,COFC,AFL,2021,KD,KD,Australia,31,6889,21,21,,,2.64,2.34,2.39,2.08,1.98,2.8,2.43,2.11,2.8,2.05,2.6,2.7,3.47,2.48,2.39,2.55,2.86,2.56,2.82,2.18,3.39,Collingwood,Jordan Roughead,Key Defender,Key Defender,Key Defender
A. McGrath,EFC,AFL,2021,M,M,Australia,23,5553,15,15,,,2.62,2.66,2.44,2.64,2.43,3.11,2.59,3.12,2.69,1.77,2.57,1.96,1.89,1.76,2.55,2.39,3.08,3.04,2.87,3.32,3.81,Essendon,Andrew McGrath,Midfielder,Midfielder,Midfielder
J. Newnes,CFC,AFL,2021,W,W,Australia,28,6119,17,19,,,2.61,2.83,2.78,2.58,2.7,3.08,2.51,2.91,2.61,2.32,2.44,2.69,3.0,2.16,2.52,2.59,2.39,2.38,2.34,2.58,2.24,Carlton,Jack Newnes,Midfielder,Midfielder,Midfielder
S. Sidebottom,COFC,AFL,2021,M,MF,Australia,30,6031,21,21,,,2.6,2.7,2.27,2.28,3.02,3.53,2.73,2.45,3.09,2.37,2.8,2.53,3.89,1.71,1.98,2.39,2.28,2.52,2.02,2.23,2.37,Collingwood,Steele Sidebottom,Mid-Forward,Mid-Forward,Mid-Forward
M. Redman,EFC,AFL,2021,GD,GD,Australia,24,5823,22,22,,,2.6,2.33,2.05,2.25,2.38,2.48,2.89,2.85,2.88,3.48,2.68,2.74,2.42,3.0,2.82,2.46,2.36,2.42,2.51,2.43,1.99,Essendon,Mason Redman,Gen. Defender,Gen. Defender,Gen. Defender
M. Cox,COFC,AFL,2021,KF,KF,Australia,30,11127,6,7,,,2.59,2.74,3.36,3.25,2.18,1.76,2.35,2.99,2.06,2.19,2.95,2.84,2.05,3.08,2.77,3.33,2.32,2.12,2.25,2.34,2.7,Collingwood,Mason Cox,Key Forward,Key Forward,Key Forward
A. McDonald-Tipungwuti,EFC,AFL,2021,GF,GF,Australia,28,5906,20,20,,,2.59,2.37,2.0,2.44,3.52,2.21,3.03,2.1,2.65,3.9,2.85,2.1,2.09,2.02,2.31,2.46,2.63,2.44,2.84,2.37,2.67,Essendon,Anthony McDonald-Tipungwuti,Gen. Forward,Gen. Forward,Gen. Forward
B. Smith,AFC,AFL,2021,GD,GD,Australia,29,6061,21,21,,,2.58,2.7,3.36,2.38,2.11,2.82,2.69,2.04,2.74,3.03,3.58,2.61,2.66,2.3,2.93,2.46,2.3,2.42,2.21,2.29,2.31,Adelaide,Brodie Smith,Gen. Defender,Gen. Defender,Gen. Defender
L. Sholl,AFC,AFL,2021,W,W,Australia,21,5944,17,19,,,2.58,2.59,2.47,1.97,2.13,3.22,2.76,2.75,2.86,2.4,2.87,2.51,2.45,2.3,2.74,2.59,2.28,2.1,1.54,2.94,2.24,Adelaide,Lachlan Sholl,Midfielder,Midfielder,Midfielder
W. Hoskin-Elliott,COFC,AFL,2021,W,W,Australia,28,12162,20,20,,,2.57,2.02,1.88,2.27,2.06,1.89,2.8,2.37,2.57,3.94,2.52,3.39,4.0,3.76,2.14,2.59,2.39,2.79,2.89,1.57,2.59,Collingwood,Will Hoskin-Elliott,Midfielder,Midfielder,Midfielder
M. Pittonet,CFC,AFL,2021,R,R,Australia,25,6316,13,13,,,2.54,2.61,3.32,2.62,1.91,2.31,2.49,2.79,1.93,2.35,2.91,2.63,1.78,1.44,2.47,3.69,2.29,2.49,2.06,2.16,2.41,Carlton,Marc Pittonet,Ruck,Ruck,Ruck
B. Mihocek,COFC,AFL,2021,KF,KF,Australia,28,6232,21,21,,,2.54,2.27,1.87,2.05,2.65,2.74,2.74,1.85,2.71,2.86,2.96,2.67,3.88,2.58,2.15,1.88,2.21,2.65,2.24,2.02,1.62,Collingwood,Brody Mihocek,Key Forward,Key Forward,Key Forward
A. Waterman,EFC,AFL,2021,GF,GF,Australia,25,5562,14,14,,,2.53,2.28,1.9,2.6,3.22,1.99,2.44,2.3,1.93,3.15,2.1,3.34,2.67,4.18,2.63,2.46,2.17,2.24,2.04,2.45,2.17,Essendon,Alec Waterman,Gen. Forward,Gen. Forward,Gen. Forward
J. Thomas,COFC,AFL,2021,GF,GF,Australia,30,5211,20,20,,,2.52,2.8,2.61,2.96,2.22,2.92,2.52,2.56,2.92,2.13,2.42,2.08,2.34,1.62,2.68,2.46,2.58,2.34,2.66,3.41,2.37,Collingwood,Josh Thomas,Gen. Forward,Gen. Forward,Gen. Forward
E. Curnow,CFC,AFL,2021,M,M,Australia,32,6265,22,22,,,2.52,2.5,2.36,2.36,2.13,3.04,2.75,2.57,2.89,2.44,3.03,2.42,3.43,2.01,1.55,2.43,2.3,2.21,2.45,2.52,1.88,Carlton,Ed Curnow,Midfielder,Midfielder,Midfielder
S. Draper,EFC,AFL,2021,R,R,Australia,23,5714,13,13,,,2.52,2.52,3.11,2.34,3.28,1.39,2.32,1.7,2.42,1.97,3.21,2.79,2.08,2.85,2.58,3.05,2.17,1.85,1.59,2.38,2.64,Essendon,Sam Draper,Ruck,Ruck,Ruck
M. Keane,COFC,AFL,2021,KD,KD,Australia,21,12454,4,4,,,2.51,2.54,2.91,2.31,1.86,2.91,2.82,3.73,1.86,3.07,2.86,2.94,2.57,2.38,3.85,2.42,2.0,2.42,0.5,2.88,1.82,Collingwood,Mark Keane,Key Defender,Key Defender,Key Defender
N. McHenry,AFC,AFL,2021,GF,GF,Australia,21,5867,21,21,,,2.51,2.73,2.42,2.98,2.65,2.72,2.34,3.33,2.33,1.98,2.2,2.21,1.86,2.31,2.63,2.46,2.85,3.11,2.75,3.08,2.4,Adelaide,Ned McHenry,Gen. Forward,Gen. Forward,Gen. Forward
J. Madgen,COFC,AFL,2021,GD,GD,Australia,28,11491,19,19,,,2.51,2.57,2.22,2.6,2.5,2.68,2.42,3.03,2.13,2.19,1.97,2.79,2.48,3.0,2.89,2.46,2.4,2.08,1.44,3.39,3.02,Collingwood,Jack Madgen,Gen. Defender,Gen. Defender,Gen. Defender
M. Murphy,CFC,AFL,2021,GF,GF,Australia,34,5083,12,15,,,2.5,2.98,3.66,2.52,2.08,3.21,2.47,2.05,2.87,2.05,2.91,2.13,2.4,1.62,2.8,2.46,2.1,1.82,2.28,2.95,1.72,Carlton,Marc Murphy,Gen. Forward,Gen. Forward,Gen. Forward
M. Guelfi,EFC,AFL,2021,W,W,Australia,24,4921,18,20,,,2.49,2.76,1.87,3.61,4.31,2.17,1.94,2.31,1.86,1.98,1.89,2.76,2.49,3.39,2.8,2.59,2.83,2.78,2.58,2.87,2.99,Essendon,Matt Guelfi,Midfielder,Midfielder,Midfielder
Z. Bailey,BFC,AFL,2021,M,MF,Australia,22,6230,24,24,,,2.48,2.3,1.96,2.19,2.83,2.58,2.99,2.24,2.49,4.91,2.89,2.12,2.47,2.18,1.34,2.39,2.31,2.34,2.02,2.17,3.5,Brisbane,Zac Bailey,Mid-Forward,Mid-Forward,Mid-Forward
K. Coleman,BFC,AFL,2021,GF,GF,Australia,21,4634,16,18,,,2.47,2.22,1.93,2.29,3.28,2.06,2.13,2.56,2.51,1.61,2.03,3.15,2.24,3.53,3.86,2.46,2.88,2.18,2.23,5.0,4.66,Brisbane,Keidean Coleman,Gen. Forward,Gen. Forward,Gen. Forward
R. Thilthorpe,AFC,AFL,2021,KF,KF,Australia,19,6079,14,14,,,2.47,2.91,3.07,3.16,2.56,2.63,2.32,3.02,2.16,2.25,2.34,2.22,1.5,2.16,2.9,2.64,2.64,2.33,2.24,4.28,2.56,Adelaide,Riley Thilthorpe,Key Forward,Key Forward,Key Forward
J. Stewart,EFC,AFL,2021,KD,KD,Australia,27,6468,17,17,,,2.46,2.44,1.98,2.58,2.71,2.44,2.56,2.9,2.37,2.24,2.27,2.92,2.6,2.97,3.09,2.42,2.04,1.85,2.02,2.87,1.54,Essendon,James Stewart,Key Defender,Key Defender,Key Defender
R. Lester,BFC,AFL,2021,GD,GD,Australia,29,6136,16,17,,,2.46,1.86,1.51,2.33,2.2,1.59,2.17,2.32,2.44,1.65,1.68,3.32,2.84,3.85,3.27,2.46,2.97,1.81,2.45,3.52,4.5,Brisbane,Ryan Lester,Gen. Defender,Gen. Defender,Gen. Defender
J. Laverde,EFC,AFL,2021,KD,KD,Australia,25,6306,23,23,,,2.45,2.57,2.75,2.7,2.31,2.44,2.7,2.88,2.62,2.63,2.41,2.71,2.83,2.58,2.77,2.42,2.04,2.71,2.56,2.51,1.41,Essendon,Jayden Laverde,Key Defender,Key Defender,Key Defender
P. Wright,EFC,AFL,2021,R,R,Australia,25,5940,21,21,,,2.45,2.03,1.33,2.29,1.96,2.65,3.29,2.33,3.09,5.0,2.7,2.24,3.5,3.11,1.91,1.59,2.17,1.56,2.02,1.95,2.74,Essendon,Peter Wright,Ruck,Ruck,Ruck
C. Hooker,EFC,AFL,2021,KF,KF,Australia,33,6253,18,18,,,2.43,2.89,2.95,3.35,2.3,2.53,2.6,2.85,2.05,3.04,1.92,1.9,2.17,1.59,1.85,2.11,2.28,2.16,2.48,1.44,2.74,Essendon,Cale Hooker,Key Forward,Key Forward,Key Forward
D. Mackay,AFC,AFL,2021,W,W,Australia,33,5837,16,18,,,2.41,2.4,2.08,2.0,2.65,2.81,2.56,2.22,2.61,2.91,2.44,2.06,1.84,2.24,2.3,2.59,2.42,2.77,2.54,2.39,2.13,Adelaide,David Mackay,Midfielder,Midfielder,Midfielder
M. McGovern,CFC,AFL,2021,KF,KF,Australia,27,6001,5,5,,,2.41,2.04,1.58,1.92,1.5,2.98,2.64,2.17,3.2,2.18,3.54,2.38,2.75,2.16,3.09,1.88,2.67,2.45,3.59,3.23,0.96,Carlton,Mitch McGovern,Key Forward,Key Forward,Key Forward
L. Murphy,AFC,AFL,2021,GF,GF,Australia,23,5502,15,15,,,2.4,3.09,4.18,3.74,2.55,2.18,2.28,2.04,2.45,2.27,2.19,1.64,1.48,1.58,2.06,2.46,2.29,2.21,2.39,1.8,2.58,Adelaide,Lachlan Murphy,Gen. Forward,Gen. Forward,Gen. Forward
D. Clarke,EFC,AFL,2021,M,MF,Australia,23,5884,4,4,,,2.39,1.99,1.61,1.96,2.83,2.07,2.59,3.19,2.49,2.47,2.13,3.17,3.32,2.86,3.59,2.39,2.21,3.38,1.37,1.72,1.38,Essendon,Dylan Clarke,Mid-Forward,Mid-Forward,Mid-Forward
S. Petrevski-Seton,CFC,AFL,2021,GD,GD,Australia,23,5083,12,14,,,2.39,2.59,2.83,2.54,3.41,2.35,2.35,2.41,2.25,2.9,2.14,2.19,2.42,2.45,1.62,2.46,2.36,3.65,2.58,1.62,1.35,Carlton,Sam Petrevski-Seton,Gen. Defender,Gen. Defender,Gen. Defender
M. Owies,CFC,AFL,2021,GF,GF,Australia,24,5409,13,13,,,2.38,1.99,1.82,2.11,2.25,1.93,2.66,2.37,2.52,3.21,1.97,2.39,2.77,2.45,1.56,2.46,2.51,2.69,2.86,1.15,2.1,Carlton,Matthew Owies,Gen. Forward,Gen. Forward,Gen. Forward
S. Berry,AFC,AFL,2021,GF,GF,Australia,19,5365,17,17,,,2.37,2.61,3.11,3.07,3.39,1.81,1.87,2.77,1.72,1.63,1.89,2.09,1.35,2.51,2.44,2.46,3.42,3.84,3.43,3.61,2.27,Adelaide,Sam Berry,Gen. Forward,Gen. Forward,Gen. Forward
E. Hipwood,BFC,AFL,2021,KF,KF,Australia,24,6347,16,16,,,2.37,2.2,1.7,1.86,2.53,2.99,2.62,2.18,2.57,2.77,2.5,2.27,3.1,2.15,1.85,1.88,2.19,1.94,1.98,1.85,3.2,Brisbane,Eric Hipwood,Key Forward,Key Forward,Key Forward
J. Rowe,AFC,AFL,2021,GF,GF,Australia,22,5653,19,19,,,2.35,2.64,2.25,2.95,2.29,2.69,2.51,2.94,2.52,2.48,2.14,1.89,1.8,1.93,1.95,2.46,2.01,1.91,2.17,1.9,1.89,Adelaide,James Rowe,Gen. Forward,Gen. Forward,Gen. Forward
N. Cox,EFC,AFL,2021,W,W,Australia,19,5524,21,22,,,2.35,2.15,2.09,2.45,2.55,1.85,2.3,2.05,2.32,3.25,1.88,2.65,2.67,2.96,2.4,1.51,2.52,2.66,2.58,2.08,2.82,Essendon,Nik Cox,Midfielder,Midfielder,Midfielder
J. Caldwell,EFC,AFL,2021,M,M,Australia,21,4576,3,3,,,2.35,2.09,1.76,2.67,2.28,1.86,1.75,0.87,2.34,1.55,2.02,3.02,2.3,3.75,2.66,2.39,3.19,2.58,3.6,3.61,3.55,Essendon,Jye Caldwell,Midfielder,Midfielder,Midfielder
E. Himmelberg,AFC,AFL,2021,KF,KF,Australia,23,5741,8,8,,,2.35,2.53,2.11,3.49,2.96,1.37,2.05,2.55,1.87,1.91,2.47,2.61,1.44,3.37,2.97,2.5,2.2,1.68,1.97,2.74,2.98,Adelaide,Elliott Himmelberg,Key Forward,Key Forward,Key Forward
S. Durham,EFC,AFL,2021,W,W,Australia,20,5612,7,7,,,2.35,2.54,2.59,2.29,2.73,2.64,2.3,3.0,2.41,2.02,2.17,2.14,2.19,2.27,1.98,2.59,2.31,2.78,0.95,2.59,2.61,Essendon,Sam Durham,Midfielder,Midfielder,Midfielder
E. Betts,CFC,AFL,2021,GF,GF,Australia,35,5931,19,19,,,2.33,2.25,2.03,2.48,2.72,2.06,2.63,2.01,2.2,3.53,2.18,2.22,2.05,2.65,1.56,2.46,1.92,1.86,1.94,2.11,1.85,Carlton,Eddie Betts,Gen. Forward,Gen. Forward,Gen. Forward
L. Casboult,CFC,AFL,2021,KF,KF,Australia,31,6169,13,13,,,2.32,2.54,3.53,2.52,2.67,1.5,1.55,1.92,1.43,1.38,2.06,2.93,2.26,2.68,2.3,4.33,2.66,3.09,2.66,2.19,2.37,Carlton,Levi Casboult,Key Forward,Key Forward,Key Forward
C. Poulter,COFC,AFL,2021,W,W,Australia,19,11842,10,11,,,2.32,2.39,1.83,2.63,1.76,2.66,2.29,2.23,2.54,2.15,2.18,2.07,2.43,1.52,1.85,2.59,2.47,2.52,3.04,2.01,2.5,Collingwood,Caleb Poulter,Midfielder,Midfielder,Midfielder
H. Schoenberg,AFC,AFL,2021,M,M,Australia,20,5429,22,22,,,2.31,2.34,2.12,2.31,2.89,2.34,2.4,1.81,2.58,2.64,2.57,2.07,2.0,1.9,2.57,2.41,2.3,2.35,2.37,2.11,1.98,Adelaide,Harry Schoenberg,Midfielder,Midfielder,Midfielder
C. Brown,COFC,AFL,2021,GF,GF,Australia,23,9381,12,15,,,2.31,2.55,2.56,2.3,2.62,2.72,2.01,3.26,2.01,1.38,2.25,2.16,2.18,2.14,2.18,2.46,2.71,3.06,2.93,2.02,1.75,Collingwood,Callum Brown,Gen. Forward,Gen. Forward,Gen. Forward
A. Perkins,EFC,AFL,2021,GF,GF,Australia,19,5039,21,21,,,2.3,2.46,2.44,2.36,2.61,2.51,2.21,2.42,2.36,1.87,2.44,2.15,2.18,2.4,1.56,2.46,2.39,2.55,2.21,1.9,2.83,Essendon,Archie Perkins,Gen. Forward,Gen. Forward,Gen. Forward
T. De Koning,CFC,AFL,2021,R,R,Australia,22,5474,13,13,,,2.29,2.13,2.06,1.83,2.82,1.95,2.46,2.31,2.33,2.99,2.22,2.5,2.84,2.68,2.83,2.11,1.68,1.75,2.18,2.16,1.0,Carlton,T. De Koning,,R,Ruck
T. Bianco,COFC,AFL,2021,GF,GF,Australia,20,9785,12,12,,,2.29,2.24,2.39,1.64,1.47,2.81,2.28,2.39,2.39,2.07,2.39,2.53,2.89,2.14,2.8,2.46,2.09,1.86,2.0,2.64,2.49,Collingwood,Trent Bianco,Gen. Forward,Gen. Forward,Gen. Forward
B. Starcevich,BFC,AFL,2021,GD,GD,Australia,22,6514,24,24,,,2.29,2.18,2.19,2.14,3.29,1.95,2.07,1.83,2.41,1.65,2.08,2.7,2.25,3.08,2.79,2.46,2.46,1.8,2.26,3.13,2.73,Brisbane,Brandon Starcevich,Gen. Defender,Gen. Defender,Gen. Defender
B. Frampton,AFC,AFL,2021,KF,KF,Australia,25,6168,10,10,,,2.28,2.04,2.09,1.47,2.16,2.71,1.67,2.33,2.53,1.0,2.02,3.12,2.54,2.98,5.0,2.67,2.49,1.41,1.67,4.26,4.22,Adelaide,Billy Frampton,Key Forward,Key Forward,Key Forward
J. Daicos,COFC,AFL,2021,M,M,Australia,23,5724,17,17,,,2.27,2.17,1.9,2.05,2.46,2.49,2.54,2.59,2.46,2.85,2.32,2.07,2.12,2.11,1.88,2.39,2.18,2.29,2.24,2.13,1.6,Collingwood,Josh Daicos,Midfielder,Midfielder,Midfielder
D. Fogarty,AFC,AFL,2021,KF,KF,Australia,22,5562,17,17,,,2.25,2.42,2.23,2.34,3.68,1.94,2.45,2.52,2.59,2.4,2.32,1.96,2.14,1.98,1.85,1.81,1.96,1.66,2.09,2.25,1.99,Adelaide,Darcy Fogarty,Key Forward,Key Forward,Key Forward
T. Brown,COFC,AFL,2021,W,W,Australia,22,9717,7,7,,,2.24,2.83,3.56,3.6,3.15,1.81,1.76,3.23,1.46,1.46,1.76,1.96,1.72,2.86,1.77,2.59,2.39,2.16,2.56,2.45,2.37,Collingwood,Tyler Brown,Midfielder,Midfielder,Midfielder
G. Birchall,BFC,AFL,2021,GD,GD,Australia,33,6095,23,23,,,2.24,2.16,2.33,1.37,1.4,2.8,2.63,2.52,2.86,2.24,2.63,2.56,3.73,1.7,2.21,2.46,1.59,1.49,1.47,1.49,2.01,Brisbane,Grant Birchall,Gen. Defender,Gen. Defender,Gen. Defender
J. Madden,BFC,AFL,2021,GD,GD,Australia,22,5987,9,9,,,2.24,2.58,3.26,3.18,3.79,1.69,1.87,1.73,1.97,2.37,1.71,2.24,1.73,2.92,2.04,2.46,2.42,2.4,2.43,2.37,2.53,Brisbane,James Madden,Gen. Defender,Gen. Defender,Gen. Defender
T. Brown,COFC,AFL,2021,W,W,Australia,19,4859,7,7,,,2.24,2.83,3.56,3.6,3.15,1.81,1.76,3.23,1.46,1.46,1.76,1.96,1.72,2.86,1.77,2.59,2.39,2.16,2.56,2.45,2.37,Collingwood,Tyler Brown,Midfielder,Midfielder,Midfielder
J. Honey,CFC,AFL,2021,GF,GF,Australia,20,4345,5,5,,,2.23,1.52,1.76,1.2,1.95,1.55,2.45,1.8,2.15,3.11,2.29,3.04,2.66,3.33,3.05,2.46,2.02,1.89,1.69,2.03,3.2,Carlton,Josh Honey,Gen. Forward,Gen. Forward,Gen. Forward
D. Shiel,EFC,AFL,2021,M,M,Australia,28,5288,8,8,,,2.23,2.34,2.87,1.84,2.4,2.05,2.47,3.16,2.27,2.44,1.96,1.86,1.39,2.2,1.9,2.39,1.97,2.0,2.12,1.16,2.04,Essendon,Dylan Shiel,Midfielder,Midfielder,Midfielder
J. Ginnivan,COFC,AFL,2021,GF,GF,Australia,19,10939,5,5,,,2.21,1.85,1.63,1.6,2.75,1.91,2.64,2.35,2.18,3.14,2.86,2.34,2.9,2.24,1.56,2.46,1.76,2.15,1.22,1.85,2.22,Collingwood,Jack Ginnivan,Gen. Forward,Gen. Forward,Gen. Forward
O. Henry,COFC,AFL,2021,GF,GF,Australia,19,9969,10,10,,,2.2,1.53,1.26,1.25,1.49,1.89,2.22,1.23,2.6,2.36,1.99,3.73,3.89,4.23,2.31,2.46,1.46,1.11,1.36,1.84,2.32,Collingwood,Oliver Henry,Gen. Forward,Gen. Forward,Gen. Forward
D. Robertson,BFC,AFL,2021,M,M,Australia,20,5345,16,16,,,2.19,1.69,1.4,1.88,1.8,1.83,1.96,1.78,2.25,1.93,1.7,3.02,3.01,3.15,2.76,2.39,2.8,2.5,2.8,2.72,4.03,Brisbane,Deven Robertson,Mid-Forward,Mid-Forward,Mid-Forward
T. Fullarton,BFC,AFL,2021,KF,KF,Australia,22,5829,12,12,,,2.17,3.11,4.51,2.15,2.63,3.31,1.66,4.01,2.07,0.9,1.93,1.84,0.75,1.16,2.31,3.6,2.64,2.6,2.81,3.04,2.12,Brisbane,Tom Fullarton,Ruck,Ruck,Ruck
M. Cottrell,CFC,AFL,2021,W,W,Australia,21,5295,14,14,,,2.16,1.84,1.59,1.91,2.22,1.81,2.01,1.77,1.36,2.14,2.49,2.51,2.27,2.44,2.94,2.59,2.65,2.21,2.89,2.75,2.7,Carlton,Matthew Cottrell,Midfielder,Midfielder,Midfielder
T. Cutler,EFC,AFL,2021,GD,GD,Australia,26,4974,11,13,,,2.13,2.05,1.92,1.74,1.96,2.32,2.59,2.95,2.19,3.43,2.25,2.0,2.12,2.03,1.83,2.46,1.66,1.28,1.67,1.87,1.85,Essendon,Tom Cutler,Gen. Defender,Gen. Defender,Gen. Defender
J. Butts,AFC,AFL,2021,KD,KD,Australia,22,6824,22,22,,,2.13,2.13,1.89,2.4,2.25,1.92,2.27,2.48,2.12,2.05,2.25,1.71,1.98,1.79,1.43,2.42,2.43,2.26,2.45,2.0,2.75,Adelaide,Jordon Butts,Key Defender,Key Defender,Key Defender
L. Plowman,CFC,AFL,2021,GD,GD,Australia,27,6790,19,19,,,2.13,1.56,1.71,1.76,1.85,1.32,2.0,1.6,2.52,2.04,1.76,3.0,2.86,3.24,2.89,2.46,2.35,1.81,1.4,2.89,3.76,Carlton,Lachie Plowman,Gen. Defender,Gen. Defender,Gen. Defender
D. Cuningham,CFC,AFL,2021,M,MF,Australia,24,4837,4,4,,,2.12,1.82,1.85,1.81,1.96,1.71,2.52,1.72,2.43,3.29,2.92,2.37,1.76,2.79,2.47,2.39,1.84,2.2,1.55,1.79,1.67,Carlton,David Cuningham,Mid-Forward,Mid-Forward,Mid-Forward
L. Brown,AFC,AFL,2021,GD,GD,Australia,29,5749,11,11,,,2.11,1.79,1.86,1.91,2.41,1.55,1.97,1.29,2.57,1.65,2.27,2.0,1.96,1.67,2.43,2.46,2.69,2.59,3.2,2.27,2.6,Adelaide,Luke Brown,Gen. Defender,Gen. Defender,Gen. Defender
J. Payne,BFC,AFL,2021,KD,KD,Australia,22,6133,10,10,,,2.11,2.19,2.33,1.87,1.77,2.67,2.03,1.8,2.18,2.37,2.03,2.19,2.5,2.35,1.79,2.42,2.02,2.52,2.53,1.86,1.85,Brisbane,Jack Payne,Key Defender,Key Defender,Key Defender
C. Curnow,CFC,AFL,2021,KF,KF,Australia,24,6010,4,4,,,2.1,2.42,1.58,1.89,2.28,4.1,2.14,2.17,2.78,1.4,3.5,1.74,2.51,1.06,1.85,1.88,2.19,2.15,2.57,2.11,1.65,Carlton,Charlie Curnow,Key Forward,Key Forward,Key Forward
L. Stocker,CFC,AFL,2021,GD,GD,Australia,21,5905,17,17,,,2.09,2.22,2.38,2.43,2.38,2.0,1.83,1.39,1.81,2.5,2.32,1.73,1.9,1.7,1.57,2.46,2.52,2.61,2.77,2.26,2.37,Carlton,Liam Stocker,Gen. Defender,Gen. Defender,Gen. Defender
W. Hamill,AFC,AFL,2021,GD,GD,Australia,21,5478,16,17,,,2.06,2.19,2.08,2.76,3.28,1.61,1.64,1.46,1.88,1.65,1.51,1.75,0.77,2.51,2.0,2.46,2.72,2.5,2.71,3.55,1.99,Adelaide,William Hamill,Gen. Defender,Gen. Defender,Gen. Defender
H. Jones,EFC,AFL,2021,KF,KF,Australia,20,5750,16,16,,,2.06,1.64,1.7,1.52,2.09,1.48,2.21,2.06,2.6,2.15,1.88,2.2,2.31,2.42,2.02,1.88,2.17,2.57,2.2,1.78,1.84,Essendon,Harrison Jones,Key Forward,Key Forward,Key Forward
A. Francis,EFC,AFL,2021,KD,KD,Australia,24,6081,15,15,,,2.05,2.22,2.18,2.26,1.99,2.33,2.68,2.69,2.18,4.73,2.67,2.02,2.66,1.66,1.98,2.27,1.7,2.59,1.93,1.43,1.61,Essendon,Aaron Francis,Key Defender,Key Defender,Key Defender
C. Ah Chee,BFC,AFL,2021,GD,GD,Australia,24,5672,21,21,,,2.04,2.07,2.58,2.5,3.35,1.33,1.94,1.9,1.66,3.9,1.51,1.53,0.88,2.35,1.35,2.46,2.46,3.27,3.21,1.07,2.08,Brisbane,C. Ah Chee,,GD,Gen. Defender
B. McCreery,COFC,AFL,2021,GF,GF,Australia,20,4466,12,13,,,2.02,1.47,1.62,1.18,1.84,1.53,2.08,0.91,2.05,2.65,2.05,2.02,2.07,1.9,2.18,2.46,2.94,3.39,3.29,1.57,1.88,Collingwood,Beau McCreery,Gen. Forward,Gen. Forward,Gen. Forward
T. Ruscoe,COFC,AFL,2021,GD,GD,Australia,20,10591,7,9,,,2.02,1.99,1.36,1.78,2.98,2.12,2.07,1.52,2.48,2.55,2.08,1.91,1.79,2.38,1.5,2.46,2.04,2.41,2.03,1.4,2.39,Collingwood,Trey Ruscoe,Gen. Defender,Gen. Defender,Gen. Defender
N. Cockatoo,BFC,AFL,2021,GF,GF,Australia,25,4876,7,7,,,2.01,1.6,1.6,1.9,2.48,1.16,2.1,2.13,2.27,2.25,1.31,1.7,1.01,2.3,1.56,2.46,3.02,2.82,2.8,2.0,4.72,Brisbane,Nakia Cockatoo,Gen. Forward,Gen. Forward,Gen. Forward
J. Prior,BFC,AFL,2021,W,W,Australia,20,4517,18,18,,,1.98,1.73,1.95,1.77,2.51,1.38,2.09,1.14,1.79,2.86,2.17,2.21,2.14,2.42,2.17,2.59,2.02,2.26,2.64,1.18,2.29,Brisbane,Jaxon Prior,Midfielder,Midfielder,Midfielder
D. Gardiner,BFC,AFL,2021,KD,KD,Australia,26,5687,9,9,,,1.97,2.35,1.82,2.73,2.26,2.33,1.96,1.6,2.35,2.05,1.74,2.1,1.8,2.42,1.96,2.42,1.64,1.09,1.19,2.53,1.31,Brisbane,Darcy Gardiner,Key Defender,Key Defender,Key Defender
B. Cook,AFC,AFL,2021,W,W,Australia,19,4889,3,3,,,1.97,2.44,1.64,2.0,2.8,3.07,1.85,2.81,1.79,1.71,1.72,1.66,1.71,1.67,1.55,2.59,1.71,1.66,2.53,1.75,1.15,Adelaide,Brayden Cook,Midfielder,Midfielder,Midfielder
P. Dow,CFC,AFL,2021,M,M,Australia,22,4909,16,17,,,1.96,2.25,2.42,2.12,2.93,1.75,1.88,2.13,1.51,1.93,2.18,1.59,1.34,1.76,1.62,2.39,1.86,1.94,1.82,1.74,1.78,Carlton,Paddy Dow,Midfielder,Midfielder,Midfielder
B. Sier,COFC,AFL,2021,M,M,Australia,24,7435,6,7,,,1.95,1.93,2.25,2.1,2.04,1.23,1.73,1.59,1.95,2.04,1.2,2.11,2.0,2.55,1.34,2.39,2.18,2.18,2.42,1.62,1.79,Collingwood,Brayden Sier,Midfielder,Midfielder,Midfielder
F. Macrae,COFC,AFL,2021,M,M,Australia,19,9964,7,9,,,1.95,1.86,1.79,1.71,1.6,2.28,2.08,2.64,2.05,1.79,1.71,2.0,2.69,1.76,1.34,2.39,1.86,2.35,1.41,2.15,1.38,Collingwood,Finlay Macrae,Midfielder,Midfielder,Midfielder
T. Williamson,CFC,AFL,2021,GD,GD,Australia,23,5902,11,11,,,1.94,1.87,2.03,1.06,3.4,2.02,2.1,1.86,1.88,3.56,2.17,2.01,2.5,1.67,1.84,2.46,1.75,2.3,1.83,1.25,1.58,Carlton,Thomas Williamson,Gen. Defender,Gen. Defender,Gen. Defender
A. McPherson,AFC,AFL,2021,GD,GD,Australia,22,5296,17,18,,,1.94,1.7,1.86,1.44,1.92,1.78,2.13,2.21,2.15,1.77,2.13,1.89,1.48,2.27,1.93,2.46,1.93,1.82,2.16,1.62,2.1,Adelaide,Andrew McPherson,Gen. Defender,Gen. Defender,Gen. Defender
B. Ham,EFC,AFL,2021,M,MF,Australia,22,5559,16,19,,,1.93,1.4,1.05,1.27,1.53,1.95,2.04,1.53,2.35,2.37,1.81,3.01,2.91,3.32,2.47,2.39,1.86,1.95,1.57,1.45,3.12,Essendon,Brayden Ham,Mid-Forward,Mid-Forward,Mid-Forward
C. Jones,AFC,AFL,2021,GD,GD,Australia,21,5459,15,15,,,1.91,1.84,1.93,1.69,2.2,1.83,1.79,1.59,1.64,2.64,2.0,2.21,1.66,2.68,2.29,2.46,1.98,1.58,1.77,2.29,2.4,Adelaide,Chayce Jones,Gen. Defender,Gen. Defender,Gen. Defender
N. Murphy,COFC,AFL,2021,W,W,Australia,22,9314,15,15,,,1.9,1.52,1.37,1.72,2.32,1.23,1.82,1.8,1.92,1.74,1.8,2.54,2.29,2.49,3.0,2.59,2.13,2.07,2.5,1.57,2.47,Collingwood,Nathan Murphy,Mid-Forward,Mid-Forward,Mid-Forward
J. Berry,BFC,AFL,2021,M,M,Australia,23,4801,11,11,,,1.9,1.68,1.55,1.93,1.95,1.47,2.07,1.94,2.11,2.49,1.74,1.7,1.79,1.62,1.75,2.39,2.15,2.11,2.07,1.54,3.28,Brisbane,Jarrod Berry,Midfielder,Midfielder,Midfielder
R. Mathieson,BFC,AFL,2021,M,M,Australia,24,3647,12,15,,,1.9,1.92,1.97,1.98,2.57,1.41,1.75,1.88,1.64,1.83,1.69,2.13,2.32,2.16,1.71,2.39,1.93,2.24,1.87,0.85,2.04,Brisbane,Rhys Mathieson,Midfielder,Midfielder,Midfielder
L. Parks,CFC,AFL,2021,GD,GD,Australia,20,5757,6,6,,,1.9,1.31,1.36,1.53,2.48,0.87,1.7,1.54,1.97,1.65,1.53,2.33,1.42,3.19,2.4,2.46,2.53,1.55,2.68,2.76,3.25,Carlton,Luke Parks,Gen. Defender,Gen. Defender,Gen. Defender
N. Murray,AFC,AFL,2021,KD,KD,Australia,21,4979,13,13,,,1.82,1.73,2.03,1.91,2.64,0.86,1.77,0.97,2.13,3.25,2.03,1.35,1.33,1.86,0.78,2.22,2.28,2.2,2.22,1.34,2.96,Adelaide,Nick Murray,Key Defender,Key Defender,Key Defender
M. Gleeson,EFC,AFL,2021,GD,GD,Australia,27,4077,6,6,,,1.82,1.34,1.66,0.84,1.43,1.55,2.13,2.1,2.55,1.65,1.69,1.56,2.36,1.15,1.1,2.46,2.04,2.04,2.54,0.73,2.92,Essendon,Martin Gleeson,Gen. Defender,Gen. Defender,Gen. Defender
T. Wilson,COFC,AFL,2021,GD,GD,Australia,24,10210,4,4,,,1.82,2.03,2.67,1.71,1.66,2.12,1.77,2.64,1.09,1.65,1.5,1.52,1.05,2.23,1.23,2.46,1.87,2.14,2.11,1.36,1.8,Collingwood,Tom Wilson,Gen. Defender,Gen. Defender,Gen. Defender
B. Zerk-Thatcher,EFC,AFL,2021,KD,KD,Australia,23,6077,6,6,,,1.71,1.95,3.44,1.1,2.11,1.85,2.49,3.13,2.1,2.05,2.0,1.32,1.84,1.26,1.03,3.03,1.57,2.61,3.22,0.35,1.61,Essendon,Brandon Zerk-Thatcher,Key Defender,Key Defender,Key Defender
D. Zaharakis,EFC,AFL,2021,M,MF,Australia,31,3478,8,9,,,1.7,1.4,1.32,1.13,1.81,1.54,1.97,1.45,2.36,2.12,1.8,1.99,2.73,1.7,1.34,2.39,1.58,1.81,1.6,0.76,1.46,Essendon,David Zaharakis,Mid-Forward,Mid-Forward,Mid-Forward
J. Rantall,COFC,AFL,2021,GF,GF,Australia,20,7783,4,5,,,1.59,1.22,1.68,0.96,1.12,1.22,1.75,3.05,2.13,1.06,1.19,1.71,1.91,1.62,1.56,2.46,1.76,2.68,1.12,2.09,1.08,Collingwood,Jay Rantall,Gen. Forward,Gen. Forward,Gen. Forward
N. Cahill,EFC,AFL,2021,GD,GD,Australia,20,5145,3,3,,,1.5,1.59,1.72,1.64,2.77,1.24,1.6,0.93,1.6,3.62,1.78,0.77,0.25,1.25,0.83,2.46,1.69,2.93,1.25,1.17,1.47,Essendon,Ned Cahill,Gen. Defender,Gen. Defender,Gen. Defender
T. Berry,BFC,AFL,2021,GF,GF,Australia,21,1956,8,11,,,1.45,0.98,1.38,0.8,2.6,0.51,1.58,1.87,1.7,1.5,1.21,1.48,1.24,1.62,1.56,2.46,2.02,1.91,2.14,1.8,2.09,Brisbane,Thomas Berry,Gen. Forward,Gen. Forward,Gen. Forward
R. O'Connor,AFC,AFL,2021,M,M,Australia,20,2724,3,3,,,1.35,1.09,1.11,0.96,2.04,0.62,1.32,1.87,1.25,1.26,0.85,1.49,1.23,1.76,1.34,2.39,1.74,1.87,2.02,0.47,1.38,Adelaide,Ronin O'Connor,Midfielder,Midfielder,Midfielder
O. McDonald,CFC,AFL,2021,KF,KF,Australia,25,1258,3,3,,,1.3,1.1,1.58,0.94,1.93,0.33,1.47,1.8,1.63,1.43,1.13,1.15,0.81,0.57,1.85,1.88,1.66,1.18,1.68,3.21,1.2,Carlton,Oscar McDonald,Key Forward,Key Forward,Key Forward
T. Greene,GWS,AFL,2021,GF,GF,Australia,28,6792,18,18,,,3.45,3.65,3.09,4.74,3.11,3.26,3.6,1.51,2.97,5.0,3.62,3.69,3.19,4.84,1.96,2.44,2.37,2.27,2.31,2.38,2.77,GWS Giants,Toby Greene,Gen. Forward,Gen. Forward,Gen. Forward
S. Taylor,GWS,AFL,2021,KD,KD,Australia,22,7036,19,19,,,3.39,3.31,2.67,4.32,2.76,2.84,2.61,3.34,2.06,2.05,2.48,3.46,2.89,3.42,3.91,2.42,3.7,3.45,3.43,4.11,3.57,GWS Giants,Sam Taylor,Key Defender,Key Defender,Key Defender
T. Miller,GCFC,AFL,2021,M,M,Australia,25,6245,21,21,,,3.32,3.66,3.96,3.76,2.46,3.85,3.25,3.12,3.65,2.48,3.46,2.4,2.6,2.13,2.63,3.59,3.55,3.56,4.02,2.66,2.54,Gold Coast,Touk Miller,Midfielder,Midfielder,Midfielder
S. Darcy,FRFC,AFL,2021,R,R,Australia,23,5948,21,21,,,3.27,3.42,3.77,3.66,2.82,3.25,3.13,3.47,2.8,3.27,2.95,3.57,3.08,3.62,3.59,3.66,2.52,2.86,2.85,2.89,1.87,Fremantle,Sean Darcy,Ruck,Ruck,Ruck
S. Menegola,GFC,AFL,2021,W,W,Australia,29,6037,23,23,,,3.27,4.03,4.04,3.9,2.75,4.45,3.17,3.24,3.01,3.46,3.13,2.54,2.99,2.54,1.78,2.59,2.84,2.75,2.65,2.69,3.16,Geelong,Sam Menegola,Midfielder,Midfielder,Midfielder
T. Hawkins,GFC,AFL,2021,KF,KF,Australia,33,7127,25,25,,,3.25,3.7,4.34,3.51,3.04,3.73,3.46,3.37,3.14,3.85,2.76,2.89,3.55,2.39,1.96,3.5,2.44,2.76,2.9,1.58,1.8,Geelong,Tom Hawkins,Key Forward,Key Forward,Key Forward
T. Stewart,GFC,AFL,2021,GD,GD,Australia,28,6319,20,20,,,3.22,2.91,2.08,3.22,2.65,3.04,3.12,2.37,4.09,1.95,3.34,4.91,4.38,5.0,5.0,2.46,2.66,1.66,1.48,4.58,3.28,Geelong,Tom Stewart,Gen. Defender,Gen. Defender,Gen. Defender
C. Jiath,HFC,AFL,2021,GD,GD,Australia,22,5852,16,16,,,3.13,3.29,2.8,3.42,3.13,3.4,3.05,3.94,2.5,2.13,2.94,3.3,2.84,2.65,4.6,2.46,2.97,2.31,1.89,4.09,3.99,Hawthorn,Changkuoth Jiath,Gen. Defender,Gen. Defender,Gen. Defender
J. Impey,HFC,AFL,2021,GD,GD,Australia,26,5967,13,13,,,3.12,3.34,3.14,3.01,2.95,3.72,3.13,3.38,3.02,2.61,3.13,3.04,2.83,3.19,3.12,2.46,2.93,3.1,3.35,2.41,2.72,Hawthorn,Jarman Impey,Gen. Defender,Gen. Defender,Gen. Defender
T. Mitchell,HFC,AFL,2021,M,M,Australia,28,6158,22,22,,,3.12,3.37,3.52,3.33,1.86,4.12,3.36,4.27,3.36,2.27,3.31,2.51,2.45,1.98,3.8,2.39,2.78,3.1,2.73,2.98,1.54,Hawthorn,Tom Mitchell,Midfielder,Midfielder,Midfielder
N. Fyfe,FRFC,AFL,2021,M,M,Australia,30,5980,15,15,,,3.11,3.33,3.69,3.82,3.29,2.36,2.88,3.14,2.44,3.32,2.88,3.82,2.75,4.96,3.15,2.42,2.54,2.6,2.35,2.74,2.83,Fremantle,Nat Fyfe,Midfielder,Midfielder,Midfielder
J. Scrimshaw,HFC,AFL,2021,GD,GD,Australia,23,5726,19,20,,,3.09,2.93,3.03,2.75,2.12,3.2,3.28,3.71,3.05,3.25,2.95,4.03,3.43,4.05,4.71,2.46,2.4,1.99,1.99,3.56,2.06,Hawthorn,Jack Scrimshaw,Gen. Defender,Gen. Defender,Gen. Defender
N. Holman,GCFC,AFL,2021,GF,GF,Australia,26,6023,13,16,,,3.08,3.04,2.62,3.37,3.32,2.93,2.46,3.01,2.58,1.98,2.74,3.52,3.08,3.21,4.97,2.46,4.05,4.35,4.34,3.18,3.13,Gold Coast,Nick Holman,Gen. Forward,Gen. Forward,Gen. Forward
D. Macpherson,GCFC,AFL,2021,GF,GF,Australia,24,5732,9,11,,,3.07,3.62,4.23,3.77,2.72,3.43,2.26,2.4,2.97,1.32,2.67,3.17,3.07,2.85,4.04,2.46,3.73,3.32,4.14,4.46,3.13,Gold Coast,Darcy Macpherson,Gen. Forward,Gen. Forward,Gen. Forward
S. Collins,GCFC,AFL,2021,KD,KD,Australia,27,6961,19,19,,,3.05,2.43,2.22,2.84,2.28,2.17,2.47,2.69,2.37,2.05,2.34,3.28,3.5,3.13,3.29,2.43,3.45,3.64,2.51,3.39,3.77,Gold Coast,Sam Collins,Key Defender,Key Defender,Key Defender
P. Dangerfield,GFC,AFL,2021,M,M,Australia,31,5395,16,16,,,3.05,3.31,3.54,3.97,3.19,2.41,2.57,2.06,2.51,2.86,3.03,4.44,3.02,5.0,4.86,2.39,2.27,1.7,2.46,2.16,3.9,Geelong,Patrick Dangerfield,Midfielder,Midfielder,Midfielder
H. Perryman,GWS,AFL,2021,GD,GD,Australia,23,5979,18,18,,,3.04,3.67,4.51,3.62,2.12,3.76,2.76,2.55,2.53,4.07,2.88,2.96,2.34,3.08,3.55,2.46,2.84,3.08,2.93,2.92,2.33,GWS Giants,Harry Perryman,Gen. Defender,Gen. Defender,Gen. Defender
J. O'Meara,HFC,AFL,2021,M,M,Australia,27,6058,18,18,,,3.03,3.43,3.75,3.23,3.48,3.14,2.86,3.28,2.8,2.27,3.05,2.51,2.5,2.36,2.85,2.39,3.0,2.99,3.25,2.39,2.62,Hawthorn,Jaeger O'Meara,Midfielder,Midfielder,Midfielder
B. Ellis,GCFC,AFL,2021,W,W,Australia,28,6068,18,18,,,3.03,3.26,3.06,2.9,2.38,3.84,3.13,2.81,3.76,2.65,2.99,2.63,3.33,1.96,1.93,2.59,2.8,2.8,2.95,3.61,1.89,Gold Coast,Brandon Ellis,Midfielder,Midfielder,Midfielder
A. Brayshaw,FRFC,AFL,2021,M,M,Australia,22,5766,20,20,,,3.0,2.96,2.55,2.64,2.76,3.96,3.32,4.09,3.24,2.35,3.46,2.49,3.03,1.68,3.37,2.39,2.99,3.11,2.8,3.24,3.05,Fremantle,Andrew Brayshaw,Midfielder,Midfielder,Midfielder
H. Greenwood,GCFC,AFL,2021,M,M,Australia,29,5340,15,15,,,3.0,2.99,3.62,3.56,2.92,1.58,2.32,2.57,2.25,2.47,2.02,2.65,1.33,3.58,2.85,3.69,4.27,4.0,4.94,3.46,3.49,Gold Coast,Hugh Greenwood,Midfielder,Midfielder,Midfielder
R. Lobb,FRFC,AFL,2021,KF,KF,Australia,28,6830,13,13,,,3.0,3.16,3.99,3.28,1.96,2.87,2.67,2.77,2.38,2.72,2.92,3.44,3.37,3.4,3.2,3.74,2.41,1.67,2.13,2.72,3.79,Fremantle,Rory Lobb,Key Forward,Key Forward,Key Forward
J. Ceglar,HFC,AFL,2021,R,R,Australia,30,5395,12,12,,,2.95,3.01,3.12,3.03,2.43,3.34,2.87,4.07,2.7,1.62,3.11,3.02,3.25,3.3,3.7,2.37,2.78,2.16,2.1,3.48,3.22,Hawthorn,Jonathon Ceglar,Ruck,Ruck,Ruck
S. Higgins,GFC,AFL,2021,GF,GF,Australia,33,5428,15,18,,,2.94,3.87,4.74,2.82,2.32,4.62,2.79,4.46,3.07,1.67,3.1,2.02,2.88,1.55,1.56,2.46,2.67,2.26,3.16,2.41,2.49,Geelong,Shaun Higgins,Gen. Forward,Gen. Forward,Gen. Forward
I. Cumming,GWS,AFL,2021,GD,GD,Australia,23,6015,24,24,,,2.91,2.77,2.99,2.99,2.65,2.59,2.81,2.59,3.11,2.35,2.91,3.55,2.67,4.21,3.82,2.46,2.78,2.48,2.77,3.2,2.66,GWS Giants,Isaac Cumming,Gen. Defender,Gen. Defender,Gen. Defender
S. Switkowski,FRFC,AFL,2021,GF,GF,Australia,25,5190,12,12,,,2.91,2.9,2.96,3.17,3.15,2.61,2.66,3.22,2.48,2.42,3.06,3.33,2.45,3.1,5.0,2.46,2.94,2.66,2.68,3.42,3.95,Fremantle,Sam Switkowski,Gen. Forward,Gen. Forward,Gen. Forward
D. Moore,HFC,AFL,2021,GF,GF,Australia,22,5857,20,20,,,2.9,2.93,2.08,3.19,2.75,3.2,3.18,3.31,3.13,3.33,2.81,2.48,2.75,2.34,2.31,2.46,2.78,2.66,2.91,2.91,2.66,Hawthorn,Dylan Moore,Gen. Forward,Gen. Forward,Gen. Forward
C. Guthrie,GFC,AFL,2021,M,M,Australia,29,5463,23,23,,,2.9,3.12,3.34,2.81,1.96,3.79,3.13,3.44,3.6,1.99,3.08,2.52,3.29,2.19,1.93,2.39,2.43,2.44,2.54,2.13,2.29,Geelong,Cameron Guthrie,Midfielder,Midfielder,Midfielder
L. Breust,HFC,AFL,2021,GF,GF,Australia,31,5821,19,19,,,2.9,3.12,3.1,3.54,3.65,2.69,3.07,2.62,2.56,3.94,2.65,2.27,2.46,2.27,1.95,2.46,2.87,2.79,3.32,2.2,2.34,Hawthorn,Luke Breust,Gen. Forward,Gen. Forward,Gen. Forward
L. Whitfield,GWS,AFL,2021,GD,GD,Australia,27,6098,17,17,,,2.88,3.67,4.55,3.43,2.13,3.87,2.93,2.69,2.83,3.3,3.34,2.29,3.31,1.57,1.95,2.46,2.36,2.56,3.3,1.33,2.01,GWS Giants,Lachie Whitfield,Midfielder,Midfielder,Midfielder
J. Kelly,GWS,AFL,2021,M,M,Australia,26,6232,23,23,,,2.88,2.85,2.58,2.87,2.5,3.41,3.17,3.07,2.9,3.65,3.29,2.05,2.18,1.92,2.13,2.39,3.14,3.14,3.37,2.66,2.67,GWS Giants,Josh Kelly,Midfielder,Midfielder,Midfielder
W. Powell,GCFC,AFL,2021,GD,GD,Australia,22,6220,22,22,,,2.88,2.66,2.16,2.96,3.37,2.46,2.6,2.5,2.84,2.03,2.63,3.27,2.69,3.42,3.76,2.46,3.26,3.21,2.87,3.54,3.55,Gold Coast,Wil Powell,Gen. Defender,Gen. Defender,Gen. Defender
T. Taranto,GWS,AFL,2021,M,MF,Australia,23,6175,24,24,,,2.86,2.92,2.84,2.82,2.26,3.53,2.65,2.75,2.23,3.11,2.79,2.78,3.07,2.53,2.85,2.41,3.11,3.02,3.25,3.45,2.62,GWS Giants,Tim Taranto,Mid-Forward,Mid-Forward,Mid-Forward
I. Smith,GFC,AFL,2021,W,W,Australia,33,6154,24,24,,,2.85,2.15,2.17,1.6,1.84,2.62,3.73,2.72,3.49,3.54,4.25,3.02,3.52,2.64,2.45,2.59,2.25,2.25,2.3,1.7,2.78,Geelong,Isaac Smith,Midfielder,Midfielder,Midfielder
B. Hardwick,HFC,AFL,2021,GD,GD,Australia,24,6243,20,20,,,2.85,2.86,2.37,2.92,2.52,3.06,2.97,2.98,3.27,1.82,3.02,2.62,2.7,2.39,2.8,2.46,2.82,2.46,2.71,2.7,3.62,Hawthorn,Blake Hardwick,Gen. Defender,Gen. Defender,Gen. Defender
N. Haynes,GWS,AFL,2021,GD,GD,Australia,29,6189,21,21,,,2.84,2.46,2.05,2.48,1.64,2.76,2.51,2.61,2.5,2.13,2.52,4.34,4.12,3.99,5.0,2.46,2.8,2.22,1.19,4.05,4.37,GWS Giants,Nick Haynes,Gen. Defender,Gen. Defender,Gen. Defender
J. Henry,GFC,AFL,2021,KD,KD,Australia,23,7022,24,24,,,2.83,2.9,2.82,2.87,2.76,3.06,3.11,2.57,3.24,5.0,2.79,3.06,3.14,3.15,2.89,2.54,2.49,2.9,3.09,2.53,2.18,Geelong,Jack Henry,Key Defender,Key Defender,Key Defender
M. Walters,FRFC,AFL,2021,GF,GF,Australia,30,6000,16,16,,,2.83,2.9,3.24,2.95,1.99,2.93,2.9,2.77,3.3,2.62,2.75,2.84,2.69,2.49,3.89,2.46,2.47,2.69,2.21,3.15,2.23,Fremantle,Michael Walters,Gen. Forward,Gen. Forward,Gen. Forward
B. McEvoy,HFC,AFL,2021,R,R,Australia,32,6044,22,22,,,2.83,2.42,1.83,2.26,3.04,2.79,2.75,2.89,2.8,2.79,2.53,3.01,4.06,3.31,3.18,2.47,3.01,3.27,3.43,2.71,2.73,Hawthorn,Ben McEvoy,Ruck,Ruck,Ruck
B. Fiorini,GCFC,AFL,2021,M,M,Australia,24,4886,9,10,,,2.82,2.86,3.01,2.68,1.91,3.41,2.77,2.4,3.3,2.03,3.05,2.61,2.99,1.76,3.84,2.39,3.0,2.82,3.06,3.19,3.26,Gold Coast,Brayden Fiorini,Midfielder,Midfielder,Midfielder
C. Ward,GWS,AFL,2021,M,M,Australia,31,5939,24,24,,,2.81,2.86,2.86,2.99,2.57,2.89,3.03,3.18,3.18,3.0,2.6,2.97,2.61,3.15,3.23,4.07,2.26,2.08,2.14,2.52,3.19,GWS Giants,Callan Ward,Midfielder,Midfielder,Midfielder
D. Howe,HFC,AFL,2021,W,W,Australia,26,5491,20,20,,,2.8,2.63,2.39,2.81,2.44,2.66,2.71,2.6,2.9,3.03,2.43,3.05,2.8,3.24,3.35,2.59,3.03,2.68,2.46,3.29,3.38,Hawthorn,Daniel Howe,Midfielder,Midfielder,Midfielder
D. Mundy,FRFC,AFL,2021,M,M,Australia,36,5599,22,22,,,2.79,3.09,3.33,2.94,2.91,3.0,3.0,2.91,2.99,3.1,3.03,2.18,1.93,2.46,1.96,2.39,2.41,2.13,2.62,2.81,2.34,Fremantle,David Mundy,Midfielder,Midfielder,Midfielder
S. Frost,HFC,AFL,2021,KD,KD,Australia,28,6811,22,22,,,2.79,3.24,2.8,3.26,3.28,3.49,2.42,3.3,1.5,2.05,2.95,2.76,2.15,2.96,2.97,2.5,2.72,3.09,3.19,3.66,1.85,Hawthorn,Sam Frost,Key Defender,Key Defender,Key Defender
D. Swallow,GCFC,AFL,2021,M,M,Australia,29,5670,21,21,,,2.79,2.46,2.04,2.57,2.21,3.07,2.61,2.36,3.05,2.25,2.49,3.76,3.56,3.75,4.14,2.5,2.9,2.66,2.84,4.08,2.85,Gold Coast,David Swallow,Midfielder,Midfielder,Midfielder
H. Young,FRFC,AFL,2021,GD,GD,Australia,20,5800,8,8,,,2.78,2.54,2.45,2.49,3.24,2.45,2.44,2.74,2.4,1.65,2.37,3.77,2.98,3.86,4.57,2.46,2.89,2.66,3.1,3.15,2.54,Fremantle,Hayden Young,Gen. Defender,Gen. Defender,Gen. Defender
G. Rohan,GFC,AFL,2021,GF,GF,Australia,30,6029,21,21,,,2.78,2.05,1.49,2.28,3.27,1.85,2.95,1.81,2.96,3.68,2.39,3.81,2.89,5.0,2.26,2.46,2.44,1.88,2.21,2.64,4.21,Geelong,Gary Rohan,Gen. Forward,Gen. Forward,Gen. Forward
J. Selwood,GFC,AFL,2021,M,M,Australia,33,5570,24,24,,,2.78,3.13,3.29,3.51,2.77,2.73,2.69,2.77,2.93,2.04,2.84,2.33,2.19,2.29,2.66,2.41,2.66,2.48,2.78,3.08,2.45,Geelong,Joel Selwood,Midfielder,Midfielder,Midfielder
A. Kennedy,GWS,AFL,2021,W,W,Australia,29,6078,9,9,,,2.78,2.44,2.54,2.43,2.41,2.41,2.37,3.0,2.63,1.94,2.25,3.45,2.5,4.05,4.63,2.59,3.49,2.41,3.43,4.09,3.63,GWS Giants,Adam Kennedy,Midfielder,Midfielder,Midfielder
J. Hopper,GWS,AFL,2021,M,M,Australia,24,6010,23,23,,,2.77,3.43,4.01,3.65,2.69,2.83,2.72,2.51,2.87,2.53,2.93,1.87,1.89,1.83,1.93,2.39,2.34,2.35,2.37,2.17,2.4,GWS Giants,Jacob Hopper,Midfielder,Midfielder,Midfielder
W. Day,HFC,AFL,2021,GD,GD,Australia,20,5769,5,5,,,2.77,3.06,2.61,3.5,3.49,2.83,2.72,3.81,1.99,1.65,2.65,2.79,2.47,2.63,3.35,2.46,2.53,1.95,1.8,4.21,2.25,Hawthorn,Will Day,Gen. Defender,Gen. Defender,Gen. Defender
Z. Tuohy,GFC,AFL,2021,GD,GD,Australia,32,6118,21,21,,,2.76,3.23,3.6,3.06,2.64,3.36,3.48,3.57,3.0,5.0,3.26,2.17,2.48,1.69,2.35,2.46,1.64,1.23,1.72,2.03,1.56,Geelong,Zach Tuohy,Gen. Defender,Gen. Defender,Gen. Defender
T. Atkins,GFC,AFL,2021,GD,GD,Australia,26,6178,22,22,,,2.75,3.42,4.19,3.79,3.47,2.91,2.36,2.74,2.29,1.76,2.13,2.08,2.1,2.08,2.05,2.46,3.04,3.61,4.01,2.34,1.74,Geelong,Tom Atkins,Gen. Defender,Gen. Defender,Gen. Defender
B. Cox,FRFC,AFL,2021,KD,KD,Australia,23,6715,12,12,,,2.74,2.34,2.0,2.35,2.59,2.42,2.91,3.47,2.67,2.32,2.28,2.61,2.29,3.29,2.07,2.3,3.02,2.21,1.71,2.58,3.93,Fremantle,Brennan Cox,Key Defender,Key Defender,Key Defender
J. Hogan,GWS,AFL,2021,KF,KF,Australia,26,12348,9,9,,,2.73,2.53,1.74,2.8,1.59,3.5,3.02,1.87,2.98,3.44,2.43,2.78,3.32,3.45,1.85,1.88,2.02,1.47,2.08,1.95,2.8,GWS Giants,Jesse Hogan,Key Forward,Key Forward,Key Forward
C. Ballard,GCFC,AFL,2021,KD,KD,Australia,22,6822,21,21,,,2.71,2.76,2.31,2.59,3.1,3.08,2.46,2.1,2.95,2.05,2.3,3.09,3.36,2.49,3.6,2.42,2.47,2.0,2.1,3.19,2.23,Gold Coast,Charlie Ballard,Key Defender,Key Defender,Key Defender
B. Ainsworth,GCFC,AFL,2021,GF,GF,Australia,23,5697,17,17,,,2.71,2.85,2.65,2.68,1.57,3.4,2.75,1.62,3.42,2.47,2.99,2.88,3.89,2.29,2.44,2.46,2.13,2.71,1.96,2.09,1.26,Gold Coast,Ben Ainsworth,Gen. Forward,Gen. Forward,Gen. Forward
N. Reeves,HFC,AFL,2021,R,R,Australia,23,5390,5,5,,,2.69,2.21,2.04,2.04,2.74,2.15,2.38,3.29,2.15,1.66,2.43,2.6,1.46,2.33,2.71,2.99,4.07,2.89,3.55,4.64,4.8,Hawthorn,Ned Reeves,Ruck,Ruck,Ruck
B. Close,GFC,AFL,2021,GF,GF,Australia,23,5968,22,22,,,2.69,2.74,2.55,2.83,2.23,2.9,2.62,3.63,2.61,2.26,2.49,2.53,2.11,2.38,3.59,2.46,2.96,2.71,3.2,2.63,3.13,Geelong,Brad Close,Gen. Forward,Gen. Forward,Gen. Forward
J. Witts,GCFC,AFL,2021,R,R,Australia,29,5115,3,3,,,2.68,2.92,3.31,3.11,2.52,2.6,2.33,3.31,2.11,1.26,2.63,2.87,2.41,2.95,2.14,3.39,2.42,2.68,2.61,2.59,2.05,Gold Coast,Jarrod Witts,Ruck,Ruck,Ruck
M. Flynn,GWS,AFL,2021,R,R,Australia,24,10967,12,12,,,2.68,2.32,2.23,2.79,1.9,2.29,2.56,3.38,2.25,2.26,2.37,3.08,3.16,4.1,2.84,2.57,2.28,1.93,2.53,2.48,2.18,GWS Giants,Matt Flynn,Ruck,Ruck,Ruck
M. Duncan,GFC,AFL,2021,M,MF,Australia,30,5480,13,13,,,2.67,2.36,1.98,1.99,1.87,3.54,3.29,2.61,3.89,2.87,3.51,3.03,4.63,1.76,3.08,2.43,2.01,1.6,2.02,2.75,2.9,Geelong,Mitch Duncan,Mid-Forward,Mid-Forward,Mid-Forward
M. Lewis,HFC,AFL,2021,KF,KF,Australia,23,6316,14,14,,,2.67,2.47,2.67,2.71,2.0,2.2,2.59,2.87,2.75,2.59,2.19,2.9,3.14,3.2,2.26,2.63,2.76,3.07,2.9,1.77,2.81,Hawthorn,Mitch Lewis,Key Forward,Key Forward,Key Forward
B. Acres,FRFC,AFL,2021,W,W,Australia,26,5801,18,18,,,2.66,2.99,2.91,2.91,2.65,3.18,2.51,3.04,2.27,1.73,2.95,2.2,2.26,2.22,2.09,1.13,2.77,2.77,2.48,3.07,2.66,Fremantle,Blake Acres,Midfielder,Midfielder,Midfielder
M. Taberner,FRFC,AFL,2021,KF,KF,Australia,28,6507,16,16,,,2.66,2.24,1.7,2.27,1.95,2.91,3.07,1.77,2.95,3.56,2.53,2.78,3.97,2.68,2.56,1.88,1.9,2.06,1.52,2.47,1.89,Fremantle,Matt Taberner,Key Forward,Key Forward,Key Forward
J. Cameron,GFC,AFL,2021,KF,KF,Australia,28,6178,15,15,,,2.66,2.67,2.45,2.45,2.54,3.29,3.49,2.4,3.4,3.9,2.98,1.94,2.26,1.62,2.27,1.88,1.83,1.48,1.88,1.88,2.24,Geelong,Jeremy Cameron,Key Forward,Key Forward,Key Forward
D. Lloyd,GWS,AFL,2021,GF,GF,Australia,29,6142,16,16,,,2.65,2.41,2.07,2.32,1.77,2.81,2.8,2.05,2.73,3.18,2.81,2.77,3.25,2.3,2.96,2.46,2.65,2.51,2.48,2.68,3.4,GWS Giants,Daniel Lloyd,Gen. Forward,Gen. Forward,Gen. Forward
C. Wingard,HFC,AFL,2021,M,MF,Australia,28,5706,16,16,,,2.64,2.5,2.4,2.65,2.1,2.72,2.99,2.01,3.2,3.71,3.15,2.63,2.52,2.67,2.75,2.39,2.38,2.38,2.48,1.82,2.56,Hawthorn,Chad Wingard,Mid-Forward,Mid-Forward,Mid-Forward
J. Aish,FRFC,AFL,2021,GD,GD,Australia,26,6088,22,22,,,2.64,3.12,4.35,3.01,2.14,3.0,2.73,3.53,1.86,2.99,2.71,1.97,1.93,2.06,1.91,2.46,2.43,2.96,2.8,1.75,2.06,Fremantle,James Aish,Gen. Defender,Gen. Defender,Gen. Defender
J. Bowes,GCFC,AFL,2021,GD,GD,Australia,23,5952,18,19,,,2.64,2.85,2.91,2.78,2.34,2.98,2.43,1.8,2.88,2.33,2.78,2.43,2.47,2.19,2.67,2.46,2.85,2.53,2.53,3.03,3.51,Gold Coast,Jack Bowes,Gen. Defender,Gen. Defender,Gen. Defender
I. Rankine,GCFC,AFL,2021,GF,GF,Australia,21,6097,18,18,,,2.63,3.14,3.22,3.66,3.81,2.53,2.5,2.48,2.24,2.63,2.83,2.08,2.45,1.84,1.97,2.46,2.62,2.64,2.52,2.78,2.71,Gold Coast,Izak Rankine,Gen. Forward,Gen. Forward,Gen. Forward
L. Ryan,FRFC,AFL,2021,KD,KD,Australia,25,6478,19,19,,,2.63,3.09,2.59,2.48,2.91,4.24,3.44,2.76,4.31,2.05,4.07,2.41,2.86,1.68,2.91,2.42,2.22,2.35,2.97,2.55,1.72,Fremantle,Luke Ryan,Key Defender,Key Defender,Key Defender
J. Sharp,GCFC,AFL,2021,W,W,Australia,20,6427,8,9,,,2.62,2.21,2.17,1.54,1.8,2.82,3.0,2.55,3.29,2.23,3.29,3.03,3.55,3.23,2.02,2.59,2.25,2.07,2.31,2.81,1.77,Gold Coast,Jeremy Sharp,Midfielder,Midfielder,Midfielder
T. Phillips,HFC,AFL,2021,W,W,Australia,25,5925,22,22,,,2.62,2.88,2.66,3.57,2.43,2.59,2.65,2.75,2.59,3.75,2.12,2.48,2.56,2.91,2.06,2.59,2.27,2.19,2.84,2.07,2.13,Hawthorn,Tom Phillips,Midfielder,Midfielder,Midfielder
J. Finlayson,GWS,AFL,2021,KF,KF,Australia,25,11837,12,13,,,2.61,2.99,3.85,2.54,3.11,2.69,2.96,2.37,3.24,2.91,3.07,1.99,2.16,1.25,1.85,2.93,2.27,2.25,2.19,2.16,2.5,GWS Giants,Jeremy Finlayson,Key Forward,Key Forward,Key Forward
A. Cerra,FRFC,AFL,2021,M,M,Australia,22,5565,18,18,,,2.61,2.65,2.48,2.51,2.26,3.29,2.72,2.32,2.96,2.28,3.24,2.65,3.41,1.97,2.85,2.39,2.36,2.43,1.91,3.03,3.22,Fremantle,Adam Cerra,Midfielder,Midfielder,Midfielder
H. Himmelberg,GWS,AFL,2021,KF,KF,Australia,25,6838,24,24,,,2.61,2.97,2.26,3.16,2.95,3.43,2.73,3.16,2.69,2.53,3.15,2.17,2.09,2.14,2.42,2.13,2.61,2.37,2.93,2.49,2.5,GWS Giants,Harry Himmelberg,Key Forward,Key Forward,Key Forward
M. Blicavs,GFC,AFL,2021,KD,KD,Australia,30,6592,24,24,,,2.6,3.94,5.0,4.52,2.77,2.81,2.97,3.91,1.92,3.9,2.53,1.63,1.67,1.86,1.34,3.7,2.49,4.51,4.22,1.25,2.3,Geelong,Mark Blicavs,Key Defender,Key Defender,Key Defender
L. Schultz,FRFC,AFL,2021,GF,GF,Australia,24,5825,20,20,,,2.56,2.26,1.6,2.46,2.57,2.36,2.56,1.52,2.74,3.01,2.14,2.93,3.42,2.49,3.05,2.46,2.65,2.08,2.86,3.07,3.18,Fremantle,Lachie Schultz,Gen. Forward,Gen. Forward,Gen. Forward
C. Serong,FRFC,AFL,2021,M,M,Australia,20,5447,22,22,,,2.56,2.84,3.09,2.67,2.35,2.94,2.64,2.7,2.63,2.56,2.67,2.11,1.85,2.1,2.57,2.39,2.32,2.37,2.32,2.61,1.83,Fremantle,Caleb Serong,Midfielder,Midfielder,Midfielder
L. Henderson,GFC,AFL,2021,KD,KD,Australia,32,7388,21,21,,,2.55,2.88,2.57,2.69,3.49,3.01,3.1,2.58,3.21,4.25,3.57,2.51,3.29,2.07,2.46,2.42,2.15,2.17,2.0,2.4,2.02,Geelong,Lachie Henderson,Key Defender,Key Defender,Key Defender
T. O'Brien,HFC,AFL,2021,KF,KF,Australia,27,5876,19,19,,,2.55,2.41,2.12,2.17,2.33,3.1,2.15,3.47,2.89,1.38,2.6,2.83,2.34,2.6,5.0,2.09,3.44,2.41,2.69,5.0,4.75,Hawthorn,Tim O'Brien,Key Forward,Key Forward,Key Forward
R. Stanley,GFC,AFL,2021,R,R,Australia,31,5477,19,19,,,2.53,2.87,2.84,2.53,2.67,3.42,2.8,2.57,3.42,2.41,2.79,2.31,2.76,2.19,1.92,2.52,2.22,1.42,1.91,1.89,3.09,Geelong,Rhys Stanley,Ruck,Ruck,Ruck
S. Mumford,GWS,AFL,2021,R,R,Australia,35,5782,14,14,,,2.53,2.8,3.32,2.9,2.91,2.0,2.4,3.07,2.37,1.86,2.32,2.26,1.31,1.44,1.63,3.41,3.08,3.71,4.01,1.68,2.85,GWS Giants,Shane Mumford,Ruck,Ruck,Ruck
T. Colyer,FRFC,AFL,2021,GF,GF,Australia,30,6042,22,22,,,2.53,2.65,2.31,2.42,2.49,3.04,2.56,1.58,2.93,2.36,3.17,2.47,2.7,2.11,2.91,2.46,2.31,2.24,2.11,3.16,2.42,Fremantle,Travis Colyer,Gen. Forward,Gen. Forward,Gen. Forward
O. Markov,GCFC,AFL,2021,GD,GD,Australia,25,5544,17,17,,,2.53,2.52,2.28,2.28,2.62,2.73,2.36,1.96,2.42,2.56,2.87,2.85,3.71,2.7,2.01,2.46,2.59,2.26,2.87,2.35,2.89,Gold Coast,Oleg Markov,Gen. Defender,Gen. Defender,Gen. Defender
N. Anderson,GCFC,AFL,2021,M,M,Australia,20,5601,20,20,,,2.52,2.72,2.7,2.49,2.4,3.16,2.48,2.71,2.67,1.39,2.93,2.3,2.69,1.92,2.47,2.39,2.41,2.2,2.07,3.63,3.41,Gold Coast,Noah Anderson,Midfielder,Midfielder,Midfielder
L. Shiels,HFC,AFL,2021,M,M,Australia,30,5818,21,21,,,2.51,2.15,1.9,1.89,1.86,2.93,2.61,3.02,2.6,2.11,2.62,2.63,3.13,2.24,2.63,2.39,2.88,2.63,3.12,2.74,3.08,Hawthorn,Liam Shiels,Midfielder,Midfielder,Midfielder
L. Bramble,HFC,AFL,2021,GD,GD,Australia,23,6154,10,10,,,2.51,2.47,2.12,1.89,2.77,2.91,3.04,2.9,2.71,3.58,3.59,2.04,2.42,2.03,1.61,2.46,2.1,2.43,2.49,1.24,2.19,Hawthorn,Lachlan Bramble,Gen. Defender,Gen. Defender,Gen. Defender
G. Miers,GFC,AFL,2021,GF,GF,Australia,22,6170,15,15,,,2.49,2.93,2.33,2.61,2.49,3.57,2.57,3.0,2.44,2.44,2.72,2.04,2.61,1.82,1.56,2.46,2.07,1.85,2.04,2.9,2.07,Geelong,Gryan Miers,Gen. Forward,Gen. Forward,Gen. Forward
B. Daniels,GWS,AFL,2021,GF,GF,Australia,22,5274,13,13,,,2.49,3.26,3.76,3.45,3.41,2.82,2.15,2.93,2.18,1.33,3.19,1.75,1.43,1.84,2.13,2.46,2.71,2.91,2.8,2.09,2.43,GWS Giants,Brent Daniels,Gen. Forward,Gen. Forward,Gen. Forward
S. Flanders,GCFC,AFL,2021,GF,GF,Australia,20,5137,15,16,,,2.49,2.77,3.6,2.93,2.13,2.39,2.17,3.16,2.24,1.55,2.46,2.02,2.52,1.62,2.06,2.46,3.28,3.74,3.69,2.51,1.64,Gold Coast,Sam Flanders,Gen. Forward,Gen. Forward,Gen. Forward
J. Worpel,HFC,AFL,2021,M,M,Australia,22,5739,20,20,,,2.49,2.76,2.79,2.56,3.39,2.52,2.41,2.6,2.06,2.75,2.47,1.84,1.86,1.95,1.56,2.39,2.61,2.77,2.62,2.14,2.38,Hawthorn,James Worpel,Midfielder,Midfielder,Midfielder
S. Simpson,GFC,AFL,2021,GF,GF,Australia,23,4662,4,4,,,2.47,3.04,3.8,2.2,2.81,3.35,2.52,3.89,2.64,1.95,2.18,1.79,2.13,1.62,1.56,2.46,2.14,2.11,2.38,1.97,1.65,Geelong,Sam Simpson,Gen. Forward,Gen. Forward,Gen. Forward
M. Frederick,FRFC,AFL,2021,GF,GF,Australia,21,5202,7,7,,,2.46,2.19,1.79,1.9,3.28,2.33,2.44,0.96,2.88,2.59,2.56,3.41,4.14,3.18,2.63,2.46,1.8,2.17,1.57,2.2,1.3,Fremantle,Michael Frederick,Gen. Forward,Gen. Forward,Gen. Forward
T. Duman,FRFC,AFL,2021,GD,GD,Australia,23,5921,5,6,,,2.45,2.01,1.6,1.94,1.77,2.24,2.31,2.02,2.9,1.65,2.12,2.57,2.69,2.89,2.06,2.46,3.03,2.26,2.69,2.67,4.96,Fremantle,Taylin Duman,Gen. Defender,Gen. Defender,Gen. Defender
E. Hughes,FRFC,AFL,2021,GD,GD,Australia,27,5879,8,8,,,2.45,3.13,3.13,3.63,2.05,3.03,2.35,3.04,1.82,1.89,2.29,1.43,1.66,1.21,1.43,2.46,2.52,1.8,2.12,3.15,3.23,Fremantle,Ethan Hughes,Gen. Defender,Gen. Defender,Gen. Defender
M. Hartley,HFC,AFL,2021,KD,KD,Australia,28,6523,3,3,,,2.44,2.94,3.46,1.92,2.15,4.17,3.17,3.46,2.38,5.0,3.17,1.46,1.76,1.27,1.46,2.42,2.7,2.35,2.74,2.09,3.16,Hawthorn,Michael Hartley,Key Defender,Key Defender,Key Defender
L. Keeffe,GWS,AFL,2021,KD,KD,Australia,31,6993,8,8,,,2.44,1.81,2.27,1.86,1.53,1.59,2.14,2.17,1.89,3.52,1.72,2.65,3.14,2.77,2.16,2.67,2.75,3.45,3.4,1.64,3.12,GWS Giants,Lachlan Keeffe,Key Defender,Key Defender,Key Defender
T. Green,GWS,AFL,2021,M,M,Australia,20,10628,18,18,,,2.43,2.71,2.93,3.2,2.32,2.15,2.37,2.75,2.21,2.55,2.0,2.29,2.37,2.53,1.59,3.06,2.12,2.03,2.2,1.78,2.46,GWS Giants,Tom Green,Midfielder,Midfielder,Midfielder
G. Logue,FRFC,AFL,2021,KD,KD,Australia,23,6722,16,16,,,2.43,2.32,1.98,2.55,2.27,2.32,2.23,2.59,1.98,2.05,1.95,2.47,2.43,2.51,2.45,2.42,2.54,2.58,2.25,2.69,2.53,Fremantle,Griffin Logue,Key Defender,Key Defender,Key Defender
H. Chapman,FRFC,AFL,2021,GD,GD,Australia,19,6137,6,6,,,2.42,2.14,1.67,2.11,1.42,2.48,2.51,3.02,2.1,3.01,2.07,2.71,2.46,3.47,2.11,2.46,2.4,2.6,1.87,2.24,3.13,Fremantle,Heath Chapman,Gen. Defender,Gen. Defender,Gen. Defender
J. Lukosius,GCFC,AFL,2021,GD,GD,Australia,21,6240,22,22,,,2.4,2.2,2.09,1.96,1.51,2.56,2.51,1.16,2.56,4.06,4.02,3.45,4.42,3.13,2.68,2.46,1.82,1.66,1.86,1.81,1.99,Gold Coast,Jack Lukosius,Gen. Defender,Gen. Defender,Gen. Defender
J. Corbett,GCFC,AFL,2021,KF,KF,Australia,25,5541,15,16,,,2.4,2.06,1.58,1.97,2.18,2.62,2.53,2.55,2.62,2.56,2.26,2.73,4.05,2.55,2.03,2.08,1.83,2.37,1.55,1.37,1.86,Gold Coast,Josh Corbett,Key Forward,Key Forward,Key Forward
B. King,GCFC,AFL,2021,KF,KF,Australia,21,6658,22,22,,,2.38,2.15,1.73,2.06,3.48,1.92,2.78,1.78,2.37,3.36,2.19,2.31,2.93,2.32,1.85,1.95,1.72,1.49,1.64,1.33,2.51,Gold Coast,Ben King,Key Forward,Key Forward,Key Forward
L. Weller,GCFC,AFL,2021,M,MF,Australia,25,5641,13,13,,,2.37,2.04,1.69,1.7,2.08,2.85,2.63,2.32,2.41,2.78,3.23,2.65,4.2,1.72,2.03,2.39,2.34,2.37,2.48,2.12,1.86,Gold Coast,Lachie Weller,Mid-Forward,Mid-Forward,Mid-Forward
L. Dahlhaus,GFC,AFL,2021,GF,GF,Australia,29,5383,21,21,,,2.36,2.62,2.67,2.9,2.3,2.47,2.09,3.4,1.9,1.73,2.09,1.92,1.73,2.08,1.91,2.46,3.06,3.25,3.33,2.83,2.05,Geelong,Luke Dahlhaus,Gen. Forward,Gen. Forward,Gen. Forward
L. Ash,GWS,AFL,2021,GD,GD,Australia,20,11345,23,23,,,2.34,2.43,2.94,2.04,2.18,2.58,2.33,1.99,2.66,2.26,2.38,2.0,2.61,1.69,1.66,2.46,2.46,2.89,3.62,1.25,1.7,GWS Giants,Lachie Ash,Gen. Defender,Gen. Defender,Gen. Defender
S. Lemmens,GCFC,AFL,2021,GD,GD,Australia,27,6030,21,21,,,2.34,2.03,1.95,2.17,2.73,1.82,1.95,1.8,2.1,1.74,2.05,2.86,2.13,3.95,2.43,2.46,2.87,3.82,2.37,2.79,2.54,Gold Coast,Sean Lemmens,Gen. Defender,Gen. Defender,Gen. Defender
Z. Sproule,GWS,AFL,2021,KF,KF,Australia,23,11475,9,10,,,2.34,2.61,3.02,2.42,2.7,2.42,2.34,3.18,2.66,2.12,1.97,1.85,1.31,1.38,1.85,3.06,3.08,3.55,3.48,1.7,2.72,GWS Giants,Zachary Sproule,Key Forward,Key Forward,Key Forward
M. O'Connor,GFC,AFL,2021,M,M,Australia,24,5689,14,14,,,2.33,2.07,1.63,1.89,3.39,2.05,2.41,2.83,2.81,1.68,1.91,2.74,2.78,2.47,3.28,2.39,2.36,1.79,2.16,4.17,3.61,Geelong,Mark O'Connor,Midfielder,Midfielder,Midfielder
M. Rowell,GCFC,AFL,2021,M,M,Australia,20,5077,12,12,,,2.33,2.41,2.44,2.88,2.97,1.57,2.08,2.57,2.22,1.81,1.5,2.04,1.61,1.68,3.59,2.39,2.8,3.16,2.52,2.95,2.34,Gold Coast,Matt Rowell,Midfielder,Midfielder,Midfielder
B. Parfitt,GFC,AFL,2021,M,M,Australia,23,5171,23,23,,,2.33,2.42,2.49,2.55,2.45,2.18,2.25,2.37,2.09,2.4,2.22,1.41,1.03,1.65,1.54,2.39,2.98,3.12,3.3,2.05,2.05,Geelong,Brandan Parfitt,Midfielder,Midfielder,Midfielder
H. Morrison,HFC,AFL,2021,M,MF,Australia,23,5251,15,15,,,2.33,1.87,1.22,1.48,3.37,2.29,2.62,3.04,2.6,2.59,2.16,3.23,3.79,2.7,3.45,2.39,2.0,1.88,1.92,2.17,2.65,Hawthorn,Harry Morrison,Midfielder,Midfielder,Midfielder
D. Tucker,FRFC,AFL,2021,GD,GD,Australia,24,6150,16,16,,,2.32,2.76,3.15,2.26,2.71,2.98,2.42,2.92,2.14,2.13,2.2,1.71,2.08,1.51,1.52,2.46,2.08,3.03,2.22,1.07,1.96,Fremantle,Darcy Tucker,Gen. Defender,Gen. Defender,Gen. Defender
J. Buckley,GWS,AFL,2021,KD,KD,Australia,24,6157,15,15,,,2.32,2.56,2.29,2.42,3.02,2.66,2.43,2.61,2.17,2.77,2.44,1.89,2.31,1.78,1.72,2.27,2.51,2.85,3.68,2.12,2.31,GWS Giants,Jack Buckley,Key Defender,Key Defender,Key Defender
S. Day,GCFC,AFL,2021,KF,KF,Australia,29,5364,6,6,,,2.31,2.31,2.59,2.27,1.99,2.27,1.75,3.55,1.86,1.26,1.98,2.61,2.65,2.12,1.85,3.7,3.4,3.08,3.85,2.13,4.06,Gold Coast,Sam Day,Key Forward,Key Forward,Key Forward
L. Henry,FRFC,AFL,2021,GF,GF,Australia,20,5468,16,17,,,2.31,2.38,2.21,2.56,3.3,2.11,2.16,1.83,2.14,2.21,2.44,2.59,2.18,2.95,2.49,2.46,2.15,2.24,1.53,2.23,3.51,Fremantle,Liam Henry,Gen. Forward,Gen. Forward,Gen. Forward
J. Cousins,HFC,AFL,2021,M,MF,Australia,23,5096,10,10,,,2.29,2.08,1.79,2.11,1.95,2.55,2.31,2.03,2.33,2.13,2.83,2.42,2.08,2.97,1.79,2.39,2.51,2.94,2.42,2.09,1.55,Hawthorn,James Cousins,Mid-Forward,Mid-Forward,Mid-Forward
A. Sexton,GCFC,AFL,2021,GF,GF,Australia,28,4872,21,21,,,2.27,2.01,1.6,1.76,2.16,2.38,2.58,1.72,2.63,2.8,2.81,2.45,3.41,1.94,1.91,2.46,1.82,1.73,1.57,2.25,2.4,Gold Coast,Alex Sexton,Gen. Forward,Gen. Forward,Gen. Forward
T. Brockman,HFC,AFL,2021,GF,GF,Australia,19,5286,10,11,,,2.27,1.95,1.98,1.92,2.41,1.85,2.23,2.2,1.71,2.77,2.21,2.58,2.22,2.64,3.05,2.46,2.59,2.79,2.51,2.45,2.42,Hawthorn,Tyler Brockman,Gen. Forward,Gen. Forward,Gen. Forward
T. Bruhn,GWS,AFL,2021,GF,GF,Australia,19,9956,9,13,,,2.27,2.41,2.89,2.32,3.37,2.0,2.29,2.93,2.36,1.83,2.54,1.51,1.38,1.58,1.56,2.46,2.95,2.05,3.07,4.55,3.63,GWS Giants,Tanner Bruhn,Gen. Forward,Gen. Forward,Gen. Forward
B. Banfield,FRFC,AFL,2021,GF,GF,Australia,23,5419,6,6,,,2.26,2.43,2.61,2.45,3.33,2.09,2.37,2.36,2.49,2.21,2.46,1.66,1.92,1.51,1.56,2.46,2.5,2.28,2.19,3.27,3.35,Fremantle,Bailey Banfield,Gen. Forward,Gen. Forward,Gen. Forward
N. Wilson,FRFC,AFL,2021,GD,GD,Australia,28,6058,18,18,,,2.26,2.3,2.36,2.25,2.64,2.23,2.5,2.07,2.71,2.25,3.02,1.95,2.18,1.86,1.79,2.46,2.07,1.7,1.41,2.45,3.06,Fremantle,Nathan Wilson,Gen. Defender,Gen. Defender,Gen. Defender
B. Bewley,FRFC,AFL,2021,W,W,Australia,26,5545,4,6,,,2.24,2.06,1.57,2.88,1.9,1.74,2.02,2.69,1.92,3.55,1.17,1.88,1.93,1.67,1.93,2.59,3.14,2.65,2.8,3.52,3.31,Fremantle,Brett Bewley,Midfielder,Midfielder,Midfielder
P. Davis,GWS,AFL,2021,KD,KD,Australia,31,11466,11,11,,,2.23,2.04,1.82,2.39,2.27,1.66,2.55,2.98,2.39,2.05,1.99,2.19,2.27,2.19,2.12,2.42,2.25,2.33,2.35,2.18,2.25,GWS Giants,Phil Davis,Key Defender,Key Defender,Key Defender
K. Briggs,GWS,AFL,2021,R,R,Australia,22,9950,5,5,,,2.22,2.47,2.9,2.93,1.97,1.92,2.05,1.52,2.28,2.41,2.0,2.0,1.51,2.35,1.36,2.29,2.79,3.21,3.8,1.95,2.3,GWS Giants,Kieren Briggs,Ruck,Ruck,Ruck
C. Idun,GWS,AFL,2021,GD,GD,Australia,21,6378,23,23,,,2.22,1.87,1.87,1.92,2.44,1.71,2.31,2.41,2.61,1.65,1.95,2.31,3.43,1.76,1.65,2.46,2.4,1.74,2.42,1.88,3.86,GWS Giants,Connor Idun,Gen. Defender,Gen. Defender,Gen. Defender
J. Koschitzke,HFC,AFL,2021,KF,KF,Australia,21,6249,20,20,,,2.22,1.87,1.63,1.82,2.43,1.84,2.27,2.78,2.1,2.38,1.87,2.25,2.45,2.48,2.12,1.82,2.81,2.96,2.74,1.66,3.58,Hawthorn,Jacob Koschitzke,Key Forward,Key Forward,Key Forward
M. Crowden,FRFC,AFL,2021,GF,GF,Australia,22,5186,14,16,,,2.22,2.48,2.9,2.47,2.84,2.19,2.2,3.01,2.48,1.57,2.2,1.86,1.73,1.86,2.09,2.46,2.24,2.81,2.03,1.56,1.9,Fremantle,Mitch Crowden,Gen. Forward,Gen. Forward,Gen. Forward
J. Peatling,GWS,AFL,2021,GD,GD,Australia,21,11568,3,4,,,2.22,2.14,1.72,2.14,1.83,2.34,1.84,1.79,1.71,1.65,2.26,2.73,3.08,1.25,4.04,2.46,2.54,2.99,2.64,2.47,1.91,GWS Giants,James Peatling,Gen. Defender,Gen. Defender,Gen. Defender
R. Conca,FRFC,AFL,2021,GD,GD,Australia,29,5335,10,10,,,2.21,2.02,1.76,2.21,2.46,1.88,2.29,2.8,2.21,1.65,1.87,1.9,1.94,1.56,2.26,2.46,2.48,2.63,2.25,2.67,2.39,Fremantle,Reece Conca,Gen. Defender,Gen. Defender,Gen. Defender
Z. Smith,GCFC,AFL,2021,R,R,Australia,31,5561,9,9,,,2.2,2.59,2.86,2.78,2.96,1.79,2.01,2.33,1.9,2.21,1.6,2.06,1.24,1.29,1.97,2.81,2.38,2.14,2.39,1.95,2.76,Gold Coast,Zac Smith,Ruck,Ruck,Ruck
M. de Boer,GWS,AFL,2021,M,MF,Australia,31,11648,11,11,,,2.2,1.77,1.52,1.79,2.13,1.87,2.17,2.45,2.18,1.78,2.19,3.04,2.5,4.02,1.76,2.43,2.38,2.26,2.58,2.16,2.3,GWS Giants,M. de Boer,,M,Midfielder
Z. Guthrie,GFC,AFL,2021,GD,GD,Australia,23,5152,10,13,,,2.2,1.96,1.66,1.94,1.65,2.14,1.81,1.54,2.0,1.82,1.93,2.56,2.66,2.61,2.4,2.46,2.77,2.7,3.28,2.41,2.55,Geelong,Zach Guthrie,Gen. Defender,Gen. Defender,Gen. Defender
C. Burgess,GCFC,AFL,2021,R,R,Australia,26,5863,19,19,,,2.19,2.08,1.74,1.91,2.67,2.19,2.51,2.36,2.49,3.04,2.15,2.07,3.48,3.04,1.55,1.43,2.14,2.12,2.46,1.73,2.15,Gold Coast,Chris Burgess,Ruck,Ruck,Ruck
J. Bews,GFC,AFL,2021,GD,GD,Australia,28,6011,25,25,,,2.19,2.33,2.65,2.28,3.16,2.07,2.06,1.92,1.93,2.79,2.15,2.19,2.72,1.85,1.97,2.46,2.23,2.8,2.68,1.67,1.56,Geelong,Jed Bews,Gen. Defender,Gen. Defender,Gen. Defender
J. Harbrow,GCFC,AFL,2021,GD,GD,Australia,33,5550,4,4,,,2.18,1.82,1.36,1.66,2.0,2.04,2.02,0.35,3.51,2.22,2.23,3.2,4.03,3.42,1.97,2.46,2.14,3.07,2.32,1.62,1.36,Gold Coast,Jarrod Harbrow,Gen. Defender,Gen. Defender,Gen. Defender
A. Pearce,FRFC,AFL,2021,KD,KD,Australia,26,5973,10,10,,,2.17,2.72,3.28,3.06,2.89,1.86,1.91,1.44,2.22,2.42,2.09,1.6,1.21,1.65,1.82,3.0,2.45,1.44,2.0,2.08,3.08,Fremantle,Alex Pearce,Key Defender,Key Defender,Key Defender
K. Hartigan,HFC,AFL,2021,KD,KD,Australia,30,7000,19,19,,,2.17,2.36,2.42,2.36,2.73,2.14,2.32,2.91,1.88,2.05,1.98,1.85,1.62,1.74,2.15,2.29,2.27,1.62,1.54,2.71,2.38,Hawthorn,Kyle Hartigan,Key Defender,Key Defender,Key Defender
J. Newcombe,HFC,AFL,2021,M,M,Australia,20,4566,6,7,,,2.15,1.55,1.56,1.44,2.01,1.37,2.05,2.71,2.03,1.73,1.59,2.49,2.79,1.76,3.59,2.39,3.1,3.04,3.64,2.02,2.31,Hawthorn,Jai Newcombe,Midfielder,Midfielder,Midfielder
B. Hill,GWS,AFL,2021,GF,GF,Australia,21,5427,17,17,,,2.14,1.73,1.57,1.58,2.27,1.79,2.44,2.05,2.31,2.58,2.8,1.93,1.81,2.01,2.0,2.46,2.51,2.44,2.88,1.65,2.26,GWS Giants,Bobby Hill,Gen. Forward,Gen. Forward,Gen. Forward
R. Atkins,GCFC,AFL,2021,W,W,Australia,27,5950,5,8,,,2.13,2.07,2.8,1.41,3.08,1.94,2.62,2.89,2.92,2.46,2.4,1.37,1.26,1.36,1.55,2.59,1.93,1.86,2.77,1.1,2.26,Gold Coast,Rory Atkins,Midfielder,Midfielder,Midfielder
S. Coniglio,GWS,AFL,2021,M,MF,Australia,28,11079,6,7,,,2.13,2.33,2.55,2.47,2.51,1.79,1.93,1.78,1.8,2.1,2.17,1.59,1.51,1.76,1.34,2.54,2.48,2.4,2.92,1.69,1.81,GWS Giants,Stephen Coniglio,Mid-Forward,Mid-Forward,Mid-Forward
T. Watson,FRFC,AFL,2021,GD,GD,Australia,24,5892,10,11,,,2.12,1.74,1.7,1.46,2.68,1.74,2.21,2.52,2.29,2.31,1.46,2.55,3.03,2.18,2.41,2.46,2.11,1.93,1.6,1.9,3.36,Fremantle,Tobe Watson,Gen. Defender,Gen. Defender,Gen. Defender
X. O'Halloran,GWS,AFL,2021,W,W,Australia,21,10189,17,17,,,2.1,1.97,1.88,2.41,2.85,1.48,2.2,1.49,1.96,2.81,2.25,1.92,1.64,2.01,2.34,2.59,2.24,1.94,2.31,2.54,2.08,GWS Giants,Xavier O'Halloran,Midfielder,Midfielder,Midfielder
J. Kolodjashnij,GFC,AFL,2021,KD,KD,Australia,26,6258,22,22,,,2.1,2.08,2.03,1.68,2.1,2.55,2.53,2.61,2.47,2.51,2.51,2.16,3.04,2.25,1.42,2.42,1.89,2.42,2.27,1.03,2.22,Geelong,Jake Kolodjashnij,Key Defender,Key Defender,Key Defender
C. Graham,GCFC,AFL,2021,R,R,Australia,21,5940,12,12,,,2.09,1.54,1.13,0.76,2.54,2.02,1.72,1.52,2.67,1.01,1.66,2.25,3.54,1.52,3.58,1.55,3.04,1.85,1.14,3.62,4.75,Gold Coast,Caleb Graham,Ruck,Ruck,Ruck
O. Hanrahan,HFC,AFL,2021,GF,GF,Australia,23,4779,12,13,,,2.08,2.14,1.5,2.08,1.68,2.62,2.23,2.44,2.24,2.26,1.93,1.9,2.11,1.9,1.56,2.46,1.82,2.01,1.51,2.07,2.04,Hawthorn,Oliver Hanrahan,Gen. Forward,Gen. Forward,Gen. Forward
J. Clark,GFC,AFL,2021,W,W,Australia,21,4063,10,11,,,2.06,1.73,1.49,2.53,2.17,1.13,2.16,1.9,2.45,2.48,1.85,1.97,2.31,1.52,1.7,2.59,2.43,2.55,3.13,0.78,3.53,Geelong,Jordan Clark,Midfielder,Midfielder,Midfielder
J. Treacy,FRFC,AFL,2021,KF,KF,Australia,19,6294,15,15,,,2.06,2.1,1.86,2.05,3.3,1.7,1.74,1.55,1.83,1.73,1.75,2.2,2.41,2.26,2.06,2.0,2.64,3.33,2.93,1.94,1.62,Fremantle,Josh Treacy,Key Forward,Key Forward,Key Forward
S. Giro,FRFC,AFL,2021,W,W,Australia,22,3898,3,4,,,2.04,1.49,1.31,1.84,1.5,1.31,2.63,2.03,3.07,2.93,2.29,2.13,2.52,1.67,1.8,2.59,1.76,2.01,1.84,1.45,1.85,Fremantle,Stefan Giro,Midfielder,Midfielder,Midfielder
C. Nash,HFC,AFL,2021,M,MF,Australia,23,5059,8,8,,,2.04,1.97,1.86,1.53,3.25,1.79,1.95,1.73,2.18,1.93,1.83,2.32,3.02,2.21,1.34,2.39,2.1,1.86,2.02,1.62,3.83,Hawthorn,Conor Nash,Mid-Forward,Mid-Forward,Mid-Forward
J. Farrar,GCFC,AFL,2021,KD,KD,Australia,25,5909,10,10,,,2.01,2.54,1.82,1.62,3.24,3.75,2.74,3.69,1.94,2.05,2.85,1.82,2.63,1.5,1.6,2.42,1.54,2.88,2.38,1.68,0.88,Gold Coast,Jy Farrar,Key Defender,Key Defender,Key Defender
S. Burgoyne,HFC,AFL,2021,GD,GD,Australia,39,5245,16,18,,,2.0,1.7,2.0,1.34,2.23,1.73,2.36,2.79,1.96,2.41,2.28,1.59,1.6,1.81,1.31,2.46,2.04,1.86,2.48,1.48,2.33,Hawthorn,Shaun Burgoyne,Gen. Defender,Gen. Defender,Gen. Defender
Q. Narkle,GFC,AFL,2021,M,M,Australia,24,3598,12,16,,,1.97,2.11,1.96,1.79,2.91,2.14,2.13,2.37,2.23,2.03,1.75,2.1,2.55,1.76,2.09,2.39,1.42,1.24,1.6,1.41,1.38,Geelong,Quinton Narkle,Midfielder,Midfielder,Midfielder
B. Walker,FRFC,AFL,2021,GD,GD,Australia,19,5537,9,10,,,1.96,1.7,1.55,1.18,2.85,1.85,1.86,1.88,1.51,2.45,2.17,2.37,2.48,2.69,1.88,2.46,2.09,1.67,2.39,1.54,2.86,Fremantle,Brandon Walker,Gen. Defender,Gen. Defender,Gen. Defender
L. Meek,FRFC,AFL,2021,R,R,Australia,23,5372,9,9,,,1.93,2.34,2.39,2.28,2.75,2.02,1.68,2.34,1.55,1.5,1.31,1.75,1.24,2.07,1.58,1.78,2.28,3.25,1.63,1.58,2.6,Fremantle,Lloyd Meek,Ruck,Ruck,Ruck
E. Ratugolea,GFC,AFL,2021,R,R,Australia,23,5589,15,15,,,1.9,2.04,1.41,2.11,3.45,1.61,2.13,1.25,2.41,3.26,1.61,1.69,2.42,2.91,1.02,1.16,1.9,2.2,2.22,1.13,1.93,Geelong,Esava Ratugolea,Ruck,Ruck,Ruck
D. Grainger-Barras,HFC,AFL,2021,KD,KD,Australia,19,5588,5,5,,,1.89,1.72,2.8,1.12,2.15,1.47,1.64,1.07,2.13,2.05,1.6,1.89,2.04,1.23,2.53,2.42,2.08,3.04,3.77,1.72,1.55,Hawthorn,Denver Grainger-Barras,Key Defender,Key Defender,Key Defender
J. Stein,GWS,AFL,2021,KD,KD,Australia,27,12940,6,6,,,1.86,1.38,1.82,1.16,2.43,0.83,1.55,1.2,1.77,2.05,1.53,1.99,2.21,1.99,1.82,2.42,2.15,1.49,2.23,1.46,2.73,GWS Giants,Jake Stein,Key Defender,Key Defender,Key Defender
M. Buntine,GWS,AFL,2021,GD,GD,Australia,28,12599,6,8,,,1.85,1.83,2.11,2.11,2.16,1.48,1.61,0.99,1.57,3.04,2.03,1.39,1.82,1.2,1.1,2.46,2.48,2.04,3.41,1.59,2.75,GWS Giants,Matt Buntine,Gen. Defender,Gen. Defender,Gen. Defender
M. Holmes,GFC,AFL,2021,M,MF,Australia,19,3653,11,12,,,1.85,1.73,1.31,1.49,3.57,1.44,1.67,1.52,1.74,1.82,1.61,2.2,2.11,2.48,1.76,2.39,2.06,1.75,2.27,1.95,2.56,Geelong,Max Holmes,Mid-Forward,Mid-Forward,Mid-Forward
C. Blakely,FRFC,AFL,2021,W,W,Australia,25,2842,6,13,,,1.76,1.9,2.44,2.16,2.8,1.2,1.73,1.65,1.85,2.34,1.35,1.73,1.86,1.67,1.55,2.59,1.62,1.9,2.18,0.82,1.85,Fremantle,Connor Blakely,Midfielder,Midfielder,Midfielder
S. Reid,GWS,AFL,2021,GD,GD,Australia,32,5881,14,15,,,1.69,1.43,2.03,1.85,2.8,0.65,1.62,1.05,1.57,3.75,1.63,1.59,1.21,2.32,1.17,2.46,2.11,2.64,2.81,1.62,0.99,GWS Giants,Sam J. Reid,Gen. Defender,Gen. Defender,Gen. Defender
D. Greaves,HFC,AFL,2021,GD,GD,Australia,21,4921,6,7,,,1.68,1.54,1.82,1.12,1.63,1.71,2.07,2.0,2.13,2.69,1.82,1.21,1.37,1.15,1.1,2.46,1.57,0.96,2.28,0.93,2.04,Hawthorn,Damon Greaves,Gen. Defender,Gen. Defender,Gen. Defender
E. Jeka,HFC,AFL,2021,KF,KF,Australia,20,5866,4,4,,,1.68,1.57,1.58,0.96,2.31,1.99,1.8,3.38,1.98,1.23,2.33,1.44,1.32,1.04,1.85,1.88,2.25,2.94,1.94,2.51,1.6,Hawthorn,Emerson Jeka,Key Forward,Key Forward,Key Forward
M. Rosas,GCFC,AFL,2021,GF,GF,Australia,20,3642,4,4,,,1.66,1.44,2.0,1.26,2.27,1.08,1.7,2.29,1.84,1.28,1.77,1.58,1.54,1.62,1.56,2.46,2.11,2.94,1.73,1.64,1.49,Gold Coast,Malcolm Rosas,Gen. Forward,Gen. Forward,Gen. Forward
W. Brodie,GCFC,AFL,2021,M,MF,Australia,23,3669,4,5,,,1.64,1.84,2.44,2.0,1.56,0.98,1.51,1.7,1.68,1.43,1.06,1.43,1.07,1.76,1.34,2.39,1.63,2.26,1.25,0.53,1.69,Gold Coast,Will Brodie,Mid-Forward,Mid-Forward,Mid-Forward
C. Stone,GWS,AFL,2021,M,MF,Australia,19,8901,5,5,,,1.61,0.95,0.88,0.94,1.37,0.8,2.13,2.05,2.12,3.0,1.36,1.88,2.34,1.76,1.34,2.39,1.76,1.87,1.61,1.54,2.19,GWS Giants,Conor Stone,Midfielder,Midfielder,Midfielder
J. Riccardi,GWS,AFL,2021,M,MF,Australia,22,9984,9,9,,,1.52,1.12,0.79,1.02,1.81,1.27,1.61,0.99,2.15,1.86,1.2,2.69,3.13,2.96,1.34,3.92,1.2,1.06,1.11,1.02,2.25,GWS Giants,Jake Riccardi,Mid-Forward,Mid-Forward,Mid-Forward
J. Western,FRFC,AFL,2021,GF,GF,Australia,19,4882,3,4,,,1.5,1.43,1.26,1.26,2.2,1.45,1.4,3.07,0.87,1.07,1.76,1.35,0.87,1.62,1.56,2.46,2.09,2.6,2.2,1.03,1.3,Fremantle,Joel Western,Gen. Forward,Gen. Forward,Gen. Forward
J. Jeffrey,GCFC,AFL,2021,KF,KF,Australia,19,4965,4,4,,,1.48,1.53,1.58,0.95,1.97,2.02,1.29,2.41,0.5,1.34,1.7,1.36,1.05,0.99,1.85,1.88,2.39,2.98,2.1,1.99,2.33,Gold Coast,Joel Jeffrey,Key Forward,Key Forward,Key Forward
J. Morris,HFC,AFL,2021,GF,GF,Australia,20,1377,4,5,,,1.09,0.72,1.26,0.39,3.0,0.12,1.05,0.98,1.08,1.0,1.16,1.51,1.35,1.62,1.56,2.46,1.37,0.85,1.49,2.57,1.49,Hawthorn,Joshua Morris,Gen. Forward,Gen. Forward,Gen. Forward
M. Gawn,MFC,AFL,2021,R,R,Australia,30,6664,25,25,,,3.57,3.54,3.58,3.61,3.2,3.71,3.27,2.46,3.66,3.46,3.51,3.99,3.56,4.34,4.18,3.75,2.98,2.38,2.87,3.68,3.0,Melbourne,Max Gawn,Ruck,Ruck,Ruck
J. Lever,MFC,AFL,2021,KD,KD,Australia,25,7398,25,25,,,3.53,3.3,2.17,3.94,3.17,3.36,2.96,3.37,2.75,2.15,2.99,3.89,2.33,4.03,4.84,2.42,3.6,2.87,2.94,5.0,2.97,Melbourne,Jake Lever,Key Defender,Key Defender,Key Defender
J. Steele,SKFC,AFL,2021,M,M,Australia,26,6292,22,22,,,3.49,3.63,4.04,4.0,2.29,3.48,3.07,3.16,2.94,3.06,3.18,3.14,2.94,2.92,4.01,2.39,4.13,4.23,4.28,3.6,3.65,St Kilda,Jack Steele,Midfielder,Midfielder,Midfielder
C. Oliver,MFC,AFL,2021,M,M,Australia,24,6614,25,25,,,3.44,4.2,4.82,4.85,2.9,3.47,3.09,3.7,2.68,2.85,3.26,2.67,2.07,2.52,4.05,2.39,3.21,3.15,3.03,4.38,3.05,Melbourne,Clayton Oliver,Midfielder,Midfielder,Midfielder
B. Cunnington,NMFC,AFL,2021,M,M,Australia,30,6076,15,15,,,3.37,3.97,4.48,4.39,3.71,3.01,2.95,3.21,2.92,3.06,2.59,3.2,2.37,3.19,4.65,2.39,3.1,2.88,3.08,4.58,2.56,North Melbourne,Ben Cunnington,Midfielder,Midfielder,Midfielder
A. Aliir,PAFC,AFL,2021,KD,KD,Australia,27,7149,24,24,,,3.32,3.1,2.69,3.64,2.9,2.85,2.8,2.76,2.95,2.3,2.79,4.08,3.09,4.61,4.17,2.75,3.01,2.08,2.71,4.09,2.6,Port Adelaide,Aliir Aliir,Key Defender,Key Defender,Key Defender
Z. Butters,PAFC,AFL,2021,GF,GF,Australia,21,5715,12,12,,,3.26,4.22,5.0,3.95,2.91,4.17,3.04,4.48,3.11,2.18,3.44,2.35,2.56,1.97,2.8,2.46,3.08,2.82,3.45,3.54,2.43,Port Adelaide,Zak Butters,Mid-Forward,Mid-Forward,Mid-Forward
O. Wines,PAFC,AFL,2021,M,M,Australia,27,5726,24,24,,,3.25,3.72,4.09,4.06,2.22,3.75,3.01,4.05,2.29,2.76,3.24,3.33,2.5,3.69,3.98,2.41,2.74,2.4,2.82,4.06,2.51,Port Adelaide,Ollie Wines,Midfielder,Midfielder,Midfielder
R. Gray,PAFC,AFL,2021,GF,GF,Australia,33,6070,18,18,,,3.22,4.13,5.0,4.42,2.51,3.63,3.17,3.88,3.04,2.95,3.25,2.47,2.64,2.57,1.96,2.46,2.55,2.44,2.8,2.73,2.01,Port Adelaide,Robbie Gray,Gen. Forward,Gen. Forward,Gen. Forward
C. Dixon,PAFC,AFL,2021,KF,KF,Australia,31,7027,24,24,,,3.21,3.69,3.99,4.71,3.06,2.33,2.98,3.46,2.6,3.17,2.62,3.18,2.01,4.01,2.45,3.64,2.94,3.06,2.74,2.77,3.26,Port Adelaide,Charlie Dixon,Key Forward,Key Forward,Key Forward
C. Petracca,MFC,AFL,2021,M,M,Australia,25,6691,25,25,,,3.21,3.68,3.93,3.75,3.1,3.61,3.21,2.43,2.67,4.9,3.43,3.11,3.34,2.92,3.15,2.41,2.49,2.38,2.67,1.94,2.72,Melbourne,Christian Petracca,Midfielder,Midfielder,Midfielder
J. Stephenson,NMFC,AFL,2021,GF,GF,Australia,22,5977,19,19,,,3.14,3.48,3.73,2.84,1.61,4.3,3.16,3.31,3.26,2.76,3.69,2.75,3.74,2.15,2.34,2.46,2.94,3.0,2.57,3.63,3.32,North Melbourne,Jaidyn Stephenson,Gen. Forward,Gen. Forward,Gen. Forward
C. Salem,MFC,AFL,2021,GD,GD,Australia,26,6459,24,24,,,3.03,3.47,3.39,3.29,2.34,3.86,3.13,3.01,3.22,2.75,3.36,2.47,2.82,1.82,2.81,2.46,2.78,2.72,3.11,3.26,1.76,Melbourne,Christian Salem,Gen. Defender,Gen. Defender,Gen. Defender
C. Rozee,PAFC,AFL,2021,GF,GF,Australia,21,6403,21,21,,,3.02,3.43,3.24,3.38,2.77,3.71,3.01,3.79,2.81,2.8,3.21,2.58,2.52,2.29,3.33,2.46,2.78,2.44,2.75,3.23,3.36,Port Adelaide,Connor Rozee,Gen. Forward,Gen. Forward,Gen. Forward
A. Neal-Bullen,MFC,AFL,2021,GF,GF,Australia,25,5660,25,25,,,3.01,3.72,4.39,3.87,2.41,3.62,2.64,3.1,2.61,2.13,3.44,2.1,2.18,1.89,2.45,2.46,3.69,3.55,4.17,3.46,2.88,Melbourne,Alex Neal-Bullen,Gen. Forward,Gen. Forward,Gen. Forward
B. Houli,RFC,AFL,2021,GD,GD,Australia,33,5987,12,12,,,3.0,2.96,3.11,2.58,1.77,3.44,3.15,3.41,2.9,2.54,3.44,2.48,3.18,1.82,2.42,2.46,3.12,3.37,4.14,2.57,1.98,Richmond,Bachar Houli,Gen. Defender,Gen. Defender,Gen. Defender
D. Grimes,RFC,AFL,2021,KD,KD,Australia,30,6383,21,21,,,2.98,3.01,2.77,3.41,2.48,2.96,2.8,3.58,2.34,2.05,2.33,2.89,2.75,2.74,3.15,2.42,3.12,3.69,3.41,3.6,2.58,Richmond,Dylan Grimes,Key Defender,Key Defender,Key Defender
J. Sinclair,SKFC,AFL,2021,GD,GD,Australia,26,6042,21,21,,,2.98,3.51,3.9,3.75,2.37,3.48,3.0,3.45,2.47,2.91,3.16,2.36,2.37,1.92,2.87,2.46,2.78,2.54,2.91,3.36,2.18,St Kilda,Jack Sinclair,Gen. Defender,Gen. Defender,Gen. Defender
D. Houston,PAFC,AFL,2021,GD,GD,Australia,24,5630,23,23,,,2.97,3.48,3.92,3.46,2.47,3.57,3.1,3.3,2.63,4.32,2.96,2.42,2.14,2.65,2.47,2.46,2.62,3.0,2.98,2.64,1.57,Port Adelaide,Dan Houston,Gen. Defender,Gen. Defender,Gen. Defender
A. Hall,NMFC,AFL,2021,GD,GD,Australia,31,5953,19,20,,,2.97,3.12,2.54,2.16,1.99,4.22,3.37,2.9,3.37,3.25,4.27,2.68,3.6,1.98,2.41,2.46,2.43,2.47,3.0,1.88,2.21,North Melbourne,Aaron Hall,Gen. Defender,Gen. Defender,Gen. Defender
R. Marshall,SKFC,AFL,2021,R,R,Australia,26,5391,13,13,,,2.96,2.81,2.65,3.73,1.91,2.78,2.95,2.3,3.3,3.26,2.96,3.16,3.68,3.98,3.09,2.55,2.62,2.66,2.98,3.36,1.92,St Kilda,Rowan Marshall,Ruck,Ruck,Ruck
T. Membrey,SKFC,AFL,2021,KF,KF,Australia,27,6822,21,21,,,2.96,2.91,1.82,2.72,2.52,4.48,3.06,3.3,3.26,2.77,3.5,2.99,3.86,2.59,4.0,2.08,2.64,2.35,1.8,4.06,3.5,St Kilda,Tim Membrey,Key Forward,Key Forward,Key Forward
T. Boak,PAFC,AFL,2021,M,M,Australia,33,6020,23,23,,,2.95,3.49,3.88,3.54,2.68,3.36,2.96,3.39,2.81,2.65,2.98,2.0,1.83,2.07,2.13,2.41,2.72,2.7,2.95,2.71,1.84,Port Adelaide,Travis Boak,Midfielder,Midfielder,Midfielder
L. Baker,RFC,AFL,2021,GD,GD,Australia,23,6053,22,22,,,2.95,3.81,4.13,4.44,2.67,3.53,2.67,2.93,1.83,4.5,2.8,1.88,1.91,1.75,1.98,2.46,3.11,4.31,3.25,2.28,2.43,Richmond,Liam Baker,Gen. Defender,Gen. Defender,Gen. Defender
E. Langdon,MFC,AFL,2021,W,W,Australia,25,7061,24,24,,,2.95,2.9,2.22,2.72,2.05,3.59,3.1,3.15,3.05,3.45,2.95,2.74,3.03,2.6,2.36,2.59,2.9,2.45,3.21,3.86,2.04,Melbourne,Ed Langdon,Midfielder,Midfielder,Midfielder
K. Lambert,RFC,AFL,2021,GF,GF,Australia,30,5788,13,13,,,2.95,3.65,3.51,3.36,1.73,4.43,2.8,3.81,2.85,1.91,3.73,2.14,2.25,1.8,2.71,2.46,2.98,3.04,2.96,3.32,2.7,Richmond,Kane Lambert,Gen. Forward,Gen. Forward,Gen. Forward
T. Nankervis,RFC,AFL,2021,R,R,Australia,27,5614,16,16,,,2.94,3.38,3.9,3.68,1.95,3.58,2.32,2.44,2.6,1.52,2.71,2.87,2.09,1.84,4.65,2.61,3.59,3.69,3.09,4.79,3.2,Richmond,Toby Nankervis,Ruck,Ruck,Ruck
A. Brayshaw,MFC,AFL,2021,W,W,Australia,25,6158,25,25,,,2.93,3.25,2.74,3.34,2.53,3.62,2.29,2.46,2.44,1.62,2.47,2.81,2.53,3.0,3.14,2.59,3.66,2.84,2.84,4.9,3.51,Melbourne,Angus Brayshaw,Midfielder,Midfielder,Midfielder
J. Higgins,SKFC,AFL,2021,GF,GF,Australia,22,6103,19,19,,,2.93,3.0,2.03,3.59,2.1,3.28,3.1,2.91,2.9,3.52,2.78,2.89,3.33,3.13,1.56,2.46,2.45,3.15,2.12,2.07,1.93,St Kilda,Jack Higgins,Gen. Forward,Gen. Forward,Gen. Forward
K. Amon,PAFC,AFL,2021,W,W,Australia,26,6087,24,24,,,2.9,2.68,3.28,2.72,2.34,2.45,3.5,2.94,3.33,3.18,3.92,2.5,3.23,1.81,1.74,2.59,2.48,3.54,2.78,1.87,2.18,Port Adelaide,Karl Amon,Midfielder,Midfielder,Midfielder
M. Pickett,RFC,AFL,2021,W,W,Australia,29,11855,18,18,,,2.89,3.46,2.74,3.52,3.38,3.79,2.3,3.08,2.05,1.85,2.52,2.36,1.6,3.06,3.17,1.5,3.45,3.29,3.2,3.49,3.67,Richmond,Marlion Pickett,Midfielder,Midfielder,Midfielder
J. Ziebell,NMFC,AFL,2021,GD,GD,Australia,30,6194,21,21,,,2.89,2.59,2.07,2.93,2.08,2.66,2.82,1.61,4.14,2.28,2.9,3.65,3.41,3.71,3.88,2.46,2.8,1.96,2.52,3.6,3.27,North Melbourne,Jack Ziebell,Gen. Defender,Gen. Defender,Gen. Defender
N. Vlastuin,RFC,AFL,2021,GD,GD,Australia,27,6122,12,12,,,2.88,2.26,1.87,2.53,2.2,2.22,2.59,1.89,3.37,1.77,2.86,3.96,3.63,3.48,4.91,2.46,3.24,2.86,2.59,4.12,3.62,Richmond,Nick Vlastuin,Gen. Defender,Gen. Defender,Gen. Defender
S. Ross,SKFC,AFL,2021,W,W,Australia,28,6200,20,20,,,2.88,3.44,4.7,3.11,2.56,3.28,2.71,3.65,2.35,2.41,2.89,2.61,2.81,2.05,2.63,2.59,2.52,2.99,2.46,2.0,2.77,St Kilda,Sebastian Ross,Midfielder,Midfielder,Midfielder
T. McDonald,MFC,AFL,2021,KF,KF,Australia,29,6253,23,23,,,2.86,3.14,2.38,3.24,3.0,3.86,2.96,3.63,3.22,2.48,3.69,2.44,2.8,2.17,2.6,2.38,3.09,3.25,2.89,3.23,3.08,Melbourne,Tom McDonald,Key Forward,Key Forward,Key Forward
L. Dunstan,SKFC,AFL,2021,M,M,Australia,26,6081,12,12,,,2.86,3.19,3.49,3.16,2.45,3.27,2.49,2.95,2.46,1.74,2.71,2.62,2.68,1.63,4.72,2.39,3.02,3.28,2.61,4.08,2.52,St Kilda,Luke Dunstan,Midfielder,Midfielder,Midfielder
T. Garner,NMFC,AFL,2021,GF,GF,Australia,27,5827,4,4,,,2.83,2.21,1.26,2.27,2.74,2.51,3.26,3.16,3.06,3.87,2.42,3.67,3.45,4.79,1.56,2.46,1.91,1.82,1.84,1.96,2.31,North Melbourne,Taylor Garner,Gen. Forward,Gen. Forward,Gen. Forward
B. Fritsch,MFC,AFL,2021,GF,GF,Australia,25,6398,24,24,,,2.83,1.94,1.34,1.95,2.03,2.2,3.41,1.75,2.88,5.0,2.36,3.7,4.58,3.69,2.17,2.46,2.09,2.23,1.95,1.5,2.58,Melbourne,Bayley Fritsch,Gen. Forward,Gen. Forward,Gen. Forward
J. Simpkin,NMFC,AFL,2021,M,M,Australia,23,6068,22,22,,,2.83,3.19,3.28,2.99,2.51,3.67,2.73,3.19,2.77,1.71,3.08,2.59,2.83,2.22,2.98,2.39,2.54,2.51,2.44,3.26,2.39,North Melbourne,Jy Simpkin,Midfielder,Midfielder,Midfielder
J. Billings,SKFC,AFL,2021,W,W,Australia,26,6268,18,18,,,2.8,2.72,2.18,2.93,2.31,2.93,3.21,2.94,3.02,4.46,2.8,2.63,3.21,2.43,1.8,2.59,2.34,2.52,2.43,2.43,2.07,St Kilda,Jack Billings,Midfielder,Midfielder,Midfielder
T. Lynch,RFC,AFL,2021,KF,KF,Australia,29,6802,18,18,,,2.8,2.82,2.63,3.29,2.45,2.58,2.96,2.76,2.43,3.29,2.86,2.68,2.73,2.98,2.35,2.43,2.53,2.31,2.45,2.38,3.12,Richmond,Tom Lynch,Key Forward,Key Forward,Key Forward
H. Clark,SKFC,AFL,2021,GD,GD,Australia,22,5335,13,13,,,2.79,3.57,4.63,3.66,3.05,3.28,2.51,2.41,2.66,2.9,2.24,1.82,1.97,1.46,2.05,2.55,3.0,4.14,3.76,2.1,1.54,St Kilda,Hunter Clark,Gen. Defender,Gen. Defender,Gen. Defender
T. Thomas,NMFC,AFL,2021,M,MF,Australia,21,5592,21,21,,,2.79,2.37,1.81,2.5,3.14,2.58,3.1,2.73,2.51,4.74,2.99,3.45,3.7,3.63,2.63,2.39,2.56,2.56,2.41,2.62,3.12,North Melbourne,Tarryn Thomas,Mid-Forward,Mid-Forward,Mid-Forward
C. Zurhaar,NMFC,AFL,2021,GF,GF,Australia,23,5645,20,20,,,2.79,2.53,2.64,2.6,3.65,2.15,2.92,2.1,2.56,3.8,2.52,3.15,2.98,3.82,1.93,2.46,2.55,2.6,2.66,2.24,2.33,North Melbourne,Cameron Zurhaar,Gen. Forward,Gen. Forward,Gen. Forward
D. Byrne-Jones,PAFC,AFL,2021,GD,GD,Australia,26,5952,24,24,,,2.75,3.24,3.65,3.32,2.25,3.28,2.47,2.85,2.18,1.85,2.64,2.07,2.12,2.02,2.08,2.46,3.05,3.19,3.46,3.11,2.17,Port Adelaide,Darcy Byrne-Jones,Gen. Defender,Gen. Defender,Gen. Defender
L. Davies-Uniacke,NMFC,AFL,2021,M,M,Australia,22,6024,20,20,,,2.75,2.98,2.86,2.64,3.66,3.1,2.76,2.8,2.9,2.41,2.82,2.68,3.44,2.28,2.24,2.39,2.36,2.36,2.35,2.46,2.26,North Melbourne,Luke Davies-Uniacke,Midfielder,Midfielder,Midfielder
K. Pickett,MFC,AFL,2021,GF,GF,Australia,20,5718,25,25,,,2.74,2.96,2.87,3.17,3.59,2.69,2.9,1.77,2.5,3.88,2.66,2.09,2.1,2.06,2.16,2.46,2.81,2.81,3.27,2.72,1.68,Melbourne,Kysaiah Pickett,Gen. Forward,Gen. Forward,Gen. Forward
X. Duursma,PAFC,AFL,2021,W,W,Australia,21,5960,11,11,,,2.73,2.9,2.01,3.68,3.88,2.51,2.58,3.49,2.6,1.83,2.72,2.78,2.23,3.23,3.39,2.59,2.71,3.07,2.49,2.73,2.6,Port Adelaide,Xavier Duursma,Midfielder,Midfielder,Midfielder
S. Stack,RFC,AFL,2021,GD,GD,Australia,21,11062,7,7,,,2.73,2.63,1.93,2.93,2.77,2.64,2.79,3.05,2.46,3.67,2.45,3.17,2.83,3.42,3.3,2.46,2.5,2.61,2.89,2.78,1.43,Richmond,Sydney Stack,Gen. Defender,Gen. Defender,Gen. Defender
T. Goldstein,NMFC,AFL,2021,R,R,Australia,33,6629,22,22,,,2.73,3.05,2.86,2.78,3.42,3.26,2.91,2.89,3.22,2.68,2.85,2.55,2.74,1.78,1.72,3.51,2.48,2.15,2.04,2.04,3.22,North Melbourne,Todd Goldstein,Ruck,Ruck,Ruck
Z. Jones,SKFC,AFL,2021,M,M,Australia,26,5391,13,13,,,2.71,2.82,2.69,2.77,3.23,2.82,2.97,2.96,3.28,2.13,3.29,2.03,2.41,1.72,2.03,2.39,2.64,2.61,2.92,2.17,2.13,St Kilda,Zak Jones,Midfielder,Midfielder,Midfielder
J. Viney,MFC,AFL,2021,M,M,Australia,27,5736,15,15,,,2.7,3.05,3.45,3.39,2.76,2.3,2.09,2.35,1.67,2.15,2.43,1.87,1.67,1.73,2.55,2.39,3.66,3.63,4.12,2.64,2.99,Melbourne,Jack Viney,Midfielder,Midfielder,Midfielder
S. Bolton,RFC,AFL,2021,M,MF,Australia,23,5890,20,20,,,2.7,2.51,2.42,2.19,2.9,2.74,3.12,2.74,2.34,4.83,3.22,3.29,3.09,3.92,2.24,2.39,1.98,2.23,1.92,1.29,1.93,Richmond,Shai Bolton,Midfielder,Midfielder,Midfielder
N. Broad,RFC,AFL,2021,GD,GD,Australia,28,6610,14,14,,,2.7,2.3,1.65,2.53,2.36,2.35,2.52,2.3,3.03,1.65,2.46,3.91,3.52,4.38,3.83,2.46,2.63,1.0,1.71,4.23,4.04,Richmond,Nathan Broad,Gen. Defender,Gen. Defender,Gen. Defender
J. Harmes,MFC,AFL,2021,M,M,Australia,26,5697,18,18,,,2.69,2.66,2.27,2.78,3.25,2.72,2.55,2.66,2.38,2.69,2.54,2.5,1.91,2.6,3.34,2.39,3.12,3.0,3.17,3.37,3.18,Melbourne,James Harmes,Midfielder,Midfielder,Midfielder
M. Parker,RFC,AFL,2021,GF,GF,Australia,25,11741,6,6,,,2.69,2.82,3.74,2.37,2.5,2.79,2.32,2.8,2.25,1.98,2.84,2.29,2.03,2.32,2.7,2.46,3.8,4.39,4.12,1.97,2.77,Richmond,Matthew Parker,Gen. Forward,Gen. Forward,Gen. Forward
B. Crouch,SKFC,AFL,2021,M,M,Australia,27,5742,20,20,,,2.68,3.07,3.36,3.14,2.36,3.0,2.51,2.98,2.21,2.34,2.61,1.7,1.75,1.74,1.56,2.39,3.01,3.05,3.17,3.29,1.96,St Kilda,Brad Crouch,Midfielder,Midfielder,Midfielder
L. McDonald,NMFC,AFL,2021,W,W,Australia,26,5533,11,11,,,2.67,2.11,1.87,1.6,3.02,2.39,2.44,2.6,2.58,1.73,2.66,3.82,2.65,4.7,5.0,2.59,3.02,2.6,2.96,3.3,3.05,North Melbourne,Luke McDonald,Midfielder,Midfielder,Midfielder
K. McIntosh,RFC,AFL,2021,W,W,Australia,27,5699,17,17,,,2.66,2.83,2.38,2.49,2.58,3.37,2.39,1.2,2.34,1.75,3.05,2.46,2.31,2.2,2.87,2.59,3.04,2.82,2.63,3.89,2.6,Richmond,Kamdyn McIntosh,Midfielder,Midfielder,Midfielder
S. Motlop,PAFC,AFL,2021,GF,GF,Australia,30,5925,19,19,,,2.66,2.76,2.19,2.22,2.11,3.6,2.84,3.2,3.24,2.27,2.88,2.36,2.66,2.3,1.95,2.46,2.46,2.57,2.62,1.96,2.14,Port Adelaide,Steven Motlop,Gen. Forward,Gen. Forward,Gen. Forward
C. Menadue,NMFC,AFL,2021,GD,GD,Australia,25,5446,6,7,,,2.66,2.72,2.11,2.94,3.79,2.54,2.74,3.54,2.64,1.65,2.04,2.81,3.09,2.67,2.66,2.46,2.38,2.5,1.69,2.98,2.52,North Melbourne,Connor Menadue,Gen. Defender,Gen. Defender,Gen. Defender
J. Short,RFC,AFL,2021,GD,GD,Australia,25,6263,22,22,,,2.64,2.68,2.13,2.14,1.63,3.45,3.08,2.83,3.24,2.29,3.61,2.15,2.93,1.38,2.13,2.46,2.29,2.66,2.3,2.01,2.14,Richmond,Jayden Short,Gen. Defender,Gen. Defender,Gen. Defender
S. Lycett,PAFC,AFL,2021,R,R,Australia,29,5851,20,20,,,2.64,3.0,2.84,2.99,2.59,3.53,2.72,2.94,2.92,2.17,2.84,2.22,2.15,1.22,1.95,3.02,3.13,3.37,3.29,3.34,2.76,Port Adelaide,Scott Lycett,Ruck,Ruck,Ruck
S. May,MFC,AFL,2021,KD,KD,Australia,29,6983,23,23,,,2.64,2.34,2.53,2.1,2.37,2.47,2.81,1.88,3.65,2.5,3.47,2.74,2.16,2.84,3.04,2.42,2.66,2.12,2.01,2.41,3.16,Melbourne,Steven May,Key Defender,Key Defender,Key Defender
M. Frederick,PAFC,AFL,2021,GD,GD,Australia,21,6032,4,8,,,2.63,2.5,2.07,2.88,3.31,2.21,2.78,3.87,2.49,1.65,1.98,2.61,1.88,3.17,2.81,2.46,2.55,2.66,2.1,2.95,2.6,Port Adelaide,Martin Frederick,Gen. Defender,Gen. Defender,Gen. Defender
T. Jonas,PAFC,AFL,2021,KD,KD,Australia,30,7100,24,24,,,2.62,2.68,2.71,2.73,2.73,2.57,2.93,2.66,3.42,2.05,2.95,2.42,2.54,2.31,2.45,2.42,2.64,2.63,2.51,2.21,2.97,Port Adelaide,Tom Jonas,Key Defender,Key Defender,Key Defender
D. Rioli,RFC,AFL,2021,GF,GF,Australia,24,10772,17,19,,,2.62,2.6,2.16,2.56,2.24,2.95,2.55,3.6,3.02,1.69,2.38,2.61,1.98,2.0,5.0,2.46,2.84,2.56,2.49,5.0,2.85,Richmond,Daniel Rioli,Gen. Forward,Gen. Forward,Gen. Forward
T. Highmore,SKFC,AFL,2021,KD,KD,Australia,23,5102,12,13,,,2.61,2.72,2.63,3.02,2.29,2.66,2.89,3.47,2.68,2.05,2.22,2.65,2.53,2.55,2.86,2.42,2.38,4.07,3.68,2.77,1.31,St Kilda,Tom Highmore,Gen. Defender,Gen. Defender,Gen. Defender
D. Prestia,RFC,AFL,2021,M,M,Australia,29,5035,9,9,,,2.61,2.78,2.79,2.79,2.28,3.04,2.65,3.15,2.71,1.8,2.77,2.21,2.14,1.76,3.34,2.39,2.57,2.34,2.7,3.5,2.06,Richmond,Dion Prestia,Midfielder,Midfielder,Midfielder
T. Clurey,PAFC,AFL,2021,KD,KD,Australia,27,6285,11,11,,,2.61,2.5,2.06,2.53,2.63,2.67,1.87,0.85,2.85,2.05,1.9,3.19,2.81,3.73,2.85,2.42,2.48,1.62,2.09,2.84,2.56,Port Adelaide,Tom Clurey,Key Defender,Key Defender,Key Defender
D. Martin,RFC,AFL,2021,M,MF,Australia,30,6219,16,16,,,2.61,2.72,2.57,2.45,3.41,2.79,2.95,2.33,2.5,4.44,3.0,2.8,2.2,3.79,1.62,2.45,1.78,1.54,1.94,1.82,2.09,Richmond,Dustin Martin,Mid-Forward,Mid-Forward,Mid-Forward
J. Riewoldt,RFC,AFL,2021,KF,KF,Australia,33,6793,22,22,,,2.6,2.3,2.19,2.17,2.23,2.63,3.02,0.95,2.57,3.62,3.1,2.43,3.46,2.27,1.98,1.89,2.45,2.53,2.48,2.89,1.96,Richmond,Jack Riewoldt,Key Forward,Key Forward,Key Forward
W. Drew,PAFC,AFL,2021,M,M,Australia,23,5379,23,24,,,2.6,2.47,2.78,2.66,2.16,2.04,2.21,2.84,2.12,1.84,1.95,2.38,1.58,2.76,2.91,2.39,3.57,3.82,3.72,2.45,3.05,Port Adelaide,Willem Drew,Midfielder,Midfielder,Midfielder
D. Kent,SKFC,AFL,2021,GF,GF,Australia,27,5838,7,7,,,2.59,2.21,1.56,1.79,1.54,3.03,2.65,2.8,2.5,2.4,3.42,2.81,3.42,2.42,2.63,2.5,2.9,3.46,2.93,1.44,2.5,St Kilda,Dean Kent,Gen. Forward,Gen. Forward,Gen. Forward
P. Ryder,SKFC,AFL,2021,R,R,Australia,33,5448,12,12,,,2.59,2.08,2.38,1.92,2.05,1.92,2.2,1.69,2.62,2.21,2.31,3.13,2.93,3.03,2.85,3.43,2.43,3.13,2.37,1.94,2.36,St Kilda,Paddy Ryder,Ruck,Ruck,Ruck
D. Howard,SKFC,AFL,2021,KD,KD,Australia,25,6980,21,21,,,2.59,2.22,2.87,2.05,1.91,2.14,2.62,1.98,3.32,2.19,2.82,2.42,2.05,2.33,2.78,2.24,2.95,1.8,2.14,2.25,3.94,St Kilda,Dougal Howard,Key Defender,Key Defender,Key Defender
M. King,SKFC,AFL,2021,KF,KF,Australia,21,6208,20,20,,,2.58,2.28,1.74,2.9,2.44,1.87,2.73,2.69,2.09,3.17,2.37,2.96,2.59,4.22,2.12,2.07,1.69,1.5,1.69,1.79,1.9,St Kilda,Max King,Key Forward,Key Forward,Key Forward
O. Fantasia,PAFC,AFL,2021,GF,GF,Australia,26,5900,15,15,,,2.56,2.39,2.1,2.26,2.35,2.65,3.11,1.65,2.46,4.4,3.06,2.25,3.02,1.75,2.06,2.46,2.02,2.03,2.26,2.04,1.37,Port Adelaide,Orazio Fantasia,Gen. Forward,Gen. Forward,Gen. Forward
J. Anderson,NMFC,AFL,2021,M,MF,Australia,27,5236,7,7,,,2.55,2.38,2.42,2.35,2.07,2.53,2.27,2.21,2.06,2.68,2.3,2.32,2.21,2.26,2.63,2.39,3.46,3.92,3.45,3.22,1.9,North Melbourne,Jed Anderson,Midfielder,Midfielder,Midfielder
T. Dumont,NMFC,AFL,2021,W,W,Australia,26,5811,14,14,,,2.55,2.2,2.88,1.87,1.95,2.18,2.61,2.5,2.68,1.71,3.02,2.97,3.66,2.03,2.46,2.59,2.68,2.2,2.4,2.67,3.18,North Melbourne,Trent Dumont,Midfielder,Midfielder,Midfielder
B. Brown,MFC,AFL,2021,KF,KF,Australia,29,6109,13,13,,,2.55,2.25,1.76,2.35,2.07,2.72,2.75,0.65,3.07,3.09,2.47,2.67,3.37,2.81,1.85,2.26,2.21,1.75,2.4,1.98,2.74,Melbourne,Ben Brown,Key Forward,Key Forward,Key Forward
R. Burton,PAFC,AFL,2021,GD,GD,Australia,24,5685,24,24,,,2.54,2.51,2.61,2.68,2.4,2.4,2.23,1.88,2.53,1.66,2.61,2.84,2.89,3.08,2.51,2.46,2.81,2.53,3.34,2.77,2.42,Port Adelaide,Ryan Burton,Gen. Defender,Gen. Defender,Gen. Defender
J. Bowey,MFC,AFL,2021,GD,GD,Australia,19,5962,7,7,,,2.53,3.14,4.55,2.83,2.36,3.05,2.73,4.02,2.24,1.65,1.86,2.01,1.72,1.76,2.65,2.46,1.97,2.27,0.98,3.12,1.62,Melbourne,Jake Bowey,Gen. Defender,Gen. Defender,Gen. Defender
M. Chol,RFC,AFL,2021,R,R,Australia,24,9529,10,10,,,2.52,2.35,2.23,1.81,3.29,2.26,2.49,2.18,2.49,3.14,2.16,2.72,2.87,2.88,4.22,1.63,2.31,2.06,2.46,3.82,1.48,Richmond,Mabior Chol,Ruck,Ruck,Ruck
J. Webster,SKFC,AFL,2021,GD,GD,Australia,28,5658,20,20,,,2.51,2.49,2.43,2.66,2.35,2.44,2.5,2.76,2.47,2.03,2.33,2.54,2.49,2.43,2.72,2.46,2.52,2.41,1.89,2.91,3.14,St Kilda,Jimmy Webster,Gen. Defender,Gen. Defender,Gen. Defender
N. Balta,RFC,AFL,2021,KD,KD,Australia,22,5839,14,14,,,2.5,2.43,3.1,2.1,2.15,2.52,2.59,2.12,2.56,3.74,3.43,3.0,2.21,3.54,2.95,3.03,2.06,2.64,2.39,2.21,1.72,Richmond,Noah Balta,Key Defender,Key Defender,Key Defender
D. McKenzie,SKFC,AFL,2021,W,W,Australia,25,5282,12,12,,,2.5,2.38,2.43,2.04,2.99,2.45,2.62,2.77,2.88,3.24,2.07,2.43,2.89,2.11,1.86,2.59,2.55,2.19,2.53,2.79,2.57,St Kilda,Daniel McKenzie,Midfielder,Midfielder,Midfielder
J. Aarts,RFC,AFL,2021,GF,GF,Australia,27,5540,20,21,,,2.49,2.46,2.1,3.05,3.03,2.04,2.57,2.9,2.44,2.61,2.46,2.39,1.96,2.43,3.05,2.46,2.5,2.68,2.19,3.07,2.54,Richmond,Jake Aarts,Gen. Forward,Gen. Forward,Gen. Forward
C. Spargo,MFC,AFL,2021,GF,GF,Australia,22,5500,25,25,,,2.48,2.33,1.92,2.3,2.23,2.57,2.58,2.16,2.99,2.36,2.59,2.67,2.55,2.59,3.05,2.46,2.33,2.16,2.46,2.83,2.05,Melbourne,Charlie Spargo,Gen. Forward,Gen. Forward,Gen. Forward
B. Hill,SKFC,AFL,2021,GD,GD,Australia,28,6250,22,22,,,2.45,2.72,2.95,1.77,2.45,3.35,2.85,3.14,2.4,2.67,3.24,1.57,2.12,1.33,1.19,2.46,2.15,3.09,3.03,0.74,1.44,St Kilda,Bradley Hill,Gen. Defender,Gen. Defender,Gen. Defender
N. Larkey,NMFC,AFL,2021,KF,KF,Australia,23,6317,22,22,,,2.45,2.32,2.15,2.72,2.42,1.85,2.78,2.93,2.63,3.0,2.22,2.25,2.22,2.3,2.1,2.29,2.27,2.22,2.15,2.44,2.43,North Melbourne,Nick Larkey,Key Forward,Key Forward,Key Forward
T. McKenzie,PAFC,AFL,2021,KD,KD,Australia,29,6734,14,14,,,2.44,2.28,2.43,2.04,2.51,2.33,2.56,1.25,3.72,2.71,3.0,2.77,2.75,3.07,2.43,2.42,2.19,2.52,2.95,2.11,1.92,Port Adelaide,Trent McKenzie,Key Defender,Key Defender,Key Defender
J. Graham,RFC,AFL,2021,M,MF,Australia,23,5878,22,22,,,2.42,2.11,1.54,2.04,2.71,2.61,2.73,2.64,2.8,2.72,2.75,1.77,2.05,1.74,1.34,2.39,2.97,3.22,3.22,1.88,2.06,Richmond,Jack Graham,Mid-Forward,Mid-Forward,Mid-Forward
J. Gresham,SKFC,AFL,2021,M,MF,Australia,24,4254,3,3,,,2.42,2.45,2.93,1.77,2.98,2.15,2.55,2.7,2.19,2.12,3.43,3.17,2.64,3.05,4.35,2.39,1.59,1.65,1.47,1.37,2.0,St Kilda,Jade Gresham,Mid-Forward,Mid-Forward,Mid-Forward
J. Mahony,NMFC,AFL,2021,GF,GF,Australia,20,5616,19,19,,,2.41,2.58,2.5,2.69,2.1,2.67,2.18,2.43,2.37,1.9,2.15,2.01,2.1,1.78,2.34,2.46,3.16,3.38,3.14,3.25,2.68,North Melbourne,Jack Mahony,Gen. Forward,Gen. Forward,Gen. Forward
P. Ladhams,PAFC,AFL,2021,R,R,Australia,23,5952,17,17,,,2.41,2.53,2.01,2.53,2.18,3.42,2.89,2.58,2.78,3.53,2.67,2.12,2.91,2.46,1.81,1.89,2.21,2.48,2.53,1.82,2.05,Port Adelaide,Peter Ladhams,Ruck,Ruck,Ruck
N. Coffield,SKFC,AFL,2021,GD,GD,Australia,22,5869,16,16,,,2.4,2.21,1.79,2.35,3.09,2.06,2.37,2.37,2.56,2.17,2.11,3.15,3.29,2.54,3.7,2.46,2.18,1.44,2.09,3.12,2.09,St Kilda,Nick Coffield,Gen. Defender,Gen. Defender,Gen. Defender
H. Hartlett,PAFC,AFL,2021,GD,GD,Australia,31,5432,9,10,,,2.4,2.56,2.47,2.93,3.34,2.18,2.32,2.37,1.89,3.5,2.38,1.82,1.57,2.01,1.88,2.46,2.7,2.86,3.04,2.11,2.71,Port Adelaide,Hamish Hartlett,Gen. Defender,Gen. Defender,Gen. Defender
B. McKay,NMFC,AFL,2021,KD,KD,Australia,24,6884,22,22,,,2.4,1.87,2.16,1.6,2.46,1.69,2.62,3.4,2.15,2.05,1.96,2.38,2.44,2.46,2.24,2.42,2.63,2.05,2.44,2.11,3.18,North Melbourne,Ben McKay,Key Defender,Key Defender,Key Defender
T. Rivers,MFC,AFL,2021,GD,GD,Australia,20,5244,25,25,,,2.4,2.34,2.39,2.42,2.32,2.28,2.21,2.09,2.31,2.21,2.23,2.77,2.15,3.01,3.23,2.46,2.5,2.5,2.0,2.99,2.67,Melbourne,Trent Rivers,Gen. Defender,Gen. Defender,Gen. Defender
J. Geary,SKFC,AFL,2021,W,W,Australia,33,5240,3,3,,,2.4,1.61,0.98,2.57,1.27,1.28,1.93,2.05,2.31,2.39,1.38,3.97,3.02,4.72,5.0,2.59,3.23,2.69,2.56,2.58,4.67,St Kilda,Jarryn Geary,Midfielder,Midfielder,Midfielder
C. Wilkie,SKFC,AFL,2021,KD,KD,Australia,25,7152,22,22,,,2.39,2.66,2.24,2.39,3.07,3.04,3.02,2.87,3.26,2.33,3.37,2.11,2.6,1.83,2.08,2.42,2.2,3.05,2.91,2.07,1.87,St Kilda,Callum Wilkie,Key Defender,Key Defender,Key Defender
C. Sharman,SKFC,AFL,2021,KF,KF,Australia,21,4761,4,5,,,2.38,1.85,2.05,1.5,2.12,1.98,2.6,2.65,2.0,3.11,1.82,2.62,2.41,3.39,1.85,2.22,2.27,3.38,2.74,0.9,0.82,St Kilda,Cooper Sharman,Key Forward,Key Forward,Key Forward
J. Carlisle,SKFC,AFL,2021,R,R,Australia,30,5824,4,4,,,2.38,2.05,1.68,1.87,2.87,2.02,2.35,2.2,2.59,2.1,2.5,2.58,2.39,2.87,3.12,2.12,2.35,2.71,2.1,3.53,1.66,St Kilda,Jake Carlisle,Ruck,Ruck,Ruck
H. Petty,MFC,AFL,2021,KD,KD,Australia,22,6667,19,19,,,2.37,2.24,2.16,2.24,3.78,1.53,1.86,1.43,2.27,2.05,1.76,2.28,2.05,2.23,2.51,2.42,2.75,2.59,2.75,2.88,2.7,Melbourne,Harrison Petty,Key Defender,Key Defender,Key Defender
B. Scott,NMFC,AFL,2021,GF,GF,Australia,21,5714,16,17,,,2.37,2.66,2.88,2.13,2.24,3.06,2.32,3.26,2.34,1.84,2.46,2.11,2.29,2.02,2.03,2.46,2.26,2.36,2.27,1.86,2.27,North Melbourne,Bailey Scott,Gen. Forward,Gen. Forward,Gen. Forward
J. Polec,NMFC,AFL,2021,W,W,Australia,29,4749,4,5,,,2.36,2.09,2.48,2.41,1.98,1.69,2.23,0.78,3.49,1.29,2.11,3.19,2.63,3.1,4.17,2.59,2.37,2.24,2.52,2.89,1.83,North Melbourne,Jared Polec,Midfielder,Midfielder,Midfielder
M. Bergman,PAFC,AFL,2021,W,W,Australia,20,5390,22,23,,,2.35,2.24,1.85,2.62,2.34,2.13,2.23,2.1,2.29,2.59,2.05,2.51,2.13,2.8,2.94,2.59,2.61,2.46,2.36,3.44,2.04,Port Adelaide,Miles Bergman,Midfielder,Midfielder,Midfielder
T. Cotchin,RFC,AFL,2021,M,M,Australia,31,5208,17,17,,,2.35,2.7,2.95,2.84,2.19,2.51,2.11,1.74,2.4,1.69,2.5,2.01,2.13,1.99,1.87,2.39,2.37,2.21,2.3,2.62,3.06,Richmond,Trent Cotchin,Midfielder,Midfielder,Midfielder
J. Castagna,RFC,AFL,2021,GF,GF,Australia,25,5749,21,21,,,2.34,2.18,1.81,2.01,2.19,2.49,2.47,2.84,2.46,2.5,2.02,2.4,3.09,1.76,2.63,2.46,2.3,2.51,2.19,1.25,2.8,Richmond,Jason Castagna,Gen. Forward,Gen. Forward,Gen. Forward
M. Georgiades,PAFC,AFL,2021,KF,KF,Australia,20,5550,21,21,,,2.34,2.22,1.67,1.95,3.02,2.66,2.52,2.58,2.52,2.56,2.3,2.22,2.51,2.25,2.24,1.88,2.44,2.67,2.49,2.89,1.68,Port Adelaide,Mitch Georgiades,Key Forward,Key Forward,Key Forward
J. Hunt,MFC,AFL,2021,GD,GD,Australia,26,5529,20,20,,,2.32,2.3,2.25,2.36,2.84,2.15,2.35,2.41,2.04,2.69,2.6,1.9,1.81,1.82,2.09,2.46,2.57,2.51,3.14,2.52,1.85,Melbourne,Jayden Hunt,Gen. Defender,Gen. Defender,Gen. Defender
La. Young,NMFC,AFL,2021,W,W,Australia,22,5155,14,15,,,2.32,1.72,1.58,1.53,2.65,1.7,2.06,1.49,2.18,1.59,2.35,3.3,2.53,3.45,4.49,2.59,2.92,2.4,2.47,3.34,3.16,North Melbourne,La. Young,,W,Wing
J. Lienert,PAFC,AFL,2021,GD,GD,Australia,27,5773,5,5,,,2.32,2.3,2.74,1.99,2.08,2.42,2.42,2.15,2.46,2.87,2.61,2.29,2.08,2.68,2.09,2.46,2.19,1.49,2.12,2.45,2.87,Port Adelaide,Jarrod Lienert,Gen. Defender,Gen. Defender,Gen. Defender
S. Edwards,RFC,AFL,2021,M,M,Australia,33,5661,16,16,,,2.32,2.18,2.25,1.82,2.14,2.47,2.52,2.14,2.57,2.68,2.76,2.48,2.09,2.55,3.04,2.39,2.16,2.2,1.66,3.19,2.91,Richmond,Shane Edwards,Midfielder,Midfielder,Midfielder
R. Bonner,PAFC,AFL,2021,GD,GD,Australia,24,5776,14,14,,,2.31,2.51,2.17,1.68,1.99,3.3,2.75,2.83,2.57,2.81,2.9,1.88,2.33,1.25,2.09,2.46,1.73,1.91,1.47,1.77,1.86,Port Adelaide,Riley Bonner,Gen. Defender,Gen. Defender,Gen. Defender
T. Marshall,PAFC,AFL,2021,KF,KF,Australia,23,5105,21,21,,,2.3,2.36,2.05,2.06,2.35,3.1,2.42,2.25,2.97,2.05,2.84,2.12,1.9,2.21,2.39,2.06,2.3,2.07,2.08,2.79,2.67,Port Adelaide,Todd Marshall,Key Forward,Key Forward,Key Forward
D. Butler,SKFC,AFL,2021,GF,GF,Australia,25,6438,22,22,,,2.3,2.29,2.01,2.38,3.11,2.15,2.37,1.26,2.44,2.55,2.89,1.55,1.48,1.59,1.56,2.47,3.19,3.53,3.31,2.34,2.63,St Kilda,Dan Butler,Gen. Forward,Gen. Forward,Gen. Forward
K. Turner,NMFC,AFL,2021,GD,GD,Australia,26,6082,22,22,,,2.3,2.42,2.93,2.98,2.48,1.87,1.92,2.04,1.78,2.61,1.59,2.01,1.94,2.03,2.05,2.46,2.87,3.88,3.41,1.83,2.12,North Melbourne,Kayne Turner,Gen. Defender,Gen. Defender,Gen. Defender
M. Wood,SKFC,AFL,2021,GF,GF,Australia,28,3809,9,9,,,2.3,2.07,1.84,2.03,1.97,2.25,2.4,2.01,2.61,2.36,2.39,2.27,2.75,1.47,3.21,2.52,2.55,2.14,2.77,1.94,3.33,St Kilda,Mason Wood,Gen. Forward,Gen. Forward,Gen. Forward
D. Astbury,RFC,AFL,2021,KD,KD,Australia,30,6576,17,17,,,2.28,2.62,3.13,2.27,1.83,3.07,2.67,3.05,2.54,2.05,2.26,2.34,2.74,1.98,2.46,2.33,1.87,2.28,2.32,1.97,1.58,Richmond,David Astbury,Key Defender,Key Defender,Key Defender
M. Hibberd,MFC,AFL,2021,GD,GD,Australia,31,6072,17,17,,,2.27,2.36,2.5,2.94,2.21,1.97,2.16,2.45,2.06,1.65,2.07,1.91,1.93,1.7,2.13,2.46,2.56,2.19,2.71,2.93,2.35,Melbourne,Michael Hibberd,Gen. Defender,Gen. Defender,Gen. Defender
S. Atley,NMFC,AFL,2021,GD,GD,Australia,29,6048,20,20,,,2.26,2.53,2.04,2.46,2.51,2.74,2.68,3.46,2.22,2.06,2.41,1.93,2.92,1.6,1.14,2.46,1.59,1.65,1.82,1.35,1.5,North Melbourne,Shaun Atley,Gen. Defender,Gen. Defender,Gen. Defender
J. Bytel,SKFC,AFL,2021,M,M,Australia,21,5448,8,13,,,2.26,2.35,2.9,2.22,2.31,1.73,1.96,2.08,1.95,1.93,1.86,1.57,1.46,1.76,1.34,2.39,3.06,3.46,3.44,1.09,1.92,St Kilda,Jack Bytel,Midfielder,Midfielder,Midfielder
B. Woodcock,PAFC,AFL,2021,GF,GF,Australia,21,4506,6,7,,,2.24,1.88,1.36,1.55,1.55,2.47,2.32,2.72,2.39,2.24,1.97,2.62,3.07,2.19,2.8,2.46,2.29,2.7,1.83,1.13,3.32,Port Adelaide,Boyd Woodcock,Gen. Forward,Gen. Forward,Gen. Forward
T. Powell,NMFC,AFL,2021,M,MF,Australia,19,5530,13,13,,,2.23,2.01,1.39,1.71,3.22,2.45,2.4,2.09,2.7,2.17,2.51,2.18,2.79,2.08,1.34,2.39,2.38,2.31,2.56,2.38,1.96,North Melbourne,Tom Powell,Mid-Forward,Mid-Forward,Mid-Forward
L. Jackson,MFC,AFL,2021,R,R,Australia,20,5635,24,24,,,2.23,2.39,1.67,2.24,2.17,3.57,2.86,3.23,2.61,3.21,2.4,1.92,2.52,2.43,1.58,1.68,1.79,2.02,2.22,1.57,1.47,Melbourne,Luke Jackson,Ruck,Ruck,Ruck
A. Bosenavulagi,NMFC,AFL,2021,GD,GD,Australia,21,4839,7,8,,,2.22,1.85,1.77,2.26,2.69,1.41,2.09,2.08,2.25,2.55,1.62,2.36,2.76,2.52,1.71,2.46,2.67,3.58,2.51,2.58,1.87,North Melbourne,Atu Bosenavulagi,Gen. Defender,Gen. Defender,Gen. Defender
R. Tarrant,NMFC,AFL,2021,KD,KD,Australia,32,6121,10,10,,,2.21,2.04,2.09,1.62,1.4,2.82,2.88,3.29,2.79,2.05,2.45,2.16,3.25,1.44,2.2,2.42,2.07,2.77,1.83,2.14,1.95,North Melbourne,Robbie Tarrant,Key Defender,Key Defender,Key Defender
T. Campbell,NMFC,AFL,2021,R,R,Australia,30,5378,9,9,,,2.21,2.16,1.84,2.34,2.23,2.3,2.44,1.88,2.69,3.22,1.97,2.28,3.4,2.8,2.52,1.52,1.71,1.88,1.9,2.82,0.85,North Melbourne,Tom Campbell,Ruck,Ruck,Ruck
A. Bonar,NMFC,AFL,2021,GD,GD,Australia,22,5300,10,10,,,2.2,1.62,1.65,1.67,2.57,1.37,2.11,2.21,2.4,1.65,1.66,2.85,2.34,3.62,2.53,2.46,2.5,1.83,2.2,2.59,3.69,North Melbourne,Aiden Bonar,Gen. Defender,Gen. Defender,Gen. Defender
C. Coleman-Jones,RFC,AFL,2021,R,R,Australia,22,10251,8,8,,,2.2,1.75,1.23,1.99,1.11,2.64,2.83,1.71,2.78,4.82,2.03,2.06,3.33,2.93,2.09,1.19,2.08,2.82,1.61,2.09,1.99,Richmond,Callum Coleman-Jones,Key Forward,Key Forward,Key Forward
J. Battle,SKFC,AFL,2021,M,MF,Australia,23,4791,16,16,,,2.19,1.56,1.01,1.65,2.44,1.7,1.92,1.15,2.53,2.08,1.69,3.84,3.58,3.53,5.0,3.29,2.47,1.91,2.3,3.57,4.32,St Kilda,Josh Battle,Mid-Forward,Mid-Forward,Mid-Forward
J. Walker,NMFC,AFL,2021,KD,KD,Australia,29,6509,21,21,,,2.19,2.16,2.25,2.04,1.79,2.42,2.5,2.68,2.12,3.57,2.27,2.42,2.72,2.62,1.99,2.49,1.87,1.68,2.11,1.91,1.81,North Melbourne,Josh Walker,Key Defender,Key Defender,Key Defender
R. Mansell,RFC,AFL,2021,GD,GD,Australia,21,10904,12,13,,,2.19,1.92,1.74,1.93,2.52,1.84,2.2,2.05,2.44,2.21,2.04,1.51,1.54,1.04,2.03,2.46,2.87,2.95,3.15,2.43,2.9,Richmond,Rhyan Mansell,Gen. Defender,Gen. Defender,Gen. Defender
S. Powell-Pepper,PAFC,AFL,2021,M,MF,Australia,23,5317,14,16,,,2.14,2.0,1.69,2.34,2.68,1.67,2.1,1.26,2.23,3.01,2.01,2.1,2.21,2.36,1.34,2.39,2.46,2.55,2.65,1.55,2.19,Port Adelaide,Sam Powell-Pepper,Mid-Forward,Mid-Forward,Mid-Forward
S. Mayes,PAFC,AFL,2021,GF,GF,Australia,27,3843,6,11,,,2.14,2.11,3.15,1.77,1.97,1.88,1.8,2.4,1.62,1.96,1.22,2.44,1.54,3.54,1.56,2.46,2.57,2.67,2.38,2.34,3.01,Port Adelaide,Sam Mayes,Gen. Forward,Gen. Forward,Gen. Forward
J. Melksham,MFC,AFL,2021,GF,GF,Australia,30,4358,12,12,,,2.13,2.05,2.25,1.94,2.0,2.05,2.26,2.36,2.22,2.23,2.31,2.13,1.79,1.83,3.42,2.46,1.98,1.46,1.98,2.98,2.49,Melbourne,Jake Melksham,Gen. Forward,Gen. Forward,Gen. Forward
R. Byrnes,SKFC,AFL,2021,M,MF,Australia,20,5458,15,16,,,2.11,1.85,1.51,1.6,2.28,2.33,2.32,1.88,2.66,2.38,2.23,2.82,3.59,2.62,1.94,2.39,1.73,1.5,1.76,2.4,1.87,St Kilda,Ryan Byrnes,Mid-Forward,Mid-Forward,Mid-Forward
J. Jordon,MFC,AFL,2021,M,M,Australia,21,4350,23,25,,,2.09,1.76,1.46,1.87,1.88,1.99,2.12,2.13,2.25,2.14,1.85,2.08,2.09,2.06,2.13,2.39,2.64,2.5,2.83,2.62,2.44,Melbourne,James Jordon,Midfielder,Midfielder,Midfielder
J. Caddy,RFC,AFL,2021,W,W,Australia,29,7715,9,9,,,2.04,1.92,1.82,2.61,1.82,1.47,2.06,1.52,2.51,2.0,1.89,2.15,2.74,1.59,1.55,2.59,2.08,2.4,1.88,1.95,2.11,Richmond,Josh Caddy,Midfielder,Midfielder,Midfielder
O. Clavarino,SKFC,AFL,2021,KD,KD,Australia,22,6229,4,5,,,2.04,2.01,1.82,2.22,2.35,1.73,1.94,2.58,1.2,2.05,2.3,2.02,1.84,2.57,1.53,2.42,2.12,3.35,3.19,2.02,1.55,St Kilda,Oscar Clavarino,Key Defender,Key Defender,Key Defender
B. Long,SKFC,AFL,2021,GD,GD,Australia,24,5571,12,15,,,2.04,1.8,1.92,1.99,4.01,1.15,1.94,1.17,1.77,4.51,2.29,2.17,2.68,2.23,1.5,2.46,2.36,2.98,3.04,1.28,1.94,St Kilda,Ben Long,Gen. Defender,Gen. Defender,Gen. Defender
A. Tomlinson,MFC,AFL,2021,KD,KD,Australia,28,6226,7,7,,,2.02,1.95,2.82,1.26,1.79,2.26,1.77,1.12,2.22,2.05,2.31,2.15,2.75,2.03,1.86,2.42,2.04,1.84,2.42,0.9,2.73,Melbourne,Adam Tomlinson,Key Defender,Key Defender,Key Defender
E. Ford,NMFC,AFL,2021,GF,GF,Australia,19,4732,5,5,,,2.02,1.6,1.26,1.17,2.16,1.95,2.29,2.47,2.4,2.17,2.12,2.53,3.4,1.62,3.05,2.46,1.59,1.62,1.39,1.98,1.8,North Melbourne,Eddie Ford,Gen. Forward,Gen. Forward,Gen. Forward
R. Collier-Dawkins,RFC,AFL,2021,M,M,Australia,21,9797,9,9,,,2.02,2.06,2.45,1.98,1.83,1.74,1.95,1.57,2.27,2.18,1.65,1.96,2.01,1.76,2.34,2.39,2.11,2.02,2.47,1.53,1.59,Richmond,Riley Collier-Dawkins,Midfielder,Midfielder,Midfielder
T. Xerri,NMFC,AFL,2021,KF,KF,Australia,22,5499,8,8,,,2.0,2.56,3.54,2.78,2.35,1.38,1.09,2.8,0.88,0.71,1.58,2.19,0.76,1.4,2.58,4.52,3.23,3.94,2.86,2.39,3.43,North Melbourne,Tristan Xerri,Key Forward,Key Forward,Key Forward
N. Jetta,MFC,AFL,2021,GD,GD,Australia,31,5278,5,5,,,1.98,1.66,2.16,2.22,3.29,0.75,2.0,2.64,1.89,1.65,1.25,1.9,1.84,2.37,1.44,2.46,2.32,1.53,1.77,2.82,3.49,Melbourne,Neville Jetta,Gen. Defender,Gen. Defender,Gen. Defender
J. Lonie,SKFC,AFL,2021,GF,GF,Australia,25,5067,11,11,,,1.98,1.88,1.94,1.76,1.63,1.99,1.94,2.15,1.92,1.75,2.25,2.02,1.98,1.95,2.24,2.46,2.21,2.25,2.23,2.19,2.08,St Kilda,Jack Lonie,Gen. Forward,Gen. Forward,Gen. Forward
C. Taylor,NMFC,AFL,2021,M,MF,Australia,21,5251,18,19,,,1.97,1.57,1.05,1.56,2.18,1.93,2.07,1.1,2.62,2.58,1.79,3.16,3.77,3.17,2.09,2.39,1.64,1.53,1.59,1.67,2.25,North Melbourne,Curtis Taylor,Mid-Forward,Mid-Forward,Mid-Forward
C. Taylor,NMFC,AFL,2021,M,MF,Australia,20,5251,18,19,,,1.97,1.57,1.05,1.56,2.18,1.93,2.07,1.1,2.62,2.58,1.79,3.16,3.77,3.17,2.09,2.39,1.64,1.53,1.59,1.67,2.25,North Melbourne,Curtis Taylor,Mid-Forward,Mid-Forward,Mid-Forward
R. Garthwaite,RFC,AFL,2021,KD,KD,Australia,23,13897,5,5,,,1.93,1.86,1.82,1.53,2.26,2.09,2.05,2.55,1.51,2.05,2.23,1.25,0.79,1.6,1.18,2.42,2.5,3.1,2.83,1.97,2.62,Richmond,Ryan Garthwaite,Key Defender,Key Defender,Key Defender
K. Farrell,PAFC,AFL,2021,M,MF,Australia,22,5168,10,10,,,1.91,1.5,1.17,1.29,2.34,1.66,2.0,1.42,2.36,2.37,1.72,2.58,2.18,2.83,2.7,2.39,1.98,1.94,1.84,2.13,2.48,Port Adelaide,Kane Farrell,Mid-Forward,Mid-Forward,Mid-Forward
J. Ross,RFC,AFL,2021,W,W,Australia,21,7357,12,15,,,1.91,1.65,1.97,1.48,1.64,1.63,2.0,1.97,2.09,2.32,1.78,2.22,2.1,2.21,2.42,2.59,1.88,2.0,2.44,1.73,1.57,Richmond,Jack Ross,Midfielder,Midfielder,Midfielder
S. Weideman,MFC,AFL,2021,KF,KF,Australia,24,5451,5,5,,,1.89,2.03,2.42,2.39,1.66,1.38,1.42,1.93,1.17,1.43,1.47,2.2,1.98,2.27,2.95,1.88,2.24,2.09,2.88,2.05,1.47,Melbourne,Sam Weideman,Key Forward,Key Forward,Key Forward
N. Jones,MFC,AFL,2021,M,MF,Australia,33,4511,7,8,,,1.84,1.6,1.05,1.32,3.43,1.53,2.05,2.1,1.87,2.34,1.99,2.29,2.24,2.47,1.98,2.39,1.61,1.65,1.38,2.19,1.74,Melbourne,Nathan Jones,Mid-Forward,Mid-Forward,Mid-Forward
T. Dow,RFC,AFL,2021,M,MF,Australia,20,10585,4,5,,,1.83,1.69,1.2,1.38,1.86,2.61,1.69,2.05,1.53,1.64,1.56,2.44,3.29,1.76,2.47,2.39,1.83,1.99,1.51,2.03,2.32,Richmond,Thomson Dow,Mid-Forward,Mid-Forward,Mid-Forward
T. Sparrow,MFC,AFL,2021,M,MF,Australia,21,3635,19,21,,,1.82,1.42,1.2,1.49,2.4,1.08,1.81,1.41,1.89,2.34,1.63,2.62,2.42,2.93,2.29,2.39,1.95,1.64,2.19,2.13,2.0,Melbourne,Tom Sparrow,Mid-Forward,Mid-Forward,Mid-Forward
P. Hunter,SKFC,AFL,2021,R,R,Australia,28,5208,7,7,,,1.8,1.87,1.91,1.26,2.81,1.69,1.87,2.46,1.24,1.86,1.9,1.35,0.87,0.95,1.26,1.76,2.79,3.4,3.53,1.41,2.71,St Kilda,Paul Hunter,Ruck,Ruck,Ruck
J. Smith,MFC,AFL,2021,KD,KD,Australia,25,5907,3,3,,,1.8,1.89,2.55,1.91,2.88,0.94,1.37,0.83,1.66,2.05,1.73,1.49,1.8,0.83,2.01,2.42,2.21,1.56,2.3,2.3,2.26,Melbourne,Joel Smith,Key Defender,Key Defender,Key Defender
P. Naish,RFC,AFL,2021,M,MF,Australia,22,10687,4,6,,,1.76,1.43,0.99,1.39,2.39,1.51,2.21,1.71,2.17,2.47,2.62,1.78,2.05,1.76,1.34,2.39,1.67,1.09,1.91,2.23,2.48,Richmond,Patrick Naish,Mid-Forward,Mid-Forward,Mid-Forward
W. Phillips,NMFC,AFL,2021,M,MF,Australia,19,4280,15,16,,,1.73,1.51,1.35,1.49,2.39,1.23,1.79,1.64,2.06,1.91,1.38,2.18,2.32,2.44,1.34,2.39,1.71,1.77,1.86,1.09,1.46,North Melbourne,Will Phillips,Mid-Forward,Mid-Forward,Mid-Forward
S. McKernan,SKFC,AFL,2021,R,R,Australia,31,5806,4,4,,,1.73,1.76,2.09,2.14,1.33,1.33,1.71,0.74,1.39,2.7,2.02,1.62,1.9,1.66,1.43,1.63,2.01,1.64,2.31,1.03,2.57,St Kilda,Shaun McKernan,Ruck,Ruck,Ruck
D. Tyson,NMFC,AFL,2021,M,M,Australia,28,3497,3,3,,,1.62,1.24,1.2,0.9,1.78,1.32,1.62,2.32,1.45,1.26,1.42,2.42,3.88,1.76,1.34,2.39,1.7,2.25,1.31,0.86,1.84,North Melbourne,Dom Tyson,Midfielder,Midfielder,Midfielder
C. Lazzaro,NMFC,AFL,2021,M,MF,Australia,19,4370,11,12,,,1.62,1.24,0.99,1.11,2.05,1.23,1.88,1.67,1.86,2.2,1.86,2.26,2.74,2.29,1.34,2.39,1.42,1.04,1.7,0.96,2.33,North Melbourne,Charlie Lazzaro,Mid-Forward,Mid-Forward,Mid-Forward
L. Connolly,SKFC,AFL,2021,GD,GD,Australia,20,5524,6,7,,,1.62,1.74,1.83,1.13,2.55,1.93,2.07,1.89,1.92,3.04,2.17,1.49,1.34,2.0,1.07,2.46,0.95,1.15,0.99,0.15,1.63,St Kilda,Leo Connolly,Gen. Defender,Gen. Defender,Gen. Defender
D. Joyce,SKFC,AFL,2021,KD,KD,Australia,24,5905,5,5,,,1.6,1.73,1.93,1.52,1.73,1.86,1.59,1.38,1.65,2.05,1.77,1.01,1.09,0.9,1.08,2.22,2.05,2.29,1.55,1.6,2.46,St Kilda,Darragh Joyce,Key Defender,Key Defender,Key Defender
O. Baker,MFC,AFL,2021,W,W,Australia,23,2110,3,3,,,1.49,0.96,1.56,0.54,1.65,0.81,1.61,1.42,1.3,1.12,2.14,2.28,2.65,1.67,2.05,2.59,1.49,2.36,1.58,0.5,1.85,Melbourne,Oskar Baker,Midfielder,Midfielder,Midfielder
W. Martyn,RFC,AFL,2021,M,M,Australia,20,6425,3,3,,,1.48,1.25,1.27,0.95,1.45,1.42,1.42,2.2,1.22,1.26,0.96,1.84,2.23,1.76,1.34,2.39,1.67,2.28,1.24,0.86,1.79,Richmond,Will Martyn,Mid-Forward,Mid-Forward,Mid-Forward
H. Ralphsmith,RFC,AFL,2021,M,MF,Australia,20,8938,6,6,,,1.48,1.05,0.8,0.86,1.89,1.09,1.74,0.69,1.98,2.81,1.54,1.61,1.68,1.68,1.34,2.39,1.74,1.55,1.29,2.22,3.85,Richmond,Hugo Ralphsmith,Mid-Forward,Mid-Forward,Mid-Forward
A. vandenBerg,MFC,AFL,2021,W,W,Australia,29,1611,3,4,,,1.47,0.94,1.39,1.06,1.44,0.5,1.87,0.95,1.87,1.71,2.17,1.44,1.28,1.67,1.55,2.59,1.61,2.59,2.09,0.47,1.78,Melbourne,Aaron vandenBerg,Midfielder,Midfielder,Midfielder
K. Chandler,MFC,AFL,2021,GF,GF,Australia,21,984,5,5,,,1.02,0.7,1.26,0.41,2.42,0.21,1.17,2.05,1.2,1.04,0.54,1.27,0.65,1.62,1.56,2.46,0.97,0.92,1.18,0.17,1.08,Melbourne,Kade Chandler,Gen. Forward,Gen. Forward,Gen. Forward
I. Heeney,SYFC,AFL,2021,GF,GF,Australia,25,6009,21,21,,,3.35,3.2,2.79,3.37,2.99,3.34,3.35,2.05,3.37,4.0,3.1,4.2,4.55,4.47,2.97,1.73,2.53,2.26,2.1,2.68,4.23,SYFC,I. Heeney,,GF,Gen. Forward
M. Bontempelli,WBFC,AFL,2021,M,M,Australia,26,6310,26,26,,,3.31,3.3,3.15,3.25,3.86,3.21,3.44,2.65,2.86,4.7,4.19,3.53,2.41,4.67,2.91,3.19,2.99,2.81,2.88,2.74,4.4,Western Bulldogs,Marcus Bontempelli,Midfielder,Midfielder,Midfielder
J. Macrae,WBFC,AFL,2021,M,M,Australia,27,6211,26,26,,,3.3,3.8,4.11,4.0,2.29,4.08,3.43,4.06,3.66,2.0,3.67,2.44,2.14,2.24,3.43,2.67,2.86,2.66,3.03,3.3,2.51,Western Bulldogs,Jack Macrae,Midfielder,Midfielder,Midfielder
J. Dawson,SYFC,AFL,2021,GD,GD,Australia,24,6307,23,23,,,3.24,3.11,2.63,3.57,2.56,3.08,3.22,2.81,3.2,4.85,3.15,3.39,2.78,4.44,2.87,2.76,3.3,3.61,3.54,2.83,3.15,SYFC,J. Dawson,,GD,Gen. Defender
B. Smith,WBFC,AFL,2021,W,W,Australia,21,6143,26,26,,,3.14,3.86,4.81,4.0,2.83,3.54,3.23,3.66,2.77,3.77,3.19,2.29,2.26,2.27,2.36,2.59,2.53,3.16,2.6,2.14,2.45,Western Bulldogs,Bailey Smith,Midfielder,Midfielder,Midfielder
C. Daniel,WBFC,AFL,2021,GD,GD,Australia,25,6039,25,25,,,3.13,4.16,5.0,4.25,2.9,3.98,3.45,4.6,2.34,3.56,3.31,1.77,1.77,1.94,1.58,2.46,2.47,2.99,2.95,2.05,1.61,Western Bulldogs,Caleb Daniel,Gen. Defender,Gen. Defender,Gen. Defender
L. Parker,SYFC,AFL,2021,M,M,Australia,29,5990,23,23,,,3.11,3.48,4.08,3.87,2.16,3.02,2.89,2.93,2.85,3.05,2.77,3.0,2.31,3.49,3.11,2.53,2.89,2.97,2.65,3.32,3.07,SYFC,L. Parker,,M,Midfielder
J. McGovern,WCFC,AFL,2021,KD,KD,Australia,29,6028,15,15,,,3.11,2.73,2.43,3.04,2.16,2.84,2.87,2.54,3.41,2.05,2.9,3.8,3.44,3.88,3.95,2.26,2.84,1.86,1.92,3.31,3.06,West Coast,Jeremy McGovern,Key Defender,Key Defender,Key Defender
C. Mills,SYFC,AFL,2021,M,M,Australia,24,6089,18,18,,,3.08,3.09,3.11,3.04,2.19,3.65,3.16,2.81,3.77,2.15,3.51,2.9,3.65,2.13,3.34,2.39,3.09,2.92,3.17,3.22,3.31,SYFC,C. Mills,,M,Midfielder
J. Lloyd,SYFC,AFL,2021,GD,GD,Australia,28,6350,22,22,,,3.03,2.91,2.17,2.39,2.22,3.66,3.84,4.4,3.99,2.11,3.48,2.31,2.49,1.65,2.86,2.46,2.44,2.43,2.2,2.62,2.57,SYFC,J. Lloyd,,GD,Gen. Defender
L. Franklin,SYFC,AFL,2021,KF,KF,Australia,34,6632,18,18,,,3.0,2.75,1.79,3.46,3.28,2.41,3.65,2.04,3.25,4.23,3.42,2.58,2.65,3.35,1.85,1.88,2.64,3.0,3.19,1.44,2.05,SYFC,L. Franklin,,KF,Key Forward
J. Cripps,WCFC,AFL,2021,GF,GF,Australia,29,6490,22,22,,,2.99,3.23,3.74,3.27,2.27,3.19,2.97,2.27,2.77,3.24,3.49,2.48,2.95,2.07,2.57,2.46,3.22,3.49,3.59,1.77,2.55,West Coast,Jamie Cripps,Gen. Forward,Gen. Forward,Gen. Forward
A. Gaff,WCFC,AFL,2021,W,W,Australia,29,6617,21,21,,,2.98,3.32,4.71,2.38,1.97,3.67,3.16,4.3,3.6,1.91,3.17,2.89,2.98,2.85,2.77,2.59,2.2,2.32,2.08,2.57,1.84,West Coast,Andrew Gaff,Midfielder,Midfielder,Midfielder
T. Liberatore,WBFC,AFL,2021,M,M,Australia,29,5880,25,25,,,2.97,3.5,4.04,4.12,2.78,2.57,2.87,3.26,2.57,2.97,2.81,1.85,1.65,1.99,1.88,2.39,3.0,2.97,3.15,2.88,2.66,Western Bulldogs,Tom Liberatore,Midfielder,Midfielder,Midfielder
S. Reid,SYFC,AFL,2021,KF,KF,Australia,30,6072,10,10,,,2.96,3.27,4.58,3.24,2.59,2.41,2.02,3.32,2.5,1.39,2.47,3.47,2.34,2.86,4.22,4.98,3.91,3.49,3.71,4.1,4.75,SYFC,S. Reid,,KF,Key Forward
E. Gulden,SYFC,AFL,2021,GF,GF,Australia,19,5962,18,18,,,2.95,3.22,3.07,3.29,2.57,3.4,2.93,2.61,3.27,2.44,3.61,2.7,2.88,2.33,3.2,2.46,2.81,2.75,2.83,3.2,2.65,SYFC,E. Gulden,,GF,Gen. Forward
T. Barrass,WCFC,AFL,2021,KD,KD,Australia,26,6517,16,16,,,2.91,2.34,1.95,2.66,1.99,2.4,2.5,1.97,3.17,2.05,2.43,3.77,3.88,4.04,3.38,2.27,2.66,2.01,1.46,2.65,3.22,West Coast,Tom Barrass,Key Defender,Key Defender,Key Defender
O. Florent,SYFC,AFL,2021,W,W,Australia,23,6001,23,23,,,2.9,3.11,3.67,2.86,2.99,3.05,2.92,2.67,2.82,2.87,3.09,2.59,2.35,2.81,2.85,2.59,2.78,2.65,2.48,2.86,3.0,SYFC,O. Florent,,W,Wing
J. Redden,WCFC,AFL,2021,M,M,Australia,31,6231,18,18,,,2.89,2.78,2.68,2.66,2.11,3.43,2.77,3.45,2.91,1.72,2.7,3.66,3.52,3.47,4.35,2.39,2.68,2.57,2.47,4.29,2.32,West Coast,Jack Redden,Midfielder,Midfielder,Midfielder
J. Darling,WCFC,AFL,2021,KF,KF,Australia,29,7262,22,22,,,2.89,2.84,2.25,3.55,2.39,2.71,2.95,2.49,3.02,3.03,2.86,2.85,3.23,3.28,2.22,2.24,2.95,3.19,3.32,2.44,2.31,West Coast,Jack Darling,Key Forward,Key Forward,Key Forward
N. Naitanui,WCFC,AFL,2021,R,R,Australia,31,5110,22,22,,,2.89,3.84,5.0,4.38,3.39,2.02,2.64,3.22,2.25,1.74,3.36,2.79,1.19,2.3,1.64,4.21,2.3,2.64,2.77,1.75,2.1,West Coast,Nic Naitanui,Ruck,Ruck,Ruck
S. Hurn,WCFC,AFL,2021,GD,GD,Australia,34,5143,15,15,,,2.89,2.12,1.7,2.2,1.88,2.27,3.06,2.84,3.74,1.65,2.96,4.3,3.4,4.51,5.0,2.46,2.56,2.28,2.12,3.69,2.17,West Coast,Shannon Hurn,Gen. Defender,Gen. Defender,Gen. Defender
A. Naughton,WBFC,AFL,2021,KF,KF,Australia,22,6120,25,25,,,2.88,2.54,1.84,2.83,3.04,2.53,2.95,2.76,2.78,3.16,2.64,3.25,3.81,4.38,2.08,1.82,2.34,2.55,2.43,1.83,2.25,Western Bulldogs,Aaron Naughton,Key Forward,Key Forward,Key Forward
T. Hickey,SYFC,AFL,2021,R,R,Australia,30,6013,21,21,,,2.87,3.5,4.02,3.64,2.43,3.6,3.0,3.19,3.0,2.56,3.24,2.48,2.07,1.73,2.39,3.11,2.88,2.91,1.96,3.08,3.41,SYFC,T. Hickey,,R,Ruck
G. Hewett,SYFC,AFL,2021,GD,GD,Australia,26,5840,21,21,,,2.87,3.64,5.0,4.21,3.46,2.67,2.78,4.2,2.05,1.74,2.09,1.86,1.83,1.95,1.81,2.46,2.82,3.77,4.01,1.44,1.56,SYFC,G. Hewett,,GD,Gen. Defender
E. Yeo,WCFC,AFL,2021,M,M,Australia,28,5777,12,12,,,2.86,3.37,4.18,3.66,2.87,2.25,2.42,2.41,2.38,2.29,2.64,2.36,1.5,2.48,3.6,2.39,3.02,3.19,3.05,3.16,2.15,West Coast,Elliot Yeo,Midfielder,Midfielder,Midfielder
J. Dunkley,WBFC,AFL,2021,M,MF,Australia,24,5912,15,15,,,2.86,2.78,2.51,3.05,2.64,2.99,2.72,3.57,2.38,2.4,2.57,2.7,2.36,2.76,3.14,2.45,3.32,3.05,3.25,3.29,4.69,Western Bulldogs,Josh Dunkley,Mid-Forward,Mid-Forward,Mid-Forward
T. Papley,SYFC,AFL,2021,GF,GF,Australia,25,6501,23,23,,,2.86,3.11,3.43,3.14,3.11,2.94,3.21,1.39,2.9,4.36,3.06,2.67,3.24,2.14,2.86,2.48,1.82,1.83,1.81,1.8,1.85,SYFC,T. Papley,,GF,Gen. Forward
T. English,WBFC,AFL,2021,R,R,Australia,24,6179,22,22,,,2.8,2.41,1.9,2.31,2.38,3.13,3.03,2.62,3.07,3.94,2.48,2.89,3.81,3.08,3.4,2.22,2.68,2.83,2.58,2.78,2.61,Western Bulldogs,Tim English,Ruck,Ruck,Ruck
J. Kennedy,SYFC,AFL,2021,M,M,Australia,33,5535,21,21,,,2.79,3.02,3.33,3.29,2.35,2.72,2.69,3.32,2.83,1.96,2.39,2.37,2.39,2.23,2.63,2.41,2.85,2.82,2.92,3.35,2.17,SYFC,J. Kennedy,,M,Midfielder
B. Dale,WBFC,AFL,2021,GD,GD,Australia,25,6139,26,26,,,2.77,3.04,2.95,2.56,3.2,3.36,3.32,3.16,3.1,3.92,3.7,2.13,1.63,2.36,2.46,2.46,2.1,2.14,1.44,2.65,2.36,Western Bulldogs,Bailey Dale,Gen. Defender,Gen. Defender,Gen. Defender
W. Hayward,SYFC,AFL,2021,GF,GF,Australia,23,5845,20,20,,,2.76,2.14,1.84,2.38,2.4,2.05,2.78,1.71,2.91,3.44,1.97,3.58,3.44,4.27,2.3,2.46,2.87,2.82,2.71,2.63,3.6,SYFC,W. Hayward,,GF,Gen. Forward
L. Hunter,WBFC,AFL,2021,W,W,Australia,27,6305,25,25,,,2.76,2.97,3.25,2.91,2.25,3.05,3.01,3.36,2.73,2.93,3.17,2.28,2.73,1.91,1.79,2.59,2.4,2.51,2.91,1.9,2.48,Western Bulldogs,Lachie Hunter,Midfielder,Midfielder,Midfielder
J. Waterman,WCFC,AFL,2021,GF,GF,Australia,23,5773,13,14,,,2.75,2.15,1.72,1.61,1.92,2.83,2.85,1.97,3.6,2.56,2.67,3.93,4.62,3.18,4.42,2.46,2.17,1.7,2.0,2.72,3.32,West Coast,Jake Waterman,Gen. Forward,Gen. Forward,Gen. Forward
L. Ryan,WCFC,AFL,2021,GF,GF,Australia,25,5883,14,14,,,2.75,2.11,2.3,2.16,2.11,1.97,2.95,0.6,2.89,3.94,3.14,3.97,3.38,4.32,4.22,2.46,1.97,1.93,1.83,2.01,2.36,West Coast,Liam Ryan,Gen. Forward,Gen. Forward,Gen. Forward
J. Bruce,WBFC,AFL,2021,KF,KF,Australia,29,6477,20,20,,,2.74,2.52,2.3,2.64,2.3,2.7,3.09,2.21,2.65,3.67,2.46,2.66,2.93,2.67,2.42,2.55,2.3,2.67,1.94,2.82,1.98,Western Bulldogs,Josh Bruce,Key Forward,Key Forward,Key Forward
B. Williams,WBFC,AFL,2021,GD,GD,Australia,24,6139,23,23,,,2.73,2.55,1.96,2.59,2.89,2.65,2.64,3.02,2.39,2.09,2.7,2.78,2.29,2.83,3.29,2.46,2.99,1.98,2.93,3.83,3.3,Western Bulldogs,Bailey Williams,Gen. Defender,Gen. Defender,Gen. Defender
T. McCartin,SYFC,AFL,2021,KD,KD,Australia,22,6937,22,22,,,2.73,2.88,2.98,3.02,2.95,2.63,2.39,2.5,2.23,2.19,2.74,2.8,2.33,2.9,3.01,2.42,2.74,1.91,2.09,3.07,2.92,SYFC,T. McCartin,,KD,Key Defender
L. Melican,SYFC,AFL,2021,KD,KD,Australia,25,6642,6,6,,,2.72,2.44,1.82,2.78,2.79,2.28,2.57,3.02,2.24,2.05,2.6,3.39,2.75,3.63,3.56,2.42,2.36,1.87,1.6,3.44,2.01,SYFC,L. Melican,,KD,Key Defender
J. Brander,WCFC,AFL,2021,W,W,Australia,22,6259,10,11,,,2.72,2.38,1.78,2.61,3.7,2.17,2.89,2.39,2.73,3.44,2.85,3.24,2.7,3.32,4.1,2.59,2.57,2.14,2.28,3.66,1.95,West Coast,Jarrod Brander,Midfielder,Midfielder,Midfielder
J. McInerney,SYFC,AFL,2021,W,W,Australia,21,5892,21,21,,,2.72,2.49,2.01,2.54,2.35,2.72,2.96,2.73,3.29,2.78,2.88,2.72,2.81,2.5,2.7,2.58,2.64,2.42,1.16,3.28,3.15,SYFC,J. McInerney,,W,Wing
J. Amartey,SYFC,AFL,2021,KF,KF,Australia,22,5433,6,6,,,2.71,3.17,4.91,2.9,2.95,1.93,1.97,1.34,2.58,1.66,2.43,2.83,1.34,2.77,2.31,4.71,3.79,4.0,4.73,3.01,2.41,SYFC,J. Amartey,,KF,Key Forward
L. Shuey,WCFC,AFL,2021,M,M,Australia,31,4947,7,7,,,2.71,3.03,3.34,3.1,2.99,2.57,2.74,2.95,3.16,1.2,3.29,2.05,2.18,1.69,2.63,2.39,2.61,2.69,2.48,3.07,2.32,West Coast,Luke Shuey,Midfielder,Midfielder,Midfielder
D. Sheed,WCFC,AFL,2021,M,M,Australia,26,6256,22,22,,,2.68,3.15,3.41,2.9,2.79,3.26,2.51,2.35,2.44,2.45,2.91,2.51,2.95,1.88,3.18,2.43,2.23,2.53,1.82,2.68,2.25,West Coast,Dom Sheed,Midfielder,Midfielder,Midfielder
T. Duryea,WBFC,AFL,2021,GD,GD,Australia,30,6002,25,25,,,2.68,2.41,2.11,2.65,2.34,2.36,2.76,3.08,2.79,2.05,2.48,2.93,2.79,2.81,3.22,2.46,2.7,2.53,2.58,3.03,2.69,Western Bulldogs,Taylor Duryea,Gen. Defender,Gen. Defender,Gen. Defender
C. Weightman,WBFC,AFL,2021,GF,GF,Australia,20,5484,16,16,,,2.68,2.2,1.58,2.58,3.09,2.01,2.95,2.34,2.6,3.83,2.32,3.14,2.56,4.08,2.03,2.46,2.41,2.9,1.89,2.05,2.89,Western Bulldogs,Cody Weightman,Gen. Forward,Gen. Forward,Gen. Forward
A. Treloar,WBFC,AFL,2021,M,MF,Australia,28,5649,17,17,,,2.67,2.64,2.29,2.71,2.8,2.97,3.05,3.33,2.57,3.58,2.99,1.92,1.86,1.98,1.87,2.42,2.72,2.4,2.78,3.48,3.0,Western Bulldogs,Adam Treloar,Mid-Forward,Mid-Forward,Mid-Forward
H. Edwards,WCFC,AFL,2021,KD,KD,Australia,21,6354,10,10,,,2.67,2.09,1.82,2.04,3.22,1.76,2.49,2.1,3.02,2.05,2.35,2.73,2.99,2.65,2.65,2.43,3.02,3.17,3.05,2.29,3.46,West Coast,Harry Edwards,Key Defender,Key Defender,Key Defender
A. Keath,WBFC,AFL,2021,KD,KD,Australia,29,7066,23,23,,,2.66,2.78,2.68,3.12,2.58,2.54,2.82,3.51,2.45,2.17,2.21,2.48,2.36,2.63,2.4,3.05,2.67,2.69,3.01,3.01,2.33,Western Bulldogs,Alex Keath,Key Defender,Key Defender,Key Defender
O. Allen,WCFC,AFL,2021,KF,KF,Australia,22,6086,21,21,,,2.64,2.32,2.39,2.22,2.31,2.4,2.48,2.41,2.77,2.32,2.57,2.96,2.66,3.29,3.38,2.53,3.05,2.53,2.74,3.72,3.89,West Coast,Oscar Allen,Key Forward,Key Forward,Key Forward
T. Kelly,WCFC,AFL,2021,M,M,Australia,27,5833,19,19,,,2.6,2.96,3.36,2.85,2.29,2.93,2.72,2.74,2.71,2.3,3.11,1.87,1.98,1.91,1.57,2.39,2.36,2.56,2.33,2.37,1.61,West Coast,Tim Kelly,Midfielder,Midfielder,Midfielder
J. Petruccelle,WCFC,AFL,2021,GF,GF,Australia,22,5399,15,17,,,2.59,2.45,2.11,2.51,2.42,2.58,2.65,2.31,2.64,2.89,2.49,3.03,2.59,3.36,3.05,2.46,2.14,1.82,2.12,3.87,1.77,West Coast,Jack Petruccelle,Gen. Forward,Gen. Forward,Gen. Forward
T. McLean,WBFC,AFL,2021,GF,GF,Australia,25,5629,3,3,,,2.59,3.18,4.55,3.4,2.13,2.58,2.28,3.74,1.51,2.28,2.6,1.79,2.15,1.62,1.56,2.46,3.24,3.19,4.1,1.94,1.93,Western Bulldogs,Toby McLean,Gen. Forward,Gen. Forward,Gen. Forward
L. Duggan,WCFC,AFL,2021,GD,GD,Australia,25,6232,14,14,,,2.58,2.87,2.47,2.73,2.04,3.28,2.43,1.86,2.87,1.65,3.05,2.55,3.53,1.78,2.3,2.46,2.52,2.81,2.83,2.43,1.83,West Coast,Liam Duggan,Gen. Defender,Gen. Defender,Gen. Defender
J. Kennedy,WCFC,AFL,2021,KF,KF,Australia,34,6218,18,18,,,2.58,2.34,1.76,2.09,3.54,2.55,3.13,1.67,3.03,3.54,2.87,2.36,3.26,2.17,2.16,1.83,1.95,1.89,1.97,1.97,2.01,West Coast,Josh J. Kennedy,Key Forward,Key Forward,Key Forward
R. Smith,WBFC,AFL,2021,W,W,Australia,25,5493,14,14,,,2.56,2.84,1.84,2.23,3.42,3.64,1.88,2.62,1.49,2.4,1.72,2.9,1.43,3.95,4.65,2.59,3.06,2.56,2.95,3.8,2.73,Western Bulldogs,Roarke Smith,Midfielder,Midfielder,Midfielder
M. Hannan,WBFC,AFL,2021,GF,GF,Australia,27,6062,17,17,,,2.55,2.25,1.74,2.52,3.05,2.09,2.38,1.36,2.66,2.56,2.35,3.32,2.98,3.99,2.43,3.75,2.53,2.52,2.95,1.48,2.12,Western Bulldogs,Mitch Hannan,Gen. Forward,Gen. Forward,Gen. Forward
H. Cunningham,SYFC,AFL,2021,GD,GD,Australia,28,6343,21,21,,,2.55,2.25,1.95,2.13,1.79,2.54,2.65,3.11,2.61,1.65,2.43,2.19,2.85,1.52,2.19,2.46,2.92,3.3,3.32,2.45,2.45,SYFC,H. Cunningham,,GD,Gen. Defender
H. Crozier,WBFC,AFL,2021,GD,GD,Australia,28,5830,9,10,,,2.54,2.23,1.55,2.05,2.14,2.6,2.5,2.36,2.75,2.08,2.52,3.16,3.37,3.15,2.92,2.46,2.53,2.88,1.88,2.76,2.77,Western Bulldogs,Hayden Crozier,Gen. Defender,Gen. Defender,Gen. Defender
M. Wallis,WBFC,AFL,2021,GF,GF,Australia,29,5643,4,6,,,2.54,2.59,2.51,3.16,2.27,2.28,2.41,3.19,1.81,2.79,2.12,3.09,2.75,4.03,1.56,2.46,2.03,2.01,2.15,1.11,2.35,Western Bulldogs,Mitch Wallis,Gen. Forward,Gen. Forward,Gen. Forward
C. West,WCFC,AFL,2021,GF,GF,Australia,22,5957,5,5,,,2.53,3.18,3.23,3.83,3.21,2.65,1.91,2.27,2.01,1.52,2.21,2.49,2.47,2.92,1.56,2.46,2.74,2.45,2.77,3.83,2.63,West Coast,Connor West,Mid-Forward,Mid-Forward,Mid-Forward
B. Sheppard,WCFC,AFL,2021,GD,GD,Australia,30,6671,20,20,,,2.53,2.39,1.89,2.24,1.92,2.77,2.44,2.69,2.61,1.65,2.11,3.12,3.6,3.21,2.47,2.46,2.42,2.04,2.04,2.5,3.35,West Coast,Brad Sheppard,Gen. Defender,Gen. Defender,Gen. Defender
A. Witherden,WCFC,AFL,2021,GD,GD,Australia,23,6363,9,9,,,2.5,2.29,2.34,1.98,1.95,2.56,2.54,1.44,3.58,2.37,2.74,2.6,3.24,1.5,3.13,2.46,2.57,3.59,2.18,2.71,1.72,West Coast,Alex Witherden,Gen. Defender,Gen. Defender,Gen. Defender
S. Wicks,SYFC,AFL,2021,GF,GF,Australia,22,5885,22,22,,,2.49,2.3,1.85,2.46,2.54,2.36,2.46,2.45,2.56,2.48,2.2,2.29,2.03,2.51,2.24,2.46,3.18,3.71,3.41,2.27,1.94,SYFC,S. Wicks,,GF,Gen. Forward
D. Rampe,SYFC,AFL,2021,KD,KD,Australia,31,7055,20,20,,,2.44,2.95,2.49,2.18,2.87,4.2,3.43,3.72,3.32,2.36,3.71,1.9,2.65,1.7,1.58,2.42,2.19,2.81,2.68,2.14,1.92,SYFC,D. Rampe,,KD,Key Defender
K. Brand,SYFC,AFL,2021,KD,KD,Australia,27,5814,3,3,,,2.4,2.58,1.82,3.67,2.39,1.92,2.14,1.89,2.64,2.05,1.2,1.73,1.35,1.95,1.76,2.42,2.97,1.89,3.37,3.55,2.69,SYFC,K. Brand,,KD,Key Defender
T. Cole,WCFC,AFL,2021,GD,GD,Australia,24,6256,22,22,,,2.4,1.95,1.94,1.75,2.53,1.96,2.36,2.49,2.56,1.74,2.11,2.69,3.03,2.52,2.47,2.46,2.74,3.55,2.25,2.49,2.75,West Coast,Tom Cole,Gen. Defender,Gen. Defender,Gen. Defender
J. Rotham,WCFC,AFL,2021,KD,KD,Australia,23,6488,19,19,,,2.39,2.52,1.99,2.15,1.9,3.6,3.06,2.6,3.63,2.21,3.48,2.6,4.12,1.99,2.22,2.42,1.86,2.36,1.74,1.89,1.76,West Coast,Josh Rotham,Key Defender,Key Defender,Key Defender
Le. Young,WBFC,AFL,2021,R,R,Australia,23,6040,8,9,,,2.38,2.14,1.29,2.14,2.08,3.22,2.6,3.25,2.44,1.57,3.16,2.03,2.19,2.12,2.94,1.36,3.27,2.2,1.93,4.42,4.17,Western Bulldogs,Le. Young,,R,Ruck
Ch. Warner,SYFC,AFL,2021,M,M,Australia,20,5726,13,13,,,2.35,2.27,1.84,2.24,3.61,2.09,2.48,2.32,2.36,2.96,2.43,2.31,1.75,2.56,2.73,2.39,2.33,2.49,2.3,2.19,1.96,SYFC,Ch. Warner,,M,Midfielder
Z. Langdon,WCFC,AFL,2021,GF,GF,Australia,26,5489,14,17,,,2.35,2.41,1.45,2.61,2.25,2.78,2.17,3.22,2.17,1.86,1.82,2.51,2.71,2.53,2.09,2.46,2.48,2.49,2.05,2.94,3.31,West Coast,Zac Langdon,Gen. Forward,Gen. Forward,Gen. Forward
E. Richards,WBFC,AFL,2021,GD,GD,Australia,22,5405,5,5,,,2.35,2.53,2.04,2.78,3.45,2.31,2.38,2.47,2.29,2.87,2.12,1.71,1.56,2.1,1.44,2.46,2.5,3.32,2.36,1.79,2.58,Western Bulldogs,Ed Richards,Gen. Defender,Gen. Defender,Gen. Defender
H. McLean,SYFC,AFL,2021,KF,KF,Australia,22,6112,12,12,,,2.33,2.04,2.31,1.88,2.3,1.82,1.93,1.99,2.17,1.76,2.04,2.84,2.44,3.42,2.08,2.89,2.89,2.73,2.98,1.84,3.78,SYFC,H. McLean,,KF,Key Forward
C. Sinclair,SYFC,AFL,2021,R,R,Australia,32,6264,4,4,,,2.33,2.42,2.43,2.38,2.41,2.46,2.33,3.22,1.93,1.78,2.41,2.15,2.0,1.21,1.88,2.95,2.69,1.81,3.12,1.56,3.53,SYFC,C. Sinclair,,R,Ruck
R. Garcia,WBFC,AFL,2021,GF,GF,Australia,20,5167,9,9,,,2.31,2.7,2.36,3.09,3.55,2.35,2.27,1.92,2.74,1.86,2.46,1.86,1.58,1.85,2.39,2.46,2.25,2.34,2.02,2.49,2.47,Western Bulldogs,Riley Garcia,Gen. Forward,Gen. Forward,Gen. Forward
J. Johannisen,WBFC,AFL,2021,GF,GF,Australia,29,5421,24,25,,,2.3,2.04,1.77,1.7,2.27,2.38,2.52,2.54,2.73,2.09,2.99,2.26,2.05,2.05,3.11,2.46,2.36,2.11,1.94,3.08,3.59,Western Bulldogs,Jason Johannisen,Gen. Forward,Gen. Forward,Gen. Forward
A. Scott,WBFC,AFL,2021,GF,GF,Australia,26,5056,19,21,,,2.27,2.2,2.14,2.36,2.36,2.07,2.19,2.6,2.28,1.92,2.17,2.58,1.44,2.7,4.29,2.46,2.19,1.63,2.08,4.65,2.14,Western Bulldogs,Anthony Scott,Gen. Forward,Gen. Forward,Gen. Forward
J. Schache,WBFC,AFL,2021,KF,KF,Australia,24,5450,9,9,,,2.27,2.28,2.3,1.71,2.4,2.98,1.88,2.73,2.47,1.31,2.23,2.49,2.12,1.87,5.0,1.99,2.92,2.58,1.98,5.0,3.17,Western Bulldogs,Josh Schache,Key Defender,Key Defender,Key Defender
A. Scott,WBFC,AFL,2021,GF,GF,Australia,25,5056,19,21,,,2.27,2.2,2.14,2.36,2.36,2.07,2.19,2.6,2.28,1.92,2.17,2.58,1.44,2.7,4.29,2.46,2.19,1.63,2.08,4.65,2.14,Western Bulldogs,Anthony Scott,Gen. Forward,Gen. Forward,Gen. Forward
E. Wood,WBFC,AFL,2021,GD,GD,Australia,32,5886,15,15,,,2.25,1.78,1.48,1.92,2.47,1.63,2.0,1.77,2.15,2.62,1.84,3.2,3.04,3.04,3.56,2.46,2.48,1.47,1.98,3.57,3.13,Western Bulldogs,Easton Wood,Gen. Defender,Gen. Defender,Gen. Defender
J. Rowbottom,SYFC,AFL,2021,M,M,Australia,21,4718,17,17,,,2.24,2.08,1.96,2.15,2.58,1.89,2.19,2.04,2.25,2.26,2.19,1.61,1.6,1.73,1.34,2.39,3.08,2.83,3.64,2.64,2.34,SYFC,J. Rowbottom,,M,Midfielder
L. Foley,WCFC,AFL,2021,GD,GD,Australia,22,6377,5,6,,,2.22,2.14,2.51,1.6,1.74,2.45,1.87,0.99,2.02,2.87,2.64,2.83,2.47,3.01,3.03,2.46,2.45,3.19,1.64,2.41,2.77,West Coast,Luke Foley,Gen. Defender,Gen. Defender,Gen. Defender
L. Vandermeer,WBFC,AFL,2021,GF,GF,Australia,22,4969,11,11,,,2.19,2.11,1.48,2.47,2.72,2.0,2.18,2.4,2.15,2.08,2.27,2.28,1.78,2.99,1.56,2.46,2.25,2.6,2.19,1.72,1.91,Western Bulldogs,Laitham Vandermeer,Gen. Forward,Gen. Forward,Gen. Forward
Z. Cordy,WBFC,AFL,2021,KD,KD,Australia,25,7283,19,19,,,2.15,2.16,2.45,2.36,2.66,1.49,2.16,2.21,2.18,2.05,2.04,1.58,1.82,1.61,1.38,2.5,2.62,3.24,3.17,1.85,2.81,Western Bulldogs,Zaine Cordy,Key Defender,Key Defender,Key Defender
N. Blakey,SYFC,AFL,2021,GD,GD,Australia,21,4818,17,17,,,2.13,2.01,2.18,1.97,2.79,1.8,2.24,2.17,1.67,3.79,2.59,2.47,2.36,2.8,2.21,3.7,1.9,1.94,2.17,1.17,2.35,SYFC,N. Blakey,,GD,Gen. Defender
R. Fox,SYFC,AFL,2021,KD,KD,Australia,28,5660,13,15,,,2.11,2.8,2.67,2.37,2.66,3.46,2.79,3.36,2.35,2.05,2.98,1.15,1.01,1.35,1.0,2.42,2.24,3.15,3.36,1.45,2.2,SYFC,R. Fox,,KD,Key Defender
P. Lipinski,WBFC,AFL,2021,W,W,Australia,23,4456,9,11,,,2.1,2.16,2.83,1.45,1.8,2.44,2.33,3.27,2.42,2.13,2.12,1.89,1.99,2.14,1.55,2.59,1.75,2.34,2.53,1.21,1.39,Western Bulldogs,Patrick Lipinski,Midfielder,Midfielder,Midfielder
J. Sweet,WBFC,AFL,2021,R,R,Australia,23,5673,5,5,,,2.07,2.1,2.03,1.85,2.76,1.89,2.18,2.35,2.12,2.03,2.22,1.96,2.28,1.25,1.71,2.48,2.18,2.72,3.4,1.55,1.35,Western Bulldogs,Jordon Sweet,Ruck,Ruck,Ruck
S. Martin,WBFC,AFL,2021,R,R,Australia,35,5252,9,9,,,2.07,2.45,2.75,2.46,2.19,2.28,1.92,2.71,1.6,1.61,1.76,1.98,1.11,1.67,1.95,2.41,2.04,1.56,1.95,2.37,2.19,Western Bulldogs,Stefan Martin,Ruck,Ruck,Ruck
J. Jones,WCFC,AFL,2021,GF,GF,Australia,23,4239,14,15,,,2.07,1.75,1.96,1.67,2.8,1.45,2.3,2.44,2.39,2.14,2.34,1.64,1.42,1.62,2.09,2.46,2.74,2.59,3.05,3.63,1.67,West Coast,Jamaine Jones,Gen. Forward,Gen. Forward,Gen. Forward
B. Williams,WCFC,AFL,2021,R,R,Australia,21,4563,6,6,,,2.05,1.23,0.85,0.84,1.97,1.48,1.98,0.9,2.37,2.73,1.93,2.6,2.93,3.94,2.96,1.46,1.76,2.32,1.49,2.12,1.42,West Coast,Bailey J. Williams,Ruck,Ruck,Ruck
J. Ugle-Hagan,WBFC,AFL,2021,KF,KF,Australia,19,5165,5,5,,,2.04,1.91,1.86,1.35,2.9,2.14,2.13,2.27,1.71,2.36,1.96,1.87,2.2,1.65,1.85,1.88,2.52,3.5,2.75,2.13,0.96,Western Bulldogs,Jamarra Ugle-Hagan,Key Forward,Key Forward,Key Forward
L. McDonald,SYFC,AFL,2021,KF,KF,Australia,19,5457,7,7,,,1.99,2.03,1.58,2.06,1.92,2.52,2.24,1.86,2.28,2.26,2.35,1.63,1.89,1.01,2.24,1.89,2.12,2.36,1.7,2.51,2.19,SYFC,L. McDonald,,KF,Key Forward
J. Nelson,WCFC,AFL,2021,GD,GD,Australia,25,5905,18,19,,,1.99,1.99,2.63,1.8,2.53,1.79,2.14,2.04,2.41,1.8,1.98,1.96,2.59,1.46,1.8,2.46,1.82,1.67,2.0,1.7,1.88,West Coast,Jackson Nelson,Gen. Defender,Gen. Defender,Gen. Defender
B. Ah Chee,WCFC,AFL,2021,M,MF,Australia,28,4798,6,6,,,1.97,1.54,1.28,1.51,2.67,1.24,1.93,0.91,1.76,3.56,1.87,3.08,1.79,4.52,2.09,2.39,1.95,1.76,1.84,2.61,2.49,West Coast,B. Ah Chee,,M,Midfielder
L. McNeil,WBFC,AFL,2021,GF,GF,Australia,20,4670,12,13,,,1.96,1.99,1.6,2.09,2.58,1.97,1.84,1.88,1.81,1.86,1.82,1.88,1.4,1.83,2.8,2.46,2.28,1.58,2.38,3.04,3.13,Western Bulldogs,Lachlan McNeil,Gen. Forward,Gen. Forward,Gen. Forward
L. Edwards,WCFC,AFL,2021,W,W,Australia,19,4925,8,8,,,1.93,1.92,1.76,1.98,2.48,1.83,1.79,2.1,2.19,1.72,1.46,2.02,2.43,1.58,1.65,2.59,2.12,2.42,1.54,1.66,2.76,West Coast,Luke Edwards,Midfielder,Midfielder,Midfielder
B. Campbell,SYFC,AFL,2021,GD,GD,Australia,19,5464,7,8,,,1.92,2.03,1.79,2.03,1.87,2.15,2.06,1.44,2.14,3.19,2.47,1.54,1.89,1.21,1.52,2.46,1.84,2.65,1.45,1.47,1.86,SYFC,B. Campbell,,GD,Gen. Defender
J. Bell,SYFC,AFL,2021,GF,GF,Australia,22,3879,11,12,,,1.87,1.51,1.7,1.4,2.5,1.26,1.8,2.3,2.14,1.38,1.51,2.35,2.2,2.83,1.56,2.46,2.12,2.33,2.15,2.63,1.2,SYFC,J. Bell,,GF,Gen. Forward
R. Gardner,WBFC,AFL,2021,KD,KD,Australia,24,6145,9,9,,,1.84,1.56,2.29,1.54,2.19,0.8,1.67,1.37,1.96,2.05,1.31,1.6,1.35,1.8,1.56,2.42,2.27,1.62,1.26,1.86,3.02,Western Bulldogs,Ryan Gardner,Key Defender,Key Defender,Key Defender
X. O'Neill,WCFC,AFL,2021,M,MF,Australia,21,4680,8,8,,,1.77,1.36,1.44,1.4,1.39,1.19,1.74,1.71,1.96,1.61,1.51,2.48,2.07,3.07,1.9,2.39,2.01,2.4,1.76,1.44,2.04,West Coast,Xavier O'Neill,Mid-Forward,Mid-Forward,Mid-Forward
M. Hutchings,WCFC,AFL,2021,M,MF,Australia,30,4993,4,4,,,1.72,1.26,1.3,1.08,1.62,1.16,1.75,2.62,1.52,1.4,1.41,2.73,2.36,3.13,2.47,2.39,1.74,1.66,1.78,2.07,1.52,West Coast,Mark Hutchings,Mid-Forward,Mid-Forward,Mid-Forward
N. Vardy,WCFC,AFL,2021,R,R,Australia,30,4630,9,9,,,1.69,1.09,1.14,0.96,1.77,0.62,1.96,1.24,2.43,2.49,1.68,1.81,2.22,1.95,1.58,1.76,1.75,1.41,1.69,1.0,2.42,West Coast,Nathan Vardy,Ruck,Ruck,Ruck
D. Stephens,SYFC,AFL,2021,W,W,Australia,20,4335,6,7,,,1.61,1.32,1.07,1.16,1.84,1.42,1.73,2.03,1.37,2.34,1.62,1.84,2.0,1.67,1.68,2.59,1.69,2.25,2.08,1.57,1.16,SYFC,D. Stephens,,W,Wing
C. O'Riordan,SYFC,AFL,2021,GD,GD,Australia,26,4354,5,6,,,1.59,1.3,1.48,1.62,2.67,0.71,1.5,1.25,1.77,1.65,1.37,1.71,1.5,2.42,1.12,2.46,1.96,1.89,1.35,2.37,2.47,SYFC,C. O'Riordan,,GD,Gen. Defender
R. West,WBFC,AFL,2021,GF,GF,Australia,21,1916,3,4,,,1.07,0.63,1.26,0.28,1.08,0.47,1.14,0.98,1.12,1.18,1.23,1.55,1.61,1.51,1.56,2.46,1.17,1.1,1.37,0.17,1.48,Western Bulldogs,Rhylee West,Gen. Forward,Gen. Forward,Gen. Forward
