Player,Team,Competition,Season,Position,Role,Nationality,Age,Average Minutes,Appearances In Position,Total Appearances,Market Value,Contract Expiration Date,Rating,Ball Winning,Stoppage,Contest,Power,Receives,Ball Use,Handballing,Kicking,Goal Kicking,Connecting,Aerial,Marking,Contested,Moks,Ruck,Defence,Pressure,Tackling,Intercepting,Neutralise,Team_Full,Player_Full,Position_Ratings,Position_Pref,Position_Full
H. Andrews,BFC,AFL,2023,KD,KD,Australia,27,7516,26,26,,,3.39,2.7,2.16,2.92,3.14,2.59,2.78,2.44,3.18,2.4,2.89,3.88,3.96,3.7,4.02,2.39,3.63,2.23,2.16,3.46,4.55,Brisbane,Harris Andrews,Key Defender,Key Defender,Key Defender
C. Curnow,CFC,AFL,2023,KF,KF,Australia,26,6948,26,26,,,3.38,3.07,1.82,3.88,3.35,3.02,3.98,2.19,3.49,4.63,3.8,3.39,3.95,4.29,2.74,1.94,2.04,1.6,1.93,1.8,3.07,Carlton,Charlie Curnow,Key Forward,Key Forward,Key Forward
T. Walker,AFC,AFL,2023,KF,KF,Australia,33,6428,22,22,,,3.36,3.48,3.85,3.4,3.53,3.2,4.0,1.91,3.16,5.0,3.46,3.0,3.35,3.31,1.92,2.86,1.91,2.18,2.13,1.27,1.62,Adelaide,Taylor Walker,Key Forward,Key Forward,Key Forward
B. Acres,CFC,AFL,2023,W,W,Australia,28,6232,25,25,,,3.36,3.66,3.51,3.81,3.4,3.69,3.02,3.97,2.54,2.47,3.41,3.72,2.62,4.22,5.0,2.57,3.25,2.45,2.47,4.34,3.23,Carlton,Blake Acres,Midfielder,Midfielder,Midfielder
I. Rankine,AFC,AFL,2023,GF,GF,Australia,23,6994,20,20,,,3.32,3.82,3.96,4.37,3.77,3.34,3.32,2.56,3.0,4.01,3.22,3.0,3.23,2.61,3.48,2.44,2.78,2.47,2.93,2.31,3.42,Adelaide,Izak Rankine,Gen. Forward,Gen. Forward,Gen. Forward
J. Dawson,AFC,AFL,2023,M,M,Australia,26,6648,23,23,,,3.31,2.87,2.72,3.0,2.49,3.19,3.09,2.38,3.64,2.4,3.73,4.29,3.29,4.54,5.0,2.44,3.66,3.32,3.74,4.23,4.18,Adelaide,Jordan Dawson,Midfielder,Midfielder,Midfielder
J. Daniher,BFC,AFL,2023,KF,KF,Australia,29,6796,26,26,,,3.29,4.03,4.98,4.08,3.16,3.55,3.48,1.95,3.43,3.73,3.72,2.94,2.91,2.99,3.11,2.82,1.81,1.13,1.73,2.77,2.25,Brisbane,Joe Daniher,Key Forward,Key Forward,Key Forward
N. Newman,CFC,AFL,2023,GD,GD,Australia,30,6530,24,24,,,3.25,3.42,2.86,3.93,2.73,3.43,3.01,3.16,2.9,2.74,3.08,3.15,3.97,2.21,3.29,2.46,3.48,3.32,3.96,3.87,2.47,Carlton,Nic Newman,Gen. Defender,Gen. Defender,Gen. Defender
D. Moore,COFC,AFL,2023,KD,KD,Australia,27,6846,24,24,,,3.24,2.79,1.84,3.49,3.56,2.21,3.01,3.19,2.91,2.1,3.61,3.73,2.48,4.3,3.97,2.39,3.17,2.1,1.79,3.86,3.41,Collingwood,Darcy Moore,Key Defender,Key Defender,Key Defender
J. Weitering,CFC,AFL,2023,KD,KD,Australia,26,7313,26,26,,,3.2,2.88,2.67,3.17,2.28,2.98,2.55,2.36,2.7,2.07,3.21,4.18,4.03,4.24,4.2,2.39,2.81,1.62,1.9,3.5,2.93,Carlton,Jacob Weitering,Key Defender,Key Defender,Key Defender
R. Laird,AFC,AFL,2023,M,M,Australia,30,6131,22,22,,,3.17,3.61,4.08,4.04,2.32,3.32,2.85,3.75,2.77,1.87,2.86,2.03,1.94,2.05,2.17,2.44,3.71,3.75,4.16,2.88,2.59,Adelaide,Rory Laird,Midfielder,Midfielder,Midfielder
J. Daicos,COFC,AFL,2023,W,W,Australia,25,6491,26,26,,,3.13,3.82,4.59,3.11,2.49,4.3,3.26,3.79,3.19,3.63,2.99,2.32,2.95,1.62,1.74,2.57,2.49,2.48,2.53,2.71,2.26,Collingwood,Josh Daicos,Midfielder,Midfielder,Midfielder
J. Dunkley,BFC,AFL,2023,M,M,Australia,26,6207,24,24,,,3.12,3.14,3.12,4.0,2.17,2.89,2.38,2.58,2.8,1.51,2.25,3.66,3.47,4.06,3.07,2.47,3.81,3.85,3.9,3.48,3.64,Brisbane,Josh Dunkley,Midfielder,Midfielder,Midfielder
B. Keays,AFC,AFL,2023,GF,GF,Australia,26,6501,23,23,,,3.09,4.08,5.0,4.15,2.48,3.98,2.95,4.07,2.72,2.57,3.26,1.89,2.19,1.79,1.58,2.44,3.03,3.13,3.13,3.99,1.9,Adelaide,Ben Keays,Mid-Forward,Mid-Forward,Mid-Forward
Z. Merrett,EFC,AFL,2023,M,M,Australia,28,6163,22,22,,,3.05,3.03,2.78,3.15,1.99,3.88,3.28,3.07,3.69,2.5,3.63,2.61,3.58,1.73,2.87,2.44,3.06,2.9,3.2,3.48,2.77,Essendon,Zach Merrett,Midfielder,Midfielder,Midfielder
N. Martin,EFC,AFL,2023,W,W,Australia,22,6567,23,23,,,3.05,3.1,2.5,3.21,2.41,3.49,3.17,3.54,2.91,3.87,2.92,2.91,3.45,2.66,2.17,2.57,2.85,2.19,2.37,3.06,3.42,Essendon,Nic Martin,Midfielder,Midfielder,Midfielder
D. Parish,EFC,AFL,2023,M,M,Australia,26,5937,18,18,,,3.02,3.75,4.65,3.5,2.04,3.76,2.81,3.31,2.57,1.82,3.57,2.52,2.85,1.94,3.21,2.44,2.44,2.68,2.25,2.49,2.2,Essendon,Darcy Parish,Midfielder,Midfielder,Midfielder
R. O'Brien,AFC,AFL,2023,R,R,Australia,28,6298,23,23,,,3.02,2.26,2.51,2.47,1.85,2.08,2.37,3.18,2.05,1.96,2.31,3.7,2.37,3.64,3.78,4.01,3.29,2.46,2.9,3.86,3.72,Adelaide,Reilly O'Brien,Ruck,Ruck,Ruck
L. Neale,BFC,AFL,2023,M,M,Australia,30,6650,26,26,,,3.0,3.66,4.31,3.59,2.53,3.5,2.74,3.49,2.92,1.79,2.45,2.3,2.71,1.71,2.92,2.44,2.74,3.01,2.22,3.97,2.52,Brisbane,Lachie Neale,Midfielder,Midfielder,Midfielder
M. Crouch,AFC,AFL,2023,M,M,Australia,28,5581,6,7,,,2.97,3.49,4.08,3.63,2.01,3.43,3.08,5.0,2.38,2.21,2.56,1.76,1.66,1.76,1.94,2.44,2.81,2.78,3.0,2.79,2.24,Adelaide,Matt Crouch,Midfielder,Midfielder,Midfielder
D. Heppell,EFC,AFL,2023,GD,GD,Australia,31,6080,21,22,,,2.95,2.86,2.15,2.98,1.92,3.22,2.93,3.72,2.72,2.05,2.34,3.66,4.14,3.58,3.2,2.46,2.67,2.34,2.73,2.77,2.84,Essendon,Dyson Heppell,Gen. Defender,Gen. Defender,Gen. Defender
S. Sidebottom,COFC,AFL,2023,W,W,Australia,32,6004,20,20,,,2.93,3.34,3.77,2.34,2.77,4.02,2.67,2.61,2.79,1.91,2.97,2.61,2.72,2.31,2.61,2.57,3.01,3.4,2.15,3.67,2.67,Collingwood,Steele Sidebottom,Midfielder,Midfielder,Midfielder
J. Rachele,AFC,AFL,2023,GF,GF,Australia,20,6087,20,21,,,2.93,3.19,3.63,3.17,2.43,3.18,2.96,2.68,3.09,2.89,3.07,2.69,3.12,2.32,2.75,2.44,2.66,2.44,2.91,2.49,2.64,Adelaide,Josh Rachele,Gen. Forward,Gen. Forward,Gen. Forward
N. Daicos,COFC,AFL,2023,M,M,Australia,20,6293,22,22,,,2.92,2.88,2.61,2.56,2.5,3.79,3.83,3.24,4.09,4.19,3.76,1.98,1.95,1.76,2.52,2.44,2.35,2.24,2.27,3.47,2.06,Collingwood,Nick Daicos,Midfielder,Midfielder,Midfielder
C. Jones,AFC,AFL,2023,W,W,Australia,23,6533,17,18,,,2.91,3.25,3.46,2.4,3.34,3.76,2.86,2.02,3.16,2.67,2.95,1.92,1.76,2.17,2.0,2.57,3.24,2.65,2.74,4.0,3.21,Adelaide,Chayce Jones,Midfielder,Midfielder,Midfielder
H. McKay,CFC,AFL,2023,KF,KF,Australia,26,6369,21,21,,,2.9,2.75,2.48,3.34,2.16,2.53,2.74,2.03,3.09,2.65,2.95,3.38,4.46,3.98,2.15,2.2,2.35,1.93,2.56,1.65,3.11,Carlton,Harry McKay,Key Forward,Key Forward,Key Forward
P. Cripps,CFC,AFL,2023,M,M,Australia,28,5950,24,24,,,2.9,3.55,4.57,4.15,2.65,2.08,2.6,3.2,2.23,2.66,2.44,2.3,1.68,3.16,1.46,2.56,2.66,2.84,2.94,1.01,2.51,Carlton,Patrick Cripps,Midfielder,Midfielder,Midfielder
C. Rayner,BFC,AFL,2023,GF,GF,Australia,24,6100,26,26,,,2.9,3.09,3.25,3.1,3.75,2.82,2.78,2.85,3.04,2.43,2.9,2.98,2.78,3.11,3.06,2.49,2.73,2.76,2.11,3.15,4.0,Brisbane,Cam Rayner,Gen. Forward,Gen. Forward,Gen. Forward
J. Berry,BFC,AFL,2023,W,W,Australia,25,5874,25,25,,,2.9,3.08,3.13,3.77,2.85,2.58,2.85,2.47,2.74,2.87,3.02,2.95,2.99,2.69,3.05,2.57,2.66,2.54,2.31,2.57,3.08,Brisbane,Jarrod Berry,Midfielder,Midfielder,Midfielder
A. Cerra,CFC,AFL,2023,M,M,Australia,24,5507,22,22,,,2.89,2.94,2.65,3.44,2.47,3.13,2.97,3.07,3.15,2.53,2.98,2.51,2.29,2.37,3.22,2.47,2.95,2.37,2.9,3.69,4.74,Carlton,Adam Cerra,Midfielder,Midfielder,Midfielder
M. Redman,EFC,AFL,2023,GD,GD,Australia,26,5996,23,23,,,2.87,2.5,1.7,2.33,2.19,2.95,3.19,2.54,3.72,3.86,3.07,3.31,2.93,3.06,4.05,2.46,2.51,2.01,2.31,3.21,2.55,Essendon,Mason Redman,Gen. Defender,Gen. Defender,Gen. Defender
K. Langford,EFC,AFL,2023,KF,KF,Australia,27,6661,23,23,,,2.87,2.73,2.05,2.59,1.99,4.06,3.33,2.93,3.14,3.49,3.36,2.51,2.94,1.87,4.43,1.82,2.75,2.73,2.37,4.83,1.92,Essendon,Kyle Langford,Key Forward,Key Forward,Key Forward
A. Saad,CFC,AFL,2023,GD,GD,Australia,29,5979,25,25,,,2.86,2.93,2.84,3.22,2.56,2.84,2.84,3.15,2.66,1.75,3.14,2.56,1.99,2.71,3.05,2.46,2.99,3.04,2.23,4.05,2.76,Carlton,Adam Saad,Gen. Defender,Gen. Defender,Gen. Defender
S. Walsh,CFC,AFL,2023,M,M,Australia,23,5838,18,18,,,2.86,2.98,2.7,3.07,2.22,3.72,3.02,3.51,2.85,2.42,3.29,2.41,2.55,2.22,2.57,2.44,2.74,3.31,2.34,2.86,1.91,Carlton,Sam Walsh,Midfielder,Midfielder,Midfielder
R. Thilthorpe,AFC,AFL,2023,KF,KF,Australia,21,5279,19,21,,,2.86,3.3,3.97,3.64,2.92,2.38,2.21,3.07,2.27,1.89,2.59,3.3,1.8,3.62,3.62,4.14,2.75,2.62,2.46,3.68,2.76,Adelaide,Riley Thilthorpe,Key Forward,Key Forward,Key Forward
I. Quaynor,COFC,AFL,2023,GD,GD,Australia,23,6199,26,26,,,2.85,2.55,2.27,2.86,2.89,2.36,2.44,2.67,2.5,1.92,2.18,4.06,3.09,4.52,4.66,2.46,3.01,2.62,3.05,4.15,2.01,Collingwood,Isaac Quaynor,Gen. Defender,Gen. Defender,Gen. Defender
J. Silvagni,CFC,AFL,2023,KF,KF,Australia,26,5364,16,16,,,2.84,3.7,4.63,3.71,2.55,3.43,2.48,4.13,2.56,1.92,3.1,2.38,2.4,1.65,2.56,3.29,3.38,3.56,3.53,3.71,2.61,Carlton,Jack Silvagni,Key Forward,Key Forward,Key Forward
M. Hinge,AFC,AFL,2023,GD,GD,Australia,25,6359,22,22,,,2.84,3.02,2.3,3.61,3.37,2.79,2.67,2.51,2.76,2.24,2.99,2.77,2.23,2.93,3.23,2.46,2.93,2.66,2.38,4.18,2.52,Adelaide,Mitchell Hinge,Gen. Defender,Gen. Defender,Gen. Defender
J. Stringer,EFC,AFL,2023,GF,GF,Australia,29,5934,16,17,,,2.83,3.48,5.0,4.03,3.3,2.25,2.62,2.16,2.05,3.27,2.88,2.47,1.98,2.83,2.53,2.56,2.49,2.62,2.84,1.46,1.94,Essendon,Jake Stringer,Gen. Forward,Gen. Forward,Gen. Forward
A. McGrath,EFC,AFL,2023,GD,GD,Australia,25,6092,23,23,,,2.81,2.91,2.14,2.62,2.19,3.52,3.37,4.73,2.45,1.61,3.48,1.99,2.43,1.76,1.75,2.46,2.44,2.38,2.49,2.93,1.81,Essendon,Andrew McGrath,Gen. Defender,Gen. Defender,Gen. Defender
A. Perkins,EFC,AFL,2023,GF,GF,Australia,21,5778,23,23,,,2.79,3.07,3.44,3.02,2.46,3.07,2.76,2.06,3.4,2.26,3.11,2.71,2.76,2.56,2.93,2.44,2.41,2.51,2.57,2.03,2.02,Essendon,Archie Perkins,Gen. Forward,Gen. Forward,Gen. Forward
M. Keane,AFC,AFL,2023,KD,KD,Australia,23,7179,5,5,,,2.79,2.52,1.41,2.88,2.25,2.97,2.73,3.23,2.43,2.07,2.61,3.36,2.68,3.58,3.59,2.39,2.47,1.37,1.38,3.85,2.17,Adelaide,Mark Keane,Key Defender,Key Defender,Key Defender
D. Cameron,COFC,AFL,2023,R,R,Australia,28,5541,19,19,,,2.78,2.59,2.58,3.1,1.95,2.62,2.49,2.88,2.52,2.32,2.23,3.13,2.88,3.31,3.56,2.81,2.6,2.92,2.78,3.22,1.93,Collingwood,Darcy Cameron,Ruck,Ruck,Ruck
P. Lipinski,COFC,AFL,2023,GF,GF,Australia,25,6026,13,14,,,2.75,3.71,4.11,3.37,1.94,4.2,2.36,3.73,2.33,1.58,2.88,1.97,2.02,2.11,1.58,2.44,2.75,2.72,2.96,2.52,2.43,Collingwood,Patrick Lipinski,Gen. Forward,Gen. Forward,Gen. Forward
Le. Young,CFC,AFL,2023,KD,KD,Australia,25,6662,14,15,,,2.74,2.87,3.65,2.85,2.09,2.75,2.58,3.1,2.16,2.19,2.58,2.53,2.42,2.88,2.2,3.55,2.93,1.69,2.56,2.82,3.4,Carlton,Le. Young,,KD,Key Defender
W. Milera,AFC,AFL,2023,GD,GD,Australia,26,6293,22,22,,,2.73,2.99,2.52,3.04,3.66,2.97,2.88,3.47,2.49,2.42,2.75,2.46,1.89,3.29,2.16,2.46,2.44,2.04,2.42,3.07,2.17,Adelaide,Wayne Milera,Gen. Defender,Gen. Defender,Gen. Defender
C. Cameron,BFC,AFL,2023,GF,GF,Australia,29,6295,26,26,,,2.73,2.12,2.08,2.25,2.84,1.85,3.17,1.31,2.84,4.61,2.49,3.05,3.61,3.15,1.87,2.44,2.47,2.16,2.77,1.83,2.81,Brisbane,Charlie Cameron,Gen. Forward,Gen. Forward,Gen. Forward
J. Soligo,AFC,AFL,2023,W,W,Australia,20,5953,21,21,,,2.72,3.5,4.03,3.63,3.5,3.13,2.54,2.4,2.48,3.23,2.28,2.1,2.28,2.2,1.75,2.57,2.31,2.83,2.01,1.98,2.5,Adelaide,Jake Soligo,Midfielder,Midfielder,Midfielder
L. Murphy,AFC,AFL,2023,GF,GF,Australia,25,6035,22,22,,,2.72,3.4,4.21,3.66,2.53,3.01,2.52,2.91,2.67,1.86,3.36,2.12,2.27,2.08,1.93,2.44,2.6,2.25,2.75,1.98,3.41,Adelaide,Lachlan Murphy,Gen. Forward,Gen. Forward,Gen. Forward
J. Elliott,COFC,AFL,2023,GF,GF,Australia,31,6262,24,24,,,2.72,2.18,1.87,2.26,1.82,2.36,2.88,2.0,2.69,3.68,2.32,3.47,4.64,2.85,2.84,2.44,2.44,2.26,2.67,1.86,2.62,Collingwood,Jamie Elliott,Gen. Forward,Gen. Forward,Gen. Forward
Z. Fisher,CFC,AFL,2023,GF,GF,Australia,25,5695,12,12,,,2.72,3.42,3.35,2.79,1.85,4.32,2.77,4.8,3.23,1.51,2.58,1.78,1.9,1.77,1.58,2.44,2.48,2.44,1.68,4.58,3.32,Carlton,Zac Fisher,Gen. Forward,Gen. Forward,Gen. Forward
T. Mitchell,COFC,AFL,2023,M,M,Australia,30,5574,25,26,,,2.71,3.02,3.23,3.39,1.91,3.03,2.55,3.29,2.4,2.05,2.38,1.93,2.07,1.9,1.76,2.44,2.98,3.36,3.06,2.01,2.07,Collingwood,Tom Mitchell,Midfielder,Midfielder,Midfielder
B. Maynard,COFC,AFL,2023,GD,GD,Australia,27,6226,25,25,,,2.7,2.53,2.06,2.74,2.62,2.53,2.5,2.18,2.73,2.01,2.87,2.73,2.51,2.8,2.91,2.46,3.13,2.99,3.32,3.11,3.04,Collingwood,Brayden Maynard,Gen. Defender,Gen. Defender,Gen. Defender
J. De Goey,COFC,AFL,2023,M,M,Australia,27,6348,21,21,,,2.69,3.0,3.34,2.69,3.04,2.82,2.99,2.68,2.65,4.05,2.9,2.54,2.97,2.44,2.03,2.44,1.82,1.98,1.79,1.43,1.66,Collingwood,J. De Goey,,M,Midfielder
B. Zerk-Thatcher,EFC,AFL,2023,KD,KD,Australia,25,6657,22,22,,,2.69,2.68,2.13,2.87,3.07,2.63,2.34,2.42,2.37,2.07,2.18,2.54,2.77,2.29,2.65,2.39,2.97,2.42,2.59,3.11,3.13,Essendon,Brandon Zerk-Thatcher,Key Defender,Key Defender,Key Defender
S. Docherty,CFC,AFL,2023,M,M,Australia,30,6186,23,23,,,2.67,2.27,1.63,1.7,2.23,3.75,3.12,2.84,3.55,2.35,3.51,3.21,3.92,2.1,4.46,2.44,2.31,2.1,2.34,3.23,2.1,Carlton,Sam Docherty,Midfielder,Midfielder,Midfielder
P. Wright,EFC,AFL,2023,KF,KF,Australia,27,6671,10,10,,,2.67,2.34,1.96,2.24,2.38,2.84,2.87,2.43,2.9,3.12,2.28,2.79,3.09,2.48,3.06,2.77,2.4,2.28,2.19,3.2,2.35,Essendon,Peter Wright,Key Forward,Key Forward,Key Forward
J. Crisp,COFC,AFL,2023,M,M,Australia,30,5975,26,26,,,2.67,2.31,1.85,2.14,2.76,2.85,2.61,2.45,2.68,2.42,2.9,3.37,2.89,3.36,4.25,2.44,2.88,2.82,2.61,4.1,2.94,Collingwood,Jack Crisp,Midfielder,Midfielder,Midfielder
N. McHenry,AFC,AFL,2023,GF,GF,Australia,23,6139,4,11,,,2.66,2.81,1.68,2.53,1.86,3.83,2.76,2.72,3.5,1.81,3.29,2.86,3.19,1.59,5.0,2.44,1.85,2.41,0.96,4.18,1.38,Adelaide,Ned McHenry,Gen. Forward,Gen. Forward,Gen. Forward
B. Smith,AFC,AFL,2023,GD,GD,Australia,31,6610,22,22,,,2.66,3.02,3.13,2.71,2.92,3.2,2.8,2.57,2.64,3.29,3.22,2.25,2.43,2.4,1.87,2.46,2.35,2.52,2.58,2.05,2.18,Adelaide,Brodie Smith,Gen. Defender,Gen. Defender,Gen. Defender
B. Smith,AFC,AFL,2023,GD,GD,Australia,19,6610,22,22,,,2.66,3.02,3.13,2.71,2.92,3.2,2.8,2.57,2.64,3.29,3.22,2.25,2.43,2.4,1.87,2.46,2.35,2.52,2.58,2.05,2.18,Adelaide,Brodie Smith,Gen. Defender,Gen. Defender,Gen. Defender
P. Dow,CFC,AFL,2023,M,M,Australia,24,5409,5,10,,,2.65,2.86,3.35,2.83,2.95,2.16,2.46,2.51,2.3,2.34,2.81,2.75,1.42,3.07,4.37,2.44,2.48,2.61,2.48,2.71,1.75,Carlton,Paddy Dow,Midfielder,Midfielder,Midfielder
S. McAdam,AFC,AFL,2023,GF,GF,Australia,28,5728,7,7,,,2.65,1.72,1.41,1.73,1.38,1.96,2.9,1.99,2.93,3.64,1.98,3.5,4.71,3.41,1.58,2.44,2.77,2.38,3.02,1.19,4.08,Adelaide,Shane McAdam,Gen. Forward,Gen. Forward,Gen. Forward
B. Kemp,CFC,AFL,2023,KD,KD,Australia,22,6817,17,17,,,2.65,2.61,2.36,2.44,2.08,3.25,2.53,2.75,2.28,2.54,2.69,3.15,3.04,3.25,3.11,2.39,2.28,2.54,2.83,2.5,1.9,Carlton,Brodie Kemp,Key Defender,Key Defender,Key Defender
M. McGovern,CFC,AFL,2023,GD,GD,Australia,29,5582,22,22,,,2.64,1.91,1.67,2.19,2.47,1.67,2.32,1.48,3.02,2.31,2.56,4.07,2.3,5.0,4.73,2.46,2.96,2.4,2.82,3.3,3.45,Carlton,Mitch McGovern,Gen. Defender,Gen. Defender,Gen. Defender
D. Fogarty,AFC,AFL,2023,KF,KF,Australia,24,6559,21,21,,,2.63,2.74,2.45,2.68,3.14,2.87,2.85,3.1,2.87,2.83,2.74,2.38,3.43,2.35,1.73,1.76,2.35,2.43,2.86,1.56,1.93,Adelaide,Darcy Fogarty,Key Forward,Key Forward,Key Forward
O. McInerney,BFC,AFL,2023,R,R,Australia,29,6350,25,25,,,2.63,3.07,4.19,3.32,2.51,1.91,2.12,1.01,2.27,2.61,2.58,2.71,1.77,2.61,1.99,3.46,2.67,2.83,2.43,1.29,3.54,Brisbane,Oscar McInerney,Ruck,Ruck,Ruck
K. Coleman,BFC,AFL,2023,GD,GD,Australia,23,5704,22,23,,,2.62,2.52,2.72,2.7,2.36,2.36,2.3,1.57,2.61,2.87,2.73,3.09,2.91,2.95,3.46,2.46,2.91,2.85,3.17,2.8,2.75,Brisbane,Keidean Coleman,Gen. Defender,Gen. Defender,Gen. Defender
H. McCluggage,BFC,AFL,2023,M,M,Australia,25,6207,25,25,,,2.62,2.67,2.57,2.52,2.51,3.06,2.8,2.35,2.78,3.06,3.15,2.65,3.46,2.28,2.06,2.44,2.25,2.27,2.1,2.78,2.31,Brisbane,Hugh McCluggage,Midfielder,Midfielder,Midfielder
T. Doedee,AFC,AFL,2023,GD,GD,Australia,26,6710,11,11,,,2.61,2.26,1.82,2.61,3.03,1.99,2.5,3.48,2.17,1.59,1.83,3.03,2.39,3.3,3.45,2.46,2.86,1.77,1.68,3.56,5.0,Adelaide,Tom Doedee,Gen. Defender,Gen. Defender,Gen. Defender
J. Worrell,AFC,AFL,2023,KD,KD,Australia,22,6445,12,12,,,2.6,3.45,3.62,3.65,3.26,3.18,2.46,1.92,2.86,2.07,3.45,1.74,1.59,2.0,1.54,2.39,2.91,2.76,3.14,2.82,2.92,Adelaide,Josh Worrell,Key Defender,Key Defender,Key Defender
J. Martin,CFC,AFL,2023,GF,GF,Australia,28,5313,13,13,,,2.59,2.26,2.1,2.64,2.55,1.99,2.73,2.94,2.63,3.1,1.91,3.21,3.32,3.32,2.75,2.44,2.06,2.38,2.0,0.91,2.23,Carlton,Jack Martin,Gen. Forward,Gen. Forward,Gen. Forward
R. Lester,BFC,AFL,2023,KD,KD,Australia,31,6615,19,19,,,2.59,2.51,1.78,2.92,2.02,2.74,2.97,3.06,3.07,2.57,2.63,2.53,3.11,2.28,2.39,2.39,2.53,3.32,3.43,2.54,2.04,Brisbane,Ryan Lester,Key Defender,Key Defender,Key Defender
L. Pedlar,AFC,AFL,2023,GF,GF,Australia,21,5885,20,21,,,2.58,2.81,3.19,2.87,2.71,2.59,2.59,1.74,2.56,3.02,2.51,2.45,2.75,2.11,2.72,2.44,2.23,1.92,2.43,2.96,1.96,Adelaide,Luke Pedlar,Gen. Forward,Gen. Forward,Gen. Forward
J. Ridley,EFC,AFL,2023,KD,KD,Australia,25,6037,17,17,,,2.58,2.64,1.76,2.31,2.5,3.68,3.5,3.04,4.25,2.51,3.34,2.82,3.11,2.77,2.65,2.39,1.95,1.56,1.79,2.11,1.98,Essendon,Jordan Ridley,Key Defender,Key Defender,Key Defender
R. Sloane,AFC,AFL,2023,M,M,Australia,33,5272,20,22,,,2.57,2.37,2.64,2.4,2.34,1.98,2.31,2.07,2.7,1.97,2.27,2.97,2.38,2.98,3.98,2.11,2.99,2.64,3.13,3.61,3.26,Adelaide,Rory Sloane,Midfielder,Midfielder,Midfielder
G. Hewett,CFC,AFL,2023,M,M,Australia,28,5375,19,22,,,2.57,2.76,2.68,3.11,2.58,2.63,2.51,3.25,2.62,1.67,2.23,2.13,1.86,2.45,1.91,2.44,2.67,2.7,2.87,2.92,1.5,Carlton,George Hewett,Midfielder,Midfielder,Midfielder
S. Durham,EFC,AFL,2023,W,W,Australia,22,5988,22,22,,,2.57,2.79,2.02,3.94,2.74,2.33,2.13,2.98,2.33,2.16,1.77,3.16,3.47,3.04,2.72,2.57,2.54,2.3,2.69,2.01,3.15,Essendon,Sam Durham,Midfielder,Midfielder,Midfielder
L. McCarthy,BFC,AFL,2023,GF,GF,Australia,30,6055,24,24,,,2.56,2.55,2.89,2.58,2.7,2.32,2.48,1.5,2.54,2.81,2.57,2.55,2.35,2.72,2.53,2.44,2.77,2.86,2.76,2.56,2.75,Brisbane,Lincoln McCarthy,Gen. Forward,Gen. Forward,Gen. Forward
B. Mihocek,COFC,AFL,2023,KF,KF,Australia,30,6743,24,24,,,2.56,2.37,1.92,2.4,2.44,2.73,2.93,2.09,2.88,3.22,2.64,2.37,3.07,2.37,2.08,1.82,2.29,2.2,2.68,2.23,1.78,Collingwood,Brody Mihocek,Key Forward,Key Forward,Key Forward
J. Noble,COFC,AFL,2023,GD,GD,Australia,26,5976,23,23,,,2.55,2.91,2.54,2.62,2.43,3.34,2.77,2.97,2.51,2.45,3.04,1.76,2.66,1.18,1.39,2.46,2.35,3.08,2.78,1.65,1.67,Collingwood,John Noble,Gen. Defender,Gen. Defender,Gen. Defender
J. Lyons,BFC,AFL,2023,M,M,Australia,31,4966,3,10,,,2.54,2.5,2.4,2.56,2.47,2.6,2.53,3.14,2.5,2.31,2.07,2.5,2.22,3.26,1.3,2.44,2.64,2.69,2.92,2.01,1.89,Brisbane,Jarryd Lyons,Midfielder,Midfielder,Midfielder
L. Sholl,AFC,AFL,2023,W,W,Australia,23,6328,15,16,,,2.51,2.53,2.4,1.95,2.45,3.04,2.5,2.37,3.07,2.41,2.16,2.86,3.1,2.19,2.9,2.57,2.23,2.2,2.16,3.14,1.38,Adelaide,Lachlan Sholl,Midfielder,Midfielder,Midfielder
J. Borlase,AFC,AFL,2023,KD,KD,Australia,21,6208,4,4,,,2.51,2.1,2.53,2.3,2.1,1.59,2.67,2.99,2.76,2.07,1.61,2.07,2.18,2.18,1.87,2.39,3.04,4.29,2.93,1.98,3.52,Adelaide,James Borlase,Key Defender,Key Defender,Key Defender
J. Fletcher,BFC,AFL,2023,W,W,Australia,19,5215,13,14,,,2.51,2.13,1.85,2.14,3.19,2.01,2.61,2.25,2.52,4.03,2.05,3.54,3.69,3.17,3.55,2.57,2.15,1.97,1.73,2.95,1.74,Brisbane,Jaspa Fletcher,Midfielder,Midfielder,Midfielder
J. Laverde,EFC,AFL,2023,KD,KD,Australia,27,6225,19,19,,,2.5,2.97,2.74,2.82,2.37,3.59,3.31,3.9,3.02,2.39,3.01,2.19,2.98,1.84,2.03,2.39,2.15,2.82,3.16,2.3,1.56,Essendon,Jayden Laverde,Key Defender,Key Defender,Key Defender
C. Marchbank,CFC,AFL,2023,KD,KD,Australia,27,6151,7,8,,,2.5,2.55,2.23,2.67,1.65,3.06,2.28,2.52,2.04,2.07,2.45,2.65,2.95,2.13,3.04,2.39,2.45,3.45,3.32,2.6,1.84,Carlton,Caleb Marchbank,Key Defender,Key Defender,Key Defender
N. Murphy,COFC,AFL,2023,KD,KD,Australia,24,6566,24,24,,,2.5,2.16,1.79,2.64,2.17,1.85,2.1,2.38,1.8,2.16,2.13,2.26,1.83,2.14,2.69,2.39,3.09,3.31,2.91,3.14,3.07,Collingwood,Nathan Murphy,Key Defender,Key Defender,Key Defender
J. Caldwell,EFC,AFL,2023,M,MF,Australia,23,5575,21,21,,,2.48,2.28,2.05,2.47,2.55,2.23,2.48,2.3,2.3,3.11,2.38,2.83,2.89,3.14,2.03,2.44,2.57,2.86,2.5,1.56,2.72,Essendon,Jye Caldwell,Mid-Forward,Mid-Forward,Mid-Forward
W. Snelling,EFC,AFL,2023,GF,GF,Australia,26,5505,12,15,,,2.48,2.43,2.63,2.41,2.06,2.44,2.3,2.95,2.61,1.74,2.24,2.35,2.25,2.21,2.84,2.44,3.15,3.19,3.31,3.26,2.57,Essendon,Will Snelling,Gen. Forward,Gen. Forward,Gen. Forward
S. Pendlebury,COFC,AFL,2023,M,M,Australia,35,5735,25,25,,,2.47,2.39,2.5,2.03,2.06,2.8,2.65,2.32,3.13,2.21,2.68,2.3,2.62,1.94,2.53,2.48,2.48,2.14,2.62,3.26,2.49,Collingwood,Scott Pendlebury,Midfielder,Midfielder,Midfielder
T. De Koning,CFC,AFL,2023,R,R,Australia,24,5800,19,19,,,2.47,2.63,2.66,2.97,2.75,2.15,2.55,2.04,2.75,2.92,2.49,2.36,2.82,2.7,2.53,1.91,2.42,1.96,2.16,2.38,2.89,Carlton,T. De Koning,,R,Ruck
E. Hipwood,BFC,AFL,2023,KF,KF,Australia,26,6468,26,26,,,2.46,2.11,1.62,2.1,2.17,2.56,2.63,1.48,2.65,2.79,2.84,2.52,3.67,2.26,2.22,1.91,2.56,2.54,2.68,2.49,2.45,Brisbane,Eric Hipwood,Key Forward,Key Forward,Key Forward
W. Setterfield,EFC,AFL,2023,M,M,Australia,25,5905,10,10,,,2.46,2.22,2.11,2.01,1.82,2.84,2.3,1.89,2.48,1.96,2.86,2.48,3.51,1.7,2.45,2.44,3.09,3.14,3.44,2.24,2.37,Essendon,Will Setterfield,Midfielder,Midfielder,Midfielder
D. McStay,COFC,AFL,2023,KF,KF,Australia,28,12563,14,14,,,2.45,2.35,2.92,2.27,2.36,1.88,2.31,1.57,2.27,2.49,2.24,2.62,2.15,2.99,2.03,2.92,2.69,2.96,2.92,2.03,2.38,Collingwood,Daniel McStay,Key Forward,Key Forward,Key Forward
E. Himmelberg,AFC,AFL,2023,KF,KF,Australia,25,5675,3,3,,,2.45,2.35,2.6,2.25,2.29,2.26,1.89,1.98,2.94,1.22,2.33,3.1,1.74,3.13,5.0,3.22,2.72,1.26,2.39,4.7,3.98,Adelaide,Elliott Himmelberg,Key Forward,Key Forward,Key Forward
M. Kennedy,CFC,AFL,2023,M,M,Australia,26,5366,13,16,,,2.44,2.33,2.25,2.42,2.04,2.52,2.47,2.13,2.94,2.19,2.37,2.93,2.93,2.61,3.66,2.44,2.21,2.01,2.19,3.27,2.0,Carlton,Matthew Kennedy,Midfielder,Midfielder,Midfielder
M. Guelfi,EFC,AFL,2023,GF,GF,Australia,26,5270,12,13,,,2.44,2.37,2.41,3.0,2.56,1.83,2.26,2.52,2.1,2.53,1.75,2.57,2.14,3.06,2.21,2.49,2.83,2.92,2.85,2.46,2.8,Essendon,Matt Guelfi,Gen. Forward,Gen. Forward,Gen. Forward
C. Ah Chee,BFC,AFL,2023,W,W,Australia,26,5182,10,12,,,2.43,2.32,1.76,3.49,3.81,1.34,2.23,1.09,2.48,3.39,1.74,3.17,2.87,4.23,2.97,2.57,2.38,2.57,2.31,2.21,2.48,Brisbane,C. Ah Chee,,W,Wing
B. Hill,COFC,AFL,2023,GF,GF,Australia,23,5549,24,24,,,2.42,2.02,1.73,1.8,2.12,2.31,2.83,1.91,2.96,3.15,2.67,2.45,2.77,2.17,2.53,2.44,2.25,2.13,2.38,2.54,2.0,Collingwood,Bobby Hill,Gen. Forward,Gen. Forward,Gen. Forward
B. Hobbs,EFC,AFL,2023,M,M,Australia,20,5225,17,18,,,2.42,2.43,2.32,2.47,2.31,2.62,2.53,2.45,2.73,2.38,2.41,2.24,3.08,1.9,1.53,2.44,2.39,2.67,2.42,1.61,1.97,Essendon,Ben Hobbs,Midfielder,Midfielder,Midfielder
N. Murray,AFC,AFL,2023,KD,KD,Australia,23,6163,17,17,,,2.42,2.25,2.21,1.88,3.9,1.88,2.49,2.53,2.5,2.15,2.59,2.25,2.22,2.75,1.71,2.41,2.63,2.08,1.47,1.84,3.66,Adelaide,Nick Murray,Key Defender,Key Defender,Key Defender
W. Ashcroft,BFC,AFL,2023,M,M,Australia,19,5832,18,18,,,2.42,2.53,2.48,2.6,2.32,2.65,2.67,2.81,2.74,2.73,2.32,2.04,2.39,2.0,1.52,2.44,2.14,2.31,2.18,1.46,2.0,Brisbane,Will Ashcroft,Midfielder,Midfielder,Midfielder
D. Cuningham,CFC,AFL,2023,GF,GF,Australia,26,5441,12,12,,,2.42,2.74,3.35,2.6,2.02,2.72,2.16,3.77,1.77,1.76,2.42,2.09,1.78,1.99,2.84,2.44,2.84,3.1,3.3,1.34,1.99,Carlton,David Cuningham,Gen. Forward,Gen. Forward,Gen. Forward
A. Johnson,COFC,AFL,2023,KF,KF,Australia,26,10496,15,15,,,2.41,2.09,1.94,2.34,2.18,1.82,2.44,2.73,2.3,2.5,2.27,2.67,2.38,2.93,3.24,2.27,2.36,2.5,2.26,4.0,1.12,Collingwood,Ash Johnson,Key Forward,Key Forward,Key Forward
L. Fogarty,CFC,AFL,2023,GF,GF,Australia,24,5713,12,12,,,2.4,2.66,3.2,2.63,2.07,2.57,2.16,2.81,2.34,1.49,2.67,1.66,1.6,1.74,1.58,2.44,3.42,3.33,4.17,2.03,2.53,Carlton,Lachie Fogarty,Gen. Forward,Gen. Forward,Gen. Forward
S. Draper,EFC,AFL,2023,R,R,Australia,25,5649,14,14,,,2.37,2.3,2.56,2.54,2.57,1.52,2.64,1.36,2.52,3.85,2.84,2.38,2.57,2.89,2.01,2.24,2.02,2.23,1.85,1.95,2.08,Essendon,Sam Draper,Ruck,Ruck,Ruck
L. Gollant,AFC,AFL,2023,KF,KF,Australia,22,6023,4,4,,,2.36,2.48,2.34,2.6,2.09,2.69,2.6,2.18,3.26,2.2,3.08,1.82,2.34,1.44,1.73,1.87,2.85,2.94,2.63,2.98,3.03,Adelaide,Lachie Gollant,Key Forward,Key Forward,Key Forward
D. Wilmot,BFC,AFL,2023,GD,GD,Australia,20,5948,26,26,,,2.36,2.55,2.88,2.89,2.93,2.13,2.38,1.99,2.62,3.24,2.23,2.13,2.2,2.07,2.12,2.46,2.29,2.15,2.11,2.52,2.46,Brisbane,Darcy Wilmot,Gen. Defender,Gen. Defender,Gen. Defender
D. Zorko,BFC,AFL,2023,M,MF,Australia,34,5632,20,20,,,2.35,1.95,1.54,1.63,2.17,2.73,2.66,1.8,3.1,2.57,3.04,2.85,4.66,1.96,1.69,2.44,2.19,2.25,2.11,2.04,2.47,Brisbane,Dayne Zorko,Mid-Forward,Mid-Forward,Mid-Forward
B. McCreery,COFC,AFL,2023,GF,GF,Australia,22,5466,24,25,,,2.34,1.96,1.71,1.62,3.3,2.01,2.53,2.31,2.85,2.11,2.96,2.1,2.26,2.07,1.9,2.44,2.97,3.47,3.15,2.1,1.9,Collingwood,Beau McCreery,Gen. Forward,Gen. Forward,Gen. Forward
O. Markov,COFC,AFL,2023,GD,GD,Australia,27,11601,18,23,,,2.34,2.15,2.03,2.02,2.33,2.24,2.55,2.99,2.39,2.15,2.25,2.03,2.42,1.76,1.88,2.46,2.41,2.55,2.55,2.03,2.49,Collingwood,Oleg Markov,Gen. Defender,Gen. Defender,Gen. Defender
Z. Bailey,BFC,AFL,2023,M,MF,Australia,24,6183,24,24,,,2.33,2.04,1.62,1.66,3.18,2.34,2.83,1.88,2.53,5.0,2.33,2.36,2.64,2.19,2.26,2.44,2.05,2.09,1.8,2.07,2.89,Brisbane,Zac Bailey,Mid-Forward,Mid-Forward,Mid-Forward
T. Adams,COFC,AFL,2023,M,MF,Australia,30,5699,23,23,,,2.33,2.3,2.4,2.51,2.15,2.04,2.32,1.91,2.09,3.13,2.42,2.18,2.86,1.9,1.63,2.44,2.53,2.72,2.74,1.15,2.31,Collingwood,Taylor Adams,Mid-Forward,Mid-Forward,Mid-Forward
M. Cox,COFC,AFL,2023,R,R,Australia,32,10006,18,19,,,2.32,1.49,1.06,1.74,1.97,1.39,2.62,1.74,2.38,4.15,2.21,2.74,4.09,3.97,2.62,1.72,1.79,1.58,1.5,1.84,2.1,Collingwood,Mason Cox,Ruck,Ruck,Ruck
N. Hind,EFC,AFL,2023,GD,GD,Australia,29,6007,12,16,,,2.32,2.41,2.22,1.61,1.74,3.16,2.71,1.64,3.58,2.25,3.28,1.85,2.39,1.19,1.99,2.46,1.96,2.2,1.95,1.82,1.87,Essendon,Nick Hind,Gen. Defender,Gen. Defender,Gen. Defender
D. Shiel,EFC,AFL,2023,M,M,Australia,30,5292,10,12,,,2.32,2.41,2.84,1.93,1.85,2.62,2.7,2.5,2.61,2.83,2.99,1.83,2.3,1.7,1.3,2.44,1.96,1.79,2.18,1.07,2.68,Essendon,Dylan Shiel,Midfielder,Midfielder,Midfielder
J. Kelly,EFC,AFL,2023,GD,GD,Australia,28,6587,17,17,,,2.3,2.13,1.96,2.1,1.96,2.24,2.42,2.73,2.5,2.13,1.91,2.47,3.27,2.05,2.05,2.46,2.17,1.5,2.12,2.45,2.76,Essendon,Jake Kelly,Gen. Defender,Gen. Defender,Gen. Defender
H. Sharp,BFC,AFL,2023,W,W,Australia,21,5081,3,3,,,2.29,1.7,2.09,1.51,1.93,1.59,2.79,1.77,2.25,4.18,2.74,1.9,1.96,1.86,1.83,2.57,2.6,2.19,2.82,2.46,2.87,Brisbane,Harry Sharp,Midfielder,Midfielder,Midfielder
W. Hoskin-Elliott,COFC,AFL,2023,W,W,Australia,30,11327,21,23,,,2.29,1.56,1.34,1.84,1.83,1.39,2.22,1.43,2.19,2.73,2.19,3.02,3.37,2.59,2.72,2.57,2.97,2.29,3.04,2.66,3.68,Collingwood,Will Hoskin-Elliott,Mid-Forward,Mid-Forward,Mid-Forward
D. Rich,BFC,AFL,2023,GD,GD,Australia,33,5816,7,7,,,2.29,2.26,3.82,2.19,2.03,1.84,2.79,2.18,3.27,3.21,2.8,2.18,2.68,1.2,2.74,2.46,1.7,1.99,0.65,1.9,2.64,Brisbane,Daniel Rich,Gen. Defender,Gen. Defender,Gen. Defender
D. Gardiner,BFC,AFL,2023,KD,KD,Australia,28,6990,4,4,,,2.29,2.66,3.05,3.12,2.59,1.9,2.5,2.99,2.35,2.07,1.56,1.3,1.6,1.38,1.0,2.39,2.84,3.25,4.09,2.1,2.83,Brisbane,Darcy Gardiner,Key Defender,Key Defender,Key Defender
J. Gunston,BFC,AFL,2023,KF,KF,Australia,32,5841,17,17,,,2.29,2.15,1.78,1.88,2.23,2.83,2.44,1.56,2.69,2.41,2.73,2.34,3.24,2.1,2.23,1.83,2.01,2.06,1.78,2.65,1.86,Brisbane,Jack Gunston,Key Forward,Key Forward,Key Forward
M. Michalanney,AFC,AFL,2023,GD,GD,Australia,19,6431,22,22,,,2.28,1.61,1.83,1.78,2.31,1.26,2.02,2.08,2.17,1.69,1.83,2.59,2.29,3.13,2.32,2.46,3.14,3.22,3.93,2.14,3.13,Adelaide,Max Michalanney,Gen. Defender,Gen. Defender,Gen. Defender
J. Ginnivan,COFC,AFL,2023,GF,GF,Australia,21,11218,9,14,,,2.28,2.01,1.75,2.06,1.68,2.18,2.69,2.58,2.57,2.96,2.46,2.45,2.97,2.06,2.42,2.44,1.62,1.13,1.54,1.53,3.01,Collingwood,Jack Ginnivan,Gen. Forward,Gen. Forward,Gen. Forward
S. Weideman,EFC,AFL,2023,KF,KF,Australia,26,6020,16,16,,,2.25,2.22,2.18,2.3,2.2,2.18,2.22,2.35,2.47,2.02,2.35,2.44,2.69,2.35,2.54,2.25,1.87,1.66,2.01,1.81,1.98,Essendon,Sam Weideman,Key Forward,Key Forward,Key Forward
H. Harrison,COFC,AFL,2023,GF,GF,Australia,20,10901,3,4,,,2.25,1.64,1.33,1.59,1.57,1.86,2.53,3.06,2.48,2.51,2.17,2.31,2.19,2.74,1.58,2.44,2.7,2.55,2.97,2.09,2.72,Collingwood,Harvey Harrison,Gen. Forward,Gen. Forward,Gen. Forward
J. Motlop,CFC,AFL,2023,GF,GF,Australia,20,5349,20,21,,,2.23,2.09,1.62,2.14,2.41,2.21,2.4,1.62,2.39,2.87,2.13,2.03,1.67,2.34,1.96,2.44,2.38,2.86,2.09,2.52,1.97,Carlton,Jesse Motlop,Gen. Forward,Gen. Forward,Gen. Forward
J. Payne,BFC,AFL,2023,KD,KD,Australia,24,7007,23,23,,,2.23,1.81,1.86,1.53,2.09,1.96,1.68,0.7,2.39,2.07,2.39,2.76,3.13,2.4,2.92,2.39,2.26,2.23,1.84,2.25,2.42,Brisbane,Jack Payne,Key Defender,Key Defender,Key Defender
K. Lohmann,BFC,AFL,2023,GF,GF,Australia,20,4896,3,6,,,2.23,2.23,1.97,2.2,2.9,2.22,1.73,1.29,1.9,1.53,2.22,2.64,1.7,2.71,4.11,2.44,2.88,3.3,2.83,4.06,1.23,Brisbane,Kai Lohmann,Gen. Forward,Gen. Forward,Gen. Forward
M. Owies,CFC,AFL,2023,GF,GF,Australia,26,5241,18,18,,,2.22,1.97,1.94,2.04,2.22,1.87,2.51,2.44,1.92,3.38,1.94,2.15,2.6,2.05,1.58,2.44,2.16,2.54,2.2,1.32,1.76,Carlton,Matthew Owies,Gen. Forward,Gen. Forward,Gen. Forward
N. Cox,EFC,AFL,2023,W,W,Australia,21,5973,6,6,,,2.21,2.03,1.38,1.98,2.42,2.3,1.65,2.8,1.57,1.69,1.41,2.45,1.44,2.51,4.08,2.57,3.27,2.71,1.81,4.49,3.4,Essendon,Nik Cox,Midfielder,Midfielder,Midfielder
B. Starcevich,BFC,AFL,2023,GD,GD,Australia,24,6552,26,26,,,2.21,1.81,1.73,2.16,3.39,1.24,1.85,1.26,2.46,1.91,1.77,3.42,2.95,4.31,2.93,2.46,2.41,2.28,1.92,3.04,2.52,Brisbane,Brandon Starcevich,Gen. Defender,Gen. Defender,Gen. Defender
O. Hollands,CFC,AFL,2023,W,W,Australia,19,5833,18,19,,,2.21,2.18,2.07,2.24,2.58,2.1,2.09,2.38,1.97,1.76,2.27,1.83,1.86,1.98,1.68,2.57,2.74,2.24,3.0,1.86,3.77,Carlton,Oliver Hollands,Midfielder,Midfielder,Midfielder
A. Cincotta,CFC,AFL,2023,GD,GD,Australia,27,5782,19,19,,,2.2,2.2,2.58,2.3,2.75,1.89,2.32,3.13,1.72,2.72,1.73,1.8,1.33,2.11,1.99,2.46,2.27,2.01,2.37,2.34,2.34,Carlton,Alex Cincotta,Gen. Defender,Gen. Defender,Gen. Defender
L. Nankervis,AFC,AFL,2023,GD,GD,Australia,20,5941,4,4,,,2.18,1.94,2.69,1.67,2.28,1.79,1.76,1.53,1.96,1.59,1.89,2.46,2.65,2.46,2.25,2.46,2.83,3.94,3.52,2.07,1.37,Adelaide,Luke Nankervis,Gen. Defender,Gen. Defender,Gen. Defender
C. Durdin,CFC,AFL,2023,GF,GF,Australia,21,5546,11,11,,,2.17,1.93,1.88,2.0,2.93,1.64,2.45,1.96,2.9,2.57,1.63,1.63,1.49,1.76,1.58,2.44,2.72,3.23,3.24,0.98,1.32,Carlton,Corey Durdin,Gen. Forward,Gen. Forward,Gen. Forward
J. Menzie,EFC,AFL,2023,GF,GF,Australia,21,5600,19,21,,,2.16,1.84,1.56,1.83,2.27,1.88,2.3,1.79,2.2,2.76,2.0,2.36,2.17,2.68,1.98,2.44,2.17,2.04,2.31,1.92,2.29,Essendon,Jye Menzie,Gen. Forward,Gen. Forward,Gen. Forward
J. Howe,COFC,AFL,2023,KD,KD,Australia,33,6230,14,14,,,2.16,2.22,2.64,1.55,2.27,2.69,3.0,2.34,3.21,4.67,3.16,2.22,2.99,2.14,1.74,2.39,1.72,2.41,3.12,1.05,1.54,Collingwood,Jeremy Howe,Key Defender,Key Defender,Key Defender
H. Schoenberg,AFC,AFL,2023,M,M,Australia,22,5608,8,11,,,2.15,1.91,1.76,1.78,2.49,1.92,2.33,1.97,2.72,2.2,2.23,2.51,2.72,2.46,2.27,2.44,2.0,1.75,1.76,2.15,3.79,Adelaide,Harry Schoenberg,Midfielder,Midfielder,Midfielder
M. Cottrell,CFC,AFL,2023,M,MF,Australia,23,6623,17,17,,,2.14,1.44,0.73,1.22,2.37,2.07,2.42,1.76,2.45,3.5,2.12,3.43,4.35,2.87,3.11,2.44,2.0,2.08,1.61,2.94,2.31,Carlton,Matthew Cottrell,Mid-Forward,Mid-Forward,Mid-Forward
N. Bryan,EFC,AFL,2023,R,R,Australia,22,3775,8,8,,,2.13,1.48,1.13,1.27,1.65,1.99,2.1,2.05,2.3,1.85,2.19,2.39,2.61,3.23,1.87,2.14,2.32,1.76,1.68,1.88,3.35,Essendon,Nick Bryan,Ruck,Ruck,Ruck
D. Fort,BFC,AFL,2023,R,R,Australia,30,5694,5,7,,,2.12,2.23,1.83,2.28,2.8,2.2,2.14,0.92,2.81,2.43,2.39,2.21,2.23,3.07,2.06,1.77,1.71,2.26,1.64,2.18,1.19,Brisbane,Darcy Fort,Ruck,Ruck,Ruck
M. Pittonet,CFC,AFL,2023,R,R,Australia,27,5114,18,18,,,2.12,2.16,2.51,2.08,2.25,1.74,1.76,2.3,2.01,1.27,1.45,2.42,1.54,1.84,2.41,3.0,1.9,1.22,1.91,2.48,1.95,Carlton,Marc Pittonet,Ruck,Ruck,Ruck
A. Phillips,EFC,AFL,2023,R,R,Australia,32,5135,20,20,,,2.11,1.64,1.43,1.45,2.27,1.57,2.1,1.61,2.42,2.33,2.04,2.25,2.55,2.65,1.96,2.12,2.38,2.14,2.14,2.09,2.85,Essendon,Andrew Phillips,Ruck,Ruck,Ruck
D. Joyce,BFC,AFL,2023,KD,KD,Australia,26,6813,5,5,,,2.09,1.72,1.41,1.97,2.05,1.48,1.94,1.21,2.7,2.07,1.65,2.52,3.15,2.26,2.38,2.39,1.98,1.92,1.48,2.3,1.96,Brisbane,Darragh Joyce,Key Defender,Key Defender,Key Defender
B. Frampton,COFC,AFL,2023,KD,KD,Australia,27,12826,16,16,,,2.09,2.51,5.0,1.83,1.84,1.91,2.15,1.85,1.69,4.83,2.53,1.83,1.67,2.04,1.7,3.67,2.05,2.58,2.14,0.97,2.62,Collingwood,Billy Frampton,Key Defender,Key Defender,Key Defender
P. Parnell,AFC,AFL,2023,GD,GD,Australia,21,4631,4,5,,,2.09,1.92,2.09,1.38,1.92,2.21,2.16,2.08,2.45,1.59,2.1,2.4,2.47,2.47,2.25,2.46,1.97,2.52,2.08,0.88,2.49,Adelaide,Patrick Parnell,Gen. Defender,Gen. Defender,Gen. Defender
M. D'Ambrosio,EFC,AFL,2023,GD,GD,Australia,20,5426,4,8,,,2.08,2.31,2.03,1.81,1.99,2.8,2.21,1.78,2.61,2.09,2.3,1.99,1.92,2.19,1.83,2.46,1.73,1.9,1.81,1.9,1.19,Essendon,Massimo D'Ambrosio,Gen. Defender,Gen. Defender,Gen. Defender
H. Jones,EFC,AFL,2023,KF,KF,Australia,22,4954,5,5,,,2.07,2.22,2.42,2.25,2.04,2.09,1.94,3.0,2.39,1.37,2.39,2.15,2.42,2.38,1.73,1.83,1.93,2.82,1.66,0.6,2.06,Essendon,Harrison Jones,Key Forward,Key Forward,Key Forward
J. Boyd,CFC,AFL,2023,GD,GD,Australia,25,6007,9,9,,,2.05,1.93,2.14,1.72,2.9,1.78,1.97,1.47,2.27,2.29,2.18,1.9,1.41,1.77,2.63,2.46,2.37,2.29,2.6,2.24,2.28,Carlton,Jordan Boyd,Gen. Defender,Gen. Defender,Gen. Defender
A. Davey Jnr,EFC,AFL,2023,GF,GF,Australia,19,5017,8,10,,,2.01,1.98,1.85,1.97,2.52,1.91,1.92,2.12,1.61,1.82,2.68,2.03,2.13,2.16,1.58,2.44,2.28,1.41,2.39,4.61,2.48,Essendon,A. Davey Jnr,,GF,Gen. Forward
A. McDonald-Tipungwuti,EFC,AFL,2023,GF,GF,Australia,30,5235,5,7,,,1.98,1.58,1.81,1.59,1.46,1.48,2.09,2.11,2.39,1.98,1.58,2.19,2.51,2.2,1.58,2.44,2.29,1.91,2.73,1.33,2.66,Essendon,Anthony McDonald-Tipungwuti,Gen. Forward,Gen. Forward,Gen. Forward
E. Tsatas,EFC,AFL,2023,M,MF,Australia,19,4765,4,4,,,1.97,1.54,1.39,1.02,1.77,2.12,2.32,3.22,1.97,2.29,1.82,2.66,3.06,2.96,1.3,2.44,1.67,1.9,1.64,1.13,1.36,Essendon,Elijah Tsatas,Mid-Forward,Mid-Forward,Mid-Forward
C. McKenna,BFC,AFL,2023,GD,GD,Australia,27,6269,26,26,,,1.97,2.03,2.37,1.51,1.87,2.31,2.17,1.52,1.99,3.68,2.89,1.68,1.67,1.53,1.87,2.46,1.81,1.59,2.03,1.72,1.86,Brisbane,Conor McKenna,Gen. Defender,Gen. Defender,Gen. Defender
E. Curnow,CFC,AFL,2023,M,MF,Australia,34,6116,12,17,,,1.96,1.57,1.15,1.36,1.95,2.16,2.31,2.08,2.54,2.18,2.32,2.4,2.94,1.76,2.9,2.44,1.78,1.35,2.18,1.92,1.73,Carlton,Ed Curnow,Mid-Forward,Mid-Forward,Mid-Forward
D. Robertson,BFC,AFL,2023,M,MF,Australia,22,5480,12,16,,,1.89,1.61,1.38,1.58,2.75,1.27,1.71,1.29,2.14,1.95,1.27,2.6,2.59,2.63,2.57,2.44,2.09,1.73,2.15,1.99,3.36,Brisbane,Deven Robertson,Mid-Forward,Mid-Forward,Mid-Forward
K. Baldwin,EFC,AFL,2023,KD,KD,Australia,21,4675,4,4,,,1.89,2.16,4.48,1.34,1.55,1.89,2.09,1.3,2.74,2.07,2.67,2.05,2.89,1.58,1.98,2.39,1.53,2.02,2.27,1.34,1.29,Essendon,Kaine Baldwin,Key Defender,Key Defender,Key Defender
J. Honey,CFC,AFL,2023,GF,GF,Australia,22,5259,5,6,,,1.88,1.58,2.16,1.11,1.23,1.73,2.07,2.19,2.24,1.95,1.87,1.97,2.49,1.73,1.58,2.44,1.92,2.02,1.78,1.38,2.43,Carlton,Josh Honey,Gen. Forward,Gen. Forward,Gen. Forward
L. Cowan,CFC,AFL,2023,GD,GD,Australia,19,5204,7,7,,,1.83,1.49,1.32,1.55,2.63,1.26,1.77,1.86,1.82,1.88,1.49,2.18,1.71,2.79,2.01,2.46,2.05,2.22,2.12,2.27,1.44,Carlton,Lachlan Cowan,Gen. Defender,Gen. Defender,Gen. Defender
S. Berry,AFC,AFL,2023,M,M,Australia,21,5120,3,4,,,1.77,1.52,1.16,1.93,2.76,0.88,1.66,0.87,2.29,1.22,1.98,1.42,1.03,1.76,1.3,2.44,2.65,2.69,2.98,2.18,1.66,Adelaide,Sam Berry,Midfielder,Midfielder,Midfielder
J. Butts,AFC,AFL,2023,KD,KD,Australia,24,6000,17,17,,,1.76,1.7,2.01,1.57,1.68,1.66,2.29,2.51,2.23,2.07,1.9,1.45,1.79,1.48,1.18,2.39,1.82,1.54,2.01,1.44,2.08,Adelaide,Jordon Butts,Key Defender,Key Defender,Key Defender
J. Prior,BFC,AFL,2023,GD,GD,Australia,22,5655,4,5,,,1.7,1.5,2.2,1.65,2.83,0.88,1.16,0.03,1.46,3.56,1.4,1.58,2.03,1.25,1.43,2.46,2.72,3.1,3.29,1.7,2.65,Brisbane,Jaxon Prior,Gen. Defender,Gen. Defender,Gen. Defender
S. Taylor,GWS,AFL,2023,KD,KD,Australia,24,6958,18,18,,,3.71,3.56,3.09,5.0,2.61,2.42,2.85,3.55,2.5,2.07,2.2,3.87,2.5,4.51,4.12,2.39,4.02,3.69,3.13,5.0,3.7,GWS Giants,Sam Taylor,Key Defender,Key Defender,Key Defender
J. Sicily,HFC,AFL,2023,KD,KD,Australia,28,6906,19,19,,,3.61,4.55,4.89,4.49,2.47,5.0,4.09,4.54,3.72,3.26,4.56,3.88,3.88,3.9,3.86,2.39,2.63,2.42,2.57,3.94,1.82,Hawthorn,James Sicily,Key Defender,Key Defender,Key Defender
T. Greene,GWS,AFL,2023,GF,GF,Australia,30,6773,24,24,,,3.45,3.76,3.94,4.25,3.15,3.46,3.74,1.52,3.22,5.0,3.86,3.28,4.02,3.16,2.24,2.55,2.38,2.1,2.35,2.2,3.21,GWS Giants,Toby Greene,Gen. Forward,Gen. Forward,Gen. Forward
D. Moore,HFC,AFL,2023,GF,GF,Australia,24,6397,23,23,,,3.33,3.92,3.45,4.08,2.23,4.45,3.2,4.24,3.55,2.23,3.62,2.66,3.17,2.16,2.9,2.44,3.37,3.46,3.43,3.27,3.05,Hawthorn,Dylan Moore,Gen. Forward,Gen. Forward,Gen. Forward
T. Stewart,GFC,AFL,2023,GD,GD,Australia,30,6326,22,22,,,3.26,2.9,2.14,3.19,2.46,3.06,2.89,1.91,4.03,2.03,3.02,4.88,4.38,4.84,5.0,2.46,3.19,2.18,2.22,4.9,3.75,Geelong,Tom Stewart,Gen. Defender,Gen. Defender,Gen. Defender
H. Young,FRFC,AFL,2023,GD,GD,Australia,22,6155,22,22,,,3.11,3.52,4.46,3.75,2.59,3.25,2.98,3.33,2.78,2.4,3.0,2.73,2.21,2.89,3.15,2.46,3.13,3.8,4.27,2.28,1.66,Fremantle,Hayden Young,Gen. Defender,Gen. Defender,Gen. Defender
C. Serong,FRFC,AFL,2023,M,M,Australia,22,6197,22,22,,,3.11,3.85,4.48,4.12,2.3,3.63,2.95,3.31,3.02,2.09,3.24,2.02,2.07,1.92,2.17,2.44,2.87,2.95,2.9,3.48,1.82,Fremantle,Caleb Serong,Midfielder,Midfielder,Midfielder
T. Green,GWS,AFL,2023,M,M,Australia,22,6400,22,22,,,3.1,3.77,4.14,4.05,2.56,3.71,2.87,3.22,2.67,2.48,3.18,2.22,2.03,2.01,3.04,2.45,2.94,2.91,2.69,4.66,2.34,GWS Giants,Tom Green,Midfielder,Midfielder,Midfielder
L. Whitfield,GWS,AFL,2023,GD,GD,Australia,29,5993,24,24,,,3.1,3.43,2.88,3.32,2.19,3.97,3.43,4.04,2.97,2.34,3.71,2.36,2.66,2.09,2.32,2.46,2.74,3.28,2.65,3.17,1.67,GWS Giants,Lachie Whitfield,Gen. Defender,Gen. Defender,Gen. Defender
L. Schultz,FRFC,AFL,2023,GF,GF,Australia,26,6112,23,23,,,3.09,3.08,2.62,3.04,2.11,3.58,3.13,3.15,3.06,3.31,2.85,2.8,3.34,2.63,2.24,2.44,3.43,3.54,3.58,2.15,3.68,Fremantle,Lachie Schultz,Gen. Forward,Gen. Forward,Gen. Forward
J. Newcombe,HFC,AFL,2023,M,M,Australia,22,5900,22,22,,,3.08,3.34,3.31,3.49,3.64,3.08,3.05,3.21,2.94,3.03,3.05,3.4,3.13,3.61,3.39,2.44,2.44,2.27,2.46,2.98,2.47,Hawthorn,Jai Newcombe,Midfielder,Midfielder,Midfielder
J. Cameron,GFC,AFL,2023,KF,KF,Australia,30,7006,20,20,,,3.08,3.03,2.74,2.66,2.38,4.21,3.7,2.24,3.18,4.14,4.04,2.58,3.16,1.84,4.71,1.76,2.51,2.2,2.05,4.43,2.33,Geelong,Jeremy Cameron,Key Forward,Key Forward,Key Forward
B. Cox,FRFC,AFL,2023,KD,KD,Australia,25,6688,20,20,,,3.08,3.1,2.56,2.78,3.88,3.44,3.35,3.87,3.08,2.72,3.01,3.29,3.39,3.84,2.6,2.39,2.78,1.82,1.88,2.46,3.5,Fremantle,Brennan Cox,Key Defender,Key Defender,Key Defender
C. Ballard,GCFC,AFL,2023,KD,KD,Australia,24,7193,23,23,,,3.06,2.55,2.01,2.75,3.21,2.37,2.19,1.68,2.64,2.34,2.31,3.88,3.09,4.32,3.93,2.39,3.01,2.52,2.26,3.81,2.83,Gold Coast,Charlie Ballard,Key Defender,Key Defender,Key Defender
M. Holmes,GFC,AFL,2023,W,W,Australia,21,5597,21,21,,,3.06,3.7,4.68,3.39,3.02,3.61,2.77,2.57,2.24,2.65,3.28,2.26,2.08,2.49,2.39,2.57,3.22,3.46,3.16,2.71,3.61,Geelong,Max Holmes,Midfielder,Midfielder,Midfielder
L. Ryan,FRFC,AFL,2023,GD,GD,Australia,27,6431,23,23,,,3.04,2.67,1.8,2.65,2.54,3.01,3.05,2.02,4.5,1.68,2.99,3.81,4.25,3.49,3.68,2.46,2.91,2.02,2.71,3.82,3.21,Fremantle,Luke Ryan,Gen. Defender,Gen. Defender,Gen. Defender
S. Darcy,FRFC,AFL,2023,R,R,Australia,25,5610,15,15,,,3.03,2.98,3.02,3.22,3.17,2.53,2.67,2.77,2.59,2.48,2.85,3.51,3.04,3.68,2.85,3.94,2.44,2.48,2.67,2.55,2.2,Fremantle,Sean Darcy,Ruck,Ruck,Ruck
K. Briggs,GWS,AFL,2023,R,R,Australia,24,11288,17,17,,,3.02,3.52,4.9,3.75,2.46,2.48,2.68,2.23,2.83,2.25,3.42,2.84,2.37,2.28,3.42,2.95,3.39,3.22,3.77,2.97,3.47,GWS Giants,Kieren Briggs,Ruck,Ruck,Ruck
J. Buckley,GWS,AFL,2023,KD,KD,Australia,26,6977,26,26,,,3.01,2.95,2.11,3.44,2.69,3.07,2.78,3.35,2.42,2.07,2.64,2.26,1.93,2.26,2.48,2.39,3.81,4.03,4.56,3.37,3.79,GWS Giants,Jack Buckley,Key Defender,Key Defender,Key Defender
B. Ainsworth,GCFC,AFL,2023,GF,GF,Australia,25,6153,21,21,,,3.01,3.56,2.85,3.25,2.28,4.46,3.1,3.11,3.59,2.62,3.04,2.8,3.58,2.09,3.02,2.44,2.02,1.77,1.94,3.38,1.89,Gold Coast,Ben Ainsworth,Gen. Forward,Gen. Forward,Gen. Forward
W. Day,HFC,AFL,2023,M,M,Australia,22,5927,21,21,,,3.0,2.9,2.61,2.71,2.98,3.44,3.0,3.37,3.0,2.35,3.21,4.05,3.89,3.93,4.59,2.45,2.41,1.95,2.18,3.76,3.77,Hawthorn,Will Day,Midfielder,Midfielder,Midfielder
A. Brayshaw,FRFC,AFL,2023,M,M,Australia,24,6146,23,23,,,2.99,3.08,2.86,2.88,2.87,3.69,3.15,3.98,2.94,2.6,3.03,2.28,2.57,1.76,2.96,2.44,3.11,2.97,3.36,3.19,2.56,Fremantle,Andrew Brayshaw,Midfielder,Midfielder,Midfielder
M. Rowell,GCFC,AFL,2023,M,M,Australia,22,6227,23,23,,,2.97,3.6,4.48,4.3,3.01,2.01,2.34,2.19,2.52,2.11,2.45,1.6,1.29,1.67,1.97,2.44,3.85,4.1,4.3,2.96,1.92,Gold Coast,Matt Rowell,Midfielder,Midfielder,Midfielder
G. Miers,GFC,AFL,2023,GF,GF,Australia,24,6342,23,23,,,2.97,3.67,3.58,3.27,2.25,4.36,2.87,3.64,3.28,1.49,4.36,2.54,3.06,2.12,2.57,2.44,2.4,2.66,2.6,1.89,1.61,Geelong,Gryan Miers,Gen. Forward,Gen. Forward,Gen. Forward
S. Collins,GCFC,AFL,2023,KD,KD,Australia,29,7288,23,23,,,2.97,2.87,2.82,3.26,2.6,2.57,2.33,2.44,2.31,2.07,2.28,2.83,2.79,2.4,3.35,2.39,3.41,3.02,2.58,3.82,3.49,Gold Coast,Sam Collins,Key Defender,Key Defender,Key Defender
J. Hogan,GWS,AFL,2023,KF,KF,Australia,28,6479,23,23,,,2.95,3.04,2.48,3.57,2.21,3.35,3.09,3.21,2.8,3.43,2.36,2.92,3.35,3.47,2.1,2.2,2.4,2.23,2.71,1.52,2.77,GWS Giants,Jesse Hogan,Key Forward,Key Forward,Key Forward
J. Scrimshaw,HFC,AFL,2023,GD,GD,Australia,25,5884,14,16,,,2.95,2.59,1.77,2.75,2.91,2.68,3.14,3.81,2.74,2.96,2.74,3.55,3.15,4.16,3.3,2.46,2.71,1.95,2.3,3.33,3.51,Hawthorn,Jack Scrimshaw,Gen. Defender,Gen. Defender,Gen. Defender
N. Anderson,GCFC,AFL,2023,M,M,Australia,22,6344,23,23,,,2.94,3.29,3.62,2.89,2.81,3.5,3.21,2.7,3.26,3.42,3.53,2.44,2.94,2.04,2.47,2.44,2.29,2.01,2.2,3.92,2.15,Gold Coast,Noah Anderson,Midfielder,Midfielder,Midfielder
B. Daniels,GWS,AFL,2023,GF,GF,Australia,24,6095,20,20,,,2.92,3.56,4.18,3.63,2.48,3.48,3.06,2.45,3.12,3.08,3.48,1.83,1.93,1.86,1.58,2.44,2.74,3.5,2.63,2.01,1.73,GWS Giants,Brent Daniels,Gen. Forward,Gen. Forward,Gen. Forward
L. Jackson,FRFC,AFL,2023,R,R,Australia,22,6143,23,23,,,2.92,2.97,1.86,2.7,3.7,3.98,3.5,3.44,3.22,4.56,2.78,2.59,3.2,3.13,2.76,2.0,2.79,2.7,3.12,3.24,2.35,Fremantle,Luke Jackson,Ruck,Ruck,Ruck
J. Ceglar,GFC,AFL,2023,R,R,Australia,32,4967,6,6,,,2.9,2.77,3.21,2.75,2.74,2.29,2.22,3.04,2.45,1.36,2.04,3.44,3.11,3.28,5.0,2.58,2.78,1.95,1.49,4.12,3.42,Geelong,Jonathon Ceglar,Ruck,Ruck,Ruck
T. Hawkins,GFC,AFL,2023,KF,KF,Australia,35,6851,20,20,,,2.89,2.9,3.18,2.84,2.32,3.05,3.23,2.07,2.89,3.82,2.61,2.89,3.54,2.89,1.73,2.93,1.68,1.95,1.7,1.51,1.36,Geelong,Tom Hawkins,Key Forward,Key Forward,Key Forward
J. Clark,FRFC,AFL,2023,GD,GD,Australia,23,6332,23,23,,,2.87,3.06,2.68,3.16,2.91,3.15,2.85,3.21,2.87,2.2,2.52,2.51,2.97,1.9,2.69,2.46,2.91,2.79,3.08,3.14,2.52,Fremantle,Jordan Clark,Gen. Defender,Gen. Defender,Gen. Defender
M. Lewis,HFC,AFL,2023,KF,KF,Australia,25,6524,15,15,,,2.83,2.61,1.78,2.41,2.64,3.7,3.33,3.65,2.73,3.76,2.69,2.49,3.52,2.47,1.73,1.95,2.58,2.47,2.48,2.43,3.06,Hawthorn,Mitch Lewis,Key Forward,Key Forward,Key Forward
M. Duncan,GFC,AFL,2023,GD,GD,Australia,32,6035,16,16,,,2.82,3.29,3.84,2.99,2.12,3.56,3.22,3.38,2.7,4.42,3.26,2.36,3.58,2.04,1.32,2.46,2.09,2.52,2.99,1.0,1.56,Geelong,Mitch Duncan,Gen. Defender,Gen. Defender,Gen. Defender
Z. Tuohy,GFC,AFL,2023,W,W,Australia,34,6350,20,20,,,2.82,2.68,2.06,2.6,3.23,2.9,2.84,2.2,2.93,2.44,3.13,3.12,2.14,3.6,4.43,2.57,2.78,2.19,2.39,4.12,2.11,Geelong,Zach Tuohy,Midfielder,Midfielder,Midfielder
H. Perryman,GWS,AFL,2023,GD,GD,Australia,25,5602,22,22,,,2.81,3.31,4.05,3.73,2.7,2.92,2.44,3.07,1.63,2.76,2.62,1.61,1.21,1.79,1.87,2.46,3.56,4.24,4.34,2.55,2.8,GWS Giants,Harry Perryman,Gen. Defender,Gen. Defender,Gen. Defender
S. Switkowski,FRFC,AFL,2023,GF,GF,Australia,27,5622,22,22,,,2.81,3.24,4.07,3.18,2.88,2.97,2.52,3.74,2.19,2.14,2.97,2.17,1.92,2.01,2.96,2.44,3.46,3.62,3.57,3.18,3.01,Fremantle,Sam Switkowski,Gen. Forward,Gen. Forward,Gen. Forward
C. Idun,GWS,AFL,2023,GD,GD,Australia,23,6638,26,26,,,2.81,2.64,1.67,3.18,2.56,2.61,2.78,3.52,2.53,1.67,2.49,2.69,2.99,2.54,2.5,2.46,3.1,1.82,2.42,3.82,4.85,GWS Giants,Connor Idun,Gen. Defender,Gen. Defender,Gen. Defender
S. Coniglio,GWS,AFL,2023,M,M,Australia,30,6187,25,25,,,2.79,3.08,3.4,2.69,2.6,3.3,3.1,3.07,2.85,3.3,3.38,1.98,2.12,1.9,1.91,2.44,2.45,2.61,2.46,2.39,1.81,GWS Giants,Stephen Coniglio,Midfielder,Midfielder,Midfielder
N. Haynes,GWS,AFL,2023,GD,GD,Australia,31,5763,16,20,,,2.79,2.39,2.19,2.12,1.65,2.8,2.75,2.55,2.96,2.7,2.77,4.36,4.13,4.19,4.83,2.46,2.31,1.55,1.31,3.68,3.06,GWS Giants,Nick Haynes,Gen. Defender,Gen. Defender,Gen. Defender
W. Powell,GCFC,AFL,2023,GD,GD,Australia,24,5954,18,18,,,2.79,2.54,2.49,2.95,2.57,2.28,2.49,1.69,3.23,2.03,2.85,3.65,3.41,3.04,4.65,2.46,2.94,3.08,2.42,3.65,2.66,Gold Coast,Wil Powell,Gen. Defender,Gen. Defender,Gen. Defender
J. Kelly,GWS,AFL,2023,M,M,Australia,28,6249,22,22,,,2.79,2.86,2.54,2.85,2.34,3.62,3.04,3.47,2.53,3.55,2.89,1.97,1.84,2.05,2.0,2.44,2.9,3.04,2.78,3.64,2.08,GWS Giants,Josh Kelly,Midfielder,Midfielder,Midfielder
J. Aish,FRFC,AFL,2023,W,W,Australia,28,6145,20,20,,,2.78,2.8,3.08,2.82,2.28,2.79,2.85,3.18,2.75,2.22,3.15,2.91,2.21,3.1,3.94,2.57,2.55,2.27,2.6,2.7,2.56,Fremantle,James Aish,Midfielder,Midfielder,Midfielder
B. Hardwick,HFC,AFL,2023,GD,GD,Australia,26,6342,23,23,,,2.77,2.5,2.05,2.49,2.38,2.69,2.91,3.08,2.85,2.46,2.96,3.21,3.51,3.13,2.96,2.46,2.57,1.88,2.46,2.93,3.16,Hawthorn,Blake Hardwick,Gen. Defender,Gen. Defender,Gen. Defender
J. Lukosius,GCFC,AFL,2023,KF,KF,Australia,23,6268,22,22,,,2.76,2.67,1.75,2.55,2.36,3.93,3.17,1.61,3.62,2.98,4.08,2.47,3.43,2.13,2.74,1.82,2.45,2.15,1.71,3.9,3.12,Gold Coast,Jack Lukosius,Key Forward,Key Forward,Key Forward
C. Macdonald,HFC,AFL,2023,GF,GF,Australia,20,5771,19,21,,,2.76,3.3,2.58,2.78,1.86,4.4,2.84,3.45,3.39,1.97,2.98,2.22,2.7,1.77,2.38,2.44,2.23,2.11,2.21,3.27,1.89,Hawthorn,Connor Macdonald,Gen. Forward,Gen. Forward,Gen. Forward
J. Worpel,HFC,AFL,2023,M,M,Australia,24,5680,23,23,,,2.74,3.41,3.97,3.3,3.3,2.8,2.69,3.22,2.24,2.74,2.77,1.88,1.45,2.09,2.13,2.44,2.27,2.32,2.38,2.17,1.77,Hawthorn,James Worpel,Midfielder,Midfielder,Midfielder
L. Breust,HFC,AFL,2023,GF,GF,Australia,33,5751,21,21,,,2.7,2.34,2.07,2.57,2.86,2.18,3.06,1.69,2.51,4.58,2.16,3.15,3.5,3.25,2.3,2.44,2.0,1.88,2.15,1.33,2.32,Hawthorn,Luke Breust,Gen. Forward,Gen. Forward,Gen. Forward
Z. Guthrie,GFC,AFL,2023,GD,GD,Australia,25,6340,23,23,,,2.7,2.31,2.1,2.36,2.74,2.24,2.38,2.45,2.4,2.62,2.13,3.54,3.18,4.02,3.39,2.46,3.02,3.17,2.93,2.87,3.16,Geelong,Zach Guthrie,Gen. Defender,Gen. Defender,Gen. Defender
H. Morrison,HFC,AFL,2023,W,W,Australia,25,5905,12,13,,,2.69,2.42,1.82,1.64,2.19,3.36,2.63,2.9,2.66,1.96,2.88,2.52,3.31,1.69,1.76,2.57,3.3,2.8,3.26,3.81,3.17,Hawthorn,Harry Morrison,Midfielder,Midfielder,Midfielder
J. Witts,GCFC,AFL,2023,R,R,Australia,31,6229,21,21,,,2.68,2.89,3.43,3.08,2.36,2.47,2.49,2.76,2.71,2.03,2.46,2.9,2.18,2.17,1.73,4.28,2.1,2.18,2.32,1.6,2.17,Gold Coast,Jarrod Witts,Ruck,Ruck,Ruck
P. Dangerfield,GFC,AFL,2023,M,M,Australia,33,4925,18,18,,,2.68,2.95,3.53,3.52,2.68,1.72,2.3,1.19,2.08,3.34,3.02,3.66,2.86,4.68,2.79,2.62,2.04,1.89,2.26,1.35,2.44,Geelong,Patrick Dangerfield,Midfielder,Midfielder,Midfielder
J. Impey,HFC,AFL,2023,GD,GD,Australia,28,5815,22,22,,,2.68,2.99,2.24,2.73,2.59,3.49,2.85,2.71,2.99,2.86,2.82,2.28,2.58,2.2,2.02,2.46,2.38,2.42,2.65,2.29,2.05,Hawthorn,Jarman Impey,Gen. Defender,Gen. Defender,Gen. Defender
L. Ash,GWS,AFL,2023,GD,GD,Australia,22,6084,26,26,,,2.68,2.94,2.74,2.12,1.93,3.78,3.06,3.11,2.92,2.21,3.63,2.17,2.38,1.95,2.19,2.46,2.18,2.47,1.86,2.02,2.53,GWS Giants,Lachie Ash,Gen. Defender,Gen. Defender,Gen. Defender
T. Miller,GCFC,AFL,2023,M,M,Australia,27,6131,13,13,,,2.68,2.9,3.28,2.82,2.29,2.83,2.8,2.45,3.27,2.08,3.16,2.31,3.02,2.09,1.59,2.44,2.4,2.4,2.81,1.13,2.0,Gold Coast,Touk Miller,Midfielder,Midfielder,Midfielder
K. Amon,HFC,AFL,2023,W,W,Australia,28,6018,21,21,,,2.67,1.9,2.12,1.74,1.63,1.98,3.75,3.06,3.94,3.09,4.11,2.54,2.83,2.14,2.31,2.57,2.05,2.07,2.38,1.71,2.16,Hawthorn,Karl Amon,Midfielder,Midfielder,Midfielder
C. Brown,GWS,AFL,2023,GF,GF,Australia,23,11489,19,19,,,2.67,2.01,1.79,2.07,2.56,1.95,2.48,2.05,2.65,2.61,2.22,4.28,3.34,4.65,5.0,3.98,2.29,1.6,1.86,3.7,4.13,GWS Giants,Callum Brown,Gen. Forward,Gen. Forward,Gen. Forward
T. Bedford,GWS,AFL,2023,GF,GF,Australia,23,12283,18,19,,,2.64,2.99,3.67,3.18,3.01,2.5,2.18,3.46,1.54,2.14,2.44,2.04,1.78,2.06,2.42,2.44,3.86,4.46,4.19,2.93,2.22,GWS Giants,Toby Bedford,Gen. Forward,Gen. Forward,Gen. Forward
J. Bowes,GFC,AFL,2023,GD,GD,Australia,25,5563,14,17,,,2.64,3.21,4.1,3.52,3.3,2.69,2.61,2.63,2.29,4.19,2.34,2.32,2.54,2.68,1.65,2.46,2.29,2.62,2.91,1.99,1.33,Geelong,Jack Bowes,Gen. Defender,Gen. Defender,Gen. Defender
B. Ellis,GCFC,AFL,2023,W,W,Australia,30,6354,16,16,,,2.64,2.56,2.53,1.84,2.62,3.11,2.83,2.07,3.64,2.99,2.33,2.68,3.14,2.56,1.98,2.57,2.38,2.41,2.37,2.64,2.1,Gold Coast,Brandon Ellis,Midfielder,Midfielder,Midfielder
L. Casboult,GCFC,AFL,2023,KF,KF,Australia,33,6368,20,20,,,2.64,2.64,3.53,2.42,2.26,2.28,2.29,1.79,2.48,2.25,2.44,3.08,3.02,2.99,2.82,3.43,2.59,2.66,2.12,2.36,3.47,Gold Coast,Levi Casboult,Key Forward,Key Forward,Key Forward
O. Henry,GFC,AFL,2023,GF,GF,Australia,21,6109,21,22,,,2.64,2.15,1.64,2.26,3.06,2.09,2.84,2.15,2.42,3.92,2.02,3.55,3.46,3.68,3.41,2.53,1.96,1.95,1.68,2.22,2.54,Geelong,Oliver Henry,Gen. Forward,Gen. Forward,Gen. Forward
A. Pearce,FRFC,AFL,2023,KD,KD,Australia,28,6977,23,23,,,2.61,2.71,3.05,3.05,3.27,1.82,2.01,1.85,2.23,2.07,1.73,2.63,2.02,2.69,3.0,2.39,2.79,2.83,3.7,3.21,2.19,Fremantle,Alex Pearce,Key Defender,Key Defender,Key Defender
E. Ratugolea,GFC,AFL,2023,KD,KD,Australia,25,6307,16,16,,,2.6,1.96,1.84,2.23,2.67,1.36,1.95,1.73,2.12,2.2,1.86,3.16,2.47,3.58,3.16,2.19,2.78,2.46,2.33,2.94,2.9,Geelong,Esava Ratugolea,Key Defender,Key Defender,Key Defender
M. Blicavs,GFC,AFL,2023,R,R,Australia,32,5784,19,19,,,2.6,3.33,3.26,2.84,3.29,3.96,3.15,3.58,2.67,3.27,3.08,1.8,2.7,2.41,1.91,1.11,2.87,3.62,3.56,2.54,2.12,Geelong,Mark Blicavs,Ruck,Ruck,Ruck
M. Frederick,FRFC,AFL,2023,GF,GF,Australia,23,5976,19,19,,,2.59,2.27,1.94,1.83,2.52,2.71,2.95,2.39,3.07,3.16,2.75,2.74,3.49,2.32,2.38,2.44,2.19,2.34,1.76,2.7,2.66,Fremantle,Michael Frederick,Gen. Forward,Gen. Forward,Gen. Forward
N. Holman,GCFC,AFL,2023,GF,GF,Australia,28,6144,19,19,,,2.59,2.73,2.27,3.23,2.74,2.57,2.24,3.1,2.04,2.07,2.22,2.42,2.28,2.72,1.98,2.44,3.37,3.58,3.51,2.78,2.92,Gold Coast,Nick Holman,Gen. Forward,Gen. Forward,Gen. Forward
J. Weddle,HFC,AFL,2023,GD,GD,Australia,19,6092,17,17,,,2.59,2.61,2.48,2.3,2.91,2.79,2.78,3.5,1.98,3.17,2.72,2.77,2.68,2.98,2.63,2.46,2.18,1.77,1.8,2.24,3.17,Hawthorn,Josh Weddle,Gen. Defender,Gen. Defender,Gen. Defender
G. Rohan,GFC,AFL,2023,GF,GF,Australia,32,5548,14,15,,,2.58,2.03,2.06,2.29,3.02,1.58,2.57,1.9,2.7,2.82,2.34,3.69,2.83,4.81,2.71,3.57,2.24,1.45,2.44,3.53,2.67,Geelong,Gary Rohan,Gen. Forward,Gen. Forward,Gen. Forward
L. Weller,GCFC,AFL,2023,GD,GD,Australia,27,5857,9,9,,,2.58,2.77,2.69,2.6,2.41,2.98,2.91,2.72,2.87,2.73,3.39,2.51,3.88,1.67,1.88,2.46,1.99,2.01,2.14,1.91,1.83,Gold Coast,Lachie Weller,Gen. Defender,Gen. Defender,Gen. Defender
C. Nash,HFC,AFL,2023,M,M,Australia,25,5805,22,23,,,2.57,2.79,3.03,2.63,2.27,2.91,2.55,3.55,2.47,1.33,2.65,1.93,1.79,1.92,2.17,3.37,2.7,2.52,2.85,2.44,3.08,Hawthorn,Conor Nash,Midfielder,Midfielder,Midfielder
T. Atkins,GFC,AFL,2023,M,M,Australia,28,5507,23,23,,,2.57,2.73,3.03,3.12,2.62,1.99,2.16,2.46,2.31,1.71,1.96,1.45,1.07,1.73,1.47,2.44,3.75,3.78,4.15,3.14,2.66,Geelong,Tom Atkins,Midfielder,Midfielder,Midfielder
M. O'Connor,GFC,AFL,2023,GD,GD,Australia,26,6161,21,22,,,2.56,2.73,3.88,3.2,2.98,1.97,2.38,2.8,2.13,2.53,1.98,2.51,2.6,2.51,2.41,2.46,2.7,3.54,3.44,1.69,1.81,Geelong,Mark O'Connor,Gen. Defender,Gen. Defender,Gen. Defender
D. Macpherson,GCFC,AFL,2023,GD,GD,Australia,26,6320,22,23,,,2.56,2.98,2.79,3.45,2.31,2.88,2.27,2.08,2.29,2.57,2.41,2.59,2.85,2.29,2.63,2.46,2.52,2.65,2.31,2.97,2.11,Gold Coast,Darcy Macpherson,Gen. Defender,Gen. Defender,Gen. Defender
B. Close,GFC,AFL,2023,GF,GF,Australia,25,6152,21,21,,,2.56,2.76,2.86,2.74,2.25,2.85,2.73,3.16,2.71,2.53,2.79,1.94,1.87,2.0,1.94,2.44,2.61,2.86,2.46,2.7,2.39,Geelong,Brad Close,Gen. Forward,Gen. Forward,Gen. Forward
S. Neale,GFC,AFL,2023,KF,KF,Australia,21,6343,3,3,,,2.55,2.34,3.49,1.98,2.24,1.76,1.7,2.64,1.54,1.27,2.76,3.63,2.53,4.77,1.73,4.26,2.85,2.86,3.93,1.51,1.96,Geelong,Shannon Neale,Ruck,Ruck,Ruck
S. Frost,HFC,AFL,2023,KD,KD,Australia,30,6684,18,18,,,2.55,3.11,3.51,2.8,3.56,2.99,2.47,3.28,1.76,2.26,2.24,2.25,1.89,2.13,2.66,2.19,2.53,3.31,3.41,2.89,1.82,Hawthorn,Sam Frost,Key Defender,Key Defender,Key Defender
M. Flynn,GWS,AFL,2023,R,R,Australia,26,11649,9,9,,,2.55,2.59,2.84,2.72,2.41,2.29,2.48,3.26,2.32,1.91,2.42,2.4,1.61,1.46,2.19,3.33,3.0,3.33,2.77,2.09,3.5,GWS Giants,Matt Flynn,Ruck,Ruck,Ruck
N. Erasmus,FRFC,AFL,2023,W,W,Australia,20,5140,8,14,,,2.54,2.98,4.35,3.07,2.12,2.44,2.22,2.16,2.49,1.65,2.33,2.39,2.98,1.86,1.76,2.57,2.54,3.81,1.65,1.52,3.32,Fremantle,Neil Erasmus,Midfielder,Midfielder,Midfielder
M. Knevitt,GFC,AFL,2023,W,W,Australia,20,5466,6,8,,,2.53,2.43,1.69,1.63,2.72,3.32,2.21,1.6,1.78,2.63,2.48,3.15,2.17,4.86,3.64,2.57,2.79,2.66,2.97,2.83,2.74,Geelong,Mitch Knevitt,Midfielder,Midfielder,Midfielder
X. O'Halloran,GWS,AFL,2023,GF,GF,Australia,23,12150,13,15,,,2.52,2.74,2.16,3.12,2.49,2.8,2.37,2.15,2.2,2.36,3.02,2.26,1.72,2.44,2.79,2.44,2.79,2.71,2.71,4.0,2.37,GWS Giants,Xavier O'Halloran,Gen. Forward,Gen. Forward,Gen. Forward
F. Callaghan,GWS,AFL,2023,W,W,Australia,20,6004,21,21,,,2.52,2.49,2.37,2.15,2.06,2.91,2.64,4.05,2.55,1.63,2.85,2.54,2.84,2.19,2.27,2.57,2.32,2.09,2.35,2.5,2.28,GWS Giants,Finn Callaghan,Midfielder,Midfielder,Midfielder
C. Mackenzie,HFC,AFL,2023,GF,GF,Australia,19,5390,10,14,,,2.51,3.12,3.66,2.77,2.13,3.36,2.39,3.76,2.58,1.45,2.78,1.74,1.46,2.03,1.58,2.44,2.62,3.05,2.77,1.55,1.92,Hawthorn,Cam Mackenzie,Gen. Forward,Gen. Forward,Gen. Forward
B. Fiorini,GCFC,AFL,2023,W,W,Australia,26,5842,15,17,,,2.51,2.79,3.4,2.34,2.12,2.99,2.59,2.13,2.67,1.78,3.05,2.14,2.67,1.73,1.54,2.57,2.21,2.32,2.41,1.39,2.81,Gold Coast,Brayden Fiorini,Midfielder,Midfielder,Midfielder
B. Humphrey,GCFC,AFL,2023,GF,GF,Australia,19,5204,18,19,,,2.5,3.08,3.43,3.52,3.63,2.44,2.17,2.43,2.23,1.81,2.58,2.15,1.16,2.6,2.84,2.44,2.57,2.21,2.58,4.15,2.33,Gold Coast,Bailey Humphrey,Gen. Forward,Gen. Forward,Gen. Forward
S. Flanders,GCFC,AFL,2023,M,MF,Australia,22,5402,14,14,,,2.5,2.58,2.12,2.38,2.34,3.59,2.76,2.95,2.94,2.51,2.47,2.7,3.78,2.37,1.58,2.44,1.83,1.73,1.68,2.07,2.56,Gold Coast,Sam Flanders,Mid-Forward,Mid-Forward,Mid-Forward
J. Treacy,FRFC,AFL,2023,KF,KF,Australia,21,5809,17,17,,,2.48,2.5,2.52,2.63,2.51,2.3,2.3,3.21,2.69,1.86,2.49,2.4,1.93,2.14,2.23,3.34,3.37,3.1,3.48,3.16,3.72,Fremantle,Josh Treacy,Key Forward,Key Forward,Key Forward
C. Wagner,FRFC,AFL,2023,GD,GD,Australia,26,5802,9,9,,,2.46,2.6,2.73,2.12,3.02,2.78,2.54,2.99,2.29,1.59,2.68,1.65,2.19,1.21,1.52,2.46,2.71,3.46,3.71,1.37,1.92,Fremantle,Corey Wagner,Gen. Defender,Gen. Defender,Gen. Defender
D. Lloyd,GWS,AFL,2023,GF,GF,Australia,31,12252,23,23,,,2.46,2.68,2.22,2.72,2.13,3.01,2.32,2.57,2.62,1.84,2.47,2.12,2.14,2.2,1.91,2.47,2.78,2.69,2.69,3.21,2.93,GWS Giants,Daniel Lloyd,Gen. Forward,Gen. Forward,Gen. Forward
M. Andrew,GCFC,AFL,2023,KD,KD,Australia,20,6335,17,17,,,2.45,2.49,2.96,1.91,3.32,2.45,2.26,2.2,2.31,2.19,2.37,2.85,2.82,2.91,2.8,2.39,2.17,3.34,2.39,2.03,1.92,Gold Coast,Mac Andrew,Key Defender,Key Defender,Key Defender
B. Banfield,FRFC,AFL,2023,GF,GF,Australia,25,5772,13,14,,,2.45,2.36,1.75,2.32,2.45,2.68,2.48,2.77,2.48,2.36,2.51,2.91,2.86,2.76,3.33,2.44,1.93,1.59,1.49,2.48,3.54,Fremantle,Bailey Banfield,Gen. Forward,Gen. Forward,Gen. Forward
S. Butler,HFC,AFL,2023,GF,GF,Australia,20,5914,6,8,,,2.45,2.6,2.03,2.85,2.28,2.79,2.4,2.9,2.07,2.54,2.34,2.16,2.4,2.22,1.58,2.44,2.67,2.6,2.47,2.84,3.28,Hawthorn,Sam Butler,Gen. Forward,Gen. Forward,Gen. Forward
H. Chapman,FRFC,AFL,2023,GD,GD,Australia,21,5239,3,3,,,2.45,2.19,1.5,2.45,1.59,2.38,2.73,3.55,2.84,1.59,1.66,2.42,2.66,2.8,1.69,2.46,2.34,2.45,2.46,2.51,1.79,Fremantle,Heath Chapman,Gen. Defender,Gen. Defender,Gen. Defender
M. Walters,FRFC,AFL,2023,GF,GF,Australia,32,6232,18,20,,,2.44,2.07,2.03,2.2,2.38,1.9,2.85,2.01,2.91,3.52,2.01,2.66,3.3,2.45,2.0,2.44,1.92,2.23,1.64,2.03,1.85,Fremantle,Michael Walters,Gen. Forward,Gen. Forward,Gen. Forward
C. Wingard,HFC,AFL,2023,GF,GF,Australia,30,5010,13,14,,,2.44,2.76,2.98,2.43,2.34,2.99,2.53,2.37,2.77,2.14,3.03,2.15,2.73,1.95,1.58,2.44,1.98,1.93,2.05,1.22,2.44,Hawthorn,Chad Wingard,Gen. Forward,Gen. Forward,Gen. Forward
H. Himmelberg,GWS,AFL,2023,KD,KD,Australia,27,6052,25,25,,,2.44,3.82,5.0,3.34,3.02,3.68,3.31,3.22,2.76,5.0,4.03,1.84,2.04,1.99,1.52,2.81,1.8,2.66,3.09,1.39,1.46,GWS Giants,Harry Himmelberg,Key Defender,Key Defender,Key Defender
C. Jiath,HFC,AFL,2023,GD,GD,Australia,24,5611,8,8,,,2.43,2.61,2.32,2.88,3.01,2.44,2.61,3.04,2.32,2.36,2.5,2.03,1.51,2.19,2.45,2.46,2.24,1.75,1.41,3.13,3.01,Hawthorn,Changkuoth Jiath,Gen. Defender,Gen. Defender,Gen. Defender
C. Guthrie,GFC,AFL,2023,M,M,Australia,31,5505,6,6,,,2.42,2.39,2.65,2.5,1.56,2.42,1.91,1.96,2.17,1.17,2.12,3.13,2.97,2.37,5.0,2.44,2.73,2.29,3.09,3.39,2.36,Geelong,Cameron Guthrie,Midfielder,Midfielder,Midfielder
M. Chol,GCFC,AFL,2023,KF,KF,Australia,26,5721,8,8,,,2.42,2.59,3.15,2.24,3.69,1.86,2.32,1.83,2.19,2.36,2.7,2.34,2.08,1.81,2.81,3.06,2.6,3.04,2.37,2.89,2.12,Gold Coast,Mabior Chol,Key Forward,Key Forward,Key Forward
J. Henry,GFC,AFL,2023,KD,KD,Australia,25,6497,11,11,,,2.42,2.67,2.35,2.89,3.63,2.15,2.37,2.29,2.13,3.84,2.18,2.44,2.21,2.77,2.22,2.7,2.28,2.84,2.62,2.24,2.07,Geelong,Jack Henry,Key Defender,Key Defender,Key Defender
L. Henry,FRFC,AFL,2023,W,W,Australia,22,6067,16,16,,,2.41,2.6,2.11,1.98,2.72,3.28,2.26,3.14,2.79,1.29,2.12,2.55,3.17,2.05,1.87,2.57,2.27,2.66,2.34,2.0,2.21,Fremantle,Liam Henry,Midfielder,Midfielder,Midfielder
R. Atkins,GCFC,AFL,2023,GD,GD,Australia,29,5936,14,17,,,2.4,2.73,3.08,2.0,2.75,3.1,3.11,3.12,2.97,3.16,3.3,1.85,2.75,1.23,1.54,2.46,1.43,1.32,1.71,1.01,1.66,Gold Coast,Rory Atkins,Gen. Defender,Gen. Defender,Gen. Defender
J. O'Meara,FRFC,AFL,2023,M,M,Australia,29,5461,21,21,,,2.4,2.44,2.65,2.47,2.42,2.15,2.45,2.69,2.71,2.22,1.94,1.9,2.18,1.88,1.49,2.44,2.63,2.83,2.79,1.96,1.88,Fremantle,Jaeger O'Meara,Midfielder,Midfielder,Midfielder
D. Swallow,GCFC,AFL,2023,M,M,Australia,31,5766,23,23,,,2.4,2.02,2.11,2.1,1.87,1.92,2.36,1.84,2.55,3.22,1.81,3.29,3.03,3.92,2.3,2.44,2.43,2.19,2.63,2.25,2.76,Gold Coast,David Swallow,Midfielder,Midfielder,Midfielder
J. Ward,HFC,AFL,2023,W,W,Australia,20,5655,16,16,,,2.39,2.52,3.08,2.74,2.15,2.17,2.57,3.64,3.22,1.89,2.16,2.34,2.87,2.06,1.65,2.57,1.89,2.25,2.16,1.44,1.93,Hawthorn,Josh Ward,Midfielder,Midfielder,Midfielder
C. Ward,GWS,AFL,2023,M,M,Australia,33,5749,23,25,,,2.39,2.42,2.32,2.59,2.5,2.32,2.6,2.55,2.52,2.81,2.61,2.5,2.39,2.76,2.13,2.44,1.92,1.98,1.77,2.15,2.07,GWS Giants,Callan Ward,Midfielder,Midfielder,Midfielder
J. Koschitzke,HFC,AFL,2023,KF,KF,Australia,23,5755,12,12,,,2.39,2.41,2.15,2.86,2.47,2.0,2.17,3.53,2.51,1.8,1.93,2.49,1.83,3.09,1.73,2.79,2.8,2.77,3.18,2.46,2.44,Hawthorn,Jacob Koschitzke,Key Forward,Key Forward,Key Forward
W. Brodie,FRFC,AFL,2023,M,M,Australia,25,5058,4,5,,,2.39,2.64,3.06,2.95,2.07,2.07,2.19,3.15,1.65,2.27,1.88,2.26,0.79,3.39,2.27,2.44,2.34,2.65,2.28,2.27,1.36,Fremantle,Will Brodie,Midfielder,Midfielder,Midfielder
T. Stengle,GFC,AFL,2023,GF,GF,Australia,25,5880,19,19,,,2.39,2.35,2.47,2.23,2.34,2.39,2.7,2.32,2.37,3.21,2.67,2.2,2.15,2.16,2.38,2.44,2.02,1.81,2.16,1.42,2.54,Geelong,Tyson Stengle,Gen. Forward,Gen. Forward,Gen. Forward
M. Johnson,FRFC,AFL,2023,W,W,Australia,20,4909,14,18,,,2.38,2.32,3.27,2.29,3.17,1.65,2.46,3.12,2.71,2.61,2.03,2.05,2.04,2.09,2.04,2.57,2.56,2.4,3.21,1.95,2.84,Fremantle,Matthew Johnson,Midfielder,Midfielder,Midfielder
L. Bramble,HFC,AFL,2023,W,W,Australia,25,5893,8,11,,,2.38,1.69,1.47,1.44,2.83,1.69,2.64,1.75,2.95,1.66,3.12,3.24,2.58,3.21,4.37,2.57,2.3,1.62,2.89,2.74,1.92,Hawthorn,Lachlan Bramble,Midfielder,Midfielder,Midfielder
B. King,GCFC,AFL,2023,KF,KF,Australia,23,6335,20,20,,,2.34,2.29,1.77,2.89,2.79,1.64,2.7,1.74,2.39,3.26,1.99,2.29,2.22,2.63,2.37,1.82,1.41,1.05,1.38,1.89,1.65,Gold Coast,Ben King,Key Forward,Key Forward,Key Forward
J. Jeffrey,GCFC,AFL,2023,GF,GF,Australia,21,4927,7,7,,,2.32,1.65,1.65,1.48,1.86,1.71,2.27,0.81,3.16,2.14,1.93,2.93,1.75,2.74,5.0,2.44,2.97,2.02,3.03,3.6,4.62,Gold Coast,Joel Jeffrey,Gen. Defender,Gen. Defender,Gen. Defender
S. De Koning,GFC,AFL,2023,KD,KD,Australia,22,6630,19,19,,,2.32,3.11,4.09,3.07,2.51,2.8,2.4,2.57,2.32,2.07,2.41,2.05,2.38,2.14,1.71,2.87,2.08,1.78,1.54,2.07,2.34,Geelong,S. De Koning,,KD,Key Defender
I. Cumming,GWS,AFL,2023,GD,GD,Australia,25,11877,20,20,,,2.32,2.15,2.98,1.97,2.24,1.97,2.42,2.33,2.25,3.38,2.39,2.22,2.03,2.25,2.42,2.46,2.4,2.62,2.78,1.72,2.42,GWS Giants,Isaac Cumming,Gen. Defender,Gen. Defender,Gen. Defender
J. Amiss,FRFC,AFL,2023,KF,KF,Australia,20,5818,22,22,,,2.32,1.82,1.58,1.9,2.16,1.74,2.71,2.43,2.54,3.04,2.08,2.43,2.69,2.99,1.73,1.82,1.84,1.98,2.25,1.32,1.3,Fremantle,Jye Amiss,Key Forward,Key Forward,Key Forward
J. Peatling,GWS,AFL,2023,GF,GF,Australia,23,11564,9,10,,,2.28,2.33,2.05,2.41,2.77,2.3,1.91,2.53,2.2,1.02,2.72,2.4,2.11,2.61,2.42,2.44,2.9,2.67,3.0,3.68,2.69,GWS Giants,James Peatling,Gen. Forward,Gen. Forward,Gen. Forward
S. Sturt,FRFC,AFL,2023,GF,GF,Australia,23,5718,12,14,,,2.27,1.78,1.61,1.35,1.94,2.15,2.56,2.3,2.33,3.25,1.73,2.72,3.99,2.25,1.58,2.44,1.94,2.07,1.41,2.13,2.94,Fremantle,Sam Sturt,Gen. Forward,Gen. Forward,Gen. Forward
J. Farrar,GCFC,AFL,2023,GD,GD,Australia,27,5822,5,9,,,2.26,2.3,2.17,3.5,2.69,1.46,1.46,0.94,1.42,2.01,2.17,2.64,2.03,3.3,2.57,2.46,3.11,3.29,2.82,3.54,2.77,Gold Coast,Jy Farrar,Gen. Defender,Gen. Defender,Gen. Defender
R. Stanley,GFC,AFL,2023,R,R,Australia,33,5842,13,13,,,2.26,2.23,2.03,2.17,2.01,2.7,2.17,2.06,2.59,1.52,2.53,2.07,2.28,1.28,1.93,2.6,2.92,2.03,2.39,2.7,3.92,Geelong,Rhys Stanley,Ruck,Ruck,Ruck
J. Riccardi,GWS,AFL,2023,KF,KF,Australia,24,10815,21,21,,,2.26,2.03,2.01,1.55,2.22,2.61,2.62,1.99,2.44,2.86,2.52,1.99,2.08,1.73,2.14,2.18,2.38,2.19,2.45,2.19,2.69,GWS Giants,Jake Riccardi,Key Forward,Key Forward,Key Forward
T. Brockman,HFC,AFL,2023,GF,GF,Australia,21,5146,15,15,,,2.25,2.0,1.64,1.69,1.63,2.5,2.49,3.33,2.21,2.37,2.6,2.31,2.87,1.97,2.09,2.44,2.13,1.88,2.2,2.74,2.14,Hawthorn,Tyler Brockman,Gen. Forward,Gen. Forward,Gen. Forward
S. Simpson,GFC,AFL,2023,GF,GF,Australia,25,5788,5,6,,,2.25,2.25,1.81,2.54,2.17,2.28,2.63,2.93,2.27,3.18,1.85,2.11,1.96,1.79,3.1,2.44,1.57,1.14,1.17,3.61,2.32,Geelong,Sam Simpson,Gen. Forward,Gen. Forward,Gen. Forward
E. Hughes,FRFC,AFL,2023,GD,GD,Australia,29,5897,20,20,,,2.23,1.97,2.32,1.69,2.22,1.99,2.42,2.59,2.31,2.68,2.18,2.32,2.59,2.69,1.57,2.46,2.18,2.24,2.13,1.48,3.02,Fremantle,Ethan Hughes,Gen. Defender,Gen. Defender,Gen. Defender
I. Smith,GFC,AFL,2023,M,MF,Australia,35,6248,22,22,,,2.23,1.66,1.09,0.97,1.75,3.12,2.87,1.96,3.3,2.86,3.28,3.36,4.61,2.29,3.57,2.44,1.42,1.24,1.23,2.07,2.31,Geelong,Isaac Smith,Mid-Forward,Mid-Forward,Mid-Forward
J. Hamling,FRFC,AFL,2023,KD,KD,Australia,30,6571,4,4,,,2.23,2.49,3.16,2.39,1.95,2.44,2.71,3.6,2.4,2.07,1.06,1.84,2.12,1.55,1.98,2.39,2.22,0.98,2.11,1.3,3.14,Fremantle,Joel Hamling,Key Defender,Key Defender,Key Defender
N. Fyfe,FRFC,AFL,2023,M,MF,Australia,32,5361,7,9,,,2.21,2.18,2.18,2.34,2.77,1.68,2.02,2.84,1.46,2.26,1.75,3.53,2.8,4.85,1.86,2.44,1.56,1.28,1.73,1.21,2.38,Fremantle,Nat Fyfe,Mid-Forward,Mid-Forward,Mid-Forward
S. Mitchell,HFC,AFL,2023,GD,GD,Australia,21,5207,14,14,,,2.2,2.15,1.67,1.95,1.51,2.59,2.21,2.22,2.05,1.82,2.66,2.16,2.49,1.84,2.14,2.46,2.25,2.57,1.99,2.18,2.32,Hawthorn,Seamus Mitchell,Gen. Defender,Gen. Defender,Gen. Defender
M. Rosas,GCFC,AFL,2023,GF,GF,Australia,22,5181,18,19,,,2.19,2.18,2.08,2.17,2.77,2.1,2.38,2.06,2.24,2.75,2.18,1.95,1.88,1.79,2.42,2.44,2.08,2.09,2.03,2.34,2.04,Gold Coast,Malcolm Rosas,Gen. Forward,Gen. Forward,Gen. Forward
L. Meek,HFC,AFL,2023,R,R,Australia,25,5277,15,16,,,2.18,1.93,2.06,1.96,1.67,1.94,2.23,2.79,1.68,2.13,2.32,2.22,2.49,2.53,2.19,1.97,2.3,2.67,3.1,1.58,1.93,Hawthorn,Lloyd Meek,Ruck,Ruck,Ruck
T. Bruhn,GFC,AFL,2023,M,M,Australia,21,4661,18,19,,,2.13,2.01,1.98,1.78,2.12,2.23,2.06,1.38,2.38,2.17,2.22,2.09,2.58,1.76,1.94,2.44,2.47,2.23,2.95,2.06,1.97,Geelong,Tanner Bruhn,Midfielder,Midfielder,Midfielder
F. Greene,HFC,AFL,2023,KF,KF,Australia,26,5577,11,11,,,2.13,2.11,1.89,1.64,2.86,2.56,2.48,3.09,2.21,2.5,2.46,1.71,2.6,1.0,1.73,1.82,2.15,2.73,1.55,2.22,2.29,Hawthorn,Fergus Greene,Key Forward,Key Forward,Key Forward
N. Reeves,HFC,AFL,2023,R,R,Australia,25,5392,21,21,,,2.12,1.74,2.1,1.71,1.78,1.3,1.78,1.93,1.69,1.73,1.77,2.52,1.82,1.95,2.47,3.08,2.14,2.2,2.18,2.13,2.07,Hawthorn,Ned Reeves,Ruck,Ruck,Ruck
J. Kolodjashnij,GFC,AFL,2023,KD,KD,Australia,28,6323,19,19,,,2.12,2.24,1.96,2.08,2.69,2.4,2.39,2.36,2.44,2.45,2.28,2.0,2.37,1.99,1.73,2.39,2.03,3.16,2.69,1.97,1.61,Geelong,Jake Kolodjashnij,Key Defender,Key Defender,Key Defender
L. Keeffe,GWS,AFL,2023,KF,KF,Australia,33,10096,14,14,,,2.11,2.17,2.7,1.8,2.55,1.94,1.45,2.35,1.95,0.84,2.04,2.6,1.13,1.76,3.66,4.6,2.84,2.57,2.3,4.07,3.28,GWS Giants,Lachlan Keeffe,Key Forward,Key Forward,Key Forward
B. Long,GCFC,AFL,2023,GD,GD,Australia,26,6015,15,15,,,2.09,2.02,2.54,2.24,3.23,1.44,1.67,1.52,1.63,1.67,2.02,2.16,1.34,2.83,2.35,2.46,2.71,2.2,2.68,3.2,2.77,Gold Coast,Ben Long,Gen. Defender,Gen. Defender,Gen. Defender
N. Wilson,FRFC,AFL,2023,GD,GD,Australia,30,6040,4,4,,,2.08,1.8,1.84,1.46,1.63,2.05,2.34,1.79,2.83,1.59,2.82,2.92,3.22,3.56,1.81,2.46,1.5,2.1,1.11,0.8,2.19,Fremantle,Nathan Wilson,Gen. Defender,Gen. Defender,Gen. Defender
B. Parfitt,GFC,AFL,2023,M,M,Australia,25,4867,4,9,,,2.08,2.0,2.14,2.15,2.59,1.31,1.83,0.59,2.41,2.1,2.1,1.36,0.86,1.76,1.3,2.44,3.14,3.5,3.84,0.47,1.54,Geelong,Brandan Parfitt,Midfielder,Midfielder,Midfielder
N. O'Driscoll,FRFC,AFL,2023,W,W,Australia,21,5918,9,10,,,2.07,1.76,2.1,1.6,1.99,1.65,1.98,1.44,2.68,1.65,1.76,2.43,2.95,1.75,2.02,2.57,2.43,2.4,2.44,2.41,2.47,Fremantle,Nathan O'Driscoll,Midfielder,Midfielder,Midfielder
M. Taberner,FRFC,AFL,2023,KF,KF,Australia,30,5185,4,4,,,2.06,1.74,1.58,1.35,1.78,2.41,2.21,4.26,2.19,1.69,2.63,2.35,2.95,2.57,1.73,1.82,1.46,1.0,1.67,1.82,1.54,Fremantle,Matt Taberner,Key Forward,Key Forward,Key Forward
O. Mullin,GFC,AFL,2023,GD,GD,Australia,23,6164,4,6,,,2.04,1.83,1.56,1.91,3.09,1.58,1.84,2.59,1.36,2.14,1.23,2.11,1.56,2.55,2.25,2.46,2.49,2.19,2.24,3.07,2.5,Geelong,Oisin Mullin,Gen. Defender,Gen. Defender,Gen. Defender
S. Day,GCFC,AFL,2023,KF,KF,Australia,31,5445,3,3,,,2.01,1.74,1.58,1.82,2.48,1.35,1.41,2.1,1.49,1.22,1.47,2.83,2.67,3.79,1.73,2.31,2.33,2.31,2.66,1.56,2.34,Gold Coast,Sam Day,Key Forward,Key Forward,Key Forward
E. Hollands,GCFC,AFL,2023,W,W,Australia,21,5381,9,9,,,2.0,2.26,1.88,2.5,2.48,2.21,1.89,1.57,1.56,2.49,1.9,1.49,1.21,2.09,1.54,2.57,2.18,2.48,3.4,1.13,2.22,Gold Coast,Elijah Hollands,Midfielder,Midfielder,Midfielder
J. Bews,GFC,AFL,2023,GD,GD,Australia,30,5846,15,15,,,1.98,2.0,2.08,2.14,3.86,1.48,1.67,2.18,1.27,2.06,1.28,1.79,1.26,1.93,2.26,2.46,2.49,2.09,2.41,3.26,2.16,Geelong,Jed Bews,Gen. Defender,Gen. Defender,Gen. Defender
A. Sexton,GCFC,AFL,2023,GF,GF,Australia,30,5719,3,8,,,1.96,1.65,1.61,1.13,1.72,2.04,2.26,0.98,2.74,2.12,2.71,2.74,3.42,1.59,4.11,2.44,0.86,0.8,0.8,0.73,1.23,Gold Coast,Alex Sexton,Gen. Forward,Gen. Forward,Gen. Forward
A. Davies,GCFC,AFL,2023,M,MF,Australia,21,5386,9,9,,,1.95,1.97,1.77,2.59,2.58,1.25,1.47,1.21,1.4,1.87,1.53,2.14,1.54,2.8,1.73,2.44,2.49,2.46,2.25,1.94,4.08,Gold Coast,Alex Davies,Mid-Forward,Mid-Forward,Mid-Forward
J. Corbett,FRFC,AFL,2023,KF,KF,Australia,27,5246,4,5,,,1.95,1.47,1.58,1.06,1.85,1.72,1.95,1.65,2.42,1.76,1.99,2.4,3.18,2.09,2.81,1.82,1.82,2.11,1.33,2.61,1.66,Fremantle,Josh Corbett,Key Forward,Key Forward,Key Forward
R. Angwin,GWS,AFL,2023,W,W,Australia,21,10562,13,15,,,1.93,1.92,1.88,1.45,2.78,2.07,1.63,2.16,1.26,1.33,1.93,1.76,1.52,2.1,1.94,2.57,2.57,2.54,1.61,2.37,3.43,GWS Giants,Ryan Angwin,Midfielder,Midfielder,Midfielder
B. Ryan,HFC,AFL,2023,KF,KF,Australia,26,4581,3,3,,,1.9,1.34,1.58,0.98,1.71,1.4,1.96,0.75,1.74,2.39,1.7,2.34,2.48,2.2,3.29,1.82,1.76,1.53,2.0,2.57,1.06,Hawthorn,Brandon Ryan,Key Forward,Key Forward,Key Forward
T. Berry,GCFC,AFL,2023,GF,GF,Australia,23,4885,5,6,,,1.89,1.79,1.74,1.85,3.67,1.3,1.54,2.19,1.69,0.93,1.92,1.74,1.76,1.79,1.58,2.44,3.1,4.13,2.97,1.88,1.83,Gold Coast,Thomas Berry,Gen. Forward,Gen. Forward,Gen. Forward
J. Blanck,HFC,AFL,2023,KD,KD,Australia,23,6135,14,15,,,1.89,1.69,1.91,1.72,2.64,1.03,1.87,1.99,1.83,2.07,1.39,1.61,1.11,2.09,1.41,2.39,2.25,3.06,2.51,1.84,2.27,Hawthorn,James Blanck,Key Defender,Key Defender,Key Defender
C. Hamilton,GWS,AFL,2023,W,W,Australia,20,5634,3,4,,,1.89,1.69,0.95,2.55,1.9,1.37,1.7,2.63,1.45,2.29,1.35,2.28,2.32,2.88,1.83,2.57,2.23,2.38,1.83,2.74,1.88,GWS Giants,Cooper Hamilton,Midfielder,Midfielder,Midfielder
N. Long,HFC,AFL,2023,M,MF,Australia,20,4967,3,4,,,1.87,1.34,0.7,1.08,3.45,1.22,1.9,2.14,1.71,2.24,1.59,1.84,2.48,1.57,1.3,2.69,2.79,2.71,3.04,1.54,3.39,Hawthorn,Ned Long,Mid-Forward,Mid-Forward,Mid-Forward
B. Walker,FRFC,AFL,2023,GD,GD,Australia,21,6074,14,14,,,1.87,1.69,1.51,1.66,2.29,1.63,1.88,1.91,2.19,1.59,1.45,2.02,1.7,2.66,1.65,2.46,1.94,1.75,1.78,2.03,2.31,Fremantle,Brandon Walker,Gen. Defender,Gen. Defender,Gen. Defender
S. Lemmens,GCFC,AFL,2023,GD,GD,Australia,29,5363,11,11,,,1.84,1.66,2.11,1.8,2.83,1.16,1.55,0.69,2.24,1.73,1.77,2.57,2.33,3.61,1.63,2.46,1.96,2.17,2.12,1.46,2.1,Gold Coast,Sean Lemmens,Gen. Defender,Gen. Defender,Gen. Defender
D. Grainger-Barras,HFC,AFL,2023,KF,KF,Australia,21,4959,6,7,,,1.79,1.43,1.58,1.21,1.96,1.28,1.9,2.1,2.56,1.39,2.36,1.91,2.03,1.67,2.45,1.82,1.94,1.18,1.4,4.43,2.15,Hawthorn,Denver Grainger-Barras,Key Forward,Key Forward,Key Forward
J. Fahey,GWS,AFL,2023,W,W,Australia,20,11124,3,7,,,1.75,1.21,0.88,1.51,1.77,1.0,2.2,1.2,1.46,3.6,2.31,2.24,2.63,1.86,1.83,2.57,1.41,2.51,1.61,0.85,1.11,GWS Giants,Josh Fahey,Midfielder,Midfielder,Midfielder
H. Rowston,GWS,AFL,2023,M,M,Australia,19,9787,4,7,,,1.68,1.14,1.08,1.04,2.02,0.81,1.83,1.9,2.37,1.13,1.48,2.68,2.65,3.32,1.3,2.44,1.64,2.24,0.96,0.71,2.93,GWS Giants,Harry Rowston,Midfielder,Midfielder,Midfielder
K. Worner,FRFC,AFL,2023,GD,GD,Australia,21,5677,3,4,,,1.64,1.63,1.97,1.07,1.47,1.93,1.83,1.33,2.18,2.36,1.84,2.02,2.1,1.25,2.82,2.46,1.16,0.82,0.91,1.06,2.1,Fremantle,Karl Worner,Gen. Defender,Gen. Defender,Gen. Defender
H. Oea,GCFC,AFL,2023,M,MF,Australia,22,4806,8,8,,,1.63,1.37,0.93,0.92,3.68,1.04,1.75,1.35,2.04,2.23,1.27,1.68,1.79,1.76,1.3,2.44,1.85,1.56,1.83,1.75,3.13,Gold Coast,Hewago Oea,Mid-Forward,Mid-Forward,Mid-Forward
J. Wehr,GWS,AFL,2023,W,W,Australia,25,10389,3,4,,,1.6,1.33,1.72,2.02,2.71,0.27,1.83,2.2,1.68,1.64,1.94,1.85,1.61,2.9,1.54,2.57,1.43,2.35,3.12,0.0,1.11,GWS Giants,Jacob Wehr,Midfielder,Midfielder,Midfielder
A. Cadman,GWS,AFL,2023,KF,KF,Australia,19,9116,12,12,,,1.59,1.54,1.58,1.35,2.43,1.22,1.46,1.38,1.57,1.42,1.48,1.63,1.03,1.87,1.73,1.82,2.03,2.39,2.31,2.05,0.98,GWS Giants,Aaron Cadman,Key Forward,Key Forward,Key Forward
F. Maginness,HFC,AFL,2023,M,MF,Australia,22,6176,12,13,,,1.55,1.01,0.64,0.9,1.51,1.35,1.72,1.41,2.25,1.42,1.48,2.49,3.55,1.76,2.26,2.44,1.52,1.2,1.59,1.9,2.07,Hawthorn,Finn Maginness,Mid-Forward,Mid-Forward,Mid-Forward
A. Kennedy,GWS,AFL,2023,GF,GF,Australia,31,10089,3,5,,,1.55,1.27,1.33,1.15,1.87,1.18,1.69,1.66,2.55,0.94,1.49,1.42,0.97,1.7,1.58,2.44,1.97,1.74,1.21,4.47,2.85,GWS Giants,Adam Kennedy,Gen. Forward,Gen. Forward,Gen. Forward
D. Martin,RFC,AFL,2023,GF,GF,Australia,32,6365,20,20,,,3.67,4.69,5.0,4.91,3.73,4.39,3.49,4.65,3.1,3.13,4.1,3.58,3.54,4.15,2.37,2.47,2.17,2.15,2.0,2.96,2.14,Richmond,Dustin Martin,Gen. Forward,Gen. Forward,Gen. Forward
D. Houston,PAFC,AFL,2023,GD,GD,Australia,26,6216,25,25,,,3.47,4.09,5.0,4.49,2.73,3.68,3.32,3.17,3.07,4.59,3.37,3.04,2.75,3.32,3.04,2.56,3.34,3.76,3.8,2.93,2.63,Port Adelaide,Dan Houston,Gen. Defender,Gen. Defender,Gen. Defender
R. Marshall,SKFC,AFL,2023,R,R,Australia,28,6125,24,24,,,3.46,3.73,3.85,4.17,2.46,4.15,3.23,3.06,3.57,2.5,3.78,3.52,3.65,3.57,4.64,2.77,3.32,3.57,3.85,4.45,2.14,St Kilda,Rowan Marshall,Ruck,Ruck,Ruck
C. Dixon,PAFC,AFL,2023,KF,KF,Australia,33,7077,14,14,,,3.38,3.8,4.8,4.52,3.0,2.29,2.73,3.01,2.36,2.83,2.85,3.94,2.41,4.54,3.68,4.77,2.93,2.88,2.81,3.21,3.04,Port Adelaide,Charlie Dixon,Key Forward,Key Forward,Key Forward
C. Oliver,MFC,AFL,2023,M,M,Australia,26,6436,15,15,,,3.3,3.8,4.29,4.14,2.34,3.65,2.86,3.36,2.45,2.39,3.41,2.74,2.66,2.08,4.36,2.46,3.49,3.2,3.6,5.0,2.54,Melbourne,Clayton Oliver,Midfielder,Midfielder,Midfielder
M. Wood,SKFC,AFL,2023,W,W,Australia,30,6290,24,24,,,3.29,2.99,2.44,3.35,2.4,3.15,3.04,2.76,3.12,3.66,2.75,4.72,4.33,5.0,5.0,2.57,3.1,2.52,2.28,3.56,3.55,St Kilda,Mason Wood,Midfielder,Midfielder,Midfielder
J. Sinclair,SKFC,AFL,2023,GD,GD,Australia,28,6058,24,24,,,3.23,4.39,5.0,4.56,2.44,4.33,3.52,3.94,3.16,3.51,3.4,1.99,2.2,1.55,2.26,2.46,2.43,2.78,2.5,2.44,1.85,St Kilda,Jack Sinclair,Gen. Defender,Gen. Defender,Gen. Defender
M. Owens,SKFC,AFL,2023,KF,KF,Australia,20,5976,23,23,,,3.21,4.51,4.76,4.93,3.82,4.07,2.73,4.51,2.61,2.21,3.48,2.39,1.39,2.16,3.46,3.07,4.12,4.35,4.62,4.69,2.48,St Kilda,Mitch Owens,Key Forward,Key Forward,Key Forward
M. Gawn,MFC,AFL,2023,R,R,Australia,32,6032,22,22,,,3.19,3.19,3.18,3.82,2.57,3.07,3.02,2.69,3.19,3.12,3.1,3.53,3.53,4.72,3.56,2.77,2.57,1.85,2.05,3.48,2.84,Melbourne,Max Gawn,Ruck,Ruck,Ruck
H. Sheezel,NMFC,AFL,2023,GD,GD,Australia,19,6346,23,23,,,3.16,3.95,4.5,3.81,2.01,4.28,3.48,4.61,2.49,3.09,3.45,1.85,2.35,1.68,1.45,2.57,2.71,3.85,3.25,1.67,1.78,North Melbourne,Harry Sheezel,Gen. Defender,Gen. Defender,Gen. Defender
L. Davies-Uniacke,NMFC,AFL,2023,M,M,Australia,24,6024,14,14,,,3.14,3.73,4.04,3.62,3.72,3.4,3.27,3.27,3.42,3.01,3.26,2.35,2.29,2.01,3.21,2.44,2.51,2.52,2.65,2.26,2.13,North Melbourne,Luke Davies-Uniacke,Midfielder,Midfielder,Midfielder
C. Petracca,MFC,AFL,2023,M,M,Australia,27,6354,25,25,,,3.13,3.49,3.37,3.69,3.36,3.56,3.29,2.83,2.6,5.0,3.3,3.0,3.24,3.01,2.53,3.35,2.36,2.09,2.42,3.16,2.43,Melbourne,Christian Petracca,Midfielder,Midfielder,Midfielder
C. Wilkie,SKFC,AFL,2023,KD,KD,Australia,27,7202,24,24,,,3.11,3.07,1.7,3.2,2.09,4.3,3.39,3.59,3.46,2.1,3.57,3.2,3.75,2.85,3.2,2.39,2.95,2.68,3.43,3.53,2.46,St Kilda,Callum Wilkie,Key Defender,Key Defender,Key Defender
N. Vlastuin,RFC,AFL,2023,GD,GD,Australia,29,6722,21,21,,,3.08,2.48,1.99,3.05,2.9,2.18,2.51,2.11,2.97,2.26,2.54,4.59,3.86,4.62,5.0,2.46,3.59,2.87,2.89,4.95,3.82,Richmond,Nick Vlastuin,Gen. Defender,Gen. Defender,Gen. Defender
C. Zurhaar,NMFC,AFL,2023,GF,GF,Australia,25,6174,16,16,,,3.07,3.63,4.22,3.73,3.69,3.25,3.03,2.96,2.66,3.12,3.77,2.88,1.94,3.13,3.99,2.44,2.27,1.82,2.11,3.08,3.21,North Melbourne,Cameron Zurhaar,Gen. Forward,Gen. Forward,Gen. Forward
J. Finlayson,PAFC,AFL,2023,KF,KF,Australia,27,6485,21,22,,,3.06,3.62,4.69,3.24,2.41,3.83,3.08,2.62,2.88,3.22,3.28,2.69,2.59,2.23,2.76,3.41,2.68,2.63,2.81,2.7,2.54,Port Adelaide,Jeremy Finlayson,Key Forward,Key Forward,Key Forward
Z. Butters,PAFC,AFL,2023,M,M,Australia,23,5949,25,25,,,3.01,3.08,2.65,3.1,3.0,3.73,3.32,3.05,3.39,2.99,3.84,3.11,3.58,3.01,2.53,2.44,2.35,1.94,2.16,4.03,3.02,Port Adelaide,Zak Butters,Midfielder,Midfielder,Midfielder
T. Taranto,RFC,AFL,2023,M,M,Australia,25,6335,23,23,,,2.96,3.36,4.01,3.15,2.12,3.39,2.68,2.69,1.8,4.06,2.82,2.08,2.19,2.12,1.8,2.44,3.36,3.68,3.54,2.33,2.35,Richmond,Tim Taranto,Midfielder,Midfielder,Midfielder
A. Aliir,PAFC,AFL,2023,KD,KD,Australia,29,7414,24,24,,,2.95,2.88,2.26,3.52,3.02,2.47,2.0,1.33,2.51,2.16,2.44,3.22,2.5,3.41,3.5,2.39,3.17,1.86,2.82,3.95,3.05,Port Adelaide,Aliir Aliir,Key Defender,Key Defender,Key Defender
N. Balta,RFC,AFL,2023,KD,KD,Australia,24,6804,23,23,,,2.95,2.75,1.71,3.09,3.4,2.73,2.24,1.3,2.56,3.15,3.83,4.06,3.19,4.4,4.3,2.47,2.41,2.78,2.1,3.54,1.67,Richmond,Noah Balta,Key Defender,Key Defender,Key Defender
T. Nankervis,RFC,AFL,2023,R,R,Australia,29,5991,15,15,,,2.94,3.23,3.69,3.25,2.41,3.32,2.69,3.26,2.51,2.14,2.85,2.54,2.08,1.47,2.7,3.21,4.06,4.05,4.13,3.26,4.48,Richmond,Toby Nankervis,Ruck,Ruck,Ruck
C. Rozee,PAFC,AFL,2023,M,M,Australia,23,6360,25,25,,,2.94,2.7,2.31,2.55,2.74,3.39,3.27,2.55,3.12,4.33,3.37,3.04,3.21,2.93,2.99,2.44,2.76,3.1,2.55,2.73,2.29,Port Adelaide,Connor Rozee,Midfielder,Midfielder,Midfielder
T. Rivers,MFC,AFL,2023,GD,GD,Australia,22,5827,25,25,,,2.93,3.2,2.89,3.42,2.96,3.2,2.68,2.8,2.38,2.96,2.86,3.21,2.25,3.82,3.63,2.46,2.82,2.83,2.47,3.71,2.25,Melbourne,Trent Rivers,Gen. Defender,Gen. Defender,Gen. Defender
D. Rioli,RFC,AFL,2023,GD,GD,Australia,26,6255,23,23,,,2.92,3.01,2.66,3.26,2.56,3.05,3.09,3.6,2.62,3.39,2.85,2.3,1.99,2.46,2.46,2.46,2.96,3.59,3.7,2.5,1.62,Richmond,Daniel Rioli,Gen. Defender,Gen. Defender,Gen. Defender
J. Lever,MFC,AFL,2023,KD,KD,Australia,27,7448,24,24,,,2.92,3.12,2.37,2.98,3.68,3.51,2.97,3.64,2.59,2.07,2.68,2.83,2.5,2.21,3.78,2.39,2.87,2.31,1.91,3.98,2.58,Melbourne,Jake Lever,Key Defender,Key Defender,Key Defender
B. McKay,NMFC,AFL,2023,KD,KD,Australia,26,7108,19,19,,,2.9,2.37,2.37,2.41,2.05,2.47,2.58,2.98,2.45,2.07,1.95,3.82,3.17,3.73,4.39,2.39,2.56,2.6,2.03,3.37,2.18,North Melbourne,Ben McKay,Key Defender,Key Defender,Key Defender
J. Ziebell,NMFC,AFL,2023,GD,GD,Australia,32,6045,18,22,,,2.89,2.58,1.69,2.75,1.59,2.98,2.91,2.27,3.82,1.89,2.93,3.65,3.72,3.3,3.99,2.46,2.71,1.88,2.41,3.37,3.36,North Melbourne,Jack Ziebell,Gen. Defender,Gen. Defender,Gen. Defender
J. Steele,SKFC,AFL,2023,M,M,Australia,28,5737,21,21,,,2.89,2.89,3.09,3.12,2.01,2.89,2.48,3.06,2.38,1.8,2.59,2.82,3.02,2.61,2.94,2.44,3.59,3.9,3.74,3.37,1.99,St Kilda,Jack Steele,Midfielder,Midfielder,Midfielder
J. Gresham,SKFC,AFL,2023,GF,GF,Australia,26,5934,22,23,,,2.89,3.58,3.88,3.88,2.45,3.49,2.61,3.26,2.21,2.52,3.15,2.49,2.57,2.23,2.96,2.44,2.66,2.67,2.77,2.7,2.27,St Kilda,Jade Gresham,Gen. Forward,Gen. Forward,Gen. Forward
T. Lynch,RFC,AFL,2023,KF,KF,Australia,31,6506,4,4,,,2.89,2.68,2.53,3.01,4.21,1.44,2.82,1.65,2.23,3.62,1.94,3.16,3.07,4.77,1.73,1.86,2.8,3.72,1.76,1.85,3.94,Richmond,Tom Lynch,Key Forward,Key Forward,Key Forward
J. Short,RFC,AFL,2023,GD,GD,Australia,27,5655,16,16,,,2.86,3.26,3.77,2.87,2.33,3.55,3.12,2.03,3.39,4.7,3.75,2.49,3.15,2.22,2.04,2.46,2.33,2.46,3.03,1.82,1.77,Richmond,Jayden Short,Gen. Defender,Gen. Defender,Gen. Defender
L. Shiels,NMFC,AFL,2023,W,W,Australia,32,5743,15,16,,,2.85,3.25,4.15,4.13,2.87,2.23,2.33,3.81,1.88,1.51,2.7,3.36,2.68,3.51,4.38,2.57,2.77,3.57,2.98,2.46,2.41,North Melbourne,Liam Shiels,Midfielder,Midfielder,Midfielder
E. Ford,NMFC,AFL,2023,GF,GF,Australia,21,5890,14,14,,,2.84,2.6,1.9,2.43,2.19,3.18,2.76,3.47,3.09,2.32,2.3,3.77,3.64,3.38,4.87,2.44,2.28,1.89,1.64,4.87,3.15,North Melbourne,Eddie Ford,Gen. Forward,Gen. Forward,Gen. Forward
J. Ross,RFC,AFL,2023,W,W,Australia,23,12257,17,19,,,2.84,2.78,3.12,2.57,2.41,2.86,2.98,3.23,3.05,2.65,3.02,2.91,3.04,2.75,2.79,2.57,2.63,2.18,2.48,2.81,2.86,Richmond,Jack Ross,Midfielder,Midfielder,Midfielder
T. Boak,PAFC,AFL,2023,W,W,Australia,35,5912,17,21,,,2.82,3.63,3.38,3.97,3.18,3.62,2.54,2.91,2.4,2.91,2.36,2.22,1.92,2.57,2.49,2.57,2.57,3.01,2.03,3.26,1.94,Port Adelaide,Travis Boak,Midfielder,Midfielder,Midfielder
L. McDonald,NMFC,AFL,2023,GD,GD,Australia,28,6451,22,22,,,2.81,2.54,2.22,2.4,2.56,2.73,2.46,2.56,2.54,1.95,2.41,2.97,2.89,2.77,3.3,2.46,3.46,3.49,3.95,2.81,3.52,North Melbourne,Luke McDonald,Gen. Defender,Gen. Defender,Gen. Defender
N. Broad,RFC,AFL,2023,GD,GD,Australia,30,6803,19,19,,,2.81,2.19,1.87,2.28,2.1,2.25,2.5,2.21,2.98,2.26,2.26,3.83,2.97,4.49,4.07,2.46,3.26,2.5,2.83,3.52,4.51,Richmond,Nathan Broad,Gen. Defender,Gen. Defender,Gen. Defender
L. Hunter,MFC,AFL,2023,W,W,Australia,29,6902,24,24,,,2.8,3.5,3.43,3.79,2.67,3.52,2.78,3.29,2.57,2.36,3.03,2.01,2.18,1.86,1.83,2.57,2.4,2.27,2.04,3.29,1.84,Melbourne,Lachie Hunter,Midfielder,Midfielder,Midfielder
B. Crouch,SKFC,AFL,2023,M,M,Australia,29,5683,24,24,,,2.79,3.16,3.66,3.25,1.87,3.13,2.55,3.07,2.34,2.29,2.54,2.28,2.49,2.0,2.58,2.44,2.9,3.25,3.1,2.24,1.42,St Kilda,Brad Crouch,Midfielder,Midfielder,Midfielder
S. May,MFC,AFL,2023,KD,KD,Australia,31,7269,23,23,,,2.78,2.41,2.05,2.69,2.29,2.4,2.8,1.83,3.67,2.2,3.78,2.97,2.16,3.12,3.37,2.39,2.82,2.57,2.84,2.85,2.86,Melbourne,Steven May,Key Defender,Key Defender,Key Defender
J. Viney,MFC,AFL,2023,M,M,Australia,29,5963,24,24,,,2.77,3.17,3.17,3.59,2.94,2.91,2.24,2.15,1.94,2.38,2.74,2.35,1.99,2.61,2.42,2.44,3.16,3.15,3.25,3.53,2.43,Melbourne,Jack Viney,Midfielder,Midfielder,Midfielder
T. Goldstein,NMFC,AFL,2023,R,R,Australia,35,5901,20,20,,,2.77,2.71,2.85,3.11,2.4,2.39,2.56,3.38,2.46,2.0,2.39,2.97,2.01,2.66,3.04,3.37,2.65,2.14,1.94,2.98,3.26,North Melbourne,Todd Goldstein,Ruck,Ruck,Ruck
B. Fritsch,MFC,AFL,2023,GF,GF,Australia,27,6321,17,17,,,2.77,2.01,1.35,2.07,2.32,2.23,3.27,1.5,2.83,4.66,2.84,3.7,3.61,4.11,2.94,2.44,1.85,1.63,1.59,2.06,2.92,Melbourne,Bayley Fritsch,Gen. Forward,Gen. Forward,Gen. Forward
A. Hall,NMFC,AFL,2023,GD,GD,Australia,33,6221,6,6,,,2.76,3.0,2.61,2.24,2.27,3.8,2.94,2.98,3.16,1.59,3.16,2.19,2.94,1.86,1.7,2.46,2.59,3.41,3.12,1.7,1.88,North Melbourne,Aaron Hall,Gen. Defender,Gen. Defender,Gen. Defender
A. Neal-Bullen,MFC,AFL,2023,GF,GF,Australia,27,5819,25,25,,,2.76,3.1,2.52,3.24,2.7,3.39,2.51,2.79,2.52,2.19,2.99,2.07,2.32,1.95,1.88,2.43,3.6,3.26,4.06,3.87,2.97,Melbourne,Alex Neal-Bullen,Gen. Forward,Gen. Forward,Gen. Forward
S. Bolton,RFC,AFL,2023,M,MF,Australia,25,6486,23,23,,,2.75,2.58,2.26,2.45,3.31,2.72,3.23,2.14,2.87,5.0,3.34,3.17,2.73,3.98,2.13,2.44,1.99,1.88,1.87,2.06,2.82,Richmond,Shai Bolton,Mid-Forward,Mid-Forward,Mid-Forward
B. Scott,NMFC,AFL,2023,W,W,Australia,23,6390,23,23,,,2.73,2.45,2.52,1.79,2.16,2.99,3.11,2.98,2.86,2.15,3.8,2.73,3.26,1.99,2.35,2.57,2.48,2.35,3.12,2.52,2.09,North Melbourne,Bailey Scott,Midfielder,Midfielder,Midfielder
L. Baker,RFC,AFL,2023,GD,GD,Australia,25,6226,23,23,,,2.73,3.34,3.25,3.85,2.86,3.15,2.87,3.26,1.96,5.0,2.61,1.75,1.71,1.55,2.04,2.46,2.5,3.48,2.21,2.11,2.19,Richmond,Liam Baker,Gen. Defender,Gen. Defender,Gen. Defender
S. Powell-Pepper,PAFC,AFL,2023,GF,GF,Australia,25,6491,25,25,,,2.72,3.19,3.5,3.61,3.74,2.59,2.69,2.61,2.41,3.12,2.45,2.14,1.82,2.37,2.19,2.62,2.63,3.07,2.32,2.16,2.76,Port Adelaide,Sam Powell-Pepper,Gen. Forward,Gen. Forward,Gen. Forward
N. Larkey,NMFC,AFL,2023,KF,KF,Australia,25,7203,23,23,,,2.72,2.31,1.78,2.57,2.57,2.35,3.5,2.13,2.94,4.46,2.2,2.41,3.12,2.52,1.73,1.95,1.92,1.59,1.63,1.64,3.14,North Melbourne,Nick Larkey,Key Forward,Key Forward,Key Forward
K. Pickett,MFC,AFL,2023,GF,GF,Australia,22,6202,23,23,,,2.69,2.74,2.96,2.89,3.4,2.36,2.82,1.87,2.44,3.72,2.59,2.13,2.56,2.04,1.58,2.44,3.01,3.06,3.49,1.25,2.77,Melbourne,Kysaiah Pickett,Gen. Forward,Gen. Forward,Gen. Forward
T. Thomas,NMFC,AFL,2023,M,M,Australia,23,6214,12,12,,,2.68,2.57,2.61,2.5,3.27,2.17,2.92,1.97,2.95,4.15,2.81,2.44,2.04,2.69,2.58,2.49,2.68,2.61,2.67,2.24,3.42,North Melbourne,Tarryn Thomas,Midfielder,Midfielder,Midfielder
N. Wanganeen-Milera,SKFC,AFL,2023,GD,GD,Australia,20,5957,24,24,,,2.68,2.72,1.92,2.16,2.02,3.52,2.97,2.85,3.07,2.89,3.06,2.61,3.07,2.22,2.53,2.46,2.29,2.19,2.46,2.41,2.01,St Kilda,Nasiah Wanganeen-Milera,Gen. Defender,Gen. Defender,Gen. Defender
M. King,SKFC,AFL,2023,KF,KF,Australia,23,5604,11,11,,,2.66,2.45,2.17,2.7,2.62,2.29,3.17,2.11,2.58,3.9,2.41,2.62,2.34,3.43,2.15,2.03,1.52,1.52,1.71,1.69,1.06,St Kilda,Max King,Key Forward,Key Forward,Key Forward
E. Langdon,MFC,AFL,2023,W,W,Australia,27,6908,25,25,,,2.64,2.97,2.88,2.59,2.27,3.47,2.66,3.21,2.45,2.36,2.84,2.07,2.21,1.82,1.99,2.57,2.53,2.36,2.85,3.44,1.52,Melbourne,Ed Langdon,Midfielder,Midfielder,Midfielder
H. Greenwood,NMFC,AFL,2023,M,M,Australia,31,5571,11,14,,,2.63,2.34,2.84,2.89,2.07,1.26,1.83,2.85,1.29,2.09,1.26,3.8,1.76,5.0,4.06,3.62,3.44,3.51,3.3,3.55,3.58,North Melbourne,Hugh Greenwood,Midfielder,Midfielder,Midfielder
G. Logue,NMFC,AFL,2023,KD,KD,Australia,25,6589,15,15,,,2.63,2.58,2.54,2.56,2.24,2.8,2.65,3.17,2.23,2.71,2.23,2.87,2.87,2.88,2.85,2.99,2.44,2.84,2.01,2.63,2.37,North Melbourne,Griffin Logue,Key Defender,Key Defender,Key Defender
T. Powell,NMFC,AFL,2023,GF,GF,Australia,21,5827,13,14,,,2.62,3.34,4.46,2.48,1.62,3.86,2.54,4.1,2.29,1.81,3.3,2.08,1.73,1.79,3.33,2.44,2.09,2.3,1.89,2.18,2.1,North Melbourne,Tom Powell,Gen. Forward,Gen. Forward,Gen. Forward
D. Howard,SKFC,AFL,2023,KD,KD,Australia,27,6812,18,18,,,2.62,2.35,1.86,2.19,2.67,2.71,2.79,3.18,2.77,2.14,1.98,2.39,2.67,2.07,2.56,2.39,2.88,1.87,1.74,2.71,3.61,St Kilda,Dougal Howard,Key Defender,Key Defender,Key Defender
B. Grundy,MFC,AFL,2023,R,R,Australia,29,5339,17,17,,,2.6,2.76,2.57,2.93,2.22,3.26,2.91,2.94,2.73,3.08,2.9,2.51,2.35,2.49,2.96,2.29,2.07,2.38,2.64,2.42,1.29,Melbourne,Brodie Grundy,Ruck,Ruck,Ruck
J. Higgins,SKFC,AFL,2023,GF,GF,Australia,24,5761,22,22,,,2.6,2.54,1.9,2.78,1.97,2.83,2.88,2.25,2.51,3.73,2.36,2.73,3.59,2.26,2.27,2.44,1.89,1.71,2.03,1.65,2.1,St Kilda,Jack Higgins,Gen. Forward,Gen. Forward,Gen. Forward
J. Horne-Francis,PAFC,AFL,2023,M,M,Australia,20,5765,24,24,,,2.59,2.72,2.7,2.78,3.73,2.08,2.53,1.34,2.88,3.39,2.53,3.44,2.75,3.87,3.71,2.44,1.82,1.69,1.68,2.98,1.79,Port Adelaide,Jason Horne-Francis,Midfielder,Midfielder,Midfielder
J. Melksham,MFC,AFL,2023,GF,GF,Australia,32,5943,9,13,,,2.57,1.73,1.33,1.76,2.4,1.73,2.69,1.24,2.03,4.1,2.4,4.22,4.41,4.88,2.42,2.44,1.74,1.17,1.66,1.39,3.51,Melbourne,Jake Melksham,Gen. Forward,Gen. Forward,Gen. Forward
X. Duursma,PAFC,AFL,2023,W,W,Australia,23,5756,16,16,,,2.57,2.79,2.57,2.99,3.07,2.67,2.22,2.26,2.32,2.58,1.95,2.72,2.31,3.05,3.17,2.57,2.78,2.88,2.31,3.57,2.22,Port Adelaide,Xavier Duursma,Midfielder,Midfielder,Midfielder
J. Battle,SKFC,AFL,2023,KD,KD,Australia,25,6239,23,23,,,2.57,2.55,2.46,2.55,2.25,2.78,2.54,2.54,2.5,2.53,2.7,2.97,3.06,2.75,3.15,2.41,2.25,3.07,2.78,2.69,1.61,St Kilda,Josh Battle,Key Defender,Key Defender,Key Defender
C. Salem,MFC,AFL,2023,GD,GD,Australia,28,6183,16,16,,,2.56,3.03,3.24,3.19,2.52,2.96,2.11,1.86,2.24,1.72,2.5,2.13,1.66,2.78,1.93,2.46,3.0,3.67,3.88,2.51,1.43,Melbourne,Christian Salem,Gen. Defender,Gen. Defender,Gen. Defender
L. Stocker,SKFC,AFL,2023,GD,GD,Australia,23,5503,21,23,,,2.56,2.44,1.99,2.56,2.39,2.52,2.46,2.73,2.57,1.74,2.14,3.22,3.92,2.8,2.88,2.46,2.44,2.32,2.06,2.94,2.51,St Kilda,Liam Stocker,Gen. Defender,Gen. Defender,Gen. Defender
W. Rioli,PAFC,AFL,2023,GF,GF,Australia,28,6164,19,19,,,2.56,2.27,2.11,2.35,2.65,2.19,2.9,1.71,2.87,3.61,2.51,2.55,2.48,2.67,2.41,2.44,2.35,2.23,2.15,3.25,2.57,Port Adelaide,Willie Rioli,Gen. Forward,Gen. Forward,Gen. Forward
D. Byrne-Jones,PAFC,AFL,2023,GF,GF,Australia,28,5966,22,23,,,2.55,2.46,1.9,2.44,2.18,2.83,2.68,2.49,3.0,2.32,2.95,2.24,2.34,2.0,2.61,2.44,2.82,2.52,2.65,3.43,3.55,Port Adelaide,Darcy Byrne-Jones,Gen. Forward,Gen. Forward,Gen. Forward
I. Soldo,RFC,AFL,2023,R,R,Australia,27,10470,8,8,,,2.54,2.08,2.04,2.19,2.37,1.77,3.02,2.79,2.41,4.07,2.81,2.66,3.89,2.61,2.11,2.73,2.04,2.97,2.92,1.29,1.32,Richmond,Ivan Soldo,Ruck,Ruck,Ruck
D. Howe,NMFC,AFL,2023,W,W,Australia,28,5842,7,11,,,2.54,2.51,3.06,2.86,2.03,2.09,2.59,2.15,2.36,1.92,3.21,1.8,1.49,2.59,1.79,2.57,3.07,2.37,3.43,2.83,3.54,North Melbourne,Daniel Howe,Midfielder,Midfielder,Midfielder
A. Brayshaw,MFC,AFL,2023,M,M,Australia,27,5827,24,24,,,2.53,2.39,2.12,2.3,2.09,3.04,2.51,2.55,3.01,1.45,2.63,3.03,2.68,2.51,4.81,2.44,2.46,2.0,2.16,4.66,3.31,Melbourne,Angus Brayshaw,Midfielder,Midfielder,Midfielder
M. Bergman,PAFC,AFL,2023,GD,GD,Australia,22,6199,24,24,,,2.53,2.6,3.2,3.08,2.85,2.03,1.82,1.4,1.61,3.07,2.3,3.49,2.81,4.11,3.55,2.46,2.89,2.72,2.79,3.09,3.01,Port Adelaide,Miles Bergman,Gen. Defender,Gen. Defender,Gen. Defender
J. Simpkin,NMFC,AFL,2023,M,M,Australia,25,5860,18,18,,,2.52,2.67,2.8,2.4,3.2,2.45,2.55,2.76,2.29,2.81,2.45,2.04,2.14,2.01,1.94,2.44,2.55,2.89,2.26,1.56,3.33,North Melbourne,Jy Simpkin,Midfielder,Midfielder,Midfielder
C. Sharman,SKFC,AFL,2023,KF,KF,Australia,23,5690,11,16,,,2.51,2.7,2.55,2.7,2.48,2.99,2.5,3.32,2.62,2.21,2.72,2.22,2.35,2.64,1.73,1.8,2.89,3.31,2.37,2.87,3.18,St Kilda,Cooper Sharman,Key Forward,Key Forward,Key Forward
J. van Rooyen,MFC,AFL,2023,KF,KF,Australia,20,5563,20,20,,,2.5,2.43,2.51,2.46,2.39,2.31,2.51,3.21,2.63,2.45,2.01,2.44,1.75,2.26,2.16,3.54,2.83,2.96,3.0,1.72,3.16,Melbourne,J. van Rooyen,,KF,Key Forward
K. Chandler,MFC,AFL,2023,GF,GF,Australia,23,5482,23,23,,,2.48,2.34,2.0,2.15,1.95,2.76,2.7,2.79,2.89,2.62,2.35,2.37,2.86,2.2,1.91,2.44,2.37,2.32,2.59,1.9,2.19,Melbourne,Kade Chandler,Gen. Forward,Gen. Forward,Gen. Forward
W. Drew,PAFC,AFL,2023,M,M,Australia,25,5837,25,25,,,2.48,2.32,2.59,2.38,2.15,1.98,2.2,2.03,2.41,1.92,2.32,2.2,2.08,2.01,2.83,2.15,3.37,3.35,3.64,2.68,3.06,Port Adelaide,Willem Drew,Midfielder,Midfielder,Midfielder
M. Windhager,SKFC,AFL,2023,GD,GD,Australia,20,5707,16,19,,,2.47,3.09,3.76,3.08,2.62,2.98,2.48,2.83,2.07,3.36,2.16,1.75,2.36,1.52,1.32,2.46,2.26,3.07,3.25,0.82,1.57,St Kilda,Marcus Windhager,Gen. Defender,Gen. Defender,Gen. Defender
T. Marshall,PAFC,AFL,2023,KF,KF,Australia,25,5908,21,21,,,2.46,2.02,1.74,2.03,1.83,2.39,2.61,1.66,2.52,2.89,2.48,2.54,3.38,2.42,2.58,1.82,2.82,2.71,3.19,2.65,2.47,Port Adelaide,Todd Marshall,Key Forward,Key Forward,Key Forward
B. Paton,SKFC,AFL,2023,GD,GD,Australia,25,5535,9,12,,,2.45,2.32,1.89,2.37,1.8,2.54,2.17,2.73,1.91,1.59,1.93,2.83,3.21,2.62,2.62,2.46,2.75,3.08,2.56,2.71,2.68,St Kilda,Ben Paton,Gen. Defender,Gen. Defender,Gen. Defender
La. Young,NMFC,AFL,2023,GD,GD,Australia,24,6136,4,4,,,2.45,1.96,1.58,1.96,2.59,1.95,2.14,3.04,1.47,2.14,1.74,2.62,2.09,3.46,2.25,2.46,3.28,3.44,3.58,1.91,4.32,North Melbourne,La. Young,,GD,Gen. Defender
F. Evans,PAFC,AFL,2023,GF,GF,Australia,22,5152,6,10,,,2.44,2.32,2.35,2.6,2.92,1.94,2.71,2.21,2.21,3.63,2.22,2.41,1.84,2.65,2.84,2.44,2.11,1.93,2.48,1.99,1.63,Port Adelaide,Francis Evans,Gen. Forward,Gen. Forward,Gen. Forward
C. Coleman-Jones,NMFC,AFL,2023,KF,KF,Australia,24,5716,9,9,,,2.44,2.81,3.83,2.49,2.26,2.55,1.66,3.29,1.31,1.35,2.17,2.91,1.73,2.71,2.69,4.51,2.9,3.04,3.54,1.68,2.48,North Melbourne,Callum Coleman-Jones,Key Forward,Key Forward,Key Forward
J. Riewoldt,RFC,AFL,2023,KF,KF,Australia,35,6533,21,21,,,2.43,2.21,2.02,2.29,2.52,2.11,2.43,1.39,2.18,2.78,2.34,2.59,3.05,3.2,1.73,1.79,2.47,2.37,2.88,1.53,2.63,Richmond,Jack Riewoldt,Key Forward,Key Forward,Key Forward
J. Hopper,RFC,AFL,2023,M,M,Australia,26,5273,16,16,,,2.43,2.61,2.73,2.59,2.34,2.64,2.48,2.83,2.04,2.51,2.76,2.3,2.47,2.18,2.27,2.44,2.14,2.15,2.31,1.64,1.9,Richmond,Jacob Hopper,Midfielder,Midfielder,Midfielder
O. Wines,PAFC,AFL,2023,M,M,Australia,29,5501,25,25,,,2.42,2.58,2.5,2.88,2.24,2.59,2.31,3.04,2.03,1.93,2.26,2.48,2.45,2.2,3.14,2.31,2.28,2.16,1.85,3.21,3.6,Port Adelaide,Ollie Wines,Midfielder,Midfielder,Midfielder
D. Butler,SKFC,AFL,2023,GF,GF,Australia,27,5597,24,24,,,2.42,2.08,1.82,2.04,2.87,2.06,2.62,1.98,2.38,3.14,2.58,2.03,1.73,2.18,2.21,2.44,3.14,3.34,3.56,2.48,1.96,St Kilda,Dan Butler,Gen. Forward,Gen. Forward,Gen. Forward
P. Curtis,NMFC,AFL,2023,GF,GF,Australia,20,5645,20,21,,,2.4,2.26,2.05,2.38,3.92,1.85,2.28,2.09,2.14,2.4,2.5,2.93,2.78,3.48,1.96,2.47,2.25,2.73,2.08,1.86,1.88,North Melbourne,Paul Curtis,Gen. Forward,Gen. Forward,Gen. Forward
J. Bowey,MFC,AFL,2023,GD,GD,Australia,21,5552,23,23,,,2.4,2.44,2.29,2.65,2.64,2.31,2.29,1.91,2.6,2.86,2.13,2.46,1.7,2.99,2.74,2.46,2.47,2.18,2.35,3.34,1.93,Melbourne,Jake Bowey,Gen. Defender,Gen. Defender,Gen. Defender
G. Wardlaw,NMFC,AFL,2023,M,M,Australia,19,4483,8,8,,,2.39,2.33,2.41,2.4,3.29,1.54,2.09,2.24,2.54,1.66,1.53,2.25,1.9,2.3,2.73,2.44,3.05,3.32,3.44,1.88,1.63,North Melbourne,George Wardlaw,Midfielder,Midfielder,Midfielder
M. Phillipou,SKFC,AFL,2023,GF,GF,Australia,19,5442,24,24,,,2.39,2.72,2.93,2.78,2.38,2.65,2.13,3.17,1.88,1.84,2.35,2.41,1.96,2.72,2.53,2.44,2.32,2.33,2.26,2.94,2.03,St Kilda,Mattaes Phillipou,Gen. Forward,Gen. Forward,Gen. Forward
D. Tucker,NMFC,AFL,2023,W,W,Australia,26,5670,17,18,,,2.38,2.22,2.05,2.71,2.27,1.93,2.79,2.71,2.69,2.77,2.89,2.42,2.33,2.69,2.38,2.57,1.9,2.06,2.02,2.0,1.62,North Melbourne,Darcy Tucker,Midfielder,Midfielder,Midfielder
J. Stephenson,NMFC,AFL,2023,GF,GF,Australia,24,5864,21,21,,,2.38,1.97,1.96,1.6,1.74,2.31,2.6,2.05,2.49,2.93,2.63,2.73,3.21,2.39,2.66,2.55,2.23,2.62,2.01,1.79,2.2,North Melbourne,Jaidyn Stephenson,Gen. Forward,Gen. Forward,Gen. Forward
B. Brown,MFC,AFL,2023,KF,KF,Australia,31,5804,7,7,,,2.37,2.34,1.58,2.38,2.43,2.99,2.71,2.62,3.04,2.68,2.34,2.03,2.73,1.15,2.96,1.99,2.27,2.23,1.67,2.64,3.11,Melbourne,Ben Brown,Key Forward,Key Forward,Key Forward
B. Cunnington,NMFC,AFL,2023,M,M,Australia,32,4867,9,9,,,2.35,2.86,3.36,2.87,2.65,2.28,2.25,3.41,1.68,2.24,1.83,2.06,1.76,2.26,2.15,2.44,1.79,1.55,1.79,3.15,1.42,North Melbourne,Ben Cunnington,Midfielder,Midfielder,Midfielder
M. Hibberd,MFC,AFL,2023,GD,GD,Australia,33,6573,10,12,,,2.34,2.0,1.63,2.64,2.56,1.58,2.17,2.03,2.49,1.59,2.15,2.81,1.81,3.58,3.06,2.46,2.63,1.48,1.49,3.96,4.13,Melbourne,Michael Hibberd,Gen. Defender,Gen. Defender,Gen. Defender
T. McDonald,MFC,AFL,2023,KF,KF,Australia,31,5783,8,8,,,2.33,2.42,2.29,2.42,2.38,2.58,2.29,2.73,2.35,2.14,2.4,2.12,1.72,2.13,2.27,2.41,2.89,3.15,2.66,2.42,3.26,Melbourne,Tom McDonald,Key Forward,Key Forward,Key Forward
A. Corr,NMFC,AFL,2023,KD,KD,Australia,29,6751,18,19,,,2.31,2.5,2.38,2.32,2.78,2.65,2.98,3.07,3.05,2.4,2.96,1.82,2.14,1.97,1.41,2.39,2.34,2.32,2.45,1.71,2.73,North Melbourne,Aidan Corr,Key Defender,Key Defender,Key Defender
T. Membrey,SKFC,AFL,2023,KF,KF,Australia,29,5731,7,7,,,2.31,2.28,1.58,2.18,1.91,3.36,2.45,3.38,2.99,1.98,2.47,2.22,3.46,1.37,2.34,2.11,2.12,1.97,1.7,2.84,2.54,St Kilda,Tim Membrey,Key Forward,Key Forward,Key Forward
R. Byrnes,SKFC,AFL,2023,W,W,Australia,22,5791,18,20,,,2.31,2.54,2.17,2.57,2.26,2.77,2.38,2.51,2.32,2.28,2.43,1.99,2.11,1.98,1.78,2.57,2.08,2.27,2.21,1.91,2.04,St Kilda,Ryan Byrnes,Midfielder,Midfielder,Midfielder
H. Clark,SKFC,AFL,2023,M,M,Australia,24,4583,16,19,,,2.31,2.25,2.0,2.45,2.43,2.31,2.18,2.08,2.49,1.92,2.02,2.66,2.37,2.74,2.98,2.44,2.33,2.01,2.38,2.67,3.12,St Kilda,Hunter Clark,Midfielder,Midfielder,Midfielder
J. Webster,SKFC,AFL,2023,GD,GD,Australia,30,5499,17,17,,,2.3,2.1,1.88,2.14,1.92,2.19,2.46,2.76,2.75,1.59,1.85,2.35,3.39,2.26,1.26,2.46,2.25,2.53,2.04,1.93,2.6,St Kilda,Jimmy Webster,Gen. Defender,Gen. Defender,Gen. Defender
R. Mansell,RFC,AFL,2023,GF,GF,Australia,23,10814,12,17,,,2.3,1.95,1.58,2.04,2.88,1.83,2.22,1.2,2.69,2.17,2.29,2.41,2.72,1.98,2.84,2.44,3.0,2.53,2.97,3.15,4.13,Richmond,Rhyan Mansell,Gen. Forward,Gen. Forward,Gen. Forward
W. Phillips,NMFC,AFL,2023,M,M,Australia,21,5350,15,16,,,2.29,2.26,2.48,2.34,2.05,2.0,2.24,3.02,1.96,1.77,2.23,2.0,1.49,2.37,2.06,2.44,2.64,3.07,2.3,2.39,2.57,North Melbourne,Will Phillips,Midfielder,Midfielder,Midfielder
D. Prestia,RFC,AFL,2023,M,M,Australia,31,5988,20,20,,,2.28,2.42,2.53,2.04,2.17,2.78,2.58,2.7,2.48,2.58,2.63,1.9,2.28,1.7,1.69,2.44,1.88,1.84,1.83,1.88,2.3,Richmond,Dion Prestia,Midfielder,Midfielder,Midfielder
A. Caminiti,SKFC,AFL,2023,KF,KF,Australia,20,5691,18,18,,,2.28,2.24,2.06,2.46,2.18,2.13,2.26,3.36,2.07,2.08,2.42,2.16,2.2,2.05,1.97,2.37,2.85,2.98,3.71,1.71,1.99,St Kilda,Anthony Caminiti,Key Forward,Key Forward,Key Forward
K. McIntosh,RFC,AFL,2023,W,W,Australia,29,6253,22,22,,,2.27,1.43,1.47,1.39,1.54,1.42,2.37,1.38,2.44,2.44,2.53,2.87,2.41,3.27,3.38,2.57,2.89,2.47,2.39,3.19,3.22,Richmond,Kamdyn McIntosh,Midfielder,Midfielder,Midfielder
R. Bonner,PAFC,AFL,2023,W,W,Australia,26,5765,8,11,,,2.25,2.13,2.24,1.64,2.15,2.45,2.46,1.7,2.94,2.43,2.3,2.0,2.36,1.6,1.65,2.57,2.24,2.24,2.53,2.15,2.12,Port Adelaide,Riley Bonner,Midfielder,Midfielder,Midfielder
J. Smith,MFC,AFL,2023,KF,KF,Australia,27,5927,10,14,,,2.25,2.06,1.77,1.82,2.95,2.14,2.15,3.08,2.26,1.98,1.88,1.93,2.01,1.69,2.59,1.79,4.01,3.87,3.78,4.04,4.58,Melbourne,Joel Smith,Key Forward,Key Forward,Key Forward
J. Clarke,RFC,AFL,2023,GF,GF,Australia,20,10968,9,13,,,2.24,2.36,2.23,2.26,2.74,2.4,2.44,2.31,2.39,2.38,2.83,2.03,1.54,2.22,2.46,2.44,1.79,1.2,1.88,3.47,1.85,Richmond,Judson Clarke,Gen. Forward,Gen. Forward,Gen. Forward
C. Harvey,NMFC,AFL,2023,GF,GF,Australia,19,5648,3,3,,,2.24,1.44,1.33,1.4,2.99,1.15,1.82,2.7,1.9,1.52,1.46,4.17,2.85,5.0,4.11,2.44,2.23,2.36,2.21,1.41,2.5,North Melbourne,Cooper Harvey,Gen. Forward,Gen. Forward,Gen. Forward
C. Spargo,MFC,AFL,2023,GF,GF,Australia,24,5099,13,14,,,2.24,1.64,1.43,1.23,0.93,2.23,2.56,2.31,3.01,2.29,2.42,2.51,2.51,2.14,3.33,2.44,2.32,2.72,2.01,2.46,2.13,Melbourne,Charlie Spargo,Gen. Forward,Gen. Forward,Gen. Forward
K. Farrell,PAFC,AFL,2023,GD,GD,Australia,24,6259,22,22,,,2.23,2.19,2.5,1.87,2.56,2.22,2.43,1.56,3.02,2.59,2.85,1.85,1.76,1.8,2.03,2.46,2.22,1.92,2.41,2.23,2.28,Port Adelaide,Kane Farrell,Gen. Defender,Gen. Defender,Gen. Defender
J. McVee,MFC,AFL,2023,GD,GD,Australia,20,5945,25,25,,,2.23,2.1,1.73,2.06,2.75,2.09,2.29,2.9,2.06,1.59,1.99,2.07,1.3,2.41,2.58,2.46,2.37,1.86,1.88,3.27,2.61,Melbourne,Judd McVee,Gen. Defender,Gen. Defender,Gen. Defender
H. Ralphsmith,RFC,AFL,2023,GD,GD,Australia,22,11254,8,13,,,2.23,2.33,2.32,2.07,2.42,2.47,2.24,2.39,1.63,3.63,2.33,2.67,2.65,2.35,3.08,2.46,1.87,1.74,0.99,2.93,2.05,Richmond,Hugo Ralphsmith,Gen. Defender,Gen. Defender,Gen. Defender
H. Petty,MFC,AFL,2023,KD,KD,Australia,24,6048,14,14,,,2.22,2.36,2.46,2.22,2.96,2.16,2.84,3.19,2.18,5.0,1.72,2.1,2.94,2.3,1.29,2.67,1.97,3.02,3.49,1.21,1.73,Melbourne,Harrison Petty,Key Defender,Key Defender,Key Defender
T. Sparrow,MFC,AFL,2023,M,M,Australia,23,5572,23,23,,,2.22,1.91,1.85,1.65,2.09,2.13,2.29,2.13,2.28,2.68,2.09,2.5,2.5,2.14,3.3,2.45,2.45,2.62,2.11,2.63,2.96,Melbourne,Tom Sparrow,Midfielder,Midfielder,Midfielder
O. Lord,PAFC,AFL,2023,KF,KF,Australia,21,6267,13,13,,,2.22,2.21,1.87,2.43,2.8,1.89,2.05,2.23,1.87,2.25,1.56,2.17,1.64,2.42,2.06,2.42,2.97,2.45,2.26,2.86,5.0,Port Adelaide,Ollie Lord,Key Forward,Key Forward,Key Forward
K. Turner,NMFC,AFL,2023,GF,GF,Australia,28,5644,12,12,,,2.22,1.99,1.92,1.81,2.26,2.1,1.88,2.67,2.26,1.17,1.86,2.62,2.95,2.26,2.84,2.44,2.92,2.62,2.75,2.44,4.41,North Melbourne,Kayne Turner,Gen. Forward,Gen. Forward,Gen. Forward
D. Williams,PAFC,AFL,2023,GD,GD,Australia,22,5687,18,21,,,2.21,2.02,1.9,1.92,2.63,1.99,2.06,1.12,2.82,1.74,2.54,3.37,2.84,4.17,3.05,2.46,1.93,1.4,1.35,2.78,2.41,Port Adelaide,Dylan Williams,Gen. Defender,Gen. Defender,Gen. Defender
S. Ross,SKFC,AFL,2023,M,M,Australia,30,4874,17,17,,,2.2,2.21,2.26,2.28,2.18,2.1,2.19,2.4,2.2,1.38,2.71,1.98,1.83,2.3,1.53,2.44,2.38,2.37,2.17,3.01,2.58,St Kilda,Sebastian Ross,Midfielder,Midfielder,Midfielder
T. Young,RFC,AFL,2023,KD,KD,Australia,25,13343,19,19,,,2.19,2.11,2.49,1.91,2.3,1.99,1.73,1.49,1.7,2.07,2.5,1.79,1.36,2.27,1.55,2.39,2.78,2.32,2.27,2.45,3.28,Richmond,Tylar Young,Key Defender,Key Defender,Key Defender
R. Burton,PAFC,AFL,2023,GD,GD,Australia,26,6112,21,22,,,2.19,1.92,2.01,2.06,2.11,1.75,2.37,0.87,3.08,4.54,2.67,1.89,1.93,1.68,2.1,2.46,2.38,2.12,2.61,2.29,2.48,Port Adelaide,Ryan Burton,Gen. Defender,Gen. Defender,Gen. Defender
N. Cumberland,RFC,AFL,2023,GF,GF,Australia,22,10550,7,9,,,2.18,1.93,1.75,1.87,2.96,1.81,1.88,0.74,1.23,2.96,2.0,2.9,3.12,3.32,1.58,2.44,2.4,2.56,2.73,1.84,1.53,Richmond,Noah Cumberland,Gen. Forward,Gen. Forward,Gen. Forward
C. Comben,NMFC,AFL,2023,KF,KF,Australia,22,5402,7,7,,,2.18,2.54,3.22,2.64,2.07,2.03,1.89,2.51,2.05,1.65,1.97,1.86,1.47,1.51,1.73,2.83,3.24,3.18,3.84,2.07,3.17,North Melbourne,Charlie Comben,Key Forward,Key Forward,Key Forward
C. Taylor,NMFC,AFL,2023,M,MF,Australia,23,6093,16,16,,,2.18,1.53,0.68,1.28,3.11,2.0,2.27,1.52,2.68,2.99,1.74,3.82,4.43,3.72,2.98,2.44,1.95,2.17,1.44,2.11,2.93,North Melbourne,Curtis Taylor,Mid-Forward,Mid-Forward,Mid-Forward
B. Hill,SKFC,AFL,2023,M,MF,Australia,30,6033,22,22,,,2.15,1.74,0.83,1.22,2.53,3.05,2.74,2.43,3.02,2.05,3.32,2.4,3.53,1.76,1.83,2.45,1.82,1.86,1.44,2.39,2.62,St Kilda,Bradley Hill,Mid-Forward,Mid-Forward,Mid-Forward
C. Lazzaro,NMFC,AFL,2023,M,MF,Australia,21,5607,3,6,,,2.15,1.59,1.59,1.49,1.55,1.71,2.24,2.86,2.69,1.07,1.88,1.92,1.74,1.76,2.57,2.44,3.15,3.65,3.07,2.66,1.95,North Melbourne,Charlie Lazzaro,Gen. Forward,Gen. Forward,Gen. Forward
A. Tomlinson,MFC,AFL,2023,KD,KD,Australia,30,7194,9,9,,,2.12,2.46,1.8,2.5,2.64,2.75,2.2,1.21,2.89,2.54,3.06,1.53,1.82,1.56,1.29,2.39,2.41,2.89,2.95,2.17,2.29,Melbourne,Adam Tomlinson,Key Defender,Key Defender,Key Defender
J. Goater,NMFC,AFL,2023,GD,GD,Australia,20,5561,10,10,,,2.12,2.08,2.13,1.75,2.24,2.26,2.24,2.64,1.92,1.95,2.24,2.12,2.62,1.22,2.6,2.46,1.98,2.14,1.71,2.04,2.1,North Melbourne,Josh Goater,Gen. Defender,Gen. Defender,Gen. Defender
T. Xerri,NMFC,AFL,2023,R,R,Australia,24,5224,9,9,,,2.09,2.45,2.85,2.95,1.68,2.08,2.25,2.61,2.37,2.29,1.73,1.74,1.19,1.32,1.32,2.41,2.24,2.31,2.34,1.96,2.3,North Melbourne,Tristan Xerri,Ruck,Ruck,Ruck
S. Lycett,PAFC,AFL,2023,R,R,Australia,31,5302,14,14,,,2.08,2.61,2.83,2.67,3.05,1.93,2.14,3.1,1.88,1.33,2.24,1.74,1.17,1.14,1.17,2.62,2.16,2.59,3.19,1.58,1.53,Port Adelaide,Scott Lycett,Ruck,Ruck,Ruck
T. Dow,RFC,AFL,2023,M,M,Australia,22,10099,4,4,,,2.08,2.19,2.43,2.09,2.21,1.96,1.99,3.03,1.63,1.54,1.76,2.79,2.21,3.47,2.27,2.44,1.5,1.05,1.34,2.76,2.66,Richmond,Thomson Dow,Midfielder,Midfielder,Midfielder
D. Grimes,RFC,AFL,2023,GD,GD,Australia,32,5950,22,22,,,2.07,1.61,1.57,2.49,3.46,0.62,1.68,1.87,1.77,1.59,1.25,2.07,1.31,2.61,2.32,2.46,3.09,2.01,2.66,3.73,4.27,Richmond,Dylan Grimes,Gen. Defender,Gen. Defender,Gen. Defender
B. Teakle,PAFC,AFL,2023,R,R,Australia,24,6180,4,4,,,2.06,2.23,1.72,1.78,2.95,2.71,2.04,1.57,1.9,2.37,2.32,1.94,1.26,1.4,1.86,2.51,2.19,2.53,2.69,2.15,1.66,Port Adelaide,Brynn Teakle,Ruck,Ruck,Ruck
T. Cotchin,RFC,AFL,2023,M,MF,Australia,33,5292,18,19,,,2.04,2.02,2.03,2.01,2.13,1.95,2.1,2.0,2.01,2.66,1.84,2.55,2.54,2.82,1.94,2.44,1.62,1.62,1.45,1.98,1.98,Richmond,Trent Cotchin,Mid-Forward,Mid-Forward,Mid-Forward
J. McEntee,PAFC,AFL,2023,GF,GF,Australia,22,5728,22,22,,,2.04,1.93,1.68,2.04,2.63,1.8,2.02,2.08,1.95,1.98,2.21,1.79,1.69,1.97,1.58,2.44,2.62,2.96,2.39,2.5,2.5,Port Adelaide,Jed McEntee,Gen. Forward,Gen. Forward,Gen. Forward
T. Jonas,PAFC,AFL,2023,KD,KD,Australia,32,6775,13,13,,,2.03,1.82,2.21,1.77,2.37,1.35,1.79,1.67,1.74,2.5,1.83,1.61,2.01,1.39,1.57,2.39,2.6,2.63,2.51,1.57,3.32,Port Adelaide,Tom Jonas,Key Defender,Key Defender,Key Defender
J. Harmes,MFC,AFL,2023,M,MF,Australia,28,5443,6,9,,,2.03,1.94,1.64,1.91,2.7,1.92,1.93,2.19,1.75,2.13,1.72,1.81,1.58,1.65,2.57,2.44,2.5,2.72,2.27,3.06,1.98,Melbourne,James Harmes,Mid-Forward,Mid-Forward,Mid-Forward
J. Graham,RFC,AFL,2023,M,MF,Australia,25,5968,20,20,,,2.02,1.6,1.06,1.44,2.55,1.95,2.43,2.65,2.28,2.71,2.13,1.85,2.14,1.7,1.69,2.44,2.29,2.24,2.41,2.07,2.27,Richmond,Jack Graham,Gen. Forward,Gen. Forward,Gen. Forward
B. Miller,RFC,AFL,2023,R,R,Australia,24,11100,13,13,,,2.02,1.54,0.67,0.93,2.96,2.07,2.35,2.19,2.23,2.79,2.21,1.71,2.99,1.97,1.94,1.08,2.9,2.76,2.34,2.46,3.61,Richmond,Ben Miller,Ruck,Ruck,Ruck
T. Woewodin,MFC,AFL,2023,GF,GF,Australia,20,5028,4,4,,,1.99,1.85,2.59,1.82,1.8,1.51,1.89,2.29,1.88,1.73,1.88,2.44,1.75,2.52,3.48,2.44,1.93,1.9,1.76,3.73,1.23,Melbourne,Taj Woewodin,Gen. Forward,Gen. Forward,Gen. Forward
S. Hayes,PAFC,AFL,2023,R,R,Australia,24,4810,4,4,,,1.97,1.82,1.31,1.45,2.22,2.48,1.88,1.91,2.43,1.36,1.79,1.88,1.79,1.65,1.87,2.06,2.56,1.91,2.32,3.75,2.43,Port Adelaide,Sam Hayes,Ruck,Ruck,Ruck
M. Pickett,RFC,AFL,2023,M,MF,Australia,31,11692,21,21,,,1.96,1.57,0.85,1.81,2.82,1.57,1.97,1.6,2.03,2.37,1.91,2.73,2.71,2.97,2.22,3.21,2.04,1.65,1.81,2.62,3.93,Richmond,Marlion Pickett,Mid-Forward,Mid-Forward,Mid-Forward
T. McKenzie,PAFC,AFL,2023,KD,KD,Australia,31,6229,19,19,,,1.92,1.59,2.06,1.1,2.48,1.42,1.95,1.05,2.68,2.29,2.24,2.32,2.19,2.55,2.16,2.39,1.74,2.06,2.28,1.54,1.63,Port Adelaide,Trent McKenzie,Key Defender,Key Defender,Key Defender
S. Ryan,RFC,AFL,2023,R,R,Australia,23,10400,14,14,,,1.92,1.34,0.88,0.83,2.35,1.61,2.34,0.81,2.63,3.94,1.98,2.11,3.44,2.61,1.72,1.72,1.5,1.9,1.16,1.39,1.59,Richmond,Samson Ryan,Ruck,Ruck,Ruck
J. Burgoyne,PAFC,AFL,2023,GD,GD,Australia,20,5443,4,5,,,1.9,1.59,1.7,1.3,2.15,1.62,2.28,2.54,2.34,1.59,2.05,1.43,1.99,1.25,1.0,2.46,1.98,2.08,2.24,1.68,1.85,Port Adelaide,Jase Burgoyne,Gen. Defender,Gen. Defender,Gen. Defender
M. Bergman,NMFC,AFL,2023,GD,GD,Australia,20,5636,11,12,,,1.9,1.79,1.83,1.41,1.95,1.99,2.17,2.46,2.32,1.59,1.68,1.81,2.08,1.68,1.65,2.46,1.69,2.07,1.69,1.05,2.02,North Melbourne,Miller Bergman,Gen. Defender,Gen. Defender,Gen. Defender
J. Jordon,MFC,AFL,2023,M,MF,Australia,23,5249,12,18,,,1.89,1.65,1.18,1.59,2.17,2.07,2.28,2.73,2.09,2.01,2.31,2.03,2.79,1.76,1.3,2.44,1.62,1.49,1.75,1.25,2.01,Melbourne,James Jordon,Mid-Forward,Mid-Forward,Mid-Forward
Z. Jones,SKFC,AFL,2023,M,M,Australia,28,3847,4,4,,,1.88,1.79,1.97,1.48,2.33,1.53,1.97,2.59,2.04,1.38,1.66,2.28,2.41,1.76,3.21,2.44,1.59,1.3,1.88,1.52,1.69,St Kilda,Zak Jones,Midfielder,Midfielder,Midfielder
T. Sonsie,RFC,AFL,2023,GF,GF,Australia,20,9703,3,3,,,1.83,2.09,2.2,1.9,2.31,2.12,1.65,3.79,1.37,0.91,1.89,1.57,1.41,1.7,1.58,2.44,2.05,2.35,1.37,4.54,1.5,Richmond,Tyler Sonsie,Gen. Forward,Gen. Forward,Gen. Forward
S. Banks,RFC,AFL,2023,GD,GD,Australia,20,11753,6,6,,,1.77,1.87,2.14,1.44,1.86,2.06,1.72,0.97,1.74,3.3,2.21,1.54,1.43,2.0,1.14,2.46,1.89,2.14,2.02,1.13,2.34,Richmond,Sam Banks,Gen. Defender,Gen. Defender,Gen. Defender
P. Spicer,NMFC,AFL,2023,GF,GF,Australia,21,4488,5,6,,,1.74,1.33,1.47,1.08,2.28,1.22,1.53,2.19,1.55,1.23,1.52,1.55,1.24,1.79,1.58,2.44,3.32,3.04,3.87,3.11,2.66,North Melbourne,Phoenix Spicer,Gen. Forward,Gen. Forward,Gen. Forward
M. Rioli,RFC,AFL,2023,GF,GF,Australia,21,10055,8,10,,,1.72,1.54,1.65,1.12,3.48,1.31,1.67,2.14,1.72,1.39,1.74,1.77,1.36,1.75,2.53,2.44,2.12,1.92,2.31,2.15,2.09,Richmond,Maurice Rioli,Gen. Forward,Gen. Forward,Gen. Forward
Z. Cordy,SKFC,AFL,2023,KD,KD,Australia,27,4986,14,14,,,1.7,1.9,3.22,1.76,1.64,1.33,1.99,1.4,1.89,4.79,1.96,1.79,2.38,1.66,1.53,3.67,1.39,2.44,2.43,1.2,0.94,St Kilda,Zaine Cordy,Key Defender,Key Defender,Key Defender
J. Bauer,RFC,AFL,2023,KF,KF,Australia,21,8899,4,4,,,1.62,1.18,1.58,0.59,1.56,1.38,1.67,0.31,1.75,1.96,1.48,1.92,1.4,1.95,2.9,1.82,1.65,1.91,1.52,1.48,1.61,Richmond,Jacob Bauer,Key Forward,Key Forward,Key Forward
J. Archer,NMFC,AFL,2023,GD,GD,Australia,20,4862,5,5,,,1.62,1.44,1.63,1.56,2.56,1.04,1.58,1.64,1.8,1.59,1.09,1.78,1.64,2.39,1.24,2.46,1.74,2.19,1.96,0.91,1.89,North Melbourne,Jackson Archer,Gen. Defender,Gen. Defender,Gen. Defender
D. Visentini,PAFC,AFL,2023,R,R,Australia,20,5088,3,3,,,1.59,2.35,2.74,1.43,3.54,1.85,1.75,2.54,2.04,1.36,1.04,1.03,0.99,0.84,0.89,1.24,1.84,2.82,2.21,0.23,1.92,Port Adelaide,Dante Visentini,Ruck,Ruck,Ruck
J. Mead,PAFC,AFL,2023,M,MF,Australia,22,5546,3,7,,,1.55,1.11,0.79,0.87,2.67,0.87,1.25,0.05,1.42,2.24,1.49,3.42,3.49,3.73,2.57,2.44,1.35,1.1,1.52,0.64,2.36,Port Adelaide,Jackson Mead,Mid-Forward,Mid-Forward,Mid-Forward
B. Drury,NMFC,AFL,2023,GF,GF,Australia,19,4598,3,4,,,1.47,1.5,1.72,1.49,1.63,1.37,1.36,1.08,1.99,0.96,1.09,1.56,1.25,1.79,1.58,2.44,1.53,1.91,1.23,1.46,1.5,North Melbourne,Blake Drury,Gen. Forward,Gen. Forward,Gen. Forward
F. Perez,NMFC,AFL,2023,GD,GD,Australia,22,5494,5,5,,,1.47,1.25,1.65,0.85,0.99,1.44,1.43,0.96,1.38,2.76,1.69,1.43,2.03,1.25,0.93,2.46,1.78,2.43,1.98,0.93,1.74,North Melbourne,Flynn Perez,Gen. Defender,Gen. Defender,Gen. Defender
E. Gulden,SYFC,AFL,2023,W,W,Australia,21,6626,24,24,,,3.87,4.84,5.0,5.0,3.07,4.71,4.04,2.62,3.71,4.53,4.4,2.74,3.22,2.11,2.36,2.57,2.97,3.27,2.49,3.42,2.63,SYFC,E. Gulden,,W,Wing
T. English,WBFC,AFL,2023,R,R,Australia,26,6370,23,23,,,3.64,3.2,2.57,3.23,2.32,4.63,3.76,3.34,3.93,3.26,4.54,3.84,4.11,3.15,4.79,3.61,3.53,3.23,3.45,4.88,2.98,Western Bulldogs,Tim English,Ruck,Ruck,Ruck
M. Bontempelli,WBFC,AFL,2023,M,M,Australia,28,6257,23,23,,,3.53,3.67,4.17,3.76,3.07,3.25,3.33,2.46,3.35,3.95,3.78,3.27,2.73,3.74,3.13,3.29,3.76,3.42,3.98,3.43,4.57,Western Bulldogs,Marcus Bontempelli,Midfielder,Midfielder,Midfielder
I. Heeney,SYFC,AFL,2023,GF,GF,Australia,27,6353,23,23,,,3.39,3.74,3.59,4.47,3.42,3.35,2.84,2.42,2.77,3.13,2.72,3.74,4.0,4.19,2.24,2.58,3.55,3.34,3.78,3.15,3.68,SYFC,I. Heeney,,GF,Gen. Forward
T. Liberatore,WBFC,AFL,2023,M,M,Australia,31,5800,21,21,,,3.12,3.66,4.47,4.17,2.44,2.75,2.95,3.32,3.07,2.45,2.76,1.91,1.84,1.99,1.85,2.44,3.33,3.11,3.87,2.74,2.67,Western Bulldogs,Tom Liberatore,Midfielder,Midfielder,Midfielder
T. Barrass,WCFC,AFL,2023,KD,KD,Australia,28,7314,14,14,,,3.1,2.23,1.48,2.58,2.14,2.38,2.9,3.16,3.01,2.07,2.28,3.69,3.35,4.12,3.43,3.14,3.19,1.59,1.03,3.13,4.3,West Coast,Tom Barrass,Key Defender,Key Defender,Key Defender
L. Ryan,WCFC,AFL,2023,GF,GF,Australia,27,6228,3,3,,,3.02,2.12,1.58,2.08,2.05,2.44,3.36,3.01,3.73,3.04,3.59,3.98,4.08,3.37,5.0,2.44,2.76,2.94,2.85,3.07,1.89,West Coast,Liam Ryan,Gen. Forward,Gen. Forward,Gen. Forward
T. Papley,SYFC,AFL,2023,GF,GF,Australia,27,6305,23,23,,,3.01,3.71,5.0,3.69,3.33,3.1,3.08,2.23,2.75,3.65,3.38,2.56,2.89,2.58,1.91,2.47,2.04,2.16,1.76,1.97,2.57,SYFC,T. Papley,,GF,Gen. Forward
T. McCartin,SYFC,AFL,2023,KD,KD,Australia,24,6535,15,15,,,3.0,2.91,1.88,3.47,3.02,2.89,2.56,3.0,2.35,2.07,2.13,2.76,1.77,3.06,3.13,2.39,3.44,2.27,2.45,3.26,4.15,SYFC,T. McCartin,,KD,Key Defender
L. Duggan,WCFC,AFL,2023,GD,GD,Australia,27,6444,22,22,,,2.98,3.33,4.21,2.94,2.25,3.53,2.98,3.06,2.82,2.13,3.57,3.01,3.88,2.14,3.01,2.46,2.63,3.33,3.08,1.76,2.17,West Coast,Liam Duggan,Gen. Defender,Gen. Defender,Gen. Defender
A. Treloar,WBFC,AFL,2023,M,M,Australia,30,5822,19,19,,,2.94,3.32,3.45,3.38,2.57,3.54,3.05,3.78,2.32,3.26,3.22,1.87,1.76,1.76,2.31,2.44,2.92,2.87,3.02,3.41,2.28,Western Bulldogs,Adam Treloar,Midfielder,Midfielder,Midfielder
E. Richards,WBFC,AFL,2023,GD,GD,Australia,24,6110,19,19,,,2.93,3.09,2.26,3.26,2.79,3.33,2.91,3.08,2.53,2.23,3.64,2.92,2.68,2.7,3.48,2.46,2.8,2.1,2.19,3.97,3.11,Western Bulldogs,Ed Richards,Gen. Defender,Gen. Defender,Gen. Defender
T. Kelly,WCFC,AFL,2023,M,M,Australia,29,6256,22,22,,,2.92,3.51,3.98,3.55,2.31,3.53,2.65,2.48,2.2,2.83,3.45,2.27,2.16,2.32,2.35,2.44,2.8,3.16,2.51,2.84,2.46,West Coast,Tim Kelly,Midfielder,Midfielder,Midfielder
L. Parker,SYFC,AFL,2023,M,M,Australia,31,6337,23,23,,,2.9,3.04,3.41,3.25,2.2,2.81,2.65,2.85,2.66,2.55,2.5,3.04,2.72,3.25,3.14,2.45,2.93,3.08,2.66,2.92,3.44,SYFC,L. Parker,,M,Midfielder
A. Naughton,WBFC,AFL,2023,KF,KF,Australia,24,6424,23,23,,,2.88,3.01,2.13,3.7,2.96,2.95,2.97,3.03,2.44,3.24,2.88,2.62,2.64,3.33,1.91,2.04,3.08,3.3,3.35,2.42,2.78,Western Bulldogs,Aaron Naughton,Key Forward,Key Forward,Key Forward
J. Lloyd,SYFC,AFL,2023,GD,GD,Australia,30,6175,23,23,,,2.85,2.84,2.64,2.61,1.89,3.26,3.33,3.39,3.58,2.45,3.21,2.3,2.91,1.73,2.26,2.46,2.52,2.33,2.79,2.39,2.51,SYFC,J. Lloyd,,GD,Gen. Defender
E. Yeo,WCFC,AFL,2023,GD,GD,Australia,30,5137,9,10,,,2.83,3.48,5.0,4.29,4.29,2.08,2.45,2.56,2.11,2.72,2.73,2.38,1.5,3.06,2.61,2.46,2.99,3.22,3.88,1.67,3.01,West Coast,Elliot Yeo,Gen. Defender,Gen. Defender,Gen. Defender
Ch. Warner,SYFC,AFL,2023,M,M,Australia,22,6180,21,21,,,2.82,3.07,2.87,3.04,3.46,3.14,3.07,2.46,2.8,3.78,3.57,2.11,1.99,2.16,2.21,2.44,2.56,2.64,2.35,2.81,2.82,SYFC,Ch. Warner,,M,Midfielder
R. Lobb,WBFC,AFL,2023,KF,KF,Australia,30,6364,20,20,,,2.8,2.86,3.47,3.05,2.02,2.48,2.41,2.73,2.49,2.32,2.4,3.13,1.9,2.34,3.96,4.99,3.02,2.71,2.6,3.58,3.82,Western Bulldogs,Rory Lobb,Key Forward,Key Forward,Key Forward
N. Blakey,SYFC,AFL,2023,GD,GD,Australia,23,5885,24,24,,,2.79,2.38,1.46,2.69,2.51,2.46,2.97,3.14,2.84,2.18,3.29,2.9,1.66,3.27,3.9,2.46,2.88,1.5,1.79,4.0,4.87,SYFC,N. Blakey,,GD,Gen. Defender
O. Allen,WCFC,AFL,2023,KF,KF,Australia,24,6823,23,23,,,2.76,2.47,1.83,2.59,3.19,2.51,3.21,2.56,3.14,3.59,2.48,2.54,2.98,2.78,2.48,1.8,2.61,2.2,2.49,2.6,3.46,West Coast,Oscar Allen,Key Forward,Key Forward,Key Forward
J. McGovern,WCFC,AFL,2023,KD,KD,Australia,31,5494,9,9,,,2.75,2.55,2.28,2.69,1.87,2.89,3.02,2.78,3.47,2.31,2.9,3.23,3.08,2.75,3.88,2.39,2.35,2.44,1.74,2.84,2.22,West Coast,Jeremy McGovern,Key Defender,Key Defender,Key Defender
J. Macrae,WBFC,AFL,2023,M,MF,Australia,29,5821,22,22,,,2.74,2.77,2.64,2.94,2.02,3.24,2.95,3.57,3.11,2.12,2.71,2.32,2.64,1.99,2.52,2.44,2.68,2.56,2.64,2.91,3.09,Western Bulldogs,Jack Macrae,Mid-Forward,Mid-Forward,Mid-Forward
W. Hayward,SYFC,AFL,2023,GF,GF,Australia,25,6238,23,23,,,2.73,2.3,1.61,2.51,3.28,2.25,2.7,1.93,3.19,2.77,2.18,3.36,3.29,3.91,2.24,2.44,2.78,2.79,2.75,2.0,3.32,SYFC,W. Hayward,,GF,Gen. Forward
B. Dale,WBFC,AFL,2023,GD,GD,Australia,27,6194,23,23,,,2.73,3.23,2.99,3.11,2.95,3.44,3.11,3.22,3.26,2.46,3.01,1.83,1.48,1.99,2.04,2.46,2.24,2.25,2.19,2.56,1.89,Western Bulldogs,Bailey Dale,Gen. Defender,Gen. Defender,Gen. Defender
T. Cole,WCFC,AFL,2023,GD,GD,Australia,26,6093,11,12,,,2.72,2.68,1.97,2.58,3.24,2.85,2.6,3.12,2.36,2.18,2.3,2.76,3.29,2.03,3.02,2.46,2.93,3.42,2.74,3.35,2.07,West Coast,Tom Cole,Gen. Defender,Gen. Defender,Gen. Defender
J. Cripps,WCFC,AFL,2023,GF,GF,Australia,31,6267,12,12,,,2.72,2.58,3.11,2.18,1.77,2.81,2.86,2.87,2.59,3.2,2.68,2.12,2.23,1.99,2.21,2.44,3.49,4.18,4.0,1.99,1.55,West Coast,Jamie Cripps,Gen. Forward,Gen. Forward,Gen. Forward
J. Waterman,WCFC,AFL,2023,KF,KF,Australia,25,6705,11,11,,,2.69,2.87,2.55,2.42,2.48,4.04,2.63,2.95,3.15,2.09,3.37,2.6,3.36,1.56,3.29,2.88,2.73,2.91,2.88,3.19,1.87,West Coast,Jake Waterman,Key Forward,Key Forward,Key Forward
J. Petruccelle,WCFC,AFL,2023,GF,GF,Australia,24,5481,17,18,,,2.68,3.2,4.34,3.04,3.07,2.77,2.38,2.75,2.55,1.93,2.67,2.38,2.07,2.18,3.4,2.44,2.72,2.46,2.92,2.49,2.92,West Coast,Jack Petruccelle,Gen. Forward,Gen. Forward,Gen. Forward
S. Petrevski-Seton,WCFC,AFL,2023,GF,GF,Australia,25,5709,13,13,,,2.67,2.98,2.58,3.09,2.8,3.14,2.49,3.81,3.2,1.3,2.25,2.13,2.06,2.17,2.16,2.44,3.19,3.29,2.97,3.9,3.09,West Coast,Sam Petrevski-Seton,Gen. Forward,Gen. Forward,Gen. Forward
B. Campbell,SYFC,AFL,2023,W,W,Australia,21,5974,23,23,,,2.64,2.57,1.89,2.72,3.38,2.59,2.68,1.95,2.93,2.83,2.59,2.34,2.35,2.56,2.17,2.57,2.92,2.66,2.75,3.46,2.67,SYFC,B. Campbell,,W,Wing
J. Hunt,WCFC,AFL,2023,GD,GD,Australia,28,6812,23,23,,,2.62,2.91,3.22,2.35,2.5,3.28,2.81,2.84,2.33,4.26,2.87,2.2,3.16,1.57,1.82,2.46,2.31,3.03,2.66,1.34,2.07,West Coast,Jayden Hunt,Gen. Defender,Gen. Defender,Gen. Defender
A. Witherden,WCFC,AFL,2023,GD,GD,Australia,25,6378,22,22,,,2.62,2.52,2.35,2.8,2.26,2.45,2.93,2.94,3.24,1.95,2.83,2.01,2.6,1.54,1.88,2.46,2.66,2.41,2.72,2.68,2.86,West Coast,Alex Witherden,Gen. Defender,Gen. Defender,Gen. Defender
R. Fox,SYFC,AFL,2023,GD,GD,Australia,30,6559,17,20,,,2.62,2.7,2.11,3.37,2.66,2.45,2.5,3.35,1.89,2.43,2.12,2.23,1.37,3.24,2.04,3.7,2.96,2.42,2.22,3.94,3.52,SYFC,R. Fox,,GD,Gen. Defender
C. Daniel,WBFC,AFL,2023,M,MF,Australia,27,5977,23,23,,,2.62,2.28,1.97,1.81,2.34,3.13,3.02,3.12,3.15,2.56,3.13,2.78,2.99,2.17,3.8,2.44,2.51,2.44,2.4,3.3,2.5,Western Bulldogs,Caleb Daniel,Mid-Forward,Mid-Forward,Mid-Forward
C. Weightman,WBFC,AFL,2023,GF,GF,Australia,22,5708,19,19,,,2.59,2.28,1.94,2.55,2.59,2.16,2.89,1.91,2.6,3.86,2.32,2.7,2.73,3.0,1.98,2.44,2.37,2.37,2.53,1.48,2.54,Western Bulldogs,Cody Weightman,Gen. Forward,Gen. Forward,Gen. Forward
B. Williams,WBFC,AFL,2023,W,W,Australia,26,6034,22,23,,,2.58,2.15,2.54,2.02,2.39,1.98,2.76,3.01,2.83,3.32,2.37,2.94,3.23,2.5,2.74,2.57,2.64,2.54,2.8,2.52,2.72,Western Bulldogs,Bailey Williams,Midfielder,Midfielder,Midfielder
C. Mills,SYFC,AFL,2023,M,M,Australia,26,5923,20,20,,,2.58,1.99,1.59,1.89,1.78,2.8,2.58,2.5,2.81,2.23,2.62,3.68,3.55,3.65,3.98,2.44,2.78,2.48,2.63,3.92,3.42,SYFC,C. Mills,,M,Midfielder
J. Amartey,SYFC,AFL,2023,KF,KF,Australia,24,4703,14,15,,,2.58,2.44,2.75,2.3,2.56,2.24,2.57,2.78,2.54,2.6,2.36,2.78,2.55,2.93,2.37,3.03,2.38,2.41,2.66,2.41,1.83,SYFC,J. Amartey,,KF,Key Forward
J. McInerney,SYFC,AFL,2023,W,W,Australia,23,5896,19,19,,,2.56,2.13,1.99,2.15,2.16,2.17,2.74,2.81,2.84,3.65,2.2,2.85,2.74,2.54,3.24,2.57,2.7,2.76,2.05,2.5,3.29,SYFC,J. McInerney,,W,Wing
D. Sheed,WCFC,AFL,2023,M,M,Australia,28,6149,15,15,,,2.56,2.79,2.81,2.49,2.45,3.26,2.6,2.48,2.92,2.37,2.42,2.59,3.74,1.58,2.83,2.51,2.07,2.27,1.91,1.97,1.98,West Coast,Dom Sheed,Midfielder,Midfielder,Midfielder
B. Williams,WCFC,AFL,2023,R,R,Australia,23,6235,23,23,,,2.54,3.18,3.25,3.17,3.6,2.76,2.29,2.46,2.26,2.06,2.38,2.42,1.84,2.31,2.42,2.63,2.45,3.02,2.9,2.79,1.61,West Coast,Bailey J. Williams,Ruck,Ruck,Ruck
J. Darling,WCFC,AFL,2023,KF,KF,Australia,31,7067,20,20,,,2.53,2.55,2.74,2.77,2.06,2.34,2.47,2.33,2.71,2.45,2.24,2.49,2.39,2.51,2.4,2.6,2.84,3.09,3.21,1.99,2.47,West Coast,Jack Darling,Key Forward,Key Forward,Key Forward
O. Florent,SYFC,AFL,2023,GD,GD,Australia,25,6483,24,24,,,2.52,3.13,3.43,3.06,3.0,3.11,2.7,3.45,1.86,3.03,2.7,1.71,1.69,1.57,1.91,2.46,2.15,2.31,2.22,2.37,1.55,SYFC,O. Florent,,GD,Gen. Defender
L. Jones,WBFC,AFL,2023,KD,KD,Australia,32,6673,18,18,,,2.51,1.75,1.61,1.79,2.19,1.59,2.13,1.75,2.43,2.07,2.49,3.03,3.0,2.45,3.72,2.39,2.66,1.82,1.68,3.14,2.85,Western Bulldogs,Liam Jones,Key Defender,Key Defender,Key Defender
J. Ugle-Hagan,WBFC,AFL,2023,KF,KF,Australia,21,6208,23,23,,,2.51,2.53,1.65,2.74,2.49,3.13,2.65,1.92,2.4,2.84,2.92,2.55,3.34,2.74,2.12,1.77,1.88,2.41,1.75,1.85,1.33,Western Bulldogs,Jamarra Ugle-Hagan,Key Forward,Key Forward,Key Forward
J. Jones,WCFC,AFL,2023,GD,GD,Australia,25,5782,12,13,,,2.51,3.26,3.32,3.13,3.97,3.16,2.65,3.31,1.58,3.86,2.75,1.44,1.86,1.25,1.15,2.46,2.2,2.51,2.67,1.8,1.61,West Coast,Jamaine Jones,Gen. Defender,Gen. Defender,Gen. Defender
L. Franklin,SYFC,AFL,2023,KF,KF,Australia,36,6360,13,13,,,2.51,2.36,1.81,2.73,2.83,2.12,2.53,2.19,2.4,2.65,2.61,2.52,2.33,3.35,2.09,1.82,2.74,3.34,2.75,1.89,2.47,SYFC,L. Franklin,,KF,Key Forward
H. McLean,SYFC,AFL,2023,R,R,Australia,24,5989,22,22,,,2.5,1.93,1.14,1.58,2.03,3.15,3.23,2.8,3.0,4.23,2.89,2.29,3.83,3.55,2.58,0.94,2.59,2.64,2.29,2.18,3.01,SYFC,H. McLean,,R,Ruck
J. Rowbottom,SYFC,AFL,2023,M,M,Australia,23,5690,24,24,,,2.49,2.64,2.86,3.23,2.73,1.68,2.02,2.07,1.84,2.05,2.26,1.52,0.87,1.76,2.1,2.44,3.66,4.03,3.8,3.01,2.25,SYFC,J. Rowbottom,,M,Midfielder
R. West,WBFC,AFL,2023,GF,GF,Australia,23,5524,10,12,,,2.49,2.37,2.67,2.29,2.28,2.31,2.4,3.49,2.41,1.93,2.38,2.54,2.35,2.41,3.16,2.44,2.89,3.17,2.92,1.51,3.05,Western Bulldogs,Rhylee West,Gen. Forward,Gen. Forward,Gen. Forward
S. Hurn,WCFC,AFL,2023,GD,GD,Australia,36,5603,13,13,,,2.46,1.89,1.7,1.8,2.2,1.94,2.94,2.54,3.85,1.59,2.72,2.36,2.55,2.05,2.5,2.46,2.41,2.3,2.47,2.54,2.3,West Coast,Shannon Hurn,Gen. Defender,Gen. Defender,Gen. Defender
P. Ladhams,SYFC,AFL,2023,R,R,Australia,25,5361,9,9,,,2.43,3.06,3.13,2.69,2.58,3.73,2.82,3.56,2.09,2.71,2.93,1.98,2.4,1.51,2.4,1.9,2.14,2.12,2.19,2.52,1.89,SYFC,P. Ladhams,,R,Ruck
A. Gaff,WCFC,AFL,2023,W,W,Australia,31,6404,22,23,,,2.41,2.67,2.38,2.66,1.95,3.01,2.19,4.19,1.99,1.64,2.12,2.43,2.24,2.36,2.8,2.57,2.39,2.67,2.51,2.43,2.1,West Coast,Andrew Gaff,Midfielder,Midfielder,Midfielder
D. Rampe,SYFC,AFL,2023,KD,KD,Australia,33,6632,15,15,,,2.41,2.81,2.48,2.38,2.55,3.66,2.98,3.76,2.42,2.07,3.02,1.5,1.61,1.3,1.64,2.39,2.71,3.84,3.6,2.61,2.24,SYFC,D. Rampe,,KD,Key Defender
L. Shuey,WCFC,AFL,2023,M,M,Australia,33,4528,10,10,,,2.4,2.55,2.47,2.84,3.03,2.09,2.55,2.89,2.74,1.83,2.51,1.53,1.44,1.7,1.3,2.44,2.57,2.72,2.63,2.27,2.09,West Coast,Luke Shuey,Midfielder,Midfielder,Midfielder
B. Smith,WBFC,AFL,2023,M,MF,Australia,23,6097,19,19,,,2.39,2.46,2.44,2.16,2.37,2.85,2.55,2.89,2.49,2.08,2.69,2.15,2.33,1.95,2.31,2.44,2.19,2.36,2.07,1.58,2.61,Western Bulldogs,Bailey Smith,Mid-Forward,Mid-Forward,Mid-Forward
L. McDonald,SYFC,AFL,2023,KF,KF,Australia,21,5796,20,20,,,2.37,2.3,1.86,2.24,2.59,2.66,2.67,2.19,2.83,2.74,2.52,2.12,2.95,1.91,1.73,1.84,2.22,2.45,2.24,1.9,2.08,SYFC,L. McDonald,,KF,Key Forward
S. Wicks,SYFC,AFL,2023,GF,GF,Australia,24,6107,11,11,,,2.36,2.09,2.24,2.1,2.75,1.85,2.36,2.79,2.16,2.46,2.15,1.78,1.58,1.71,2.27,2.44,3.69,3.92,4.4,2.54,2.0,SYFC,S. Wicks,,GF,Gen. Forward
B. Hough,WCFC,AFL,2023,GD,GD,Australia,20,6419,15,15,,,2.35,2.07,2.0,1.9,2.1,2.21,2.56,3.01,2.82,1.86,1.67,3.07,3.7,2.78,2.69,2.46,1.89,1.65,1.74,2.03,2.24,West Coast,Brady Hough,Gen. Defender,Gen. Defender,Gen. Defender
J. Johannisen,WBFC,AFL,2023,GD,GD,Australia,31,5555,11,11,,,2.32,2.27,1.73,1.76,2.17,2.82,2.66,1.89,2.94,4.27,2.72,2.23,2.48,1.96,2.25,2.46,1.96,1.8,2.0,1.95,2.11,Western Bulldogs,Jason Johannisen,Gen. Defender,Gen. Defender,Gen. Defender
D. Stephens,SYFC,AFL,2023,W,W,Australia,22,5797,11,13,,,2.32,2.56,1.77,2.59,2.37,2.99,2.18,1.58,2.38,2.34,2.11,2.12,1.65,2.31,2.76,2.57,2.34,2.54,2.4,2.45,2.05,SYFC,D. Stephens,,W,Wing
T. O'Brien,WBFC,AFL,2023,KD,KD,Australia,29,5972,7,7,,,2.31,2.05,2.05,1.79,2.1,2.32,2.62,2.72,2.6,2.07,2.83,2.24,2.72,1.41,2.86,2.39,2.38,1.79,2.45,2.58,2.35,Western Bulldogs,Tim O'Brien,Key Defender,Key Defender,Key Defender
T. Hickey,SYFC,AFL,2023,R,R,Australia,32,5548,12,12,,,2.29,2.67,2.42,2.7,2.87,2.77,2.35,3.04,2.43,1.46,2.48,2.03,2.22,2.01,1.7,2.2,2.38,2.5,2.03,2.59,2.45,SYFC,T. Hickey,,R,Ruck
H. Cunningham,SYFC,AFL,2023,GD,GD,Australia,30,6480,24,24,,,2.29,2.08,2.47,1.94,2.07,2.05,2.44,2.98,2.08,2.49,2.11,1.73,1.95,1.74,1.49,2.46,2.61,3.19,3.19,1.71,2.14,SYFC,H. Cunningham,,GD,Gen. Defender
C. Jamieson,WCFC,AFL,2023,KF,KF,Australia,23,5553,4,4,,,2.27,3.84,5.0,3.93,2.8,2.78,1.41,4.98,1.29,0.77,1.37,1.8,0.77,0.7,2.81,3.77,2.73,2.91,2.76,2.36,2.68,West Coast,Callum Jamieson,Key Forward,Key Forward,Key Forward
R. Gardner,WBFC,AFL,2023,KD,KD,Australia,26,7217,10,10,,,2.25,2.06,2.75,1.65,1.99,2.11,1.89,1.78,1.81,2.61,1.98,1.6,1.89,1.45,1.56,2.39,3.08,2.06,2.79,1.97,4.15,Western Bulldogs,Ryan Gardner,Key Defender,Key Defender,Key Defender
N. Long,WCFC,AFL,2023,GF,GF,Australia,19,5936,19,19,,,2.24,2.51,2.72,2.64,2.35,2.34,2.07,3.3,2.07,1.59,1.92,2.06,2.12,2.04,1.98,2.44,2.39,2.75,2.32,1.66,2.21,West Coast,Noah Long,Gen. Forward,Gen. Forward,Gen. Forward
L. Melican,SYFC,AFL,2023,KD,KD,Australia,27,6299,8,8,,,2.24,2.76,3.58,2.57,2.37,2.65,2.09,2.29,1.92,2.07,2.02,1.41,0.92,1.52,1.65,2.39,2.7,2.98,4.04,2.25,2.5,SYFC,L. Melican,,KD,Key Defender
A. Sheldrick,SYFC,AFL,2023,M,M,Australia,20,4459,6,7,,,2.23,2.13,2.11,2.22,2.25,2.01,2.28,2.03,2.11,2.94,2.22,2.75,2.48,3.32,1.94,2.44,1.94,1.88,2.13,1.21,2.13,SYFC,A. Sheldrick,,M,Midfielder
O. Baker,WBFC,AFL,2023,W,W,Australia,25,5594,16,18,,,2.21,1.45,1.56,1.86,1.67,1.04,2.81,1.31,2.63,2.65,3.41,2.49,3.0,1.8,2.09,2.57,2.08,1.95,2.21,1.7,2.47,Western Bulldogs,Oskar Baker,Midfielder,Midfielder,Midfielder
A. Keath,WBFC,AFL,2023,KD,KD,Australia,31,6276,18,18,,,2.21,2.26,2.34,2.0,1.69,2.81,2.44,2.71,2.24,2.07,2.51,2.13,2.56,1.88,2.11,2.39,2.15,2.85,2.76,2.24,1.74,Western Bulldogs,Alex Keath,Key Defender,Key Defender,Key Defender
C. West,WCFC,AFL,2023,GF,GF,Australia,24,5683,8,9,,,2.18,2.68,3.12,3.19,3.35,1.9,1.86,3.15,1.59,1.62,1.74,1.86,1.72,2.09,1.58,2.44,2.34,3.44,1.82,1.72,1.56,West Coast,Connor West,Gen. Forward,Gen. Forward,Gen. Forward
R. Maric,WCFC,AFL,2023,KF,KF,Australia,19,6052,10,10,,,2.17,2.37,2.04,2.35,1.95,3.0,2.31,3.75,2.51,1.85,2.56,1.57,1.31,1.34,2.16,1.82,2.91,2.97,3.48,2.46,2.14,West Coast,Ryan Maric,Key Forward,Key Forward,Key Forward
T. Duryea,WBFC,AFL,2023,GD,GD,Australia,32,5883,20,20,,,2.17,1.79,1.8,2.03,2.14,1.55,2.09,2.36,2.02,1.63,1.98,2.59,2.6,2.66,2.5,2.46,2.42,2.55,2.35,2.23,2.6,Western Bulldogs,Taylor Duryea,Gen. Defender,Gen. Defender,Gen. Defender
A. Francis,SYFC,AFL,2023,KD,KD,Australia,26,5851,13,15,,,2.15,1.94,1.41,2.2,2.61,1.65,1.92,1.74,1.69,3.18,2.26,2.19,2.17,2.5,1.83,2.43,2.35,3.28,2.47,2.04,2.31,SYFC,A. Francis,,KD,Key Defender
R. Ginbey,WCFC,AFL,2023,M,M,Australia,19,5356,17,17,,,2.11,1.87,1.96,1.94,2.17,1.5,1.67,1.99,1.69,1.29,1.62,2.16,1.24,2.75,2.43,2.46,3.16,3.17,3.27,2.38,3.43,West Coast,Reuben Ginbey,Midfielder,Midfielder,Midfielder
L. Vandermeer,WBFC,AFL,2023,GD,GD,Australia,24,5601,11,11,,,2.1,2.07,2.44,1.78,2.02,2.16,2.34,2.4,1.81,3.82,2.43,1.33,1.41,1.22,1.35,2.46,2.26,2.79,2.95,1.27,1.79,Western Bulldogs,Laitham Vandermeer,Gen. Defender,Gen. Defender,Gen. Defender
C. Poulter,WBFC,AFL,2023,W,W,Australia,21,5663,9,9,,,2.07,1.99,1.62,1.5,2.17,2.5,1.97,2.85,1.68,2.26,1.82,1.87,1.78,1.86,2.02,2.57,2.51,2.41,3.22,2.78,1.84,Western Bulldogs,Caleb Poulter,Midfielder,Midfielder,Midfielder
J. Bruce,WBFC,AFL,2023,KD,KD,Australia,31,6430,8,8,,,2.07,2.11,1.41,2.36,2.39,2.15,2.09,2.15,2.06,2.07,1.96,1.82,2.28,1.59,1.76,2.39,2.25,2.79,2.22,2.21,2.18,Western Bulldogs,Josh Bruce,Key Defender,Key Defender,Key Defender
M. Roberts,SYFC,AFL,2023,W,W,Australia,20,4073,3,6,,,2.06,1.76,1.9,2.13,2.66,1.18,2.04,1.16,2.61,2.91,1.4,2.25,2.48,1.86,2.12,2.57,2.39,2.21,2.93,1.96,2.58,SYFC,M. Roberts,,W,Wing
L. Foley,WCFC,AFL,2023,GD,GD,Australia,24,6292,9,9,,,2.06,1.86,2.06,1.67,2.0,1.9,1.84,1.82,2.01,1.59,1.72,2.36,2.93,1.73,2.44,2.46,2.39,2.35,2.59,1.76,2.92,West Coast,Luke Foley,Gen. Defender,Gen. Defender,Gen. Defender
L. McNeil,WBFC,AFL,2023,GF,GF,Australia,22,4985,5,13,,,2.05,1.95,2.37,1.64,2.19,1.91,1.61,1.07,2.07,1.28,1.85,2.4,2.0,2.4,3.1,2.44,2.79,2.76,3.35,1.81,2.03,Western Bulldogs,Lachlan McNeil,Gen. Forward,Gen. Forward,Gen. Forward
H. Crozier,WBFC,AFL,2023,GD,GD,Australia,30,4786,4,4,,,2.05,1.89,2.11,2.02,1.47,1.83,1.86,0.86,2.73,2.14,1.93,2.31,3.04,1.25,2.68,2.46,2.32,2.25,2.04,2.07,3.15,Western Bulldogs,Hayden Crozier,Gen. Defender,Gen. Defender,Gen. Defender
J. Williams,WCFC,AFL,2023,KF,KF,Australia,20,4966,10,10,,,2.0,2.14,3.26,1.43,2.18,2.02,1.79,2.61,2.15,1.41,1.9,1.94,1.43,1.48,1.73,3.24,2.54,2.64,2.64,1.43,3.06,West Coast,Jack Williams,Key Forward,Key Forward,Key Forward
R. Clarke,SYFC,AFL,2023,GF,GF,Australia,26,5367,11,16,,,1.98,2.02,1.9,2.1,1.75,2.09,1.97,2.89,2.07,1.68,1.47,1.81,1.63,1.74,2.27,2.44,2.17,2.26,2.27,2.22,1.65,SYFC,R. Clarke,,GF,Gen. Forward
J. Culley,WCFC,AFL,2023,M,MF,Australia,20,5037,5,5,,,1.97,1.22,0.79,1.24,3.09,0.68,1.88,0.52,1.93,4.23,1.13,3.6,2.02,5.0,2.84,2.44,2.21,2.35,1.91,2.19,2.88,West Coast,Jai Culley,Mid-Forward,Mid-Forward,Mid-Forward
M. Hannan,WBFC,AFL,2023,GF,GF,Australia,29,5467,4,6,,,1.95,1.84,1.43,1.93,1.87,1.97,1.87,1.04,2.0,1.83,2.49,2.09,2.76,1.79,1.58,2.44,2.19,1.98,2.19,1.71,3.01,Western Bulldogs,Mitch Hannan,Gen. Forward,Gen. Forward,Gen. Forward
P. McCartin,SYFC,AFL,2023,KD,KD,Australia,27,4356,4,4,,,1.93,1.75,1.41,1.53,1.86,2.17,2.43,1.97,2.96,2.07,2.53,1.93,1.83,1.67,2.3,2.39,1.83,0.98,1.67,2.28,1.76,SYFC,P. McCartin,,KD,Key Defender
A. Jones,WBFC,AFL,2023,GF,GF,Australia,20,5431,12,13,,,1.91,1.85,1.67,1.73,3.24,1.69,1.78,2.81,1.54,1.55,1.82,1.76,1.18,2.0,2.21,2.44,2.52,2.76,2.65,1.92,2.03,Western Bulldogs,Arthur Jones,Gen. Forward,Gen. Forward,Gen. Forward
X. O'Neill,WCFC,AFL,2023,M,MF,Australia,23,5802,14,15,,,1.91,1.49,1.21,1.31,2.28,1.6,1.98,2.29,1.84,2.31,1.51,2.11,2.48,2.05,1.58,2.44,2.37,2.42,2.42,1.67,2.63,West Coast,Xavier O'Neill,Mid-Forward,Mid-Forward,Mid-Forward
E. Hewett,WCFC,AFL,2023,M,MF,Australia,19,5064,12,14,,,1.85,1.98,1.95,1.82,2.93,1.63,1.68,1.22,1.59,2.47,1.64,1.93,1.78,1.76,2.57,2.44,1.78,2.4,1.26,1.55,1.67,West Coast,Elijah Hewett,Mid-Forward,Mid-Forward,Mid-Forward
A. Scott,WBFC,AFL,2023,M,MF,Australia,28,5720,21,22,,,1.84,1.21,0.86,1.36,1.61,1.29,2.04,1.39,2.32,2.99,1.44,2.92,2.58,3.58,2.03,2.44,1.81,1.3,2.01,1.78,3.13,Western Bulldogs,Anthony Scott,Mid-Forward,Mid-Forward,Mid-Forward
G. Clark,WCFC,AFL,2023,W,W,Australia,26,6802,7,12,,,1.81,1.89,1.48,2.05,1.87,1.97,1.8,2.89,1.67,2.21,1.42,1.45,1.09,2.0,1.66,0.88,1.98,2.35,3.05,0.41,2.58,West Coast,Greg Clark,Midfielder,Midfielder,Midfielder
S. Darcy,WBFC,AFL,2023,KF,KF,Australia,20,3370,3,3,,,1.8,1.63,2.09,1.5,2.87,0.6,1.23,2.36,1.47,0.86,1.27,2.27,0.46,2.73,3.29,2.84,2.85,3.13,3.36,2.01,2.19,Western Bulldogs,Sam Darcy,Key Forward,Key Forward,Key Forward
L. Edwards,WCFC,AFL,2023,W,W,Australia,21,5456,13,14,,,1.77,1.93,2.66,2.16,2.19,1.34,1.56,2.28,2.14,1.48,0.99,1.88,2.08,1.78,1.61,2.57,1.83,2.48,2.77,1.15,1.43,West Coast,Luke Edwards,Midfielder,Midfielder,Midfielder
J. O'Donnell,WBFC,AFL,2023,KD,KD,Australia,21,5397,12,12,,,1.69,1.97,3.1,1.39,2.27,1.76,1.68,1.79,1.2,2.91,1.89,1.8,1.62,2.22,1.44,2.39,1.46,1.1,1.76,0.84,1.84,Western Bulldogs,James O'Donnell,Key Defender,Key Defender,Key Defender
C. Chesser,WCFC,AFL,2023,W,W,Australia,20,5611,13,14,,,1.67,1.72,1.83,1.84,2.01,1.5,1.58,1.72,1.44,1.66,1.6,1.75,1.73,2.02,1.61,2.57,1.68,2.47,1.91,0.75,1.91,West Coast,Campbell Chesser,Midfielder,Midfielder,Midfielder
J. Rotham,WCFC,AFL,2023,KD,KD,Australia,25,6626,12,13,,,1.66,1.72,1.97,1.34,1.17,2.28,2.31,1.81,2.76,2.07,2.69,1.62,3.01,1.13,1.19,2.45,1.39,3.21,2.22,0.72,1.15,West Coast,Josh Rotham,Key Defender,Key Defender,Key Defender
T. McLean,WBFC,AFL,2023,M,MF,Australia,27,3951,4,6,,,1.57,1.4,1.51,1.24,2.17,0.95,1.48,2.24,1.24,1.07,1.35,1.69,1.82,1.76,1.3,2.44,1.93,2.67,1.73,0.21,1.54,Western Bulldogs,Toby McLean,Mid-Forward,Mid-Forward,Mid-Forward
R. Bazzo,WCFC,AFL,2023,KD,KD,Australia,20,5800,9,11,,,1.57,1.85,2.18,1.55,1.83,2.01,2.37,3.03,1.91,2.07,1.86,1.46,1.83,1.67,0.96,2.39,1.15,1.81,1.65,1.15,0.84,West Coast,Rhett Bazzo,Key Defender,Key Defender,Key Defender
