Player,Team,Age,Age_Decimal,Position,Matches,RatingPoints_Avg,Supercoach_Avg,DreamTeamPoints_Avg,CoachesVotes_Total,CoachesVotes_Avg,CoachesVotes_MatchesPolled,TimeOnGround,Kicks,Handballs,Disposals,DisposalEfficiency,KickingEfficiency,HandballEfficiency,DisposalRetentionPercentage,KicksIntoF50,KickIntoF50RetentionPercentage,KickPercentage,Inside50s,Rebound50s,Clangers,DisposalsPerClanger,Turnovers,DisposalsPerTurnover,MetresGained,MetresGainedPerDisposal,AssistedMetresGained,NetMetresGained,KickMetresGained,RetainedMetresGained,KickMetresGainedPerKick,HandballMetresGained,HandballMetresGainedPerHandball,Equity_PreClearance,Equity_PostClearance,Equity_Possession,Equity_BallUse,xThreatPerKick,ThreatRating,xRetainPerKick,RetentionRating,ContestedPossessions,UncontestedPossessions,TotalPossessions,ContestedPossessionRate,Intercepts,GroundBallGets,GroundBallGetsForward50,HardBallGets,LooseBallGets,PostClearanceContestedPossessions,PostClearanceGroundBallGets,GathersFromHitout,CrumbingPossessions,HandballReceives,AverageFieldPosition,Defensive50Possessions,DefensiveMidfieldPossessions,AttackingMidfieldPossessions,Forward50Possessions,CentreBounceAttendances,CentreBounceAttendancePercentage,CentreClearances,CentreClearanceRate,StoppageClearances,TotalClearances,FirstPossessions,FirstPossessionToClearance,Marks,ContestedMarks,MarksInside50,InterceptMarks,MarksOnLead,FreesFor,FreesAgainst,FreesDiff,RuckContests,RuckContestPercentage,Hitouts,HitoutsWinPercentage,HitoutsToAdvantage,HitoutsToAdvantagePercentage,RuckHardBallGets,HitoutToFirstPossession,HitoutToClearance,Tackles,TacklesInside50,ContestDefensiveOneOnOnes,ContestDefensiveLossPercentage,ContestOffensiveOneOnOnes,ContestOffensiveWinPercentage,Goals_Total,Goals_Avg,Behinds,ShotsAtGoal,GoalAssists,ScoreAssists,ScoreboardImpact,GoalAccuracy,ScoreInvolvements,ScoreInvolvementPercentage,ScoreLaunches,xScoreShots,xScorePerShot,xScoreRatingPerShot,xScoreShots_Set,xScorePerShot_Set,xScoreRatingPerShot_Set,xScoreShots_General,xScorePerShot_General,xScoreRatingPerShot_General,KickIns,KickInPercentage,KickInsPlayOnPercentage,Bounces,OnePercenters,PressureActs,PressureActsDefensiveHalf,Spoils
Willem Drew,Port Adelaide,28,28.24,Midfielder,5,10.4,86.6,79.6,0,0,0,81,9.6,10.4,20,63,52.083,73.077,61,3,46.667,48,3.2,0.8,3.6,5.556,3.8,5.263,263.8,13.19,169.654,433.454,238.02,116.972,24.794,12.45,1.197,3.185,4.385,6.571,1.51,31.924,-2.976,59.996,-9.996,9.6,10.6,20.2,47.525,2.8,5.6,0.8,1.6,4,4.2,3.4,1.4,1.4,6.8,5.204,2.2,6.2,9,2.8,20.8,71.233,0.8,3.846,2,2.8,4.8,41.667,2.4,0,0.4,0,0,1.6,0.8,0.8,0,0,0,,0,,0,,,5.8,0.8,0.2,0,0.6,100,0,0,0.4,0.8,0.4,0.6,3,0,4.6,25.275,1.2,4,2.902,-2.402,2,3.342,-2.842,2,2.462,-1.962,0,0,,0,2.8,22.6,12,1.2
Connor Rozee,Port Adelaide,26,26.93,Gen. Defender,4,8.3,101.25,100,8,2,1,86,16.5,7.75,24.25,63.918,57.576,77.419,70.833,2.25,77.778,68.041,2.5,4.5,4.5,5.389,4.25,5.706,385.5,15.897,246.635,632.135,406.955,213.647,25.435,-8.175,-1.055,2.377,2.961,5.325,1.041,22.515,3.411,50.614,8.645,7.75,13,20.75,37.349,2.25,5.25,1.25,1.5,3.75,3,2.75,1.25,1,7,-9.545,4.5,7.75,5.5,3,18,65.455,1.25,6.944,2.5,3.75,3.75,73.333,3.75,0.25,0.75,0,0.75,1.25,1,0.25,0,0,0,,0,,0,,,5.25,1.25,0.25,0,0,,3,0.75,0,1.25,0,0.25,4.75,60,4.5,25.352,1.75,5,3.339,0.261,3,4.195,1.805,2,2.055,-2.055,2,16,100,0.25,0.75,21.25,11,0.5
Kane Farrell,Port Adelaide,27,27.79,Gen. Defender,5,8.94,97.2,84,0,0,0,84.2,17.8,3.6,21.4,74.766,76.404,66.667,61.682,1.2,50,83.178,1.2,6.8,3,7.133,5.4,3.963,543.8,25.411,208.752,752.552,505.766,264.136,28.414,10.492,2.914,0.741,5.699,3.904,2.01,15.844,-0.901,60.186,-2.715,4.8,10,14.8,32.432,4.4,4,0,0.6,3.4,3.6,3,0.2,1.6,5.6,-35.162,6.4,6,2.4,0,0,0,0.4,,0.8,1.2,0.4,100,3.8,0,0,0.6,0.4,0.8,0.8,0,0,0,0,,0,,0,,,3.4,0,0.8,25,0,,0,0,0,0,0.2,0.2,1.2,,2.2,12.088,1.2,0,,,0,,,0,,,6.4,49.231,100,0.8,2.6,13.2,9.8,2.4
Brandon Zerk-Thatcher,Port Adelaide,28,28.35,Key Defender,5,8.4,61.2,48.4,0,0,0,99,8.2,3.2,11.4,80.702,75.61,93.75,73.684,0.8,50,71.93,0.8,2.8,2.4,4.75,2.2,5.182,179.4,15.737,127.642,307.042,190.944,91.764,23.868,-6.308,-1.971,0.422,7.086,5.597,0.38,15.854,9.146,67.328,2.116,5.2,5.8,11,47.273,6.6,3.6,0,0.6,3,4.6,3.2,0.2,0.4,1.6,-46.494,6.2,4,0.8,0,0,0,0,,0.4,0.4,0.4,0,4.6,0.6,0,2.4,0,0.8,1.2,-0.4,0,0,0,,0,,0,,,1.6,0,3.2,25,0.2,0,0,0,0,0,0,0,0,,1.4,7.692,1.2,0,,,0,,,0,,,0.4,3.077,100,0,4.4,9.4,8.4,4
Jack Lukosius,Port Adelaide,26,26.39,Key Forward,2,4.65,39,42,0,0,0,64,6,2.5,8.5,70.588,58.333,100,62.5,2.5,40,70.588,2.5,0.5,2,4.25,3,2.833,206,24.235,65.73,271.73,207.41,76.495,37.711,7.03,2.812,0,3.554,1.928,2.824,24.887,-10.601,39.414,-25.129,1.5,6,7.5,20,0.5,1.5,0.5,1,0.5,1.5,1.5,0,0,1.5,18.641,0.5,1,4.5,1.5,0,0,0,,0,0,0,,4,0,1,0,1.5,0,0.5,-0.5,0,0,0,,0,,0,,,0.5,0,0,,1,0,2,1,0.5,1.5,0,0.5,7,66.667,2.5,16.129,0,3,4.089,0.245,2,3.961,-0.461,1,4.344,1.656,0,0,,0,0.5,5.5,0.5,0.5
Jed McEntee,Port Adelaide,25,25.87,Gen. Forward,5,6.52,47.8,46.2,0,0,0,76.4,6.4,3.2,9.6,62.5,46.875,93.75,70.833,2,60,66.667,2.4,0,1.6,6,1,9.6,180,18.75,75.072,255.072,183.394,112.342,29.58,-2.304,-0.72,0.101,5.465,3.15,2.55,32.654,12.346,45.754,19.246,4.2,5.4,9.6,43.75,0.8,3.4,0.8,1.6,1.8,3.8,3,0,1.4,3.6,22.823,0.6,2,3.2,3.8,0,0,0,,0,0,0.2,100,1.4,0,0.8,0,0.2,0.8,0.6,0.2,0,0,0,,0,,0,,,2.6,1,0,,0.6,0,5,1,1,2,0.2,0.6,8.6,50,4.4,24.176,0.2,10,3.219,0.281,7,3.213,-0.07,3,3.233,1.1,0,0,,0,0.2,13,3.8,0.2
Jackson Mead,Port Adelaide,25,25.25,Midfielder,5,6,49.8,48.4,0,0,0,74.8,7,4.8,11.8,62.712,51.429,79.167,64.407,1,40,59.322,1.4,2,3.6,3.278,2.8,4.214,178,15.085,128.04,306.04,149.74,88.95,21.391,17.976,3.908,0.542,3.285,4.239,0.256,22.565,-3.21,57.7,-2.862,5,6.2,11.2,44.643,3,4,0.4,1.2,2.8,3.2,2.4,0.2,1.2,4.2,-23.782,3.8,4,3,0.4,4,13.699,0.2,5,0.8,1,1,20,2.4,0.4,0,0.8,0.4,0.4,1.6,-1.2,0,0,0,,0,,0,,,3.4,0.4,0.4,50,0.4,0,1,0.2,0.2,0.4,0.2,0.2,2.6,50,1.2,6.593,0.6,2,3.107,0.393,1,4.282,-3.282,1,1.932,4.068,0.8,6.154,50,0,1.6,12.4,8.6,1.4
Zak Butters,Port Adelaide,26,26.31,Midfielder,5,14.24,123,104,16,3.2,2,81.2,15.2,12.2,27.4,70.803,65.789,77.049,69.853,3.4,35.294,55.474,4.2,3,2,13.7,3.8,7.211,439.2,16.029,289.73,728.93,367.954,238.36,24.208,28.4,2.328,6.122,5.039,7.372,3.462,24.974,0.026,59.861,3.375,12.4,14,26.4,46.97,3,7,0.6,2.8,4.2,3.6,2,1.4,0.2,9.4,-10.872,6,10.6,8.2,1.6,22.4,76.712,3.2,14.286,3.4,6.6,8,80,3.6,0.2,0,0.4,0.4,4,0.4,3.6,0,0,0,,0,,0,,,5,0.2,0,,0,,0,0,0.4,0.8,0.6,0.8,4.2,0,5.2,28.571,1.8,4,2.835,-2.335,3,2.83,-2.164,1,2.848,-2.848,0.4,3.077,100,1.2,0.6,15.6,10.2,0.2
Joe Richards,Port Adelaide,27,27.1,Gen. Forward,5,6.96,50.4,52.2,0,0,0,77.6,8,5,13,63.077,50,84,70.312,1,100,61.538,1.4,0.4,2.4,5.417,2.8,4.643,147.2,11.323,100.426,247.626,148.996,93.26,18.625,3.234,0.647,1.115,4.581,3.424,2.653,28.3,11.7,56.036,11.964,4.4,7.2,11.6,37.931,1,3.6,1.6,0.8,2.8,3,2.8,0.6,1.8,4.2,13.012,0.6,4.4,3.4,3.2,0.4,1.37,0.2,50,1,1.2,1.4,71.429,2.2,0.2,0.2,0,0.2,0,0.4,-0.4,0,0,0,,0,,0,,,2.2,0.4,0,,0.6,33.333,3,0.6,0.4,1.8,0.2,0.6,5.6,33.333,4.2,23.077,0.2,9,2.74,-0.518,2,1.717,1.283,7,3.032,-1.032,0,0,,0.6,0.4,12.8,6,0
Miles Bergman,Port Adelaide,25,25.2,Gen. Defender,1,5.6,67,39,0,0,0,91,10,4,14,64.286,60,75,42.857,1,0,71.429,1,5,6,2.333,6,2.333,246,17.571,84.98,330.98,225.76,125.82,22.576,8.99,2.248,-3.128,4.055,5.823,-2.687,16.464,-16.464,41.23,-21.23,10,2,12,83.333,6,7,0,2,5,6,5,2,2,2,-21.003,3,6,3,0,5,18.519,1,20,1,2,3,66.667,0,0,0,0,0,1,4,-3,0,0,0,,0,,0,,,3,2,2,50,0,,0,0,0,0,0,0,0,,0,0,0,0,,,0,,,0,,,2,15.385,100,0,2,21,14,1
Mitch Georgiades,Port Adelaide,25,25.25,Key Forward,5,8.04,70.4,69.6,6,1.2,1,92.2,9,4.4,13.4,65.672,60,77.273,61.194,2,40,67.164,3,0,2.8,4.786,4,3.35,263.6,19.672,130.252,393.852,288.028,125.278,32.73,8.978,2.04,-0.788,6.009,5.609,0.894,27.505,-3.696,48.117,-0.498,4.6,8.6,13.2,34.848,1,1.8,0.6,0.4,1.4,4.4,1.8,0,0.6,3.4,25.353,0,3.6,4.4,5.2,0,0,0,,0.4,0.4,0.2,100,5.4,1.6,2.6,0.2,2.2,1.8,1,0.8,0,0,0,,0,,0,,,1,0.6,0,,2.6,15.385,11,2.2,1.6,4.4,0.4,0.4,17.2,50,5.6,30.769,0.4,22,3.353,0.01,20,3.346,0.304,2,3.424,-2.924,0,0,,0,1.6,6.4,1.6,1.6
Lachie Jones,Port Adelaide,24,24.72,Gen. Defender,4,8.5,72.25,52.25,0,0,0,72.25,7.75,5,12.75,66.667,64.516,70,58,1.5,16.667,60.784,1.75,3.5,2,6.375,2.5,5.1,244.5,19.176,120.735,365.235,227.372,97.915,30.316,10.108,2.022,1.165,5.733,6.382,0.036,19.241,-8.896,52.951,-15.02,5.75,6.75,12.5,46,6,4,0,1.25,2.75,4.25,2.75,0,0.25,3.25,-33.546,6.25,3.25,3,0,0,0,0,,1,1,0.75,100,3,0.5,0,1.5,0,0.75,0.25,0.5,0,0,0,,0,,0,,,2.5,0,1.25,0,0.25,0,0,0,0,0,0,0,0,,1.25,7.143,0.75,0,,,0,,,0,,,0.25,1.961,100,0,3.75,8.75,7.5,2
Ollie Lord,Port Adelaide,24,24.99,Key Forward,5,3.14,32,27.8,0,0,0,75,3,1.6,4.6,65.217,53.333,87.5,69.565,0.2,100,65.217,0.2,0,1.4,3.286,1.2,3.833,45.6,9.913,29.288,74.888,58.928,18.722,19.643,-2.04,-1.275,-0.007,2.904,2.596,0.153,28.007,-28.007,83.622,-16.955,2.4,2.6,5,48,1,1,0.2,0.4,0.6,2.2,0.8,0,0,0,19.034,0.4,1.2,1.6,1.8,2,6.849,0,0,0,0,0.2,0,2.4,0.2,0.8,0.2,0.6,0.4,0.8,-0.4,7.2,7.742,1,13.889,0,0,0,40,0,1,0.4,0,,2,20,4,0.8,0.6,1.4,0.4,0.4,7.8,57.143,1.8,9.89,0,7,3.728,0.129,6,3.838,0.495,1,3.067,-2.067,0,0,,0,3.4,6.8,2.8,2.4
Jase Burgoyne,Port Adelaide,23,23.46,Midfielder,2,6.3,50.5,53.5,0,0,0,71.5,10,4.5,14.5,55.172,40,88.889,55.172,2.5,20,68.966,2.5,2.5,3,4.833,4.5,3.222,231,15.931,135.32,366.32,221.77,91.23,22.177,2.365,0.526,0.556,4.042,4.443,0.167,19.502,0.498,51.957,-5.291,5,7.5,12.5,40,5.5,4.5,0,0.5,4,3.5,3.5,0.5,0.5,4.5,-15.877,3,4,5.5,0,0,0,0,,1,1,1,50,2,0,0,1,0,0,0.5,-0.5,0,0,0,,0,,0,,,2.5,0,0.5,100,0,,0,0,0,0,0,0,0,,2,13.333,1,0,,,0,,,0,,,0.5,3.571,100,0,2,10,6.5,2
Hugh Jackson,Port Adelaide,23,23.66,Mid-Forward,2,2.85,10.5,12.5,0,0,0,30.5,1.5,1.5,3,66.667,33.333,100,66.667,1,0,50,1,0.5,1,3,1,3,69,23,25.875,94.875,51.9,16.435,34.6,5.145,3.43,1.111,0.586,1.182,1.256,27.25,-27.25,49.99,-49.99,1.5,1.5,3,50,0.5,1.5,0,0,1.5,0.5,0.5,0,0,1.5,-1.547,0,1.5,1,0.5,0,0,0.5,,0.5,1,0,,0,0,0,0,0,0,1,-1,0,0,0,,0,,0,,,2,1,0,,0.5,0,0,0,0,0,0,0.5,0.5,,0.5,3.333,0,0,,,0,,,0,,,0,0,,0,1,6,1.5,0
Josh Sinn,Port Adelaide,23,23.98,Gen. Defender,4,3.95,41.25,36.25,0,0,0,55.5,7.25,3.25,10.5,73.81,68.966,84.615,64.286,0.5,50,69.048,0.5,2.25,2.5,4.2,3.25,3.231,206.75,19.69,106.988,313.738,195.042,104.1,26.902,7.623,2.345,0.267,3.207,3.486,-0.062,17.163,-10.267,59.676,-14.848,3.75,5,8.75,42.857,3,2.75,0.25,0.75,2,3,2.25,0.25,1.25,2.5,-32.943,3.25,4.5,0.75,0.25,0,0,0,,0.75,0.75,0.5,100,2,0,0,0.25,0,0.5,0.5,0,0,0,0,,0,,0,,,0.75,0,0.25,0,0,,0,0,0,0,0,0,0,,0.5,2.857,0.25,0,,,0,,,0,,,2.25,17.308,88.889,0,2,4.5,3,1.5
Logan Evans,Port Adelaide,21,21.23,Gen. Defender,1,2.2,41,33,0,0,0,71,7,1,8,62.5,57.143,100,75,1,100,87.5,1,1,2,4,2,4,191,23.875,64.6,255.6,194.08,148.37,27.726,-1.49,-1.49,-0.026,2.7,1.803,0.677,17.65,-3.364,50.45,-7.593,4,4,8,50,2,2,0,2,0,3,1,0,0,3,-8.244,1,4,2,1,0,0,0,,0,0,1,100,1,0,0,0,0,2,1,1,0,0,0,,0,,0,,,2,0,0,,0,,0,0,0,0,0,0,0,,1,10,1,0,,,0,,,0,,,0,0,,0,1,6,4,1
Joe Berry,Port Adelaide,20,20.7,Gen. Forward,5,5.34,51,49.4,0,0,0,77.8,6.2,4.6,10.8,64.815,61.29,69.565,66.667,1.4,28.571,57.407,1.8,0.2,1.6,6.75,2.4,4.5,159.4,14.759,108.044,267.444,141.646,74.008,22.846,7.396,1.608,0.112,2.787,3.098,0.267,23.394,-6.727,59.717,6.95,4,6.6,10.6,37.736,0.6,2.8,1,0.2,2.6,3,1.8,0,1,3.4,5.365,1.2,3.4,4,2,0.8,2.74,0,0,0.6,0.6,0.6,66.667,2.6,0,0.2,0.2,0.6,1.2,0.4,0.8,0,0,0,,0,,0,,,2.8,0.8,0.2,100,0.2,0,2,0.4,0.2,1,0,0.4,3,40,2.4,13.187,0,5,2.559,0.041,1,2.429,-1.428,4,2.592,0.408,0,0,,0.2,0.2,11.4,4.4,0.2
Travis Boak,Port Adelaide,38,38.41,Mid-Forward,5,8.16,82,82,1,0.2,1,80.2,9.4,10.8,20.2,67.327,53.191,79.63,64,1.6,62.5,46.535,1.8,1.8,4.4,4.591,4,5.05,244.2,12.089,187.16,431.36,224.884,117.59,24.444,18.958,1.755,2.155,3.939,5.849,0.892,26.289,-7.868,61.453,-16.716,8.2,12.2,20.4,40.196,2.6,6,0.8,1.4,4.6,4.2,3.4,0.6,1.4,6.6,-4.143,2.8,8,7.6,2,7.8,26.712,1,12.821,1.8,2.8,3.4,58.824,4.8,0.2,0.2,0.2,0.6,0.8,1.6,-0.8,0,0,0,,0,,0,,,4.8,0.4,0,,0,,2,0.4,0.2,0.8,0.8,1.2,7.8,50,2.6,14.286,0.2,4,2.858,0.392,1,3.821,-2.821,3,2.537,1.463,0.4,3.077,100,0,1.2,17.4,9.4,0.2
Ollie Wines,Port Adelaide,32,32.23,Midfielder,4,6.875,91,88.25,0,0,0,73.25,9.75,14.5,24.25,58.763,46.154,67.241,64.948,2.75,54.545,40.206,2.75,1.75,3.25,7.462,3.5,6.929,268.75,11.082,222.935,491.685,245,136.628,25.789,15.72,1.103,1.428,3.412,7.659,-3.059,29.032,0.379,49.596,-2.537,11.75,12.75,24.5,47.959,3,6.75,1,2.75,4,4.5,3.25,2.75,1.5,7.75,1.795,3.75,6.5,11.25,3,19,61.29,1.5,7.895,3,4.5,6.25,68,4.25,0.25,0.5,0.5,0.5,2,0.75,1.25,0,0,0,,0,,0,,,4.25,0.5,0.25,0,0.25,0,0,0,0.5,0.5,0.75,1.25,5.5,0,5.5,31.429,1.25,2,2.787,-1.787,2,2.787,-1.787,0,,,0,0,,0,0.75,21,11.25,0.25
Aliir Aliir,Port Adelaide,32,32.32,Key Defender,5,8.2,79,67.6,10,2,1,98.4,13,2,15,74.667,70.769,100,66.667,0.8,25,86.667,1,3.8,3.8,3.947,3.2,4.688,331.8,22.12,141.996,473.796,296.782,155.148,22.829,3.278,1.639,0.323,8.18,8.297,0.53,16.292,2.673,64.434,-12.71,6.6,8.4,15,44,8.8,4,0,0,4,6.2,3.6,0,1.2,2,-42.947,8.4,4.6,2,0,0,0,0,,0.4,0.4,0.4,100,8,1.8,0,3.6,0,0.8,1.8,-1,0,0,0,,0,,0,,,1,0,4.2,19.048,0,,1,0.2,0,0.2,0,0.2,1.4,100,2.4,13.187,1,1,4.067,1.933,1,4.067,1.933,0,,,0,0,,0.4,5,7.2,6.6,4.6
Darcy Byrne-Jones,Port Adelaide,31,31.27,Gen. Forward,5,6.9,72.8,59,1,0.2,1,81.2,8.2,5.2,13.4,70.149,68.293,73.077,62.687,1.6,25,61.194,1.6,3,1.8,7.444,4.2,3.19,222.6,16.612,119.03,341.63,211.172,82.862,25.753,10.428,2.005,0.286,5.4,5.271,-0.113,20.624,-4.408,55.02,1.737,5.6,8,13.6,41.176,5.8,4.2,0.4,0.4,3.8,5.2,3.8,0,2,3.2,-18.923,4.2,4.4,4,1,0,0,0.2,,0.2,0.4,0,,3.6,0,0,0.8,0,1.4,0.2,1.2,0,0,0,,0,,0,,,2.8,0.2,0,,0.8,0,1,0.2,0,0.4,0.4,0.4,3.6,50,2.2,12.088,0.6,2,2.456,0.544,1,1.777,-1.777,1,3.136,2.864,0.2,1.538,100,0,1,14.2,11,1
Jordon Sweet,Port Adelaide,28,28.9,Ruck,5,9.84,96.4,90.4,0,0,0,85.4,5.8,7.8,13.6,61.765,51.724,69.231,65.672,2.2,63.636,42.647,2.2,1.4,3.6,3.778,2.2,6.182,206.8,15.206,121.29,328.09,176.986,117.896,31.605,21.378,2.741,5.308,2.56,5.046,-0.011,30.111,3.222,46.865,-8.77,7.2,6.4,13.6,52.941,1,2.2,0.4,1.4,0.8,2,1.2,0,0.4,3.6,2.431,1.4,4.2,6,2,24.6,84.247,1.6,6.504,2,3.6,5.2,65.385,2.4,0.2,0.6,0.2,0,2,1.4,0.6,78.8,84.731,40.4,51.269,11.4,28.218,2.4,41.089,39.604,2.6,0.4,1,80,0.8,25,1,0.2,0.4,0.8,0.2,0.8,3.4,25,6,32.967,4,4,3.215,-1.215,4,3.215,-1.215,0,,,0,0,,0,2.8,16.4,10.2,2.2
Toby Pink,North Melbourne,28,28.38,Key Defender,5,5.62,54.4,49.8,0,0,0,92.8,8.4,2.6,11,89.091,85.714,100,70.909,0.4,0,76.364,0.4,4,1.8,6.111,2.2,5,207,18.818,101.884,308.884,205.73,73.942,24.492,0.444,0.171,0,4.436,4.063,-0.139,16.29,1.659,68.117,-6.579,3.6,6.6,10.2,35.294,4.8,1.4,0,0.6,0.8,3.6,1.4,0,0.6,2.2,-43.751,6.4,2.4,1.2,0.2,0,0,0,,0,0,0,,5.6,1.2,0.2,1.8,0,1,0.8,0.2,0,0,0,,0,,0,,,1,0,3,46.667,0,,0,0,0,0,0,0,0,,1.8,8.036,1.2,0,,,0,,,0,,,0.2,1.639,100,0,3.6,8.8,6.4,3
Luke Davies-Uniacke,North Melbourne,27,27.56,Midfielder,5,16.7,110.8,104.4,14,2.8,2,86.6,13,13.6,26.6,73.684,67.692,79.412,73.684,6.4,56.25,48.872,6.8,1,4.6,5.783,3.8,7,488,18.346,289.034,777.034,413.486,298.404,31.807,6.784,0.499,6.108,6.259,7.526,5.582,30.55,5.657,51.699,6.922,12.6,15,27.6,45.652,2.2,9.2,0.8,2.6,6.6,3.6,3,1.8,1,10,-1.099,2.4,11.2,12.4,1.6,28,85.366,3.6,12.857,3.8,7.4,7,85.714,5,0.2,0.6,0.2,0.2,1.4,1.2,0.2,0,0,0,,0,,0,,,5.4,0.6,0,,0.4,0,3,0.6,0.2,1,1.6,1.8,13.6,60,7.4,33.036,2.2,5,3.375,0.425,3,3.571,0.762,2,3.08,-0.08,0,0,,1.8,1,22,10,0.4
Paul Curtis,North Melbourne,23,23.82,Gen. Forward,4,13.4,86.75,72.5,5,1.25,1,81.25,7,4.25,11.25,77.778,71.429,88.235,80,1,50,62.222,1.25,0.25,1.75,6.429,1.5,7.5,172.25,15.311,107.145,279.395,188.043,131.993,26.863,4.557,1.072,1.742,10.761,7.819,4.987,27.536,14.131,59.171,15.829,6.25,5.75,12,52.083,1,2.25,1,0.5,1.75,5,1.75,0.25,0.75,3.25,25.627,1,2.75,3,5.25,0.75,2.344,0.5,66.667,0.75,1.25,1,100,4.25,2,2.5,0.25,0.75,1,0.75,0.25,0,0,0,,0,,0,,,4,1.25,0,,1.75,42.857,10,2.5,0.5,3.75,0.25,1,17.75,66.667,5.5,23.656,0.5,15,3.767,0.366,12,3.975,0.192,3,2.936,1.064,0,0,,0,1.25,14.5,4.75,0.25
Dylan Stephens,North Melbourne,25,25.97,Midfielder,5,7.84,64.4,68.8,0,0,0,87.2,10.4,8.6,19,71.579,57.692,88.372,71.579,2.4,33.333,54.737,2.6,2,2.6,7.308,2.8,6.786,313.6,16.505,180.272,493.872,282.924,169.184,27.204,16.998,1.977,1.153,4.632,3.067,3.037,22.537,1.376,51.899,0.275,4.4,14.2,18.6,23.656,2,3.6,0.2,0.4,3.2,2.4,2.2,0.6,1,8,-10.714,3.4,7.6,6.2,1.4,0,0,0.2,,1.6,1.8,1.8,88.889,5,0,0.4,0.2,0,0.2,0.6,-0.4,0,0,0,,0,,0,,,0.8,0,0,,0,,3,0.6,0.2,1,0.8,1,8.8,60,4.2,18.75,1.2,5,2.823,0.977,1,1.728,4.272,4,3.097,0.153,0,0,,0.2,0.4,12,6.6,0.4
Brynn Teakle,North Melbourne,27,27.2,Ruck,3,7.833,62.333,60.333,0,0,0,77.667,4.333,3.667,8,70.833,53.846,90.909,66.667,1.333,0,54.167,1.667,1.333,1.667,4.8,1.667,4.8,100.333,12.542,51.95,152.283,113.84,23.81,26.271,-7.217,-1.968,2.888,1.65,3.677,0.048,22.747,-22.747,55.363,-9.908,5.333,3,8.333,64,1.667,2,0,0.333,1.667,2,0.667,0,0.333,1.667,-6.332,0.667,4.333,2.667,0.667,16.667,54.945,1,6,2,3,3,100,2,0.667,0,0.667,0.333,1.667,0.667,1,58.667,59.259,19.333,32.955,6,31.034,0.667,43.103,32.759,3.667,0.667,0.333,0,0.333,0,0,0,0.333,0.333,0,0.333,0.667,0,2.333,13.462,1.667,1,2.68,-1.68,0,,,1,2.68,-1.68,0,0,,0,1.333,14,6.333,0.333
Tom Powell,North Melbourne,24,24.83,Midfielder,5,6.66,70.4,79.8,0,0,0,77.6,9.6,9.8,19.4,69.072,56.25,81.633,70.103,2.2,45.455,49.485,3,1.8,2.4,8.083,2.4,8.083,258.2,13.309,214.448,472.648,243.768,111.024,25.393,6.88,0.702,1.593,1.684,3.194,0.677,26.916,2.352,58.743,2.232,4.8,15,19.8,24.242,1,3.4,0.6,1.4,2,1.8,1.6,0.8,0.6,9.8,-11.199,4.2,7.8,6.6,1.2,4.8,14.634,0.6,12.5,1.6,2.2,2.4,66.667,4.6,0,0,0,0.6,0.4,0.6,-0.2,0,0,0,,0,,0,,,4,0.6,0.2,0,0,,2,0.4,0.6,1,0.6,0.8,6.8,40,5.8,25.893,0.8,5,3.52,-0.52,0,,,5,3.52,-0.52,0,0,,0.6,1,14,7,0.4
Charlie Comben,North Melbourne,25,25.44,Key Defender,5,5.86,54,47.6,0,0,0,95.2,7.6,5.4,13,84.615,78.947,92.593,76.923,0.2,100,58.462,0.6,2.6,3.8,3.421,1.6,8.125,216.8,16.677,121.74,338.54,184.042,102.038,24.216,16.574,3.069,0,5.241,6.108,-0.337,14.184,0.101,67.964,-2.249,3.8,8.8,12.6,30.159,6.8,3,0.2,0.4,2.6,3.8,3,0,1,2.6,-42.798,7.4,3,2,0.2,0,0,0,,0,0,0,,6.2,0.6,0,3.4,0,0.4,2.4,-2,0,0,0,,0,,0,,,0.4,0,2,60,0.2,0,0,0,0.6,0.6,0,0.2,0.8,0,2,8.929,1,3,3.477,-2.477,2,3.487,-2.487,1,3.456,-2.456,0,0,,0.4,4.4,6.6,4.6,4.2
Zac Banch,North Melbourne,23,23.94,Gen. Forward,3,2.5,36.333,38.333,0,0,0,56,4.667,3.667,8.333,68,42.857,100,72,1,0,56,1,0,1.333,6.25,1,8.333,101.333,12.16,93.98,195.313,77.56,33.167,17.898,6.747,1.84,-0.226,2.125,3.771,-1.769,24.371,-14.371,66.953,-16.953,4.667,4.667,9.333,50,0.667,2.333,0.333,0.333,2,4.333,2.333,0.333,1.333,1.333,5.866,0.667,3.667,3.333,1.667,0,0,0,,0,0,0.333,0,3.333,0.333,0.333,0,0,1.667,0.333,1.333,0,0,0,,0,,0,,,1,0,0,,0.333,100,1,0.333,0.333,1.333,0,0,2.333,25,1.667,8.621,0.333,4,3.742,-1.992,2,3.962,-0.462,2,3.522,-3.522,0,0,,1.333,0.667,7,3.667,0.333
Robert Hansen Jr,North Melbourne,22,22.8,Mid-Forward,2,3.85,19,17,0,0,0,25.5,1.5,4.5,6,91.667,66.667,100,91.667,0.5,100,25,1,0,0.5,12,0.5,12,72,12,57.23,129.23,44.485,54.275,29.657,23.565,5.237,0,2.481,0.911,1.57,23.85,9.483,42.56,24.107,1,5,6,16.667,0.5,1,0,0,1,1,1,0,0.5,3,-3.21,1,1.5,3,0.5,0,0,0,,0,0,0,,1,0,0,0,0,0.5,0,0.5,0,0,0,,0,,0,,,0,0,0,,0,,0,0,0,0,0,0.5,0.5,,1.5,9.091,0,0,,,0,,,0,,,0,0,,0,0,8.5,2,0
Zane Duursma,North Melbourne,21,21.34,Gen. Forward,3,3.4,45.667,40.333,0,0,0,69.667,5.667,3.667,9.333,89.286,88.235,90.909,75,0.667,100,60.714,0.667,2.333,1,9.333,1,9.333,190.333,20.393,84.91,275.243,181.13,82.71,31.964,4.453,1.215,0,2.907,2.784,0.297,20.516,-1.766,56.844,-0.594,2.667,7,9.667,27.586,2,1.667,0,0.667,1,2.667,1.667,0,0.333,1.667,-25.907,3,4.333,2,0.333,0,0,0,,0,0,0,,5.333,0.667,0,0.667,0,0,0,0,0,0,0,,0,,0,,,0,0,0.667,50,0,,0,0,0,0,0.667,0.667,4,,1.333,7.692,0.333,0,,,0,,,0,,,0.333,2.326,100,0,1,5.333,3.667,0.667
Harry Sheezel,North Melbourne,22,22.21,Mid-Forward,5,11.6,124.6,127,14,2.8,2,85,17.2,18.2,35.4,72.316,60.465,83.516,73.446,3.4,41.176,48.588,4.8,2.8,3.8,9.316,5.2,6.808,438,12.373,339.642,777.642,413.664,224.004,24.05,3.044,0.167,2.978,4.015,6.49,0.959,24.973,3.405,57.922,-3.868,10,24.4,34.4,29.07,3.2,7.4,1,1.4,6,3.6,3.2,1.8,1.2,15.8,-13.325,7.8,14,11,1.6,18.6,56.707,2,10.753,3.2,5.2,5.4,88.889,6.6,0,0.2,0.4,0,1,0.6,0.4,0,0,0,,0,,0,,,4,0.2,0,,0,,3,0.6,0.4,1.2,0.6,1.2,8.2,50,6.8,30.357,1.6,6,2.827,0.507,1,3.653,-3.653,5,2.661,1.339,0.6,4.918,100,0,0.6,20.6,13.4,0.2
Jacob Konstanty,North Melbourne,22,22.14,Gen. Forward,5,1.76,34,43.6,0,0,0,66.4,5.2,4.4,9.6,45.833,23.077,72.727,58.333,1.8,44.444,54.167,2.4,0.2,2.8,3.429,2.2,4.364,138,14.375,77.718,215.718,129.27,31.802,25.854,-0.994,-0.226,0.385,-1.191,2.54,-2.249,37.967,4.89,45.319,-2.462,2.8,6.4,9.2,30.435,1.4,1.8,0.4,0.4,1.4,2,1.2,0.2,0.6,3.8,23.236,0.6,1.6,4.6,2.4,0,0,0,,0.8,0.8,0.2,100,1.4,0,0.4,0,0.4,0.6,0.4,0.2,0,0,0,,0,,0,,,3.4,1.4,0,,0.4,0,1,0.2,0.8,1.6,0.8,1,7,12.5,3,13.393,0.6,8,3.485,-2.235,2,3.207,-2.207,6,3.578,-2.244,0,0,,0.4,0.8,12,2.8,0.4
Riley Hardeman,North Melbourne,21,21.84,Gen. Defender,3,3.567,45.333,49,0,0,0,60,6.667,5,11.667,77.143,65,93.333,71.429,1,0,57.143,1,2.667,0.333,35,2.333,5,187,16.029,118.86,305.86,162.593,40.62,24.389,8.45,1.811,-0.008,1.844,2.234,-0.756,16.531,-1.531,59.107,-14.107,2,10,12,16.667,3.333,1.667,0,0.333,1.333,2,1.667,0,1.667,3.667,-43.256,6.333,5,0.667,0,0,0,0,,0,0,0,,5.667,0,0,1,0,0.667,0,0.667,0,0,0,,0,,0,,,0.333,0,0,,0,,0,0,0,0,0,0,0,,1.333,7.692,0,0,,,0,,,0,,,0,0,,0.333,2,3.667,3,1.667
Colby McKercher,North Melbourne,21,21.72,Gen. Defender,5,9.72,105.4,94.2,8,1.6,3,87.8,20.8,8.6,29.4,82.313,80.769,86.047,73.973,2,50,70.748,3.2,4.2,4.4,6.682,5.4,5.444,486.4,16.544,359.3,845.7,434.032,264.014,20.867,-4.982,-0.579,0.499,6.606,3.099,6.027,18.595,1.405,67.446,2.554,3.8,21.6,25.4,14.961,2.8,2.8,0,0.4,2.4,2.8,2.2,0.2,0.8,17,-24.501,9,9,6.6,0.8,0,0,0,,0.4,0.4,1,60,4,0.4,0.2,0.6,0,0.6,2,-1.4,0,0,0,,0,,0,,,1.4,0,0.4,50,0,,2,0.4,0,0.6,0.4,1,5.4,66.667,4.6,20.536,1.2,3,3.279,0.721,1,3.515,-3.515,2,3.16,2.839,6,49.18,83.333,2.2,1,9.6,6.8,0.8
Finn O'Sullivan,North Melbourne,20,20.58,Gen. Defender,5,7.54,68.8,68.2,0,0,0,85.4,9,8.4,17.4,85.057,82.222,88.095,78.161,1,40,51.724,1.6,1.6,1.6,10.875,2.2,7.909,184.4,10.598,207.284,391.684,182.662,86.16,20.296,2.694,0.321,1.388,4.024,4.484,0.685,22.436,1.373,69.672,4.138,4,14.2,18.2,21.978,3.2,3.2,0.2,0.4,2.8,2.4,1.8,0.2,0.6,7.2,-18.757,4.8,7.8,4.8,0.8,3,9.146,0,0,1,1,1,80,5.8,0.2,0.2,1.2,0.6,0.2,0.8,-0.6,0,0,0,,0,,0,,,2.2,0.2,0.2,100,0,,0,0,0.4,0.6,0,0.2,0.6,0,3,13.393,0,3,1.995,-1.329,0,,,3,1.995,-1.329,0,0,,0,2.2,13.8,6.4,1
Wil Dawson,North Melbourne,21,21.03,Key Defender,1,5.8,37,35,0,0,0,89,6,1,7,71.429,83.333,0,71.429,0,,85.714,0,3,2,3.5,1,7,72,10.286,116.19,188.19,116.46,89.54,19.41,8.32,8.32,0,5.132,4.808,0.129,18.965,14.368,68.498,-1.832,3,4,7,42.857,4,2,0,0,2,3,2,0,1,0,-40.324,4,1,2,0,2,6.25,0,0,0,0,0,,4,0,0,2,0,1,2,-1,3,2.885,0,0,0,,0,,,2,0,1,0,0,,0,0,0,0,0,0,0,,2,14.286,0,0,,,0,,,0,,,0,0,,0,3,8,7,3
Finnbar Maley,Adelaide,23,23.45,Key Forward,1,5.2,26,36,0,0,0,71,5,3,8,75,60,100,75,0,,62.5,0,1,5,1.6,5,1.6,69,8.625,134.41,203.41,76.53,55.98,15.306,6.55,2.183,-1.726,4.194,7.015,-2.729,14.613,-14.613,67.69,-1.023,4,6,10,40,1,2,1,0,2,3,1,0,0,3,6.411,1,4,2,3,4,12.5,0,0,1,1,1,100,4,1,1,1,2,0,3,-3,9,8.654,2,22.222,0,0,0,50,50,1,0,0,,0,,1,1,0,2,0,0,6,50,2,14.286,0,2,5.358,-2.358,1,5.417,0.583,1,5.3,-5.3,0,0,,0,1,5,3,0
Luke Parker,North Melbourne,34,34.18,Midfielder,5,11.82,99.8,98.4,1,0.2,1,76.2,13.4,13.4,26.8,67.164,52.239,82.09,69.403,2.4,33.333,50,2.4,0.4,4,6.7,5,5.36,340,12.687,203.686,543.686,323.954,152.214,24.176,-4.658,-0.348,5.436,2.776,6.78,2.524,25.559,2.774,55.842,-2.509,12.4,14.2,26.6,46.617,1,9,0.8,1.8,7.2,2.2,1.6,2,0.2,9,-4.125,2,13,10,1.6,22.2,67.683,2,9.009,5,7,8.8,70.455,4.4,0.2,0,0.2,0.2,1.2,1.4,-0.2,0,0,0,,0,,0,,,4.6,0.4,0,,0.2,0,2,0.4,0.4,0.8,0.4,0.6,5.4,50,5.6,25,1.4,4,2.948,0.552,2,2.252,1.248,2,3.643,-0.143,0,0,,0,1.2,11.6,6.2,0.6
Jack Darling,North Melbourne,34,34.55,Key Forward,5,10.24,68.2,55.2,0,0,0,90.2,7,2.8,9.8,65.306,62.857,71.429,67.347,0.8,50,71.429,1,0.2,2.2,4.455,2.4,4.083,161.2,16.449,68.918,230.118,170.324,95.89,25.048,4.808,1.717,0.466,8.114,6.658,2.711,28.548,11.452,61.771,8.229,6,3.8,9.8,61.224,0.6,2.8,1.4,0.6,2.2,5,2.6,0,1.2,1.4,29.579,0.2,2,3.4,4.2,2,6.098,0.2,10,0.6,0.8,1.2,50,3.4,1.4,1.6,0.2,1.2,0.8,1.2,-0.4,10,9.804,1.8,18,0.4,22.222,0.8,22.222,33.333,2.6,1,0.4,50,2.4,25,7,1.4,0.6,2.2,0.6,0.6,12.6,63.636,4.8,21.429,0.4,11,3.556,0.535,10,3.347,0.553,1,5.646,0.354,0,0,,0,2.2,8.2,2.2,1.2
Caleb Daniel,North Melbourne,30,30.48,Gen. Defender,5,10.06,91,79.2,1,0.2,1,83.2,15.2,8.8,24,84.167,78.947,93.182,81.513,1.6,100,63.333,1.6,4.2,1.6,15,2.8,8.571,383.8,15.992,197.674,581.474,365.152,267.656,24.343,4.116,0.468,0.073,6.672,2.859,3.977,18.047,0.872,60.986,7.933,3.6,16,19.6,18.367,2.8,3.2,0,0.8,2.4,2.8,2.4,0,1,11,-25.458,6.8,8.4,4.2,0.2,0.2,0.61,0.2,100,0.6,0.8,0.4,100,3.4,0,0,0,0,0.4,0.6,-0.2,0,0,0,,0,,0,,,1.8,0,0.2,100,0,,0,0,0,0,0.2,0.6,1.6,,3.8,16.964,1,0,,,0,,,0,,,5.2,42.623,76.923,0.8,0.6,8.2,6.6,0.4
Jy Simpkin,North Melbourne,28,28.82,Mid-Forward,3,10.567,96.667,97.333,0,0,0,88.667,16.667,10.333,27,69.136,58,87.097,62.963,3.667,45.455,61.728,4,3.667,3.333,8.1,4,6.75,509.333,18.864,271.68,781.013,461.81,226.04,28.274,1.487,0.144,1.046,7.352,5.4,3.943,22.598,-2.143,50.376,-0.376,7.667,20,27.667,27.711,3.667,6.667,0.667,1.333,5.333,4.667,4.333,0.667,1.333,13.333,-14.866,6,12.667,6.333,2.667,4,11.429,0.667,16.667,1.667,2.333,2,83.333,6.333,0.333,0.333,0,0.667,0.333,1,-0.667,0,0,0,,0,,0,,,2,0,0.333,0,0,,1,0.333,0.333,1,0.333,0.667,4.667,33.333,5.333,21.622,0.667,3,2.447,-0.114,1,3.072,-2.072,2,2.135,0.865,0,0,,0.667,1,11.667,6.667,0.667
Griffin Logue,North Melbourne,28,28.71,Key Defender,5,7.44,61.2,53.6,0,0,0,89.2,6,7.6,13.6,86.765,83.333,89.474,79.412,0.6,33.333,44.118,0.8,1.6,1.4,9.714,1.4,9.714,115.6,8.5,153.906,269.506,110.244,32.758,18.374,-2.146,-0.282,0.302,5.678,4.289,0.505,19.802,-5.516,75.293,-7.436,3.8,9.4,13.2,28.788,5,2,0,0.6,1.4,3.2,1.8,0.2,0.2,3.8,-40.239,7.4,3.4,2.4,0,0,0,0,,0.6,0.6,0.4,100,6,0.6,0,2,0,1.2,0.8,0.4,0,0,0,,0,,0,,,0.6,0,0.8,0,0,,1,0.2,0,0.2,0,0,1.2,100,2.6,11.607,0.8,1,3.746,2.254,1,3.746,2.254,0,,,0,0,,0.2,4.8,8.2,7.2,4.6
Cameron Zurhaar,North Melbourne,28,28.61,Gen. Forward,4,3.8,54.25,50.75,0,0,0,67.75,7.25,0.75,8,56.25,55.172,66.667,59.375,1.25,60,90.625,1.75,0.5,2,4,2,4,181.75,22.719,71.182,252.933,203.338,60.928,28.047,-1.228,-1.637,-0.275,3.497,4.507,0.063,24.84,3.731,64.834,-0.548,3.75,4.5,8.25,45.455,0.75,1.75,1.25,0.5,1.25,3.5,1.75,0.25,0.5,1.25,33.721,0.25,1.75,1.75,4.5,0,0,0,,0.25,0.25,0.25,100,4,1,1.75,0,1.25,0.5,0.5,0,0,0,0,,0,,0,,,1.5,1,0,,0.5,50,6,1.5,1.5,3.75,0.5,0.75,13.75,40,4.25,19.54,0.25,15,3.303,-0.503,8,3.976,-0.601,7,2.534,-0.391,0,0,,0.5,0.75,9,1.5,0.5
Liam Baker,West Coast,28,28.92,Gen. Defender,5,12.64,98.8,90.2,0,0,0,86.4,10.8,10.4,21.2,70.755,61.111,80.769,71.429,2.4,41.667,50.943,2.6,1.6,2.4,8.833,3.8,5.579,312.8,14.755,220.846,533.646,281.094,188.904,26.518,30.188,2.903,2.318,7.552,6.997,3.037,23.667,-8.449,57.355,3.515,8.2,12.4,20.6,39.806,5.4,7.2,0.8,1.4,5.8,5,4.6,0,2.2,6.2,-8.94,3.8,8.4,6.6,1.8,6.2,20.805,1,16.129,1.4,2.4,2.4,75,5,0.2,0.6,0.8,1,1.2,1,0.2,0,0,0,,0,,0,,,5,0.8,0.4,50,0,,3,0.6,0.2,0.8,0.4,0.6,6.4,75,2.8,17.722,1.2,4,3.689,1.061,4,3.689,1.061,0,,,0.6,4.839,66.667,0.2,2.2,16,8,1.4
Bailey J. Williams,West Coast,26,26.7,Ruck,4,5.575,49,45.25,0,0,0,80.25,4.5,3.5,8,62.5,50,78.571,62.5,1.25,60,56.25,1.25,0,2.75,2.909,2.5,3.2,122.5,15.312,60.868,183.368,138.64,65.242,30.809,-5.457,-1.559,2.261,1.983,4.291,0.766,23.781,-2.352,52.3,-9.443,5.25,3,8.25,63.636,0.5,1.75,0,0.5,1.25,2,0.5,0,0.25,2,2.507,0.25,3.5,3.25,1.25,13.25,44.167,1.5,11.321,1.25,2.75,2.75,81.818,1.5,0.75,0.5,0.25,0,1.5,1.5,0,33.25,35.092,13.5,40.602,2.75,20.37,0.75,29.63,31.481,2,0.5,0,,2.25,33.333,1,0.25,0.25,0.5,0,0.25,2,50,2,13.115,0.5,2,2.727,0.773,2,2.727,0.773,0,,,0,0,,0,2,10.75,4.5,1.5
Sandy Brock,West Coast,24,24.04,Key Defender,4,9.125,64.25,43.75,0,0,0,90,7.25,3.75,11,79.545,75.862,86.667,70.455,0.5,0,65.909,0.5,3.5,1.75,6.286,1.25,8.8,198,18,72.028,270.027,166.677,83.83,22.99,2.3,0.613,0.334,7.113,3.528,0.51,15.055,0.329,60.495,4.89,3,7.5,10.5,28.571,4.75,2.5,0,0.25,2.25,2.5,2,0,0.25,3.25,-48.163,6,4.25,0.25,0,0,0,0,,0.25,0.25,0,,4,0.25,0,1.5,0.25,0.25,0.25,0,0,0,0,,0,,0,,,0.75,0,2.5,40,0,,0,0,0,0,0,0,0,,1.75,11.111,0.75,0,,,0,,,0,,,0,0,,0.25,8.75,5.25,4.25,8.25
Tyler Brockman,West Coast,24,24.1,Gen. Forward,5,5.36,43.4,40.4,0,0,0,72.4,5,3.2,8.2,73.171,68,81.25,68.293,0.8,25,60.976,1,0,1.4,5.857,2,4.1,108.6,13.244,103.562,212.162,117.398,38.486,23.48,7.45,2.328,-0.136,4.28,4.108,0.164,30.272,3.061,57.534,9.133,2.6,5.6,8.2,31.707,1,1.2,0.6,0.6,0.6,2.6,1.2,0,0.4,2,17.164,0.4,2.4,2.6,2.8,1,3.356,0,0,0,0,0,,3.4,0.4,1.4,0.2,1.4,1,0.6,0.4,0,0,0,,0,,0,,,1.4,0.4,0,,0.2,0,3,0.6,0.4,1.4,0.4,1.2,7.2,42.857,2.6,16.456,0.4,7,3.608,-0.751,7,3.608,-0.751,0,,,0,0,,0,0.8,14.6,3.8,0.6
Matthew Owies,West Coast,29,29.78,Gen. Forward,4,3.6,36.25,31,0,0,0,60.5,3.5,2.5,6,75,57.143,100,78.261,0.25,0,58.333,0.75,0.5,0.75,8,1,6,70,11.667,93.382,163.382,66.993,39.222,20.613,7.312,2.925,-0.204,2.963,2.301,0.422,27.718,-7.718,61.752,-11.752,2.5,3.5,6,41.667,1.25,1.25,0,0,1.25,2,1.25,0.25,0.5,1.75,5.271,1,1,2.75,1.25,0,0,0.25,,0.25,0.5,0.25,100,1.75,0.25,0.75,0.25,0.5,0.5,0.25,0.25,0,0,0,,0,,0,,,2.25,1,0,,0.5,0,1,0.25,0,0.75,0,0.25,1.75,33.333,1,6.349,0,3,3.508,-1.508,2,3.926,-0.926,1,2.672,-2.672,0,0,,0,1.25,9,1.5,1
Rhett Bazzo,West Coast,23,23.2,Key Defender,5,4.48,57,48.8,0,0,0,86.8,6.4,5.4,11.8,88.136,81.25,96.296,74.576,0.6,33.333,54.237,0.6,2.2,2.2,5.364,2.4,4.917,158.6,13.441,131.714,290.314,149.62,47.196,23.378,0.152,0.028,0.062,3.557,3.328,-0.228,18.347,-2.722,60.871,-10.871,3,8.8,11.8,25.424,4,1.8,0,0,1.8,3,1.8,0,0.4,3.8,-35.115,4.6,6,1.2,0,0,0,0,,0,0,0,,5.4,0.8,0,1,0.4,0.2,1,-0.8,2.8,2.941,0.6,21.429,0.2,33.333,0,33.333,33.333,1.2,0,1.4,71.429,0,,0,0,0,0,0.2,0.2,1.2,,2.2,13.924,0.8,0,,,0,,,0,,,0,0,,0,5.8,4.8,4.8,4.8
Elijah Hewett,West Coast,22,22.59,Midfielder,5,5.64,66,66.4,0,0,0,79.4,6.6,10.6,17.2,69.767,60.606,75.472,65.116,2.6,38.462,38.372,3,0.4,2.6,6.615,3.2,5.375,213.2,12.395,146.538,359.738,217.192,91.234,33.936,5.428,0.512,2.19,0.516,4.185,-1.399,26.011,-9.344,48.114,10.219,6.2,11.2,17.4,35.632,1.4,4.4,0.6,1.2,3.2,1.8,1.4,0.8,0.6,7.6,2.356,1.4,6,7.8,2.2,14.2,47.651,0.6,4.225,2,2.6,3,80,2,0,0.4,0.2,0.2,1.2,0.4,0.8,0,0,0,,0,,0,,,4.4,0.6,0,,0.2,0,1,0.2,0.6,1,0.4,0.4,4.2,20,3.8,24.051,0.8,5,3.38,-1.58,3,4.085,-3.085,2,2.323,0.677,0,0,,0,0.8,14.4,6.8,0
Reuben Ginbey,West Coast,22,22.3,Gen. Defender,5,8.14,70.6,55.6,1,0.2,1,80,9.2,4.6,13.8,66.667,58.696,82.609,71.014,0.6,33.333,66.667,0.6,4,3,4.6,3.2,4.312,256,18.551,131.096,387.096,203.788,118.306,22.151,18.308,3.98,0.148,6.348,5.527,-0.096,15.907,-0.689,62.006,-7.658,5.6,8.8,14.4,38.889,6,3.4,0,0.4,3,5.4,3.2,0,1.2,4.8,-49.638,9,4.4,1,0,0,0,0,,0.2,0.2,0,,4,0.4,0,1,0.4,1.6,1.2,0.4,0,0,0,,0,,0,,,2.2,0,1,0,0,,0,0,0,0,0,0,0,,2.2,13.924,1.2,0,,,0,,,0,,,0.2,1.613,100,0.8,6.4,7.6,6.8,5.8
Tyrell Dewar,West Coast,22,22.76,Midfielder,3,2.467,19,20.333,0,0,0,44.333,3.667,1,4.667,71.429,63.636,100,71.429,1.333,100,78.571,1.333,0.333,0.667,7,0.667,7,120,25.714,53.1,173.1,100.483,74.093,27.405,3.003,3.003,-0.026,2.063,0.562,1.557,30.722,9.278,54.706,5.294,1,4,5,20,0.333,0.333,0,0,0.333,0.667,0.333,0.333,0,1.667,0.818,0.667,1.667,2,0.667,0,0,0,,0,0,0.333,100,2,0,0.333,0,0,0.333,0.333,0,0,0,0,,0,,0,,,0,0,0,,0.333,100,1,0.333,0,0.333,0.333,0.667,4.333,100,2,12.245,0,1,3.878,2.122,1,3.878,2.122,0,,,0,0,,0.667,0.333,5.667,3.667,0.333
Brady Hough,West Coast,23,23.82,Midfielder,5,5.06,66.6,64.4,0,0,0,84,8.8,6.2,15,73.333,75,70.968,73.333,1.2,33.333,58.667,1.4,2.2,1.2,12.5,2.4,6.25,169.6,11.307,176.528,346.128,167.292,80.16,19.01,3.104,0.501,0.294,3.481,3.56,-0.162,22.553,6.992,66.16,2.022,4,11,15,26.667,3.8,3.2,0,0.4,2.8,3.2,2.6,0,1.4,5,-28.34,5.2,7.4,2.4,0,9,30.201,0,0,0,0,0.4,50,5.4,0.2,0,0.8,0.2,0.4,0.2,0.2,0,0,0,,0,,0,,,2.4,0.2,0.2,0,0,,0,0,0,0,0.2,0.4,1.4,,2.6,16.456,0.4,0,,,0,,,0,,,0.2,1.613,100,0.4,1.8,9.2,7.2,1.4
Harley Reid,West Coast,21,21.7,Midfielder,1,8.7,50,52,0,0,0,76,10,5,15,73.333,60,100,73.333,1,0,66.667,3,1,9,1.667,6,2.5,374,24.933,279,653,317.63,215.43,31.763,19.86,3.972,0.381,6.594,2.676,8.14,24.113,-24.113,62.038,-24.538,5,13,18,27.778,1,2,0,1,1,1,0,2,0,6,-5.329,2,6,9,1,22,68.75,2,9.091,1,3,4,75,4,0,1,0,2,2,6,-4,0,0,0,,0,,0,,,1,0,0,,0,,2,2,0,2,0,0,12,100,2,11.765,0,2,3.008,2.992,1,3.484,2.516,1,2.531,3.469,0,0,,3,0,18,9,0
Clay Hall,West Coast,21,21.63,Midfielder,5,6.04,64.4,52.2,0,0,0,77.6,6,9.4,15.4,70.13,60,76.596,64.935,2,30,38.961,2,1.6,3,5.133,2.4,6.417,206.2,13.39,138.526,344.726,181.122,65.722,30.187,7.39,0.786,1.282,3.011,4.403,0.095,22.24,-3.722,49.454,-12.417,7.4,8.4,15.8,46.835,2.6,5.2,0,1.2,4,2.8,2.2,1.4,0.8,4.8,-14.42,3.2,6.2,6,0.4,8.6,28.859,0.2,2.326,2.4,2.6,3.8,57.895,2.8,0,0,0,0.2,0.6,1.4,-0.8,0,0,0,,0,,0,,,2.6,0.2,0,,0,,0,0,0.2,0.2,0.4,0.4,2.6,0,1.8,11.392,0.4,1,2.108,-1.108,0,,,1,2.108,-1.108,0,0,,0.4,1,14.6,6.8,0.8
Archer Reid,West Coast,21,21.28,Key Forward,3,3.567,40,33,0,0,0,70,2.667,2,4.667,85.714,75,100,78.571,0.667,50,57.143,0.667,0,0.333,14,0.667,7,60.333,12.929,66.357,126.69,81.157,22.48,30.434,1.08,0.54,0.63,2.243,3.434,0.063,25.265,-8.598,66.892,-16.892,3.667,1.667,5.333,68.75,0.333,1,0.667,0,1,3,1,0,0,0,18.27,0.333,1.667,1.667,1.667,2.667,8.511,0,0,0.667,0.667,0.667,100,2,0.667,0.667,0,0.333,1.333,0,1.333,13.333,14.388,4.667,35,1.333,28.571,0,50,42.857,1.667,0.333,0.333,100,2,33.333,1,0.333,0.333,0.667,0,0.333,2.667,50,2.333,13.725,0.667,2,3.862,-0.362,2,3.862,-0.362,0,,,0,0,,0,1,5.667,2,0.333
Ryan Maric,West Coast,22,22.31,Gen. Defender,4,5.575,100.5,83.25,0,0,0,80.75,14.25,8.75,23,73.913,71.93,77.143,70.652,1,75,61.957,1.25,4.25,2.5,9.2,4.25,5.412,415.5,18.065,268.125,683.625,374.352,249.952,26.27,-3.597,-0.411,1.018,2.075,3.183,0.348,16.112,-5.398,60.971,-2.042,4.25,14.75,19,22.368,2.75,3.25,0.25,0.75,2.5,3.5,2.75,0.25,0.75,11.25,-31.583,7.5,8,3.25,0.25,0,0,0,,0.5,0.5,0.5,100,2.5,0,0,0.25,0.25,0.75,0.25,0.5,0,0,0,,0,,0,,,3.5,0,0.5,0,0,,1,0.25,0,0.25,0.5,0.5,4.5,100,2.5,15.873,0.5,1,5.968,0.032,1,5.968,0.032,0,,,4.5,34.615,100,3.5,1.25,9,5.25,1
Jobe Shanahan,West Coast,20,20.41,Key Forward,5,2.44,39.4,44,0,0,0,84.4,5.2,0.8,6,56.667,53.846,75,51.724,0.2,0,86.667,0.6,0.2,1.4,4.286,1.6,3.75,100.2,16.7,20.592,120.792,143.492,42.608,27.595,3.622,4.528,0,2.33,4.324,-1.677,32.344,-12.344,68.027,-18.027,3.4,2.8,6.2,54.839,0.2,0.6,0.2,0.2,0.4,3.4,0.6,0,0.2,0.6,41.094,0.2,1,1,4,0,0,0,,0,0,0,,3.8,1.6,2.2,0,0.8,1.2,0.4,0.8,0.2,0.21,0,0,0,,0,,,1.4,1,0,,1.4,0,7,1.4,1.4,3,0,0,9.8,46.667,3.4,21.519,0.2,15,3.597,-0.33,14,3.638,-0.567,1,3.021,2.979,0,0,,0,0.6,8.6,1.6,0.6
Jack Hutchinson,West Coast,25,25.13,Midfielder,1,0.1,63,51,0,0,0,82,8,8,16,62.5,75,50,62.5,2,0,50,2,3,5,3.2,4,4,300,18.75,136.17,436.17,281.62,104.2,35.202,5.22,0.652,-0.495,-0.202,3.559,-0.995,20.663,-8.162,46.847,-9.347,7,10,17,41.176,3,5,0,1,4,3,2,1,1,5,-16.81,4,8,5,0,0,0,0,,2,2,4,50,5,0,0,0,1,1,3,-2,0,0,0,,0,,0,,,1,1,0,,0,,0,0,0,0,1,1,6,,3,17.647,2,0,,,0,,,0,,,0,0,,0,1,10,8,0
Tom McCarthy,West Coast,26,26.47,Gen. Defender,5,8.54,91.8,84.2,2,0.4,1,80.4,15.4,8.2,23.6,72.881,68.831,80.488,67.521,2.8,57.143,65.254,3,5.2,4.6,5.13,6,3.933,469.2,19.881,251.432,720.632,384.558,266.258,25.637,30.84,3.761,2.161,3.415,4.818,1.846,20.987,-3.42,60.972,-4.215,6.4,13.4,19.8,32.323,3.8,5.4,0.2,1.2,4.2,2.8,2.4,0.2,1.2,8.6,-16.425,5.6,7.4,5.6,1.2,8.2,27.517,0.6,7.317,1.6,2.2,2.6,61.538,4.4,0,0.2,0.8,0.4,0.8,1,-0.2,0,0,0,,0,,0,,,2.6,0.2,0,,0,,0,0,0.2,0.2,0.8,1.2,5.4,0,5,31.646,2,1,3.443,-2.443,1,3.443,-2.443,0,,,4.6,37.097,91.304,1.4,0.8,15,8.2,0.4
Jamie Cripps,West Coast,34,34.69,Gen. Forward,5,7.88,57.8,59.8,0,0,0,88.8,8,4,12,63.333,60,70,58.333,2,40,66.667,3.2,0.8,3.8,3.158,4,3,227,18.917,83.322,310.322,221.902,115.922,27.738,-0.77,-0.192,0.801,5.557,3.605,3.934,30.923,-3.337,53.476,-12.096,3.8,8.6,12.4,30.645,2,2.4,1.2,0.4,2,3.4,2.2,0,1.2,4,14.995,1.4,2.8,4.6,3.6,0,0,0,,0.4,0.4,0.2,100,3.6,0.2,0.6,0,1,0.4,0.8,-0.4,0,0,0,,0,,0,,,2.6,1.2,0.2,100,0.8,0,7,1.4,0.2,1.8,1,1,14.6,77.778,3.6,22.785,0.4,9,3.234,1.543,4,3.719,2.281,5,2.847,0.953,0,0,,0,1.4,14.2,3.8,0.2
Tim Kelly,West Coast,32,32.43,Mid-Forward,5,13.5,97.4,79,6,1.2,1,82.2,11,12.6,23.6,74.576,58.182,88.889,66.379,3.6,22.222,46.61,3.6,2.6,3.6,6.556,4.2,5.619,342.2,14.5,185.524,527.724,317.882,102.446,29.434,4.238,0.342,5.608,4.437,8.04,2.959,25.743,-5.335,52.38,-11.564,12.8,12.2,25,51.2,2,8.8,0.6,2.4,6.4,3.2,2.6,2,1.2,9.4,-4.508,3.6,10,9.6,1.8,22.8,76.51,3,13.158,4,7,8,72.5,2,0.2,0.2,0,0.2,1.8,1.4,0.4,0,0,0,,0,,0,,,3.4,0.4,0,,0.2,100,3,0.6,0,0.8,0,0.4,4,75,4.6,29.114,1.8,4,3.517,0.983,3,4.029,1.971,1,1.983,-1.983,0,0,,0.4,0.8,18.4,10,0
Liam Duggan,West Coast,30,30.05,Gen. Defender,3,7.867,75,73.333,0,0,0,80,12.333,3.667,16,85.417,83.784,90.909,81.25,1.667,100,77.083,1.667,3.667,1.667,9.6,2.667,6,314.667,19.667,257.25,571.917,291.557,200.423,23.64,2.113,0.576,-0.042,5.961,3.476,2.541,18.229,-4.716,65.09,2.478,2.333,12.667,15,15.556,4.333,1.667,0,0,1.667,1.333,1,0.333,0.667,4.667,-35.08,7.667,4.333,2.667,0.333,0,0,0,,0.667,0.667,1,66.667,7.333,0,0,2.333,0,0,0.333,-0.333,0,0,0,,0,,0,,,2,0,0,,0,,0,0,0,0,0,0,0,,2.333,13.725,0.333,0,,,0,,,0,,,1.667,12.5,100,0,0.667,11.333,8,0.333
Tom Cole,West Coast,29,29.59,Gen. Defender,5,9.4,91,78.2,0,0,0,82.6,11,7.4,18.4,81.522,80,83.784,77.174,1.6,75,59.783,1.8,2.2,2.6,7.077,2.8,6.571,279,15.163,211.562,490.562,246.604,170.606,22.419,21.128,2.855,0.127,6.521,4.413,1.22,18.627,-5.42,67.159,2.653,5.2,11.4,16.6,31.325,5.6,3.2,0,0.6,2.6,4.8,2.8,0,1.6,5.2,-26.306,5.8,7.6,3,0.2,0,0,0,,0.2,0.2,0.2,100,6,0.4,0,0.8,0.4,1.2,1.4,-0.2,0,0,0,,0,,0,,,3.8,0.2,0.4,50,0,,0,0,0.2,0.2,0.4,0.6,2.8,0,2,12.658,0.6,1,3.925,-2.925,0,,,1,3.925,-2.925,1.6,12.903,87.5,0.8,3,12.4,8.8,2.4
Matt Flynn,West Coast,29,29.29,Ruck,4,10.75,85,71.25,0,0,0,80.25,5,6.25,11.25,55.556,45,64,61.364,1.5,50,44.444,2.25,0.5,2,5.625,1.75,6.429,126,11.2,102.645,228.645,120.578,61.528,25.385,11.605,1.857,1.892,5.846,7.949,-1.136,26.351,0.316,56.234,-2.901,7,5.5,12.5,56,3.25,3.75,0,0.5,3.25,4,2.25,0,0.75,3,-3.954,1.5,5.5,4,1.5,22,75.862,1.5,6.818,0.75,2.25,3.25,61.538,3.75,1.5,0.75,2,0,0.5,1,-0.5,71.75,74.935,27,37.631,7.5,27.778,0.5,47.222,41.667,1.25,0.25,0.25,0,0.5,0,2,0.5,0,0.5,0.5,1,6.5,100,2.5,15.873,1.25,2,3.872,2.128,2,3.872,2.128,0,,,0,0,,0,2.25,10,4.75,0.75
Bayley Fritsch,Melbourne,30,30.06,Gen. Forward,5,10.82,74.4,74.8,6,1.2,2,85.2,8.4,5,13.4,67.164,61.905,76,74.242,1.8,88.889,62.687,2,0,3.4,3.941,3.2,4.188,250.2,18.672,105.726,355.926,236.628,180.304,28.857,9.512,1.902,0.723,8.47,5.506,5.283,36.425,15.749,53.62,11.597,4.2,9.8,14,30,1.2,2.2,1.2,0.6,1.6,4,2.2,0.2,0.6,3.2,30.651,0,2.8,5.6,5.6,0,0,0,,0.2,0.2,0.2,100,5.8,1,2.6,0.4,1.6,0.6,1.4,-0.8,0,0,0,,0,,0,,,2.6,1.4,0,,1.6,50,12,2.4,1,3.6,0.8,1.2,20.6,66.667,6.6,27.5,0,18,3.768,0.51,13,3.409,0.975,5,4.699,-0.699,0,0,,0.4,1.2,7.4,1.4,0.8
Charlie Spargo,North Melbourne,27,27.09,Gen. Forward,1,0.6,34,22,0,0,0,17,2,0,2,50,50,,50,1,100,100,1,0,0,,0,,47,23.5,0,47,49.89,43.26,24.945,0,,0,-0.154,0.475,-0.997,30.07,-30.07,62.29,-62.29,1,1,2,50,1,0,0,0,0,1,0,0,0,0,-1.435,0,1,1,0,0,0,0,,0,0,0,,1,0,0,0,0,1,0,1,0,0,0,,0,,0,,,3,2,0,,0,,0,0,0,0,0,0,0,,0,0,0,0,,,0,,,0,,,0,0,,0,0,8,5,0
Kade Chandler,Melbourne,26,26.96,Gen. Forward,5,10.7,75,65,0,0,0,84.8,8.2,6,14.2,69.014,58.537,83.333,67.606,2.4,58.333,57.746,3,1,1.2,11.833,2.4,5.917,257,18.099,129.804,386.804,215.42,131.408,26.928,9.896,1.649,0.787,6.526,4.115,3.059,27.357,-1.55,51.851,-6.689,6,8.8,14.8,40.541,1.2,3.6,1.6,0.2,3.4,4,3,1.2,2.4,5,7.919,1.8,4.6,5,3.4,0,0,0.4,,1.2,1.6,1.4,71.429,2.8,0,0.2,0,0.8,0.6,0.4,0.2,0,0,0,,0,,0,,,3.6,1.6,0,,0.4,50,5,1,0.2,1.4,0.4,0.8,9,71.429,5.4,22.5,1.2,7,4.165,0.263,2,4.944,1.056,5,3.854,-0.054,0,0,,0.2,1.4,16.2,4.8,0.6
Kysaiah Pickett,Melbourne,25,25.58,Mid-Forward,5,10.42,71.8,79.2,2,0.4,1,82.2,14,4.6,18.6,56.989,48.571,82.609,61.29,3.2,43.75,75.269,3.8,1.8,3.8,4.895,4.2,4.429,372.8,20.043,176.55,549.35,358.582,207.168,25.613,-0.166,-0.036,1.563,5.875,4.027,4.527,26.527,-1.073,53.755,4.427,5.2,13.2,18.4,28.261,1,3.2,0.8,1,2.2,2,1.4,1,0.4,10,1.469,2,7.2,6.2,3,16.4,55.782,1.4,8.537,0.6,2,2.4,100,2.6,0.2,0.6,0.2,0.6,0.2,1,-0.8,0,0,0,,0,,0,,,4,0.8,0,,0.6,0,5,1,1,2.4,0.6,1,11,41.667,5.2,21.667,0.6,12,2.759,0.158,4,2.448,-0.198,8,2.915,0.335,0,0,,0.6,1.4,18.2,6.8,0.2
Harrison Petty,Melbourne,27,27.13,Key Forward,5,10.34,72.2,63,0,0,0,78,6.8,2.6,9.4,82.979,76.471,100,82.609,1.4,85.714,72.34,1.6,0.4,1,9.4,0.6,15.667,201,21.383,106.636,307.636,229.592,160.416,33.764,9.882,3.801,0.725,9.511,6.49,3.941,28.077,14.78,52.527,33.188,4.6,6,10.6,43.396,0.6,1,0.4,0.2,0.8,4.2,1,0,0,2,27.952,0.4,2.4,3.4,4.4,0,0,0,,0.6,0.6,0.6,100,5.4,1.6,2,0,1,1.6,0.4,1.2,7.6,8.034,2.6,34.211,0.4,15.385,0.2,23.077,15.385,2,1,0,,1.8,33.333,8,1.6,0.6,2.6,1.2,1.6,17.8,61.538,5.2,21.667,0.6,13,3.353,0.57,12,3.291,0.459,1,4.09,1.91,0,0,,0,2.4,13,2.2,1.2
Trent Rivers,Melbourne,25,25.42,Gen. Defender,5,10.62,85,87,0,0,0,79,14.4,7,21.4,80.374,76.389,88.571,70.755,2.8,35.714,67.29,3.2,3.6,2.2,9.727,3.2,6.687,470,21.963,221.304,691.304,381.084,211.352,26.837,32.182,4.597,1.773,5.962,4.199,3.544,23.308,4.384,58.483,3.055,4.6,16,20.6,22.33,4.6,3.8,0.2,0.6,3.2,3,2.4,0,1,8.6,-17.496,6.6,6.8,6.4,0.8,4.8,16.327,0.8,16.667,0.4,1.2,0.8,100,6,0,0.2,1.2,0,1.8,0.2,1.6,0,0,0,,0,,0,,,2.2,0,0.6,0,0,,1,0.2,0.6,0.8,0.2,0.4,3.2,25,5,20.833,1.4,4,3.222,-0.972,1,2.561,-1.561,3,3.442,-0.776,0.8,7.143,100,0.8,1.6,9.6,6.4,1.4
Jake Bowey,Melbourne,24,24.3,Gen. Defender,5,9,86.4,87.2,0,0,0,79.2,15.2,6.8,22,80.909,77.632,88.235,73.636,2.2,36.364,69.091,2.2,3.4,1.6,13.75,3,7.333,347.8,15.809,324.322,672.122,336.618,175.094,22.146,1.69,0.249,1.351,5.111,4.324,2.279,16.776,-0.109,67.056,-0.39,5,13.4,18.4,27.174,3.4,4,0,0.8,3.2,2.8,2.2,0.2,1.4,6.6,-25.566,6.8,7.4,4,0.2,0,0,0.6,,1,1.6,1.2,66.667,5,0,0,0.6,0,0.4,0.6,-0.2,0,0,0,,0,,0,,,3.6,0,1,80,0,,0,0,0,0,0.4,0.4,2.4,,3.4,14.167,1.8,0,,,0,,,0,,,4,35.714,100,0.4,1.4,12,7.2,0.8
Blake Howes,Melbourne,23,23.73,Gen. Defender,5,4.1,47.8,43.6,0,0,0,70.2,5,5.6,10.6,84.906,80,89.286,77.358,0.4,0,47.17,0.4,1,1.8,5.889,1,10.6,111,10.472,88.588,199.588,136.268,25.092,27.254,-9.248,-1.651,0.323,2.95,3.157,0.226,15.558,-6.034,64.476,-12.095,3.2,7.6,10.8,29.63,3.2,2.2,0,0,2.2,2.8,2,0,0.2,3.6,-38.785,5,4.8,0.8,0.2,0,0,0,,0,0,0.2,100,3.4,0.2,0,0.4,0,0.4,0.8,-0.4,0,0,0,,0,,0,,,2,0,0.6,0,0,,1,0.2,0,0.2,0,0,1.2,100,1.4,5.833,0.6,1,2.645,3.355,1,2.645,3.355,0,,,0,0,,0,3,5.4,4.2,2.2
Judd McVee,Fremantle,23,23.4,Gen. Defender,5,5.92,47.6,47.2,0,0,0,79,8.4,5,13.4,79.104,66.667,100,74.627,1.2,33.333,62.687,1.2,2.4,2,6.7,2.2,6.091,186,13.881,180.844,366.844,167.764,74.81,19.972,-0.976,-0.195,1.282,3.448,3.375,0.889,18.173,8.143,64.674,-6.779,4.4,7.8,12.2,36.066,2.6,3.6,0,0.6,3,3,2.8,0.4,0.6,4.2,-38.455,5.8,4.4,2,0,0,0,0.2,,1.8,2,1.2,100,3.6,0.2,0,0.4,0,0.2,0.2,0,0,0,0,,0,,0,,,0.4,0,0.6,0,0,,0,0,0,0,0,0,0,,2.4,10,0.6,0,,,0,,,0,,,0.6,5.357,100,1.2,2,6,4.8,1.8
Jacob van Rooyen,Melbourne,23,23.7,Key Forward,5,7.66,70.4,66.2,0,0,0,72,7.2,5,12.2,73.77,72.222,76,63.934,1.8,44.444,59.016,2,0,2.2,5.545,2.4,5.083,215.4,17.656,87.4,302.8,244.806,119.086,34.001,-9.756,-1.951,0.972,4.846,4.277,2.72,27.645,9.855,48.1,10.233,5.4,7.4,12.8,42.188,1,3,1.2,1,2,3.8,2.6,0,1,3.4,17.919,0.6,3.6,4.6,4,4.2,14.286,0.2,4.762,0.6,0.8,1.6,50,4.4,0.6,1.4,0.4,0.6,0.6,0.8,-0.2,16.6,17.548,5.4,32.53,1.4,25.926,1,40.741,37.037,2.4,1,0,,1.6,50,6,1.2,1,2.2,0.6,1.2,12.4,54.545,5.2,21.667,1.2,11,3.449,0.278,7,3.618,0.953,4,3.154,-0.904,0,0,,0,1.8,8,3,1.6
Daniel Turner,Melbourne,24,24.92,Key Defender,5,7.42,55.4,55.4,0,0,0,93.2,7.6,4.4,12,80,73.684,90.909,76.667,1,40,63.333,1.2,2.4,2.4,5,2.2,5.455,140.2,11.683,119.428,259.628,139.082,50.358,18.3,3.62,0.823,0.151,6.598,5.769,0.344,17.044,-2.339,68.511,-0.864,4.4,7.4,11.8,37.288,6,2.4,0,0.4,2,4.2,2.2,0,1,2.4,-32.622,5.6,4.2,1.6,0.4,0,0,0,,0.2,0.2,0,,6.2,1.4,0,3,0.2,0.4,0.4,0,0,0,0,,0,,0,,,1.2,0,1.8,33.333,0,,1,0.2,0,0.2,0.4,0.4,3.6,100,1.4,5.833,0.6,1,5.882,0.118,0,,,1,5.882,0.118,0,0,,0,4.6,6,4.6,4.2
Caleb Windsor,Melbourne,21,21.56,Gen. Defender,3,9.6,56.333,55.667,0,0,0,69.333,9.667,5.667,15.333,67.391,58.621,82.353,69.565,2.667,50,63.043,3,1.667,3,5.111,3,5.111,291.333,19,218.263,509.597,219.113,134.36,22.667,18.29,3.228,3.579,4.451,4.102,4.035,26.853,-2.853,55.488,8.512,5.667,10.333,16,35.417,1,4,1,0.333,3.667,1.667,1.667,1,0.333,8,-10.489,3.667,6.667,4.667,1,19.333,59.794,1,5.172,1,2,3.667,45.455,1.333,0,0,0.333,0,0.333,0,0.333,0,0,0,,0,,0,,,2.667,0.667,0,,0,,0,0,0.333,0.667,0.667,1.333,5,0,3.333,12.048,1,2,2.509,-2.009,0,,,2,2.509,-2.009,0,0,,1.333,1.333,18.667,8,0.667
Xavier Lindsay,Melbourne,20,20.41,Midfielder,1,5.5,57,42,0,0,0,73,5,4,9,66.667,60,75,66.667,0,,55.556,0,0,1,9,1,9,124,13.778,6.63,130.63,116.64,78.81,23.328,-7.86,-1.965,0.246,4.236,2.907,1.465,7.77,42.23,35.09,14.91,4,6,10,40,1,2,0,0,2,1,1,0,0,5,4.862,2,3,1,4,0,0,0,,3,3,2,100,1,0,1,0,0,2,1,1,0,0,0,,0,,0,,,1,1,0,,0,,2,2,1,3,0,0,13,66.667,4,16,2,3,4.509,-0.176,2,4.159,-0.659,1,5.21,0.79,0,0,,0,2,12,2,1
Harvey Langford,Melbourne,20,20.79,Midfielder,5,13.28,75.8,63,2,0.4,1,79.8,8.4,7,15.4,77.922,76.19,80,75.325,2.4,33.333,54.545,3,1.2,1.6,9.625,2.2,7,307.4,19.961,130.148,437.548,262.098,172.856,31.202,12.088,1.727,0.749,9.906,4.993,4.997,24.81,18.524,49.429,7.238,6.2,9.2,15.4,40.26,2.4,4.6,1,1.2,3.4,5,3.6,0.2,1.2,6,5.121,2,4.8,5.6,3,0.4,1.361,0,0,1.2,1.2,1,80,2.8,0.6,0.6,0,0.2,1,0.2,0.8,0,0,0,,0,,0,,,1.6,0.4,0.2,100,0.6,66.667,7,1.4,0.2,2,0.2,0.4,10,70,5.4,22.5,1,10,3.285,1.015,3,3.585,0.415,7,3.157,1.272,0,0,,0,1,10.2,3.4,0.8
Jake Melksham,Melbourne,35,35.33,Key Forward,5,9.06,55.4,46.2,0,0,0,67.8,7,3,10,74,65.714,93.333,70,2.2,45.455,70,2.4,0,2.6,3.846,3.4,2.941,217.8,21.78,72.396,290.196,231.258,112.916,33.037,-4.646,-1.549,0.131,7.893,4.151,4.74,34.964,1.4,40.258,5.196,4,6,10,40,0.6,1.8,0.8,0.4,1.4,4,1.8,0,0.6,2.4,35.845,0,0.6,5.4,4,0,0,0,,0,0,0,,3.2,1,2,0,0.6,1,1.2,-0.2,0,0,0,,0,,0,,,0.8,0.6,0,,1.6,37.5,7,1.4,0.6,2.4,1.2,1.4,16.4,58.333,4.6,19.167,0.4,12,2.902,0.848,9,2.987,1.235,3,2.647,-0.314,0,0,,0.2,1.2,5.8,0.6,0.8
Max Gawn,Melbourne,35,35,Ruck,5,19.2,140.2,120.8,33,6.6,5,86.2,10.6,11.6,22.2,66.667,66.038,67.241,68.182,2.2,54.545,47.748,3,2.4,4.2,5.286,3.6,6.167,235,10.586,272.664,507.664,241.508,115.622,23.222,10.466,0.918,7.157,9.742,14.078,-0.522,23.863,-8.97,59.075,2.627,13.6,9.8,23.4,58.12,7.6,4.8,0.4,1.2,3.6,6.8,3,0,0.4,3.6,-9.086,4.6,8.4,8.6,1.8,25.2,85.714,1.6,6.349,2.8,4.4,7.2,66.667,6.8,2.4,0.6,4.2,0.6,2.8,0.8,2,70.4,74.419,35.2,50,11,31.25,4.2,47.159,44.318,1.8,0,1,0,0.2,100,2,0.4,0.2,0.8,0,0.6,3.2,50,6.4,26.667,4,4,4.157,-0.907,3,4.759,-0.425,1,2.353,-2.353,0,0,,0,3.6,7,3,2.6
Tom McDonald,Melbourne,34,34.28,Key Defender,5,4.66,48,45.2,1,0.2,1,87.6,7.2,4.2,11.4,80.702,80.556,80.952,73.684,0.4,50,63.158,0.4,2.6,2.6,4.385,2.2,5.182,159,13.947,112.936,271.936,151.242,87.044,21.006,4.932,1.174,-0.262,4.246,3.013,0.079,14.512,-6.179,61.743,7.702,3.4,8,11.4,29.825,4.6,2.8,0,0.4,2.4,3.4,2.8,0,1.2,3,-43.547,6.8,3.2,1.4,0,0,0,0,,0,0,0,,4.8,0.4,0,1.2,0,0.4,1.2,-0.8,0,0,0,,0,,0,,,1,0.2,1.4,42.857,0,,0,0,0,0,0.2,0.2,1.2,,0.8,3.333,0.4,0,,,0,,,0,,,0.2,1.786,100,0,4,4.4,3.2,4
Jack Viney,Melbourne,32,32.71,Midfielder,5,13.48,101.8,96.2,14,2.8,2,79.8,10,12,22,68.182,62,73.333,61.818,3,33.333,45.455,3,0.4,4,5.5,4.4,5,252,11.455,218.358,470.358,234.182,62.676,23.418,-1.01,-0.084,4.691,3.736,8.635,0.277,26.92,-7.872,50.645,-12.55,13.6,8.6,22.2,61.261,3,9.4,2,3,6.4,5.6,4.6,2.2,1.6,5.8,4.324,1.4,9.2,8.8,2.8,21.4,72.789,2,9.346,3.4,5.4,6.4,65.625,2.2,0,0,0.2,0.2,1.8,1.2,0.6,0,0,0,,0,,0,,,8.6,1.2,0.2,0,0,,2,0.4,0.6,1,0,0.2,3.2,40,3.6,15,2,5,3.171,-0.171,0,,,5,3.171,-0.171,0,0,,0.2,1.4,24.4,9.8,0
Christian Salem,Melbourne,31,31.46,Gen. Defender,5,11.14,103.4,99.6,4,0.8,2,84.4,17.6,9,26.6,86.466,84.091,91.111,83.333,1.8,66.667,66.165,2.2,4.2,1.2,22.167,2.8,9.5,408,15.338,323.71,731.71,362.59,268.498,21.081,13.732,1.526,0.84,7.256,5.056,3.125,17.166,4.786,67.093,9.736,4.4,19.6,24,18.333,5.6,4,0,0.8,3.2,4,3.8,0,1.2,11.8,-29.832,8.2,10.6,5,0.2,0.4,1.361,0,0,0.4,0.4,0.4,50,6.8,0.2,0,1.2,0,0,0.4,-0.4,0,0,0,,0,,0,,,2.4,0.2,0.4,50,0,,0,0,0,0,0.4,1,3,,4.2,17.5,1.6,0,,,0,,,0,,,3,26.786,100,0,0.6,9.8,6.2,0.4
Ed Langdon,Melbourne,30,30.91,Mid-Forward,5,4.02,50.4,57.2,0,0,0,85.4,7.6,8.2,15.8,70.886,55.263,85.366,72.152,2.4,50,48.101,3.2,1.2,3.4,4.647,3.4,4.647,259.8,16.443,183.506,443.306,219.89,132.49,28.933,9.308,1.135,1.186,0.714,3.166,-0.205,27.31,-12.158,50.422,-4.967,4.6,11.2,15.8,29.114,1.6,4.4,0.8,1.4,3,3,3,0.2,1.6,6.8,-0.406,2.6,5,5.6,2.6,0,0,0.4,,1,1.4,1.2,83.333,3.4,0,0,0,0.2,0.2,0.6,-0.4,0,0,0,,0,,0,,,2,0.2,0.2,100,0,,1,0.2,0.2,1,0.6,0.8,5.2,20,3.6,15,0.2,5,2.909,-1.509,0,,,5,2.909,-1.509,0,0,,0,0.4,12.6,5.6,0.2
Tom Sparrow,Melbourne,26,26.58,Gen. Forward,5,6.36,61,56.4,0,0,0,74.6,7.4,7.6,15,76,70.27,81.579,68,2.6,30.769,49.333,2.6,0.8,3,5,3.2,4.688,230.6,15.373,144.944,375.544,200.832,82.718,27.139,6.956,0.915,0.794,2.934,3.935,0.435,27.188,-2.863,54.156,-5.507,5,9.6,14.6,34.247,2.6,4.2,0.6,0.4,3.8,4.2,3.4,0,1.8,5.2,-3.703,2,5.6,5.8,1.2,0.6,2.041,0.4,66.667,0.6,1,0.4,100,2.8,0.4,0,0.6,0.2,0.4,0.6,-0.2,0,0,0,,0,,0,,,3,0.8,0,,0,,0,0,0,0,0.8,0.8,4.8,,3.8,15.833,0.8,0,,,0,,,0,,,0,0,,0,1.4,20,9.2,1
Noah Balta,Richmond,27,27.18,Key Defender,5,9.08,58,51.8,0,0,0,83.6,7.4,3.4,10.8,62.963,54.054,82.353,55.556,2,40,68.519,2.4,0.8,2.4,4.5,4.2,2.571,237.8,22.019,79.418,317.218,250.27,85.43,33.82,6.302,1.854,1.648,5.437,5.879,1.529,27.914,4.229,48.224,-5.366,6.4,5,11.4,56.14,1.4,4,0.6,1.4,2.6,4.4,3,0,0.2,1,12.336,1,3,4.8,2.6,2.6,10.236,0.4,15.385,1.2,1.6,2,80,4.4,1.2,1.2,0.4,1.2,0.4,1,-0.6,10.2,11.384,3.8,37.255,1.2,31.579,0.8,36.842,47.368,0.8,0,0.2,0,2,20,4,0.8,0.4,1.4,0.4,0.4,7.6,57.143,3,17.045,0.4,7,3.219,0.495,5,3.461,-0.661,2,2.616,3.384,0,0,,0.2,2,5.8,1.8,2
Ben Miller,Richmond,27,27.33,Key Defender,5,8.22,76,62.8,1,0.2,1,96.6,11.4,2.6,14,87.143,87.719,84.615,81.159,0.4,50,81.429,0.6,3.8,2.2,6.364,2,7,315.8,22.557,191.716,507.516,308.704,213.788,27.079,6.77,2.604,-0.103,7.893,4.223,2.847,15.2,-8.057,63.315,8.113,4,7.8,11.8,33.898,5,1.8,0,0.2,1.6,4,1.8,0,0.4,1.8,-39.651,5.4,5.2,1.2,0,0,0,0,,0,0,0,,6.8,1.6,0,2.6,0,0.6,1.2,-0.6,0.4,0.446,0.4,100,0,0,0,0,50,1.4,0,3.4,35.294,0.2,0,0,0,0,0,0,0,0,,1.6,9.091,1.2,0,,,0,,,0,,,2.8,20.896,78.571,0,5.4,7.8,7.2,4.8
Jack Ross,Richmond,26,26.32,Mid-Forward,5,10.54,85.4,76.6,3,0.6,1,82.6,8.6,13.8,22.4,72.321,58.14,81.159,70.536,4.2,47.619,38.393,4.6,0.8,2.8,8,4.6,4.87,286.4,12.786,264.524,550.924,254.738,150.66,29.621,19.41,1.407,2.959,3.568,5.781,1.541,28.59,3.91,50.213,-2.714,8.4,15,23.4,35.897,2.6,6.4,0.6,1,5.4,4,3.6,1.2,0.8,11.2,-2.472,3.2,8.4,9.6,2.2,13.4,52.756,0.6,4.478,3,3.6,3,80,3.2,0,0,0.2,0.2,0.6,0.8,-0.2,0.2,0.223,0,0,0,,0,,,3.8,0,0,,0,,0,0,0.2,0.2,1,1.6,6.8,0,5.6,31.818,1,1,2.702,-1.702,0,,,1,2.702,-1.702,0,0,,0.4,0.8,17.8,8.6,0.2
Rhyan Mansell,Richmond,26,26.57,Gen. Forward,5,6.28,62.6,66.2,0,0,0,80,8,5.4,13.4,59.701,50,74.074,61.194,2.2,27.273,59.701,2.8,0,2.8,4.786,4,3.35,193.2,14.418,108.974,302.174,221.94,70.82,27.742,-7.472,-1.384,-0.126,3.662,3.963,0.754,32.895,3.105,47.802,0.198,5,7.6,12.6,39.683,2,3.6,1.4,1.4,2.2,5,3.6,0,2,3.6,22.824,0.6,3.2,4,4.8,0,0,0,,0,0,0.2,100,4,0.6,1.6,0,0.6,1,1,0,0,0,0,,0,,0,,,3.6,1.8,0.2,0,0.6,33.333,5,1,1,2,0.4,1,10,50,5,28.409,0.6,10,3.013,0.487,6,3.222,1.111,4,2.698,-0.448,0,0,,0,0.8,17.6,4,0.2
Maurice Rioli,Richmond,24,24.33,Gen. Forward,5,4.04,45.6,41.2,0,0,0,73.4,4.6,3.4,8,60,47.826,76.471,65,1.4,57.143,57.5,1.8,0.6,2,4,2,4,116.4,14.55,75.482,191.882,92.354,52.038,20.99,8.3,2.441,-0.026,1.941,2.958,-0.661,28.439,-9.391,56.169,-8.55,4,4.6,8.6,46.512,1,2.4,1.2,0.6,1.8,3.2,1.8,0,1.4,3,11.563,0.8,2.4,3.6,1.8,1,3.937,0,0,0.2,0.2,0.2,100,1.6,0.2,0.2,0,0,1,0.8,0.2,0,0,0,,0,,0,,,4,1.4,0,,0.4,50,1,0.2,0,0.4,0.4,1,4.2,50,1.8,10.227,0.4,2,2.408,0.592,0,,,2,2.408,0.592,0,0,,0,1.2,22,6.6,0.2
Sam Banks,Richmond,23,23.74,Gen. Defender,5,8.68,83.2,86.8,0,0,0,81.8,16,5.6,21.6,81.481,77.5,92.857,77.57,1.2,50,74.074,1.4,4.8,1.6,13.5,3.4,6.353,428.4,19.833,229.664,658.064,415.016,269.098,25.938,-3.922,-0.726,1.381,4.815,2.632,3.634,17.453,6.547,60.643,4.691,3.8,15.8,19.6,19.388,3.4,2.4,0,0,2.4,2.6,1.6,0.2,0.4,9,-27.243,7,8.2,4,0.4,0,0,0.2,,0.6,0.8,0.2,100,5.6,0,0.2,0.4,0,1.2,0.4,0.8,0,0,0,,0,,0,,,2.6,0,0,,0,,0,0,0.4,0.4,0,0,0.4,0,4.2,23.864,0.8,2,2.419,-1.419,1,1.386,-0.385,1,3.452,-2.452,2.2,16.418,72.727,0,0.2,12.2,9,0.2
Tom Brown,Richmond,23,23.42,Gen. Defender,5,6.76,54.8,48,0,0,0,77.2,8.6,4.2,12.8,75,74.419,76.19,60.938,1.6,37.5,67.187,1.6,3.4,2.4,5.333,3.4,3.765,285.4,22.297,109.354,394.754,266.752,109.62,31.018,5.244,1.249,0.349,5.474,3.74,1.432,17.798,1.25,52.064,-9.207,3.6,8,11.6,31.034,4.4,3.2,0,0.6,2.6,2.6,2.6,0.4,0.4,4,-32.792,5.6,3.8,2,0.2,0,0,0,,1,1,0.8,100,3,0,0.2,1.6,0,0,0.4,-0.4,0,0,0,,0,,0,,,1.2,0,0.8,0,0,,1,0.2,0,0.2,0.2,0.2,2.4,100,1.6,9.091,0.8,1,5.248,0.752,1,5.248,0.752,0,,,0.8,5.97,100,0,3.6,10,9,3.4
Tyler Sonsie,Richmond,23,23.92,Mid-Forward,5,5.66,56.8,66.6,0,0,0,80.4,9.4,9.4,18.8,69.149,68.085,70.213,65.957,2,60,50,2.2,1.6,4.4,4.273,4.4,4.273,264.2,14.053,179.786,443.986,244.912,152.86,26.054,7.024,0.763,1.833,1.601,3.303,0.421,23.483,1.517,54.802,13.38,4.8,13.4,18.2,26.374,1.8,4.2,0.4,0.8,3.4,2.2,2,0.2,0.8,7.8,-5.466,2.4,7.8,6.6,1.4,1.8,7.087,0.2,11.111,1.2,1.4,2.2,45.455,4.8,0,0.2,0.4,0.2,0.4,0.8,-0.4,0,0,0,,0,,0,,,1.8,0,0,,0,,0,0,0,0.4,0.2,0.4,1.4,0,3.2,18.182,0.6,2,2.456,-2.456,2,2.456,-2.456,0,,,0,0,,0,1.2,12.4,5,0.6
Tylar Young,West Coast,28,28.32,Key Defender,5,8.24,62.2,55.8,0,0,0,89.2,11,2.2,13.2,78.788,81.818,63.636,72.727,1,60,83.333,1,5.8,2.6,5.077,2.8,4.714,394,29.848,138.616,532.616,348.754,242.532,31.705,8.55,3.886,0.643,6.499,3.511,2.067,15.446,4.925,58.469,8.198,3.2,8.8,12,26.667,4,2.4,0,0.4,2,2.4,1.6,0,0.8,2.4,-45.788,7,3.6,1.4,0,0,0,0,,0.6,0.6,0.4,50,6.2,0.8,0,1.6,0,0.4,1,-0.6,0,0,0,,0,,0,,,0.6,0,1.4,28.571,0,,0,0,0,0,0,0,0,,1.6,9.091,0.8,0,,,0,,,0,,,2.4,17.91,75,0.2,3.8,6.6,6.2,3
Tom Sims,Richmond,20,20.63,Key Forward,2,3.75,43,42,0,0,0,73.5,3.5,2,5.5,63.636,85.714,25,54.545,2,25,63.636,2,0,1.5,3.667,1.5,3.667,118.5,21.545,18.355,136.855,131.245,74.86,37.499,3.67,1.835,0.961,1.397,3.142,-0.383,29.638,-29.638,49.026,10.974,3,2.5,5.5,54.545,0,2,0.5,1,1,2,1.5,0,0.5,0,10.395,0.5,2,2,1,3.5,15.556,0,0,0.5,0.5,0.5,100,3,0.5,0,0,1,0.5,0.5,0,18,22.36,4.5,25,0.5,11.111,0,33.333,22.222,3,0.5,0,,3,16.667,1,0.5,0,0.5,0,0,3,100,0.5,3.333,0,1,5.159,0.841,1,5.159,0.841,0,,,0,0,,0,2.5,12,4,2.5
Steely Green,Richmond,22,22.97,Gen. Forward,4,5.75,31.5,24.5,0,0,0,49.25,2,2.25,4.25,82.353,75,88.889,76.471,0.5,0,47.059,0.5,0,0.25,17,0.25,17,85.75,20.176,28.987,114.738,78.27,67.935,39.135,6.297,2.799,0.486,5.302,1.566,3.994,33.222,-8.222,43.267,31.733,1.75,2.25,4,43.75,0.25,1,0,0,1,1.25,0.75,0,0.25,1.25,21.884,0,1,1.5,1.5,0,0,0,,0.5,0.5,0,,0.5,0,0,0,0.25,0.75,0,0.75,0,0,0,,0,,0,,,1.75,1,0,,0.25,0,3,0.75,0.25,1,0.25,0.25,6.25,75,1.5,8.696,0.75,4,2.745,2.005,3,2.953,1.38,1,2.121,3.879,0,0,,0.5,0.5,8.5,2.75,0.5
Jonty Faull,Richmond,20,20.91,Key Forward,2,1.45,23,16.5,0,0,0,41.5,2.5,1.5,4,75,60,100,50,0.5,100,62.5,1,0,1,4,1.5,2.667,62.5,15.625,12.33,74.83,72.015,32.93,28.806,1.13,0.753,0,-0.144,2.254,-1.19,20.87,29.13,41.8,8.2,2,2.5,4.5,44.444,0.5,1,0,0,1,2,1,0,0.5,2,21.438,0,2.5,0.5,1.5,0,0,0,,0,0,0,,1,1,1,0,0,0,1,-1,0,0,0,,0,,0,,,0.5,0.5,0,,0,,1,0.5,1,1.5,0.5,0.5,7,33.333,2,13.333,0,3,3.85,-1.183,2,3.124,-2.124,1,5.3,0.7,0,0,,0,1.5,5.5,1.5,1
Luke Trainor,Richmond,20,20.72,Gen. Defender,3,2.1,45.667,50.333,0,0,0,67,8.667,5.667,14.333,72.093,69.231,76.471,74.419,1,66.667,60.465,1,2.333,1.667,8.6,3,4.778,221.667,15.465,149.243,370.91,210.213,111.45,24.255,9.01,1.59,0.275,-0.674,2.754,-2.643,18.944,1.889,55.912,-1.745,3.333,11.333,14.667,22.727,2.667,2,0,0,2,2.667,1.333,0,0.667,6.667,-12.11,3.667,5.333,4.667,1,0,0,0,,0.333,0.333,0.333,100,3,0,0,0.333,0,1.667,0.667,1,0,0,0,,0,,0,,,1,0,0.333,100,0,,0,0,0.333,0.667,0,0.333,0.667,0,3,18.367,1,2,3.204,-2.704,1,3.611,-2.611,1,2.797,-2.797,0.667,4.444,100,0,1,7.333,4.333,0.667
Jasper Alger,Richmond,20,20.03,Gen. Forward,1,-0.8,7,12,0,0,0,11,2,1,3,66.667,50,100,66.667,1,100,66.667,1,0,0,,0,,103,34.333,12.12,115.12,81.11,74.26,40.555,13.97,13.97,0,-1.22,0,-1.22,34.05,65.95,37.36,62.64,0,3,3,0,0,0,0,0,0,0,0,0,0,2,25.237,0,1,1,1,0,0,0,,0,0,0,,1,0,1,0,0,0,0,0,0,0,0,,0,,0,,,0,0,0,,0,,0,0,1,1,0,1,2,0,2,11.765,0,1,3.824,-2.824,1,3.824,-2.824,0,,,0,0,,0,0,4,0,0
James Trezise,Richmond,24,24.54,Midfielder,5,6.48,63.2,55,0,0,0,81.6,5.4,9,14.4,79.167,70.37,84.444,70.833,1.4,28.571,37.5,1.6,1.4,1.6,9,2.2,6.545,197,13.681,165.174,362.174,157.12,94.296,29.096,28.498,3.166,0.479,3.651,3.204,0.946,22.945,-0.217,49.568,0.432,4,10.8,14.8,27.027,2.4,3.2,0,0.2,3,2.8,2.2,0,0.6,7.8,-14.4,3,7.6,3,1.2,0,0,0,,0.8,0.8,1,80,2.6,0,0.4,0.2,0,0.6,0.2,0.4,0,0,0,,0,,0,,,2.6,0,0,,0.4,50,2,0.4,0.2,0.6,0,0.4,3,66.667,2.8,15.909,0.2,3,4.767,-0.434,3,4.767,-0.434,0,,,0,0,,0.4,1.4,13,7.2,0.8
Taj Hotton,Richmond,20,20.53,Gen. Forward,5,8.42,55.6,50.8,0,0,0,67.2,4.4,8.2,12.6,77.778,50,92.683,77.778,0.8,50,34.921,1.2,0,1.8,7,2,6.3,102,8.095,163.614,265.614,108.924,41.704,24.755,-4.224,-0.515,1.88,4.389,6.132,0.342,28.149,15.601,59.645,-22.145,6.6,6.4,13,50.769,1,5,1.2,1.6,3.4,4.4,3.4,0.4,1.6,3,8.779,0.2,5.4,5.2,2.2,3.4,13.386,0.8,23.529,1,1.8,1.4,100,3.6,0.6,0.6,0.2,1,0.8,0.6,0.2,0,0,0,,0,,0,,,2.2,0.6,0,,0,,2,0.4,0.2,0.6,0,0.4,3,66.667,4.6,26.136,0.6,3,4.571,-0.237,2,5.549,-2.049,1,2.614,3.386,0,0,,0.2,0.8,14.6,4.2,0.2
Dion Prestia,Richmond,34,34.21,Midfielder,5,11.44,78.4,74,0,0,0,83,9,12.4,21.4,76.636,71.111,80.645,74.528,2.4,33.333,42.056,3,1.2,2,10.7,2.2,9.727,239.2,11.178,268.03,507.23,202.638,118.258,23.027,18.926,1.526,3.673,4.431,4.146,4.535,24.639,2.388,57.7,9.867,7.6,13.8,21.4,35.514,0.4,5.8,0.6,1.8,4,1.8,1.8,1.4,1.4,9,-2.284,3,8,8.6,1.8,18,70.866,2,11.111,2.4,4.4,5,72,3,0,0.2,0,0,0.6,1,-0.4,0,0,0,,0,,0,,,3.2,0.4,0,,0,,2,0.4,0.4,0.8,0.4,0.8,5.6,50,4.2,23.864,1,4,3.216,0.284,1,3.826,2.174,3,3.013,-0.346,0,0,,0,0.6,19.8,9.6,0.2
Kamdyn McIntosh,Richmond,32,32.74,Midfielder,5,8.46,57.8,56.8,0,0,0,80,7.8,7.2,15,80,74.359,86.111,73.333,1.6,50,52,2,2.8,2.6,5.769,2,7.5,265.2,17.68,150.206,415.406,227.198,140.992,29.894,16.884,2.345,0.522,5.256,3.951,2.568,22.792,3.678,52.7,6.123,4.4,11.8,16.2,27.16,3.2,2.4,0.2,0.4,2,2.6,1.6,0.4,1,6.2,-5.325,3,6.8,4.8,1.6,3.4,13.386,0.8,23.529,0.4,1.2,1.2,83.333,5.2,0.2,0.2,0.6,0,0.6,1,-0.4,0,0,0,,0,,0,,,0.8,0,0.6,0,0,,2,0.4,0.2,0.6,0.6,0.8,6.4,66.667,3.6,20.455,0.4,3,3.08,1.253,1,4.547,1.453,2,2.347,1.153,0.2,1.493,0,0.4,1.8,10.8,4.8,0.4
Nick Vlastuin,Richmond,32,32.7,Gen. Defender,4,11.95,88.25,71.75,8,2,1,73,12.75,3.75,16.5,81.818,76.471,100,81.818,1,0,77.273,1,4.5,2.75,6,2.5,6.6,329.25,19.955,258.172,587.422,319.86,219.632,25.087,15.477,4.127,-0.203,10.014,7.694,1.922,16.352,1.648,63.001,4.999,7,8,15,46.667,8.75,3.5,0,0.75,2.75,6.75,3.5,0,1.5,2.75,-32.626,6,6,2.75,0.25,0,0,0,,0.25,0.25,0,,5.75,1,0.25,2.75,0.25,1.75,0.75,1,0,0,0,,0,,0,,,2.25,0,0.75,33.333,0,,0,0,0.25,0.25,0,0,0.25,0,2.5,14.493,1.75,1,1.777,-0.777,1,1.777,-0.777,0,,,2.75,22.917,90.909,0.25,3,9,7.5,1.5
Nathan Broad,Richmond,33,33.71,Gen. Defender,4,7.975,58.75,51.75,1,0.25,1,92,7.75,3.25,11,72.727,74.194,69.231,77.273,1,100,70.455,1,2.5,1.25,8.8,2.25,4.889,172,15.636,132.287,304.288,161.847,105.815,20.884,12.825,3.946,0.214,6.609,3.648,0.348,18.312,1.043,68.582,8.838,2.75,8.25,11,25,4.75,2,0,0,2,2.5,1.75,0,0.5,3.25,-38.607,5.75,3.5,1.75,0,0,0,0,,0.25,0.25,0.25,100,4.5,0,0,1.75,0.25,0.5,0,0.5,0,0,0,,0,,0,,,2,0,2.75,18.182,0,,0,0,0,0,0,0.25,0.25,,1.5,8,0.5,0,,,0,,,0,,,0.5,3.571,0,0,5.5,9.5,7.5,5
Toby Nankervis,Richmond,32,32.38,Ruck,5,10.88,80.2,84.6,0,0,0,82,7.4,8.4,15.8,55.696,37.838,71.429,59.494,1,20,46.835,1.6,0.6,2.8,5.643,2.6,6.077,157.8,9.987,113.504,271.304,139.784,47.208,18.89,10.184,1.212,4.428,2.729,5.952,0.157,20.846,-9.307,52.139,-17.523,9,5.6,14.6,61.644,2.4,6.4,0.2,2.6,3.8,2.8,2.6,0,0.4,3.4,-7.701,2.4,5.2,6.2,0.8,21.4,84.252,1.4,6.542,2.4,3.8,6.4,56.25,1.6,0.2,0.2,0.8,0,0.4,1.4,-1,66.6,74.33,31,46.547,6.8,21.935,1.8,41.935,34.839,3.4,0,1.2,33.333,0.2,0,0,0,0,0.4,0,0,0,0,3.4,19.318,1.8,2,4.411,-4.411,0,,,2,4.411,-4.411,0,0,,0,2.8,16.8,8.8,2.4
Jayden Short,Richmond,30,30.93,Gen. Defender,5,6.88,80.4,86,0,0,0,82.8,16,5.4,21.4,85.047,81.25,96.296,78.505,2.6,46.154,74.766,2.6,2.8,2.2,9.727,3,7.133,423.6,19.794,306.25,729.85,393.968,254.774,24.623,7.45,1.433,-0.523,5.652,2.631,2.943,19.865,-0.634,63.101,6.13,1.8,17.2,19,9.474,3.4,1.6,0,0,1.6,1.8,1.6,0,0.4,7.6,-25.829,6.8,7.2,4.8,0.2,0,0,0.2,,0,0.2,0,,8.2,0,0.2,1.2,0,0.6,0.4,0.2,0,0,0,,0,,0,,,0.8,0,1.4,14.286,0,,0,0,0,0.2,0,0.2,0.2,0,2.6,14.773,0.4,1,1.942,-1.942,1,1.942,-1.942,0,,,2,14.925,100,0.8,2.2,8.4,5.6,2
Jacob Hopper,Richmond,29,29.89,Midfielder,5,7.96,79.2,80.4,2,0.4,1,82,9.8,17,26.8,61.94,42.857,72.941,67.669,1.8,55.556,36.567,2.6,1.2,4.6,5.826,4.4,6.091,236.2,8.813,314.046,550.246,244.468,141.062,25.465,-5.072,-0.298,1.529,2.222,6.467,-1.401,27.179,3.054,48.243,7.57,12,15.2,27.2,44.118,3.2,8.8,0.8,3.8,5,5,5,2.6,1.8,10,-0.107,2,10.8,12.2,2.2,20.6,81.102,1.6,7.767,2.6,4.2,6.2,64.516,3.6,0,0.4,0,0,1,1.6,-0.6,0,0,0,,0,,0,,,2.4,0.2,0,,0,,0,0,0.4,0.6,0.6,1,4.4,0,4.6,26.136,1,3,2.869,-2.202,1,2.833,-1.833,2,2.886,-2.386,0,0,,0,0.2,12.4,6.4,0
Lachlan Bramble,Western Bulldogs,28,28.7,Gen. Defender,5,8.48,60.2,61.6,0,0,0,83.2,10.2,5,15.2,82.895,78.431,92,77.632,2.8,42.857,67.105,3,1.6,1.6,9.5,2.4,6.333,315.4,20.75,215.98,531.38,271.44,188.838,26.612,5.568,1.114,0.309,6.716,2.043,5.33,24.604,10.178,60.365,4.853,2.2,12.6,14.8,14.865,2.2,1.4,0,0.6,0.8,1.8,1.2,0,1,7.2,-15.371,2.8,7.8,3.8,0.4,0,0,0.2,,0.2,0.4,0.2,100,4.8,0.2,0,0.8,0,0.4,0.6,-0.2,0,0,0,,0,,0,,,1.4,0,0.8,0,0,,2,0.4,0,0.4,0.4,0.8,5.2,100,4.6,14.744,0.4,2,3.024,2.975,1,3.444,2.556,1,2.605,3.395,0.6,6.25,66.667,1,0.6,9.2,6.2,0.2
Matthew Kennedy,Western Bulldogs,29,29.73,Midfielder,5,9.98,91.4,93.6,0,0,0,76.2,13,11.4,24.4,64.754,46.154,85.965,64.754,3.4,64.706,53.279,4.2,1.6,3,8.133,3.4,7.176,335.8,13.762,247.564,583.364,360.8,122.15,28.188,-12.67,-1.111,3.081,3.28,6.657,-0.039,27.579,3.671,50.856,-7.106,10.2,13.4,23.6,43.22,2.8,7.4,1.6,2,5.4,3.8,3.2,1.2,1.2,8.4,0.819,4.2,8.2,7.2,4,16,50.314,1,6.25,3.8,4.8,5.2,76.923,4.2,0.2,0.6,0.6,0.4,1.4,1,0.4,0,0,0,,0,,0,,,4.6,0.4,0,,0.2,0,1,0.2,1.2,1.6,0.4,0.8,5.2,12.5,7.6,24.359,0.8,8,3.05,-1.55,3,3.94,-1.607,5,2.516,-1.516,0,0,,0,0.4,16.8,8.6,0.2
Aaron Naughton,Western Bulldogs,27,27.08,Key Forward,5,12.26,88,78.8,15,3,2,83.8,8.2,4.4,12.6,60.317,58.537,63.636,60.317,1.2,0,65.079,1.8,0.2,2.4,5.25,3.2,3.937,214.4,17.016,93.456,307.856,200.376,119.082,25.047,18.728,4.256,0.19,10.157,8.216,4.072,29.618,1.151,53.473,-7.319,6,6.6,12.6,47.619,1,2.8,1.6,0.4,2.4,6,2.8,0,0.8,2.2,41.242,0.2,2.2,3.2,7,0,0,0.2,,0,0.2,0,,4.8,1.6,3,0,1.4,1.4,0.4,1,1,1.02,0.6,60,0.2,33.333,0,33.333,33.333,2.2,1.8,0,,2.8,21.429,17,3.4,1,4.8,1.2,1.6,29,70.833,7.6,24.359,0.6,24,4.12,0.338,17,4.369,1.043,7,3.516,-1.373,0,0,,0,1.4,9.6,2,0.4
Tim English,Western Bulldogs,29,29.39,Ruck,5,15.12,134.2,119.8,11,2.2,2,83.8,11,6.8,17.8,73.034,67.273,82.353,79.775,2.6,61.538,61.798,3,0.8,1,17.8,1.4,12.714,273.4,15.36,207.046,480.446,278.3,159.818,25.3,8.076,1.188,4.943,7.202,8.829,-0.759,25.352,2.555,61.461,3.656,7.6,10.8,18.4,41.304,4.2,2.6,0.4,0,2.6,4.2,1.4,0,0.8,3.6,-2.847,3.4,6.6,5.6,2.8,27.2,85.535,1,3.676,1.2,2.2,3.6,72.222,8,1.4,1.8,2.2,1.2,2.6,0.2,2.4,75.4,76.939,30.8,40.849,9.6,31.169,0.8,51.299,42.857,2.6,0.6,0,,0,,4,0.8,1.2,2,0.4,1,9,40,9,28.846,4.4,10,3.873,-0.873,9,3.939,-1.272,1,3.284,2.716,0,0,,0,4.4,9.6,4.4,3.2
Laitham Vandermeer,Western Bulldogs,27,27.9,Gen. Forward,2,-1.35,13,29,0,0,0,38.5,4.5,3,7.5,46.667,22.222,83.333,53.333,0.5,100,60,0.5,0,2,3.75,3,2.5,107.5,14.333,89.515,197.015,122.655,30.985,27.257,4.01,1.337,-0.016,-2.899,0.415,-3.043,21.553,7.019,53.173,-24.601,0,8,8,0,0,0,0,0,0,0,0,0,0,3,6.278,0,4.5,1.5,2,0,0,0,,0,0,0,,3.5,0,1,0,1.5,0,0.5,-0.5,0,0,0,,0,,0,,,0,0,0,,0.5,0,0,0,0.5,1,0,0,0.5,0,3.5,10.448,0,2,2.361,-1.861,2,2.361,-1.861,0,,,0,0,,0,0,3.5,1.5,0
Rhylee West,Western Bulldogs,26,26.47,Gen. Forward,5,12.56,76.4,65.4,1,0.2,1,80.2,7.6,5.2,12.8,73.438,63.158,88.462,73.438,2,50,59.375,2.2,1,2.4,5.333,2.4,5.333,217,16.953,96.816,313.816,213.798,130.734,28.131,5.274,1.014,1.339,9.098,4.741,6.921,32.145,14.008,48.226,5.62,5.6,7.8,13.4,41.791,2.8,4.8,3.4,1.4,3.4,4.6,3.8,0,1.6,3.6,32.236,1.4,2,2.6,7.4,0.8,2.516,0,0,1,1,1,100,3,0,1.2,0.2,1.2,1,1,0,0,0,0,,0,,0,,,3.8,2.4,0,,0.8,0,8,1.6,0.4,2.4,2,2.8,22.8,66.667,6.6,21.154,1.6,12,3.222,0.945,5,3.46,1.34,7,3.052,0.663,0,0,,0.2,0.2,14.6,2,0
Riley Garcia,Western Bulldogs,25,25.91,Mid-Forward,4,7.125,61.25,47.75,0,0,0,57.5,6,6.25,12.25,69.388,62.5,76,67.347,1.75,85.714,48.98,2.5,0.75,2.75,4.455,2.25,5.444,158.25,12.918,148.292,306.543,175.958,85.41,29.326,-15.635,-2.502,1.501,2.726,4.395,0.244,25.096,6.154,46.484,16.016,6.5,6,12.5,52,1.75,5,0.75,1.5,3.5,3.75,3.25,0.75,1.75,4.25,8.618,1.5,3.75,4.75,2.5,4.75,15.323,0.5,10.526,1.25,1.75,2.25,66.667,1.25,0,0,0.25,0.25,0.75,1.25,-0.5,0,0,0,,0,,0,,,3.5,1.75,0,,0,,1,0.25,1,1.5,0.5,1.25,6.25,16.667,5,16,1,6,3.059,-1.392,2,3.176,-2.676,4,3,-0.75,0,0,,0.25,0.25,13.75,5.25,0
Ed Richards,Western Bulldogs,27,27.49,Midfielder,5,22.52,121,101.4,28,5.6,3,82.4,16.2,9.4,25.6,76.562,69.136,89.362,76.378,4.8,54.167,63.281,6.4,2.8,2.4,10.667,3.8,6.737,517.8,20.227,270.744,788.544,480.526,336.99,29.662,20.028,2.131,5.349,11.703,6.534,10.797,26.723,9.342,51.138,7.878,9.2,16.6,25.8,35.659,2.4,7,0.4,2.2,4.8,3,2.4,0.4,0.8,10.8,2.819,3.8,8.2,10.2,3.6,22.8,71.698,2.8,12.281,2.8,5.6,5.6,89.286,4.4,0.2,0.6,0.2,0.4,0.8,0.6,0.2,0,0,0,,0,,0,,,3.2,0.8,0,,0.2,0,7,1.4,0.6,2.2,1.4,2.2,18.2,63.636,10.6,33.974,2.6,11,2.685,1.406,5,2.685,2.315,6,2.686,0.648,0,0,,1.2,1.6,22,10,0
Oskar Baker,Western Bulldogs,28,28.6,Midfielder,5,9.14,67.8,62.4,0,0,0,73.4,7.6,8.8,16.4,79.268,78.947,79.545,71.951,2.2,36.364,46.341,2.8,1,2.2,7.455,2.8,5.857,290.2,17.695,210.726,500.926,225.448,158.726,29.664,32.51,3.694,0.836,5.887,4.254,2.832,26.523,14.654,50.317,5.565,5.2,11.8,17,30.588,1.4,3.6,1,1,2.6,2.8,2,0.8,0.6,6.6,1.679,2.2,6.4,5.6,2.8,0,0,0.2,,1.6,1.8,2,90,4,0.2,0.2,0.2,0.2,0.2,0.4,-0.2,0,0,0,,0,,0,,,2.4,0.8,0,,0.4,50,1,0.2,0.2,0.4,1,1.2,7.6,50,5.4,17.308,1,2,1.985,1.515,0,,,2,1.985,1.515,0,0,,1.4,2.8,11,4.2,1.2
Lachlan McNeil,Western Bulldogs,25,25.32,Gen. Forward,4,6.6,43,29.75,0,0,0,59.25,3.25,3.5,6.75,77.778,76.923,78.571,77.778,0.75,33.333,48.148,1.75,0,0.75,9,1,6.75,102.5,15.185,83.467,185.967,105.905,51.258,32.586,-5.312,-1.518,1.3,5.157,4,2.754,31.966,25.177,48.349,23.08,4.25,3,7.25,58.621,0.5,2.75,1.5,0.75,2,3.5,2,0,1.5,2.25,32.362,0,1,3.25,3,0,0,0.25,,0.25,0.5,0.25,0,0.75,0.25,0.25,0,0,1,0.25,0.75,0,0,0,,0,,0,,,1,0.75,0,,0.75,33.333,4,1,0.5,1.5,0.5,0.75,9.75,66.667,3.25,10.4,0,6,3.327,1.006,3,2.788,1.545,3,3.866,0.468,0,0,,0,1,8.5,3,0.25
Caleb Poulter,Western Bulldogs,24,24.21,Gen. Forward,2,6.05,62,47.5,0,0,0,66,5.5,6,11.5,69.565,36.364,100,73.913,1.5,66.667,47.826,2,0,2.5,4.6,2,5.75,154,13.391,97.635,251.635,148.7,103.36,27.036,5.075,0.846,0.473,2.983,4.193,-0.078,26.707,6.627,54.017,-20.683,4.5,7,11.5,39.13,1,4,2,2,2,4,3.5,0,2,3.5,28.522,0,2.5,4,5,0,0,0.5,,0,0.5,0,,3.5,0.5,1,0,1,0,0.5,-0.5,0,0,0,,0,,0,,,1.5,1,0,,3,16.667,1,0.5,1,2,0,0.5,4.5,25,5,14.925,0.5,4,3.286,-1.286,2,2.91,0.09,2,3.662,-2.662,0,0,,0,0.5,9.5,2.5,0
Luke Cleary,Western Bulldogs,24,24.82,Gen. Defender,4,7.875,61.5,50.5,0,0,0,83.5,8,5.5,13.5,83.333,81.25,86.364,77.778,1.25,60,59.259,1.25,2.25,1.5,9,2.75,4.909,219.5,16.259,113.197,332.698,179.3,119.138,22.413,20.59,3.744,0.33,5.81,4.029,2.517,24.207,-1.626,63.224,1.292,4.75,9,13.75,34.545,4.5,3.5,0.25,0.75,2.75,4.5,3.25,0,1.75,5,-25.465,5,5,3.25,0.5,0,0,0,,0.25,0.25,0.25,100,4,0.5,0,0.75,0,0.75,1.25,-0.5,0,0,0,,0,,0,,,1.25,0,1,25,0.25,0,1,0.25,0,0.25,0,0.25,1.75,100,4,12.8,2,1,3.643,2.357,0,,,1,3.643,2.357,0.5,6.25,50,0.25,2.75,5.5,4,2.25
Sam Darcy,Western Bulldogs,23,23.45,Key Forward,5,10.44,82.4,66.6,4,0.8,1,86.4,7.8,5.2,13,66.154,64.103,69.231,64.615,1.8,55.556,60,2.2,0.2,4.4,2.955,3.6,3.611,220.6,16.969,106.896,327.496,233.874,135.636,29.984,2.09,0.402,0.651,8.402,8.837,2.769,31.046,-3.268,59.317,1.794,7.2,6,13.2,54.545,0.8,3,1.2,1.4,1.6,6,2.4,0,0.8,3.2,34.23,0,2.6,4.2,6.4,2.2,6.918,0.2,9.091,0.6,0.8,1.2,66.667,4.4,2.4,2,0.2,1.8,1.2,1.8,-0.6,10,10.204,3.4,34,0.8,23.529,0.6,58.824,58.824,1.2,0.4,0,,3.2,25,12,2.4,1.2,4,0.6,1.2,19.8,60,6.8,21.795,0.6,20,3.742,0.158,15,3.736,0.264,5,3.762,-0.162,0,0,,0,1.6,8.2,2.6,1.2
Ryley Sanders,Western Bulldogs,21,21.94,Mid-Forward,3,6.067,39,33,0,0,0,63,2.333,7.333,9.667,79.31,57.143,86.364,79.31,1,33.333,24.138,1,0.333,1.667,5.8,1.333,7.25,69.667,7.207,133.723,203.39,61.127,29.107,26.197,5.72,0.78,1.35,2.519,3.914,0.197,25.761,-11.476,64.199,-7.056,4.667,5.333,10,46.667,2,3.333,1.333,0.667,2.667,2.667,2,0,0.667,3.333,8.571,0.667,3.667,3.667,2,3.667,12.36,0.333,9.091,1,1.333,1.333,50,2,0.667,0,0,0,0.667,0.667,0,0,0,0,,0,,0,,,1.667,0.333,0,,0.667,100,0,0,0,0,0,0.667,0.667,,3,9.184,1.333,0,,,0,,,0,,,0,0,,0,0,10,3,0
Jedd Busslinger,Western Bulldogs,22,22.8,Key Defender,4,4.625,46,35.5,0,0,0,66,7.5,2.25,9.75,82.051,80,88.889,79.487,1.5,50,76.923,1.5,1.5,1.5,6.5,1.25,7.8,152,15.59,102.695,254.695,151.192,96.452,20.159,0.85,0.378,0,4.916,2.581,1.482,20.034,17.897,68.833,7.029,2.5,7.25,9.75,25.641,4,2.25,0,0.25,2,2.5,2.25,0,0.5,3,-31.929,4,3.75,2,0,0,0,0,,0,0,0,,3.75,0,0,1,0,0.25,1,-0.75,0,0,0,,0,,0,,,0,0,1,25,0,,0,0,0,0,0.25,0.5,1.75,,2.75,8.8,1.5,0,,,0,,,0,,,0,0,,0,4.5,2.5,2,4.5
Joel Freijah,Western Bulldogs,21,21.12,Mid-Forward,5,10.9,71.8,65.8,0,0,0,83,8.8,9.4,18.2,74.725,61.364,87.234,75.556,1.8,77.778,48.352,2.6,1.4,2.4,7.583,3,6.067,241.2,13.253,197.288,438.488,207.684,131.994,24.149,3.032,0.323,1.155,7.305,4.869,4.068,31.896,9.484,55.964,9.553,5.2,12.2,17.4,29.885,2,4.2,1.4,1,3.2,3.4,2.8,0.4,1.4,8.2,7.343,2,5,6.2,4.2,5,15.723,0.8,16,1,1.8,1.6,62.5,3,0,0.4,0,0.6,0.4,1,-0.6,0,0,0,,0,,0,,,2.2,0.6,0,,0.6,33.333,4,0.8,0.6,1.6,1.6,1.8,15.2,50,8.6,27.564,2.4,8,3.032,0.343,3,2.49,-0.157,5,3.357,0.643,0,0,,0.2,2,16,6.4,0.4
James O'Donnell,Western Bulldogs,24,24.33,Key Defender,5,7.14,55,40.8,0,0,0,97.8,6.4,4,10.4,82.692,81.25,85,76.923,0.6,0,61.538,0.6,1.8,1,10.4,1.2,8.667,130,12.5,96.692,226.692,104.632,33.046,16.349,6.22,1.555,-0.054,6.568,4.621,-0.056,17.282,-1.153,72.73,-1.762,4.4,6.2,10.6,41.509,6.2,3.2,0,0.4,2.8,4.4,3.2,0,1,3,-35.91,5,3.8,1.8,0,0,0,0,,0,0,0,,3.6,1,0,2.2,0,0.6,0.4,0.2,0.2,0.204,0.2,100,0,0,0,0,0,0.8,0,1.8,0,0,,0,0,0,0,0,0,0,,2,6.41,0.8,0,,,0,,,0,,,0,0,,0.2,4.8,4.4,4.2,4.6
Tom Liberatore,Western Bulldogs,34,34.62,Midfielder,5,11.38,100.2,94.8,4,0.8,2,80,12.4,13,25.4,68.504,56.452,80,69.291,3.6,55.556,48.819,3.8,2.2,3.6,7.056,4.2,6.048,316.8,12.472,295.334,612.134,325.552,144.306,26.254,-16.594,-1.276,4.308,2.718,6.386,0.875,25.466,7.868,52.103,-1.225,11.8,13.8,25.6,46.094,2.2,8.2,0.4,2.6,5.6,2.2,1.6,2.6,0.4,8,-6.778,4.8,10.6,8.2,2,22,69.182,3.6,16.364,3,6.6,7.8,71.795,4,0,0.2,0,0.6,0.6,0.8,-0.2,0,0,0,,0,,0,,,5.2,1.2,0,,0,,0,0,0.6,0.6,0.8,1,5.6,0,5.8,18.59,1.2,3,3.28,-2.28,1,3.354,-2.354,2,3.243,-2.243,0,0,,0.2,2.2,25.8,10.6,0.8
Jason Johannisen,Western Bulldogs,34,34.14,Gen. Defender,4,6.4,71.25,63.5,0,0,0,82,12,4.75,16.75,82.09,79.167,89.474,77.273,1.75,71.429,71.642,2,2.25,1,16.75,1.5,11.167,276.5,16.507,207.297,483.798,284.41,178.48,23.701,8.725,1.837,0.877,4.839,4.064,2.319,22.4,4.873,64.789,7.938,3.5,12.5,16,21.875,3.25,2.75,0,0.25,2.5,2.75,2,0,1.25,7.25,-21.904,4.75,7,4,0.25,0,0,0,,0.75,0.75,0.25,100,5,0.5,0.25,1.5,0.5,0.25,0.5,-0.25,0,0,0,,0,,0,,,1,0,1,25,0,,0,0,0.25,0.25,0.25,0.75,2.25,0,4.75,15.2,1,1,2.745,-1.745,1,2.745,-1.745,0,,,0.75,9.375,100,0.25,1.25,8,5.5,0.5
Marcus Bontempelli,Western Bulldogs,31,31.1,Midfielder,5,25,136.2,116.2,32,6.4,4,84.6,14.4,14.2,28.6,80.42,69.444,91.549,71.329,5.8,34.483,50.35,6.8,2,2.2,13,4.6,6.217,566.4,19.804,331.33,897.73,513.416,253.376,35.654,3.03,0.213,7.323,13.192,9.85,10.762,28.351,3.228,48.895,-13.807,13,17,30,43.333,1.8,6.6,0.6,0.8,5.8,3.6,1.4,3,0.4,10.6,-1.183,4.8,10.6,10.6,4,21.6,67.925,3.4,15.741,4.8,8.2,8.8,90.909,5.4,0.8,1,0.2,0.8,1.2,0.6,0.6,0,0,0,,0,,0,,,5,1,0,,0.4,50,7,1.4,0.6,2.4,0.8,1.6,14.6,58.333,10.2,32.692,1.8,12,2.988,0.762,6,3.158,1.008,6,2.817,0.516,0,0,,2,2.8,21.6,11.4,0.4
Rory Lobb,Western Bulldogs,33,33.89,Key Defender,5,7.78,59.4,48.2,5,1,2,99.2,8,2.2,10.2,82.353,77.5,100,74.51,0.8,75,78.431,1,3.6,2,5.1,1.4,7.286,221.4,21.706,95.29,316.69,228.174,126.678,28.522,3.1,1.409,0.666,6.695,4.287,0.564,16.423,9.893,61.314,7.107,3.2,6,9.2,34.783,4.4,1.4,0,0.4,1,2.4,1.2,0.2,0.6,1.4,-42.187,4.8,2.8,1.6,0,2,6.289,0,0,0.8,0.8,0.8,100,4.8,0.6,0,2,0,0.8,1,-0.2,9.4,9.592,1.8,19.149,0.6,33.333,0,22.222,33.333,1.4,0,3.2,43.75,0.2,0,0,0,0.2,0.2,0,0,0.2,0,2.2,7.051,1.2,1,2.623,-1.623,0,,,1,2.623,-1.623,0.6,6.25,100,0.2,7.8,9.4,8,7.4
Bailey Williams,Western Bulldogs,29,29.22,Midfielder,5,9.46,76.6,75.2,5,1,2,84.8,11,8.2,19.2,77.083,67.273,90.244,77.895,2.6,61.538,57.292,3.2,2.2,1,19.2,2.2,8.727,365.8,19.052,274.722,640.522,338.502,220.834,30.773,5.168,0.646,0.51,6.071,4.414,2.387,21.386,11.947,50.393,16.274,5,14.2,19.2,26.042,3.2,4,0.6,0.6,3.4,4.2,3.2,0,1.8,8,-6.51,4.4,6.4,5.8,2.6,0,0,0.2,,0.4,0.6,0.4,50,5,0.2,0.6,0.6,0.2,0.8,0.6,0.2,0,0,0,,0,,0,,,2,0.2,0.4,0,0.4,50,2,0.4,1.4,1.8,0.4,1,6.8,22.222,8.2,26.282,0.8,9,3.427,-1.316,4,3.301,-2.301,5,3.528,-0.528,0,0,,0.8,1,8.2,4,0.4
Bailey Dale,Western Bulldogs,30,30.44,Gen. Defender,5,11.18,92,86.4,4,0.8,2,81.6,18.2,7.4,25.6,79.687,78.022,83.784,79.687,1.8,33.333,71.094,2,5,3.2,8,3.2,8,468.8,18.312,316.036,784.836,427.838,331.216,23.508,9.652,1.304,1.462,7.537,5.117,4.145,18.58,8.087,64.614,8.719,5.6,15,20.6,27.184,6,4.8,0.2,0.8,4,4.4,3.6,0,1.2,9.4,-26.7,7.8,7.6,4.8,0.4,0,0,0.2,,1,1.2,1,100,5.4,0.6,0,1.6,0,0.2,0.6,-0.4,0,0,0,,0,,0,,,0.6,0,0,,0,,0,0,0,0.2,0.4,0.6,2.6,0,6.2,19.872,3,1,2.074,-2.074,0,,,1,2.074,-2.074,5.4,56.25,92.593,1.2,1,9.2,6.4,0.8
Harry Sharp,Melbourne,24,24.03,Gen. Forward,3,-1.5,5.667,14,0,0,0,34,2.667,1,3.667,45.455,50,33.333,45.455,0.333,100,72.727,0.667,0.333,2.333,1.571,1.333,2.75,63,17.182,27.08,90.08,58.263,13.523,21.849,-2.57,-2.57,0,-2.307,0.853,-3.036,29.736,10.264,63.892,16.108,1,3.333,4.333,23.077,0.667,0.667,0,0,0.667,1,0.667,0,0,2,18.096,0.667,0.333,2.333,1,0,0,0,,0,0,0,,0.667,0,0.333,0,0,0.333,0.667,-0.333,0,0,0,,0,,0,,,0.667,0.333,0,,0,,0,0,1,1,0,0,1,0,1.333,5.634,0.333,3,3.362,-2.362,1,4.165,-3.165,2,2.96,-1.96,0,0,,0,0.667,9.333,3,0.667
Jai Culley,Melbourne,23,23.84,Midfielder,4,12.1,67.25,59.75,0,0,0,73,6.25,7.25,13.5,83.333,84,82.759,77.358,2.25,66.667,46.296,2.5,1.25,1.25,10.8,1.5,9,213,15.778,198.697,411.698,189.195,127.36,30.271,20.495,2.827,4.646,5.722,6.604,3.657,27.286,7.714,50.245,19.756,7.75,6,13.75,56.364,1.75,4.25,0.75,0.75,3.5,3.75,1.5,0.75,0.25,3.5,-6.982,3,5.75,3.5,1.5,0,0,1,,1.75,2.75,2.5,60,3.5,1,0.5,1,0,1.25,0.25,1,0,0,0,,0,,0,,,2.75,0.25,0.25,0,0,,3,0.75,0,1,0.5,0.5,7.5,75,3.5,14.737,0.75,4,3.747,0.753,3,3.998,0.002,1,2.996,3.004,0,0,,0,1.25,12.5,5.5,0.5
Christian Petracca,Gold Coast,30,30.98,Mid-Forward,5,17.38,108.2,91.8,13,2.6,3,82.4,11.4,15.8,27.2,71.324,61.404,78.481,68.148,3.8,52.632,41.912,5.2,0.8,2.6,10.462,3.4,8,394.4,14.5,304.604,699.004,313.056,205.88,27.951,28.744,1.843,4.014,9.05,6.724,7.027,30.233,-0.233,41.617,3.384,11.4,15,26.4,43.182,1.6,8.6,2,3.8,4.8,4.6,4.4,2.4,0.8,9.4,13.216,0.8,8.8,11.4,5.4,12.2,40.667,2.8,22.951,2.6,5.4,5.2,80.769,3.4,0.2,0.8,0.4,0.6,0.2,0.6,-0.4,0,0,0,,0,,0,,,2.4,0.8,0,,0.6,33.333,6,1.2,0.6,2.2,0.8,1.8,13.6,54.545,8,32,1.4,11,3.434,0.112,3,3.734,0.599,8,3.321,-0.071,0,0,,0.4,0.8,15.2,3.6,0.4
Clayton Oliver,Greater Western Sydney,29,29.44,Midfielder,5,12.84,100.2,92.8,9,1.8,2,80.6,12.2,15.6,27.8,71.223,55.738,83.333,74.82,3.2,56.25,43.885,3.8,1.4,4,6.95,4.2,6.619,321.6,11.568,329.174,650.774,298.63,188.076,24.478,10.99,0.704,5.207,3.906,7.265,2.881,26.767,13.233,49.154,-3.154,12.6,15.2,27.8,45.324,2.4,9,0.8,2.6,6.4,4,3.4,2,1.6,10.6,-4.441,4.2,12.2,9.2,2.2,24,78.431,2,8.333,4,6,7.2,75,3.8,0.2,0,0.6,0.2,1.2,1.8,-0.6,0,0,0,,0,,0,,,3.8,0.8,0,,0,,2,0.4,0.2,0.8,0.6,0.8,6.4,50,7.2,29.508,1.6,4,2.951,0.299,1,3.412,-2.412,3,2.798,1.202,0,0,,0,1.4,18.6,9,0.4
Liam Ryan,St Kilda,30,30.24,Gen. Forward,5,5.84,50,54,0,0,0,80,7.6,2.4,10,58,50,83.333,61.224,2.6,38.462,76,2.6,0,2.4,4.167,2.2,4.545,241.4,24.14,94.276,335.676,234.58,134.942,31.7,9.792,4.08,0.778,3.207,3.573,1.81,28.623,1.007,51.461,4.094,3.6,6.6,10.2,35.294,1.2,2.4,0.4,0.6,1.8,3.2,2.2,0.2,1,1.8,19.644,0.6,2,4.6,3,2.8,9.929,0.2,7.143,0.2,0.4,0.4,100,4.4,0.2,1,0.2,0.6,0.8,0.6,0.2,0,0,0,,0,,0,,,1.8,0.6,0,,1.2,33.333,5,1,1,2.2,0.2,0.6,8.6,45.455,4.4,26.506,0.6,11,3.065,0.116,7,3.31,0.404,4,2.637,-0.387,0,0,,0.8,0.4,11.2,2.6,0.2
Harry Edwards,West Coast,26,26.24,Key Defender,1,9.4,32,22,0,0,0,92,4,2,6,100,100,100,100,0,,66.667,0,1,3,2,0,,110,18.333,153.53,263.53,110.15,113.11,27.538,-2.63,-1.315,0,7.887,1.928,1.581,18.02,56.98,55.612,44.388,0,6,6,0,2,0,0,0,0,0,0,0,0,1,-59.048,4,2,0,0,0,0,0,,0,0,0,,4,0,0,2,0,0,2,-2,1,1.075,0,0,0,,0,,,0,0,3,66.667,0,,0,0,0,0,0,0,0,,3,18.75,0,0,,,0,,,0,,,0,0,,1,9,7,6,9
Campbell Chesser,Carlton,23,23.67,Midfielder,5,6.96,63.2,63.6,0,0,0,80,9.2,7.6,16.8,61.905,60.87,63.158,57.143,2.4,33.333,54.762,2.4,1.4,2.4,7,3.6,4.667,310.8,18.5,132.01,442.81,279.582,123.62,30.389,7.908,1.041,1.465,3.458,3.551,1.806,25.412,-7.912,49.892,-4.892,5.6,11.2,16.8,33.333,2.4,4.2,0.2,1.4,2.8,2.4,2.2,0.8,1.2,6.6,-10.81,3.8,6.4,5,1.6,0,0,0.2,,1.6,1.8,2.4,66.667,3.6,0,0.6,0.4,0.2,0.8,0.8,0,0,0,0,,0,,0,,,2.2,0.4,0.2,100,0,,2,0.4,0.4,1,0.2,0.6,4.4,40,2.8,17.284,1,5,3.383,-0.583,4,3.65,-0.15,1,2.319,-2.319,0,0,,0.2,0.6,9.8,6.2,0.4
Tom Gross,West Coast,20,20.29,Mid-Forward,2,1.35,25,31.5,0,0,0,58.5,2.5,4.5,7,71.429,40,88.889,71.429,0.5,0,35.714,0.5,0.5,1,7,1,7,39,5.571,51.49,90.49,36.775,8.83,14.71,11.615,2.581,0.863,-0.332,1.27,-0.859,23.74,1.26,82.07,-32.07,2.5,4.5,7,35.714,0,1.5,0.5,0,1.5,1,1,1,1,1.5,1.699,1,2.5,2,1.5,0.5,1.613,0.5,100,0.5,1,1,50,3,0,0.5,0,0,0,0,0,0,0,0,,0,,0,,,1.5,0,0,,0,,0,0,0,0.5,0,0,0,0,1.5,8.824,0,1,2.875,-2.875,1,2.875,-2.875,0,,,0,0,,0,0.5,8.5,2.5,0.5
Hamish Davis,West Coast,20,20.66,Midfielder,4,6.925,51.5,57.75,0,0,0,62.75,6,6,12,75,66.667,83.333,70.833,1,25,50,1.25,1,1.5,8,2,6,151.5,12.625,93.585,245.085,128.545,54.648,21.424,14.362,2.394,1.066,3.682,2.986,1.403,22.484,-17.722,58.985,2.92,4.75,7.25,12,39.583,1.75,3.75,0.5,1.25,2.5,3.25,2.5,0.25,0.75,3.5,-6.235,1.75,5,4.5,0.75,0,0,0.25,,0.75,1,1.25,60,2.5,0,0,0,0.25,0.75,0,0.75,0,0,0,,0,,0,,,4.5,0.5,0,,0.25,100,1,0.25,0,0.25,0,0.25,1.75,100,1,6.452,0.5,1,1.663,4.337,0,,,1,1.663,4.337,0,0,,0,0.5,10.75,5.5,0.25
Seth Campbell,Richmond,22,22,Gen. Forward,4,6.75,49.75,56.25,0,0,0,84,7.25,5,12.25,57.143,51.724,65,55.102,1.5,50,59.184,2.25,0.25,2,6.125,2.5,4.9,240.25,19.612,104.66,344.91,214.97,115.135,29.651,22.31,4.462,1.564,1.712,3.194,-0.034,32.021,17.979,54.968,-17.468,4,9,13,30.769,1,3.5,1.25,0.5,3,2,2,0.25,0.75,4.25,21.902,0.25,3,5.5,4.25,3,11.65,0.25,8.333,0.5,0.75,1.5,50,3.75,0,1.25,0.25,0.25,0.25,0.25,0,0,0,0,,0,,0,,,1.25,0,0,,0.5,0,5,1.25,1.25,3.25,0.25,0.75,10.75,38.462,4.75,26.761,0.5,13,2.94,-0.248,5,2.708,-0.108,8,3.085,-0.335,0,0,,0,0.5,17,6.5,0.25
Harry Armstrong,Richmond,20,20.54,Key Forward,4,3.725,32.75,27.5,0,0,0,72.75,3.25,2.5,5.75,60.87,46.154,80,56.522,1.25,40,56.522,1.5,0,1.25,4.6,1.5,3.833,93.75,16.304,28.905,122.655,111.87,34.03,34.422,-2.33,-0.932,0,3.437,4.147,-0.611,29.716,-1.144,45.04,-2.183,3.5,2.25,5.75,60.87,0,1.25,0.5,0.25,1,3.5,1.25,0,1,1.25,25.789,0,1.25,2.5,2,0,0,0,,0,0,0,,2.75,1.75,0.75,0,0.75,0.5,0.25,0.25,0.75,0.806,0,0,0,,0,,,0.25,0,0,,2.25,44.444,2,0.5,0.75,1.5,0.25,0.5,5.5,33.333,2.25,12.676,0,6,3.187,-0.687,4,2.922,-0.922,2,3.717,-0.217,0,0,,0,0.75,4.5,0.75,0.75
Xavier Duursma,Essendon,26,26.48,Midfielder,5,8.28,87.6,78.6,0,0,0,83.2,10.2,8.8,19,74.737,66.667,84.091,71.277,1.4,14.286,53.684,1.4,1.8,2.2,8.636,3.8,5,258.2,13.589,203.148,461.348,231.13,100.322,22.66,-0.552,-0.066,2.023,4.345,5.71,0.591,21.395,-8.629,57.466,-0.019,6.2,12.8,19,32.632,4.4,5,0.2,1.4,3.6,3.4,2.6,0,1,6.4,-22.157,7.6,4.8,5.4,1.2,0,0,0.2,,1.4,1.6,1.6,62.5,5.8,0.4,0.6,1.6,0,1.2,0.6,0.6,0,0,0,,0,,0,,,2.8,0.2,0.6,100,0.2,0,2,0.4,0,0.6,0.4,0.6,5,66.667,3,17.045,1,3,4.04,-0.04,2,4.551,-1.551,1,3.016,2.984,0,0,,0.6,0.8,11.8,5.2,0.6
Jaxon Prior,Essendon,25,25.57,Gen. Defender,5,7.58,70.4,66.4,0,0,0,84.4,11,5.6,16.6,83.133,80,89.286,77.108,1.8,33.333,66.265,1.8,2.6,2,8.3,1.2,13.833,303.2,18.265,207.914,511.114,280.286,165.02,25.952,7.968,1.423,-0.097,6.496,3.265,3.023,18.828,-5.102,62.11,6.518,3.4,10.8,14.2,23.944,4.4,3.2,0,1,2.2,3.2,3,0,1,5.4,-33.754,5.8,5.2,3,0.2,0,0,0,,0,0,0,,4.8,0,0.2,0.6,0.4,0.2,0.2,0,0,0,0,,0,,0,,,2,0.2,0.6,33.333,0.4,0,0,0,0.2,0.2,0.2,0.2,1.4,0,2.2,12.5,0.4,1,2.349,-1.349,1,2.349,-1.349,0,,,1.8,12.857,100,0,1.8,6.6,4.4,1.8
Liam McMahon,Essendon,24,24.66,Key Forward,5,6.66,42.2,32.6,0,0,0,66,4.2,2.4,6.6,81.818,71.429,100,84.848,0.4,50,63.636,0.6,0.2,1.4,4.714,1,6.6,81.2,12.303,53.29,134.49,97.32,58.554,23.171,-0.976,-0.407,0,6.37,3.907,3.121,29.419,-9.419,58.999,21.001,3.6,2.8,6.4,56.25,0.8,3,1.8,0.8,2.2,3.6,3,0,1,0.8,37.047,0,1.4,1.8,3.2,0,0,0,,0,0,0,,2.2,0.4,0.8,0.2,0.8,0.2,0.6,-0.4,0,0,0,,0,,0,,,0,0,0,,1,20,8,1.6,0.6,2.2,0,0.4,10.6,72.727,3.6,20.455,0.4,11,3.886,0.751,5,3.918,0.082,6,3.859,1.308,0,0,,0,1,2.8,0.6,1
Sam Durham,Essendon,25,25.47,Midfielder,4,10.75,90,82.75,9,2.25,2,78,11,9.25,20.25,65.432,50,83.784,65.432,4.25,47.059,54.321,4.5,0.75,4,5.062,3.5,5.786,333,16.444,160.735,493.735,324.878,132.803,29.534,5.318,0.591,3.746,3.141,7.959,-0.417,24.89,1.426,50.007,-5.27,10.75,9.75,20.5,52.439,2.75,7.25,1,2.75,4.5,5,3.75,1.75,1.25,6.5,3.217,1.75,7.5,8,3.25,12.75,48.113,1.5,11.765,3,4.5,5,85,4,1,0.75,0.5,0.75,0.75,1.25,-0.5,0,0,0,,0,,0,,,5,0.5,0,,0.25,0,1,0.25,0.75,1.25,0.25,0.75,4.25,20,5.25,29.167,1.75,5,3.007,-1.207,4,2.852,-0.852,1,3.627,-2.627,0,0,,0,1,19.25,7.25,0.75
Archie Perkins,Essendon,24,24.76,Gen. Forward,5,9.44,69.2,56.6,0,0,0,74.2,6.8,7,13.8,78.261,79.412,77.143,71.014,1,0,49.275,1.4,0.4,1.6,8.625,2.8,4.929,182.4,13.217,157.202,339.602,184.842,95.33,27.183,-4.222,-0.621,1.557,6.572,5.567,2.776,24.117,-17.22,52.854,5.767,6.8,6.6,13.4,50.746,0.8,4.8,1.2,1,3.8,4.6,2.8,0.2,1.2,4.2,7.241,1,4.2,5.8,2.4,4,15.267,0.4,10,1,1.4,1.8,77.778,2.8,1,0.6,0.2,0.6,0.8,0.4,0.4,0,0,0,,0,,0,,,2.6,0.8,0,,0.6,66.667,3,0.6,0.2,1,0.2,0.8,5.6,60,2.6,14.773,0.4,5,3.375,0.425,4,3.346,-0.096,1,3.492,2.508,0,0,,0.2,0.2,10.4,3.8,0.2
Ben Hobbs,Essendon,23,23.29,Gen. Forward,3,3.067,42,48,0,0,0,66,6.667,4.667,11.333,52.941,30,85.714,55.882,0.667,0,58.824,1,1,3.333,3.4,3.333,3.4,150.333,13.265,97.397,247.73,138.08,38.187,20.712,9.727,2.084,0.749,1.201,4.214,-1.375,20.619,-13.476,52.945,-2.945,5,5.667,10.667,46.875,1,4.333,1.333,0.667,3.667,4,3.333,0,1.667,2.667,7.739,1.333,3.333,4,2,2,8.108,0,0,1.333,1.333,1,100,2.667,0.333,0.333,0,0.667,1,2,-1,0,0,0,,0,,0,,,3.667,0,0,,0.333,0,0,0,1,1,0,0,1,0,2.333,12.963,0,3,2.93,-1.93,1,1.854,-0.854,2,3.468,-2.468,0,0,,0,0.333,14.333,6.333,0.333
Jayden Nguyen,Essendon,20,20.43,Gen. Defender,5,2.34,39.2,35.2,0,0,0,80.8,3.8,3.8,7.6,81.579,78.947,84.211,78.947,0.6,0,50,0.6,1.6,1.8,4.222,1.2,6.333,89.8,11.816,78.134,167.934,87.308,36.738,22.976,0.898,0.236,0.438,1.282,2.85,-0.765,17.083,-11.82,62.683,0.475,3.8,4.2,8,47.5,2.4,2.2,0,0.4,1.8,3,1.6,0,0.4,2,-36.374,3.8,2.8,1.4,0,0,0,0,,0.4,0.4,0.8,50,2.2,0.2,0,0.4,0,1,0.6,0.4,0,0,0,,0,,0,,,2.6,0,1,0,0,,0,0,0,0,0,0,0,,1.2,6.818,0.4,0,,,0,,,0,,,0,0,,0,1,8.2,6.6,0.6
Archie Roberts,Essendon,21,21.11,Gen. Defender,5,8.54,90.8,89.6,2,0.4,1,89.8,16.4,11.2,27.6,73.188,71.951,75,62.044,3.8,42.105,59.42,4,5.2,5.8,4.759,6.6,4.182,508,18.406,248.256,756.256,484.824,218.936,29.562,17.584,1.57,0.561,3.473,4.643,0.616,20.526,0.527,54.291,-5.607,5.6,20,25.6,21.875,4,4.2,0,1,3.2,3.4,2.8,0.2,0.8,14.2,-23.878,7.6,10.8,6.6,0.6,3.2,12.214,0.4,12.5,1.4,1.8,1.8,88.889,5,0.6,0.2,1,0.4,1,1.8,-0.8,0,0,0,,0,,0,,,1.8,0.2,0.8,50,0,,0,0,0.2,0.2,0.4,1.2,3.4,0,4.2,23.864,0.6,1,2.603,-1.603,0,,,1,2.603,-1.603,2,14.286,100,1.2,0.8,11.4,6.8,0.6
Angus Clarke,Essendon,20,20.16,Gen. Defender,5,4.66,67,75.2,0,0,0,87.2,11.6,7.2,18.8,74.468,68.966,83.333,71.277,2,40,61.702,2,3,2.8,6.714,3.4,5.529,322.2,17.138,150.482,472.682,272.754,145.722,23.513,17.096,2.374,-0.266,3.442,3.994,-0.635,22.101,-4.243,61.8,-8.228,4,14.4,18.4,21.739,4,3,0.2,0.6,2.4,3.6,2.6,0,1.4,8,-29.562,8.4,5,4,1,0,0,0,,0.2,0.2,0,,6.6,0.2,0,1.2,0,0.8,0.2,0.6,0.2,0.23,0,0,0,,0,,,1.2,0,0.6,66.667,0,,1,0.2,0,0.2,0,0,1.2,100,2.4,13.636,0.6,1,3.486,2.514,1,3.486,2.514,0,,,0.4,2.857,100,0.2,0.8,12,8.6,0.8
Oskar Smartt,Essendon,21,21.18,Gen. Forward,1,0.7,6,10,0,0,0,20,0,1,1,100,,100,100,0,,0,0,0,0,,0,,-9,-9,56.41,47.41,0,-8.72,,-6.85,-6.85,0,-0.056,0,-0.056,,,,,0,1,1,0,0,0,0,0,0,0,0,0,0,0,22.93,0,0,1,0,0,0,0,,0,0,0,,0,0,0,0,0,0,0,0,0,0,0,,0,,0,,,2,1,0,,0,,0,0,0,0,0,0,0,,1,5.263,0,0,,,0,,,0,,,0,0,,0,0,6,2,0
Luamon Lual,Essendon,21,21.76,Midfielder,5,2.54,34.2,39.8,0,0,0,77,4.6,3.8,8.4,73.81,69.565,78.947,78.571,0.6,33.333,54.762,0.8,1,2,4.2,1.6,5.25,103.8,12.357,89.884,193.684,92.64,51.692,20.139,6.076,1.599,0.519,0.78,1.614,0.639,25.913,-6.865,68.649,2.78,2,6.2,8.2,24.39,0.8,1.6,0.2,0.4,1.2,1.2,0.8,0,0,2.4,-7.968,1.2,3.2,3.6,0.2,0,0,0,,0.4,0.4,0.6,33.333,3.4,0,0,0.2,0.6,0.4,1,-0.6,0,0,0,,0,,0,,,2.4,0.2,0,,0.4,0,1,0.2,0,0.2,0,0,1.2,100,1.6,9.091,0.2,1,1.031,4.969,0,,,1,1.031,4.969,0,0,,0,0.8,16,8,0.4
Lachlan Blakiston,Essendon,28,28.3,Key Defender,5,8.64,51.2,37,0,0,0,94.8,4.8,4.8,9.6,72.917,75,70.833,66.667,0.8,50,50,1.4,1.8,2,4.8,1,9.6,210.2,21.896,95.59,305.79,158.952,105.766,33.115,16.958,3.533,0.826,7.01,5.206,1.539,18.506,4.221,49.215,5.33,5.6,5,10.6,52.83,4.2,3.4,0.2,0.8,2.6,4.2,2.4,0,0.8,3,-27.096,3.4,4.6,2.4,0.2,3.6,13.74,0.2,5.556,0.4,0.6,0.8,75,2,0.4,0,0.8,0,1,1,0,7.8,8.986,2.2,28.205,0.4,18.182,0.2,27.273,18.182,1.4,0,1.4,28.571,0.2,0,1,0.2,0,0.4,0,0.2,1.4,50,2,11.364,1,2,4.705,-1.705,2,4.705,-1.705,0,,,0,0,,0.2,3.2,9,7.8,2.4
Isaac Kako,Essendon,20,20.81,Gen. Forward,5,10.22,66.8,57.2,0,0,0,81.6,7,6.2,13.2,69.697,54.286,87.097,72.727,1.6,50,53.03,2,0.4,1,13.2,1.8,7.333,176.2,13.348,128.428,304.628,175.87,91.214,25.124,-3.498,-0.564,1.805,6.1,4.906,3.17,27.042,-12.757,49.214,7.929,6.4,6.2,12.6,50.794,1,5.2,0.8,1,4.2,3.2,2.6,0.6,1.4,3.6,17.636,0.2,4,5.4,3,15.2,58.015,1.6,10.526,0.8,2.4,3.6,61.111,1.8,0.2,0.8,0,0.8,0.2,0.6,-0.4,0,0,0,,0,,0,,,3.6,1.6,0,,0.4,0,4,0.8,0.8,1.8,0.2,1,7.6,44.444,5,28.409,1.2,9,3.424,-0.313,3,4.017,0.316,6,3.127,-0.627,0,0,,0.4,0.6,17,6.2,0.4
Archer May,Essendon,22,22.34,Key Forward,2,5.9,42.5,36.5,0,0,0,80.5,6,1.5,7.5,60,50,100,53.333,1.5,33.333,80,1.5,1.5,2.5,3,3,2.5,191.5,25.533,78.075,269.575,216.58,79.755,36.097,-2.565,-1.71,0,4.186,5.173,-1.267,25.408,-15.408,44.938,-14.938,5,3,8,62.5,3,1.5,0.5,0,1.5,5,1.5,0,0.5,0.5,7.394,1.5,2,2,2.5,0,0,0,,0,0,0,,2.5,1,1,0.5,0,2,0.5,1.5,5.5,6.18,0.5,9.091,0,0,0,100,100,1,0.5,1.5,33.333,0,,1,0.5,0,1,0.5,0.5,6,50,1,5.882,0,2,4.372,-1.372,2,4.372,-1.372,0,,,0,0,,0,2.5,11,5,2
Todd Goldstein,Essendon,38,38.5,Ruck,5,4.88,53,59.8,0,0,0,69.2,4,7.8,11.8,77.966,65,84.615,76.271,1.4,42.857,33.898,1.4,0.6,3.4,3.471,1.4,8.429,96.4,8.169,162.486,258.886,101.128,48.156,25.282,1.318,0.169,3.082,-0.229,3.151,0.045,24.756,-12.991,51.895,1.046,4.6,6.6,11.2,41.071,1,2.4,0.4,1,1.4,0.2,0.2,0,0.2,3.2,-19.75,3,4.8,3,0.4,18.2,69.466,1.2,6.593,2.4,3.6,4.6,82.609,2.6,0,0,0,0.4,1.8,2,-0.2,52.4,60.369,21.4,40.84,4.4,20.561,0.6,38.318,29.907,1.8,0,0.4,50,0.2,0,0,0,0,0,0.2,0.2,1.2,,2.4,13.636,1.4,0,,,0,,,0,,,0,0,,0,1.6,8.4,4.2,1.4
Dylan Shiel,Essendon,33,33.81,Midfielder,4,11.3,87.75,83.75,0,0,0,70.25,11,12,23,73.913,65.909,81.25,73.913,2.75,54.545,47.826,3.25,3.25,3.5,6.571,4.5,5.111,389.25,16.924,321.642,710.892,300.36,213.005,27.305,35.022,2.919,2.041,6.966,4.802,4.529,22.084,-0.655,55.407,4.117,6.25,16.5,22.75,27.473,3.25,5.25,0,1,4.25,3.5,3.25,0.5,1.25,10.5,-15.814,5.25,9,8.5,0,13.5,50.943,0.75,5.556,0.75,1.5,1.75,71.429,5.5,0,0,0.5,0.25,0.5,0.5,0,0,0,0,,0,,0,,,2.75,0.25,0,,0,,0,0,0.25,0.25,0.5,0.5,3.25,0,4,23.529,1.25,1,4.576,-3.576,1,4.576,-3.576,0,,,0.25,1.695,100,1,0,15,6.75,0
Jayden Laverde,Greater Western Sydney,30,30.72,Key Defender,5,5.5,67.4,64.2,0,0,0,80.4,9.6,5.4,15,78.667,79.167,77.778,70.667,0.8,0,64,0.8,3.6,2.2,6.818,2.4,6.25,260.6,17.373,151.952,412.552,251.698,139.824,26.219,-3.03,-0.583,0.207,5.639,3.91,0.317,15.813,-7.302,62.223,-6.904,3.4,11,14.4,23.611,5.2,2,0,0.4,1.6,3.2,1.8,0,0.4,4.2,-46.742,8.8,4.6,1,0,0,0,0,,0.2,0.2,0,,7.2,0.6,0,2,0,0.6,0.8,-0.2,0,0,0,,0,,0,,,1.2,0,1.6,25,0,,0,0,0,0,0,0,0,,1.2,6.061,0.8,0,,,0,,,0,,,0.4,2.899,50,0,4.4,5.4,4.6,4.2
Peter Wright,Essendon,30,30.31,Key Forward,5,8.42,69.2,60.2,0,0,0,84.8,6.4,4.2,10.6,71.698,71.875,71.429,62.264,1.4,57.143,60.377,1.6,0.2,2.2,4.818,3.2,3.312,172.2,16.245,98.144,270.344,207.03,70.546,32.348,-8.478,-2.019,0.849,6.02,6.24,-0.025,23.055,-5.664,53.17,7.699,6,5.4,11.4,52.632,1.2,2.4,0.4,0.4,2,5,1.8,0,0.2,2.2,4.992,0.6,5,3.4,2.4,4.4,16.794,0.6,13.636,0.2,0.8,1,80,3.6,1.6,1,0.4,0.2,1.8,0.6,1.2,24,27.65,7.6,31.667,2.2,28.947,0,44.737,28.947,2.2,0.4,0,,2.6,53.846,4,0.8,0.6,1.6,0.4,1,8.4,50,3.8,21.591,1,8,3.176,0.199,8,3.176,0.199,0,,,0,0,,0,2.6,10.2,3.4,2.2
Jade Gresham,Essendon,29,29.35,Gen. Forward,4,7.075,62.25,62.5,0,0,0,82,8.5,7.75,16.25,61.538,44.118,80.645,69.231,2.25,44.444,52.308,2.5,1.25,2.5,6.5,2.75,5.909,159.25,9.8,144.635,303.885,172.078,61.212,20.244,-15.845,-2.045,0.977,2.336,4.133,-0.369,25.393,-6.874,60.099,-11.951,6.5,9.25,15.75,41.27,2,3.75,0.5,0.75,3,2,1.5,1.5,0.25,6.75,-5.897,2.5,6.5,5.25,1.5,5.25,21.212,0.5,9.524,2.5,3,3.25,61.538,2.25,0,0,0.5,0.25,1.25,1,0.25,0,0,0,,0,,0,,,3.75,0.75,0,,0,,1,0.25,0,0.75,0,0,1.5,33.333,2.75,15.714,0.75,3,3.641,-1.641,2,3.74,-3.74,1,3.444,2.556,0,0,,0.5,1,17.25,6.75,0.25
Zach Merrett,Essendon,31,31.24,Midfielder,4,15.675,110,103.25,3,0.75,1,86.25,14.75,9.75,24.5,77.551,67.797,92.308,74.227,4,56.25,60.204,4.25,2.75,3.5,7,3.5,7,433.25,17.684,249.663,682.912,396.425,259.682,27.34,20.053,2.057,2.671,8.402,6.405,4.364,24.41,8.923,54.291,14.459,8.5,15.25,23.75,35.789,3.75,6,1.25,1.5,4.5,4.25,3,0.25,1,11.25,-6.797,4.25,9.5,7.75,2.25,13.5,50.943,0.75,5.556,2.5,3.25,3.75,80,3,0,0.25,0.25,0.75,2.5,0,2.5,0,0,0,,0,,0,,,6.5,1.25,0,,0.25,100,1,0.25,0.5,1.25,1.25,1.5,9.75,20,6,35.294,2.25,5,2.517,-0.917,2,3.738,-0.238,3,1.703,-1.37,0.5,3.39,100,0.25,1.25,20.5,11.25,0.25
Matt Guelfi,Essendon,29,29.38,Gen. Forward,5,4.76,42,37.2,0,0,0,73,4.6,3,7.6,60.526,52.174,73.333,65.789,1.2,50,60.526,1.2,0,2.2,3.455,1.8,4.222,98.8,13,53.848,152.648,103.648,50.578,22.532,-2.92,-0.973,-0.057,3.518,2.741,1.794,32.682,-16.015,54.505,-12.838,3.6,3.6,7.2,50,0.6,2.8,1.6,0.8,2,3.4,2.8,0.2,1.2,1.2,34.142,0,1.2,2.6,3.4,0,0,0,,0.2,0.2,0.2,100,1.8,0,0.8,0,0,0.6,1,-0.4,0,0,0,,0,,0,,,2,0.8,0,,1.6,50,5,1,0.4,1.8,0.4,0.6,9,55.556,3.6,20.455,0.4,9,3.329,0.227,4,3.177,0.073,5,3.45,0.35,0,0,,0,2,9.2,3.2,0.8
Mason Redman,Essendon,29,29.34,Gen. Defender,5,12.06,115,102,8,1.6,2,86.6,21.8,5.4,27.2,85.294,85.321,85.185,77.037,1.4,71.429,80.147,2,8.2,2.8,9.714,4.6,5.913,618.6,22.743,281.424,900.024,576.784,368.172,26.703,10.608,1.964,0.097,8.693,5.597,3.883,15.396,0.138,68.46,5.326,4,15.2,19.2,20.833,5.8,2.4,0,0.8,1.6,3.8,2.2,0,1,7.6,-35.413,9.6,5.4,4.2,0,0,0,0,,0,0,0.2,0,7.4,0.4,0,2.4,0.2,1.2,1.4,-0.2,0,0,0,,0,,0,,,1.2,0,1.4,14.286,0,,1,0.2,0.6,0.8,0,0,1.8,25,3.6,20.455,1.6,4,2.333,-0.083,0,,,4,2.333,-0.083,8.6,61.429,90.698,0.8,2.6,7.6,5.8,2.4
Andrew McGrath,Essendon,28,28.58,Gen. Defender,5,12.24,110.6,95.2,10,2,2,83.4,11,16,27,76.296,69.091,81.25,74.436,3.6,44.444,40.741,4.2,1.8,2.4,11.25,3.4,7.941,295.6,10.948,279.994,575.594,270.73,128.896,25.068,1.69,0.107,3.966,4.813,6.505,2.186,22.636,-2.636,52.773,1.227,11,15.8,26.8,41.045,3,9,0.2,1.2,7.8,4,3.6,1.4,1.6,11.8,-15.217,6,11.6,8.4,0.8,19,72.519,1.2,6.316,3.2,4.4,5.4,62.963,3.4,0,0,0.2,0.4,0.6,0.2,0.4,0,0,0,,0,,0,,,4.6,0,0.2,0,0,,1,0.2,0.4,0.6,0.4,0.8,4.4,33.333,4.2,23.864,0.6,3,3.205,-0.538,0,,,3,3.205,-0.538,0,0,,0.8,1,22,13.6,0.4
Nick Blakey,Sydney,26,26.84,Gen. Defender,5,17.02,114.6,89.8,18,3.6,3,88.2,17.6,4.8,22.4,78.571,75,91.667,72.321,3.8,63.158,78.571,4.6,6.4,1.8,12.444,4,5.6,625,27.902,236.122,861.122,539.512,382.694,30.654,34.216,7.128,0.405,13.9,7.074,6.202,19.59,10.79,56.088,8.469,4.4,11.8,16.2,27.16,7.6,1.8,0.2,0,1.8,4,1.4,0,0.8,6.4,-10.615,3.4,5.6,6.4,0.8,0,0,0,,0.2,0.2,0.2,100,6.4,2,0.2,4,0.2,0.4,0.4,0,0,0,0,,0,,0,,,1.4,0,1.6,12.5,0,,2,0.4,1,1.4,1.2,1.4,10.8,28.571,7,27.344,2.8,7,3.263,-0.834,2,3.591,-2.591,5,3.132,-0.132,5,47.17,100,2.8,3.8,6,4.4,3.4
James Rowbottom,Sydney,26,26.28,Midfielder,5,10.56,81.4,79.2,0,0,0,75,9.8,5,14.8,71.622,65.306,84,67.568,2.4,41.667,66.216,2.4,1.4,2.2,6.727,2.4,6.167,273,18.446,133.282,406.282,281.928,121.744,28.768,1.944,0.389,0.626,6.205,4.916,2.176,25.702,14.298,52.896,-5.396,5.8,9.4,15.2,38.158,1.8,4,1,0.8,3.2,3.2,1.8,0.2,0.8,5.6,7.532,1.6,4.6,5.8,3.2,6.6,23.571,1,15.152,1.2,2.2,1.8,77.778,3.6,0.6,1,0.4,0.2,1.2,1.4,-0.2,0,0,0,,0,,0,,,6.4,0.8,0,,0.2,100,5,1,0.4,1.4,0.2,0.2,7.6,71.429,5.2,20.312,0.8,7,3.427,1.144,4,4.129,-0.629,3,2.491,3.509,0,0,,0,0.6,20.6,7.2,0.4
Sam Wicks,Sydney,27,27.29,Gen. Defender,5,3.06,43.6,49.2,0,0,0,88.6,8.4,5.4,13.8,72.464,59.524,92.593,78.261,1.2,66.667,60.87,1.2,1.6,3,4.6,3.2,4.312,180,13.043,156.154,336.154,150.63,82.544,17.932,2.208,0.409,0.364,1.783,1.668,1.022,19.43,11.126,64.342,-6.009,2.6,10.2,12.8,20.312,2,2.2,0.4,0.6,1.6,2,1.8,0.2,0,7.6,-23.454,3.8,6,2.6,0.4,0,0,0.4,,0.4,0.8,1,60,2.2,0,0,0.2,0,0.4,0.6,-0.2,0,0,0,,0,,0,,,2,0,0.6,33.333,0,,0,0,0,0,0,0.4,0.4,,2.8,10.937,0.2,0,,,0,,,0,,,0.2,1.887,100,1,0.8,10,8.4,0.4
Tom McCartin,Sydney,27,27,Key Defender,5,11.14,79.6,55.2,6,1.2,3,95.6,8,8.2,16.2,83.951,80,87.805,82.716,0.6,33.333,49.383,0.8,3.6,2.8,5.786,1.6,10.125,180.6,11.148,137.622,318.222,157.43,124.682,20.183,16.16,1.971,0.694,9.015,6.587,1.453,16.676,4.377,65.658,0.131,6.6,10,16.6,39.759,7.6,4.6,0,0.6,4,5.8,4,0.2,1,5.4,-37.106,8.6,5.4,2.6,0,0,0,0.2,,0.4,0.6,0.4,50,5,1,0,2.2,0,0.6,1.2,-0.6,0,0,0,,0,,0,,,0.4,0,1.6,25,0,,1,0.2,0,0.2,0,0,1.2,100,2.6,10.156,1.4,1,5.509,0.491,1,5.509,0.491,0,,,0,0,,0.2,6.4,4.8,3.8,6.2
Jack Buller,Collingwood,25,25.62,Key Forward,5,4.66,54,50.6,0,0,0,81.2,4.4,5.6,10,70,59.091,78.571,70,0.6,33.333,44,1,0,2.6,3.846,2.6,3.846,118,11.8,111.126,229.126,141.058,45.992,32.059,-3.67,-0.68,0.022,3.524,5.414,-1.255,27.944,8.42,58.276,-21.913,4.6,6.2,10.8,42.593,0.8,2.6,1,1.6,1,4.2,2.2,0,0.6,1.6,29.115,0,2.4,4.4,4,1,3.788,0,0,0,0,0.2,0,4.4,0.4,2.2,0.2,1.2,1,1,0,1.4,1.617,0,0,0,,0,,,1.8,0.8,0.2,100,3,33.333,6,1.2,0.6,2.2,0.4,0.4,10.2,54.545,4.2,17.647,0.4,11,3.7,-0.154,11,3.7,-0.154,0,,,0,0,,0,1.6,8.4,1.4,0.4
Justin McInerney,Sydney,26,26.36,Mid-Forward,3,18.267,116.333,95,12,4,2,78.667,11.333,14.333,25.667,85.714,79.412,90.698,87.013,2,83.333,44.156,2.667,1.333,1.667,15.4,0.667,38.5,291.333,11.351,516.557,807.89,271.637,240.37,23.968,23.63,1.649,1.731,14.054,7.039,9.348,29.94,9.346,62.906,19.236,6.667,19,25.667,25.974,2.667,4.667,1.333,0.667,4,4.333,3,0.667,2,12,1.676,4,7.667,9.333,4.667,8.667,31.707,0,0,1.333,1.333,1.667,60,6,0.667,0.667,0.333,1,0.667,0.667,0,0,0,0,,0,,0,,,1.333,0,0,,0,,5,1.667,0.333,2,1.333,2.667,19.667,83.333,9.333,34.146,1.333,6,3.905,1.261,4,4.413,0.337,2,2.89,3.11,0,0,,0,0.667,9.667,5.667,0.333
Chad Warner,Sydney,25,25.61,Midfielder,5,11.42,85.4,86.4,1,0.2,1,81.6,13.4,9,22.4,61.607,58.209,66.667,62.162,3.6,55.556,59.821,4.6,0.8,4,5.6,5.6,4,387.4,17.295,229.682,617.082,330.176,175.738,25.013,17.998,2,2.848,6.013,6.22,3.525,29.968,2.032,56.011,1.989,10,13.2,23.2,43.103,2.2,6.8,1.4,2.8,4,4,3.4,2.4,1.4,7.8,2.004,1.2,11.4,8,2.6,16.6,59.286,2.2,13.253,1.4,3.6,5.6,71.429,4.8,0.2,0.4,0.4,0.2,0.6,1.4,-0.8,0,0,0,,0,,0,,,3,0.2,0,,0.2,0,4,0.8,0.6,2,0.6,0.8,9.2,40,5,19.531,1.4,10,2.911,-0.211,3,3.734,0.266,7,2.558,-0.415,0,0,,1.6,0.6,15.6,8,0.2
Errol Gulden,Sydney,24,24.45,Midfielder,5,11.72,103.2,110.8,18,3.6,3,85.2,16.2,12.8,29,68.276,56.79,82.812,71.724,5.6,35.714,55.862,5.8,2.2,5.2,5.577,6,4.833,515.2,17.766,313.522,828.722,436.916,273.616,26.97,34.248,2.676,2.25,6.269,4.487,5.672,28.216,0.769,50.94,4.132,7.4,20.8,28.2,26.241,2.8,4.8,0.2,1.2,3.6,3.6,3.2,1.8,1.4,14.4,-0.402,3,11.2,11.6,2.4,9.2,32.857,1,10.87,1.8,2.8,4,75,5,0.2,0,0.2,0.2,0.8,1.4,-0.6,0,0,0,,0,,0,,,5.2,0.4,0,,0.4,0,3,0.6,0.6,1.4,0.8,1.4,9.6,42.857,8.2,32.031,1.6,7,2.452,0.548,0,,,7,2.452,0.548,0.6,5.66,66.667,0.8,0.4,16.8,7.2,0.4
Braeden Campbell,Sydney,24,24.9,Gen. Forward,4,6.7,53.25,51,0,0,0,80,7.5,5.25,12.75,58.824,46.667,76.19,52.941,2.25,11.111,58.824,3,0,2.25,5.667,3.25,3.923,224,17.569,108.278,332.277,208.31,93.878,27.775,11.41,2.173,0.519,4.393,3.713,1.289,30.786,-11.739,50.879,-8.022,3.25,9.75,13,25,1.5,2.25,1.25,0.25,2,2.25,1.5,0.25,1,5.5,21.824,0,4.25,4.5,4.25,0,0,0.25,,0.25,0.5,0.5,50,2.5,0,1,0.5,1,0.5,1,-0.5,0,0,0,,0,,0,,,1.5,0.25,0,,0.25,0,4,1,1,2,0.5,0.5,10,50,5,20.833,0.75,8,3.537,-0.037,3,4.041,-1.374,5,3.235,0.765,0,0,,0.5,0.5,12,4.25,0.25
James Jordon,Sydney,26,26.03,Midfielder,5,5.54,53.4,50,0,0,0,82.2,6.2,8.6,14.8,77.027,67.742,83.721,71.622,1.8,44.444,41.892,1.8,1.2,3.2,4.625,2.4,6.167,165.6,11.189,217.582,383.182,161.82,71.316,26.1,7.088,0.824,0.311,2.848,3.276,0.908,26.056,-1.918,53.247,-1.522,5.2,9.2,14.4,36.111,1,4,0.6,1.4,2.6,2.2,2,0.4,0.4,6,-2.285,1.4,5.4,6.2,1.4,11.8,42.143,1.2,10.169,0.6,1.8,2.2,63.636,2.8,0,0,0.2,0.2,0.8,1.8,-1,0,0,0,,0,,0,,,2.6,0.2,0,,0.2,0,0,0,0,0.2,0.4,0.8,2.8,0,4.4,17.188,0.2,1,2.936,-2.936,0,,,1,2.936,-2.936,0,0,,0.4,0.6,14,7,0.2
Angus Sheldrick,Sydney,23,23.14,Midfielder,5,9.8,73.8,71.6,3,0.6,1,61.4,11,9.8,20.8,64.423,47.273,83.673,71.154,3,73.333,52.885,3.6,0.6,3,6.933,3.4,6.118,314,15.096,169.896,483.896,276.578,172.538,25.143,14.048,1.433,3.251,3.874,4.792,2.952,30.134,14.603,52.693,10.465,7.4,12,19.4,38.144,1.6,6.6,1,1.2,5.4,3.2,3.2,0.8,1.8,8.6,6.974,0.6,8,8.2,2.6,8,28.571,0.8,10,2.4,3.2,4.4,72.727,3,0,0.4,0.2,0.2,0.2,0.6,-0.4,0,0,0,,0,,0,,,2.2,0.2,0.2,100,0,,2,0.4,0.4,1.8,0.8,1.2,8,22.222,5.4,21.094,0.6,9,3.026,-1.471,2,3.614,-0.614,7,2.859,-1.716,0,0,,0,0.4,13.4,4.6,0.4
Caiden Cleary,Sydney,21,21.82,Gen. Forward,3,0.5,24,35.667,0,0,0,28.333,3,4.667,7.667,69.565,66.667,71.429,65.217,0.667,50,39.13,0.667,0.333,1.333,5.75,1.667,4.6,78.667,10.261,84.247,162.913,80.86,27.757,26.953,5.117,1.096,0.696,-1.427,1.664,-1.704,28.596,-14.31,71.736,-0.307,1.667,6.667,8.333,20,1.333,0.667,0,0,0.667,0.667,0.333,0.667,0,3,11.779,0.667,3,2.667,2,1.333,5,0,0,0.667,0.667,1,66.667,3,0,0.333,0,0.667,0,0,0,0,0,0,,0,,0,,,2,0.333,0,,0,,0,0,0.333,0.667,0,0.333,0.667,0,1.333,5.882,0.667,2,2.52,-2.02,1,2.11,-2.11,1,2.93,-1.93,0,0,,0.333,0.333,5.667,4,0
Jesse Dattoli,Sydney,20,20.4,Gen. Forward,3,0.767,36,33,0,0,0,55.333,2.667,6.333,9,59.259,25,73.684,62.963,0.333,0,29.63,0.667,0,2,4.5,2.333,3.857,72.667,8.074,62.96,135.627,82.447,9.01,30.917,3.67,0.579,0.639,-0.859,2.917,-2.84,24.12,-24.12,51.244,-11.244,3.667,5.333,9,40.741,0.667,3.667,2,1,2.667,3,3,0,1,3.333,26.585,0,2,3.667,3.333,0,0,0,,0.667,0.667,0.667,100,2,0,1,0,1,0,0.333,-0.333,0,0,0,,0,,0,,,1.667,0.667,0,,0.333,0,0,0,0.667,1,1,1,6.667,0,2.333,10.294,0,3,2.705,-2.038,3,2.705,-2.038,0,,,0,0,,0,0.667,8,2.667,0.667
Dane Rampe,Sydney,36,36.58,Gen. Defender,5,8.54,75.2,65.6,0,0,0,83.2,10.6,6,16.6,86.747,84.906,90,75.904,1,60,63.855,1,4.6,2.8,5.929,2.6,6.385,292.6,17.627,129.768,422.368,266.242,164.674,25.6,10.782,1.797,0.032,6.875,3.998,3.145,18.215,6.275,60.696,8.692,3.8,12.4,16.2,23.457,5,2.6,0,0.6,2,3.6,2.4,0,1.4,5.4,-35.86,7.2,7.2,1.8,0,0,0,0,,0.4,0.4,0.2,100,5.6,0.2,0,1.2,0,0.4,1.4,-1,0,0,0,,0,,0,,,2.2,0,0.4,0,0,,0,0,0,0.2,0,0.6,0.6,0,4,15.625,1.6,1,3.018,-3.018,0,,,1,3.018,-3.018,0.4,3.774,50,0.2,2.4,8.6,6.2,1.8
Harry Cunningham,Sydney,33,33.06,Gen. Defender,4,5.05,61.75,59,0,0,0,79.75,8.75,6,14.75,79.661,68.571,95.833,83.051,0.5,0,59.322,0.5,1,0.75,19.667,1.25,11.8,118,8,203.478,321.478,112.698,65.69,12.88,4.745,0.791,-0.032,3.677,3.227,0.194,20.936,2.593,72.487,1.042,3.5,11.5,15,23.333,3.5,2.75,0,0.25,2.5,3,2.75,0,0.75,5.25,-24.837,4.25,8,2.75,0,0,0,0,,0.5,0.5,0,,5.25,0,0,0.75,0.25,0.5,0.5,0,0,0,0,,0,,0,,,1.5,0,0.5,50,0,,0,0,0,0,0,0,0,,3.75,15.625,0.5,0,,,0,,,0,,,0,0,,0,2,5.5,3.75,1.75
Brodie Grundy,Sydney,32,32.71,Ruck,4,15.675,128.75,107,9,2.25,1,79.25,6.5,14,20.5,68.293,61.538,71.429,69.512,1,75,31.707,1.75,2,3.75,5.467,1.75,11.714,155.75,7.598,198.417,354.168,158.56,62.2,24.394,2.958,0.215,8.289,2.732,7.968,0.406,23.069,-3.069,55.665,4.335,12,8.75,20.75,57.831,2.75,4.5,2,2.25,2.25,4.75,2.5,0,0.25,4.5,4.121,3.5,5.25,6.75,5.25,21.75,79.091,1,4.598,4.75,5.75,7.5,76.667,4,1.5,0.5,1.25,0,2,1,1,71.25,80.508,39,54.737,12.5,32.051,4,42.949,37.179,1.5,0.5,1.25,40,1,50,2,0.5,0.5,1.25,0.25,0.5,5.25,40,6.75,24.545,4.75,5,4.188,-1.388,3,4.81,-2.144,2,3.255,-0.255,0,0,,0,2,7.5,2.25,1.5
Jake Lloyd,Sydney,33,33.27,Midfielder,5,7.44,74.6,73.6,0,0,0,84.6,10.8,8.8,19.6,79.592,72.222,88.636,79.592,3.4,58.824,55.102,3.8,1.8,1.6,12.25,2.2,8.909,330.6,16.867,219.172,549.772,299.314,197.118,27.714,26.946,3.062,0.489,4.538,3.284,1.92,26.716,7.978,56.778,10.569,4,14.8,18.8,21.277,3.4,3,0.2,0.8,2.2,3.2,2.4,0.2,1.4,7.8,-7.201,3.2,7.2,7,1.4,0,0,0.2,,0.4,0.6,0.2,100,5.6,0,0.6,0.4,0,0.4,0.4,0,0,0,0,,0,,0,,,1.8,0.6,0.2,100,0.4,0,0,0,0.4,0.8,0.8,1.4,5.8,0,5.2,20.312,0.8,4,2.487,-1.987,3,2.552,-2.219,1,2.291,-1.291,0.6,5.66,100,0.2,1,10.2,3.8,0.4
Isaac Heeney,Sydney,30,30.65,Midfielder,5,19.3,108.2,97.4,25,5,4,82.8,12.6,9.8,22.4,66.964,52.381,85.714,71.429,4,50,56.25,5,0,3.6,6.222,3.4,6.588,321.4,14.348,206.14,527.54,323.372,197.904,25.664,12.244,1.249,6.505,9.245,8.906,7.771,30.62,5.278,49.311,4.535,11.4,11,22.4,50.893,1.6,5.4,0.4,0.8,4.6,3.8,1.8,3.2,0.8,5.4,14.491,1,6,10.6,4.8,21.6,77.143,3.2,14.815,2.4,5.6,7.2,75,5,1.2,2.6,0.2,0.8,1.2,1.2,0,0,0,0,,0,,0,,,3.6,0.8,0,,1.2,50,10,2,1,3.4,0.6,1.2,17.2,58.824,7.6,29.687,0.8,17,3.446,0.378,13,3.628,0.372,4,2.856,0.394,0,0,,0,1,13.6,2.8,0.2
Callum Mills,Sydney,29,29.74,Gen. Defender,5,8.18,100.8,90.6,2,0.4,2,78.4,13,11.8,24.8,75,73.846,76.271,72.581,1.4,57.143,52.419,1.8,4.2,2.2,11.273,4.2,5.905,402.6,16.234,257.596,660.196,344.264,233.598,26.482,22.546,1.911,0.23,5.454,4.889,-0.06,20.15,3.287,64.696,-0.633,6,15.4,21.4,28.037,6.4,5.4,0.2,2.2,3.2,5.4,4.8,0,2.4,8.4,-26.109,7.6,9.8,3.8,0.2,0,0,0,,0.4,0.4,0.2,100,6,0,0,0.8,0,0.6,0.4,0.2,0,0,0,,0,,0,,,2.6,0,0.4,50,0,,0,0,0.2,0.2,0.2,0.4,1.6,0,5.2,20.312,1.8,1,2.541,-1.541,1,2.541,-1.541,0,,,3,28.302,100,1.2,1.8,9.8,7.6,1.6
Lewis Melican,Sydney,30,30.15,Key Defender,5,6.2,44.8,33.2,0,0,0,82,5,2.8,7.8,92.308,88,100,79.487,0.8,50,64.103,1,2,1.4,5.571,0.8,9.75,133,17.051,91.03,224.03,105.504,63.504,21.98,9.86,3.792,0.056,5.529,2.397,1.913,18.575,4.152,62.708,5.474,2.8,5,7.8,35.897,3.6,2,0,0.8,1.2,2.8,2,0,0.4,2.6,-27.096,2.8,3.4,1.6,0,0,0,0,,0,0,0,,2.2,0.2,0,0.6,0,0.6,0.6,0,0,0,0,,0,,0,,,1.8,0,1.4,71.429,0,,0,0,0,0,0,0,0,,1,3.906,0.8,0,,,0,,,0,,,0,0,,0,4.4,9,7.2,4.4
Tom Papley,Sydney,30,30.46,Gen. Forward,5,9.98,77.4,71.2,9,1.8,1,78.2,9.4,6.4,15.8,68.354,55.319,87.5,69.62,3.2,56.25,59.494,4.6,0.2,2.6,6.077,2.6,6.077,308.8,19.544,157.89,466.69,296.16,176.42,31.506,12.084,1.888,0.223,7.923,4.372,4.627,36.536,6.797,45.529,14.471,4.8,11.8,16.6,28.916,1.2,3.2,1.6,1.4,1.8,3.4,2.8,0.2,1.4,5.8,31.948,0,1.8,7,7.8,4.2,15,0.4,9.524,0.4,0.8,0.8,50,4.4,0,2,0,1.2,0.8,0.6,0.2,0,0,0,,0,,0,,,2.2,1,0,,0.6,0,7,1.4,0.8,3.2,1.2,2.4,17.6,43.75,6.4,25,0.4,16,2.607,0.268,9,2.778,0.222,7,2.388,0.326,0,0,,0.4,1.2,10.4,2,0
Peter Ladhams,Sydney,28,28.96,Ruck,2,5.4,65,66,0,0,0,67,7,4.5,11.5,39.13,28.571,55.556,43.478,2,50,60.87,2,1.5,5,2.3,3.5,3.286,176.5,15.348,24.885,201.385,207.28,69.785,29.611,-4.8,-1.067,6.669,-2.529,5.258,-1.573,22.466,-9.966,39.075,-14.075,7.5,3.5,11,68.182,0.5,4,0,2,2,1,1,0,0,2,-7.834,3.5,2,3.5,2,14,56,1.5,10.714,4,5.5,5.5,90.909,1.5,0,1,0,0,1.5,1.5,0,49,50.515,19.5,39.796,4.5,23.077,2,51.282,46.154,2,0.5,0,,0,,2,1,1,2,0,0,7,50,5.5,26.829,4,4,3.6,-0.1,4,3.6,-0.1,0,,,0,0,,0,2,7.5,3.5,2
Oliver Florent,Carlton,28,28.44,Midfielder,5,7.58,69.2,71.4,0,0,0,80.4,10.6,7,17.6,65.909,62.264,71.429,70.455,1,40,60.227,1.2,2.6,2,8.8,4,4.4,273.4,15.534,158.914,432.314,260.98,162.516,24.621,16.272,2.393,1.625,3.495,4.82,0.183,23.004,-4.254,60.947,-2.614,5.8,11.2,17,34.118,4.4,5.4,0.2,0.6,4.8,3.6,3.2,0,1.8,5.2,-18.237,4.8,7.2,4,1,0,0,0.4,,1.4,1.8,1.4,100,5.4,0.4,0.6,1,0,0,0,0,0,0,0,,0,,0,,,2,0.2,0.4,50,0.2,0,1,0.2,0.2,0.6,0,0.2,1.6,33.333,3.2,13.913,0.6,3,2.818,-0.485,3,2.818,-0.485,0,,,0.6,5.357,66.667,0,0.8,10.8,4.2,0.8
Mani Liddy,Port Adelaide,24,24.86,Midfielder,4,4.65,56.75,65.25,0,0,0,84,9.75,7,16.75,61.194,46.154,82.143,58.209,2.5,40,58.209,3,2.75,3.25,5.154,3.75,4.467,313.25,18.701,126.697,439.948,270.543,137.59,27.748,18.925,2.704,0.786,2.976,4.477,-0.122,21.276,-1.832,52.477,-5.255,4.25,12.5,16.75,25.373,3.75,3.25,0.5,0.75,2.5,3.25,2.5,0.25,1.5,6.5,-11.136,3.5,6.75,5.5,1,0,0,0.25,,0.75,1,0.5,100,4.75,0,0,1,0.25,0.75,0.25,0.5,0,0,0,,0,,0,,,1.5,0,0,,0,,1,0.25,0.25,0.5,0.75,1.25,6.75,50,3.5,17.284,0.25,2,4.341,-0.841,1,5.036,0.964,1,3.645,-2.645,0,0,,0,0.25,14.25,9.25,0.25
Dylan Williams,Port Adelaide,25,25.5,Gen. Forward,1,4.5,36,34,0,0,0,77,7,1,8,75,71.429,100,62.5,0,,87.5,0,1,2,4,4,2,212,26.5,47.01,259.01,185.87,80.62,26.553,2.03,2.03,0,4.63,2.364,2.102,22.543,-22.543,60.007,-2.864,3,4,7,42.857,3,3,0,0,3,3,3,0,1,1,-19.109,1,5,0,1,0,0,0,,0,0,0,,2,0,0,0,0,0,1,-1,0,0,0,,0,,0,,,2,1,0,,0,,0,0,0,0,0,0,0,,0,0,0,0,,,0,,,0,,,1,6.667,100,1,2,9,6,1
Will Lorenz,Port Adelaide,21,21.86,Midfielder,3,6.433,60.667,57.667,0,0,0,77.667,8.333,6,14.333,69.767,52,94.444,65.116,0.333,100,58.14,0.667,2.667,1.333,10.75,3.667,3.909,254.333,17.744,65.823,320.157,239.643,117.547,28.757,6.27,1.045,0.669,3.95,3.825,0.934,16.79,10.482,54.584,-18.22,4.667,9.667,14.333,32.558,2.667,3.667,0.333,0.333,3.333,3.667,3,0.333,1.333,5.333,-27.865,5.667,5.333,2.333,1,1.333,4.124,0,0,0.667,0.667,0.667,100,2.667,0,0.333,0,0.333,1,0,1,0,0,0,,0,,0,,,2.333,0.333,0,,0,,1,0.333,0.333,1,0,0,2.333,33.333,3,15,0.333,3,2.805,-0.471,1,3.239,-3.239,2,2.588,0.912,0,0,,0,1.333,16,10.667,1
Jack Whitlock,Port Adelaide,20,20.62,Key Forward,4,4.05,41,42.75,0,0,0,79.5,3.5,3,6.5,50,57.143,41.667,61.538,0.25,100,53.846,0.25,0.25,2.25,2.889,2.25,2.889,91,14,44.193,135.192,94.975,61.728,27.136,1.942,0.647,0.31,1.492,2.016,1.138,29.373,13.484,59.186,12.243,2,5,7,28.571,0.5,1.25,0.5,0.5,0.75,1.5,1,0,0.25,2,17.612,1,1.25,1.25,3.5,3.25,10.924,0.25,7.692,0,0.25,0.5,50,2.5,0.25,1.5,0,0.25,0.5,0.75,-0.25,8.75,10.264,1,11.429,0,0,0,0,50,3.25,1.25,0.25,100,2.25,11.111,4,1,0.5,1.75,0,0.5,7,57.143,2.75,13.58,0.25,7,3.234,0.48,4,3.335,1.165,3,3.1,-0.433,0,0,,0,1,12.5,5.5,1
Nick Larkey,North Melbourne,28,28.56,Key Forward,1,11.9,61,58,0,0,0,84,5,2,7,100,100,100,100,1,100,71.429,1,0,1,7,1,7,180,25.714,80.64,260.64,155.78,148.06,31.156,14.58,7.29,0,12.057,4.815,7.794,40.015,9.985,63.2,36.8,2,6,8,25,0,0,0,0,0,2,0,0,0,0,33.844,0,1,3,4,0,0,0,,0,0,0,,8,2,4,0,2,0,1,-1,0,0,0,,0,,0,,,0,0,0,,0,,3,3,0,3,0,0,18,100,4,21.053,0,3,3.22,2.78,3,3.22,2.78,0,,,0,0,,0,0,4,0,0
Cooper Harvey,North Melbourne,22,22.47,Gen. Forward,4,3.575,34.5,38.25,0,0,0,57.5,4.75,2.25,7,71.429,68.421,77.778,71.429,0.75,33.333,67.857,1,0.75,1,7,1.25,5.6,104.75,14.964,87.93,192.68,118.97,55.337,25.046,0.365,0.162,0.267,2.298,1.89,1.122,24.017,6.752,66.429,2.802,1.75,5.25,7,25,0.5,1.25,0.5,0.25,1,1.5,1,0,0.5,1.75,0.31,1.5,1.5,2.25,1.75,0,0,0.25,,0,0.25,0,,3,0.25,1,0,0.25,0.25,0.25,0,0,0,0,,0,,0,,,1.5,0.5,0.25,100,0.25,0,3,0.75,0.5,1.25,0.25,0.25,6.5,60,3,12.245,0.5,5,2.979,1.021,5,2.979,1.021,0,,,0,0,,0,0.25,6.75,1.5,0.25
George Wardlaw,North Melbourne,22,22.55,Midfielder,4,15.3,99.75,86.75,0,0,0,71,11,8.5,19.5,75.641,59.091,97.059,73.077,3.5,35.714,56.41,5,1.5,3,6.5,3.25,6,271,13.897,194.82,465.82,251.87,127.685,22.897,-0.557,-0.066,4.082,7.129,7.092,4.469,28.96,-7.531,54.293,-1.912,10.25,9.75,20,51.25,4.25,8.25,1.25,3,5.25,5.75,5.25,0.75,2,6.5,2.085,2.5,7.25,7.75,2.5,23.25,70.455,2.5,10.753,1.75,4.25,3.5,85.714,2.75,0,0.25,0.25,0.25,1.75,1,0.75,0,0,0,,0,,0,,,7,0.5,0,,0,,1,0.25,0.25,0.5,1.5,1.5,10.75,50,5.75,23.469,2.25,2,3.101,0.399,1,3.576,2.424,1,2.626,-1.626,0,0,,0,0.75,21.5,8.5,0
Jack Higgins,St Kilda,27,27.78,Gen. Forward,5,10.66,55.4,46,0,0,0,84.6,4,4.8,8.8,77.273,75,79.167,75,0.8,0,45.455,1.4,0.2,0.8,11,1.2,7.333,123,13.977,102.696,225.696,125.828,69.088,31.457,-3.956,-0.86,0.532,8.21,3.753,4.837,32.751,-12.751,42.621,-22.621,4.6,4.4,9,51.111,1,3,2,1,2,3.6,2.2,0.2,1.4,2.4,37.731,0.2,1.2,3,4.6,0,0,0,,0.4,0.4,0.8,50,1.6,0.4,0.6,0,0.4,1,0.2,0.8,0,0,0,,0,,0,,,2.4,1.8,0,,1.4,14.286,8,1.6,0,2,0,0.6,10.2,80,3.6,17.143,0.6,10,3.101,1.699,5,3.547,2.453,5,2.655,0.945,0,0,,0.2,0.4,13.4,2.2,0.2
Hunter Clark,St Kilda,27,27.76,Midfielder,2,6,90,87,0,0,0,75,16,7.5,23.5,76.596,75,80,74.468,2.5,60,68.085,3,4,5.5,4.273,5,4.7,457,19.447,320.01,777.01,417.89,250.76,26.961,1.38,0.184,0.774,3.265,3.507,2.043,19.404,3.176,54.32,10.196,5,18,23,21.739,4,4.5,0,1,3.5,4,3.5,0,2,8,-29.839,9.5,9,4.5,0,0,0,0,,1,1,0,,9,0.5,0,1,0.5,0,3,-3,0,0,0,,0,,0,,,1.5,0.5,1,0,0,,0,0,0,0,0.5,1,3.5,,3,15.385,0,0,,,0,,,0,,,0,0,,0,2,9,5,1.5
Liam Stocker,St Kilda,26,26.93,Gen. Defender,4,6.15,50,40.25,0,0,0,77.75,4.75,5.75,10.5,73.81,89.474,60.87,71.429,0.75,33.333,45.238,0.75,0.75,1.75,6,1.75,6,104.75,9.976,77.14,181.89,114,24.367,24,-8.232,-1.497,-0.13,4.931,4.458,0.303,23.334,-6.667,67.666,-0.999,5.25,6,11.25,46.667,4.5,4,0,1.5,2.5,4.75,3.5,0,1,3.25,-27.894,3,6.75,1.5,0,0,0,0,,0,0,0.25,100,2.25,0,0,0.75,0,1,0.75,0.25,0,0,0,,0,,0,,,2.25,0.25,0.75,0,0,,0,0,0,0,0,0,0,,1.25,5.952,1.25,0,,,0,,,0,,,0,0,,0,2.25,9,6.25,1.5
Ryan Byrnes,St Kilda,25,25.66,Gen. Defender,1,4.9,48,50,0,0,0,69,7,1,8,62.5,57.143,100,37.5,2,0,87.5,2,0,0,,2,4,228,28.5,28.94,256.94,227.13,53.83,32.447,-1.29,-1.29,0,2.576,3.397,-0.822,26.186,-26.186,45.868,-25.868,2,6,8,25,0,1,0,0,1,2,1,0,1,3,15.427,0,3,3,2,0,0,0,,0,0,0,,4,1,1,0,0,0,0,0,0,0,0,,0,,0,,,2,2,0,,1,100,1,1,1,2,0,0,7,50,2,8.696,0,2,4.822,-1.322,1,5.29,0.71,1,4.353,-3.353,0,0,,0,0,6,0,0
Nasiah Wanganeen-Milera,St Kilda,23,23.85,Gen. Defender,5,14.24,100.8,94,20,4,3,84,19.6,7.4,27,66.667,61.224,81.081,69.63,5,52,72.593,5.6,2.4,4.6,5.87,5.2,5.192,566.6,20.985,279.866,846.466,493.312,336.366,25.169,8.898,1.202,5.543,6.116,5.385,7.537,24.535,3.843,55.088,11.129,9.2,13.8,23,40,2.6,6.2,1.2,1,5.2,3.6,3.2,1.6,1,9.6,-1.557,2.8,10.4,7.4,2.4,16.4,66.129,2.4,14.634,2.4,4.8,5.6,71.429,3,0,0.4,0,0.4,1.6,1,0.6,0,0,0,,0,,0,,,2,0.8,0.2,0,0,,3,0.6,1.2,2.4,1.2,2,12.8,25,6.2,29.524,1.6,12,2.786,-0.786,3,2.932,-2.265,9,2.738,-0.294,2.2,20.37,100,3.4,1,12.6,5.6,0.8
Max Heath,Melbourne,24,24.18,Key Forward,2,2.8,34.5,39,0,0,0,54.5,3,3,6,41.667,33.333,50,41.667,0.5,0,50,0.5,0,2.5,2.4,2.5,2.4,91.5,15.25,41.21,132.71,110.265,24.285,36.755,1.655,0.552,0.099,1.61,4.09,-2.479,26.7,-26.7,31.6,-31.6,4.5,2,6.5,69.231,0,1.5,1.5,0,1.5,4.5,1.5,0,1.5,1,39.643,0,0.5,2.5,3.5,2,9.524,0,0,0,0,0,,2,1,1,0,0,2,0,2,13.5,15,5,37.037,1,20,0,40,40,1,0,0,,3,50,2,1,1,2.5,0.5,0.5,10,40,3,15.385,1,5,3.711,-0.911,4,3.94,-0.44,1,2.798,-2.798,0,0,,0,0.5,5.5,0.5,0
Cooper Sharman,St Kilda,26,26.43,Key Forward,5,6.18,70.6,73.2,1,0.2,1,83.6,8.2,4.2,12.4,66.129,63.415,71.429,59.677,2,40,66.129,2.2,0.2,3.4,3.647,4,3.1,235.4,18.984,98.504,333.904,249.314,104.1,31.164,-2.63,-0.626,-0.077,5.009,6.211,1.453,29.684,-3.597,57.632,-9.806,5.4,7.6,13,41.538,1.2,2.2,0.6,0.4,1.8,5.2,2.2,0,0.6,1.8,24.638,0.4,2.8,5.6,4.2,0,0,0,,0.2,0.2,0.2,100,6.4,1.4,2.6,0.2,1.2,1.2,0.6,0.6,2.4,2.532,0.6,25,0,0,0.2,0,0,2,1,0,,3,33.333,10,2,1,3.2,0.2,0.8,14.8,62.5,5.4,25.714,0.4,16,3.541,0.522,14,3.621,0.951,2,2.979,-2.479,0,0,,0,2.2,10.2,0.8,1.6
Max Hall,St Kilda,24,24.71,Gen. Forward,5,11.26,78,73,0,0,0,84.2,8.6,7.6,16.2,72.84,62.791,84.211,63.75,2.6,46.154,53.086,3.2,0.8,2.4,6.75,2.6,6.231,252.8,15.605,130.418,383.218,247.654,90.092,28.797,-1.84,-0.249,1.866,6.229,5.445,2.651,29.161,9.548,51.041,0.572,6.2,10.4,16.6,37.349,1.8,5,1.6,0.8,4.2,3,2.6,0.4,1.4,5.4,17.893,1.2,4.6,6,4.8,3,12.097,0.4,13.333,1.8,2.2,2.6,76.923,3.8,0.2,1.2,0.6,0.8,0.8,0.2,0.6,0,0,0,,0,,0,,,3.4,1.2,0,,0,,5,1,0.8,2.4,0.6,0.8,10.6,41.667,4.8,22.857,1.2,12,3.278,-0.444,6,3.276,-0.776,6,3.279,-0.113,0,0,,0,0.4,22.2,6.8,0.2
Marcus Windhager,St Kilda,23,23.62,Midfielder,5,9.82,97.2,96,5,1,2,85.6,14.6,11.4,26,76.923,68.493,87.719,73.846,5.6,53.571,56.154,5.8,3,2.2,11.818,3.6,7.222,375.6,14.446,306.388,681.988,357.358,181.882,24.817,8.234,0.722,1.403,5.329,4.728,2.078,26.249,-3.06,57.422,4.897,6.6,19.2,25.8,25.581,3,4.6,0.2,0.4,4.2,3.6,2.8,0.4,1.2,11.4,-15.819,5.4,11.2,9,0.2,9,36.29,0.6,6.667,1.4,2,2.8,71.429,6.4,0,0,0.2,0.6,1.4,0.8,0.6,0,0,0,,0,,0,,,2.8,0.4,0,,0,,0,0,0,0,0.6,1,4,,4.2,20,0.6,0,,,0,,,0,,,0.2,1.852,0,0,1.8,12.8,7.2,1.2
Mitch Owens,St Kilda,23,23.26,Key Forward,2,9.6,63,49.5,0,0,0,68.5,8,2,10,60,56.25,75,55,1.5,66.667,80,2,0,1.5,6.667,2,5,261.5,26.15,-7.735,253.765,293.12,141.695,36.64,5.845,2.922,-0.47,10.1,6.764,3.511,31.628,-9.406,40.394,4.05,6.5,3.5,10,65,1.5,2,0.5,1.5,0.5,6.5,2,0,0.5,2.5,36.308,0,1.5,4,4.5,0,0,0,,0,0,0,,2,1,1.5,0.5,0.5,3.5,1,2.5,2.5,3.086,0.5,20,0,0,0,100,100,1,0,0,,4.5,55.556,3,1.5,1.5,3.5,0.5,0.5,13.5,42.857,5,22.727,0.5,7,2.993,0.007,6,3.022,-0.522,1,2.817,3.183,0,0,,0,1.5,5,1.5,1
Anthony Caminiti,St Kilda,23,23.06,Key Defender,5,6.62,52.4,31.8,0,0,0,98.6,5.6,2.6,8.2,85.366,85.714,84.615,78.049,0.2,100,68.293,0.2,1.2,1.8,4.556,0.8,10.25,97.8,11.927,109.128,206.928,102.73,52.2,18.345,5.042,1.939,0.175,6.157,2.157,0.292,19.187,-0.669,65.78,8.294,2.8,5.4,8.2,34.146,3,2,0,0,2,2.6,1.8,0,0.4,2.2,-37.753,4.2,3.2,0.8,0,0,0,0,,0.2,0.2,0,,3.2,0.2,0,0.2,0,0.8,1,-0.2,0,0,0,,0,,0,,,0.6,0,1.2,33.333,0,,0,0,0,0,0,0,0,,0.6,2.857,0,0,,,0,,,0,,,0,0,,0,11.2,4.4,4,10.8
Hugo Garcia,St Kilda,21,21.61,Midfielder,5,9.5,80.2,75.2,0,0,0,76.2,9.2,7.6,16.8,70.238,60.87,81.579,66.667,3.6,38.889,54.762,4,0.6,2.6,6.462,3,5.6,291.2,17.333,201.862,493.062,252.622,145.78,27.459,7.65,1.007,2.833,3.485,4.383,2.528,28.85,-1.578,51.419,-5.965,6.6,10.6,17.2,38.372,1.4,4.8,1.2,0.8,4,1.8,1.6,1,0.4,6.6,-1.13,1.8,8.2,5,2.2,12.8,51.613,1.2,9.375,2.2,3.4,4.8,66.667,3,0,0,0.2,0.4,0.6,0.6,0,0,0,0,,0,,0,,,5.8,1.4,0,,0,,1,0.2,0.2,0.4,0.6,0.8,5.2,50,3.2,15.238,0.8,2,3.846,-0.346,0,,,2,3.846,-0.346,0,0,,1.2,0.8,20.2,10,0
Angus Hastie,St Kilda,21,21.28,Gen. Defender,1,2,30,33,0,0,0,69,6,1,7,85.714,83.333,100,71.429,1,100,85.714,1,3,1,7,2,3.5,152,21.714,116.73,268.73,153.68,86.96,25.613,2.48,2.48,0,1.818,0,0.729,21.887,28.113,64.76,-14.76,0,6,6,0,1,0,0,0,0,0,0,0,0,3,-31.04,3,2,1,0,0,0,0,,0,0,0,,3,0,0,0,0,0,0,0,0,0,0,,0,,0,,,1,0,1,100,0,,0,0,0,0,0,0,0,,1,4.348,0,0,,,0,,,0,,,0,0,,0,2,11,8,2
Hugh Boxshall,St Kilda,20,20.47,Midfielder,5,6.64,68.2,63.6,0,0,0,80.6,5.4,7.4,12.8,71.875,55.556,83.784,76.19,0.4,0,42.188,0.8,0.2,1.8,7.111,2.2,5.818,83.4,6.516,154.3,237.7,118.966,36.714,22.031,-4.524,-0.628,0.814,2.645,4.37,-0.673,22.289,3.798,63.483,1.734,5.6,7.6,13.2,42.424,3,4.2,0.6,1.6,2.6,3.8,2.8,0,1.4,3.8,-2.897,2.4,5,4,1.8,1.4,5.645,0.2,14.286,0.6,0.8,1.2,50,4.4,0.8,0.6,0.8,0,0.4,1.2,-0.8,0.2,0.211,0,0,0,,0,,,5.2,2,0.2,0,0,,1,0.2,0.6,0.8,0.2,0.2,3,25,2.6,12.381,0.6,4,3.033,-0.783,3,2.711,-1.711,1,4.001,1.999,0,0,,0,1.6,14.6,5.4,1
Alix Tauru,St Kilda,20,20.12,Key Defender,5,6.38,44.4,33.6,0,0,0,83,5.6,2.6,8.2,82.927,82.143,84.615,82.927,0.4,100,68.293,0.4,0.8,1.4,5.857,1,8.2,117,14.268,73.456,190.456,119.616,91.56,21.36,2.644,1.017,0.16,5.097,3.362,1.169,21.957,3.969,69.887,0.484,3.2,4.8,8,40,3.6,1.2,0,0.4,0.8,2.8,1,0.2,0.4,2.2,-24.331,2.4,3.8,1.8,0,0,0,0,,0.2,0.2,0.2,100,3.2,1,0,1.4,0,1,1,0,0,0,0,,0,,0,,,1,0,1,20,0,,0,0,0,0,0,0,0,,1.4,6.667,0.8,0,,,0,,,0,,,0,0,,0,4.4,7,5.6,4.4
Mason Wood,St Kilda,33,33.29,Mid-Forward,5,3.84,54,57.8,0,0,0,83.4,7.8,4,11.8,66.102,66.667,65,66.102,1,20,66.102,1.2,0.8,2,5.9,2.4,4.917,177.6,15.051,105.656,283.256,197.7,91.536,25.346,-8.48,-2.12,0.542,2.001,4.592,-1.358,24.809,0.191,63.753,14.818,4.4,7.8,12.2,36.066,1.6,2.8,1.4,1,1.8,3.6,2,0,0.6,2.6,7.682,1.6,3.8,3.6,3.2,0,0,0.2,,0.4,0.6,0.6,66.667,5.8,1,1.6,0.6,0.8,0.4,0.6,-0.2,1.2,1.266,0.2,16.667,0.2,100,0,100,100,1.4,0.8,0.2,0,0.8,25,3,0.6,1,2,0,0.2,4.8,30,3.2,15.238,0.4,10,3.873,-1.573,10,3.873,-1.573,0,,,0,0,,0,0.8,8.4,3,0.4
Jack Macrae,St Kilda,32,32.41,Midfielder,5,8.5,74.6,65,0,0,0,52,6.2,11,17.2,80.233,67.742,87.273,72.941,1.8,33.333,36.047,1.8,1,2.8,6.143,3.4,5.059,126.8,7.372,208.098,334.898,149.01,22.294,24.034,-17.022,-1.576,2.552,3.071,4.896,0.889,27.726,-4.393,53.33,-3.33,8.2,9.8,18,45.556,1.8,5.8,1.4,1.6,4.2,3.6,3.2,1.2,1.8,5.6,-3.586,3.2,6.2,6.8,1.8,10.8,43.548,1,9.259,2.8,3.8,4,80,3,0,0.2,0.2,0,1,0.8,0.2,0,0,0,,0,,0,,,4.2,0.4,0,,0,,0,0,0,0,0.6,1.2,4.2,,3.2,15.238,1.2,0,,,0,,,0,,,0,0,,0,0.8,13.6,6.6,0
Bradley Hill,St Kilda,33,33.47,Mid-Forward,5,6.96,77.4,79.4,0,0,0,86,13.8,6.8,20.6,71.845,66.667,82.353,71.569,2.8,35.714,66.99,3.4,2.2,2.8,7.357,3.6,5.722,398,19.32,221.538,619.538,366.044,219.334,26.915,-11.266,-1.657,0.561,4.624,3.161,2.2,24.356,-0.163,52.659,10.244,3.6,16.2,19.8,18.182,2.6,2.8,0.2,0.2,2.6,2.8,2,0,1,10,-12.589,4.8,7,7,1,0,0,0,,0.6,0.6,0.2,0,6,0.2,0.4,0,1,0.2,0.2,0,0,0,0,,0,,0,,,1.4,0.2,0,,0.4,50,1,0.2,0,0.2,0.4,1.2,4.4,100,3.8,18.095,0.6,1,3.093,2.907,1,3.093,2.907,0,,,0,0,,0.8,1,10.8,5.8,0.6
Jack Steele,Melbourne,31,31.04,Midfielder,4,7.975,84.5,83.25,0,0,0,64.25,6,11.5,17.5,82.857,70.833,89.13,75.714,2,37.5,34.286,2.25,0.75,3.75,4.667,2.25,7.778,160,9.143,214.653,374.652,175.375,48.298,29.229,-6.13,-0.533,2.945,2.293,4.839,1.042,29.459,-6.731,53.538,1.008,8,9.75,17.75,45.07,2.25,6.5,0.25,2.75,3.75,2.5,2.5,1,1,4.75,-2.754,1.5,8,6.75,1.5,13.5,54,2,14.815,2.75,4.75,4.5,77.778,4.75,0,0.5,0,0,1,1.75,-0.75,0,0,0,,0,,0,,,8,0.5,0.25,0,0,,0,0,0.25,0.25,0.5,1,3.75,0,4.75,22.619,1.5,1,3.985,-2.985,1,3.985,-2.985,0,,,0,0,,0,1.25,17,8.75,0.5
Callum Wilkie,St Kilda,30,30.81,Key Defender,5,11,95.8,83.8,9,1.8,1,100,15.4,4.2,19.6,92.857,92.208,95.238,81.633,0.6,66.667,78.571,0.6,3.8,1.4,14,1.6,12.25,305.4,15.582,280.704,586.104,298.476,199.798,19.382,4.63,1.102,0,9.561,5.119,3.781,17.207,3.572,69.265,7.358,3.6,13.6,17.2,20.93,6.6,2.4,0,0.6,1.8,3.6,2.4,0,0.2,4,-37.593,7.6,7.4,2.2,0,0,0,0,,0,0,0,,9.2,1,0,2.8,0.6,0.2,0.6,-0.4,0,0,0,,0,,0,,,0.8,0,2.6,15.385,0.2,0,0,0,0,0,0,0,0,,3,14.286,1.6,0,,,0,,,0,,,2,18.519,100,1.4,4,5,4.2,3.6
Zak Jones,St Kilda,31,31.79,Midfielder,4,3.95,55.75,56.25,0,0,0,65.75,8.25,6.5,14.75,76.271,63.636,92.308,74.576,1.75,57.143,55.932,1.75,1,2,7.375,2,7.375,211.25,14.322,186.308,397.558,211.002,90.958,25.576,-6.935,-1.067,0.996,0.631,2.99,-0.325,24.512,-1.178,52.383,0.951,4.25,10.75,15,28.333,0.5,4,0,1.75,2.25,1.25,1.25,0,0.5,5.5,-8.565,2.25,6.5,5.5,0.75,4.5,18,0.75,16.667,1.25,2,2,75,4.25,0,0.5,0.25,0.5,0.25,1,-0.75,0,0,0,,0,,0,,,2,0.25,0,,0.25,0,0,0,0.5,0.75,0.25,0.5,2.25,0,2.5,11.905,0.5,3,3.457,-2.791,3,3.457,-2.791,0,,,0,0,,0,0.25,9,2.5,0.25
Rowan Marshall,St Kilda,31,31.1,Ruck,5,12.22,104,108,9,1.8,1,82,12.2,5.8,18,57.778,47.541,79.31,61.111,3.2,56.25,67.778,4,0.2,2.4,7.5,2.2,8.182,262.8,14.6,157.346,420.146,271.352,116.472,22.242,5.364,0.925,7.357,1.655,6.301,1.648,23.542,6.893,54.598,-4.598,9,8.6,17.6,51.136,2,3.6,0.6,1.2,2.4,2.4,0.8,0.2,0,4.8,-6.034,2.8,8,5,1.8,19.8,79.839,1.2,6.061,3.8,5,7.4,75.676,3.8,0.4,0.8,0.6,0.4,2.2,1,1.2,69.8,73.629,25.4,36.39,5.8,22.835,2.4,44.094,33.071,5.2,0.4,0.2,0,1,20,2,0.4,0.6,1,0.6,1.2,7.2,40,5,23.81,3.2,5,4.184,-1.184,4,4.257,-0.757,1,3.894,-2.894,0,0,,0,2.4,10.4,5.4,1.8
Jack Sinclair,St Kilda,31,31.88,Gen. Defender,5,17.34,127.4,105.2,21,4.2,4,86.2,19.6,10,29.6,89.189,85.714,96,83.108,2,20,66.216,2.6,6,1.8,16.444,3.2,9.25,553.2,18.689,424.81,978.01,511.488,394.126,26.096,12.924,1.292,1.413,12.951,6.54,7.767,19.313,3.514,64.378,16.057,7.8,16.2,24,32.5,6.6,6.4,0.4,0.6,5.8,6.6,5.6,0.2,3.4,9.4,-22.092,7.6,9.4,6.2,0.8,1.2,4.839,0.2,16.667,1.2,1.4,0.6,100,5.4,0,0.2,0,0.4,0.4,0.4,0,0,0,0,,0,,0,,,2.4,0,0,,0,,1,0.2,0.2,0.6,0.4,0.6,4,33.333,4.2,20,1.6,3,2.933,-0.6,0,,,3,2.933,-0.6,6.2,57.407,100,0.4,1.8,9.4,6.2,0.6
Harry McKay,Carlton,29,29.01,Key Forward,5,12.7,97.4,86.4,10,2,1,92.8,10.2,5,15.2,65.789,58.824,80,60.526,2,30,67.105,2.2,0,4.6,3.304,4.6,3.304,270,17.763,90.88,360.88,329.656,119.58,32.966,-8.672,-1.734,1.453,8.182,9.369,2.261,28.232,-4.232,52.741,-20.741,8.6,6.8,15.4,55.844,1.4,3.2,1.4,1.6,1.6,7,3,0,0.4,2,32.949,0,3.6,4.2,7.6,0.4,1.389,0.2,50,0.8,1,1.4,71.429,6.4,2.8,2.8,0.2,1.4,1.2,2.2,-1,8.6,8.977,1.8,20.93,0.4,22.222,1,33.333,33.333,3.4,1.6,0,,4.2,33.333,13,2.6,1,4.6,0.6,1.4,21,56.522,7.6,35.185,1.8,23,3.35,0.258,16,3.463,0.537,7,3.094,-0.379,0,0,,0,1.2,9.4,2.2,0.4
Lachie Fogarty,Carlton,27,27.75,Gen. Forward,4,5.95,61.75,50,0,0,0,75.75,6,7.75,13.75,63.636,45.833,77.419,61.818,1,50,43.636,1.5,0.75,2.25,6.111,2.75,5,180.5,13.127,95.697,276.198,166.1,68.952,27.683,-2.022,-0.261,1.049,2.373,5.37,-1.254,30.111,-7.888,50.204,-11.316,6,8,14,42.857,1.25,5,1.75,1.25,3.75,4.75,4.25,0,2,4,17.989,1,3.5,5.25,4.25,0,0,0.25,,0,0.25,0.25,0,1.5,0,0.5,0,0.25,0.75,0.75,0,0,0,0,,0,,0,,,2.5,1,0,,0.5,50,2,0.5,0.5,1,0.25,1,5.75,50,3.5,16.867,1,4,5.196,-1.696,3,4.949,-2.282,1,5.94,0.06,0,0,,0,1.25,11.75,3.25,0.25
Tom De Koning,St Kilda,27,27.46,Ruck,5,9.58,84.8,77,0,0,0,78,8.8,7,15.8,75.949,68.182,85.714,67.089,3.4,23.529,55.696,3.4,1,4.8,3.292,2.6,6.077,234.4,14.835,158.01,392.41,254.196,88.854,28.886,-1.118,-0.16,5.135,2.671,5.599,1.531,25.297,-9.081,52.096,-6.15,7.2,7.4,14.6,49.315,2,2.8,0.2,1,1.8,2.2,0.6,0,0.2,4.2,0.08,1.2,5.6,6.6,1.2,18,66.176,2.8,15.556,1.4,4.2,5.6,75,4.4,1.4,0.4,1.4,0.6,0.8,2.6,-1.8,50.2,55.165,20.2,40.239,6,29.703,2,49.505,45.545,2.2,0.2,1,80,1,80,1,0.2,0.2,0.4,0,0,1.4,50,2.8,12.727,1.6,2,4.938,-1.437,2,4.938,-1.437,0,,,0,0,,0.2,3.4,7.8,4,3
Corey Durdin,Port Adelaide,24,24.71,Gen. Forward,4,2.975,36.25,37.5,0,0,0,42,5.25,3.5,8.75,68.571,52.381,92.857,74.286,1.75,85.714,60,1.75,0,1.75,5,1.75,5,135,15.429,105.33,240.33,140.617,84.732,26.784,3.227,0.922,0.053,1.539,1.95,0,34.328,-0.995,47.377,12.623,2.25,5.75,8,28.125,0.75,2.25,0.5,1,1.25,1.75,1.75,0,0.75,2,16.352,0.25,1.25,4.75,1.75,0,0,0,,0.25,0.25,0.25,100,2.75,0,0.5,0,1,0,0.5,-0.5,0,0,0,,0,,0,,,1.5,0.25,0,,0.25,0,1,0.25,0.5,0.75,0.5,1.25,5.75,33.333,2.75,12.36,0,3,3.446,-0.779,1,3.358,2.642,2,3.49,-2.49,0,0,,0,0.5,7.5,1.25,0.25
Francis Evans,Carlton,25,25.35,Gen. Forward,4,17.825,101,86,10,2.5,3,80.5,9.25,6.25,15.5,79.032,75.676,84,79.032,2.75,72.727,59.677,3,0.25,1.5,10.333,1.75,8.857,285.75,18.435,194.547,480.297,292.325,221.005,31.603,-0.163,-0.026,2.742,12.142,6.111,9.668,31.912,33.088,41.78,38.22,6.25,8.75,15,41.667,1.25,4.25,1.25,1,3.25,4.5,3,0,1,4.25,22.994,1,3.5,4.75,5.75,0,0,0.75,,0.75,1.5,0.25,100,4,0.75,1.75,0.5,0.75,1.25,0.5,0.75,0,0,0,,0,,0,,,4.25,2,0,,1.25,60,11,2.75,0.5,3.5,1.25,1.5,24.75,78.571,7.75,34.831,0.75,14,3.332,1.525,9,3.275,1.503,5,3.435,1.565,0,0,,0.25,0.25,15.5,3,0.25
Jesse Motlop,Carlton,23,23.1,Gen. Forward,4,10.4,54.25,51.5,1,0.25,1,77.5,7.75,4.5,12.25,65.306,45.161,100,65.306,1,25,63.265,2,0.5,3.75,3.267,3.75,3.267,205.75,16.796,132.653,338.403,180.59,96.458,23.302,1.988,0.442,1.382,6.665,3.967,5.204,37.022,-3.689,55.159,1.984,5,8,13,38.462,1,3.5,1,0.25,3.25,3.5,2.75,0.25,1.75,5.75,20.089,1,3.25,4,4.75,6.25,22.321,0.5,8,1,1.5,1,100,2,0.25,0.75,0,0.25,1,2.25,-1.25,0,0,0,,0,,0,,,3.5,1.5,0,,0.5,50,3,0.75,0.5,2,0.5,1.25,8.75,37.5,4.5,20.225,0.75,8,2.794,-0.294,1,2.205,3.795,7,2.878,-0.878,0,0,,0.5,1,16,4,0.5
Ashton Moir,Carlton,21,21.71,Gen. Forward,5,5.42,53.4,47.4,0,0,0,75.8,5.4,3.8,9.2,65.217,51.852,84.211,58.696,0.6,33.333,58.696,0.6,0,1.6,5.75,2.2,4.182,106.2,11.543,71.208,177.408,117.024,47.62,21.671,6.418,1.689,1.137,2.92,4.363,0.29,27.496,-4.419,60.644,-22.182,4.6,4.6,9.2,50,0.6,2.8,1.2,0.8,2,3.6,2.4,0.6,0.8,1.8,32.607,0,2,3.4,3.8,1.6,5.556,0,0,0.6,0.6,0.8,75,2.8,0.6,1,0,1.2,0.6,0.4,0.2,0,0,0,,0,,0,,,2,0.6,0,,0.8,25,6,1.2,0.6,2.4,0.2,0.2,9,50,3.2,14.815,0,12,3.469,-0.219,6,3.878,0.289,6,3.06,-0.727,0,0,,0,0.4,11,3.2,0.4
Flynn Young,Carlton,24,24.9,Gen. Forward,4,6.925,56.25,59.75,0,0,0,75.75,8,5.75,13.75,63.636,50,82.609,70.909,2.5,40,58.182,3,0.5,2,6.875,2.25,6.111,274.25,19.945,117.855,392.105,230.41,142.477,28.801,4.518,0.786,1.123,3.833,3.353,2.124,26.343,-13.843,49.204,-7.537,3.75,10.5,14.25,26.316,0.5,2.75,1.25,0.75,2,2.25,2,0.5,1.25,5.75,7.103,0.75,6,4.5,3,0,0,0.25,,1,1.25,0.75,100,3.75,0,0.75,0,0.5,0.5,0.5,0,0,0,0,,0,,0,,,2,0.75,0,,0.25,0,4,1,0,1.5,0,0.25,6.25,66.667,2.75,12.36,0.25,6,2.98,1.02,4,3.452,1.048,2,2.037,0.963,0,0,,0.75,0.75,14.25,6.5,0
Lachlan Cowan,Carlton,22,22.08,Gen. Defender,4,7.425,92.5,85,0,0,0,81.75,13.75,6.25,20,85,80,96,80,1.5,66.667,68.75,1.5,4,1,20,2.25,8.889,359.25,17.962,228.5,587.75,341.578,217.287,24.842,12.148,1.944,-0.22,6.818,4.496,1.283,18.755,-9.321,58.145,11.666,4,15.75,19.75,20.253,5.25,2.5,0,1,1.5,3.75,2.25,0,0.5,6.5,-27.352,5.75,10.5,3.5,0,0,0,0,,0,0,0.25,0,7,0.5,0,1.5,0.5,1.5,0.75,0.75,0,0,0,,0,,0,,,2.75,0,0.75,0,0,,0,0,0,0,0,0.25,0.25,,2.25,10.112,0.5,0,,,0,,,0,,,0.25,2.703,100,0.5,2,7.5,4.5,2
Oliver Hollands,Carlton,22,22.95,Gen. Defender,5,8.84,81,74.6,0,0,0,85.4,11.8,9.6,21.4,75.701,62.712,91.667,69.159,3,46.667,55.14,4,4,3,7.133,4.6,4.652,397,18.551,275.256,672.256,346.562,172.63,29.37,20.73,2.159,1.74,3.607,4.557,1.027,22.006,2.555,53.467,-7.853,6.2,13.6,19.8,31.313,3.2,5.4,0,0.2,5.2,4.2,3.8,0.2,1.2,8.6,-10.525,3.4,8.8,6.8,0.8,0.4,1.389,0.4,100,1.2,1.6,1.4,71.429,3.6,0,0,0,0,1.2,0.8,0.4,0,0,0,,0,,0,,,2.6,0.4,0.6,33.333,0.2,0,0,0,0,0.2,1,1,6,0,3.6,16.667,0.6,1,2.758,-2.758,1,2.758,-2.758,0,,,1.8,18.75,100,0.2,1.6,15.4,8.2,1.2
Will White,Carlton,22,22.78,Gen. Forward,3,1.333,27.667,30,0,0,0,67,3.333,2.333,5.667,52.941,40,71.429,70.588,0.667,50,58.824,1,0.333,1,5.667,1,5.667,86.333,15.235,2.663,88.997,97.773,37.063,29.332,-9.13,-3.913,0,0.133,1.098,-0.491,26.094,-13.594,44.574,-7.074,1.667,4.667,6.333,26.316,1,1.667,1,0.333,1.333,1.667,1.667,0,1.333,2.333,24.103,0.333,1.667,1,3.333,0,0,0,,0,0,0,,0.667,0,0.667,0,0,0,0.333,-0.333,0,0,0,,0,,0,,,3,0.333,0,,0,,1,0.333,0.333,0.667,0,0,2.333,50,0.667,3.279,0,2,4.056,-0.556,2,4.056,-0.556,0,,,0,0,,0,0,13.333,4.333,0
Matthew Carroll,Carlton,21,21.09,Gen. Defender,4,5.125,51.25,50.5,0,0,0,80.75,9.5,2.25,11.75,78.723,76.316,88.889,78.723,1.25,80,80.851,1.5,2.5,2.25,5.222,1.75,6.714,300.5,25.574,130.032,430.533,276.285,207.495,29.083,9.365,4.162,0,4.166,3.659,1.246,18.677,7.037,62.261,9.168,2.25,9.25,11.5,19.565,4,1.25,0,0,1.25,2.25,1.25,0,0.5,4,-27.323,4.25,4.75,2.5,0,0,0,0,,0,0,0,,4.75,0.25,0,2,0,0.75,0.25,0.5,0,0,0,,0,,0,,,0.75,0,0.5,0,0,,0,0,0.25,0.25,0.25,0.25,1.75,0,2.75,12.36,0.75,1,2.454,-1.454,0,,,1,2.454,-1.454,1,10.811,100,0,1.5,5.5,4,1
Harry O'Farrell,Carlton,20,20.66,Key Defender,1,5.9,27,20,0,0,0,37,3,1,4,100,100,100,100,0,,75,1,2,1,4,0,,151,37.75,54.34,205.34,109.98,146.99,36.66,2.6,2.6,0,5.785,1.412,4.178,9.805,40.195,54.71,45.29,0,4,4,0,2,0,0,0,0,0,0,0,0,2,-37.263,2,1,1,0,0,0,0,,0,0,0,,2,0,0,2,0,0,1,-1,0,0,0,,0,,0,,,0,0,1,100,0,,1,1,0,1,0,0,6,100,2,11.765,1,1,3.167,2.833,1,3.167,2.833,0,,,0,0,,0,2,1,1,2
Cooper Lord,Carlton,21,21.78,Midfielder,4,13.825,97.75,82.25,2,0.5,1,75,9.5,12.5,22,70.455,57.895,80,74.713,3.75,66.667,43.182,4.25,1.25,2.75,8,2.5,8.8,315.75,14.352,222.128,537.878,254.403,176.863,26.779,35.592,2.906,3.722,5.081,6.93,2.651,33.306,-2.75,49.928,5.627,9.5,14,23.5,40.426,1.75,6,1.5,2.5,3.5,2.75,2.25,1,1.25,10.25,4.125,2.5,7.75,9.75,3.5,17,57.143,1.5,8.824,2.25,3.75,4.5,61.111,2,0,0,0,0.25,2.5,1,1.5,0,0,0,,0,,0,,,5.75,1.25,0,,0,,0,0,0.25,0.25,0.75,1.25,5.25,0,5,24.096,1,1,2.516,-1.516,0,,,1,2.516,-1.516,0,0,,0,1.5,15.5,5.75,0.25
George Hewett,Carlton,31,31,Midfielder,5,11.06,104.6,98.4,19,3.8,3,79,12.8,17,29.8,68.456,53.125,80,69.128,3.6,50,42.953,3.6,0.8,3.4,8.765,4,7.45,287.4,9.644,293.222,580.622,267.456,143.304,20.895,7.97,0.469,3.81,4.145,6.751,1.815,28.249,-7.197,52.835,-1.958,13.2,16.2,29.4,44.898,2,7.2,1.2,2.4,4.8,3.8,3.2,4.8,1.4,13.4,1.452,2.2,12.6,11.6,3,21.8,75.694,3,13.761,4.4,7.4,8.4,73.81,2,0.2,0,0,0.2,1,0.6,0.4,0,0,0,,0,,0,,,4.8,1,0,,0.2,100,1,0.2,0.4,0.6,0.2,0.6,3.2,33.333,4.6,21.296,1.2,3,3.099,-0.433,0,,,3,3.099,-0.433,0,0,,0,0.8,18.4,6.6,0.2
Zac Williams,Carlton,32,32.27,Gen. Forward,5,13.18,87,63.6,3,0.6,1,80,10.8,7,17.8,70.787,57.407,91.429,69.663,2.8,64.286,60.674,3,1.8,3.4,5.235,3.8,4.684,306.2,17.202,171.18,477.38,276.326,164.188,26.068,8.144,1.163,3.228,8.151,7.193,5.754,23.492,-2.064,48.633,-1.014,9.8,8.4,18.2,53.846,3.8,7.2,1.2,1.4,5.8,4.6,3.8,1.2,0.8,5.4,-1.278,3.6,5.8,6,2.8,7.2,25,1,13.889,3.6,4.6,4.8,83.333,2.4,0.2,0.8,0.4,0.6,0.2,1.6,-1.4,0,0,0,,0,,0,,,2.4,0.4,0.2,100,0.2,0,4,0.8,0.2,1.2,1.2,1.2,12.2,66.667,4.8,22.222,1.8,6,3.062,1.105,4,3.495,2.505,2,2.194,-1.694,0.2,2.083,0,0.4,1.6,14,6,0
Nick Haynes,Carlton,34,34.62,Gen. Defender,4,8.7,78.5,76.5,1,0.25,1,87.5,12.75,6,18.75,70.667,60.784,91.667,72,2.5,60,68,2.5,2.5,1.5,12.5,3.75,5,320.75,17.107,177.482,498.232,278.552,156.243,21.847,6.5,1.083,0.477,6.794,5.532,1.419,21.881,-5.554,55.526,3.658,4.75,14.5,19.25,24.675,5,3.25,0.75,1.25,2,4,2.5,0,0.75,8.5,-14.141,5.25,6.75,5.75,1.5,0,0,0,,0.75,0.75,0.25,100,6,0.5,0,2.75,0.25,1,0,1,0,0,0,,0,,0,,,1.75,0.25,0.75,0,0,,0,0,0.25,0.5,0.25,0.25,1.75,0,2.5,11.236,1.25,2,1.663,-1.163,0,,,2,1.663,-1.163,0,0,,0,2,8,4.25,1.5
Adam Saad,Carlton,32,32.44,Gen. Defender,5,9.12,77,55.6,0,0,0,77.8,9.8,5,14.8,86.486,81.633,96,77.027,0.4,50,66.216,0.4,4.2,1.2,12.333,2.6,5.692,269.6,18.216,153.508,423.108,234.63,165.88,23.942,11.21,2.242,1.055,5.495,3.872,2.228,15.733,0.176,60.413,3.223,3.8,7.6,11.4,33.333,3.8,2.8,0.4,0.4,2.4,2.8,2.2,0,0,4.4,-30.414,4.4,5.2,1.4,0.4,0,0,0.6,,0.4,1,0.6,66.667,2.4,0.2,0,0.4,0,0.8,0.2,0.6,0,0,0,,0,,0,,,2.2,0,0,,0,,0,0,0,0,0,0,0,,2.8,12.963,1.6,0,,,0,,,0,,,4.8,50,58.333,3.2,2,11.4,8,1.6
Blake Acres,Carlton,31,31.23,Midfielder,4,5.125,74.5,79,1,0.25,1,83.25,12.25,8.5,20.75,66.265,55.102,82.353,60.241,3,25,59.036,3.5,1,3.75,5.533,4.25,4.882,352,16.964,187.177,539.178,325.102,121.565,26.539,14.212,1.672,-0.885,3.982,4.349,-0.274,25.139,-7.361,51.439,-4.773,5.75,15.5,21.25,27.059,3.5,5,0.5,1.5,3.5,5,4.25,0,2,9.75,-2.686,4.25,6.25,7.75,3,0,0,0,,0.25,0.25,0.5,50,4.75,0.25,0.25,0.25,0.5,0.25,0.75,-0.5,0,0,0,,0,,0,,,2.75,0.5,0,,0,,1,0.25,0.5,0.75,0.75,1,6.75,33.333,3.25,14.607,1.25,3,2.65,0.016,1,4.244,-3.244,2,1.854,1.646,0,0,,0.25,1,15.25,5.75,0.25
Marc Pittonet,Carlton,30,30.57,Ruck,2,20.95,100,80.5,0,0,0,63.5,5.5,11,16.5,81.818,63.636,90.909,75.758,1.5,33.333,33.333,1.5,1,3.5,4.714,2,8.25,158.5,9.606,250.175,408.675,121.815,53.995,22.148,8.195,0.745,12.127,5.8,7.314,9.284,29.925,-13.258,55.795,-5.795,9.5,7,16.5,57.576,3,5.5,0.5,1.5,4,3,2,0,1,4,-1.337,1.5,8,5.5,1.5,22.5,75,1.5,6.667,3.5,5,6,91.667,2.5,0.5,1,1,0,1,2.5,-1.5,60.5,56.279,20,33.058,8,40,2.5,50,50,3,0,1,0,1,50,3,1.5,0,1.5,0.5,0.5,12,100,4,22.222,2.5,3,2.985,3.015,1,4.027,1.973,2,2.464,3.536,0,0,,0,1.5,8,4,1
Patrick Cripps,Carlton,31,31.78,Midfielder,5,11.36,100,92,10,2,2,83.2,9.4,17,26.4,66.667,46.809,77.647,70.455,3,66.667,35.606,4.8,0.4,4.2,6.286,3.2,8.25,277.4,10.508,238.128,515.528,251.398,152.518,26.744,13.302,0.782,4.507,2.452,6.447,2.247,30.244,-5.244,49.143,-1.921,11.4,14.6,26,43.846,1.4,7.8,1.8,4,3.8,3.8,3,1.8,2,10.6,11.118,1.2,9.6,11.2,4,22.2,77.083,2.4,10.811,2.6,5,6.4,78.125,2.8,0.4,0.4,0.2,0,1.2,2,-0.8,1.2,1.253,0,0,0,,0.2,,,5.8,1.2,0,,0.4,50,2,0.4,0.6,1.4,0.4,0.6,5.6,28.571,5.6,25.926,1.2,7,3.056,-0.913,4,3.581,-0.331,3,2.356,-1.689,0,0,,0,0.8,19.2,8.2,0.6
Jacob Weitering,Carlton,29,29.1,Key Defender,5,11.34,77.8,50.8,9,1.8,1,97.6,9,3.2,12.2,90.164,86.667,100,83.607,0.6,66.667,73.77,0.6,3,1.2,10.167,0.8,15.25,156.4,12.82,158.99,315.39,170.108,98.638,19.33,-1.64,-0.512,0.175,9.904,6.288,1.736,16.543,-4.915,68.984,7.76,5.2,7.2,12.4,41.935,6.8,2.2,0,1.2,1,5,2.2,0,0.6,2.8,-39.683,6,5,1.4,0,0,0,0,,0.2,0.2,0,,5.2,1.6,0,2.8,0,1.2,0.6,0.6,0,0,0,,0,,0,,,0.6,0,3.4,5.882,0,,0,0,0,0,0.2,0.2,1.2,,1.6,7.407,0.8,0,,,0,,,0,,,0.2,2.083,0,0,6.8,4.4,4,5.6
Lewis Young,Carlton,28,28.03,Key Defender,5,6.58,60.6,39.8,0,0,0,93.4,6,4.8,10.8,79.63,80,79.167,79.63,0.4,0,55.556,0.6,2.8,3.2,3.375,1.8,6,135,12.5,106.188,241.188,117.02,80.156,19.503,9.674,2.015,-0.07,6.531,4.076,0.351,15.871,-9.205,65.575,4.425,4.4,7.2,11.6,37.931,6,2.8,0,0.8,2,4.4,2.8,0,1.2,3.4,-37.318,6.2,3.8,1.6,0,0,0,0,,0,0,0,,4.2,0.4,0,1.6,0,0.6,1.4,-0.8,0,0,0,,0,,0,,,0.8,0,2.2,18.182,0,,0,0,0,0,0,0,0,,1,4.63,0.2,0,,,0,,,0,,,0.4,4.167,100,0,8.6,6.2,4.2,7.6
Andrew Brayshaw,Fremantle,27,27.14,Midfielder,5,14.14,106.2,89.4,2,0.4,1,83.4,12,11.8,23.8,69.748,60,79.661,73.95,3.4,41.176,50.42,4.4,0.8,3.6,6.611,3.8,6.263,335.4,14.092,286.316,621.716,315.596,174.48,26.745,-5.318,-0.451,3.96,6.045,7.366,3.261,25.82,10.35,50.966,12.864,11.4,13.2,24.6,46.341,2.8,6.4,0.8,1.2,5.2,3.6,2.2,2.2,0.4,9.2,-1.745,2.2,11.4,8.4,2.6,22.6,79.021,1.8,7.965,4.2,6,6.8,79.412,2.4,0,0.2,0.2,0,1.8,2,-0.2,0,0,0,,0,,0,,,6.4,0.6,0.2,0,0,,1,0.2,0,0.4,0.8,1.2,6.4,50,5.4,24.324,2.2,2,3.918,-0.918,2,3.918,-0.918,0,,,0,0,,0,2.8,27,15.2,0.6
Jordan Clark,Fremantle,26,26.2,Gen. Defender,5,10.02,94.8,77.6,8,1.6,1,89.8,14.4,9,23.4,71.795,68.056,77.778,63.793,2.8,57.143,61.538,3.6,5,2,11.7,4,5.85,491.2,20.991,174.566,665.766,452.88,225.238,31.45,20.124,2.236,0.463,7.069,5.999,0.987,19.442,1.146,55.174,-3.704,6.8,12.8,19.6,34.694,6.8,5.8,0,0.8,5,5.2,4.8,0.2,1,9.6,-19.217,5.4,8,6,0.2,0,0,0,,1.4,1.4,0.6,100,2.2,0.2,0,0.8,0,0.8,0.8,0,0,0,0,,0,,0,,,2.8,0,0,,0,,0,0,0.2,0.6,0.6,0.6,3.8,0,4.8,21.622,1.6,3,1.726,-1.392,1,0.671,-0.671,2,2.253,-1.753,3.2,30.769,93.75,0.8,2,11.4,8.4,1.6
Hayden Young,Fremantle,25,25.72,Midfielder,3,12.567,70.667,52,0,0,0,49,8,7.333,15.333,71.739,58.333,86.364,67.391,3.667,36.364,52.174,4,0.333,1,15.333,2.667,5.75,279,18.196,205.927,484.927,259.457,112.693,32.432,-3.55,-0.484,5.332,4.288,5.879,3.741,29.553,-3.466,46.715,-7.585,9.667,7,16.667,58,0.667,5.667,0.333,1.667,4,2,1.667,2.333,1,6.333,-1.236,1,9,4.667,2,12.333,41.111,2,16.216,2.667,4.667,5.667,58.824,0.333,0,0,0,0,0.333,0,0.333,0,0,0,,0,,0,,,3,0.333,0,,0.333,0,0,0,0,0,0.333,0.667,2.333,,3.667,16.923,1,0,,,0,,,0,,,0,0,,0.333,1.667,10,5.667,0
Luke Jackson,Fremantle,25,25.25,Ruck,5,12.38,101.2,90.4,12,2.4,2,83.6,7.4,10.8,18.2,68.132,59.459,74.074,70.33,1.8,55.556,40.659,2.6,0.4,1.8,10.111,2.6,7,215,11.813,192.554,407.554,184.03,113.13,24.869,20.228,1.873,2.819,5.746,9,-0.481,30.713,-2.713,54.583,1.417,9.8,9.4,19.2,51.042,3,4.6,0.4,0.8,3.8,5.6,2.2,0.4,1,5.8,6.939,1.8,7,6.8,3.6,15.8,55.245,0,0,2.2,2.2,3.2,62.5,3.6,1.6,1.2,0.8,0.2,2,0.6,1.4,35.2,36.743,11.2,31.818,2.4,21.429,0.8,35.714,42.857,4.4,1,0.4,0,1.8,22.222,5,1,0.8,2,0.4,1.2,10,50,4.8,21.622,1,10,4.236,-0.836,8,4.79,-0.665,2,2.02,-1.52,0,0,,0,2.2,19,9.2,1.6
Caleb Serong,Fremantle,25,25.89,Midfielder,5,18.12,110.8,91.8,21,4.2,3,82.8,14.2,12.2,26.4,67.424,49.296,88.525,62.791,6,43.333,53.788,6.6,1.2,4.6,5.739,5.8,4.552,534.8,20.258,251.656,786.456,501.806,222.878,36.898,11.05,0.906,7.48,7.168,9.172,6.479,25.323,-4.011,41.197,-6.771,15.6,11.4,27,57.778,3.2,10.4,0.2,3.2,7.2,5,4.2,3.4,1.6,9.8,-6.617,3,12.6,10.4,1,23.8,83.217,4.8,20.168,3.8,8.6,10,84,1,0.4,0,0.6,0.2,1.2,0.8,0.4,0,0,0,,0,,0,,,5.4,0.4,0.2,100,0,,1,0.2,0.2,0.6,0.4,1,4.4,33.333,5.4,24.324,2.4,3,2.154,0.179,1,1.425,-1.425,2,2.519,0.981,0,0,,0.4,1,26.4,13.2,0.2
Isaiah Dudley,Fremantle,23,23.67,Gen. Forward,3,4.133,33.333,26,0,0,0,58.333,2,3,5,86.667,83.333,88.889,86.667,0.333,100,40,0.333,0.333,1.667,3,1,5,81.333,16.267,74.527,155.86,76.6,64.113,38.3,7.89,2.63,0.112,4.022,1.864,2.891,39.53,60.47,44.57,55.43,1.667,4,5.667,29.412,0,1,1,0,1,1.667,1,0,0,2.667,27.812,0.333,0.667,1.333,3.333,0,0,0,,0,0,0,,0.667,0,0.667,0,0.333,0.333,0.667,-0.333,0,0,0,,0,,0,,,1.333,0.333,0,,1,0,4,1.333,0.333,1.667,0.667,1,12.667,80,3.333,15.385,0,5,3.606,1.394,3,3.453,2.547,2,3.836,-0.336,0,0,,0,1,7.667,0.333,0.333
Josh Treacy,Fremantle,24,24.4,Key Forward,5,15.18,91.6,76.4,5,1,1,92.2,9.2,3.6,12.8,68.75,69.565,66.667,60.317,3.2,31.25,71.875,3.8,0.2,2.8,4.571,3.4,3.765,330.4,25.812,49.374,379.774,355.858,169.31,38.68,10.52,2.922,0.115,13.483,8.845,5.392,27.393,-10.151,46.764,-8.833,6.8,6.8,13.6,50,1.8,3,1.4,0.8,2.2,6.8,3,0,0.8,2.4,24.534,0.4,3.4,4.6,5.2,0.2,0.699,0,0,0,0,0,,5.8,2.4,2.2,0.4,1.6,1.2,0.6,0.6,0.4,0.418,0.2,50,0.2,100,0,100,100,2.4,0.6,0.2,0,3.4,47.059,12,2.4,0.6,3.2,0.6,1.2,19.2,75,5.6,25.225,0.4,16,3.371,1.316,12,3.536,1.131,4,2.876,1.874,0,0,,0,1.4,11.2,3,1
Nathan O'Driscoll,Fremantle,24,24.62,Midfielder,4,4.575,36.75,37.25,0,0,0,81.5,5.25,4.5,9.75,66.667,57.143,77.778,61.538,1.5,33.333,53.846,2,1,2,4.875,2.25,4.333,172,17.641,84.875,256.875,151.435,78.722,28.845,19.892,4.421,0.172,2.083,2.554,-0.145,23.094,-12.568,46.127,-9.285,3.25,6.25,9.5,34.211,2,3.25,0.25,1,2.25,2.5,2.5,0,0.75,3.75,2.677,1,4,3.5,1,1,3.704,0,0,0.75,0.75,0.5,100,1.5,0,0,0.25,0,0,0.75,-0.75,0,0,0,,0,,0,,,2.5,0.25,0,,0,,0,0,0.25,0.5,0,0,0.25,0,1.75,8.333,0.5,2,2.754,-2.254,0,,,2,2.754,-2.254,0,0,,0,1,14,7,0.5
Heath Chapman,Fremantle,24,24.91,Gen. Defender,5,6.2,52.8,47,0,0,0,83.2,6.8,4,10.8,85.185,79.412,95,72.222,1.6,62.5,62.963,1.8,2.4,0.8,13.5,2.4,4.5,225,20.833,129.532,354.532,199.604,128.374,29.354,16.394,4.098,0.292,4.211,2.424,1.904,21.778,3.222,57.286,-1.036,2,9,11,18.182,2.4,1,0,0.4,0.6,1.8,0.8,0,0,5.4,-27.061,4.2,3.8,3,0,0,0,0,,0,0,0,,4,0.6,0,1,0,0.4,0.6,-0.2,0,0,0,,0,,0,,,2,0,0.2,0,0,,0,0,0,0,0.4,0.8,2.8,,2.2,9.91,0.8,0,,,0,,,0,,,0.2,1.923,100,0.2,1.8,9.2,7,1.2
Patrick Voss,Fremantle,23,23.5,Key Forward,5,10.8,60.8,48.6,0,0,0,84.6,5.8,3.4,9.2,80.435,75.862,88.235,73.913,1.4,42.857,63.043,2.2,0,3.2,2.875,3,3.067,208.6,22.674,76.654,285.254,207.696,141.16,35.81,7.268,2.138,0.061,10.325,4.77,6.763,28.378,2.392,39.748,-1.287,4.4,5.2,9.6,45.833,0.8,2.6,1.4,0.8,1.8,4.2,2.4,0,1,1.4,38.056,0,1.4,3.8,4.4,0,0,0,,0,0,0.2,0,3.4,1.2,1.6,0,0.8,0.8,1.8,-1,0,0,0,,0,,0,,,1,0.4,0,,1.8,22.222,12,2.4,0.4,3.2,0.2,0.6,16.4,75,4.8,21.622,0.4,16,3.814,0.811,9,4.423,0.465,7,3.03,1.256,0,0,,0.6,1.2,7,1.4,1
Neil Erasmus,Fremantle,23,23.07,Midfielder,5,12.56,88.2,71.4,0,0,0,71.8,8.4,11,19.4,78.351,64.286,89.091,79.381,1.4,71.429,43.299,1.4,1.2,1.4,13.857,2,9.7,222.2,11.454,208.984,431.184,223.388,126.054,27.242,0.718,0.065,4.704,5.423,5.948,4.129,23.091,3.38,55.609,0.274,9,10.6,19.6,45.918,4.6,7.2,1,2.4,4.8,4.6,3.8,0.6,1,6,-9.975,4,8,5.6,2,2.4,8.392,0.8,33.333,3,3.8,3.4,100,2.8,0,0,0.6,0,1.2,0.2,1,0,0,0,,0,,0,,,3.2,0,0.2,100,0,,2,0.4,0,1,0.2,0.2,3.6,40,4.8,21.622,1.8,5,2.478,-0.078,0,,,5,2.478,-0.078,0,0,,0,0.8,14.8,9.4,0
Jye Amiss,Fremantle,23,23.41,Key Forward,5,5.38,44.6,36.4,2,0.4,1,80.6,4.6,1,5.6,64.286,60.87,80,60.714,0.8,25,82.143,1,0.2,1.4,4,1.2,4.667,91.6,16.357,24.786,116.386,126.438,46.874,27.487,-4.45,-4.45,0.146,4.048,3.366,1.172,30.375,-13.708,58.152,-8.152,2.4,3.6,6,40,0.6,1,0.4,0.2,0.8,2.2,0.8,0,0.4,0.8,36.904,0.2,0.8,2,3,0,0,0.2,,0,0.2,0,,3.2,0.4,1.8,0,1.8,0.6,0.6,0,0,0,0,,0,,0,,,0.8,0.4,0,,1.2,16.667,7,1.4,0.6,2.2,0.2,0.2,10.2,63.636,2.6,11.712,0,11,3.394,0.697,9,3.227,0.44,2,4.146,1.854,0,0,,0,1.2,3.8,0.6,0.8
Karl Worner,Fremantle,24,24.54,Gen. Defender,5,5.04,63.4,60,0,0,0,84.6,7.8,6,13.8,82.609,76.923,90,69.565,0.6,33.333,56.522,0.8,3.6,2.2,6.273,3.8,3.632,313.4,22.71,154.498,467.898,256.678,141.85,32.907,19.718,3.286,0.225,3.157,3.387,0.192,17.022,-8.689,52.566,-5.344,2.6,11.2,13.8,18.841,3.8,2,0,0.2,1.8,2.2,1.6,0,0.8,6.4,-32.911,5.4,6.4,1.8,0.2,0,0,0,,0.2,0.2,0.2,100,4.2,0.2,0.2,1.4,0.2,0.6,0.6,0,0,0,0,,0,,0,,,3.2,0,1.2,33.333,0,,0,0,0.4,0.6,0.2,0.2,1.6,0,1.4,6.306,0.2,3,3.913,-3.246,2,4.562,-3.562,1,2.614,-2.614,0.4,3.846,100,0.4,3,9.4,7.2,2.8
Murphy Reid,Fremantle,20,20.42,Gen. Forward,5,8.84,67.8,52.4,0,0,0,80.4,7.2,8,15.2,64.474,52.778,75,71.053,3.2,68.75,47.368,4,0,1.8,8.444,2.2,6.909,198.8,13.079,178.546,377.346,194.918,128.096,27.072,-8.66,-1.082,0.76,6.659,5.591,1.996,37.116,8.339,53.183,10.453,7,8.2,15.2,46.053,1.4,6,1.6,1,5,6.2,5.4,0.2,3.2,5.6,22.025,0.4,3,7.4,4.4,0,0,0,,0.8,0.8,0.6,100,1.2,0,0.4,0,0.2,0.8,0.6,0.2,0,0,0,,0,,0,,,1,0.2,0,,0.8,0,6,1.2,1,2.4,0.8,1.6,13.8,50,5.2,23.423,0,12,3.146,0.271,4,3.616,-0.116,8,2.911,0.464,0,0,,0.6,0.2,13.4,2.8,0
Jaeger O'Meara,Fremantle,32,32.85,Midfielder,5,5.74,52,52.6,1,0.2,1,80.6,8.2,6.4,14.6,64.384,51.22,81.25,53.425,3.2,25,56.164,3.2,1,4.2,3.476,4.4,3.318,253.2,17.342,105.548,358.748,254.004,62.182,30.976,-5.108,-0.798,0.907,1.994,4.26,0.007,24.251,-14.251,43.081,-18.081,6.2,9.8,16,38.75,3,5.2,0,1.4,3.8,2.8,2.6,0.6,1,7.2,-9.718,2.8,5.8,7,0.4,7.4,25.874,0.8,10.811,1.8,2.6,3,80,2,0,0,0.4,0.4,0.2,1.6,-1.4,0,0,0,,0,,0,,,3.4,0,0.2,0,0,,0,0,0.2,0.2,0.2,0.2,1.4,0,2.4,10.811,1.2,1,3.426,-2.426,0,,,1,3.426,-2.426,0,0,,0,1,14,8.6,0.4
Sam Switkowski,Fremantle,30,30.11,Gen. Forward,4,7.15,59.25,52,0,0,0,77.75,6.25,6,12.25,59.184,36,83.333,69.388,1.25,80,51.02,2,0,2,6.125,2.25,5.444,179.25,14.633,201.825,381.075,144.575,97.02,23.132,25.535,4.256,0.614,3.758,4.17,0.274,31.849,1.485,52.449,-5.783,5,6.75,11.75,42.553,1.75,2.75,1.5,0.25,2.5,3.5,2,0.5,1,5.25,20.567,0.25,3,4.25,4.25,0.25,0.862,0.5,100,1,1.5,1,75,1.5,0.25,0.25,0,0.25,1,0.5,0.5,0,0,0,,0,,0,,,3.75,1.5,0,,0.5,0,1,0.25,0.75,1.25,1.5,2.25,12,20,5,21.739,0.75,5,3.126,-1.326,2,3.143,0.357,3,3.115,-2.448,0,0,,0,1.75,19,5.75,0.5
Oscar McDonald,Fremantle,30,30.78,Key Defender,1,13.3,88,63,0,0,0,92,7,5,12,83.333,100,60,83.333,0,,58.333,1,4,2,6,0,,222,18.5,78.99,300.99,199.96,220.38,28.566,-3.53,-0.706,1.252,11.047,7.198,3.936,11.63,-11.63,55.757,27.577,6,6,12,50,8,5,0,1,4,5,4,0,1,1,-38.964,7,2,3,0,0,0,0,,2,2,0,,4,0,0,4,0,1,1,0,0,0,0,,0,,0,,,4,0,2,0,0,,1,1,0,1,0,0,6,100,1,5.263,1,1,4.882,1.118,1,4.882,1.118,0,,,0,0,,0,7,10,8,7
Shai Bolton,Fremantle,28,28.06,Mid-Forward,5,8.86,69.2,63,5,1,2,83.2,7.6,8,15.6,57.692,39.474,75,60.256,1.4,71.429,48.718,1.6,0.4,3.8,4.105,4,3.9,220.2,14.115,143.446,363.646,202.282,104.54,26.616,8.882,1.11,1.763,4.843,7.08,0.473,31.642,-6.642,50.36,-6.61,7.6,9,16.6,45.783,1.6,5.8,1.8,0.4,5.4,5,4.2,0.4,1.8,5.6,19.71,0.6,4.6,6,5.4,9,31.469,0.8,8.889,1.6,2.4,2.2,81.818,2.4,0.4,1,0,0.6,0.4,1.6,-1.2,0,0,0,,0,,0,,,3.6,1.8,0,,0,,5,1,1,3.6,0.6,0.8,10.8,27.778,6,27.027,1.4,18,3.092,-1.148,7,3.063,-1.777,11,3.111,-0.747,0,0,,1,1.6,13.6,4.2,0.4
Brennan Cox,Fremantle,28,28.38,Key Defender,5,8.56,53.2,39.4,3,0.6,1,87.6,5.4,3.2,8.6,81.395,81.481,81.25,74.419,0,,62.791,0,2.2,2,4.3,1.4,6.143,147.6,17.163,99.74,247.34,138.844,75.048,25.712,8.816,2.755,0.188,7.659,3.658,0.334,13.552,-5.859,62.817,6.414,2.8,6,8.8,31.818,4.4,1.8,0,0.8,1,2.6,1.6,0,0.2,2,-46.585,5.6,2.4,0.8,0,0,0,0,,0.2,0.2,0,,3.8,0.2,0,2,0,1,1.2,-0.2,0,0,0,,0,,0,,,2,0,2.8,28.571,0,,0,0,0,0,0,0,0,,0.8,3.604,0.4,0,,,0,,,0,,,0,0,,0,9,5.6,5,9
Sean Darcy,Fremantle,28,28.55,Ruck,5,9.86,79.6,69,0,0,0,66.8,6.6,4.6,11.2,62.5,51.515,78.261,60.714,2,50,58.929,2,0.4,3.6,3.111,2.8,4,210.8,18.821,92.886,303.686,209.096,103.378,31.681,0.696,0.151,4.828,1.904,6.003,-0.175,25.407,-9.278,44.961,-12.703,7.6,4.6,12.2,62.295,1.4,3,0.2,0.6,2.4,2.6,1.4,0,0,2.6,-0.853,1.2,4.8,4.8,1.4,19.2,67.133,1.4,7.292,2.2,3.6,4.8,79.167,1.8,0.8,0.2,0.6,0,1.4,1.8,-0.4,60.2,62.839,24.8,41.196,7.8,31.452,2.2,44.355,40.323,3.4,0.6,0.2,0,0.6,100,0,0,0.2,0.2,0.4,0.4,2.6,0,2.4,10.811,1.8,1,4.563,-3.563,1,4.563,-3.563,0,,,0,0,,0,3,8.2,3.6,2.2
Bailey Banfield,Fremantle,28,28.84,Gen. Defender,5,7,68.6,60.2,0,0,0,75.2,10.6,4.8,15.4,67.532,60.377,83.333,58.442,1.2,33.333,68.831,1.2,3.8,3.8,4.053,4.6,3.348,259.6,16.857,138.222,397.822,268.366,82.128,25.804,-7.706,-1.605,0.362,4.08,4.807,-0.173,18.106,-0.715,53.958,-8.306,5.6,9.2,14.8,37.838,6,4.8,0,1,3.8,4.8,4.4,0,2,5,-27.011,5.2,6.2,3,0.4,0,0,0,,0.4,0.4,0.2,0,4,0.2,0.2,0.8,0,0.6,1.4,-0.8,0,0,0,,0,,0,,,2.6,0,0.4,0,0,,0,0,0,0.2,0.4,0.4,2.4,0,2,9.009,0.4,1,2.915,-2.915,1,2.915,-2.915,0,,,0,0,,0.6,3.4,10.4,7.2,3
Luke Ryan,Fremantle,30,30.89,Gen. Defender,5,6.96,87.6,74.6,0,0,0,93.8,15,4,19,87.368,90.667,75,69.474,0.6,33.333,78.947,0.6,7.6,1.6,11.875,3.6,5.278,473.8,24.937,230.874,704.674,471.278,267.674,31.419,8.014,2.003,-0.232,5.093,2.939,0.051,14.367,-3.408,62.084,-8.659,3,9.4,12.4,24.194,5,2.2,0,1,1.2,3,2.2,0,1,4,-31.678,5.6,4,2.8,0,0,0,0,,0,0,0,,5.2,0,0,1.4,0,0.6,0.6,0,0,0,0,,0,,0,,,1.8,0,2.2,0,0,,0,0,0,0,0,0,0,,2.4,10.811,1.8,0,,,0,,,0,,,6.6,63.462,100,0.4,4.6,6.8,6,3.8
Michael Frederick,Fremantle,26,26.62,Gen. Forward,5,6.72,51.4,54.8,1,0.2,1,82.4,8,4,12,63.333,52.5,85,56.667,2.2,45.455,66.667,3.4,0.6,1.6,7.5,2.8,4.286,261.8,21.817,115.91,377.71,234.938,98.544,29.367,-0.814,-0.204,0.046,4.807,2.863,2.537,32.194,-6.268,48.754,-0.606,3.2,8.8,12,26.667,0.8,2.8,1,0,2.8,2.6,2.4,0.2,1,4.2,23.37,1,1.8,5,4.2,0,0,0.2,,0.4,0.6,0.2,0,3,0,0.6,0,0.2,0.2,0.4,-0.2,0,0,0,,0,,0,,,2.2,0.8,0,,0.2,0,4,0.8,1.2,2.4,0.6,1,10,33.333,4.2,18.919,0.4,12,3.214,-0.714,3,2.381,-0.381,9,3.491,-0.825,0,0,,0.2,0.2,10.4,3.4,0.2
Jye Menzie,Essendon,24,24.17,Gen. Forward,4,3.225,39.5,46,0,0,0,68.5,4.5,3,7.5,66.667,50,91.667,63.333,0.75,33.333,60,1,0.25,1.25,6,1.5,5,136.5,18.2,58.67,195.17,138.972,51.842,30.883,11.102,3.701,0.684,0.01,2.401,-1.618,23.269,-12.158,46.492,-13.159,2.5,5.5,8,31.25,0.75,2,1.25,0.25,1.75,2.25,2,0,1.25,1.5,26.559,0.75,1.75,2,3.5,0,0,0,,0.25,0.25,0.25,100,3.25,0,1.5,0,0.25,0.5,0.25,0.25,0,0,0,,0,,0,,,2.5,1.75,0,,0,,4,1,1,2.25,0.25,0.25,8.5,44.444,3.5,20.29,0.5,9,4.331,-1.22,8,4.324,-1.574,1,4.386,1.614,0,0,,0,0.25,11,3.75,0
Nat Fyfe,Fremantle,35,35.28,Midfielder,4,2.875,20.5,16.75,0,0,0,19.25,2.25,3,5.25,85.714,77.778,91.667,80.952,1,25,42.857,1.5,0.25,1,5.25,1,5.25,89.25,17,95.562,184.812,67.47,46.948,29.987,14.763,4.921,1.498,1.64,1.719,1.623,25.367,-3.144,52.832,2.723,2.25,3,5.25,42.857,1,1.5,0,0.25,1.25,1,0.5,0.25,0.25,2.25,-7.125,0.5,2.75,2,0,4.75,16.522,0.75,15.789,0.25,1,0.75,66.667,0.75,0.25,0,0.25,0,0.25,0.5,-0.25,0,0,0,,0,,0,,,0.75,0,0,,0,,0,0,0,0,0,0,0,,1.25,5.435,0.75,0,,,0,,,0,,,0,0,,0,0.25,2.75,1.75,0
Alex Pearce,Fremantle,31,31.56,Key Defender,4,9.4,74.75,44.75,3,0.75,1,83.5,5.75,5,10.75,81.395,82.609,80,79.07,0.25,100,53.488,0.5,2,1.75,6.143,1.5,7.167,118,10.977,161.74,279.74,122.3,70.67,21.27,15.008,3.002,0.281,8.662,8.127,0.252,18.735,9.836,69.653,-7.748,6.25,4.75,11,56.818,6.75,2.75,0,1.25,1.5,5.75,2.5,0,0.5,1.5,-31.874,5.25,3.5,2,0.25,0,0,0,,0.25,0.25,0,,5.25,2,0.25,3.25,0,1,1.25,-0.25,0,0,0,,0,,0,,,0.75,0,3,33.333,0.25,100,1,0.25,0,0.25,0.25,0.25,3,100,2.75,11.957,1.5,1,4.335,1.665,1,4.335,1.665,0,,,0,0,,0,6.25,4.5,4,5.25
Christian Moraes,Port Adelaide,20,20.14,Midfielder,3,5.8,44.667,41,0,0,0,47.333,4,6.667,10.667,78.125,58.333,90,84.375,1,100,37.5,2,0,1,10.667,1.333,8,85.667,8.031,118.15,203.817,77.217,52.213,19.304,7.777,1.167,1.177,2.254,2.677,0.542,29.196,8.304,59.873,15.127,4,7,11,36.364,0.333,3.333,1.333,0.333,3,2,2,0.667,1.333,5.333,18.948,1,2.333,4.333,3.333,0,0,0,,0.667,0.667,1.333,100,1.333,0,0.333,0,0,0,0,0,0,0,0,,0,,0,,,2.333,1.333,0,,0,,1,0.333,0.333,1,0.333,1,5,33.333,3.667,18.033,0.333,3,3.931,-1.598,1,3.032,-3.032,2,4.38,-0.88,0,0,,0,0,11.667,6.667,0
Willie Rioli,Port Adelaide,31,31.57,Gen. Forward,3,4.133,44,37.667,0,0,0,82.667,5.333,2.333,7.667,60.87,50,85.714,73.913,2.333,57.143,69.565,2.333,1,1.333,5.75,1.333,5.75,120,15.652,69.7,189.7,110.593,69.827,20.736,0.773,0.331,1.076,1.234,3.341,-0.616,34.093,29.544,54.533,9.104,3.667,3.333,7,52.381,1.333,2.333,1.333,0.667,1.667,3,2,0,1.333,1.333,19.486,0.667,1.333,3,2,0,0,0,,0.667,0.667,0.667,100,1.667,0.333,0.333,0,0,0.667,0,0.667,0,0,0,,0,,0,,,1.667,1,0,,0,,2,0.667,0.667,1.333,0.667,0.667,8.667,50,3.333,16.393,1,4,4.409,-0.909,2,5.097,-1.597,2,3.721,-0.221,0,0,,0,2,7,2.333,0.667
Hudson O'Keeffe,Carlton,22,22.04,Key Forward,3,5.633,56.333,38.667,0,0,0,77.667,3.667,3.333,7,57.143,54.545,60,61.905,0.333,0,52.381,0.333,0,2.667,2.625,1.667,4.2,57.333,8.19,53.197,110.53,82.71,32.883,22.557,-6.1,-1.83,0.532,2.941,5.156,-0.864,29.596,30.404,64.304,15.696,4.667,2.333,7,66.667,0.333,1.667,1,0.333,1.333,3,1,0,0.667,1.333,44.317,0,1.333,1.333,4.333,6,21.429,0,0,0.333,0.333,1.667,40,2,1.333,1,0,0,1,1.333,-0.333,21.333,24.242,8.667,40.625,3.667,42.308,0.667,57.692,57.692,0.667,0.333,0.333,100,2.667,25,3,1,0.667,1.667,0.333,0.667,9,60,4.333,18.056,2.333,5,4.258,-0.258,4,4.53,-1.03,1,3.172,2.828,0,0,,0,2.333,6,1,2
Billy Wilson,Carlton,21,21.54,Gen. Defender,3,7.867,58,57,0,0,0,75.667,8,5.667,13.667,85.366,83.333,88.235,82.927,1.667,20,58.537,2.333,1,1,13.667,1,13.667,256.333,18.756,145.6,401.933,208.397,126.277,26.05,23.63,4.17,0.259,5.79,3.134,2.689,23.035,1.965,69.404,1.429,3,10.667,13.667,21.951,4,2.333,0,0,2.333,3,2.333,0,1.667,5.333,-23.765,4,6.333,3,0.333,0,0,0,,0.333,0.333,0,,4.333,0,0,0.333,0,0.667,0,0.667,0,0,0,,0,,0,,,2,0,0,,0,,0,0,0,0,0,0,0,,3.667,15.278,1,0,,,0,,,0,,,0.667,6.061,50,0,1,12.667,7.667,0.667
Tom Lynch,Richmond,34,34.16,Key Forward,3,9.967,78.667,66.667,0,0,0,86.333,9.667,2.333,12,55.556,44.828,100,58.333,0.333,100,80.556,1,0,4.667,2.571,4,3,213,17.75,136.223,349.223,254.433,111.723,26.321,-2.163,-0.927,2.051,7.477,9.312,1.502,35.112,-4.342,55.249,-9.095,8.667,4.333,13,66.667,1,1.667,1.333,0.667,1,7,1.667,0,0.333,2,43.573,0,1.333,3.333,8.333,0,0,0,,1,1,1.667,80,4,2.667,2.333,0,0.667,2.667,1.667,1,7.333,7.666,0.333,4.545,0,0,1.333,0,0,1.667,1,0,,3.667,54.545,7,2.333,2.333,5.333,1,2,23.333,43.75,6.667,34.483,1.667,16,3.004,0.058,14,3.05,0.307,2,2.681,-1.681,0,0,,0,1.333,9,1,0.333
Tim Taranto,Richmond,28,28.92,Midfielder,3,8.8,79.333,80.667,0,0,0,83.333,8.667,14.333,23,60.87,34.615,76.744,62.319,3.333,30,37.681,3.333,0.667,3.667,6.273,5.333,4.312,307,13.348,155.46,462.46,281.713,78.493,33.806,1.943,0.136,2.354,3.498,6.489,-0.47,24.386,-13.274,40.828,-18.606,10.667,11.333,22,48.485,2.667,8.667,0.667,2.333,6.333,3.667,3.667,1,1.333,8.667,-1.7,2,10.667,6.333,3,20.333,74.39,1.667,8.197,4,5.667,5.667,76.471,1.667,0,0.667,0.333,0,1,0.333,0.667,0,0,0,,0,,0,,,4.667,0.667,0,,0,,1,0.333,0.333,1.667,0.333,0.333,4.333,20,4.333,22.414,1.333,5,1.976,-0.576,3,1.836,0.497,2,2.185,-2.185,0,0,,0,0,15.333,6.333,0
Liam Henry,St Kilda,25,25.34,Gen. Forward,1,1.3,29,19,0,0,0,33,4,0,4,75,75,,75,3,66.667,100,3,0,0,,1,4,37,9.25,18.58,55.58,56.9,0.18,14.225,0,,0,0.821,1.131,-0.31,43.685,6.315,64.415,10.585,1,3,4,25,1,0,0,0,0,1,0,0,0,0,25.833,0,0,4,0,0,0,0,,0,0,0,,2,0,0,0,1,1,0,1,0,0,0,,0,,0,,,0,0,0,,0,,0,0,0,0,0,0,0,,1,6.25,0,0,,,0,,,0,,,0,0,,0,1,3,0,0
Mattaes Phillipou,St Kilda,22,22.01,Gen. Forward,4,4.175,27.25,30.25,0,0,0,65.75,3,4,7,64.286,50,75,64.286,0.5,50,42.857,0.75,0.25,1.5,4.667,1.75,4,116.5,16.643,47.802,164.303,100.023,57.762,33.341,15.727,3.932,1.172,1.409,1.492,1.423,28.001,-15.501,45.179,4.821,2.75,4.5,7.25,37.931,0.5,2,0.5,0.75,1.25,1.25,0.75,0.25,0.25,2.5,16.96,0.25,1.5,3,2.5,2.5,9.901,0.5,20,0.25,0.75,1,75,0.75,0,0.25,0.25,0,0.5,0.25,0.25,0.75,0.783,0,0,0,,0,,,2,1.25,0,,0.5,0,2,0.5,0.25,1,0,0,3.25,50,1.5,7.317,0.25,4,2.452,0.798,2,2.186,0.814,2,2.718,0.782,0,0,,0,0,14.75,6.75,0
Darcy Wilson,St Kilda,21,21.36,Mid-Forward,4,8.75,75.5,77,7,1.75,1,86.25,10.25,7,17.25,65.217,51.22,85.714,62.319,2.25,22.222,59.42,3.25,0.75,3.75,4.6,4,4.312,328,19.014,157.57,485.57,261.73,151.998,25.535,9.352,1.336,0.282,5.791,3.985,2.421,29.099,-11.858,47.763,-2.935,5.5,11.75,17.25,31.884,2,4,1.75,0.75,3.25,3.75,2.5,0.25,1,7.5,9.157,2,6,4.25,5,0,0,0,,1,1,1.5,66.667,3.75,0.25,0.25,0.25,0.25,1.25,1.25,0,0,0,0,,0,,0,,,3.5,0.75,0.5,50,0.5,50,6,1.5,0.5,3,0.75,1,14.25,50,5.5,26.829,0.75,12,3.932,-0.766,4,5.094,-0.344,8,3.352,-0.977,0,0,,1,0.25,14,4.25,0
Hayden McLean,Sydney,27,27.94,Key Forward,3,5.667,57.333,56.333,0,0,0,79,6,3.667,9.667,75.862,61.111,100,82.759,1.333,75,62.069,1.333,0.333,2.667,3.625,0.667,14.5,129,13.345,68.99,197.99,158.567,96.56,26.428,1.227,0.335,-1.292,4.951,6.041,0.458,31.514,43.486,55.55,6.95,4,5.667,9.667,41.379,0.667,1.667,0.333,0.667,1,3.667,1.333,0,0.333,2.333,21.64,0.333,3.333,1.667,4.333,6,20.455,0.333,5.556,0.333,0.667,0.333,100,4.333,1.333,2,0.333,1.667,0.667,1,-0.333,17.667,19.557,6.333,35.849,0.667,10.526,0,26.316,31.579,1.333,0.333,0,,3,33.333,4,1.333,0.667,2.333,0,0.667,9.333,57.143,5.333,21.918,0,7,3.476,0.238,6,3.661,0.673,1,2.371,-2.371,0,0,,0,1.333,7.667,2.333,0
Sam Taylor,Greater Western Sydney,27,27.65,Key Defender,4,9.125,63.75,45.5,6,1.5,1,93.5,6.25,3.75,10,80,80,80,70,0.5,50,62.5,0.5,2.75,1.75,5.714,2.25,4.444,130.75,13.075,114.905,245.655,124.585,55.31,19.934,12.8,3.413,0.09,8.242,6.224,-0.21,15.361,-3.361,67.135,-11.135,5,5,10,50,6.5,3,0,0.5,2.5,4.75,2.75,0,0.5,1.5,-45.931,6.25,2.75,1,0,0,0,0,,0.25,0.25,0.25,100,4.5,1.25,0,2.75,0.25,1,0.75,0.25,0,0,0,,0,,0,,,1.75,0,2.75,45.455,0,,0,0,0,0,0,0,0,,1.25,4.505,1,0,,,0,,,0,,,0,0,,0,5,5.25,4.25,4.25
Xavier O'Halloran,Greater Western Sydney,26,26.47,Midfielder,5,7.7,64.4,60.4,0,0,0,78.2,7.2,8.2,15.4,66.234,61.111,70.732,68,2.6,38.462,46.753,3,0.4,4,3.85,2.8,5.5,224.4,14.571,186.306,410.706,179.338,119.088,25.62,26.134,3.267,2.796,3.042,4.42,2.256,32.248,-8.11,51.772,3.401,6.6,9,15.6,42.308,1.6,4.4,0.6,1,3.4,3,2.6,1.2,1,6,1.426,1.8,5,7.6,1.2,13,38.69,0.8,6.154,1.8,2.6,3,73.333,2.4,0,0,0,0.6,0.6,1.8,-1.2,0,0,0,,0,,0,,,4.4,0.8,0.2,0,0,,2,0.4,0,0.6,0.8,1,7.4,66.667,4,14.493,0.8,3,1.752,2.248,0,,,3,1.752,2.248,0,0,,0.6,0.6,21.2,11.2,0
Connor Idun,Greater Western Sydney,26,26.42,Gen. Defender,5,6.34,59,53.8,0,0,0,92.4,8.2,5.2,13.4,88.06,87.805,88.462,74.627,0.2,0,61.194,0.2,4.8,2,6.7,2.4,5.583,212.8,15.881,110.05,322.85,201.782,89.83,24.608,2.094,0.403,0.426,5.059,3.054,1.395,12.34,3.044,65.551,-1.449,3.6,9,12.6,28.571,4.2,2.8,0,1,1.8,2.8,2.4,0.2,0.6,4.6,-49.569,8.4,3.6,0.6,0,0,0,0,,0.8,0.8,0.2,100,4.6,0.2,0,0.6,0,0.4,0.6,-0.2,0,0,0,,0,,0,,,1.6,0,2.2,0,0,,0,0,0,0,0,0,0,,2,7.246,0.4,0,,,0,,,0,,,0,0,,1.4,3.6,5.6,5,3.4
Jake Riccardi,Greater Western Sydney,27,27.14,Key Forward,5,7.26,78.2,71.4,0,0,0,71.6,7.8,5,12.8,65.625,58.974,76,62.5,2.6,61.538,60.938,3.2,0.2,3,4.267,3.4,3.765,198,15.469,141.978,339.978,209.216,103.998,26.823,0.19,0.038,1.25,3.934,5.078,0.566,33.733,0.883,50.898,2.948,4.8,7.6,12.4,38.71,1.8,3,1.4,0,3,3.4,2.4,0,0.8,2.4,29.432,0.2,2.2,5.4,4.6,7.6,22.619,0.2,2.632,0.6,0.8,1.4,85.714,5,0.8,1.2,0.4,1.6,0.6,2,-1.4,28.4,26.394,8.4,29.577,2.6,30.952,0.6,42.857,38.095,3.2,1,0.6,0,1.4,14.286,5,1,1.2,2.4,1.4,2,16.2,41.667,5.4,19.565,1,12,3.286,-0.286,7,3.592,-0.449,5,2.858,-0.058,0,0,,0,0.4,10.8,4.8,0.4
Toby Bedford,Greater Western Sydney,26,26.59,Mid-Forward,4,11,73.75,64.75,0,0,0,82.25,7.75,5,12.75,72.549,64.516,85,66.667,2.75,45.455,60.784,2.75,0.5,2.25,5.667,2,6.375,283,22.196,139.565,422.565,243.91,143.975,31.472,11.023,2.205,1.559,8.066,4.532,5.586,31.643,8.358,44.988,5.012,5.5,7.25,12.75,43.137,1.75,4.25,2.25,1,3.25,4.5,3.5,0,1.75,3.25,20.106,1,2.25,4.25,5.25,0.25,0.758,0.25,100,0.75,1,0.5,100,2.75,0,0.75,0,0.5,1,1.25,-0.25,0,0,0,,0,,0,,,4,2.5,0,,0.75,0,6,1.5,1,2.75,0.75,1.5,15.25,54.545,5.5,19.82,0.25,11,3.579,0.058,4,3.877,-0.377,7,3.409,0.306,0,0,,0,0.5,15,3.25,0
Kieren Briggs,Greater Western Sydney,27,27.23,Ruck,5,12.62,91.2,83,0,0,0,74,5.8,6.8,12.6,65.079,55.172,73.529,69.841,2.4,66.667,46.032,3.2,1,4,3.15,2.2,5.727,188.8,14.984,75.77,264.57,188.288,120.154,32.463,4.91,0.722,8.228,1.484,6.412,2.218,25.09,6.728,43.45,-7.086,8.8,4.4,13.2,66.667,1.6,3,0.2,1.2,1.8,1.4,1,0,0.4,2.4,-5.885,2.4,4.4,5.2,1.2,26,77.381,2,7.692,3.2,5.2,7.8,74.359,1.4,0,0.2,0.6,0.4,2.2,1.2,1,77.4,71.933,31.6,40.827,9.4,29.747,3.2,49.367,44.937,4,0.4,0.2,0,0.4,50,1,0.2,0.4,0.6,0.8,0.8,6.4,33.333,5.4,19.565,4.6,3,3.033,-0.367,1,3.393,-2.393,2,2.853,0.647,0,0,,0,1.6,12.6,7.8,0.8
Leek Aleer,Greater Western Sydney,25,25.36,Key Defender,4,6.225,44.5,35,0,0,0,86,3.25,5.25,8.5,76.471,69.231,80.952,76.471,0.25,0,38.235,0.75,0.75,1.75,4.857,1.25,6.8,93,10.941,75.073,168.072,70.472,44.702,21.684,16.015,3.05,0.212,5.729,4.267,0.933,16.773,-1.388,69.089,0.142,4,4.75,8.75,45.714,4.75,2,0,0.25,1.75,3.75,1.75,0,0.5,2.25,-42.963,4.5,3.5,0.75,0,0,0,0,,0.25,0.25,0.25,100,3,1,0,2,0,1,0.75,0.25,0,0,0,,0,,0,,,1.75,0,1.75,71.429,0,,0,0,0,0,0,0,0,,0.5,1.802,0,0,,,0,,,0,,,0,0,,0.25,3.25,6.25,6,3.25
Lachie Ash,Greater Western Sydney,25,25.52,Gen. Defender,5,9.72,88.6,79.2,1,0.2,1,81,16.2,7.6,23.8,73.95,70.37,81.579,68.067,3.6,38.889,68.067,4,5,3.2,7.438,5.2,4.577,516.6,21.706,258.982,775.582,447.59,278.074,27.629,22.656,2.981,2.185,4.467,4.206,2.628,21.302,3.389,59.795,-0.536,4.8,16,20.8,23.077,2.6,4,0.2,0.8,3.2,2.8,2.2,0,0.8,10.8,-30.187,8,8.2,4.4,0.2,0,0,0.4,,1.2,1.6,0.6,66.667,4.4,0.2,0,0.2,0.2,0.8,0.6,0.2,0,0,0,,0,,0,,,0.8,0,0.6,0,0,,0,0,0,0,0.2,0.6,1.6,,3.8,13.768,1,0,,,0,,,0,,,3,31.25,100,5,2.2,6.4,4.4,1.6
Tom Green,Greater Western Sydney,25,25.93,Midfielder,4,20.275,110.75,95,25,6.25,4,82.5,11.75,18.5,30.25,66.942,46.809,79.73,73.554,5,60,38.843,6.5,1,3.25,9.308,3.75,8.067,437.75,14.471,358.808,796.558,388.052,256.117,33.026,24.022,1.299,10.228,5.918,9.946,6.623,26.761,12.263,44.423,9.236,19.25,11.5,30.75,62.602,2,11.75,1.25,3.5,8.25,4,3,5.5,1.75,9.25,-0.891,3.25,13.5,11,3,25.75,78.03,4,15.534,6.75,10.75,12.25,73.469,2,0.25,0.25,0,0.75,1,1,0,0,0,0,,0,,0,,,3.75,0.5,0,,0.25,0,2,0.5,0.75,1.5,1.25,1.5,11.5,33.333,10,36.036,3,6,2.876,-0.376,2,4.276,1.724,4,2.176,-1.426,0,0,,0,1.25,18.25,10,0
Callum Brown,Greater Western Sydney,26,26.37,Gen. Forward,5,8.68,59.4,47.2,0,0,0,80.8,5.2,4.6,9.8,81.633,76.923,86.957,77.551,1.2,50,53.061,1.6,0.2,2,4.9,2,4.9,194.2,19.816,92.876,287.076,176.844,104.598,34.008,9.674,2.103,0.283,7.706,3.161,4.493,26.494,6.839,52.272,-18.938,4,5.8,9.8,40.816,0.8,2.8,0.8,1,1.8,3.8,2.6,0,1.2,2.8,11.644,0.4,3.8,3.4,2.2,0,0,0,,0.2,0.2,0.2,100,2.4,0.2,0.6,0,0.8,1.2,0.8,0.4,0,0,0,,0,,0,,,2,1,0,,1.4,28.571,7,1.4,0,1.6,0.2,0.6,10,87.5,3.8,13.768,0,8,3.89,1.36,5,3.198,1.602,3,5.043,0.957,0,0,,0.2,0.4,11.4,5,0.4
Ryan Angwin,Greater Western Sydney,24,24.05,Midfielder,5,10.28,69.4,65.6,0,0,0,81.8,7.4,8.4,15.8,70.886,72.973,69.048,59.494,2.2,27.273,46.835,2.2,1.4,2,7.9,1.8,8.778,291,18.418,171.544,462.544,242.796,105.312,33.722,23.19,2.761,0.995,6.412,4.929,2.595,24.865,-6.683,47.442,1.042,6,9.8,15.8,37.975,2.8,5.4,1,1,4.4,3,2.8,0.2,1.2,6.4,-7.786,3.6,5,5.8,1.4,0,0,0.2,,0.8,1,1.2,83.333,2.6,0,0,0.8,0.2,0.6,0.2,0.4,0,0,0,,0,,0,,,4.4,0.6,0.4,50,0.2,0,1,0.2,0,0.4,0.4,0.4,3.6,50,2.8,10.145,1,2,3.427,-0.427,0,,,2,3.427,-0.427,0,0,,0.2,1,16.4,8.2,1
Aaron Cadman,Greater Western Sydney,22,22.83,Key Forward,4,8.725,64.75,57,1,0.25,1,86.75,6.75,3.5,10.25,68.293,55.556,92.857,78.049,1,100,65.854,1,0,1.5,6.833,1.25,8.2,172.5,16.829,113.485,285.985,174.58,115.89,26.858,6.865,1.961,0.023,5.847,5.41,1.06,27.321,8.393,62.787,8.641,4.75,6.25,11,43.182,0.25,1.5,0.75,0.25,1.25,4.75,1.5,0,1,2.5,29.187,0,2.75,3.25,5,0,0,0,,0,0,0,,4,1.25,2.25,0,1,1.75,0.5,1.25,1,0.897,0,0,0,,0,,,2,1.25,0,,3.25,15.385,6,1.5,0.5,2.75,1.25,1.5,17.25,54.545,5.5,19.82,0,11,3.632,-0.177,9,3.879,0.343,2,2.518,-2.518,0,0,,0.25,1,9.25,2,0.75
Darcy Jones,Greater Western Sydney,22,22.74,Gen. Forward,4,10.075,72.25,60,0,0,0,72.75,6,8.75,14.75,62.712,66.667,60,67.797,2,62.5,40.678,3.25,0.5,2.5,5.9,1.75,8.429,244.5,16.576,159.35,403.85,159.713,138.477,26.619,32.265,3.687,1.945,7.614,4.705,4.513,31.83,-5.163,51.451,15.216,5.75,9,14.75,38.983,1.5,4.75,2,1.5,3.25,3.5,2.75,0,0.75,6,13.124,0.5,6,4.25,4,0.75,2.273,0.25,33.333,1,1.25,0.25,0,2,0,0,0,0.75,0.75,0,0.75,0,0,0,,0,,0,,,2.75,0.5,0.25,0,0.25,0,4,1,0.75,1.75,0.5,1.25,10.5,57.143,6.5,23.423,1.5,7,3.711,0.146,0,,,7,3.711,0.146,0,0,,1.5,1,16.75,7.25,0.25
Harry Rowston,Greater Western Sydney,22,22.38,Midfielder,4,9.375,68.25,65.75,2,0.5,1,63,9.5,2,11.5,71.739,68.421,87.5,71.739,3.25,61.538,82.609,3.25,0.5,2,5.75,1.5,7.667,275.25,23.935,125.895,401.145,287.422,174.25,30.255,-1.902,-0.951,0.53,7.422,2.435,6.074,25.609,13.677,53.623,7.091,3.75,8,11.75,31.915,1.5,2.5,0.25,0,2.5,2,1.5,0.75,0.25,3,5.616,0.75,4.25,4.5,2.25,10,29.63,0.5,5,1,1.5,1.25,80,4.75,0,1.25,0,0.5,0,1,-1,0,0,0,,0,,0,,,3.25,1.25,0,,0,,6,1.5,0,1.75,0.75,1.25,14,85.714,4.75,16.522,1.25,7,3.616,1.527,5,4.229,1.771,2,2.081,0.919,0,0,,0,0.75,14,6.75,0.25
Finn Callaghan,Greater Western Sydney,23,23.68,Midfielder,5,16.9,114.4,111.2,34,6.8,4,80.8,15,14.2,29.2,70.548,61.333,80.282,72.603,5.2,46.154,51.37,6.2,2.8,4.4,6.636,5.8,5.034,574.8,19.685,357.336,932.136,469.072,309.086,31.694,29.722,2.093,5.385,7.024,6.606,6.486,25.68,6.138,51.86,-3.375,10.4,19.2,29.6,35.135,2.4,7.4,0.8,2.4,5,2.4,2,1.6,0.4,14.6,-11.723,5.8,13.6,9,1.2,29,86.31,2.6,8.966,4,6.6,7.4,89.189,3.8,0.2,0,0.6,0,0.6,1,-0.4,0,0,0,,0,,0,,,6.6,0,0.2,100,0,,2,0.4,0,0.8,0.8,1,7.4,50,7.8,28.261,2,4,2.634,0.366,1,2.504,3.496,3,2.677,-0.677,0,0,,2,1,17.2,10.8,0
Max Gruzewski,Greater Western Sydney,22,22.44,Key Forward,4,6.425,52,51.75,0,0,0,66,5.75,2.25,8,59.375,60.87,55.556,59.375,0.75,66.667,71.875,0.75,0,0.75,10.667,0.25,32,133.75,16.719,90.35,224.1,160.872,103.975,27.978,1.165,0.518,-0.191,5.802,3.231,2.229,34.044,-9.044,61.094,13.906,2.75,5,7.75,35.484,0,1.75,0.5,0.5,1.25,2.75,1.75,0,0.25,0.5,43.259,0,0.75,2.75,4.25,0,0,0,,0,0,0,,4.5,1,3,0,0.75,0,0.25,-0.25,0,0,0,,0,,0,,,1,0.5,0,,1.5,33.333,8,2,1.25,3.5,0.25,0.75,15.25,57.143,5,17.391,0,14,3.558,0.228,12,3.669,0.248,2,2.892,0.108,0,0,,0,1.25,4,0,1.25
Harvey Thomas,Greater Western Sydney,21,21.39,Gen. Forward,5,11.6,82.6,74.2,0,0,0,78.4,9.6,8.2,17.8,82.022,77.083,87.805,71.91,2.4,41.667,53.933,3,0.8,1,17.8,1.8,9.889,315.8,17.742,211.218,527.018,303.254,128.662,31.589,-0.61,-0.074,0.673,7.759,4.999,3.112,23.03,3.799,51.182,-2.402,5.8,12.6,18.4,31.522,3.2,4.6,0.6,1,3.6,4,3,0.2,1,6.4,-7.935,3.2,8,4.6,2.6,0,0,0.6,,1.2,1.8,1.2,100,4.8,0.2,0.6,0.2,0.2,0.6,0.4,0.2,0,0,0,,0,,0,,,2.8,0.4,0.4,0,0.2,0,3,0.6,0.4,1,0.4,0.8,6.8,60,6,21.739,1.6,5,3.542,0.458,4,3.839,0.911,1,2.352,-1.352,0,0,,0.8,1.8,13.6,6.4,0.6
Joe Fonti,Greater Western Sydney,22,22.01,Gen. Defender,5,7.18,62.4,54.4,2,0.4,1,82.4,7.2,5.4,12.6,84.127,77.778,92.593,79.365,1,40,57.143,1,1.8,1.4,9,2.2,5.727,212,16.825,168.858,380.858,159.548,95.85,22.159,16.864,3.123,0.772,4.803,3.705,2.182,19.442,9.97,66.361,1.286,3.8,9.2,13,29.231,4.4,3.2,0,0.6,2.6,3,2.4,0,1,4,-37.082,6,5.2,1.8,0,0,0,0.2,,0.4,0.6,0.4,100,4.8,0.2,0,1.4,0.4,0.4,0.8,-0.4,0,0,0,,0,,0,,,2.4,0,1,40,0,,0,0,0,0,0.2,0.4,1.4,,2.6,9.42,0.4,0,,,0,,,0,,,0,0,,0.2,1.8,10.8,8.2,1.6
Stephen Coniglio,Greater Western Sydney,33,33.04,Midfielder,5,7.22,74,67,5,1,1,66.6,9.6,7,16.6,61.446,54.167,71.429,67.901,3,73.333,57.831,3.6,0.6,3.8,4.368,2.6,6.385,225.4,13.578,237.47,462.87,228.258,135.744,24.283,-0.512,-0.073,1.545,2.897,4.55,0.888,29.501,17.867,55.548,4.978,7,9.8,16.8,41.667,0.6,4.6,1.2,1,3.6,1.4,1.2,0.8,0.6,7.6,8.399,1,6.6,6.2,3,14.8,44.048,1.6,10.811,2,3.6,4.8,66.667,1.8,0.2,0.4,0.2,0.4,1,1.8,-0.8,0,0,0,,0,,0,,,4.8,0.6,0,,0.2,0,3,0.6,0.4,1.2,1,1.6,10.6,50,5.6,20.29,1.6,6,2.886,0.448,2,3.077,2.923,4,2.79,-0.79,0,0,,0.6,0.6,13,6,0
Jake Stringer,Greater Western Sydney,32,32.68,Gen. Forward,3,12.367,85.333,61.667,10,3.333,1,70.333,8.667,2.667,11.333,61.765,57.692,75,64.706,1.333,75,76.471,1.333,0,2.667,4.25,2.333,4.857,242,21.353,101.507,343.507,252.053,155.987,29.083,13.56,5.085,1.878,8.957,5.07,6.796,35.608,14.392,58.203,21.797,6,5.667,11.667,51.429,0.333,4,3.333,1.333,2.667,5,3,0,1.333,2.333,44.049,0,2,1.333,8.333,0,0,0,,1,1,0.667,0,3,0.667,2.333,0,1,1.333,1.667,-0.333,0,0,0,,0,,0,,,1.667,0,0,,2,66.667,8,2.667,2.333,5.333,1,1.333,24.667,50,7.333,26.506,0.333,16,2.874,0.563,9,3.333,0.445,7,2.285,0.715,0,0,,0,1,8.333,1.333,1
Lachie Whitfield,Greater Western Sydney,32,32.45,Gen. Defender,5,10.84,124.2,106.2,2,0.4,1,83,19.4,10.2,29.6,83.784,84.536,82.353,77.703,1.8,55.556,65.541,2,7.8,2,14.8,4,7.4,508,17.162,484.666,992.666,486.098,332.944,25.057,9.586,0.94,0.203,7.862,5.035,2.864,17.067,0.827,64.898,8.786,5,18.2,23.2,21.552,6,3.2,0,0.4,2.8,4.8,3,0,1.8,12,-29.652,9.6,9,4.4,0.2,0,0,0,,0.2,0.2,0,,5.4,0.4,0.2,0.8,1,1,0.6,0.4,0,0,0,,0,,0,,,3,0,0.6,0,0,,0,0,0.2,0.2,0,0.4,0.6,0,5.6,20.29,2.6,1,2.189,-1.189,0,,,1,2.189,-1.189,6.4,66.667,93.75,0.6,1,12.2,9.4,0.2
Toby Greene,Greater Western Sydney,33,33.26,Gen. Forward,5,14.82,91.6,90.6,17,3.4,2,85.8,13.2,5,18.2,61.538,54.545,80,62.637,4,50,72.527,4.8,0.6,4.2,4.333,4.2,4.333,429,23.571,113.706,542.706,396.026,227.3,30.002,14.716,2.943,1.461,10.632,6.522,7.002,31.386,14.266,49.702,4.646,7.6,10.8,18.4,41.304,1.2,4.4,2,0.8,3.6,4.6,3,1.2,1,4.8,17.177,1.6,3.8,7,6,6.8,20.238,0.8,11.765,0.8,1.6,2.2,54.545,5.4,0.8,1.6,0.2,1.8,1,1.2,-0.2,0.6,0.558,0,0,0,,0,,,3.8,0.8,0,,1,20,9,1.8,1.4,3.8,1.2,1.6,19.8,47.368,8.4,30.435,1.2,19,2.945,0.265,10,3.034,0.966,9,2.847,-0.514,0,0,,0,1.2,13.8,4.6,0.6
Harry Himmelberg,Greater Western Sydney,30,30.64,Gen. Defender,5,9.88,80.6,71.6,6,1.2,1,83,10.2,7.4,17.6,80.682,78.431,83.784,81.818,0.8,25,57.955,0.8,4,2,8.8,2.4,7.333,256,14.545,253.118,509.118,227.248,177.174,22.279,20.23,2.734,0.66,7.598,5.338,1.663,17.1,0.9,65.612,10.388,5.2,12,17.2,30.233,5.4,4.2,0,1.6,2.6,4.6,3.6,0,0.6,4.4,-35.479,7.6,6.8,2.6,0.2,0,0,0,,0.4,0.4,0,,7.2,0.8,0,1.8,0.4,0.2,0.8,-0.6,0,0,0,,0,,0,,,1.4,0,1.2,33.333,0,,1,0.2,0,0.2,0,0,1.2,100,2.2,7.971,0.8,1,2.943,3.057,0,,,1,2.943,3.057,0.2,2.083,100,0.8,3.8,5.4,4.2,3.8
Tristan Xerri,North Melbourne,27,27.79,Ruck,3,19.367,157.667,134,14,4.667,2,86.333,6,13.333,19.333,65.517,55.556,70,71.93,1.333,50,31.034,1.333,0.667,3,6.444,1,19.333,79,4.086,177.553,256.553,118.447,25.24,20.902,-27.173,-2.038,10.48,3.35,8.753,1.18,24.485,15.515,52.158,1.175,15.667,4.333,20,78.333,2,5,0,2.333,2.667,3,1.667,0,0.667,2.333,-6.065,3,7.333,8,1.667,32.667,89.908,3,9.184,3.333,6.333,12,61.111,1.333,0.333,0,0.333,0,3.667,1.667,2,90.667,86.349,37.333,41.176,10.667,28.571,7,47.321,48.214,12.333,0.333,0,,0,,0,0,0,0,0.333,0.667,2.333,,6.333,24.051,6.333,0,,,0,,,0,,,0,0,,0,3,19.333,13.333,2.667
Bailey Scott,North Melbourne,26,26.47,Midfielder,3,5.967,47,44.333,0,0,0,74,7.333,3.667,11,75.758,68.182,90.909,72.727,2,66.667,66.667,2.333,2.667,0.667,16.5,1,11,279,25.364,135.41,414.41,258.113,157.16,35.197,8.72,2.378,0.376,4.169,1.901,2.949,19.26,5.74,50.426,4.573,2.667,8.667,11.333,23.529,1.667,2.667,0.333,0.667,2,2.333,2.333,0,1.333,4.667,-21.392,3.667,3.667,3.667,0.333,0,0,0,,0.333,0.333,0.333,100,3.667,0,0,0,0,0,0.333,-0.333,0,0,0,,0,,0,,,0.667,0,0.667,50,0,,1,0.333,0.333,0.667,0,0.667,3,50,2.333,8.861,0,2,2.522,0.978,0,,,2,2.522,0.978,0,0,,0,0.667,8,3.333,0.333
Geordie Payne,North Melbourne,21,21.15,Gen. Forward,3,5.067,35,26.667,0,0,0,65,2.333,3,5.333,68.75,57.143,77.778,80,0.333,100,43.75,0.667,0,1.667,3.2,1,5.333,44.333,8.313,85.75,130.083,85.04,35.66,36.446,-10.567,-3.522,0.348,2.96,2.629,1.159,40.865,9.135,49.125,50.875,3,2.667,5.667,52.941,0.667,2,1,0.667,1.333,2.667,1.667,0,0.667,1,32.752,0,0.667,2.333,2.667,0,0,0,,0,0,0.333,100,0.667,0,0.667,0,0.333,1.333,1.333,0,0,0,0,,0,,0,,,2,1.333,0,,0.667,0,3,1,0.333,1.667,0.333,1,9,60,2.667,10.127,0,5,3.479,0.321,4,3.95,0.8,1,1.598,-1.598,0,0,,0,1,14.333,2,1
Cooper Trembath,North Melbourne,21,21.2,Key Forward,3,11.867,71.333,60.333,0,0,0,76.333,5.333,3.333,8.667,73.077,75,70,76.923,0.333,100,61.538,0.333,0,0,,0,,127.667,14.731,35.587,163.253,164.86,98.053,30.911,-0.603,-0.181,0,11.519,8.88,1.935,34.673,-1.34,57.38,9.287,6.667,2.667,9.333,71.429,1.667,3,1.333,0.333,2.667,6.667,3,0,1,0.667,48.958,0,0.667,2.667,6,0,0,0,,0,0,0,,3.333,2,2.667,0,0.667,1.667,0,1.667,0,0,0,,0,,0,,,1.667,1.333,0,,1.667,40,9,3,1.333,4.333,0.667,0.667,23.333,69.231,5,18.987,0.667,13,4.183,0.279,11,4.15,0.486,2,4.361,-0.861,0,0,,0,0.667,8.333,1.333,0.667
Jed Adams,Melbourne,22,22.63,Key Defender,1,6.6,36,27,0,0,0,86,2,3,5,100,100,100,100,0,,40,0,2,1,5,0,,97,19.4,11.59,108.59,94.37,98.74,47.185,2.22,0.74,0,4.641,2.636,1.163,11.9,38.1,39.15,60.85,2,2,4,50,3,2,0,0,2,2,2,0,2,0,-42.915,2,2,0,0,0,0,0,,0,0,0,,2,0,0,1,0,0,1,-1,0,0,0,,0,,0,,,3,0,4,0,0,,0,0,0,0,0,0,0,,2,8.333,2,0,,,0,,,0,,,1,6.667,100,0,4,16,15,4
Chris Burgess,Adelaide,31,31.09,Key Forward,1,2.7,41,50,0,0,0,83,8,2,10,50,37.5,100,50,1,0,80,2,0,2,5,2,5,218,21.8,-14.24,203.76,247.82,74.02,30.977,5.67,2.835,0,1.374,3.641,-1.324,22.693,-22.693,58.79,-25.457,2,6,8,25,2,2,1,1,1,2,2,0,1,1,23.996,0,2,3,3,0,0,0,,0,0,0,,5,0,2,1,3,0,1,-1,0,0,0,,0,,0,,,2,2,0,,2,50,0,0,2,4,0,0,2,0,2,9.091,1,4,2.899,-2.399,2,2.419,-1.919,2,3.378,-2.878,0,0,,0,2,10,1,2
Izak Rankine,Adelaide,26,26.69,Mid-Forward,2,14,103.5,92.5,8,4,1,91,16,4.5,20.5,56.098,50,77.778,56.098,4.5,33.333,78.049,6,1.5,4,5.125,5.5,3.727,438.5,21.39,159.005,597.505,409.325,169.455,25.583,-2.31,-0.513,1.951,8.099,7.754,2.027,25.021,-10.207,49.665,-12.628,12,9.5,21.5,55.814,4,5,0,1.5,3.5,5,3,3.5,1,4.5,2.694,2,9,9,1.5,10,40.816,1,10,4,5,6,83.333,4.5,0,0,0,0.5,3,0.5,2.5,0,0,0,,0,,0,,,3.5,0.5,0,,0,,2,1,0.5,2,0,0.5,7,50,4.5,25,2,4,2.55,0.7,1,4.881,1.119,3,1.773,0.56,0,0,,1,4,15.5,5.5,1
Isaac Cumming,Adelaide,28,28.38,Midfielder,5,6.8,62.2,68,0,0,0,80.4,11,3.6,14.6,65.753,56.364,94.444,64.384,2.4,50,75.342,2.6,2.4,2.8,5.214,3.6,4.056,299.4,20.507,154.796,454.196,278.502,132.344,25.787,8.306,2.307,0.457,4.919,3.794,1.363,19.509,9.063,49.466,3.595,5,10,15,33.333,3,3.8,0.6,0.6,3.2,3,2.4,0.6,0.4,3.6,-13.598,4,4.6,5.4,1,0,0,0.2,,0.8,1,1.8,55.556,5.8,0.2,0,0.4,0.4,0.6,0.6,0,0,0,0,,0,,0,,,2.6,0.4,0,,0,,1,0.2,0,0.4,0.4,0.4,3.6,50,3.8,19.792,0.6,2,4.27,-1.27,0,,,2,4.27,-1.27,0,0,,0.4,1,12.8,5.2,0.8
Mitchell Hinge,Adelaide,28,28.5,Gen. Defender,5,7.34,60.6,49.6,0,0,0,63.8,8.4,4.8,13.2,81.818,76.19,91.667,74.242,1.6,50,63.636,1.6,3,2.4,5.5,2,6.6,262.2,19.864,220.338,482.538,241.676,121.24,29.473,2.758,0.575,0.592,5.57,3.643,2.3,20.75,-8.555,60.633,0.343,4.2,8,12.2,34.426,3.4,3,0,1,2,3.4,2.8,0.4,0.8,3.6,-27.983,4.6,4.6,3,0,0,0,0,,1,1,0.8,100,2.8,0,0,0.8,0,1,0.6,0.4,0,0,0,,0,,0,,,1.8,0,0.4,50,0,,0,0,0,0,0.6,0.8,3.8,,1.8,9.375,0.4,0,,,0,,,0,,,1.4,12.963,100,0,2,7.6,5,1.4
James Peatling,Adelaide,26,26.36,Midfielder,5,10.28,70.6,63,4,0.8,1,63,7.8,7,14.8,71.622,61.538,82.857,75.676,1.2,66.667,52.703,1.6,1.6,2.2,6.727,1.8,8.222,195,13.176,220.746,415.746,188.056,139.004,24.744,8.592,1.227,2.539,5.07,4.124,3.832,25.248,7.01,57.933,3.357,6,9,15,40,2.4,3.6,0.2,0.6,3,2.6,1.8,1.2,1,5.6,-2.635,2.4,5.6,4.8,2.2,10.8,39.706,0.8,7.407,2,2.8,3,73.333,2.6,0,0.6,0.4,0,1.4,0.2,1.2,0,0,0,,0,,0,,,2.4,0.4,0,,0.2,0,6,1.2,0.2,1.6,0.6,0.6,11,75,4.8,25,0.8,8,2.39,2.235,3,3.199,2.801,5,1.904,1.896,0,0,,0.2,0.4,15,7,0
Chayce Jones,Adelaide,26,26.96,Midfielder,1,-0.8,2,9,0,0,0,47,2,0,2,0,0,,0,0,,100,0,0,1,2,2,1,51,25.5,0,51,47.32,0,23.66,0,,0,-1.023,0,-1.023,28.665,-28.665,49.94,-49.94,0,2,2,0,0,0,0,0,0,0,0,0,0,1,5.38,0,0,2,0,2,6.897,0,0,0,0,0,,1,0,0,0,0,0,0,0,0,0,0,,0,,0,,,0,0,1,100,0,,0,0,0,0,0,0,0,,0,0,0,0,,,0,,,0,,,0,0,,0,1,6,3,0
Nick Murray,Adelaide,26,26.03,Key Defender,5,5.4,42.8,28,0,0,0,94,4.4,2.2,6.6,75.758,77.273,72.727,72.727,0.4,50,66.667,0.6,2.8,1.2,5.5,1.2,5.5,123.8,18.758,54.26,178.06,120.266,82.82,27.333,2.722,1.237,0,4.191,1.817,-0.382,17.307,2.693,67.798,7.202,1,5.2,6.2,16.129,2,0.6,0,0.2,0.4,1,0.6,0,0,2.4,-34.861,3.2,1.8,1.2,0,0,0,0,,0,0,0,,2.8,0.4,0,1.2,0,0,0.4,-0.4,0,0,0,,0,,0,,,0.8,0,2.4,8.333,0,,0,0,0,0.4,0.2,0.2,1.2,0,0.4,2.083,0,2,2.354,-2.354,0,,,2,2.354,-2.354,0.2,1.852,100,0,9.4,6.2,5.2,8.4
Riley Thilthorpe,Adelaide,24,24.48,Key Forward,5,13.62,104,88.2,8,1.6,2,84,10.6,3.6,14.2,69.014,66.038,77.778,67.606,1.4,71.429,74.648,2.4,0.6,3.2,4.437,3,4.733,283.2,19.944,144.302,427.502,283.144,180.08,26.712,5.552,1.542,1.909,10.395,8.658,5.105,27.098,4.152,61.358,-1.983,8.8,4.8,13.6,64.706,1.4,4.2,1.8,1.6,2.6,6.6,3,0,0.8,1,20.854,1,3.6,4,5,4.8,17.647,0.6,12.5,1,1.6,1.8,66.667,5.6,2.6,2.2,0.6,0.6,1.8,1.4,0.4,20.2,20.24,9.8,48.515,1.4,14.286,0.4,28.571,28.571,2.4,0.6,0.6,33.333,1.8,55.556,12,2.4,1,3.4,0.4,0.4,17.8,70.588,5.6,29.167,0.4,17,3.587,0.943,14,3.604,0.611,3,3.507,2.493,0,0,,0,1.8,10,2.4,1.4
Josh Worrell,Adelaide,25,25.72,Gen. Defender,5,9.2,97.6,86,5,1,2,90.2,16,8,24,80,81.25,77.5,65.546,2.4,41.667,66.667,2.6,6.4,4.2,5.714,5.6,4.286,453,18.875,212.756,665.756,427.098,215.55,27.032,0.94,0.121,0.442,7.693,6.622,1.151,19.001,-1.896,59.141,-3.878,6.8,14.4,21.2,32.075,9.2,5.8,0,1.2,4.6,6,5.2,0.2,1.8,6.4,-30.454,9,6.8,5.4,0,0,0,0,,0.4,0.4,0.2,100,6.6,0.2,0,2.6,0,0.6,0.8,-0.2,0,0,0,,0,,0,,,1,0,1,40,0,,0,0,0,0,0.2,0.4,1.4,,3.2,16.667,1.4,0,,,0,,,0,,,2.2,20.37,100,0.6,3.2,7.4,5.8,3
Luke Pedlar,Adelaide,24,24.62,Gen. Forward,3,6.4,47,46.667,0,0,0,73.667,5.333,1.667,7,52.381,56.25,40,52.381,1,33.333,76.19,1,0,1.667,4.2,2.333,3,136.667,19.524,28.917,165.583,148.353,77.133,27.816,1.797,1.078,0,5.484,2.893,3.035,33.9,-21.4,50.118,-25.118,2.333,4.667,7,33.333,1,1.333,0.667,1,0.333,2.333,1.333,0,0.333,0.667,35.976,0,1.333,2,3.667,0,0,0,,0,0,0,,3.333,0.333,2,0,1,0.667,1,-0.333,0,0,0,,0,,0,,,1.333,1,0,,0.667,50,7,2.333,0.333,2.667,0,0,14.333,87.5,3.333,18.519,0,8,3.774,1.601,7,3.877,1.408,1,3.048,2.952,0,0,,0,0.667,9.667,3.667,0.667
Sam Berry,Adelaide,24,24.88,Midfielder,5,7.9,66.4,55,0,0,0,67.2,8,7,15,68,62.5,74.286,58.667,2.8,21.429,53.333,2.8,1.2,3.8,3.947,2.6,5.769,252.6,16.84,174.18,426.78,232.026,88.908,29.747,-2.08,-0.297,3.445,2.19,6.218,-0.046,22.51,-6.721,46.47,-1.733,8.8,7.4,16.2,54.321,2,6.6,0.4,1.8,4.8,3,2.6,1,1,5.2,-12.199,3.2,7.4,4.6,1,14.8,54.412,2.4,16.216,1.4,3.8,4.4,81.818,1.6,0.2,0.2,0.4,0.2,0.8,0.8,0,0,0,0,,0,,0,,,3.4,0,0.2,0,0,,0,0,0.2,0.2,0.2,0.2,1.4,0,3.2,16.667,1.6,1,4.369,-3.369,1,4.369,-3.369,0,,,0,0,,0.6,1,17.4,8.2,0.2
Mark Keane,Adelaide,26,26.79,Key Defender,5,9.08,80.2,62.2,9,1.8,2,92.8,14.2,3,17.2,73.256,76.056,60,65.116,0.2,0,82.558,0.2,7,3.6,4.778,4.2,4.095,376,21.86,210.57,586.57,370.014,174.356,26.057,-0.448,-0.149,0.232,6.506,6.823,-0.663,13.689,1.237,63.987,1.685,5.4,6.8,12.2,44.262,8.6,3.4,0,1,2.4,5.2,3.2,0,1,1.2,-48.7,7.6,3.8,0.8,0,0,0,0,,0.2,0.2,0.2,100,5.4,1,0,2.6,0,0.8,1.4,-0.6,0,0,0,,0,,0,,,0.2,0,2.4,8.333,0,,0,0,0,0,0,0,0,,1.8,9.375,1.4,0,,,0,,,0,,,5.4,50,85.185,1,4.8,5,4.2,3.8
Zac Taylor,Adelaide,23,23.91,Gen. Forward,5,6.32,55.6,50.2,0,0,0,70,6,5.2,11.2,71.429,63.333,80.769,73.214,1.8,44.444,53.571,2.4,1,2,5.6,3.4,3.294,138.4,12.357,126.94,265.34,159.74,64.574,26.623,-6.354,-1.222,2.153,1.918,3.907,0.097,25.501,-3.279,56.786,2.473,4.2,7.6,11.8,35.593,1.8,2.4,0.6,0.4,2,2.6,1.4,0,0.2,3.6,-1.786,2,3.6,4.8,1.4,1.8,6.618,0.8,44.444,0.4,1.2,0.8,75,1.8,0.4,0,0.2,0.2,1.2,0.6,0.6,0,0,0,,0,,0,,,3.6,1,0,,0.4,50,2,0.4,0.2,0.6,0.4,0.6,5.2,66.667,3,15.625,0.8,3,4.305,0.028,2,4.671,-1.171,1,3.573,2.427,0,0,,0,0.8,14.2,5.8,0.6
Jake Soligo,Adelaide,23,23.93,Midfielder,5,8.46,69.4,64.2,0,0,0,80.8,11.2,7.2,18.4,59.783,50,75,62.637,2.2,45.455,60.87,2.6,1,4.2,4.381,3.8,4.842,267.6,14.543,198.726,466.326,254.95,126.926,23.177,5.272,0.753,3.135,3.444,4.857,2.693,27.626,-2.094,55.452,-0.133,7.6,10.2,17.8,42.697,1.4,6.2,1.4,1.6,4.6,2.8,2.4,0.8,1.2,7,0.136,1.2,8.6,5.8,2.2,17.2,63.235,1,5.814,1.8,2.8,4,65,2,0.2,0,0,0,0.6,2,-1.4,0,0,0,,0,,0,,,3.2,0.4,0,,0,,2,0.4,0.4,1,0.6,0.8,6.6,40,3.8,19.792,1.2,5,2.864,-0.064,0,,,5,2.864,-0.064,0,0,,0.2,0.8,19,10.6,0.4
Hugh Bond,Adelaide,22,22.26,Gen. Defender,4,4.925,41.5,31,0,0,0,83.75,4.25,4,8.25,87.879,76.471,100,81.818,0.5,50,51.515,0.75,1.25,2.25,3.667,1.25,6.6,128,15.515,83.822,211.822,111.218,57.005,26.169,6.34,1.585,0.167,2.707,2.71,1.258,17.088,16.245,63.525,3.142,3.25,5.75,9,36.111,3,2.25,0,0.25,2,3,2,0,0.5,4,-27.23,3.5,3.25,2.25,0,0,0,0,,0.25,0.25,0,,1.5,0,0,0,0,0.75,2,-1.25,0,0,0,,0,,0,,,2.75,0,1.5,50,0,,0,0,0,0.25,0,0,0,0,1,5.063,0,1,2.142,-2.142,0,,,1,2.142,-2.142,0,0,,0,2.25,10.25,9,1.25
Daniel Curtin,Adelaide,21,21.81,Midfielder,5,6.64,61.4,60.2,0,0,0,83.4,7,4.6,11.6,75.862,74.286,78.261,70.69,1,40,60.345,1,1.2,1.6,7.25,2.2,5.273,197.6,17.034,147.14,344.74,181.91,120.346,25.987,1.34,0.305,1.751,3.533,3.766,1.387,20.36,17.14,54.886,10.739,5,7,12,41.667,2,3.2,0.4,1,2.2,2.8,1.6,0.6,0.4,3.2,-10.94,2,5.6,3.6,0.8,2,7.353,0.8,40,0.8,1.6,1.6,75,4.2,0.6,0,0.6,0.2,0.6,0.4,0.2,0,0,0,,0,,0,,,4.2,0,0,,0.6,66.667,1,0.2,0,0.2,0,0.4,1.6,100,3.4,17.708,0.6,1,5.597,0.403,0,,,1,5.597,0.403,0,0,,0,1.8,15,8.6,1.2
Rory Laird,Adelaide,33,33,Gen. Defender,4,14.825,128.25,99,0,0,0,79,12.25,13.25,25.5,88.235,85.714,90.566,80.392,1.75,71.429,48.039,1.75,3,1,25.5,2.75,9.273,271.25,10.637,310.772,582.022,290.612,148.493,23.723,1.272,0.096,4.343,7.536,6.533,4.665,19.269,6.818,62.443,-1.574,9.75,16,25.75,37.864,4.75,8.25,0.25,3.75,4.5,4.5,4,1,0.75,8.75,-20.825,7,11.25,6.75,0.75,3.5,12.069,1.25,35.714,3.25,4.5,4.25,82.353,5.5,0,0,0.75,0,0.5,0.25,0.25,0,0,0,,0,,0,,,4.5,0,0,,0,,1,0.25,0,0.25,0.25,0.5,3.25,100,4.5,21.951,1.25,1,2.508,3.492,0,,,1,2.508,3.492,0.5,4.348,50,0.25,2.25,13,10,2
Alex Neal-Bullen,Adelaide,30,30.97,Gen. Forward,5,7.02,68.8,62.2,0,0,0,79.8,9,5.6,14.6,61.644,51.111,78.571,54.795,2.6,53.846,61.644,2.6,0.4,2,7.3,4.8,3.042,248.4,17.014,175.554,423.954,245.232,97.458,27.248,-4.426,-0.79,0.696,3.376,4.055,0.233,28.282,5.051,44.274,-5.385,6,8.4,14.4,41.667,1.8,5,1.8,0.8,4.2,4.2,3.6,0,2.4,5,4.367,1.4,5.4,4.6,3,0,0,0.2,,1.4,1.6,1.4,57.143,3,0,0.4,0,0,1,0.6,0.4,0,0,0,,0,,0,,,3.6,0.6,0,,0,,1,0.2,0.2,0.4,0.6,1,5.4,50,3.4,17.708,0.6,2,3.75,-0.25,1,5.995,0.005,1,1.505,-0.505,0,0,,0,0.8,18.8,8.6,0.4
Reilly O'Brien,Adelaide,31,31.36,Ruck,5,10.24,90.2,82.6,0,0,0,79.8,4.8,5.2,10,68,50,84.615,72,1,80,48,1,1.2,2.8,3.571,2,5,111.4,11.14,109.034,220.434,112.374,59.958,23.411,1.846,0.355,4.679,3.057,5.285,0.437,25.685,-2.155,50.226,14.48,6.2,4.4,10.6,58.491,2.4,2.8,0.2,1.2,1.6,2.8,1.4,0,0.4,2.4,-7.124,2,4,3.8,0.8,22.4,82.353,0.6,2.679,1.6,2.2,3.6,72.222,2.6,0.6,0.4,1.2,0,1.2,1.6,-0.4,79.4,79.559,36.8,46.348,9.4,25.543,1,45.109,40.217,4.2,0,0.8,0,1,40,0,0,0,0.2,0.6,1.6,4.6,0,3.6,18.75,2.8,1,3.216,-3.216,1,3.216,-3.216,0,,,0,0,,0,3.2,13.6,6.2,2.4
Wayne Milera,Adelaide,29,29.29,Gen. Defender,5,10.08,87.2,73.2,0,0,0,82.8,11.8,6.6,18.4,84.783,79.661,93.939,80.435,1,60,64.13,1,4.2,2,9.2,2.4,7.667,326.2,17.728,213.43,539.63,303.676,187.012,25.735,2.08,0.315,1.115,7.609,5.305,3.525,17.483,4.551,58.432,4.28,5.4,12.6,18,30,4.8,4,0.2,0.4,3.6,4,3.2,0.2,1.2,6.2,-34.26,8.6,6.4,2.8,0.2,0,0,0,,1,1,0.8,75,5.8,0.6,0,1.6,0,0.6,1,-0.4,0,0,0,,0,,0,,,2.4,0,0.6,0,0,,0,0,0,0,0.2,0.2,1.2,,3.6,18.75,1.2,0,,,0,,,0,,,1,9.259,80,0.2,1.4,9.8,6.8,0.8
Jordan Dawson,Adelaide,29,29.72,Midfielder,5,10.3,101.6,105.6,12,2.4,2,89.2,15.2,7.2,22.4,66.071,59.211,80.556,64.286,4.6,52.174,67.857,5.8,1,4,5.6,4.8,4.667,458.4,20.464,166.188,624.588,457.62,216.736,30.107,-5.884,-0.817,3.32,4.028,5.544,2.524,25.423,-5.423,51.569,-2.339,9,13.8,22.8,39.474,2.8,4.8,0.4,1.6,3.2,3.2,1.6,2,0.2,8,0.457,1.6,8.4,11.6,1.2,23.8,87.5,1.8,7.563,3,4.8,5.4,81.481,4.8,0.4,0.2,0.4,0.2,1.6,1.2,0.4,0,0,0,,0,,0,,,7.6,0.6,0,,0.2,100,2,0.4,0.4,1.4,0.6,0.6,6.4,28.571,4.4,22.917,1.4,7,2.039,-0.039,1,1.505,-1.505,6,2.128,0.205,0,0,,0.4,1.2,23.2,10,0.4
Ben Keays,Adelaide,29,29.85,Gen. Forward,5,8.88,73,66.2,3,0.6,1,89.4,6.8,7.4,14.2,57.746,47.059,67.568,61.972,2,40,47.887,2.2,0.4,2.2,6.455,3.6,3.944,188.8,13.296,118.77,307.57,181.82,63.504,27.548,-5.738,-0.775,1.014,6.176,6.406,0.936,30.571,-13.904,51.973,-7.528,7.6,6.2,13.8,55.072,1.4,5.8,1.8,2.2,3.6,5.4,4.2,0.4,1.2,3.6,22.055,0.4,4,5,4.4,1,3.676,0.4,40,0.8,1.2,1.6,75,2.8,0.4,0.8,0,1.2,1,0.6,0.4,0,0,0,,0,,0,,,4.2,1.2,0.2,0,0.4,50,5,1,0.6,2.4,0.4,0.6,9.2,41.667,4.2,21.875,0.6,12,2.702,0.048,7,3.214,0.357,5,1.984,-0.384,0,0,,0,1,18.2,5.4,0.6
Darcy Fogarty,Adelaide,27,27.26,Key Forward,5,6.24,58.4,57,0,0,0,82.2,8,5,13,70.769,67.5,76,70.769,1.6,37.5,61.538,2,0.4,2,6.5,3.2,4.062,183,14.077,148.252,331.252,201.534,99.832,25.838,-5.768,-1.154,0.216,4.362,4.114,0.785,23.916,19.418,55.597,11.069,4.4,8.6,13,33.846,1.2,2.4,1.4,0.8,1.6,4.2,2.4,0.2,0.6,3.6,15.844,0.4,4.8,4.4,3.4,0,0,0.2,,0,0.2,0.2,100,4.8,0.8,0.6,0.2,0.4,1,0.4,0.6,0,0,0,,0,,0,,,0.6,0.4,0,,1.2,83.333,5,1,0.4,1.8,0.8,1,11.4,55.556,4.6,23.958,0.2,9,3.474,0.082,5,3.829,-0.029,4,3.029,0.221,0,0,,0,1.4,5.2,1.4,1.2
Jack Graham,West Coast,28,28.84,Mid-Forward,3,10.4,93,90,0,0,0,80,11.667,8,19.667,76.271,71.429,83.333,69.492,2.667,37.5,59.322,3,1,4,4.917,4,4.917,287.667,14.627,234.06,521.727,292.083,148.357,25.036,-7.023,-0.878,5.215,2.282,5.584,2.793,26.267,-14.839,55.894,-7.322,9.333,10.667,20,46.667,2.667,5.333,0,2.333,3,3,2.333,1.667,0.667,7,-5.158,2,7.333,10.333,0.333,17.667,63.095,2,11.321,4,6,4.333,84.615,2,0,0.333,0,0.667,2.667,2.333,0.333,0,0,0,,0,,0,,,9.333,0,0.333,100,0,,0,0,0,0,0,0.333,0.333,,2.333,15.217,1,0,,,0,,,0,,,0,0,,0,0.667,27.333,13.667,0
Saad El-Hawli,Essendon,25,25.63,Midfielder,3,6,44.667,46.333,0,0,0,74.333,7.667,2.667,10.333,70.968,60.87,100,74.194,1.667,20,74.194,2,1.667,2.333,4.429,2.333,4.429,248.667,24.065,118.827,367.493,226.05,141.887,29.485,4.153,1.558,0.857,4.422,3.157,1.281,21.591,5.681,46.492,12.599,2.333,8.667,11,21.212,1.667,1.667,0,0,1.667,2,1.333,0,1,4.667,-25.045,3.333,4.667,3,0,0,0,0.333,,0,0.333,0,,4,0.333,0,1,0,0.333,0.333,0,0,0,0,,0,,0,,,1.667,0,0,,0.667,0,0,0,0,0,0,0.333,0.333,,2,11.111,0.667,0,,,0,,,0,,,0,0,,1,1.667,13,9,1.667
Rhys Unwin,Essendon,20,20.22,Gen. Forward,3,1.933,22,28.667,0,0,0,64.333,5,1.667,6.667,65,53.333,100,70,1.667,60,75,1.667,0.333,1.667,4,1.667,4,123.333,18.5,57.937,181.27,118.9,40.993,23.78,-2.167,-1.3,0.257,0.718,2.24,-0.507,33.129,3.235,59.278,-4.733,3,4,7,42.857,0.333,1.333,0.333,0,1.333,2.667,1.333,0.333,1,1,15.707,0.333,2,3,1.667,0,0,0,,0.333,0.333,0.333,100,2.333,0,0.667,0,0,1.333,1,0.333,0,0,0,,0,,0,,,0.667,0.667,0,,0,,1,0.333,0.333,1,0,0.333,2.667,33.333,2.667,14.815,0,3,2.795,-0.461,2,2.582,0.418,1,3.22,-2.22,0,0,,0.333,0,9,2.333,0
Kyle Langford,Essendon,30,30.08,Key Forward,3,11.4,66.667,66.333,0,0,0,81.667,9,5,14,76.19,62.963,100,76.19,2,33.333,64.286,2.333,0,2.667,5.25,2.333,6,249,17.786,163.97,412.97,236.92,124.557,26.324,-2.943,-0.589,0.704,8.706,4.197,5.759,29.38,11.529,54.091,-4.091,4.333,9.667,14,30.952,1,3,0.667,0,3,3.333,2.667,0.667,1,4.333,10.783,0.333,6,4.667,3,0,0,0.333,,0.667,1,0.667,100,4.667,0.333,1.667,0,1.333,0,0.667,-0.667,0.333,0.391,0,0,0,,0,,,2.333,1,0.333,100,0.667,0,4,1.333,0,1.333,1,1.667,14.667,100,5.333,29.63,0,4,3.094,2.906,3,3.52,2.48,1,1.816,4.184,0,0,,0.667,1,12.667,4,0.667
Lance Collard,St Kilda,21,21.76,Gen. Forward,2,4.1,33.5,29,0,0,0,45,2.5,1.5,4,87.5,80,100,62.5,0,,62.5,0,0.5,0.5,8,1,4,42,10.5,54.21,96.21,45.11,4.255,18.044,-1.28,-0.853,0,2.239,1.259,1.295,16.125,-16.125,45.51,-45.51,1,2.5,3.5,28.571,1,0.5,0.5,0,0.5,1,0.5,0,0,1.5,14.086,0.5,1.5,0.5,1,0,0,0,,0,0,0,,1,0,0.5,0.5,0,0.5,0.5,0,0,0,0,,0,,0,,,2.5,2,0,,0,,2,1,0.5,1.5,0,0,6.5,66.667,1.5,6.667,0.5,3,4.28,0.054,1,4.482,1.518,2,4.178,-0.678,0,0,,0,0,10,2.5,0
Alex Dodson,St Kilda,20,20.54,Key Forward,1,-1,13,22,0,0,0,48,3,5,8,75,33.333,100,75,1,100,37.5,1,0,2,4,1,8,75,9.375,133.44,208.44,108.52,27.35,36.173,-10.01,-2.002,-1.066,-1.049,0.302,-0.515,26.78,73.22,27.98,72.02,0,6,6,0,1,0,0,0,0,0,0,0,0,3,-1.29,2,0,2,2,0,0,0,,0,0,0,,2,0,1,0,1,0,2,-2,17,16.038,2,11.765,0,0,0,0,0,0,0,0,,1,0,0,0,1,1,0,1,2,0,2,9.091,0,1,2.869,-1.869,1,2.869,-1.869,0,,,0,0,,0,0,3,0,0
Tobie Travaglia,St Kilda,20,20.18,Gen. Defender,2,3.9,42,43.5,0,0,0,62.5,4.5,2.5,7,78.571,77.778,80,64.286,0.5,100,64.286,0.5,1.5,0,,1.5,4.667,141.5,20.214,59.335,200.835,136.565,62.515,30.348,1.7,0.68,0,2.697,1.619,0.562,19.794,17.706,57.076,5.424,2,5,7,28.571,2,1.5,0,0,1.5,2,1.5,0,0,1.5,-29.028,3.5,2.5,0.5,0.5,0,0,0,,0,0,0,,3.5,0,0,0,0,0.5,0,0.5,0,0,0,,0,,0,,,3.5,0.5,0,,0,,0,0,0,0.5,0,0.5,0.5,0,1.5,6.667,0,1,2.158,-2.158,0,,,1,2.158,-2.158,0,0,,0,1,6.5,5,1
Corey Wagner,Fremantle,29,29.77,Midfielder,2,4.35,50.5,41.5,0,0,0,50,6,2.5,8.5,70.588,58.333,100,52.941,2,25,70.588,2,1.5,1,8.5,2.5,3.4,184.5,21.706,79.51,264.01,187.61,65.325,31.268,-1.085,-0.434,2.615,-0.904,2.894,-1.283,22.977,4.295,50.036,-22.764,4,5.5,9.5,42.105,1,2.5,0,0,2.5,1,1,0.5,0,3,-15.958,3,3,3,0.5,4.5,15.517,2,44.444,1,3,1.5,100,2,0,0,0,0,0.5,0,0.5,0,0,0,,0,,0,,,3,1.5,0,,0,,0,0,0,0,0.5,0.5,3,,2.5,10.87,1,0,,,0,,,0,,,0,0,,0,0.5,10,5.5,0
Lachlan Murphy,Adelaide,28,28.07,Gen. Forward,1,1.5,24,19,0,0,0,81,2,4,6,83.333,100,75,66.667,0,,33.333,0,0,1,6,2,3,1,0.167,85.48,86.48,33.37,-34.65,16.685,-9.07,-2.268,1.038,-0.349,1.993,-0.935,31.94,18.06,65.75,-15.75,3,4,7,42.857,1,3,0,2,1,1,1,0,0,3,3.401,0,3,4,0,0,0,0,,1,1,0,,1,0,0,0,0,1,1,0,0,0,0,,0,,0,,,1,1,0,,0,,0,0,0,0,0,0,0,,2,14.286,0,0,,,0,,,0,,,0,0,,0,0,9,4,0
Harry Schoenberg,West Coast,25,25.85,Midfielder,1,0.9,26,23,0,0,0,18,1,4,5,60,0,75,60,0,,20,0,0,1,5,1,5,15,3,104.25,119.25,19.59,2.48,19.59,3.45,0.862,0.022,0.479,2.066,-1.587,25.84,-25.84,40.99,-40.99,2,3,5,40,2,1,0,1,0,2,1,0,0,2,-24.086,2,0,3,0,2,10,0,0,0,0,0,,1,0,0,0,0,1,0,1,0,0,0,,0,,0,,,2,0,0,,0,,0,0,0,0,0,0,0,,1,7.143,0,0,,,0,,,0,,,0,0,,0,1,5,4,0
Taylor Walker,Adelaide,36,36.68,Key Forward,4,5.7,54.75,59.25,0,0,0,82,8.75,4,12.75,54.902,51.429,62.5,60.784,2.5,70,68.627,3.75,0,3.75,3.4,4,3.188,337.5,26.471,72.523,410.023,318.332,207.445,36.381,14,3.5,-0.067,3.652,4.225,0.578,30.059,3.275,47.056,0.563,4,8.75,12.75,31.373,0.5,2.25,1,0.5,1.75,3.75,2,0,1,3,30.043,0,2.5,5.25,5,0,0,0,,0,0,0.25,0,5.5,1.25,2,0.25,0.5,0.5,1.25,-0.75,0.25,0.249,0,0,0,,0,,,0.75,0.5,0,,3,25,5,1.25,1.25,3.25,0.75,1.5,14,38.462,5.5,29.73,0,13,3.046,-0.354,11,3.232,-0.051,2,2.02,-2.02,0,0,,0,0.5,8.25,1.5,0.5
Brodie Smith,Adelaide,34,34.96,Gen. Defender,4,7.175,46.25,47.25,0,0,0,47.25,7.75,2.75,10.5,71.429,67.742,81.818,66.667,1.25,40,73.81,1.75,1.75,1.75,6,2.25,4.667,237.5,22.619,126.568,364.068,221.543,125.395,28.586,8.748,3.181,0.59,5.738,4.148,2.351,21.603,5.32,58.247,7.138,3.75,7,10.75,34.884,3.5,1.75,0,0.25,1.5,3.25,1.25,0,0.25,3.75,-25.151,3.5,5,2,0.25,0,0,0.25,,0.25,0.5,0,,3,0.5,0,1,0,1,0.75,0.25,0,0,0,,0,,0,,,2.25,0,0.5,0,0,,1,0.25,0.25,0.75,0.25,0.25,3.25,33.333,1.5,8.108,0.5,3,2.7,-0.366,1,2.148,-2.148,2,2.975,0.525,0.25,2.083,100,0,0.75,6.25,4.5,0.25
Lachie Schultz,Collingwood,29,29.08,Gen. Forward,5,7.62,86.2,82.6,0,0,0,81.6,10,6.8,16.8,70.238,68,73.529,66.667,2,60,59.524,2.4,0.2,3,5.6,2.8,6,253.2,15.071,221.362,474.562,272.906,143.19,27.291,5.962,0.877,0.722,3.7,4.085,0.736,30.278,0.278,59.156,7.51,4.6,12.2,16.8,27.381,1.4,3,0.8,1,2,2.2,1,0.2,0.2,3.4,13.948,0.6,5.4,6.2,4.6,0,0,0,,1.2,1.2,2,50,6.6,0,2.2,0.2,2,1.8,0.8,1,0,0,0,,0,,0,,,3.2,2,0,,0.8,25,5,1,1,2.4,1.4,2.4,16.4,41.667,5.2,24.528,1,12,3.044,-0.127,8,2.982,-0.232,4,3.166,0.084,0,0,,0,0.8,18.2,7.4,0.4
Patrick Lipinski,Collingwood,28,28.45,Mid-Forward,5,7.52,60.8,64.6,0,0,0,79,9,6.6,15.6,71.795,64.444,81.818,67.949,2.2,45.455,57.692,2.8,1.4,1.8,8.667,2.6,6,263.4,16.885,193.738,457.138,231.438,133.746,25.715,17.744,2.688,0.377,5.081,4.529,1,29.659,4.552,57.583,2.943,5,10.8,15.8,31.646,1.4,4,1.4,1,3,3.8,3.4,0,0.8,4.4,5.452,1.8,5,6.2,2.8,0.2,0.813,0,0,0.6,0.6,0.8,25,5.4,0.2,0.6,0.2,0.6,0.6,0.6,0,0,0,0,,0,,0,,,1.6,0.6,0,,0.4,50,2,0.4,0.6,1.2,0.2,0.2,4.2,33.333,3.8,17.925,0.4,6,3.714,-1.214,2,4.321,-0.821,4,3.411,-1.411,0,0,,0,0.6,12.8,3.6,0.2
Beau McCreery,Collingwood,25,25.7,Gen. Forward,5,9.66,65.8,59.8,0,0,0,73.6,7.8,6.6,14.4,72.222,56.41,90.909,70.833,2.6,30.769,54.167,3.6,0.4,3.2,4.5,3,4.8,279.6,19.417,169.48,449.08,214.814,118.394,29.029,7.416,1.124,2.329,4.903,3.655,3.982,33.92,-10.587,48.012,1.988,5.2,9,14.2,36.62,2.2,3.8,1.4,0.6,3.2,2.8,2.4,1,0.8,4.8,15.4,0.8,3.6,6.6,3.2,6.6,26.829,1.2,18.182,0.8,2,1.6,75,2.6,0.2,0.2,0,0,0.2,1,-0.8,0,0,0,,0,,0,,,3.8,1.2,0,,0.6,0,2,0.4,0.6,1,0.6,1.2,7.2,40,4.2,19.811,1.2,5,3.141,-0.141,0,,,5,3.141,-0.141,0,0,,1.8,1.8,20.8,5.8,0.6
Josh Daicos,Collingwood,28,28.09,Gen. Defender,5,10.26,93,95.8,4,0.8,1,86.8,18,6.8,24.8,74.194,75.556,70.588,70.161,3,53.333,72.581,3.6,6.6,3,8.267,4.8,5.167,527.4,21.266,272.39,799.79,479.826,290.31,26.957,29.698,4.367,2.271,4.991,6.016,1.698,19.207,-3.115,59.167,-0.546,7.2,14.2,21.4,33.645,4.4,5.6,0.2,0.6,5,4,3.6,0.4,1.2,7,-22.782,7.2,8.2,5.4,0.6,2.8,11.382,0.8,28.571,1.6,2.4,1.4,71.429,6.2,0.4,0.2,0.6,0.2,0.8,0.6,0.2,0,0,0,,0,,0,,,2.6,0,0.4,50,0,,0,0,0.2,0.2,0,0.2,0.4,0,3.6,16.981,1,1,3.443,-2.443,1,3.443,-2.443,0,,,3.2,37.209,93.75,0.2,0.2,9,6,0.2
Isaac Quaynor,Collingwood,26,26.95,Gen. Defender,5,8.64,74,68,6,1.2,2,83.6,10.8,5.6,16.4,89.024,88.889,89.286,80.488,0.6,0,65.854,1,3.4,1.2,13.667,2,8.2,305.2,18.61,271.34,576.54,245.018,181.878,22.687,37.394,6.678,-0.01,7.422,3.781,3.043,18.963,-1.655,69.457,1.697,3.4,11.8,15.2,22.368,5.8,2.6,0,0.6,2,3,2.2,0,0.8,5.8,-32.636,5.8,6.6,2.8,0,0,0,0,,0.4,0.4,0.2,100,6.2,0.6,0,2.2,0.2,0.8,0.2,0.6,0,0,0,,0,,0,,,1.4,0.2,0.6,66.667,0,,0,0,0,0.2,0,0,0,0,3.2,15.094,1.2,1,1.815,-1.815,1,1.815,-1.815,0,,,0.2,2.326,100,0.2,3,9.4,6.4,2.4
Wil Parker,Collingwood,24,24.59,Gen. Defender,3,4.5,44.667,44,0,0,0,73.667,7.667,3.333,11,60.606,56.522,70,50,1,33.333,69.697,1,1.667,1.667,6.6,3.333,3.3,244.333,22.212,45.55,289.883,230.11,97.05,31.379,13.637,4.091,-0.2,3.415,3.158,0.462,23.695,2.621,51.136,-9.031,2.333,8,10.333,22.581,5,1.667,0,0,1.667,2.333,1.667,0,0,4,-17.459,3.667,2,4,0.667,0,0,0,,0,0,0,,3.333,0,0.333,1.333,0,0.333,1.333,-1,0,0,0,,0,,0,,,2,0,0.667,100,0,,0,0,0,0.333,0,0.333,0.333,0,1.667,7.937,0.667,1,3.875,-3.875,0,,,1,3.875,-3.875,0,0,,0,1.667,12.333,9.667,1.333
Ned Long,Collingwood,23,23.9,Midfielder,5,8.9,84.2,77.6,0,0,0,73.8,7.8,9.8,17.6,57.955,56.41,59.184,61.364,2.2,45.455,44.318,2.8,1.4,3.4,5.176,4,4.4,232.2,13.193,252.58,484.78,196.448,96.51,25.186,33.46,3.414,4.199,1.483,4.772,1.545,34.074,-2.074,57.645,-9.645,8.2,8.6,16.8,48.81,1.2,6,1.6,1.2,4.8,2.6,1.8,0.8,1.4,5.6,-1.304,2.6,5.8,6,2.4,11.4,46.341,0.6,5.263,3.2,3.8,5.4,74.074,2.6,0,0.4,0.2,0,1,1.4,-0.4,0,0,0,,0,,0,,,7.2,1.6,0,,0.4,50,1,0.2,0,0.4,1,1.2,7.4,50,2.6,12.264,0.8,2,2.56,0.44,0,,,2,2.56,0.44,0,0,,0,1.2,20.6,10.2,0.6
Edward Allan,Collingwood,22,22.6,Midfielder,2,2.1,22.5,23.5,0,0,0,36,2,3.5,5.5,72.727,50,85.714,72.727,1,0,36.364,1,0.5,1.5,3.667,2,2.75,61,11.091,55.825,116.825,72.78,6.375,36.39,-3.265,-0.933,0.261,0.851,1.507,-0.026,16.385,-16.385,37.372,-12.372,2,4,6,33.333,2,1.5,0.5,0.5,1,1.5,1,0,0,2,2.178,1,1.5,2,1.5,0,0,0,,0.5,0.5,0.5,100,2,0,0,0.5,0,0,0.5,-0.5,0,0,0,,0,,0,,,1.5,0,0,,0,,0,0,0,0,0,0,0,,1.5,7.692,0.5,0,,,0,,,0,,,0,0,,0.5,1,7,3,0.5
Nick Daicos,Collingwood,23,23.99,Midfielder,5,17.08,116.4,106.2,24,4.8,4,87.2,17.4,12.2,29.6,73.649,67.816,81.967,66.216,5.8,37.931,58.784,6.4,2.2,5.2,5.692,5.8,5.103,567.8,19.182,340.936,908.736,503.636,257.71,29.281,24.328,1.994,4.512,7.981,5.748,8.507,28.226,0.94,51.112,0.277,10.4,17.8,28.2,36.879,2.2,7.6,2,2.4,5.2,2.6,2.4,2.2,0.8,11.6,-0.064,3.2,10.8,10.4,3.8,18.2,73.984,2.6,14.286,2.6,5.2,6.6,69.697,3.8,0,0.2,0.2,0.6,1.4,2.2,-0.8,0,0,0,,0,,0,,,5,1.4,0,,0,,2,0.4,1,1.4,0.6,1.2,7.6,28.571,6.6,31.132,1.8,7,2.408,0.021,1,2.205,-1.205,6,2.442,0.225,0.4,4.651,100,1.6,0.2,19.6,8.6,0
Scott Pendlebury,Collingwood,38,38.98,Midfielder,5,10.92,82.4,72.4,7,1.4,3,57.2,9.6,9.2,18.8,78.723,75,82.609,75.532,2.2,45.455,51.064,2.6,1.6,0.8,23.5,2.6,7.231,202.2,10.755,327.714,529.914,185.222,100.8,19.294,16.576,1.802,4.021,4.308,4.645,3.453,26.179,-4.228,69.059,1.673,6.2,11.2,17.4,35.632,2.8,4,0.8,0.4,3.6,2.6,2.2,1,1,7.2,-6.283,4,4.8,6.6,2,9.6,39.024,1.8,18.75,1.4,3.2,3.2,81.25,3.6,0,0.2,0.4,0,0.6,0.2,0.4,0,0,0,,0,,0,,,3.6,0.4,0,,0,,0,0,0,0.2,1.4,2,9,0,4.8,22.642,0.8,1,2.202,-2.202,0,,,1,2.202,-2.202,1.4,16.279,57.143,0,0.8,11.4,6.2,0.2
Steele Sidebottom,Collingwood,35,35.99,Midfielder,5,9.7,73,67.6,3,0.6,1,81.6,10.8,6.2,17,69.412,70.37,67.742,62.353,2.6,38.462,63.529,2.8,1.8,3.2,5.312,3.8,4.474,355.4,20.906,159.972,515.372,328.878,161.06,30.452,15.632,2.521,1.905,5.673,3.505,4.03,25.016,-6.411,47.123,8.691,4.6,11.4,16,28.75,3.4,4,0.6,1,3,2.6,2.4,0.2,1.4,6.6,1.825,2,6.2,5,2.8,4,16.26,0.6,15,1,1.6,1.2,83.333,4.2,0,0.4,0.8,0.2,0.2,1,-0.8,0,0,0,,0,,0,,,2,0.2,0,,0,,4,0.8,0.2,1.4,1,1.2,11.2,57.143,4,18.868,1,7,2.722,0.849,3,3.063,0.937,4,2.466,0.784,0,0,,0,1.8,14.8,8,0.6
Brody Mihocek,Melbourne,33,33.9,Key Forward,4,1.175,40,38.5,0,0,0,80.75,5.75,2.75,8.5,50,39.13,72.727,47.059,1,50,67.647,1.5,0,3.25,2.615,2.75,3.091,192.5,22.647,33.53,226.03,186.5,74.068,32.435,17.955,6.529,0,0.236,4.183,-1.892,38.376,0.085,46.992,-0.838,3.75,5,8.75,42.857,1,2.75,1.75,1.5,1.25,3.75,2.75,0,0.5,1,35.081,0,1.25,2.75,4.75,0,0,0,,0,0,0,,2.5,0,1.5,0.25,1.5,1,1.75,-0.75,2.75,2.813,0.25,9.091,0,0,0,0,0,2.25,1.25,0,,3,16.667,1,0.25,1.75,2.5,0.5,0.75,6.5,10,3.25,15.663,0.25,10,2.814,-1.514,6,2.788,-1.122,4,2.854,-2.104,0,0,,0,1.25,7.75,1.25,0.5
Jamie Elliott,Collingwood,34,34.36,Gen. Forward,5,10.74,80.6,79.6,4,0.8,2,85.8,9.4,3.2,12.6,63.492,61.702,68.75,63.492,2.6,30.769,74.603,3.6,0,2.2,5.727,2.8,4.5,214.4,17.016,96.218,310.618,234.514,106.17,24.948,0.098,0.031,0.377,8.303,5.404,4.14,38.212,-18.212,63.69,-11.69,4.2,8,12.2,34.426,0.2,1.6,1,0.2,1.4,3,0.8,0.2,0.4,1.2,38.534,0,1,6,5.2,0,0,0,,1,1,0.8,100,6.4,1.4,2.4,0,1.8,0.8,0.6,0.2,0,0,0,,0,,0,,,2.6,2,0,,1.2,0,13,2.6,0.8,3.6,0.2,0.6,18,72.222,5.2,24.528,0.4,18,3.636,0.92,11,3.947,1.599,7,3.147,-0.147,0,0,,0,0.6,12.4,1.2,0.2
Jack Crisp,Collingwood,33,33.24,Midfielder,5,10.92,98,95.4,0,0,0,80.2,10.6,10.8,21.4,68.224,62.264,74.074,65.421,2.6,38.462,49.533,2.6,1.8,4,5.35,4.8,4.458,310,14.486,189.572,499.572,249.728,143.66,24.012,35.42,3.28,1.088,6.535,7.529,0.424,24.549,-1.144,53.647,-0.455,8.8,13.6,22.4,39.286,4,6.4,1,2,4.4,5.8,4.4,0.6,1.8,6.8,-3.441,4.8,6.8,7.2,3.6,4,16.26,0.2,5,2.4,2.6,2.2,100,5.2,0.4,0.8,1.2,0.2,0.8,1.4,-0.6,0,0,0,,0,,0,,,6.8,2.8,0.2,0,0,,2,0.4,0.2,1,0,0.2,2.8,40,4.2,19.811,2,5,2.992,-0.392,4,2.853,0.147,1,3.549,-2.549,0,0,,0,1.6,18.6,7.2,0.6
Tim Membrey,Collingwood,32,32.6,Key Forward,5,1.32,47.8,45.8,0,0,0,79.8,5.2,3.6,8.8,52.273,46.154,61.111,54.545,1,40,59.091,1.2,0,1.6,5.5,2.2,4,134,15.227,47.432,181.432,151.532,54.006,29.141,-3.324,-0.923,0.095,-0.885,3.021,-2.971,36.79,-13.713,58.578,-4.732,2.6,7,9.6,27.083,0.6,1.6,0.6,0.8,0.8,2.6,1.6,0,0,2,36.059,0,1.8,2.8,5,0,0,0,,0,0,0,,4.2,0.2,2.4,0.2,1.8,0.4,0.6,-0.2,0.8,0.866,0.2,25,0.2,100,0,100,100,1.4,1,0,,2.8,7.143,4,0.8,1.2,2.6,0,0.2,6.2,30.769,4,18.868,0.4,13,3.175,-0.868,11,3.082,-0.445,2,3.69,-3.19,0,0,,0,1.8,6.4,1.4,1.4
Daniel McStay,Collingwood,31,31.52,Key Forward,3,5.033,50.333,39.667,0,0,0,76,3.333,3.667,7,57.143,60,54.545,61.905,0.667,0,47.619,0.667,0,0.667,10.5,1,7,79.333,11.333,42.883,122.217,92.42,45.503,27.726,-4.043,-1.103,0.005,4.107,3.263,0.236,25.876,-25.876,48.966,31.034,3.333,3.333,6.667,50,0,2,1.667,0.667,1.333,1.667,1,0,0.333,1.667,40.108,0,1.333,1.667,3.667,2.667,11.429,0,0,0.333,0.333,1.667,40,1.333,0.333,0.667,0,1,0.333,0,0.333,16.333,18.284,2.667,16.327,0.667,25,0.667,37.5,37.5,2.667,1,0,,1,33.333,2,0.667,0.667,1.667,0,0.333,5,40,2.333,10.606,0,5,2.564,0.236,2,3.366,-0.366,3,2.03,0.637,0,0,,0,1,8.333,1.667,1
Darcy Moore,Collingwood,30,30.93,Key Defender,4,9.65,66,46,10,2.5,1,92.25,6,4,10,87.5,83.333,93.75,72.5,0.25,0,60,0.25,3,1.75,5.714,1.75,5.714,157.5,15.75,149.077,306.578,150.835,76.96,25.139,3.795,0.949,0,8.78,5.614,1.284,19.651,-15.303,64.751,-3.882,4.25,5,9.25,45.946,7.5,2.75,0,0.5,2.25,4.25,2.75,0,0.25,0.25,-32.188,3.5,4.5,1.25,0,0,0,0,,0,0,0,,5.25,1.25,0,3.25,0,0.25,1,-0.75,0,0,0,,0,,0,,,1.75,0,2.75,36.364,0,,0,0,0,0,0,0,0,,0.5,2.41,0.25,0,,,0,,,0,,,0,0,,0,6.75,5,5,6.25
Darcy Cameron,Collingwood,31,31.45,Ruck,5,13.56,101.6,101.6,10,2,1,82.4,11.4,6,17.4,64.368,59.649,73.333,64.368,1,60,65.517,1.8,1.8,4.2,4.143,2.2,7.909,206.6,11.874,219.522,426.122,211.022,103.636,18.841,10.014,1.669,4.409,7.393,7.427,2.426,21.863,-5.196,62.7,-7.938,9.2,6.2,15.4,59.74,4.6,3.2,0,1.4,1.8,3.8,1.4,0,0.2,2.6,-17.702,3.6,7.6,3.6,0.6,19.8,80.488,0.4,2.02,3.2,3.6,6.8,61.765,4.6,1.6,0.4,2.6,0.2,2.2,1.6,0.6,70.6,76.407,27,38.244,7.2,26.667,2.2,46.667,39.259,3.4,0.2,0.6,0,1.4,28.571,3,0.6,0,0.6,0,0.4,4,100,3.8,17.925,2.6,3,3.141,2.859,2,3.494,2.506,1,2.434,3.566,0,0,,0,2.2,8.4,5.6,2.2
Billy Frampton,Collingwood,30,30.11,Key Defender,5,9.68,74.2,58.2,0,0,0,94,9.2,4.2,13.4,85.075,84.783,85.714,73.134,0.8,75,68.657,0.8,3.6,3.2,4.188,2.6,5.154,216.6,16.164,193.308,409.908,202.206,95.004,21.979,0.82,0.195,0,9.283,6.639,0.45,17.482,-2.265,68.063,-2.845,5,8.6,13.6,36.765,8.2,2.4,0,0,2.4,5,2.4,0,0.8,1.4,-42.066,7.4,3.8,2.4,0,0,0,0,,0,0,0,,7,1.2,0,3,0,1.4,1.4,0,0,0,0,,0,,0,,,1,0,1.6,25,0,,0,0,0,0,0,0,0,,1.4,6.604,0.4,0,,,0,,,0,,,0,0,,0,7,4.8,3.4,5.6
Brayden Maynard,Collingwood,30,30.27,Gen. Defender,5,10.1,90.8,81.8,0,0,0,85.4,13.2,6.2,19.4,85.567,84.848,87.097,76.042,1.2,33.333,68.041,1.4,3.6,2.4,8.083,3,6.467,421.6,21.732,202.362,623.962,399.154,245.952,30.239,15.362,2.478,0.402,8.214,5.171,3.599,17.613,-5.946,58.658,4.675,5.4,12.6,18,30,6.4,4,0,0.8,3.2,5,3.6,0,1.2,5,-31.948,6.8,7.6,3.4,0.2,0,0,0,,0.2,0.2,0.2,100,7.4,0.6,0.2,1.8,0.2,0.8,1.4,-0.6,0,0,0,,0,,0,,,2.4,0,1.8,22.222,0,,1,0.2,0.2,0.4,0,0.2,1.6,50,2.4,11.321,0.8,2,1.91,1.59,1,1.195,-0.195,1,2.625,3.375,1,11.628,80,0.2,3.6,9.2,6,3.6
Jordan De Goey,Collingwood,30,30.79,Mid-Forward,5,11.12,79.2,72.4,19,3.8,3,76.8,11,8.8,19.8,64.646,54.545,77.273,65.657,3.2,43.75,55.556,4,1.4,3.6,5.5,4.2,4.714,352.6,17.808,215.228,567.828,286.688,193.006,26.545,22.514,2.558,2.486,6.868,4.796,5.629,27.528,-0.501,51.37,8.089,7.6,12.2,19.8,38.384,1.4,4.2,0.6,1.2,3,2.6,1.6,1.6,1.2,8.6,1.901,2.4,7,8.2,2.2,14,56.911,1.6,11.429,2.2,3.8,5,76,2.8,0.2,0.2,0,0,0.8,1.2,-0.4,0,0,0,,0,,0,,,2.4,0,0,,0,,5,1,0.6,1.8,0.6,1.4,11,55.556,5.8,27.358,1.2,9,2.649,1.018,2,2.222,-1.722,7,2.771,1.801,0,0,,0,1.4,13,5.8,0
Dan Houston,Collingwood,29,29.63,Gen. Defender,5,9.98,79,78.6,2,0.4,1,84,13.6,5.6,19.2,75,67.647,92.857,76.042,2.2,72.727,70.833,2.8,3.2,3.2,6,2.6,7.385,366,19.062,166.23,532.23,349.398,227.67,25.691,10.102,1.804,1.209,6.439,5.427,2.406,21.631,-1.292,60.559,10.627,5.2,12.4,17.6,29.545,4.6,4.2,0.4,0.6,3.6,3.2,3.2,0.6,1.6,6.2,-13.217,5,5.2,5.8,1.6,0,0,0.2,,1,1.2,1.2,50,5.2,0,0.4,1.4,0,0.2,0.8,-0.6,0,0,0,,0,,0,,,2.6,0.2,0.2,100,0,,2,0.4,0.4,0.8,0,0.2,3,50,2.4,11.321,0.8,4,2.268,1.232,2,2.967,0.533,2,1.568,1.932,1.8,20.93,100,0,1.2,10.6,6,0.8
Harry Perryman,Collingwood,28,28.03,Gen. Defender,5,6.9,64.6,64.4,0,0,0,83,11,4.4,15.4,64.935,63.636,68.182,53.247,1.8,11.111,71.429,2,2,2.6,5.923,3.8,4.053,305.4,19.831,132.564,437.964,267.932,87.186,24.357,15.452,3.512,0.995,4.158,4.844,0.485,21.313,-9.068,58.506,-11.567,5.8,10.2,16,36.25,5,4.8,0.2,2,2.8,4.4,3.6,0,0.8,4.6,-21.244,5,6.4,4.2,0.4,3,12.195,0.4,13.333,0.6,1,0.6,66.667,5.2,0.2,0.2,1.4,0,0.4,0.8,-0.4,0,0,0,,0,,0,,,2.2,0.2,0.4,0,0,,0,0,0.2,0.2,0.2,0.2,1.4,0,2.2,10.377,0.8,1,2.611,-1.611,0,,,1,2.611,-1.611,0,0,,0,1,11,8,0.6
Sam Walsh,Carlton,26,26.49,Midfielder,3,11.433,110.333,88,13,4.333,3,65.667,12.667,16.667,29.333,73.864,60.526,84,78.409,5.333,68.75,43.182,6.667,1.333,3.667,8,3.333,8.8,475,16.193,315.683,790.683,391.087,328.17,30.875,63.47,3.808,3.458,2.271,6.682,0.055,27.061,19.998,47.519,5.422,10,20.667,30.667,32.609,1.667,7,1.333,3.333,3.667,3,2.667,1.333,0.667,15,-1.778,2.667,14.333,10.667,3,18.667,63.636,3,16.071,1.667,4.667,5.333,75,3.667,0,0.333,0.333,1.333,1.333,1,0.333,0,0,0,,0,,0,,,1.667,0.333,0,,0,,0,0,0.667,1,1,1.667,7.333,0,7,29.167,1.333,3,3.7,-3.033,2,4.259,-3.259,1,2.581,-2.581,0,0,,1,1.333,12,6,0
Steven May,Melbourne,34,34.97,Key Defender,2,7.2,91,85,1,0.5,1,84.5,17,4,21,85.714,85.294,87.5,73.81,0.5,100,80.952,0.5,8,3,7,3,7,379,18.048,187.15,566.15,397.72,243.315,23.395,0.11,0.031,0,6.403,6.696,-0.722,13.239,-7.178,66.219,0.448,3.5,11.5,15,23.333,7,2,0,0,2,3.5,2,0,0,3.5,-49.348,9.5,4,1.5,0,0,0,0,,0,0,0,,8,1,0,3.5,0,0,0,0,0,0,0,,0,,0,,,0.5,0,4,25,0,,0,0,0,0,0,0,0,,1.5,8.108,1,0,,,0,,,0,,,6,44.444,91.667,0,5.5,2.5,2,4.5
Jacob Wehr,Port Adelaide,28,28.49,Midfielder,2,1.7,31,24,0,0,0,29.5,3.5,2.5,6,83.333,71.429,100,83.333,0.5,100,58.333,0.5,0.5,0,,0.5,12,78,13,96.925,174.925,92.675,41.46,26.479,-4.15,-1.66,0.833,0.61,1.776,-0.342,22.414,20.443,62.91,8.519,1,5.5,6.5,15.385,0.5,0,0,0,0,0.5,0,0,0,3,-17.766,1.5,3.5,1,0.5,0,0,0.5,,0.5,1,0,,2,0,0,0,0.5,0.5,0,0.5,0,0,0,,0,,0,,,0.5,0,0,,0,,0,0,0,0,0.5,0.5,3,,2,7.273,1,0,,,0,,,0,,,0,0,,0,1,5,3,0.5
Matt Whitlock,North Melbourne,20,20.62,Key Defender,1,4.8,13,11,0,0,0,41,1,1,2,100,100,100,100,0,,50,0,0,0,,0,,11,5.5,38.61,49.61,9.22,10.11,9.22,-4.16,-4.16,0,4.76,1.746,3.014,,,,,2,0,2,100,0,2,1,0,2,2,2,0,1,0,21.82,0,1,0,1,0,0,0,,0,0,0,,0,0,0,0,0,0,0,0,0,0,0,,0,,0,,,0,0,0,,2,0,1,1,0,1,0,0,6,100,1,2.857,0,1,5.588,0.412,0,,,1,5.588,0.412,0,0,,0,0,0,0,0
Jacob Newton,West Coast,20,20.78,Gen. Forward,2,2.9,25.5,24,0,0,0,47.5,3,0,3,33.333,33.333,,33.333,1,0,100,1,0,0,,0.5,6,82.5,27.5,7.19,89.69,97.1,17.82,32.367,0,,1.286,0.404,1.933,-0.243,28.243,-28.243,57.427,-24.093,1.5,1.5,3,50,0.5,0.5,0.5,0,0.5,1,0.5,0,0,1,35.827,0,0.5,1,1.5,0,0,0,,0.5,0.5,0,,1,0.5,0,0,0,0.5,0,0.5,0,0,0,,0,,0,,,2,1.5,0,,0,,1,0.5,0.5,1.5,0,0,3.5,33.333,1.5,10.714,0.5,3,3.508,-1.174,1,4.969,1.031,2,2.777,-2.277,0,0,,0,0,8,2,0
Noah Long,West Coast,22,22.35,Gen. Forward,2,4.5,45.5,46.5,0,0,0,76,4,7.5,11.5,65.217,37.5,80,73.913,1.5,0,34.783,1.5,0.5,1.5,7.667,1.5,7.667,107.5,9.348,104.715,212.215,114.165,7.115,28.541,-3.985,-0.531,1.187,1.289,3.417,-0.156,29.698,-29.698,62.06,-22.06,5,7,12,41.667,1,3.5,1,0,3.5,1.5,1,1,0.5,4.5,22.547,0,4.5,3,4.5,0,0,0.5,,1.5,2,1.5,100,1.5,0,0.5,0,0.5,0.5,0.5,0,0,0,0,,0,,0,,,3,2,0,,0.5,0,1,0.5,1,1.5,0,0,4,33.333,2,14.286,0,3,2.771,-0.104,1,3.212,2.788,2,2.55,-1.55,0,0,,0,0,14,4,0
Jordan Croft,Western Bulldogs,21,21.63,Key Forward,3,4.667,49,46.667,0,0,0,68.333,5.333,3.667,9,55.556,50,63.636,62.963,0.667,100,59.259,1.333,0,1.667,5.4,1.667,5.4,130.333,14.481,68.897,199.23,158.317,62.363,29.684,5.303,1.446,0.33,3.155,6.231,-1.534,34.21,5.79,38.316,1.684,5.667,3.667,9.333,60.714,1.333,3,2,1,2,5,3,0,1,0.667,44.099,0,1.333,2,6,0.667,2.062,0,0,0.667,0.667,0.333,100,3.667,1.333,2.333,0.333,0.333,1.333,0.667,0.667,3.333,3.205,0.667,20,0,0,0,0,0,0.667,0,0,,0.667,0,4,1.333,1.667,3.667,0.333,0.333,11.667,36.364,5,16.854,0.667,11,3.866,-1.229,8,3.331,-0.706,3,5.292,-2.626,0,0,,0,1,8,2.667,1
Sam Davidson,Western Bulldogs,25,25.04,Midfielder,3,9.367,70.333,58.667,1,0.333,1,66,7.667,4.333,12,75,65.217,92.308,72.222,0.333,100,63.889,0.667,1,2,6,2.667,4.5,200.333,16.694,194.797,395.13,195.69,101.057,25.525,10.127,2.337,0.637,6.591,4.909,2.51,24.727,8.607,58.623,-8.623,4.667,8,12.667,36.842,1.333,2.667,1,0.667,2,3,1.667,0.333,1,4,12.936,1.333,4,4,3.333,0,0,0,,1.333,1.333,1,100,3.667,1,1,0,1,0,1,-1,0,0,0,,0,,0,,,2.667,1,0,,0,,4,1.333,0.333,1.667,0.333,1,11,80,6,20.225,1.667,5,3.745,1.255,3,4.185,1.815,2,3.086,0.414,0,0,,0,1.333,14,4.333,0
Will Hayward,Carlton,28,28.18,Gen. Forward,3,4.133,51,44,0,0,0,79,5.667,4.333,10,63.333,70.588,53.846,65.517,1.333,75,56.667,1.333,0,3.333,3,2.333,4.286,150,15,68.083,218.083,151.237,88.713,28.357,2.993,0.691,-0.331,2.615,2.969,1.019,28.001,1.999,56.181,23.819,3.333,7.667,11,30.303,0,3,1.667,1,2,3.333,3,0,1.667,4.333,28.158,0,2,4.667,4.333,0,0,0,,0,0,0,,2.667,0,1.333,0,1.667,0.667,1.667,-1,0,0,0,,0,,0,,,2,0,0,,0,,3,1,0.667,2,0,0.667,7.333,50,3.333,15.385,0,6,3.001,0.333,3,3.112,1.221,3,2.889,-0.556,0,0,,0,0.333,8.667,2.667,0.333
Lucas Camporeale,Carlton,20,20.44,Midfielder,1,2.8,15,26,0,0,0,24,4,1,5,80,75,100,80,1,100,80,1,0,0,,0,,119,23.8,41.94,160.94,113.25,73.72,28.312,9.19,9.19,0.907,1.26,1.597,0.57,18.685,6.315,66.925,8.075,2,3,5,40,0,0,0,0,0,1,0,0,0,1,-32.034,2,2,1,0,0,0,1,,0,1,0,,2,0,0,0,0,2,0,2,0,0,0,,0,,0,,,1,0,0,,0,,0,0,0,0,0,0,0,,2,8,0,0,,,0,,,0,,,0,0,,0,0,5,2,0
Zak Johnson,Essendon,20,20.01,Gen. Defender,1,1.2,24,39,0,0,0,24,7,3,10,70,71.429,66.667,80,1,100,70,1,1,1,10,1,10,191,19.1,50.06,241.06,187.21,150.22,26.744,0.23,0.077,-1.156,1.505,0.324,0.026,16.164,26.693,59.077,12.351,1,8,9,11.111,1,1,0,1,0,1,1,0,0,4,-33.352,4,5,0,0,0,0,0,,0,0,0,,4,0,0,0,0,0,0,0,0,0,0,,0,,0,,,0,0,0,,0,,0,0,0,0,1,1,6,,3,18.75,0,0,,,0,,,0,,,1,8.333,100,0,0,2,2,0
John Noble,Gold Coast,29,29.76,Gen. Defender,5,10.34,96.8,90.8,7,1.4,3,84,16.2,9.6,25.8,85.271,80.247,93.75,78.295,2.2,45.455,62.791,2.2,5.6,3.8,6.789,4.4,5.864,534.4,20.713,429.332,963.732,472.28,347.912,29.153,27.37,2.912,0.406,7.589,3.293,4.926,15.721,2.228,60.59,3.513,4.2,15.8,20,21,4,3.2,0.2,0,3.2,3.2,2.6,0,0.8,10.4,-24.974,7.6,6.6,4.8,1,0,0,0,,0.4,0.4,0.6,33.333,4.2,0,0.2,0.2,0,0.8,0.6,0.2,0,0,0,,0,,0,,,2.2,0.2,0.6,33.333,0,,2,0.4,0.2,0.6,0,0.2,2.8,66.667,5.2,19.697,1.8,3,3.125,1.208,1,2.697,-1.697,2,3.339,2.661,5.6,52.83,100,1.6,2,10.6,8,1.4
Joel Jeffrey,Gold Coast,24,24.8,Gen. Defender,5,9.54,72.6,60,0,0,0,71.2,12.6,5,17.6,90.909,88.889,96,74.713,2.8,64.286,71.591,2.8,5.4,3,5.867,2.6,6.769,446,25.341,230.816,676.816,373.398,279.964,30.606,21.53,4.306,-0.237,7.266,1.869,5.385,20.484,8.826,54.817,3.803,2.4,13.4,15.8,15.19,2.4,2,0,0,2,2,1.6,0,0.6,8.8,-26.632,6.2,5,4.2,0.4,0,0,0,,0,0,0.2,0,3.8,0,0,0,0.2,0.4,2,-1.6,0,0,0,,0,,0,,,1.6,0.2,0.4,0,0,,0,0,0,0,0.6,0.8,3.8,,4,15.152,0.4,0,,,0,,,0,,,1.6,15.094,100,1,3.4,6.6,5.4,3
Ben King,Gold Coast,26,26.48,Key Forward,5,9.48,71,54.6,8,1.6,1,87.6,6,1,7,74.286,70,100,65.714,1.2,33.333,85.714,1.2,0,1,7,1.4,5,172.6,24.657,18.798,191.398,214.568,99.018,36.994,-2.25,-2.25,0,7.853,6.124,2.54,28.828,-12.162,36.927,-3.593,3.6,3.2,6.8,52.941,0.2,0.8,0.4,0.4,0.4,3.6,0.8,0,0.4,0.8,54.074,0,0.4,1.4,5,0,0,0,,0,0,0,,3.4,1.6,2.8,0,1.2,1.2,0.4,0.8,0,0,0,,0,,0,,,1,0.8,0,,2.2,54.545,16,3.2,1.2,4.8,0.2,0.2,21.6,66.667,5.2,19.697,0.2,24,3.88,0.37,19,3.861,0.823,5,3.95,-1.35,0,0,,0,0.8,6.6,0.4,0.8
Wil Powell,Gold Coast,27,27.34,Gen. Defender,5,13.44,93.4,72.6,6,1.2,3,83.2,9.4,9.2,18.6,76.344,76.596,76.087,67.742,2,50,50.538,2.2,3.6,3.6,5.167,4.8,3.875,393.4,21.151,160.414,553.814,328.31,218.64,34.927,28.346,3.081,0.421,10.492,6.747,4.162,22.511,10.047,53.31,7.156,6.4,13.2,19.6,32.653,7.2,5,0,0.8,4.2,5.4,4.2,0,1.6,7.8,-22.877,5.6,9.4,4.2,0.4,5,18.116,0.2,4,0.4,0.6,0.6,66.667,4.4,0.4,0,1.8,0,0.8,1.2,-0.4,0,0,0,,0,,0,,,3.6,0.2,0.2,0,0,,1,0.2,0,0.2,0.2,0.4,2.6,100,4,15.152,2.2,1,3.073,2.927,1,3.073,2.927,0,,,1.2,11.321,66.667,1.2,3.6,14.4,8.8,2.8
Connor Budarick,Western Bulldogs,25,25.73,Gen. Forward,5,4.48,55.6,55.8,1,0.2,1,78.8,7.6,5.6,13.2,72.727,68.421,78.571,69.697,0.6,66.667,57.576,1.2,1.4,2.8,4.714,3.4,3.882,203,15.379,156.11,359.11,185.064,106.54,24.351,7.314,1.306,0.286,1.997,2.778,1.472,21.664,-0.452,66.006,-11.46,3.6,8.4,12,30,0.8,2.8,0.8,0.6,2.2,3,2.2,0,1.2,5.2,-1.072,1.8,4.6,3.6,2,0,0,0,,0.4,0.4,0.2,100,2.8,0.4,0.4,0.2,0.2,0.4,1,-0.6,0,0,0,,0,,0,,,3,1.6,0.4,50,0.8,0,3,0.6,0.4,1,0.2,0.6,5.6,60,4.2,15.789,0.6,5,2.901,1.099,2,2.326,1.174,3,3.284,1.049,1.6,13.333,87.5,0.2,1,11.6,5,0.8
Noah Anderson,Gold Coast,25,25.86,Midfielder,5,17.74,109.2,91.2,12,2.4,2,86.2,15.6,11.8,27.4,68.613,56.41,84.746,67.153,4,35,56.934,6.4,3.2,4.2,6.524,4.2,6.524,551.4,20.124,301.18,852.58,447.666,290.214,28.697,52.956,4.565,6.259,9.023,7.28,9.502,27.928,-10.384,49.271,-0.148,12.6,14.6,27.2,46.324,3.8,8,1,1.6,6.4,4.4,3.6,3.2,1.4,9.8,0.095,4.2,9.8,10.2,3,22.4,81.159,3.4,15.179,3.4,6.8,8.2,73.171,3.6,0,0.4,0,0.4,0.8,2,-1.2,0,0,0,,0,,0,,,2,0,0,,0,,5,1,1.2,2.6,0.6,1,11.2,38.462,8.2,31.061,2.8,13,2.648,0.122,4,2.689,0.811,9,2.629,-0.185,0,0,,2.2,1.4,20.2,9,0
Matt Rowell,Gold Coast,25,25.5,Midfielder,4,15.35,115,95,13,3.25,2,83.25,11,16.25,27.25,71.56,61.364,78.462,75.229,5.5,77.273,40.367,6,1,4.75,5.737,3.5,7.786,398,14.606,288.615,686.615,355.723,268.515,32.338,6.745,0.415,3.334,8.111,7.548,5.283,28.819,11.721,43.013,8.338,13.25,14.25,27.5,48.182,3.25,8.75,0.75,2,6.75,5.5,5.5,3.5,3.5,12.25,-1.039,3,11.5,10.25,2.75,21.25,80.952,3,14.118,2,5,7.25,68.966,1.5,0,0,0,0,1.75,2.25,-0.5,0,0,0,,0,,0,,,6.25,0.75,0,,0,,3,0.75,0.5,1.25,0.75,1.5,10.25,60,8.5,33.333,2.75,5,2.456,1.544,1,2.871,3.129,4,2.353,1.147,0,0,,0.75,0.5,24.75,12,0.25
Sam Flanders,St Kilda,25,25.43,Gen. Forward,5,8.06,65.6,60.6,0,0,0,70.6,9.4,8.6,18,73.333,65.957,81.395,77.528,2.4,66.667,52.222,2.4,1.6,1.8,10,2.8,6.429,260.6,14.478,277.992,538.592,232.656,191.92,24.751,11.524,1.372,1.248,4.951,3.637,2.724,26.017,4.417,54.91,10.308,5.4,12.4,17.8,30.337,2.8,4.8,0.4,1,3.8,3.2,3,0.2,1,8.4,-3.818,3.2,5.2,8.4,1,3.6,13.953,0.2,5.556,1.6,1.8,1.4,85.714,3.4,0,0,0,0.2,0.6,0,0.6,0,0,0,,0,,0,,,0.8,0.2,0,,0,,1,0.2,0,0.2,0.2,0.6,2.8,100,3.6,14.634,0.4,1,3.526,2.474,0,,,1,3.526,2.474,0,0,,0.2,0.4,10.2,3.6,0
Alex Davies,Gold Coast,24,24.78,Midfielder,5,11.42,73,57.8,0,0,0,66.6,5.2,10.8,16,65,46.154,74.074,73.75,1.8,33.333,32.5,1.8,1.8,2.6,6.154,2.2,7.273,176.4,11.025,174.564,350.964,147.336,81.934,28.334,12.308,1.14,3.374,4.864,6,2.999,22.038,-6.249,43.076,4.293,10.2,5.8,16,63.75,3,7.2,1,3,4.2,3.4,2.8,2.4,1,4.6,-9.118,3.6,6.6,3.8,2,18.8,68.116,1.8,9.574,3,4.8,6,73.333,0.6,0,0.2,0.2,0.2,0.4,1.4,-1,0,0,0,,0,,0,,,5,0.6,0,,0,,2,0.4,0.2,0.6,0,0.2,2.8,66.667,4.4,16.667,2,3,3.148,1.185,2,2.973,3.027,1,3.498,-2.498,0,0,,0.2,1.2,21.2,8.8,0.2
Oscar Adams,Gold Coast,23,23.44,Key Defender,2,7.15,54,40.5,0,0,0,73.5,4.5,6,10.5,80.952,77.778,83.333,76.19,1,50,42.857,1,2,1.5,7,1.5,7,108,10.286,88.81,196.81,99.71,41.63,22.158,8.695,1.581,-0.708,5.8,5.083,0.252,18.131,4.091,68.78,-2.113,6,6,12,50,5,2.5,0,1.5,1,5.5,2,0,0,4,-37.347,6.5,3,2.5,0,0,0,0,,0,0,0.5,0,3,1,0,1,0,1.5,0.5,1,0,0,0,,0,,0,,,1.5,0,1.5,0,0,,0,0,0,0,0,0,0,,1.5,5.769,0,0,,,0,,,0,,,0,0,,0,3,9,8,1.5
Mac Andrew,Gold Coast,23,23.07,Key Defender,5,7.54,74.6,63.6,0,0,0,93,8,9.8,17.8,83.146,75,89.796,79.775,0.6,0,44.944,1.2,3.2,3.2,5.562,2.4,7.417,274,15.393,245.342,519.342,236.962,171.764,29.62,32.486,3.315,-0.262,6.571,4.422,1.629,17.951,-9.38,58.742,9.829,4.4,13,17.4,25.287,4.6,3.2,0.2,0,3.2,3.8,2.6,0,0.4,7,-29.917,7.4,6,3.4,0.6,0,0,0,,0.6,0.6,0.2,100,5.8,0.6,0.4,0.8,0.2,0.8,1.2,-0.4,0.8,0.87,0,0,0,,0,,,1,0,2.6,15.385,0,,1,0.2,0.2,0.6,0,0.2,1.6,33.333,3,11.364,0.4,3,2.667,-0.334,2,3.326,0.174,1,1.348,-1.348,0,0,,0,6.2,6.2,3.8,5.6
Bodhi Uwland,Gold Coast,23,23.43,Gen. Defender,5,9.78,81.8,66.6,1,0.2,1,87.8,10.6,6.8,17.4,85.057,83.019,88.235,72.414,2,50,60.92,2,4.6,2.6,6.692,3,5.8,378,21.724,226.484,604.484,340.09,221.334,32.084,17.618,2.591,0.469,7.343,4.225,2.254,18.298,7.192,57.402,3.382,4.4,11.6,16,27.5,5.8,2.8,0,0.8,2,3.8,2.2,0,0.4,5,-36.79,8,4.8,3.2,0,0,0,0,,0.8,0.8,0.2,100,5.8,0.6,0,1.6,0,1.8,1.2,0.6,0,0,0,,0,,0,,,1.4,0,1,20,0,,0,0,0,0,0.6,0.8,3.8,,3.6,13.636,2,0,,,0,,,0,,,1,9.434,100,0.4,6,6.6,5.2,5.8
Ethan Read,Gold Coast,21,21.48,Key Forward,5,0.4,40.2,42.4,0,0,0,66.6,6.2,3.4,9.6,60.417,48.387,82.353,62.5,1.2,66.667,64.583,1.6,0.2,4.8,2,3.8,2.526,138.6,14.438,113.282,251.882,151.146,72.416,24.378,7.95,2.338,0.616,-1.158,4.608,-1.893,30.096,9.904,53.136,6.864,4.2,5,9.2,45.652,0.6,2,0.8,0.6,1.4,3.2,1.2,0,0.2,3,20.678,0.4,3,3,2.8,2.6,9.42,0.2,7.692,0.4,0.6,0.8,50,2.8,1,1,0,0.8,0.8,2.2,-1.4,12.4,13.478,3.4,27.419,0.4,11.765,0.2,23.529,23.529,2,1.2,0.2,100,2.4,8.333,2,0.4,0.6,1.6,0.6,1,7,25,4.2,15.909,0.2,8,3.381,-1.506,6,3.547,-1.214,2,2.884,-2.384,0,0,,0,2,8.4,1.8,1.6
Lachlan Gulbin,Gold Coast,20,20.1,Gen. Forward,1,1.3,49,50,0,0,0,71,6,3,9,77.778,83.333,66.667,44.444,3,33.333,66.667,3,0,3,3,5,1.8,213,23.667,85.96,298.96,202.13,39.82,33.688,0.7,0.233,0.007,-0.657,2.739,-0.2,27.835,-11.168,45.118,-28.452,3,6,9,33.333,1,3,1,1,2,2,2,0,1,2,13.226,1,2,5,1,0,0,0,,0,0,0,,4,0,0,0,1,0,2,-2,0,0,0,,0,,0,,,5,2,0,,0,,0,0,0,0,0,0,0,,1,4.545,0,0,,,0,,,0,,,0,0,,0,0,12,2,0
Jarrod Witts,Gold Coast,34,34.29,Ruck,5,12.46,96.2,85.4,0,0,0,86.6,3.6,8.4,12,65,50,71.429,70,0.2,0,30,0.8,0.8,2.8,4.286,0.4,30,77.2,6.433,159.896,237.096,77.924,31.794,21.646,4.264,0.508,5.121,5.298,5.703,1.278,23.768,-5.018,55.291,0.959,8.2,4.6,12.8,64.062,0.8,3.6,0.2,1.6,2,3,1,0,0.4,3.4,0.391,1.4,5,4.8,1.6,25,90.58,0.4,1.6,2.2,2.6,4.2,66.667,1.4,1.2,0.2,0.2,0,1.2,1,0.2,78.6,85.435,44.6,56.743,11.8,26.457,2,42.152,36.323,2.4,0,0.8,25,0.2,0,1,0.2,0,0.4,0.2,0.8,3,50,4.6,17.424,3.2,2,2.317,0.683,1,1.962,4.038,1,2.672,-2.672,0,0,,0,3.6,5.4,2,3.2
Alex Sexton,Gold Coast,33,33.07,Gen. Forward,1,2.2,40,28,0,0,0,76,4,4,8,62.5,50,75,62.5,2,50,50,2,0,0,,1,8,147,18.375,13.81,160.81,125.89,38.63,31.473,0.73,0.183,-1.51,2.235,2.131,-1.407,37.485,12.515,35.575,14.425,3,5,8,37.5,1,3,1,1,2,3,3,0,1,3,31.142,0,0,6,2,0,0,0,,0,0,0,,1,0,0,0,0,0,0,0,0,0,0,,0,,0,,,1,1,0,,1,0,0,0,1,1,1,1,7,0,4,18.182,0,1,3.73,-2.73,0,,,1,3.73,-2.73,0,0,,1,0,3,0,0
Sam Collins,Gold Coast,32,32.54,Key Defender,5,14.04,77.8,48.2,7,1.4,2,93.6,6.4,6,12.4,83.871,78.125,90,82.258,0,,51.613,0,2.2,1.6,7.75,1.8,6.889,131.8,10.629,146.322,278.122,119.702,75.414,18.703,12.96,2.16,0.212,11.539,7.771,1.018,16.109,19.375,75.272,2.147,6.8,6,12.8,53.125,9,4.8,0,0.4,4.4,6.4,4.6,0.2,1,1.8,-51.18,8.2,4,0.6,0,0,0,0,,0.2,0.2,0.4,100,4.2,0.6,0,3,0,1.2,0.8,0.4,0.2,0.217,0,0,0,,0,,,1.4,0,4,35,0,,0,0,0,0,0,0,0,,3,11.364,2,0,,,0,,,0,,,0.2,1.887,0,0,6.6,5.8,4.6,6
Touk Miller,Gold Coast,30,30.85,Midfielder,5,14.84,104,93,6,1.2,2,79.6,10,13.4,23.4,73.504,62,82.09,71.795,4.4,54.545,42.735,4.8,1,1.6,14.625,3.6,6.5,387.6,16.564,270.976,658.576,331.056,212.172,33.106,31.018,2.315,3.148,7.163,6.256,3.758,30.026,0.926,46.875,3.125,8,15.4,23.4,34.188,2.8,6,1,0.8,5.2,4.2,3.4,1,1.2,10.4,2.696,2.6,8.8,9.6,2.4,9,32.609,1.2,13.333,1.6,2.8,3.2,81.25,3.2,0,0.2,0.2,0.8,0.8,0,0.8,0,0,0,,0,,0,,,6,0.8,0,,0.2,0,1,0.2,0.6,0.8,1.2,2.2,10,25,6.6,25,0.6,4,2.769,-0.519,1,2.2,-1.2,3,2.958,-0.292,0,0,,0,1,19.2,8,0
Lachie Weller,Gold Coast,30,30.85,Midfielder,5,8.74,62.2,61.6,4,0.8,1,83.2,9,9.8,18.8,73.404,62.222,83.673,64.894,3.4,58.824,47.872,4.4,1.2,2.8,6.714,4,4.7,412.2,21.926,176.304,588.504,325.256,184.548,36.14,38.728,3.952,1.969,4.632,4.031,2.718,24.439,3.061,44.371,-11.871,5.8,13,18.8,30.851,2.6,4.2,0.2,1.4,2.8,3.4,2.6,0.6,1.2,9.8,-6.466,3.2,6.8,7.4,1.4,1.4,5.072,0.2,14.286,1.8,2,2.4,83.333,2.6,0.2,0,0.2,0,0.8,0.4,0.4,0,0,0,,0,,0,,,1.8,0,0,,0,,0,0,0.4,0.4,0.8,1,5.4,0,5.2,19.697,0.6,2,2.353,-1.353,0,,,2,2.353,-1.353,0,0,,1,0.6,9,3.4,0.2
Brayden Fiorini,Essendon,29,29.35,Midfielder,4,7.85,81.25,76.5,0,0,0,83,9,10.5,19.5,71.795,61.111,80.952,71.429,2.5,40,46.154,3,1,2.25,8.667,3.75,5.2,217.5,11.154,249.282,466.782,206.007,104.902,22.89,9.58,0.912,0.064,3.857,3.187,0.427,30.067,0.968,56.407,-1.235,4.25,15.25,19.5,21.795,3.75,3.75,1.25,0.25,3.5,3.25,3,0.25,1.5,10.25,-0.599,2.75,7,6.25,3.5,0,0,0,,0.75,0.75,0.75,66.667,3.25,0,0.25,0.75,0,0.25,0.25,0,0,0,0,,0,,0,,,4,0.75,0.5,0,0,,2,0.5,0.25,1.25,0,0.75,4,40,5,19.608,1.5,5,2.853,-0.253,0,,,5,2.853,-0.253,0,0,,0,1,16.5,7.75,0.75
Ben Long,Gold Coast,29,29.36,Gen. Forward,5,5.96,57.4,57.8,0,0,0,81.4,7.2,3.2,10.4,65.385,52.778,93.75,59.615,2,50,69.231,2.4,0,3.4,3.059,3,3.467,200,19.231,92.198,292.198,205.992,95.026,29.427,-0.108,-0.034,-0.026,4.366,3.716,1.847,32.479,-3.068,39.272,-3.978,4.2,5.8,10,42,1,2.8,1.4,1,1.8,3.8,2.6,0.2,1.4,1.6,39.949,0,0.8,4.2,5,0,0,0,,0.2,0.2,0.4,50,3.6,0.4,1.6,0,1.2,0.4,1,-0.6,0,0,0,,0,,0,,,2.8,1.2,0,,2.4,25,8,1.6,0.8,3.2,0.4,0.8,13.2,50,5.4,20.455,0.6,16,3.374,-0.124,9,3.872,-0.317,7,2.734,0.123,0,0,,0.2,1,11.8,2.2,0.4
Ben Ainsworth,Carlton,28,28.88,Gen. Forward,5,6.26,46.2,50.8,0,0,0,75.8,7.2,4.6,11.8,72.881,69.444,78.261,69.492,2,60,61.017,2.6,0.4,2.4,4.917,1.6,7.375,244.8,20.746,146.088,390.888,233.516,147.476,33.359,1.894,0.412,0.585,5.031,2.46,4.216,31.582,10.085,44.56,22.107,2.2,9.6,11.8,18.644,0.6,2.2,1,0.2,2,1.8,1.8,0,0.6,5.6,20.828,0.2,3,4.8,3.8,0,0,0,,0.4,0.4,0.2,100,3.2,0,0.8,0.2,0.2,0.2,0.4,-0.2,0,0,0,,0,,0,,,1.2,0.4,0,,0,,5,1,0.6,2.2,0.6,1,10.6,45.455,4.6,19.008,0.2,11,2.725,0.275,6,2.524,-0.191,5,2.966,0.834,0,0,,0,0.2,8.6,2.6,0
Jy Farrar,Gold Coast,30,30.06,Gen. Forward,5,6.66,48.2,38,0,0,0,72.4,4,3,7,80,80,80,74.286,0.4,50,57.143,0.4,0,1,7,0.8,8.75,92.6,13.229,79.662,172.262,88.518,40.942,22.13,3.658,1.219,0,5.212,4.347,1.067,36.055,9.399,68.329,4.398,3,3.6,6.6,45.455,1.2,1.8,1,0,1.8,3,1.8,0,1,1.8,35.342,0,1.4,1.6,3.6,0,0,0,,0,0,0,,2.4,0.8,1.4,0.4,0.8,0.4,0.4,0,0,0,0,,0,,0,,,2,0.6,0,,1.6,25,4,0.8,0.8,1.6,0.6,1.2,9.8,50,3.4,12.879,0.2,8,3.349,0.151,6,3.561,-0.894,2,2.713,3.287,0,0,,0,1.8,9.6,2,1.2
Harrison Ramm,Port Adelaide,20,20.07,Key Defender,1,3.6,28,35,0,0,0,81,5,0,5,60,60,,60,1,0,100,1,2,1,5,2,2.5,96,19.2,20.18,116.18,106.6,23.03,21.32,0,,0,2.283,0.648,-1.227,17.36,22.64,71.298,-11.298,0,5,5,0,1,0,0,0,0,0,0,0,0,1,-38.508,3,1,1,0,0,0,0,,0,0,0,,4,0,0,1,0,0,0,0,0,0,0,,0,,0,,,2,0,1,100,0,,0,0,0,0,0,0,0,,0,0,0,0,,,0,,,0,,,0,0,,0,3,3,1,3
Ewan Mackinlay,Port Adelaide,23,23.45,Midfielder,1,7.4,80,75,0,0,0,73,12,3,15,73.333,66.667,100,66.667,2,50,80,3,1,2,7.5,4,3.75,360,24,104.02,464.02,279.75,168.81,25.432,27.61,9.203,2.202,2.497,4.063,0.386,21.782,8.218,53.674,-3.674,3,12,15,20,1,2,0,0,2,1,0,0,0,7,5.417,1,8,3,3,0,0,0,,2,2,1,100,4,0,0,1,0,1,1,0,0,0,0,,0,,0,,,4,1,0,,1,0,1,1,1,2,1,1,13,50,5,23.81,1,2,4.267,-0.767,1,5.527,0.473,1,3.007,-2.007,0,0,,0,1,17,6,0
Rory Atkins,Port Adelaide,32,32.47,Gen. Defender,1,0.1,11,7,0,0,0,25,1,2,3,66.667,100,50,33.333,1,0,33.333,1,0,1,3,1,3,46,15.333,-1.77,44.23,54.51,-10.06,54.51,-13.97,-6.985,-0.03,0.355,1.228,-0.298,29.16,-29.16,36.64,-36.64,1,2,3,33.333,1,1,1,0,1,0,0,0,0,1,-4.93,1,0,1,1,0,0,0,,0,0,0,,1,0,0,1,0,0,1,-1,0,0,0,,0,,0,,,0,0,0,,0,,0,0,0,0,0,0,0,,0,0,0,0,,,0,,,0,,,0,0,,0,0,2,2,0
Roan Steele,Collingwood,25,25.19,Midfielder,4,5.025,37,34.5,0,0,0,47,5.5,2.5,8,87.5,81.818,100,78.125,1.5,83.333,68.75,1.75,0,0.25,32,1,8,164.5,20.562,70.087,234.587,148.84,116.388,27.062,8.495,3.398,0.251,4.21,1.08,3.207,25.783,4.217,59.505,15.496,1.5,5.75,7.25,20.69,1.25,0.75,0,0.5,0.25,1.25,0.5,0,0,3,-8.174,0.5,3.5,3,0.25,0,0,0,,0.25,0.25,0.5,100,2.5,0,0,0.25,0.25,1,0,1,0,0,0,,0,,0,,,0.75,0.25,0,,0,,1,0.25,0,0.25,0.5,0.5,4.5,100,1.75,7.778,0.5,1,3.965,2.035,0,,,1,3.965,2.035,0,0,,0,0.75,7.5,4.25,0.5
Jeremy Howe,Collingwood,36,36.5,Gen. Defender,2,5.45,39.5,31.5,0,0,0,55,7,2,9,77.778,71.429,100,83.333,0,,77.778,0,2.5,2,4.5,1,9,135.5,15.056,142.575,278.075,150.61,84.045,21.516,-7.72,-3.86,0,4.532,2.88,-0.198,14.094,0.191,70.683,-13.54,2,5.5,7.5,26.667,4,1.5,0,0.5,1,2,1.5,0,1,2,-40.002,4.5,2.5,0.5,0,0,0,0,,0,0,0,,3,0,0,1.5,0.5,0.5,1,-0.5,0,0,0,,0,,0,,,0,0,1.5,33.333,0,,0,0,0,0,0,0,0,,0.5,2.326,0.5,0,,,0,,,0,,,1.5,15.789,100,0,3.5,3,3,3
Billy Dowling,Adelaide,22,22.5,Mid-Forward,1,9.3,55,53,0,0,0,76,6,8,14,50,50,50,50,1,100,42.857,1,0,3,4.667,2,7,187,13.357,52.81,239.81,180.5,104.8,30.083,19.77,2.471,3.481,4.204,6.237,1.448,21.387,-21.387,47.965,-22.965,9,4,13,69.231,1,8,0,2,6,3,2,0,1,1,1.784,1,6,4,2,0,0,1,,3,4,4,75,2,0,1,0,0,1,0,1,0,0,0,,0,,0,,,0,0,0,,0,,2,2,0,2,0,0,12,100,3,10.714,1,2,4.529,1.471,2,4.529,1.471,0,,,0,0,,0,0,11,6,0
Sid Draper,Adelaide,20,20.49,Mid-Forward,1,-5.2,0,16,0,0,0,46,3,2,5,20,0,50,20,1,0,60,1,0,5,1,3,1.667,105,21,-6.15,98.85,108.82,3.21,36.273,2.7,1.35,-0.539,-4.222,1.502,-4.985,28.115,-28.115,33.2,-33.2,2,4,6,33.333,1,1,0,0,1,2,1,0,0,4,5.478,0,3,2,1,11,30.556,0,0,0,0,0,,0,0,0,0,0,1,2,-1,0,0,0,,0,,0,,,2,0,0,,0,,0,0,0,1,0,0,0,0,0,0,0,1,2.678,-2.678,0,,,1,2.678,-2.678,0,0,,0,0,5,3,0
Aidan Corr,North Melbourne,32,32.62,Key Defender,1,1.2,10,19,0,0,0,76,2,2,4,75,50,100,75,0,,50,0,0,2,2,0,,26,6.5,71.6,97.6,41.34,-7.59,20.67,-7.46,-3.73,0,1.963,2.363,0.21,25.13,-25.13,68.025,-18.025,4,1,5,80,2,2,0,0,2,4,2,0,2,1,1.354,0,2,3,0,0,0,0,,0,0,0,,0,0,0,0,0,1,0,1,0,0,0,,0,,0,,,2,0,0,,0,,0,0,0,0,0,0,0,,0,0,0,0,,,0,,,0,,,0,0,,0,1,8,1,0
Jack Henry,Geelong,28,28.33,Key Defender,5,9.36,59.8,44.8,0,0,0,88.4,6.8,4.2,11,81.818,85.294,76.19,76.364,0.6,66.667,61.818,0.6,2.6,1.4,7.857,2,5.5,146,13.273,164.108,310.108,137.804,60.526,20.265,13.626,3.244,0.379,7.897,6.678,0.426,16.175,3.179,68.752,2.216,5.2,5.2,10.4,50,6.6,3,0,0.8,2.2,5,2.8,0,0.6,1.6,-44.131,6.2,3.4,0.6,0.2,0,0,0,,0.2,0.2,0,,4.8,2,0.2,2.6,0,0.2,0.4,-0.2,0,0,0,,0,,0,,,0.6,0,1.8,11.111,0,,0,0,0.2,0.2,0,0,0.2,0,2,7.463,1.6,1,2.385,-1.385,1,2.385,-1.385,0,,,0,0,,0.2,4,4.2,4,3.6
Zach Guthrie,Geelong,28,28.5,Gen. Defender,5,9.44,79.2,66.8,0,0,0,80.6,10.4,6.4,16.8,78.571,73.077,87.5,72.619,1.2,16.667,61.905,1.2,4.2,1.8,9.333,3,5.6,278.6,16.583,220.51,499.11,256.508,134.958,24.664,11.482,1.794,0.123,6.865,6.269,1.032,18.662,0.946,61.149,-6.247,5.6,10.2,15.8,35.443,6.8,3.6,0.2,1,2.6,4.8,2.8,0,0.8,5,-30.435,6.8,5.2,3.6,0.2,0,0,0,,0.8,0.8,0.4,50,4.8,1,0,2.2,0,0.8,0.4,0.4,0,0,0,,0,,0,,,2.2,0.2,0.8,0,0,,0,0,0,0,0.2,0.6,1.6,,3.2,11.94,1.2,0,,,0,,,0,,,1.4,14,71.429,0,2.6,13.4,8.8,2
Gryan Miers,Geelong,27,27.75,Gen. Forward,5,12.42,89.8,89.2,5,1,2,78.2,12.2,11,23.2,77.586,70.492,85.455,79.31,2.6,61.538,52.586,3,3,2,11.6,2.4,9.667,312.2,13.457,419.714,731.914,259.774,193.628,21.293,25.412,2.31,2.8,5.885,4.716,3.845,25.656,5.825,58.291,12.079,6.4,16.6,23,27.826,3.6,5,0.4,0.8,4.2,3.6,2.8,0.2,0.4,9.6,-5.077,3.6,8.6,8.8,2,4.2,13.462,0.2,4.762,1.8,2,2,70,5.2,0,0.4,0.2,0.2,1.2,0.2,1,0,0,0,,0,,0,,,3.2,0.6,0.2,0,0,,1,0.2,0.4,0.6,1,2,8.6,33.333,6.2,23.134,1.8,3,2.529,0.138,1,2.631,-1.631,2,2.478,1.022,0,0,,0.2,0.4,20.4,10.2,0.2
Bailey Smith,Geelong,26,26.06,Midfielder,5,13.74,102.8,101.6,15,3,2,86,17.2,11.6,28.8,63.194,59.302,68.966,58.333,6,50,59.722,6.8,1.8,4,7.2,6.2,4.645,565.4,19.632,261.518,826.918,511.05,258.28,29.712,9.21,0.794,2.084,6.807,5.952,3.9,27.474,-1.447,46.231,-2.396,9.4,19,28.4,33.099,3.4,7.4,0.8,2.6,4.8,3.8,3.6,1.4,1,14,-1.706,2.8,13.4,9.8,2.4,19.8,63.462,1.6,8.081,2.6,4.2,5.4,62.963,3.6,0,0,0.4,0.8,0.4,1,-0.6,0,0,0,,0,,0,,,4,0.6,0,,0,,2,0.4,0.2,0.8,1,1.8,9.4,50,6.4,23.881,1.6,4,2.439,0.811,0,,,4,2.439,0.811,0,0,,0.4,0.8,19.4,9.2,0
Sam De Koning,Geelong,25,25.84,Key Defender,5,5.74,58.2,55.2,0,0,0,81,5.8,6.4,12.2,75.41,68.966,81.25,73.77,1,80,47.541,1.8,1.2,2.6,4.692,2.4,5.083,132.6,10.869,192.196,324.796,131.116,89.582,22.606,11.616,1.815,0.764,3.434,4.431,-0.672,23.67,-11.67,68.113,-12.113,4.6,7.4,12,38.333,5,2.6,0.2,0.6,2,3.8,2.2,0,0.8,2.2,-22.093,4.4,3.4,3.6,0.6,5,16.026,0.2,4,0.6,0.8,0.6,100,5,0.8,0.4,1.6,0,0.8,0.6,0.2,18.4,17.557,4,21.739,0.6,15,0.2,30,35,1.4,0,2.6,30.769,0,,1,0.2,0.2,0.4,0.2,0.2,2.6,50,2.6,9.701,1.2,2,4.174,-0.674,2,4.174,-0.674,0,,,0,0,,0,4.6,7.6,5.6,4
Lawson Humphries,Geelong,23,23.68,Gen. Defender,5,7.14,63.6,59.8,0,0,0,81,10,4,14,80,80,80,81.429,1,100,71.429,1.2,3.2,1,14,1.6,8.75,304.2,21.729,173.726,477.926,258.61,217.702,25.861,16.678,4.17,-0.082,4.804,2.34,1.823,17.214,17.479,58.564,18.987,2.4,10,12.4,19.355,2.2,1.8,0,0.4,1.4,2,1.4,0,0.4,4.8,-28.912,4.6,5,2.6,0.2,0.2,0.641,0.2,100,0,0.2,0.2,100,4,0.4,0,0.4,0,0.2,0,0.2,0,0,0,,0,,0,,,2.4,0,0.8,0,0.2,0,0,0,0,0,0.2,0.8,1.8,,3.2,11.94,0.4,0,,,0,,,0,,,2.6,26,69.231,0.8,2.2,10.6,8.4,2.2
Max Holmes,Geelong,24,24.33,Midfielder,5,17.04,121,108.8,7,1.4,2,80.2,16.4,10.8,27.2,67.647,63.415,74.074,56.618,5.2,26.923,60.294,6.6,4.6,4.4,6.182,7.6,3.579,644.4,23.691,236.038,880.438,561.42,226.512,34.656,17.502,1.621,5.53,7.813,7.954,5.409,22.46,-6.746,49.594,-9.594,11.2,14.4,25.6,43.75,3.2,9.4,0.2,2.4,7,3.8,3.2,0.6,0.8,8,-7.689,4.8,10.6,9.4,0.8,18.6,59.615,2.4,12.903,2.6,5,6.2,74.194,5.6,0,0.2,0.6,0.6,0.6,0.8,-0.2,0.2,0.191,0,0,0,,0,,,4.8,0.6,0.2,0,0,,3,0.6,0.2,1.4,0.8,1.4,9.2,42.857,5.8,21.642,1.4,7,2.388,0.326,2,2.073,0.927,5,2.514,0.086,2,20,100,2.8,1.2,19.2,9.4,0.4
Mitch Knevitt,Geelong,23,23.97,Midfielder,2,4.75,28,27.5,0,0,0,44.5,4,3,7,50,37.5,66.667,57.143,0.5,100,57.143,0.5,0,0.5,14,1.5,4.667,152,21.714,98.575,250.575,145.005,67.12,36.251,-3.57,-1.19,0,3.868,3.076,1.129,26.985,23.015,47.45,27.55,3,4,7,42.857,0.5,1.5,0.5,0.5,1,3,1.5,0,1,2.5,32.651,0,1.5,2.5,3,0,0,0,,0,0,0,,2,0.5,1,0,0,1,0.5,0.5,0,0,0,,0,,0,,,0,0,0,,0,,1,0.5,1,2,1,1,10,25,3.5,13.462,0,4,2.328,-0.328,3,2.228,0.105,1,2.628,-1.628,0,0,,0.5,0,5.5,1.5,0
Oisin Mullin,Geelong,26,26.88,Gen. Defender,5,6.34,38.6,36,0,0,0,80.4,2.6,5,7.6,76.316,53.846,88,73.684,0.8,0,34.211,1,0.2,1.6,4.75,0.8,9.5,87,11.447,105.534,192.534,73.742,44.092,28.362,5.114,1.023,1.375,2.802,2.761,2.162,27.763,2.237,53.055,-23.055,3.6,4.6,8.2,43.902,1.2,3.2,0.4,0.8,2.4,1.6,1.4,0,0.8,2.4,-7.327,1.2,3.8,2.4,0.8,7.4,23.718,1.2,16.216,0.4,1.6,1,80,1.4,0,0,0,0,0.4,0.6,-0.2,0,0,0,,0,,0,,,3.2,0.6,0,,0,,2,0.4,0.2,0.6,0,0,2.6,66.667,2.2,8.209,0.4,3,2.852,1.481,0,,,3,2.852,1.481,0,0,,0.2,1.4,11.6,6,0.6
Oliver Dempsey,Geelong,23,23.98,Midfielder,5,14.94,94,82.2,9,1.8,1,84.6,9.8,9.2,19,68.421,55.102,82.609,73.684,1.8,66.667,51.579,2.2,0.4,1.6,11.875,2.4,7.917,267.2,14.063,173.612,440.812,217.69,184.386,22.213,27.612,3.001,1.931,10.773,5.333,7.662,29.457,3.877,49.142,5.024,7.4,10,17.4,42.529,1.8,6.6,3,2,4.6,5.8,5,0,2.6,4.8,18.434,1.8,4.6,4.8,6.2,0,0,0,,1.6,1.6,1,80,3.6,0.2,1,0,0.8,0.6,0.6,0,0,0,0,,0,,0,,,2.4,0.6,0.4,0,0.4,0,12,2.4,0.8,3.6,1,1.6,21.8,66.667,7.8,29.104,1.2,18,3.526,0.696,7,3.886,0.686,11,3.297,0.703,0,0,,0.8,0.4,11,5.2,0.4
Connor O'Sullivan,Geelong,21,21.61,Key Defender,5,7.86,57,49.2,0,0,0,90.6,7.8,3.8,11.6,74.138,74.359,73.684,70.69,0.6,33.333,67.241,0.6,2.4,3,3.867,2.6,4.462,188,16.207,95.992,283.992,160.682,80.958,20.6,17.722,4.664,-0.023,6.261,5.44,-0.831,18.511,7.805,67.654,0.767,4.8,6.6,11.4,42.105,6.2,1.8,0,0,1.8,4.6,1.6,0,0.6,3,-35.465,4.8,4.8,1.8,0,0,0,0,,0,0,0,,3.2,0.8,0,1.6,0,2.4,1.4,1,0,0,0,,0,,0,,,2.6,0,3.6,22.222,0,,0,0,0,0,0,0,0,,2.4,8.955,1.2,0,,,0,,,0,,,0,0,,0,5.4,12.4,8.8,4.4
Patrick Dangerfield,Geelong,36,36.73,Gen. Forward,4,14.1,92,79.75,10,2.5,1,79.25,9.75,9.5,19.25,63.636,58.974,68.421,59.74,4.75,36.842,50.649,5.25,0.5,4.25,4.529,4.25,4.529,364.25,18.922,168.605,532.855,361.552,150.3,37.082,-2.502,-0.263,1.726,8.684,7.785,2.66,31.653,-9.072,45.812,-3.876,10.75,9.25,20,53.75,1,5.5,2.75,4.25,1.25,5.75,3,1.5,1,5.5,19.102,0.5,5.5,8.5,5.5,10.75,34.959,2,18.605,1.25,3.25,4.75,73.684,4.5,1.5,1.25,0,1.75,1.5,0.5,1,1,0.926,0.25,25,0,0,0,0,0,2.5,0.75,0,,1,50,5,1.25,0.25,1.75,0.75,1.5,13,71.429,6.25,21.739,0.75,7,3.456,0.973,5,3.495,0.305,2,3.359,2.641,0,0,,0.25,1.5,11,2.75,0.25
Rhys Stanley,Geelong,36,36.08,Ruck,2,5.2,57.5,56.5,0,0,0,66.5,4,3.5,7.5,66.667,75,57.143,60,2,75,53.333,2,2,3,2.5,1.5,5,153,20.4,76.405,229.405,148.75,84.025,37.188,11.775,3.364,2.02,0.531,3.385,1.436,27.503,22.497,38.618,-13.618,4,3,7,57.143,0.5,2,0,0.5,1.5,1.5,0.5,0,0,2.5,2.829,1,2.5,2.5,1,18,61.017,1.5,8.333,0,1.5,2,75,1,0.5,0.5,0,0,1.5,1,0.5,48,46.602,16.5,34.375,3,18.182,0,27.273,30.303,4,0.5,0,,1,50,1,0.5,0.5,1,0,0,3.5,50,2,7.547,0.5,2,2.922,0.578,1,3.28,-2.28,1,2.563,3.437,0,0,,0,2.5,10,4,2
Tom Stewart,Geelong,33,33.79,Gen. Defender,4,11.225,94.75,75.5,16,4,2,66,14.75,4.25,19,85.526,88.136,76.471,71.053,0.25,0,77.632,0.5,6.75,1.5,12.667,3.75,5.067,452.75,23.829,238.917,691.668,419.868,250.817,28.466,0.702,0.165,0.458,8.921,5.751,3.143,12.683,4.559,65.24,-4.895,5,8.75,13.75,36.364,7.5,3.25,0,0.5,2.75,4.25,2.5,0,0.75,4,-49.257,8.25,4.75,0.75,0,0,0,0,,0.5,0.5,0.25,100,4.75,0.25,0,2.5,0,1.5,0.5,1,0,0,0,,0,,0,,,1.75,0,0.5,0,0,,1,0.25,0,0.25,0,0,1.5,100,3,10.526,2,1,3.057,2.943,0,,,1,3.057,2.943,4.25,47.222,100,0.5,2.25,8,7.25,2.25
Jeremy Cameron,Geelong,33,33.75,Key Forward,4,10.5,94.75,85,7,1.75,2,89.75,11.5,2.75,14.25,56.14,50,81.818,56.14,1.75,42.857,80.702,1.75,0.5,1.25,11.4,2.25,6.333,349.5,24.526,99.152,448.652,374.18,169.342,32.537,7.23,2.629,0.656,7.652,6.389,2.254,31.244,5.12,54.788,8.848,5.25,9,14.25,36.842,1,3,1.25,0.25,2.75,4.25,2.25,0.25,0.75,3.25,31.769,0.75,1.25,5,7.25,0,0,0,,0.75,0.75,0.5,100,6.75,1.5,3.75,0.25,2,0.25,0.25,0,0.25,0.231,0,0,0,,0,,,2.25,1.75,0,,3.25,23.077,9,2.25,2.75,6,0.25,0.75,18.25,37.5,8.5,29.565,0.75,24,2.919,-0.21,16,3.257,-0.57,8,2.241,0.509,0,0,,0.25,1.25,9,1.5,1
Jed Bews,Geelong,33,33.04,Gen. Defender,1,10.6,88,68,0,0,0,80,11,4,15,86.667,81.818,100,80,0,,73.333,0,5,1,15,2,7.5,234,15.6,147.57,381.57,191,163.92,17.364,11.29,2.823,1.672,8.275,6.685,2.776,18.558,26.896,68.562,4.165,6,10,16,37.5,6,5,1,3,2,3,3,0,0,3,-34.241,8,5,2,1,0,0,0,,3,3,1,100,6,0,0,2,0,0,1,-1,0,0,0,,0,,0,,,3,0,0,,0,,0,0,0,0,0,0,0,,6,18.182,3,0,,,0,,,0,,,0,0,,0,1,12,9,0
Jack Martin,Geelong,31,31.92,Gen. Forward,5,5.24,43.8,43.4,0,0,0,56.8,6.2,3.2,9.4,68.085,61.29,81.25,65.957,1.4,57.143,65.957,1.4,0.6,2.4,3.917,2.2,4.273,183.2,19.489,99.236,282.436,181.434,82.47,29.264,0.522,0.163,0.425,3.173,3.296,1.401,25.125,11.238,55.708,12.474,3.8,5.8,9.6,39.583,0.4,2.4,1.2,0.4,2,2.6,1.6,0.2,1,2,22.8,0.2,3.2,2.6,3.6,0,0,0.4,,0.2,0.6,1,60,3.4,0.2,1.2,0.2,0.6,0.8,1,-0.2,0,0,0,,0,,0,,,1.6,1.2,0,,0,,3,0.6,0.4,1.6,0.6,0.6,7.6,37.5,4,14.925,0.6,8,2.856,-0.356,6,2.568,-0.401,2,3.719,-0.219,0.2,2,100,0,0.6,8.6,2.8,0.2
Mark Blicavs,Geelong,35,35.76,Ruck,5,9.5,74.8,78.4,11,2.2,2,79.6,5.6,7.8,13.4,68.657,50,82.051,73.134,1,60,41.791,1.2,0.6,3,4.467,2,6.7,111.8,8.343,144.114,255.914,98.258,55.974,17.546,7.818,1.002,3.266,3.438,4.435,1.489,28.022,-4.213,48.539,-0.92,6.8,6.2,13,52.308,2.8,4.8,0.2,2,2.8,2.8,2.2,0,0.2,2.8,3.022,1.2,5,5,1.8,19.2,61.538,2,10.417,0.8,2.8,3.8,52.632,2.6,0.4,0.4,0.4,0,0.6,1.6,-1,55.8,53.244,22,39.427,4.2,19.091,1,36.364,43.636,4.2,0.4,0.2,0,1,0,3,0.6,0,0.6,0.2,0.4,5,100,4.4,16.418,2.4,3,5.031,0.969,1,6,0,2,4.546,1.454,0,0,,0,3.2,13.6,6.2,2.4
Shaun Mannagh,Geelong,29,29.4,Gen. Forward,5,11.32,75,73.2,0,0,0,83.4,10.2,4.6,14.8,71.622,66.667,82.609,64.865,3.2,62.5,68.919,3.6,0.2,3.4,4.353,3.8,3.895,385.6,26.054,147.944,533.544,305.356,224.316,30.536,26.932,5.855,1.218,6.79,3.539,5.432,29.852,18.796,48.77,7.987,4.8,10.6,15.4,31.169,1,3.4,1,1.2,2.2,2.2,1.4,0.4,0.4,6,11.892,0.6,5.8,5.4,3.6,0.2,0.641,0.2,100,1.8,2,2.4,66.667,3.6,0.2,1,0,0.8,0.6,1,-0.4,0,0,0,,0,,0,,,4.4,1,0,,0.6,0,6,1.2,0.2,1.8,1.2,1.8,15.2,66.667,6.2,23.134,1.8,9,2.972,1.139,6,3.331,0.835,3,2.254,1.746,0,0,,1,0.6,17.8,7,0
Tom Atkins,Geelong,31,31.28,Midfielder,5,14.82,106.4,99.6,7,1.4,2,76,11.6,11.4,23,70.435,62.069,78.947,72.174,3.4,70.588,50.435,4.4,1.8,3.4,6.765,2.8,8.214,295,12.826,272.188,567.188,264.984,165.496,22.843,19.762,1.734,5.074,5.287,7.292,2.9,27.529,6.433,56.965,3.412,12.6,10.8,23.4,53.846,3.2,9.6,1,3,6.6,4.4,3.6,0.6,1,7.8,-5.423,3.2,9.6,8.8,1.8,23.2,74.359,2,8.621,3.6,5.6,6,66.667,2.4,0,0.2,0,0,2.8,1,1.8,0,0,0,,0,,0,,,8.4,0.8,0,,0.2,0,1,0.2,0.2,0.4,0.6,1.2,5.6,50,6.6,24.627,2.2,2,3.19,0.31,2,3.19,0.31,0,,,0,0,,0.4,1.2,29.4,16.4,0.2
Tyson Stengle,Geelong,28,28.2,Gen. Forward,4,7.95,68.25,70,1,0.25,1,82.75,11,2.75,13.75,56.364,52.273,72.727,60,3.75,66.667,80,4.25,0,1.75,7.857,1.5,9.167,245,17.818,103.525,348.525,279.49,150.248,25.999,8.998,3.272,-0.396,5.13,4.139,0.933,34.848,18.723,52.754,4.389,4.25,9.75,14,30.357,1.75,2.5,1.25,0.25,2.25,4,2.5,0,0.5,4.5,36.76,0,1.25,7,5.75,0,0,0,,0.25,0.25,0.25,100,4.25,0.75,2,0.25,0.25,1,0.5,0.5,0,0,0,,0,,0,,,2.5,1,0,,1.75,28.571,5,1.25,1.75,4,0.75,0.75,13.75,31.25,7.5,26.087,0.75,16,3.053,-0.741,7,3.378,-2.092,9,2.801,0.31,0,0,,0,0.25,12.25,1,0
Jack Bowes,Geelong,28,28.92,Midfielder,4,11.625,80.25,58.75,0,0,0,74,9.5,4.5,14,67.857,55.263,94.444,66.071,2.5,60,67.857,2.75,1.25,1,14,1.25,11.2,303.75,21.696,155.547,459.298,267.485,163.983,28.156,26.11,5.802,2.938,7.707,5.45,5.396,26.648,10.389,44.883,14.376,7,7,14,50,2.75,5.5,1.25,1.25,4.25,4.5,3.5,0,1.25,4.25,7.752,2,3.75,4.75,3.5,1.75,5.691,0,0,1.75,1.75,2.25,66.667,2.25,0.25,0.5,0.25,0.5,1,0.25,0.75,0,0,0,,0,,0,,,2.25,0.75,0,,0.5,100,3,0.75,0.75,1.75,0.75,2,11,42.857,5.5,19.13,1.75,7,3.198,-0.198,4,3.334,0.166,3,3.016,-0.682,0,0,,1.25,1,11.25,6.25,0.5
Brad Close,Geelong,28,28.42,Gen. Forward,5,7.02,56,49,0,0,0,80,7.2,5,12.2,77.049,69.444,88,78.689,1.6,62.5,59.016,2.4,0.4,1,12.2,1,12.2,169.2,13.869,169.658,338.858,150.936,103.312,20.963,17.352,3.47,0.52,4.224,3.051,1.975,33.583,6.417,52.1,19.9,4,7.4,11.4,35.088,0.4,2.8,1,0.2,2.6,3.4,2.2,0,1.4,4,24.49,0.4,2.4,4.8,3.8,0,0,0,,0.4,0.4,0.4,50,2.2,0.2,1,0,0.2,1,0.4,0.6,0.2,0.191,0,0,0,,0,,,2,0.4,0,,1.4,14.286,2,0.4,0.6,1.4,1,1.4,9.4,28.571,5.4,20.149,0.4,7,3.615,-1.472,4,3.749,-0.499,3,3.436,-2.769,0,0,,0,0.4,13.8,2.8,0.2
Josh Gibcus,Richmond,23,23.74,Key Defender,1,5.4,43,25,0,0,0,56,5,2,7,71.429,60,100,57.143,0,,71.429,0,2,1,7,1,7,128,18.286,119.11,247.11,127.59,22.66,25.518,6.4,3.2,-0.404,5.095,2.048,0.874,15.177,-15.177,64.007,-14.007,3,4,7,42.857,3,3,0,2,1,3,3,0,0,1,-48.909,4,3,0,0,0,0,0,,0,0,0,,3,0,0,0,0,0,1,-1,0,0,0,,0,,0,,,0,0,2,0,0,,0,0,0,0,0,0,0,,0,0,0,0,,,0,,,0,,,0,0,,0,6,9,9,6
Riley Bice,Sydney,26,26.26,Gen. Defender,2,9.3,56,49,0,0,0,59.5,7.5,6,13.5,92.593,93.333,91.667,92.593,0.5,100,55.556,0.5,0.5,2.5,5.4,1,13.5,167,12.37,177.065,344.065,152.465,115.12,20.329,9.14,1.523,0.375,8.352,5.772,2.204,19.261,14.073,68.967,17.7,5.5,7.5,13,42.308,6,4,0,0.5,3.5,5,3.5,0,0,4.5,-31.333,5,6,2,0,0,0,0,,0,0,0.5,0,3,0,0,1,0,0.5,1,-0.5,0,0,0,,0,,0,,,2,0,0.5,0,0,,0,0,0,0,0.5,0.5,3,,4,13.333,2,0,,,0,,,0,,,2,23.529,75,1.5,3,8,4.5,2
Corey Warner,Sydney,23,23.23,Mid-Forward,1,9.5,75,67,0,0,0,75,11,3,14,85.714,81.818,100,78.571,4,75,78.571,5,3,3,4.667,1,14,422,30.143,287.09,709.09,378.25,287.31,34.386,22.87,7.623,0.999,5.767,3.207,5.123,25.804,24.196,48.924,31.076,3,12,15,20,1,2,1,0,2,1,0,0,0,3,-11.995,4,3,7,1,0,0,0,,1,1,2,50,10,1,0,1,0,0,1,-1,0,0,0,,0,,0,,,0,0,0,,2,0,0,0,1,1,4,4,25,0,6,21.429,1,1,2.473,-1.473,1,2.473,-1.473,0,,,0,0,,0,0,2,2,0
Lucca Grego,West Coast,20,20.29,Gen. Defender,1,3.6,59,56,0,0,0,82,9,5,14,71.429,55.556,100,57.143,1,0,64.286,1,5,2,7,3,4.667,235,16.786,108.98,343.98,230.86,33.98,25.651,11.04,2.208,0.984,3.6,6.002,-2.247,14.384,-14.384,59.692,-26.359,6,5,11,54.545,5,4,0,0,4,5,3,0,1,3,-39.937,6,5,1,0,0,0,0,,1,1,0,,5,2,0,2,0,0,0,0,0,0,0,,0,,0,,,1,0,1,0,0,,0,0,0,0,0,0,0,,0,0,0,0,,,0,,,0,,,3,30,66.667,0,1,7,5,1
Isaac Keeler,St Kilda,22,22.69,Key Forward,1,5.8,57,51,0,0,0,84,8,5,13,76.923,75,80,76.923,0,,61.538,0,1,2,6.5,4,3.25,157,12.077,127.73,284.73,154.88,147.65,19.36,-3.13,-0.626,-0.192,4.311,4.07,2.083,28.593,14.264,58.639,12.79,4,9,13,30.769,1,3,2,0,3,4,3,0,1,7,14.361,1,6,2,4,2,6.061,0,0,0,0,0,,3,1,0,0,0,0,1,-1,16,13.675,1,6.25,0,0,0,0,0,1,1,0,,2,50,1,1,0,1,1,1,12,100,5,21.739,0,1,4.31,1.69,0,,,1,4.31,1.69,0,0,,0,2,9,2,2
Arthur Jones,Western Bulldogs,23,23.45,Mid-Forward,2,5.9,27,32,0,0,0,46.5,2.5,4,6.5,84.615,80,87.5,92.308,0.5,0,38.462,0.5,0,0.5,13,0.5,13,83.5,12.846,82.375,165.875,76.105,63.55,30.442,6.45,1.612,0.545,5.073,2.415,3.203,23.693,-23.693,41.327,25.34,2.5,4,6.5,38.462,0,2,1.5,0,2,2,1.5,0,0.5,1,26.042,0,1.5,2,3,0,0,0,,0.5,0.5,0.5,100,1.5,0.5,0.5,0,0,0,0,0,0,0,0,,0,,0,,,1.5,0,0,,1,0,2,1,0,1,0.5,1,9.5,100,3.5,12.069,0.5,2,3.235,2.765,1,3.58,2.42,1,2.891,3.109,0,0,,0,0,11.5,2.5,0
Mitch Lewis,Hawthorn,28,28.21,Key Forward,4,5,41.75,40.5,0,0,0,56.5,4.25,1.75,6,66.667,64.706,71.429,62.5,0.75,66.667,70.833,1.5,0,1,6,1.5,4,113.5,18.917,45.505,159.005,132.365,59.08,31.145,-0.782,-0.447,-0.065,4.558,4.21,0.615,27.44,1.131,62.667,8.761,3.25,3.5,6.75,48.148,0.25,0.5,0,0,0.5,2.75,0.25,0,0,1,25.64,0,2,2.5,2.25,0,0,0,,0.5,0.5,0.25,100,3,1,1.25,0,0.75,1.25,0,1.25,0.25,0.258,0,0,0,,0,,,1.5,0.75,0,,2,50,5,1.25,0.5,2.5,0,0,8,50,2.75,11,0.5,10,2.644,0.556,10,2.644,0.556,0,,,0,0,,0,1.25,5.75,1.5,0.5
Lloyd Meek,Hawthorn,28,28.69,Ruck,5,12.3,92.4,91.2,3,0.6,1,79.4,4.2,9.2,13.4,73.134,61.905,78.261,71.642,0.6,33.333,31.343,1,0.6,3.6,3.722,1,13.4,104.4,7.791,231.17,335.57,112.79,43.358,26.855,4.72,0.513,3.976,4.86,7.12,0.148,26.209,9.085,58.603,-5.662,8.8,5.8,14.6,60.274,1.8,4.4,0.8,0.8,3.6,3.8,1.6,0,0,2.8,-2.482,1.4,7,4.2,2,23.6,75.641,0.6,2.542,2.6,3.2,4,65,3.6,1.2,0.8,0.6,0.2,1.4,1.4,0,79.2,75.573,35,44.192,9,25.714,1.4,43.429,37.714,3.6,0.2,0.4,50,0.2,100,2,0.4,0.4,0.8,0.6,0.8,6.6,50,4.8,18.898,2,4,3.07,0.43,3,3.626,0.707,1,1.402,-0.402,0,0,,0,2,10.8,4.6,1
James Worpel,Geelong,27,27.93,Midfielder,5,9.9,74.6,73.4,0,0,0,69.6,10.8,8.6,19.4,58.763,46.296,74.419,50.515,5.4,33.333,55.67,5.6,1.6,3.4,5.706,6.8,2.853,396.8,20.454,160.108,556.908,379.984,123.704,35.184,5.742,0.668,3.591,2.134,4.996,1.635,27.887,-10.866,39.762,-14.23,9,11,20,45,2.2,5.4,0,1.6,3.8,2.4,2.2,2,1,7.6,-9.542,3.2,8.4,7.6,0.8,20,65.359,2.4,12,4,6.4,6.6,81.818,1.4,0,0,0,0,1.4,1,0.4,0,0,0,,0,,0,,,5.2,0.6,0,,0.2,0,0,0,0.4,0.4,0.4,0.8,3.2,0,4,16.529,1.6,2,2.468,-1.468,0,,,2,2.468,-1.468,0,0,,0,1.2,21.2,11.4,0.4
Massimo D'Ambrosio,Hawthorn,23,23.57,Midfielder,5,9.04,53,48.8,0,0,0,79.2,8.2,6.2,14.4,73.611,58.537,93.548,69.014,1.8,44.444,56.944,2,1.6,1.8,8,2.2,6.545,305.4,21.208,145.296,450.696,264.952,143.588,33.119,13.03,2.172,1.866,5.777,3.598,3.955,25.518,-0.518,44.577,-2.91,4.4,9.2,13.6,32.353,3.4,4,0.6,0.6,3.4,3,2.6,0,1,6.6,-7.5,2.8,4.2,5.2,1.4,0,0,0,,1.4,1.4,1.2,100,1.4,0.2,0,0.6,0,0.2,0,0.2,0,0,0,,0,,0,,,1.8,0.4,0.4,0,0,,0,0,0.2,0.4,0.2,0.4,1.6,0,3,11.811,1.4,2,1.835,-1.335,0,,,2,1.835,-1.335,0,0,,0.2,0.6,11.8,6.4,0.4
Dylan Moore,Hawthorn,27,27.4,Gen. Forward,5,12.8,80.4,71.4,1,0.2,1,89,9,9.4,18.4,77.174,64.444,89.362,69.231,2,40,48.913,3,1,2.4,7.667,2.8,6.571,277.8,15.098,194.632,472.432,238.534,106.612,27.106,18.29,1.946,2.024,7.211,5.597,4.85,30.226,1.203,50.984,-5.27,8,11,19,42.105,1,6.2,2,1.4,4.8,4.8,4,0.2,1.6,5.8,8.016,1.6,6.4,6.8,4.2,7.2,23.077,0.6,8.333,1.4,2,2.4,58.333,3.6,0,0.6,0,0.8,1.8,1,0.8,0,0,0,,0,,0,,,3,1,0,,0.6,33.333,3,0.6,0.4,1.2,0.8,1,9,50,4.8,18.898,0.6,6,3.525,-0.192,2,2.189,-1.689,4,4.193,0.557,0,0,,0.4,0.6,15.4,7.4,0
Conor Nash,Hawthorn,28,28.42,Midfielder,5,9.58,66.2,67.8,0,0,0,72.6,9.6,10.4,20,56,41.667,69.231,59,4.4,45.455,48,4.6,1.2,3,6.667,3.4,5.882,310.4,15.52,158.446,468.846,269.126,138.438,28.63,19.766,1.901,4.692,1.592,4.245,2.505,28.259,2.297,45.188,-3.522,8.6,9.8,18.4,46.739,1.2,5.6,1,2.2,3.4,1,1,2.2,0.2,7.8,-0.064,2.2,6.2,7.6,2.4,20.4,65.385,2.6,12.745,3,5.6,7.2,72.222,1.2,0,0.2,0,0,0.6,0.8,-0.2,0.2,0.191,0,0,0,,0,,,3.8,1.4,0.2,100,0.2,0,1,0.2,0,0.4,0.4,0.8,4,50,5.4,21.26,1.6,2,3.367,-0.367,2,3.367,-0.367,0,,,0,0,,0.4,1.4,17.8,6.8,0.4
Jack Ginnivan,Hawthorn,24,24.06,Gen. Forward,5,11.14,71.2,68.6,0,0,0,78.8,10.6,7.2,17.8,64.045,52.83,80.556,68.539,3,33.333,59.551,3.8,0.4,4.2,4.238,4,4.45,264.8,14.876,181.826,446.626,241.98,126.418,23.267,4.366,0.606,1.509,7.299,5.215,4.706,32.232,-5.916,49.414,3.217,6.2,12,18.2,34.066,2.2,5,1.6,1,4,4.4,3.6,0,1.8,6.6,11.74,1.2,4.8,8.8,3.4,0,0,0.4,,0.6,1,1,60,3.6,0,0.4,0.2,0.2,1.2,1.4,-0.2,0,0,0,,0,,0,,,1.2,0,0.4,50,0.4,0,8,1.6,0.2,1.8,0.2,0.8,11.6,88.889,4.8,18.898,1,9,2.854,2.59,2,4.076,1.924,7,2.505,2.781,0,0,,0,1,14.2,5.8,0.2
Connor Macdonald,Hawthorn,23,23.96,Gen. Forward,5,7.74,67.8,66.2,0,0,0,76,9.6,6.6,16.2,64.198,52.083,81.818,72.5,2.4,50,59.259,2.8,0.8,3.2,5.062,3.2,5.062,233.2,14.395,209.562,442.762,235.01,112.928,24.48,-7.104,-1.11,0.447,4.527,3.73,2.807,30.481,2.853,53.353,-3.353,4.6,11.6,16.2,28.395,1,3.6,0.8,0.6,3,3,2.4,0.2,1,6,9.929,1,5,7.2,3,2.4,7.692,0.2,8.333,0.6,0.8,1,40,3.6,0,0.8,0,0.4,0.4,1,-0.6,0,0,0,,0,,0,,,2.4,1,0,,0.4,0,5,1,0.4,1.6,1,2,13.4,62.5,5.4,21.26,0.2,8,3.289,0.711,3,3.601,-0.934,5,3.103,1.697,0,0,,0,0.6,14.2,4,0
Josh Ward,Hawthorn,23,23.37,Midfielder,5,13.08,75.6,67.6,4,0.8,1,73.6,8.8,9.6,18.4,70.652,52.273,87.5,73.913,3,33.333,47.826,3.6,1,1.4,13.143,2.2,8.364,290.2,15.772,196.374,486.574,248.844,135.322,28.278,18.3,1.906,3.246,6.131,5.874,3.491,26.462,7.684,51.288,2.371,7.6,11.8,19.4,39.175,3.4,5.8,0.6,0.4,5.4,3.8,3.2,0.6,1,8,-3.931,2,7.8,8.8,0.8,15,48.077,1.6,10.667,1.6,3.2,3,100,2.6,0,0,0,0.6,0.2,0.2,0,0,0,0,,0,,0,,,3.6,0.4,0.4,100,0,,0,0,0.2,0.2,0.4,0.6,2.8,0,5,19.685,1.4,1,2.114,-1.114,0,,,1,2.114,-1.114,0,0,,0.2,1.6,15.2,7,0.2
Jai Newcombe,Hawthorn,25,25.41,Midfielder,5,13.74,90.2,85,18,3.6,2,81,12,13.6,25.6,74.219,61.667,85.294,69.531,2.6,23.077,46.875,3.6,2.4,5.2,4.923,4.8,5.333,388.2,15.164,371.228,759.428,335.972,171.878,28.963,13.998,1.029,4.767,4.923,5.879,4.795,25.75,5.019,51.944,-1.944,11.2,14.8,26,43.077,2,6.4,0.8,1.8,4.6,2.6,1.8,3.2,1.2,9.6,-7.482,3.4,12,8.8,1.8,26.6,85.256,2.6,9.774,3.6,6.2,8,70,3.4,0.2,0.6,0.6,0,1.6,2.2,-0.6,0,0,0,,0,,0,,,3.4,0.4,0,,0,,2,0.4,0.6,1,0.6,1,7,40,6.2,24.409,1.8,5,2.886,0.114,3,2.897,1.436,2,2.87,-1.87,0,0,,0.8,0.8,17.4,9.4,0.4
Nick Watson,Hawthorn,21,21.84,Gen. Forward,5,9.98,64,57.4,1,0.2,1,81.2,6.6,5.2,11.8,66.102,51.515,84.615,64.407,1.6,37.5,55.932,2.4,0,1.8,6.556,1.8,6.556,200.2,16.966,91.364,291.564,176.496,79.794,26.742,4.268,0.821,1.466,7.084,4.282,4.482,37.232,-18.482,55.811,-24.561,5.4,6.2,11.6,46.552,1.4,4,1.8,0.6,3.4,4,3.2,0.4,1.2,3.6,28.291,0.2,2,5.6,3.8,3,9.615,0.2,6.667,1,1.2,0.8,100,1.8,0,0.4,0,0.2,0.6,0.4,0.2,0,0,0,,0,,0,,,3.2,1.6,0.2,100,0.4,100,7,1.4,1.2,3,0.4,0.8,12.4,46.667,6.4,25.197,0.8,15,2.967,0.233,5,2.778,-0.978,10,3.062,0.838,0,0,,0.4,1.4,11.8,3.6,0.6
Calsher Dear,Hawthorn,21,21.4,Key Forward,2,1.55,33.5,30.5,0,0,0,58,3,2.5,5.5,36.364,33.333,40,45.455,0.5,0,54.545,0.5,0,1,5.5,1.5,3.667,85,15.455,26.71,111.71,95.81,22.315,31.937,8.4,3.36,0.357,-1.071,2.542,-1.832,50.02,-0.02,59.43,-9.43,3,2.5,5.5,54.545,1.5,2,0.5,0.5,1.5,3,2,0,0.5,1,39.882,0,0.5,2.5,2.5,0,0,0,,0,0,0,,2,0.5,1,0.5,0,0.5,0,0.5,0,0,0,,0,,0,,,1.5,1.5,0,,2,25,1,0.5,1,2,0,0,4,25,3.5,13.725,1.5,4,2.881,-0.881,3,2.711,-0.378,1,3.392,-2.392,0,0,,0,3,14,5.5,3
Luke Breust,Hawthorn,36,36.13,Gen. Forward,1,3,17,8,0,0,0,42,1,4,5,80,0,100,80,1,0,20,1,0,1,5,0,,59,11.8,40.64,99.64,32.72,16.76,32.72,12.29,3.072,0,4.253,1.164,4.024,38.12,-38.12,44.92,-44.92,2,3,5,40,0,2,1,2,0,2,2,0,1,2,20.556,0,3,0,2,0,0,0,,0,0,0,,0,0,0,0,0,0,1,-1,0,0,0,,0,,0,,,0,0,0,,3,0,0,0,0,0,1,2,7,,3,12.5,0,0,,,0,,,0,,,0,0,,0,0,3,1,0
Jack Gunston,Hawthorn,35,35.2,Key Forward,5,14.3,85.6,72.4,8,1.6,1,86,8.4,2.6,11,70.909,66.667,84.615,70.909,0.8,25,76.364,1,0,1.4,7.857,1.2,9.167,219,19.909,87.688,306.688,254.032,139.062,30.242,3.22,1.238,0.239,12.723,5.822,7.647,36.977,-5.727,55.531,13.219,5,6,11,45.455,0.8,3.8,2.2,0.6,3.2,4.8,3.6,0,0.8,1.2,47.759,0,0.4,2.8,7.8,0,0,0.2,,0,0.2,0.2,100,4.8,0.6,3.6,0,2.4,0.4,0.4,0,0,0,0,,0,,0,,,1.6,1.2,0,,2.8,14.286,17,3.4,1.6,5.2,0.6,1.4,26.4,65.385,7.8,30.709,0.6,26,2.965,1.266,19,3.314,1.054,7,2.018,1.839,0,0,,0,1,8.6,2,0.6
Jarman Impey,Hawthorn,31,31.47,Gen. Defender,5,8.92,70.8,70,2,0.4,1,82.2,12.2,6,18.2,70.33,63.934,83.333,58.889,3.4,29.412,67.033,3.8,4.8,2.6,7,4,4.55,452.8,24.879,212.042,664.842,376.268,187.236,31.887,27.286,4.548,0.521,7.036,3.943,3.636,21.239,-1.239,49.166,-9.166,5,12,17,29.412,4.2,4.8,0.4,0.4,4.4,3.8,3.8,0.2,2.2,8,-21.198,5.6,6.6,4.2,0.6,0,0,0,,0.8,0.8,1.2,50,3.6,0,0,0.8,0.2,0,0.4,-0.4,0,0,0,,0,,0,,,2.6,0.2,0.6,0,0.2,0,1,0.2,0.2,0.6,0.2,0.4,2.8,33.333,3.2,12.598,0.8,3,2.358,-0.025,0,,,3,2.358,-0.025,0.6,5,100,0.6,1.8,11.4,7.2,1.6
Karl Amon,Hawthorn,31,31.36,Gen. Defender,5,9.84,86,78.6,2,0.4,1,83.8,16.4,7,23.4,77.778,76.829,80,61.207,2.8,64.286,70.085,3.4,7,3.6,6.5,3.8,6.158,647,27.65,229.434,876.434,550.466,347.756,33.979,32.664,4.804,0.454,8.086,3.456,5.77,17.865,-2.281,46.635,-2.479,3.6,15.8,19.4,18.557,4,3.2,0,0,3.2,2.6,2.2,0,0.8,11.2,-23.713,6,8.2,5,0.2,0,0,0.2,,0.8,1,0.4,50,3.2,0,0,0.8,0.2,0.6,1,-0.4,0,0,0,,0,,0,,,1.4,0,0,,0,,2,0.4,0.2,0.8,0.6,1,6.6,50,3.4,13.386,1,4,2.324,0.926,1,2.035,3.965,3,2.42,-0.087,3.8,31.667,100,2,1.4,11.6,9.6,1.2
James Sicily,Hawthorn,31,31.98,Gen. Defender,5,10.08,89.6,74.2,0,0,0,88.8,12.2,7,19.2,83.333,83.607,82.857,70.833,2,40,63.542,2.2,5.2,2.8,6.857,4.4,4.364,385.8,20.094,209.354,595.154,378.772,170.63,31.047,-4.258,-0.608,0.526,8.083,7.067,1.124,16.729,5.305,59.519,-3.587,6.6,11,17.6,37.5,8.8,4.6,0,1,3.6,6,4,0,1.6,5,-33.63,7.8,6.4,3.4,0,0,0,0,,0.6,0.6,0.6,66.667,5.4,0.4,0,2.6,0,1.6,0.8,0.8,0,0,0,,0,,0,,,2,0,2.4,33.333,0.2,0,0,0,0.2,0.2,0.4,0.4,2.6,0,2.8,11.024,2.4,1,2.37,-1.37,0,,,1,2.37,-1.37,2,16.667,90,0.2,4,9.4,7.8,3.2
Tom Barrass,Hawthorn,31,31.23,Key Defender,5,9.72,51.2,30,0,0,0,84.2,4.4,4.2,8.6,86.047,86.364,85.714,72.093,0.8,25,51.163,0.8,2.6,1.4,6.143,2.2,3.909,115.6,13.442,88.47,204.07,119.876,48.308,27.245,-6.376,-1.518,0,8.502,4.74,0.998,17.113,19.25,59.679,-5.134,3.8,4.6,8.4,45.238,5.2,2.8,0,0.8,2,3.8,2.8,0,0.6,2.4,-43.677,5.2,2,1.2,0,0,0,0,,0,0,0,,2.8,1,0,2,0.2,0,0.8,-0.8,0.2,0.191,0,0,0,,0,,,0.6,0,1.8,55.556,0,,0,0,0,0,0,0,0,,1.6,6.299,1,0,,,0,,,0,,,0,0,,0,8.4,4.6,3.4,7.8
Blake Hardwick,Hawthorn,29,29.9,Gen. Defender,5,11.8,83.6,67.6,7,1.4,1,91.4,10.6,4.8,15.4,80.519,75.472,91.667,73.684,0.8,75,68.831,1,4.6,2.2,7,2.8,5.5,333.2,21.636,190.908,524.108,322.264,177.848,30.987,14.188,2.956,0.344,8.602,4.952,2.373,15.851,4.149,55.251,9.194,5.2,6.8,12,43.333,7.4,3.2,0.2,1,2.2,4.8,3.2,0,1.4,2.8,-37.435,5.8,4.4,1.4,0.4,0,0,0,,0.4,0.4,0.2,100,3.8,0.8,0,1.4,0,1.2,0.6,0.6,0,0,0,,0,,0,,,3.8,0,1,0,0.4,100,0,0,0.2,0.2,0,0,0.2,0,2.4,9.449,1.4,1,2.577,-1.577,0,,,1,2.577,-1.577,2,16.667,90,0.6,4,13.2,11.2,3.6
Mabior Chol,Hawthorn,29,29.92,Key Forward,5,11.28,77.2,70,0,0,0,79.8,7.2,3.4,10.6,64.151,58.333,76.471,68.627,1.4,57.143,67.925,1.8,0,2.6,4.077,1.8,5.889,170.8,16.113,87.764,258.564,178.398,105.548,27.03,5.118,1.505,2.421,7.349,7.189,3.095,31.476,11.381,54.796,9.489,6.8,4.2,11,61.818,0.8,3.4,1.4,1.2,2.2,3.8,2,0,0.8,1.2,25.026,0.2,2.6,4,4.2,7.6,24.359,1.4,18.421,1,2.4,3.6,72.222,3.8,1.2,2,0.4,0.8,0.6,1.4,-0.8,20.4,19.466,7.6,37.255,1.8,23.684,1.2,44.737,42.105,4,1.6,0,,1.4,0,8,1.6,0.6,2.8,0.6,0.8,14,57.143,4.8,18.898,1.6,14,3.408,0.235,10,3.751,0.049,4,2.55,0.7,0,0,,0.4,2.8,12,3,2.4
Jack Scrimshaw,Hawthorn,28,28.32,Gen. Defender,5,10.6,82.8,65.6,0,0,0,75.4,10,5.6,15.6,80.769,80,82.143,76.923,0.6,33.333,64.103,0.6,5.2,1.8,8.667,2.4,6.5,288.8,18.513,196.554,485.354,260.536,178.542,26.054,14.798,2.643,0.125,8.06,7.008,1.016,15.175,-9.053,55.367,11.98,6.2,8.8,15,41.333,7,4.2,0,0.6,3.6,5.2,3.2,0,0.4,4,-41.906,8.6,4,2.2,0.2,0,0,0,,0.2,0.2,1,60,5,0.6,0,2.4,0,0.8,0.6,0.2,0,0,0,,0,,0,,,2.6,0,2,10,0,,0,0,0,0,0,0,0,,1.6,6.299,0.8,0,,,0,,,0,,,1.4,11.667,100,1.2,3,7.6,6.2,2
Josh Battle,Hawthorn,28,28.33,Key Defender,5,10.46,83.6,64.8,1,0.2,1,95.2,10.6,7.4,18,77.778,79.245,75.676,71.111,1.2,66.667,58.889,1.2,4,2.6,6.923,3,6,293.8,16.322,239.06,532.86,270.412,154.454,25.511,9.752,1.318,0,7.407,7.07,-0.045,16.341,6.108,61.519,-4.377,6.6,9,15.6,42.308,7.6,4,0.2,0.4,3.6,6.6,4,0,0.8,5.4,-41.482,9.6,3.8,1.8,0.4,0,0,0,,0,0,0,,3.8,1,0.2,1.4,0,1,0.8,0.2,0,0,0,,0,,0,,,2,0.2,2.6,15.385,0,,0,0,0.2,0.4,0.2,0.2,1.4,0,3.2,12.598,1,2,3.657,-3.157,1,3.405,-2.405,1,3.909,-3.909,2,16.667,100,0.2,5,6.4,5.6,3.2
Changkuoth Jiath,Melbourne,27,27.55,Gen. Defender,4,2.475,31.75,26.75,0,0,0,49.25,3.25,4.5,7.75,74.194,53.846,88.889,77.419,1.25,80,41.935,1.75,0.5,2.25,3.444,1.5,5.167,102.25,13.194,177.47,279.72,70.19,57.52,21.597,12.67,2.816,1.079,0.071,2.018,0.398,26.731,14.936,50.553,16.114,3.5,5,8.5,41.176,1,2.75,0.25,0.5,2.25,1.5,1.5,0.5,0.25,3.75,-0.176,1.25,2.25,4.5,0.5,0,0,0,,1.75,1.75,2,87.5,0.5,0,0,0,0.25,0.25,1,-0.75,0,0,0,,0,,0,,,2.25,0,0.25,0,0,,0,0,0.25,0.25,1.5,1.5,9.25,0,2.5,9.804,0.75,1,2.974,-1.974,0,,,1,2.974,-1.974,0,0,,1.5,1.5,8.25,4.25,0.5
Daniel Rioli,Gold Coast,29,29.7,Gen. Defender,4,9.225,73,61,0,0,0,80.25,9.75,7.75,17.5,78.571,74.359,83.871,71.429,1.5,16.667,55.714,2.5,3.75,2,8.75,2.25,7.778,297.75,17.014,262.448,560.198,212.79,147.912,21.825,33.013,4.26,1.283,6.682,4.137,3.711,18.276,-4.387,67.662,1.783,5.5,11,16.5,33.333,4.75,3.75,0.25,0.5,3.25,3.25,2.5,0.25,0.75,7.5,-21.562,5.5,6.25,4.25,0.5,0,0,0,,1.25,1.25,1.25,40,3,0,0,0.75,0,1,0.5,0.5,0,0,0,,0,,0,,,1.5,0,0,,0,,1,0.25,0.25,0.5,0.5,0.5,4.75,50,3.75,13.636,1.5,2,3.26,0.24,1,3.236,2.764,1,3.283,-2.283,1.25,11.905,100,3.5,2.25,7.25,5.25,1
Jake Rogers,Gold Coast,21,21.83,Gen. Forward,1,6.3,22,20,0,0,0,27,5,1,6,66.667,60,100,100,1,100,83.333,1,0,0,,0,,131,21.833,134.25,265.25,106.6,131.01,21.32,12.08,12.08,0.738,4.945,1.538,4.145,36.512,43.488,51.29,8.71,2,4,6,33.333,0,2,0,0,2,1,1,0,0,3,26.852,0,1,3,2,3,9.375,1,33.333,0,1,1,100,1,0,0,0,0,0,0,0,0,0,0,,0,,0,,,0,0,0,,0,,0,0,0,0,2,2,12,,3,7.895,0,0,,,0,,,0,,,0,0,,0,0,4,2,0
Bailey Humphrey,Gold Coast,22,22.3,Mid-Forward,4,10.9,78.5,68,8,2,1,70.75,9.75,3.75,13.5,57.407,43.59,93.333,57.407,2.75,36.364,72.222,2.75,0.75,2.5,5.4,3.5,3.857,327.75,24.278,65.812,393.562,340.805,141.012,35.874,11.402,3.041,0.971,7.106,6.596,1.79,33.444,-4.873,40.416,-7.083,6.25,7,13.25,47.17,1.5,5,2.25,1.5,3.5,5.5,4.25,0,1.75,4,33.666,0.75,1.75,4,6.75,4.25,14.655,0,0,1,1,0.5,100,3.5,1,2.25,0,1.25,0.25,0.75,-0.5,0,0,0,,0,,0,,,2.25,0.75,0,,0.75,33.333,8,2,1.75,4.25,0.5,0.75,17,47.059,5.75,20.909,1,17,2.851,0.384,10,3.484,0.016,7,1.946,0.911,0,0,,0,1,10.75,2.5,0.75
Max Michalanney,Adelaide,22,22.84,Gen. Defender,2,3.4,58.5,63,0,0,0,84.5,9,7,16,71.875,77.778,64.286,65.625,1,0,56.25,1,1,2,8,4,4,253,15.812,125,378,236.315,104.065,26.257,1.23,0.176,0.391,0.906,2.649,-1.054,20.064,2.158,62.67,-1.559,2,14,16,12.5,3.5,1.5,0.5,1,0.5,1.5,1,0,0.5,8,-22.513,4.5,8.5,2.5,0.5,1,3.922,0,0,0.5,0.5,0,,5.5,0.5,0,2,0,0.5,1,-0.5,0,0,0,,0,,0,,,2,0,0.5,0,0,,0,0,0,0,0,0.5,0.5,,3,18.75,1,0,,,0,,,0,,,0,0,,0,1.5,7.5,4.5,1.5
Mason Cox,Fremantle,35,35.8,Key Forward,2,3.7,50,45,0,0,0,67.5,4,3,7,85.714,75,100,71.429,0.5,0,57.143,0.5,0,3.5,2,2,3.5,20,2.857,65.13,85.13,47.72,-5.635,11.93,-2.825,-0.942,2.983,1.323,4.122,1.387,26.112,-26.112,69.144,-29.144,3.5,2.5,6,58.333,1.5,2,1,0.5,1.5,2,0.5,0,0,0,7.995,0.5,2.5,1.5,1.5,6,22.642,0.5,8.333,1.5,2,1.5,100,3.5,1,0,1.5,0,0.5,1.5,-1,20.5,21.134,8.5,41.463,3.5,41.176,0,47.059,41.176,1.5,0.5,0,,1,0,2,1,0,1,0,0,6,100,3,15,2,2,5.378,0.622,1,5.106,0.894,1,5.649,0.351,0,0,,0,2.5,3,0.5,2.5
Hugh McCluggage,Brisbane,28,28.83,Midfielder,5,13.82,85.4,82.8,17.5,3.5,3,69.6,10.6,12.2,22.8,67.544,56.604,77.049,69.027,3.6,50,46.491,4.2,1,3,7.6,4.2,5.429,308.2,13.518,220.898,529.098,280.454,152.27,26.967,0.464,0.038,5.277,4.548,5.698,4.394,25.881,-1.437,49.363,1.748,9.2,13.8,23,40,2,7,1,1.4,5.6,2.4,2.2,1.4,1,8.4,-0.417,2.2,9.8,8.8,2.2,17,55.921,1.8,10.588,3.8,5.6,5.2,76.923,3.2,0.2,0.4,0.2,0,0.6,0.8,-0.2,0,0,0,,0,,0,,,3.2,0.4,0,,0,,5,1,0,1.4,0.8,1,11,71.429,4.2,15.328,1.8,7,2.817,1.468,2,2.923,3.077,5,2.775,0.825,0,0,,0.2,1.6,15.4,7.4,0.4
Cam Rayner,Brisbane,27,27.19,Gen. Forward,5,10.56,65.6,59.4,1,0.2,1,84.6,7.4,5.8,13.2,62.121,51.351,75.862,62.121,2.2,36.364,56.061,4.2,0.6,4.2,3.143,2.6,5.077,247,18.712,69.008,316.008,222.288,111.496,30.039,15.758,2.717,1.204,6.479,7.222,2.19,28.329,2.921,48.611,-4.861,8,5.8,13.8,57.971,2.8,5.2,2,2.2,3,4.8,3.2,0.4,1.4,3.6,19.097,0.6,4.2,5,4,4.4,14.474,0.2,4.545,2.2,2.4,2.2,81.818,2,0.6,0.6,0,0.2,1.6,1.8,-0.2,0,0,0,,0,,0,,,3,0.4,0,,0.6,33.333,8,1.6,1.8,3.8,0,0.4,11.8,42.105,6.2,22.628,2.6,19,2.954,0.046,6,4.396,-0.063,13,2.289,0.096,0,0,,0.2,1.6,11.4,3.6,0.4
Zac Bailey,Brisbane,27,27.27,Mid-Forward,5,13.44,90.4,88.2,11.5,2.3,2,87.6,12.8,8.2,21,73.333,64.062,87.805,69.524,1.8,22.222,60.952,3,1.2,3.4,6.176,3.8,5.526,314,14.952,211.708,525.708,298.27,116.406,23.302,1.076,0.131,4.276,5.938,6.477,4.718,25.796,1.981,58.948,2.163,8.4,12.4,20.8,40.385,1,4.8,1.6,1,3.8,3,2.4,1.8,0.8,7,9.605,3.2,6.4,5.6,5.6,9.6,31.579,1.2,12.5,3.4,4.6,4.2,80.952,4.2,0.2,1.2,0,0.2,1.4,2,-0.6,0,0,0,,0,,0,,,2.8,0.8,0,,0.4,50,10,2,2.2,4.6,0,0.2,14.4,43.478,7.2,26.277,1,23,3.234,-0.147,10,3.138,0.262,13,3.308,-0.461,0,0,,0.4,1.6,14.4,4.8,0.4
Brandon Starcevich,West Coast,27,27.43,Gen. Defender,4,5.425,48,39.75,0,0,0,76.5,6.5,2.75,9.25,78.378,73.077,90.909,70.27,1,25,70.27,1,1.75,1.75,5.286,1.75,5.286,188.5,20.378,74.518,263.018,171.243,76.257,26.345,11.465,4.169,0,3.867,3.03,1.064,17.96,1.271,63.135,-9.289,3,6.25,9.25,32.432,4.25,2.25,0,1.25,1,3,2.25,0,1,2,-35.483,4.25,3.75,1.25,0,0,0,0,,0,0,0,,3.5,0.25,0,0.75,0,0.25,1,-0.75,0,0,0,,0,,0,,,1.75,0,1.75,57.143,0,,0,0,0,0,0.25,0.25,1.5,,1,3.774,0.5,0,,,0,,,0,,,0.75,7.317,66.667,0,1.5,6.75,3.75,1.25
Kai Lohmann,Brisbane,23,23.65,Gen. Forward,5,9.26,75.2,72.6,0,0,0,79.6,8,6.6,14.6,61.644,50,75.758,63.889,2.4,33.333,54.795,3.6,0.2,2.6,5.615,3,4.867,200.6,13.74,138.994,339.594,212.694,108.136,26.587,7.054,1.069,1.622,4.639,5.57,1.395,34.136,-15.088,45.17,-21.36,6.4,7.8,14.2,45.07,1,4.6,2.4,1,3.6,5,4,0.2,2.2,3,33.952,0.2,2.6,5,6.4,0,0,0.2,,1.2,1.4,0.6,100,4.2,0.6,1.6,0,0.8,0.8,1,-0.2,0,0,0,,0,,0,,,3,1.4,0,,0.6,0,10,2,1,3.6,0.6,1.4,17.4,55.556,5.8,21.168,0.6,18,3.726,-0.115,12,3.905,0.345,6,3.368,-1.035,0,0,,1,0.8,14.6,3,0.2
Darcy Wilmot,Brisbane,23,23,Gen. Defender,5,10.2,86.2,85.4,0,0,0,83.8,16.4,6.6,23,77.391,74.39,84.848,72.807,2.4,41.667,71.304,2.6,2.4,3,7.667,4.2,5.476,380.2,16.53,251.852,632.052,351.3,219.89,21.421,26.356,3.993,0.998,6.898,4.943,2.788,20.008,0.54,66.856,0.268,5.6,15.2,20.8,26.923,5.2,4.8,0.2,0.6,4.2,3.8,3.2,0,1,8.2,-21.763,6.2,9.2,5,0.4,0,0,0.4,,1.2,1.6,1.8,66.667,6,0,0,1,0.2,0.4,0.4,0,0,0,0,,0,,0,,,1.4,0,0.4,0,0,,0,0,0.2,0.2,0,0.2,0.4,0,4,14.599,0.8,1,2.619,-1.619,0,,,1,2.619,-1.619,1.6,14.545,100,0.6,2.2,11.4,7.6,1.4
Will Ashcroft,Brisbane,22,22.65,Midfielder,5,17.66,113.6,114,26.5,5.3,3,84.2,16.2,11.8,28,65,41.975,96.61,67.143,6.2,45.161,57.857,6.8,1.8,4.6,6.087,5,5.6,466.4,16.657,285.31,751.71,406.93,227.744,25.119,22.986,1.948,7.918,5.56,7.188,6.994,28.029,0.041,46.551,-7.955,11.2,15,26.2,42.748,2.4,7.8,1.8,1.6,6.2,3.4,3,2.2,1,10,7.613,2.4,8.4,11.2,4.2,19,62.5,2.6,13.684,4.4,7,7.6,78.947,4.4,0.4,0.4,0.6,0.2,0.6,0.6,0,0,0,0,,0,,0,,,5.8,0.8,0,,0,,5,1,0.6,2.4,1.4,2.8,16.4,41.667,8,29.197,1.4,12,2.462,0.288,4,2.865,0.635,8,2.26,0.115,0,0,,0.8,0.6,14.6,7,0
Jaspa Fletcher,Brisbane,22,22.84,Gen. Defender,5,11,86,85.6,4.5,0.9,1,82.4,13.4,8.4,21.8,77.982,71.642,88.095,75.229,1.6,50,61.468,1.6,2.4,2.2,9.909,3.2,6.812,360.8,16.55,289.52,650.32,300.47,198.066,22.423,22.582,2.688,1.392,8.315,5.439,4.513,20.772,12.041,60.434,5.191,5.8,15.4,21.2,27.358,4.4,4.4,0,0.2,4.2,4.2,3.2,0.2,1,8,-20.919,6,9.8,4.8,0.6,0,0,0.4,,1.2,1.6,1.2,100,7,0.6,0,1.4,0.4,0.4,0.4,0,0,0,0,,0,,0,,,1.8,0,0.4,50,0,,1,0.2,0,0.2,0.4,0.6,3.8,100,5.4,19.708,1.8,1,2.614,3.386,0,,,1,2.614,3.386,1.2,10.909,50,1.4,1,11.2,8,0.6
Logan Morris,Brisbane,21,21.64,Key Forward,5,9.04,57.8,57,0,0,0,82.8,8.6,1.6,10.2,56.863,58.14,50,54.902,2.4,41.667,84.314,2.4,0,1.8,5.667,2.4,4.25,227.2,22.275,71.352,298.552,237.834,113.756,27.655,0.718,0.449,-0.063,6.562,4.026,2.906,31.547,0.453,53.602,6.398,3.4,6,9.4,36.17,0.4,1.4,1,0.4,1,3.4,1.4,0,0.4,1.6,35.649,0,1.4,3.4,4.6,0,0,0,,0,0,0,,3.6,1,1.8,0,1.2,1,0.2,0.8,0,0,0,,0,,0,,,1.6,0.6,0,,2.6,23.077,8,1.6,0.8,2.8,0.8,1.2,15.6,57.143,4.6,16.788,0.2,14,3.123,0.592,10,3.126,0.274,4,3.113,1.387,0,0,,0.2,0.6,6.6,1,0.4
Sam Marshall,Brisbane,20,20.94,Midfielder,4,3.8,33,33.25,0,0,0,50.25,4,5,9,77.778,68.75,85,77.778,1.25,40,44.444,1.25,0.25,0.75,12,1,9,139.75,15.528,93.685,233.435,118.96,81.213,29.74,10.047,2.01,0.427,2.152,1.21,1.746,28.196,-3.196,46.833,9.417,1.75,7,8.75,20,0.75,1.25,0,0.5,0.75,1,0.75,0.25,0.25,5.5,-5.959,0.75,4.75,3,0.25,0,0,0,,0.25,0.25,0.5,0,1,0,0.25,0,0,0.25,0,0.25,0,0,0,,0,,0,,,2,0,0,,0,,0,0,0,0,0.25,0.75,2,,2.25,8.491,0,0,,,0,,,0,,,0,0,,0,0.5,7,4,0
Levi Ashcroft,Brisbane,20,20.03,Midfielder,5,8,58.6,61,0,0,0,72,8.6,6.8,15.4,76.623,69.767,85.294,68.831,1.4,28.571,55.844,1.8,1.8,1,15.4,2.2,7,230,14.935,100.662,330.662,213.306,86.558,24.803,2.058,0.303,1.801,4.057,3.548,2.311,21.055,-4.839,59.833,-5.779,4.4,10.8,15.2,28.947,1.6,3,0.6,0.8,2.2,1.6,1,0.8,0.4,5.8,-4.126,2.6,5,5.4,2.2,4.2,13.816,0.6,14.286,1.6,2.2,2.2,81.818,3.8,0,0,0,0.4,0.2,0,0.2,0,0,0,,0,,0,,,2.2,0.4,0,,0,,1,0.2,0,0.6,0.2,0.2,2.4,33.333,2.6,9.489,0.4,3,2.101,-0.101,2,1.827,1.173,1,2.649,-2.649,0,0,,0,1,12,6.2,0
Ty Gallop,Brisbane,20,20.89,Key Forward,5,6.94,50.8,53.4,2,0.4,1,76.2,5.4,4.8,10.2,68.627,59.259,79.167,72.549,1.4,71.429,52.941,1.8,0,1.8,5.667,2.2,4.636,163,15.98,79.044,242.044,161.884,102.166,31.132,7.318,1.525,0.512,4.472,4.469,0.701,31.446,-14.779,56.11,-0.554,4.6,5.6,10.2,45.098,1.2,3.2,1.2,0.8,2.4,4,2.6,0,0.8,2.4,25.449,0,2.8,3.6,3.8,0,0,0,,0.2,0.2,0.2,100,3.6,1.2,1.4,0,0.8,0.2,0.8,-0.6,3.4,3.08,0.8,23.529,0,0,0,25,25,3.2,1,0,,2,40,4,0.8,0.6,1.8,0.4,0.6,8,44.444,3.2,11.679,0.8,9,2.864,0.136,5,2.778,0.022,4,2.972,0.278,0,0,,0,0.6,10.2,3.2,0.4
Dayne Zorko,Brisbane,37,37.89,Gen. Defender,5,15.84,118.4,123.8,0,0,0,82.6,23.2,6.4,29.6,79.054,78.448,81.25,76.351,4.4,54.545,78.378,4.8,6.2,3.6,8.222,4,7.4,702.2,23.723,301.818,1004.018,651.67,485.622,28.089,25.526,3.988,0.862,11.241,5.256,7.339,19.495,4.579,60.29,9.154,5.8,16.8,22.6,25.664,5.2,5.2,0.4,0.2,5,4.6,4,0,1.6,7.6,-21.032,6.6,9.4,6.2,0.4,0,0,0.4,,0.6,1,0.8,50,7.8,0,0,0.8,0,0.8,1,-0.2,0,0,0,,0,,0,,,4.4,0.2,0.4,50,0,,2,0.4,0.2,0.6,0.2,0.6,4.2,66.667,6,21.898,1.8,3,3.088,1.245,0,,,3,3.088,1.245,6.6,60,93.939,0.2,1,14.8,9.6,0.6
Ryan Lester,Brisbane,34,34.34,Gen. Defender,5,9.36,74.6,67.4,1,0.2,1,86.2,10,5.4,15.4,84.416,84,85.185,71.429,0.6,66.667,64.935,0.6,3.6,1.4,11,2.8,5.5,263.2,17.091,241.2,504.4,225.208,133.376,22.521,20.366,3.771,0.458,7.089,4.599,2.048,19.291,-0.923,63.068,2.238,3.4,11.8,15.2,22.368,5.6,3,0,0,3,2.8,2.6,0,1.6,4,-32.376,5.8,6.8,2.6,0,0,0,0,,0.6,0.6,0.4,100,7,0.2,0,2.4,0,0.4,0.4,0,0,0,0,,0,,0,,,1.6,0,1.2,33.333,0,,0,0,0,0,0,0.4,0.4,,2.6,9.489,0.8,0,,,0,,,0,,,0.2,1.818,100,0.2,3.4,9.2,6.6,2.6
Sam Day,Brisbane,34,34.31,Key Forward,1,10.1,48,31,0,0,0,70,2,5,7,85.714,50,100,85.714,2,50,28.571,2,0,1,7,0,,69,9.857,84.4,153.4,80.78,43.9,40.39,3.19,0.638,1.898,6.608,3.271,5.078,31.23,68.77,36.28,63.72,5,3,8,62.5,1,4,0,2,2,3,3,0,1,2,13.86,0,3,4,1,3,10,0,0,0,0,2,0,1,0,0,0,0,0,0,0,10,8.475,8,80,2,25,0,50,37.5,1,0,0,,4,0,0,0,0,0,1,1,6,,2,10.526,1,0,,,0,,,0,,,0,0,,0,1,8,6,0
Lachie Neale,Brisbane,33,33.6,Midfielder,3,12.1,91.333,100,4,1.333,1,68.333,12.333,17,29.333,72.727,59.459,82.353,68.182,4,41.667,42.045,4.667,0.667,2.333,12.571,2.667,11,298.333,10.17,409.25,707.583,304.503,143.91,24.689,-7.117,-0.419,5.021,3.5,4.969,3.509,28.133,-15.633,58.41,-2.16,10,17.667,27.667,36.145,0.667,7,0.333,1.667,5.333,1,1,3,0.667,9.333,-5.196,3.667,10.333,12.333,1.333,24.333,74.49,3,12.329,2.667,5.667,8,66.667,6.333,0,0,0,0,0,0,0,0,0,0,,0,,0,,,2,0,0.333,0,0,,1,0.333,0,0.333,0.667,1.333,6.667,100,4.333,15.854,0,1,2.653,3.347,0,,,1,2.653,3.347,0,0,,1,0.667,12.667,5.667,0.333
Darcy Gardiner,Brisbane,31,31.27,Key Defender,5,7.48,65.2,56.8,4,0.8,2,89.4,9,3,12,81.667,77.778,93.333,78.333,0.6,33.333,75,0.8,3.6,2.2,5.455,1.2,10,162.8,13.567,135.208,298.008,165.894,90.798,18.433,7.22,2.407,0.262,6.115,4.268,-0.236,16.336,8.664,66.019,2.163,3.6,9,12.6,28.571,4,2.6,0,0.4,2.2,3.2,2.2,0,0.6,3,-37.236,6.4,4.4,1.8,0,0,0,0,,0.2,0.2,0.4,50,6.2,0.4,0,1.6,0,0.2,1,-0.8,0,0,0,,0,,0,,,2,0.2,4.2,14.286,0,,0,0,0,0,0.2,0.4,1.4,,2.2,8.029,0.8,0,,,0,,,0,,,0,0,,0,7.8,7,5.6,6.4
Darcy Fort,Brisbane,33,33.4,Ruck,5,10.94,76,85.4,0,0,0,81.8,7.8,3,10.8,55.556,46.154,80,57.407,1,20,72.222,1.2,1,4.6,2.348,3.4,3.176,159.8,14.796,99.596,259.396,159.154,49.97,20.941,1.12,0.373,5.902,2.781,5.392,0.803,21.542,-2.187,52.891,1.948,7.2,4.2,11.4,63.158,1.6,3.6,0.2,1.2,2.4,2.2,0.6,0,0,2.8,-3.721,1,6.6,2.6,1.2,23.8,78.289,1.2,5.042,2.6,3.8,4.2,95.238,1.8,0.8,0,0.6,0.2,1.2,2.2,-1,80.6,73.007,36.4,45.161,8,21.978,1.4,42.308,44.505,4.6,0,0.8,25,0.6,0,1,0.2,0,0.6,0.4,0.4,3.6,33.333,3.2,11.679,3,3,3.127,-1.127,0,,,3,3.127,-1.127,0,0,,0,3.2,12.4,6.2,2.2
Callum Ah Chee,Adelaide,29,29.22,Gen. Forward,4,7.35,72,67.25,0,0,0,85,10.75,5,15.75,79.365,74.419,90,71.429,1.5,66.667,68.254,2,2,2.5,6.3,3.5,4.5,280.25,17.794,227.53,507.78,258.608,144.215,24.057,4.395,0.879,0.347,4.694,4.156,1.274,21.328,8.402,60.627,6.941,4.5,11.75,16.25,27.692,3.75,3,0.75,1,2,4,3,0,1,5,-7.485,3.75,6,4,2.5,0,0,0,,0.25,0.25,0.25,100,5.75,0.5,0.5,0.75,0.75,1,0.75,0.25,0,0,0,,0,,0,,,1.75,0.25,0.25,0,0,,1,0.25,0.5,1,0.75,1,6.75,25,3.75,14.151,1,4,2.445,-0.445,2,2.405,-1.905,2,2.485,1.015,0,0,,0.5,0.5,8.5,3,0.5
Charlie Cameron,Brisbane,32,32.49,Gen. Forward,5,9.78,72.6,67,7.5,1.5,2,82.2,8,3.2,11.2,60.714,55,75,66.071,1.4,57.143,71.429,1.8,0.2,2,5.6,2.2,5.091,195.4,17.446,85.278,280.678,203.188,117.176,26.05,-1.068,-0.334,0.678,7.344,6.45,1.644,29.35,10.65,61.645,-11.645,5.4,6.4,11.8,45.763,1.2,3,2,0.8,2.2,4.4,2.2,0.2,0.8,1.8,33.714,0.6,1.8,3.4,6,0,0,0.2,,0.4,0.6,0.4,50,4.2,0.4,1.6,0,2,1.2,0.8,0.4,0,0,0,,0,,0,,,3,2,0,,0.6,0,10,2,1.2,3.8,0.8,1.2,18.4,52.632,6.2,22.628,0.6,19,3.804,-0.33,12,3.807,-0.14,7,3.798,-0.655,0,0,,0,0.6,12.2,2,0
Josh Dunkley,Brisbane,29,29.97,Midfielder,5,8.94,97.4,105.2,8,1.6,2,80.4,10,10.8,20.8,67.308,54,79.63,68.269,2.4,50,48.077,2.4,0.6,3.4,6.118,3.6,5.778,204,9.808,239.834,443.834,206.544,85.328,20.654,3.444,0.319,2.64,1.57,4.645,-0.209,24.054,-4.542,60.619,-9.4,7.8,12.8,20.6,37.864,2.6,5.2,0.4,1.6,3.6,2.8,2.2,0.8,0.4,7.4,-1.251,2,9.4,7.4,1.8,22.4,73.684,0.8,3.571,3,3.8,4.2,61.905,4.2,0,0.2,0.4,0.2,1.4,1,0.4,0.2,0.181,0,0,0,,0,,,10,2,0,,0.2,0,2,0.4,0.2,0.6,0,0.4,3,66.667,3.8,13.869,2,3,3.564,0.769,1,4.288,1.712,2,3.203,0.297,0,0,,0,3,25.2,11.8,1.8
Harris Andrews,Brisbane,30,30.05,Key Defender,5,14.54,100.4,81,24.5,4.9,4,97,13,5,18,84.444,86.154,80,83.146,0.8,75,72.222,1,3.8,2.4,7.5,1.6,11.25,236.4,13.133,277.772,514.172,211.704,160.804,16.285,19.594,4.082,-0.363,14.914,7.838,3.387,15.996,10.988,75.492,7.047,6.4,10.4,16.8,38.095,9.8,3.8,0,1.4,2.4,6.4,3.8,0,0.6,1.8,-41.847,9.8,4.6,2.4,0,0,0,0,,0,0,0,,10.2,2,0,4.6,0,0.8,1.4,-0.6,0,0,0,,0,,0,,,1.2,0,3.4,17.647,0,,0,0,0,0,0.2,0.2,1.2,,3.8,13.869,2.4,0,,,0,,,0,,,0.2,1.818,0,0,8,3.6,3.4,7
Jarrod Berry,Brisbane,28,28.9,Midfielder,4,9.65,80.5,79,4,1,1,65.25,12.25,7.25,19.5,79.487,73.469,89.655,70.13,2.25,44.444,62.821,3.25,3.5,3.25,6,2.75,7.091,432.5,22.179,223.707,656.208,391.02,225.028,32.585,8.317,1.147,1.535,5.784,4.783,3.895,22.931,8.022,52.823,4.32,6.25,13.25,19.5,32.051,2.75,4.25,0.25,1,3.25,2.75,1.75,0.25,1.25,8,-16.136,5.75,7.25,5.5,1,0,0,0.25,,2.5,2.75,2,87.5,5.25,0.25,0.5,0.5,0.75,1.75,0.75,1,0,0,0,,0,,0,,,2.25,0.25,0,,0.25,0,2,0.5,0.5,1,0.75,1,8.25,50,4.75,18.095,1,4,3.504,-0.004,1,5.547,0.453,3,2.823,-0.156,0.25,2.174,100,0.25,1,12.25,6.25,0.5
Mark O'Connor,Geelong,29,29.95,Gen. Defender,4,4.5,50.5,43.25,0,0,0,85.75,6,5.75,11.75,82.979,75,91.304,76.087,1,50,51.064,1,1.5,2.25,5.222,2,5.875,124.5,10.596,148.408,272.908,133.095,68.912,22.183,-0.44,-0.08,1.826,0.185,4.163,-0.706,20.559,1.18,63.36,-2.491,5.25,7,12.25,42.857,3,3.25,0.5,0.5,2.75,3.25,2.75,0.25,1.25,3.25,-20.895,3.25,6.5,1.5,1,4.25,13.077,0.25,5.882,1.25,1.5,1.25,60,2.75,0,0,0.25,0,2,1.25,0.75,0,0,0,,0,,0,,,1.75,0.25,0.75,66.667,0.25,0,0,0,0.25,0.25,0.25,0.25,1.75,0,3,11.881,0.75,1,4.299,-3.299,0,,,1,4.299,-3.299,0.25,2.5,0,0,1,7.75,6.5,0.5
Shannon Neale,Geelong,24,24.43,Key Forward,4,4.2,39.25,34,0,0,0,89.5,2.5,2.25,4.75,63.158,60,66.667,57.895,0.25,0,52.632,1,0,2.5,1.9,2.5,1.9,94.25,19.842,23.337,117.588,112.53,46.818,45.012,-4.905,-2.18,-0.7,3.251,4.156,0.811,23.845,-23.845,53.445,-3.445,4.75,1.5,6.25,76,0.5,2,1,0.5,1.5,4,1.75,0,0.5,1,40.558,0,0.5,1.75,4,0.25,0.769,0,0,0.25,0.25,0.25,100,1,0.5,1,0,0.25,1.5,1,0.5,12.5,11.261,3.75,30,0.25,6.667,0,33.333,26.667,2.5,0.75,0,,3.5,35.714,4,1,0.75,2,0.25,0.25,8.25,50,2.25,8.911,0,8,2.759,0.616,7,2.729,0.271,1,2.969,3.031,0,0,,0.25,2.25,11.5,1,1.25
Jhye Clark,Geelong,22,22.44,Midfielder,4,5.55,34.75,34.5,0,0,0,44,6.25,3.75,10,60,52,73.333,57.5,1.25,20,62.5,1.75,2.25,3,3.333,3.25,3.077,220.25,22.025,75.462,295.712,177.76,108.215,28.442,27.488,7.33,1.225,3.088,2.913,1.387,20.859,-3.468,48.304,-4.826,4,6,10,40,2.25,3,0.5,0.5,2.5,2.25,1.75,0.5,0.25,3.75,-11.969,2,5,2.25,0.75,2.75,8.462,0.25,9.091,1.5,1.75,1,100,1.5,0.25,0,0,0,0,0.25,-0.25,0,0,0,,0,,0,,,0.75,0,0,,0.25,100,1,0.25,0,0.5,0.25,0.5,3.25,50,2,7.921,0.75,2,2.442,0.558,0,,,2,2.442,0.558,0,0,,0,0.75,8,4,0.5
Jesse Hogan,Greater Western Sydney,31,31.88,Key Forward,2,10.25,69.5,53.5,0,0,0,84.5,6,2.5,8.5,76.471,75,80,70.588,1,50,70.588,1,0,1.5,5.667,1.5,5.667,188,22.118,22.87,210.87,207.39,109.825,34.565,4.515,1.806,0.011,8.674,3.768,6.392,32.4,0.933,39.713,-6.38,3,5,8,37.5,1,1.5,1.5,0,1.5,2.5,1,0,0,1.5,43.069,0.5,0.5,2,5,0,0,0,,0,0,0.5,0,3.5,0.5,3,0,1,0.5,1,-0.5,1,0.873,0,0,0,,0,,,1,1,0,,1.5,33.333,6,3,0.5,4,0,0.5,19,75,5.5,22,0.5,8,3.741,0.884,6,3.512,0.655,2,4.428,1.572,0,0,,0,1.5,7.5,1,0.5
Josh Kelly,Greater Western Sydney,31,31.88,Midfielder,1,19.8,81,63,0,0,0,43,9,9,18,88.889,77.778,100,66.667,4,25,50,6,0,2,9,5,3.6,351,19.5,159.1,510.1,307.22,151.85,34.136,8.09,0.899,11.314,8.904,7.46,12.644,26.884,-12.599,43.596,-15.024,13,6,19,68.421,2,7,0,1,6,3,2,3,2,5,2.026,2,7,7,3,9,27.273,1,11.111,8,9,9,88.889,1,0,0,0,0,2,1,1,0,0,0,,0,,0,,,1,0,0,,1,0,2,2,0,2,0,0,12,100,6,26.087,3,2,2.3,3.7,0,,,2,2.3,3.7,0,0,,0,1,12,8,0
Sam Butler,Hawthorn,23,23.88,Mid-Forward,4,6.8,55.75,59.25,0,0,0,64,6.5,3.25,9.75,69.231,57.692,92.308,69.231,0.5,50,66.667,1,0.25,0.5,19.5,1.5,6.5,140,14.359,85.225,225.225,125.31,89.917,19.278,2.473,0.761,1.103,3.759,1.678,3.079,26.664,-15.553,59.149,1.962,2.25,7,9.25,24.324,0.25,1.25,0.5,0.25,1,1,0.75,0.75,0,3.25,8.254,1,2.75,3.25,2.25,1.75,5.344,0,0,0.75,0.75,1.5,33.333,2.5,0,0.25,0,0,0.25,0,0.25,0,0,0,,0,,0,,,4.5,1.75,0,,0.5,0,5,1.25,0,1.75,0.25,0.25,9,71.429,3.75,14.563,0.5,7,3.319,0.967,3,4.139,1.861,4,2.704,0.296,0,0,,0.25,0.25,14.75,5.75,0.25
Josh Weddle,Hawthorn,22,22.6,Gen. Defender,4,7.375,66,65.75,0,0,0,85,8.75,5.5,14.25,66.667,54.286,86.364,61.404,2.25,55.556,61.404,3.5,2.75,2.75,5.182,3,4.75,377.75,26.509,124.985,502.735,316.672,152.455,37.256,16.718,3.04,0.741,5.192,5.243,0.054,23.182,12.532,47.392,-4.535,5.25,9.25,14.5,36.207,2.25,3,0.5,0.5,2.5,3.5,1.5,0.25,0.25,4.25,-3.986,3,4,5.75,1.75,1.75,5.344,0,0,0.75,0.75,1.5,66.667,4.5,0.75,0.75,0.75,0.25,1.25,0.5,0.75,5.75,5.361,1.5,26.087,0.5,33.333,0,66.667,66.667,2.75,0.75,0.75,33.333,2.25,33.333,1,0.25,1.25,1.75,0.5,1.25,6.5,14.286,4.5,17.476,0.5,7,3.35,-1.778,5,3.796,-1.996,2,2.234,-1.234,0.25,2.632,100,1.75,3,15,8.5,3
David Swallow,Gold Coast,34,34.11,Gen. Forward,2,1.4,27.5,29.5,0,0,0,25.5,3.5,1.5,5,80,71.429,100,50,1.5,33.333,70,1.5,0,0.5,10,2,2.5,125,25,45.54,170.54,137.305,25.11,39.23,-6.83,-4.553,0.657,0.234,1.635,-0.216,34.17,-34.17,36.842,-20.175,2.5,2.5,5,50,1,1,0.5,0.5,0.5,1.5,0.5,0.5,0,1,26.981,0,1,3,1,1,3.922,0,0,1,1,1,100,1.5,0,0,0,0,1,0,1,0,0,0,,0,,0,,,2.5,0.5,0,,0.5,0,0,0,0.5,0.5,0,0,0.5,0,0.5,2.381,0,1,2.491,-1.491,1,2.491,-1.491,0,,,0,0,,0.5,0,5,2.5,0
Josh Rachele,Adelaide,23,23.72,Gen. Forward,1,8.8,28,34,0,0,0,45,4,0,4,75,75,,75,1,100,100,1,0,0,,1,4,72,18,44.52,116.52,80.12,43.56,20.03,0,,0,8.48,1.728,6.752,35.8,14.2,64.505,-14.505,1,2,3,33.333,0,1,1,0,1,1,1,0,0,0,34.027,0,1,1,1,0,0,0,,0,0,0,,2,0,0,0,1,0,0,0,0,0,0,,0,,0,,,1,0,0,,0,,2,2,0,2,1,1,18,100,3,17.647,0,2,2.296,3.704,0,,,2,2.296,3.704,0,0,,0,0,4,2,0
Oscar McInerney,Brisbane,32,32.47,Ruck,3,5.467,51.333,46.333,0,0,0,66,4.333,4,8.333,60,46.154,75,56,1.667,60,52,2.333,1,1.667,5,1.667,5,143,17.16,65.037,208.037,128.91,41.833,29.748,7.167,1.792,1.313,2.23,4.316,-1.598,25.057,2.215,44.869,-8.505,5,3.667,8.667,57.692,1.333,2,0.333,0.333,1.667,2.333,1.333,0,0.667,2.333,5.713,0.667,3,3.667,1.333,5.333,18.391,0.333,6.25,1,1.333,2.667,62.5,1.333,0.333,0,0.333,0.667,1.333,0.667,0.667,27,24.545,13.333,49.383,3,22.5,1.333,27.5,32.5,2,1.333,0,,3,44.444,0,0,0.667,0.667,0.333,0.667,3,0,3.333,11.494,1.667,2,2.934,-1.934,0,,,2,2.934,-1.934,0,0,,0,1.667,4.333,1.333,1.667
Bruce Reville,Brisbane,25,25.85,Midfielder,4,5.05,43.5,37.25,0,0,0,50.5,7,3.25,10.25,75.61,71.429,84.615,75.61,2.5,70,68.293,2.75,1,1.75,5.857,1.75,5.857,292,28.488,108.537,400.537,263.793,183.645,37.685,2.568,0.79,0.967,3.222,2.371,2.382,23.737,7.032,42.447,26.784,3,7.25,10.25,29.268,1.5,2.75,0.25,0.5,2.25,2,1.75,0,0.5,3.75,-2.104,1.25,3.5,4.75,0.75,0,0,0,,1,1,0.75,100,2.5,0,0,0.25,0.75,0.25,0.75,-0.5,0,0,0,,0,,0,,,1,0.25,0.25,100,0,,0,0,0.25,0.5,0.5,0.75,3.5,0,2.25,7.627,0.5,2,2.743,-2.243,0,,,2,2.743,-2.243,0,0,,0.5,0.25,5.5,2.25,0.25
Brodie Kemp,Carlton,25,25.66,Key Forward,1,5.4,68,56,0,0,0,92,8,7,15,66.667,50,85.714,66.667,1,0,53.333,2,0,5,3,5,3,132,8.8,98.09,230.09,151.34,33.75,18.917,-10.06,-1.437,0,1.987,7.097,-3.202,30.05,-10.05,51.6,8.4,6,10,16,37.5,1,3,2,0,3,6,3,0,3,5,35.965,0,3,4,9,0,0,0,,0,0,0,,3,2,1,0,1,1,1,0,0,0,0,,0,,0,,,1,0,0,,1,100,1,1,1,3,0,1,8,33.333,3,15.789,0,3,2.586,-0.253,1,3.602,-2.602,2,2.078,0.922,0,0,,0,1,10,1,1
Elijah Hollands,Carlton,24,24.68,Gen. Forward,1,5.9,61,63,0,0,0,79,12,7,19,52.632,41.667,71.429,57.895,3,0,63.158,3,2,6,3.167,9,2.111,216,11.368,83.37,299.37,227.61,58.37,18.967,9.47,1.353,-1.33,6.592,7.742,-0.658,27.157,-27.157,57.49,-27.49,8,11,19,42.105,5,4,2,0,4,8,4,0,3,4,-2.012,5,5,5,4,0,0,0,,0,0,0,,1,0,0,0,0,3,1,2,0,0,0,,0,,0,,,1,0,0,,0,,1,1,0,1,1,1,12,100,2,10.526,0,1,2.009,3.991,0,,,1,2.009,3.991,0,0,,0,2,12,8,0
Liam Reidy,Carlton,26,26.54,Ruck,1,1.8,31,40,0,0,0,61,3,2,5,40,0,100,40,0,,60,1,0,1,5,2,2.5,83,16.6,18.66,101.66,75.26,16.07,25.087,10.09,5.045,-0.443,-0.223,4.291,-1.191,39.21,-39.21,39.95,-39.95,4,0,4,100,0,2,1,0,2,4,2,0,0,0,40.778,0,0,2,2,7,21.875,1,14.286,0,1,1,100,1,1,1,0,0,1,1,0,32,33.684,17,53.125,2,11.765,0,35.294,35.294,2,1,0,,3,66.667,0,0,1,1,0,0,1,0,2,10.526,1,1,2.393,-1.393,1,2.393,-1.393,0,,,0,0,,0,2,14,6,2
Jagga Smith,Carlton,20,20.92,Midfielder,1,6,65,82,0,0,0,79,11,16,27,74.074,45.455,93.75,70.37,3,0,40.741,4,1,4,6.75,6,4.5,347,12.852,423.13,770.13,255.29,177.7,23.208,75.42,4.714,2.342,2.561,2.862,1.967,24.472,-24.472,48.105,-2.651,5,21,26,19.231,2,4,0,0,4,2,2,1,2,16,-11.874,3,16,6,1,17,53.125,1,5.882,2,3,3,66.667,3,0,0,0,1,0,0,0,0,0,0,,0,,0,,,2,0,0,,0,,0,0,0,0,0,0,0,,4,21.053,0,0,,,0,,,0,,,0,0,,3,1,5,4,1
Harry Dean,Carlton,19,19.13,Key Defender,1,11.2,59,48,0,0,0,80,7,7,14,57.143,42.857,71.429,78.571,0,,50,1,4,2,7,3,4.667,220,15.714,135.69,355.69,184.9,123.08,26.414,28.85,4.121,-0.352,7.198,6.501,-1.816,16.374,-16.374,54.33,-11.473,7,8,15,46.667,6,4,0,0,4,6,3,0,1,6,-31.528,8,4,3,0,0,0,0,,0,0,0,,1,0,0,0,0,2,0,2,0,0,0,,0,,0,,,2,0,2,0,0,,0,0,0,0,0,0,0,,1,5.263,1,0,,,0,,,0,,,0,0,,0,7,14,11,5
Mitch McGovern,Carlton,32,32.22,Gen. Defender,1,10,58,59,0,0,0,79,12,4,16,87.5,83.333,100,68.75,2,50,75,2,5,3,5.333,2,8,421,26.312,83.81,504.81,333.83,191.56,27.819,23.38,5.845,-0.874,10.961,3.917,2.262,17.374,-9.041,53.938,-3.938,3,10,13,23.077,5,3,0,0,3,3,3,0,0,4,-38.927,8,1,4,0,0,0,0,,0,0,0,,5,0,0,2,0,0,0,0,0,0,0,,0,,0,,,0,0,1,0,0,,0,0,0,0,0,0,0,,1,5.263,0,0,,,0,,,0,,,1,9.091,100,2,7,9,7,7
Malcolm Rosas,Sydney,25,25.51,Gen. Forward,1,11.3,68,40,0,0,0,67,4,6,10,90,75,100,100,1,100,40,1,0,1,10,1,10,124,12.4,181.11,305.11,87.1,117.09,21.775,15.28,2.547,0,9.7,5.224,4.918,25.487,7.847,66.86,33.14,4,8,12,33.333,1,2,0,0,2,4,2,0,1,6,10.032,0,6,3,3,0,0,0,,0,0,0,,0,0,0,0,0,1,1,0,0,0,0,,0,,0,,,3,0,0,,0,,1,1,0,1,2,2,18,100,5,15.625,0,1,2.347,3.653,0,,,1,2.347,3.653,0,0,,1,3,11,4,0
Joel Amartey,Sydney,27,27.32,Key Forward,1,6.6,58,59,0,0,0,75,6,1,7,57.143,50,100,57.143,1,0,85.714,2,0,2,3.5,2,3.5,203,29,3.78,206.78,219.27,116.84,36.545,18.37,18.37,0.514,4.969,5.603,3.488,32.29,-32.29,42.77,-42.77,3,4,7,42.857,1,1,0,1,0,3,1,0,0,0,51.236,0,0,2,5,6,18.75,0,0,0,0,0,,4,0,3,0,2,2,0,2,6,6.316,2,33.333,1,50,0,100,100,1,1,0,,5,20,3,3,1,5,0,0,19,60,4,12.5,0,5,3.613,0.187,5,3.613,0.187,0,,,0,0,,0,3,11,2,2
Matt Roberts,Sydney,23,23.41,Gen. Defender,1,20.7,112,80,0,0,0,80,12,6,18,77.778,83.333,66.667,77.778,1,100,66.667,4,3,0,,1,18,483,26.833,260.98,743.98,418.39,276.28,34.866,20.75,3.458,4.804,13.07,5.97,11.94,15.012,7.21,49.221,17.446,7,11,18,38.889,4,7,1,1,6,4,4,0,3,6,-17.881,6,5,6,1,0,0,0,,1,1,1,100,5,0,0,0,1,0,0,0,0,0,0,,0,,0,,,1,1,0,,0,,2,2,1,3,0,0,13,66.667,8,25,1,3,2.135,2.199,1,2.095,-1.095,2,2.155,3.845,0,0,,0,2,15,8,1
Logan McDonald,Sydney,24,24.74,Key Forward,1,3.5,52,45,0,0,0,69,4,7,11,81.818,50,100,72.727,1,0,36.364,1,0,4,2.75,3,3.667,94,8.545,196.22,290.22,109.01,10.08,27.253,4.97,0.71,1.703,-0.867,5.263,-2.082,23.28,-23.28,41.475,-41.475,4,7,11,36.364,1,1,0,1,0,2,0,0,0,3,17.605,1,3,3,4,0,0,0,,2,2,2,100,2,1,1,0,1,2,1,1,12,12.632,0,0,0,,0,,,2,1,1,0,5,20,1,1,0,1,0,1,7,100,2,6.25,0,1,5.934,0.066,1,5.934,0.066,0,,,0,0,,0,0,8,3,0
Jai Serong,Sydney,23,23.87,Key Defender,1,8.5,77,72,0,0,0,84,10,9,19,73.684,70,77.778,68.421,3,66.667,52.632,3,2,4,4.75,5,3.8,373,19.632,311,684,319.63,218,31.963,25.67,2.852,1.392,4.65,2.073,3.898,16.999,3.001,49.431,0.569,5,13,18,27.778,3,4,0,2,2,3,3,1,1,9,-21.054,2,12,4,0,0,0,0,,2,2,2,100,2,0,0,0,0,1,1,0,0,0,0,,0,,0,,,5,0,2,50,0,,0,0,0,0,1,2,7,,4,12.5,1,0,,,0,,,0,,,0,0,,0,4,18,14,2
Charlie Curnow,Sydney,29,29.9,Key Forward,1,14.5,65,66,0,0,0,77,10,0,10,60,60,,50,1,0,100,1,0,2,5,3,3.333,270,27,45.23,315.23,314.94,125.42,31.494,0,,0,12.235,6.737,5.733,30.1,-5.1,44.83,5.17,4,6,10,40,2,1,1,0,1,4,1,0,1,1,45.005,0,1,2,7,0,0,0,,0,0,0,,3,1,2,0,2,2,1,1,0,0,0,,0,,0,,,2,2,0,,3,0,3,3,2,6,0,0,20,50,5,15.625,1,6,3.172,0.161,4,2.977,0.523,2,3.561,-0.561,0,0,,0,2,8,1,0
Tanner Bruhn,Geelong,24,24.59,Midfielder,1,13.6,91,98,0,0,0,72,22,9,31,67.742,63.636,77.778,74.194,3,100,70.968,4,5,5,6.2,6,5.167,600,19.355,266,866,410.02,338.16,18.637,58.62,7.327,2.312,8.47,4.076,8.436,22.112,11.222,62.598,4.068,6,20,26,23.077,6,6,1,0,6,3,3,0,1,13,-23.318,10,8,6,2,1,3.03,1,100,1,2,1,100,5,0,0,0,0,0,2,-2,0,0,0,,0,,0,,,1,0,0,,0,,0,0,1,1,2,2,13,0,6,31.579,2,1,2.689,-1.689,0,,,1,2.689,-1.689,1,9.091,0,3,1,5,1,1
Oliver Henry,Geelong,24,24.42,Key Forward,1,6.4,42,48,0,0,0,83,6,3,9,77.778,83.333,66.667,66.667,3,33.333,66.667,5,0,2,4.5,5,1.8,238,26.444,56.32,294.32,220.21,143.93,36.702,3.52,1.173,0,2.952,1.931,3.497,25.075,-0.075,46.285,-21.285,3,8,11,27.273,0,1,0,0,1,3,1,0,1,5,22.415,0,3,4,4,0,0,0,,0,0,0,,3,0,1,0,0,2,1,1,0,0,0,,0,,0,,,1,1,0,,3,0,2,2,0,2,0,0,12,100,3,15.789,0,2,4.111,1.889,1,4.22,1.78,1,4.002,1.998,0,0,,0,0,12,2,0
Sam Clohesy,Gold Coast,24,24.05,Midfielder,1,9.1,74,64,0,0,0,79,10,9,19,84.211,80,88.889,68.421,4,25,52.632,4,1,2,9.5,3,6.333,410,21.579,263.52,673.52,357.46,137.06,35.746,17.01,1.89,-1.011,8.997,4.265,4.621,21.982,-1.982,39.928,10.072,5,14,19,26.316,5,5,0,0,5,5,5,0,2,9,-11.323,2,10,7,0,0,0,0,,0,0,0,,5,0,0,0,1,0,1,-1,0,0,0,,0,,0,,,1,0,0,,0,,0,0,0,0,0,0,0,,2,6.667,1,0,,,0,,,0,,,0,0,,0,1,12,5,1
Will Graham,Gold Coast,21,21.43,Gen. Forward,1,0.2,46,42,0,0,0,62,5,3,8,75,60,100,62.5,2,50,62.5,2,0,4,2,2,4,202,25.25,152.71,354.71,181.54,93.27,36.308,6.71,2.237,1.64,-1.219,2.022,-0.146,42.565,57.435,51.555,48.445,4,4,8,50,1,3,0,2,1,1,1,1,0,0,23.422,0,1,3,4,5,15.152,1,20,1,2,3,66.667,4,0,4,0,0,1,3,-2,0,0,0,,0,,0,,,4,0,0,,0,,0,0,1,2,2,3,14,0,6,20,2,2,3.408,-2.908,2,3.408,-2.908,0,,,0,0,,1,0,15,3,0
Zeke Uwland,Gold Coast,19,19.68,Midfielder,1,1.2,37,42,0,0,0,62,10,6,16,62.5,40,100,62.5,5,20,62.5,5,0,7,2.286,6,2.667,339,21.188,266.27,605.27,285.52,145.54,28.552,23.5,3.917,0,-0.324,3.769,-0.748,25.531,-5.531,49.535,-9.535,4,12,16,25,5,3,0,1,2,4,3,0,1,7,-10.394,2,7,7,0,0,0,0,,0,0,0,,1,0,0,0,0,2,3,-1,0,0,0,,0,,0,,,1,0,1,100,0,,0,0,0,0,0,1,1,,4,13.333,2,0,,,0,,,0,,,0,0,,1,0,7,4,0
Leonardo Lombard,Gold Coast,20,20.23,Gen. Forward,1,10.6,69,75,0,0,0,80,9,6,15,73.333,55.556,100,66.667,4,50,60,5,0,4,3.75,3,5,369,24.6,165.72,534.72,293.05,163.07,32.561,12.94,2.157,0,8.613,2.102,6.814,35.536,4.464,54.76,-14.76,4,11,15,26.667,3,4,2,0,4,4,4,0,1,5,23.601,0,2,9,4,0,0,0,,0,0,0,,4,0,2,0,0,0,2,-2,0,0,0,,0,,0,,,4,3,0,,2,0,2,2,2,4,1,1,20,50,7,23.333,0,4,2.502,0.998,2,3.472,2.528,2,1.533,-0.533,0,0,,2,2,18,4,2
Jack Buckley,Greater Western Sydney,29,29.03,Key Defender,1,6.1,66,60,0,0,0,78,10,2,12,83.333,80,100,58.333,0,,83.333,0,3,2,6,3,4,203,16.917,78.46,281.46,229.88,85.6,22.988,9.12,4.56,0,3.874,3.09,-2.383,14.848,-14.848,67.382,-11.827,1,11,12,8.333,4,0,0,0,0,1,0,0,0,3,-40.719,7,5,0,0,0,0,0,,0,0,0,,6,1,0,3,0,0,0,0,0,0,0,,0,,0,,,2,0,5,0,0,,0,0,0,0,0,0,0,,0,0,0,0,,,0,,,0,,,0,0,,0,6,8,5,6
Josaia Delana,Greater Western Sydney,20,20.5,Gen. Forward,1,6.5,43,13,0,0,0,63,3,3,6,100,100,100,100,2,100,50,2,0,2,3,1,6,93,15.5,151.88,244.88,77.51,90.68,25.837,2.27,0.757,0,5.208,3.221,2.531,23.793,76.207,38.147,61.853,5,2,7,71.429,1,5,2,0,5,5,5,0,3,2,31.106,0,0,4,3,0,0,0,,0,0,0,,0,0,0,0,0,0,2,-2,0,0,0,,0,,0,,,1,1,0,,1,0,0,0,0,0,1,3,8,,5,18.519,1,0,,,0,,,0,,,0,0,,0,1,12,2,1
Phoenix Gothard,Greater Western Sydney,21,21.31,Gen. Forward,1,10.1,47,46,0,0,0,75,7,3,10,80,71.429,100,60,3,0,70,3,0,3,3.333,4,2.5,237,23.7,111.3,348.3,205.62,59.61,29.374,2.51,0.837,2.762,6.128,2.924,5.963,29.027,4.307,37.853,-4.52,4,6,10,40,1,4,1,0,4,2,2,0,2,3,15.307,1,2,4,3,0,0,0,,2,2,1,100,1,0,0,0,1,0,1,-1,0,0,0,,0,,0,,,3,1,1,100,0,,1,1,1,2,0,0,7,50,3,11.111,1,2,4.147,-0.647,0,,,2,4.147,-0.647,0,0,,0,1,15,3,1
Harry Morrison,Hawthorn,28,28.13,Midfielder,1,4.4,39,69,0,0,0,87,12,5,17,64.706,58.333,80,64.706,4,50,70.588,4,1,4,4.25,6,2.833,384,22.588,259.92,643.92,342.83,177.88,28.569,26.46,5.292,0,2.153,1.799,1.874,28.766,4.567,57.233,-7.233,0,15,15,0,4,0,0,0,0,0,0,0,0,9,-3.221,0,6,9,0,0,0,0,,0,0,0,,6,0,0,2,0,0,1,-1,0,0,0,,0,,0,,,2,0,1,0,0,,0,0,0,0,0,1,1,,4,16,1,0,,,0,,,0,,,0,0,,0,1,19,8,1
Finn Maginness,Hawthorn,25,25.85,Gen. Forward,1,3.3,32,25,0,0,0,56,2,6,8,87.5,100,83.333,87.5,0,,25,0,0,0,,1,8,76,9.5,230.6,306.6,52.8,67.48,26.4,9.38,1.563,0,1.349,0,1.349,20.03,-20.03,51.01,48.99,0,8,8,0,0,0,0,0,0,0,0,0,0,3,17.909,0,3,2,3,0,0,0,,0,0,0,,1,0,0,0,0,0,0,0,0,0,0,,0,,0,,,1,1,0,,0,,0,0,0,0,1,2,7,,3,12,0,0,,,0,,,0,,,0,0,,0,0,6,0,0
Oscar Allen,Brisbane,27,27.78,Key Forward,1,2,44,52,0,0,0,88,9,2,11,45.455,44.444,50,54.545,1,100,81.818,2,2,1,11,1,11,250,22.727,48.25,298.25,221.55,67.73,24.617,4.79,2.395,0,2.094,2.638,0.475,16.005,33.995,53.19,21.81,2,8,10,20,0,2,1,0,2,2,2,0,0,2,8.622,3,2,1,4,0,0,0,,0,0,0,,5,0,1,0,0,0,1,-1,0,0,0,,0,,0,,,0,0,0,,0,,1,1,3,5,1,1,15,20,8,25.806,0,5,2.983,-1.183,2,1.796,-1.296,3,3.774,-1.107,0,0,,0,0,8,2,0
Keidean Coleman,Brisbane,26,26.75,Gen. Defender,1,4.9,61,73,0,0,0,74,13,5,18,66.667,69.231,60,66.667,3,66.667,72.222,3,1,2,9,4,4.5,337,18.722,206.91,543.91,349.24,232.26,26.865,-19.69,-3.938,0,3.492,2.588,0.376,24.141,6.628,62.218,-0.68,3,13,16,18.75,4,2,0,2,0,3,2,0,1,8,1.074,1,7,7,1,0,0,0,,0,0,0,,5,1,0,1,1,1,0,1,0,0,0,,0,,0,,,2,0,2,0,0,,0,0,0,0,0,0,0,,4,12.903,2,0,,,0,,,0,,,2,14.286,100,0,2,12,9,2
Zane Zakostelsky,Brisbane,21,21.04,Ruck,1,4.8,56,54,0,0,0,44,3,3,6,66.667,100,33.333,83.333,0,,50,0,0,1,6,0,,1,0.167,20.67,21.67,18.28,16.2,6.093,-4.43,-1.477,3.244,1.687,2.677,-0.032,20.29,-20.29,95.355,4.645,4,4,8,50,0,1,0,1,0,0,0,0,0,1,-8.364,2,3,2,1,14,40,1,7.143,0,1,2,50,3,0,1,0,0,1,1,0,40,38.462,14,35,4,28.571,1,64.286,71.429,3,2,0,,0,,1,1,0,1,0,0,6,100,4,12.903,3,1,5.988,0.012,1,5.988,0.012,0,,,0,0,,0,2,13,3,1
Michael Sellwood,Western Bulldogs,23,23.24,Gen. Defender,1,5.8,70,61,0,0,0,83,5,5,10,90,100,80,60,0,,50,0,3,0,,3,3.333,136,13.6,167.12,303.12,144.56,37.64,28.912,5.67,1.134,0,5.16,2.8,-0.246,14.016,-14.016,51.108,-11.108,4,7,11,36.364,4,1,0,0,1,4,1,0,0,4,-41.011,5,6,0,0,0,0,0,,0,0,0,,2,0,0,0,0,2,0,2,0,0,0,,0,,0,,,7,0,0,,0,,0,0,0,0,0,0,0,,1,3.226,0,0,,,0,,,0,,,0,0,,0,4,19,17,3
Lachie Jaques,Western Bulldogs,20,20.58,Gen. Defender,1,9.3,84,76,0,0,0,76,14,2,16,87.5,85.714,100,56.25,2,0,87.5,2,4,1,16,5,3.2,377,23.562,210.9,587.9,383.13,154.82,27.366,15.04,7.52,-1.212,8.318,3.783,3.069,16.742,6.335,51.827,2.019,4,10,14,28.571,7,2,0,0,2,4,2,0,1,5,-18.23,4,6,4,0,0,0,0,,0,0,0,,4,0,0,1,1,2,0,2,0,0,0,,0,,0,,,4,1,1,0,0,,0,0,0,0,0,0,0,,4,12.903,2,0,,,0,,,0,,,2,12.5,50,0,3,6,5,2
Cooper Hynes,Western Bulldogs,20,20.83,Gen. Forward,1,2.6,38,38,0,0,0,78,2,10,12,66.667,0,80,75,1,0,16.667,1,0,0,,1,12,41,3.417,242.01,283.01,52.53,10.05,26.265,2.17,0.217,3.018,-2.407,1.98,-1.665,40.545,-40.545,53.27,-53.27,3,9,12,25,1,3,0,0,3,1,1,0,1,9,9.852,0,7,2,3,6,17.143,1,16.667,1,2,1,100,0,0,0,0,0,0,0,0,0,0,0,,0,,0,,,3,0,0,,1,0,0,0,0,0,0,1,1,,7,22.581,0,0,,,0,,,0,,,0,0,,0,0,14,10,0
Buku Khamis,Western Bulldogs,26,26.77,Key Forward,1,4.4,30,32,0,0,0,93,5,0,5,60,60,,80,0,,100,0,0,1,5,0,,13,2.6,46.89,59.89,14.18,8.02,2.836,0,,0,4.92,4.13,-0.759,12.06,21.273,80.667,-14,2,3,5,40,5,1,0,1,0,2,1,0,0,0,-55.182,3,2,0,0,0,0,0,,0,0,0,,3,0,0,2,0,0,0,0,0,0,0,,0,,0,,,2,0,2,100,0,,0,0,0,0,0,0,0,,2,6.452,1,0,,,0,,,0,,,0,0,,0,5,4,4,3
Jack Silvagni,St Kilda,29,29.03,Key Defender,1,8.7,80,77,0,0,0,87,13,6,19,73.684,76.923,66.667,68.421,2,50,68.421,2,2,2,9.5,4,4.75,253,13.316,134.09,387.09,267.52,142.39,20.578,-1.57,-0.262,0,7.721,5.384,0.534,19.859,-11.526,63.148,-4.815,6,10,16,37.5,9,4,0,1,3,6,4,0,0,5,-33.384,7,7,2,0,0,0,0,,0,0,0,,5,0,0,2,0,2,1,1,0,0,0,,0,,0,,,3,0,1,0,0,,0,0,0,0,0,0,0,,2,9.524,1,0,,,0,,,0,,,1,8.333,100,1,5,8,4,4
Jack Carroll,St Kilda,24,24.03,Midfielder,1,5,54,78,0,0,0,71,11,5,16,75,63.636,100,68.75,3,0,68.75,3,3,1,16,2,8,361,22.562,268.77,629.77,362.94,144.14,32.995,14.03,2.806,0.494,1.708,3.21,-1.1,24.644,-14.644,57.363,2.637,2,14,16,12.5,4,0,0,0,0,2,0,0,0,4,-17.238,4,7,5,0,0,0,0,,0,0,0,,8,0,0,2,0,2,0,2,0,0,0,,0,,0,,,2,0,1,0,0,,0,0,1,1,0,0,1,0,2,9.524,0,1,3.576,-2.576,0,,,1,3.576,-2.576,0,0,,0,0,7,6,0
