Player,Team,Age,Age_Decimal,Position,Matches,RatingPoints_Avg,Supercoach_Avg,DreamTeamPoints_Avg,CoachesVotes_Total,CoachesVotes_Avg,CoachesVotes_MatchesPolled,TimeOnGround,Kicks,Handballs,Disposals,DisposalEfficiency,KickingEfficiency,HandballEfficiency,DisposalRetentionPercentage,KicksIntoF50,KickIntoF50RetentionPercentage,KickPercentage,Inside50s,Rebound50s,Clangers,DisposalsPerClanger,Turnovers,DisposalsPerTurnover,MetresGained,MetresGainedPerDisposal,AssistedMetresGained,NetMetresGained,KickMetresGained,RetainedMetresGained,KickMetresGainedPerKick,HandballMetresGained,HandballMetresGainedPerHandball,xThreatPerKick,ThreatRating,xRetainPerKick,RetentionRating,ContestedPossessions,UncontestedPossessions,TotalPossessions,ContestedPossessionRate,Intercepts,GroundBallGets,GroundBallGetsForward50,HardBallGets,LooseBallGets,PostClearanceContestedPossessions,PostClearanceGroundBallGets,GathersFromHitout,CrumbingPossessions,HandballReceives,AverageFieldPosition,Defensive50Possessions,DefensiveMidfieldPossessions,AttackingMidfieldPossessions,Forward50Possessions,CentreBounceAttendances,CentreBounceAttendancePercentage,CentreClearances,CentreClearanceRate,StoppageClearances,TotalClearances,FirstPossessions,FirstPossessionToClearance,Marks,ContestedMarks,MarksInside50,InterceptMarks,MarksOnLead,FreesFor,FreesAgainst,FreesDiff,RuckContests,RuckContestPercentage,Hitouts,HitoutsWinPercentage,HitoutsToAdvantage,HitoutsToAdvantagePercentage,RuckHardBallGets,HitoutToFirstPossession,HitoutToClearance,Tackles,TacklesInside50,ContestDefensiveOneOnOnes,ContestDefensiveLossPercentage,ContestOffensiveOneOnOnes,ContestOffensiveWinPercentage,Goals_Total,Goals_Avg,Behinds,ShotsAtGoal,GoalAssists,ScoreAssists,ScoreboardImpact,GoalAccuracy,ScoreInvolvements,ScoreInvolvementPercentage,ScoreLaunches,xScoreShots,xScorePerShot,xScoreRatingPerShot,xScoreShots_Set,xScorePerShot_Set,xScoreRatingPerShot_Set,xScoreShots_General,xScorePerShot_General,xScoreRatingPerShot_General,KickIns,KickInPercentage,KickInsPlayOnPercentage,Bounces,OnePercenters,PressureActs,PressureActsDefensiveHalf,Spoils
Bayley Fritsch,Melbourne,29,29.06,Gen. Forward,10,11.48,78.7,73.2,9,0.9,3,85.6,8.7,6,14.7,72.789,64.368,85,74.658,1.9,73.684,59.184,2.1,0.1,2.8,5.25,2.9,5.069,265.4,18.054,171.573,436.973,258.565,167.161,30.066,6.021,1.004,34.054,9.946,52.034,11.966,5,10.2,15.2,32.895,1,2.8,1.4,0.7,2.1,4.7,2.6,0.1,1.2,4.2,25.423,0.4,3.3,6.1,5.4,0,0,0,,0.3,0.3,0.3,100,5.3,0.8,2.3,0.3,1.3,1.2,1.2,0,0,0,0,,0,,0,,,1.8,0.8,0,,1.5,46.667,22,2.2,1.2,3.6,0.9,1.2,20.1,61.111,6.7,28.033,0.2,36,3.434,0.566,25,3.365,1.155,11,3.59,-0.772,0,0,,0.4,1.1,7.4,2.3,0.8
Kade Chandler,Melbourne,25,25.96,Gen. Forward,10,10.04,74.1,65,0,0,0,86.3,6.5,8,14.5,77.241,63.077,88.75,75.172,1.7,52.941,44.828,2.3,1,1.3,11.154,1.9,7.632,203.7,14.048,171.37,375.07,177.912,106.906,27.799,6.724,0.841,26.105,-6.874,52.05,-2.05,5.9,9,14.9,39.597,1.7,4.5,1.1,0.2,4.3,3.9,3.3,0.7,1.8,5.3,6.154,1.9,4.4,5.8,2.8,0,0,0.4,,1.3,1.7,1.2,75,2.7,0,0.3,0,0.5,0.3,0.4,-0.1,0,0,0,,0,,0,,,4.5,1.3,0,,0.5,20,7,0.7,0.1,1,0.3,0.7,6.5,70,4.6,19.247,1.2,10,3.588,0.712,3,3.869,0.131,7,3.468,0.961,0,0,,0.1,1.2,15.8,5,0.4
Kysaiah Pickett,Melbourne,24,24.58,Mid-Forward,10,14.16,87.1,87.2,19,1.9,4,82.3,14.3,5.8,20.1,60.697,53.147,79.31,62.687,3.6,47.222,71.144,4.4,1.3,4.8,4.188,4.7,4.277,403.8,20.09,165.231,569.031,379.433,226.393,26.91,-1.163,-0.201,26.933,2.067,52.715,5.285,7.6,12.2,19.8,38.384,1.8,5.1,1,1,4.1,3.8,2.7,1,1.2,8.5,5.528,1.4,7.7,7.2,3.5,20.4,70.833,1.8,8.824,1,2.8,3.3,84.848,2.6,0.4,0.9,0.2,0.5,1,1.1,-0.1,0,0,0,,0,,0,,,3.7,0.7,0,,0.7,14.286,19,1.9,1,3.5,1,1.3,18.7,54.286,6.7,28.033,1.2,35,3.202,0.341,12,3.319,0.015,23,3.14,0.512,0,0,,0.7,1.3,16.4,6.2,0.2
Harrison Petty,Melbourne,26,26.13,Key Forward,7,8.386,58.429,52.714,0,0,0,70.286,5.857,2.429,8.286,77.586,70.732,94.118,77.193,1.143,75,70.69,1.286,0.286,1.429,5.8,0.857,9.667,166.429,20.086,91.934,258.363,197.589,123.309,33.735,4.806,1.979,28.187,10.943,51.632,30.977,4.286,5,9.286,46.154,0.714,1,0.286,0.286,0.714,3.714,0.857,0,0.143,1.714,30.507,0.286,2,3,4,0.143,0.498,0,0,0.429,0.429,0.429,100,4.286,1.429,1.714,0,0.857,1.571,0.571,1,5.857,6.317,2,34.146,0.286,14.286,0.143,21.429,14.286,1.571,0.857,0,,1.714,33.333,10,1.429,0.714,2.571,0.857,1.143,14.714,55.556,4.429,18.452,0.571,18,3.446,0.165,15,3.52,0.013,3,3.076,0.924,0,0,,0,1.857,11.143,2.286,1
Trent Rivers,Melbourne,24,24.42,Gen. Defender,10,9.58,84.7,83.1,1,0.1,1,78.2,13.7,7.7,21.4,75.701,71.533,83.117,69.953,2.4,33.333,64.019,2.6,3.7,2.5,8.56,4.2,5.095,434.8,20.318,188.709,623.509,361.072,211.435,26.549,28.981,3.764,21.426,1.154,57.586,2.091,5.1,15.2,20.3,25.123,4.6,4.3,0.1,0.9,3.4,3.8,3.2,0,1.6,8.9,-20.158,6.4,8,5.3,0.6,2.6,9.028,0.5,19.231,0.6,1.1,0.8,87.5,5.3,0.1,0.1,0.9,0.1,1.1,0.4,0.7,0,0,0,,0,,0,,,2.3,0,0.6,0,0,,2,0.2,0.4,0.7,0.1,0.3,2.4,28.571,4.3,17.992,1.3,7,3.028,-0.742,1,2.561,-1.561,6,3.106,-0.606,0.8,7.407,100,0.4,1.7,8.6,5.7,1.3
Jake Bowey,Melbourne,23,23.3,Gen. Defender,10,9.49,89.6,84.2,0,0,0,80.2,15.8,6.6,22.4,81.696,80.38,84.848,73.214,2.1,52.381,70.536,2.1,4.8,1.7,13.176,3.8,5.895,406,18.125,297.263,703.263,388.641,235.986,24.598,5.888,0.892,16.698,1.602,61.839,1.56,5.2,13.5,18.7,27.807,3.9,4.4,0,0.8,3.6,3.2,2.7,0.1,1.4,7.5,-27.743,6.8,8,3.7,0.2,0,0,0.4,,1.1,1.5,1.1,81.818,4.6,0,0,0.5,0,0.5,0.5,0,0,0,0,,0,,0,,,2.7,0,0.6,83.333,0,,0,0,0,0.1,0.4,0.7,2.7,0,3.5,14.644,1.3,1,3.424,-3.424,0,,,1,3.424,-3.424,4.3,39.815,97.674,0.4,1,11.9,7.6,0.5
Blake Howes,Melbourne,22,22.73,Gen. Defender,7,4,50.286,45,0,0,0,64.429,5.143,5.286,10.429,83.562,83.333,83.784,75.342,0.286,0,49.315,0.286,1.286,1.429,7.3,0.857,12.167,108.429,10.397,107.657,216.086,126.791,24.043,24.654,-4.779,-0.929,15.199,-2.699,64.922,-8.672,3.286,7.429,10.714,30.667,3,2.286,0,0,2.286,2.857,2.143,0,0.429,3.429,-39.373,5,4.571,1,0.143,0,0,0,,0.143,0.143,0.286,100,3.429,0.143,0,0.429,0,0.429,0.571,-0.143,0,0,0,,0,,0,,,2.286,0,0.571,0,0,,1,0.143,0,0.143,0,0,0.857,100,1.286,5.357,0.429,1,2.645,3.355,1,2.645,3.355,0,,,0,0,,0,2.714,5.857,4.714,1.857
Judd McVee,Fremantle,22,22.4,Gen. Defender,10,6.16,53.2,47.5,0,0,0,79.1,8,5,13,83.077,75,96,80,0.9,44.444,61.538,0.9,1.7,1.4,9.286,1.7,7.647,151,11.615,196.245,347.245,138.555,68.769,17.319,3.218,0.644,18.282,5.718,66.687,1.313,4.6,8.2,12.8,35.937,3.9,3.3,0,0.3,3,3.8,2.9,0.3,1,4,-36.262,5.2,5.5,2.1,0,0,0,0.1,,1,1.1,0.7,100,4,0.3,0,0.9,0,0.5,0.2,0.3,0,0,0,,0,,0,,,0.4,0,0.9,22.222,0,,0,0,0,0,0.2,0.2,1.2,,2.3,9.623,0.9,0,,,0,,,0,,,0.4,3.704,75,0.7,2,6.7,4.8,1.3
Jacob van Rooyen,Melbourne,22,22.7,Key Forward,9,7.789,69.222,63.667,0,0,0,71.444,7,5,12,70.37,65.079,77.778,62.037,2.111,42.105,58.333,2.333,0.111,2.778,4.32,2.667,4.5,217.444,18.12,93.849,311.293,232.084,106.233,33.155,-7.054,-1.411,28.13,4.428,46.495,0.016,5.667,6.778,12.444,45.536,0.667,2.667,0.889,0.889,1.778,4.333,2.333,0,1,3.222,20.462,0.444,3.444,4.778,3.778,4.222,14.786,0.222,5.263,0.444,0.667,1.333,58.333,3.889,1,1.333,0.222,0.778,1.222,1,0.222,15.111,16.585,4.222,27.941,1.111,26.316,0.778,39.474,36.842,2.444,0.556,0.222,0,1.778,50,12,1.333,0.778,2.111,0.444,1.111,12.111,63.158,5.111,21.495,0.778,19,3.548,0.61,14,3.519,1.052,5,3.628,-0.628,0,0,,0.111,1.444,8,3.111,1.111
Daniel Turner,Melbourne,23,23.92,Key Defender,10,7.24,63.2,58.5,0,0,0,91.9,9.1,3.3,12.4,78.226,72.527,93.939,73.387,1,40,73.387,1.2,2.7,2.1,5.905,2.1,5.905,188.4,15.194,120.265,308.665,179.472,83.705,19.941,2.999,0.909,17.022,0.625,67.5,-3.971,3.9,8.4,12.3,31.707,5.8,2.1,0,0.3,1.8,3.8,2,0,0.9,2.7,-36.392,6.1,4.1,1.8,0.3,0,0,0,,0.1,0.1,0,,6.6,1.3,0,3.1,0.2,0.3,0.5,-0.2,0,0,0,,0,,0,,,1.2,0,2.2,36.364,0,,2,0.2,0,0.2,0.2,0.2,2.4,100,1.7,7.113,0.7,2,3.76,2.24,1,1.638,4.362,1,5.882,0.118,0,0,,0,4.2,5.2,4.1,3.8
Caleb Windsor,Melbourne,20,20.56,Gen. Defender,6,6.45,45.5,46.333,0,0,0,68.833,7.833,4.333,12.167,63.014,59.574,69.231,63.014,2.667,56.25,64.384,3.333,1.333,2.667,4.562,2.833,4.294,235.667,19.37,148.337,384.003,193.453,111.145,24.696,13.272,3.063,26.96,1.611,54.841,4.683,4.167,8.333,12.5,33.333,1.667,3.333,0.5,0.333,3,2,2,0.5,0.833,6,-7.725,2.5,4.833,4.5,0.667,9.667,32.402,0.5,5.172,0.667,1.167,2,50,1.667,0,0,0.333,0,0.167,0,0.167,0,0,0,,0,,0,,,2.167,0.5,0,,0.167,0,0,0,0.333,0.5,0.5,1.167,4,0,2.833,10.968,0.833,3,2.355,-1.688,0,,,3,2.355,-1.688,0,0,,0.833,1.5,16,7,0.833
Xavier Lindsay,Melbourne,19,19.41,Midfielder,6,3.133,34.167,37.5,0,0,0,52.5,5.667,4.333,10,68.333,64.706,73.077,61.017,0.667,0,56.667,1.167,0.333,1.333,7.5,2,5,160.667,16.067,62.867,223.533,142.185,61.423,25.852,5.215,1.203,22.457,7.173,56.712,-12.268,2,8.167,10.167,19.672,0.833,1.667,0,0.167,1.5,0.833,0.833,0,0.5,5.833,-9.159,2.167,3.833,3.333,0.833,0.333,1.17,0,0,1,1,0.833,100,2.333,0,0.167,0,0,0.5,0.167,0.333,0,0,0,,0,,0,,,0.667,0.167,0.167,100,0,,2,0.333,0.167,0.833,0,0,2.167,40,2,8.333,0.333,5,3.587,-0.987,2,4.159,-0.659,3,3.206,-1.206,0,0,,0,1.167,8.333,3.5,0.5
Harvey Langford,Melbourne,19,19.79,Midfielder,10,11.18,75.2,63.3,2,0.2,1,79.5,9,8.6,17.6,76.136,73.333,79.07,73.864,2.5,44,51.136,3.1,1.8,2.5,7.04,2.4,7.333,334.5,19.006,161.392,495.892,280.387,198.295,31.504,17.356,2.018,23.76,14.398,49.844,8.05,6.5,10.8,17.3,37.572,2.6,5.5,0.9,1.7,3.8,4.3,3.5,0.2,1.2,6.9,-2.726,2.9,6.5,5.9,2,0.4,1.389,0.1,25,1.4,1.5,1.5,66.667,3.1,0.3,0.3,0.1,0.1,0.6,0.5,0.1,0,0,0,,0,,0,,,1.6,0.2,0.3,33.333,0.4,50,7,0.7,0.1,1.1,0.5,0.8,7.6,63.636,5,20.921,0.8,11,3.428,0.481,3,3.585,0.415,8,3.369,0.506,0,0,,0.1,1.3,10,3.9,1.1
Jake Melksham,Melbourne,34,34.33,Key Forward,10,10.27,65.9,57,15,1.5,2,72.3,7.7,2.3,10,70,63.636,91.304,68,2,65,77,2.6,0,2.4,4.167,2.3,4.348,231.6,23.16,58.794,290.394,255.242,139.336,33.148,-1.635,-0.711,34.418,15.582,39.99,12.788,4.6,5.3,9.9,46.465,0.7,2.1,1.1,0.4,1.7,4.4,2,0,0.8,1.5,41.466,0,0.7,4.1,5.1,0,0,0,,0.3,0.3,0.1,100,3.6,0.9,2.4,0,0.9,1.3,0.9,0.4,0,0,0,,0,,0,,,1.4,1.2,0,,1.8,22.222,22,2.2,1.1,3.7,1,1.3,20.6,59.459,5.6,23.431,0.5,37,3.093,0.772,29,3.161,1.012,8,2.849,-0.099,0,0,,0.1,1.2,6.4,0.4,0.6
Steven May,Melbourne,33,33.97,Key Defender,6,8.8,87.5,75.5,7,1.167,2,91.833,15,3.333,18.333,87.273,88.889,80,78.182,0.333,100,81.818,0.333,6,2.833,6.471,2.167,8.462,297.667,16.236,213.173,510.84,318.023,191.627,21.202,4.6,1.453,14.239,1.67,71.058,2.806,4.833,8.833,13.667,35.366,6.833,2.333,0,0.167,2.167,4.833,2.333,0,0.5,1.833,-45.01,8,4.333,1.333,0,0,0,0,,0,0,0,,7.667,1.667,0,3.167,0,0.667,0.833,-0.167,0,0,0,,0,,0,,,0.667,0,3.5,33.333,0,,0,0,0,0,0,0.167,0.167,,2.333,11.024,1.333,0,,,0,,,0,,,4.833,42.647,89.655,0,5.167,5.167,4.5,4.5
Max Gawn,Melbourne,34,34,Ruck,10,15.25,123.6,109.8,41,4.1,7,86.7,10.2,9.6,19.8,67.172,65.686,68.75,67.513,2,40,51.515,2.6,2,4.2,4.714,3.5,5.657,206.7,10.439,210.963,417.663,223.265,74.864,22.105,1.013,0.107,23.485,-8.369,60.003,-1.863,12.5,8.1,20.6,60.68,5.4,4.8,0.5,1.4,3.4,5.7,2.2,0,0.5,3.3,-6.834,3.1,8.5,7.1,1.9,24.7,85.764,1.4,5.668,2.8,4.2,6.6,62.121,6.1,2.3,0.6,3.1,0.4,2.2,1.4,0.8,72.9,79.847,34.1,46.776,10.2,29.912,3.5,46.628,41.349,1.7,0,1.3,0,0.7,57.143,4,0.4,0.4,0.9,0,0.6,3.4,44.444,6,25.105,3.6,9,3.434,-0.323,7,3.71,0.147,2,2.469,-1.969,0,0,,0,3.5,6.8,2.6,2.5
Jack Viney,Melbourne,31,31.71,Midfielder,10,10.97,93.5,92.4,14,1.4,2,81.8,9.5,12.8,22.3,62.332,51.579,70.312,63.229,3,40,42.601,3.3,0.7,3.4,6.559,4.2,5.31,281.7,12.632,203.544,485.244,250.076,105.686,26.324,6.719,0.525,27.835,1.279,50.92,-10.414,12.3,10.6,22.9,53.712,3.1,8,1.5,2.9,5.1,4.6,3.6,2.1,1.5,7.1,3.722,1.3,9.6,9.3,2.7,18.9,65.625,1.8,9.524,2.9,4.7,6.2,62.903,3,0.2,0.1,0.3,0.3,1.5,1,0.5,0,0,0,,0,,0,,,7.3,0.8,0.1,0,0,,2,0.2,0.4,0.8,0.2,0.5,3.1,25,4.2,17.573,1.8,8,2.824,-0.824,2,1.96,-1.46,6,3.112,-0.612,0,0,,0.1,1.3,22,9,0.2
Christian Salem,Melbourne,30,30.46,Gen. Defender,10,9.04,98.3,95.9,4,0.4,2,84.8,16.5,7.9,24.4,83.607,82.424,86.076,83.128,2.1,76.19,67.623,2.3,3.8,1.4,17.429,2.2,11.091,368,15.082,308.84,676.84,338.754,262.626,20.782,15.403,1.95,18.64,8.924,66.975,9.307,4,18.3,22.3,17.937,4.4,3.5,0.2,0.7,2.8,3.3,3.1,0.1,1.2,9.9,-27.533,7.5,9.1,5.4,0.3,0.3,1.042,0,0,0.5,0.5,0.6,50,7.5,0.2,0,1,0.1,0,0.5,-0.5,0,0,0,,0,,0,,,2.4,0.1,0.4,50,0,,0,0,0,0.1,0.4,1,3,0,4.3,17.992,1.5,1,1.709,-1.709,0,,,1,1.709,-1.709,2.2,20.37,100,0.1,0.7,9.9,7,0.4
Christian Petracca,Gold Coast,29,29.98,Mid-Forward,10,11.47,90.3,85.3,15,1.5,4,84.3,11.2,13.7,24.9,63.454,48.214,75.912,62.903,3.3,48.485,44.98,4.4,0.5,3.4,7.324,3.8,6.553,353.6,14.201,220.701,574.301,305.734,152.467,27.544,17.861,1.313,29.579,3.348,47.095,-6.851,11.3,13.5,24.8,45.565,2,8.5,2.4,3.8,4.7,5,4.8,2.2,1.5,8.8,13.338,0.7,8.7,10,5.4,17,59.028,2.7,15.882,2,4.7,5.1,74.51,3.5,0.2,0.8,0.3,0.3,0.4,0.9,-0.5,0,0,0,,0,,0,,,3,1.1,0,,0.6,0,5,0.5,1.1,2.5,0.9,1.4,10,20,7.7,32.218,1.7,25,2.725,-1.085,9,2.693,-0.138,16,2.743,-1.618,0,0,,0.2,0.5,16.8,4.7,0.2
Ed Langdon,Melbourne,29,29.91,Mid-Forward,10,5.2,58.8,64.7,0,0,0,82.8,8.9,8.2,17.1,74.854,64.045,86.585,73.099,2.7,55.556,52.047,3.3,1,3.1,5.516,3.3,5.182,281.8,16.48,206.315,488.115,243.4,142.171,27.348,11.083,1.352,25.322,-0.646,56.641,-2.096,4.7,12.7,17.4,27.011,1.9,3.6,0.6,0.9,2.7,2.8,2.3,0.3,1.1,7.5,-2.889,2.3,6.9,6.1,2.1,0,0,0.3,,1.3,1.6,1.2,83.333,4.3,0,0.1,0.1,0.3,0.6,0.6,0,0,0,0,,0,,0,,,2.1,0.2,0.1,100,0,,2,0.2,0.3,0.8,0.5,0.7,4.7,25,4.2,17.573,0.6,8,2.814,-0.939,1,3.847,-2.847,7,2.667,-0.667,0,0,,0,0.7,12.9,5.7,0.1
Jake Lever,Melbourne,29,29.82,Gen. Defender,3,8.167,67.667,52,0,0,0,93.333,7,4.333,11.333,97.059,100,92.308,91.176,0,,61.765,0,1.333,0.667,17,1,11.333,174.333,15.382,129.573,303.907,157.937,117.87,22.562,8.767,2.023,17.229,6.58,73.338,7.614,3.333,8.333,11.667,28.571,5.333,2,0,0,2,3,1.667,0,0.667,2,-45.822,5.667,5.667,0.333,0,0,0,0,,0.333,0.333,0,,7,0.667,0,2.667,0,0.667,0.667,0,0,0,0,,0,,0,,,0.667,0,1.667,0,0,,0,0,0,0,0,0,0,,1.667,6.757,0.333,0,,,0,,,0,,,0,0,,0,3.333,7,5.333,3.333
Clayton Oliver,Greater Western Sydney,28,28.44,Midfielder,10,9.98,90.7,87.6,2,0.2,1,78.4,11.3,14.3,25.6,68.359,52.212,81.119,70.98,3.3,48.485,44.141,3.8,1.4,5.1,5.02,4.4,5.818,316,12.344,281.749,597.749,287.553,148.594,25.447,10.311,0.726,26.08,5.835,48.638,-3.957,11.4,14.6,26,43.846,2.5,7.8,1.2,2.8,5,3.7,2.9,2.1,1,10.4,-1.915,3.3,10,9.9,2.8,20.5,71.181,1.5,7.317,3.3,4.8,7,68.571,3.1,0.2,0.1,0.4,0.2,1.2,2.4,-1.2,0,0,0,,0,,0,,,5.2,0.7,0,,0,,1,0.1,0.4,0.8,0.3,0.5,3,12.5,5.9,24.686,1.3,8,3.195,-1.945,2,3.02,-2.02,6,3.253,-1.92,0,0,,0.2,0.8,18.8,8.8,0.2
Tom Sparrow,Melbourne,25,25.58,Gen. Forward,9,6.467,61,58.222,0,0,0,77.333,7.111,5.889,13,77.778,75,81.132,71.795,1.889,35.294,54.701,2,0.667,2.111,6.158,2.222,5.85,201.667,15.513,133.487,335.153,183.054,95.879,25.742,5.998,1.018,25.565,2.769,57.309,2.691,4,9.111,13.111,30.508,2.111,3.111,0.444,0.778,2.333,3.111,2.556,0.111,1.222,4.222,-2.154,1.667,5.444,4.667,1.333,0.333,1.145,0.222,66.667,0.556,0.778,0.556,100,3.667,0.222,0.333,0.444,0.333,0.444,0.556,-0.111,0,0,0,,0,,0,,,3.444,0.667,0,,0,,2,0.222,0.222,0.444,0.444,0.778,4.556,50,4.222,17.352,1,4,3.507,-0.007,3,3.493,-0.827,1,3.547,2.453,0,0,,0,1.333,18.444,8,0.778
Liam Baker,West Coast,27,27.92,Gen. Defender,10,11.07,88.9,82.5,5,0.5,1,85.5,10.7,10.9,21.6,70.833,57.944,83.486,72.43,2.7,44.444,49.537,3.3,1.8,3.9,5.538,4.2,5.143,298.1,13.801,243.93,542.03,250.799,176.642,24.115,34.216,3.139,24.916,-4.037,56.659,0.483,8.6,12.2,20.8,41.346,4.7,7.1,0.8,1.2,5.9,5.7,4.9,0.3,2.5,6.8,-9.57,4.5,7.6,6.7,2,4.3,15.523,0.9,20.93,1.6,2.5,2.3,82.609,4,0.1,0.4,0.4,0.9,1.4,1.6,-0.2,0,0,0,,0,,0,,,4.2,0.9,0.4,25,0.1,0,5,0.5,0.2,0.9,0.5,0.9,6.6,55.556,3.4,21.384,1.1,9,3.751,-0.196,6,3.501,0.665,3,4.25,-1.917,0.5,4,80,0.4,1.5,16.3,8.1,0.9
Liam Ryan,St Kilda,29,29.24,Gen. Forward,9,7.667,62.111,56,0,0,0,82.222,7.889,3,10.889,57.143,49.296,77.778,61.856,2.889,50,72.449,2.889,0,1.222,8.909,1.667,6.533,222.111,20.398,105.283,327.394,215.68,126.76,27.73,4.336,1.445,31.401,1.932,51.66,2.506,4.556,6.667,11.222,40.594,1.111,3.333,1.333,0.889,2.444,3.333,2.444,0.111,0.778,2.333,22.386,0.444,2.667,4.222,3.889,6.556,23.32,0.778,11.864,0.111,0.889,1,88.889,4,0.333,1.111,0.333,0.556,0.889,0.111,0.778,0,0,0,,0,,0,,,1.667,0.556,0,,0.778,14.286,9,1,1.111,2.444,0.667,1.222,11.667,40.909,4.889,30.769,0.778,22,3.006,-0.097,12,3.303,-0.386,10,2.65,0.25,0,0,,0.333,1,11.333,2.778,0.667
Oscar Allen,Brisbane,26,26.78,Key Forward,1,4,49,27,0,0,0,72,3,4,7,71.429,100,50,57.143,1,100,42.857,2,0,0,,1,7,69,9.857,68.42,137.42,88.85,64.96,29.617,-10.35,-2.587,39.317,-5.983,46.817,19.85,3,5,8,37.5,3,2,0,2,0,3,2,0,1,1,21.916,0,3,3,2,0,0,0,,0,0,0,,2,0,0,0,1,0,0,0,0,0,0,,0,,0,,,1,1,0,,1,0,0,0,0,0,1,1,6,,1,5.882,0,0,,,0,,,0,,,0,0,,0,3,5,1,2
Bailey J. Williams,West Coast,25,25.7,Ruck,9,6.033,52.556,49,0,0,0,79.667,5,3.444,8.444,63.158,51.111,80.645,67.105,1.778,56.25,59.211,1.889,0,3,2.815,2,4.222,135.667,16.066,58.933,194.6,149.243,82.873,29.849,-4.698,-1.364,28.221,-3.221,49,-9.714,5.111,3.556,8.667,58.974,0.778,1.778,0.111,0.444,1.333,2.444,1.111,0.222,0.556,1.889,14.11,0.222,2.556,3.667,2.222,9.556,34.677,1,10.465,1.111,2.111,2.556,78.261,2,0.556,0.778,0.222,0.333,1.222,1.111,0.111,27.889,29.529,12.111,43.426,3.111,25.688,1,35.78,34.862,1.556,0.444,0,,1.667,40,7,0.778,0.222,1.222,0.111,0.222,5.667,63.636,2.556,16.312,0.778,11,3.244,0.756,7,3.185,2.1,4,3.347,-1.597,0,0,,0,2.222,9,3.444,1.667
Harry Edwards,West Coast,25,25.24,Key Defender,6,10.433,64,44.167,5,0.833,1,87.667,6.333,3.667,10,83.333,78.947,90.909,74.576,0.833,40,63.333,0.833,2,1.667,6,1.333,7.5,167.833,16.783,121.778,289.612,162.957,104.685,26.425,1.208,0.33,17.909,14.444,61.242,9.346,3.5,6.5,10,35,6.167,1.833,0,0.667,1.167,3.5,1.833,0,0.333,1.833,-43.885,5.667,3,1.333,0,0,0,0,,0.167,0.167,0,,5.667,1.5,0,4,0,0.167,0.667,-0.5,0.167,0.177,0,0,0,,0,,,0.667,0,2.167,23.077,0,,0,0,0,0,0.167,0.167,1,,1.5,9.375,0.833,0,,,0,,,0,,,0,0,,0.167,7.5,6,5.5,7
Sandy Brock,West Coast,23,23.04,Key Defender,7,8.986,62.714,43.429,0,0,0,90.571,7.286,4,11.286,81.013,76.471,89.286,68.354,0.571,0,64.557,0.571,3.286,2,5.643,2,5.643,217.857,19.304,96.124,313.981,183.587,89.587,25.198,7.447,1.862,15.651,-0.758,60.976,-1.401,3,7.857,10.857,27.632,4.857,2.571,0,0.143,2.429,2.714,2.286,0,0.571,3.571,-48.784,6.429,3.571,0.857,0,0,0,0,,0.143,0.143,0,,4,0.286,0,1.714,0.143,0.143,0.286,-0.143,0,0,0,,0,,0,,,0.571,0,2,42.857,0,,0,0,0,0,0,0,0,,1.714,10.811,0.857,0,,,0,,,0,,,0.143,1.136,100,0.286,7.714,5,4,6.714
Tyler Brockman,West Coast,23,23.1,Gen. Forward,10,6.58,48.7,45.9,0,0,0,73.1,5.4,4,9.4,70.213,64.815,77.5,72.34,1,50,57.447,1.4,0.2,1.7,5.529,1.9,4.947,111.3,11.84,119.338,230.638,107.926,54.705,19.986,6.489,1.622,29.169,3.263,59.842,7.726,4,5.7,9.7,41.237,1.1,2.2,0.7,1,1.2,3.2,1.8,0.1,0.6,2.4,18.793,0.4,2.8,3.5,3,1.3,4.693,0,0,0.7,0.7,0.5,80,2.8,0.3,0.8,0.1,0.8,0.9,0.6,0.3,0,0,0,,0,,0,,,2.4,1.1,0,,0.2,50,7,0.7,0.4,1.3,0.4,0.8,7.4,53.846,3,18.868,0.6,13,4.01,-0.472,10,3.857,-0.557,3,4.519,-0.185,0,0,,0,1.3,13.2,4.3,0.4
Jack Williams,West Coast,22,22.08,Key Forward,5,4.42,38.2,34.6,0,0,0,64.8,3.8,2.2,6,53.333,42.105,72.727,60,0.8,25,63.333,0.8,0.4,1.4,4.286,1.2,5,122.2,20.367,37.87,160.07,127.402,58.42,33.527,6.538,2.972,22.153,-13.062,45.581,-9.217,3.4,3.2,6.6,51.515,0.8,1.4,0.8,0.4,1,2.8,0.8,0,0.2,0.6,26.991,0.4,1.4,2,2.8,0,0,0,,0.2,0.2,0.6,33.333,2.8,0.8,1.2,0.2,0.2,0.6,0.2,0.4,3.6,3.822,0.8,22.222,0.4,50,0,50,50,1,0.8,0,,2,20,4,0.8,0.8,1.6,0.4,1.2,8.8,50,3.4,21.25,1.2,8,4.243,-0.743,8,4.243,-0.743,0,,,0,0,,0,1,5.4,1.4,0.2
Elijah Hewett,West Coast,21,21.59,Midfielder,9,6.111,63.222,64.444,0,0,0,78.889,7.667,9.444,17.111,66.234,52.174,77.647,62.338,2.889,30.769,44.805,3.111,0.778,2.444,7,3.444,4.968,243.222,14.214,130.042,373.264,235.899,99.948,31.222,0.551,0.058,25.208,-7.901,45.728,-7.267,6.333,10.222,16.556,38.255,1.333,4.556,1,1.111,3.444,2.333,2,1,1,7.111,1.476,1.667,6.111,6.444,2.333,13.778,49.799,0.889,6.452,1.889,2.778,3.444,74.194,1.778,0,0.222,0.111,0.111,1,0.667,0.333,0,0,0,,0,,0,,,4.111,0.667,0,,0.111,0,2,0.222,0.444,0.889,0.333,0.444,3.889,25,3.444,21.678,0.667,8,3.184,-1.184,3,4.085,-3.085,5,2.644,-0.044,0,0,,0,0.556,14.778,6.556,0.111
Reuben Ginbey,West Coast,21,21.3,Gen. Defender,10,8.63,76.5,58.1,1,0.1,1,85.7,9.7,4.6,14.3,72.028,67.01,82.609,68.531,0.9,22.222,67.832,0.9,4.2,2.7,5.296,3.7,3.865,265.7,18.58,123.864,389.564,231.196,119.488,23.835,10.886,2.367,16.058,-2.373,58.628,-1.786,5.9,8.3,14.2,41.549,6.4,3.9,0,0.5,3.4,5.4,3.4,0,1.1,4.3,-47.332,8.7,4.3,1.2,0,0,0,0,,0.5,0.5,0.3,100,4.1,0.4,0,1.3,0.2,1.5,0.8,0.7,0,0,0,,0,,0,,,2.1,0,2.1,23.81,0,,0,0,0,0,0,0,0,,1.7,10.692,0.8,0,,,0,,,0,,,0.4,3.2,100,1.2,5.8,7.4,6.5,5.3
Tyrell Dewar,West Coast,21,21.76,Midfielder,6,5.333,46.5,49.833,0,0,0,61.667,9.167,2.833,12,69.444,65.455,82.353,68.056,2,58.333,76.389,2,2,2.667,4.5,2.5,4.8,307.667,25.639,125.008,432.675,281.42,198.097,30.7,7.815,2.758,24.407,6.966,51.559,5.304,3,9.5,12.5,24,2.167,2.167,0,0,2.167,2.5,1.833,0.167,1,4.5,-15.842,4,4.167,3.167,1.167,0,0,0,,0.167,0.167,0.333,100,4.5,0.167,0.667,0.5,0,0.333,0.667,-0.333,0,0,0,,0,,0,,,0.667,0,0,,0.167,100,2,0.333,0.167,0.667,0.833,1,7.333,50,3,18.367,0.333,4,3.167,0.083,4,3.167,0.083,0,,,0,0,,0.5,0.333,7.167,5,0.167
Harley Reid,West Coast,20,20.7,Midfielder,6,7.367,80.333,85.5,6,1,3,82,13.167,9.833,23,65.217,58.228,74.576,61.594,2.667,18.75,57.246,3.5,1.333,8.333,2.76,5.833,3.943,364,15.826,251.15,615.15,352.565,118.26,26.777,6.027,0.623,26.231,-9.044,59.155,-10.717,10.667,13.667,24.333,43.836,1.333,6,0.667,3.167,2.833,2.833,1.833,2.5,0.5,8.833,-1.147,2.833,8.667,10.333,2.5,19.167,71.875,2.167,11.304,3.333,5.5,6.5,74.359,4,0.5,0.667,0.167,0.667,2.5,4,-1.5,0,0,0,,0,,0,,,4.5,0.5,0.167,100,0.167,0,5,0.833,0.833,2,0.167,0.167,6.833,41.667,3.5,21.649,0.333,12,2.905,0.012,4,3.483,-0.233,8,2.615,0.135,0,0,,0.667,0.5,19.833,8.167,0.167
Clay Hall,West Coast,20,20.63,Midfielder,10,6.62,66,58.1,0,0,0,73.7,7.2,9.4,16.6,71.084,59.722,79.787,65.663,1.7,41.176,43.373,1.7,1.6,3.1,5.355,2.7,6.148,216.1,13.018,170.145,386.245,201.643,83.832,28.006,4.739,0.51,23.251,-2.283,52.701,-7.54,6.9,10,16.9,40.828,2.3,5.3,0.3,1,4.3,2.9,2.6,1,1,6.4,-10.872,3.3,6.5,5.8,1.3,8.3,29.964,0.5,6.024,2.2,2.7,3.4,61.765,2.7,0,0,0.1,0.1,0.4,1.2,-0.8,0,0,0,,0,,0,,,3,0.4,0.1,100,0,,1,0.1,0.2,0.5,0.3,0.5,2.8,20,2.5,15.723,0.6,5,3.084,-1.484,0,,,5,3.084,-1.484,0,0,,0.2,0.8,15.6,7,0.5
Bo Allan,West Coast,19,19.87,Gen. Defender,3,6.8,49.667,39,0,0,0,86,4,7.667,11.667,85.714,75,91.304,88.571,0.667,50,34.286,1,1.333,1,11.667,0.667,17.5,105.333,9.029,187.43,292.763,86.003,83.89,21.501,32.28,4.21,24.828,-6.646,74.885,-2.158,3.333,8,11.333,29.412,4.333,3,0,2,1,3.333,3,0,0.333,4.667,-26.463,3.333,5.667,2.333,0,0,0,0,,0,0,0,,2.667,0,0,0.333,0.667,0.333,0.667,-0.333,0,0,0,,0,,0,,,1.333,0,0.667,100,0,,0,0,0,0,0,0.333,0.333,,2,12.5,0.667,0,,,0,,,0,,,0,0,,0,2.333,7.667,6.667,2.333
Ryan Maric,West Coast,21,21.31,Gen. Defender,9,6.767,86.333,76,0,0,0,80.778,12.222,8.111,20.333,77.596,70.909,87.671,76.503,0.667,50,60.109,0.778,3.333,1.556,13.071,3.111,6.536,329.889,16.224,263.72,593.609,306.932,201.834,25.113,2.422,0.299,17.838,-4.875,60.907,2.056,4.556,13.667,18.222,25,3.556,3.444,0.222,0.333,3.111,3.556,2.778,0.222,0.778,8.778,-24.07,5.667,7.889,4.111,0.556,0,0,0,,0.778,0.778,0.667,100,3.667,0.111,0,0.444,0.222,0.667,0.111,0.556,0,0,0,,0,,0,,,2.778,0,0.222,0,0.111,0,1,0.111,0,0.111,0.444,0.444,3.333,100,2,12.587,0.333,1,5.968,0.032,1,5.968,0.032,0,,,2.444,19.13,100,1.667,1.111,10,5.667,0.778
Jack Hutchinson,West Coast,24,24.13,Midfielder,6,5.533,62.333,63.333,0,0,0,78.667,9.167,5,14.167,69.412,69.091,70,61.176,1.833,27.273,64.706,2.167,2.167,2.167,6.538,3.833,3.696,293.5,20.718,106.697,400.197,265.623,120.27,28.977,19.622,3.924,23.173,-5.525,56.9,-9.841,3.333,10.667,14,23.81,2.833,2,0.167,0.167,1.833,2.167,1.5,0.167,0.5,4.333,-13.455,3.5,5.5,3.667,1.333,0.667,2.5,0.167,25,0.667,0.833,1.167,71.429,5.167,0,0.5,0.667,0.333,1.167,0.667,0.5,0,0,0,,0,,0,,,2.5,0.667,0.167,0,0.167,100,1,0.167,0.167,0.5,0.333,0.333,3.167,33.333,2.333,14.433,0.667,3,3.464,-1.131,2,3.665,-0.665,1,3.062,-2.062,0,0,,0,1.167,13.333,5.333,0.667
Tom McCarthy,West Coast,25,25.47,Gen. Defender,10,10.3,93.3,83.5,3,0.3,2,80.8,15.4,8.2,23.6,77.966,75.974,81.707,70.213,2.1,47.619,65.254,2.2,5.8,3.5,6.743,5,4.72,470.3,19.928,284.344,754.644,393.353,258.973,25.878,22.499,2.744,19.637,-1.637,61.824,-1.157,6.2,12.7,18.9,32.804,4.4,5.1,0.1,1.5,3.6,3.8,3.2,0.2,1,8.1,-24.451,6.3,7.4,4.6,0.6,4.3,15.523,0.3,6.977,1.3,1.6,1.6,68.75,4.6,0.2,0.1,1,0.2,0.7,0.7,0,0,0,0,,0,,0,,,2.1,0.1,0.3,0,0.1,0,0,0,0.1,0.1,0.5,0.8,3.4,0,3.7,23.27,1.3,1,3.443,-2.443,1,3.443,-2.443,0,,,5.2,41.6,94.231,1.1,1.5,12.8,8.4,1
Jamie Cripps,West Coast,33,33.69,Gen. Forward,10,5.68,50.7,54.6,0,0,0,86.3,7.7,3.3,11,61.818,57.143,72.727,60,2.4,54.167,70,3.1,0.5,3,3.667,3.3,3.333,224,20.364,82.368,306.368,218.849,118.782,28.422,2.391,0.725,30.639,3.29,51.937,-1.937,3.7,7.5,11.2,33.036,1.2,2.1,0.9,0.3,1.8,2.9,1.8,0.4,0.8,3.1,16.813,0.8,2.8,4.3,3.3,0,0,0.2,,0.4,0.6,0.6,66.667,3.9,0.4,0.6,0,0.7,0.4,0.7,-0.3,0,0,0,,0,,0,,,2.1,1.2,0.1,100,1.2,8.333,10,1,0.5,1.9,0.6,0.9,10.4,52.632,3.7,23.27,0.5,19,3.141,0.28,7,4.043,1.243,12,2.615,-0.282,0,0,,0,0.8,14,3.8,0.2
Tim Kelly,West Coast,31,31.43,Mid-Forward,9,10.033,77.222,64.333,6,0.667,1,81,9.111,9.667,18.778,74.556,60.976,87.356,67.665,3,25.926,48.521,3.222,1.556,2.778,6.76,3.333,5.633,276.444,14.722,141.736,418.18,259.533,100.547,28.837,4.709,0.493,27.953,-1.564,53.452,-9.007,9.111,10.556,19.667,46.328,1.667,6.778,1.222,1.667,5.111,3.222,2.889,1.222,1.444,7.222,0.716,2.222,7.778,7.333,2.333,14.556,51.779,1.889,12.977,2.556,4.444,4.889,75,2.667,0.111,0.222,0,0.333,1.111,1.222,-0.111,0,0,0,,0,,0,,,2.333,0.333,0,,0.111,100,4,0.444,0.222,0.889,0,0.556,3.444,50,4.222,26.573,1.222,8,3.27,-0.02,5,3.679,0.121,3,2.587,-0.254,0,0,,0.444,0.556,15.111,7.667,0.111
Liam Duggan,West Coast,29,29.05,Gen. Defender,8,8.387,83.875,87.875,0,0,0,83.5,16.25,5.5,21.75,77.011,73.077,88.636,65.517,2.875,39.13,74.713,2.875,5.375,3.25,6.692,4.75,4.579,462.625,21.27,291.194,753.819,424.385,225.328,26.524,9.065,1.648,20.02,-4.147,60.993,-5.437,3.375,15.75,19.125,17.647,4.75,2.5,0,0.25,2.25,2.375,1.625,0.125,0.875,7.5,-29.242,7.875,6.125,4.875,0.25,0.875,3.153,0.125,14.286,0.625,0.75,0.625,80,7.25,0,0.125,1.75,0.125,0.5,0.875,-0.375,0,0,0,,0,,0,,,2.125,0.125,0.125,100,0,,0,0,0,0,0.25,0.25,1.5,,3.5,21.374,1.125,0,,,0,,,0,,,3,23.301,87.5,0.25,1.625,10.875,7.125,1.25
Jack Graham,West Coast,27,27.84,Mid-Forward,6,10,87.833,85.333,0,0,0,79.333,10.833,8.833,19.667,70.339,63.077,79.245,66.102,3,22.222,55.085,3.167,1.333,4.5,4.37,4.667,4.214,287.667,14.627,217.685,505.352,286.765,106.878,26.471,-1.847,-0.209,26.804,-14.106,52.798,-8.353,9.667,10.667,20.333,47.541,3.333,6,0.667,1.667,4.333,4.167,3.333,1.333,1.167,7.167,-2.845,2.5,7.333,9,1.5,14.167,53.125,1.5,10.588,3.167,4.667,4.333,80.769,1.833,0,0.167,0.167,0.333,2.333,1.667,0.667,0,0,0,,0,,0,,,7.833,0.167,0.167,100,0,,1,0.167,0,0.333,0.167,0.5,2.333,50,2.667,17.021,0.833,2,3.466,-0.466,0,,,2,3.466,-0.466,0,0,,0,0.667,24.667,13.5,0
Matt Flynn,West Coast,28,28.29,Ruck,9,8.267,78.556,75.444,0,0,0,80.333,6.222,5.667,11.889,52.336,35.714,70.588,58.095,1.778,25,52.336,2.333,0.556,3.333,3.567,2.778,4.28,153.444,12.907,98.631,252.076,149.292,49.632,25.352,4.679,0.826,26.165,-11.165,52.663,-17.663,6.778,5.667,12.444,54.464,3,3.111,0.111,0.778,2.333,3.222,1.667,0,0.667,3,-2.718,1.889,4.444,4.778,1.333,20.333,75,1,4.918,1.111,2.111,3.556,62.5,3.667,1.333,0.556,1.889,0,0.889,1.444,-0.556,68.889,72.6,26.111,37.903,6.667,25.532,1,42.128,37.021,2.222,0.333,0.444,25,0.667,0,4,0.444,0.222,0.778,0.222,0.444,4.444,57.143,2.333,14.685,1.333,7,4.194,-0.48,7,4.194,-0.48,0,,,0,0,,0,2.444,10.111,5,1.556
Jayden Hunt,West Coast,30,30.74,Midfielder,2,0.4,5,2,0,0,0,31.5,0.5,1,1.5,66.667,100,50,66.667,0,,33.333,0,0,1,1.5,1,1.5,28.5,19,24.685,53.185,3.9,15.17,7.8,19.155,19.155,21.97,78.03,78.62,21.38,0.5,1,1.5,33.333,0,0.5,0,0,0.5,0.5,0.5,0,0,1,-24.827,0,1.5,0,0,0,0,0,,0,0,0,,0,0,0,0,0,0,0.5,-0.5,0,0,0,,0,,0,,,0,0,0.5,0,0,,0,0,0,0,0,0,0,,1,5.556,0,0,,,0,,,0,,,0,0,,0,1,6.5,3,0.5
Xavier Duursma,Essendon,25,25.48,Midfielder,9,7.344,82.222,74.556,0,0,0,79.333,9.333,8.889,18.222,75.61,65.476,86.25,69.939,1.556,21.429,51.22,1.778,1.889,2.333,7.81,3.778,4.824,256,14.049,216.593,472.593,234.376,102.746,25.112,1.499,0.173,20.603,-5.739,55.464,-2.761,5.556,12.333,17.889,31.056,4.222,4.556,0.222,1.111,3.444,3.556,2.778,0,1.111,6.556,-18.141,6.333,5.222,5.111,1.222,0,0,0.111,,1.333,1.444,1,66.667,5,0.333,0.556,1.333,0.111,1,0.556,0.444,0,0,0,,0,,0,,,2.889,0.444,0.333,100,0.333,0,4,0.444,0.222,0.778,0.333,0.667,5.222,57.143,3.222,17.791,1.333,7,3.568,0.146,5,3.451,-0.651,2,3.862,2.138,0,0,,1.111,0.778,12.667,5.222,0.556
Jye Caldwell,Essendon,25,25.25,Midfielder,2,11,110.5,94,0,0,0,74.5,13,10.5,23.5,78.723,76.923,80.952,72.34,3.5,42.857,55.319,5,2,2,11.75,3.5,6.714,379.5,16.149,140.62,520.12,360.825,179.975,27.756,-2.67,-0.254,22.865,-2.031,49.978,12.522,9.5,15.5,25,38,1.5,5.5,0.5,2,3.5,1.5,1,2.5,0,12.5,-6.531,3.5,12.5,7,2,16,52.459,1,6.25,3.5,4.5,7.5,53.333,3,0.5,1,0.5,0.5,0.5,1,-0.5,0,0,0,,0,,0,,,6,0.5,0,,0,,1,0.5,0.5,1,0,0.5,4,50,3.5,18.919,1.5,2,4.033,-0.533,2,4.033,-0.533,0,,,0,0,,0,1,20.5,11,0.5
Jaxon Prior,Essendon,24,24.57,Gen. Defender,10,7.81,69,58.1,0,0,0,85.4,9.8,4.7,14.5,86.207,85.714,87.234,77.241,1.4,50,67.586,1.4,2.8,2.1,6.905,1.5,9.667,246.5,17,196.514,443.014,239.561,144.053,24.697,2.452,0.533,17.75,-0.546,62.498,5.243,3.8,9.1,12.9,29.457,4.9,2.8,0,0.6,2.2,3.6,2.6,0,0.8,4.8,-35.162,6,4.2,2.6,0.1,0,0,0,,0.1,0.1,0,,4.5,0.5,0.1,1.4,0.2,0.4,0.5,-0.1,0,0,0,,0,,0,,,1.7,0.1,1.1,18.182,0.2,0,0,0,0.1,0.1,0.1,0.3,0.9,0,2,11.236,0.6,1,2.349,-1.349,1,2.349,-1.349,0,,,1.5,13.514,100,0,2.7,7.1,5.2,2.6
Nic Martin,Essendon,24,24.74,Mid-Forward,3,6.133,58.667,59,0,0,0,60.667,10.333,5.667,16,70.833,74.194,64.706,72.917,1.667,40,64.583,1.667,2,1,16,2.667,6,280.667,17.542,78.527,359.193,221.553,169.41,21.441,26.397,4.658,22.189,-15.292,59.242,9.724,3,12,15,20,1.667,3,1,0.667,2.333,3,3,0,1.333,7.667,-17.522,3.333,7.333,3.333,1,7,28,0,0,0,0,0,,3.667,0,0,0.333,0.333,0.333,0,0.333,0,0,0,,0,,0,,,1.333,0,0,,0,,0,0,0,0,0,0,0,,1,5.556,0.333,0,,,0,,,0,,,0,0,,0,1.667,6.667,4.333,1.333
Archie Perkins,Essendon,23,23.76,Gen. Forward,9,7.644,55.778,51.667,0,0,0,70.556,6.333,6.111,12.444,71.429,71.93,70.909,64.286,1.222,18.182,50.893,1.667,0.556,2.222,5.6,3,4.148,182.889,14.696,121.144,304.033,183.466,77.604,28.968,-3.746,-0.624,24.861,-13.498,53.172,1.374,5.889,6.111,12,49.074,1.556,4.111,0.889,1.111,3,4,2.556,0.333,1.111,3.667,5.518,1.222,3.889,4.778,2.111,3.333,11.952,0.222,6.667,0.889,1.111,1.444,76.923,2.556,0.889,0.556,0.222,0.333,0.556,0.556,0,0,0,0,,0,,0,,,2.556,1,0,,0.444,50,5,0.556,0.333,1.222,0.111,0.444,4.667,45.455,2.333,13.043,0.333,11,3.12,-0.12,6,3.444,-0.111,5,2.732,-0.132,0,0,,0.111,0.222,11.333,4.222,0.222
Ben Hobbs,Essendon,22,22.29,Gen. Forward,6,5.4,56.833,59.833,0,0,0,70,7.5,7,14.5,66.667,46.667,88.095,65.517,1,0,51.724,1.333,1.167,3.333,4.35,3.5,4.143,194.833,13.437,156.635,351.468,178.042,51.58,24.278,12.71,1.816,23.606,-8.901,53.751,-6.692,6,7.833,13.833,43.373,1.667,5.333,1.667,1.333,4,4.667,4.167,0,1.667,4,5.518,1.333,5,5.167,2.333,2,8.054,0.167,8.333,0.833,1,1,100,2.833,0.167,0.333,0,0.667,1.333,1.833,-0.5,0,0,0,,0,,0,,,4.333,0.667,0,,0.167,0,1,0.167,0.667,1,0,0,1.667,16.667,2.667,14.815,0.333,6,3.195,-1.529,3,3.325,-0.659,3,3.065,-2.399,0,0,,0,0.167,16.833,6,0.167
Archie Roberts,Essendon,20,20.11,Gen. Defender,10,8.44,87.4,89.2,6,0.6,2,87.9,14.4,11.3,25.7,73.541,69.444,78.761,65.49,2.6,38.462,56.031,2.7,5,4.2,6.119,6,4.283,431.7,16.798,195.677,627.377,390.216,186.607,27.288,24.432,2.162,18.464,-2.168,57.808,-6.697,5.6,18.5,24.1,23.237,5,4.1,0,1,3.1,4.2,3.2,0.2,1.1,12.9,-28.468,8.7,10,5,0.4,1.6,6.038,0.2,12.5,1.1,1.3,1.2,91.667,4.9,0.3,0.1,0.9,0.2,1.3,0.9,0.4,0,0,0,,0,,0,,,2.5,0.1,0.5,60,0,,0,0,0.1,0.1,0.2,0.6,1.7,0,3,16.854,0.6,1,2.603,-1.603,0,,,1,2.603,-1.603,1.6,14.414,100,0.6,1.2,9.5,5.7,0.9
Angus Clarke,Essendon,19,19.16,Gen. Defender,10,4.12,58.5,63.3,0,0,0,87.1,9.8,6.2,16,72.5,66.327,82.258,68.75,1.4,57.143,61.25,1.7,2.6,2.7,5.926,3.2,5,271.4,16.962,145.865,417.265,235.811,120.887,24.062,9.864,1.591,20.669,-4.364,60.022,-6.761,4.3,11.6,15.9,27.044,3.2,3.1,0.2,0.4,2.7,3.6,2.5,0,1.1,6.5,-24.255,5.9,5.4,3.6,1,0,0,0,,0.3,0.3,0.4,50,5.1,0.3,0.3,0.7,0,1,0.5,0.5,0.1,0.114,0,0,0,,0,,,1.3,0,0.6,50,0.1,0,2,0.2,0.3,0.5,0,0.1,1.6,40,2.1,11.798,0.6,5,4.065,-1.065,4,4.397,-0.897,1,2.738,-1.738,0.3,2.703,100,0.3,0.9,11.5,6.5,0.7
Luamon Lual,Essendon,20,20.76,Midfielder,10,4.27,35.8,36.4,0,0,0,75.7,4.3,4,8.3,79.518,72.093,87.5,79.518,1.1,45.455,51.807,1.4,0.7,2,4.15,2,4.15,114.2,13.759,109.384,223.584,97.281,60.002,22.623,6.375,1.594,27.689,-4.004,62.718,3.071,2.2,5.9,8.1,27.16,1.4,1.8,0.4,0.2,1.6,1.8,1.4,0,0.2,2.4,-0.59,1.3,2.5,3.4,0.9,0,0,0,,0.2,0.2,0.3,33.333,2.9,0.1,0.1,0.1,0.4,0.3,1.1,-0.8,0,0,0,,0,,0,,,2,0.3,0,,0.3,0,3,0.3,0,0.3,0.2,0.4,3.2,100,2.1,11.798,0.5,3,2.489,3.511,1,3.366,2.634,2,2.051,3.949,0,0,,0.2,1,15.8,8,0.7
Nate Caddy,Essendon,20,20.46,Key Forward,4,8.3,62.25,58.25,0,0,0,89.25,8,2.75,10.75,62.791,56.25,81.818,48.837,2.25,33.333,74.419,2.75,0,1.25,8.6,2.75,3.909,241.5,22.465,46.788,288.288,268.22,86.598,35.763,-6.623,-2.408,31.21,-13.563,43.349,-2.172,5.25,5.75,11,47.727,1,2.25,1.25,0.5,1.75,5.25,2.25,0,1,1.5,33.677,0,2,4,5,0,0,0,,0,0,0,,4.5,1,1.75,0,2.75,2,0,2,0.5,0.551,0.25,50,0,0,0,0,0,0.75,0.5,0,,2.25,11.111,6,1.5,1,3.5,0.5,0.5,13,42.857,4.5,26.087,0.25,14,3.051,-0.194,13,2.945,0.055,1,4.43,-3.43,0,0,,0.5,1,6.75,1,0.75
Vigo Visentini,Essendon,20,20.32,Ruck,2,5.75,56,49.5,0,0,0,68,4,8.5,12.5,60,25,76.471,68,1.5,66.667,32,1.5,1,4,3.125,1,12.5,116,9.28,33.745,149.745,127.83,73.375,31.958,-12.19,-1.434,20.917,12.417,51.595,-1.595,6,7,13,46.154,4,4,0,0,4,2,1.5,0,1,5,-16.054,3,6,4,0,20.5,73.214,0.5,2.439,2,2.5,3,100,2,0,0,2,0,2,2,0,53,63.473,12.5,23.585,3.5,28,0,52,52,1.5,0,1,0,1,0,0,0,0,0,0,0,0,,2.5,12.821,2,0,,,0,,,0,,,0,0,,0,4,15.5,7.5,3.5
Lachlan Blakiston,Essendon,27,27.3,Key Defender,10,8.37,56.2,40.5,0,0,0,93.3,5.2,5.3,10.5,76.19,76.923,75.472,68.571,0.7,71.429,49.524,1,1.8,2.4,4.375,1.4,7.5,183.9,17.514,112.822,296.722,150.191,83.122,28.883,13.845,2.612,17.518,4.482,54.239,1.761,5.7,5.5,11.2,50.893,5.3,3.6,0.1,0.7,2.9,4.8,3.1,0,0.8,2.7,-31.461,4.9,4,2.2,0.1,2.6,9.811,0.1,3.846,0.3,0.4,0.6,83.333,2.6,0.3,0,1.1,0,1.3,1.1,0.2,6.2,7.07,2.3,37.097,0.6,26.087,0.1,43.478,34.783,1.4,0,1.8,33.333,0.1,0,1,0.1,0,0.2,0,0.4,1,50,1.7,9.551,1.2,2,4.705,-1.705,2,4.705,-1.705,0,,,0,0,,0.1,3.7,7.2,6.1,3.1
Zak Johnson,Essendon,19,19.01,Gen. Defender,6,4.867,39.833,39.5,0,0,0,53.167,5.667,4.333,10,81.667,73.529,92.308,81.667,0.833,40,56.667,0.833,1.333,0.833,12,1.5,6.667,168.667,16.867,121.862,290.528,148.993,111.46,26.293,9.652,2.227,17.145,20.355,61.326,7.424,2.333,7,9.333,25,2.667,1.833,0,0.333,1.5,2.167,1.833,0.167,0.5,3.833,-35.121,4.167,4,1.167,0,0,0,0,,0.167,0.167,0.167,100,3,0,0,0.333,0,0.167,0,0.167,0,0,0,,0,,0,,,1.167,0,0.167,0,0,,0,0,0,0,0.167,0.333,1.167,,1.667,9.434,0,0,,,0,,,0,,,0.667,7.547,100,0.667,1.333,4.833,4,1.167
Isaac Kako,Essendon,19,19.81,Gen. Forward,10,9.93,66.2,54.1,0,0,0,83.9,6.4,5.8,12.2,73.77,59.375,89.655,76.23,1.7,64.706,52.459,2.3,0.2,1,12.2,1.3,9.385,151.7,12.434,138.947,290.647,153.902,80.905,24.047,-7.302,-1.259,29.807,-0.539,54.199,9.216,6.1,5.9,12,50.833,1.2,4.7,1.4,0.8,3.9,4,3.2,0.6,1.6,3.5,18.328,0.1,3.9,4.6,3.4,7.6,28.679,0.8,10.526,0.9,1.7,2.3,69.565,1.9,0.3,0.6,0.2,0.5,0.5,0.5,0,0,0,0,,0,,0,,,3.3,1.8,0,,0.3,0,8,0.8,0.6,1.8,0.4,1.1,8.5,44.444,4.7,26.404,1.1,18,3.395,-0.395,6,3.525,-0.192,12,3.33,-0.496,0,0,,0.9,0.5,18,4.9,0.4
Archer May,Essendon,21,21.34,Key Forward,6,8.333,58.667,52.833,0,0,0,78.167,6.333,2.833,9.167,61.818,55.263,76.471,59.259,1.833,36.364,69.091,1.833,0.5,2.167,4.231,2.167,4.231,198.833,21.691,65.357,264.19,216.712,96.06,35.142,0.677,0.239,25.744,-7.226,47.973,-10.936,5,4.667,9.667,51.724,1.333,2,0.833,0.667,1.333,4.667,1.833,0,0.667,1.333,15.329,0.5,3.5,2.667,3,0,0,0,,0.167,0.167,0.5,33.333,3.333,0.667,1.167,0.167,1,1.833,0.833,1,4.167,4.682,0.833,20,0,0,0.167,40,40,2.667,1.333,0.5,33.333,1.833,27.273,7,1.167,0.333,1.667,0.333,0.333,9.333,70,3,16.514,0.167,10,3.604,0.796,9,3.655,0.568,1,3.145,2.855,0,0,,0,2.167,14.5,4,1.5
Jayden Laverde,Greater Western Sydney,29,29.72,Key Defender,9,5.644,65.889,64.556,0,0,0,89.556,9.444,5.778,15.222,78.832,76.471,82.692,72.993,0.889,25,62.044,0.889,4,2.667,5.708,2.222,6.85,239.444,15.73,181.076,420.52,224.568,137.93,23.778,5.004,0.883,16.282,-6.758,65.264,-5.74,3.222,11.889,15.111,21.324,4.667,2.222,0,0.444,1.778,3.111,2.111,0,0.667,4.444,-46.604,9.444,4.333,1.333,0,0,0,0,,0.111,0.111,0,,6.889,0.222,0,1.444,0,0.556,1.222,-0.667,0,0,0,,0,,0,,,1.778,0,2.222,30,0,,0,0,0,0,0,0,0,,1.333,7.407,0.556,0,,,0,,,0,,,0.333,3.03,33.333,0.111,4.667,6.778,6.222,4.333
Peter Wright,Essendon,29,29.31,Key Forward,10,8.09,70.9,62.9,0,0,0,85,6.1,4,10.1,67.327,65.574,70,58.416,1,40,60.396,1.1,0.2,1.8,5.611,2.6,3.885,161.2,15.96,77.433,238.633,202.311,60.342,33.166,-7.402,-1.85,23.897,-3.897,51.539,8.461,5.7,4.9,10.6,53.774,1.6,2.2,0.7,0.3,1.9,4.6,1.7,0,0.3,1.8,13.776,0.6,3.9,2.5,3.6,4.4,16.604,0.3,6.818,0.4,0.7,1.1,54.545,3.9,1.5,2,0.6,0.9,1.6,0.6,1,24.8,28.278,10.1,40.726,2.6,25.743,0.2,44.554,30.693,2,0.5,0,,3,40,10,1,1,2.4,0.2,0.5,8.5,41.667,3.7,20.787,0.5,24,2.955,-0.038,23,2.938,-0.155,1,3.343,2.657,0,0,,0,3,9.1,2.8,2.5
Jade Gresham,Essendon,28,28.35,Gen. Forward,8,6.1,49.625,51,0,0,0,71.375,6.875,6.125,13,65.385,47.273,85.714,70.874,2.25,55.556,52.885,2.375,0.625,2.125,6.118,2.5,5.2,147.375,11.337,141.895,289.27,154.771,66.169,22.929,-14.058,-2.295,28.254,3.565,56.781,-6.781,5,7.625,12.625,39.604,1.25,3.125,0.25,0.875,2.25,1.375,1.125,1,0.25,5.375,-2.528,1.5,5.25,4.625,1.25,3.75,13.699,0.75,20,2.25,3,2.875,73.913,1.875,0,0.25,0.25,0.25,0.875,1,-0.125,0,0,0,,0,,0,,,3.25,0.5,0,,0,,2,0.25,0.125,0.625,0.25,0.375,3.25,40,3,16.783,0.625,5,3.385,-0.785,3,3.377,-3.043,2,3.398,2.602,0,0,,0.375,0.625,14.875,6.75,0.125
Zach Merrett,Essendon,30,30.24,Midfielder,9,15.211,107.556,103.444,11,1.222,3,86.444,15,12.222,27.222,74.694,60.741,91.818,73.361,5.111,47.826,55.102,5.333,2.444,2.889,9.423,4,6.806,443.556,16.294,307.828,751.383,391.666,214.5,26.504,7.237,0.592,26.328,1.877,51.811,5.454,9.333,17.111,26.444,35.294,2.889,6.111,0.889,1.333,4.778,4.111,2.778,1.111,0.778,13,-6.052,4.111,10.556,10.111,1.667,17.333,65,1.667,9.615,2.667,4.333,4.556,85.366,3.222,0.222,0.111,0.222,0.333,2,0,2,0,0,0,,0,,0,,,5.333,0.667,0.222,50,0.111,100,1,0.111,0.333,0.667,0.667,1.556,5.889,16.667,5.889,33.544,1.667,6,2.6,-1.1,2,3.738,-0.238,4,2.031,-1.531,0.333,3,100,0.333,0.889,20.111,10.444,0.222
Darcy Parish,Essendon,28,28.43,Midfielder,1,11.9,115,96,0,0,0,79,11,20,31,70.968,36.364,90,70.968,2,100,35.484,2,3,1,31,3,10.333,353,11.387,247.55,600.55,346.41,128.74,31.492,7.53,0.376,24.371,8.962,45.414,-23.192,15,17,32,46.875,3,11,1,4,7,4,4,3,1,13,-10.536,7,15,7,3,20,68.966,2,10,4,6,9,44.444,4,0,0,0,1,1,1,0,0,0,0,,0,,0,,,3,0,0,,0,,0,0,1,2,1,1,7,0,6,33.333,1,2,2.749,-2.249,0,,,2,2.749,-2.249,0,0,,1,0,21,14,0
Matt Guelfi,Essendon,28,28.38,Gen. Forward,8,3.85,40.875,37.625,0,0,0,74.625,4.75,4,8.75,58.571,42.105,78.125,64.286,1.375,45.455,54.286,1.375,0.125,2.75,3.182,2,4.375,104.75,11.971,67.071,171.821,111.779,39.272,23.532,-4.709,-1.177,30.1,-17.057,52.295,-13.164,3.75,4.75,8.5,44.118,1,2.75,1.375,0.75,2,3.125,2.5,0.25,1.25,2.75,23.635,0.25,1.875,3.125,3.25,0,0,0,,0.25,0.25,0.25,50,1.75,0.125,0.875,0,0.125,0.625,1.25,-0.625,0,0,0,,0,,0,,,2.25,1.125,0,,1.5,41.667,5,0.625,0.5,1.5,0.25,0.5,6,41.667,3,16.901,0.25,12,3.152,-0.319,6,3.054,-0.72,6,3.25,0.083,0,0,,0,1.625,12.25,4,0.875
Andrew McGrath,Essendon,27,27.58,Gen. Defender,10,10.79,93.4,76.7,10,1,2,83.4,9,14.3,23.3,78.541,70,83.916,78.355,2.5,60,38.627,2.8,1.1,1.9,12.263,3.1,7.516,252.2,10.824,276.724,528.924,226.67,137.611,25.469,7.985,0.562,21.718,0.901,55.482,4.042,9,14.4,23.4,38.462,3.6,7.4,0.1,1.2,6.2,4.2,3.7,1,1.8,11.5,-20.051,6,10.9,6,0.5,12.7,47.925,0.6,4.724,2.2,2.8,3.7,64.865,2.4,0,0,0.2,0.2,0.4,0.3,0.1,0,0,0,,0,,0,,,3.4,0.1,0.2,0,0,,1,0.1,0.2,0.3,0.5,0.8,4.1,33.333,3.6,20.225,0.9,3,3.205,-0.538,0,,,3,3.205,-0.538,0.5,4.505,100,0.9,1.2,18,11.7,0.6
Will Setterfield,Essendon,27,27.9,Midfielder,3,4.8,67,77.333,0,0,0,73.333,9,10,19,66.667,55.556,76.667,71.93,2,66.667,47.368,2.667,1.667,4.667,4.071,2.333,8.143,205.333,10.807,206.037,411.37,219.81,108.327,25.363,-10.28,-1.028,21.604,-8.56,52.361,4.16,5.667,14,19.667,28.814,1.333,3.667,0.667,2.333,1.333,2.333,2,0.667,0.333,11,-7.595,3.333,8.333,6.667,1.333,18.667,74.667,1,5.357,1.333,2.333,3.333,70,2.667,0,0,0,0.333,0.667,1.667,-1,0,0,0,,0,,0,,,6.667,1.333,0,,0,,0,0,0,0.333,0,0.333,0.333,0,2,11.111,0.667,1,0.825,-0.825,0,,,1,0.825,-0.825,0,0,,0,1,21.667,9.333,0.333
Jack Silvagni,St Kilda,28,28.03,Key Defender,2,4.9,72.5,40.5,0,0,0,77.5,8.5,3,11.5,86.957,82.353,100,86.957,0.5,100,73.913,0.5,2,3.5,3.286,3.5,3.286,122.5,10.652,200.23,322.73,140.765,79.09,16.561,-0.16,-0.053,18.393,16.901,77.058,5.295,5.5,6,11.5,47.826,6,3,0,0.5,2.5,5,3,0,0.5,2.5,-26.923,4,5,2.5,0,0,0,0,,0,0,0.5,0,2.5,0.5,0,0.5,0,2.5,3,-0.5,0,0,0,,0,,0,,,2,0,2.5,40,0.5,0,0,0,0,0,0,0,0,,2.5,11.628,2.5,0,,,0,,,0,,,1.5,15.789,100,0,7.5,6,4.5,7
Lachie Fogarty,Carlton,26,26.75,Gen. Forward,9,6.178,59.889,53.778,0,0,0,79.333,6,6.222,12.222,69.091,59.259,78.571,68.182,1.556,57.143,49.091,2,0.444,1.778,6.875,2.444,5,163.444,13.373,113.444,276.889,164.111,68.446,27.352,-0.014,-0.002,35.115,9.622,54.673,5.853,4.889,7.556,12.444,39.286,1.667,3.778,1,0.667,3.111,4.111,3.111,0,1.556,3.556,15.565,0.778,3.222,5.444,3,0.111,0.405,0.111,100,0.222,0.333,0.222,0,2.556,0.111,1,0,0.333,0.778,0.556,0.222,0,0,0,,0,,0,,,3.444,0.778,0,,0.444,25,3,0.333,0.778,1.111,0.444,1,6,30,3.889,19.337,0.667,10,4.552,-2.052,8,4.528,-2.278,2,4.646,-1.146,0,0,,0.111,0.889,15.444,4.556,0.333
Adam Cerra,Carlton,26,26.23,Midfielder,6,9.667,83.5,85,0,0,0,77.333,12.667,9.667,22.333,69.403,57.895,84.483,64.662,4.167,40,56.716,4.833,1.833,4.167,5.36,5.5,4.061,367.333,16.448,171.005,538.338,351.693,161.23,28.135,5.87,0.607,23.817,-6.426,49.358,-5.879,9.333,13.333,22.667,41.176,2.5,6.833,0.333,1.333,5.5,3.667,3.333,1.333,2,9.5,-13.977,4.833,9.667,7.5,0.667,18.833,70.625,2.167,11.504,1.833,4,4.667,78.571,3.167,0,0.167,0,0,1.167,0.833,0.333,0,0,0,,0,,0,,,4.333,0,0,,0,,2,0.333,0.167,0.5,0,0.5,2.667,66.667,3.833,19.658,1,3,4.413,-0.08,2,5.395,0.605,1,2.449,-1.449,0,0,,0,1,20.833,13.667,0.333
Tom De Koning,St Kilda,26,26.46,Ruck,10,7.23,75.9,68.6,0,0,0,78.9,7.8,6.5,14.3,72.727,65.385,81.538,65.493,2.5,20,54.545,2.6,1,3,4.767,2.7,5.296,203.5,14.231,136.59,340.09,217.882,74.5,28.296,1.91,0.294,26.41,-12.347,54.38,-4.38,6.3,7.4,13.7,45.985,1.4,2.5,0.2,0.6,1.9,2.1,0.7,0,0.3,4,0.829,1.6,4.9,5.2,2,14.4,52.941,1.4,9.722,1.6,3,4.2,66.667,3.5,0.8,0.7,0.6,0.7,1.2,1.7,-0.5,45.7,48.207,16.4,35.886,4.3,26.22,1.8,45.122,35.366,1.9,0.2,0.2,100,1.8,38.889,2,0.2,0.4,0.7,0.1,0.3,2.4,28.571,3.1,15.049,1.3,7,3.886,-1.601,6,4.187,-1.52,1,2.084,-2.084,0,0,,0.1,2.3,6.7,2.8,2.1
Corey Durdin,Port Adelaide,23,23.71,Gen. Forward,8,3.663,34.125,32.875,0,0,0,52.375,4.875,3,7.875,65.079,53.846,83.333,66.667,1.375,54.545,61.905,1.875,0.25,2,3.938,2,3.938,136,17.27,60.259,196.259,135.786,68.565,27.854,3.868,1.289,30.816,-6.678,48.626,6.547,2.75,4.875,7.625,36.066,1,2.25,1,0.625,1.625,2.5,2,0,0.75,2.125,16.663,0.375,1.625,3.625,2,0,0,0,,0.125,0.125,0.125,100,2.25,0.125,0.5,0,0.875,0.25,0.75,-0.5,0,0,0,,0,,0,,,1.25,0.125,0,,0.5,0,3,0.375,0.25,0.875,0.375,0.75,5.125,42.857,2.125,10.18,0,7,3.415,-0.558,3,4.034,1.966,4,2.95,-2.45,0,0,,0,0.875,8.25,2.125,0.375
Alex Cincotta,Carlton,29,29.03,Gen. Forward,3,2.933,36.667,36,0,0,0,85.667,3.333,4,7.333,63.636,50,75,63.636,0.667,50,45.455,0.667,1,1.667,4.4,1.667,4.4,86,11.727,46.193,132.193,68.8,35.767,20.64,0.37,0.092,33.636,-11.413,60.017,-15.572,2.667,4.333,7,38.095,2,2.667,0.333,1,1.667,1.667,1.667,0,1,2.667,-7.536,2,1.333,2.667,1,0,0,0,,0.333,0.333,0.667,100,1.333,0,0.333,0.333,0,0,0.667,-0.667,0,0,0,,0,,0,,,4,1.333,0,,0,,0,0,0,0,0.667,0.667,4,,1.667,7.813,1,0,,,0,,,0,,,0,0,,0,1.667,16,6.667,1.333
Jesse Motlop,Carlton,22,22.1,Gen. Forward,10,8.17,49,49,1,0.1,1,72.6,6.8,4.6,11.4,68.421,51.471,93.478,67.544,1.1,27.273,59.649,1.7,0.6,2.9,3.931,2.3,4.957,167.8,14.719,119.801,287.601,160.201,79.976,23.559,-0.114,-0.025,33.093,-5.82,57.858,1.233,4.8,6.9,11.7,41.026,1,3.6,1.4,0.5,3.1,2.8,2.4,0.3,1.3,4.5,15.662,1.3,2.9,3.9,3.6,4.5,16.544,0.7,15.556,1.2,1.9,1.7,94.118,2.2,0.1,0.5,0.1,0.1,0.8,1.7,-0.9,0,0,0,,0,,0,,,2.9,1.1,0,,0.3,33.333,8,0.8,0.7,1.9,0.2,0.7,7.2,42.105,3.6,17.476,1,19,3.192,-0.297,5,3.911,0.089,14,2.935,-0.435,0,0,,0.4,1,15.9,5.2,0.7
Oliver Hollands,Carlton,21,21.95,Gen. Defender,10,8.05,76.8,75.9,0,0,0,87.1,11.2,9.4,20.6,79.126,69.643,90.426,71.845,2.4,33.333,54.369,2.9,3.9,2.4,8.583,4.1,5.024,382.2,18.553,283.452,665.652,318.241,184.783,28.414,21.869,2.326,20.094,-1.576,56.971,-4.194,4.5,14.6,19.1,23.56,2.5,3.7,0,0.1,3.6,3,2.8,0.1,0.9,9.3,-14.483,4.8,6.9,6.7,0.7,0.1,0.368,0,0,1.3,1.3,1,80,4.2,0,0.2,0.1,0.1,1,0.9,0.1,0,0,0,,0,,0,,,3,0.1,0.3,66.667,0.1,0,1,0.1,0,0.2,0.4,0.5,3.1,50,3.5,16.99,0.5,2,2.091,0.909,2,2.091,0.909,0,,,1.9,19.388,100,0.1,1.4,21.6,12.3,0.8
Jaxon Binns,Carlton,21,21.17,Midfielder,1,2.7,58,73,0,0,0,80,14,3,17,58.824,64.286,33.333,41.176,3,33.333,82.353,3,3,3,5.667,7,2.429,336,19.765,73.21,409.21,305.67,208.35,21.834,-17.45,-5.817,23.866,14.595,55.912,-2.066,2,15,17,11.765,1,1,1,0,1,1,1,1,1,7,-10.751,5,5,5,2,0,0,0,,1,1,1,100,7,0,1,0,0,0,0,0,0,0,0,,0,,0,,,1,0,0,,0,,0,0,0,1,0,0,0,0,4,17.391,0,1,3.303,-3.303,1,3.303,-3.303,0,,,0,0,,0,2,8,4,1
Matthew Carroll,Carlton,20,20.09,Gen. Defender,9,6.967,57,48.778,4,0.444,1,80.667,9,3.222,12.222,77.273,75.309,82.759,76.364,1.556,57.143,73.636,1.778,2.333,1.889,6.471,1.667,7.333,270.111,22.1,171.158,441.269,243.942,173.366,27.105,12.08,3.749,19.257,4.428,59.466,8.955,3.222,9,12.222,26.364,4.667,2.667,0,0.111,2.556,3,2.444,0,1.111,4.111,-26.282,4.111,5.444,2.556,0.111,0,0,0.111,,0.111,0.222,0.111,100,3.778,0.222,0.111,1.778,0.111,0.333,0.667,-0.333,0,0,0,,0,,0,,,1.222,0,0.667,0,0,,1,0.111,0.111,0.333,0.333,0.333,2.778,33.333,2.778,13.441,1.111,3,2.579,-0.246,1,2.053,-2.053,2,2.842,0.658,0.444,4.762,100,0.222,2.222,7.667,5.889,2
Cooper Lord,Carlton,20,20.78,Midfielder,9,9.444,64.889,60,2,0.222,1,64.111,7.667,7,14.667,62.121,50.725,74.603,60.305,3,33.333,52.273,3.222,0.778,2.111,6.947,3.444,4.258,258.444,17.621,119.909,378.353,231.394,105.134,30.182,12.721,1.847,28.749,-9.346,45.565,-5.266,6.556,8.667,15.222,43.066,1.778,4.556,0.667,1.111,3.444,2,1.889,0.778,1.333,6.333,-1.265,2.778,4.222,6.222,2,8.667,31.579,1,11.538,2.111,3.111,3.444,74.194,2.111,0.111,0.111,0.222,0.222,1,0.556,0.444,0,0,0,,0,,0,,,4.333,0.667,0.111,0,0,,0,0,0,0,0.333,0.556,2.222,,3,14.917,0.667,0,,,0,,,0,,,0,0,,0,0.556,15.111,5.889,0.111
George Hewett,Carlton,30,30,Midfielder,10,12.59,108,94.9,19,1.9,3,80.8,10.8,16.9,27.7,71.841,58.333,80.473,72.101,3.5,42.857,38.989,3.7,0.9,3.1,8.935,3.5,7.914,258.1,9.318,336.002,594.102,247.774,138.917,22.942,8.909,0.53,29.129,-5.417,52.395,4.306,13.5,14.3,27.8,48.561,2.3,8.3,0.6,2.3,6,4.1,3.4,3.7,1.6,11.1,-0.265,2.5,12,10.9,2.4,21.8,80.147,2.9,13.303,3.9,6.8,8,68.75,2.7,0.1,0.3,0.2,0.4,1.5,1.2,0.3,0,0,0,,0,,0,,,5.3,0.7,0,,0.1,0,2,0.2,0.3,0.5,0.5,1.2,5.2,40,5.1,24.757,1.4,5,3.042,-0.042,2,2.955,0.545,3,3.099,-0.433,0,0,,0,0.8,18.9,8.3,0.1
Zac Williams,Carlton,31,31.27,Gen. Forward,10,12.68,82.1,67.5,3,0.3,1,79.2,10.9,6.7,17.6,67.045,55.046,86.567,67.045,2.9,68.966,61.932,3.1,1.1,3.1,5.677,3.4,5.176,339.7,19.301,164.79,504.49,306.967,180.927,28.423,13.288,1.983,26.57,-1.57,46.712,3.288,8.5,8.8,17.3,49.133,2,6.8,1.7,1.7,5.1,3.8,3.4,1.1,1.4,5.4,7.971,1.8,5.7,5.9,3.9,8.9,32.721,1.4,15.73,2.6,4,4.5,80,2.7,0.1,0.8,0.1,0.6,0.2,0.8,-0.6,0,0,0,,0,,0,,,2.3,0.4,0,,0.2,0,10,1,0.3,1.7,0.9,1.7,12.5,58.824,5.1,24.757,1.2,17,3.119,0.587,9,3.453,0.769,8,2.742,0.383,0.1,1.02,100,0.1,1.1,12.7,5.2,0
Nick Haynes,Carlton,33,33.62,Gen. Defender,10,8.5,78.1,73.9,1,0.1,1,87.7,11.8,5.9,17.7,77.401,69.492,93.22,76.271,1.7,52.941,66.667,1.7,2.7,2.4,7.375,3.3,5.364,308.3,17.418,189.295,497.595,263.585,161.158,22.338,12.302,2.085,20.524,-2.263,58.658,3.951,4.8,12.6,17.4,27.586,5.6,3.3,0.3,0.8,2.5,4.1,2.7,0,0.8,5.9,-24.95,6.4,6,4.4,0.6,0,0,0,,0.7,0.7,0.3,100,6.5,0.3,0,2.1,0.1,1.1,0.4,0.7,0,0,0,,0,,0,,,1.8,0.3,0.8,12.5,0,,0,0,0.1,0.2,0.1,0.3,0.9,0,2.8,13.592,1,2,1.663,-1.163,0,,,2,1.663,-1.163,0.1,1.02,100,0.1,3.4,7.7,5.5,2.9
Adam Saad,Carlton,31,31.44,Gen. Defender,8,8.7,73,57.75,0,0,0,76.75,10.25,4.75,15,82.5,78.049,92.105,75.833,0.75,50,68.333,0.75,3.125,1.625,9.231,2.5,6,248.75,16.583,131.156,379.906,225.544,145.43,22.004,5.291,1.114,17.632,-1.632,63.94,1.393,4.25,7.5,11.75,36.17,4.75,3.25,0.125,0.75,2.5,3.25,2.5,0,0.625,4,-30.52,4.875,4.625,2.125,0.125,0,0,0.625,,0.5,1.125,0.5,100,2.25,0.25,0,0.625,0,0.875,0.375,0.5,0,0,0,,0,,0,,,2.75,0,0.125,0,0,,0,0,0,0,0,0,0,,2.5,12.048,1.375,0,,,0,,,0,,,4.875,53.425,53.846,1.75,1.625,11,8.375,1.375
Sam Docherty,Carlton,32,32.2,Midfielder,6,9.133,87.833,88.167,1,0.167,1,86.667,12.333,8.5,20.833,72.8,66.216,82.353,68,2.667,37.5,59.2,2.667,3.167,1.667,12.5,4,5.208,331.667,15.92,249.63,581.297,322.172,158.885,26.122,5.158,0.607,23.305,-2.093,60.129,-5.584,5,14.833,19.833,25.21,3.667,4.167,0.333,0.667,3.5,3.5,2.833,0.167,1.167,8.167,-12.956,5.333,6.5,6.333,1.667,0,0,0.333,,1,1.333,0.833,100,6.667,0,0.333,0.833,0.667,0.667,0.167,0.5,0,0,0,,0,,0,,,2.667,0.5,0.333,0,0,,3,0.5,0.333,1,0.5,0.833,6.667,50,4.333,22.222,0.667,6,3.083,0.25,4,3.12,0.13,2,3.008,0.492,1.5,14.754,100,0,1.667,13.333,8,1.5
Blake Acres,Carlton,30,30.23,Midfielder,8,6.812,74.375,76.75,1,0.125,1,83.75,11.5,8,19.5,66.667,55.435,82.812,64.103,2.25,33.333,58.974,2.75,0.875,3.375,5.778,3.5,5.571,315,16.154,193.94,508.94,276.61,128.02,24.317,16.41,2.051,27.219,-4.997,53.419,-1.567,6.25,13.625,19.875,31.447,2.875,5.25,0.875,1.125,4.125,4.875,3.875,0,2.125,8,0.798,3,6.5,6.75,3.625,0,0,0,,0.75,0.75,1.125,55.556,5,0.625,0.75,0.125,0.25,0.25,0.75,-0.5,0,0,0,,0,,0,,,2.75,0.75,0,,0.125,100,2,0.25,0.75,1.125,0.375,0.625,4.75,22.222,3.625,17.365,0.625,9,3.018,-1.018,5,3.876,-2.076,4,1.946,0.304,0,0,,0.25,1.125,15.5,7.25,0.5
Orazio Fantasia,Carlton,30,30.29,Gen. Forward,4,8.825,58.5,53.75,0,0,0,68,7,5.25,12.25,65.306,60.714,71.429,61.224,2.25,22.222,57.143,2.75,0.75,2,6.125,3.25,3.769,269.75,22.02,114.098,383.847,222.84,122.378,31.834,13.855,2.639,31.911,-5.595,49.428,-7.323,4.5,8.25,12.75,35.294,2.25,4,2.25,1,3,4,4,0.5,2.25,4.75,21.981,0.75,2,5.75,4.25,0,0,0,,0.5,0.5,0.5,100,2.75,0,1,0,0.5,0,0.5,-0.5,0,0,0,,0,,0,,,1.5,0.5,0,,0.25,0,6,1.5,0.5,2,0.5,0.5,12.5,75,4.75,22.892,0.25,8,3.367,1.383,3,3.74,0.593,5,3.143,1.857,0,0,,0.25,0.25,11.25,4.5,0.25
Mitch McGovern,Carlton,31,31.22,Gen. Defender,4,9.825,58.25,57.5,0,0,0,81.75,10.5,2.25,12.75,68.627,66.667,77.778,68.627,0.75,66.667,82.353,1,2.25,3.5,3.643,3.5,3.643,262.25,20.569,69.323,331.572,260.965,134.435,24.854,6.927,3.079,24.912,-2.331,60.815,-2.75,5.25,6,11.25,46.667,2,3,1.25,0.75,2.25,4.5,2.5,0,0,3.75,7.572,2.5,3,2,3.75,0,0,0.25,,0.25,0.5,0.25,0,3,1,1,0.25,0.75,1.25,1,0.25,0,0,0,,0,,0,,,1.25,0.25,0.5,50,1.5,50,6,1.5,0.25,2.5,0.5,1,12.75,60,4,19.277,1,10,3.458,0.242,4,3.953,0.797,6,3.128,-0.128,2.25,20.455,77.778,0,2,8.75,3.75,1.75
Marc Pittonet,Carlton,29,29.57,Ruck,6,13.083,83,67.5,0,0,0,65.167,3.833,8.167,12,69.444,34.783,85.714,70.833,1,33.333,31.944,1.5,0.833,2.5,4.8,1.667,7.2,86.5,7.208,141.89,228.39,83.308,49.103,21.733,4.425,0.542,25.982,-8.335,50.015,-20.603,7.5,4.667,12.167,61.644,2.167,3.333,0,1,2.333,3.167,2,0,0.5,3,-3.696,1.667,5.5,4.333,0.667,17.167,64.375,1,5.825,1.333,2.333,4.5,70.37,1.5,0.833,0.333,0.5,0,1.333,1.167,0.167,55.5,55.872,24,43.243,8.833,36.806,2,47.917,47.222,2.833,0.167,0.667,0,0.667,75,2,0.333,0,0.333,0.167,0.333,3.167,100,2.5,13.158,1.5,2,3.584,2.416,2,3.584,2.416,0,,,0,0,,0,1.333,6.167,2.667,1
Patrick Cripps,Carlton,30,30.78,Midfielder,10,12.28,98.7,89.4,16,1.6,3,82.6,9.8,15.4,25.2,67.063,50,77.922,67.857,2.6,46.154,38.889,3.7,1,4.2,6,3.9,6.462,295.7,11.734,235.764,531.464,259.282,140.059,26.73,18.924,1.229,28.767,-2.68,46.035,0.342,12.3,12.4,24.7,49.798,1.9,7.2,1,3.1,4.1,3.9,3.2,2.5,1.6,9.1,4.292,1.9,9.8,9.6,3.4,22.2,81.618,2.6,11.712,3.9,6.5,7.8,76.923,2.1,0.3,0.4,0.2,0,2.1,1.7,0.4,2.8,2.954,0.2,7.143,0,0,0.3,50,50,5.7,0.8,0,,0.2,100,4,0.4,0.5,1.3,0.4,0.8,5.7,30.769,5.3,25.728,1.5,13,3.185,-0.955,7,3.804,-0.233,6,2.463,-1.796,0,0,,0,1.2,20.5,10,0.4
Jacob Weitering,Carlton,28,28.1,Key Defender,10,10.49,72.8,54.6,15,1.5,2,96.4,9.1,3.2,12.3,82.114,79.121,90.625,77.049,0.6,66.667,73.984,0.7,3.5,1.8,6.833,1.8,6.833,189.8,15.431,147.453,337.253,192.316,106.192,21.609,2.094,0.675,15.755,-0.983,64.35,0.423,5.5,7.3,12.8,42.969,7.3,2.8,0,0.9,1.9,5.3,2.7,0,0.9,2.3,-42.153,6.5,4.5,1.8,0,0,0,0,,0.2,0.2,0,,6,1.3,0,3.1,0.1,1.3,0.8,0.5,0,0,0,,0,,0,,,1,0,2.2,13.636,0,,0,0,0,0,0.1,0.1,0.6,,1.8,8.738,1.2,0,,,0,,,0,,,0.1,1.02,0,0.1,6.5,4.8,4.1,5.2
Charlie Curnow,Sydney,28,28.9,Key Forward,6,6.833,70.333,65,1,0.167,1,89.5,10.5,2.5,13,64.103,58.73,86.667,65.385,2.667,75,80.769,3.167,0.333,3,4.333,3.333,3.9,284.333,21.872,155.332,439.665,304.953,137.845,29.512,1.942,0.777,31.335,14.119,58.914,6.995,5.333,7.667,13,41.026,0.667,2.667,1,0.5,2.167,5.167,2.5,0,1.333,2.167,24.144,0.333,3.167,5.167,4.333,0,0,0,,0.333,0.333,0.333,100,6,1.5,1.667,0,1.833,1.333,1.167,0.167,0,0,0,,0,,0,,,1.5,0.667,0,,2.667,18.75,5,0.833,1.667,3,0.833,1.167,12,27.778,5.667,29.06,0.833,18,3.311,-1.089,14,3.409,-1.48,4,2.971,0.279,0,0,,0,1.5,6.667,1.667,1
Nick Larkey,North Melbourne,27,27.56,Key Forward,4,14.05,93.75,71.5,1,0.25,1,88.25,6.75,2.5,9.25,83.784,85.185,80,78.378,1,50,72.973,1.5,0.25,0.75,12.333,1,9.25,152.75,16.514,74.617,227.368,157.49,90.37,23.332,11.51,4.604,38.073,-4.74,68.421,9.357,5.5,4,9.5,57.895,0.5,2,1,0.5,1.5,5.5,2,0,0.5,0.25,48.286,0.25,0.75,3.25,5.25,0,0,0,,0,0,0,,6,2.5,3.25,0,2,1,0.25,0.75,0.25,0.256,0,0,0,,0,,,1.5,0.5,0,,3,50,14,3.5,1,4.5,0.75,0.75,26.5,77.778,5.75,29.487,0,18,4.554,0.335,16,4.429,0.321,2,5.548,0.452,0,0,,0,2.75,8,1.5,2.75
Toby Pink,North Melbourne,27,27.38,Key Defender,10,6.45,54.8,45.3,3,0.3,1,93.9,6.8,3.6,10.4,87.5,86.765,88.889,75.962,0.4,25,65.385,0.4,3.6,1.5,6.933,1.7,6.118,148.6,14.288,123.108,271.708,145.543,58.93,21.403,5.344,1.527,15.851,4.149,71.54,-6.925,3.5,6.5,10,35,4.9,1.8,0,0.5,1.3,3.5,1.8,0,0.7,2,-42.991,6.1,2.8,1,0.1,0,0,0,,0,0,0,,5.1,0.9,0.1,1.8,0,0.8,0.8,0,0,0,0,,0,,0,,,1,0,2.9,27.586,0,,0,0,0,0,0,0,0,,1.3,6.132,0.9,0,,,0,,,0,,,0.1,0.813,100,0,5.5,8.1,6.6,4.8
Luke Davies-Uniacke,North Melbourne,26,26.56,Midfielder,9,15.622,100.889,90.222,17,1.889,3,78.667,12,12.778,24.778,73.991,66.667,80.87,72.197,5.222,55.319,48.43,5.556,1.444,4.333,5.718,3.667,6.758,414.333,16.722,251.268,665.601,370.291,245.34,30.858,6.14,0.481,28.446,5.238,52.383,2.354,11.778,13.556,25.333,46.491,2.667,8.667,0.889,2.222,6.444,3.333,2.778,1.556,0.889,9.111,-3.115,3.333,9.556,10.667,1.778,23.667,75,3.444,14.554,3.333,6.778,7,82.54,4.333,0.111,0.333,0.444,0.444,1.333,1.333,0,0,0,0,,0,,0,,,4,0.333,0.111,0,0.333,0,3,0.333,0.333,0.778,1.222,1.667,10.111,42.857,6.778,32.275,2.222,7,3.107,-0.107,3,3.571,0.762,4,2.758,-0.758,0,0,,1.444,0.889,18,8.667,0.222
Paul Curtis,North Melbourne,22,22.82,Gen. Forward,9,8.744,70.111,65.444,5,0.556,1,80.111,6.889,3.222,10.111,65.934,59.677,79.31,68.132,1.556,57.143,68.132,1.778,0.222,2.778,3.64,2.333,4.333,188.556,18.648,101.833,290.389,207.913,120.157,30.181,4.119,1.278,31.278,15.388,51.154,12.179,4.778,5.667,10.444,45.745,1.222,1.889,0.889,0.444,1.444,3.778,1.333,0.222,0.556,2.778,27.368,0.556,2.222,3.111,4.556,0.333,1.068,0.222,66.667,0.444,0.667,0.778,57.143,3.889,1.111,2.333,0.111,0.667,1.222,1.222,0,0,0,0,,0,,0,,,4.444,2.444,0,,1.667,33.333,16,1.778,0.667,3.111,0.667,1.222,15.889,57.143,5,23.316,0.667,28,3.534,0.109,24,3.597,-0.097,4,3.161,1.339,0,0,,0,1.222,14.556,3.667,0.444
Dylan Stephens,North Melbourne,24,24.97,Midfielder,10,6.77,58,57.6,0,0,0,86.9,8.2,7.8,16,75.625,63.415,88.462,73.125,1.6,37.5,51.25,1.8,1.4,1.9,8.421,2.4,6.667,235.9,14.744,143.819,379.719,220.648,134.757,26.908,10.227,1.311,22.942,-3.763,54.196,4.708,4.2,11.7,15.9,26.415,2.1,3.7,0.1,0.6,3.1,2.3,2.1,0.3,1.4,6.4,-12.731,3.4,6.6,4.7,1.2,0,0,0.4,,1.2,1.6,1.5,80,4.4,0,0.3,0.3,0.1,0.2,0.5,-0.3,0,0,0,,0,,0,,,0.7,0,0.1,100,0,,4,0.4,0.3,0.8,0.4,0.6,5.3,50,3.2,15.094,0.8,8,3.081,0.294,2,3.474,2.526,6,2.949,-0.449,0,0,,0.2,0.6,10.7,6.7,0.5
Tristan Xerri,North Melbourne,26,26.79,Ruck,7,15.057,120.857,104.714,14,2,2,84.143,5.429,10.571,16,69.643,63.158,72.973,72.072,1.429,40,33.929,1.857,1,2.571,6.222,1.571,10.182,107.857,6.741,125.681,233.539,138.944,37.757,27.017,-19.601,-1.854,23.148,2.658,51.749,-3.362,12.714,3.571,16.286,78.07,2.143,4.429,0.143,2,2.429,2.143,1,0,0.429,1.857,-8.081,3,6.429,5.714,1.143,28.857,84.519,2,6.931,3.571,5.571,10.143,60.563,1.714,0.429,0.143,0.714,0,2.571,1.714,0.857,85.714,83.799,31.857,37.167,8,25.112,5.429,44.395,43.049,8,0.571,0.143,100,0.143,0,1,0.143,0,0.429,0.286,0.429,2.714,33.333,4.714,20.497,4.286,3,2.697,-0.697,2,3.073,-0.073,1,1.946,-1.946,0,0,,0,2.286,15.286,9.714,1.857
Tom Powell,North Melbourne,23,23.83,Midfielder,10,7.71,79.9,84.1,10,1,1,78.5,9.5,12.6,22.1,69.231,55.789,79.365,67.873,2.7,48.148,42.986,3.1,1.7,3.2,6.906,2.9,7.621,278.5,12.602,234.032,512.532,256.727,119.469,27.311,9.189,0.729,26.614,0.445,52.202,-2.79,6.3,16.1,22.4,28.125,1.1,4.9,0.6,1.2,3.7,1.6,1.4,0.7,0.4,11.5,-11.435,4.4,9.6,7.3,1.1,14.1,44.479,0.9,6.383,2.6,3.5,4,80,4,0,0,0.2,0.4,0.5,0.8,-0.3,0,0,0,,0,,0,,,4.7,0.6,0.2,0,0,,2,0.2,0.3,0.5,0.9,1,7,40,5,23.585,0.9,5,3.52,-0.52,0,,,5,3.52,-0.52,0,0,,0.3,0.8,16.8,8.6,0.4
Charlie Comben,North Melbourne,24,24.44,Key Defender,8,5.025,49.125,46.25,0,0,0,92.75,6.875,4.875,11.75,78.723,74.545,84.615,70.213,0.375,66.667,58.511,0.75,2.125,2.75,4.273,2,5.875,186.125,15.84,106.269,292.394,164.18,67.706,23.881,10.305,2.169,15.209,0.791,67.764,-9.764,3.375,8.25,11.625,29.032,5.875,2.375,0.125,0.375,2,3.375,2.375,0,0.625,2.75,-37.686,5.875,3.625,1.75,0.375,0,0,0,,0,0,0,,5.5,0.5,0.125,2.875,0,0.625,1.625,-1,0,0,0,,0,,0,,,0.75,0.375,2,50,0.375,0,0,0,0.625,0.625,0,0.125,0.75,0,1.875,8.721,0.75,5,2.996,-1.996,4,2.881,-1.881,1,3.456,-2.456,0,0,,0.25,4.875,6.625,4.125,4.5
Robert Hansen Jr,North Melbourne,21,21.8,Mid-Forward,6,4.933,32.167,35,0,0,0,48.333,4.833,3.5,8.333,74,68.966,80.952,72,0.833,100,58,1,0.667,1.333,6.25,1.667,5,152.5,18.3,64.545,217.045,124.957,99.645,25.853,17.272,4.935,23.603,-1.864,52.233,17.332,2.667,5.667,8.333,32,1.667,2,0.333,0,2,2.167,1.667,0,0.667,2.833,-0.084,0.833,3.5,2.667,1.333,0,0,0,,0.5,0.5,0.167,100,2,0,0.167,0,0.167,0.833,0.167,0.667,0,0,0,,0,,0,,,1,0.167,0,,0,,3,0.5,0.167,0.667,0.333,0.5,5.333,75,2.333,12.174,0.333,4,3.893,0.857,3,4.02,0.313,1,3.512,2.488,0,0,,0.167,0.333,9.333,2.333,0
George Wardlaw,North Melbourne,21,21.55,Midfielder,6,11.133,74.5,66.5,0,0,0,58.833,9,6.167,15.167,71.429,57.407,91.892,71.429,2.667,37.5,59.341,3.833,1.167,2.5,6.067,2.667,5.688,215.667,14.22,135.233,350.9,195.898,106.882,21.766,3.197,0.518,28.06,-8.06,55.085,-1.085,7.667,7.667,15.333,50,3,6,1,2.167,3.833,4.5,4,0.5,1.5,5,1.085,1.833,6,5.667,1.833,19.5,60.938,1.833,9.402,1.167,3,2.833,88.235,2.167,0,0.167,0.167,0.167,1.333,0.833,0.5,0,0,0,,0,,0,,,5.167,0.333,0,,0,,1,0.167,0.167,0.333,1,1,7.167,50,4.167,18.248,1.5,2,3.101,0.399,1,3.576,2.424,1,2.626,-1.626,0,0,,0,0.667,17.5,7.833,0
Harry Sheezel,North Melbourne,21,21.21,Mid-Forward,10,10.73,110.9,112.4,22,2.2,4,86.1,14.7,15.8,30.5,73.115,59.184,86.076,75.41,2.7,44.444,48.197,3.6,2.7,3.7,8.243,4.4,6.932,365.1,11.97,343.926,709.026,355.174,191.952,24.327,-0.01,-0.001,24.661,3.564,57.646,1.225,8.5,21.5,30,28.333,2.8,6.4,1,1.5,4.9,4,3.4,1,1.4,14.2,-10.443,6.7,11.4,9.4,2.5,13.8,43.533,1.5,10.87,2.1,3.6,3.5,88.571,5.9,0,0.3,0.4,0.1,1.3,1.1,0.2,0,0,0,,0,,0,,,4.2,0.5,0.2,50,0,,6,0.6,0.6,1.4,0.3,0.9,6.6,42.857,6.6,31.132,1.4,14,2.839,0.161,5,3.093,-1.493,9,2.698,1.08,0.3,2.439,100,0.1,0.6,21.6,11.9,0.3
Jacob Konstanty,North Melbourne,21,21.14,Gen. Forward,10,3.2,45.4,47.4,0,0,0,72.1,5.6,4,9.6,53.125,39.286,72.5,60.417,1.3,38.462,58.333,1.9,0.2,2,4.8,1.6,6,123.3,12.844,104.943,228.243,120.935,36.19,21.988,2.407,0.602,34.236,-3.933,58.009,-0.434,3.4,5.7,9.1,37.363,1.3,2.3,0.6,0.7,1.6,2.6,1.6,0.1,0.9,2.8,21.632,0.6,1.8,4.2,2.5,0,0,0,,0.6,0.6,0.3,66.667,2,0,0.5,0,0.8,0.8,0.6,0.2,0,0,0,,0,,0,,,3.9,1.2,0,,0.4,0,2,0.2,0.8,1.6,0.9,1.2,7.7,12.5,3.3,15.566,0.6,16,3.071,-1.821,5,3.377,-1.377,11,2.932,-2.023,0,0,,0.3,0.8,12.5,3.7,0.4
Riley Hardeman,North Melbourne,20,20.84,Gen. Defender,8,5.4,54.75,47.375,0,0,0,70.5,8.375,4.75,13.125,80.952,76.119,89.474,69.524,1.5,41.667,63.81,1.5,2.625,1.625,8.077,2.75,4.773,304.5,23.2,86.752,391.252,257.201,146.795,30.711,13.037,2.819,16.764,1.418,51.187,-1.187,3,10.125,13.125,22.857,3.625,2.25,0.125,0.25,2,2.875,2.125,0,1.5,6.25,-37.15,6,5.125,1.875,0.125,0,0,0,,0.125,0.125,0,,3.625,0.125,0,0.875,0,0.75,0.625,0.125,0,0,0,,0,,0,,,0.75,0,0.5,25,0,,0,0,0,0,0.125,0.25,0.875,,1.75,9.211,0.5,0,,,0,,,0,,,0.125,0.952,100,0.25,2.25,6.25,4.5,2.125
Colby McKercher,North Melbourne,20,20.72,Gen. Defender,10,10.01,102.2,95.9,14,1.4,5,86.4,19.5,9.8,29.3,79.863,76.923,85.714,72.945,2.1,42.857,66.553,2.8,5,4.6,6.37,5.6,5.232,512.5,17.491,329.656,842.156,441.12,277.725,22.622,10.125,1.033,18.22,2.545,65.713,-0.139,3.5,21.5,25,14,2.3,3,0,0.5,2.5,2.5,2.2,0.1,0.8,17,-25.417,9.1,9.5,5.7,0.7,0,0,0.2,,0.6,0.8,0.8,75,4,0.2,0.3,0.3,0,0.3,1.5,-1.2,0,0,0,,0,,0,,,1.6,0,0.3,33.333,0,,6,0.6,0,0.7,0.2,0.7,5.3,85.714,5,23.585,1.1,7,3.065,2.078,3,3.195,0.805,4,2.968,3.032,5.6,45.528,87.5,2.6,1,9.5,6.5,0.8
Finn O'Sullivan,North Melbourne,19,19.58,Gen. Defender,10,7.47,66.5,61.3,0,0,0,84.5,8.3,7.8,16.1,83.23,75.904,91.026,77.64,1.1,36.364,51.553,1.4,2.3,1.6,10.062,2.2,7.318,182.5,11.335,181.346,363.846,169.502,85.287,20.422,4.441,0.569,21.009,0.786,65.924,3.307,4.5,12.4,16.9,26.627,3.4,3.5,0.1,0.5,3,3.3,2.4,0.1,1,6.3,-20.853,5.4,6.1,4.8,0.6,1.5,4.732,0.1,6.667,0.8,0.9,0.7,85.714,5.2,0.4,0.2,0.8,0.3,0.2,0.7,-0.5,0,0,0,,0,,0,,,1.7,0.1,0.2,50,0,,0,0,0.3,0.5,0,0.2,0.5,0,2.8,13.208,0.3,5,2.93,-2.33,1,4.2,-4.2,4,2.612,-1.862,0,0,,0.1,2.2,12.6,6.5,1.1
Luke Parker,North Melbourne,33,33.18,Midfielder,9,12.422,96.889,93.667,6,0.667,2,78.778,12.778,13,25.778,69.397,56.522,82.051,70.259,2.333,33.333,49.569,2.333,0.556,3.889,6.629,4.111,6.27,343.778,13.336,239.866,583.643,310.443,157.416,24.296,8.08,0.622,24.646,4.354,55.018,-3.018,11.556,13.556,25.111,46.018,1.889,8.111,0.667,2.111,6,2.667,2.111,1.778,0.444,8.444,-7.018,2.556,12.667,8.667,1.222,21.889,70.357,2,9.137,4.556,6.556,7.889,70.423,4.111,0.222,0,0.333,0.222,1.333,1.222,0.111,0.111,0.107,0,0,0,,0,,,4.444,0.333,0.111,0,0.111,0,2,0.222,0.222,0.444,0.444,0.556,4.333,50,5.556,26.042,1.556,4,2.948,0.552,2,2.252,1.248,2,3.643,-0.143,0,0,,0.111,1.222,13.556,7,0.556
Jack Darling,North Melbourne,33,33.55,Key Forward,9,10.289,63.444,50.111,0,0,0,85.333,6.222,2.556,8.778,74.684,73.214,78.261,72.152,1.111,50,70.886,1.556,0.333,1.778,4.938,1.778,4.938,155.111,17.671,75.743,230.854,159.001,99.799,26.018,8.999,3.521,28.526,9.709,61.172,12.358,5.222,3.667,8.889,58.75,0.556,2.111,0.778,0.778,1.333,4,1.778,0,0.667,1.778,25.048,0.111,1.889,4,2.889,2.556,8.214,0.222,8.696,0.778,1,1.222,63.636,3,1.444,1.222,0.222,0.778,0.889,1.111,-0.222,11.333,10.897,2.111,18.627,0.556,26.316,0.667,31.579,31.579,2.333,1.222,0.222,50,2.333,42.857,12,1.333,0.333,1.778,0.667,0.667,12.333,75,4.333,20.312,0.778,16,3.576,1.111,14,3.58,0.92,2,3.549,2.451,0,0,,0,1.667,7.889,1.889,1
Caleb Daniel,North Melbourne,29,29.48,Gen. Defender,10,8.63,91.8,81.5,1,0.1,1,84.6,15.2,9.8,25,81.6,77.632,87.755,77.419,1.4,64.286,60.8,1.4,5.1,2.1,11.905,3.6,6.944,383.3,15.332,275.61,658.91,355.784,228.984,23.719,9.207,0.939,16.583,-1.147,63.311,3.803,4.1,15.5,19.6,20.918,4,3.8,0,0.7,3.1,3.2,2.9,0,1.5,10.3,-28.767,7.6,8,3.9,0.1,0.1,0.315,0.2,100,0.6,0.8,0.4,75,3.6,0,0,0.2,0,0.3,0.8,-0.5,0,0,0,,0,,0,,,1.9,0,0.3,100,0,,0,0,0,0,0.1,0.3,0.8,,3.5,16.509,1,0,,,0,,,0,,,5.6,45.528,87.5,1.3,0.4,9.5,7.3,0.3
Luke McDonald,North Melbourne,30,30.89,Gen. Defender,2,5.8,69.5,65,0,0,0,83,9.5,4,13.5,92.593,89.474,100,70.37,0,,70.37,0,4,1.5,9,2.5,5.4,284,21.037,104.045,388.045,264.46,115.65,27.838,12.65,3.162,14.345,2.322,59.402,1.709,1.5,11.5,13,11.538,2.5,0.5,0,0.5,0,1.5,0.5,0,0,4,-41.197,6,6.5,0.5,0,0,0,0,,0,0,0,,7,0,0,1,0,0.5,1,-0.5,0,0,0,,0,,0,,,2.5,0,0.5,0,0,,0,0,0,0,0,0,0,,1,5.128,0,0,,,0,,,0,,,0.5,4,100,0,5.5,8.5,6.5,4.5
Jy Simpkin,North Melbourne,27,27.82,Mid-Forward,8,10.787,85.875,81.375,3,0.375,1,85.125,14,8.5,22.5,73.333,64.286,88.235,65.363,4.25,47.059,62.222,4.625,2.25,3,7.5,4.25,5.294,420.75,18.7,217.722,638.473,387.695,189.292,27.942,-0.048,-0.006,24.124,-1.784,50.811,2.38,7.625,14.75,22.375,34.078,2.75,5.875,1,1.5,4.375,4.25,3.625,0.875,1.25,9.75,-7.391,3.625,8.875,7.375,2.5,7.75,24.031,1.25,16.129,1.375,2.625,2.125,88.235,4.625,0.5,0.25,0.125,0.25,0.375,1.125,-0.75,0,0,0,,0,,0,,,2.375,0.125,0.25,0,0.25,50,2,0.25,0.5,1,0.375,1,4.875,25,6.125,28.161,1,8,2.904,-0.904,2,2.651,-2.151,6,2.989,-0.489,0.125,1.02,0,0.375,1.125,14.5,7.625,0.625
Griffin Logue,North Melbourne,27,27.71,Key Defender,10,7.43,62.6,52.5,0,0,0,87.1,6.3,6.5,12.8,85.938,79.365,92.308,77.344,0.5,20,49.219,0.6,2,1.7,7.529,1.8,7.111,141.4,11.047,136.736,278.136,131.081,49.638,21.142,0.243,0.037,17.091,-3.531,69.318,-3.217,3.8,8.4,12.2,31.148,4.6,2.4,0,0.7,1.7,3.2,2.1,0.2,0.5,3.1,-41.076,7.1,3.3,1.8,0,0,0,0,,0.6,0.6,0.6,83.333,5.3,0.4,0,1.7,0,0.9,0.8,0.1,0,0,0,,0,,0,,,1.4,0,1.2,16.667,0,,1,0.1,0,0.1,0,0,0.6,100,2,9.434,0.6,1,3.746,2.254,1,3.746,2.254,0,,,0.2,1.626,100,0.2,5.7,7.9,6.9,5.4
Cameron Zurhaar,North Melbourne,27,27.61,Gen. Forward,9,5.133,60.556,53.222,0,0,0,76.667,7.111,2.444,9.556,61.628,56.25,77.273,67.442,1.444,76.923,74.419,2,0.333,2.444,3.909,2.222,4.3,182,19.047,92.181,274.181,203.066,86.3,29.477,-3.428,-1.402,27.304,8.18,60.183,10.785,4.222,5.556,9.778,43.182,0.556,2.333,1.333,0.667,1.667,3.556,1.889,0.222,0.889,2,31.637,0.333,1.778,3,4.667,0,0,0,,0.556,0.556,0.556,100,3.444,0.556,1.556,0,1.333,1.111,1,0.111,0.333,0.321,0,0,0,,0,,,2,1.333,0,,1.111,20,14,1.556,1.222,3.444,0.889,1.333,16.333,45.161,5,24.064,0.444,31,3.216,-0.151,19,3.554,-0.028,12,2.681,-0.347,0,0,,0.222,1.111,10.111,2.222,0.556
Zac Fisher,North Melbourne,27,27.54,Gen. Forward,2,1.4,26,36,0,0,0,50.5,5.5,4,9.5,63.158,63.636,62.5,52.632,1.5,33.333,57.895,2,1,2,4.75,3.5,2.714,212,22.316,17.645,229.645,157.635,69.46,31.527,14.5,3.625,25.349,-15.349,46.298,-26.298,3.5,7,10.5,33.333,2.5,2.5,0,1,1.5,3.5,2.5,0,1.5,4.5,-4.491,1.5,4,4,1,0,0,0,,0,0,0,,1.5,0,0,0,0.5,1.5,0.5,1,0,0,0,,0,,0,,,1,0,0,,0.5,0,1,0.5,0,0.5,0,0,3,100,1.5,7.692,0,1,2.46,3.54,0,,,1,2.46,3.54,0,0,,0,0,5.5,2.5,0
Willem Drew,Port Adelaide,27,27.24,Midfielder,10,9.4,78.3,74,0,0,0,82.6,8.1,10.2,18.3,63.934,49.383,75.49,63.388,2.1,42.857,44.262,2.2,1,4.2,4.357,3.7,4.946,206.7,11.295,153.201,359.901,175.811,92.55,21.705,17.894,1.754,29.764,-5.954,58.468,-10.849,8.8,9.2,18,48.889,2.7,5.1,1,1.4,3.7,3.3,2.6,1.5,1.1,5.9,3.221,2.2,5.9,7.4,2.5,19.5,70.652,1.1,5.641,2.1,3.2,4.8,60.417,2.5,0.2,0.2,0.1,0,1.1,1.3,-0.2,0,0,0,,0,,0,,,6.1,0.8,0.2,50,0.5,60,0,0,0.2,0.5,0.2,0.4,1.6,0,3.3,16.418,0.9,5,2.849,-2.449,2,3.342,-2.842,3,2.521,-2.187,0,0,,0.2,2.3,23,12.3,0.7
Connor Rozee,Port Adelaide,25,25.93,Gen. Defender,8,8.387,102.375,95.75,15,1.875,2,83.625,16.625,8.125,24.75,70.202,64.662,81.538,72.727,2.125,64.706,67.172,2.25,5.5,3.625,6.828,3.625,6.828,419.75,16.96,244.198,663.948,422.51,246.272,25.802,3.536,0.429,21.713,8.375,58.218,6.384,6.75,13.5,20.25,33.333,3.125,4.125,0.625,1,3.125,2.875,2.125,1.125,0.875,7.25,-13.855,5.25,7.875,5.375,1.75,11.625,42.857,1.25,10.753,2.25,3.5,3.375,81.481,4.75,0.25,0.5,0.625,0.375,1.625,0.875,0.75,0,0,0,,0,,0,,,3.5,0.75,0.25,50,0,,3,0.375,0.125,0.75,0.125,0.5,3.5,50,5.75,27.545,2.25,6,3.294,-0.128,4,3.914,0.836,2,2.055,-2.055,3.5,28.866,100,0.375,1.25,19,11,0.75
Esava Ratugolea,Port Adelaide,27,27.43,Key Defender,3,8.833,62.333,38.333,2,0.667,1,70.667,6.333,3.333,9.667,86.207,84.211,90,62.069,0,,65.517,0,4,2.667,3.625,2.667,3.625,202.333,20.931,44.54,246.873,195.473,92.773,30.864,2.73,0.819,12.577,-7.314,50.262,-18.683,5.667,4.667,10.333,54.839,7.333,3,0,0.667,2.333,5.667,3,0,0.667,1.333,-53.921,8,1.667,0.667,0,0,0,0,,0,0,0,,4.333,1.667,0,3,0,0.667,1.667,-1,0,0,0,,0,,0,,,1,0,2,16.667,0,,0,0,0,0,0,0,0,,0.667,2.899,0.333,0,,,0,,,0,,,0,0,,0,4,2.333,2,3.667
Kane Farrell,Port Adelaide,26,26.79,Gen. Defender,10,8.98,97.2,81.7,0,0,0,81.9,17.2,4.1,21.3,77.465,76.744,80.488,65.728,2.1,47.619,80.751,2.4,6,3.1,6.871,4.3,4.953,554.3,26.023,182.7,737,512.787,287.686,29.988,11.749,2.866,17.735,-0.235,58.694,0.681,4.8,11.1,15.9,30.189,4.6,3.9,0,0.5,3.4,3.6,3,0.1,1.7,6.3,-28.517,5.6,6.8,3.5,0,0,0,0.4,,0.9,1.3,0.6,100,4.2,0.1,0,0.9,0.2,0.8,1,-0.2,0,0,0,,0,,0,,,2.7,0,0.5,40,0,,1,0.1,0.1,0.4,0.2,0.2,1.9,25,2.9,14.428,1.2,4,1.883,-0.133,2,1.335,2.165,2,2.43,-2.43,5,41.322,100,0.5,1.7,12.5,9.1,1.6
Brandon Zerk-Thatcher,Port Adelaide,27,27.35,Key Defender,10,6.32,58.6,46.5,0,0,0,99.1,7.1,4,11.1,77.477,70.423,90,74.545,0.6,50,63.964,0.6,2.7,3.1,3.581,2.2,5.045,154.1,13.883,159.479,313.579,154.471,79.7,22.387,1.984,0.496,16.575,2.175,67.823,-2.198,4.8,6.1,10.9,44.037,6.1,3.1,0,0.6,2.5,4.4,2.8,0.1,0.6,1.8,-42.298,5.8,3.6,1.5,0,0,0,0,,0.3,0.3,0.2,0,4.8,0.8,0,2.1,0,0.8,1.2,-0.4,0,0,0,,0,,0,,,1.4,0,3.5,28.571,0.1,0,0,0,0,0,0,0,0,,1.3,6.468,1.1,0,,,0,,,0,,,0.2,1.653,100,0,5.4,8.3,6.7,4.3
Jackson Mead,Port Adelaide,24,24.25,Midfielder,7,4.857,46.571,47.143,0,0,0,73.286,6.714,4.429,11.143,58.974,46.809,77.419,64.103,1.429,60,60.256,1.857,2,3.429,3.25,2.571,4.333,180,16.154,118.669,298.669,151.421,90.293,22.552,15.409,3.595,23.087,-1.136,55.353,0.744,4.429,6.143,10.571,41.892,2.429,3.714,0.429,1.286,2.429,2.714,2.143,0.143,1.143,4.286,-20.481,3.571,3.429,3,0.571,3,11.17,0.143,4.762,0.857,1,1.143,37.5,1.857,0.286,0,0.714,0.286,0.429,1.286,-0.857,0,0,0,,0,,0,,,3.714,0.571,0.286,50,0.286,0,1,0.143,0.286,0.429,0.143,0.286,2.143,33.333,1.571,9.016,0.714,3,2.678,-0.011,1,4.282,-3.282,2,1.876,1.624,0.571,4.396,50,0.143,1.286,14.286,9.429,1
Zak Butters,Port Adelaide,25,25.31,Midfielder,10,15.19,122.9,102.6,41,4.1,6,82.9,14.8,13.4,28.2,69.858,62.162,78.358,70.107,4.3,51.163,52.482,5,2.2,2.6,10.846,4,7.05,467.2,16.567,344.27,811.47,378.423,274.805,25.743,40.524,3.024,27.472,2.761,56.696,6.87,11.3,15.9,27.2,41.544,3.2,6.6,0.6,2,4.6,3.2,1.9,1.8,0.6,10.6,-6.964,4.5,10.8,10.2,1.7,21.8,78.986,2.7,12.385,3.5,6.2,7.5,80,4.4,0.3,0.3,0.8,0.4,2.7,0.8,1.9,0,0,0,,0,,0,,,4.2,0.3,0.1,100,0.1,0,1,0.1,0.5,0.8,1.4,1.8,9.9,12.5,7,34.826,2.3,8,2.855,-1.48,6,2.725,-1.058,2,3.244,-2.744,0.2,1.653,100,1.7,0.5,14.3,8,0.2
Joe Richards,Port Adelaide,26,26.1,Gen. Forward,10,7.53,71.6,68.9,5,0.5,1,79.3,9,6.4,15.4,60.39,47.778,78.125,63.399,1.6,56.25,58.442,2.1,0.3,2.4,6.417,3.2,4.812,212.2,13.779,132.625,344.825,196.936,97.565,22.128,10.537,1.646,30.669,10.841,56.485,9.553,4.8,9.4,14.2,33.803,1,3.6,1.7,0.7,2.9,3.2,2.6,0.4,1.3,5,17.268,0.7,4.3,4.8,4.4,0.2,0.725,0.2,100,1,1.2,1.3,69.231,3,0.2,0.5,0,0.2,0.6,0.4,0.2,0,0,0,,0,,0,,,3.9,1.5,0,,0.7,28.571,7,0.7,0.9,2.3,0.5,0.9,8.5,30.435,4.8,23.881,0.4,23,2.862,-0.645,8,3.009,0.24,15,2.784,-1.117,0,0,,0.7,0.7,14.9,5.6,0.3
Mani Liddy,Port Adelaide,23,23.86,Midfielder,8,3.975,53.25,60.75,0,0,0,76.125,9.125,5.5,14.625,61.538,47.945,84.091,58.12,2.375,47.368,62.393,2.625,2.25,2.875,5.087,3.375,4.333,272.375,18.624,122.686,395.061,245.894,117.868,26.947,10.955,1.992,23.298,-2.71,53.038,-7.45,3.625,10.75,14.375,25.217,2.875,2.75,0.25,0.375,2.375,2.625,2.125,0.25,1,5.5,-10.325,2.875,5.75,4.875,0.875,0.75,2.817,0.25,33.333,0.75,1,0.625,100,4.25,0,0.25,0.875,0.125,0.75,0.375,0.375,0,0,0,,0,,0,,,2.25,0.25,0,,0,,1,0.125,0.25,0.375,0.5,1,4.5,33.333,3.125,14.793,0.25,3,4.515,-1.848,2,4.95,-1.45,1,3.645,-2.645,0,0,,0,0.25,13.75,7.75,0.25
Miles Bergman,Port Adelaide,24,24.2,Gen. Defender,6,8.6,81.833,74.333,6,1,1,86.333,11.167,4.667,15.833,60,52.239,78.571,58.947,3.333,45,70.526,3.667,3.167,4.5,3.519,4.833,3.276,354.667,22.4,108.175,462.842,334.782,182.702,29.98,11.983,2.663,22.877,-7.087,50.084,-4.47,7,8.5,15.5,45.161,3.5,5.167,0.5,1.167,4,3.333,2.833,0.833,0.5,5,-11.884,3.667,5.5,5.333,1,11.333,43.312,0.833,7.353,1.667,2.5,3.167,68.421,3,0.167,0.333,0.833,0,0.833,1.333,-0.5,0,0,0,,0,,0,,,5.667,0.5,0.667,50,0.167,0,3,0.5,0,1,0.333,0.333,5,50,2.333,11.667,0.667,6,2.597,0.403,2,2.986,3.014,4,2.403,-0.903,0.333,2.899,100,0.167,2.167,18.667,10.5,1.167
Mitch Georgiades,Port Adelaide,24,24.25,Key Forward,10,7.24,73.1,68.6,13,1.3,4,92.7,8.6,3.2,11.8,59.322,55.814,68.75,59.322,1.1,36.364,72.881,1.7,0,2.8,4.214,3.1,3.806,239.6,20.305,78.297,317.897,272.055,121.07,32.006,5.924,1.851,25.84,-0.84,49.654,-2.779,4.4,7.2,11.6,37.931,0.8,2,0.8,0.5,1.5,4.2,1.9,0,0.7,2.2,32.58,0,3,2.8,5.8,0,0,0,,0.3,0.3,0.2,100,5.1,1.4,3.1,0.1,1.9,1.3,1,0.3,0,0,0,,0,,0,,,1.3,0.8,0,,2.6,19.231,26,2.6,2,5,0.2,0.2,18.8,52,6,29.851,0.4,50,3.366,0.154,39,3.466,0.406,11,3.012,-0.739,0,0,,0.1,1.4,6.3,1.2,1.2
Lachie Jones,Port Adelaide,23,23.72,Gen. Defender,9,7.167,57,47.556,0,0,0,74.333,7.111,4.889,12,68.519,62.5,77.273,67.29,1.556,14.286,59.259,1.667,2.778,2.444,4.909,2.222,5.4,258,21.5,127.258,385.258,219.562,128.016,31.366,18.289,3.741,20.995,-5.995,52.535,-4.201,4,7.889,11.889,33.645,4.111,3,0,0.556,2.444,2.889,2,0,0.444,4.556,-30.415,4.889,4.222,2.667,0.111,0,0,0.111,,0.778,0.889,0.444,100,2.889,0.222,0.111,1,0,0.667,0.667,0,0,0,0,,0,,0,,,2.111,0,1.222,9.091,0.111,0,1,0.111,0,0.111,0,0,0.667,100,1.444,7.222,0.444,1,1.505,4.495,1,1.505,4.495,0,,,0.111,0.935,100,0,2.889,8.778,7.111,2.111
Jason Horne-Francis,Port Adelaide,22,22.52,Midfielder,4,10.65,86.5,75.25,9,2.25,1,69.25,13,4.75,17.75,64.789,57.692,84.211,71.831,4.75,57.895,73.239,5.25,1,4,4.438,3.5,5.071,326.5,18.394,166.715,493.215,322.445,218.855,24.803,3.915,0.824,32.483,2.517,56.276,8.724,6.5,11.5,18,36.111,1,3.75,1,1.5,2.25,2.75,1.75,1.5,0.5,6.5,8.331,1.75,4.75,8.5,3,10.75,40.187,0.75,6.977,2.5,3.25,4.25,88.235,4,0.25,0.25,0.25,1,1,1.75,-0.75,0,0,0,,0,,0,,,2.75,0.75,0,,0.5,50,5,1.25,0.5,1.75,0.5,1.25,11.75,71.429,5.75,23.958,1.25,7,3.09,1.482,2,3.826,2.174,5,2.795,1.205,0,0,,0.25,0.75,9.5,3.75,0.75
Jase Burgoyne,Port Adelaide,22,22.46,Midfielder,7,6.357,64.429,63.429,0,0,0,85.286,10.143,6.143,16.286,57.895,42.254,83.721,61.404,2.286,37.5,62.281,2.571,2.143,3,5.429,4,4.071,253,15.535,151.603,404.603,250.693,106.441,24.716,-0.857,-0.14,20.51,2.823,53.37,-8.37,5.857,9.286,15.143,38.679,5.571,4.714,0,1.286,3.429,4,3.429,0.429,1.143,4.571,-15.989,4.429,4.857,5.429,0.429,0,0,0,,1.429,1.429,1.429,70,3.286,0.143,0.429,1,0,0.286,0.714,-0.429,0,0,0,,0,,0,,,3.143,0.143,0.571,25,0,,0,0,0.143,0.143,0,0.143,0.286,0,2.571,12.857,1.143,1,2.29,-1.29,1,2.29,-1.29,0,,,0.429,3.571,100,0,1.857,13.714,9.286,1.286
Josh Sinn,Port Adelaide,22,22.98,Gen. Defender,9,4.956,51.222,45.111,0,0,0,66,8,3.333,11.333,73.529,68.056,86.667,68.627,0.667,33.333,70.588,0.667,2.556,1.889,6,2.556,4.435,222.778,19.657,118.621,341.399,213.521,124.678,26.69,8.047,2.414,16.962,-1.02,60.771,-5.698,3.333,5.889,9.222,36.145,3.111,2.667,0.111,0.778,1.889,2.667,2.111,0.111,0.778,2.667,-31.986,3.667,4.333,1,0.222,0,0,0,,0.556,0.556,0.444,100,2.889,0,0,0.444,0,0.444,0.444,0,0,0,0,,0,,0,,,1.667,0,0.222,0,0,,0,0,0,0,0,0,0,,1.111,5.556,0.444,0,,,0,,,0,,,2.111,17.593,94.737,0,2.778,5.556,4.111,2.444
Dante Visentini,Port Adelaide,22,22.87,Ruck,3,-1.333,24.333,34,0,0,0,58,3,2.667,5.667,47.059,22.222,75,47.059,0.333,0,52.941,0.667,0,3,1.889,1.667,3.4,96,16.941,51.643,147.643,103.7,15.653,34.567,7.147,2.68,16.995,-16.995,59.69,-34.69,3,2.667,5.667,52.941,0.333,0.667,0,0,0.667,1.333,0.333,0,0,1.667,7.081,0.667,2.333,1,1.667,7,25.301,0,0,1.667,1.667,1.667,100,1.667,0.667,1.333,0,0,1.333,1.667,-0.333,33.333,37.037,9.667,29,2,20.69,0,37.931,34.483,1.333,0,0,,2,16.667,1,0.333,1.333,1.667,0,0,3.333,20,3,13.043,0.667,5,4.11,-2.11,5,4.11,-2.11,0,,,0,0,,0,1.333,9,3.333,0.667
Christian Moraes,Port Adelaide,19,19.14,Midfielder,4,5.5,43.75,41.25,0,0,0,53.25,4.25,6.5,10.75,79.07,58.824,92.308,81.395,1,75,39.535,1.75,0,0.75,14.333,1.5,7.167,109,10.14,138.882,247.882,88.395,43.445,20.799,13.04,2.006,28.648,9.813,59.996,1.542,3.75,7.25,11,34.091,0.5,3,1,0.25,2.75,2.25,2,0.5,1.5,5.25,14.62,0.75,3.25,4.25,2.75,0,0,0,,0.5,0.5,1,100,1.5,0,0.5,0,0,0.25,0,0.25,0,0,0,,0,,0,,,2.25,1,0,,0,,1,0.25,0.25,0.75,0.25,0.75,3.75,33.333,4,20.513,0.5,3,3.931,-1.598,1,3.032,-3.032,2,4.38,-0.88,0,0,,0,0,10.75,6.5,0
Willie Rioli,Port Adelaide,30,30.57,Gen. Forward,7,6.129,44,36.429,0,0,0,79.143,5.143,1.714,6.857,68.75,63.889,83.333,77.083,1.571,72.727,75,1.714,0.429,1.429,4.8,0.857,8,123.429,18,60.917,184.346,113.966,89.59,22.16,4.631,2.702,36.429,33.57,52.337,17.663,3.143,3.571,6.714,46.809,0.714,2.143,1.143,0.286,1.857,2.857,2,0,1,1.714,31.824,0.286,1.143,2.143,3.143,0,0,0,,0.286,0.286,0.286,100,1.714,0.143,1,0,0.286,0.571,0.143,0.429,0,0,0,,0,,0,,,1,0.429,0,,0.143,0,9,1.286,0.571,1.857,0.571,1.143,12.286,69.231,3.857,17.197,0.429,13,3.96,0.501,7,4.244,0.328,6,3.629,0.704,0,0,,0.286,1.286,5.286,1.429,0.429
Jeremy Finlayson,Port Adelaide,29,29.89,Key Forward,1,0.7,10,17,0,0,0,37,1,2,3,33.333,0,50,33.333,0,,33.333,0,0,1,3,0,,34,11.333,3.67,37.67,45.86,4.98,45.86,0.2,0.1,,,,,2,1,3,66.667,0,1,1,0,1,0,0,0,0,0,26.467,0,1,0,2,0,0,0,,0,0,2,0,1,0,1,0,0,0,0,0,7,7.778,3,42.857,0,0,1,33.333,33.333,1,1,0,,0,,0,0,0,1,0,0,0,0,1,5.882,0,1,2.393,-2.393,1,2.393,-2.393,0,,,0,0,,0,0,2,1,0
Darcy Byrne-Jones,Port Adelaide,30,30.27,Gen. Forward,10,7.61,72.6,60.2,1,0.1,1,80.2,8.8,5,13.8,66.667,62.5,74,65.217,1.8,50,63.768,2,1.6,1.6,8.625,3.4,4.059,219.3,15.891,132.998,352.298,209.7,109.955,23.83,13.129,2.626,24.41,3.759,55.49,5.073,5.1,8.2,13.3,38.346,3.5,3.8,0.4,0.7,3.1,4.3,3.2,0.1,1.5,3.9,-3.291,2.3,4.6,4.7,1.7,0,0,0.3,,0.4,0.7,0.4,75,3.3,0,0.4,0.4,0.2,1.2,0.1,1.1,0,0,0,,0,,0,,,2.3,0.6,0,,0.6,0,6,0.6,0.2,1,0.5,0.9,7.2,60,3.8,18.905,0.8,10,3.644,0.156,7,3.676,0.039,3,3.57,0.43,0.1,0.826,100,0.1,0.6,13.2,6.7,0.5
Ryan Burton,Port Adelaide,28,28.91,Gen. Defender,1,10.4,79,71,0,0,0,81,18,3,21,66.667,66.667,66.667,80.952,2,100,85.714,2,4,4,5.25,3,7,555,26.429,79.27,634.27,475.03,454.63,26.391,42.22,14.073,19.863,17.637,60.265,-4.015,4,11,15,26.667,5,2,0,0,2,3,1,0,0,7,-19.793,1,11,3,0,0,0,0,,1,1,1,100,3,0,0,1,0,1,1,0,0,0,0,,0,,0,,,1,0,0,,0,,0,0,0,0,0,1,1,,5,29.412,3,0,,,0,,,0,,,6,35.294,100,0,4,5,4,3
Jordon Sweet,Port Adelaide,27,27.9,Ruck,10,10.47,94.5,83.8,4,0.4,1,81.5,5.3,6.6,11.9,60.504,50.943,68.182,61.864,1.4,57.143,44.538,1.5,1.6,2.9,4.103,2,5.95,178.8,15.025,110.132,288.932,165.425,94.826,31.812,13.294,2.014,24.46,-1.383,46.514,-5.488,7.1,5,12.1,58.678,1.1,2.6,0.2,1.1,1.5,1.6,1,0,0.4,2.8,-6.036,2,4.5,4.1,1.5,21.9,79.348,1,4.566,2.5,3.5,5.1,64.706,1.9,0.2,0.4,0.4,0,1.5,1.5,0,74.4,75.918,37.3,50.134,10.1,27.078,2.7,42.359,39.678,3.3,0.6,0.6,66.667,0.5,20,2,0.2,0.3,0.7,0.2,0.6,3.1,28.571,4.5,22.388,3,7,2.88,-0.737,6,3.178,-0.678,1,1.088,-1.088,0,0,,0,3.2,14.5,8.2,2.5
Sam Powell-Pepper,Port Adelaide,27,27.97,Gen. Forward,3,9.2,78.333,64,0,0,0,76.333,7,10.667,17.667,83.019,80.952,84.375,81.132,1.333,50,39.623,3,0.667,4.333,4.077,3.667,4.818,260.667,14.755,182.527,443.193,199.997,143.23,28.571,27.773,2.604,26.727,6.607,63.074,16.926,5,13.333,18.333,27.273,1,4.333,1.333,1,3.333,4,3.333,0,2,8,6.845,3.333,3.333,7,4.667,3,10.843,0,0,0.667,0.667,0.333,0,4.333,0,1.667,0.333,0.667,1,2,-1,0,0,0,,0,,0,,,1.667,0.333,0,,0,,3,1,1,2,0,0.667,7.667,50,5,21.739,0,6,2.56,0.94,3,2.297,0.369,3,2.822,1.511,0,0,,0.333,1,10.667,3.333,1
Hayden McLean,Sydney,26,26.94,Key Forward,9,5.644,58.333,52.111,3,0.333,1,71.444,5.556,2.667,8.222,71.622,66,83.333,69.863,1.333,41.667,67.568,1.556,0.111,1.667,4.933,1.333,6.167,126.778,15.419,56.753,183.531,150.004,63.558,27.552,1.288,0.483,32.543,15.733,55.937,-0.764,3.778,4.778,8.556,44.156,0.889,1.556,0.333,0.444,1.111,3.222,1.222,0,0.667,1.444,23.714,0.333,2.222,2.667,3.333,4.222,15.261,0.111,2.632,0.333,0.444,0.444,100,3.778,0.889,2,0.333,1.111,1.111,0.667,0.444,15.333,16.197,5.333,34.783,1.111,20.833,0,41.667,37.5,1.778,0.889,0,,1.667,40,10,1.111,0.556,1.889,0.222,0.556,8.889,58.824,4.333,18.31,0.222,17,3.878,-0.054,16,3.972,0.091,1,2.371,-2.371,0,0,,0,2,8.556,2.778,1.333
Nick Blakey,Sydney,25,25.84,Gen. Defender,10,15.15,111.4,90.9,23,2.3,5,87.1,18.6,4.3,22.9,78.603,76.882,86.047,73.799,3.1,58.065,81.223,3.7,6.4,1.6,14.312,4.3,5.326,597.7,26.1,243.42,841.12,542.376,386.459,29.16,18.04,4.295,18.928,2.836,60.015,6.456,3.7,12.2,15.9,23.27,6.4,2,0.1,0.3,1.7,3.5,1.8,0,0.9,6.3,-18.412,5,4.1,6.2,0.6,0,0,0.2,,0.1,0.3,0.2,50,6,1.1,0.1,3.1,0.2,0.5,0.2,0.3,0,0,0,,0,,0,,,1.4,0,1.2,8.333,0,,4,0.4,0.6,1,0.8,1.1,8.1,40,5.2,22.034,2,10,3.297,-0.297,3,3.61,-2.61,7,3.164,0.693,6,56.604,100,1.9,3.5,4.9,3.1,3.1
James Rowbottom,Sydney,25,25.28,Midfielder,10,8.55,77.1,73.8,2,0.2,1,76.4,8.2,5.2,13.4,65.672,58.537,76.923,63.433,2.4,37.5,61.194,2.5,1.1,2.4,5.583,2.4,5.583,231.6,17.284,114.2,345.8,233.823,94.53,28.515,-1.233,-0.237,28.037,3.306,52.478,-4.717,6,7.6,13.6,44.118,1.7,3.9,1.2,1.4,2.5,3.2,2.2,0.7,0.9,4.6,8.255,1.2,4.5,5,2.9,10.1,37.546,0.7,6.931,1.6,2.3,2.3,82.609,2.8,0.4,0.6,0.1,0.2,1.2,1.3,-0.1,0,0,0,,0,,0,,,7.2,0.7,0,,0.1,100,6,0.6,0.7,1.3,0.2,0.4,5.7,46.154,3.7,15.678,0.8,13,3.197,0.11,5,4.101,-1.101,8,2.632,0.868,0,0,,0.1,0.4,21.8,9.3,0.2
Sam Wicks,Sydney,26,26.29,Gen. Defender,10,4.38,52.9,53.1,0,0,0,88,9.3,4.7,14,73.571,65.591,89.362,73.571,1,50,66.429,1.1,2.2,2.1,6.667,2.6,5.385,229,16.357,137.146,366.146,204.604,103.534,22,0.506,0.108,17.097,2.656,60.662,1.066,2.8,10.7,13.5,20.741,2.5,2.5,0.2,0.7,1.8,2.4,2.2,0.1,0.9,7.9,-30.278,5.3,6,1.9,0.3,0,0,0.2,,0.3,0.5,0.6,66.667,2.3,0,0,0.2,0,0.3,0.4,-0.1,0,0,0,,0,,0,,,2.4,0,0.4,50,0,,0,0,0.2,0.2,0,0.2,0.4,0,2.2,9.322,0.4,2,2.577,-1.577,0,,,2,2.577,-1.577,0.1,0.943,100,0.4,0.8,8.5,6.7,0.4
Joel Amartey,Sydney,26,26.32,Key Forward,2,-2.45,59,69.5,0,0,0,79.5,8,3.5,11.5,39.13,31.25,57.143,39.13,0.5,0,69.565,1,0,2,5.75,3,3.833,200,17.391,48.275,248.275,262.9,41.57,32.862,9.585,2.739,36.858,-11.857,59.525,-9.525,4.5,7.5,12,37.5,0.5,2,0.5,0,2,3.5,2,0,0.5,0.5,44.361,0,1.5,3,7.5,0,0,1,,0,1,0,,6,1,5,0,2.5,2,1,1,0,0,0,,0,,0,,,3,1,0,,1.5,0,2,1,3.5,6,0,0,9.5,16.667,6.5,26,1,12,3.558,-1.974,11,3.701,-2.065,1,1.979,-0.979,0,0,,0,0.5,6,0,0.5
Tom McCartin,Sydney,26,26,Key Defender,7,8.443,71.143,54.286,3,0.429,2,93.714,8.714,5.857,14.571,85.294,83.607,87.805,79.208,0.429,33.333,59.804,0.571,3.286,3,4.857,1.429,10.2,185.857,12.755,130.29,316.147,164.104,103.323,19.47,14.704,2.51,16.154,1.087,67.481,-1.964,5.286,10,15.286,34.579,6.714,3.571,0,0.571,3,4.857,3.143,0,0.714,4,-44.84,9,4.429,1.857,0,0,0,0,,0.143,0.143,0.143,0,5.857,0.857,0,2.286,0,0.714,1.857,-1.143,0,0,0,,0,,0,,,0.714,0,1.286,44.444,0,,1,0.143,0,0.143,0,0,0.857,100,2.143,8.929,1.143,1,5.509,0.491,1,5.509,0.491,0,,,0,0,,0.143,4.571,4.571,3.857,4.143
Riley Bice,Sydney,25,25.26,Gen. Defender,4,3.025,25.5,23.5,0,0,0,37.5,3.75,2.75,6.5,84.615,80,90.909,88.462,0.25,100,57.692,0.5,0,0.25,26,0.25,26,82.5,12.692,71.25,153.75,76.548,57.525,20.413,-3.272,-1.19,24.515,29.331,69.178,23.13,1.5,4.75,6.25,24,1.25,1,0,0.25,0.75,1.5,1,0,0,3,-22.659,1.75,3.25,1,0.25,0,0,0,,0,0,0,,1.75,0.25,0.25,0,0,0,0.25,-0.25,0,0,0,,0,,0,,,0.5,0,0,,0,,0,0,0.25,0.25,0.5,0.5,3.25,0,2.25,9,0.5,1,3.407,-2.407,1,3.407,-2.407,0,,,0.5,5.263,50,0,0.5,6.75,4.5,0.25
Justin McInerney,Sydney,25,25.36,Mid-Forward,8,9.888,86.125,78,7,0.875,3,82,10.625,9.375,20,73.75,60,89.333,76.582,2.75,45.455,53.125,3,1.375,2.625,7.619,2.125,9.412,259.75,12.988,277.336,537.086,253.023,126.4,23.814,0.256,0.028,28.26,1.317,60.292,0.271,6.625,13.375,20,33.125,2,4.625,0.75,1.125,3.5,3.5,2.5,0.75,1.125,7.25,0.431,2.625,7.75,6.625,3,4.75,18.009,0.5,10.526,1.5,2,2.25,72.222,5.5,0.25,0.5,0.375,0.625,0.625,0.5,0.125,0,0,0,,0,,0,,,1.625,0.375,0,,0.125,100,6,0.75,0.75,1.625,1,1.375,11.625,46.154,6.625,27.895,1.25,13,3.396,-0.165,5,3.707,0.293,8,3.201,-0.451,0,0,,0.125,1.375,11.375,5.5,0.75
Chad Warner,Sydney,24,24.61,Midfielder,10,11.61,91.5,87.2,9,0.9,2,83.7,12.5,9.2,21.7,64.977,56.8,76.087,68.519,3.8,71.053,57.604,4.6,1,3.4,6.382,4.3,5.047,376.6,17.355,181.702,558.302,333.026,216.977,26.857,10.039,1.091,28.138,4.515,53.631,7.593,9.7,12.2,21.9,44.292,2.2,6.6,1,2.7,3.9,4.3,3.3,1.9,1,7.6,1.201,1.6,10.4,7.6,2.3,15.8,58.736,1.8,11.392,1.7,3.5,4.8,75,4.3,0.5,0.4,0.3,0.3,0.8,0.9,-0.1,0,0,0,,0,,0,,,4,0.6,0,,0.6,16.667,6,0.6,0.7,1.6,0.5,0.9,7.7,37.5,5.4,22.881,1.4,16,2.932,-0.245,7,3.389,-0.389,9,2.577,-0.132,0,0,,1.3,0.6,17,8.1,0.3
Matt Roberts,Sydney,22,22.41,Gen. Defender,6,5.933,69.5,65,0,0,0,76.667,10,5.833,15.833,70.526,63.333,82.857,66.316,1.833,18.182,63.158,2,2.333,1.667,9.5,3,5.278,262.833,16.6,172.267,435.1,243.817,102.352,24.382,9.653,1.655,22.114,-1.061,63.714,-12.837,4,12.667,16.667,24,2.667,2.667,0,0.167,2.5,1.833,1.667,0.333,0.5,6.667,-22.504,5,6.833,4.333,0.5,0,0,0.333,,1.333,1.667,1.333,87.5,5.5,0,0,0.833,0.333,0.667,0.667,0,0,0,0,,0,,0,,,2,0.167,0,,0.167,0,0,0,0.167,0.167,0.167,0.5,1.5,0,3.167,13.571,1,1,2.404,-1.404,0,,,1,2.404,-1.404,0,0,,0.333,2.5,10.167,5.667,2.167
Errol Gulden,Sydney,23,23.45,Midfielder,10,13.09,104.7,102.3,10,1,2,85.7,16.4,10.2,26.6,71.429,63.415,84.314,73.684,3.9,38.462,61.654,4,2.2,4.8,5.542,4.8,5.542,440.1,16.545,273.938,714.038,394.621,249.254,24.062,18.906,1.854,25.075,0.601,55.759,7.079,8.3,18.5,26.8,30.97,3.2,5.5,0.4,1,4.5,4.4,3.5,1.5,1.8,12.2,-5.605,4,10.4,10.2,2.2,5.2,19.331,0.8,15.385,2,2.8,2.9,72.414,5.3,0.1,0.1,0.6,0.4,1.3,1.8,-0.5,0,0,0,,0,,0,,,4.3,0.6,0,,0.3,0,6,0.6,0.1,0.8,0.5,1,7.2,75,6.3,26.695,1.1,8,2.372,2.253,1,2.645,3.354,7,2.333,2.095,0.3,2.83,33.333,0.4,0.9,16,6.7,0.6
Braeden Campbell,Sydney,23,23.9,Gen. Forward,10,6.71,52.7,50.4,0,0,0,76.8,6.8,4.8,11.6,66.379,58.824,77.083,62.069,1.8,16.667,58.621,2.6,0.4,1.8,6.444,2.9,4,190.8,16.448,123.58,314.38,178.443,85.393,26.242,10.221,2.129,31.023,-6.023,54.401,-4.401,2.9,8.7,11.6,25,1.3,2.1,0.7,0.2,1.9,2.3,1.7,0.2,0.9,3.9,15.483,0.6,3.2,5,2.8,0,0,0.2,,0.1,0.3,0.3,33.333,3.5,0,0.8,0.3,1.3,0.5,0.8,-0.3,0,0,0,,0,,0,,,1.9,0.5,0.2,50,0.4,0,6,0.6,0.6,1.3,0.5,0.9,7.6,46.154,3.7,15.678,0.4,13,3.475,-0.244,6,3.699,-0.366,7,3.283,-0.14,0,0,,0.8,0.6,12.2,3.9,0.5
James Jordon,Sydney,25,25.03,Midfielder,10,6.32,64.4,54.1,8,0.8,1,83.3,6.3,6.9,13.2,71.212,61.905,79.71,70.455,2,60,47.727,2.1,0.8,1.9,6.947,1.8,7.333,183.6,13.909,150.507,334.107,191.711,92.701,30.43,5.7,0.826,24.829,14.387,49.305,-2.246,5.8,7.2,13,44.615,0.8,4,0.8,1.6,2.4,1.8,1.4,0.9,0.4,5.4,1.89,0.9,5.5,4.8,1.8,14.8,55.019,1.4,9.459,1.7,3.1,3.2,81.25,1.6,0,0.3,0.1,0,1.1,1.1,0,0,0,0,,0,,0,,,4,0.8,0.2,50,0.2,0,4,0.4,0.4,0.8,0.5,0.9,6.2,50,4.5,19.068,1.2,8,2.586,0.914,4,2.992,-0.742,4,2.179,2.571,0,0,,0.1,1,15.1,6.8,0.5
Angus Sheldrick,Sydney,22,22.14,Midfielder,10,9.48,75.3,67.3,3,0.3,1,65.8,9,8.9,17.9,64.246,50,78.652,68.715,2.2,77.273,50.279,2.6,0.7,2.8,6.393,2.8,6.393,242.9,13.57,151.606,394.506,218.363,126.889,24.263,12.375,1.39,28.439,8.326,50.583,9.711,8.8,9,17.8,49.438,2.2,7.3,1.5,2.7,4.6,3.7,3.3,1.1,1.7,5.9,5.551,1.4,6.7,6.9,2.8,8,29.74,0.5,6.25,2.6,3.1,4.5,62.222,2.4,0,0.3,0.1,0.2,0.4,0.9,-0.5,0,0,0,,0,,0,,,4,0.6,0,,0.1,100,2,0.2,0.4,1.2,0.7,1.2,6.3,16.667,3.9,16.525,0.7,12,2.686,-1.353,3,3.134,0.866,9,2.537,-2.093,0,0,,0,0.2,15.3,6.1,0.1
Dane Rampe,Sydney,35,35.58,Gen. Defender,8,5.2,53.375,52.875,0,0,0,78.5,8.25,4.875,13.125,86.667,84.848,89.744,72.381,0.875,57.143,62.857,1,2.875,2.625,5,1.875,7,245.25,18.686,93.504,338.754,224.656,115.58,27.65,6.642,1.363,18.755,-0.723,59.362,2.933,2.125,10.25,12.375,17.172,3.5,1.875,0,0.5,1.375,2,1.75,0,0.75,4.375,-35.41,5.125,6.125,1.125,0,0,0,0.125,,0.125,0.25,0.125,100,4.875,0.125,0,1.125,0,0.125,1.125,-1,0,0,0,,0,,0,,,1.75,0,0.375,33.333,0,,0,0,0,0.125,0,0.375,0.375,0,2.375,10,1,1,3.018,-3.018,0,,,1,3.018,-3.018,0.25,2.326,50,0,1.75,5.75,4,1.625
Harry Cunningham,Sydney,32,32.06,Gen. Defender,10,4.46,55.9,53.2,0,0,0,79.9,7.5,5.5,13,82.308,78.667,87.273,83.077,0.7,42.857,57.692,0.7,0.8,1.1,11.818,1.1,11.818,114.2,8.785,180.371,294.571,117.565,78.967,15.675,-0.974,-0.177,20.051,1.867,68.444,9.638,3.1,10.2,13.3,23.308,2.8,2.5,0,0.7,1.8,2.8,2.4,0,0.7,4.9,-29.502,4.7,6.5,2,0.1,0,0,0,,0.2,0.2,0.1,0,4.7,0,0.1,0.6,0.1,0.4,0.7,-0.3,0,0,0,,0,,0,,,1.8,0,0.6,66.667,0,,0,0,0.1,0.1,0.1,0.1,0.7,0,2.8,11.864,0.2,1,2.852,-1.852,1,2.852,-1.852,0,,,0,0,,0.1,1.5,6.7,4.7,1.1
Brodie Grundy,Sydney,31,31.71,Ruck,9,16.422,145.778,119.778,56,6.222,7,80,8.667,13.222,21.889,70.051,65.385,73.109,70.558,1.556,50,39.594,1.778,2.111,4.222,5.184,2.778,7.88,182.778,8.35,221.731,404.509,196.752,82.616,22.702,4.351,0.332,21.572,-7.726,60.228,-0.228,14.333,8.111,22.444,63.861,2.333,5.444,1.222,2.111,3.333,4.333,2.444,0,0.444,3.556,-1.882,4,6.889,7.889,3.667,21.333,80.335,1.444,6.771,6.222,7.667,9.667,77.011,4.667,1.111,0.222,0.778,0.333,3.444,1.889,1.556,74.444,79.762,39.667,53.284,11.222,28.291,4.333,44.538,36.415,3.222,0.333,0.556,0,0.667,83.333,4,0.444,0.333,0.889,0.556,1.222,7,50,6.444,26.606,4.889,8,3.625,-0.25,5,4.282,-1.282,3,2.529,1.471,0,0,,0.444,2.222,7,3.111,1.778
Isaac Heeney,Sydney,29,29.65,Midfielder,10,17.95,119.1,105,45,4.5,6,84.8,13.7,10.2,23.9,67.782,56.934,82.353,69.456,3.9,30.769,57.322,4.7,0.6,2.7,8.852,3.7,6.459,362,15.146,188.526,550.526,378.156,179.923,27.806,-3.933,-0.386,28.152,-2.878,51.799,0.949,11.3,12.6,23.9,47.28,1.4,5.2,0.6,1.3,3.9,3.8,2,2.9,1.1,7.6,8.793,1.9,8,9.2,4.8,20.3,75.465,2.5,12.315,3.1,5.6,7.3,78.082,4.5,1.1,1.9,0.3,0.9,2,0.6,1.4,0,0,0,,0,,0,,,3.9,1,0,,1.2,41.667,22,2.2,1,3.6,0.6,1,18.2,61.111,7.4,31.356,1,36,3.274,0.67,23,3.668,0.332,13,2.577,1.269,0,0,,0,1.3,14.4,3.5,0.7
Aaron Francis,Sydney,28,28.39,Key Forward,4,2.825,37,30.25,0,0,0,62.75,3.75,3,6.75,77.778,60,100,77.778,0.25,100,55.556,0.75,0,1.75,3.857,1,6.75,69.5,10.296,125.892,195.393,79.392,26.555,21.171,-0.227,-0.076,35.524,-10.524,60.783,14.217,4,4,8,50,1.5,1.75,0.5,0,1.75,3.75,1.75,0.25,0.5,1,18.408,0.5,1.75,3.25,2.5,0,0,0.25,,0.25,0.5,0.25,100,1.75,0.25,0.25,0,0.25,1.5,0.5,1,0,0,0,,0,,0,,,1.75,0.75,0.25,100,1.25,20,0,0,0.75,0.75,0.75,1.25,5.75,0,2.25,9.783,0.25,3,3.333,-2.333,2,3.18,-2.18,1,3.64,-2.64,0,0,,0,2.25,5.25,2,1.25
Callum Mills,Sydney,28,28.74,Gen. Defender,10,10.28,101.7,90.8,8,0.8,3,83.9,13.7,10.6,24.3,82.716,80.292,85.849,79.835,1.2,50,56.379,1.6,5,1.9,12.789,2.5,9.72,377.3,15.527,265.224,642.524,335.725,245.959,24.505,13.072,1.233,19.381,2.589,66.141,3.556,5.5,15.1,20.6,26.699,5.3,4.6,0.1,1.3,3.3,4.6,3.8,0,1.8,7.5,-27.779,7.6,9.3,3.5,0.2,0.1,0.372,0.3,100,0.6,0.9,0.4,100,6.5,0.1,0,1.2,0,0.6,0.5,0.1,0,0,0,,0,,0,,,2.3,0,0.6,50,0,,1,0.1,0.1,0.2,0,0.4,1.1,50,4.6,19.492,1.6,2,2.775,0.725,2,2.775,0.725,0,,,3.6,33.962,100,1.2,1.9,10.8,8.1,1.4
Lewis Melican,Sydney,29,29.15,Key Defender,10,7.29,53.9,44.4,0,0,0,83.7,6.5,2.9,9.4,82.979,80,89.655,75.532,0.6,33.333,69.149,0.6,1.9,1.6,5.875,1.5,6.267,144,15.319,81.305,225.305,132.018,74.46,20.628,4.976,1.777,18.207,-3.691,66.011,4.956,3.3,6.2,9.5,34.737,4.5,2.1,0,0.6,1.5,3.2,2,0,0.4,2.4,-34.129,4.5,3.1,1.9,0,0,0,0,,0.1,0.1,0.1,100,4.3,0.8,0,1.7,0,0.3,0.7,-0.4,0,0,0,,0,,0,,,2,0.1,1.9,47.368,0,,0,0,0,0,0,0.1,0.1,,1,4.237,0.5,0,,,0,,,0,,,0,0,,0.2,4.4,8.1,6.6,4.1
Tom Papley,Sydney,29,29.46,Gen. Forward,8,7.4,71.125,69.125,9,1.125,1,75.125,10.875,4.75,15.625,60,48.276,86.842,60.8,3.75,50,69.6,4.75,0.125,3,5.208,2.875,5.435,316.25,20.24,125.603,441.853,316.516,172.804,29.105,6.75,1.421,34.193,2.474,47.782,3.885,4.5,11.375,15.875,28.346,0.5,2.5,1.25,1,1.5,2.75,2.125,0.625,1,5.75,28.186,0.125,2.25,7.375,6.125,2.75,10.185,0.25,9.091,1,1.25,1.5,58.333,4.5,0.125,1.875,0,1.625,0.875,0.875,0,0,0,0,,0,,0,,,1.875,0.875,0,,0.375,0,9,1.125,1,3,1.125,2.125,15.5,37.5,5.625,23.684,0.5,24,2.591,-0.007,13,2.784,0.369,11,2.362,-0.453,0,0,,0.625,1.125,9.625,1.5,0.25
Will Hayward,Carlton,27,27.18,Gen. Forward,8,8.738,75.125,57.125,3,0.375,1,83.25,6,5.375,11.375,73.626,79.167,67.442,72.527,1,62.5,52.747,1.625,0.25,2.25,5.056,2.125,5.353,151.5,13.319,123.565,275.065,165.734,88.001,27.622,-2.973,-0.553,28.927,1.073,55.448,14.552,5,7,12,41.667,0.875,3.625,1.875,1.25,2.375,4.5,3.375,0.125,1.375,2.5,27.177,0.25,2.625,4.25,4.875,0,0,0.125,,0,0.125,0.25,0,3.75,0.625,1.75,0.375,0.75,0.5,0.875,-0.375,0,0,0,,0,,0,,,2.5,1.25,0,,0.875,28.571,12,1.5,0.25,2.25,0.375,1.125,12.25,66.667,3.875,16.667,0.5,18,3.415,0.696,13,3.627,1.065,5,2.863,-0.263,0,0,,0,1.125,12.25,2.75,1
Jack Higgins,St Kilda,26,26.78,Gen. Forward,10,7.68,55.5,47.7,0,0,0,84.8,4.6,4.5,9.1,68.132,67.391,68.889,67.033,0.6,33.333,50.549,0.8,0.3,1.3,7,1.7,5.353,121.7,13.374,74.39,196.09,132.827,68.523,28.875,-4.316,-0.981,29.563,2.016,52.465,-10.359,4.2,5.4,9.6,43.75,0.7,2.9,2.2,0.9,2,3.5,2.6,0.4,1.3,2.1,41.212,0.2,1.4,2.3,5.7,0,0,0,,0.4,0.4,0.6,50,2.3,0.2,1.1,0,0.7,0.9,0.4,0.5,0,0,0,,0,,0,,,2,1.4,0,,1,10,16,1.6,0.7,2.7,0.4,0.6,12.9,59.259,4.3,19.907,0.2,27,3.364,0.451,13,4.012,0.449,14,2.763,0.452,0,0,,0.1,0.4,13.4,1.5,0.1
Hunter Clark,St Kilda,26,26.76,Midfielder,8,5.763,65,63.5,0,0,0,59.5,9.75,6.875,16.625,72.932,66.667,81.818,73.684,2.875,52.174,58.647,3.25,1.75,3.75,4.433,2.625,6.333,284.75,17.128,176.939,461.689,262.029,144.861,27.224,3.728,0.542,24.122,-1.586,53.711,5.444,6,10.625,16.625,36.09,1.875,4.5,0.125,0.875,3.625,2.5,2.125,0.875,1.125,6.125,-9.136,3.375,6.125,6.375,0.75,6.75,25,0.75,11.111,1.75,2.5,2.875,78.261,4,0.25,0.125,0.25,0.125,0.25,2.5,-2.25,0,0,0,,0,,0,,,3.875,0.875,0.25,0,0.125,0,0,0,0.25,0.375,0.375,0.625,2.75,0,3.5,16.374,0.5,3,2.255,-1.588,2,2.589,-2.089,1,1.587,-0.587,0.125,1.176,100,0,0.875,11.5,6.125,0.625
Liam Stocker,St Kilda,25,25.93,Gen. Defender,9,5.6,52.222,45,0,0,0,79.667,6.333,4.444,10.778,72.165,82.456,57.5,71.134,1,44.444,58.763,1,1.556,2.222,4.85,2.111,5.105,121,11.227,76.262,197.262,129.253,39.709,20.408,-3.799,-0.877,21.049,-4.977,68.351,-4.065,5,6,11,45.455,4.333,3.333,0,1,2.333,4.222,2.889,0.111,1.556,2.222,-27.666,3.778,5.111,2,0.111,0,0,0,,0.333,0.333,0.333,66.667,3.556,0.333,0,1.111,0.111,1,1,0,0,0,0,,0,,0,,,2.111,0.111,1.111,30,0.111,100,0,0,0,0,0,0,0,,1.111,5.208,0.889,0,,,0,,,0,,,0.222,2.041,100,0,3,7.667,5.667,2.222
Ryan Byrnes,St Kilda,24,24.66,Gen. Defender,4,4.35,48.5,49.5,0,0,0,72.75,7.5,4.25,11.75,72.34,60,94.118,74.468,0.5,0,63.83,0.5,1.75,1.5,7.833,2.25,5.222,186.75,15.894,133.335,320.085,178.86,100.44,23.848,1.87,0.44,19.447,-8.336,54.184,12.483,4.25,7.25,11.5,36.957,1.75,3.25,0.75,0.5,2.75,3,2.75,0.25,1,3.75,-16.253,3.5,4.5,1.75,1.75,0,0,0,,1.25,1.25,1.25,100,3.5,0.25,0.25,0,0.25,0.75,0.5,0.25,0,0,0,,0,,0,,,1.75,1,0.25,100,0.5,100,1,0.25,0.25,0.5,0,0.25,2,50,2.25,10.588,1,2,4.822,-1.322,1,5.29,0.71,1,4.353,-3.353,0,0,,0,0.25,6.75,2.25,0.25
Isaac Keeler,St Kilda,21,21.69,Key Forward,4,4.65,38,31.75,0,0,0,71.75,4,2.25,6.25,72,68.75,77.778,70.833,0.25,100,64,0.25,0.25,2,3.125,2,3.125,76.25,12.2,59.62,135.87,78.105,63.85,20.828,5.005,2.224,29.678,3.655,56.618,1.716,2.5,4.75,7.25,34.483,0.5,1.5,0.5,0,1.5,2.25,1.25,0,0.5,2.75,17.57,1,2,1.75,2.5,2.25,7.895,0,0,0,0,0.25,0,2.25,0.5,0.75,0.25,0.5,0,1,-1,10.25,9.557,1,9.756,0.25,25,0,25,25,1.5,1,0,,1.5,16.667,3,0.75,0,1,0.25,0.75,6.5,75,2.75,12.222,0,4,3.628,0.872,3,3.401,0.599,1,4.31,1.69,0,0,,0,1.5,8.25,2.5,0.75
Nasiah Wanganeen-Milera,St Kilda,22,22.85,Gen. Defender,10,16.9,125.2,114.7,56,5.6,8,85.7,23.4,8.2,31.6,67.722,63.248,80.488,69.62,4.2,59.524,74.051,4.8,5.1,5.3,5.962,5.9,5.356,700.9,22.18,312.181,1013.081,611.738,412.921,26.255,12.261,1.495,21.068,7.353,55.077,10.712,9.3,18,27.3,34.066,3.5,6.5,0.5,1.5,5,3.7,2.9,1.3,0.9,12.4,-10.41,6.1,11.2,7.7,2.3,13,47.445,2.5,19.231,2.3,4.8,5.4,75.926,5,0.3,0.8,0.2,0.4,1.2,0.9,0.3,0,0,0,,0,,0,,,2,0.3,0.2,0,0.1,100,9,0.9,1.2,2.7,1.1,1.7,13.8,33.333,7.2,33.333,1.5,27,3.043,-0.599,10,3.177,-0.377,17,2.965,-0.729,3.6,33.333,100,4.4,1.2,11.5,6.6,0.9
Cooper Sharman,St Kilda,25,25.43,Key Forward,10,9.37,66.9,58.3,3,0.3,2,85,7.1,4,11.1,74.775,69.014,85,72.072,1.6,62.5,63.964,2.1,0.1,2.3,4.826,2.4,4.625,194.9,17.559,103.073,297.973,209.93,102.854,29.99,-4.014,-1.004,31.258,4.456,59.737,6.93,4.5,7.1,11.6,38.793,1.6,2.5,1,0.3,2.2,4.3,2.5,0,0.7,2.2,26.109,0.2,2.5,4.8,4.1,0,0,0,,0.2,0.2,0.1,100,4.9,1.1,2,0.3,1.2,0.6,0.7,-0.1,1.2,1.174,0.1,8.333,0,0,0.1,0,0,1.3,0.4,0,,1.8,22.222,16,1.6,0.9,2.8,0.7,1.1,15.1,57.143,5.5,25.463,0.8,28,3.142,0.608,19,3.279,1.405,9,2.852,-1.074,0,0,,0,2.3,8.2,1.5,2.1
Max Hall,St Kilda,23,23.71,Gen. Forward,10,15.59,91.4,76.5,17,1.7,3,82.4,9.3,8.6,17.9,73.184,63.441,83.721,69.274,3.3,54.545,51.955,4.3,0.9,2.1,8.524,2.5,7.16,317,17.709,207.931,524.931,288.236,166.482,30.993,9.389,1.092,31.849,11.629,48.242,9.729,7.9,10.5,18.4,42.935,1.9,6.2,1.5,0.6,5.6,4.1,3.8,0.6,1.5,6.3,15.287,1,5.2,7.8,4.4,2.9,10.584,0.7,24.138,2.1,2.8,2.7,77.778,3.1,0.1,0.9,0.2,0.4,1.1,0.3,0.8,0,0,0,,0,,0,,,3.5,0.7,0,,0.1,100,12,1.2,0.7,2.4,0.9,1.7,14.1,50,6.7,31.019,1.4,24,2.978,0.313,9,2.902,-0.569,15,3.024,0.842,0,0,,0.3,0.7,19.6,6.8,0.4
Marcus Windhager,St Kilda,22,22.62,Midfielder,10,8.63,92,89.4,13,1.3,3,84.5,13.5,10.9,24.4,73.361,62.222,87.156,71.605,3.5,62.857,55.328,4.1,2.5,2.9,8.414,3.9,6.256,333,13.648,268.786,601.786,319.61,139.716,24.213,2.308,0.214,25.176,-2.035,55.95,0.248,7,17.1,24.1,29.046,2.4,5.5,0.6,1.2,4.3,3.1,2.7,0.5,1,10.8,-13.445,4.9,10.7,7.5,1,11.1,40.511,0.4,3.604,2.5,2.9,3.3,81.818,5.1,0,0.1,0.1,0.9,1.4,1,0.4,0,0,0,,0,,0,,,3.2,0.3,0.1,100,0.1,0,1,0.1,0,0.2,0.4,0.7,3.3,50,4.8,22.222,1.2,2,3.714,-0.714,0,,,2,3.714,-0.714,0,0,,0.1,0.7,14.9,8.4,0.4
Mitch Owens,St Kilda,22,22.26,Key Forward,7,7.986,62.714,51.571,0,0,0,83.143,7.286,4.429,11.714,69.512,56.863,90.323,64.634,1.286,44.444,62.195,1.429,0.143,2.143,5.467,2.286,5.125,191.143,16.317,70.78,261.923,223.08,84.256,30.619,-2.466,-0.557,26.017,1.569,48.267,0.009,7.143,5,12.143,58.824,1.286,3.143,1.714,1,2.143,6.714,2.714,0,0.714,2.571,29.88,0.286,2.286,4.286,5.286,0.714,2.538,0,0,0.429,0.429,0.571,100,2.714,1,0.714,0.143,0.143,2.571,0.429,2.143,5.143,5.07,0.286,5.556,0,0,0,0,0,0.857,0.286,0,,2.857,45,8,1.143,0.857,2.857,0.286,0.571,9.714,40,4.857,21.935,0.571,20,3.405,-0.705,11,3.126,-1.126,9,3.745,-0.19,0,0,,0,1.714,7,1.429,0.714
Anthony Caminiti,St Kilda,22,22.06,Key Defender,10,6.55,60.9,42.4,0,0,0,96.9,6.8,3,9.8,82.653,82.353,83.333,76.531,0.2,50,69.388,0.4,1.5,2.2,4.455,1.5,6.533,131.5,13.418,76.52,208.02,132.201,68.815,20.03,4.802,1.601,18.248,-1.325,69.637,-0.406,3.4,6.4,9.8,34.694,3.8,2.2,0,0,2.2,3,1.8,0,0.5,1.7,-33.856,4.4,3.7,1.6,0.1,0,0,0,,0.3,0.3,0.3,66.667,4.8,0.3,0,0.8,0,0.8,1.2,-0.4,0.7,0.685,0.2,28.571,0,0,0,0,0,0.9,0,1.6,31.25,0,,1,0.1,0,0.1,0,0,0.6,100,1.1,5.093,0.6,1,3.412,2.588,1,3.412,2.588,0,,,0,0,,0,10.5,5.2,4.4,9.8
Darcy Wilson,St Kilda,20,20.36,Mid-Forward,7,7.657,65.286,60.286,7,1,1,79,7.143,6.143,13.286,75.269,66,86.047,72.043,1.143,50,53.763,1.714,1.143,2.571,5.167,2.571,5.167,236,17.763,129.637,365.637,204.269,125.056,28.598,8.87,1.444,24.478,-1.401,52.083,-3.365,3.714,9.714,13.429,27.66,1.286,2.857,1,0.286,2.571,2.571,1.857,0.143,1,5.714,0.371,2.143,5.286,3.143,2.857,0,0,0,,0.571,0.571,1,71.429,3.143,0.286,0.429,0.143,0.286,0.571,0.571,0,0,0,0,,0,,0,,,2.857,0.429,0.286,50,0.429,33.333,8,1.143,0,1.429,0.429,1,10,80,3.714,17.333,0.286,10,4.314,0.486,5,4.849,1.151,5,3.779,-0.179,0,0,,0,0.571,13.429,4.857,0.286
Tobie Travaglia,St Kilda,19,19.18,Gen. Defender,4,3.225,37.5,39.5,0,0,0,49.5,4.25,2.75,7,75,70.588,81.818,57.143,0.5,50,60.714,0.5,1.5,1,7,2.5,2.8,136.75,19.536,59.908,196.658,130.67,32.36,30.746,-0.207,-0.075,18.828,-0.077,55.011,-11.261,2.25,5,7.25,31.034,1.75,1.75,0,0.5,1.25,2,1.5,0,0.5,1.75,-30.217,3.5,2.5,1,0.25,0,0,0,,0,0,0,,3.25,0,0,0,0.25,0.5,0,0.5,0,0,0,,0,,0,,,2.75,0.25,0.25,100,0,,0,0,0,0.25,0,0.25,0.25,0,0.75,3.409,0,1,2.158,-2.158,0,,,1,2.158,-2.158,0,0,,0,0.75,5.75,4.25,0.5
Alixzander Tauru,St Kilda,19,19.12,Key Defender,10,5.27,51.7,42.1,0,0,0,85.1,5.6,3.4,9,78.889,73.214,88.235,76.667,0.3,66.667,62.222,0.4,1.2,2.3,3.913,1.1,8.182,104.8,11.644,98.476,203.276,102.849,67.893,18.366,6.655,1.957,19.526,0.082,72.006,-7.301,3.7,5.5,9.2,40.217,3.7,1.8,0,0.6,1.2,3.3,1.5,0,0.4,1.9,-29.663,3.7,3.7,1.4,0.4,0,0,0,,0.2,0.2,0.1,0,4.3,1,0.3,1.3,0.3,0.8,0.9,-0.1,0,0,0,,0,,0,,,1.7,0,0.7,28.571,0.2,0,1,0.1,0.1,0.3,0,0,0.7,33.333,1.4,6.481,0.7,3,4.313,-1.98,3,4.313,-1.98,0,,,0,0,,0.1,5.9,6.6,5.3,5.6
Jimmy Webster,St Kilda,32,32.5,Gen. Defender,2,-0.05,16.5,14,0,0,0,49.5,2,1,3,100,100,100,83.333,0,,66.667,0,0.5,0,,0,,43,14.333,45.445,88.445,53.055,30.445,26.527,-0.96,-0.96,14.695,10.305,52.455,-2.455,0.5,2.5,3,16.667,0.5,0.5,0,0,0.5,0.5,0.5,0,0,0.5,-33.902,1,1.5,0.5,0,0,0,0,,0,0,0,,2,0,0,0,0,0,0,0,0,0,0,,0,,0,,,0,0,0,,0,,0,0,0,0,0,0,0,,0.5,2.326,0,0,,,0,,,0,,,0,0,,0,0.5,4.5,3.5,0.5
Mason Wood,St Kilda,32,32.29,Mid-Forward,10,6.22,70.8,67.3,0,0,0,87.4,9.4,4.7,14.1,65.248,60.638,74.468,64.539,1.8,66.667,66.667,2.1,0.6,2.7,5.222,2.7,5.222,241.7,17.142,129.02,370.72,261.503,121.275,27.819,-0.026,-0.006,28.058,1.792,59.457,4.722,5.9,8.8,14.7,40.136,2,3.4,1.2,0.6,2.8,4.7,2.4,0.1,0.6,2.8,11.006,1.7,4.2,4.6,4.2,0,0,0.2,,0.8,1,0.7,71.429,5.6,0.8,1.8,0.6,0.9,1.3,0.7,0.6,0.6,0.587,0.1,16.667,0.1,100,0,100,100,1.8,0.6,0.2,0,0.9,33.333,9,0.9,1,2.6,0.5,0.7,9.6,34.615,4.7,21.759,0.6,26,3.708,-1.247,22,3.895,-1.532,4,2.679,0.321,0,0,,0,2,9.5,3.3,1.5
Jack Macrae,St Kilda,31,31.41,Midfielder,10,11.55,95.6,83.3,0,0,0,65.4,10,11.6,21.6,73.611,62,83.621,70.698,3,53.333,46.296,3,1.4,2.6,8.308,3.6,6,231.6,10.722,225.055,456.655,241.038,99.837,24.347,-15.657,-1.361,26.985,-1.722,52.77,1.967,10.9,11.1,22,49.545,2.6,8,0.8,2.1,5.9,3.5,3.2,1.8,1.7,7.5,-4.95,3.7,7.9,8.9,1.5,14.9,54.38,1.1,7.383,4,5.1,6.2,74.194,2.9,0,0.1,0.3,0.1,1.1,0.8,0.3,0.1,0.098,0,0,0,,0,,,5.5,0.5,0,,0.1,0,1,0.1,0.1,0.2,0.6,1.1,4.8,50,4.3,19.907,1.2,2,2.874,0.626,1,3.887,2.113,1,1.861,-0.861,0,0,,0.1,0.8,15.6,7.3,0.1
Bradley Hill,St Kilda,32,32.47,Mid-Forward,9,7.033,71.778,76.778,0,0,0,84.111,12.556,6.778,19.333,73.563,69.027,81.967,71.098,3,40.741,64.943,3.222,1.889,2.556,7.565,3.333,5.8,332.667,17.207,237.38,570.047,307.936,163.742,24.745,0.792,0.117,26.304,-1.304,55.701,11.299,3.333,15.333,18.667,17.857,2.222,3,0.556,0.333,2.667,2.556,2.222,0,1,7.889,-11.889,4.444,6.333,6.556,1.333,0,0,0.111,,0.556,0.667,0.556,40,6.222,0.111,0.222,0.333,0.778,0.111,0.222,-0.111,0,0,0,,0,,0,,,1.667,0,0.222,0,0.333,33.333,1,0.111,0.111,0.222,0.333,0.889,3.333,50,3.889,18.229,0.556,2,1.917,1.583,0,,,2,1.917,1.583,0,0,,0.444,0.778,10.778,6.889,0.556
Jack Steele,Melbourne,30,30.04,Midfielder,10,8.11,88.6,92.3,3,0.3,1,72.7,7.2,12.4,19.6,72.959,54.167,83.871,70.918,2.7,44.444,36.735,3,0.7,4.1,4.78,3,6.533,196.8,10.041,252.883,449.683,212.909,75.527,29.571,-6.142,-0.495,27.995,0.577,50.311,-5.866,9.1,10.8,19.9,45.729,1.7,6.6,0.5,2.5,4.1,2.6,2.3,1.7,1,6,-0.6,1.6,9.2,7.4,1.7,18.6,67.883,1.6,8.602,2.7,4.3,5.7,70.175,4.3,0.2,0.6,0,0.1,0.7,2.1,-1.4,0,0,0,,0,,0,,,9.3,0.9,0.1,0,0.1,100,2,0.2,0.2,0.6,0.4,0.9,4.3,33.333,5.3,24.537,1,6,3.126,-0.793,5,3.306,-0.706,1,2.228,-1.228,0,0,,0.4,0.9,20.1,10.3,0.4
Callum Wilkie,St Kilda,29,29.81,Key Defender,10,9,84.5,74,16,1.6,3,99.7,13.6,3.3,16.9,86.982,86.765,87.879,80.473,0.5,80,80.473,0.6,3.6,1.6,10.562,1.6,10.562,272.4,16.118,242.94,515.34,276.16,176.476,20.306,0.589,0.178,17.156,6.152,68.262,7.677,3.8,11.9,15.7,24.204,6,2.3,0,0.3,2,3.6,2.2,0,0.3,4,-37.458,7.7,5.4,2.6,0,0,0,0,,0.2,0.2,0.1,100,7.7,0.7,0,2.6,0.5,0.7,0.8,-0.1,0.1,0.098,0,0,0,,0,,,1.3,0,1.9,31.579,0.2,0,0,0,0,0,0,0.2,0.2,,2.8,12.963,1.1,0,,,0,,,0,,,1.1,10.185,100,0.5,3.5,7.5,6.4,2.7
Dan Butler,St Kilda,29,29.57,Gen. Forward,4,2.725,29.75,36.5,0,0,0,63.75,5,2.5,7.5,60,40,100,60,0.5,50,66.667,0.75,0.25,3.25,2.308,3,2.5,147,19.6,64.743,211.743,136.258,61.475,27.252,0.235,0.094,33.073,-33.073,44.961,-18.295,2,6,8,25,0.5,1.75,1.25,0.5,1.25,1.5,1.25,0,1,3.5,26.392,0.25,1.5,2.75,3.5,0,0,0,,0.25,0.25,0,,2,0,0.25,0.5,0,0.5,1,-0.5,0,0,0,,0,,0,,,2,1.5,0,,0.25,0,3,0.75,0.5,1.25,0,0,5,60,2.25,10.112,0,5,3.064,0.936,0,,,5,3.064,0.936,0,0,,0.5,0.75,12,2,0.75
Rowan Marshall,St Kilda,30,30.1,Ruck,10,14.83,118.4,113.8,13,1.3,3,86.7,12.7,6.8,19.5,61.538,51.969,79.412,65.641,2.5,56,65.128,3.3,0.4,3.8,5.132,2.8,6.964,262.1,13.441,185.888,447.988,265.739,137.563,20.924,9.017,1.346,24.697,7.218,57.81,-3.555,8.8,9.6,18.4,47.826,2.4,4.1,0.6,1.4,2.7,3.3,1.2,0,0.4,5,-0.956,2.4,7.6,5.9,2.5,23.6,86.131,1.3,5.508,3.1,4.4,6.2,75.806,4.6,0.9,0.9,0.8,0.7,2,2,0,79.7,77.984,27.1,34.003,8.1,29.889,1.7,51.292,42.066,5.1,0.5,0.6,33.333,1.5,26.667,7,0.7,0.6,1.5,0.9,1.4,10.7,46.667,7.3,33.796,4,15,3.642,-0.442,11,4.017,-0.927,4,2.608,0.892,0,0,,0,2.6,11.3,6.4,1.8
Jack Sinclair,St Kilda,30,30.88,Gen. Defender,10,11.97,107.8,97.5,15,1.5,3,86.5,19.2,7.3,26.5,84.528,81.25,93.151,80.303,2.6,42.308,72.453,3.2,4.9,1.8,14.722,3,8.833,476.8,17.992,331.842,808.642,447.714,317.426,23.564,6.394,0.876,19.469,4.419,64.778,9.666,5.3,15.5,20.8,25.481,4.6,4.4,0.2,0.4,4,4.2,3.5,0.1,2.1,9.3,-20.736,6.2,8.1,6,0.5,0.9,3.285,0.1,11.111,1.1,1.2,0.7,100,4.6,0.1,0.2,0.1,0.3,0.4,0.4,0,0,0,0,,0,,0,,,2.7,0.1,0,,0.1,0,2,0.2,0.3,0.6,0.3,0.6,3.6,33.333,4.7,21.759,1.5,6,2.745,-0.245,1,2.2,3.8,5,2.854,-1.054,5.7,52.778,98.246,0.8,1.3,12.6,8.1,0.6
Xavier O'Halloran,Greater Western Sydney,25,25.47,Midfielder,10,9.89,72,67.8,6,0.6,1,82.4,9.9,7.9,17.8,65.169,57.576,74.684,64,3.7,35.135,55.618,4.4,0.9,3.7,4.811,3.7,4.811,354.6,19.921,162.061,516.661,294.271,174.396,30.337,31.932,4.094,28.92,-5.843,46.762,4.521,7.6,10.4,18,42.222,1.9,5.2,0.9,1,4.2,3.5,3.1,1.4,1.4,7.4,1.531,2,6.6,7.1,2.3,15.7,50.645,1.1,7.006,1.8,2.9,3.7,75.676,2.4,0,0,0.1,0.3,0.7,1.3,-0.6,0,0,0,,0,,0,,,3.7,0.5,0.1,0,0,,5,0.5,0.5,1.2,0.7,1,8,41.667,4.6,17.761,0.6,12,2.223,0.694,2,1.596,1.404,10,2.348,0.552,0,0,,0.5,0.5,19.8,8.9,0.1
Connor Idun,Greater Western Sydney,25,25.42,Gen. Defender,10,8.84,76.8,65.3,10,1,3,89.3,9.6,6.7,16.3,85.276,84.375,86.567,75.46,0.4,25,58.896,0.4,4.7,2.3,7.087,2.8,5.821,263,16.135,176.331,439.331,235.345,135.024,24.515,8.331,1.243,13.162,4.421,64.203,-1.565,4.6,11.5,16.1,28.571,5.3,3.2,0,1,2.2,4.3,3,0.1,0.8,5.2,-48.232,11,4.1,1,0,0,0,0,,0.4,0.4,0.2,100,6.8,0.8,0,1.7,0,0.4,0.7,-0.3,0,0,0,,0,,0,,,1.1,0,1.9,5.263,0,,0,0,0,0,0,0,0,,2.2,8.494,0.8,0,,,0,,,0,,,0,0,,1.2,4.6,4.8,4.3,4.2
Jake Riccardi,Greater Western Sydney,26,26.14,Key Forward,10,7.16,71.7,71,0,0,0,72.8,7.4,4.9,12.3,65.854,55.405,81.633,63.115,2,50,60.163,2.3,0.2,2.9,4.241,3,4.1,193.8,15.756,108.558,302.358,211.091,92.865,28.917,-2.085,-0.426,31.988,3.568,52.377,-7.933,4.5,7.6,12.1,37.19,1.2,2.4,1.2,0.4,2,3.2,1.8,0,0.6,3.4,23.76,0.2,3.3,4.6,4,8.6,27.742,0.5,5.814,0.5,1,1.5,80,4.4,0.9,1,0.3,0.9,0.7,1.2,-0.5,26.6,27.366,7.2,27.068,1.8,25,0.4,43.056,38.889,3.6,1,0.5,0,0.7,14.286,10,1,1.1,2.5,0.8,1.5,12.6,40,5.5,21.236,1.2,25,3.302,-0.462,14,3.334,-0.262,11,3.261,-0.716,0,0,,0,1.4,12.7,6.4,1.2
Toby Bedford,Greater Western Sydney,25,25.59,Mid-Forward,10,9.45,62.5,56.2,0,0,0,81.6,6.1,5.4,11.5,72.174,63.934,81.481,69.565,2.1,47.619,53.043,2.2,0.5,2.2,5.227,2.6,4.423,212.7,18.496,139.111,351.811,188.706,116.524,30.935,5.899,1.092,31.156,2.177,45.481,-0.243,4.5,6.7,11.2,40.179,1.5,3.4,1.8,0.7,2.7,3.3,2.7,0.3,1.2,3.5,15.849,0.8,3.2,3.5,3.7,1.7,5.484,0.3,17.647,0.6,0.9,1,70,2.3,0,0.5,0.1,0.4,0.7,1,-0.3,0,0,0,,0,,0,,,3.7,1.4,0,,0.5,20,12,1.2,0.5,1.8,0.8,1.4,13.1,66.667,4.3,16.602,0.5,18,3.541,0.736,8,3.737,0.388,10,3.385,1.015,0,0,,0.1,0.5,15.6,4.9,0.3
Leek Aleer,Greater Western Sydney,24,24.36,Key Defender,9,7.2,55.222,37.667,0,0,0,91.667,4.667,4.778,9.444,84.706,88.095,81.395,77.381,0.444,50,49.412,0.667,1,2.333,4.048,1.444,6.538,104.667,11.082,100.71,205.377,93.593,49.493,20.545,8.801,1.842,16.474,6.026,68.439,-3.439,4.889,4.778,9.667,50.575,6.333,2.333,0,0.444,1.889,4.778,2.222,0,0.889,1.778,-40.923,5.222,3.333,1.111,0,0,0,0,,0.111,0.111,0.111,100,3.556,1,0,2.222,0,1.667,1.778,-0.111,0,0,0,,0,,0,,,1.778,0,2.111,57.895,0,,0,0,0,0,0,0,0,,1.333,5.172,0.889,0,,,0,,,0,,,0,0,,0.111,4.667,7.444,6.111,4.333
Lachie Ash,Greater Western Sydney,24,24.52,Gen. Defender,10,10.45,103.1,92.9,2,0.2,2,83.9,18.1,8.3,26.4,77.652,74.586,84.337,70.342,3,43.333,68.561,3.3,5.4,2.9,9.103,4.7,5.617,532.2,20.159,300.826,833.026,463.622,279.824,25.757,22.81,2.748,19.242,-1.163,61.638,-1.751,5.3,16.5,21.8,24.312,4.4,4.4,0,0.7,3.7,3.7,2.9,0,1.3,10.6,-31.144,9,8.2,4.6,0,0,0,0.2,,1.2,1.4,0.7,71.429,5.3,0.4,0,0.5,0.3,0.8,0.7,0.1,0,0,0,,0,,0,,,1.7,0,0.6,33.333,0,,1,0.1,0,0.1,0.2,0.6,2.2,100,4,15.444,1.1,1,2,4,0,,,1,2,4,4.3,41.748,97.674,3.8,1.8,8.9,7.2,1.5
Tom Green,Greater Western Sydney,24,24.93,Midfielder,10,17.31,110.3,93.1,46,4.6,7,81.9,12.2,16,28.2,70.213,59.016,78.75,71.986,3.6,52.778,43.262,4.4,2.1,3.6,7.833,3.7,7.622,372.4,13.206,339.745,712.145,348.866,189.578,28.596,6.096,0.381,23.429,8.924,49.241,11.544,17,11.4,28.4,59.859,2.9,10.7,1,2.5,8.2,3.8,3.4,5,1.8,7.8,-6.964,4.8,12,9.3,2.3,23.9,77.097,3.3,13.808,6.7,10,11.2,77.679,2.6,0.1,0.2,0.4,0.3,0.9,1.3,-0.4,0.4,0.412,0,0,0,,0,,,4,0.3,0,,0.1,0,5,0.5,0.7,1.4,1,1.1,9.8,35.714,7.8,30.116,2.5,14,2.804,-0.161,3,3.808,0.526,11,2.53,-0.348,0,0,,0.3,1,17.7,9.6,0.1
Jack Buckley,Greater Western Sydney,28,28.03,Key Defender,5,8.48,65.8,47.6,0,0,0,77.2,6.2,4.8,11,80,83.871,75,78.182,0,,56.364,0,3.8,1.2,9.167,0.8,13.75,186,16.909,135.09,321.09,141.408,128.844,22.808,25.038,5.216,14.56,4.795,62.869,8.099,4.4,6.2,10.6,41.509,4.6,2.4,0,0.6,1.8,4.2,2.4,0.2,1,2,-47.577,7.2,2.2,1.2,0,0,0,0,,0,0,0.2,0,4.8,1.2,0,1.4,0,0.6,0.4,0.2,0,0,0,,0,,0,,,1.4,0,2.4,16.667,0.2,100,0,0,0,0,0,0,0,,1.8,6.716,0.6,0,,,0,,,0,,,0,0,,0.4,5.4,6,5.2,5.2
Callum Brown,Greater Western Sydney,25,25.37,Gen. Forward,10,8.76,62.2,54.5,0,0,0,82,7.8,3.5,11.3,76.106,70.513,88.571,74.107,1.7,41.176,69.027,2.1,0.3,2.7,4.185,2.4,4.708,239.7,21.212,124.572,364.272,227.867,133.873,29.214,5.718,1.634,28.176,3.403,55.257,-2.625,4.3,7.1,11.4,37.719,1.6,2.6,0.8,1,1.6,4,2.5,0.1,0.7,2.9,15.607,0.5,3.3,4.8,2.8,0,0,0,,0.3,0.3,0.2,100,3.8,0.6,0.6,0.2,0.7,1.1,1,0.1,0,0,0,,0,,0,,,1.8,0.6,0,,0.8,25,12,1.2,0.2,1.9,0.6,0.9,11.3,63.158,4.5,17.375,0.5,19,3.492,0.403,8,3.556,0.319,11,3.446,0.463,0,0,,0.3,0.6,11.8,3.8,0.4
Ryan Angwin,Greater Western Sydney,23,23.05,Midfielder,10,9.23,70.6,69.2,1,0.1,1,79.6,8.3,8.3,16.6,71.687,66.265,77.108,69.277,2.5,48,50,2.5,1.8,2.4,6.917,2.2,7.545,262.4,15.807,201.1,463.5,228.881,128.455,27.912,21.539,2.595,24.227,4.886,54.11,-4.743,6.7,10.1,16.8,39.881,3.9,5.4,0.7,0.8,4.6,4,3.2,0.2,1.9,6,-9.984,4,5.9,5.6,1.3,0,0,0.6,,0.9,1.5,1.3,69.231,3.6,0.1,0,1,0.2,1.2,0.3,0.9,0,0,0,,0,,0,,,4,0.3,0.6,33.333,0,,1,0.1,0,0.3,0.5,0.7,3.8,33.333,4,15.444,1.5,3,3.308,-1.308,0,,,3,3.308,-1.308,0,0,,0,1,15.3,8.4,0.9
Aaron Cadman,Greater Western Sydney,21,21.83,Key Forward,10,10.61,73.4,63.7,14,1.4,3,83.8,7.9,2.3,10.2,66.667,63.291,78.261,66.667,1.5,53.333,77.451,1.7,0,1.6,6.375,2.2,4.636,229.4,22.49,60.431,289.831,242.872,137.397,31.137,6.955,3.024,29.061,5.149,58.651,-0.756,4.7,6.1,10.8,43.519,0.4,1.9,1,0.3,1.6,4.7,1.9,0,0.9,1.5,33.844,0,2.2,3.5,5.1,0,0,0,,0,0,0,,5,1.4,2.2,0.1,1.3,1.2,0.6,0.6,0.4,0.412,0,0,0,,0,,,1.6,0.8,0,,3.3,27.273,23,2.3,0.8,3.7,0.6,0.8,18.4,62.162,5.6,21.622,0.1,37,3.436,0.509,27,3.578,0.644,10,3.055,0.145,0,0,,0.1,2.1,10.2,1.6,1.6
Darcy Jones,Greater Western Sydney,21,21.74,Gen. Forward,10,10.36,68.6,56.1,1,0.1,1,79.3,6.3,7,13.3,64.662,65.079,64.286,69.925,2.1,66.667,47.368,3.2,0.4,2.6,5.115,2.3,5.783,234.8,17.654,151.001,385.801,172.045,143.688,27.749,23.1,3.3,30.617,1.992,51.262,9.607,6.5,7.2,13.7,47.445,1.3,5.1,1.6,1.2,3.9,4.4,3.5,0,1.5,4.8,15.273,0.5,4.5,5.5,3.2,1.6,5.161,0.5,31.25,0.8,1.3,0.7,85.714,1.9,0.2,0.1,0,0.4,0.8,0.2,0.6,0,0,0,,0,,0,,,3,0.8,0.1,0,0.6,33.333,8,0.8,0.5,1.3,0.5,1.4,9.2,61.538,5.4,20.849,1,13,3.78,0.297,1,4.951,1.049,12,3.682,0.234,0,0,,1,0.9,17.8,6.7,0.1
Harry Rowston,Greater Western Sydney,21,21.38,Midfielder,8,6.6,52.5,54,2,0.25,1,59.375,8.5,3.25,11.75,67.021,60.294,84.615,69.149,2.875,56.522,72.34,2.875,0.75,2.25,5.222,1.625,7.231,236.75,20.149,134.546,371.296,221.528,138.64,26.062,10.096,3.107,26.848,14.328,57.144,7.562,3.5,8.125,11.625,30.108,1.5,2.625,0.5,0.375,2.25,2.5,2,0.375,1,4.125,1.705,1,4.75,4.125,1.75,11.125,35.6,0.25,2.247,0.625,0.875,1,62.5,3.25,0,0.625,0.125,0.5,0.375,0.875,-0.5,0,0,0,,0,,0,,,2.625,0.75,0,,0,,5,0.625,0.25,1.25,0.75,1,8.75,50,4,15.311,1,10,3.447,-0.247,6,3.782,1.218,4,2.943,-2.443,0,0,,0,0.5,13.875,6.25,0.25
Finn Callaghan,Greater Western Sydney,22,22.68,Midfielder,10,17.37,118.5,107.6,59,5.9,8,82.4,16.9,12.2,29.1,73.196,65.68,83.607,70.79,4.9,61.224,58.076,5.9,3,4.5,6.467,4.9,5.939,593,20.378,292.093,885.093,502.32,345.298,29.9,26.857,2.201,24.631,10.743,52.704,1.037,9.6,19.5,29.1,32.99,3.1,6.2,0.4,1.8,4.4,2.8,2.2,1.8,0.9,14,-13.253,5.8,13.6,9,0.7,25.8,83.226,2.4,9.302,3.1,5.5,6.4,79.687,4.7,0.3,0.1,0.8,0.3,0.6,1.4,-0.8,0,0,0,,0,,0,,,4.9,0.1,0.1,100,0,,4,0.4,0,0.6,0.8,1.2,7.6,66.667,7.6,29.344,2.1,6,2.678,1.322,1,2.504,3.496,5,2.712,0.888,0,0,,2.5,1.1,13.8,7.9,0.1
Nicholas Madden,Greater Western Sydney,21,21.62,Ruck,1,17.1,99,63,0,0,0,68,2,9,11,72.727,100,66.667,72.727,2,50,18.182,2,0,2,5.5,1,11,112,10.182,69.84,181.84,87.21,66.54,43.605,18.07,2.008,27.45,22.55,37.05,12.95,12,1,13,92.308,4,10,0,5,5,7,7,0,2,1,-19.211,2,8,3,0,24,70.588,1,4.167,3,4,3,100,0,0,0,0,0,2,2,0,83,70.94,31,37.349,11,35.484,0,45.161,32.258,3,0,1,0,0,,0,0,0,0,0,0,0,,4,15.385,4,0,,,0,,,0,,,0,0,,0,3,17,14,2
Harvey Thomas,Greater Western Sydney,20,20.39,Gen. Forward,8,7.65,59.375,57.375,0,0,0,64.875,7,5.375,12.375,80.808,75,88.372,74.747,1.5,50,56.566,1.875,0.75,0.75,16.5,1.5,8.25,207.5,16.768,177.716,385.216,199.692,89.835,28.528,0.253,0.047,23.878,3.781,57.018,0.429,3.75,8.75,12.5,30,2.25,2.875,0.625,0.75,2.125,2.75,2.125,0,0.75,4,-2.855,2,5,3.25,2.25,0,0,0.375,,0.75,1.125,0.625,100,3.875,0.125,0.375,0.5,0.125,0.625,0.5,0.125,0,0,0,,0,,0,,,2.875,0.875,0.25,0,0.25,0,4,0.5,0.375,1,0.25,0.5,5.125,50,4.375,16.827,1,8,3.36,0.015,5,3.624,0.176,3,2.921,-0.254,0,0,,0.5,0.875,12.25,5.125,0.375
Joe Fonti,Greater Western Sydney,21,21.01,Gen. Defender,10,5.15,52.4,47.7,0,0,0,79.2,6.2,5.5,11.7,76.068,67.742,85.455,72.65,0.8,37.5,52.991,0.8,2.1,2.7,4.333,2.6,4.5,188.4,16.103,141.541,329.941,141.495,87.793,22.822,20.187,3.67,21.179,-0.84,63.696,-6.069,3.3,8.8,12.1,27.273,3.2,2.6,0,0.4,2.2,2.9,2.3,0,0.9,4.5,-34.701,5.5,5,1.6,0,0,0,0.1,,0.2,0.3,0,,3.9,0.2,0,0.7,0.5,0.3,1.3,-1,0,0,0,,0,,0,,,2.5,0,0.5,20,0,,0,0,0,0,0,0.3,0.3,,2.2,8.494,0.4,0,,,0,,,0,,,0,0,,0.6,2.3,10.2,7.4,1.7
Jake Stringer,Greater Western Sydney,31,31.68,Gen. Forward,8,11.55,73.375,58.375,8,1,3,71.375,7.75,3.875,11.625,60.215,51.613,77.419,63.441,1.375,54.545,66.667,1.75,0.25,2.25,5.167,2.625,4.429,246.25,21.183,74.49,320.74,228.606,139.301,29.981,15.65,4.039,35.446,-3.304,47.7,2.3,6.375,5.125,11.5,55.435,1.25,4.625,3,1.25,3.375,5.375,4,0.25,1.75,1.625,37.524,0.125,2.375,1.875,7.125,0.25,0.81,0.125,50,0.75,0.875,0.875,71.429,3,0.625,2.5,0.125,0.625,0.75,1,-0.25,0,0,0,,0,,0,,,1.625,0.75,0,,0.875,42.857,17,2.125,1.375,4,0.875,1.375,19.875,53.125,6,23.529,0.75,32,3.127,0.404,19,3.584,0.206,13,2.46,0.694,0,0,,0,0.375,10.5,2.25,0.25
Lachie Whitfield,Greater Western Sydney,31,31.45,Gen. Defender,9,8.878,108.778,102.556,5,0.556,2,75.222,18.778,8.111,26.889,81.818,81.657,82.192,76.86,1.889,52.941,69.835,2.111,6,2.556,10.522,3.333,8.067,465.889,17.326,384.933,850.822,442.151,293.623,23.547,14.036,1.73,18.063,-3.517,67.047,4.468,4.556,16.778,21.333,21.354,5,3.222,0,0.556,2.667,4.222,2.889,0,1.333,9.111,-24.806,7.444,8.556,5.222,0.111,0,0,0,,0.222,0.222,0.111,100,7.111,0.333,0.111,1.111,0.667,0.667,0.778,-0.111,0,0,0,,0,,0,,,2.556,0,0.778,42.857,0,,0,0,0.111,0.111,0,0.333,0.444,0,4.111,16.228,1.778,1,2.189,-1.189,0,,,1,2.189,-1.189,5.444,49.495,93.878,0.333,1,11.222,8.222,0.444
Toby Greene,Greater Western Sydney,32,32.26,Gen. Forward,9,12.444,83,84.556,23,2.556,3,87.333,11.889,4,15.889,62.937,57.009,80.556,63.636,3,59.259,74.825,3.444,0.556,4.333,3.667,4.667,3.405,324,20.392,113.573,437.573,320.842,173.111,27.241,7.093,1.773,33.421,7.756,56.055,4.239,5.889,10.333,16.222,36.301,1,3.556,1.556,0.667,2.889,4,2.556,0.556,1.333,4.556,22.992,0.778,3.556,6,5.889,2.111,6.738,0.556,26.316,0.889,1.444,1.222,72.727,5.556,0.667,1.667,0.333,1.556,1.111,1.889,-0.778,0.333,0.336,0,0,0,,0,,,3.667,0.889,0,,0.889,25,19,2.111,1.444,4,0.667,1.222,18.667,52.778,7.444,27.347,0.667,36,3.081,0.446,18,3.145,0.855,18,3.017,0.038,0,0,,0,0.667,13.111,3.778,0.444
Jesse Hogan,Greater Western Sydney,30,30.88,Key Forward,5,3.12,47,43.4,0,0,0,82.4,5,2.4,7.4,56.757,52,66.667,62.162,0.6,33.333,67.568,0.6,0,1.6,4.625,2,3.7,120,16.216,62.96,182.96,146.01,63.656,30.419,-0.444,-0.185,33.822,-17.155,59.935,6.732,3.4,4,7.4,45.946,0,1.2,1,0.6,0.6,3.2,1,0,0,1,43.539,0.4,0.4,1.6,5,0,0,0,,0,0,0.2,0,4,1.4,3,0,1.6,0.8,0.8,0,0.2,0.201,0,0,0,,0,,,0.6,0.6,0,,2,50,8,1.6,1.2,3.8,0.2,0.2,12,42.105,4.4,18.966,0,19,3.683,-0.841,17,3.715,-0.951,2,3.411,0.089,0,0,,0,1.2,3.6,0.4,1
Josh Kelly,Greater Western Sydney,30,30.88,Midfielder,5,10.86,77.2,64.2,0,0,0,75.6,7.6,9.4,17,76.471,60.526,89.362,68.235,2.8,21.429,44.706,4.2,1.4,1.8,9.444,3.4,5,272.6,16.035,225.09,497.69,248.796,97.228,32.736,1.968,0.209,25.74,-5.74,47.073,-7.073,7,10.4,17.4,40.23,3,4.6,0.6,0.4,4.2,3.6,2.6,0.8,1.4,7.2,-12.093,5,4.8,6.2,1.4,1.8,5.769,0.4,22.222,2.2,2.6,3,73.333,2.8,0.2,0,0.4,0,1,0.2,0.8,0,0,0,,0,,0,,,2.2,0.2,0.8,75,0.4,0,4,0.8,0.2,1,0.4,0.8,7.8,80,5,18.797,1.4,5,2.95,2.05,1,5.955,0.045,4,2.199,2.551,0,0,,0,2,13.8,8,1
Harry Himmelberg,Greater Western Sydney,29,29.64,Gen. Defender,10,11.02,92.4,79.1,21,2.1,3,87.1,12.5,5.9,18.4,82.609,80.8,86.441,78.804,1.1,36.364,67.935,1.2,4.6,2.2,8.364,2.3,8,306.1,16.636,243.04,549.14,286.524,177.406,23.107,16.625,2.818,17.239,-1.984,66.584,3.755,5.3,11.8,17.1,30.994,5.9,3.6,0,0.9,2.7,4.8,3.2,0,0.7,4.2,-34.436,7.6,6.7,2.5,0.3,0,0,0.2,,0.4,0.6,0.3,100,8,1.1,0.1,2.3,0.3,0.4,0.9,-0.5,0,0,0,,0,,0,,,1.7,0,2.3,8.696,0,,2,0.2,0.1,0.3,0.1,0.2,2,66.667,2.5,9.653,1.1,3,2.761,1.573,2,2.669,0.831,1,2.943,3.057,1.1,10.68,90.909,1,5.6,6.6,5.2,5.1
Noah Balta,Richmond,26,26.18,Key Defender,8,7.025,57.125,52.375,0,0,0,83.25,8,2.875,10.875,63.218,57.812,78.261,55.172,1.625,38.462,73.563,1.875,1.375,2.625,4.143,3.75,2.9,243.375,22.379,81.385,324.76,251.18,89.514,31.398,7.112,2.474,23.425,2.575,52.889,-0.889,5.5,5.75,11.25,48.889,1.875,3,0.5,1,2,4,2.375,0,0.25,1.375,0.439,2.25,3.125,3.625,2.25,1.875,6.944,0.25,13.333,1,1.25,1.625,76.923,4.75,1,1.125,0.5,1.5,0.75,1.125,-0.375,7.625,8.391,2.5,32.787,0.75,30,0.75,40,50,1.25,0,0.5,50,1.375,18.182,4,0.5,0.5,1.25,0.375,0.5,5.875,40,2.75,16.296,0.25,10,3.097,-0.297,8,3.217,-1.217,2,2.616,3.384,0,0,,0.375,1.875,6.375,2.625,1.75
Ben Miller,Richmond,26,26.33,Key Defender,10,8.73,71.6,59.2,1,0.1,1,95,10,2.9,12.9,84.496,86,79.31,80.469,0.6,66.667,77.519,0.7,3.2,1.8,7.167,1.6,8.062,272.9,21.155,170.981,443.881,261.571,189.442,26.157,6.398,2.206,15.078,2.63,62.542,12.458,3.6,7.9,11.5,31.304,4.9,2,0,0.3,1.7,3.4,2,0.1,0.5,2,-44.61,6.2,4.2,1.1,0,0,0,0,,0.1,0.1,0.1,0,6.2,0.9,0,2,0,0.5,0.9,-0.4,0.2,0.221,0.2,100,0,0,0,0,50,1.7,0,3.1,35.484,0.1,0,0,0,0,0,0,0,0,,1.9,10.795,0.9,0,,,0,,,0,,,1.4,11.2,78.571,0,5.7,7.7,6.7,5
Jack Ross,Richmond,25,25.32,Mid-Forward,10,10.72,88.7,80.1,5,0.5,2,80.1,8.3,13.3,21.6,77.315,69.88,81.955,71.296,3.2,40.625,38.426,4,1,3.1,6.968,4.1,5.268,265.4,12.287,258.521,523.921,243.8,120.729,29.373,13.395,1.007,27.45,-1.476,52.619,-1.97,8.9,13.6,22.5,39.556,2.1,6.5,0.4,2,4.5,3.6,3,1.5,1.1,9.3,-2.283,2.7,9,9.3,1.5,14.5,56.202,1.1,7.586,3.1,4.2,4.5,82.222,3.9,0.3,0.2,0.3,0.2,0.4,1.3,-0.9,0.1,0.11,0,0,0,,0,,,4.9,0.2,0,,0.1,0,1,0.1,0.2,0.3,0.5,0.8,4.1,33.333,5,28.409,0.9,3,2.763,-0.096,2,2.793,0.707,1,2.702,-1.702,0,0,,0.4,0.8,18.5,9.5,0.2
Rhyan Mansell,Richmond,25,25.57,Gen. Forward,10,7.26,60.2,65.9,1,0.1,1,80.6,8.3,4.3,12.6,65.079,57.831,79.07,64.286,2.5,44,65.873,2.8,0.2,2.9,4.345,4,3.15,229.8,18.238,93.769,323.569,243.304,116.53,29.314,-4.659,-1.083,30.757,7.84,47.776,3.101,4.2,7.9,12.1,34.711,1.3,2.9,0.8,1.1,1.8,4,2.7,0,1.3,3.7,20.443,0.5,3.1,4.7,3.8,0,0,0,,0.1,0.1,0.2,100,3.8,0.4,1.3,0,0.7,1,1,0,0,0,0,,0,,0,,,3.8,1.4,0.2,50,0.7,28.571,12,1.2,0.6,1.8,0.5,1,11.3,66.667,4.8,27.273,0.5,18,3.166,1.168,11,3.398,1.238,7,2.8,1.057,0,0,,0.1,0.7,15.2,3.9,0.4
Hugo Ralphsmith,Richmond,24,24.14,Midfielder,3,7.433,57.667,44,0,0,0,75.333,5.333,5.667,11,78.788,75,82.353,69.697,1.333,50,48.485,2,1,1.333,8.25,2,5.5,181,16.455,137.843,318.843,181.863,101.493,34.099,2.51,0.443,20.45,-5.065,51.21,-5.056,5,5.667,10.667,46.875,4,4.667,0.333,1,3.667,3.333,3,0,1,3,-8.614,2,3.667,4.333,0.667,0,0,0,,0.667,0.667,1,66.667,2.333,0,0.333,0.667,0.333,0.333,0.333,0,0,0,0,,0,,0,,,2,0.333,0.333,0,0,,1,0.333,0.333,1,0.333,0.333,4.333,33.333,2,12.766,1,3,2.981,-0.648,1,4.006,-3.006,2,2.469,0.531,0,0,,0,1.667,8.333,6,1.667
Sam Banks,Richmond,22,22.74,Gen. Defender,10,8.11,86.9,88.8,0,0,0,81.3,15.7,6.4,22.1,81.9,77.707,92.188,78.182,1,60,71.041,1.1,5,1.6,13.812,3,7.367,434.5,19.661,257.641,692.141,412.406,270.021,26.268,6.568,1.043,17.964,5.684,61.774,3.767,3.6,15.9,19.5,18.462,2.7,2.3,0.1,0.3,2,2.4,1.6,0.4,0.5,9.6,-27.352,6.8,8.2,4.1,0.4,0,0,0.2,,0.8,1,0.7,100,5.5,0,0.1,0.2,0.1,1,0.4,0.6,0,0,0,,0,,0,,,2.8,0.1,0.2,0,0,,2,0.2,0.2,0.4,0,0.2,1.6,50,4.2,23.864,1.1,4,2.485,1.015,1,1.386,-0.385,3,2.851,1.482,2.7,21.6,85.185,0.1,0.4,12,9.7,0.4
Tom Brown,Richmond,22,22.42,Gen. Defender,10,6.82,59.9,53.1,1,0.1,1,78.3,9.4,4.1,13.5,71.852,69.149,78.049,65.185,1.4,35.714,69.63,1.6,4,2.1,6.429,2.8,4.821,294.7,21.83,107.126,401.826,281.525,138.245,29.949,3.857,0.941,17.78,1.109,54.305,-2.082,3.8,8.7,12.5,30.4,4.8,3.1,0,0.5,2.6,3.1,2.8,0.4,0.6,4.2,-35.315,6,4.4,2,0.1,0,0,0,,0.6,0.6,0.6,83.333,3.9,0.1,0.1,1.6,0,0.1,0.4,-0.3,0,0,0,,0,,0,,,1.2,0,1,40,0,,2,0.2,0.1,0.3,0.2,0.2,2.5,66.667,2.3,13.068,1.2,3,3.56,0.773,2,3.176,0.324,1,4.327,1.673,0.9,7.2,100,0.1,3,9.2,8.1,2.5
Tyler Sonsie,Richmond,22,22.92,Mid-Forward,10,4.86,56,61.5,0,0,0,75.4,8.9,7.9,16.8,69.643,62.921,77.215,64.881,1.7,47.059,52.976,2.1,1.5,3,5.6,3.2,5.25,258.2,15.369,175.356,433.556,238.272,125.861,27.076,7.745,1.006,22.655,4.977,53.335,9.823,4.5,12,16.5,27.273,1.9,3.7,0.6,0.6,3.1,2.5,2.2,0.4,1.2,6.7,-5.826,2.4,6.8,5.8,1.5,1,3.876,0.1,10,1.1,1.2,1.8,55.556,4.3,0,0.3,0.4,0.2,0.5,0.6,-0.1,0,0,0,,0,,0,,,1.6,0.1,0.1,100,0,,1,0.1,0.4,0.9,0.3,0.7,3.2,11.111,3.6,20.455,0.6,9,2.947,-1.836,6,3.26,-1.927,3,2.32,-1.654,0,0,,0.1,0.7,10.9,4.2,0.4
Tom Sims,Richmond,19,19.63,Key Forward,6,2.117,33.833,34.833,0,0,0,73.667,3.167,3,6.167,56.757,68.421,44.444,51.351,1,33.333,51.351,1.167,0,1.667,3.7,1.833,3.364,86.833,14.081,22.927,109.76,93.938,37.235,29.665,0.993,0.331,29.704,-8.275,57.516,-0.373,3,3.667,6.667,45,0.333,1.833,0.667,0.5,1.333,2.333,1.333,0,0.667,1.667,11.74,0.5,2.5,2,1.667,3.667,14.865,0,0,0.167,0.167,0.5,33.333,2.333,0.5,0.5,0,0.5,0.667,0.5,0.167,15.167,17.4,3,19.78,0.5,16.667,0,44.444,38.889,2,0.5,0,,1.167,14.286,2,0.333,0.167,0.667,0,0,2.167,50,1,5.769,0,4,3.4,-0.15,4,3.4,-0.15,0,,,0,0,,0.167,2.5,10.167,2.667,2.333
Kaleb Smith,Richmond,21,21.11,Gen. Defender,1,4.5,55,47,0,0,0,83,8,6,14,71.429,62.5,83.333,50,1,0,57.143,1,5,2,7,7,2,286,20.429,3.68,289.68,259.63,39.27,32.454,18.47,3.078,17.618,-5.117,48.029,-35.529,5,9,14,35.714,5,4,0,0,4,5,4,0,2,5,-31.611,6,6,2,0,0,0,0,,0,0,0,,3,0,0,1,0,1,1,0,0,0,0,,0,,0,,,1,0,0,,0,,0,0,0,0,0,0,0,,1,6.25,0,0,,,0,,,0,,,1,11.111,100,0,2,8,7,2
Steely Green,Richmond,21,21.97,Gen. Forward,6,5.383,32.667,23.167,0,0,0,61,2,2.667,4.667,82.143,83.333,81.25,78.571,0.667,25,42.857,0.667,0,0.833,5.6,0.333,14,79.333,17,37.655,116.988,73.693,55.118,36.847,4.322,1.621,30.98,11.877,48.361,23.067,1.833,2.667,4.5,40.741,0.667,1.167,0.167,0.167,1,1.5,1,0,0.5,1.667,15.954,0.167,1.167,1.833,1.333,0,0,0,,0.333,0.333,0,,0.667,0,0,0.333,0.167,0.667,0.333,0.333,0,0,0,,0,,0,,,1.5,0.833,0,,0.333,0,4,0.667,0.167,0.833,0.167,0.333,5.333,80,1.5,9.091,0.833,5,3.112,1.888,4,3.36,1.39,1,2.121,3.879,0,0,,0.667,0.333,9.333,3.333,0.333
Seth Campbell,Richmond,21,21,Gen. Forward,9,8.711,63.222,58.778,0,0,0,80.667,7.111,6,13.111,66.949,56.25,79.63,61.538,2.111,36.842,54.237,3,0.333,2,6.556,3.333,3.933,246,18.763,127.251,373.251,213.636,111.023,30.519,17.416,2.903,31.181,2.153,48.658,-10.88,5,8.889,13.889,36,1.222,3.889,1.222,0.778,3.111,2.778,2.222,0.333,0.889,4.222,15.73,0.667,3.444,6.333,3.444,2.111,8.12,0.222,10.526,1.333,1.556,1.889,76.471,3.444,0,0.889,0.111,0.556,0.556,0.333,0.222,0,0,0,,0,,0,,,2.222,0.222,0,,0.556,20,9,1,0.667,2,0.222,0.667,8.444,50,3.778,21.384,0.444,18,2.854,0.479,8,2.625,1.25,10,3.037,-0.137,0,0,,0.889,0.889,16.444,6.222,0.444
Jonty Faull,Richmond,19,19.91,Key Forward,7,3.186,42.429,38.143,0,0,0,70.143,5.143,2.286,7.429,63.462,58.333,75,59.615,0.857,83.333,69.231,1.714,0.143,1.857,4,1.429,5.2,140.571,18.923,43.893,184.464,165.034,75.977,32.09,0.347,0.152,30.566,16.803,56.678,1.216,3.429,4,7.429,46.154,0.857,1.857,0.571,0.857,1,3.429,1.857,0,0.571,1.286,27.768,0.143,2,2.714,2.571,0,0,0,,0,0,0,,2.857,1,1.571,0.286,0.429,0.571,0.571,0,0,0,0,,0,,0,,,1.286,0.571,0,,0.714,0,5,0.714,1.286,2.286,0.714,0.857,10,31.25,3.571,21.186,0.429,16,3.02,-0.582,12,2.678,-0.011,4,4.045,-2.295,0,0,,0,1.286,7.286,1.714,1.143
Luke Trainor,Richmond,19,19.72,Gen. Defender,8,4.2,51.875,50,0,0,0,72.125,7.5,5.625,13.125,72.381,65,82.222,72.381,1.125,33.333,57.143,1.125,1.625,2.875,4.565,2.625,5,208.125,15.857,165.89,374.015,184.205,103.867,24.561,12.913,2.296,22.217,6.874,56.385,1.797,4.5,8.875,13.375,33.645,2.125,2.75,0.125,0.375,2.375,3,1.25,0,0.625,5.375,-13.062,3.125,5.125,4.125,1,0,0,0.125,,0.75,0.875,1.125,77.778,2.625,0.375,0.25,0.625,0,1.375,0.875,0.5,0,0,0,,0,,0,,,2.125,0.125,0.25,50,0.125,100,1,0.125,0.375,0.625,0,0.25,1.375,20,3.125,18.248,0.875,5,2.914,-1.114,3,3.386,-0.72,2,2.204,-1.704,0.5,3.883,100,0.25,1.875,9.625,6.5,1.5
Jasper Alger,Richmond,19,19.03,Gen. Forward,4,2.75,23.25,22.5,0,0,0,47,2.75,2.25,5,75,72.727,77.778,80,1,50,55,1,0,0.75,6.667,1,5,73.25,14.65,55.893,129.143,71.105,52.647,25.856,6.645,2.953,33.208,4.292,58.611,16.389,2,3.25,5.25,38.095,0.25,1.75,0.5,0.25,1.5,2,1.75,0,1.25,1.5,18.374,0.5,1,2.5,1.25,0,0,0,,0,0,0,,1.25,0,0.5,0,0,0.5,0.25,0.25,0,0,0,,0,,0,,,0.75,0.25,0,,0.5,0,2,0.5,0.25,0.75,0.25,0.5,5,66.667,2.25,14.062,0,3,3.855,0.478,2,2.838,0.662,1,5.889,0.111,0,0,,0,0.25,6.5,1.75,0
Dion Prestia,Richmond,33,33.21,Midfielder,10,9.2,73.4,74.7,1,0.1,1,81.1,9.6,12.8,22.4,70.982,55.208,82.812,71.171,2.3,34.783,42.857,3.1,1.5,3.2,7,3.3,6.788,249.5,11.138,264.113,513.613,213.411,102.52,22.703,13.072,1.021,25.314,-2.53,55.54,-2.375,7.6,14.8,22.4,33.929,1,5.7,0.9,1.4,4.3,1.8,1.8,1.5,0.9,10.2,-2.359,3.5,7.9,9,2,17.7,68.605,1.7,9.605,2.3,4,4.9,69.388,3.3,0,0.2,0,0,0.4,0.8,-0.4,0,0,0,,0,,0,,,2.7,0.3,0,,0,,2,0.2,0.4,0.8,0.6,1,5.6,25,4.4,25,0.8,8,2.701,-0.701,2,3.159,0.341,6,2.548,-1.048,0,0,,0,0.8,19.2,8.6,0.3
Tom Lynch,Richmond,33,33.16,Key Forward,5,7.98,57,50.4,0,0,0,86,7.4,1.8,9.2,58.696,48.649,100,60.87,0.4,100,80.435,0.8,0,4.6,2,4.2,2.19,162,17.609,101.024,263.024,200.26,90.326,27.062,-2.528,-1.404,35.162,0.552,55.554,-5.554,6.4,3.4,9.8,65.306,0.6,1.2,0.8,0.6,0.6,5.2,1.2,0,0.4,1.6,44.712,0,1,2.4,6.4,0,0,0,,0.8,0.8,1.2,83.333,3.6,2.4,2.6,0,0.6,1.8,2.6,-0.8,5,5.411,0.2,4,0,0,0.8,0,0,1.2,0.8,0,,4,45,11,2.2,1.6,4.6,0.8,1.4,20.2,47.826,5.6,31.818,1.2,23,3.164,0.054,21,3.209,0.219,2,2.681,-1.681,0,0,,0,2,7.2,0.6,1.2
Kamdyn McIntosh,Richmond,31,31.74,Midfielder,10,6.83,55,54.3,0,0,0,78.2,7.9,7.8,15.7,71.975,62.025,82.051,69.427,1.6,25,50.318,2,2,3.4,4.618,2.7,5.815,269.1,17.14,154.513,423.613,228.605,127.936,29.308,25.063,3.255,22.676,-0.617,51.971,-4.913,5.2,11.3,16.5,31.515,3.7,3.5,0.2,0.4,3.1,3.5,2.5,0.4,1.1,7,-8.832,3.6,6.4,4.9,1.6,2.2,8.527,0.5,22.727,0.6,1.1,1.3,76.923,4.1,0.4,0.3,0.7,0,0.4,1,-0.6,0,0,0,,0,,0,,,0.8,0.1,0.4,0,0,,3,0.3,0.3,0.8,0.4,0.5,4.6,37.5,3.5,19.886,0.6,8,2.958,-0.333,2,4.269,1.731,6,2.52,-1.02,0.1,0.8,0,0.3,2,8.8,4.6,1
Nick Vlastuin,Richmond,31,31.7,Gen. Defender,9,11.678,90.667,80.667,16,1.778,3,79.222,14.222,5.556,19.778,79.775,75,92,77.401,1.111,30,71.91,1.333,4.889,3,6.593,3.444,5.742,351.222,17.758,293.502,644.724,347.59,213.684,24.44,12.628,2.273,17.201,0.399,63.688,5.912,6.333,10.667,17,37.255,7.556,3.778,0,0.889,2.889,5.889,3.444,0,1.333,3.778,-33.588,7.222,6.667,3,0.111,0,0,0,,0.333,0.333,0.333,66.667,6.222,0.667,0.111,2.333,0.111,1.556,0.778,0.778,0,0,0,,0,,0,,,2.222,0,1,44.444,0,,0,0,0.111,0.222,0.333,0.556,2.333,0,2.778,15.924,1.778,2,1.261,-0.761,2,1.261,-0.761,0,,,3.778,32.075,88.235,0.111,2.667,9.778,8.444,1.667
Nathan Broad,Richmond,32,32.71,Gen. Defender,9,8,64,57.111,1,0.111,1,91.889,8.556,4.444,13,75.214,76.623,72.5,79.487,0.778,71.429,65.812,0.778,2.222,1.333,9.75,1.889,6.882,170.333,13.103,180.247,350.58,160.522,97.048,18.762,6.553,1.474,17.699,-2.114,72.993,4.929,2.889,9.667,12.556,23.009,5.667,1.889,0,0.111,1.778,2.778,1.778,0,0.556,3.556,-40.633,6.556,4.778,1.222,0,0,0,0,,0.111,0.111,0.111,100,5.333,0.333,0,2.444,0.111,0.556,0.222,0.333,0,0,0,,0,,0,,,1.667,0,2.667,20.833,0,,0,0,0,0,0.111,0.222,0.778,,1.778,9.816,0.667,0,,,0,,,0,,,0.667,5.263,66.667,0.111,4.889,8.222,7,4.444
Toby Nankervis,Richmond,31,31.38,Ruck,10,11.54,90.1,86.2,1,0.1,1,82.6,7.8,8,15.8,58.861,46.154,71.25,63.291,1.2,25,49.367,1.6,1.1,3.3,4.788,2.8,5.643,168.7,10.677,124.468,293.168,154.205,68.726,19.77,7.825,0.978,23.736,-7.069,53.078,-11.412,8.4,6.5,14.9,56.376,1.6,5,0.3,1.7,3.3,1.8,1.6,0,0.3,3.9,-5.412,2.7,5.2,5.7,1.3,21.8,84.496,1.6,7.339,2.6,4.2,6.8,60.294,1.6,0.1,0.3,0.4,0,1.1,1.9,-0.8,71,78.366,31.4,44.225,8.6,27.389,2.3,45.541,36.306,3.5,0,0.8,37.5,0.1,0,2,0.2,0,0.4,0.2,0.3,2.5,50,3.6,20.455,2,4,4.875,-1.875,2,5.338,0.662,2,4.411,-4.411,0,0,,0,2.4,15.5,8,2.1
Jacob Hopper,Richmond,28,28.89,Midfielder,10,9.42,86.7,87.3,14,1.4,3,82.3,11.6,15.2,26.8,63.06,48.276,74.342,65.169,1.8,38.889,43.284,2.8,1.7,4.8,5.583,4.6,5.826,320.8,11.97,255.639,576.439,311.717,168.507,27.106,4.432,0.292,24.647,-2.647,49.285,0.715,11.4,15.7,27.1,42.066,2.5,8.1,0.6,3.6,4.5,3.6,3.6,2.4,1.2,10.5,-2.768,2.9,11.4,10.7,2.1,21.1,81.783,1.8,8.531,3.3,5.1,6.5,69.231,3.8,0,0.2,0.1,0.2,1.1,1.7,-0.6,0,0,0,,0,,0,,,3,0.2,0,,0,,4,0.4,0.3,0.9,0.5,0.9,6.1,44.444,4.7,26.705,1.1,9,2.912,0.088,4,3.218,0.032,5,2.667,0.133,0,0,,0.2,0.2,12.8,6.1,0.1
Tim Taranto,Richmond,27,27.92,Midfielder,8,10.588,97.625,95.25,20,2.5,2,84.375,10.5,15.125,25.625,69.268,51.19,81.818,71.22,3.375,29.63,40.976,3.625,0.875,3.25,7.885,4.125,6.212,299.125,11.673,232.559,531.684,298.09,117.446,28.732,-2.18,-0.144,27.339,-10.945,51.032,-6.77,10.375,14.75,25.125,41.294,1.5,6.875,0.375,2.625,4.25,3.25,2.375,1.75,0.875,10.375,-0.687,2.375,11.625,7.875,3.25,20.875,78.404,1.75,8.383,3.75,5.5,6.25,72,3.5,0.125,0.75,0.125,0.25,1.25,0.625,0.625,0.125,0.134,0,0,0,,0,,,4.875,0.625,0.125,0,0,,5,0.625,0.375,1.625,0.375,0.625,6.625,38.462,4.75,26.027,0.75,13,2.582,-0.044,8,2.726,0.524,5,2.351,-0.951,0,0,,0,0.875,18.875,8.125,0.375
Lachlan Bramble,Western Bulldogs,27,27.7,Gen. Defender,10,8.68,74.6,75.8,2,0.2,1,82.1,13.3,6.1,19.4,82.99,83.459,81.967,79.381,2.8,57.143,68.557,3.1,2.8,1.6,12.125,2.7,7.185,372.1,19.18,226.9,599,327.882,248.45,24.653,7.239,1.187,21.327,9.001,64.191,12.039,3.1,14.2,17.3,17.919,3.2,2.1,0.2,0.5,1.6,2.7,1.8,0,0.7,8.4,-21.774,5.9,6.2,4.7,0.5,0,0,0,,0.2,0.2,0.1,100,5.2,0.3,0.3,0.7,0,0.6,0.6,0,0,0,0,,0,,0,,,1.7,0,0.7,14.286,0,,4,0.4,0.1,0.5,0.5,0.7,5.7,80,4,13.986,0.8,5,3.118,1.882,3,3.418,0.916,2,2.668,3.332,2.1,23.077,95.238,0.7,0.5,7.7,5.5,0.3
Matthew Kennedy,Western Bulldogs,28,28.73,Midfielder,10,10.07,91.1,87.3,1,0.1,1,78.1,10.5,10.2,20.7,71.498,62.857,80.392,71.981,3.7,59.459,50.725,4.4,1.4,2.9,7.138,2.9,7.138,283.8,13.71,215.407,499.207,299.092,158.171,28.759,-10.457,-1.025,28.811,4.522,52.169,7.601,8.3,12.3,20.6,40.291,1.9,6,1.3,1.6,4.4,3.3,2.6,1,1,7.6,1.361,3.1,6.9,7.8,2.8,15.6,48.598,0.9,5.769,2.5,3.4,4.3,79.07,4,0.1,0.5,0.3,0.7,1.4,1.2,0.2,0,0,0,,0,,0,,,5.7,0.5,0.1,100,0.1,0,4,0.4,0.4,1,0.9,1.3,8.6,40,5.7,19.93,1,10,3.052,-0.252,6,3.258,0.742,4,2.744,-1.744,0,0,,0.2,0.7,20.1,9.7,0.2
Aaron Naughton,Western Bulldogs,26,26.08,Key Forward,10,12.89,96,84.9,36,3.6,5,84.6,9.6,3.3,12.9,61.24,58.333,69.697,60.465,1.4,21.429,74.419,1.7,0.1,2.8,4.607,3.6,3.583,236.9,18.364,80.988,317.888,262.753,143.958,27.658,8.903,2.698,33.042,-4.01,53.509,-1.896,6.4,6.8,13.2,48.485,0.8,2.2,1.5,0.5,1.7,6.1,2,0,0.7,1.8,46.025,0.1,1.5,3.2,8.4,0.1,0.312,0,0,0.2,0.2,0.2,50,6.1,2.2,3.9,0.1,1.5,1.7,1,0.7,1.3,1.366,0.4,30.769,0.1,25,0.1,50,50,2,1.6,0,,3,23.333,38,3.8,1.3,5.9,0.9,1.2,29.8,64.407,7.8,27.273,0.8,59,3.775,0.31,44,3.991,0.941,15,3.14,-1.54,0,0,,0,1.5,9.1,1.8,0.5
Tim English,Western Bulldogs,28,28.39,Ruck,10,12.82,118.6,114.6,14,1.4,3,84.4,11.6,6.2,17.8,73.034,67.241,83.871,73.596,3,50,65.169,3.2,0.9,2.4,7.417,2,8.9,267,15,223.87,490.87,293.863,148.01,25.333,0.455,0.073,24.183,6.668,61.4,1.366,7.2,10.6,17.8,40.449,3.7,3.1,0.4,0.4,2.7,2.8,1,0,0.6,3.3,-4.736,3.3,6.2,5.8,2.5,27.4,85.358,1.7,6.204,1.8,3.5,4.2,76.19,7.5,1,1.5,2,0.7,2.2,0.8,1.4,75.4,79.202,27.7,36.737,7.7,27.798,0.7,46.931,43.682,3.1,0.7,0.1,0,0,,7,0.7,0.8,1.6,1,1.2,11.2,43.75,7.3,25.524,3,16,3.605,-0.48,15,3.728,-0.394,1,1.766,-1.766,0,0,,0.1,3.1,8.9,3.8,2.3
Laitham Vandermeer,Western Bulldogs,26,26.9,Gen. Forward,8,2.5,31.625,35,0,0,0,57.375,5,3.75,8.75,67.143,57.5,80,61.429,1.625,30.769,57.143,1.625,0,1.875,4.667,2.25,3.889,153.25,17.514,81.695,234.945,141.771,48.064,28.354,6.905,1.841,26.395,-8.213,50.072,-4.618,1.5,7.75,9.25,16.216,0.625,1,0.125,0.625,0.375,1.375,0.875,0,0.25,3.375,15.665,0,3.125,3.875,2.25,0,0,0,,0,0,0.125,0,3,0,0.75,0.125,0.75,0.375,0.625,-0.25,0,0,0,,0,,0,,,1,0.5,0,,0.5,0,1,0.125,0.25,0.625,0.5,0.75,4.25,20,2.625,9.211,0.25,5,2.933,-1.333,3,3.211,-0.878,2,2.516,-2.016,0,0,,0.125,1,8.5,2.5,0.5
Nick Coffield,Western Bulldogs,26,26.18,Gen. Defender,4,4.75,48.75,55,0,0,0,78.75,7.75,5,12.75,76.471,70.968,85,74.51,0.75,100,60.784,1,3,2.25,5.667,2,6.375,204.25,16.02,100.053,304.302,163.107,109.672,21.046,25.505,5.101,17.723,-4.819,64.087,-6.023,3,10,13,23.077,5.5,2.5,0,0.25,2.25,2.75,2.25,0,1.25,2,-39.157,7,4.5,1.5,0,0,0,0.25,,0,0.25,0,,6.75,0,0,2.25,0,0.5,1,-0.5,0,0,0,,0,,0,,,1,0,1.25,60,0,,0,0,0,0,0,0,0,,1.5,5.357,1,0,,,0,,,0,,,0,0,,0,2.25,4.5,4.25,2
Rhylee West,Western Bulldogs,25,25.47,Gen. Forward,10,11.98,73.3,69.2,3,0.3,2,82.6,7.9,5.1,13,68.462,56.962,86.275,70,1.5,60,60.769,1.6,0.6,3,4.333,3.1,4.194,216.4,16.646,107.529,323.929,213.066,122.14,26.97,4.135,0.811,31.206,7.091,50.922,0.142,6,7.3,13.3,45.113,1.8,4.9,2.9,1.5,3.4,4.6,3.7,0.1,1.5,3.4,30.873,1,1.9,3.6,6.8,0.9,2.804,0,0,1.2,1.2,1.3,84.615,3.6,0.4,1.6,0.1,0.9,1,1.2,-0.2,0,0,0,,0,,0,,,3.8,1.8,0,,0.7,28.571,19,1.9,0.5,3.1,1,1.3,18.2,61.29,5.3,18.531,0.9,31,3.591,0.248,14,4.092,0.408,17,3.178,0.116,0,0,,0.3,0.5,14.1,1.9,0.3
Ed Richards,Western Bulldogs,26,26.49,Midfielder,10,17.52,106,90.5,34,3.4,6,83,15.1,9.6,24.7,70.04,61.589,83.333,69.547,4.3,44.186,61.134,5.4,1.9,3.2,7.719,4.7,5.255,462.8,18.737,223.65,686.45,421.997,259.706,28.133,12.378,1.317,26.1,2.96,49.863,3.983,10.5,14.5,25,42,2.6,8.1,1.1,2.5,5.6,3.5,2.7,1,0.6,9.9,3.287,3,8.8,9.4,3.8,24,74.766,2.8,11.667,3.3,6.1,6.1,88.525,3.4,0.2,0.3,0.2,0.5,1,0.9,0.1,0,0,0,,0,,0,,,2.7,0.7,0,,0.4,25,10,1,0.7,1.9,1.3,1.7,14.9,52.632,7.7,26.923,2.2,19,2.99,0.536,6,2.714,0.786,13,3.117,0.421,0,0,,0.9,0.9,19,8.4,0.2
Lachlan McNeil,Western Bulldogs,24,24.32,Gen. Forward,9,5.656,38.556,29.778,0,0,0,57.333,2.667,3.778,6.444,77.586,66.667,85.294,75.862,0.444,50,41.379,0.889,0.111,0.333,19.333,0.667,9.667,68.333,10.603,81.533,149.867,71.341,34.503,27.916,-0.247,-0.065,29.336,28.998,58.193,16.807,3.778,2.889,6.667,56.667,0.889,2.889,1.222,0.889,2,3.222,2.333,0,1.222,1.889,26.273,0.111,1.222,2.889,2.444,0,0,0.111,,0.333,0.444,0.222,50,0.889,0.222,0.333,0,0.111,0.667,0.111,0.556,0,0,0,,0,,0,,,1.667,0.778,0,,0.556,20,6,0.667,0.556,1.333,0.222,0.333,6,50,2.556,8.745,0.111,12,3.259,0.158,5,3.324,0.676,7,3.212,-0.212,0,0,,0,1,8.333,2.778,0.333
Sam Darcy,Western Bulldogs,22,22.45,Key Forward,10,14.85,95.6,80.1,17,1.7,3,85.3,8.7,5.2,13.9,74.101,71.264,78.846,70.504,1.5,53.333,62.59,1.9,0.1,3.3,4.212,2.8,4.964,247,17.77,117.956,364.956,261.997,150.702,30.115,0.043,0.008,28.81,14.779,59.373,2.166,8.3,5.9,14.2,58.451,1,2.6,1.2,1.2,1.4,6.7,2.2,0,0.5,3,30.299,0.3,3,4.2,6.7,3.4,10.592,0.3,8.824,0.7,1,1.5,66.667,5.2,2.9,2.7,0.2,1.2,1.9,1.1,0.8,12.4,13.025,3.6,29.032,1.3,36.111,0.9,58.333,44.444,1.5,0.4,0,,3.4,41.176,31,3.1,1.2,4.6,0.5,0.8,23.1,67.391,7.2,25.175,0.9,46,3.716,0.589,35,3.904,0.811,11,3.118,-0.118,0,0,,0,1.3,8.5,2.7,0.9
Joel Freijah,Western Bulldogs,20,20.12,Mid-Forward,10,10.59,72.8,66.1,10,1,1,83.8,8.6,8.1,16.7,76.647,68.605,85.185,77.246,1.8,72.222,51.497,2.4,1,2.8,5.964,2.7,6.185,218.1,13.06,164.022,382.122,182.786,130.329,21.76,6.712,0.829,29.647,10.353,56.817,16.517,5.4,11.5,16.9,31.953,2,4,1.2,1.5,2.5,3.3,2.7,0.6,1,7.1,6.483,2.2,4.6,6.3,3.8,3.4,10.592,1,29.412,1,2,2.1,80.952,3.6,0,0.5,0.1,0.7,0.4,1.2,-0.8,0.1,0.105,0,0,0,,0,,,2.5,0.3,0.1,0,0.4,25,10,1,0.5,1.8,1.2,1.5,14,55.556,6.9,24.126,1.6,18,3.142,0.469,8,3.067,0.183,10,3.202,0.698,0,0,,0.1,1.7,14.9,6,0.4
Cooper Hynes,Western Bulldogs,19,19.83,Gen. Forward,4,5.85,40.25,37,0,0,0,65.5,3.25,5,8.25,72.727,61.538,80,72.727,1,50,39.394,1,0.25,1.75,4.714,1.5,5.5,71.5,8.667,89.413,160.913,80.037,40.087,24.627,-3.07,-0.614,31.427,1.907,56.988,-6.988,4.25,4,8.25,51.515,1.25,3.5,1.25,1,2.5,4,3.25,0,1.75,2.75,20.833,0.25,1.5,4.5,2,0,0,0,,0.25,0.25,0.25,100,1.75,0.5,0.25,0.25,0.25,0.25,0.25,0,0,0,0,,0,,0,,,2,0.5,0,,1,0,3,0.75,0,1.25,0.25,0.25,6,60,2.75,9.821,0.25,5,3.322,0.278,1,3.627,2.373,4,3.245,-0.245,0,0,,0,0.5,10.25,1.5,0
James O'Donnell,Western Bulldogs,23,23.33,Key Defender,10,6.97,54.1,42,0,0,0,93.2,6.9,3.4,10.3,80.583,76.812,88.235,71.845,0.9,44.444,66.99,0.9,2.6,1.6,6.438,1.7,6.059,182.3,17.699,90.113,272.413,161.449,88.048,23.398,5.67,1.668,18.364,3.174,67.276,-8.815,3.5,6.8,10.3,33.981,5.5,2.4,0,0.6,1.8,3.4,2.3,0,0.6,2.7,-31.286,4.6,3.2,2.4,0.1,0,0,0,,0.1,0.1,0,,4.1,0.8,0,2.1,0.1,0.6,0.9,-0.3,0.3,0.315,0.1,33.333,0,0,0,0,0,0.9,0,1.7,35.294,0,,1,0.1,0,0.1,0.1,0.1,1.2,100,1.9,6.643,0.8,1,2.147,3.853,0,,,1,2.147,3.853,0,0,,0.1,5.3,5.1,4.6,5.1
Josh Dolan,Western Bulldogs,19,19.13,Gen. Forward,2,4.5,33,24.5,0,0,0,69,2,7,9,55.556,25,64.286,55.556,1,50,22.222,1,0,1,9,2,4.5,92,10.222,67.055,159.055,62.71,40.56,31.355,25.375,3.625,33.033,0.3,31.47,1.863,5.5,4,9.5,57.895,1,5.5,2.5,2,3.5,4.5,4.5,0,1.5,2.5,18.15,0,4,2,3.5,0,0,0,,0.5,0.5,1,100,0,0,0,0,0,0,0,0,0,0,0,,0,,0,,,1,0.5,0,,2,0,0,0,0.5,0.5,0,0,0.5,0,2.5,9.434,1.5,1,1.471,-0.471,0,,,1,1.471,-0.471,0,0,,0,1,8.5,2.5,1
Sam Davidson,Western Bulldogs,24,24.04,Midfielder,6,7.983,65.833,61.5,1,0.167,1,77.333,9,5.167,14.167,68.235,61.111,80.645,71.765,1.667,70,63.529,2,1,2.667,5.312,3.333,4.25,256.167,18.082,190.547,446.713,248.058,165.022,27.562,9.043,1.75,27.415,19.252,52.582,5.195,3.833,10.167,14,27.381,1.5,2.833,0.833,0.5,2.333,2.667,1.833,0.167,1.167,5.333,7.62,1.5,4.5,5.667,2.333,0,0,0.167,,1,1.167,0.833,80,4,0.667,0.667,0,0.5,0.167,1.5,-1.333,0,0,0,,0,,0,,,2.833,1,0,,0,,5,0.833,0.167,1,0.333,1.167,8,83.333,4.5,17.763,0.667,6,3.474,1.693,4,4.051,1.949,2,2.319,1.181,0,0,,0,0.667,12.333,5.333,0.333
Tom Liberatore,Western Bulldogs,33,33.62,Midfielder,10,13.51,107.1,94.8,15,1.5,4,76.9,12.5,12,24.5,70.204,59.2,81.667,69.388,3.6,47.222,51.02,4,1.8,3.1,7.903,4.4,5.568,297.1,12.127,265.962,563.062,305.724,136.002,24.458,-13.006,-1.084,25.088,6.77,54.06,-0.963,11.9,13.1,25,47.6,3.1,8.9,0.5,3.3,5.6,3.8,3.1,1.4,0.9,7.5,-5.682,4.3,9.7,8.8,2.2,20.6,64.174,3.2,15.534,2.8,6,6.6,72.727,4,0,0.3,0.1,0.4,1,0.8,0.2,0,0,0,,0,,0,,,5.3,0.8,0,,0,,2,0.2,0.3,0.8,0.5,0.7,4.7,25,6.1,21.329,1.8,8,2.998,-1.123,4,3.32,-0.07,4,2.677,-2.177,0,0,,0.2,2,25.9,11.3,0.3
Adam Treloar,Western Bulldogs,32,32.81,Mid-Forward,1,0.3,29,35,0,0,0,31,5,5,10,70,40,100,50,2,0,50,2,1,2,5,4,2.5,140,14,140.4,280.4,152.84,-26.89,30.568,-22.57,-4.514,23.536,-23.536,33.714,-33.714,1,9,10,10,0,0,0,0,0,0,0,1,0,6,12.038,0,4,4,2,2,6.25,0,0,1,1,1,100,2,0,0,0,0,0,0,0,0,0,0,,0,,0,,,1,0,0,,0,,0,0,0,0,0,0,0,,2,6.667,0,0,,,0,,,0,,,0,0,,0,0,5,3,0
Marcus Bontempelli,Western Bulldogs,30,30.1,Midfielder,10,22.63,141,123.1,68,6.8,9,84.4,15.1,14.8,29.9,78.261,69.536,87.162,73.913,6.3,50.794,50.502,7.3,1.6,2.8,10.679,4,7.475,571.3,19.107,365.307,936.607,507.539,312.217,33.836,6.597,0.446,29.248,8.768,47.764,2.649,12.3,18.2,30.5,40.328,2.8,7.5,1.3,1.4,6.1,4.5,2.8,1.9,0.9,11.5,1.486,3.8,10.8,11.5,4.4,23.1,71.963,2.5,10.823,4.2,6.7,6.7,88.06,5.6,0.5,0.7,0.6,0.7,1.5,0.7,0.8,0,0,0,,0,,0,,,5.9,0.7,0,,0.5,60,13,1.3,0.6,2.3,1.9,2.5,20.4,56.522,9.5,33.217,1.8,23,3.088,0.564,8,3.514,0.486,15,2.861,0.605,0,0,,1.2,2.8,21.9,10.3,0.6
James Harmes,Western Bulldogs,30,30.23,Midfielder,2,5.55,65,62.5,0,0,0,74,5,12,17,73.529,60,79.167,76.471,0.5,0,29.412,0.5,1,1.5,11.333,1.5,11.333,62.5,3.676,323.19,385.69,100.32,26.335,20.064,-15.63,-1.302,23.337,5.234,63.216,8.213,5.5,11.5,17,32.353,2.5,3.5,1,1,2.5,2.5,2,1,0,8.5,-5.335,3.5,5.5,5.5,2.5,5,15.152,0.5,10,1.5,2,2.5,60,3,0.5,0.5,1.5,0,0.5,0.5,0,0,0,0,,0,,0,,,3,1,0,,0,,1,0.5,0.5,1.5,0,0,3.5,33.333,3,10.909,1.5,3,3.496,-1.162,1,2.177,-2.177,2,4.155,-0.655,0,0,,0,0.5,11.5,3.5,0
Rory Lobb,Western Bulldogs,32,32.89,Key Defender,10,9.08,66.9,51.8,7,0.7,3,98.2,8.2,3.3,11.5,76.522,74.39,81.818,70.435,0.8,50,71.304,1,3,2.3,5,2.1,5.476,209.6,18.226,105.497,315.097,201.631,102.392,24.589,8.275,2.508,17.646,7.029,66.662,0.87,4.6,6.5,11.1,41.441,5.9,1.9,0,0.7,1.2,4,1.7,0.2,0.5,1.8,-37.75,5.8,3.2,2,0.1,1.2,3.738,0.1,8.333,0.5,0.6,0.5,100,5.5,1.1,0,2.5,0,1,1,0,5.7,5.987,1.2,21.053,0.4,33.333,0,25,33.333,1.2,0,3,40,0.1,0,0,0,0.1,0.1,0,0,0.1,0,2.1,7.343,1.1,1,2.623,-1.623,0,,,1,2.623,-1.623,0.6,6.593,100,0.2,8.5,6.4,5.1,7.3
Bailey Williams,Western Bulldogs,28,28.22,Midfielder,10,9.63,76.6,74.6,2,0.2,1,85.9,10.5,8.5,19,82.105,75.238,90.588,76.72,2.4,50,55.263,2.7,2.6,1.4,13.571,3.1,6.129,343.6,18.084,232.286,575.886,303.516,187.478,28.906,7.167,0.853,21.235,4.538,54.897,6.959,4.5,14.7,19.2,23.438,3.8,3.6,0.2,0.8,2.8,3.6,3,0.1,1.4,7.3,-18.672,6,6.5,5.8,0.9,0,0,0.1,,0.6,0.7,0.8,75,6.3,0.2,0.2,0.6,0.2,0.5,0.6,-0.1,0,0,0,,0,,0,,,1.9,0.1,0.7,14.286,0.2,50,1,0.1,0.3,0.5,0.4,0.9,3.8,20,5.2,18.182,1.2,5,3.135,-1.335,1,1.547,-0.547,4,3.532,-1.532,0,0,,0.5,1.4,8.3,4.8,0.9
Bailey Dale,Western Bulldogs,29,29.44,Gen. Defender,10,12.68,94.6,85.6,4,0.4,2,81.5,18.4,6,24.4,79.918,77.174,88.333,75.72,2,40,75.41,2.4,5,3.2,7.625,4.1,5.951,485.1,19.881,278.318,763.418,434.371,312.02,23.867,14.179,2.363,18.966,5.605,64.657,5.057,5.6,14.1,19.7,28.426,5.6,4.6,0.4,1.1,3.5,4,3.3,0.2,1.3,8.6,-20.937,6.1,7.8,5.1,0.7,0.1,0.312,0.5,100,0.8,1.3,0.9,88.889,4.8,0.3,0,1.6,0,0.3,0.7,-0.4,0,0,0,,0,,0,,,1.1,0,0.4,25,0,,2,0.2,0.2,0.6,0.4,0.7,4.1,33.333,5.3,18.531,2.7,6,2.441,-0.108,1,1.982,-0.982,5,2.533,0.067,5,54.945,96,0.8,1.2,9.9,5.8,0.9
Buku Khamis,Western Bulldogs,25,25.77,Key Forward,2,1.05,12,21,0,0,0,28,2.5,1.5,4,75,60,100,75,0,,62.5,0,0,1,4,1,4,12,3,62.755,74.755,27.525,-1.075,11.01,-4.575,-3.05,36.973,-3.64,88.837,-22.17,1.5,2,3.5,42.857,0,1,0.5,0,1,1.5,1,0,0.5,0,31.373,0,0.5,1.5,1.5,0,0,0,,0,0,0,,2.5,0.5,1,0,0,0,0,0,0,0,0,,0,,0,,,0,0,0,,1,50,1,0.5,0,1,0,0,3,50,1,3.636,0,2,3.415,-0.415,1,3.928,2.072,1,2.901,-2.901,0,0,,0,0.5,3.5,0,0.5
Jordan Boyd,Carlton,27,27.27,Gen. Defender,1,7.9,57,34,0,0,0,84,9,2,11,81.818,77.778,100,63.636,0,,81.818,0,6,0,,0,,281,25.545,129.72,410.72,287.5,163.21,31.944,2.2,1.1,9.093,2.018,49.982,5.573,5,2,7,71.429,4,5,0,1,4,4,4,0,1,0,-55.104,4,3,0,0,0,0,0,,0,0,1,0,1,0,0,0,0,0,0,0,0,0,0,,0,,0,,,0,0,0,,0,,0,0,0,0,0,0,0,,1,5,1,0,,,0,,,0,,,4,28.571,100,2,1,5,4,1
Flynn Young,Carlton,23,23.9,Gen. Forward,8,4.487,38.75,45.625,0,0,0,65.125,6.875,3.625,10.5,58.333,43.636,86.207,66.667,2.125,47.059,65.476,2.5,0.625,2.625,4,2.625,4,235.875,22.464,82.901,318.776,211.655,122.046,30.786,2.7,0.745,25.192,-4.262,46.593,-9.384,2.125,8.875,11,19.318,0.625,1.5,0.625,0.375,1.125,1.375,1.125,0.25,0.625,5.25,4.903,0.875,4.5,3.5,2.125,0,0,0.125,,0.5,0.625,0.375,100,2.75,0,0.5,0,0.25,0.5,0.5,0,0,0,0,,0,,0,,,1.625,0.375,0.125,0,0.25,0,5,0.625,0.25,1.125,0,0.125,4.125,55.556,2.5,11.976,0.125,9,2.918,0.637,5,3.339,1.461,4,2.392,-0.392,0,0,,0.375,1.5,12.25,6,0.625
Billy Wilson,Carlton,20,20.54,Gen. Defender,4,5.75,50.75,49,0,0,0,72.5,7.25,4.75,12,83.333,79.31,89.474,81.25,1.25,20,60.417,1.75,1.25,1.25,9.6,1,12,226.5,18.875,120.012,346.512,177.89,111.938,24.537,18.625,3.921,21.722,2.416,69.218,-0.252,2.25,9.25,11.5,19.565,3.25,1.75,0,0,1.75,2.25,1.75,0,1.25,5.25,-25.878,3.75,5,2.5,0.25,0,0,0,,0.25,0.25,0,,3.25,0,0,0.25,0,0.75,0.25,0.5,0,0,0,,0,,0,,,2,0,0,,0,,0,0,0,0,0,0,0,,2.75,11.957,0.75,0,,,0,,,0,,,0.75,6.383,66.667,0,1,12.5,8,0.75
Lewis Young,Carlton,27,27.03,Key Defender,5,6.46,53.6,37.6,0,0,0,89.4,5.6,4,9.6,81.25,78.571,85,81.25,0.4,0,58.333,0.6,2.2,3.2,3,2.4,4,126.6,13.188,91.736,218.336,115.3,72.172,20.589,4.412,1.103,15.727,-8.32,63.696,2.971,3.6,7,10.6,33.962,5,2.4,0,0.8,1.6,3.4,2.4,0,1.2,3.2,-34.229,5.2,3.8,1.4,0.2,0.6,2.143,0,0,0.2,0.2,0.2,100,4.2,0.4,0.2,1.8,0,0.6,1.8,-1.2,1.8,1.907,0.6,33.333,0,0,0.2,0,33.333,0.8,0,1,20,0.4,0,1,0.2,0,0.2,0,0,1.2,100,1.2,5.505,0.2,1,5.12,0.88,1,5.12,0.88,0,,,0,0,,0,7.2,5.4,3.6,6.8
Hugh Jackson,Port Adelaide,22,22.66,Mid-Forward,6,6.35,46.167,32.833,0,0,0,54.5,5.333,4.667,10,70,56.25,85.714,67.797,2,50,53.333,2.333,0.5,1.833,5.455,2.167,4.615,136.5,13.65,136.033,272.533,118.447,76.04,22.209,7.75,1.722,30.852,12.627,55.101,1.42,3.333,5.667,9,37.037,0.5,3.167,0.333,0.333,2.833,1.667,1.667,0.167,0.833,4.5,10.048,0.667,2.5,4.167,1.667,1.333,4.598,0.333,25,1.333,1.667,1.333,75,0.833,0,0,0,0.167,0.167,0.833,-0.667,0,0,0,,0,,0,,,1.833,0.667,0,,0.167,0,0,0,0,0,0.667,1.333,4.667,,3.167,15.447,0.333,0,,,0,,,0,,,0,0,,0,0.667,9.5,3.5,0.167
Logan Evans,Port Adelaide,20,20.23,Gen. Defender,3,5.5,45.333,32,0,0,0,56,5.667,2.333,8,66.667,58.824,85.714,70.833,1,66.667,70.833,1,0.667,0.667,12,1.667,4.8,151,18.875,82.55,233.55,155.18,92.273,27.385,9.35,4.007,20.245,-7.745,58.808,-8.808,4.333,4,8.333,52,2.333,2.667,0,1,1.667,3.333,1.667,0,0.333,2.667,-18.828,1.667,4.333,2,0.333,0,0,0,,0.333,0.333,0.667,50,1,0,0,0,0,1.667,0.333,1.333,0,0,0,,0,,0,,,1.667,0,0.333,0,0,,0,0,0,0,0,0.333,0.333,,0.667,3.704,0.333,0,,,0,,,0,,,0,0,,0,1.667,10,7,1.333
Travis Boak,Port Adelaide,37,37.41,Mid-Forward,9,8.844,79.333,75.667,1,0.111,1,80.444,8.889,11,19.889,70.95,53.75,84.848,70.225,1.556,64.286,44.693,2,1.556,3.667,5.424,3.444,5.774,226,11.363,215.044,441.044,213.432,121.141,24.627,19.259,1.751,25.257,-5.584,58.288,-5.829,7.333,12.444,19.778,37.079,2.556,5.556,0.556,1.111,4.444,3.889,3.111,0.444,1.111,7.111,-3.092,2.222,8,7.889,1.667,5.778,20.233,0.556,9.615,2.111,2.667,2.889,69.231,4,0.222,0.222,0.333,0.333,0.667,1.111,-0.444,0,0,0,,0,,0,,,3.667,0.444,0,,0.111,0,4,0.444,0.333,1,0.778,1,7.889,44.444,4.111,20.109,0.889,9,2.902,0.098,4,3.228,-0.978,5,2.642,0.958,0.222,1.923,100,0,1,16,7.667,0.222
Aliir Aliir,Port Adelaide,31,31.32,Key Defender,9,8.667,77.222,60.222,10,1.111,1,98,11,2.667,13.667,78.049,74.747,91.667,68.293,0.778,28.571,80.488,1,3.111,3,4.556,2.778,4.92,288.444,21.106,123.266,411.71,261.313,131.942,23.756,8.426,3.16,17.331,1.06,63.571,-9.549,5.667,7.778,13.444,42.149,8.111,3.667,0,0.556,3.111,5.222,3.333,0.111,1,2.111,-39.648,6.778,4.667,2,0,0,0,0,,0.556,0.556,0.333,100,6.111,1.222,0,2.889,0,0.778,1.222,-0.444,0,0,0,,0,,0,,,1.444,0,3,22.222,0,,1,0.111,0,0.111,0,0.222,0.889,100,2.111,10.326,1,1,4.067,1.933,1,4.067,1.933,0,,,0,0,,0.222,4.889,6.667,5.556,4.556
Jack Buller,Collingwood,24,24.62,Key Forward,9,5.222,52.778,47.222,0,0,0,76.778,4.333,4.778,9.111,75.61,69.231,81.395,71.951,0.778,28.571,47.561,1,0,2.556,3.565,2,4.556,112,12.293,85.32,197.32,129.753,54.892,29.943,2.438,0.522,27.116,0.662,58.692,-8.692,4.667,4.778,9.444,49.412,0.889,2.556,0.556,0.889,1.667,4.222,2.222,0,1,1.444,23.019,0.222,2.667,3.444,3.111,0.556,2,0,0,0.222,0.222,0.222,50,3.889,0.889,1.778,0.111,1.111,0.778,1.222,-0.444,2.333,2.462,0.889,38.095,0.222,25,0.111,62.5,62.5,1.778,0.889,0.111,100,3.111,39.286,11,1.222,0.556,2.222,0.333,0.333,9.889,55,3.889,16.667,0.444,20,3.551,-0.001,17,3.733,0.032,3,2.518,-0.185,0,0,,0,1.111,7.667,1.889,0.333
Jake Lloyd,Sydney,32,32.27,Midfielder,9,8.822,87.111,87.778,0,0,0,86.444,12.222,7.333,19.556,80.682,76.364,87.879,79.545,3.111,57.143,62.5,3.667,1.667,1.111,17.6,2.444,8,348.222,17.807,187.211,535.433,328.366,195.416,26.866,13.632,1.859,24.807,1.997,58.561,8.45,4,15,19,21.053,3.556,3.333,0.444,0.889,2.444,3.222,2.778,0.111,0.889,6.222,-8.088,4.333,6.222,6.556,1.889,0,0,0.333,,0.444,0.778,0.111,100,7.667,0,1,0.667,0.111,0.556,0.333,0.222,0,0,0,,0,,0,,,2.333,0.778,0.222,100,0.222,0,6,0.667,0.556,1.222,0.556,1,8.333,54.545,5.222,22.381,1.222,11,3.233,0.494,9,3.418,0.916,2,2.403,-1.403,0.222,2.083,100,0.556,0.889,12.111,5,0.444
Oliver Florent,Carlton,27,27.44,Midfielder,5,5.28,54,58.6,0,0,0,70,8,6.6,14.6,67.123,67.5,66.667,72.603,0.8,50,54.795,1.2,1.6,2.6,5.615,3.4,4.294,206.4,14.137,147.586,353.986,181.156,127.042,22.645,19.71,3.08,25.036,-2.814,64.685,1.982,4.2,10.4,14.6,28.767,2.4,4,0.2,0.6,3.4,2.4,2.2,0,1,5.4,-15.189,3.6,6.2,3.8,1,0,0,0.4,,1.2,1.6,1,100,4.2,0.2,0.6,0.2,0,0,0.2,-0.2,0,0,0,,0,,0,,,2,0.2,0.2,100,0.2,0,1,0.2,0.2,0.6,0,0.2,1.6,33.333,2.8,11.475,0.4,3,2.818,-0.485,3,2.818,-0.485,0,,,0,0,,0.2,0.8,10,3.2,0.8
Ryley Sanders,Western Bulldogs,20,20.94,Mid-Forward,8,9.037,62.125,52.375,0,0,0,75.5,5.5,10.75,16.25,80.769,75,83.721,81.538,1.25,80,33.846,1.25,0.625,2.25,7.222,1.875,8.667,154.25,9.492,201.345,355.595,123.795,95.175,22.508,12.657,1.177,25.801,8.409,61.184,1.974,5.875,10.625,16.5,35.606,3.125,4.625,0.875,0.625,4,4.125,3.375,0.125,0.875,7.25,-0.743,2,6.375,6.625,1.5,2,6.299,0.125,6.25,0.875,1,0.875,42.857,2.5,0.625,0.25,0.25,0.125,0.625,1.125,-0.5,0,0,0,,0,,0,,,2,0.25,0.25,50,0.25,100,2,0.25,0.125,0.5,0.5,1.125,5.25,50,4.375,15.284,1.375,4,3.211,0.039,2,4.032,1.968,2,2.391,-1.891,0,0,,0.5,0.125,12.125,3.75,0
Jason Johannisen,Western Bulldogs,33,33.14,Gen. Defender,9,6.467,64.222,64.111,0,0,0,80.889,13,4,17,79.085,75.214,91.667,75,1.667,73.333,76.471,1.889,3.222,1.778,9.562,2.444,6.955,314.889,18.523,216.129,531.018,307.293,193.992,23.638,3.504,0.876,20.676,5.929,63.558,5.249,3.333,12.222,15.556,21.429,3.444,2.778,0,0.111,2.667,2.667,2.222,0.111,1.111,7.222,-26.29,5.444,6.556,3.444,0.111,0,0,0,,0.667,0.667,0.333,100,4.667,0.333,0.111,1.111,0.222,0.111,0.556,-0.444,0,0,0,,0,,0,,,1.111,0,0.889,37.5,0,,0,0,0.222,0.222,0.444,0.778,3.222,0,3.667,12.891,0.778,2,2.415,-1.415,1,2.745,-1.745,1,2.084,-1.084,1.333,14.458,100,0.333,1.333,7.556,5.333,0.889
Brady Hough,West Coast,22,22.82,Midfielder,9,8.356,73.222,70.889,5,0.556,1,81.556,8.333,8.667,17,82.353,77.333,87.179,77.124,1.667,26.667,49.02,1.778,1.889,1.556,10.929,2.556,6.652,203.556,11.974,238.334,441.89,198.884,89.187,23.866,4.624,0.534,23.196,5.375,63.41,0.875,4.778,12.444,17.222,27.742,3,3.333,0,0.444,2.889,2.778,2.222,0.556,1.111,6,-16.732,4,8.889,3.778,0.556,13.222,46.85,0.444,3.361,1.111,1.556,1.333,91.667,5.667,0.111,0.111,0.778,0.444,0.556,0.556,0,0,0,0,,0,,0,,,3,0.111,0.111,0,0,,1,0.111,0,0.333,0.111,0.444,1.667,33.333,2.667,16.901,0.333,3,2.14,-0.14,1,1.777,-1.777,2,2.322,0.678,0.111,0.901,100,0.444,1.444,13.111,8,0.889
Jobe Shanahan,West Coast,19,19.41,Key Forward,9,4.633,50.222,47.889,0,0,0,83.667,5.778,1.889,7.667,69.565,61.538,94.118,63.235,0.778,0,75.362,1.111,0.222,1.111,6.9,1.556,4.929,139.667,18.217,43.861,183.528,169.897,63.183,29.405,5.016,2.655,29.225,-0.654,61.242,-7.671,3.333,4.333,7.667,43.478,1.111,1.222,0.333,0.222,1,3.222,1.111,0,0.556,1.333,28.876,0.444,1.667,1.889,3.667,0,0,0,,0,0,0.111,0,4,1.111,1.889,0.111,1.444,1,0.333,0.667,0.333,0.346,0,0,0,,0,,,1.444,1,0,,1.889,5.882,12,1.333,1,2.556,0.222,0.333,10.444,52.174,3.333,21.127,0.333,23,3.47,0.052,21,3.521,0.003,2,2.941,0.559,0,0,,0,1,9.556,2,1
Harry Sharp,Melbourne,23,23.03,Gen. Forward,6,1.067,16.667,22.5,0,0,0,43.5,3,2.167,5.167,64.516,55.556,76.923,61.29,0.833,60,58.065,1.167,0.333,1.833,2.818,1,5.167,112.167,21.71,56.718,168.885,90.708,54.575,30.236,9.27,4.278,26.102,12.359,57.143,12.088,1.333,4.5,5.833,22.857,0.833,0.833,0.167,0,0.833,0.833,0.667,0.167,0,2.333,9.425,0.5,1.833,2.333,1.167,0,0,0,,0.167,0.167,0.333,50,1.667,0,0.333,0.167,0.167,0.333,0.5,-0.167,0,0,0,,0,,0,,,1.167,0.167,0,,0.167,0,0,0,0.667,0.667,0,0,0.667,0,1.833,7.971,0.333,4,3.51,-2.51,2,4.06,-3.06,2,2.96,-1.96,0,0,,0.167,1,9.333,3.167,0.667
Matthew Jefferson,Melbourne,21,21.81,Key Forward,4,2.2,35.75,38,0,0,0,72.75,4.25,3,7.25,55.172,47.059,66.667,55.172,0.75,66.667,58.621,1.25,0.25,2.5,2.9,2.5,2.9,99.75,13.759,39.332,139.082,116.965,46.36,27.521,2.023,0.674,29.071,20.929,52.605,9.895,2.75,4.25,7,39.286,0.75,1,0.5,0.25,0.75,2.25,0.5,0,0.25,1,24.89,0.25,2.25,1.75,2.75,0.5,1.695,0,0,0.5,0.5,0.5,100,2.5,0.5,1.5,0,0.75,1.25,0.25,1,1.75,1.961,0.25,14.286,0,0,0,100,100,1.75,0.75,0,,2.5,20,2,0.5,1,2.25,0.5,0.5,7,22.222,3.25,13.542,0.25,9,2.723,-0.945,8,2.844,-0.969,1,1.756,-0.756,0,0,,0,1.5,9.5,2,0.75
Koltyn Tholstrup,Melbourne,20,20.5,Gen. Forward,4,4.775,24,27.75,0,0,0,62.75,3,4.25,7.25,75.862,58.333,88.235,72.414,1,25,41.379,1,0,2.25,3.222,2,3.625,69.25,9.552,91.588,160.838,72.598,16.582,24.199,-0.695,-0.164,28.071,1.929,58.634,-28.634,3.5,3,6.5,53.846,0.75,2,0,0,2,2.5,1.5,0.5,0,1.5,11.298,0.5,1.5,4,0.5,0,0,0.25,,0.5,0.75,0.75,100,1,0.5,0,0,0,0.75,1,-0.25,0,0,0,,0,,0,,,2,0,0,,0.75,33.333,1,0.25,0,0.25,0.25,0.25,3,100,2,8.333,0,1,1.724,4.276,0,,,1,1.724,4.276,0,0,,0,0.5,10.25,4,0.25
Wil Dawson,North Melbourne,20,20.03,Key Defender,5,5.54,44.8,42.6,0,0,0,85,5.4,1.6,7,77.143,74.074,87.5,67.647,0.4,0,77.143,0.4,1.8,2.4,2.917,1.6,4.375,153.8,21.971,82.18,235.98,162.896,68.948,31.326,1.98,1.237,15.879,7.198,54.877,2.815,2.6,4.6,7.2,36.111,3.8,1.2,0,0,1.2,2.6,1.2,0,0.8,0.8,-40.655,4.6,1.2,1.2,0.2,1.6,5.031,0,0,0,0,0,,4.4,0.6,0,2,0,0.6,0.8,-0.2,2.6,2.486,0.6,23.077,0,0,0,33.333,66.667,2.8,0,2.6,38.462,0.2,0,0,0,0,0,0,0,0,,1.8,9.474,0.6,0,,,0,,,0,,,0,0,,0,4.4,9.2,6.8,4.2
Mykelti Lefau,Richmond,27,27.52,Key Forward,1,1,8,11,0,0,0,26,2,0,2,0,0,,0,1,0,100,1,0,1,2,1,2,67,33.5,0,67,63.28,0,31.64,0,,29.27,-29.27,34.95,-34.95,1,1,2,50,1,1,0,0,1,1,1,0,0,0,17.645,0,1,1,0,1,3.571,0,0,0,0,0,,1,0,0,0,1,0,1,-1,6,6.25,1,16.667,0,0,0,100,100,1,0,0,,0,,0,0,0,0,0,0,0,,0,0,0,0,,,0,,,0,,,0,0,,0,0,4,0,0
Jacob Blight,Richmond,24,24.04,Key Defender,2,6.15,65,60.5,0,0,0,93,11,3.5,14.5,89.655,90.909,85.714,79.31,0,,75.862,0,5.5,3.5,4.143,2.5,5.8,307.5,21.207,139.355,446.855,306.935,184.205,27.903,-5.7,-1.629,14.446,0.554,59.825,15.175,2.5,11,13.5,18.519,4.5,1.5,0,1,0.5,2,1,0,0.5,4,-50.293,9,3.5,1,0,0,0,0,,0.5,0.5,0,,7,0,0,1,0,0.5,1,-0.5,0,0,0,,0,,0,,,0.5,0,3,16.667,0,,0,0,0,0,0,0,0,,1.5,9.677,0.5,0,,,0,,,0,,,0,0,,0,6,4.5,4,5.5
Andrew Brayshaw,Fremantle,26,26.14,Midfielder,10,12.74,105.2,94.1,15,1.5,3,81.7,12.2,12.8,25,70.8,58.197,82.812,73.2,3.5,42.857,48.8,4.7,1.4,4,6.25,3.5,7.143,348.5,13.94,289.06,637.56,324.398,179.183,26.81,0.3,0.023,26.928,5.072,52.679,6.321,10.2,15.2,25.4,40.157,2.6,5.5,0.4,1.2,4.3,3,1.8,2.3,0.5,11.3,-4.014,3.3,11,8.9,2.2,21.5,77.338,1.8,8.372,3.4,5.2,6.6,69.697,2.8,0.1,0.2,0.3,0.2,1.9,2,-0.1,0,0,0,,0,,0,,,6.7,0.8,0.1,0,0.1,0,1,0.1,0.2,0.5,0.8,1.3,6.1,20,6,25.862,1.7,5,3.308,-1.708,3,3.874,-1.54,2,2.459,-1.959,0,0,,0.1,1.9,23.8,12.6,0.3
Jordan Clark,Fremantle,25,25.2,Gen. Defender,10,10.37,99.1,83,20,2,3,89.4,15.1,8.6,23.7,75.949,72.185,82.558,67.373,2.6,50,63.713,3.2,5.6,2.4,9.875,4.7,5.043,464.5,19.599,198.51,663.01,458.384,224.535,30.357,8.724,1.014,18.759,4.318,56.779,-2.233,6.5,13.8,20.3,32.02,6.8,5.1,0,1,4.1,4.9,3.9,0.1,1,9.6,-26.385,7.3,8,4.8,0.2,0,0,0,,1.3,1.3,0.6,100,3.6,0.5,0.1,1.7,0,0.8,1,-0.2,0,0,0,,0,,0,,,2.8,0.1,0.3,33.333,0,,1,0.1,0.1,0.5,0.3,0.3,2.5,20,4.7,20.259,2.2,5,2.049,-0.649,3,1.914,0.086,2,2.253,-1.753,3.1,30.392,93.548,0.7,1.8,13.8,11.5,1.3
Luke Jackson,Fremantle,24,24.25,Ruck,10,13.29,102.7,91.5,13,1.3,3,84.7,6.7,10.2,16.9,74.556,67.164,79.412,73.964,1.9,47.368,39.645,2.5,0.4,2.2,7.682,2.3,7.348,190.5,11.272,180.878,371.378,180.904,106.704,27.001,14.798,1.451,32.263,-1.152,57.554,0.224,9,8.6,17.6,51.136,2.2,4.5,0.6,1,3.5,5.2,2.5,0.6,1.1,5.5,7.387,1.7,6.2,6.4,3.3,15.9,57.194,0.1,0.629,2.1,2.2,3,63.333,3.8,1.6,1.4,0.6,0.4,1.7,1.1,0.6,36.5,36.757,13.7,37.534,3.2,23.358,0.5,37.226,35.036,5.1,1.1,0.2,0,1,20,11,1.1,0.5,1.9,0.4,0.9,10,57.895,5.1,21.983,0.9,19,3.893,-0.156,15,4.149,0.117,4,2.932,-1.182,0,0,,0,1.7,18.5,8.8,1.2
Caleb Serong,Fremantle,24,24.89,Midfielder,10,16.25,102.3,86.4,32,3.2,6,83.3,13.1,11.6,24.7,64.372,43.511,87.931,60.246,5.2,42.308,53.036,5.7,1.7,3.8,6.5,5.4,4.574,453.7,18.368,228.439,682.139,418.442,178.724,32.691,17.636,1.52,25.029,-3.977,41.923,-11.222,14.7,10.4,25.1,58.566,3,9.3,0.3,3,6.3,4.1,3.2,3.3,1.2,8.6,-6.442,3.3,10.9,9.7,1.2,22.6,81.295,3.7,16.372,4.2,7.9,9.3,79.57,1.3,0.2,0,0.4,0.1,1.4,0.6,0.8,0,0,0,,0,,0,,,4.6,0.6,0.1,100,0,,3,0.3,0.2,0.8,0.6,1.2,6.2,37.5,5.8,25,2.1,8,2.817,-0.317,2,3.048,-0.048,6,2.74,-0.406,0,0,,0.3,1.4,23.6,12,0.3
Isaiah Dudley,Fremantle,22,22.67,Gen. Forward,7,5.029,41,29.286,0,0,0,58.714,3.286,2.714,6,71.429,65.217,78.947,78.049,0.571,50,54.762,0.857,0.286,1.286,4.667,1.143,5.25,83.714,13.952,81.814,165.529,85.217,47.093,27.115,3.581,1.319,39.031,33.696,55.08,17.647,2.714,3.571,6.286,43.182,0.857,2,1.143,0,2,2.286,1.571,0,0.429,2.143,32.368,0.286,0.714,2,3.286,0,0,0.143,,0.286,0.429,0.286,100,1.143,0,0.571,0,0.286,0.429,0.429,0,0,0,0,,0,,0,,,1.286,0.714,0,,0.429,0,7,1,0.286,1.571,0.714,1.286,11.143,63.636,4,16.766,0.857,11,3.356,0.644,7,3.327,1.102,4,3.406,-0.156,0,0,,0,1,7.571,0.714,0.286
Josh Treacy,Fremantle,23,23.4,Key Forward,10,11.61,77.2,64,7,0.7,2,92.1,7.8,3.6,11.4,72.807,71.795,75,67.257,2.8,46.429,68.421,3.2,0.2,2.5,4.56,2.5,4.56,282.1,24.746,52.899,334.999,297.847,167.756,38.186,7.15,1.986,27.526,3.846,46.743,2.276,5.5,6.2,11.7,47.009,1.6,2.4,0.9,0.4,2,5.5,2.4,0,0.7,2.5,23.047,0.4,2.6,4.7,4,0.1,0.36,0,0,0,0,0,,4.7,1.8,1.7,0.3,1.6,1.2,0.7,0.5,0.2,0.201,0.1,50,0.1,100,0,100,100,2.2,0.9,0.1,0,2.4,37.5,18,1.8,0.5,2.4,0.4,0.9,14.2,75,5.3,22.845,0.5,24,3.292,1.416,19,3.404,1.227,5,2.865,2.135,0,0,,0.1,1.6,10.8,2.5,1.4
Nathan O'Driscoll,Fremantle,23,23.62,Midfielder,9,5.233,53.444,52.889,0,0,0,81.667,6.889,6.556,13.444,65.289,53.226,77.966,63.333,1.556,42.857,51.24,2,2.111,2.111,6.368,2.444,5.5,216.889,16.132,127.69,344.579,194.607,92.131,28.712,15.046,2.295,23.377,-4.146,47.386,-7.002,4.444,8.889,13.333,33.333,2.444,4.333,0.333,1.333,3,3.111,3.111,0.111,1.222,5.556,-3.821,2.444,5,4.556,1.333,0.778,2.881,0,0,1,1,0.889,75,2.556,0,0.111,0.444,0,0.111,0.444,-0.333,0,0,0,,0,,0,,,2.889,0.222,0.111,100,0,,1,0.111,0.444,0.778,0.111,0.333,2,14.286,2.778,12.195,0.556,7,2.715,-1.287,2,3.655,-0.155,5,2.34,-1.74,0,0,,0.111,1,13.333,7.222,0.667
Heath Chapman,Fremantle,23,23.91,Gen. Defender,10,5.59,53.1,48.2,0,0,0,82.5,6.8,4,10.8,80.556,75,90,66.667,1.4,50,62.963,1.5,2.2,1.5,7.2,2.6,4.154,206.1,19.083,122.944,329.044,197.074,104.849,28.981,12.659,3.246,20.695,0.517,56.564,-5.048,3,7.9,10.9,27.523,3.4,2,0,0.9,1.1,2.7,1.7,0,0.2,4.2,-30.298,4.6,3.9,2.4,0,0,0,0,,0.2,0.2,0.1,100,4,0.5,0,1.1,0,0.5,0.9,-0.4,0,0,0,,0,,0,,,2.5,0,0.6,33.333,0,,0,0,0,0,0.2,0.5,1.5,,2.1,9.052,0.8,0,,,0,,,0,,,0.2,1.961,50,0.1,2.1,9.9,7.1,1.7
Matthew Johnson,Fremantle,22,22.79,Midfielder,4,9.75,74,67.25,0,0,0,76,9,9.25,18.25,69.863,52.778,86.486,68.493,1.25,20,49.315,1.5,1.5,2.5,7.3,3.75,4.867,315.25,17.274,198.022,513.272,237.232,126.768,27.112,27.722,2.997,24.638,-2.057,51.382,0.231,7.25,11.5,18.75,38.667,3,4.75,0.25,1.25,3.5,3,2.5,1.5,0.25,7,-15.581,4.75,8,4.75,1.25,1,3.883,0.25,25,3.5,3.75,3.75,80,3.25,0,0,0.25,0,1.5,1.25,0.25,0,0,0,,0,,0,,,3.5,0,0.25,100,0,,0,0,0.25,0.25,0.5,1,3.75,0,3.75,17.647,1,1,2.724,-1.724,0,,,1,2.724,-1.724,0,0,,0.75,1,15,7.5,0.5
Patrick Voss,Fremantle,22,22.5,Key Forward,10,9.52,58.6,49.4,9,0.9,1,82.4,6,3,9,72.222,63.333,90,70,1.5,33.333,66.667,2.3,0,3,3,2.6,3.462,219.1,24.344,64.051,283.151,209.769,129.76,34.962,10.369,3.456,31.614,-0.845,40.02,-5.405,3.9,5.3,9.2,42.391,0.8,2.4,1.6,0.8,1.6,3.8,2.3,0,0.8,2,38.796,0,1.3,3.4,4.5,0,0,0,,0,0,0.1,0,3.5,1,1.8,0,1.1,0.6,1.7,-1.1,0,0,0,,0,,0,,,1.2,0.4,0,,1.6,31.25,23,2.3,0.8,3.3,0.4,0.7,17.3,69.697,5.2,22.414,0.2,33,3.645,0.779,21,4.206,0.603,12,2.663,1.087,0,0,,0.3,1.3,7.8,1.4,0.9
Neil Erasmus,Fremantle,22,22.07,Midfielder,8,9.363,73.75,63.375,0,0,0,63.75,7.125,9.25,16.375,75.573,61.404,86.486,76.336,1.875,60,43.511,2,1,1.5,10.917,2.25,7.278,196.625,12.008,175.678,372.302,201.209,109.989,28.744,0.885,0.096,25.219,1.865,52.039,-6.206,7.625,9.125,16.75,45.522,3.375,5.875,0.75,1.875,4,3.75,3.125,0.75,0.875,5.25,-8.911,3.5,6.25,5.25,1.75,4.25,15.044,0.625,14.706,2.375,3,3.125,88,2.625,0,0.125,0.375,0,1.125,0.375,0.75,0,0,0,,0,,0,,,3.5,0.25,0.125,100,0,,2,0.25,0.125,0.75,0.25,0.375,3.25,33.333,4.25,17.347,1.25,6,2.864,-0.698,1,4.796,-3.796,5,2.478,-0.078,0,0,,0.125,0.75,13.5,7.75,0.125
Jye Amiss,Fremantle,22,22.41,Key Forward,10,4.93,46.9,39.4,2,0.2,1,83.1,5,1,6,60,54,90,56.667,0.7,28.571,83.333,0.8,0.4,1.5,4,1.3,4.615,104.6,17.433,24.115,128.715,142.546,52.204,29.091,-3.869,-3.869,31.957,1.376,58.631,-6.25,2.6,3.8,6.4,40.625,0.6,0.9,0.4,0.2,0.7,2.5,0.8,0,0.3,0.8,39.823,0.3,0.7,1.6,3.8,0,0,0.1,,0,0.1,0,,3.5,0.7,2.3,0.1,1.8,0.8,0.6,0.2,0,0,0,,0,,0,,,0.8,0.6,0.1,0,2.1,19.048,15,1.5,0.7,2.9,0.3,0.5,11.7,51.724,3.5,15.086,0.1,29,3.425,-0.08,25,3.529,-0.169,4,2.775,0.475,0,0,,0,0.9,4.3,0.7,0.7
Karl Worner,Fremantle,23,23.54,Gen. Defender,10,5.17,59.8,55.8,0,0,0,79.9,7.7,6,13.7,77.372,70.13,86.667,66.423,0.5,20,56.204,0.8,3,2.2,6.227,3.3,4.152,274,20,132.454,406.454,236.029,123.889,30.653,14.631,2.438,18.113,0.197,54.894,-7.006,2.8,10.6,13.4,20.896,4,2.2,0.1,0.4,1.8,2.5,1.9,0,0.7,6,-30.749,5.4,5.4,2.4,0.2,0,0,0,,0.1,0.1,0.1,100,3.9,0.2,0.1,1.3,0.1,0.4,0.6,-0.2,0,0,0,,0,,0,,,2.5,0,0.7,28.571,0,,0,0,0.4,0.5,0.1,0.2,1.1,0,2.6,11.207,0.8,5,3.338,-2.538,3,3.814,-2.814,2,2.624,-2.124,0.6,5.882,100,0.4,3.3,8.4,6.6,2.9
Murphy Reid,Fremantle,19,19.42,Gen. Forward,10,9.54,74.6,56.9,8,0.8,1,80.5,8.1,7.5,15.6,68.59,60.494,77.333,69.872,3.3,63.636,51.923,4.2,0.3,2,7.8,2.8,5.571,224.7,14.404,195.285,419.985,223.051,132.523,27.537,-4.711,-0.628,33.811,11.951,49.808,12.903,6,9.6,15.6,38.462,1.8,5.2,1.4,1.1,4.1,5.1,4.4,0.1,2.6,6,20.764,0.7,3.1,7.7,4.1,0,0,0.1,,0.8,0.9,0.6,100,2,0,0.4,0.1,0.6,0.7,0.6,0.1,0,0,0,,0,,0,,,1.6,0.5,0.1,0,0.8,25,9,0.9,0.9,2,1.1,1.9,13.7,45,5.7,24.569,0.2,20,3.08,0.07,7,3.863,-0.006,13,2.658,0.111,0,0,,0.5,0.7,12.6,2.6,0.5
Nat Fyfe,Fremantle,34,34.28,Midfielder,5,2.3,16.4,13.4,0,0,0,15.4,1.8,2.4,4.2,85.714,77.778,91.667,80.952,0.8,25,42.857,1.2,0.2,0.8,5.25,0.8,5.25,71.4,17,76.45,147.85,53.976,37.558,29.987,11.81,4.921,25.367,-3.144,52.832,2.723,1.8,2.4,4.2,42.857,0.8,1.2,0,0.2,1,0.8,0.4,0.2,0.2,1.8,-7.125,0.4,2.2,1.6,0,3.8,13.768,0.6,15.789,0.2,0.8,0.6,66.667,0.6,0.2,0,0.2,0,0.2,0.4,-0.2,0,0,0,,0,,0,,,0.6,0,0,,0,,0,0,0,0,0,0,0,,1,4.237,0.6,0,,,0,,,0,,,0,0,,0,0.2,2.2,1.4,0
Oscar McDonald,Fremantle,29,29.78,Key Defender,5,4.32,51.2,45.6,0,0,0,92.8,7,2.6,9.6,77.083,77.143,76.923,64.583,0.6,0,72.917,0.8,2.6,2.6,3.692,1.4,6.857,165.2,17.208,61.786,226.986,179.124,72.366,25.589,-0.748,-0.288,16.168,-7.344,59.791,-6.85,3.2,6.6,9.8,32.653,4.2,2,0,0.4,1.6,2.6,1.4,0,0.4,1.8,-38.888,5.2,2.6,2,0,0,0,0,,0.4,0.4,0.2,0,4.6,0.6,0,2.2,0,0.6,1.4,-0.8,0,0,0,,0,,0,,,2,0,2.2,9.091,0,,1,0.2,0,0.2,0,0,1.2,100,0.6,2.564,0.4,1,4.882,1.118,1,4.882,1.118,0,,,0,0,,0,4.4,6.8,5.2,4.4
Corey Wagner,Fremantle,28,28.77,Midfielder,6,7.067,66.333,60.167,0,0,0,67,8.5,4.167,12.667,75,64.706,96,73.333,1.667,70,67.105,2,1.5,1.667,7.6,2.5,5.067,242.167,19.118,156.265,398.432,243.022,160.095,29.163,2.955,0.709,21.658,5.426,48.865,1.135,4.833,8.667,13.5,35.802,1.833,3.167,0,0.333,2.833,2.333,1.833,0.667,0.667,5.333,-20.594,4.167,5.333,3.333,0.667,5.667,21.118,0.667,11.765,1.667,2.333,1.667,90,2.667,0,0.167,0.167,0,0.667,0.667,0,0,0,0,,0,,0,,,4.667,1.333,0,,0,,1,0.167,0,0.167,0.667,1.167,5.5,100,3.167,14.504,0.5,1,3.266,2.734,1,3.266,2.734,0,,,0,0,,0.167,0.667,16.5,9.5,0
Shai Bolton,Fremantle,27,27.06,Mid-Forward,10,8.29,72.6,65.2,7,0.7,4,83.8,8.8,8,16.8,58.929,44.318,75,63.095,1.9,68.421,52.381,2.5,0.3,3.6,4.667,3.6,4.667,260.8,15.524,162.601,423.401,231.246,132.373,26.889,18.337,2.292,31.449,3.334,52.212,-2.212,7.5,9.9,17.4,43.103,1.4,5.6,2.2,0.8,4.8,4.4,3.8,0.9,1.3,6.4,17.21,0.9,5.5,5.7,5.3,11,39.568,1.2,10.909,1.2,2.4,2.5,72,2.6,0.3,1,0,0.6,0.5,1.4,-0.9,0,0,0,,0,,0,,,3,1.1,0,,0.1,0,9,0.9,1.3,3.4,0.5,0.7,9.9,26.471,6.8,29.31,1.1,34,2.904,-0.933,13,2.892,-1.123,21,2.911,-0.816,0,0,,1.3,1.3,13.3,3.8,0.4
Brennan Cox,Fremantle,27,27.38,Key Defender,10,7.99,56.7,41.3,3,0.3,1,86.7,6,3.2,9.2,80.435,80,81.25,68.478,0.1,100,65.217,0.1,2.5,1.9,4.842,1.5,6.133,139,15.109,110.207,249.207,137.688,53.856,22.948,7.211,2.253,14.453,-5.979,63.872,-4.549,2.8,6.6,9.4,29.787,4.5,1.5,0,0.4,1.1,2.6,1.4,0,0.3,2,-45.291,5.7,2.9,0.8,0,0,0,0,,0.2,0.2,0,,4.2,0.6,0,2,0,0.9,1,-0.1,0,0,0,,0,,0,,,1.6,0,2.1,28.571,0.2,50,0,0,0,0,0,0,0,,0.9,3.879,0.5,0,,,0,,,0,,,0,0,,0,8.4,5.1,4.2,8.3
Sean Darcy,Fremantle,27,27.55,Ruck,10,10.62,86.5,71.1,1,0.1,1,66.8,6.2,5.9,12.1,61.157,48.387,74.576,62.5,1.5,53.333,51.24,1.8,0.3,3.5,3.457,2.8,4.321,177,14.628,104.586,281.586,187.604,75.842,30.259,0.175,0.03,24.865,-7.884,45.963,-12.001,8.4,4.3,12.7,66.142,1.1,3.4,0.6,1.3,2.1,2.2,1.2,0,0.1,2.3,2.631,1.2,4.9,4.7,1.9,18.8,67.626,1.6,8.511,2.8,4.4,5.8,81.034,1.9,0.5,0.3,0.4,0,1.4,2,-0.6,62.6,63.041,27.2,43.45,8,29.412,2.9,44.485,39.706,2.6,0.6,0.4,0,0.9,44.444,3,0.3,0.2,0.7,0.5,0.6,5.1,42.857,4,17.241,2.9,7,3.123,-0.266,5,3.184,0.616,2,2.972,-2.472,0,0,,0,3.4,8.1,3.9,2.4
Bailey Banfield,Fremantle,27,27.84,Gen. Defender,10,6.99,67.9,59.9,0,0,0,74.8,9.5,5.1,14.6,72.603,67.368,82.353,60.959,1.1,18.182,65.068,1.2,3.1,2.6,5.615,3.8,3.842,235.5,16.13,164.887,400.387,239.83,85.812,25.514,-7.089,-1.418,19.241,-0.637,56.196,-6.196,4.6,9.7,14.3,32.168,4.8,3.6,0,0.8,2.8,3.7,3,0,1.5,5.4,-29.425,5.6,5.8,2.6,0.3,0,0,0.1,,0.5,0.6,0.3,33.333,4,0.1,0.1,0.7,0,0.9,1,-0.1,0,0,0,,0,,0,,,2.8,0.1,0.5,20,0,,0,0,0.1,0.2,0.2,0.2,1.3,0,2.3,9.914,0.4,2,3.026,-2.526,1,2.915,-2.915,1,3.138,-2.138,0,0,,0.7,3,11.2,8.4,2.5
Luke Ryan,Fremantle,29,29.89,Gen. Defender,10,7.95,88.3,76.3,4,0.4,2,92.4,14.5,5.1,19.6,88.265,89.655,84.314,74.49,0.4,25,73.98,0.4,6.5,2.1,9.333,3.3,5.939,404,20.612,271.481,675.481,403.558,230.696,27.832,7.61,1.492,14.903,-0.218,65.391,-3.154,4,9.7,13.7,29.197,5.5,2.8,0,0.7,2.1,3.8,2.7,0.1,0.9,4.1,-37.049,6.5,4.9,2.3,0,0,0,0.1,,0,0.1,0.1,0,5.5,0.3,0,1.4,0,0.6,0.7,-0.1,0,0,0,,0,,0,,,1.9,0,1.6,6.25,0,,0,0,0,0,0,0,0,,2.8,12.069,2,0,,,0,,,0,,,6.3,61.765,96.825,0.2,3.9,7.4,6.5,3.2
Michael Frederick,Fremantle,25,25.62,Gen. Forward,10,7.61,59.7,57.5,9,0.9,3,81.9,8.1,3.8,11.9,63.866,53.086,86.842,61.345,2,40,68.067,3.2,0.5,1.8,6.611,2.7,4.407,259.9,21.84,108.212,368.112,241.467,120.222,29.811,2.29,0.603,30.026,2.667,50.606,3.24,3.9,8.1,12,32.5,1.4,3,0.8,0.2,2.8,3.2,2.7,0.1,1.3,3.9,18.75,0.9,2.9,4.7,3.5,0,0,0.1,,0.5,0.6,0.3,33.333,3.2,0.1,0.5,0.1,0.6,0.6,0.5,0.1,0,0,0,,0,,0,,,2.3,0.5,0,,0.4,25,11,1.1,1.1,2.7,0.7,0.9,12.1,40.741,4.6,19.828,0.5,27,3.056,-0.204,7,2.773,0.799,20,3.155,-0.555,0,0,,0.5,0.4,11.3,3.7,0.3
Liam Henry,St Kilda,24,24.34,Gen. Forward,5,5.18,37.2,35,0,0,0,57.6,4.6,4,8.6,67.442,52.174,85,72.093,1.2,83.333,53.488,1.4,0,1.2,7.167,2,4.3,75.6,8.791,105.86,181.46,73.856,41.392,16.056,6.95,1.738,35.236,0.058,67.496,-2.79,3,5.6,8.6,34.884,0.8,1.8,0.6,0.2,1.6,1.8,1.2,0.2,0.4,2.6,15.76,0.4,2.2,3.6,2.4,0,0,0.4,,0.6,1,0.4,100,2.2,0.2,0.4,0,0.8,0.8,0,0.8,0,0,0,,0,,0,,,0.8,0.6,0,,0,,2,0.4,0.2,0.8,0,0.6,3.2,50,3.2,14.815,0.4,4,2.83,0.42,2,3.214,-0.214,2,2.446,1.053,0,0,,0,1,6.6,1.2,0.4
Jack Carroll,St Kilda,23,23.03,Midfielder,1,0,0,0,0,0,0,16,0,0,0,,,,,0,,,0,0,0,,0,,0,,0,0,0,0,,0,,,,,,0,0,0,,0,0,0,0,0,0,0,0,0,0,,0,0,0,0,0,0,0,,0,0,0,,0,0,0,0,0,0,0,0,0,0,0,,0,,0,,,0,0,0,,0,,0,0,0,0,0,0,0,,0,0,0,0,,,0,,,0,,,0,0,,0,0,2,0,0
Hugo Garcia,St Kilda,20,20.61,Midfielder,7,11.029,78.286,68,4,0.571,1,76.286,9.429,8.143,17.571,71.545,59.091,85.965,68.293,3,38.095,53.659,3.714,1.429,3.429,5.125,2.429,7.235,312,17.756,185.631,497.631,268.36,170.801,28.462,15.81,1.942,27.399,1.911,50.635,-2.359,7.571,9.857,17.429,43.443,2,5.714,0.714,1.286,4.429,2,1.571,1.143,0.286,6.857,-3.146,2.143,7.714,5.857,1.714,15.857,61.667,1.714,10.811,2.571,4.286,5.286,70.27,1.714,0,0,0.143,0.143,0.429,1,-0.571,0,0,0,,0,,0,,,4.714,1.429,0,,0,,2,0.286,0.286,0.571,0.429,0.714,4.857,50,3.714,16.883,1.286,4,3.388,0.112,0,,,4,3.388,0.112,0,0,,1.429,0.571,16.714,9,0
Bailey Scott,North Melbourne,25,25.47,Midfielder,5,5.9,44.2,43.8,0,0,0,67.4,6.6,4.6,11.2,78.571,69.697,91.304,76.786,2.4,66.667,58.929,2.6,1.6,0.6,18.667,1.2,9.333,240.6,21.482,135.932,376.532,224.362,138.064,33.994,3.882,0.844,22.355,9.904,49.374,2.239,2.6,9,11.6,22.414,1.4,2.4,0.2,0.4,2,2,2,0.2,1.2,5,-17.754,2.8,4.8,3.8,0.2,0,0,0.2,,0.4,0.6,0.4,100,3.6,0,0,0.2,0.2,0,0.2,-0.2,0,0,0,,0,,0,,,0.8,0,0.4,50,0,,1,0.2,0.2,0.4,0.2,0.6,3,50,2.8,11.475,0.2,2,2.522,0.978,0,,,2,2.522,0.978,0,0,,0.2,0.4,8,3.4,0.2
Will Phillips,North Melbourne,23,23.61,Midfielder,3,8.9,70,69.333,0,0,0,66.667,7.333,10.333,17.667,75.472,50,93.548,83.019,2.667,62.5,41.509,3,0.667,2.667,6.625,1.667,10.6,171,9.679,232.327,403.327,176.483,84.363,24.066,-3.297,-0.319,26.951,9.891,52.876,10.282,6,11.667,17.667,33.962,0.333,5,0.333,1.667,3.333,0.333,0,0,0,8,-5.31,3,7,6.333,1.333,21.333,68.817,3,14.062,3,6,5,100,3,0.333,0.333,0.333,0.333,0.333,1,-0.667,0,0,0,,0,,0,,,5,0.333,0.333,100,0,,0,0,0.333,0.667,0.667,0.667,4.333,0,6,29.508,2.333,2,3.094,-2.594,1,3.582,-3.582,1,2.607,-1.607,0,0,,0,1.333,21,11.333,0.333
Cooper Harvey,North Melbourne,21,21.47,Gen. Forward,7,5.643,45.714,46.286,0,0,0,62.857,5.857,2.714,8.571,71.667,73.171,68.421,70,0.714,40,68.333,1,0.714,1.286,6.667,1.143,7.5,143.857,16.783,80.784,224.641,153.786,88.646,26.912,1.464,0.539,23.113,2.974,66.52,-1.302,2.571,5.857,8.429,30.508,0.571,1.857,1.286,0.429,1.429,1.714,1.286,0.286,0.714,1.857,14.533,1.143,2,1.857,3.429,0,0,0.143,,0.286,0.429,0.571,50,3.429,0.143,1.143,0.143,0.571,0.286,0.571,-0.286,0,0,0,,0,,0,,,1.286,0.286,0.143,100,0.714,0,10,1.429,0.714,2.286,0.143,0.286,10.286,62.5,3.571,15.723,0.286,16,2.973,1.089,10,2.892,1.608,6,3.11,0.224,0.143,1.25,100,0,0.571,6.857,1.714,0.429
Zane Duursma,North Melbourne,20,20.34,Gen. Forward,4,4.275,40.25,35,0,0,0,67.75,5,3.5,8.5,85.294,85,85.714,70.588,1.25,60,58.824,1.25,1.75,1,8.5,1.5,5.667,179.25,21.088,90.677,269.928,167.977,78.322,33.596,6.528,1.865,23.048,-1.996,54.118,-1.486,2.75,6,8.75,31.429,1.5,1.75,0.25,0.5,1.25,2.75,1.75,0,0.5,1.25,-18.983,2.25,3.5,2.5,0.5,0,0,0,,0,0,0,,4.25,0.5,0,0.5,0,0.25,0,0.25,0,0,0,,0,,0,,,0,0,0.5,50,0,,0,0,0,0,0.75,0.75,4.5,,1.5,8.333,0.25,0,,,0,,,0,,,0.25,1.754,100,0.25,0.75,5.5,3.25,0.5
Finnbar Maley,Adelaide,22,22.45,Key Forward,3,3.8,35.333,37.333,0,0,0,67.667,2.667,3.667,6.333,84.211,75,90.909,78.947,0.333,0,42.105,0.333,0.333,2.667,2.375,2,3.167,39.333,6.211,81.2,120.533,48.363,16.737,18.136,1.857,0.506,19.438,0.562,68.974,-8.974,4,3.333,7.333,54.545,0.667,2,0.333,0.667,1.333,2.333,1,0.333,0.333,1.333,8.171,0.667,2.333,2.667,1.667,5.333,15.686,0.333,6.25,1,1.333,1.667,80,3,1,0.667,0.667,1,0,1.333,-1.333,13.667,13.576,3.667,26.829,0.333,9.091,0.333,27.273,27.273,2.333,0.667,0,,0.333,0,2,0.667,0,1,0,0,4,66.667,1.333,7.018,0,3,4.838,-0.838,2,4.606,1.394,1,5.3,-5.3,0,0,,0,2.667,8,4.333,2
Riley Garcia,Western Bulldogs,24,24.91,Mid-Forward,8,7.513,61.625,53.5,0,0,0,64.875,6.5,7.625,14.125,75.221,65.385,83.607,71.681,2.25,66.667,46.018,2.75,0.5,2.375,5.947,2.5,5.65,187,13.239,159.651,346.651,192.899,101.479,29.677,-8.386,-1.1,27.07,4.637,48.047,8.051,6.5,7.875,14.375,45.217,1.125,4.75,0.875,1.25,3.5,2.5,2.125,0.875,1.375,5.625,6.868,1.125,5.25,5.75,2.25,7.25,22.745,0.875,12.069,2,2.875,3.125,80,1.375,0,0,0.125,0.125,1,1.125,-0.125,0,0,0,,0,,0,,,3.75,1.5,0,,0,,2,0.25,0.5,1,0.375,1,4.875,25,4.875,16.883,1.5,8,3.082,-1.082,3,3.204,-0.87,5,3.009,-1.209,0,0,,0.25,0.5,15.125,5.75,0
Caleb Poulter,Western Bulldogs,23,23.21,Gen. Forward,6,5.383,41.333,40,0,0,0,53.833,4.667,3.5,8.167,69.388,53.571,90.476,70.833,1.333,50,57.143,1.833,0,1.667,4.9,2,4.083,126.167,15.449,69.53,195.697,130.547,74.917,27.974,1.118,0.32,27.771,2.229,59.943,-9.943,3.333,5.333,8.667,38.462,0.667,2.167,1.5,1,1.167,2.833,2,0,0.833,2.5,20.909,0,2.667,3.167,2.833,0,0,0.167,,0.333,0.5,0.167,100,3,0.5,0.667,0.167,0.5,0.167,0.167,0,0,0,0,,0,,0,,,2,1.333,0,,1.5,22.222,2,0.333,0.333,1,0.167,0.5,3.667,33.333,3,10.405,0.333,6,3.519,-1.186,3,3.106,0.894,3,3.932,-3.266,0,0,,0,0.833,9.333,2.167,0.167
Taylor Duryea,Western Bulldogs,34,34.68,Gen. Defender,1,0.1,20,34,0,0,0,81,4,4,8,87.5,75,100,75,2,50,50,2,1,3,2.667,1,8,121,15.125,128.86,249.86,104.02,45.12,26.005,15.69,3.923,34.922,15.077,51.45,-1.45,0,8,8,0,1,0,0,0,0,0,0,0,0,5,-21.279,3,1,4,0,0,0,0,,0,0,0,,3,0,0,1,0,0,1,-1,0,0,0,,0,,0,,,2,0,1,100,0,,0,0,0,0,0,0,0,,2,5.882,1,0,,,0,,,0,,,0,0,,0,2,11,8,2
Francis Evans,Carlton,24,24.35,Gen. Forward,6,13.233,81.833,74.333,10,1.667,3,74.167,8.167,5.5,13.667,79.268,73.469,87.879,78.049,2.667,62.5,59.756,2.833,0.333,1.5,9.111,1.5,9.111,259.167,18.963,172.598,431.765,255.703,177.683,31.311,2.135,0.388,32.146,23.027,44.528,31.334,5,8.5,13.5,37.037,1.333,3.333,1,0.667,2.667,3.833,2.5,0,0.833,4,22.526,0.833,3.333,4.667,4.667,0,0,0.5,,0.5,1,0.167,100,4.167,0.5,1.5,0.333,0.5,1.167,0.5,0.667,0,0,0,,0,,0,,,3.5,1.5,0,,1.333,37.5,12,2,0.667,2.833,1,1.167,18.833,70.588,6.333,30.159,0.667,17,3.23,1.24,11,3.157,1.388,6,3.365,0.969,0,0,,0.167,0.167,12.5,3,0.167
Ashton Moir,Carlton,20,20.71,Gen. Forward,8,5.375,51,46.5,0,0,0,76.875,5.75,3.375,9.125,64.384,56.522,77.778,60.274,0.875,28.571,63.014,1,0,1.5,6.083,1.875,4.867,129.5,14.192,58.27,187.77,146.039,66.651,25.398,5.868,1.739,31.645,-4.373,52.266,-2.266,3.875,5.125,9,43.056,0.5,2.375,1.375,0.625,1.75,3.125,2,0.375,0.625,1.75,34.425,0,1.375,3.625,4,2.5,9.174,0.125,5,0.25,0.375,0.625,80,3.25,0.875,1.625,0,1.125,0.25,0.25,0,0,0,0,,0,,0,,,1.25,0.625,0,,1.625,23.077,10,1.25,0.75,2.625,0.375,0.375,10.5,47.619,3.5,17.178,0.125,21,3.244,-0.101,12,3.468,-0.135,9,2.945,-0.056,0,0,,0,0.875,10.375,3.25,0.875
Lachlan Cowan,Carlton,21,21.08,Gen. Defender,8,7.362,83.375,79.5,2,0.25,1,81.625,13.625,5.125,18.75,82,77.064,95.122,72,2.125,52.941,72.667,2.125,4.125,2.25,8.333,3.25,5.769,378.25,20.173,191.309,569.559,378.302,205.339,27.765,6.54,1.276,19.959,-7.578,55.904,5.048,4.375,14.125,18.5,23.649,5.5,2.625,0,0.75,1.875,3.625,2,0.125,0.5,6.75,-25.358,6,7.875,4.5,0.125,0,0,0,,0.25,0.25,0.375,33.333,6.375,0.375,0.125,1.875,0.25,1.5,0.75,0.75,0,0,0,,0,,0,,,2.5,0,1.125,11.111,0,,0,0,0,0,0.25,0.625,1.875,,2.375,11.656,0.5,0,,,0,,,0,,,0.625,6.329,100,0.25,2.25,10,6.875,1.875
Harry O'Farrell,Carlton,19,19.66,Key Defender,5,6.28,57.2,49,0,0,0,76,7.6,2.8,10.4,78.846,78.947,78.571,72.549,0.4,0,73.077,0.6,3,2,5.2,1.8,5.778,222.8,21.423,106.176,328.976,204.876,140.01,27.686,2.524,0.901,16.9,-8.076,59.297,5.409,3,7.4,10.4,28.846,5.4,2,0,0.4,1.6,2.8,1.8,0,0.6,1.8,-36.39,5.6,2.6,2,0.2,0,0,0,,0,0,0,,5.2,0.4,0.2,2.4,0,0.8,1.2,-0.4,0,0,0,,0,,0,,,1.6,0,0.8,100,0,,1,0.2,0.2,0.4,0,0,1.4,50,1,5.495,0.8,2,2.751,0.749,2,2.751,0.749,0,,,0,0,,0.2,4.8,5.8,4.6,4.6
Patrick Lipinski,Collingwood,27,27.45,Mid-Forward,9,8.333,65.222,58.444,0,0,0,80.556,7.556,7.778,15.333,66.667,55.882,77.143,65.217,2.333,52.381,49.275,2.889,0.889,1.667,9.2,2.889,5.308,213.111,13.899,178.24,391.351,195.718,97.11,25.904,6.5,0.836,33.567,-2.657,50.775,7.407,6.444,9.333,15.778,40.845,1.556,5,1.444,1.222,3.778,4.333,3.889,0.444,1.333,5.778,14.642,1.444,3.333,7.333,3.667,0,0,0.444,,0.556,1,1.333,41.667,2.556,0.222,0.444,0.111,0.222,0.556,0.333,0.222,0,0,0,,0,,0,,,2.556,1.111,0,,0.444,25,3,0.333,0.778,1.222,0.667,0.889,7,27.273,4.444,20.513,0.778,11,3.402,-1.129,4,3.932,-0.432,7,3.099,-1.527,0,0,,0,0.889,14.333,4.444,0.111
Josh Daicos,Collingwood,27,27.09,Gen. Defender,10,11.56,97.4,91.9,12,1.2,3,86.2,16.9,8.2,25.1,72.112,67.456,81.707,64.257,3.8,44.737,67.331,4.6,5.1,3.4,7.382,5.5,4.564,562.4,22.406,222.818,785.218,505.157,279.727,30.431,23.051,2.811,22.127,-6.543,51.816,-3.764,7.2,15.4,22.6,31.858,4.3,5.7,0.1,1.1,4.6,4.5,4.1,0.5,1.8,9.9,-14.814,5.8,8.3,7.6,0.9,4,15.686,1.2,30,0.9,2.1,1.7,82.353,4.5,0.2,0.2,0.5,0.1,0.7,0.7,0,0,0,0,,0,,0,,,2.8,0.2,0.4,25,0,,2,0.2,0.3,0.6,0.4,0.6,4.1,33.333,3.7,16.972,0.7,6,3.212,-0.712,3,3.893,0.44,3,2.531,-1.865,2.6,31.707,92.308,0.1,0.7,10.9,6.7,0.5
Isaac Quaynor,Collingwood,25,25.95,Gen. Defender,10,9.93,77.4,65.2,7,0.7,2,82.8,9.3,5.6,14.9,83.893,80.645,89.286,74.497,1,50,62.416,1.3,3.4,1,14.9,2.5,5.96,305.8,20.523,224.277,530.077,256.854,174.469,27.619,31.86,5.689,18.225,-3.619,61.448,1.473,4.3,10.4,14.7,29.252,5.5,2.5,0,0.5,2,4,2.2,0,0.7,5.5,-29.553,5.5,5.9,3.2,0.1,0,0,0,,0.2,0.2,0.3,66.667,5.1,1,0.1,2,0.2,0.7,0.1,0.6,0,0,0,,0,,0,,,2.6,0.2,0.7,14.286,0,,0,0,0,0.3,0.1,0.2,0.7,0,2.7,12.385,0.8,3,1.948,-1.948,3,1.948,-1.948,0,,,0.2,2.439,100,0.3,2.7,10.4,7.8,1.8
Wil Parker,Collingwood,23,23.59,Gen. Defender,3,2.433,33,41.667,0,0,0,59,6.667,2.333,9,48.148,40,71.429,48.148,0.333,0,74.074,0.333,1.667,1,9,2,4.5,210.667,23.407,28.907,239.573,206.23,84.377,30.934,5.367,2.3,21.401,2.129,53.806,-18.512,1.667,6.333,8,20.833,4.667,1.667,0,0,1.667,1.667,1.667,0,0.333,2.667,-17.92,3,1.333,3,0.667,0,0,0,,0,0,0,,3.667,0,0.333,2,0,0,0.667,-0.667,0,0,0,,0,,0,,,2,0,0.333,100,0,,0,0,0,0.333,0,0.333,0.333,0,1.333,5.714,0.667,1,3.875,-3.875,0,,,1,3.875,-3.875,0,0,,0,0.667,7,5.333,0.667
Ned Long,Collingwood,22,22.9,Midfielder,10,8.58,72.6,71.5,0,0,0,76.3,7,9.4,16.4,59.146,48.571,67.021,60.366,2.7,40.741,42.683,3.5,0.8,4.1,4,3.7,4.432,250.2,15.256,208.736,458.936,214.434,95.823,31.077,21.678,2.306,32.265,-1.653,48.406,-9.63,7.4,8.9,16.3,45.399,1.4,5.4,1.2,1,4.4,2.6,2.1,0.8,1.7,5.9,3.134,1.8,5.7,6.6,2.2,15.2,59.608,0.5,3.289,2.6,3.1,4.2,69.048,2.3,0,0.3,0.1,0.1,0.8,1.9,-1.1,0.5,0.514,0.2,40,0.1,50,0.1,0,50,7,1.2,0,,0.2,50,2,0.2,0.3,0.6,0.5,0.9,4.9,33.333,4,18.349,1.1,6,2.782,-0.282,1,3.762,-2.762,5,2.585,0.215,0,0,,0,1.4,24,10.3,0.4
Nick Daicos,Collingwood,22,22.99,Midfielder,10,18.8,123.2,109.3,42,4.2,6,85.6,18.3,12.4,30.7,72.313,65.574,82.258,69.707,5.4,44.444,59.609,5.9,2.2,3.8,8.079,5.1,6.02,544.6,17.739,321.843,866.443,486.39,291.38,26.579,24.549,1.98,27.521,-0.31,52.439,3.344,10.5,18.1,28.6,36.713,2.1,6.9,1.4,2.1,4.8,3.3,2.5,2.4,1,12.3,1.198,3.1,10.5,11.3,3.7,16.5,64.706,2.4,14.545,3.5,5.9,6.8,75,3.7,0.3,0.4,0.2,0.5,1.3,1.3,0,0,0,0,,0,,0,,,3.9,0.8,0.1,100,0,,8,0.8,0.7,1.6,0.7,1.6,10.6,50,7.9,36.239,1.5,16,2.546,0.892,6,2.832,-0.165,10,2.374,1.526,0.5,6.098,100,1.4,0.4,18.5,8.4,0.1
Roan Steele,Collingwood,24,24.19,Midfielder,5,5.18,35.6,37.8,0,0,0,52.8,6.6,3,9.6,77.083,69.697,93.333,72.917,2.4,66.667,68.75,2.6,0.4,0.8,12,1.8,5.333,192.2,20.021,112.326,304.526,176.47,125.11,26.738,4.114,1.371,26.811,-1.004,55.689,12.053,1.8,7.6,9.4,19.149,0.6,1,0,0.4,0.6,1.4,0.8,0.2,0,4,-3.737,0.8,3.8,4.4,0.4,0,0,0,,0.4,0.4,0.8,75,3,0,0,0.2,0.2,0.6,0,0.6,0,0,0,,0,,0,,,0.6,0.4,0,,0,,0,0,0,0,0.4,0.6,2.6,,1.4,5.833,0,0,,,0,,,0,,,0,0,,0.2,0.8,9,3.8,0.2
Scott Pendlebury,Collingwood,37,37.98,Midfielder,9,10.933,85.111,72.778,5,0.556,2,66,9.778,9.889,19.667,75.141,64.773,85.393,76.705,2.444,54.545,49.718,2.889,1.111,2.111,9.316,2.667,7.375,243.444,12.379,311.929,555.373,202.442,134.466,20.704,26.938,2.755,28.04,-7.261,61.63,2.006,7.556,11.556,19.111,39.535,2.222,5,0.556,0.778,4.222,2.333,1.889,1.333,1,7.556,-3.488,3,6,8.444,1.667,15.111,58.874,2.333,15.441,1.778,4.111,5,68.889,3,0,0.222,0.333,0.333,0.778,0.556,0.222,0,0,0,,0,,0,,,3.889,0.667,0,,0.111,0,0,0,0,0.222,0.667,1.556,4.889,0,5,23.684,1.222,2,2.797,-2.797,0,,,2,2.797,-2.797,0.667,8.219,66.667,0,1.556,14.444,8,0.333
Jeremy Howe,Collingwood,35,35.5,Gen. Defender,5,4.56,33.4,22,0,0,0,43.2,4.6,1.6,6.2,83.871,82.609,87.5,87.097,0.2,100,74.194,0.2,2,0.8,7.75,0.6,10.333,128,20.645,100.446,228.446,120.562,96.18,26.209,1.082,0.676,14.66,2.731,67.173,2.393,1.8,2.6,4.4,40.909,2.6,1.2,0,0.4,0.8,1.8,1.2,0,0.6,1.2,-35.827,2.2,1.8,0.4,0,0,0,0,,0,0,0,,1.4,0.2,0,0.8,0.2,0.4,0.4,0,0,0,0,,0,,0,,,0.4,0,0.8,50,0,,0,0,0,0,0.2,0.2,1.2,,0.6,2.679,0.4,0,,,0,,,0,,,1.8,19.565,100,0,2.2,2.4,2.2,1.8
Will Hoskin-Elliott,Collingwood,32,32.32,Gen. Forward,6,3.8,39.833,38.5,0,0,0,68.167,6.167,2.833,9,74.074,67.568,88.235,64.815,1.667,30,68.519,1.833,0.167,2.667,3.375,2.5,3.6,184.833,20.537,75.328,260.162,182.32,74.255,31.255,-3.162,-1.116,26.257,-10.873,55.209,-9.055,1.833,7,8.833,20.755,0.667,1.167,0.667,0.5,0.667,1.167,0.667,0.167,0.167,3.167,13.707,0.667,2.833,2.833,2.5,0,0,0,,0.333,0.333,0.5,66.667,3,0.167,1,0.167,1,0.167,1,-0.833,0,0,0,,0,,0,,,1,0.5,0,,0.5,0,4,0.667,0.167,1,0.167,0.167,5.167,66.667,2.333,10.37,0.167,6,2.902,1.265,5,3.156,0.644,1,1.631,4.369,0,0,,0,1.167,7.833,2.167,0.667
Brody Mihocek,Melbourne,32,32.9,Key Forward,9,5.289,61.444,53.444,0,0,0,81.889,6.778,2.889,9.667,57.471,49.18,76.923,56.322,1.444,53.846,70.115,1.778,0,2.333,4.143,2.111,4.579,191.333,19.793,83.826,275.159,205.531,85.27,30.324,6.152,2.13,37.9,-0.4,52.904,-9.154,4.333,5.556,9.889,43.82,1,2,1.444,1.333,0.667,3.889,1.778,0,0.222,1.556,37.055,0,1.444,3.111,5.333,0,0,0,,0.222,0.222,0.222,50,2.778,0.333,1.222,0.111,1.333,1.778,1.222,0.556,3.444,3.592,0.556,16.129,0.222,40,0.111,40,40,3,1.778,0.111,100,2.111,26.316,10,1.111,1.667,3.111,0.778,1,13.222,35.714,4.556,21.026,0.556,28,2.899,-0.22,16,3.021,-0.209,12,2.735,-0.235,0,0,,0,0.889,9.333,1.778,0.444
Tom Mitchell,Collingwood,32,32.58,Midfielder,4,12.15,87,90.75,2,0.5,1,73.5,8,15.25,23.25,84.946,78.125,88.525,86.022,2.75,72.727,34.409,4,0.75,2.5,9.3,0.75,31,216.75,9.323,329.967,546.718,176.985,166.653,22.123,40.925,2.684,30.909,2.424,63.367,3.299,8.75,14,22.75,38.462,1.75,6.25,0.25,2,4.25,3.75,3.75,1.25,2.5,8,-6.321,2.75,8.5,11,0.5,16,63.366,1.25,7.812,1.75,3,4.75,68.421,4.25,0,0,0.25,0.25,1.5,0.75,0.75,0,0,0,,0,,0,,,6,0,0,,0,,0,0,0.25,0.5,0,0,0.25,0,5,20.619,1.25,2,1.668,-1.168,1,1.653,-1.653,1,1.683,-0.683,0,0,,0,0.25,23.5,11.25,0
Jamie Elliott,Collingwood,33,33.36,Gen. Forward,10,6.97,65.5,70.2,9,0.9,3,85.5,8.1,3.6,11.7,52.991,46.914,66.667,54.701,1.5,20,69.231,2.2,0.1,3.2,3.656,3.4,3.441,196.7,16.812,80.513,277.213,216.864,71.148,27.108,-1.83,-0.508,39.982,-25.696,61.431,-22.145,3.9,7.8,11.7,33.333,0.1,1.8,1.3,0.3,1.5,3,1.1,0.1,0.5,2.1,43.746,0,0.8,4.2,6.7,0,0,0,,0.7,0.7,0.5,100,5.3,1.1,3,0,1.7,0.7,0.9,-0.2,0,0,0,,0,,0,,,2.4,1.6,0,,1.5,6.667,23,2.3,1.4,4.6,0.1,0.6,16.3,50,5.4,24.771,0.1,46,3.041,0.263,29,3.233,0.353,17,2.713,0.11,0,0,,0,0.7,11.9,1.2,0.2
Jack Crisp,Collingwood,32,32.24,Midfielder,10,10.78,81.7,84,0,0,0,83.2,11.4,8.6,20,57,52.632,62.791,55.779,3.3,33.333,57,3.7,2.4,5.5,3.636,5.7,3.509,384.8,19.24,145.159,529.959,318.209,158.312,28.412,31.592,3.673,24.47,-5.47,47.318,-2.318,9.2,11.6,20.8,44.231,3.4,6.3,0.9,1.7,4.6,4.9,3.7,1.1,1.5,6.8,-1.634,3.5,7.2,7.2,2.9,4.6,18.039,0.7,15.217,2.9,3.6,3.3,84.848,3.6,0.1,0.6,0.5,0.7,0.9,1.8,-0.9,0,0,0,,0,,0,,,6.1,1.9,0.1,0,0,,3,0.3,0.1,0.7,0.3,0.9,4.3,42.857,3.4,15.596,1.6,7,2.74,-0.026,6,2.606,0.394,1,3.549,-2.549,0,0,,0,2.3,20,7.5,0.7
Tim Membrey,Collingwood,31,31.6,Key Forward,9,5.278,52.778,50,0,0,0,81.778,5.111,3.889,9,64.198,63.043,65.714,66.667,0.889,37.5,56.79,1.222,0,1.333,6.75,1.556,5.786,115.778,12.864,64.168,179.946,142.957,70.347,27.97,-9.242,-2.377,38.817,-14.817,65.904,-1.904,3.556,5.667,9.222,38.554,0.889,2.333,1.222,1.111,1.222,3.444,2.333,0,0.222,1.333,36.86,0,1.222,3.444,4.556,0,0,0,,0.111,0.111,0,,3.778,0.333,1.667,0.333,1.222,0.667,0,0.667,1.444,1.503,0.444,30.769,0.222,50,0,50,50,1.444,0.778,0,,2,16.667,12,1.333,0.667,2.222,0.111,0.111,9.333,60,3.444,15.897,0.333,20,3.232,0.668,17,3.158,1.312,3,3.65,-2.983,0,0,,0,1.333,7.778,1,1.111
Daniel McStay,Collingwood,30,30.52,Key Forward,8,7.112,60.875,52.375,2,0.25,1,77.75,6,3.625,9.625,66.234,62.5,72.414,61.842,1.875,26.667,62.338,2.125,0.125,1.625,5.923,1.875,5.133,170.125,17.675,82.685,252.81,180.614,78.23,30.743,-0.161,-0.044,28.112,-8.757,53.165,1.674,5.125,4.875,10,51.25,1.125,2.5,1.25,0.5,2,3.875,1.875,0,0.5,2,17.419,0.875,2.5,3.75,2.875,3.5,13.861,0.125,3.571,0.5,0.625,1,50,3.375,1,0.75,0,0.625,0.875,0.375,0.5,15.375,15.81,3.25,21.138,0.625,19.231,0.625,30.769,15.385,2,0.75,0.125,100,1,50,7,0.875,0.75,1.75,0.25,0.5,7.75,50,3.5,15.73,0.375,14,3.722,-0.294,8,4.366,-0.366,6,2.863,-0.197,0,0,,0.25,1.75,8.375,2.75,1.25
Darcy Moore,Collingwood,29,29.93,Key Defender,10,10.83,66.5,44.1,20,2,3,92.3,5.4,5.1,10.5,80,81.481,78.431,67.619,0.5,20,51.429,0.7,2.9,2.3,4.565,1.9,5.526,177.8,16.933,126.941,304.741,153.679,85.745,28.459,18.953,3.791,19.365,-4.271,59.808,-5.091,4.9,5.3,10.2,48.039,7.5,2.5,0,0.8,1.7,4.8,2.5,0,0.4,1.4,-31.56,4.1,4.1,2,0,0,0,0,,0.1,0.1,0,,4.4,1.3,0,2.9,0.1,0.5,0.8,-0.3,0,0,0,,0,,0,,,1.6,0,3,26.667,0,,0,0,0,0,0,0,0,,1.6,7.339,0.8,0,,,0,,,0,,,0.4,4.878,100,0.2,8.5,5.7,5,7.3
Oleg Markov,Collingwood,29,29.64,Gen. Defender,5,4.48,35.6,35.4,0,0,0,71.4,4.8,5.6,10.4,75,66.667,82.143,76.923,1.4,85.714,46.154,1.6,0.8,1.6,6.5,1.2,8.667,193,18.558,120.296,313.296,147.228,128.684,30.673,18.84,3.364,26.279,0.994,47.231,16.405,2.6,8,10.6,24.528,1.6,1.8,0.2,0,1.8,1.8,1.4,0.4,0.4,5.6,-7.251,2.4,3.2,4,1,0,0,0,,0.6,0.6,0.6,100,1.2,0,0,0.2,0.2,0.4,0.6,-0.2,0,0,0,,0,,0,,,1.8,0,0.4,50,0,,0,0,0.4,0.4,0.4,0.6,3,0,2.4,10.084,0.2,2,3.691,-2.691,2,3.691,-2.691,0,,,0,0,,0.8,0.2,8,3.8,0.2
Darcy Cameron,Collingwood,30,30.45,Ruck,10,13.65,105.9,97.1,19,1.9,3,81.2,9.9,7.5,17.4,67.241,62.626,73.333,71.264,1.2,66.667,56.897,1.7,1.3,3.7,4.703,2,8.7,147,8.448,223.829,370.829,161.558,74.099,16.486,1.206,0.161,23.65,-0.677,66.747,-1.882,8.5,7,15.5,54.839,4.9,3,0.1,1.1,1.9,3.8,1.6,0,0.3,3,-13.744,3.1,6.5,5.5,0.4,20.5,80.392,0.8,3.902,2,2.8,5.9,57.627,5,1.7,0.2,3,0.1,1.5,1.3,0.2,69.2,71.193,28.2,40.751,8.7,30.851,2.4,52.482,41.844,2.6,0.2,0.8,12.5,0.8,37.5,2,0.2,0,0.2,0.2,0.5,2.7,100,4.1,18.807,3,2,3.033,2.967,1,3.632,2.368,1,2.434,3.566,0,0,,0,2.1,10.7,5.2,1.8
Brayden Maynard,Collingwood,29,29.27,Gen. Defender,10,9.98,82.1,73.3,1,0.1,1,82.3,12.6,4.9,17.5,84,81.746,89.796,74.713,1.5,33.333,72,1.6,4.5,2.2,7.955,2.2,7.955,420.8,24.046,211.888,632.688,386.627,253.957,30.685,19.003,3.878,17.473,1.171,56.695,5.169,4.5,11.6,16.1,27.95,5.5,3,0,0.5,2.5,4.2,2.7,0,0.9,5.3,-28.545,5.8,6.7,3.5,0.1,0,0,0,,0.3,0.3,0.2,100,5.6,0.4,0.1,1.3,0,1,0.8,0.2,0,0,0,,0,,0,,,2.4,0,0.9,0,0,,1,0.1,0.1,0.3,0.1,0.3,1.5,33.333,2.5,11.468,1,3,2.947,-0.614,2,3.108,-2.608,1,2.625,3.375,1.2,14.634,91.667,0.5,3.5,10.1,7.1,2.7
Dan Houston,Collingwood,28,28.63,Gen. Defender,9,8.933,72,59.778,0,0,0,83,10.889,5.333,16.222,76.712,74.49,81.25,76.552,1.667,73.333,67.123,2.222,2.667,2.556,6.348,2.333,6.952,305.222,18.815,166.661,471.883,277.99,205.426,25.793,13.482,2.528,21.325,1.028,57.908,9.151,5.111,9.667,14.778,34.586,4.444,3.667,0.222,0.444,3.222,3.667,2.778,0.333,1.111,5.889,-13.355,3.222,5.333,5.444,0.778,0,0,0.111,,0.667,0.778,0.778,57.143,2.667,0,0.111,0.667,0.111,0.778,1,-0.222,0,0,0,,0,,0,,,2.111,0.222,0.556,0,0,,3,0.333,0.222,0.556,0.111,0.222,3,60,2.889,13.333,1.111,5,2.365,1.635,1,2.676,3.324,4,2.288,1.212,2,24,100,0,2.111,11.778,7,1.333
Harry Perryman,Collingwood,27,27.03,Gen. Defender,10,7.37,60.7,58.2,0,0,0,81.9,10.4,4.6,15,70.667,65.385,82.609,56.667,2.3,26.087,69.333,2.4,2,2.3,6.522,3.1,4.839,317.7,21.18,135.565,453.265,295.036,121.557,28.369,11.811,2.568,23.02,-7.556,53.589,-9.26,4.9,10.2,15.1,32.45,5.7,4.2,0.1,1.2,3,4,3.3,0,0.8,4.5,-18.7,4.3,5.4,4.8,0.6,0,0,0.1,,0.5,0.6,0.2,50,4.6,0.3,0.2,1.5,0,0.3,0.7,-0.4,0,0,0,,0,,0,,,1.4,0,0.5,0,0,,0,0,0.2,0.4,0.2,0.2,1.4,0,2.5,11.468,0.5,4,2.225,-1.725,1,2.592,-2.592,3,2.103,-1.436,0,0,,0.1,1.6,10,6.8,1.4
Lachlan Sullivan,Collingwood,28,28.26,Gen. Forward,4,9.9,53.5,43,0,0,0,69.25,5,7.25,12.25,67.347,55,75.862,71.429,1.75,71.429,40.816,3.25,0.25,2.25,5.444,1.5,8.167,167.25,13.653,142.375,309.625,137.567,98.84,27.514,17.652,2.435,27.673,18.994,41.999,18.001,6,6.75,12.75,47.059,1.25,4.25,0.75,1,3.25,3.5,3,0.75,1.5,4,20.638,0.5,2.75,6,3.5,0,0,0,,1.5,1.5,1.75,71.429,1.25,0,0,0.25,0.25,0.5,1.25,-0.75,0,0,0,,0,,0,,,2.5,0.75,0,,0.25,0,2,0.5,0,0.75,1,1.5,9.5,66.667,4.25,16.346,0.75,3,2.839,1.161,0,,,3,2.839,1.161,0,0,,0,0.75,14.25,3.75,0
Kieren Briggs,Greater Western Sydney,26,26.23,Ruck,9,11.978,94.556,79.778,6,0.667,1,70.111,6.222,5.778,12,63.889,53.571,75,65.741,2.778,44,51.852,3.556,0.667,3.778,3.176,2.222,5.4,175,14.583,118.087,293.087,178.821,80.937,29.262,6.207,1.074,27.409,-6.479,47.814,-15.256,7.222,5.111,12.333,58.559,1.556,2.556,0.111,1.333,1.222,1.333,0.889,0.111,0.444,2.667,-4.861,1.889,4.556,4.889,1,22.222,72.464,1.556,7,2.333,3.889,6,72.222,2.222,0.222,0.111,0.889,0.222,1.556,1.556,0,67.778,71.345,30.556,45.082,10.556,34.545,2.556,52,45.818,3.444,0.556,0.222,50,0.333,33.333,2,0.222,0.333,0.556,0.889,1.333,7.444,40,5.333,20.601,4.444,5,3.449,-0.449,2,3.789,-0.289,3,3.222,-0.555,0,0,,0,1.667,10.778,6.222,1
Max Gruzewski,Greater Western Sydney,21,21.44,Key Forward,5,5.54,43.8,41.4,0,0,0,66.6,4.6,2.4,7,62.857,60.87,66.667,65.714,0.4,50,65.714,0.6,0,0.8,8.75,0.4,17.5,94,13.429,72.306,166.306,114.164,69.82,24.818,1.482,0.618,33.642,-21.142,68.081,6.919,2.8,4.2,7,40,0.2,2,0.6,0.6,1.4,2.8,2,0,0.4,0.6,44.22,0,0.8,2.4,3.8,0,0,0,,0,0,0,,3.2,0.8,2,0,0.6,0,0.2,-0.2,0.2,0.211,0,0,0,,0,,,0.8,0.4,0,,2.2,18.182,8,1.6,1,2.8,0.4,0.4,13,57.143,4,13.986,0,14,3.657,0.129,10,3.686,-0.186,4,3.585,0.915,0,0,,0,1.2,6,0,1.2
James Leake,Greater Western Sydney,20,20.24,Gen. Defender,1,1.5,40,39,0,0,0,79,6,4,10,80,83.333,75,80,1,100,60,1,0,2,5,1,10,84,8.4,85.31,169.31,101.63,54.27,16.938,-4.06,-1.015,20.917,12.417,71.063,12.27,3,7,10,30,3,3,0,0,3,3,3,0,1,4,-19.537,2,4,4,0,0,0,0,,0,0,0,,3,0,0,1,0,0,0,0,0,0,0,,0,,0,,,1,0,0,,0,,0,0,0,0,1,1,6,,2,6.452,0,0,,,0,,,0,,,0,0,,0,0,3,3,0
Malakai Champion,West Coast,19,19.62,Gen. Forward,2,2.15,19,20.5,0,0,0,42.5,4.5,2,6.5,53.846,33.333,100,53.846,1,0,69.231,1.5,0,1.5,4.333,2.5,2.6,115,17.692,27.68,142.68,85.69,32.265,19.042,4.675,2.337,26.339,-12.053,52.91,-10.053,2,4.5,6.5,30.769,0.5,2,1.5,0,2,1.5,1.5,0,1.5,2.5,34.438,0,1.5,2,3,0,0,0,,0,0,0.5,0,1,0,0,0,0.5,0,0,0,0,0,0,,0,,0,,,0,0,0,,0,,0,0,0,1,0,0.5,0.5,0,2,14.286,0,2,3.181,-3.181,0,,,2,3.181,-3.181,0,0,,0,0,4.5,1,0
Maurice Rioli,Richmond,23,23.33,Gen. Forward,8,6.75,55.625,49.5,0,0,0,74.375,6.75,3.375,10.125,66.667,61.111,77.778,67.901,1.875,66.667,66.667,2.5,0.875,2.125,4.765,2.25,4.5,182.25,18,129.914,312.164,147.128,97.06,22.208,9.907,2.936,28.677,-5.273,55.766,3.809,4.75,5.625,10.375,45.783,1.5,2.875,0.875,0.375,2.5,4,2.25,0,1.375,2.625,7.586,1.125,3.125,4.5,1.625,0.75,3.03,0,0,0.25,0.25,0.375,66.667,2.75,0.375,0.25,0.125,0.125,1.25,0.75,0.5,0,0,0,,0,,0,,,3.375,1.25,0,,0.25,50,2,0.25,0.25,0.625,0.375,1.125,4.75,40,3,16.438,0.625,5,3.305,-0.505,2,3.971,-0.471,3,2.861,-0.528,0,0,,0.875,1,19.375,5.875,0.25
Sam Lalor,Richmond,19,19.33,Gen. Forward,1,0.2,4,4,0,0,0,3,0,0,0,,,,,0,,,0,0,0,,0,,0,,0,0,0,0,,0,,,,,,0,0,0,,0,0,0,0,0,0,0,0,0,0,,0,0,0,0,0,0,0,,0,0,0,,0,0,0,0,0,0,0,0,0,0,0,,0,,0,,,1,0,0,,0,,0,0,0,0,0,0,0,,0,0,0,0,,,0,,,0,,,0,0,,0,0,1,1,0
Angus Hastie,St Kilda,20,20.28,Gen. Defender,5,3.92,39,43,0,0,0,77.4,6.6,3.6,10.2,70.588,63.636,83.333,68.627,1.4,57.143,64.706,1.4,1.6,2,5.1,2.4,4.25,193,18.922,111.454,304.454,174.382,94.566,26.422,6.65,1.847,22.344,3.462,57.867,-6.255,2.4,7.4,9.8,24.49,3.6,2,0.2,0.6,1.4,2.4,2,0,0.6,4,-19.946,3.4,3.8,2,0.6,0,0,0,,0,0,0,,3.4,0.2,0,0.8,0.2,0.2,0.6,-0.4,0,0,0,,0,,0,,,1.8,0.2,0.6,66.667,0,,0,0,0.2,0.4,0,0.4,0.6,0,1,4.464,0.4,2,2.925,-2.425,0,,,2,2.925,-2.425,0,0,,0,2,9.8,6.2,2
Jordan Ridley,Essendon,27,27.19,Gen. Defender,4,7.025,82,69.75,2,0.5,1,66.25,12.5,5,17.5,85.714,84,90,74.286,0.5,50,71.429,0.75,3.25,1.25,14,2.25,7.778,306.5,17.514,227.308,533.808,280.868,173.55,22.928,15.448,3.09,15.209,-2.709,71.708,-5.042,3.5,10.75,14.25,24.561,6,1.5,0,0,1.5,3.5,1.5,0,0.5,4.5,-45.584,8,5.5,0.75,0,0,0,0,,0,0,0,,7.5,1.5,0,3.25,0,0.5,1,-0.5,0,0,0,,0,,0,,,0.5,0,1.5,50,0,,0,0,0.25,0.25,0,0,0.25,0,2.25,12.5,1,1,3.415,-2.415,1,3.415,-2.415,0,,,2.5,30.303,100,0.5,1.75,4,3.5,1.25
Sam Durham,Essendon,24,24.47,Midfielder,8,12.537,86.375,77.625,15,1.875,3,79.625,11.25,9.75,21,63.69,45.556,84.615,62.275,4.875,38.462,53.571,5.125,1.25,4.375,4.8,4.5,4.667,368.75,17.56,160.959,529.709,343.684,134.399,30.893,5.396,0.561,25.511,-6.28,46.387,-10.49,12.125,9.625,21.75,55.747,2.5,8.25,1.25,2.875,5.375,4.375,3.625,2.25,1.125,6.75,1.588,1.875,8.75,8.5,2.625,15.125,57.346,3,19.835,3.25,6.25,6.5,82.692,2.875,0.5,0.375,0.375,0.5,1.25,1.375,-0.125,0,0,0,,0,,0,,,4.125,0.5,0,,0.125,0,2,0.25,0.625,1,0.375,0.75,4.75,25,4.875,27.083,1.375,8,2.767,-0.642,5,2.818,-1.018,3,2.681,-0.015,0,0,,0.375,1.375,21.125,8.375,0.75
Todd Goldstein,Essendon,37,37.5,Ruck,8,6.575,59.75,60.25,0,0,0,72.375,4.125,7.375,11.5,73.913,60.606,81.356,73.913,1.625,46.154,35.87,1.625,0.5,3.5,3.286,1.75,6.571,98.125,8.533,145.636,243.761,103.465,46.864,25.082,-0.62,-0.084,26.714,-8.856,50.925,-0.925,5.125,6,11.125,46.067,1.375,2.625,0.5,0.875,1.75,0.875,0.75,0,0.25,3,-14.022,2.625,4.375,3.375,0.75,19.25,73.684,1.25,6.494,2,3.25,4.125,78.788,2.5,0,0,0.25,0.25,1.375,2,-0.625,53.75,60.563,23.25,43.256,6,25.806,1,43.548,38.172,1.75,0.125,0.625,40,0.25,50,0,0,0,0,0.25,0.25,1.5,,2.625,15.108,1.5,0,,,0,,,0,,,0,0,,0,2.125,8.25,4,1.625
Jack Lukosius,Port Adelaide,25,25.39,Key Forward,5,6.98,61,57,0,0,0,78.2,7.8,2.6,10.4,65.385,56.41,92.308,62,2.2,27.273,75,2.4,0.2,2,5.2,3,3.467,228.8,22,53.334,282.134,262.052,100.81,35.412,-1.002,-0.385,28.645,-19.554,48.513,-12.149,3.4,7,10.4,32.692,0.8,2.2,1,0.4,1.8,3.4,2.2,0,0.8,1.2,32.133,0.2,1.6,4.4,4.2,0,0,0,,0,0,0,,5.2,0.4,2,0,1.4,0.6,1.2,-0.6,0,0,0,,0,,0,,,1.6,0.2,0,,1.6,37.5,7,1.4,1,2.8,0,0.2,9.6,50,3.6,19.149,0.4,14,3.051,0.306,12,3.003,0.33,2,3.34,0.16,0,0,,0,1.2,7.8,2.8,0.8
Ollie Wines,Port Adelaide,31,31.23,Midfielder,7,9.657,96,88.714,0,0,0,72.857,10,14.286,24.286,64.118,51.429,73,69.412,2.571,61.111,41.176,2.571,1.857,3.143,7.727,3.286,7.391,292.714,12.053,280.664,573.379,275.64,156.797,27.963,11.88,0.84,27.008,-0.779,50.008,2.451,11.857,12.143,24,49.405,2,7.143,1.143,2.571,4.571,3.714,2.714,2.571,1.143,7.429,2.415,2.857,7.286,10.714,3.143,16.143,54.589,2.143,13.274,4.143,6.286,7.143,76,4.286,0.286,0.429,0.286,0.286,1.714,0.714,1,4.571,4.438,0.286,6.25,0.143,50,0.143,50,50,4.286,1,0.286,50,0.286,50,0,0,0.286,0.429,1,1.429,6.714,0,5.857,30.827,1.429,3,2.689,-2.022,3,2.689,-2.022,0,,,0,0,,0,0.571,20.714,10.286,0.286
Lachlan Murphy,Adelaide,27,27.07,Gen. Forward,2,0.3,11,14,0,0,0,55.5,1.5,2.5,4,62.5,66.667,60,50,0.5,0,37.5,0.5,0,2,2,2.5,1.6,25,6.25,42.74,67.74,35.09,-17.325,23.393,1.97,0.788,33.553,-0.22,56.853,-23.52,1.5,3,4.5,33.333,1,1.5,0,1,0.5,0.5,0.5,0,0,2,7.824,0,1.5,3,0,0,0,0,,0.5,0.5,0,,1,0,0,0.5,0,0.5,1,-0.5,0,0,0,,0,,0,,,1,0.5,0,,0,,0,0,0,0,0,0,0,,1,5.128,0,0,,,0,,,0,,,0,0,,0,0,6.5,2.5,0
Izak Rankine,Adelaide,25,25.69,Mid-Forward,7,15.314,104,84.286,27,3.857,3,87.857,13.286,4,17.286,61.157,55.914,78.571,59.504,3.286,47.826,76.86,4.857,0.714,3.429,5.042,3.714,4.654,372.857,21.57,166.8,539.657,348.273,182.456,26.214,4.396,1.099,28.087,-2.69,51.873,2.096,9.571,8.286,17.857,53.6,2.571,5.143,0.571,1.286,3.857,5.857,3.714,1.571,1.857,3.571,17.485,0.857,4.857,7.857,4.286,6.143,21.939,0.429,6.977,2.714,3.143,2.857,90,3.857,0.286,1,0.143,0.714,2.286,1,1.286,0,0,0,,0,,0,,,3.143,0.714,0,,0.429,66.667,14,2,1,3.571,0.857,1.429,18.714,56,6.143,24.432,1.571,25,3.291,0.349,13,4.221,0.625,12,2.283,0.05,0,0,,1.571,1.857,16.143,3.571,0.429
Isaac Cumming,Adelaide,27,27.38,Midfielder,9,7.878,63.222,61.556,0,0,0,79.778,9.889,4.667,14.556,72.519,61.798,95.238,67.939,2.111,52.632,67.939,2.444,2,2.222,6.55,2.889,5.038,276.778,19.015,170.646,447.423,255.263,127.979,26.106,6.131,1.314,21.388,6.112,51.698,4.552,4.889,9.889,14.778,33.083,3.222,3.889,0.333,0.333,3.556,3,2.556,0.556,0.778,4.444,-13.664,3.778,4.889,5.222,0.889,0,0,0.333,,0.889,1.222,1.556,64.286,4.667,0.111,0.222,0.333,0.444,0.444,0.444,0,0,0,0,,0,,0,,,2,0.222,0.222,0,0,,2,0.222,0.111,0.556,0.444,0.667,4.333,40,3.667,16.256,0.778,5,3.29,-0.69,3,2.637,-0.304,2,4.27,-1.27,0,0,,0.333,1.444,12.333,5.222,1.111
Mitchell Hinge,Adelaide,27,27.5,Gen. Defender,10,5.91,58.9,48.5,0,0,0,64.2,8.1,3.8,11.9,73.95,69.136,84.211,68.908,1.4,57.143,68.067,1.5,2.8,2,5.95,2.2,5.409,244.7,20.563,132.048,376.748,222.162,117.734,28.122,7.312,1.924,21.253,-9.565,59.152,-0.711,3.8,7.3,11.1,34.234,3.3,2.7,0,0.8,1.9,3.1,2.3,0.2,0.5,3.9,-25.716,3.8,4.5,2.7,0.1,0,0,0,,0.9,0.9,0.4,100,2.6,0.2,0,0.9,0,0.7,0.5,0.2,0,0,0,,0,,0,,,2.4,0.1,0.8,25,0,,0,0,0,0,0.4,0.5,2.5,,1.5,6.356,0.3,0,,,0,,,0,,,1.3,13.83,76.923,0,1.9,7.9,5.5,1.3
Jordon Butts,Adelaide,26,26,Key Defender,2,4.5,26,15,0,0,0,54.5,2,2,4,87.5,100,75,75,0,,50,0,0.5,1,4,0.5,8,34,8.5,69.94,103.94,36.415,17.205,18.208,5.445,2.723,20.72,4.28,80.305,-5.305,2.5,1.5,4,62.5,2.5,1.5,0,0.5,1,2.5,1.5,0,0,0.5,-36.309,2,1.5,0.5,0,0,0,0,,0,0,0,,1.5,0.5,0,0.5,0,0.5,0,0.5,0,0,0,,0,,0,,,0,0,2.5,20,0,,0,0,0,0,0,0,0,,0,0,0,0,,,0,,,0,,,0,0,,0,5,2,2,4
James Peatling,Adelaide,25,25.36,Midfielder,10,9.01,70.8,69,6,0.6,2,67.3,9.7,7.1,16.8,64.881,50.515,84.507,69.048,2.1,52.381,57.738,2.9,1.1,3.3,5.091,3.2,5.25,261.2,15.548,206.101,467.301,256.93,143.549,26.764,3.6,0.507,25.571,-2.494,49.513,-2.077,8,8.7,16.7,47.904,1.9,4.2,0.4,0.7,3.5,2.6,1.9,2.4,1.2,5.3,1.445,1.7,6.9,5.9,2.2,14.4,50.883,1.3,9.028,3.5,4.8,5.1,86.275,2.6,0,0.5,0.2,0,1.7,0.3,1.4,0,0,0,,0,,0,,,3,0.6,0,,0.1,0,8,0.8,0.3,1.3,0.5,0.7,8.3,61.538,4.7,19.915,1.2,13,2.704,1.22,5,3.395,2.605,8,2.271,0.354,0,0,,0.2,0.4,15.4,7.2,0
Riley Thilthorpe,Adelaide,23,23.48,Key Forward,10,15.52,105.1,85.7,32,3.2,5,80.6,10.1,3.6,13.7,67.883,63.366,80.556,68.613,1,60,73.723,1.9,0.5,2.2,6.227,2.4,5.708,266.3,19.438,122.176,388.476,278.837,165.728,27.608,4.222,1.173,25.656,3.852,59.375,-6.916,7.6,5.9,13.5,56.296,1.2,3.4,1.7,1.1,2.3,5.8,2.6,0,0.6,1,21.802,0.7,3.9,3.7,5.2,4.5,15.901,0.4,8.889,1.1,1.5,1.6,75,5.9,2.1,2.3,0.4,1.1,1.5,0.8,0.7,17.4,17.262,7.2,41.379,1.3,18.056,0.4,30.556,33.333,1.8,0.3,0.4,50,2.5,32,27,2.7,0.8,3.5,0.5,0.6,20.1,77.143,6.2,26.271,1,35,3.619,1.238,26,3.65,1.196,9,3.529,1.36,0,0,,0.1,2.4,9.9,2.6,1.3
Josh Worrell,Adelaide,24,24.72,Gen. Defender,10,8.44,96.7,81.5,9,0.9,3,91.6,15.6,6.7,22.3,80.269,82.051,76.119,65.766,1.6,43.75,69.955,1.7,6.3,4,5.575,4.9,4.551,428.3,19.206,226.268,654.568,411.29,202.071,26.535,2.446,0.371,17.126,-2.261,60.081,-1.297,6.7,12.9,19.6,34.184,8.9,5.4,0,1.1,4.3,6.2,5,0.1,1.7,5.3,-35.658,9.7,6.1,3.8,0,0,0,0,,0.3,0.3,0.1,100,6.4,0.4,0,2.2,0,1,1.1,-0.1,0,0,0,,0,,0,,,1.1,0,1.7,23.529,0,,0,0,0,0,0.1,0.2,0.7,,2.8,11.864,1,0,,,0,,,0,,,2.2,23.404,100,0.3,4.2,6.5,5.3,3.8
Sam Berry,Adelaide,23,23.88,Midfielder,10,9.16,73.9,63.1,0,0,0,70.9,8.8,6.2,15,64.667,55.682,77.419,61.074,2.8,39.286,58.667,3.2,1.1,3.6,4.167,3,5,270.7,18.047,151.161,421.861,244.816,126.635,28.467,0.122,0.02,23.646,-5.127,46.034,-4.058,8.4,7.4,15.8,53.165,2,6.2,0.3,1.9,4.3,2.8,2.4,1.3,1,5.2,-7.766,2.3,7.2,5.5,0.8,17.6,62.191,2.3,13.068,1.6,3.9,4.3,79.07,1.3,0.1,0.1,0.2,0.4,0.6,0.7,-0.1,0,0,0,,0,,0,,,5,0.5,0.1,0,0,,3,0.3,0.1,0.4,0.3,0.4,3.8,75,3.3,13.983,1.3,4,3.546,1.204,2,4.185,-0.685,2,2.907,3.093,0,0,,0.4,1,19.7,10.1,0.3
Mark Keane,Adelaide,25,25.79,Key Defender,10,10.45,85.5,60.2,12,1.2,3,94.3,13.2,3.3,16.5,76.97,78.788,69.697,73.939,0.4,50,80,0.4,5.4,3.4,4.853,2.9,5.69,316.1,19.158,206.447,522.547,309.713,179.361,23.463,-0.243,-0.074,14.704,0.496,66.797,8.403,5.7,7.2,12.9,44.186,8.5,3.1,0,0.7,2.4,5.4,2.8,0,1,2.2,-44.165,7.5,4,1.4,0,0,0,0,,0.3,0.3,0.2,100,4.7,0.9,0,2.2,0,1.4,1.7,-0.3,0,0,0,,0,,0,,,0.9,0,3.1,16.129,0,,0,0,0,0,0.1,0.1,0.6,,2.4,10.169,1.6,0,,,0,,,0,,,3.7,39.362,89.189,0.9,7,5.4,4.4,5.7
Max Michalanney,Adelaide,21,21.84,Gen. Defender,6,4.55,65.167,60.667,1,0.167,1,80.167,9.833,5.333,15.167,78.022,81.356,71.875,72.527,0.833,40,64.835,0.833,2.167,2.5,6.067,3.833,3.957,249.667,16.462,164.885,414.552,252.498,146.133,25.678,-2.633,-0.494,18.329,0.637,61.398,5.843,3.5,11.833,15.333,22.826,4.167,2.167,0.333,0.833,1.333,3,1.833,0.167,0.5,6.5,-26.295,5.5,6.833,2.667,0.333,0.333,1.205,0,0,0.5,0.5,0.333,100,5.167,0.5,0,1.667,0,0.667,1,-0.333,0,0,0,,0,,0,,,1.833,0.167,1,16.667,0,,0,0,0,0.167,0.333,0.667,2.333,0,2.667,10.959,1,1,3.041,-3.041,0,,,1,3.041,-3.041,0.333,3.279,100,0,1,7.5,5.5,0.833
Josh Rachele,Adelaide,22,22.72,Gen. Forward,2,3.1,19,30,0,0,0,42.5,4,0,4,50,50,,62.5,1,100,100,1,0,1,4,1,4,76,19,41.49,117.49,100.145,46.47,25.036,0,,33.11,-13.11,58.872,1.128,0.5,3,3.5,14.286,0,0.5,0.5,0,0.5,0.5,0.5,0,0,0,34.734,0,0.5,1.5,1.5,0.5,1.786,0,0,0,0,0,,2.5,0,0.5,0,1,0,0,0,0,0,0,,0,,0,,,1,0,0,,0.5,0,2,1,0.5,1.5,0.5,0.5,9.5,66.667,2,9.524,0,3,2.194,2.139,1,1.991,-0.991,2,2.296,3.704,0,0,,0,0.5,5.5,2,0.5
Zac Taylor,Adelaide,22,22.91,Gen. Forward,10,5.52,46.5,41.9,0,0,0,72.8,4.7,4.9,9.6,75,70.213,79.592,73.958,1.3,38.462,48.958,1.7,0.8,1.8,5.333,2.1,4.571,120.8,12.583,131.152,251.952,123.772,64.755,26.334,1.953,0.399,26.953,4,58.291,5.995,3.7,6.6,10.3,35.922,1.9,2.6,0.6,0.5,2.1,2.5,1.8,0.1,0.5,3,2.599,1.7,3,4.1,1.5,1.1,3.887,0.4,36.364,0.4,0.8,0.8,62.5,2,0.2,0.2,0.1,0.1,0.6,0.6,0,0,0,0,,0,,0,,,2.8,0.7,0,,0.3,33.333,3,0.3,0.2,0.5,0.6,0.7,5.7,60,3.4,14.407,0.8,5,4.206,-0.206,4,4.365,-0.865,1,3.573,2.427,0,0,,0,0.7,13.4,5.2,0.3
Jake Soligo,Adelaide,22,22.93,Midfielder,10,10.84,83.9,78.9,12,1.2,2,79.4,12.4,8.5,20.9,64.115,54.032,78.824,63.768,3.3,36.364,59.33,3.8,1.2,4.5,4.644,5,4.18,306,14.641,222.806,528.806,291.638,136.903,23.905,10.555,1.257,26.15,-4.368,53.514,-1.038,8.8,11.5,20.3,43.35,2.1,7.1,0.9,2,5.1,3.6,3.1,0.8,1.4,6.9,0.39,1.4,9.3,7.7,1.9,18.1,63.958,1.6,8.84,2.1,3.7,4.4,72.727,2.8,0.3,0.2,0.1,0.1,1.1,1.8,-0.7,0,0,0,,0,,0,,,4.2,0.5,0,,0.2,50,6,0.6,0.2,1,0.3,0.8,6.1,60,4.2,17.797,1.1,10,3.441,0.359,2,4.347,1.653,8,3.214,0.036,0,0,,0.4,1,20.1,10.4,0.3
Daniel Curtin,Adelaide,20,20.81,Midfielder,10,9.96,81.1,74.8,10,1,3,85.1,10.5,5,15.5,69.032,62.857,82,65.584,1.6,50,67.742,1.7,1.7,1.9,8.158,3.1,5,271.8,17.535,155.123,426.923,272.618,135.751,26.213,-7.827,-1.597,20.407,2.419,53.149,2.285,8,7.7,15.7,50.955,3.5,5,0.8,1.9,3.1,4.9,2.9,0.8,1.1,3.5,-8.06,2.8,6.4,4.5,2,3,10.601,0.6,20,1.7,2.3,2.1,71.429,4.7,1,0.3,0.7,0.2,1,0.3,0.7,0,0,0,,0,,0,,,4.1,0.3,0.1,100,0.5,40,4,0.4,0.3,0.7,0.3,0.5,4.7,57.143,4.1,17.373,1.1,7,4.047,-0.19,4,4.2,-0.7,3,3.843,0.491,0,0,,0.2,2.4,17.3,8.8,1.4
Taylor Walker,Adelaide,35,35.68,Key Forward,9,8.667,66.333,60,0,0,0,79.778,8.778,3.444,12.222,61.818,56.962,74.194,63.636,2.444,59.091,71.818,3.222,0,3.333,3.667,3.444,3.548,306.778,25.1,82.766,389.543,300.804,188.927,34.269,8.067,2.342,31.161,8.839,45.174,-0.73,4.667,7.556,12.222,38.182,0.889,2.889,1.667,0.889,2,4.444,2.667,0,1.333,2.444,33.704,0.111,1.889,4.778,5.444,0,0,0.111,,0,0.111,0.111,0,5.111,1.111,2.111,0.222,1,0.556,1.111,-0.556,0.111,0.11,0,0,0,,0,,,0.444,0.222,0,,3.444,25.806,17,1.889,1.111,3.556,1,1.556,19,53.125,6.556,27.57,0.333,32,3.103,0.397,23,3.257,0.482,9,2.709,0.18,0,0,,0,1,8.889,1.333,0.667
Brodie Smith,Adelaide,33,33.96,Gen. Defender,6,7.933,53.667,51.5,0,0,0,56.667,9.167,3.333,12.5,72,70.909,75,64,2,58.333,73.333,2.333,2.333,2.167,5.769,3.333,3.75,298,23.84,121.813,419.813,290.833,150.385,31.727,9.057,2.717,20.083,3.917,52.254,-0.254,4.333,7.833,12.167,35.616,4.333,2.667,0,0.333,2.333,3.667,2,0,0.833,4.167,-24.68,3.333,6,2.667,0.167,0,0,0.167,,0.333,0.5,0.167,0,3.167,0.333,0,1,0,0.833,0.5,0.333,0,0,0,,0,,0,,,1.833,0,0.333,0,0,,1,0.167,0.167,0.5,0.5,0.5,4.167,33.333,1.833,8.8,0.833,3,2.7,-0.366,1,2.148,-2.148,2,2.975,0.525,1,8.955,83.333,0,1.167,6.667,4.5,0.667
Rory Laird,Adelaide,32,32,Gen. Defender,8,11.412,113.25,95.5,1,0.125,1,82.25,12.875,11.125,24,81.771,76.699,87.64,79.167,1.5,58.333,53.646,1.5,3.75,1.875,12.8,3,8,262.75,10.948,315.64,578.39,273.759,138.549,21.471,-4.156,-0.374,19.309,5.954,62.498,-0.393,8.75,15.125,23.875,36.649,5.75,7.25,0.125,2.875,4.375,4.75,4.25,0.75,1.375,8.125,-21.532,7.125,10,6.25,0.5,1.75,6.061,0.75,42.857,2.75,3.5,3.125,84,5.875,0,0.125,1.125,0,0.75,0.5,0.25,0,0,0,,0,,0,,,4.25,0.125,0.125,100,0,,1,0.125,0,0.125,0.125,0.25,1.625,100,4.25,17.347,1.125,1,2.508,3.492,0,,,1,2.508,3.492,0.25,2.597,50,0.125,1.75,12.75,9.125,1.375
Alex Neal-Bullen,Adelaide,29,29.97,Gen. Forward,10,9.58,79.9,75.6,14,1.4,3,80.6,10.7,5.8,16.5,64.242,56.075,79.31,63.636,3,53.333,64.848,3,0.8,2.7,6.111,3.9,4.231,287.8,17.442,185.897,473.697,276.822,138.13,25.871,3.796,0.654,28.968,8.381,48.844,-4.266,5.8,10.3,16.1,36.025,2.5,4.4,1.3,0.9,3.5,4.3,3.1,0,1.5,6.3,8.124,1.8,4.9,5.6,3.8,0,0,0.2,,0.9,1.1,1.3,69.231,3,0.1,0.6,0.1,0.1,1.3,0.7,0.6,0,0,0,,0,,0,,,4.9,0.7,0,,0.2,50,6,0.6,0.5,1.1,0.8,1.3,9.4,54.545,4.9,20.763,0.6,11,3.353,0.374,5,3.971,0.029,6,2.838,0.662,0,0,,0,0.8,18.9,8.4,0.4
Reilly O'Brien,Adelaide,30,30.36,Ruck,10,10.35,95.4,89.4,2,0.2,1,82.3,6.2,5.3,11.5,64.348,45.161,86.792,66.957,1.4,42.857,53.913,1.4,1.1,3.7,3.108,2.4,4.792,144.8,12.591,129.876,274.676,152.747,54.661,24.637,-2.803,-0.529,23.327,0.586,49.863,0.137,6.4,4.7,11.1,57.658,2.6,2.7,0.3,0.9,1.8,2.9,1.4,0,0.7,1.7,-4.045,1.9,4.2,3.7,1.3,23.8,84.099,0.7,2.941,2.1,2.8,4.1,73.171,3.4,0.8,0.7,1.5,0,1.1,2,-0.9,83.3,82.639,39,46.819,10.8,27.692,1.4,44.615,40.256,3.8,0.2,0.6,16.667,1.1,45.455,1,0.1,0.1,0.3,0.6,1.5,5.2,33.333,4.9,20.763,3.5,3,3.07,-0.736,3,3.07,-0.736,0,,,0,0,,0,3.5,12.1,5.6,2.8
Jordan Dawson,Adelaide,28,28.72,Midfielder,10,14.1,110.9,107,26,2.6,4,85.4,14.1,8.5,22.6,68.142,60.284,81.176,65.487,4.8,54.167,62.389,5.7,0.7,3.7,6.108,4.6,4.913,426.2,18.858,180.786,606.986,424.793,213.726,30.127,-2.21,-0.26,26.267,-1.943,50.037,-3.19,9.4,12.8,22.2,42.342,2.7,5.4,0.7,2,3.4,3.8,2.2,1.8,0.3,7.9,3.215,1.4,8.6,10.6,1.6,21.4,75.618,2,9.346,2.6,4.6,5.5,76.364,4.1,0.5,0.1,0.4,0.4,1.7,1.2,0.5,0,0,0,,0,,0,,,8,0.7,0.1,100,0.5,40,8,0.8,0.5,1.8,0.7,0.8,9.6,44.444,5.4,22.881,1.6,18,2.417,0.527,4,2.642,-0.892,14,2.353,0.932,0,0,,0.6,1.6,23.3,11,0.6
Ben Keays,Adelaide,28,28.85,Gen. Forward,10,8.43,77.3,72.5,12,1.2,3,90.1,9.4,7.6,17,58.235,47.872,71.053,59.412,2.2,40.909,55.294,2.6,0.4,3,5.667,4.2,4.048,230.3,13.547,133.577,363.877,234.949,76.8,25.263,-2.993,-0.394,27.832,-4.303,50.863,-7.726,7.5,8.7,16.2,46.296,1.8,5.5,2.2,1.9,3.6,5.5,4.3,0.7,2,5.2,21.042,0.6,4.8,5.6,5.2,0.5,1.767,0.2,40,0.9,1.1,1.8,61.111,2.8,0.3,1,0.1,0.7,1.2,0.6,0.6,0,0,0,,0,,0,,,3.3,0.9,0.1,0,0.5,40,11,1.1,1.5,3.2,0.6,1,12.1,34.375,6.1,25.847,1,32,3.062,-0.53,12,3.659,0.008,20,2.703,-0.853,0,0,,0,0.8,16.8,5.1,0.5
Darcy Fogarty,Adelaide,26,26.26,Key Forward,10,6.72,64.4,60.1,0,0,0,82.6,8.5,4.2,12.7,69.291,65.882,76.19,66.929,2.4,50,66.929,2.9,0.2,1.9,6.684,2.7,4.704,244.5,19.252,108.937,353.437,256.284,131.256,30.51,-2.654,-0.647,27.376,17.452,51.635,10.434,4.4,8.3,12.7,34.646,0.9,2.5,1.3,0.9,1.6,4,2.2,0.1,0.5,2.9,22.736,0.2,3.3,5.3,3.9,0,0,0.2,,0.2,0.4,0.3,100,5,0.9,1.2,0.2,0.7,0.9,0.3,0.6,0,0,0,,0,,0,,,0.8,0.5,0,,1.6,43.75,12,1.2,0.8,2.5,1,1.3,14.3,48,5.6,23.729,0.4,25,3.289,-0.089,15,3.52,-0.386,10,2.943,0.357,0,0,,0,1.3,6.1,1.1,1
Jaeger O'Meara,Fremantle,31,31.85,Midfielder,9,6.744,57.667,55.222,1,0.111,1,72.889,7.222,7.111,14.333,65.891,50.769,81.25,61.24,2.222,30,50.388,2.333,0.667,3.222,4.448,3.889,3.686,218.556,15.248,130.996,349.551,211.533,71.602,29.289,3.686,0.518,24.049,-10.49,48.089,-12.496,6.222,9,15.222,40.876,3,4.889,0.556,0.889,4,3,2.444,0.556,0.778,6.444,-9.384,2.778,6,5.111,1.333,6.111,21.569,0.667,10.909,1.778,2.444,2.333,71.429,2.111,0.111,0.111,0.333,0.333,0.556,1.222,-0.667,0,0,0,,0,,0,,,3.667,0.111,0.111,0,0,,2,0.222,0.111,0.556,0.333,0.333,3.444,40,3,13.107,1.111,5,2.784,-0.184,2,2.644,0.356,3,2.876,-0.543,0,0,,0,0.889,13.444,8.444,0.444
Alex Pearce,Fremantle,30,30.56,Key Defender,5,8.74,69.8,43.6,3,0.6,1,84.4,5.2,5,10.2,80.392,84.615,76,78.431,0.2,100,50.98,0.4,2,1.6,6.375,1.4,7.286,110.2,10.804,153.646,263.846,108.13,72.154,20.794,17.868,3.574,18.35,6.65,72.457,-5.79,6,4.6,10.6,56.604,6.8,2.6,0,1,1.6,5.6,2.4,0,0.6,1.4,-33.112,5.2,3.4,1.8,0.2,0,0,0,,0.2,0.2,0,,4.8,1.6,0.2,3,0.2,1.4,1,0.4,0,0,0,,0,,0,,,1,0,3,40,0.2,100,1,0.2,0,0.2,0.2,0.2,2.4,100,2.6,11.304,1.4,1,4.335,1.665,1,4.335,1.665,0,,,0,0,,0,5.4,4.8,4.2,4.6
Joel Hamling,Sydney,32,32.72,Key Defender,4,7.275,54,34,0,0,0,79.75,4.25,3,7.25,89.655,94.118,83.333,72.414,0,,58.621,0,1.75,0.25,29,1.25,5.8,58,8,64.245,122.245,71.628,13.87,16.854,4.982,1.661,15.861,-9.611,67.268,-11.018,2.75,4.75,7.5,36.667,3.5,1.5,0,0.25,1.25,2.75,1.5,0,0.75,1.5,-50.554,5,2.25,0.25,0,0,0,0,,0,0,0,,3.25,0.75,0,1.25,0.25,0.25,0.25,0,0,0,0,,0,,0,,,1.5,0,2.75,0,0,,0,0,0,0,0,0,0,,0.5,2.273,0,0,,,0,,,0,,,0,0,,0.5,7,4.5,4,6.25
Lachie Schultz,Collingwood,28,28.08,Gen. Forward,9,8.422,79.778,74.333,0,0,0,79.556,8.222,6.444,14.667,68.939,60.811,79.31,67.424,1.556,64.286,56.061,2,0.111,2.889,5.077,2.778,5.28,220.556,15.038,172.474,393.03,232.979,110.801,28.335,-1.37,-0.216,29.067,2.933,49.67,2.33,5.333,9.778,15.111,35.294,1.778,3,0.889,0.778,2.222,3.222,1.667,0.444,0.889,3,17.186,0.333,4.556,5.667,4.556,0.111,0.441,0.222,100,0.889,1.111,1.889,47.059,4.667,0.111,1.889,0.222,1.444,1.444,0.889,0.556,0,0,0,,0,,0,,,4.444,1.667,0,,0.444,0,8,0.889,0.889,2.111,0.889,1.556,12.222,42.105,5.556,26.596,1,19,3.437,-0.49,14,3.455,-0.455,5,3.386,-0.586,0,0,,0,1.333,18.111,6.556,0.444
Steele Sidebottom,Collingwood,34,34.99,Midfielder,9,9,78.556,75.444,6,0.667,2,83.667,10.444,7.667,18.111,64.417,60.638,69.565,63.19,2.444,31.818,57.669,2.556,1.333,4,4.528,4.111,4.405,333.111,18.393,164.724,497.836,306.256,143.187,29.322,18.682,2.437,23.836,-11.16,46.544,2.752,5.889,11.889,17.778,33.125,3.889,4.556,0.778,1.111,3.444,3.444,3,0.333,1.556,7,-0.654,2.778,6,6.111,2.889,5,19.824,0.333,6.667,1.222,1.556,1.778,68.75,4.556,0.111,0.778,0.889,0.111,0.222,1.222,-1,0,0,0,,0,,0,,,3.222,0.667,0.111,0,0.111,100,8,0.889,0.333,1.444,0.556,0.889,9.333,61.538,3.889,18.617,1.333,13,3.128,0.795,8,3.397,0.603,5,2.696,1.104,0,0,,0,1.889,16.444,8.222,0.667
Mason Cox,Fremantle,34,34.8,Key Forward,4,4.35,51.5,49.5,0,0,0,63.75,3.25,4.25,7.5,76.667,53.846,94.118,73.333,0.5,50,43.333,0.75,0,2.5,3,1.25,6,25.5,3.4,111.965,137.465,46.805,-6.548,14.402,-5.945,-1.399,30.017,-30.017,65.064,-36.493,4.25,2.75,7,60.714,2,1.5,0.5,0.25,1.25,2.75,0.75,0,0.25,0,8.243,0.25,3,2.25,1.5,5.5,21.569,0.5,9.091,1.25,1.75,2,75,3.75,1.25,0.25,1.25,0,1,1,0,27,26.341,12.75,47.222,4.25,33.333,0.25,39.216,35.294,1.5,0.5,0.25,100,1,25,2,0.5,0.25,0.75,0.25,0.25,4.75,66.667,3,13.953,2,3,4.477,-0.144,2,3.892,-0.392,1,5.649,0.351,0,0,,0,2,4.25,1.25,1.75
John Noble,Gold Coast,28,28.76,Gen. Defender,10,8.6,92,86.5,6,0.6,3,83.5,16.8,8.6,25.4,81.102,80.952,81.395,75.197,2.2,50,66.142,2.4,4.7,3.8,6.684,4.1,6.195,535.5,21.083,369.98,905.48,462.201,329.969,27.512,31.979,3.853,16.873,2.03,61.679,4.784,3.8,15.8,19.6,19.388,3.7,3.2,0.1,0.3,2.9,2.4,2,0,0.8,9.8,-28.003,6.9,8.3,4.2,0.2,0,0,0.1,,0.8,0.9,0.9,66.667,4.7,0,0.1,0.7,0,0.5,0.9,-0.4,0,0,0,,0,,0,,,1.7,0.2,0.4,50,0,,0,0,0.2,0.2,0.4,0.6,2.8,0,4.8,19.753,1.1,2,2.665,-1.665,1,2.697,-1.697,1,2.632,-1.632,5.5,51.887,100,1.4,1.5,10.4,7.2,1
Daniel Rioli,Gold Coast,28,28.7,Gen. Defender,5,9.54,72.8,55.8,1,0.2,1,71.6,9,6.8,15.8,78.481,75.556,82.353,72.152,1,20,56.962,1.2,4.8,1.8,8.778,1.6,9.875,277,17.532,193.108,470.108,223.738,164.364,25.425,22.214,3.267,17.569,8.747,64.159,4.262,5,9,14,35.714,4.8,4,0.2,1,3,3.2,2.8,0.2,0.4,6,-25.467,5.8,4.4,3.4,0.4,0,0,0,,1,1,1.2,50,2.6,0,0,0.8,0.2,1.2,0.6,0.6,0,0,0,,0,,0,,,1.4,0,0.4,0,0,,2,0.4,0,0.6,0.2,0.2,3.6,66.667,3.8,16.522,1.6,3,2.978,1.022,2,2.177,0.823,1,4.58,1.42,1.4,12.069,100,2.2,1.2,6.2,4.4,0.8
Joel Jeffrey,Gold Coast,23,23.8,Gen. Defender,10,9.39,80.2,68.6,0,0,0,75.6,12.9,6.1,19,88.947,86.822,93.443,76.842,2.2,59.091,67.895,2.2,6.1,2.3,8.261,2.2,8.636,465.2,24.484,203.949,669.149,400.294,279.254,31.273,14.784,2.424,18.782,2.53,53.691,5.325,3.2,14.1,17.3,18.497,2.8,2.4,0,0.3,2.1,2.6,1.8,0,0.8,8.8,-28.075,6.8,6.5,3.9,0.1,0,0,0,,0.4,0.4,0.3,66.667,4.9,0.1,0,0.4,0.1,0.6,1.3,-0.7,0,0,0,,0,,0,,,1.4,0.1,0.6,33.333,0,,1,0.1,0.1,0.2,0.3,0.5,2.7,50,4,16.461,0.5,2,2.459,1.041,0,,,2,2.459,1.041,1.9,17.925,94.737,0.8,3.5,6.3,4.8,3
Ben King,Gold Coast,25,25.48,Key Forward,10,11.11,71.8,52.8,14,1.4,2,85.2,5.6,1.9,7.5,76,73.214,84.211,66.667,1.1,36.364,74.667,1.4,0,1,7.5,1.7,4.412,168.4,22.453,30.352,198.752,201.531,96.867,36.642,-1.351,-0.711,32.487,-11.059,41.114,-5.4,4.5,3.2,7.7,58.442,0.4,1.5,1.2,0.7,0.8,4.4,1.4,0,0.9,0.7,53.51,0,0.5,1.6,5.6,0,0,0,,0.1,0.1,0.1,100,3.4,1.5,2.5,0,1.3,1.4,0.5,0.9,0,0,0,,0,,0,,,1,0.9,0,,2.4,29.167,29,2.9,0.7,4.2,0.2,0.4,19.5,69.048,5.1,20.988,0.4,42,3.626,0.683,35,3.611,1.018,7,3.703,-0.989,0,0,,0,1.2,5.4,0.4,1
Wil Powell,Gold Coast,26,26.34,Gen. Defender,10,10.61,84.1,72.4,5,0.5,2,85.5,9.9,7.3,17.2,76.744,75.758,78.082,70.349,2.5,52,57.558,3,3.5,3,5.733,3.6,4.778,390.4,22.698,162.282,552.682,348.169,219.969,35.169,27.069,3.708,22.027,8.08,54.64,5.575,5.1,11.9,17,30,5.7,3.7,0,0.3,3.4,4.3,3.1,0.1,1.3,6.8,-21.273,5,7.3,4.5,0.2,0,0,0,,0.4,0.4,0.4,50,4.4,0.4,0,1.4,0.2,0.8,0.9,-0.1,0,0,0,,0,,0,,,4,0.1,0.6,0,0,,1,0.1,0.2,0.4,0,0.4,1.2,25,3.8,15.638,1.8,4,2.753,-0.753,1,3.073,2.927,3,2.646,-1.979,1.5,14.151,80,0.9,2.6,12.9,8.6,2.3
Connor Budarick,Western Bulldogs,24,24.73,Gen. Forward,10,4.56,55.5,55.9,0,0,0,78.8,7.2,5.8,13,70.769,62.5,81.034,65.385,1.5,46.667,55.385,1.8,0.5,2.7,4.815,3.2,4.062,224.9,17.3,145.842,370.742,200.21,79.082,27.807,7.572,1.306,24.705,-12.84,60.453,-11.3,4.1,8.8,12.9,31.783,1.7,3.1,1.1,0.7,2.4,3.4,2.5,0.1,1.3,4.1,6.349,1.4,4.5,4.4,2.6,0,0,0,,0.3,0.3,0.4,25,3.7,0.4,0.4,0.4,0.8,0.6,1.1,-0.5,0,0,0,,0,,0,,,2.8,1.4,0.4,50,0.8,12.5,4,0.4,0.7,1.2,0.3,0.4,5,33.333,3.1,12.757,0.4,12,2.885,-0.302,4,2.569,-0.319,8,3.043,-0.293,0.1,0.943,100,0,0.9,13.2,5.3,0.8
Noah Anderson,Gold Coast,24,24.86,Midfielder,10,16.89,112.4,95.3,37,3.7,6,87,13.9,15.5,29.4,69.728,56.835,81.29,69.388,3.9,35.897,47.279,5.2,2.5,4.4,6.682,4.3,6.837,492.9,16.765,331.274,824.174,386.507,238.615,27.806,43.24,2.826,28.203,-3.203,51.649,-1.649,12.1,17.5,29.6,40.878,2.9,8.7,0.9,1.9,6.8,3.4,3,2.4,1.4,12.5,-5.374,4.7,12.2,10.2,2.5,22.5,85.227,2.7,12,3.8,6.5,8.3,71.084,3.6,0.1,0.1,0.3,0.3,0.6,1.6,-1,0,0,0,,0,,0,,,3,0.4,0.1,0,0,,6,0.6,0.4,1.4,0.8,1.1,9.1,42.857,6.8,27.984,2.2,14,2.763,0.094,1,2.489,3.511,13,2.784,-0.169,0,0,,2,1.1,20.4,10.9,0.2
Matt Rowell,Gold Coast,24,24.5,Midfielder,10,18.52,131.7,109.1,59,5.9,8,84.2,12.9,16.1,29,73.448,64.341,80.745,74.483,5.5,67.273,44.483,6.2,1.3,4.4,6.591,4.3,6.744,451,15.552,321.815,772.815,414.55,268.221,32.136,2.916,0.182,29.418,9.114,47.308,7.738,15.5,13.9,29.4,52.721,3.3,9.9,0.9,3.5,6.4,5.1,4.9,3,2.6,11,-0.501,2.7,12.8,11,2.9,21.3,80.682,3.4,15.962,5.4,8.8,9.4,85.106,2.2,0,0.1,0.3,0.1,2.5,2.3,0.2,0,0,0,,0,,0,,,8,0.5,0,,0,,6,0.6,0.4,1.1,0.6,1.2,8.2,54.545,8.4,34.568,2.7,11,2.846,0.791,5,3.179,0.621,6,2.567,0.933,0,0,,0.7,1.1,27.7,13.1,0.3
Sam Flanders,St Kilda,24,24.43,Gen. Forward,9,8.167,68.222,60.111,0,0,0,75.778,8.444,9,17.444,77.07,73.684,80.247,74.359,2.778,52,48.408,3.222,1,2.222,7.85,3.333,5.233,205.222,11.764,242.74,447.962,193.37,117.294,22.899,2.957,0.333,27.729,4.215,60.919,8.526,5.667,12.222,17.889,31.677,2.111,5.222,0.889,1.333,3.889,3,2.778,0,1,7.444,1.432,2.444,5.444,8,2,0.667,2.542,0,0,1.778,1.778,1.667,80,4,0,0,0.111,0.333,0.556,0.556,0,0,0,0,,0,,0,,,1.111,0.333,0,,0.111,0,2,0.222,0.111,0.444,0.333,0.556,3.667,50,3.667,15.349,0.444,4,3.331,-0.081,0,,,4,3.331,-0.081,0,0,,0.222,0.556,10,4,0.111
Sam Clohesy,Gold Coast,23,23.05,Midfielder,2,3.55,43.5,52.5,0,0,0,76.5,8,4,12,50,31.25,87.5,54.167,2,25,66.667,2,1,3,4,2,6,272.5,22.708,108.33,380.83,269.805,75.095,33.726,1.285,0.321,27.128,-19.436,43.575,-20.498,3,9,12,25,0.5,2,0.5,0,2,1,0.5,0.5,0,6,3.563,1.5,4.5,3.5,2.5,0,0,0.5,,1.5,2,1,50,2.5,0,1,0,0.5,0.5,1,-0.5,0,0,0,,0,,0,,,3,0.5,0,,0,,1,0.5,0.5,1,0,0,3.5,50,2,11.429,0,2,3.135,0.365,2,3.135,0.365,0,,,0,0,,0,0.5,11.5,4.5,0.5
Oscar Adams,Gold Coast,22,22.44,Key Defender,7,2.986,33,26.429,0,0,0,76.571,4,2.429,6.429,66.667,60.714,76.471,60,0.286,50,62.222,0.286,1.429,2.143,3,1.571,4.091,76.857,11.956,49.709,126.566,83.687,25.31,20.922,-2.326,-1.085,17.973,-2.589,66.055,-8.362,2.429,4.286,6.714,36.17,2.857,1.286,0,0.143,1.143,2.143,1,0,0.429,1.857,-41.944,3,3.143,0.571,0,0,0,0,,0,0,0.286,0,2.429,0.571,0,0.714,0,0.429,0.714,-0.286,0,0,0,,0,,0,,,1,0,1.857,23.077,0,,0,0,0,0,0,0,0,,0.429,1.84,0,0,,,0,,,0,,,0,0,,0,4.429,5.286,5,3.429
Mac Andrew,Gold Coast,22,22.07,Key Defender,10,9.37,82,65,3,0.3,1,93.3,9.3,7.1,16.4,81.707,78.495,85.915,70.732,0.7,0,56.707,0.7,4,2.4,6.833,3.4,4.824,285.6,17.415,211.597,497.197,262.2,126.627,28.5,23.65,3.331,18.041,-7.453,61.123,-4.652,4.5,11.2,15.7,28.662,5.9,2.3,0.1,0.3,2,4.3,2.1,0,0.3,5.2,-33.705,7.4,5.3,2.7,0.3,0,0,0,,0.2,0.2,0.1,100,6.3,1.1,0.2,1.7,0.1,1.3,1,0.3,0.4,0.415,0,0,0,,0,,,1.1,0,3.4,26.471,0,,2,0.2,0.1,0.3,0,0.1,1.4,66.667,1.8,7.407,0.2,3,3.053,1.28,3,3.053,1.28,0,,,0.1,0.943,100,0.2,7.8,6.6,4.5,7.5
Bodhi Uwland,Gold Coast,22,22.43,Gen. Defender,10,8.56,78.3,65.2,1,0.1,1,86,9.6,6.5,16.1,81.366,81.25,81.538,69.565,1.5,40,59.627,1.5,3.2,1.9,8.474,2.3,7,286.1,17.77,222.091,508.191,268.855,145.1,28.006,14.14,2.175,19.574,-0.009,64.009,-5.313,4.6,10.9,15.5,29.677,5.1,3.2,0,0.5,2.7,4,2.6,0,0.7,4.9,-32.625,7,5.5,2.9,0.1,0,0,0,,0.4,0.4,0.2,50,5.8,0.4,0,1.5,0.1,1.6,0.8,0.8,0,0,0,,0,,0,,,1.7,0,0.6,16.667,0,,0,0,0,0,0.4,0.5,2.5,,3.2,13.169,1.5,0,,,0,,,0,,,0.6,5.66,100,0.3,4.7,6.8,5.7,4.5
Bailey Humphrey,Gold Coast,21,21.3,Mid-Forward,8,9.45,70,64.625,1,0.125,1,74.25,8.625,4.875,13.5,63.889,50.725,87.179,59.259,3.125,36,63.889,3.375,0.375,3.125,4.32,3.75,3.6,288.125,21.343,98.595,386.72,279.808,126.761,32.919,10.877,2.29,32.912,-0.303,44.775,-9.992,7.25,6.375,13.625,53.211,0.75,5.5,1.875,1.5,4,4.625,3.25,0.375,1.625,3.25,25.054,0.375,3.125,5.5,4.625,10.125,38.208,1.125,11.111,1.125,2.25,2.25,83.333,3.375,1,1.875,0.125,0.5,0.375,1.375,-1,0,0,0,,0,,0,,,3.375,1.25,0.125,100,1.25,20,11,1.375,0.875,2.75,0.375,0.875,11.875,50,4.75,19,0.5,22,3.264,0.054,13,3.938,-0.785,9,2.29,1.265,0,0,,0,0.75,14.625,3.625,0.5
Jed Walter,Gold Coast,20,20.56,Key Forward,2,0.3,31.5,29,0,0,0,72.5,3.5,1.5,5,50,28.571,100,44.444,0.5,0,70,0.5,0,1,5,1,5,80,16,54.075,134.075,103.285,20.445,34.428,-1.775,-1.183,22.16,-22.16,45.395,-45.395,2.5,2.5,5,50,1,1,0,0,1,2.5,1,0,0,1,36.62,0,1,1,3,0,0,0,,0,0,0,,2.5,1,1.5,0,0.5,0.5,0.5,0,0.5,0.472,0.5,100,0.5,100,0,100,100,1,1,0,,1,50,1,0.5,1.5,2.5,0,0,4.5,20,3,17.143,0.5,5,3.073,-1.273,4,3.039,-1.039,1,3.209,-2.209,0,0,,0,2,4,1,1.5
Ethan Read,Gold Coast,20,20.48,Key Forward,10,2.95,46.4,42,0,0,0,67,5.7,2.9,8.6,67.442,56.14,89.655,67.442,1.2,58.333,66.279,1.7,0.1,3.3,2.606,2.3,3.739,139.5,16.221,81.083,220.583,151.898,72.922,26.649,4.63,1.597,30.844,9.156,54.483,8.85,3.6,5.1,8.7,41.379,0.7,1.9,0.6,0.4,1.5,2.8,1.2,0,0.3,2,29.397,0.3,2,2.9,3.5,3.2,12.121,0.2,6.25,0.5,0.7,0.5,80,3.2,0.6,1.4,0.2,1.1,0.7,1.9,-1.2,12.5,12.953,2.9,23.2,0.6,20.69,0.1,27.586,20.69,1.3,0.6,0.2,100,2,5,9,0.9,1,2.3,0.2,0.6,8,39.13,4.3,17.695,0.5,23,3.491,-0.708,18,3.688,-0.633,5,2.779,-0.979,0,0,,0,2.1,7.4,2.3,1.7
David Swallow,Gold Coast,33,33.11,Gen. Forward,4,2.45,32.25,29.75,0,0,0,34.25,3.25,3.5,6.75,85.185,76.923,92.857,70.37,1.25,40,48.148,1.25,0,0.5,13.5,1.5,4.5,128,18.963,57.89,185.89,129.62,55.058,39.883,4.658,1.331,33.123,-5.85,37.739,-1.375,3,3.75,6.75,44.444,1.5,1.75,1,0.25,1.5,2.25,1.25,0.25,0.25,2,20.213,0.5,1,3.5,1.75,0.5,2.041,0,0,0.75,0.75,0.75,100,1.75,0,0,0.25,0.25,1,0.25,0.75,0,0,0,,0,,0,,,1.75,0.25,0,,0.5,50,0,0,0.5,0.5,0.25,0.25,2,0,2,10.39,0.75,2,3.174,-2.174,2,3.174,-2.174,0,,,0,0,,0.25,0.25,4.5,2,0.25
Jarrod Witts,Gold Coast,33,33.29,Ruck,10,12.08,102.4,90.4,9,0.9,2,86.9,5.1,7.6,12.7,61.417,43.137,73.684,65.354,1,40,40.157,1.3,1.2,2.6,4.885,1.7,7.471,110.1,8.669,154.091,264.191,116.933,32.464,22.928,3.148,0.414,25.111,-10.217,50.366,-9.94,8.7,5.1,13.8,63.043,1.3,3.4,0.7,1.8,1.6,2.7,1.1,0,0.3,3.5,1.333,2.1,4.5,5.1,2.1,23.2,87.879,0.5,2.155,3.3,3.8,5.4,79.63,1.8,1,0.2,0.4,0,1.9,1,0.9,83.5,86.528,43.2,51.737,11,25.463,2.1,42.593,38.657,2.8,0.2,1,30,0.6,33.333,2,0.2,0,0.4,0.4,0.9,4.1,50,4.4,18.107,3.6,4,2.661,0.339,2,2.3,0.7,2,3.021,-0.021,0,0,,0,4.1,7.1,3.3,3.7
Touk Miller,Gold Coast,29,29.85,Midfielder,8,13.787,101.75,87.875,12,1.5,4,71.125,10.75,11.25,22,71.023,61.628,80,72.727,5,65,48.864,5.5,0.75,1.5,14.667,2.75,8,369.25,16.784,286.971,656.221,333.006,216.092,30.977,16.429,1.477,32.299,14.276,50.32,14.063,8.5,13.5,22,38.636,2.125,6,1.125,1.875,4.125,4.375,3.75,1.5,1.5,8.375,7.1,1.75,7.375,10.125,2.75,10.5,40.777,1.75,16.667,1.375,3.125,3.375,88.889,3.375,0,0.375,0.25,0.75,1.25,0,1.25,0,0,0,,0,,0,,,5.25,1,0,,0.125,0,0,0,0.75,0.75,1,2.125,7.875,0,7.75,31.472,1,6,2.643,-1.643,3,2.321,-1.321,3,2.965,-1.965,0,0,,0,0.75,16.875,6.625,0
Lachie Weller,Gold Coast,29,29.85,Midfielder,9,8.911,63,55,4,0.444,1,82.333,8,8.556,16.556,75.839,66.667,84.416,72.483,2.556,60.87,48.322,3.444,1.111,2.333,7.095,2.778,5.96,336.222,20.309,147.258,483.48,270.341,198.36,33.793,29.724,3.474,24.692,7.126,43.315,5.17,6.111,10.667,16.778,36.424,2.889,4.333,0.222,0.778,3.556,3.778,3.111,0.889,1,7.444,-6.55,2.556,7.222,5.667,1.333,0.778,2.929,0.111,14.286,1.778,1.889,2.444,81.818,2.556,0.111,0,0.111,0.222,0.667,0.444,0.222,0,0,0,,0,,0,,,1.667,0,0,,0,,0,0,0.222,0.333,1,1,6.222,0,4.111,16.3,0.889,3,2.315,-1.648,0,,,3,2.315,-1.648,0,0,,0.667,0.556,10.667,5.222,0.111
Brayden Fiorini,Essendon,28,28.35,Midfielder,10,9.52,93.5,88,2,0.2,1,81.6,11.6,10.4,22,77.727,70.69,85.577,72.146,2.6,46.154,52.727,2.9,2,2.3,9.565,4,5.5,320.6,14.573,284.371,604.971,295.552,158.513,25.926,12.634,1.215,24.911,-4.078,56.607,0.685,5.4,16.7,22.1,24.434,3.4,3.8,0.8,0.4,3.4,3.5,2.6,0.4,1.5,11.1,-9.223,4.9,7.8,6.7,2.7,1.7,6.439,0.3,17.647,1.5,1.8,1,70,4.1,0,0.4,0.4,0.1,1,0.2,0.8,0,0,0,,0,,0,,,4,0.7,0.3,0,0,,6,0.6,0.1,1.2,0.3,0.9,6.1,50,5,20.576,1.2,12,2.816,0.267,3,3.429,-1.429,9,2.612,0.832,0,0,,0,1.2,17.3,8.4,0.6
Ben Long,Gold Coast,28,28.36,Gen. Forward,10,6.26,53,55.3,1,0.1,1,84.3,7.5,2.9,10.4,66.346,57.333,89.655,60.577,1.9,47.368,72.115,2.1,0,3.9,2.667,3.8,2.737,195.1,18.76,88.007,283.107,213.685,86.495,29.272,-3.006,-1.074,34.778,-5.049,47.468,-4.225,3.4,6.5,9.9,34.343,0.6,1.6,0.9,0.5,1.1,3,1.5,0.3,0.7,2,41.022,0,0.8,3.8,5.3,0,0,0,,0.3,0.3,0.5,80,4.6,1,2.2,0.1,1.6,0.4,2.1,-1.7,0,0,0,,0,,0,,,1.9,0.6,0,,2,25,18,1.8,0.7,3,0.5,0.7,14.7,60,5.4,22.222,0.3,30,3.364,0.469,21,3.572,0.618,9,2.878,0.122,0,0,,0.1,0.6,10.8,1.5,0.3
Ben Ainsworth,Carlton,27,27.88,Gen. Forward,10,6.62,57.7,54.8,2,0.2,1,79.4,6.9,6,12.9,71.318,65.217,78.333,68.992,2.1,52.381,53.488,2.4,0.3,1.8,7.167,1.5,8.6,226.5,17.558,121.347,347.847,215.561,124.387,31.7,7.68,1.28,31.611,7.025,43.964,15.127,3.7,9.1,12.8,28.906,1,3.1,1.6,0.2,2.9,3.4,2.9,0.1,1.4,5,24.718,0.3,3.2,4.6,4.7,0,0,0.1,,0.1,0.2,0.1,0,3.2,0.2,1.2,0.1,0.5,0.2,0.4,-0.2,0,0,0,,0,,0,,,1.5,0.6,0,,0.3,33.333,11,1.1,0.9,2.4,0.8,1.2,12.7,45.833,5.4,22.222,0.3,24,3.122,0.003,13,2.874,0.203,11,3.415,-0.233,0,0,,0,0.5,9.2,3.4,0.1
Jack Henry,Geelong,27,27.33,Key Defender,10,8.26,62.4,54,0,0,0,83.9,9.3,2.7,12,79.167,80.645,74.074,71.667,0.6,50,77.5,0.7,2.9,2.2,5.455,2.2,5.455,194.4,16.2,174.512,368.912,184.788,87.924,19.87,8.062,2.986,15.662,9.893,68.273,2.838,5.1,6.6,11.7,43.59,6.7,3,0,0.8,2.2,4.9,2.8,0,0.6,1.6,-44.246,6.8,4,0.8,0.1,0,0,0,,0.2,0.2,0.1,100,6,1.6,0.1,2.8,0,0.5,0.4,0.1,0,0,0,,0,,0,,,0.8,0,2.1,42.857,0,,0,0,0.2,0.2,0,0,0.2,0,2.6,8.497,1.5,2,2.437,-1.437,2,2.437,-1.437,0,,,0,0,,0.1,3.5,5.3,4,2.8
Zach Guthrie,Geelong,27,27.5,Gen. Defender,10,8.78,80.7,71.6,0,0,0,83.3,11.8,4.5,16.3,82.822,83.051,82.222,76.074,2,40,72.393,2.2,3.5,1.5,10.867,2.2,7.409,288.8,17.718,205.803,494.603,271.515,162.785,23.01,10.548,2.344,20.123,7.463,64.8,2.441,4.7,10.6,15.3,30.719,6.1,3.1,0,0.8,2.3,4.3,2.7,0,0.8,4.3,-26.436,5.2,6.6,3.5,0,0,0,0,,0.4,0.4,0.2,50,6.4,0.7,0,2.5,0.2,0.7,0.5,0.2,0,0,0,,0,,0,,,2.2,0.1,0.9,11.111,0,,0,0,0,0,0.1,0.4,0.9,,3.6,11.765,1.5,0,,,0,,,0,,,1.9,21.348,73.684,0.1,2,11.1,7.7,1.7
Gryan Miers,Geelong,26,26.75,Gen. Forward,10,15.47,102.2,90.9,14,1.4,5,78.6,13.4,9.2,22.6,80.088,75.373,86.957,83.186,3.2,65.625,59.292,3.8,1.8,2.4,9.417,2.5,9.04,346.3,15.323,381.891,728.191,304.215,252.547,22.703,9.15,0.995,28.525,14.695,58.195,19.771,6.3,16.2,22.5,28,3.2,5,0.9,0.9,4.1,3.8,3.2,0.1,0.6,10.2,3.185,2.3,8,9.2,3,9.7,30.599,0.9,9.278,1.2,2.1,1.9,84.211,4.1,0,0.1,0.2,0.3,1.3,0.4,0.9,0,0,0,,0,,0,,,3.8,0.4,0.1,0,0,,7,0.7,0.5,1.2,1,2.1,11.8,58.333,8.2,26.797,2,12,2.617,1.3,3,2.843,3.157,9,2.542,0.681,0,0,,0.5,0.2,20.9,9.7,0.1
Bailey Smith,Geelong,25,25.06,Midfielder,10,15.08,114.8,106.9,43,4.3,6,83.2,17.8,12.6,30.4,67.105,59.551,77.778,65.789,5.9,57.627,58.553,6.3,2.1,4.5,6.756,5,6.08,545.7,17.951,314.36,860.06,508.794,293.324,28.584,0.739,0.059,25.585,5.665,48.3,2.95,11.7,19.2,30.9,37.864,2.5,8.9,1,2.9,6,3.3,3,1.8,0.9,13.6,-3.125,3.7,13.4,11.2,2.6,21.5,67.823,2.6,12.093,3.6,6.2,6.9,68.116,4.2,0,0.1,0.2,0.8,0.7,1.7,-1,0.2,0.198,0,0,0,,0,,,4.5,0.5,0,,0,,3,0.3,0.3,0.8,0.9,1.3,7.9,37.5,7.3,23.856,1.7,8,2.395,0.23,1,1.991,-1.991,7,2.453,0.547,0,0,,0.2,0.9,17.2,8.8,0.1
Mark O'Connor,Geelong,28,28.95,Gen. Defender,9,4.311,50.111,42.889,0,0,0,83.111,7,4.333,11.333,84.314,80.952,89.744,78.431,1.111,60,61.765,1.222,1.667,2.444,4.636,1.778,6.375,143.444,12.657,119.649,263.093,151.802,80.478,21.686,2.428,0.56,20.284,4.306,66.051,2.801,4.444,7.444,11.889,37.383,3.778,3.222,0.222,0.444,2.778,3.667,2.889,0,0.778,2.778,-22.198,3.889,5,2.667,0.333,2.222,6.873,0.111,5,0.667,0.778,0.444,100,3.444,0.222,0.111,0.667,0.222,1.333,1.444,-0.111,0,0,0,,0,,0,,,1.444,0,0.667,33.333,0.111,0,0,0,0.111,0.111,0.333,0.333,2.111,0,2.778,9.158,0.889,1,3.263,-2.263,1,3.263,-2.263,0,,,0.111,1.266,0,0,1.111,6.667,5.111,0.889
Oliver Henry,Geelong,23,23.42,Key Forward,1,3.1,8,19,0,0,0,31,2,2,4,75,50,100,75,0,,50,0,0,1,4,0,,30,7.5,17.9,47.9,43.51,25.38,21.755,-6.37,-3.185,15.62,-15.62,66.01,-66.01,0,4,4,0,1,0,0,0,0,0,0,0,0,1,33.202,0,0,2,2,0,0,0,,0,0,0,,1,0,1,0,0,0,0,0,0,0,0,,0,,0,,,0,0,0,,2,0,1,1,0,1,0,0,6,100,2,10,1,1,4.446,1.554,1,4.446,1.554,0,,,0,0,,0,0,3,1,0
Lawson Humphries,Geelong,22,22.68,Gen. Defender,10,5.83,61.6,60.6,0,0,0,78.3,10.7,3,13.7,74.453,72.897,80,73.723,1.8,77.778,78.102,1.9,2.6,1.2,11.417,2,6.85,296.9,21.672,151.803,448.703,271.39,196.382,25.603,7.832,2.611,20.514,13.799,58.795,7.871,2.2,10.2,12.4,17.742,2.4,1.7,0,0.4,1.3,2,1.5,0,0.4,4.9,-19.041,3.6,4.7,3.6,0.5,0.1,0.315,0.1,100,0,0.1,0,,4.8,0.3,0.2,0.6,0.3,0.2,0.4,-0.2,0,0,0,,0,,0,,,2.1,0.4,0.4,50,0.1,0,1,0.1,0.1,0.3,0.3,0.8,3,33.333,4,13.072,0.7,3,3.443,-1.109,2,3.663,-0.663,1,3.001,-2.001,2,22.472,70,0.6,1.8,9.4,6.1,1.7
Max Holmes,Geelong,23,23.33,Midfielder,10,15.77,115.5,105.4,33,3.3,6,81.3,17.2,9.8,27,70,68.023,73.469,61.481,6.1,37.705,63.704,7.2,3.7,3.5,7.714,6,4.5,675.9,25.033,223.108,899.008,569.544,319.405,33.307,31.123,3.176,24.962,2.19,50.483,-3.463,9.3,15.8,25.1,37.052,3.4,7.8,0.3,1.9,5.9,3.9,3.5,0.4,1.3,9.2,-5.008,3.8,10.2,9.9,1.2,19.2,60.568,1.5,7.812,2.2,3.7,3.6,77.778,5.7,0.2,0.2,0.4,0.4,0.6,0.6,0,0,0,0,,0,,0,,,3.6,0.1,0.3,0,0.2,100,6,0.6,0.3,1.1,0.8,1.4,9.3,54.545,7.9,25.817,2.6,11,3.048,0.497,3,2.778,1.555,8,3.149,0.101,1.8,20.225,94.444,2.6,1,17,8.6,0.5
Shannon Neale,Geelong,23,23.43,Key Forward,9,10.567,74.556,61.778,17,1.889,5,87.444,5.222,3.111,8.333,76,76.596,75,73.333,1.111,50,62.667,1.667,0,2.444,3.409,2.556,3.261,146,17.52,63.683,209.683,172.701,98.204,33.07,-3.929,-1.263,32.831,13.835,46.593,26.741,4.889,3.889,8.778,55.696,1.222,2.111,1.111,0.444,1.667,4.556,2,0,0.444,1.222,39.87,0,1,3,4.778,1.556,4.811,0.111,7.143,0.111,0.222,0.111,100,3.778,1.556,2.667,0.111,0.333,1,1.333,-0.333,11.778,11.422,3.444,29.245,0.889,25.806,0.111,38.71,32.258,3.222,1.333,0.111,0,2.556,30.435,22,2.444,0.556,3.222,0.333,1,17.889,75.862,5,16.484,1.111,29,3.555,1.169,26,3.655,1.345,3,2.688,-0.355,0,0,,0.111,1.222,10.222,1.778,0.667
George Stevens,Geelong,20,20.71,Midfielder,1,1.6,34,21,0,0,0,39,5,2,7,57.143,60,50,42.857,1,0,71.429,1,0,1,7,2,3.5,102,14.571,77.39,179.39,131.36,35.94,26.272,-2.12,-1.06,26.343,-26.343,61.528,-11.528,6,2,8,75,2,3,0,1,2,2,1,2,0,1,3.565,0,3,4,1,8,23.529,0,0,1,1,4,25,1,0,1,0,1,1,1,0,0,0,0,,0,,0,,,0,0,0,,0,,0,0,1,1,0,0,1,0,1,5,0,1,3.292,-2.292,1,3.292,-2.292,0,,,0,0,,0,0,8,3,0
Oisin Mullin,Geelong,25,25.88,Gen. Defender,10,6.84,44.1,44.9,5,0.5,2,81,5.5,4.6,10.1,71.287,58.182,86.957,64.356,1.5,20,54.455,1.7,1,1.7,5.941,1.9,5.316,164.1,16.248,114.633,278.733,153.344,63.498,27.881,6.647,1.445,27.079,-7.93,55.681,-15.256,4.2,5.9,10.1,41.584,2.1,3,0.4,0.7,2.3,1.8,1.2,0.2,0.6,2.7,-2.686,1.5,3.5,3.9,1.2,10.6,33.438,1.3,12.264,0.7,2,1.2,75,2.7,0.2,0.2,0.6,0.1,0.8,0.7,0.1,0,0,0,,0,,0,,,2.7,0.3,0.2,0,0,,2,0.2,0.4,0.7,0.1,0.2,2.3,28.571,2.7,8.824,0.7,7,2.885,-0.6,1,1.705,-1.705,6,3.082,-0.415,0,0,,0.2,1.2,11.3,5.6,0.5
Oliver Dempsey,Geelong,22,22.98,Midfielder,10,12.47,87.8,80.9,10,1,2,87.5,10,8.1,18.1,69.613,59,82.716,71.823,2.6,61.538,55.249,3,0.5,2.2,8.227,3.1,5.839,281.6,15.558,203.237,484.837,240.928,168.484,24.093,19.831,2.448,28.716,6.006,51.159,1.619,6.6,10.8,17.4,37.931,2.9,5.3,1.8,1.2,4.1,4.9,3.9,0.3,2.1,5.4,12.543,1.8,4.6,6.4,4.6,0,0,0.3,,0.9,1.2,1.5,60,4.1,0.3,0.5,0.5,0.5,0.7,0.6,0.1,0,0,0,,0,,0,,,3.8,1.2,0.2,0,0.5,0,13,1.3,0.5,2,0.9,1.5,14.3,65,6.5,21.242,1.2,20,3.173,0.977,6,3.017,0.483,14,3.24,1.188,0,0,,0.6,0.6,13,4.7,0.6
Connor O'Sullivan,Geelong,20,20.61,Key Defender,10,8.2,64.1,56.7,3,0.3,1,91.2,7.2,4.4,11.6,81.034,81.944,79.545,79.31,0.8,75,62.069,0.8,2.3,2.1,5.524,1.6,7.25,178.3,15.371,110.488,288.788,159.855,96.44,22.202,12.386,2.815,19.19,10.387,67.75,4.081,4.5,7.5,12,37.5,5.5,2.2,0,0.4,1.8,4.3,2,0,0.5,2.4,-31.382,4.9,4.5,2.5,0.1,0,0,0,,0,0,0,,5.6,1.3,0,2.5,0.1,1.2,0.7,0.5,0,0,0,,0,,0,,,2.6,0.1,1.7,41.176,0,,0,0,0,0.1,0.1,0.2,0.7,0,2.7,8.824,1.2,1,2.647,-2.647,1,2.647,-2.647,0,,,0,0,,0,4.5,10.6,7.1,3.7
Patrick Dangerfield,Geelong,35,35.73,Gen. Forward,9,11.289,90,71.333,10,1.111,1,74.222,8.222,8.444,16.667,66,58.108,73.684,64,3.333,50,49.333,3.889,0.222,2.778,6,3.111,5.357,281.222,16.873,166.926,448.148,283.599,134.068,34.492,-0.932,-0.11,33.616,8.692,46.196,7.65,9.778,7.333,17.111,57.143,0.778,5.889,3.111,3.556,2.333,6.333,4,0.889,1.333,3.111,28.151,0.222,3.778,6.444,6.667,6.667,20.833,1.667,25,0.778,2.444,3,81.481,4.556,1.333,1.889,0,1.667,1.111,0.444,0.667,0.556,0.544,0.111,20,0,0,0,0,0,2.333,0.778,0,,1.333,58.333,9,1,0.889,2.333,1.778,2.444,18.222,42.857,7.111,23.529,0.778,21,3.357,-0.404,15,3.413,-0.946,6,3.217,0.95,0,0,,0.111,1.444,8.222,1.889,0.333
Rhys Stanley,Geelong,35,35.08,Ruck,8,6.263,57.125,55.875,0,0,0,70.5,5.125,2.75,7.875,69.841,68.293,72.727,65.079,1.75,57.143,65.079,1.875,0.875,2.5,3.15,1.875,4.2,146.125,18.556,77.574,223.699,157.483,77.09,30.728,-2.235,-0.813,27.409,3.841,52.624,-5.749,4.25,3.625,7.875,53.968,0.625,1.75,0.125,0.5,1.25,1.625,0.375,0,0,2,5.237,0.5,2.875,3.25,1.25,20.125,63.636,1.25,6.211,0.625,1.875,2.625,76.19,2.125,0.5,0.625,0.25,0.125,1.375,1.375,0,49.125,50.256,21.25,43.257,4,18.824,0.25,33.529,38.824,2.125,0.375,0,,0.625,80,2,0.25,0.125,0.5,0.5,0.625,4.75,50,2.875,9.426,1.125,4,3.252,-0.002,3,3.481,-1.148,1,2.563,3.437,0,0,,0,3,9.75,3.375,1.875
Tom Stewart,Geelong,32,32.79,Gen. Defender,9,10.522,94,78.778,18,2,3,71.222,14.444,4.444,18.889,87.059,90,77.5,76.048,0.556,40,76.471,0.667,5.111,2.333,8.095,3.111,6.071,403.333,21.353,261.51,664.843,363.832,245.553,25.783,8.724,1.963,13.552,10.025,66.147,6.211,5.667,10.444,16.111,35.172,8.111,3.667,0,0.778,2.889,5,3.111,0.111,0.778,3.556,-44.577,8.556,5.556,2,0,0.111,0.352,0.222,100,0.333,0.556,0.222,100,6.778,0.556,0,3.222,0,1.333,1.111,0.222,0,0,0,,0,,0,,,1.889,0,0.889,25,0,,1,0.111,0,0.111,0,0,0.667,100,3.333,10.49,2.111,1,3.057,2.943,0,,,1,3.057,2.943,3,36,96.296,0.111,2,7.889,6.333,2
Jeremy Cameron,Geelong,32,32.75,Key Forward,10,13.18,94.9,84.9,25,2.5,5,89.1,10.6,2.5,13.1,62.595,58.491,80,61.538,1.1,54.545,80.916,1.5,0.4,1.3,10.077,1.8,7.278,304.8,23.267,66.145,370.945,319.561,171.212,30.147,4.261,1.775,30.252,0.518,55.788,5.75,4.5,8.6,13.1,34.351,0.9,2.2,1.1,0.2,2,3.7,1.7,0.3,0.5,3.5,38.801,0.5,1.2,3.9,7.5,0,0,0,,0.6,0.6,0.5,100,5.8,1.2,3.6,0.2,2,0.6,0.3,0.3,0.1,0.099,0,0,0,,0,,,1.8,1.1,0,,2.1,23.81,36,3.6,2.2,6.6,0.3,0.6,25.9,54.545,7.9,25.817,0.8,66,3.266,0.34,41,3.59,0.093,25,2.735,0.745,0,0,,0.2,0.9,6.2,1.1,0.7
Jack Martin,Geelong,30,30.92,Gen. Forward,9,8.233,60.111,58,0,0,0,55.778,7,3.778,10.778,80.412,74.603,91.176,79.381,1,55.556,64.948,1.111,0.889,1.889,5.706,1.444,7.462,171,15.866,148.941,319.941,168.101,111.953,24.014,5.851,1.549,26.794,10.984,64.444,15.556,3.333,7.667,11,30.303,0.556,2.222,1.222,0.556,1.667,2.667,1.667,0.111,1.222,2.667,15.338,1,3.444,2.778,3.778,0,0,0.222,,0.111,0.333,0.556,60,5,0.444,1.667,0.333,0.778,0.444,0.889,-0.444,0,0,0,,0,,0,,,2.222,1.444,0,,0,,11,1.222,0.444,2,0.889,1.222,13.444,61.111,5.222,17.279,0.556,18,3.522,0.367,12,3.416,0.668,6,3.735,-0.235,0.333,3.571,66.667,0.111,0.333,8,3,0.111
Mark Blicavs,Geelong,34,34.76,Ruck,10,9.4,78.8,81,13,1.3,3,79.6,6,9.6,15.6,67.308,45,81.25,71.613,1.4,57.143,38.462,1.9,0.5,2.8,5.571,2,7.8,180.3,11.558,172.233,352.533,162.197,88.115,27.965,11.072,1.165,27.047,-2.047,48.902,-3.447,8.3,7.5,15.8,52.532,2.4,5.8,0.5,2.2,3.6,4.2,3,0.1,0.8,3.5,9.825,0.8,5.7,6.5,2.8,12.4,39.117,1.4,11.29,1.2,2.6,3.8,63.158,3.8,0.8,1.3,0.3,0.1,0.7,1,-0.3,42.6,42.262,18.7,43.897,3.6,19.251,0.8,36.898,35.294,3.1,0.4,0.1,100,1.2,41.667,5,0.5,0.6,1.3,0.4,0.6,6.2,38.462,6.2,20.261,2.4,13,3.871,-1.102,10,3.848,-1.548,3,3.947,0.386,0,0,,0,2.1,13.1,5.2,1.4
Shaun Mannagh,Geelong,28,28.4,Gen. Forward,10,12.66,86.3,92.4,18,1.8,3,81.7,12.8,5.9,18.7,63.102,57.812,74.576,61.29,4.4,52.273,68.449,5.9,0.3,3.6,5.194,4.5,4.156,436.2,23.326,154.897,591.097,378.31,237.558,29.788,26.529,4.496,31.593,8.18,48.305,3.967,5.3,13.4,18.7,28.342,1,3.7,1,1,2.7,2.1,1.8,1,1,7.4,19.533,0.5,5.2,7.9,5.1,0.1,0.315,0.1,100,2.5,2.6,2.9,65.517,4.2,0,1.4,0,0.4,0.5,1.1,-0.6,0,0,0,,0,,0,,,5.6,1.8,0,,0.5,0,15,1.5,1,2.7,1.3,2,18.5,55.556,7.4,24.183,1.1,27,3.142,0.562,15,3.408,0.525,12,2.808,0.609,0,0,,0.6,0.7,18.7,5.3,0.1
Tom Atkins,Geelong,30,30.28,Midfielder,10,13.89,100.6,86.7,14,1.4,4,73.3,9.7,11.5,21.2,74.057,69.072,78.261,74.057,3.4,67.647,45.755,4.4,0.7,3.1,6.839,2.5,8.48,268.8,12.679,279.558,548.358,229.656,154.731,23.676,21.408,1.862,29.764,8.014,56.016,7.318,11.6,10.1,21.7,53.456,2.7,8,0.8,3.5,4.5,3.5,2.9,1.7,1.2,7.3,-2.2,2.2,8.6,9,1.9,22.5,70.978,2.2,9.778,3.4,5.6,6.5,70.769,2.1,0.1,0.4,0.2,0,1.8,1.3,0.5,0,0,0,,0,,0,,,7.4,1,0,,0.1,0,1,0.1,0.2,0.3,1.2,1.9,8.7,33.333,6.9,22.549,2.1,3,2.999,-0.332,2,3.19,0.31,1,2.618,-1.618,0.1,1.124,0,0.2,1,27,12.6,0.1
Jack Bowes,Geelong,27,27.92,Midfielder,10,10.37,68.4,57.1,0,0,0,63.5,8.1,6,14.1,74.468,62.963,90,74.468,1.8,50,57.447,2.5,1.1,1.7,8.294,1.6,8.812,251.5,17.837,161.207,412.707,210.913,153.006,26.039,23.233,3.872,28.176,6.25,51.045,12.889,5.5,8.3,13.8,39.855,2.2,4.4,0.9,0.9,3.5,4,3.2,0,1.3,5,5.177,2,4.4,4.7,2.7,1.7,5.363,0.2,11.765,1,1.2,1.3,69.231,2.5,0.2,0.6,0.1,0.5,0.8,0.5,0.3,0,0,0,,0,,0,,,2.2,0.7,0.1,0,0.5,60,8,0.8,0.4,1.3,0.8,1.3,10.5,61.538,4.7,15.359,1.1,13,3.311,0.689,7,3.507,1.065,6,3.083,0.251,0,0,,0.8,0.6,10.7,4.8,0.4
Brad Close,Geelong,27,27.42,Gen. Forward,10,8.02,64.5,57.6,0,0,0,81.9,7.7,5.4,13.1,75.573,63.636,92.593,76.336,2,65,58.779,2.7,0.2,0.8,16.375,1.3,10.077,178.4,13.618,188.078,366.478,173.55,98.954,22.539,11.016,2.04,34.847,15.153,50.586,21.414,4.2,8.1,12.3,34.146,0.8,2.8,0.9,0.3,2.5,3.5,2.3,0,1.3,4.2,26.933,0.5,2.5,4.8,4.5,0,0,0.2,,0.4,0.6,0.3,66.667,2.7,0.3,1.2,0,0.1,1.1,0.1,1,0.1,0.099,0,0,0,,0,,,2.5,0.8,0,,0.9,22.222,6,0.6,1.2,1.9,1.1,2.1,12.4,31.579,7,22.876,1,19,3.674,-1.148,14,3.573,-0.859,5,3.958,-1.958,0,0,,0,0.8,15.6,2.9,0.2
Chayce Jones,Adelaide,25,25.96,Midfielder,5,1.8,19.4,23.8,0,0,0,49.2,3.8,2.2,6,66.667,63.158,72.727,76.667,0.2,100,63.333,0.2,0.2,1.8,3.333,0.8,7.5,96.8,16.133,93.588,190.388,93.664,72.428,24.648,5.118,2.326,23.404,21.041,55.896,10.771,2.2,4,6.2,35.484,1.4,1.6,0,0.4,1.2,2,1.4,0,0.8,2.2,-15.38,0.8,3.4,2,0,2.4,8.108,0,0,0.2,0.2,0.2,100,1.6,0,0,0,0.2,0.6,1,-0.4,0,0,0,,0,,0,,,1.4,0,0.2,100,0,,0,0,0,0,0.2,0.2,1.2,,1.8,6.569,0.4,0,,,0,,,0,,,0,0,,0,0.2,7.6,4.6,0
Brayden Cook,Adelaide,23,23.45,Mid-Forward,3,3.633,36.667,30,0,0,0,56.667,4.333,1.667,6,66.667,61.538,80,77.778,1,100,72.222,1.333,0.667,0.667,9,1,6,145.667,24.278,59.39,205.057,146.863,107.893,33.892,-0.617,-0.37,25.546,16.121,48.823,17.843,1.333,5,6.333,21.053,1,0.667,0,0.667,0,1,0.667,0,0,2.667,-10.173,1.333,2.333,2,0.667,0,0,0.333,,0.333,0.667,0,,1.333,0,0.333,0,0.333,0.333,0,0.333,0,0,0,,0,,0,,,2.333,0.667,0.333,0,0,,0,0,0,0.333,1,1,6,0,1.667,5.682,0.333,1,1.982,-1.982,1,1.982,-1.982,0,,,0,0,,0,0.667,6,3,0.333
Wayne Milera,Adelaide,28,28.29,Gen. Defender,9,9.422,87.222,75.333,1,0.111,1,81.556,12.556,5.444,18,82.099,77.876,91.837,78.395,1.667,60,69.753,1.667,4.222,2.222,8.1,2.556,7.043,356,19.778,231.078,587.078,327.828,214.762,26.11,5.252,0.965,17.985,6.122,58.731,7.34,5.222,11.778,17,30.719,5.222,3.889,0.111,0.556,3.333,4.333,3.333,0.111,1.333,5,-31.398,7.222,6.667,3,0.111,0,0,0,,0.778,0.778,0.667,83.333,6.444,0.556,0,1.667,0,0.667,1,-0.333,0,0,0,,0,,0,,,2.444,0,0.778,0,0,,0,0,0,0,0.556,0.556,3.333,,3.778,16.114,1.556,0,,,0,,,0,,,1.111,11.905,90,0.222,1.556,9.556,6.667,1.111
Elijah Tsatas,Essendon,21,21.2,Midfielder,1,9.1,60,66,0,0,0,63,10,9,19,57.895,30,88.889,63.158,5,20,52.632,6,1,2,9.5,3,6.333,335,17.632,0.5,335.5,312,114.56,31.2,-19.07,-2.119,35.133,-12.911,44.418,-44.418,5,13,18,27.778,2,3,1,1,2,2,2,1,1,10,1.625,1,6,9,2,8,57.143,1,12.5,1,2,3,66.667,2,0,1,0,0,1,1,0,0,0,0,,0,,0,,,2,0,0,,0,,1,1,0,1,0,0,6,100,4,23.529,2,1,2.108,3.892,0,,,1,2.108,3.892,0,0,,1,0,14,3,0
Oskar Smartt,Essendon,20,20.18,Gen. Forward,4,2.9,24.75,29.25,0,0,0,53.75,4.25,1.25,5.5,40.909,23.529,100,33.333,1,0,77.273,1,0,1.25,4.4,1.75,3.143,128.25,23.318,44.282,172.532,134.113,5.252,33.528,2.855,2.284,31.92,-20.809,30.7,-8.478,3.75,2,5.75,65.217,0.5,2.25,1.5,0,2.25,3.25,2,0.25,0.25,0.25,32.522,0,1,2,2.75,0,0,0,,0.5,0.5,0.25,100,1.75,0.75,1,0,0.25,0.25,0.25,0,0,0,0,,0,,0,,,2,1,0,,0.5,0,0,0,1.25,1.75,0.25,0.25,2.75,0,2.25,12.5,0.25,7,2.443,-1.729,5,2.508,-1.708,2,2.28,-1.78,0,0,,0,1.25,12.25,2.25,1
Mason Redman,Essendon,28,28.34,Gen. Defender,8,11.225,105.5,94.875,8,1,2,83.875,19.875,4.875,24.75,84.343,83.648,87.179,70.558,2,43.75,80.303,2.375,7,2.75,9,5,4.95,575.25,23.242,269.481,844.731,538.21,292.05,27.251,7.668,1.573,16.764,-0.87,65.206,-0.968,4.25,14.375,18.625,22.819,6.75,2.5,0,0.75,1.75,4,2.25,0,0.75,7.375,-32.976,8.625,5.875,4.125,0,0,0,0,,0.125,0.125,0.125,0,6.875,0.5,0,3,0.125,1.25,1,0.25,0,0,0,,0,,0,,,1.375,0,0.875,14.286,0,,1,0.125,0.375,0.625,0.125,0.25,2,20,3.25,18.44,1.375,5,2.434,-0.634,0,,,5,2.434,-0.634,6.375,52.577,90.196,0.5,2.125,7.5,5.875,1.75
Jacob Koschitzke,Richmond,25,25.47,Key Forward,2,0.5,37.5,30.5,0,0,0,82,3,4.5,7.5,66.667,33.333,88.889,60,1,0,40,1,0,1.5,5,1,7.5,45,6,30.61,75.61,88.315,-26.455,29.438,-16.88,-3.751,39.272,-39.272,62.68,-37.68,4,3.5,7.5,53.333,0,1.5,0,1,0.5,4,1.5,0,0,2,28.171,0,2,3,2.5,1,4.762,0,0,0,0,0,,3,1.5,1.5,0,0,1,0.5,0.5,3,3.352,1,33.333,0.5,50,0,100,50,0.5,0.5,0,,4,37.5,0,0,1,1,0,0,1,0,1.5,7.317,0,2,3.257,-2.257,2,3.257,-2.257,0,,,0,0,,0,3,5,0.5,3
Tylar Young,West Coast,27,27.32,Key Defender,7,10.543,74,58.429,0,0,0,88.714,11.143,2.857,14,84.694,85.897,80,71.429,0.857,66.667,79.592,0.857,6,2.286,6.125,3,4.667,391.857,27.99,159.194,551.051,352.083,221.109,31.597,4.379,1.532,14.995,1.888,57.675,5.961,3.714,9.143,12.857,28.889,5,2.429,0,0.429,2,3,1.714,0,0.571,3,-47.685,8.143,3.429,1.286,0,0,0,0,,0.571,0.571,0.286,50,6.714,1.286,0,2.429,0,0.286,1.143,-0.857,0,0,0,,0,,0,,,0.571,0,2.143,26.667,0,,0,0,0,0,0,0.143,0.143,,1.429,7.752,0.714,0,,,0,,,0,,,1.714,13.793,75,0.143,4.571,6.857,6.143,3.714
James Trezise,Richmond,23,23.54,Midfielder,7,5.9,54,46,0,0,0,67.429,4.714,8,12.714,77.528,66.667,83.929,70.787,1.143,37.5,37.079,1.571,1.143,1.571,8.091,1.857,6.846,179.714,14.135,160.839,340.553,137.53,89.373,29.173,28.259,3.532,23.252,3.671,50.8,3.047,3.714,9.429,13.143,28.261,2.429,3.143,0,0.571,2.571,2.714,2.286,0,0.857,6.714,-12.142,2.429,6.286,3.429,1,0,0,0,,0.571,0.571,0.857,66.667,2.429,0,0.286,0.143,0,0.429,0.429,0,0,0,0,,0,,0,,,1.857,0,0.143,0,0.286,50,2,0.286,0.286,0.714,0.143,0.429,3.143,40,2.429,13.178,0.143,5,3.692,-0.892,3,4.767,-0.434,2,2.08,-1.58,0,0,,0.571,1.286,9.714,5.429,0.857
Taj Hotton,Richmond,19,19.53,Gen. Forward,7,8.271,54.714,50.857,0,0,0,65.571,4.429,8.286,12.714,74.157,45.161,89.655,75,0.857,33.333,34.831,1.429,0.143,1.571,8.091,2,6.357,121.571,9.562,156.26,277.831,122.019,49.147,27.553,1.824,0.224,28.534,7.83,54.155,-17.791,6.571,6.857,13.429,48.936,1.286,4.857,1.286,1.429,3.429,4.714,3.571,0.286,1.429,3.857,13.046,0.286,5,5.571,2.571,2.429,10.059,0.571,23.529,0.857,1.429,1,100,3.143,0.571,0.571,0.143,0.714,0.857,0.429,0.429,0,0,0,,0,,0,,,2.286,0.571,0,,0,,3,0.429,0.286,0.714,0.143,0.429,4,60,4.286,23.256,0.571,5,4.221,-0.221,3,5.464,-1.131,2,2.355,1.145,0,0,,0.143,0.857,13.143,3.429,0.286
Jayden Short,Richmond,29,29.93,Gen. Defender,7,8.514,85.571,85.143,3,0.429,1,82.143,15.857,5,20.857,85.616,82.883,94.286,80.137,2.714,47.368,76.027,2.714,3.143,1.857,11.231,2.571,8.111,429.571,20.596,299.343,728.914,387.743,279.549,24.675,12.154,2.502,19.597,1.355,63.849,9.484,2.143,16.429,18.571,11.538,3.429,1.857,0,0.286,1.571,2,1.714,0,0.429,7.571,-26.402,7.286,6.429,4.286,0.571,0,0,0.143,,0.143,0.286,0.143,100,7.714,0,0.571,1,0,0.571,0.429,0.143,0,0,0,,0,,0,,,0.857,0,1,14.286,0,,2,0.286,0,0.429,0,0.429,2.143,66.667,3.143,17.054,0.429,3,2.388,1.612,3,2.388,1.612,0,,,2.429,19.54,76.471,1,2,8,5.286,1.857
Sam Switkowski,Fremantle,29,29.11,Gen. Forward,7,11.386,71.571,59.857,10,1.429,1,75,6.286,7.571,13.857,73.196,52.273,90.566,81.443,1.571,90.909,45.361,2.429,0.143,1.286,10.778,1.286,10.778,199.571,14.402,230.319,429.89,156.807,141.329,24.947,25.281,3.339,31.561,23.995,53.806,12.861,5.571,8,13.571,41.053,2.143,3.429,1.286,0.714,2.714,3.714,2.429,0.429,0.857,5.857,17.799,0.286,3.714,5.857,3.714,0.143,0.5,0.571,100,1,1.571,1,85.714,2.143,0.286,0.286,0.143,0.429,1.143,0.286,0.857,0,0,0,,0,,0,,,3.571,1.143,0,,0.429,33.333,5,0.714,0.571,1.571,1.143,1.714,12.286,45.455,6.286,26.829,1.143,11,2.963,0.128,3,3.178,1.155,8,2.882,-0.257,0,0,,0.571,1.143,17.571,5.429,0.286
Harry Morrison,Hawthorn,27,27.13,Midfielder,4,8.325,68,69.75,0,0,0,83,10.75,8,18.75,68,53.488,87.5,66.667,3,33.333,57.333,3.5,2.75,3.25,5.769,4.75,3.947,327.25,17.453,176.32,503.57,276.195,173.1,25.693,26.668,3.333,23.898,-7.682,49.939,-1.291,5.25,12.25,17.5,30,5,4,0,0.75,3.25,3.75,2.75,0.25,1.25,7.5,-6.72,3.5,6,6.5,1.5,0,0,0.5,,1.25,1.75,1,100,3.25,0.25,0.25,1,0,0.75,0.5,0.25,0,0,0,,0,,0,,,2.75,0.75,0.25,0,0,,1,0.25,0,0.5,0.5,0.75,4.75,50,2.25,10.843,1,2,3.248,-0.248,1,4.661,1.339,1,1.834,-1.834,0,0,,0,1.5,11.5,4.5,1
Lloyd Meek,Hawthorn,27,27.69,Ruck,10,11.9,103.5,96,16,1.6,3,83,5.1,8.3,13.4,70.896,58.824,78.313,70.896,1,50,38.06,1.2,0.8,4,3.35,1.6,8.375,129.5,9.664,195.451,324.951,144.052,53.392,28.245,-0.551,-0.066,26.414,2.158,55.948,-8.329,8.5,6.2,14.7,57.823,1.4,4.2,0.7,0.9,3.3,2.6,0.9,0,0.1,2.9,-1.616,1.7,6.3,4.8,1.9,23.1,83.696,1.4,6.061,2.9,4.3,5.3,79.245,3.6,0.9,0.8,0.5,0.4,1.3,2,-0.7,85,79.962,37.3,43.882,9.8,26.273,1.5,44.772,38.338,4.5,0.9,0.3,33.333,0.5,40,4,0.4,0.3,0.7,0.5,0.6,5.8,57.143,4.6,19.409,2,7,3.79,0.067,6,4.188,0.146,1,1.402,-0.402,0,0,,0,2.6,14.4,6.9,1.1
James Worpel,Geelong,26,26.93,Midfielder,10,9.6,71.5,72.5,0,0,0,68.7,11.1,9.5,20.6,56.796,44.144,71.579,52.427,4.2,33.333,53.883,4.5,1.8,4.6,4.478,6.1,3.377,345.5,16.772,162.035,507.535,309.509,108.729,27.884,13.255,1.395,28.018,-9.07,46.015,-14.436,9.5,11.4,20.9,45.455,2.6,6.7,0.3,1.7,5,3,2.7,2,1.1,8.4,-4.79,3.1,8,8.3,1.5,16.5,59.783,1.3,7.879,3.6,4.9,6.2,72.581,1.4,0,0.2,0.1,0,1.1,1.4,-0.3,0,0,0,,0,,0,,,4.6,0.9,0,,0.1,0,1,0.1,0.1,0.3,0.2,0.5,2.2,33.333,3.6,15.19,1.1,3,2.885,-0.551,2,3.092,-0.092,1,2.469,-1.469,0,0,,0,0.8,20.2,9.5,0.5
Massimo D'Ambrosio,Hawthorn,22,22.57,Midfielder,10,8.89,68.9,65.5,0,0,0,77.2,10.6,7.6,18.2,69.78,55.66,89.474,67.778,2.3,52.174,58.242,2.4,1.8,2.2,8.273,3.4,5.353,326.2,17.923,186.537,512.737,300.934,168.496,28.936,16.257,2.168,23.527,-4.139,46.931,-4.073,5.4,13,18.4,29.348,3.1,4.7,0.4,0.4,4.3,3.3,2.9,0.2,1.7,8.6,-10.93,4,7,5.7,1.7,0,0,0.1,,1.5,1.6,1.3,69.231,3.4,0.1,0.5,0.8,0.1,0.5,0.4,0.1,0,0,0,,0,,0,,,2,0.3,0.3,33.333,0.2,50,1,0.1,0.4,0.5,0.2,0.4,2.4,20,3.2,13.502,1,5,3.286,-1.286,4,3.681,-1.431,1,1.706,-0.706,0,0,,0.5,0.9,11,6.6,0.4
Dylan Moore,Hawthorn,26,26.4,Gen. Forward,10,13.15,94.5,90.2,26,2.6,5,88.3,12,10.7,22.7,67.401,52.5,84.112,68.584,2.2,50,52.863,2.8,1.4,3.1,7.323,3.8,5.974,307,13.524,221.777,528.777,268.143,149.441,22.724,19.95,1.864,29.474,3.084,54.125,-2.962,7.6,14.8,22.4,33.929,1.7,6,1.9,1.7,4.3,4.5,3.9,0.6,1.4,8.8,8.052,2.2,7.8,6.8,5.6,5.2,18.841,0.7,13.462,1.7,2.4,2.4,66.667,4.2,0.1,0.6,0.1,0.5,1.1,0.9,0.2,0,0,0,,0,,0,,,3.9,1.3,0,,0.3,33.333,10,1,0.2,1.8,0.9,1.3,12,55.556,5.7,24.051,0.8,18,3.437,0.008,5,3.218,-0.618,13,3.52,0.249,0,0,,0.2,0.8,17.8,8.1,0.2
Conor Nash,Hawthorn,27,27.42,Midfielder,10,8.94,73.8,77.7,0,0,0,74.7,9.7,10.7,20.4,57.353,44.33,69.159,61.765,3.2,46.875,47.549,3.6,1.5,3.4,6,3.6,5.667,276.1,13.534,162.313,438.413,241.473,119.182,25.153,17.354,1.622,25.396,1.271,48.228,-1.561,8.5,10.6,19.1,44.503,1.6,5.8,1.3,2.4,3.4,1.8,1.5,1.7,0.3,7,-0.044,3.2,5.8,7.3,2.8,18.9,68.478,1.2,6.349,3.2,4.4,6.5,66.154,2.1,0,0.2,0.2,0.1,0.6,0.8,-0.2,2.6,2.446,0.7,26.923,0.1,14.286,0,57.143,42.857,5.2,1,0.1,100,0,,2,0.2,0,0.4,0.4,0.5,3.7,50,4.4,18.565,1.2,4,3.225,-0.225,4,3.225,-0.225,0,,,0,0,,0.2,1.4,19.6,9.2,0.3
Finn Maginness,Hawthorn,24,24.85,Gen. Forward,2,5.55,44,35,0,0,0,63,3.5,5,8.5,41.176,28.571,50,47.059,1,0,41.176,1,0,2,4.25,3.5,2.429,92.5,10.882,62.52,155.02,96.91,14.79,27.689,-6.305,-1.261,26.503,-26.503,39.773,-23.107,5.5,3.5,9,61.111,1.5,5,1,2.5,2.5,2.5,2,0,1,2,11.637,1,2,4,2,0,0,0,,1.5,1.5,2.5,60,0.5,0.5,0.5,0,0,0,0,0,0,0,0,,0,,0,,,2.5,0,0.5,0,0,,1,0.5,0,0.5,0,0,3,100,0.5,2.439,0,1,5.211,0.789,1,5.211,0.789,0,,,0,0,,0,2,10.5,3,1.5
Jack Ginnivan,Hawthorn,23,23.06,Gen. Forward,10,11.75,82.9,75.4,1,0.1,1,80.9,11.1,9.4,20.5,60.976,51.351,72.34,67.647,2.7,37.037,54.146,3.4,0.7,3.3,6.212,3.4,6.029,276.8,13.502,152.114,428.914,247.436,137.762,22.701,7.005,0.753,30.241,-4.632,51.577,-0.358,7.8,12.6,20.4,38.235,2.7,6.7,2.2,1.5,5.2,5.6,4.8,0,1.9,7.5,8.758,1.4,6.8,8,4.2,0.1,0.362,0.3,100,1.3,1.6,1.1,63.636,3.4,0,0.6,0.3,0.2,0.9,0.9,0,0.1,0.094,0,0,0,,0,,,2,0.2,0.2,50,0.4,50,11,1.1,0.3,1.6,0.4,1.1,10,68.75,5.4,22.785,1.4,16,2.663,1.649,5,2.413,2.387,11,2.777,1.314,0,0,,0.2,1.3,13.8,6.2,0.4
Connor Macdonald,Hawthorn,22,22.96,Gen. Forward,10,7.97,69.4,69,4,0.4,1,77.4,10.1,6.3,16.4,67.683,54.455,88.889,68.098,2.5,44,61.585,2.9,0.6,2.8,5.857,3.7,4.432,252.8,15.415,176.227,429.027,249.516,110.636,24.705,-1.571,-0.253,31.697,-3.697,54.275,-8.941,4.3,11.2,15.5,27.742,1.9,3.6,1,0.4,3.2,3.4,2.9,0.1,1.5,6.2,8.338,1,5.4,6.5,2.6,0.5,1.812,0.2,40,0.7,0.9,0.8,87.5,3.8,0.2,0.8,0.2,0.1,0.4,0.8,-0.4,0,0,0,,0,,0,,,2.8,1.1,0.1,0,0.5,0,8,0.8,0.7,1.6,0.8,1.8,11.3,50,5.2,21.941,1,16,3.454,-0.016,7,3.617,-1.903,9,3.327,1.451,0,0,,0.1,0.6,15,4,0.2
Josh Ward,Hawthorn,22,22.37,Midfielder,10,11.62,81.3,72.9,5,0.5,2,76.8,9.5,10.2,19.7,70.051,53.684,85.294,72.589,3.6,41.667,48.223,4.1,0.6,2.7,7.296,2.8,7.036,317.8,16.132,187.957,505.757,273.134,158.179,29.057,11.22,1.1,26.662,1.909,49.609,2.039,8.2,12.4,20.6,39.806,2.8,6.2,0.4,1.3,4.9,3.5,2.9,0.9,1.1,8.4,-5.847,2.1,9.7,7.6,1.2,12.9,46.739,1.1,8.527,2.1,3.2,3.3,84.848,2.8,0,0.3,0.2,0.2,0.4,0.6,-0.2,0,0,0,,0,,0,,,4.1,0.4,0.2,100,0.1,0,1,0.1,0,0.2,0.6,0.8,4.4,50,5.5,23.207,1.2,2,3.543,-0.543,2,3.543,-0.543,0,,,0,0,,0.2,1,16.2,8.2,0.1
Jai Newcombe,Hawthorn,24,24.41,Midfielder,10,11.96,90.4,73.9,26,2.6,3,75.8,8.1,13.4,21.5,73.023,58.025,82.09,72.897,2.2,40.909,37.674,2.8,1.5,3.7,5.811,2.9,7.414,241.8,11.247,320.184,561.984,216.405,108.905,27.393,-2.229,-0.168,25.806,5.076,50.852,0.619,11.6,10.3,21.9,52.968,1.8,6.8,0.7,2.4,4.4,2.8,1.8,3,1,6.6,-4.504,2.6,9.3,8.2,1.8,21.2,76.812,2.7,12.736,3.4,6.1,7.8,70.513,3,0.3,0.3,0.4,0.3,1.2,1.3,-0.1,0,0,0,,0,,0,,,3.6,0.5,0.2,0,0,,3,0.3,0.3,0.7,0.5,0.9,5.5,42.857,4.8,20.253,1.5,7,2.899,0.101,4,2.702,0.548,3,3.162,-0.495,0,0,,0.8,1.3,16.1,8.9,0.5
Nick Watson,Hawthorn,20,20.84,Gen. Forward,10,10.89,63.3,47.2,4,0.4,2,77.1,5.5,5.5,11,71.818,58.182,85.455,72.727,1.3,46.154,50,2,0.1,1.9,5.789,1.7,6.471,186.4,16.945,89.272,275.672,165.542,109.64,30.099,7.333,1.333,34.911,-5.282,51.883,-7.438,6,4.9,10.9,55.046,1.2,4.7,2.1,0.9,3.8,4.9,4.1,0.3,2.3,3,26.672,0.3,2.2,4.5,3.9,2.4,8.696,0.2,8.333,0.7,0.9,0.7,100,1.3,0.1,0.4,0,0.2,1.1,0.9,0.2,0,0,0,,0,,0,,,2.2,0.8,0.1,100,0.4,50,13,1.3,0.8,2.3,0.5,0.8,11.9,56.522,4.9,20.675,0.8,23,3.096,0.643,8,3.263,-0.513,15,3.008,1.259,0,0,,0.4,0.9,9.4,2.4,0.3
Cam Mackenzie,Hawthorn,21,21.94,Midfielder,1,1.3,11,28,0,0,0,38,4,4,8,50,25,75,75,1,100,50,1,0,5,1.6,1,8,96,12,97.28,193.28,82.59,103.59,20.648,10.68,2.67,25.083,8.25,56.41,-23.077,4,4,8,50,0,3,0,1,2,1,1,1,0,3,-3.718,0,4,4,0,9,36,1,11.111,0,1,2,50,1,0,0,0,0,0,1,-1,0,0,0,,0,,0,,,2,0,0,,0,,0,0,0,0,0,0,0,,1,5.263,0,0,,,0,,,0,,,0,0,,0,0,12,3,0
Calsher Dear,Hawthorn,20,20.4,Key Forward,8,5.287,53.375,44.25,0,0,0,66.25,4.375,3.25,7.625,59.016,51.429,69.231,60.656,0.25,0,57.377,0.375,0,1.25,6.1,1.5,5.083,102.625,13.459,44.852,147.477,112.131,55.079,25.63,10.689,3.289,35.192,1.172,61.795,-7.249,4.25,3.25,7.5,56.667,0.875,2.25,1.25,0.75,1.5,3.875,2,0,0.625,1.25,42.621,0.125,1,1.875,4.5,0.75,2.804,0,0,0.125,0.125,0,,2.5,1.125,1.875,0.125,0.125,0.625,0.25,0.375,1.625,1.508,0.625,38.462,0.125,20,0,40,60,2,1.5,0,,2.125,41.176,10,1.25,1.125,2.75,0.5,0.5,11.625,45.455,4.375,18.817,0.625,22,3.407,-0.271,16,3.64,-0.64,6,2.786,0.714,0,0,,0,2.125,12.625,3,1.625
Jack Gunston,Hawthorn,34,34.2,Key Forward,10,13.34,95.1,77,23,2.3,4,85.5,9.3,3.2,12.5,68,61.29,87.5,69.6,1.4,50,74.4,1.4,0,1.5,8.333,1.3,9.615,236.2,18.896,91.093,327.293,275.712,141.089,29.646,-0.732,-0.229,37.723,-3.348,49.226,10.149,5.2,7.2,12.4,41.935,0.4,3.5,1.7,0.9,2.6,4.9,3.3,0,0.8,1.8,48.606,0,0.6,3.4,8.4,0,0,0.1,,0.2,0.3,0.2,50,4.7,0.7,3.6,0,2.5,0.9,0.3,0.6,0.1,0.094,0,0,0,,0,,,1.5,1.2,0,,2.1,28.571,35,3.5,1.6,5.8,0.6,1.2,26.8,60.345,7.9,33.333,0.3,58,3.162,0.734,41,3.251,0.823,17,2.949,0.522,0,0,,0,1.2,8.5,1.3,0.9
Jarman Impey,Hawthorn,30,30.47,Gen. Defender,10,10.86,91,88.2,20,2,5,82.1,14.9,7.2,22.1,70.588,65.101,81.944,69.091,2.8,53.571,67.421,3.1,4.2,2.7,8.185,3.7,5.973,446.6,20.208,217.889,664.489,387.66,223.567,26.371,22.409,3.156,21.577,2.665,57.09,-2.545,5.1,16.1,21.2,24.057,5.4,3.7,0.3,0.5,3.2,4.2,3,0.1,1.4,10,-19.425,6.2,9.2,4.6,1.2,0,0,0.3,,0.5,0.8,0.5,60,5.1,0.2,0.3,1.5,0.2,0.7,0.5,0.2,0,0,0,,0,,0,,,2.9,0.1,0.8,0,0.2,50,4,0.4,0.6,1,0.4,0.7,5.7,40,4.5,18.987,1.3,10,2.771,0.229,3,3.546,-2.546,7,2.439,1.418,0.8,8,100,0.8,2.1,12.8,7.8,1.6
Karl Amon,Hawthorn,30,30.36,Gen. Defender,10,9.53,89.1,87,4,0.4,2,83.5,17.1,7.4,24.5,75.51,72.515,82.432,66.255,2.9,51.724,69.796,3.3,5.9,3.5,7,4.2,5.833,609.6,24.882,273.74,883.34,517.126,333.499,30.781,23.377,3.202,20.037,0.216,52.967,0.198,4.1,17.3,21.4,19.159,4.2,3.4,0,0.3,3.1,2.8,2.2,0,1.1,10.9,-24.926,6.3,10.5,4.4,0.2,0,0,0,,1,1,0.8,75,4.5,0,0,0.9,0,0.8,0.9,-0.1,0,0,0,,0,,0,,,2,0,0.1,0,0,,2,0.2,0.1,0.4,0.4,0.6,3.9,50,4,16.878,1.3,4,2.324,0.926,1,2.035,3.965,3,2.42,-0.087,2.9,29,100,0.9,1.3,11.9,9.2,0.9
James Sicily,Hawthorn,30,30.98,Gen. Defender,10,10,92.9,82.2,15,1.5,4,88.6,14,6.6,20.6,82.039,78.571,89.394,73.786,2,45,67.961,2.1,5,3.3,6.242,4.4,4.682,368,17.864,236.918,604.918,363.614,180.816,25.972,3.816,0.578,18.003,-0.579,61.717,-6.414,6.1,13,19.1,31.937,8.7,4.3,0.1,0.6,3.7,5.5,3.7,0,1.4,5.6,-28.792,7.1,8.2,3.6,0.2,0,0,0,,0.3,0.3,0.3,66.667,7.3,0.7,0,3.6,0,1,1.2,-0.2,0,0,0,,0,,0,,,1.9,0,1.6,25,0.3,0,0,0,0.1,0.2,0.2,0.2,1.3,0,2.8,11.814,1.9,2,3.313,-2.813,0,,,2,3.313,-2.813,2.1,21,95.238,0.2,4.7,8,6.5,3.9
Tom Barrass,Hawthorn,30,30.23,Key Defender,10,8.68,57.6,35.8,6,0.6,1,85.7,5.3,3.9,9.2,82.609,83.019,82.051,75.824,0.7,42.857,57.609,0.7,2.7,1.7,5.412,1.7,5.412,119.8,13.022,91.915,211.715,130.94,65.092,24.706,-3.405,-0.896,17.845,1.023,59.112,3.153,3.9,5.7,9.6,40.625,5.7,2.5,0,0.7,1.8,3.8,2.4,0,0.8,2.6,-40.095,5.8,1.8,2,0,0,0,0,,0,0,0.1,0,3.2,0.7,0,2.2,0.1,0.4,0.5,-0.1,0.1,0.094,0,0,0,,0,,,0.9,0,1.5,26.667,0,,0,0,0,0,0.2,0.2,1.2,,1.1,4.641,0.8,0,,,0,,,0,,,0,0,,0,7.8,4.7,3.7,7.2
Blake Hardwick,Hawthorn,28,28.9,Gen. Defender,10,9.82,78.8,67.3,16,1.6,3,92.2,12,4.9,16.9,77.515,72.5,89.796,71.429,1.2,75,71.006,1.3,4.7,2.4,7.042,3.6,4.694,347.7,20.574,172.527,520.227,335.503,171.942,28.194,8.638,1.763,17.53,1.914,57.407,-1.851,5.2,9.5,14.7,35.374,6.7,3.4,0.1,0.7,2.7,4.8,3.2,0.1,0.9,5,-33.245,6,6.5,2,0.2,0,0,0,,0.4,0.4,0.1,100,4.1,0.7,0,1.6,0,1,0.9,0.1,0,0,0,,0,,0,,,2.7,0,0.9,11.111,0.1,100,0,0,0.1,0.1,0,0,0.1,0,2.7,11.392,1,1,2.577,-1.577,0,,,1,2.577,-1.577,1.4,14,92.857,0.6,3.3,11.6,10.4,2.8
Mabior Chol,Hawthorn,28,28.92,Key Forward,8,7.713,62,61,0,0,0,80,7,3.25,10.25,60.976,51.786,80.769,63.75,1.25,40,68.293,1.5,0,2.875,3.565,2.125,4.824,163.125,15.915,79.18,242.305,170.648,83.696,25.758,6.94,2.135,29.812,-0.645,55.697,-1.53,5.125,4.75,9.875,51.899,0.75,2.5,1.125,0.875,1.625,2.75,1.625,0,0.75,1.25,24.138,0.125,2.625,3.375,3.75,4.875,17.105,0.75,15.385,1.125,1.875,2.5,75,3.5,0.625,1.625,0.375,1,0.5,1.375,-0.875,15.125,14.508,4.75,31.405,1,21.053,1.25,36.842,36.842,3.375,1.375,0,,1.25,30,10,1.25,0.875,2.75,0.375,0.5,10.75,45.455,4.25,17.436,1.25,22,3.266,-0.22,14,3.619,0.096,8,2.648,-0.773,0,0,,0.25,2.125,11,2.625,1.75
Josh Battle,Hawthorn,27,27.33,Key Defender,10,9.39,81.6,67.5,5,0.5,2,93.3,11.2,6.9,18.1,78.453,78.571,78.261,74.033,1.1,72.727,61.878,1.2,3.1,2.2,8.227,3.4,5.324,296.6,16.387,219.255,515.855,260.975,160.874,23.301,19.526,2.83,17.391,7.842,62.156,-3.278,5.9,10.1,16,36.875,7.1,4,0,0.5,3.5,5.5,3.7,0,1.2,4.9,-34.347,7.1,6,2.8,0.1,0,0,0,,0.3,0.3,0.2,100,4.6,0.7,0,1.4,0.1,0.7,1.1,-0.4,1.7,1.599,0.8,47.059,0,0,0,37.5,37.5,2,0.1,2.7,14.815,0.2,50,0,0,0.1,0.1,0.1,0.3,0.9,0,3.2,13.502,1,1,2.179,-1.179,0,,,1,2.179,-1.179,1.7,17,100,0.2,4.3,7.3,5.3,2.9
Changkuoth Jiath,Melbourne,26,26.55,Gen. Defender,7,4.929,42.857,33.857,0,0,0,61.143,3.714,5.714,9.429,74.242,61.538,82.5,80.303,1.571,90.909,39.394,1.857,0.571,2,4.714,1.571,6,126.286,13.394,160.293,286.579,98.046,82.794,26.397,13.119,2.296,24.923,12.577,46.777,19.89,4.286,6.143,10.429,41.096,1.571,3.571,0.429,0.714,2.857,2.143,2,0.286,0.143,4.429,-7.666,1.857,3.571,4.429,0.571,0,0,0,,1.429,1.429,1.571,81.818,0.714,0,0,0.143,0.143,0.286,0.571,-0.286,0,0,0,,0,,0,,,2.571,0,0.143,0,0,,0,0,0.286,0.286,1,1.143,6.429,0,2.571,10.405,0.714,2,2.838,-1.838,0,,,2,2.838,-1.838,0,0,,1,1.857,10.714,5.143,0.857
Ollie Lord,Port Adelaide,23,23.99,Key Forward,7,3.714,38.143,26.571,0,0,0,77.429,2.571,2.571,5.143,72.222,61.111,83.333,72.222,0.286,100,50,0.286,0,2.143,2.4,1.429,3.6,41.714,8.111,35.539,77.253,55.013,20.024,21.394,-3.877,-1.508,30.775,-18.275,76.386,-1.386,3.286,2.857,6.143,53.488,1,1.429,0.286,0.571,0.857,2.714,1,0,0.143,0,21.296,0.714,1.143,1.571,2.714,2.143,7.772,0,0,0.286,0.286,0.429,33.333,2,0.286,0.714,0.143,0.429,0.286,1.571,-1.286,8.857,8.732,1.714,19.355,0.286,16.667,0.143,58.333,41.667,1.429,0.571,0,,2,21.429,5,0.714,0.429,1.143,0.429,0.714,7.571,62.5,2.286,12.121,0.143,8,3.536,0.589,7,3.603,0.968,1,3.067,-2.067,0,0,,0,3.857,7,2.714,2.429
Will Lorenz,Port Adelaide,20,20.86,Midfielder,5,5.7,53.4,47,0,0,0,64.2,6.6,4.4,11,63.636,48.485,86.364,60,0.6,33.333,60,1,2.2,1.2,9.167,3.2,3.438,210.6,19.145,40.418,251.018,200.804,81.688,30.425,4.698,1.068,19.058,5.08,50.298,-19.263,4.2,7,11.2,37.5,2,3.4,0.2,0.6,2.8,3,2.4,0.2,1,4.2,-20.744,3.8,4,2.4,1,0.8,2.778,0,0,0.4,0.4,0.6,66.667,1.8,0,0.4,0,0.2,0.8,0,0.8,0,0,0,,0,,0,,,2.4,0.4,0,,0,,2,0.4,0.2,0.8,0,0,2.6,50,2,9.901,0.2,4,2.864,0.386,2,3.14,-0.14,2,2.588,0.912,0,0,,0,1.4,13.2,8.6,0.8
Matthew Owies,West Coast,28,28.78,Gen. Forward,6,2.75,40.333,41.333,0,0,0,66.5,5,3.333,8.333,56,43.333,75,63.265,0.667,50,60,1.167,0.5,1.167,7.143,1.333,6.25,120.5,14.46,102.115,222.615,103.135,56.46,22.1,8.065,2.419,25.868,-6.82,57.044,-14.187,2.667,5.833,8.5,31.373,1,1.167,0.167,0,1.167,2.167,1.167,0.333,0.333,2.833,10.981,1,1.833,3.5,2.167,0,0,0.167,,0.167,0.333,0.333,50,2.833,0.333,1.167,0.333,0.5,0.333,0.167,0.167,0,0,0,,0,,0,,,2.5,1.333,0,,0.5,33.333,1,0.167,0.333,1.167,0,0.5,1.833,14.286,2,12.632,0,7,3.258,-2.115,6,3.355,-2.022,1,2.672,-2.672,0,0,,0.167,1.5,9.333,2.167,0.833
Rhett Bazzo,West Coast,22,22.2,Key Defender,7,4.157,53.143,47,0,0,0,86,5.714,5.143,10.857,86.842,80,94.444,75,0.571,25,52.632,0.571,2.143,2.143,5.067,2,5.429,149.286,13.75,120.557,269.843,142.15,49.814,24.876,1.95,0.379,18.428,-0.928,60.325,-12.825,2.714,8.429,11.143,24.359,3.429,1.429,0,0,1.429,2.571,1.429,0,0.286,3.429,-33.558,4.429,5.143,1.571,0,0,0,0,,0.143,0.143,0,,5,0.571,0,0.857,0.286,0.286,1,-0.714,2,2.068,0.429,21.429,0.143,33.333,0,33.333,33.333,1.714,0,1.429,60,0,,0,0,0,0,0.143,0.143,0.857,,2,12.613,0.714,0,,,0,,,0,,,0,0,,0,5.286,5.857,5.571,4.286
Noah Long,West Coast,21,21.35,Gen. Forward,3,3.8,42.667,37.667,0,0,0,57.667,3.667,5.333,9,66.667,45.455,81.25,70.37,1.667,0,40.741,1.667,0.333,1,9,1.333,6.75,91,10.111,94.46,185.46,99.773,3.687,27.211,-3.753,-0.704,32.956,-32.956,59.896,-22.396,4,5.667,9.667,41.379,1,2.667,1,0,2.667,1.333,0.667,0.667,0.333,3.667,24.422,0,3,3.333,3.333,0,0,0.333,,1.333,1.667,1.333,100,1,0,0.333,0,0.333,0.667,0.333,0.333,0,0,0,,0,,0,,,2.667,1.667,0,,0.333,0,1,0.333,0.667,1,0,0,2.667,33.333,1.333,9.091,0,3,2.771,-0.104,1,3.212,2.788,2,2.55,-1.55,0,0,,0,0.667,10,2.667,0.333
Tom Cole,West Coast,28,28.59,Gen. Defender,7,9.243,94,79.857,0,0,0,83.143,11.286,7.571,18.857,84.848,84.81,84.906,78.626,1.571,63.636,59.848,1.714,2.571,2.714,6.947,2.429,7.765,266.857,14.152,213.893,480.75,234.096,162.09,20.743,18.701,2.518,18.71,-4.424,67.985,7.34,4.857,12.286,17.143,28.333,4.714,3.286,0,0.857,2.429,4.286,2.714,0,1.429,5.857,-30.831,7.143,7.286,2.571,0.143,0,0,0,,0.286,0.286,0.429,100,6.143,0.286,0,0.571,0.429,1,1.571,-0.571,0,0,0,,0,,0,,,4,0.143,0.714,40,0,,0,0,0.143,0.143,0.286,0.429,2,0,1.857,11.712,0.571,1,3.925,-2.925,0,,,1,3.925,-2.925,1.857,15.116,76.923,1.143,3.143,13.143,9.714,2.286
Max Heath,Melbourne,23,23.18,Key Forward,4,4.325,45.5,43.75,0,0,0,67,3,3.75,6.75,48.148,41.667,53.333,48.148,0.75,33.333,44.444,0.75,0.25,3.25,2.077,2.5,2.7,98.5,14.593,66.695,165.195,101.79,34.945,33.93,6.28,1.794,30.07,-10.07,44.952,-44.952,5.5,1.75,7.25,75.862,0,2,1.25,0.25,1.75,3.5,1,0,0.75,1,29.938,0,2,2.25,3,5.75,21.905,0.75,13.043,0.5,1.25,1.5,66.667,1.75,1,0.75,0,0,1.75,1.25,0.5,25,26.525,8.75,35,2.5,28.571,0.5,40,34.286,2.5,0.5,0.25,100,2.25,44.444,3,0.75,0.75,1.75,0.25,0.25,6.75,42.857,3.5,16.867,1.25,7,3.995,-0.995,6,4.195,-0.695,1,2.798,-2.798,0,0,,0,1.5,8.25,2.25,1
Hugh Boxshall,St Kilda,19,19.47,Midfielder,7,7.486,65.857,61,0,0,0,73.143,5.714,7.857,13.571,73.684,65,80,77.895,0.571,50,42.105,0.857,0.286,2.286,5.938,2.286,5.938,92,6.779,168.021,260.021,115.691,53.71,20.246,1.9,0.246,22.124,8.432,58.635,13.587,6.857,7,13.857,49.485,3.286,5.143,0.571,1.571,3.571,5,3.857,0.286,1.714,3.286,-6.509,2.714,5.286,4.429,1.429,3.286,11.917,0.286,8.696,0.714,1,1.286,66.667,3.857,0.571,0.429,0.571,0,0.857,1.143,-0.286,0.143,0.141,0,0,0,,0,,,4.286,1,0.143,0,0,,2,0.286,0.286,0.571,0.429,0.429,4.571,50,3.143,14.765,0.857,4,3.292,0.209,2,3.049,-2.049,2,3.534,2.466,0,0,,0,1,12.714,5.714,0.714
Tom McDonald,Melbourne,33,33.28,Key Defender,7,6.843,62.143,51.571,1,0.143,1,88.429,8.429,3.857,12.286,84.884,84.746,85.185,75.581,0.429,66.667,68.605,0.429,3.143,2.429,5.059,2.143,5.733,193.714,15.767,134.28,327.994,194.314,108.304,23.054,1.527,0.396,14.98,0.275,62.358,8.828,4.429,7.857,12.286,36.047,6,3.286,0,0.571,2.714,4.286,3.143,0,1.286,2.286,-41.966,7.143,3.714,1.429,0,0,0,0,,0.143,0.143,0.143,100,5.714,0.571,0,1.857,0,0.714,1.286,-0.571,0,0,0,,0,,0,,,1.143,0.143,2.143,20,0,,0,0,0,0,0.143,0.143,0.857,,1.143,4.734,0.571,0,,,0,,,0,,,0.143,1.37,100,0,4.571,4.857,3.857,4.571
Liam McMahon,Essendon,23,23.66,Key Forward,7,5.886,42.143,35.286,0,0,0,70.429,4.571,2,6.571,78.261,71.875,92.857,82.609,0.857,50,69.565,1,0.143,2,3.286,1.143,5.75,105.714,16.087,49.94,155.654,124.91,76.48,27.324,-1.07,-0.535,28.389,-4.859,52.118,12.588,3.714,2.714,6.429,57.778,0.714,2.571,1.571,0.714,1.857,3.571,2.571,0.143,0.857,0.571,36.17,0,1.286,2,3.143,0,0,0,,0.143,0.143,0.143,100,2.286,0.286,1,0.143,1,0.714,0.429,0.286,0.286,0.333,0,0,0,,0,,,0.143,0,0,,1.286,11.111,12,1.714,0.429,2.143,0,0.286,11,80,3.286,18.548,0.286,15,3.976,1.024,9,4.054,0.835,6,3.859,1.308,0,0,,0,1,3.857,0.857,0.857
Dylan Shiel,Essendon,32,32.81,Midfielder,6,12.033,86.5,83.833,0,0,0,67.5,11.167,12.5,23.667,73.944,67.164,80,70.423,3,38.889,47.183,3.833,2.833,3,7.889,4.5,5.259,401.333,16.958,300.765,702.098,317.855,174.917,28.465,30.1,2.408,21.434,-4.767,53.796,-2.13,6.667,16.5,23.167,28.777,2.5,5,0,0.833,4.167,2.667,2.5,1,0.833,10.333,-15.695,4.667,11,7.5,0,15,54.545,2,13.333,1.167,3.167,3.167,84.211,5,0,0,0.5,0.167,0.5,0.333,0.167,0,0,0,,0,,0,,,2.667,0.333,0,,0,,0,0,0.167,0.5,0.5,0.5,3.167,0,4.5,25.962,1.5,3,3.422,-3.089,1,4.576,-3.576,2,2.846,-2.846,0.167,1.316,100,1,0.333,16.333,7.5,0.167
Toby McMullin,Greater Western Sydney,21,21.4,Midfielder,3,1.667,33,33.667,0,0,0,43.333,5.667,3.333,9,74.074,70.588,80,73.077,1,100,62.963,1,2.667,2,4.5,1,9,157.333,17.481,49.96,207.293,143.32,94.53,28.664,5.023,1.507,22.458,19.209,60.145,23.188,3.667,5,8.667,42.308,1.333,2,0.667,0.333,1.667,2.667,2,0.667,1,3,-15.176,2.667,2.333,2.667,1,0,0,0,,1,1,1,100,2,0,0.333,0,0,1.333,0.667,0.667,0,0,0,,0,,0,,,1,0,0,,0,,0,0,0.667,0.667,0,0,0.667,0,2,9.231,0.333,2,2.149,-1.149,1,2.147,-1.147,1,2.151,-1.151,0,0,,0.333,0,5.333,3.333,0
Stephen Coniglio,Greater Western Sydney,32,32.04,Midfielder,7,6.786,58,63.571,0,0,0,68.143,10.429,5.714,16.143,57.522,45.205,80,65.179,2.571,61.111,64.602,3,1.286,4.143,3.897,3.143,5.136,230.429,14.274,194.47,424.899,232.044,109.753,22.251,-3.583,-0.627,26.613,11.318,55.259,-3.535,6.429,8.714,15.143,42.453,0.857,4.286,0.857,1.286,3,1.286,1.143,0.857,0.571,6.571,-1.017,1.857,6.714,4.857,1.714,17.714,57.944,1.857,10.484,2.429,4.286,5.286,72.973,1.429,0.143,0,0.143,0,1,1.429,-0.429,0,0,0,,0,,0,,,4.714,0.571,0.286,50,0,,1,0.143,0.143,0.571,0.286,0.714,3.143,25,5.143,20.455,1.571,4,2.89,-1.14,0,,,4,2.89,-1.14,0,0,,0.286,0.429,13.429,6.429,0.143
Hugh McCluggage,Brisbane,27,27.83,Midfielder,10,16.74,116.8,102.8,37.5,3.75,6,82.5,14.7,14.2,28.9,66.09,52.381,80.282,69.686,5.1,49.02,50.865,5.5,1.4,3.3,8.758,5.2,5.558,406.2,14.055,304.398,710.598,391.743,191.205,27.017,-2.481,-0.175,27.231,2.608,47.605,4.008,13.5,15.9,29.4,45.918,2.9,9.7,1.6,2.2,7.5,4.9,4,2.2,2.3,10.3,3.077,2.8,10.5,12.2,3.9,20.8,73.498,2.8,13.462,4,6.8,7.2,77.778,4,0.1,0.8,0.1,0.3,0.9,0.9,0,0,0,0,,0,,0,,,3.6,0.4,0.1,0,0.2,50,9,0.9,0.3,1.6,0.8,2.1,11.8,56.25,6.4,24.806,1.7,16,2.781,0.781,8,2.46,0.165,8,3.103,1.397,0,0,,0.2,1.9,20.1,8,0.3
Cam Rayner,Brisbane,26,26.19,Gen. Forward,10,11.07,76.9,76.2,3,0.3,2,87.5,9.7,5.2,14.9,62.416,53.608,78.846,60.135,2.9,24.138,65.101,4.6,0.4,3.4,4.382,3.5,4.257,313.9,21.067,125.095,438.995,307.056,130.875,31.655,11.488,2.209,29,-12.333,49.365,-10.476,6.9,8.6,15.5,44.516,2.3,4.3,1.5,1.2,3.1,4.2,2.6,0.4,1,5.2,19.813,0.3,4.9,6.1,4.2,4.5,15.901,0.7,15.556,1.4,2.1,1.6,87.5,3.5,0.7,1,0,0.5,1.4,1.5,-0.1,0,0,0,,0,,0,,,4.4,1,0,,0.3,0,17,1.7,1.5,3.9,0.4,0.7,14.4,43.59,5.5,21.318,1.6,39,3.013,-0.013,14,3.782,0.004,25,2.583,-0.023,0,0,,0.1,1.3,15.2,4.6,0.5
Brandon Starcevich,West Coast,26,26.43,Gen. Defender,9,5.5,50.889,45.222,0,0,0,78.444,7.889,2.778,10.667,76.042,73.239,84,68.75,0.778,42.857,73.958,0.778,2.889,2,5.333,2.222,4.8,202.556,18.99,101.838,304.393,185.891,95.269,23.9,10.273,3.698,16.529,7.001,61.984,-1.689,3.667,6.333,10,36.667,4.667,3,0,0.889,2.111,3.556,2.889,0,0.889,1.778,-38.075,4.667,4.111,1.222,0,0,0,0,,0.111,0.111,0,,3.889,0.333,0,0.667,0,0.333,0.889,-0.556,0,0,0,,0,,0,,,1.667,0,1.444,46.154,0,,0,0,0,0,0.222,0.333,1.444,,1.556,6.009,0.667,0,,,0,,,0,,,0.556,5.814,80,0,2.444,7.778,5.556,2.222
Oscar McInerney,Brisbane,31,31.47,Ruck,5,6.46,51.2,51.6,0,0,0,64.4,4.2,3.6,7.8,53.846,28.571,83.333,53.846,1.4,42.857,53.846,2,0.6,2,3.9,1.6,4.875,110.4,14.154,54.11,164.51,112.584,20.498,26.806,-0.752,-0.209,23.213,-6.547,41.238,-13.461,5.4,2.8,8.2,65.854,1.2,2.6,1,0.4,2.2,2.2,1.2,0,0.6,2,15.436,0.4,2.6,3,2.2,10.6,36.054,0.2,1.887,1.2,1.4,2.8,57.143,1.2,0.6,0.4,0.2,0.4,1,0.6,0.4,40.8,36.625,19.6,48.039,4.2,21.429,1.2,30.612,26.531,2.2,1.4,0.2,0,2.6,38.462,0,0,0.6,0.6,0.4,0.8,3.4,0,3,11.364,1.6,3,3.371,-2.371,1,4.244,-3.244,2,2.934,-1.934,0,0,,0,3,6.2,2.4,2.4
Bruce Reville,Brisbane,24,24.85,Midfielder,8,6.425,48.625,41.25,0,0,0,57.375,6.5,3.5,10,73.75,73.077,75,67.5,1.375,54.545,65,1.625,1.625,1.25,8,1.5,6.667,231.75,23.175,123.948,355.698,215.197,135.158,33.107,6.28,1.794,23.148,5.741,47.057,21.832,3,6.75,9.75,30.769,2.375,2.625,0.5,0.875,1.75,2.125,1.875,0.125,0.5,2.875,-3.754,2,3.125,3.25,1.375,0,0,0.125,,0.625,0.75,0.75,66.667,3,0.125,0.25,0.625,0.375,0.25,0.375,-0.125,0,0,0,,0,,0,,,1.375,0.125,0.125,100,0.125,0,1,0.125,0.375,0.625,0.75,1.125,6,20,3,10.909,0.5,5,2.63,-0.83,3,2.556,0.111,2,2.743,-2.243,0,0,,0.25,0.5,5.875,3.125,0.5
Kai Lohmann,Brisbane,22,22.65,Gen. Forward,6,8.7,70.5,68.167,0,0,0,78.5,6.667,6.333,13,60.256,50,71.053,64.935,1.5,55.556,51.282,2.833,0.333,2.667,4.875,3,4.333,169.667,13.051,109.242,278.908,175.655,98.978,26.348,7.688,1.214,35.99,-8.212,49.747,-16.413,6,7,13,46.154,1,4.5,2.167,0.5,4,5.167,4,0,2,3,33.565,0.167,2.333,4.667,5.833,0,0,0.167,,0.5,0.667,0,,3.167,0.5,1.333,0,0.5,0.833,0.833,0,0,0,0,,0,,0,,,3.667,1.667,0.167,100,0.667,0,12,2,1,3.667,0.5,1,16.5,54.545,5.333,19.277,0.333,22,3.517,0.028,12,3.887,0.363,10,3.073,-0.373,0,0,,0.833,0.833,14.167,3.333,0.333
Darcy Wilmot,Brisbane,22,22,Gen. Defender,10,12.86,96.5,86.4,10,1,2,84.1,15,7.3,22.3,79.372,79.333,79.452,75.676,2.2,50,67.265,2.9,3.1,2.3,9.696,3.1,7.194,399.7,17.924,216.023,615.723,338.662,258.557,22.577,33.481,4.586,20.781,0.543,68.234,1.619,5.1,14.7,19.8,25.758,6.9,4.1,0.1,1.1,3,4,3.1,0,1.1,7.3,-23.409,6.9,7.6,5,0.3,0,0,0.2,,0.7,0.9,1.1,72.727,6.1,0.1,0,1.9,0.2,0.5,0.5,0,0,0,0,,0,,0,,,1.9,0,0.6,0,0,,3,0.3,0.1,0.5,0.2,0.5,3.4,60,4.1,15.891,1.1,5,2.691,1.109,1,1.749,-1.749,4,2.926,1.824,2.3,23,100,1.1,2.3,11.1,7.8,1.6
Will Ashcroft,Brisbane,21,21.65,Midfielder,10,13.5,104.2,107.7,38.5,3.85,5,84.9,15.3,12,27.3,64.835,46.405,88.333,66.3,4.9,46.939,56.044,5.7,1.5,3.8,7.184,4.9,5.571,426.3,15.615,300.147,726.447,367.791,210.804,24.039,27.181,2.265,27.212,-0.717,51.429,-6.13,9.7,16.8,26.5,36.604,1.6,6.9,1.8,1.7,5.2,3.1,2.9,1.9,0.8,10.3,1.37,4,9.3,9.2,4,15.6,55.124,2.2,14.103,3.2,5.4,5.9,74.576,5.1,0.1,0.4,0.3,0.2,0.6,0.5,0.1,0,0,0,,0,,0,,,4.5,1,0,,0.1,0,8,0.8,0.6,2,1.1,2.2,13.1,40,6.9,26.744,1.1,20,2.457,0.243,6,2.661,0.839,14,2.369,-0.012,0,0,,0.6,0.6,14.8,6.1,0
Jaspa Fletcher,Brisbane,21,21.84,Gen. Defender,10,12.47,91.5,90,11.5,1.15,2,83.6,14.3,8.6,22.9,78.603,72.028,89.535,74.236,2.1,28.571,62.445,2.2,3.9,2.4,9.542,3.3,6.939,353.6,15.441,259.147,612.747,300.632,173.982,21.171,23.832,2.771,19.6,-0.483,63.1,1.606,6.9,14.9,21.8,31.651,5.3,5.6,0.2,0.6,5,4.9,3.8,0.1,1,6.6,-21.714,7.1,8.5,5.7,0.5,0,0,0.3,,1.4,1.7,1.6,87.5,7.3,0.6,0,1.3,0.4,0.7,0.5,0.2,0,0,0,,0,,0,,,1.9,0.1,0.6,33.333,0,,2,0.2,0,0.2,0.2,0.3,2.5,100,4.3,16.667,1.2,2,2.771,3.229,0,,,2,2.771,3.229,1.5,15,66.667,0.5,1.2,11.5,7.5,0.8
Logan Morris,Brisbane,20,20.64,Key Forward,10,8.68,59.4,53.4,10,1,2,83,7.1,1.9,9,62.222,60.563,68.421,57.778,1.8,27.778,78.889,2.1,0,2.1,4.286,2.2,4.091,190.9,21.211,53.299,244.199,205.129,85.095,28.891,0.531,0.279,33.708,5.686,53.711,6.895,4,5.4,9.4,42.553,0.6,1.6,0.9,0.3,1.3,4,1.6,0,0.8,1.8,43.389,0,0.9,3.1,5.4,0,0,0,,0,0,0,,3.8,1.1,2.3,0,1.1,1.2,0.5,0.7,0,0,0,,0,,0,,,1.1,0.5,0,,2.8,25,20,2,0.8,3.5,0.8,1.1,17.9,57.143,4.8,18.605,0.3,35,3.36,0.297,29,3.429,0.329,6,3.025,0.142,0,0,,0.3,1.1,7.2,1.5,0.7
Sam Marshall,Brisbane,19,19.94,Midfielder,10,4.7,40.4,43.2,0,0,0,52.9,5.9,5.8,11.7,75.214,67.797,82.759,76.068,1.6,56.25,50.427,1.7,0.7,0.9,13,1.2,9.75,167.3,14.299,129.214,296.514,153.207,94.848,25.967,0.025,0.004,25.91,1.362,53.251,6.749,2.9,8.5,11.4,25.439,1.2,2.4,0.3,0.7,1.7,1.7,1.4,0.2,0.6,5.5,-6.157,2.2,4.1,4.4,0.7,0,0,0.1,,0.6,0.7,0.7,42.857,2.5,0,0.2,0.1,0,0.3,0.2,0.1,0,0,0,,0,,0,,,1.5,0,0,,0,,1,0.1,0.1,0.3,0.2,0.5,2.2,33.333,2.6,10.078,0.5,3,3.809,-1.476,2,4.706,-1.206,1,2.016,-2.016,0,0,,0,0.3,8.4,4.9,0
Levi Ashcroft,Brisbane,19,19.03,Midfielder,10,7.18,68.3,68.7,0,0,0,74.6,11.3,6.6,17.9,70.95,62.832,84.848,62.57,2.3,30.435,63.128,2.7,1.9,1.8,9.944,3.8,4.711,264.1,14.754,126.882,390.982,269.735,91.607,24.083,-5.707,-0.865,22.831,-12.831,54.048,-10.048,6.9,11,17.9,38.547,1.4,4.8,1.2,1.3,3.5,2.5,1.8,1.1,0.9,5.9,-3.247,3.1,5.6,7,2.2,4.5,15.901,0.9,20,2.4,3.3,3.5,80,4.1,0,0.1,0,0.1,0.7,0.1,0.6,0,0,0,,0,,0,,,1.6,0.6,0,,0.1,0,4,0.4,0.1,0.7,0,0,2.5,57.143,2.6,10.078,0.5,7,3.414,0.158,3,2.879,1.121,4,3.815,-0.565,0,0,,0,1.1,11.6,4.9,0.2
Dayne Zorko,Brisbane,36,36.89,Gen. Defender,10,12.1,100.2,101.4,2,0.2,1,81.8,19.6,5.9,25.5,79.216,78.571,81.356,74.118,3.6,44.444,76.863,3.9,5.5,3.6,7.083,3.8,6.711,618.9,24.271,271.61,890.51,562.876,402.256,28.718,24.851,4.212,19.898,6.048,60.497,7.611,5.2,15.3,20.5,25.366,4.4,4.1,0.2,0.2,3.9,4.2,3.4,0.1,1.6,7.7,-21.185,6.1,8.3,5.8,0.3,0,0,0.3,,0.6,0.9,0.5,80,6.7,0,0,0.6,0.1,1.1,1.1,0,0,0,0,,0,,0,,,3,0.2,0.3,33.333,0,,1,0.1,0.3,0.4,0.5,0.8,4.2,25,5.5,21.318,1.9,4,3.082,-0.832,1,3.292,-2.292,3,3.013,-0.346,5.1,51,92.157,0.1,1.2,13.4,8.8,0.7
Ryan Lester,Brisbane,33,33.34,Gen. Defender,9,9.622,70.556,61.111,5,0.556,1,80.889,8.444,4.111,12.556,84.956,82.895,89.189,74.336,0.889,50,67.257,1,2.778,0.778,16.143,2.333,5.381,219.111,17.451,212.304,431.416,191.239,113.947,22.647,6.437,1.566,18.795,-2.356,65.826,-1.442,3.778,9.222,13,29.06,4.889,2.778,0,0.222,2.556,3.111,2.222,0,0.667,2.222,-35.874,6,4.778,2.222,0,0,0,0,,0.556,0.556,0.333,66.667,6.444,0.333,0,2,0.222,0.556,0.333,0.222,0,0,0,,0,,0,,,2,0,1.111,20,0,,1,0.111,0,0.111,0,0.333,1,100,2.222,8.584,1,1,3.775,2.225,1,3.775,2.225,0,,,0.111,1.163,0,0.111,4.222,7.778,5.889,3.444
Lachie Neale,Brisbane,32,32.6,Midfielder,5,15.04,99.4,100.4,7,1.4,1,74.4,13,16,29,67.586,46.154,85,68.531,3,46.667,44.828,3.4,0.8,2.8,10.357,3.6,8.056,322,11.103,332.232,654.232,318.538,128.8,24.886,-14.348,-0.908,25.261,-5.653,58.182,-7.202,13,15,28,46.429,4,10.2,1,2,8.2,4.8,4.4,2.4,1.6,9.4,-7.749,4.2,11.8,9.8,2.2,22.6,74.834,1.6,7.08,4.2,5.8,7.6,71.053,4.4,0,0,0.4,0.2,0.2,0.4,-0.2,0,0,0,,0,,0,,,3.6,1.2,0.4,50,0,,2,0.4,0.4,1,0.4,0.6,5.4,40,5.6,23.729,0.6,5,2.272,0.528,0,,,5,2.272,0.528,0,0,,0.4,1.2,18,8.2,0.6
Darcy Gardiner,Brisbane,30,30.27,Key Defender,10,6.87,61.6,50.5,4,0.4,2,88.3,8.1,3.5,11.6,76.724,70.37,91.429,74.138,0.2,50,69.828,0.4,3.7,2.6,4.462,2,5.8,178.6,15.397,142.197,320.797,166.158,85.253,20.513,7.159,2.045,14.976,5.277,67.317,-2.76,3.6,8.3,11.9,30.252,4.8,2.8,0,0.6,2.2,3.3,2.5,0,0.5,3.3,-40.447,6.4,4.1,1.4,0,0,0,0,,0.1,0.1,0.3,66.667,5,0.2,0,1.3,0,0.3,1,-0.7,0,0,0,,0,,0,,,1.7,0.1,3.1,16.129,0.1,0,0,0,0.1,0.1,0.2,0.3,1.4,0,2,7.752,0.8,1,3.453,-2.453,1,3.453,-2.453,0,,,0.1,1,0,0,7,6.8,5.2,6.1
Darcy Fort,Brisbane,32,32.4,Ruck,10,11.72,82.8,75.7,0,0,0,83.9,5.9,4.3,10.2,57.843,42.373,79.07,62.745,1.3,38.462,57.843,1.4,0.7,2.8,3.643,2.3,4.435,126.6,12.412,106.557,233.157,129.377,46.726,22.698,-2.747,-0.639,23.625,-1.176,51.741,1.32,6.9,4.4,11.3,61.062,1.3,3.6,0.6,1.3,2.3,2.4,1.3,0,0.3,2.9,1.887,1.2,4.4,4,1.7,21,74.205,1,4.762,2.5,3.5,3.7,89.189,1.4,0.4,0.2,0.2,0.1,0.7,1.4,-0.7,73.7,71.973,31.5,42.741,7.8,24.762,1.4,46.667,45.714,4.1,0.5,0.8,62.5,0.6,0,1,0.1,0.2,0.3,0.3,0.7,3,33.333,4,15.504,3,3,3.137,-0.471,1,3.897,2.102,2,2.757,-1.757,0,0,,0,4.5,13,5.7,2.8
Callum Ah Chee,Adelaide,28,28.22,Gen. Forward,10,4.46,63.3,67.3,0,0,0,83.2,11.6,3.7,15.3,69.281,63.793,86.486,64.706,2.4,58.333,75.817,2.9,1.2,2.7,5.667,3.2,4.781,279,18.235,167.067,446.067,271.653,122.206,23.622,2.987,0.807,24.519,2.754,59.602,4.034,3.8,11.3,15.1,25.166,2.2,2.8,1.2,0.6,2.2,3.1,2.3,0,1,4.2,3.732,2.6,4.9,4.1,3.5,0,0,0,,0.6,0.6,0.5,80,6,0.4,0.7,0.6,0.6,0.5,0.8,-0.3,0,0,0,,0,,0,,,1.4,0.3,0.1,0,0.5,20,4,0.4,1,1.6,0.7,0.9,7.8,25,4.2,16.279,0.6,16,3.2,-1.075,7,3.699,-1.414,9,2.811,-0.811,0,0,,0.4,0.9,8.7,2.7,0.8
Charlie Cameron,Brisbane,31,31.49,Gen. Forward,10,6.18,58,53.7,1.5,0.15,1,80.6,7.4,2.5,9.9,61.616,55.405,80,65.657,1.3,46.154,74.747,2,0.1,2.2,4.5,2.3,4.304,166.4,16.808,83.639,250.039,170.489,87.105,23.355,0.739,0.296,31.023,8.001,57.743,3.233,4.1,6.2,10.3,39.806,0.9,2.5,1.6,0.6,1.9,3.4,1.9,0,0.9,2.1,32.577,0.3,1.9,3.5,4.6,0,0,0.1,,0.3,0.4,0.4,50,3,0.3,1,0,1.2,0.8,0.6,0.2,0,0,0,,0,,0,,,2.5,1.5,0,,0.7,14.286,12,1.2,1.3,2.8,0.8,1.2,13.7,42.857,5.1,19.767,0.5,28,3.685,-0.649,16,3.626,-0.563,12,3.763,-0.763,0,0,,0,0.9,11.4,1.6,0.1
Josh Dunkley,Brisbane,28,28.97,Midfielder,10,12.84,116.8,117,29,2.9,7,81.4,11.8,13.6,25.4,68.898,55.085,80.882,72.047,2.7,33.333,46.457,3.1,1,3.3,7.697,4.2,6.048,251.6,9.906,296.653,548.253,253.957,93.595,21.522,-3.281,-0.241,23.302,0.409,57.341,-1.671,11.1,13.7,24.8,44.758,3.3,8.4,1.2,3.2,5.2,4.7,4,1,1.1,8.2,-3.561,3.3,10.4,8.8,2.3,21,74.205,1.3,6.19,3.5,4.8,5.4,68.519,4.4,0.1,0.3,0.4,0.2,1.4,0.7,0.7,0.1,0.098,0,0,0,,0,,,9.9,1.6,0.2,0,0.5,40,3,0.3,0.5,0.8,0.1,0.5,3.3,37.5,4.9,18.992,1.7,8,3.38,-0.505,3,3.987,-1.32,5,3.016,-0.016,0,0,,0,2.4,27.7,11.8,1.5
Eric Hipwood,Brisbane,28,28.29,Key Forward,5,3.06,54.4,57,0,0,0,78,7.8,3.6,11.4,56.14,53.846,61.111,57.895,2,60,68.421,2.2,0.4,3,3.8,3.4,3.353,190,16.667,74.752,264.752,229.16,80.058,29.379,-6.662,-1.851,26.225,4.81,53.323,-1.599,4.6,6.4,11,41.818,1.2,1.8,0.6,0.4,1.4,4.2,1.6,0.2,0.4,1.8,13.033,0.8,2.8,4.2,3.2,0,0,0,,0.4,0.4,0.6,66.667,5,1,1.2,0.4,1.8,1.4,0.6,0.8,0,0,0,,0,,0,,,2.2,0.8,0,,1,40,2,0.4,0.6,1.4,0.4,1,6,28.571,3.4,14.407,0.6,7,2.98,-0.837,7,2.98,-0.837,0,,,0,0,,0,2,10,2.2,1.2
Harris Andrews,Brisbane,29,29.05,Key Defender,10,12.69,92.7,74.5,33.5,3.35,6,96.3,12.1,3.9,16,86.25,91.736,69.231,84.277,0.7,85.714,75.625,0.7,3,2.3,6.957,1.5,10.667,222.7,13.919,244.85,467.55,211.138,156.424,17.449,11.45,3.013,17.377,9.119,78.09,9.089,5.1,10,15.1,33.775,8.6,3.2,0,1,2.2,5.1,3.2,0,0.8,1.6,-38.618,8.1,4.3,2.7,0,0,0,0,,0,0,0,,9.4,1.2,0,3.7,0,0.4,1.4,-1,0,0,0,,0,,0,,,1.5,0,2.8,28.571,0.1,100,0,0,0,0,0.1,0.3,0.8,,3.5,13.566,2.5,0,,,0,,,0,,,0.4,4,50,0,8.5,5.4,5,7.1
Jarrod Berry,Brisbane,27,27.9,Midfielder,8,10.713,80.375,76.125,6,0.75,2,72.75,11,8.25,19.25,79.221,76.136,83.333,75.497,2.625,57.143,57.143,3.25,2.875,2.75,7,2.625,7.333,353,18.338,191.317,544.318,324.715,210.872,30.206,4.575,0.563,22.909,9.986,55.04,4.17,6.25,13,19.25,32.468,3.375,4.875,0.75,1.75,3.125,3.25,2.5,0.25,1.5,8,-11.401,4.875,6.5,6.5,1.375,1,3.556,0.25,25,1.75,2,2.375,68.421,4.25,0.125,0.125,0.625,0.375,1.75,1,0.75,0,0,0,,0,,0,,,3,0.125,0,,0.125,0,4,0.5,0.125,0.75,0.375,0.625,5.625,66.667,4.75,19.792,1.75,6,3.125,1.042,2,3.79,-0.79,4,2.792,1.958,0,0,,0.125,0.75,14,7.125,0.5
Luke Cleary,Western Bulldogs,23,23.82,Gen. Defender,6,9.217,68.333,56.833,1,0.167,1,81.833,8,6.5,14.5,85.057,83.333,87.179,81.609,0.833,60,55.172,0.833,3.167,1.333,10.875,2.333,6.214,228.833,15.782,151.067,379.9,183.247,132.8,22.906,24.642,3.791,21.416,2.497,62.895,4.496,4.833,9.833,14.667,32.955,5.333,3.833,0.167,0.667,3.167,4.5,3.5,0,1.833,5.167,-29.263,6.167,5,3.167,0.333,0,0,0,,0.5,0.5,0.167,100,4.167,0.333,0,0.833,0,0.667,1,-0.333,0,0,0,,0,,0,,,2.167,0,1.167,28.571,0.167,0,1,0.167,0,0.167,0,0.333,1.333,100,3.667,12.644,1.833,1,3.643,2.357,0,,,1,3.643,2.357,0.333,3.704,50,0.333,2.333,7,5.333,2
Liam Jones,Western Bulldogs,34,34.84,Key Defender,1,6.9,43,30,0,0,0,91,4,2,6,83.333,100,50,66.667,1,0,66.667,1,2,1,6,1,6,127,21.167,35.04,162.04,125.28,86.41,31.32,-5.9,-2.95,18.255,-18.255,52.508,-2.508,4,2,6,66.667,4,3,0,1,2,4,3,0,0,0,-51.6,4,1,1,0,0,0,0,,0,0,0,,3,1,0,2,0,0,1,-1,0,0,0,,0,,0,,,2,0,3,66.667,0,,0,0,0,0,0,0,0,,0,0,0,0,,,0,,,0,,,0,0,,0,4,6,5,4
Will White,Carlton,21,21.78,Gen. Forward,5,3.88,37,39,0,0,0,71.2,4.4,2.4,6.8,64.706,54.545,83.333,64.706,0.8,50,64.706,1,0.6,1.2,5.667,1.4,4.857,125.8,18.5,36.916,162.716,123.596,50.528,28.09,0.792,0.33,27.218,-9.571,50.683,-15.389,2.4,5,7.4,32.432,1.6,1.6,0.8,0.2,1.4,2,1.2,0,0.8,2,16.188,0.8,1.8,1.8,3,0,0,0.2,,0,0.2,0,,1.8,0,0.8,0,0,0.8,0.4,0.4,0,0,0,,0,,0,,,3,0.6,0,,0.4,0,3,0.6,0.4,1,0.2,0.2,5.2,60,1.6,8.421,0.4,5,3.122,0.878,4,3.29,1.46,1,2.453,-1.453,0,0,,0,0,14.8,5.6,0
Jack Petruccelle,West Coast,26,26.72,Gen. Forward,1,3.3,18,23,0,0,0,37,3,1,4,75,100,0,75,1,100,75,1,0,0,,0,,65,16.25,86.44,151.44,38.37,39.77,12.79,10.1,10.1,29.2,4.133,59.87,40.13,2,2,4,50,2,1,0,0,1,2,1,0,1,1,-15.18,0,3,1,0,4,14.286,0,0,0,0,0,,1,0,0,0,0,1,0,1,0,0,0,,0,,0,,,2,0,0,,0,,0,0,0,0,0,1,1,,1,6.25,0,0,,,0,,,0,,,0,0,,0,0,7,3,0
Callum Coleman-Jones,North Melbourne,26,26.55,Ruck,1,-1.1,1,3,0,0,0,16,0,0,0,,,,,0,,,0,0,2,0,1,0,0,,0,0,0,0,,0,,,,,,0,0,0,,0,0,0,0,0,0,0,0,0,0,,0,0,0,0,3,13.043,0,0,0,0,0,,0,0,0,0,0,0,1,-1,18,14.876,2,11.111,1,50,0,100,50,1,0,0,,0,,0,0,0,0,0,0,0,,0,0,0,0,,,0,,,0,,,0,0,,0,0,2,2,0
Brynn Teakle,North Melbourne,26,26.2,Ruck,4,9,70.25,69,0,0,0,75.75,6.75,3.5,10.25,63.415,51.852,85.714,57.5,2,12.5,65.854,2.25,1.5,2.25,4.556,2,5.125,162.25,15.829,58.102,220.352,177.285,48.318,27.275,-6.732,-1.924,26.014,-17.318,51.391,-16.608,6.5,4,10.5,61.905,1.5,3.25,0.25,0.5,2.75,2.5,1.5,0,0.75,1.75,-6.34,1.75,4,3.75,1,16.25,57.018,1,6.154,2.5,3.5,3.5,92.857,2.75,0.5,0.25,0.5,0.25,2,1,1,63.25,60.526,15.75,24.901,5,31.746,0.5,42.857,34.921,4.25,0.75,0.25,0,0.25,0,1,0.25,0.25,0.5,0,0.25,2,50,3,17.143,1.75,2,3.943,-0.443,1,5.205,0.795,1,2.68,-1.68,0,0,,0,1,14.25,6,0.25
Zac Banch,North Melbourne,22,22.94,Gen. Forward,4,2.1,29,31.5,0,0,0,56.25,3.75,3,6.75,66.667,40,100,70.37,1,0,55.556,1,0,1,6.75,1,6.75,93.5,13.852,73.045,166.545,64.485,25.433,18.424,5.325,1.775,26.253,-17.162,64.976,-19.522,3.5,4,7.5,46.667,0.5,1.75,0.25,0.25,1.5,3.25,1.75,0.25,1,1,4.438,0.5,3.25,2.5,1.25,0,0,0,,0,0,0.25,0,3,0.25,0.25,0,0.25,1.25,0.25,1,0,0,0,,0,,0,,,0.75,0,0,,0.25,100,1,0.25,0.25,1,0,0,1.75,25,1.5,7.895,0.25,4,3.742,-1.992,2,3.962,-0.462,2,3.522,-3.522,0,0,,1,0.5,8.25,3.75,0.25
Peter Ladhams,Sydney,27,27.96,Ruck,3,5.2,48.667,50.667,0,0,0,53,5,4,9,44.444,26.667,66.667,51.852,1.333,50,55.556,1.333,1.333,3.333,2.7,2.333,3.857,122,13.556,49.177,171.177,148.813,51.23,29.763,-7.737,-1.934,20.918,1.304,37.936,-4.602,6,2.667,8.667,69.231,0.333,3.333,0.333,1.667,1.667,1,1,0,0,1.333,-6.354,2.667,1.667,2.667,1.667,11.333,46.575,1.333,11.765,3,4.333,4.333,92.308,1.333,0,0.667,0,0,1,1,0,38,36.19,15.667,41.228,3.667,23.404,1.667,53.191,44.681,1.333,0.333,0,,0.333,0,2,0.667,0.667,1.333,0.333,0.333,6.667,50,4.333,20,3,4,3.6,-0.1,4,3.6,-0.1,0,,,0,0,,0,1.667,6,2.333,1.667
Mitch Lewis,Hawthorn,27,27.21,Key Forward,8,6.913,53.375,44.75,0,0,0,67.375,5.25,2.625,7.875,66.667,64.286,71.429,65.079,1.625,69.231,66.667,2.25,0.125,1.75,4.5,2.125,3.706,164.125,20.841,54.013,218.137,174.869,110.374,33.308,2.125,0.81,29.004,6.71,46.569,17.717,4,4.375,8.375,47.761,0.625,2,0.5,0.625,1.375,3.75,2,0.125,0.5,1.375,23.719,0.25,2.25,3,2.875,0,0,0,,0.125,0.125,0.125,0,3.25,0.75,1.25,0,0.375,0.75,0.625,0.125,2,1.983,0.75,37.5,0.125,16.667,0,50,16.667,2,1,0,,2.25,27.778,8,1,0.375,1.625,0.375,0.625,8.875,61.538,3.25,13.613,0.125,13,3.07,0.853,12,3.052,1.115,1,3.289,-2.289,0,0,,0,1.75,8,1.75,1
Bailey Macdonald,Hawthorn,21,21.4,Gen. Defender,2,3.8,25.5,19.5,0,0,0,35.5,2,1.5,3.5,100,100,100,100,0.5,100,57.143,1,0.5,1,3.5,1,3.5,68.5,19.571,51.715,120.215,43.675,52.325,21.837,5.63,3.753,24.453,8.88,66.767,-0.1,1,3.5,4.5,22.222,1,1,0.5,0,1,1,1,0,0,2,-1.632,1,1,2,0.5,0,0,0,,0,0,0,,1.5,0,0,0.5,0,0,1,-1,0,0,0,,0,,0,,,1.5,0,0,,0,,1,0.5,0,0.5,0,0,3,100,1,4.762,0.5,1,2.176,3.824,0,,,1,2.176,3.824,0,0,,1,2,7,5,1.5
Jack Scrimshaw,Hawthorn,27,27.32,Gen. Defender,9,8.956,71.889,61.444,0,0,0,76.889,8.556,6.333,14.889,80.597,75.325,87.719,79.851,0.778,42.857,57.463,0.889,3.111,2.889,5.154,1.889,7.882,231.222,15.53,169.91,401.132,222,126.421,25.948,5.486,0.866,17.976,-2.907,59.542,6.211,5.556,8.556,14.111,39.37,6.667,3.556,0,0.778,2.778,5.111,3.111,0,0.556,4.333,-35.356,6.444,5.222,2.222,0.222,0,0,0,,0.111,0.111,0.444,75,4.778,1.111,0.111,2.889,0,0.444,0.778,-0.333,0,0,0,,0,,0,,,2.667,0.111,1.556,50,0,,0,0,0,0.111,0,0.222,0.222,0,2.111,8.716,0.889,1,2.168,-2.168,0,,,1,2.168,-2.168,1.111,10.526,100,0.889,3.444,8,6.556,2.222
Dylan Williams,Port Adelaide,24,24.5,Gen. Forward,2,2.35,18,18.5,0,0,0,55.5,4,0.5,4.5,66.667,62.5,100,55.556,0,,88.889,0,0.5,1,4.5,2,2.25,111.5,24.778,23.505,135.005,98.465,40.31,24.616,1.015,2.03,22.543,-22.543,60.007,-2.864,1.5,2,3.5,42.857,1.5,1.5,0,0,1.5,1.5,1.5,0,0.5,0.5,-19.109,0.5,2.5,0,0.5,0,0,0,,0,0,0,,1,0,0,0,0,0,0.5,-0.5,0,0,0,,0,,0,,,1,0.5,0,,0.5,0,0,0,0,0,0,0,0,,0,0,0,0,,,0,,,0,,,0.5,4.167,100,0.5,1,6,3,0.5
Nick Murray,Adelaide,25,25.03,Key Defender,8,5.013,42.125,27.75,0,0,0,92.5,4.375,2.5,6.875,76.364,74.286,80,72.727,0.5,50,63.636,0.625,2.875,1.5,4.583,1.25,5.5,124.875,18.164,58.658,183.532,125.805,77.325,28.755,5.106,2.042,16.252,4.961,63.361,9.367,2,4.625,6.625,30.189,2.875,1.25,0,0.25,1,2,1.25,0,0.5,1.75,-37.679,3.625,1.75,1.25,0,0,0,0,,0,0,0,,2.625,0.375,0,1.125,0.125,0.375,0.375,0,0,0,0,,0,,0,,,0.625,0,2.625,14.286,0,,0,0,0,0.25,0.125,0.125,0.75,0,0.875,3.846,0.375,2,2.354,-2.354,0,,,2,2.354,-2.354,0.25,2.632,100,0,8,6,5.25,7.25
Luke Pedlar,Adelaide,23,23.62,Gen. Forward,5,5.46,41.2,41.6,0,0,0,72.6,5.4,1.4,6.8,55.882,55.556,57.143,58.824,0.8,25,79.412,1,0,2.2,3.091,2.4,2.833,125.6,18.471,35.032,160.632,137.142,57.526,25.397,-0.11,-0.079,29.691,-23.025,53.324,-13.324,2.6,3.8,6.4,40.625,1.6,1.4,0.4,1,0.4,2.6,1.4,0,0.2,0.6,25.459,0,2,1.6,2.8,0.6,2.273,0,0,0.2,0.2,0.2,100,2.4,0.2,1.2,0.2,0.8,1.4,1.4,0,0,0,0,,0,,0,,,1.8,1,0,,0.6,33.333,9,1.8,0.2,2.2,0,0.2,11.2,81.818,3,13.158,0.4,11,3.689,1.311,8,4.043,1.332,3,2.744,1.256,0,0,,0,0.4,9.8,4,0.4
Ben Jepson,Gold Coast,24,24.22,Midfielder,1,5.1,36,38,0,0,0,77,9,3,12,83.333,77.778,100,66.667,2,50,75,3,1,4,3,2,6,302,25.167,102.16,404.16,239.97,132.25,26.663,2.44,0.813,29.089,-4.089,55.776,-5.776,2,10,12,16.667,3,1,0,0,1,1,0,0,0,7,-1.225,2,5,3,2,0,0,0,,0,0,0,,2,0,0,1,0,1,2,-1,0,0,0,,0,,0,,,1,1,0,,0,,0,0,0,0,0,1,1,,3,18.75,1,0,,,0,,,0,,,0,0,,1,0,13,3,0
Leonardo Lombard,Gold Coast,19,19.23,Gen. Forward,2,-0.75,16,23.5,0,0,0,47.5,3.5,1,4.5,55.556,42.857,100,55.556,0,,77.778,0,0,2,2.25,2,2.25,99.5,22.111,82.27,181.77,101.77,34.825,29.077,0.015,0.015,29.266,-29.266,59.372,0.628,1,4,5,20,0.5,0.5,0.5,0.5,0,0.5,0,0,0,2.5,14.306,0,2,1.5,1.5,2.5,8.621,0,0,0.5,0.5,0,,1.5,0,0.5,0,0,0.5,1,-0.5,0,0,0,,0,,0,,,2,2,0,,0,,0,0,1,1,0,0.5,1.5,0,2,8.696,0.5,2,3.618,-2.618,2,3.618,-2.618,0,,,0,0,,0,0,10,1.5,0
Sam De Koning,Geelong,24,24.84,Key Defender,9,6.744,56.222,47.444,0,0,0,85.778,5.667,5.778,11.444,81.553,76.471,86.538,80.583,1,66.667,49.515,1.556,1.778,2.444,4.682,1.778,6.438,127.111,11.107,148.226,275.337,113.832,81.077,20.088,10.258,1.775,21.733,1.184,67.491,-2.908,4.444,6.667,11.111,40,5.111,2.778,0.111,0.667,2.111,4,2.444,0,0.444,2.556,-26.144,4.778,3,3,0.333,2.222,7.067,0,0,0.444,0.444,0.111,100,4.444,0.778,0.222,1.889,0,0.778,0.889,-0.111,8.222,8.009,2.222,27.027,0.222,10,0.111,25,35,1.111,0,2.889,26.923,0,,1,0.111,0.111,0.222,0.111,0.222,1.556,50,2.889,9.091,1.667,2,4.174,-0.674,2,4.174,-0.674,0,,,0,0,,0,5,6,4.444,4.667
Tyson Stengle,Geelong,27,27.2,Gen. Forward,9,7.944,66.222,64.556,3,0.333,2,82.556,9.556,3.222,12.778,56.522,51.163,72.414,60,2.222,70,74.783,2.444,0,2.333,5.476,1.889,6.765,231,18.078,81.577,312.577,257.266,128.132,27.24,0.66,0.205,34.532,11.121,51.998,2.349,4.778,8.222,13,36.752,1.333,3.111,1.778,0.667,2.444,3.778,2.556,0.222,0.667,4.111,41.213,0,1.333,4.556,7.111,0,0,0,,0.889,0.889,0.889,87.5,3.444,0.444,1.667,0.111,0.667,0.889,0.778,0.111,0,0,0,,0,,0,,,2.333,1,0,,1.111,50,14,1.556,1.889,4.333,0.778,0.889,16,35.897,7.222,22.727,0.778,39,3.128,-0.538,16,3.318,-1.068,23,2.996,-0.17,0,0,,0,0.556,11.556,1.444,0.222
Beau McCreery,Collingwood,24,24.7,Gen. Forward,5,9.64,74,65.8,1,0.2,1,74.4,7,7.2,14.2,70.423,57.143,83.333,66.197,2.2,27.273,49.296,3.4,0.4,3.4,4.176,3.4,4.176,249.6,17.577,185.992,435.592,190.582,103.466,28.027,11.992,1.666,33.133,-4.561,45.841,7.73,6.8,7.6,14.4,47.222,2.4,4.4,1.2,0.8,3.6,3.4,2.6,0.8,0.8,4.6,15.162,0.8,3.6,6.8,3.2,7.2,28.571,1.6,22.222,1.2,2.8,2.2,72.727,1.8,0.2,0.2,0,0,1,1,0,0,0,0,,0,,0,,,6.6,2.6,0,,0.8,25,0,0,0.6,0.6,0.8,1.4,6,0,4.4,20.755,1.4,3,2.816,-1.816,0,,,3,2.816,-1.816,0,0,,1.8,2.2,21.8,5.4,0.4
Charlie Dean,Collingwood,24,24.53,Key Defender,3,8.2,54,41,0,0,0,89,5,7.667,12.667,81.579,73.333,86.957,78.947,0,,39.474,0,1,2,6.333,1.667,7.6,177.667,14.026,152.173,329.84,108.893,114.747,21.779,45.683,5.959,12.39,10.687,64.823,-10.977,4.667,7,11.667,40,6.667,4,0,0.667,3.333,4.667,4,0,1.667,3.333,-43.121,6,4.333,1.333,0,0,0,0,,0,0,0,,3.333,0,0,0.667,0,0.333,0.333,0,0,0,0,,0,,0,,,0.333,0,1.333,25,0,,0,0,0,0,0,0,0,,1.333,6.061,0.667,0,,,0,,,0,,,0,0,,0,4,3.333,3,3.333
Edward Allan,Collingwood,21,21.6,Midfielder,3,6.067,41,34.667,0,0,0,57.667,3.667,6,9.667,75.862,72.727,77.778,75.862,0.333,100,37.931,0.333,0,0.333,29,1,9.667,140.333,14.517,68.58,208.913,104.107,110.217,28.393,31.727,5.288,25.913,11.587,58.86,28.64,2.667,7,9.667,27.586,2.667,2.667,1,0.333,2.333,2.667,2.667,0,1.667,4.333,-0.005,0.667,3.667,3.667,1.667,0,0,0,,0,0,0,,1.667,0,0,0.667,0,0.333,0,0.333,0,0,0,,0,,0,,,1,0,0,,0,,1,0.333,0.333,1,0,0.333,2.667,33.333,4,17.91,1.333,3,2.38,-0.046,0,,,3,2.38,-0.046,0,0,,0,0.333,8.667,4.667,0.333
Hayden Young,Fremantle,24,24.72,Midfielder,5,12.36,77.4,58.6,8,1.6,1,46.4,9,7,16,68.75,55.556,85.714,67.5,3.6,33.333,56.25,4.2,1.2,1.8,8.889,3,5.333,324.8,20.3,186.088,510.888,301.576,163.664,33.508,5.478,0.783,27.862,-2.862,43.46,-5.96,8.6,8.2,16.8,51.19,0.6,5,0.6,1.4,3.6,2.2,1.8,2,1.2,6.8,1.093,1.8,7.4,5.4,2.2,11.8,39.597,1.8,15.254,2.6,4.4,5,68,1.2,0,0,0,0.2,0.8,0,0.8,0,0,0,,0,,0,,,2.4,0.4,0,,0.2,0,3,0.6,0,0.8,0.6,0.8,7.4,75,4.6,19.167,0.8,4,3.163,1.337,1,4.748,1.252,3,2.635,1.365,0,0,,0.6,1.4,8.4,4,0.2
Harry McKay,Carlton,28,28.01,Key Forward,5,12.54,93.6,87.6,10,2,1,89.4,9.8,5,14.8,62.162,51.02,84,60.811,1.6,25,66.216,1.8,0.2,4.4,3.364,4,3.7,248,16.757,80.61,328.61,299.246,85.046,31.171,-9.564,-1.913,28.772,-10.59,57.103,-25.285,8.4,6.6,15,56,1,2.6,1.2,1.4,1.2,6,2.2,0,0.2,1.8,30.464,0.4,3.6,3.4,7.6,0.8,2.92,0.4,50,1,1.4,2.2,72.727,6.2,2.6,3,0.2,1.4,1.2,1.6,-0.4,11.4,11.925,2,17.544,0.4,20,1.6,40,40,3.6,1.6,0,,3,33.333,13,2.6,1.2,4.8,0.6,1.2,21,54.167,7,33.333,1.4,24,3.241,0.259,17,3.49,0.628,7,2.637,-0.637,0,0,,0,0.8,9.6,3,0.4
Will Day,Hawthorn,24,24.57,Midfielder,2,14.3,95,78.5,0,0,0,70,7,10,17,76.471,71.429,80,79.412,1.5,33.333,41.176,2,2.5,3,5.667,2,8.5,146,8.588,210.23,356.23,172.225,84.19,24.604,-6.21,-0.621,23.774,17.892,55.04,-5.04,11,6,17,64.706,2.5,5.5,2,1.5,4,5,3,2,1.5,3.5,-2.361,3,6.5,5,2.5,18.5,64.912,1,5.405,4,5,5,80,2.5,1,0,1,0.5,2,1,1,0,0,0,,0,,0,,,7,0.5,0,,0,,1,0.5,0,0.5,0.5,1,6.5,100,4.5,21.429,1,1,3.908,2.092,0,,,1,3.908,2.092,0,0,,0.5,2,20.5,8.5,1
Sam Taylor,Greater Western Sydney,26,26.65,Key Defender,6,8.633,68,49.167,6,1,1,90.667,6.333,5,11.333,82.353,81.579,83.333,77.941,0.333,50,55.882,0.333,2.167,2,5.667,2,5.667,110,9.706,172.608,282.608,106.327,53.345,16.788,9.8,1.96,16.557,-0.767,74.136,-5.715,5,6.167,11.167,44.776,6.333,3.167,0,0.5,2.667,4.833,3,0,0.667,1.667,-45.95,6.833,3.5,0.833,0,0,0,0,,0.167,0.167,0.167,100,5.333,1,0,2.333,0.167,1,1.167,-0.167,0,0,0,,0,,0,,,1.667,0,3.167,36.842,0,,0,0,0,0,0,0,0,,1.5,5.921,0.833,0,,,0,,,0,,,0,0,,0.167,5.167,5.5,4.5,4.333
Saad El-Hawli,Essendon,24,24.63,Midfielder,4,6.125,47,49.5,0,0,0,76.75,7.5,3.5,11,70.455,60,92.857,72.727,2,25,68.182,2.25,1.75,2.5,4.4,2.5,4.4,260.75,23.705,128.06,388.81,219.852,148.745,30.324,1.91,0.546,22.852,5.719,45.608,15.106,2.5,9.5,12,20.833,1.5,1.75,0.25,0,1.75,2,1.5,0,1.25,5.25,-22.58,3.5,4.75,3.5,0.25,0,0,0.25,,0,0.25,0,,4,0.25,0,0.75,0,0.5,0.5,0,0,0,0,,0,,0,,,2.25,0,0,,0.5,0,0,0,0,0.25,0.25,0.5,1.75,0,2,11.594,0.5,1,1.727,-1.727,0,,,1,1.727,-1.727,0,0,,1,1.75,13.75,8.25,1.75
Oskar Baker,Western Bulldogs,27,27.6,Midfielder,5,9.94,75.2,62.8,0,0,0,75.6,8,8.8,16.8,83.333,85,81.818,77.381,2.2,45.455,47.619,3,1.4,2,8.4,2.2,7.636,319,18.988,194.042,513.042,241.69,203.104,30.211,34.944,3.971,24.727,25.273,48.534,18.133,5.8,11.8,17.6,32.955,1.8,4.2,1,1.2,3,3.2,2.2,0.6,0.6,6.6,-0.631,2.6,6.6,5.8,2.6,0,0,0.4,,1.8,2.2,2,90,4,0.2,0.2,0.2,0,0.2,0.4,-0.2,0,0,0,,0,,0,,,2.2,0.4,0,,0.2,100,1,0.2,0.2,0.4,1,1.2,7.6,50,5.8,18.354,1.6,2,1.985,1.515,0,,,2,1.985,1.515,0,0,,1.4,3.6,11.8,5,1.8
Jedd Busslinger,Western Bulldogs,21,21.8,Key Defender,5,4.6,49.6,41,0,0,0,70.2,8.4,2.4,10.8,83.333,83.333,83.333,79.63,1.2,50,77.778,1.2,1.8,1.8,6,1.4,7.714,149,13.796,112.468,261.468,142.972,82.604,17.02,-0.126,-0.053,19.001,12.706,72.444,5.605,2.6,8.4,11,23.636,4,2.2,0,0.4,1.8,2.6,2.2,0,0.6,3.4,-35.557,4.8,4.4,1.8,0,0,0,0,,0,0,0,,4.8,0.2,0,1.2,0,0.2,1.2,-1,0,0,0,,0,,0,,,0,0,1,20,0,,0,0,0,0,0.2,0.4,1.4,,2.8,8.861,1.2,0,,,0,,,0,,,0,0,,0.2,4,2.4,2,4
Jed McEntee,Port Adelaide,24,24.87,Gen. Forward,5,6.52,47.8,46.2,0,0,0,76.4,6.4,3.2,9.6,62.5,46.875,93.75,70.833,2,60,66.667,2.4,0,1.6,6,1,9.6,180,18.75,75.072,255.072,183.394,112.342,29.58,-2.304,-0.72,32.654,12.346,45.754,19.246,4.2,5.4,9.6,43.75,0.8,3.4,0.8,1.6,1.8,3.8,3,0,1.4,3.6,22.823,0.6,2,3.2,3.8,0,0,0,,0,0,0.2,100,1.4,0,0.8,0,0.2,0.8,0.6,0.2,0,0,0,,0,,0,,,2.6,1,0,,0.6,0,5,1,1,2,0.2,0.6,8.6,50,4.4,24.176,0.2,10,3.219,0.281,7,3.213,-0.07,3,3.233,1.1,0,0,,0,0.2,13,3.8,0.2
Joe Berry,Port Adelaide,19,19.7,Gen. Forward,5,5.34,51,49.4,0,0,0,77.8,6.2,4.6,10.8,64.815,61.29,69.565,66.667,1.4,28.571,57.407,1.8,0.2,1.6,6.75,2.4,4.5,159.4,14.759,108.044,267.444,141.646,74.008,22.846,7.396,1.608,23.394,-6.727,59.717,6.95,4,6.6,10.6,37.736,0.6,2.8,1,0.2,2.6,3,1.8,0,1,3.4,5.365,1.2,3.4,4,2,0.8,2.74,0,0,0.6,0.6,0.6,66.667,2.6,0,0.2,0.2,0.6,1.2,0.4,0.8,0,0,0,,0,,0,,,2.8,0.8,0.2,100,0.2,0,2,0.4,0.2,1,0,0.4,3,40,2.4,13.187,0,5,2.559,0.041,1,2.429,-1.428,4,2.592,0.408,0,0,,0.2,0.2,11.4,4.4,0.2
Zac Bailey,Brisbane,26,26.27,Mid-Forward,9,12.5,95.778,96.333,23.5,2.611,4,83.778,14,9.222,23.222,71.292,62.698,84.337,68.421,2.667,33.333,60.287,3.222,1.333,3.222,7.207,3.444,6.742,375.778,16.182,203.098,578.876,338.039,156.07,24.146,13.072,1.417,26.487,0.095,61.063,-1.57,7.556,14.778,22.333,33.831,2,4.889,1.222,0.778,4.111,3,2.222,1.333,0.889,8.111,6.592,3.778,6.111,6.889,5.556,7.111,25,0.889,12.5,2.778,3.667,4.111,75.676,5.222,0.222,1,0.333,0.444,1.333,1.444,-0.111,0,0,0,,0,,0,,,2.667,0.889,0.111,0,0.111,0,16,1.778,1.889,4.111,0.222,0.444,14.111,43.243,7.444,28.879,1.111,37,3.347,-0.293,15,3.148,-0.282,22,3.482,-0.3,0,0,,0.444,0.889,14.333,5.444,0.333
Conor McKenna,Brisbane,29,29.76,Gen. Forward,1,-0.4,3,12,0,0,0,34,1,1,2,50,0,100,50,0,,50,0,0,1,2,1,2,18,9,8.23,26.23,17.49,-0.29,17.49,-0.23,-0.23,,,,,0,1,1,0,0,0,0,0,0,0,0,0,0,0,-15.94,0,1,0,0,0,0,0,,0,0,0,,1,0,0,0,0,0,0,0,0,0,0,,0,,0,,,1,0,0,,0,,0,0,0,0,0,0,0,,0,0,0,0,,,0,,,0,,,0,0,,0,0,7,2,0
Alex Davies,Gold Coast,23,23.78,Midfielder,8,11.188,77.625,62,2,0.25,1,71.375,6,11,17,70.588,54.167,79.545,74.265,2,31.25,35.294,2.25,1.125,3.375,5.037,3,5.667,212,12.471,204.569,416.569,169.898,104.803,28.919,18.556,1.687,24.736,-8.947,44.382,0.355,9.375,8.25,17.625,53.191,2.375,6.75,0.375,2.375,4.375,3.25,2.75,1.5,1,6.875,-7.259,2.875,8.25,4.875,1.625,18.625,68.664,1.75,9.396,2.625,4.375,5.25,71.429,1,0,0.25,0.125,0.125,0.625,1.75,-1.125,0,0,0,,0,,0,,,5.5,0.625,0,,0,,2,0.25,0.125,0.5,0.25,0.75,3.625,50,4.625,17.788,2,4,2.898,0.352,3,2.698,1.302,1,3.498,-2.498,0,0,,0.125,1.375,21.875,8.75,0.25
Sam Collins,Gold Coast,31,31.54,Key Defender,8,12.812,77.5,51.625,8,1,3,91,7.375,4.625,12,85.417,81.356,91.892,85.417,0.375,66.667,61.458,0.375,2.125,1.875,6.4,1.625,7.385,151.875,12.656,159.965,311.84,148.833,95.896,20.181,12.387,2.678,15.717,11.401,68.223,6.353,7.5,4.75,12.25,61.224,9.375,4.625,0,0.625,4,7.375,4.5,0,1.25,1.5,-44.895,7.375,3.5,1.375,0,0,0,0,,0.125,0.125,0.125,100,4.125,1.375,0,3.375,0,1.625,0.75,0.875,0,0,0,,0,,0,,,2.125,0,3.625,31.034,0,,0,0,0,0,0,0.125,0.125,,3.125,12.019,1.875,0,,,0,,,0,,,0.25,2.469,0,0,4.75,6.25,4.5,4.375
Nick Holman,Gold Coast,30,30.59,Mid-Forward,4,2.975,25,22.25,0,0,0,57.5,1.25,3.5,4.75,78.947,60,85.714,84.211,0.5,50,26.316,0.5,0,0.5,9.5,0.5,9.5,40.5,8.526,65.458,105.958,33.165,26.042,26.532,4.875,1.393,26.04,-1.04,51.452,-1.453,1.75,3,4.75,36.842,1.25,1.5,0,0,1.5,1.5,1.25,0,0.5,1.75,-3.462,0.5,2,1.75,0.5,0,0,0,,0.25,0.25,0.25,100,0.5,0,0,0,0,0.25,0.25,0,0,0,0,,0,,0,,,2.25,0.5,0.25,0,0.25,0,1,0.25,0,0.25,0.25,0.25,3,100,1.25,4.717,0,1,2.991,3.009,0,,,1,2.991,3.009,0,0,,0,0.5,8.75,3.5,0.5
Jy Farrar,Gold Coast,29,29.06,Gen. Forward,8,7.425,64.875,55,0,0,0,72.875,5.75,3.625,9.375,77.333,73.913,82.759,72,0.875,14.286,61.333,1.125,0,1.125,8.333,1.125,8.333,125.375,13.373,120.601,245.976,135.786,45.635,23.615,4.121,1.137,34.968,-2.968,67.779,0.221,3.25,6,9.25,35.135,1.375,1.5,1.125,0,1.5,3,1.5,0.125,0.875,2.625,37.425,0,1.375,3.125,4.75,0,0,0,,0.25,0.25,0.25,100,3.875,0.875,1.875,0.5,1,0.875,0.5,0.375,0,0,0,,0,,0,,,2.75,1.75,0,,1.5,33.333,10,1.25,1,2.5,0.5,1.125,12.125,50,4.875,18.75,0.625,20,3.54,-0.14,13,3.566,-1.566,7,3.494,2.506,0,0,,0,1.375,9.75,2,0.875
Archer Reid,West Coast,20,20.28,Key Forward,3,3.567,40,33,0,0,0,70,2.667,2,4.667,85.714,75,100,78.571,0.667,50,57.143,0.667,0,0.333,14,0.667,7,60.333,12.929,66.357,126.69,81.157,22.48,30.434,1.08,0.54,25.265,-8.598,66.892,-16.892,3.667,1.667,5.333,68.75,0.333,1,0.667,0,1,3,1,0,0,0,18.27,0.333,1.667,1.667,1.667,2.667,8.511,0,0,0.667,0.667,0.667,100,2,0.667,0.667,0,0.333,1.333,0,1.333,13.333,14.388,4.667,35,1.333,28.571,0,50,42.857,1.667,0.333,0.333,100,2,33.333,1,0.333,0.333,0.667,0,0.333,2.667,50,2.333,13.725,0.667,2,3.862,-0.362,2,3.862,-0.362,0,,,0,0,,0,1,5.667,2,0.333
Charlie Spargo,North Melbourne,26,26.09,Gen. Forward,1,0.6,34,22,0,0,0,17,2,0,2,50,50,,50,1,100,100,1,0,0,,0,,47,23.5,0,47,49.89,43.26,24.945,0,,30.07,-30.07,62.29,-62.29,1,1,2,50,1,0,0,0,0,1,0,0,0,0,-1.435,0,1,1,0,0,0,0,,0,0,0,,1,0,0,0,0,1,0,1,0,0,0,,0,,0,,,3,2,0,,0,,0,0,0,0,0,0,0,,0,0,0,0,,,0,,,0,,,0,0,,0,0,8,5,0
Lance Collard,St Kilda,20,20.76,Gen. Forward,3,3.767,26.333,20,0,0,0,36.333,1.667,1.333,3,88.889,80,100,66.667,0,,55.556,0.333,0.333,0.333,9,0.667,4.5,30.667,10.222,46.48,77.147,30.073,2.907,18.044,-0.853,-0.64,16.125,-16.125,45.51,-45.51,1,1.667,2.667,37.5,0.667,0.667,0.667,0,0.667,1,0.667,0,0,1,17.991,0.333,1,0.333,1,0,0,0,,0,0,0,,0.667,0,0.333,0.333,0,0.333,0.333,0,0,0,0,,0,,0,,,1.667,1.333,0,,0,,2,0.667,0.333,1,0,0.333,4.667,66.667,1.333,6.061,0.333,3,4.28,0.054,1,4.482,1.518,2,4.178,-0.678,0,0,,0,0.333,8.333,2.333,0
Arie Schoenmaker,St Kilda,20,20.98,Gen. Defender,1,3.5,44,52,0,0,0,72,9,2,11,100,100,100,63.636,2,50,81.818,2,7,1,11,2,5.5,248,22.545,170.87,418.87,295.14,113.67,32.793,-7.08,-3.54,16.171,-3.671,54.754,-4.754,1,9,10,10,1,1,0,0,1,1,1,0,0,1,-42.563,8,0,2,0,0,0,0,,0,0,0,,8,0,0,0,1,0,1,-1,0,0,0,,0,,0,,,0,0,1,100,0,,0,0,0,0,0,0,0,,1,4.762,0,0,,,0,,,0,,,1,9.091,100,0,0,5,5,0
Zak Jones,St Kilda,30,30.79,Midfielder,5,5.1,61,62.6,0,0,0,68.2,9.4,7.6,17,75.294,65.957,86.842,75.294,2.2,54.545,55.294,2.2,1.2,2,8.5,2.4,7.083,250.2,14.718,192.672,442.872,240.398,123.14,25.574,-5.724,-0.753,24.192,0.808,54.732,2.086,5,12.8,17.8,28.09,1,4.6,0,2,2.6,1.6,1.4,0,0.6,6.8,-11.815,2.8,8.2,6,0.8,4.2,16.154,0.6,14.286,1.6,2.2,2.4,75,4.6,0,0.4,0.4,0.4,0.2,0.8,-0.6,0,0,0,,0,,0,,,1.8,0.2,0,,0.2,0,0,0,0.4,0.6,0.2,0.4,1.8,0,3.4,16.19,0.8,3,3.457,-2.791,3,3.457,-2.791,0,,,0,0,,0,0.4,9.2,2.8,0.2
Hugh Bond,Adelaide,21,21.26,Gen. Defender,5,5.08,44,33.4,0,0,0,83,4,5.4,9.4,85.106,80,88.889,78.723,0.8,25,42.553,1,1.2,2.6,3.615,1.6,5.875,122.6,13.043,90.238,212.838,108.664,48.024,27.166,5.456,1.01,18.876,8.902,62.427,-1.316,4,6,10,40,3.6,3.2,0,0.6,2.6,3.8,3,0,0.8,4.2,-24.925,3.6,3.6,2.8,0,0,0,0,,0.2,0.2,0,,1.6,0,0,0,0,0.6,2,-1.4,0,0,0,,0,,0,,,2.8,0,1.2,50,0,,0,0,0,0.2,0,0,0,0,1.4,6.667,0.6,1,2.142,-2.142,0,,,1,2.142,-2.142,0,0,,0,2.2,10.2,8.8,1.2
Jai Culley,Melbourne,22,22.84,Midfielder,4,12.1,67.25,59.75,0,0,0,73,6.25,7.25,13.5,83.333,84,82.759,77.358,2.25,66.667,46.296,2.5,1.25,1.25,10.8,1.5,9,213,15.778,198.697,411.698,189.195,127.36,30.271,20.495,2.827,27.286,7.714,50.245,19.756,7.75,6,13.75,56.364,1.75,4.25,0.75,0.75,3.5,3.75,1.5,0.75,0.25,3.5,-6.982,3,5.75,3.5,1.5,0,0,1,,1.75,2.75,2.5,60,3.5,1,0.5,1,0,1.25,0.25,1,0,0,0,,0,,0,,,2.75,0.25,0.25,0,0,,3,0.75,0,1,0.5,0.5,7.5,75,3.5,14.737,0.75,4,3.747,0.753,3,3.998,0.002,1,2.996,3.004,0,0,,0,1.25,12.5,5.5,0.5
Campbell Chesser,Carlton,22,22.67,Midfielder,4,7.775,63.25,64.5,0,0,0,81.25,9.5,7.25,16.75,58.209,57.895,58.621,55.224,3,33.333,56.716,3,1.25,2.25,7.444,3.75,4.467,320,19.104,125.233,445.232,292.17,128.73,30.755,7.25,1,27.123,-5.911,48.9,-3.446,5.75,11,16.75,34.328,2.25,4,0,0.75,3.25,2.5,2.25,1,1,7,-8.254,3.5,6.25,5.5,1.5,0,0,0.25,,2,2.25,2.25,77.778,3.25,0,0.75,0,0.25,0.75,0.5,0.25,0,0,0,,0,,0,,,2.25,0.25,0.25,100,0,,2,0.5,0.5,1,0.25,0.75,5.5,50,3,19.355,0.75,4,3.65,-0.15,4,3.65,-0.15,0,,,0,0,,0.25,0.75,9.25,6,0.5
Tom Gross,West Coast,19,19.29,Mid-Forward,2,1.35,25,31.5,0,0,0,58.5,2.5,4.5,7,71.429,40,88.889,71.429,0.5,0,35.714,0.5,0.5,1,7,1,7,39,5.571,51.49,90.49,36.775,8.83,14.71,11.615,2.581,23.74,1.26,82.07,-32.07,2.5,4.5,7,35.714,0,1.5,0.5,0,1.5,1,1,1,1,1.5,1.699,1,2.5,2,1.5,0.5,1.613,0.5,100,0.5,1,1,50,3,0,0.5,0,0,0,0,0,0,0,0,,0,,0,,,1.5,0,0,,0,,0,0,0,0.5,0,0,0,0,1.5,8.824,0,1,2.875,-2.875,1,2.875,-2.875,0,,,0,0,,0,0.5,8.5,2.5,0.5
Hamish Davis,West Coast,19,19.66,Midfielder,4,6.925,51.5,57.75,0,0,0,62.75,6,6,12,75,66.667,83.333,70.833,1,25,50,1.25,1,1.5,8,2,6,151.5,12.625,93.585,245.085,128.545,54.648,21.424,14.362,2.394,22.484,-17.722,58.985,2.92,4.75,7.25,12,39.583,1.75,3.75,0.5,1.25,2.5,3.25,2.5,0.25,0.75,3.5,-6.235,1.75,5,4.5,0.75,0,0,0.25,,0.75,1,1.25,60,2.5,0,0,0,0.25,0.75,0,0.75,0,0,0,,0,,0,,,4.5,0.5,0,,0.25,100,1,0.25,0,0.25,0,0.25,1.75,100,1,6.452,0.5,1,1.663,4.337,0,,,1,1.663,4.337,0,0,,0,0.5,10.75,5.5,0.25
Henry Smith,Brisbane,23,23.26,Key Forward,2,6.6,45,42,0,0,0,66.5,2.5,1,3.5,85.714,80,100,85.714,0.5,0,71.429,0.5,0,3.5,1,2.5,1.4,91.5,26.143,43.28,134.78,97.275,65.255,38.91,1.415,1.415,41.49,-41.49,33.07,-33.07,2,4,6,33.333,0.5,1,0.5,0.5,0.5,1.5,1,0,0.5,1,38.526,0,1.5,1.5,3,5,17.241,0,0,0,0,0.5,100,2.5,0,1,0,1,1,1.5,-0.5,17.5,18.617,6.5,37.143,2,30.769,0,46.154,46.154,2.5,1,0,,3,16.667,4,2,0,2,0,0,12,100,2.5,10.638,1,4,2.996,3.004,3,3.477,2.523,1,1.552,4.448,0,0,,0,2,8.5,3,2
Bobby Hill,Collingwood,25,25.89,Gen. Forward,1,4.3,22,19,0,0,0,31,2,2,4,75,50,100,100,0,,50,1,0,1,4,1,4,75,18.75,28.14,103.14,41.71,74.58,20.855,27.29,13.645,49.06,50.94,54.94,45.06,1,3,4,25,1,0,0,0,0,1,0,0,0,1,43.852,0,0,2,2,0,0,0,,0,0,0,,2,1,1,1,0,0,1,-1,0,0,0,,0,,0,,,0,0,0,,0,,1,1,0,1,0,0,6,100,2,13.333,1,1,5.227,0.773,1,5.227,0.773,0,,,0,0,,0,0,6,2,0
Jordan De Goey,Collingwood,29,29.79,Mid-Forward,6,9.25,67.667,60,15,2.5,2,74,9.167,8.667,17.833,62.617,47.273,78.846,62.617,3,38.889,51.402,3.667,0.833,3.667,4.864,3.667,4.864,290.833,16.308,175.677,466.51,242.845,126.267,26.983,15.847,1.828,28.079,-8.079,49.026,-0.454,7.833,9.833,17.667,44.34,1,5,0.5,1,4,2,1.333,1.5,1,6.667,4.378,1.667,5.833,8,2.167,13.333,51.948,1.5,11.25,2.667,4.167,5.5,72.727,2.167,0.167,0.5,0,0,0.5,1.5,-1,0,0,0,,0,,0,,,2,0,0,,0,,4,0.667,0.667,1.5,0.5,1.167,8.333,44.444,4.5,23.684,1.167,9,2.457,0.654,4,2.079,-0.079,5,2.76,1.24,0,0,,0,1.333,12.667,5.167,0.167
Harry Armstrong,Richmond,19,19.54,Key Forward,4,3.725,32.75,27.5,0,0,0,72.75,3.25,2.5,5.75,60.87,46.154,80,56.522,1.25,40,56.522,1.5,0,1.25,4.6,1.5,3.833,93.75,16.304,28.905,122.655,111.87,34.03,34.422,-2.33,-0.932,29.716,-1.144,45.04,-2.183,3.5,2.25,5.75,60.87,0,1.25,0.5,0.25,1,3.5,1.25,0,1,1.25,25.789,0,1.25,2.5,2,0,0,0,,0,0,0,,2.75,1.75,0.75,0,0.75,0.5,0.25,0.25,0.75,0.806,0,0,0,,0,,,0.25,0,0,,2.25,44.444,2,0.5,0.75,1.5,0.25,0.5,5.5,33.333,2.25,12.676,0,6,3.187,-0.687,4,2.922,-0.922,2,3.717,-0.217,0,0,,0,0.75,4.5,0.75,0.75
Jayden Nguyen,Essendon,19,19.43,Gen. Defender,5,2.34,39.2,35.2,0,0,0,80.8,3.8,3.8,7.6,81.579,78.947,84.211,78.947,0.6,0,50,0.6,1.6,1.8,4.222,1.2,6.333,89.8,11.816,78.134,167.934,87.308,36.738,22.976,0.898,0.236,17.083,-11.82,62.683,0.475,3.8,4.2,8,47.5,2.4,2.2,0,0.4,1.8,3,1.6,0,0.4,2,-36.374,3.8,2.8,1.4,0,0,0,0,,0.4,0.4,0.8,50,2.2,0.2,0,0.4,0,1,0.6,0.4,0,0,0,,0,,0,,,2.6,0,1,0,0,,0,0,0,0,0,0,0,,1.2,6.818,0.4,0,,,0,,,0,,,0,0,,0,1,8.2,6.6,0.6
Caiden Cleary,Sydney,20,20.82,Gen. Forward,3,0.5,24,35.667,0,0,0,28.333,3,4.667,7.667,69.565,66.667,71.429,65.217,0.667,50,39.13,0.667,0.333,1.333,5.75,1.667,4.6,78.667,10.261,84.247,162.913,80.86,27.757,26.953,5.117,1.096,28.596,-14.31,71.736,-0.307,1.667,6.667,8.333,20,1.333,0.667,0,0,0.667,0.667,0.333,0.667,0,3,11.779,0.667,3,2.667,2,1.333,5,0,0,0.667,0.667,1,66.667,3,0,0.333,0,0.667,0,0,0,0,0,0,,0,,0,,,2,0.333,0,,0,,0,0,0.333,0.667,0,0.333,0.667,0,1.333,5.882,0.667,2,2.52,-2.02,1,2.11,-2.11,1,2.93,-1.93,0,0,,0.333,0.333,5.667,4,0
Jesse Dattoli,Sydney,19,19.4,Gen. Forward,3,0.767,36,33,0,0,0,55.333,2.667,6.333,9,59.259,25,73.684,62.963,0.333,0,29.63,0.667,0,2,4.5,2.333,3.857,72.667,8.074,62.96,135.627,82.447,9.01,30.917,3.67,0.579,24.12,-24.12,51.244,-11.244,3.667,5.333,9,40.741,0.667,3.667,2,1,2.667,3,3,0,1,3.333,26.585,0,2,3.667,3.333,0,0,0,,0.667,0.667,0.667,100,2,0,1,0,1,0,0.333,-0.333,0,0,0,,0,,0,,,1.667,0.667,0,,0.333,0,0,0,0.667,1,1,1,6.667,0,2.333,10.294,0,3,2.705,-2.038,3,2.705,-2.038,0,,,0,0,,0,0.667,8,2.667,0.667
Jack Whitlock,Port Adelaide,19,19.62,Key Forward,4,4.05,41,42.75,0,0,0,79.5,3.5,3,6.5,50,57.143,41.667,61.538,0.25,100,53.846,0.25,0.25,2.25,2.889,2.25,2.889,91,14,44.193,135.192,94.975,61.728,27.136,1.942,0.647,29.373,13.484,59.186,12.243,2,5,7,28.571,0.5,1.25,0.5,0.5,0.75,1.5,1,0,0.25,2,17.612,1,1.25,1.25,3.5,3.25,10.924,0.25,7.692,0,0.25,0.5,50,2.5,0.25,1.5,0,0.25,0.5,0.75,-0.25,8.75,10.264,1,11.429,0,0,0,0,50,3.25,1.25,0.25,100,2.25,11.111,4,1,0.5,1.75,0,0.5,7,57.143,2.75,13.58,0.25,7,3.234,0.48,4,3.335,1.165,3,3.1,-0.433,0,0,,0,1,12.5,5.5,1
Billy Frampton,Collingwood,29,29.11,Key Defender,5,9.04,64.8,48.8,0,0,0,92.8,7.2,4.2,11.4,82.456,83.333,80.952,68.421,0.8,75,63.158,0.8,2.6,2.8,4.071,2.4,4.75,185.6,16.281,158.502,344.102,165.93,63.24,23.046,0.094,0.022,18.216,-4.327,64.728,-6.395,4.6,6.6,11.2,41.071,7.4,2.2,0,0.2,2,4.6,2.2,0,0.6,1.8,-38.147,5.8,3.2,2.2,0,0,0,0,,0,0,0,,5,1.2,0,2.8,0,1.4,0.8,0.6,0,0,0,,0,,0,,,1.2,0,1.4,42.857,0,,0,0,0,0,0,0,0,,0.6,3.03,0.2,0,,,0,,,0,,,0,0,,0.2,6.2,4.4,3.6,5
Luke Breust,Hawthorn,35,35.13,Gen. Forward,3,3.633,27.333,26.667,0,0,0,38.333,3.333,2.667,6,83.333,70,100,83.333,1,66.667,55.556,1.667,0,1.333,4.5,0.333,18,84,14,124.263,208.263,78.01,63.747,23.403,7.773,2.915,41.364,15.779,54.92,30.794,1.667,4,5.667,29.412,0,1.333,0.333,0.667,0.667,1.667,1.333,0,1,0.667,25.565,0,1.667,2,2,0,0,0,,0.333,0.333,0.333,100,2,0,0.333,0,0.667,0.333,1,-0.667,0,0,0,,0,,0,,,1.333,1.333,0,,1.333,25,1,0.333,0.667,1,1.333,2.333,11.667,33.333,4.333,17.105,0.333,3,4.197,-1.531,2,4.583,-1.083,1,3.426,-2.426,0,0,,0,0,4.333,0.667,0
Jye Menzie,Essendon,23,23.17,Gen. Forward,4,3.225,39.5,46,0,0,0,68.5,4.5,3,7.5,66.667,50,91.667,63.333,0.75,33.333,60,1,0.25,1.25,6,1.5,5,136.5,18.2,58.67,195.17,138.972,51.842,30.883,11.102,3.701,23.269,-12.158,46.492,-13.159,2.5,5.5,8,31.25,0.75,2,1.25,0.25,1.75,2.25,2,0,1.25,1.5,26.559,0.75,1.75,2,3.5,0,0,0,,0.25,0.25,0.25,100,3.25,0,1.5,0,0.25,0.5,0.25,0.25,0,0,0,,0,,0,,,2.5,1.75,0,,0,,4,1,1,2.25,0.25,0.25,8.5,44.444,3.5,20.29,0.5,9,4.331,-1.22,8,4.324,-1.574,1,4.386,1.614,0,0,,0,0.25,11,3.75,0
Mitch Knevitt,Geelong,22,22.97,Midfielder,2,5.75,43,38.5,0,0,0,38.5,5,5,10,60,40,80,60,1,50,50,1,2,1.5,6.667,2.5,4,188,18.8,74.775,262.775,169.74,49.03,33.948,13.95,2.79,19.79,-7.29,57.769,-20.269,5,5,10,50,1,3.5,1.5,1,2.5,3,1.5,0,0.5,3,-2.504,3.5,2,1.5,3,0,0,0.5,,1,1.5,0.5,100,3.5,1.5,0.5,1,0,0,0,0,0,0,0,,0,,0,,,0.5,0,0.5,0,0.5,100,0,0,1,1,1,1,7,0,3,8.955,1,2,2.512,-1.512,1,1.131,-0.131,1,3.893,-2.893,0,0,,0.5,0,3,1.5,0
Jhye Clark,Geelong,21,21.44,Midfielder,4,3.8,31.25,30.25,0,0,0,43.75,5.25,3.5,8.75,62.857,57.143,71.429,62.857,0.75,33.333,60,1,2.5,1.75,5,2,4.375,151,17.257,65.91,216.91,133.683,88.11,25.463,12.092,3.455,21.058,2.752,48.425,3.956,3,5.75,8.75,34.286,2,2.5,0.25,0.5,2,1.5,1.25,0.25,0.25,3.5,-12.223,1.75,4.25,2.25,0.5,1.5,4.762,0.25,16.667,1,1.25,0.75,100,1.5,0,0,0.25,0,0,0,0,0,0,0,,0,,0,,,0.75,0,0,,0,,0,0,0,0,0.25,0.5,1.75,,2.25,7.759,0.75,0,,,0,,,0,,,0,0,,0,1,7.25,4.25,0.75
Hudson O'Keeffe,Carlton,21,21.04,Key Forward,3,5.633,56.333,38.667,0,0,0,77.667,3.667,3.333,7,57.143,54.545,60,61.905,0.333,0,52.381,0.333,0,2.667,2.625,1.667,4.2,57.333,8.19,53.197,110.53,82.71,32.883,22.557,-6.1,-1.83,29.596,30.404,64.304,15.696,4.667,2.333,7,66.667,0.333,1.667,1,0.333,1.333,3,1,0,0.667,1.333,44.317,0,1.333,1.333,4.333,6,21.429,0,0,0.333,0.333,1.667,40,2,1.333,1,0,0,1,1.333,-0.333,21.333,24.242,8.667,40.625,3.667,42.308,0.667,57.692,57.692,0.667,0.333,0.333,100,2.667,25,3,1,0.667,1.667,0.333,0.667,9,60,4.333,18.056,2.333,5,4.258,-0.258,4,4.53,-1.03,1,3.172,2.828,0,0,,0,2.333,6,1,2
Malcolm Rosas,Sydney,24,24.51,Gen. Forward,1,0,16,14,0,0,0,13,2,0,2,50,50,,50,0,,100,0,0,0,,0,,65,32.5,50.11,115.11,67.02,40.27,33.51,0,,20.35,79.65,44.98,55.02,1,1,2,50,0,1,1,0,1,1,1,0,1,0,24.555,0,1,0,1,0,0,0,,0,0,0,,1,0,0,0,0,0,0,0,0,0,0,,0,,0,,,1,0,0,,0,,0,0,1,1,0,0,1,0,2,7.143,0,1,3.717,-2.717,0,,,1,3.717,-2.717,0,0,,0,0,5,2,0
Mattaes Phillipou,St Kilda,21,21.01,Gen. Forward,3,2.433,14.333,18.333,0,0,0,62.333,1.333,2,3.333,80,75,83.333,70,0,,40,0.333,0,1.333,2.5,1.333,2.5,66.333,19.9,31.997,98.33,56.077,31.19,42.058,7.067,3.533,12.085,-12.085,43.52,-43.52,0.333,3.333,3.667,9.091,0,0.333,0,0,0.333,0.333,0.333,0,0.333,1.333,21.016,0,0.667,1.667,1.333,0,0,0,,0,0,0,,0.667,0,0.333,0,0,0,0.333,-0.333,1,0.962,0,0,0,,0,,,1.333,1,0,,0.333,0,2,0.667,0,0.667,0,0,4,100,0.667,3.279,0,2,2.959,3.041,1,3.047,2.954,1,2.871,3.129,0,0,,0,0,11,5,0
Tom Doedee,Brisbane,28,28.83,Gen. Defender,1,3.7,50,47,0,0,0,78,8,2,10,90,87.5,100,80,2,50,80,2,0,0,,1,10,153,15.3,83.33,236.33,166.85,81.85,20.856,5.23,2.615,19.669,-19.669,67.175,-4.675,1,9,10,10,2,0,0,0,0,1,0,0,0,2,-31.425,3,4,3,0,0,0,0,,0,0,0,,6,0,0,1,0,1,0,1,0,0,0,,0,,0,,,0,0,2,50,0,,0,0,0,0,0,0,0,,1,4,0,0,,,0,,,0,,,0,0,,0,5,7,6,3
Deven Robertson,West Coast,24,24.5,Gen. Forward,1,-1,14,23,0,0,0,25,4,2,6,83.333,75,100,66.667,0,,66.667,0,1,1,6,1,6,104,17.333,69.02,173.02,104.18,24.33,26.045,-4.75,-2.375,29.3,20.7,49.77,50.23,0,6,6,0,0,0,0,0,0,0,0,0,0,3,10.26,1,1,3,1,0,0,0,,0,0,0,,2,0,0,0,1,1,0,1,0,0,0,,0,,0,,,0,0,0,,0,,0,0,0,1,0,0,0,0,2,8,0,1,2.559,-2.559,0,,,1,2.559,-2.559,0,0,,0,0,2,0,0
Will McLachlan,Brisbane,20,20.71,Gen. Forward,1,2.6,26,21,0,0,0,61,3,0,3,100,100,,66.667,1,0,100,1,0,0,,1,3,107,35.667,12.76,119.76,99.15,29.79,33.05,0,,21.135,-21.135,63.71,-13.71,0,3,3,0,0,0,0,0,0,0,0,0,0,0,4.447,0,2,0,1,0,0,0,,0,0,0,,2,0,1,0,0,0,0,0,0,0,0,,0,,0,,,0,0,0,,0,,1,1,0,1,0,0,6,100,1,4,0,1,3.22,2.78,1,3.22,2.78,0,,,0,0,,1,1,9,1,1
Geordie Payne,North Melbourne,20,20.15,Gen. Forward,3,5.067,35,26.667,0,0,0,65,2.333,3,5.333,68.75,57.143,77.778,80,0.333,100,43.75,0.667,0,1.667,3.2,1,5.333,44.333,8.313,85.75,130.083,85.04,35.66,36.446,-10.567,-3.522,40.865,9.135,49.125,50.875,3,2.667,5.667,52.941,0.667,2,1,0.667,1.333,2.667,1.667,0,0.667,1,32.752,0,0.667,2.333,2.667,0,0,0,,0,0,0.333,100,0.667,0,0.667,0,0.333,1.333,1.333,0,0,0,0,,0,,0,,,2,1.333,0,,0.667,0,3,1,0.333,1.667,0.333,1,9,60,2.667,10.127,0,5,3.479,0.321,4,3.95,0.8,1,1.598,-1.598,0,0,,0,1,14.333,2,1
Cooper Trembath,North Melbourne,20,20.2,Key Forward,3,11.867,71.333,60.333,0,0,0,76.333,5.333,3.333,8.667,73.077,75,70,76.923,0.333,100,61.538,0.333,0,0,,0,,127.667,14.731,35.587,163.253,164.86,98.053,30.911,-0.603,-0.181,34.673,-1.34,57.38,9.287,6.667,2.667,9.333,71.429,1.667,3,1.333,0.333,2.667,6.667,3,0,1,0.667,48.958,0,0.667,2.667,6,0,0,0,,0,0,0,,3.333,2,2.667,0,0.667,1.667,0,1.667,0,0,0,,0,,0,,,1.667,1.333,0,,1.667,40,9,3,1.333,4.333,0.667,0.667,23.333,69.231,5,18.987,0.667,13,4.183,0.279,11,4.15,0.486,2,4.361,-0.861,0,0,,0,0.667,8.333,1.333,0.667
Jed Adams,Melbourne,21,21.63,Key Defender,1,6.6,36,27,0,0,0,86,2,3,5,100,100,100,100,0,,40,0,2,1,5,0,,97,19.4,11.59,108.59,94.37,98.74,47.185,2.22,0.74,11.9,38.1,39.15,60.85,2,2,4,50,3,2,0,0,2,2,2,0,2,0,-42.915,2,2,0,0,0,0,0,,0,0,0,,2,0,0,1,0,0,1,-1,0,0,0,,0,,0,,,3,0,4,0,0,,0,0,0,0,0,0,0,,2,8.333,2,0,,,0,,,0,,,1,6.667,100,0,4,16,15,4
Chris Burgess,Adelaide,30,30.09,Key Forward,1,2.7,41,50,0,0,0,83,8,2,10,50,37.5,100,50,1,0,80,2,0,2,5,2,5,218,21.8,-14.24,203.76,247.82,74.02,30.977,5.67,2.835,22.693,-22.693,58.79,-25.457,2,6,8,25,2,2,1,1,1,2,2,0,1,1,23.996,0,2,3,3,0,0,0,,0,0,0,,5,0,2,1,3,0,1,-1,0,0,0,,0,,0,,,2,2,0,,2,50,0,0,2,4,0,0,2,0,2,9.091,1,4,2.899,-2.399,2,2.419,-1.919,2,3.378,-2.878,0,0,,0,2,10,1,2
Rhys Unwin,Essendon,19,19.22,Gen. Forward,3,1.933,22,28.667,0,0,0,64.333,5,1.667,6.667,65,53.333,100,70,1.667,60,75,1.667,0.333,1.667,4,1.667,4,123.333,18.5,57.937,181.27,118.9,40.993,23.78,-2.167,-1.3,33.129,3.235,59.278,-4.733,3,4,7,42.857,0.333,1.333,0.333,0,1.333,2.667,1.333,0.333,1,1,15.707,0.333,2,3,1.667,0,0,0,,0.333,0.333,0.333,100,2.333,0,0.667,0,0,1.333,1,0.333,0,0,0,,0,,0,,,0.667,0.667,0,,0,,1,0.333,0.333,1,0,0.333,2.667,33.333,2.667,14.815,0,3,2.795,-0.461,2,2.582,0.418,1,3.22,-2.22,0,0,,0.333,0,9,2.333,0
Kyle Langford,Essendon,29,29.08,Key Forward,3,11.4,66.667,66.333,0,0,0,81.667,9,5,14,76.19,62.963,100,76.19,2,33.333,64.286,2.333,0,2.667,5.25,2.333,6,249,17.786,163.97,412.97,236.92,124.557,26.324,-2.943,-0.589,29.38,11.529,54.091,-4.091,4.333,9.667,14,30.952,1,3,0.667,0,3,3.333,2.667,0.667,1,4.333,10.783,0.333,6,4.667,3,0,0,0.333,,0.667,1,0.667,100,4.667,0.333,1.667,0,1.333,0,0.667,-0.667,0.333,0.391,0,0,0,,0,,,2.333,1,0.333,100,0.667,0,4,1.333,0,1.333,1,1.667,14.667,100,5.333,29.63,0,4,3.094,2.906,3,3.52,2.48,1,1.816,4.184,0,0,,0.667,1,12.667,4,0.667
Alex Dodson,St Kilda,19,19.54,Key Forward,1,-1,13,22,0,0,0,48,3,5,8,75,33.333,100,75,1,100,37.5,1,0,2,4,1,8,75,9.375,133.44,208.44,108.52,27.35,36.173,-10.01,-2.002,26.78,73.22,27.98,72.02,0,6,6,0,1,0,0,0,0,0,0,0,0,3,-1.29,2,0,2,2,0,0,0,,0,0,0,,2,0,1,0,1,0,2,-2,17,16.038,2,11.765,0,0,0,0,0,0,0,0,,1,0,0,0,1,1,0,1,2,0,2,9.091,0,1,2.869,-1.869,1,2.869,-1.869,0,,,0,0,,0,0,3,0,0
Luke Beecken,Brisbane,24,24.7,Midfielder,1,0.9,7,10,0,0,0,11,1,2,3,66.667,100,50,66.667,0,,33.333,0,0,0,,1,3,48,16,18.54,66.54,39.1,13.05,39.1,10.21,5.105,18.18,-18.18,37.48,-37.48,0,3,3,0,0,0,0,0,0,0,0,0,0,2,-9.947,0,3,0,0,0,0,0,,0,0,0,,1,0,0,0,1,0,0,0,0,0,0,,0,,0,,,0,0,0,,0,,0,0,0,0,0,0,0,,0,0,0,0,,,0,,,0,,,0,0,,0,1,2,1,0
Sam Day,Brisbane,33,33.31,Key Forward,3,3.7,37.667,33.333,0,0,0,67.667,4.667,3,7.667,65.217,42.857,100,65.217,1,33.333,60.87,1,0.333,2,3.833,1,7.667,115.333,15.043,54.693,170.027,138.37,39.067,29.651,-1.107,-0.369,24.932,8.401,44.527,-22.304,4.667,3.333,8,58.333,1,2,0,0.667,1.333,3.333,1.667,0,0.333,1.667,18.577,0.333,2.333,3.667,1.667,3.333,12.821,0,0,0.667,0.667,1.333,50,2.667,1,0.667,0.333,0,0.333,1.333,-1,10,10.753,4.333,43.333,0.667,15.385,0.667,38.462,30.769,1,0.333,0.333,0,2.333,0,0,0,0.667,0.667,0.333,0.667,3,0,2.667,10.127,0.333,2,4.197,-3.197,2,4.197,-3.197,0,,,0,0,,0,1.333,7,3,0.667
Harry Schoenberg,West Coast,24,24.85,Midfielder,1,0.9,26,23,0,0,0,18,1,4,5,60,0,75,60,0,,20,0,0,1,5,1,5,15,3,104.25,119.25,19.59,2.48,19.59,3.45,0.862,25.84,-25.84,40.99,-40.99,2,3,5,40,2,1,0,1,0,2,1,0,0,2,-24.086,2,0,3,0,2,10,0,0,0,0,0,,1,0,0,0,0,1,0,1,0,0,0,,0,,0,,,2,0,0,,0,,0,0,0,0,0,0,0,,1,7.143,0,0,,,0,,,0,,,0,0,,0,1,5,4,0
Sam Walsh,Carlton,25,25.49,Midfielder,2,9.3,108.5,82.5,10,5,2,60,11,17,28,78.571,59.091,91.176,78.571,4.5,55.556,39.286,5.5,2,3.5,8,3,9.333,364.5,13.018,346.885,711.385,305.54,219.57,27.776,55.81,3.283,28.375,16.625,51.946,8.055,8.5,21,29.5,28.814,1,6,1,2,4,3,2.5,1.5,1,15,1.36,3.5,10.5,12,3.5,14.5,51.786,3,20.69,1,4,4.5,77.778,4,0,0.5,0,2,1,1.5,-0.5,0,0,0,,0,,0,,,1.5,0.5,0,,0,,0,0,1,1,1.5,1.5,10,0,6.5,24.528,1,2,4.259,-3.259,2,4.259,-3.259,0,,,0,0,,1,0.5,8.5,3.5,0
Alex Sexton,Gold Coast,32,32.07,Gen. Forward,2,1.65,29,28.5,0,0,0,56,4,3,7,64.286,50,83.333,64.286,1.5,66.667,57.143,1.5,0,0,,1,7,136.5,19.5,66.545,203.045,126.15,42.74,31.538,0.455,0.152,34.762,5.238,45.54,14.46,2,5,7,28.571,1,2,0.5,0.5,1.5,2,2,0,0.5,2,13.228,0.5,1.5,3.5,1.5,0,0,0,,0,0,0,,2.5,0,0,0,0.5,0,0,0,0,0,0,,0,,0,,,0.5,0.5,0,,0.5,0,0,0,1,1,1,1,7,0,3.5,16.279,0,2,2.98,-1.98,0,,,2,2.98,-1.98,0,0,,0.5,0,3.5,0.5,0
Jacob Wehr,Port Adelaide,27,27.49,Midfielder,2,1.7,31,24,0,0,0,29.5,3.5,2.5,6,83.333,71.429,100,83.333,0.5,100,58.333,0.5,0.5,0,,0.5,12,78,13,96.925,174.925,92.675,41.46,26.479,-4.15,-1.66,22.414,20.443,62.91,8.519,1,5.5,6.5,15.385,0.5,0,0,0,0,0.5,0,0,0,3,-17.766,1.5,3.5,1,0.5,0,0,0.5,,0.5,1,0,,2,0,0,0,0.5,0.5,0,0.5,0,0,0,,0,,0,,,0.5,0,0,,0,,0,0,0,0,0.5,0.5,3,,2,7.273,1,0,,,0,,,0,,,0,0,,0,1,5,3,0.5
Matt Whitlock,North Melbourne,19,19.62,Key Defender,1,4.8,13,11,0,0,0,41,1,1,2,100,100,100,100,0,,50,0,0,0,,0,,11,5.5,38.61,49.61,9.22,10.11,9.22,-4.16,-4.16,,,,,2,0,2,100,0,2,1,0,2,2,2,0,1,0,21.82,0,1,0,1,0,0,0,,0,0,0,,0,0,0,0,0,0,0,0,0,0,0,,0,,0,,,0,0,0,,2,0,1,1,0,1,0,0,6,100,1,2.857,0,1,5.588,0.412,0,,,1,5.588,0.412,0,0,,0,0,0,0,0
Jacob Newton,West Coast,19,19.78,Key Forward,2,2.9,25.5,24,0,0,0,47.5,3,0,3,33.333,33.333,,33.333,1,0,100,1,0,0,,0.5,6,82.5,27.5,7.19,89.69,97.1,17.82,32.367,0,,28.243,-28.243,57.427,-24.093,1.5,1.5,3,50,0.5,0.5,0.5,0,0.5,1,0.5,0,0,1,35.827,0,0.5,1,1.5,0,0,0,,0.5,0.5,0,,1,0.5,0,0,0,0.5,0,0.5,0,0,0,,0,,0,,,2,1.5,0,,0,,1,0.5,0.5,1.5,0,0,3.5,33.333,1.5,10.714,0.5,3,3.508,-1.174,1,4.969,1.031,2,2.777,-2.277,0,0,,0,0,8,2,0
Jordan Croft,Western Bulldogs,20,20.63,Key Forward,2,7.3,64.5,60,0,0,0,81,6,5.5,11.5,56.522,50,63.636,69.565,0.5,100,52.174,1.5,0,2.5,4.6,2,5.75,162,14.087,92.97,254.97,194.295,83.455,32.382,7.955,1.446,37.137,29.53,34.16,-0.827,7,5,12,58.333,0.5,3.5,2,1.5,2,6.5,3.5,0,1.5,1,44.069,0,1.5,2.5,8,0,0,0,,0.5,0.5,0,,5,2,3.5,0,0.5,1.5,1,0.5,0,0,0,,0,,0,,,1,0,0,,0,,4,2,1.5,4.5,0.5,0.5,16.5,44.444,6.5,22.414,0,9,3.605,-0.605,8,3.331,-0.706,1,5.796,0.204,0,0,,0,1,11,3,1
Lucas Camporeale,Carlton,19,19.44,Midfielder,1,2.8,15,26,0,0,0,24,4,1,5,80,75,100,80,1,100,80,1,0,0,,0,,119,23.8,41.94,160.94,113.25,73.72,28.312,9.19,9.19,18.685,6.315,66.925,8.075,2,3,5,40,0,0,0,0,0,1,0,0,0,1,-32.034,2,2,1,0,0,0,1,,0,1,0,,2,0,0,0,0,2,0,2,0,0,0,,0,,0,,,1,0,0,,0,,0,0,0,0,0,0,0,,2,8,0,0,,,0,,,0,,,0,0,,0,0,5,2,0
Lachlan Gulbin,Gold Coast,19,19.1,Gen. Forward,1,1.3,49,50,0,0,0,71,6,3,9,77.778,83.333,66.667,44.444,3,33.333,66.667,3,0,3,3,5,1.8,213,23.667,85.96,298.96,202.13,39.82,33.688,0.7,0.233,27.835,-11.168,45.118,-28.452,3,6,9,33.333,1,3,1,1,2,2,2,0,1,2,13.226,1,2,5,1,0,0,0,,0,0,0,,4,0,0,0,1,0,2,-2,0,0,0,,0,,0,,,5,2,0,,0,,0,0,0,0,0,0,0,,1,4.545,0,0,,,0,,,0,,,0,0,,0,0,12,2,0
Harrison Ramm,Port Adelaide,19,19.07,Key Defender,1,3.6,28,35,0,0,0,81,5,0,5,60,60,,60,1,0,100,1,2,1,5,2,2.5,96,19.2,20.18,116.18,106.6,23.03,21.32,0,,17.36,22.64,71.298,-11.298,0,5,5,0,1,0,0,0,0,0,0,0,0,1,-38.508,3,1,1,0,0,0,0,,0,0,0,,4,0,0,1,0,0,0,0,0,0,0,,0,,0,,,2,0,1,100,0,,0,0,0,0,0,0,0,,0,0,0,0,,,0,,,0,,,0,0,,0,3,3,1,3
Ewan Mackinlay,Port Adelaide,22,22.45,Midfielder,1,7.4,80,75,0,0,0,73,12,3,15,73.333,66.667,100,66.667,2,50,80,3,1,2,7.5,4,3.75,360,24,104.02,464.02,279.75,168.81,25.432,27.61,9.203,21.782,8.218,53.674,-3.674,3,12,15,20,1,2,0,0,2,1,0,0,0,7,5.417,1,8,3,3,0,0,0,,2,2,1,100,4,0,0,1,0,1,1,0,0,0,0,,0,,0,,,4,1,0,,1,0,1,1,1,2,1,1,13,50,5,23.81,1,2,4.267,-0.767,1,5.527,0.473,1,3.007,-2.007,0,0,,0,1,17,6,0
Rory Atkins,Port Adelaide,31,31.47,Gen. Defender,1,0.1,11,7,0,0,0,25,1,2,3,66.667,100,50,33.333,1,0,33.333,1,0,1,3,1,3,46,15.333,-1.77,44.23,54.51,-10.06,54.51,-13.97,-6.985,29.16,-29.16,36.64,-36.64,1,2,3,33.333,1,1,1,0,1,0,0,0,0,1,-4.93,1,0,1,1,0,0,0,,0,0,0,,1,0,0,1,0,0,1,-1,0,0,0,,0,,0,,,0,0,0,,0,,0,0,0,0,0,0,0,,0,0,0,0,,,0,,,0,,,0,0,,0,0,2,2,0
Billy Dowling,Adelaide,21,21.5,Mid-Forward,1,9.3,55,53,0,0,0,76,6,8,14,50,50,50,50,1,100,42.857,1,0,3,4.667,2,7,187,13.357,52.81,239.81,180.5,104.8,30.083,19.77,2.471,21.387,-21.387,47.965,-22.965,9,4,13,69.231,1,8,0,2,6,3,2,0,1,1,1.784,1,6,4,2,0,0,1,,3,4,4,75,2,0,1,0,0,1,0,1,0,0,0,,0,,0,,,0,0,0,,0,,2,2,0,2,0,0,12,100,3,10.714,1,2,4.529,1.471,2,4.529,1.471,0,,,0,0,,0,0,11,6,0
Sid Draper,Adelaide,19,19.49,Mid-Forward,1,-5.2,0,16,0,0,0,46,3,2,5,20,0,50,20,1,0,60,1,0,5,1,3,1.667,105,21,-6.15,98.85,108.82,3.21,36.273,2.7,1.35,28.115,-28.115,33.2,-33.2,2,4,6,33.333,1,1,0,0,1,2,1,0,0,4,5.478,0,3,2,1,11,30.556,0,0,0,0,0,,0,0,0,0,0,1,2,-1,0,0,0,,0,,0,,,2,0,0,,0,,0,0,0,1,0,0,0,0,0,0,0,1,2.678,-2.678,0,,,1,2.678,-2.678,0,0,,0,0,5,3,0
Aidan Corr,North Melbourne,31,31.62,Key Defender,1,1.2,10,19,0,0,0,76,2,2,4,75,50,100,75,0,,50,0,0,2,2,0,,26,6.5,71.6,97.6,41.34,-7.59,20.67,-7.46,-3.73,25.13,-25.13,68.025,-18.025,4,1,5,80,2,2,0,0,2,4,2,0,2,1,1.354,0,2,3,0,0,0,0,,0,0,0,,0,0,0,0,0,1,0,1,0,0,0,,0,,0,,,2,0,0,,0,,0,0,0,0,0,0,0,,0,0,0,0,,,0,,,0,,,0,0,,0,1,8,1,0
Jed Bews,Geelong,32,32.04,Gen. Defender,1,10.6,88,68,0,0,0,80,11,4,15,86.667,81.818,100,80,0,,73.333,0,5,1,15,2,7.5,234,15.6,147.57,381.57,191,163.92,17.364,11.29,2.823,18.558,26.896,68.562,4.165,6,10,16,37.5,6,5,1,3,2,3,3,0,0,3,-34.241,8,5,2,1,0,0,0,,3,3,1,100,6,0,0,2,0,0,1,-1,0,0,0,,0,,0,,,3,0,0,,0,,0,0,0,0,0,0,0,,6,18.182,3,0,,,0,,,0,,,0,0,,0,1,12,9,0
Josh Gibcus,Richmond,22,22.74,Key Defender,1,5.4,43,25,0,0,0,56,5,2,7,71.429,60,100,57.143,0,,71.429,0,2,1,7,1,7,128,18.286,119.11,247.11,127.59,22.66,25.518,6.4,3.2,15.177,-15.177,64.007,-14.007,3,4,7,42.857,3,3,0,2,1,3,3,0,0,1,-48.909,4,3,0,0,0,0,0,,0,0,0,,3,0,0,0,0,0,1,-1,0,0,0,,0,,0,,,0,0,2,0,0,,0,0,0,0,0,0,0,,0,0,0,0,,,0,,,0,,,0,0,,0,6,9,9,6
Corey Warner,Sydney,22,22.23,Mid-Forward,1,9.5,75,67,0,0,0,75,11,3,14,85.714,81.818,100,78.571,4,75,78.571,5,3,3,4.667,1,14,422,30.143,287.09,709.09,378.25,287.31,34.386,22.87,7.623,25.804,24.196,48.924,31.076,3,12,15,20,1,2,1,0,2,1,0,0,0,3,-11.995,4,3,7,1,0,0,0,,1,1,2,50,10,1,0,1,0,0,1,-1,0,0,0,,0,,0,,,0,0,0,,2,0,0,0,1,1,4,4,25,0,6,21.429,1,1,2.473,-1.473,1,2.473,-1.473,0,,,0,0,,0,0,2,2,0
Lucca Grego,West Coast,19,19.29,Gen. Defender,1,3.6,59,56,0,0,0,82,9,5,14,71.429,55.556,100,57.143,1,0,64.286,1,5,2,7,3,4.667,235,16.786,108.98,343.98,230.86,33.98,25.651,11.04,2.208,14.384,-14.384,59.692,-26.359,6,5,11,54.545,5,4,0,0,4,5,3,0,1,3,-39.937,6,5,1,0,0,0,0,,1,1,0,,5,2,0,2,0,0,0,0,0,0,0,,0,,0,,,1,0,1,0,0,,0,0,0,0,0,0,0,,0,0,0,0,,,0,,,0,,,3,30,66.667,0,1,7,5,1
Arthur Jones,Western Bulldogs,22,22.45,Mid-Forward,1,10,33,33,0,0,0,42,3,3,6,83.333,100,66.667,100,0,,50,0,0,0,,0,,95,15.833,40.99,135.99,83.46,89.55,27.82,6.63,2.21,14.58,-14.58,54.21,45.79,4,2,6,66.667,0,3,2,0,3,3,2,0,0,0,31.838,0,2,0,4,0,0,0,,1,1,1,100,2,1,1,0,0,0,0,0,0,0,0,,0,,0,,,0,0,0,,1,0,2,2,0,2,0,1,13,100,5,18.519,1,2,3.235,2.765,1,3.58,2.42,1,2.891,3.109,0,0,,0,0,6,0,0
James Tunstill,Brisbane,22,22.45,Midfielder,1,0.2,11,18,0,0,0,12,3,0,3,100,100,,66.667,1,0,100,1,1,0,,0,,94,31.333,0.76,94.76,109.85,54.99,36.617,0,,27.533,-27.533,38.743,27.923,0,3,3,0,1,0,0,0,0,0,0,0,0,0,0.567,1,0,2,0,0,0,0,,0,0,0,,3,0,0,1,0,0,0,0,0,0,0,,0,,0,,,0,0,0,,0,,0,0,0,0,0,0,0,,0,0,0,0,,,0,,,0,,,0,0,,0,0,2,1,0
Ty Gallop,Brisbane,19,19.89,Key Forward,5,6.78,48.4,46.2,2,0.4,1,73.6,4.2,5,9.2,71.739,71.429,72,73.913,1.2,66.667,45.652,1.6,0,1.6,5.75,2.4,3.833,140.8,15.304,74.466,215.266,136.45,89.516,34.112,7.658,1.532,29.747,-8.319,54.265,2.878,4.6,5,9.6,47.917,1.2,3.2,1,1,2.2,4,2.6,0,0.6,2,24.538,0,2.4,3.8,3.4,0,0,0,,0.2,0.2,0.2,100,3,0.8,1.2,0,0.6,0.4,1,-0.6,3.4,3.131,0.8,23.529,0,0,0,25,25,2.8,0.6,0,,1.8,33.333,4,0.8,0.4,1.4,0.6,0.8,9,57.143,3.6,12.857,0.8,7,2.992,0.722,4,3.038,0.462,3,2.931,1.069,0,0,,0,0.8,10.4,4,0.4
Jake Rogers,Gold Coast,20,20.83,Gen. Forward,1,6.3,22,20,0,0,0,27,5,1,6,66.667,60,100,100,1,100,83.333,1,0,0,,0,,131,21.833,134.25,265.25,106.6,131.01,21.32,12.08,12.08,36.512,43.488,51.29,8.71,2,4,6,33.333,0,2,0,0,2,1,1,0,0,3,26.852,0,1,3,2,3,9.375,1,33.333,0,1,1,100,1,0,0,0,0,0,0,0,0,0,0,,0,,0,,,0,0,0,,0,,0,0,0,0,2,2,12,,3,7.895,0,0,,,0,,,0,,,0,0,,0,0,4,2,0
Sam Butler,Hawthorn,22,22.88,Mid-Forward,3,5.467,56.333,62.333,0,0,0,60.667,6,3.667,9.667,65.517,50,90.909,65.517,0.333,100,62.069,0.667,0.333,0.667,14.5,1.333,7.25,105.333,10.897,114.37,219.703,97.213,58.72,16.202,5.157,1.406,32.321,-15.654,62.193,-3.859,1.667,7.333,9,18.519,0.333,0.667,0.333,0.333,0.333,0.667,0.333,0.667,0,3.333,16.323,0.667,2,3.667,2.667,1.667,5.263,0,0,0,0,1.333,0,2.667,0,0.333,0,0,0.333,0,0.333,0,0,0,,0,,0,,,5.667,2,0,,0.333,0,3,1,0,1.667,0.333,0.333,8,60,4.333,16.667,0.333,5,3.415,0.185,2,4.201,1.799,3,2.891,-0.891,0,0,,0.333,0,14,6,0
Josh Weddle,Hawthorn,21,21.6,Gen. Defender,3,7.133,67.333,71.333,0,0,0,84.333,9.333,5,14.333,60.465,46.429,86.667,58.14,2.333,57.143,65.116,3.667,2.667,3.667,3.909,3,4.778,404.667,28.233,146.777,551.443,339.853,143.84,37.761,11.413,2.283,23.329,5.242,45.41,-7.314,5.333,9.333,14.667,36.364,2,3,0.667,0.333,2.667,3.667,1.333,0,0,4,1.24,2.667,3,6.667,2.333,0,0,0,,0.667,0.667,1.333,50,5,1,1,1,0.333,1.333,0.667,0.667,5.667,5.03,2,35.294,0.667,33.333,0,66.667,66.667,3.333,1,0.667,0,2.667,37.5,1,0.333,1.667,2.333,0.333,1.333,6.667,14.286,5,19.231,0.333,7,3.35,-1.778,5,3.796,-1.996,2,2.235,-1.234,0.333,3.333,100,2,3.667,14.667,6.667,3.667
