Player,Team,Age,Age_Decimal,Position,Matches,RatingPoints_Avg,Supercoach_Avg,DreamTeamPoints_Avg,CoachesVotes_Total,CoachesVotes_Avg,CoachesVotes_MatchesPolled,TimeOnGround,Kicks,Handballs,Disposals,DisposalEfficiency,KickingEfficiency,HandballEfficiency,DisposalRetentionPercentage,KicksIntoF50,KickIntoF50RetentionPercentage,KickPercentage,Inside50s,Rebound50s,Clangers,DisposalsPerClanger,Turnovers,DisposalsPerTurnover,MetresGained,MetresGainedPerDisposal,AssistedMetresGained,NetMetresGained,KickMetresGained,RetainedMetresGained,KickMetresGainedPerKick,HandballMetresGained,HandballMetresGainedPerHandball,xThreatPerKick,ThreatRating,xRetainPerKick,RetentionRating,ContestedPossessions,UncontestedPossessions,TotalPossessions,ContestedPossessionRate,Intercepts,GroundBallGets,GroundBallGetsForward50,HardBallGets,LooseBallGets,PostClearanceContestedPossessions,PostClearanceGroundBallGets,GathersFromHitout,CrumbingPossessions,HandballReceives,AverageFieldPosition,Defensive50Possessions,DefensiveMidfieldPossessions,AttackingMidfieldPossessions,Forward50Possessions,CentreBounceAttendances,CentreBounceAttendancePercentage,CentreClearances,CentreClearanceRate,StoppageClearances,TotalClearances,FirstPossessions,FirstPossessionToClearance,Marks,ContestedMarks,MarksInside50,InterceptMarks,MarksOnLead,FreesFor,FreesAgainst,FreesDiff,RuckContests,RuckContestPercentage,Hitouts,HitoutsWinPercentage,HitoutsToAdvantage,HitoutsToAdvantagePercentage,RuckHardBallGets,HitoutToFirstPossession,HitoutToClearance,Tackles,TacklesInside50,ContestDefensiveOneOnOnes,ContestDefensiveLossPercentage,ContestOffensiveOneOnOnes,ContestOffensiveWinPercentage,Goals_Total,Goals_Avg,Behinds,ShotsAtGoal,GoalAssists,ScoreAssists,ScoreboardImpact,GoalAccuracy,ScoreInvolvements,ScoreInvolvementPercentage,ScoreLaunches,xScoreShots,xScorePerShot,xScoreRatingPerShot,xScoreShots_Set,xScorePerShot_Set,xScoreRatingPerShot_Set,xScoreShots_General,xScorePerShot_General,xScoreRatingPerShot_General,KickIns,KickInPercentage,KickInsPlayOnPercentage,Bounces,OnePercenters,PressureActs,PressureActsDefensiveHalf,Spoils
Harry McKay,Carlton,28,28.01,Key Forward,5,12.54,93.6,87.6,10,2,1,89.4,9.8,5,14.8,62.162,51.02,84,60.811,1.6,25,66.216,1.8,0.2,4.4,3.364,4,3.7,248,16.757,80.61,328.61,299.246,85.046,31.171,-9.564,-1.913,28.772,-10.59,57.103,-25.285,8.4,6.6,15,56,1,2.6,1.2,1.4,1.2,6,2.2,0,0.2,1.8,30.464,0.4,3.6,3.4,7.6,0.8,2.92,0.4,50,1,1.4,2.2,72.727,6.2,2.6,3,0.2,1.4,1.2,1.6,-0.4,11.4,11.925,2,17.544,0.4,20,1.6,40,40,3.6,1.6,0,,3,33.333,13,2.6,1.2,4.8,0.6,1.2,21,54.167,7,33.333,1.4,24,3.241,0.259,17,3.49,0.628,7,2.637,-0.637,0,0,,0,0.8,9.6,3,0.4
Lachie Fogarty,Carlton,26,26.75,Gen. Forward,4,6.15,59.5,51.75,0,0,0,80,5.5,7.25,12.75,68.627,54.545,79.31,68.627,1.25,60,43.137,1.75,0.5,2,6.375,2.5,5.1,136.5,10.706,114.685,251.185,147.015,56.258,26.73,-6.867,-0.947,38.388,-0.888,52.105,-8.355,4.75,8,12.75,37.255,1.5,4,0.75,0.5,3.5,3.75,3.25,0,1.75,3.25,16.937,1,3.25,5,3.5,0,0,0.25,,0,0.25,0.5,0,2.25,0,1,0,0.25,0.75,0.75,0,0,0,0,,0,,0,,,3,1.25,0,,0.75,33.333,2,0.5,0.5,1,0.5,1.5,7.5,50,3.75,18.75,1,4,5.196,-1.696,3,4.949,-2.282,1,5.94,0.06,0,0,,0,0.5,16.25,3.75,0
Adam Cerra,Carlton,26,26.23,Midfielder,1,13.6,84,85,0,0,0,72,13,6,19,73.684,69.231,83.333,57.895,5,20,68.421,6,1,4,4.75,5,3.8,402,21.158,140.13,542.13,430.4,178.47,33.108,6.92,1.153,21.083,3.917,37.23,4.437,10,9,19,52.632,5,7,2,1,6,6,5,1,4,3,-10.992,4,7,5,3,17,68,1,5.882,0,1,3,0,5,0,1,0,0,1,0,1,0,0,0,,0,,0,,,3,0,0,,0,,1,1,0,1,0,1,7,100,4,25,0,1,4.827,1.173,1,4.827,1.173,0,,,0,0,,0,2,15,11,1
Tom De Koning,St Kilda,26,26.46,Ruck,5,8.24,78.8,73,0,0,0,77.8,8.6,6.2,14.8,68.919,62.791,77.419,60.274,3.4,23.529,58.108,3.4,1.2,4.6,3.217,2.8,5.286,244.8,16.541,140.162,384.962,259.094,90.52,30.845,-1.4,-0.226,24.177,-12.412,48.658,-7.481,7,6.4,13.4,52.239,1.4,3,0.2,1,2,1.8,0.6,0,0.2,3.6,0.393,1.2,5,5.8,1.4,16.4,59.854,2.4,14.634,1.6,4,5.8,68.966,3.8,1.2,0.4,0.8,0.6,0.4,2.2,-1.8,50.2,52.51,19.4,38.645,5.4,27.835,2.4,47.423,41.237,2.2,0.2,0.4,100,1.4,71.429,1,0.2,0.2,0.6,0,0.2,1.6,33.333,2,9.524,0.8,3,3.986,-1.653,2,4.938,-1.437,1,2.084,-2.084,0,0,,0.2,2.4,7.6,4,2.4
Corey Durdin,Port Adelaide,23,23.71,Gen. Forward,5,3.82,37.4,38.6,0,0,0,47.6,5.6,3.2,8.8,68.182,53.571,93.75,75,1.6,75,63.636,1.6,0,2,4.4,2,4.4,146.6,16.659,90.982,237.582,150.43,93.452,26.863,4.334,1.354,33.02,-4.449,52.111,9.793,2.6,5.6,8.2,31.707,1,2.4,0.8,1,1.4,2.2,2,0,0.8,2.2,16.56,0.2,1.8,4.2,2,0,0,0,,0.2,0.2,0.2,100,2.6,0,0.6,0,0.8,0.2,0.6,-0.4,0,0,0,,0,,0,,,1.6,0.2,0,,0.4,0,2,0.4,0.4,0.8,0.6,1.2,7,50,2.6,12.381,0,4,3.385,0.115,2,3.28,2.72,2,3.49,-2.49,0,0,,0,0.6,8.8,2,0.2
Jesse Motlop,Carlton,22,22.1,Gen. Forward,5,10.1,51.6,47.8,1,0.2,1,76.8,6.8,5,11.8,67.797,47.059,96,67.797,1,20,57.627,1.8,0.6,3.2,3.688,3.2,3.688,180.8,15.322,141.57,322.37,157.188,83.708,23.116,0.816,0.163,35.483,-5.049,54.891,1.631,5.2,7.4,12.6,41.27,0.8,3.8,1.4,0.4,3.4,3,2.4,0.2,1.6,5.2,17.722,1.4,3,3.6,4.6,6,21.898,0.8,13.333,1.2,2,1.6,87.5,2,0.2,0.6,0,0.2,1,2,-1,0,0,0,,0,,0,,,2.8,1.2,0,,0.4,50,4,0.8,0.4,1.8,0.4,1,8.2,44.444,4,19.048,0.8,9,3.031,-0.142,1,2.205,3.795,8,3.134,-0.634,0,0,,0.4,0.8,16,4.2,0.4
Ashton Moir,Carlton,20,20.71,Gen. Forward,5,5.44,50.6,41.2,0,0,0,76.6,5,3.8,8.8,63.636,52,78.947,61.364,0.8,50,56.818,0.8,0,1.6,5.5,2,4.4,103.2,11.727,55.418,158.618,115.5,44.326,23.1,5.754,1.514,31.862,-1.093,53.22,-7.066,4.6,4.4,9,51.111,0.8,3.2,1.8,0.8,2.4,3.6,2.6,0.4,0.6,1.8,36.101,0,1.4,3.6,4,1.4,5.109,0,0,0.4,0.4,0.8,75,2.4,0.6,0.8,0,1.2,0.4,0.4,0,0,0,0,,0,,0,,,1.4,0.6,0,,0.6,33.333,5,1,0.6,2.2,0.4,0.4,9,45.455,3,14.286,0.2,11,3.387,-0.387,5,3.764,0.036,6,3.072,-0.739,0,0,,0,0.6,11.4,4.2,0.6
Lachlan Cowan,Carlton,21,21.08,Gen. Defender,5,6.5,84.2,79.2,0,0,0,80.4,12.6,5.8,18.4,85.87,80.952,96.552,79.348,1.8,66.667,68.478,1.8,3.4,1.6,11.5,2.4,7.667,339.8,18.467,196.096,535.896,331.16,206.812,26.283,9.802,1.69,19.852,-8.376,56.969,11.884,3.6,15,18.6,19.355,4.8,2,0,0.8,1.2,3.4,1.8,0,0.4,6.8,-24.993,5.2,9.4,3.8,0.2,0,0,0,,0,0,0.2,0,6.4,0.4,0.2,1.4,0.4,1.6,1,0.6,0,0,0,,0,,0,,,3,0,1.2,16.667,0,,0,0,0,0,0.2,0.6,1.6,,2.4,11.429,0.6,0,,,0,,,0,,,0.2,2.273,100,0.4,1.8,9.4,5.8,1.8
Oliver Hollands,Carlton,21,21.95,Gen. Defender,5,8.94,81.8,78.4,0,0,0,87.6,12.2,9.6,21.8,77.064,65.574,91.667,69.725,3.2,43.75,55.963,3.8,4.2,2.4,9.083,4.4,4.955,420.4,19.284,270.026,690.426,352.832,192.16,28.921,15.102,1.573,21.386,1.947,53.9,-3.899,5.6,14.8,20.4,27.451,3,5,0,0,5,3.8,3.6,0.2,1,9.4,-13.124,4.2,8.8,6.8,0.6,0,0,0,,1.4,1.4,1.2,66.667,4.2,0,0,0,0,1.2,0.8,0.4,0,0,0,,0,,0,,,2.8,0.2,0.4,50,0,,0,0,0,0,0.6,0.6,3.6,,3.4,16.19,0.8,0,,,0,,,0,,,1.8,20.455,100,0.2,1.6,16.8,8.6,1
Will White,Carlton,21,21.78,Gen. Forward,4,4.675,41.25,43,0,0,0,71,4.5,2.75,7.25,65.517,55.556,81.818,68.966,0.75,33.333,62.069,1,0.75,1.25,5.8,1.5,4.833,126.75,17.483,29.84,156.59,130.27,49.258,28.949,-3.237,-1.177,24.494,-10.208,48.459,-12.744,2.75,5.5,8.25,33.333,2,2,1,0.25,1.75,2.25,1.5,0,1,2.25,16.252,1,2,1.75,3.5,0,0,0.25,,0,0.25,0,,1.75,0,0.75,0,0,0.75,0.25,0.5,0,0,0,,0,,0,,,3.5,0.75,0,,0,,3,0.75,0.25,1,0,0,4.75,75,1.5,7.792,0.5,4,3.29,1.46,4,3.29,1.46,0,,,0,0,,0,0,15.75,5.25,0
Matthew Carroll,Carlton,20,20.09,Gen. Defender,5,4.7,48.8,48,0,0,0,81,8.8,2.4,11.2,76.786,77.273,75,73.214,1.4,57.143,78.571,1.6,2.6,2,5.6,1.8,6.222,279.2,24.929,125.208,404.408,254.146,176.326,28.88,13.582,5.659,18.811,3.14,61.561,6.732,2.2,8.8,11,20,3.6,1.4,0,0,1.4,2,1.2,0,0.4,3.8,-27.102,4,4.6,2.4,0,0,0,0,,0.2,0.2,0.2,100,4.2,0.2,0,1.8,0,0.6,0.2,0.4,0,0,0,,0,,0,,,1,0,0.6,0,0,,0,0,0.2,0.2,0.2,0.2,1.4,0,2.4,11.429,0.8,1,2.454,-1.454,0,,,1,2.454,-1.454,0.8,9.091,100,0,1.2,5.8,4.4,0.8
Harry O'Farrell,Carlton,19,19.66,Key Defender,2,7.05,64.5,61.5,0,0,0,64.5,8.5,3,11.5,86.957,88.235,83.333,82.609,0,,73.913,0.5,2,0.5,23,1.5,7.667,218.5,19,163.725,382.225,217.57,151.72,25.596,0.405,0.135,16.647,-10.397,66.724,2.026,1.5,10,11.5,13.043,4,1,0,0.5,0.5,1,0.5,0,0,2,-45.712,7,3.5,1,0,0,0,0,,0,0,0,,7.5,0.5,0,3,0,0,0.5,-0.5,0,0,0,,0,,0,,,1.5,0,0.5,100,0,,1,0.5,0,0.5,0,0,3,100,1,6.061,0.5,1,3.167,2.833,1,3.167,2.833,0,,,0,0,,0,5,6.5,6,5
Cooper Lord,Carlton,20,20.78,Midfielder,4,11.35,83.25,73.25,2,0.5,1,64.75,7.75,9.75,17.5,65.714,54.839,74.359,71.014,2.75,54.545,44.286,3,0.5,2.75,6.364,2.5,7,240,13.714,157.618,397.618,192.145,129.445,24.793,27.725,2.918,33.967,-2.932,48.427,3.298,8.25,10.25,18.5,44.595,0.75,5,1.25,1.75,3.25,1.5,1.5,1,1.25,8.25,4.97,1.75,6.25,7.25,3.25,16,57.143,1.5,9.375,2.5,4,5,65,1.5,0,0,0,0.25,2,1,1,0,0,0,,0,,0,,,6.75,1.5,0.25,0,0,,0,0,0,0,0.5,0.75,3.25,,4,20,0.75,0,,,0,,,0,,,0,0,,0,1,14.5,5.75,0
George Hewett,Carlton,30,30,Midfielder,5,11.34,112.4,106.6,19,3.8,3,80.6,14,17,31,69.677,54.286,82.353,69.032,4.4,45.455,45.161,4.4,1,3,10.333,4.2,7.381,298,9.613,306.054,604.054,299.504,145.48,21.393,0.55,0.032,28.612,-7.3,53.739,0.36,13.4,16.8,30.2,44.371,2.2,7.2,1.2,2,5.2,3.6,2.8,4.8,1.2,13.4,1.955,2.4,12.6,12.2,3,22,80.292,3.4,15.455,4.2,7.6,8.4,76.19,2.8,0.2,0.2,0.2,0.8,1.4,0.6,0.8,0,0,0,,0,,0,,,5.2,1,0,,0,,1,0.2,0.6,0.8,0.2,0.8,3.6,25,4.8,22.857,1.4,4,3.059,-0.809,1,2.939,-1.939,3,3.099,-0.433,0,0,,0,0.6,17.8,6.6,0
Zac Williams,Carlton,31,31.27,Gen. Forward,5,10.74,78.6,65.6,3,0.6,1,81,11.4,6.8,18.2,67.033,52.632,91.176,67.033,3,60,62.637,3,1,4.2,4.333,4.2,4.333,314.6,17.286,163.888,478.488,295.466,160.366,26.381,4.492,0.661,26.505,-5.574,48.993,-0.156,8.8,9.2,18,48.889,2.6,6.8,1.6,1.6,5.2,3.6,3.2,1.2,1,5.4,9.824,1.8,5.4,6.8,4,8.4,30.657,1.4,16.667,3.4,4.8,5.2,84.615,2.8,0.2,1,0.2,0.6,0,1.2,-1.2,0,0,0,,0,,0,,,2,0.4,0,,0.2,0,4,0.8,0.2,1.4,1.2,1.2,12.2,57.143,5,23.81,1.6,7,3.035,0.536,5,3.245,1.755,2,2.511,-2.511,0,0,,0.2,1.2,12.4,5.2,0
Nick Haynes,Carlton,33,33.62,Gen. Defender,5,8.22,76.8,77,1,0.2,1,88.6,12.6,6.2,18.8,72.34,63.492,90.323,72.34,2,60,67.021,2,2.8,2,9.4,4,4.7,320.2,17.032,183.06,503.26,267.496,141.152,21.23,8.564,1.381,20.684,-5.93,56.971,0.406,5.2,14.2,19.4,26.804,5.6,3.4,0.6,1,2.4,4.6,2.8,0,1,7.8,-17.116,5.6,7,5.6,1.2,0,0,0,,0.6,0.6,0.2,100,6.2,0.4,0,2.4,0.2,1.4,0.2,1.2,0,0,0,,0,,0,,,1.8,0.2,0.8,25,0,,0,0,0.2,0.4,0.2,0.2,1.4,0,2.4,11.429,1,2,1.663,-1.163,0,,,2,1.663,-1.163,0.2,2.273,100,0,2.2,8.6,5,1.6
Adam Saad,Carlton,31,31.44,Gen. Defender,5,10.06,81,66.2,0,0,0,80.8,11.6,4.6,16.2,87.654,84.483,95.652,80.247,0.6,33.333,71.605,0.6,3.6,1.4,11.571,2.4,6.75,286,17.654,172.608,458.608,256.474,181.418,22.11,4.464,0.97,17.399,-2.585,64.136,6.234,4.2,8.6,12.8,32.812,4.4,3,0.2,0.8,2.2,2.8,2,0,0.4,4.6,-30.253,5.2,5.4,2,0.2,0,0,0.8,,0.6,1.4,0.6,100,3,0.2,0,0.8,0,1,0.2,0.8,0,0,0,,0,,0,,,3.2,0,0,,0,,0,0,0,0,0,0,0,,3,14.286,1.8,0,,,0,,,0,,,5,56.818,60,2,1.4,13,9.4,1
Sam Docherty,Carlton,32,32.2,Midfielder,1,10.3,71,75,0,0,0,85,13,3,16,75,69.231,100,68.75,4,50,81.25,4,1,0,,1,16,282,17.625,144.66,426.66,288.86,108.19,22.22,-3.79,-1.263,32.147,1.187,66.927,-0.26,3,12,15,20,2,2,0,1,1,3,2,0,0,9,14.244,2,4,4,5,0,0,0,,0,0,0,,3,0,0,0,1,1,0,1,0,0,0,,0,,0,,,3,1,0,,0,,1,1,2,3,1,1,14,33.333,6,37.5,1,3,2.961,-0.294,1,2.867,-1.867,2,3.008,0.492,1,14.286,100,0,1,19,3,1
Blake Acres,Carlton,30,30.23,Midfielder,5,5.22,74,78.6,1,0.2,1,84.4,12.4,8.4,20.8,64.423,56.452,76.19,61.538,2.6,30.769,59.615,3,0.8,3.8,5.474,4.2,4.952,340,16.346,207.384,547.384,308.886,131.174,25.319,13.352,1.59,24.228,-6.685,52.457,-1.58,6.2,15.2,21.4,28.972,3.4,5.2,1,1.4,3.8,5.2,4.2,0,2.2,9,-4.49,4.2,6.8,7.2,3.2,0,0,0,,0.4,0.4,0.4,50,5.2,0.6,0.4,0.2,0.4,0.2,0.8,-0.6,0,0,0,,0,,0,,,2.4,0.4,0,,0.2,100,1,0.2,0.4,0.8,0.6,0.8,5.4,25,3,14.286,1,4,2.514,-0.514,2,3.174,-2.674,2,1.854,1.646,0,0,,0.2,1.2,14.6,6,0.2
Marc Pittonet,Carlton,29,29.57,Ruck,2,12.1,76.5,59,0,0,0,52,3.5,9.5,13,69.231,42.857,78.947,69.231,1.5,33.333,26.923,1.5,0.5,2.5,5.2,2,6.5,114,8.769,130.605,244.605,91.825,60.155,26.236,17.255,1.816,31.506,-17.22,52.039,-9.181,8,5.5,13.5,59.259,2,4,0,0.5,3.5,2.5,2,0,1,3,2.299,0.5,7,5,1,16.5,62.264,0.5,3.03,2,2.5,4.5,88.889,2,0.5,0.5,0.5,0,1,1.5,-0.5,47,43.925,17,36.17,7,41.176,2.5,41.176,44.118,2.5,0,0.5,0,0,,0,0,0,0,0.5,0.5,3,,2,12.121,1.5,0,,,0,,,0,,,0,0,,0,1,3,1.5,0.5
Patrick Cripps,Carlton,30,30.78,Midfielder,5,11.72,103,93,10,2,2,84,8.6,17.6,26.2,67.176,46.512,77.273,70.992,2.6,61.538,32.824,4.4,0.4,4.2,6.238,3.4,7.706,262.6,10.023,244.752,507.352,222.482,147.4,25.87,20.512,1.165,30.164,-5.922,47.097,4.418,11.6,14.8,26.4,43.939,1.4,8,1.6,4.2,3.8,4,3.4,1.8,2,10.6,8.958,1.4,10,11.4,3.6,22.4,81.752,2.4,10.714,2.8,5.2,6.4,75,2.8,0.4,0.4,0.2,0,1,2,-1,2.4,2.51,0.2,8.333,0,0,0.2,0,0,6.4,1.2,0,,0.2,100,2,0.4,0.4,1,0.4,0.6,5.4,40,5.4,25.714,1.2,5,3.639,-0.839,3,4.3,0.033,2,2.646,-2.146,0,0,,0,0.8,19.6,8.6,0.2
Jacob Weitering,Carlton,28,28.1,Key Defender,5,11.84,72.4,46.6,9,1.8,1,95.6,8.4,3.2,11.6,86.207,83.333,93.75,81.034,0.6,66.667,72.414,0.6,2.6,2.4,4.833,1.6,7.25,155.4,13.397,143.284,298.684,170.978,93.348,20.851,-5.898,-1.966,15.896,-3.701,64.756,8.415,6,6.2,12.2,49.18,7,2.8,0,1.4,1.4,5.6,2.6,0,0.8,2.6,-39.963,5.6,5,1.6,0,0,0,0,,0.4,0.4,0,,5,1.8,0,3,0,1.2,1.2,0,0,0,0,,0,,0,,,0.6,0,2.6,7.692,0,,0,0,0,0,0.2,0.2,1.2,,1.6,7.619,0.8,0,,,0,,,0,,,0.2,2.273,0,0,6.8,5.2,4.8,5.4
Charlie Curnow,Sydney,28,28.9,Key Forward,1,9.2,69,63,0,0,0,86,9,1,10,70,66.667,100,70,3,66.667,90,3,2,3,3.333,3,3.333,220,22,127.31,347.31,242.82,138.14,26.98,1.84,1.84,25.467,7.867,50.9,-0.9,5,5,10,50,2,3,1,1,2,5,3,0,2,2,15.878,2,1,4,3,0,0,0,,0,0,0,,4,1,2,0,2,1,0,1,0,0,0,,0,,0,,,2,2,0,,3,66.667,2,2,1,3,0,0,13,66.667,3,18.75,1,3,3.702,0.631,2,3.845,-0.345,1,3.417,2.583,0,0,,0,1,13,2,0
Hayden McLean,Sydney,26,26.94,Key Forward,4,4.25,43,42.25,0,0,0,59.75,4.5,2.75,7.25,75.862,61.111,100,82.759,1,75,62.069,1,0.25,2,3.625,0.5,14.5,96.75,13.345,51.742,148.493,118.925,72.42,26.428,0.92,0.335,31.514,43.486,55.55,6.95,3,4.25,7.25,41.379,0.5,1.25,0.25,0.5,0.75,2.75,1,0,0.25,1.75,21.64,0.25,2.5,1.25,3.25,4.5,15.652,0.25,5.556,0.25,0.5,0.25,100,3.25,1,1.5,0.25,1.25,0.5,0.75,-0.25,13.25,15.143,4.75,35.849,0.5,10.526,0,26.316,31.579,1,0.25,0,,2.25,33.333,4,1,0.5,1.75,0,0.5,7,57.143,4,17.582,0,7,3.476,0.238,6,3.661,0.673,1,2.371,-2.371,0,0,,0,1,5.75,1.75,0
Nick Blakey,Sydney,25,25.84,Gen. Defender,5,16,113.4,89.8,18,3.6,3,87.8,18.4,4,22.4,77.679,76.087,85,72.321,3.4,64.706,82.143,4.2,7.2,1.4,16,4.4,5.091,633.6,28.286,249.858,883.458,569.368,390.064,30.944,25.868,6.467,18.69,7.817,56.18,11.29,3.6,11.2,14.8,24.324,6.8,1.2,0.2,0.2,1,3.4,1,0,0.4,6.2,-13.077,4,4,5.8,1,0,0,0,,0.2,0.2,0.2,100,6.2,2,0.2,4,0.2,0.4,0.2,0.2,0,0,0,,0,,0,,,1.2,0,1.8,11.111,0,,2,0.4,1,1.4,1.2,1.4,10.8,28.571,5.8,25.439,2.4,7,3.263,-0.834,2,3.591,-2.591,5,3.132,-0.132,6.2,54.386,100,2.2,4.2,5.2,4,4
James Rowbottom,Sydney,25,25.28,Midfielder,5,8.84,73.2,71.2,0,0,0,75.8,8.8,3.8,12.6,69.841,63.636,84.211,68.254,2.4,33.333,69.841,2.4,0.6,2.4,5.25,2.6,4.846,246.4,19.556,117.332,363.732,249.23,108.9,28.322,0.934,0.246,28.074,10.815,53.083,2.473,4.6,8.4,13,35.385,1.6,2.8,1,0.6,2.2,3,1.6,0.4,0.8,4.8,12.551,0.4,4.2,5.6,2.8,6.6,24.444,0.8,12.121,0.8,1.6,1.2,100,3.4,0.6,1,0.2,0.2,1,1.6,-0.6,0,0,0,,0,,0,,,6.4,0.4,0,,0.2,100,4,0.8,0.4,1.2,0.2,0.2,6.4,66.667,4.2,18.421,0.6,6,3.678,0.655,4,4.129,-0.629,2,2.776,3.224,0,0,,0.2,0.4,18.6,8.6,0.4
Sam Wicks,Sydney,26,26.29,Gen. Defender,5,3.6,51.8,57,0,0,0,89.8,9.4,6.2,15.6,74.359,61.702,93.548,80.769,1.2,50,60.256,1.2,1.4,2.8,5.571,2.6,6,168.6,10.808,171.306,339.906,166.66,79.592,17.73,-9.128,-1.472,17.89,4.61,65.216,2.284,2.8,12,14.8,18.919,2.2,2.4,0.4,0.8,1.6,2.2,2,0.2,0.4,9.2,-25.492,4.8,6.8,2.6,0.6,0,0,0.4,,0.4,0.8,1.2,66.667,2.2,0,0,0.2,0,0.4,0.4,0,0,0,0,,0,,0,,,2.6,0,0.4,50,0,,0,0,0.2,0.2,0,0.4,0.6,0,2.6,11.404,0.4,1,2.271,-1.271,0,,,1,2.271,-1.271,0.2,1.754,100,0.4,1,9,7.4,0.4
Jack Buller,Collingwood,24,24.62,Key Forward,5,5.74,59.6,53.2,0,0,0,82.6,4.4,6.4,10.8,70.37,59.091,78.125,72.222,0.6,33.333,40.741,1,0,3.2,3.375,2.2,4.909,108.8,10.074,119.736,228.536,126.85,49.702,28.83,0.208,0.034,27.133,12.867,61.865,-11.865,5.8,6,11.8,49.153,1.6,3.6,0.8,1.2,2.4,5,3,0,1,1.6,23.222,0.4,3.2,4.2,4,1,3.704,0,0,0.4,0.4,0.4,50,4.4,0.6,2.2,0.2,1.2,0.8,1.4,-0.6,4,4.535,1.4,35,0.4,28.571,0.2,57.143,71.429,2,0.8,0.2,100,3.2,37.5,6,1.2,0.8,2.4,0.4,0.4,10.4,50,4.4,19.298,0.8,12,3.576,-0.243,11,3.7,-0.154,1,2.215,-1.215,0,0,,0,1.8,8.6,1.8,0.6
Justin McInerney,Sydney,25,25.36,Mid-Forward,3,13.467,91,72.333,2,0.667,1,77.333,8.667,11,19.667,83.051,73.077,90.909,84.746,1.667,60,44.068,1.667,1.667,1.333,14.75,0.667,29.5,215.667,10.966,330.26,545.927,196.203,147,22.639,9.797,0.891,29.042,7.321,64.728,12.545,5.667,14,19.667,28.814,1.667,4.333,0.667,1.333,3,4,3,0.333,1.333,8,0.001,3.667,5.333,7,3.667,6,23.377,0,0,0.667,0.667,1.667,60,5.333,0.333,0.333,0,1,0.333,0.333,0,0,0,0,,0,,0,,,0.667,0.333,0,,0,,3,1,0.333,1.333,1,1.667,13,75,6.667,29.412,1,4,3.924,0.826,2,4.483,1.517,2,3.365,0.135,0,0,,0,0.333,10,6,0
Chad Warner,Sydney,24,24.61,Midfielder,5,11.62,88.4,85.2,0,0,0,83.4,11.8,10.4,22.2,62.162,54.237,71.154,66.364,3.2,68.75,53.153,4,0.6,3.8,5.842,4.4,5.045,337.4,15.198,221.316,558.716,291.662,184.718,25.143,12.484,1.2,28.903,0.643,53.801,3.018,9.8,13,22.8,42.982,2.2,7.2,1.6,2.8,4.4,4.4,3.8,2,1.4,7.6,1.991,1,11.2,8.2,2.4,16.4,60.741,2.2,13.415,1,3.2,5.2,69.231,4.6,0.2,0.2,0.2,0.4,0.6,1.2,-0.6,0,0,0,,0,,0,,,3.6,0.4,0,,0.2,0,3,0.6,0.2,1.4,0.6,0.8,7.6,42.857,4.4,19.298,1.2,7,2.995,-0.28,2,4.022,-1.022,5,2.584,0.016,0,0,,0.6,0.8,17,8.2,0.2
Matt Roberts,Sydney,22,22.41,Gen. Defender,1,6.9,73,81,0,0,0,80,9,11,20,70,55.556,81.818,55,3,0,45,3,3,3,6.667,7,2.857,319,15.95,238.9,557.9,303.21,45.22,33.69,14.56,1.324,28.392,-28.392,54.36,-29.36,5,15,20,25,1,5,0,1,4,1,1,0,0,10,-18.332,4,9,7,0,0,0,2,,1,3,2,100,4,0,0,0,0,0,0,0,0,0,0,,0,,0,,,5,0,0,,0,,0,0,0,0,0,0,0,,2,11.111,0,0,,,0,,,0,,,0,0,,0,0,12,5,0
Errol Gulden,Sydney,23,23.45,Midfielder,5,11.62,99.2,105.2,10,2,2,86,16.2,13.8,30,70,59.259,82.609,73.333,4.8,37.5,54,5,2,5.8,5.172,6.4,4.688,490.8,16.36,310.424,801.224,414.26,260.842,25.572,34.102,2.471,27.472,-5.25,54.151,1.404,7.8,22.2,30,26,2.8,5.2,0,1.4,3.8,4.4,3.6,1.4,2,15.2,-2.76,3,12.4,13,1.6,6.4,23.704,0.6,9.375,2,2.6,2.8,78.571,6,0.2,0,0.4,0.4,1,2.2,-1.2,0,0,0,,0,,0,,,3.2,0.2,0,,0.4,0,3,0.6,0.2,1,0.4,1,6.8,60,7.2,31.579,1.2,5,2.291,1.509,0,,,5,2.291,1.509,0.4,3.509,50,0.6,0.6,15,6.4,0.4
Braeden Campbell,Sydney,23,23.9,Gen. Forward,5,6.14,48.4,44.2,0,0,0,77.2,6.4,5.2,11.6,62.069,50,76.923,55.172,2,10,55.172,2.6,0,2,5.8,3.2,3.625,195.8,16.879,100.208,296.008,177.386,76.948,27.717,12.76,2.454,30.928,-13.537,51.85,-8.372,3.2,8.8,12,26.667,1.4,2.2,1,0.4,1.8,2.4,1.6,0.2,1.2,4.8,19.568,0,3.8,4.8,3.4,0,0,0.2,,0.2,0.4,0.4,50,2.2,0,0.8,0.6,0.8,0.6,1,-0.4,0,0,0,,0,,0,,,1.2,0.2,0,,0.6,0,4,0.8,0.8,1.6,0.4,0.4,8,50,4.2,18.421,0.6,8,3.537,-0.037,3,4.041,-1.374,5,3.235,0.765,0,0,,0.4,0.6,12.4,3.8,0.4
James Jordon,Sydney,25,25.03,Midfielder,5,4.68,51.6,47.8,0,0,0,82.6,6.6,7.8,14.4,70.833,57.576,82.051,69.444,2,60,45.833,2,1,2.8,5.143,2.2,6.545,203.4,14.125,175.446,378.846,196.068,96.46,29.707,11.072,1.419,25.641,0.166,48.397,-3.235,5.8,8.2,14,41.429,0.8,3.8,0.4,1.2,2.6,2,1.8,1,0.4,5.8,-4.602,1,6.2,5.8,1,16,59.259,1.4,8.75,1.2,2.6,3,66.667,2,0,0,0,0,1.2,1.8,-0.6,0,0,0,,0,,0,,,2.6,0.2,0,,0.2,0,0,0,0.2,0.2,0.4,0.6,2.8,0,4.4,19.298,0.2,1,2.462,-1.462,0,,,1,2.462,-1.462,0,0,,0.2,0.6,13.8,7.2,0.2
Angus Sheldrick,Sydney,22,22.14,Midfielder,5,9.38,76.8,69.6,3,0.6,1,64.6,10.2,8.4,18.6,69.892,56.863,85.714,73.118,2.4,75,54.839,2.6,0.2,2.8,6.643,3,6.2,267,14.355,162.032,429.032,244.304,142.358,23.951,8.052,0.959,31.695,11.549,56.338,13.932,7.8,10.2,18,43.333,1.4,7.2,1.6,1.8,5.4,3.2,3.2,0.6,2,6.6,9.794,0.2,7,7.8,3,6.2,22.963,0.4,6.452,2.6,3,4.2,66.667,3.2,0,0.4,0,0.4,0,0.6,-0.6,0,0,0,,0,,0,,,3.2,0.4,0,,0,,1,0.2,0.4,1.6,0.8,1.4,7,12.5,4.6,20.175,0.6,8,2.924,-1.924,2,3.614,-0.614,6,2.694,-2.361,0,0,,0,0.2,14,4.8,0.2
Dane Rampe,Sydney,35,35.58,Gen. Defender,5,6.2,64.4,65.4,0,0,0,84.2,11,5.4,16.4,85.366,83.636,88.889,74.39,1.2,50,67.073,1.2,4,3.2,5.125,2.8,5.857,308.8,18.829,121.464,430.264,287.258,153.7,26.598,4.71,0.872,18.797,1.203,60.73,7.27,2,13.4,15.4,12.987,3.4,1.6,0,0.4,1.2,1.8,1.4,0,0.8,5.8,-36.003,6.4,7.6,1.4,0,0,0,0.2,,0.2,0.4,0.2,100,6.2,0.2,0,1.2,0,0.2,1.2,-1,0,0,0,,0,,0,,,1.6,0,0.6,33.333,0,,0,0,0,0.2,0,0.6,0.6,0,3,13.158,1,1,3.018,-3.018,0,,,1,3.018,-3.018,0.4,3.509,50,0,2.2,6.8,4.4,2
Harry Cunningham,Sydney,32,32.06,Gen. Defender,5,5.42,59,56,0,0,0,78.6,8,5.6,13.6,82.353,72.5,96.429,83.824,0.6,0,58.824,0.6,1,0.8,17,1,13.6,116.6,8.574,200.136,316.736,115.168,76.914,14.396,2.482,0.443,21.082,-0.569,69.964,6.959,3.2,10.8,14,22.857,3.2,2.4,0,0.2,2.2,2.8,2.4,0,0.6,5,-26.271,4.2,7.2,2.6,0,0,0,0,,0.4,0.4,0,,5,0,0,0.8,0.2,0.4,0.6,-0.2,0,0,0,,0,,0,,,1.8,0,0.6,66.667,0,,0,0,0,0,0,0,0,,3.2,14.035,0.4,0,,,0,,,0,,,0,0,,0,2,6.2,4,1.6
Brodie Grundy,Sydney,31,31.71,Ruck,4,13.8,135,113,12,3,2,79.75,7.5,15,22.5,68.889,66.667,70,73.333,0.75,100,33.333,1,2.5,3.5,6.429,1.75,12.857,131.75,5.856,229.43,361.18,157.47,59.387,20.996,-8.758,-0.594,21.35,-0.517,65.685,9.315,13.75,9.25,23,59.783,2.25,5.25,1.75,2.75,2.5,5.25,2.75,0,0.25,4.75,-1.006,4.5,6.75,6.75,5,21,80,1.5,7.143,4.75,6.25,8.75,77.143,5.25,1.75,0.5,0.75,0,2.5,1,1.5,67.5,79.882,34.75,51.481,10,28.777,4.5,41.007,35.252,1.75,0,0.5,0,1,75,2,0.5,0.5,1.25,0.25,0.75,5.5,40,6,25,4.25,5,3.815,-1.015,3,4.81,-2.144,2,2.322,0.678,0,0,,0.25,1.5,6.75,3,1.25
Joel Hamling,Sydney,32,32.72,Key Defender,1,7.5,44,15,0,0,0,52,3,3,6,83.333,100,66.667,83.333,0,,50,0,1,1,6,0,,27,4.5,42.04,69.04,29.36,20.1,9.787,1.46,0.487,17.66,-17.66,73.417,-6.75,4,2,6,66.667,4,3,0,1,2,4,3,0,2,1,-58.102,5,1,0,0,0,0,0,,0,0,0,,1,1,0,1,0,0,1,-1,0,0,0,,0,,0,,,0,0,3,0,0,,0,0,0,0,0,0,0,,0,0,0,0,,,0,,,0,,,0,0,,2,7,3,3,7
Jake Lloyd,Sydney,32,32.27,Midfielder,5,7.42,82.8,81,0,0,0,86.6,11.8,9.2,21,80,74.576,86.957,77.143,3.8,47.368,56.19,4.2,2.2,1.2,17.5,2.8,7.5,365.2,17.39,203.76,568.96,341.268,188.332,28.921,22.042,2.396,25.438,1.348,55.877,6.623,4.2,16.2,20.4,20.588,3.6,3.2,0.2,1.2,2,3,2.4,0.2,1,8.4,-13.352,4.8,7.4,7.6,0.6,0,0,0.4,,0.6,1,0.2,100,6.2,0,0.2,0.4,0,0.6,0.4,0.2,0,0,0,,0,,0,,,2.2,0.6,0.2,100,0.2,0,0,0,0.4,0.4,0.6,1,4.4,0,4.8,21.053,0.8,2,2.203,-1.203,1,2.114,-1.114,1,2.291,-1.291,0.4,3.509,100,0.4,1,10,4.4,0.4
Isaac Heeney,Sydney,29,29.65,Midfielder,5,17.38,108.2,96.6,20,4,3,84.2,13,9.8,22.8,66.667,50.769,87.755,70.175,4,40,57.018,4.8,0.6,3.2,7.125,3.8,6,333.8,14.64,172.238,506.038,333.732,190.556,25.672,9.752,0.995,30.186,-3.52,51.718,1.616,10.6,12.6,23.2,45.69,1.6,5.6,0.6,1.4,4.2,4,2.2,2.4,1.2,6.6,12.752,1.4,6.6,10.2,5,20.8,77.037,2.6,12.5,2.2,4.8,6,76.667,5.2,1.2,2.4,0.2,1,1.4,1,0.4,0,0,0,,0,,0,,,3,1,0,,1.4,42.857,9,1.8,1.2,3.4,0.8,1.4,17.4,52.941,7.4,32.456,0.8,17,3.465,0.065,13,3.586,0.03,4,3.072,0.178,0,0,,0,1.2,12.6,2.6,0.4
Aaron Francis,Sydney,28,28.39,Key Forward,1,4,53,47,0,0,0,80,6,4,10,70,50,100,70,0,,60,1,0,2,5,2,5,169,16.9,197.13,366.13,164.58,12.62,27.43,-7.03,-1.757,26.095,-26.095,74,1,8,6,14,57.143,2,2,0,0,2,7,2,1,0,0,19.639,0,2,10,2,0,0,0,,1,1,1,100,4,1,0,0,1,3,0,3,0,0,0,,0,,0,,,1,1,0,,3,33.333,0,0,2,2,0,1,3,0,3,16.667,1,2,2.843,-1.843,1,2.047,-1.047,1,3.64,-2.64,0,0,,0,4,4,0,1
Callum Mills,Sydney,28,28.74,Gen. Defender,5,11.18,112.6,96,2,0.4,2,83.4,13.8,10.4,24.2,80.992,82.609,78.846,76.86,1.4,57.143,57.025,1.8,4.6,1.6,15.125,3.4,7.118,404.8,16.727,262.302,667.102,355.824,262.132,25.784,16.25,1.562,19.214,1.375,66.299,1.348,6.6,14.2,20.8,31.731,6.4,5.6,0.2,2.2,3.4,5.4,4.6,0,2.8,7,-31.33,8.6,9,3,0.2,0,0,0,,1,1,0.4,100,6.8,0,0,1.4,0,0.6,0.4,0.2,0,0,0,,0,,0,,,3.2,0,0.2,100,0,,1,0.2,0,0.2,0,0.2,1.4,100,4.4,19.298,1.6,1,2.686,3.314,1,2.686,3.314,0,,,3.6,31.579,100,1.2,1.8,10.4,8.2,1
Lewis Melican,Sydney,29,29.15,Key Defender,5,6.48,46,35,0,0,0,82.2,5,2.4,7.4,89.189,84,100,75.676,0.6,33.333,67.568,0.6,2.4,1.6,4.625,0.8,9.25,135.6,18.324,62.916,198.516,109.348,69.18,22.781,12.386,5.63,17.19,-3.553,61.337,11.39,2.2,5,7.2,30.556,3.4,1.8,0,0.6,1.2,2.2,1.8,0,0.4,2,-33.386,3.2,2.6,1.4,0,0,0,0,,0,0,0,,2.6,0.2,0,0.8,0,0.2,0.8,-0.6,0,0,0,,0,,0,,,2.4,0,1.8,66.667,0,,0,0,0,0,0,0,0,,0.8,3.509,0.6,0,,,0,,,0,,,0,0,,0.2,4.6,8.6,7,4.4
Tom Papley,Sydney,29,29.46,Gen. Forward,5,10.78,82,72.8,9,1.8,1,82.8,10.4,6.4,16.8,67.857,55.769,87.5,67.857,3.6,44.444,61.905,5,0,2.8,6,2.6,6.462,337.4,20.083,158.138,495.538,331.648,189.256,31.889,7.554,1.18,35.223,4.777,45.502,11.641,5.6,11.8,17.4,32.184,0.8,3.4,1.6,1.2,2.2,3.8,3,0.2,1.4,6,29.083,0,2.6,7.6,7.2,4.2,15.556,0.4,9.524,1,1.4,1.2,66.667,4.2,0,1.8,0,1.2,1.4,0.6,0.8,0,0,0,,0,,0,,,1.8,0.8,0,,0.6,0,7,1.4,1,3.2,1.2,2.4,17.8,43.75,6.4,28.07,0.6,16,2.589,0.348,9,2.876,0.679,7,2.22,-0.077,0,0,,0.6,1.6,8.8,1.4,0.2
Will Hayward,Carlton,27,27.18,Gen. Forward,3,6.467,63,46.333,0,0,0,82.667,4.333,5,9.333,78.571,92.308,66.667,78.571,1,66.667,46.429,1.333,0,3,3.111,2,4.667,108.667,11.643,96.463,205.13,123.653,76.33,28.535,-5.487,-1.097,29.783,-1.211,58.03,27.684,3.333,7.333,10.667,31.25,0,2.333,1,0.667,1.667,3,2,0,0.667,3.333,29.423,0,2.333,4,4.333,0,0,0.333,,0,0.333,0,,3.333,0.333,2,0,1,0.333,1.667,-1.333,0,0,0,,0,,0,,,2,0,0,,1,33.333,5,1.667,0,2,0,0.667,10.667,83.333,3.333,15.625,0,6,3.889,1.111,5,4.02,1.98,1,3.23,-3.23,0,0,,0,0.667,10.667,2.333,0.333
Lachlan Bramble,Western Bulldogs,27,27.7,Gen. Defender,5,6.88,62.6,69,0,0,0,84,11.4,5.2,16.6,85.542,82.456,92.308,81.928,2.2,45.455,68.675,2.4,2.2,1.4,11.857,2.2,7.545,297.8,17.94,241.63,539.43,275.094,185.196,24.131,-7.378,-1.419,22.75,11.865,64.154,8.922,1.8,13.8,15.6,11.538,2.8,1,0,0.6,0.4,1.8,1,0,0.8,7.2,-22.411,4.2,7.6,3.8,0,0,0,0,,0,0,0,,5.8,0.2,0,0.8,0,0.6,0.4,0.2,0,0,0,,0,,0,,,1.6,0,0.8,0,0,,1,0.2,0,0.2,0.6,0.8,5,100,4,12.658,0.6,1,3.444,2.556,1,3.444,2.556,0,,,0.8,10,75,1,0.2,6.4,5.2,0.2
Matthew Kennedy,Western Bulldogs,28,28.73,Midfielder,5,10.5,91.6,90.8,0,0,0,75.6,11.4,11.6,23,68.696,54.386,82.759,70.435,3.8,68.421,49.565,4.6,1,3.2,7.188,2.8,8.214,304.6,13.243,216.466,521.066,324.238,154.35,28.95,-12.262,-1.057,29.58,5.976,49.407,6.149,9.8,12.8,22.6,43.363,2.4,6.8,1.6,1.8,5,3.4,2.6,1.4,1,7.8,0.892,3.8,7.6,8,3.2,15,48.077,1.2,8,3.2,4.4,5.2,76.923,4.2,0.2,0.4,0.4,0.6,1.6,1.2,0.4,0,0,0,,0,,0,,,5.2,0.4,0,,0.2,0,1,0.2,0.8,1.2,0.6,1,6,16.667,7,22.152,0.8,6,2.927,-1.26,2,3.293,-0.293,4,2.744,-1.744,0,0,,0.2,0.8,20.2,8.8,0.2
Aaron Naughton,Western Bulldogs,26,26.08,Key Forward,5,14.54,102.8,88.6,25,5,3,84.6,9.2,4.4,13.6,64.706,65.217,63.636,66.176,1.4,14.286,67.647,1.8,0.2,2.6,5.231,3.2,4.25,237,17.426,93.854,330.854,244.332,163.682,26.558,17.876,4.063,34.162,4.3,53.984,7.555,6.6,6.8,13.4,49.254,1.2,2.6,1.4,0.4,2.2,6.6,2.6,0,1,2.2,44.857,0.2,1.6,3.4,8.2,0,0,0,,0,0,0,,5.4,2,3.8,0,1.6,1.8,0.4,1.4,1,1.057,0.6,60,0.2,33.333,0,33.333,33.333,1.8,1.8,0,,2.4,33.333,22,4.4,1.2,5.8,1.2,1.6,35.2,75.862,8.6,27.215,0.8,29,4.093,0.666,23,4.287,1.061,6,3.347,-0.847,0,0,,0,1.2,10,1.8,0.4
Tim English,Western Bulldogs,28,28.39,Ruck,5,12.68,128.4,118.4,11,2.2,2,84.2,12,7,19,70.526,63.333,82.857,72.632,2.8,42.857,63.158,3,0.8,2.4,7.917,2.2,8.636,279.2,14.695,235.064,514.264,295.78,137.204,24.648,2.276,0.325,25.028,-0.538,60.261,-1.078,8.2,11,19.2,42.708,3.4,3.4,0.6,0.2,3.2,3.2,1.2,0,0.8,3.2,-0.833,3.2,6.4,6.6,3,27.4,87.821,1.2,4.38,2.2,3.4,5.2,65.385,8.2,1.2,1.6,2,1,2.2,0.6,1.6,74.6,78.858,28.6,38.338,8.8,30.769,1.2,48.951,42.657,2.8,0.6,0,,0,,2,0.4,1.2,1.8,0.8,1.2,8.8,22.222,8.2,25.949,3.2,9,3.533,-1.533,8,3.753,-1.503,1,1.766,-1.766,0,0,,0,4.2,9.6,4,3
Laitham Vandermeer,Western Bulldogs,26,26.9,Gen. Forward,3,-0.767,9.333,20.667,0,0,0,33.333,3,2,5,46.667,22.222,83.333,53.333,0.333,100,60,0.333,0,1.333,3.75,2,2.5,71.667,14.333,59.677,131.343,81.77,20.657,27.257,2.673,1.337,21.553,7.019,53.173,-24.601,0,5.333,5.333,0,0,0,0,0,0,0,0,0,0,2,6.278,0,3,1,1.333,0,0,0,,0,0,0,,2.333,0,0.667,0,1,0,0.333,-0.333,0,0,0,,0,,0,,,0.333,0,0,,0.333,0,0,0,0.333,0.667,0,0,0.333,0,2.333,7,0,2,2.361,-1.861,2,2.361,-1.861,0,,,0,0,,0,0,3.667,1.333,0
Rhylee West,Western Bulldogs,25,25.47,Gen. Forward,5,11.82,77.8,72.4,1,0.2,1,82.2,8.4,4.4,12.8,68.75,59.524,86.364,68.75,1.8,55.556,65.625,2,1,3.6,3.556,3.2,4,226.2,17.672,83.146,309.346,233.27,137.32,27.77,5.392,1.225,30.858,13.142,52.377,3.623,6.2,7.2,13.4,46.269,2.6,5,3.4,1.6,3.4,5.2,4,0,1.8,2.6,36.077,1.2,1.6,2.8,7.8,0.4,1.282,0,0,1,1,1,100,4.2,0.4,1.8,0.2,1.2,1.2,1.4,-0.2,0,0,0,,0,,0,,,4,2.4,0,,0.8,25,10,2,0.8,3.4,1.6,2.2,23,58.824,6.6,20.886,1.6,17,3.512,0.253,9,3.943,0.279,8,3.026,0.224,0,0,,0.2,0.6,15.8,1.8,0.2
Riley Garcia,Western Bulldogs,24,24.91,Mid-Forward,5,6.76,61.4,52.6,0,0,0,60.4,6.6,7,13.6,75,66.667,82.857,67.647,2.4,75,48.529,3,0.6,3,4.533,2.8,4.857,188,13.824,145.604,333.604,202.826,93.27,30.731,-16.848,-2.407,25.8,8.983,44.416,12.106,6.4,7.4,13.8,46.377,1.4,4.8,0.6,1.6,3.2,3,2.6,1,1.4,4.6,8.379,1.2,5,5.2,2.4,6,19.231,0.6,10,2,2.6,3,80,1.8,0,0,0.2,0.2,0.6,1.2,-0.6,0,0,0,,0,,0,,,3.6,1.6,0,,0,,1,0.2,0.8,1.4,0.6,1.4,6.4,14.286,5.4,17.089,1.2,7,3.057,-1.628,2,3.176,-2.676,5,3.009,-1.209,0,0,,0.2,0.4,14.2,5.4,0
Ed Richards,Western Bulldogs,26,26.49,Midfielder,5,20.94,115.6,94.4,22,4.4,3,82,15,9.4,24.4,76.23,68,89.362,72.727,4.4,45.455,61.475,6,2.6,2.4,10.167,4.2,5.81,474.6,19.451,255.562,730.162,439.56,292.386,29.304,18.998,2.021,25.988,3.322,51.35,2.098,9.6,15.6,25.2,38.095,2.8,7.8,0.6,2.4,5.4,3.4,2.8,0.4,0.8,10.8,1.555,4,8.2,9.6,3.4,22.8,73.077,2.2,9.649,2.8,5,5.2,84.615,3.6,0.2,0.4,0.2,0.6,0.8,0.4,0.4,0,0,0,,0,,0,,,2.8,0.8,0,,0.2,0,7,1.4,0.6,2.2,1.2,1.8,16.8,63.636,9,28.481,2.4,11,2.835,1.256,4,2.37,2.38,7,3.101,0.614,0,0,,1,1.2,21.4,8.8,0
Oskar Baker,Western Bulldogs,27,27.6,Midfielder,5,9.94,75.2,62.8,0,0,0,75.6,8,8.8,16.8,83.333,85,81.818,77.381,2.2,45.455,47.619,3,1.4,2,8.4,2.2,7.636,319,18.988,194.042,513.042,241.69,203.104,30.211,34.944,3.971,24.727,25.273,48.534,18.133,5.8,11.8,17.6,32.955,1.8,4.2,1,1.2,3,3.2,2.2,0.6,0.6,6.6,-0.631,2.6,6.6,5.8,2.6,0,0,0.4,,1.8,2.2,2,90,4,0.2,0.2,0.2,0,0.2,0.4,-0.2,0,0,0,,0,,0,,,2.2,0.4,0,,0.2,100,1,0.2,0.2,0.4,1,1.2,7.6,50,5.8,18.354,1.6,2,1.985,1.515,0,,,2,1.985,1.515,0,0,,1.4,3.6,11.8,5,1.8
Lachlan McNeil,Western Bulldogs,24,24.32,Gen. Forward,5,6.54,44.4,33,0,0,0,62.2,3,3.8,6.8,76.471,73.333,78.947,76.471,0.6,33.333,44.118,1.4,0.2,0.6,11.333,1.2,5.667,93.4,13.735,79.578,172.978,92.366,45.204,30.789,-1.766,-0.465,29.799,25.757,51.761,14.906,4,3.2,7.2,55.556,0.6,2.8,1.4,1.2,1.6,3.4,2.2,0,1.8,2,25.784,0,1.8,2.8,2.6,0,0,0.2,,0.2,0.4,0.2,0,1,0.2,0.2,0,0.2,0.8,0.2,0.6,0,0,0,,0,,0,,,2,1.2,0,,1,20,4,0.8,0.4,1.2,0.4,0.6,7.8,66.667,2.8,8.861,0,6,3.327,1.006,3,2.788,1.545,3,3.866,0.468,0,0,,0,1.4,10.8,3.2,0.4
Caleb Poulter,Western Bulldogs,23,23.21,Gen. Forward,3,6.567,58,52.667,0,0,0,69,7,4.333,11.333,73.529,57.143,100,72.727,2,50,61.765,3,0,2,5.667,2.667,4.25,184.667,16.294,78.28,262.947,194.273,113.907,27.753,2.49,0.575,27.839,0.732,63.088,-20.231,4,7.333,11.333,35.294,1,3,1.667,1.333,1.667,3.667,2.667,0,1.333,3,23.414,0,2.667,4.667,4,0,0,0.333,,0,0.333,0,,4.667,1,1,0,0.667,0,0.333,-0.333,0,0,0,,0,,0,,,1.333,1,0,,2.667,25,2,0.667,0.667,1.667,0,0.333,5,40,4.667,14,0.667,5,3.328,-0.528,3,3.106,0.894,2,3.662,-2.662,0,0,,0,0.667,10.333,2,0.333
Luke Cleary,Western Bulldogs,23,23.82,Gen. Defender,5,9.06,67,54.6,1,0.2,1,83.8,7.6,6.6,14.2,85.915,84.211,87.879,83.099,1,60,53.521,1,2.6,1.6,8.875,2.4,5.917,221.2,15.577,146.318,367.518,174.45,139.068,22.954,25.128,3.807,22.901,1.423,63.865,6.405,5,9.6,14.6,34.247,5.2,4,0.2,0.6,3.4,4.8,3.8,0,2.2,4.8,-27.692,5.6,5.2,3.4,0.4,0,0,0,,0.4,0.4,0.2,100,4.4,0.4,0,0.8,0,0.6,1.2,-0.6,0,0,0,,0,,0,,,1.8,0,0.8,25,0.2,0,1,0.2,0,0.2,0,0.4,1.6,100,4,12.658,2,1,3.643,2.357,0,,,1,3.643,2.357,0.4,5,50,0.4,2.2,6.4,5,1.8
Sam Darcy,Western Bulldogs,22,22.45,Key Forward,5,13.74,100.2,77.4,11,2.2,2,88.4,8.8,5.4,14.2,70.423,68.182,74.074,70.423,1.4,57.143,61.972,1.8,0.2,3.6,3.944,3.2,4.437,238,16.761,129.316,367.316,258.304,155.414,29.353,0.108,0.02,30.554,6.288,61.797,6.624,8,6.4,14.4,55.556,1.2,2.8,1,1,1.8,7.2,2.4,0,0.8,3.4,35.366,0,3,4,7.4,1.4,4.487,0.2,14.286,0.4,0.6,0.8,75,5.2,3.2,2.8,0.2,1.6,1.6,1.4,0.2,6.8,7.188,2,29.412,0.6,30,0.4,70,70,1.2,0.2,0,,3.2,37.5,16,3.2,1.2,4.8,0.6,1.2,24.6,66.667,8,25.316,0.6,24,3.714,0.536,20,3.695,0.805,4,3.81,-0.81,0,0,,0,1.4,8.6,2.6,1.2
Ryley Sanders,Western Bulldogs,20,20.94,Mid-Forward,4,7.15,48.75,41.75,0,0,0,65.25,3.25,8.25,11.5,80.435,76.923,81.818,80.435,0.75,33.333,28.261,0.75,0.25,2,5.75,1.5,7.667,91.25,7.935,149.303,240.553,75.628,44.808,23.27,6.455,0.782,25.882,-0.882,68.674,6.326,5,7.25,12.25,40.816,2,3.5,1,0.5,3,3.5,2.5,0,0.75,5,6.172,0.75,5.25,4.5,1.75,4,13.223,0.25,6.25,0.75,1,1,50,2.5,1,0.25,0,0,0.5,1,-0.5,0,0,0,,0,,0,,,2.25,0.25,0,,0.5,100,1,0.25,0,0.25,0.25,0.75,3.5,100,3.5,10.687,1.5,1,4.885,1.115,1,4.885,1.115,0,,,0,0,,0.25,0,11,3.75,0
Jedd Busslinger,Western Bulldogs,21,21.8,Key Defender,5,4.6,49.6,41,0,0,0,70.2,8.4,2.4,10.8,83.333,83.333,83.333,79.63,1.2,50,77.778,1.2,1.8,1.8,6,1.4,7.714,149,13.796,112.468,261.468,142.972,82.604,17.02,-0.126,-0.053,19.001,12.706,72.444,5.605,2.6,8.4,11,23.636,4,2.2,0,0.4,1.8,2.6,2.2,0,0.6,3.4,-35.557,4.8,4.4,1.8,0,0,0,0,,0,0,0,,4.8,0.2,0,1.2,0,0.2,1.2,-1,0,0,0,,0,,0,,,0,0,1,20,0,,0,0,0,0,0.2,0.4,1.4,,2.8,8.861,1.2,0,,,0,,,0,,,0,0,,0.2,4,2.4,2,4
Joel Freijah,Western Bulldogs,20,20.12,Mid-Forward,5,9.94,72.4,64.6,0,0,0,82.4,8.4,8.8,17.2,75.581,69.048,81.818,76.744,2.2,90.909,48.837,2.8,1.2,2.4,7.167,2.4,7.167,254.4,14.791,186.886,441.286,202.494,156.82,24.694,9.464,1.075,32.392,14.483,55.577,16.298,4.4,13.2,17.6,25,1.8,3.6,1.2,1.2,2.4,3,2.4,0.2,0.8,8.8,5.754,2.8,4.2,6.4,4.2,3.2,10.256,0.4,12.5,0.6,1,1,80,3.6,0,0.4,0,0.8,0.4,1.2,-0.8,0.2,0.211,0,0,0,,0,,,2.2,0.4,0.2,0,0.6,33.333,4,0.8,0.6,1.6,1.8,2,16.4,50,8,25.316,1.8,8,3.032,0.343,3,2.49,-0.157,5,3.357,0.643,0,0,,0.2,1.8,15,6.6,0.2
James O'Donnell,Western Bulldogs,23,23.33,Key Defender,5,7.46,55.4,43,0,0,0,98.4,7.2,3.8,11,80,72.222,94.737,72.727,0.8,25,65.455,0.8,2.4,0.8,13.75,1.2,9.167,172.6,15.691,101.318,273.918,138.992,61.94,19.304,4.86,1.279,18.782,-4.496,71.541,-11.541,3.8,7,10.8,35.185,5.8,2.8,0,0.4,2.4,3.8,2.8,0,0.8,3.6,-31.704,5,3.2,2.6,0,0,0,0,,0,0,0,,3.8,1,0,2.2,0,0.4,0.2,0.2,0.6,0.634,0.2,33.333,0,0,0,0,0,0.6,0,1.6,0,0,,0,0,0,0,0,0,0,,2,6.329,0.8,0,,,0,,,0,,,0,0,,0.2,5,4.2,4.2,4.8
Tom Liberatore,Western Bulldogs,33,33.62,Midfielder,5,10.84,101.6,92.8,5,1,3,74,11.8,12.4,24.2,72.727,66.102,79.032,72.727,2.8,57.143,48.76,3.2,1.6,3.2,7.562,4,6.05,278.6,11.512,270.422,549.022,289.054,136.868,24.496,-15.602,-1.258,24.157,16.583,59.068,3.895,10.6,14.2,24.8,42.742,2.6,7.6,0.4,2.4,5.2,2.6,1.8,1.8,0.4,7.6,-9.023,4.8,11,7,2,18.8,60.256,3.4,18.085,2.6,6,6.4,75,4.6,0,0.2,0.2,0.6,0.8,0.6,0.2,0,0,0,,0,,0,,,4.8,1.2,0,,0,,0,0,0.6,0.6,0.6,0.8,4.4,0,5.8,18.354,1.8,3,3.28,-2.28,1,3.354,-2.354,2,3.243,-2.243,0,0,,0.2,1.8,22,8.8,0.6
Jason Johannisen,Western Bulldogs,33,33.14,Gen. Defender,5,6.52,75,70.8,0,0,0,82.2,13.4,4.8,18.2,83.516,80.597,91.667,77.778,1.8,77.778,73.626,2,2.8,1,18.2,1.6,11.375,296.4,16.286,223.786,520.186,296.84,190.782,22.152,5.682,1.184,22.28,8.365,66.813,7.38,3.4,13.6,17,20,3.4,2.8,0,0.2,2.6,2.6,2,0,1.2,7.8,-23.524,5.4,7.2,4.2,0.2,0,0,0,,0.8,0.8,0.4,100,5.4,0.4,0.2,1.2,0.4,0.2,0.4,-0.2,0,0,0,,0,,0,,,1.4,0,1,20,0,,0,0,0.2,0.2,0.6,1.2,4.4,0,4.6,14.557,1,1,2.745,-1.745,1,2.745,-1.745,0,,,0.8,10,100,0.4,1.6,7.8,5.6,1
Marcus Bontempelli,Western Bulldogs,30,30.1,Midfielder,5,25.3,147.4,127,39,7.8,5,84.6,16.4,15.4,31.8,79.245,67.073,92.208,72.956,5.8,34.483,51.572,7,1.8,1.8,17.667,4.2,7.571,611.8,19.239,396.826,1008.626,561.632,282.128,34.246,-7.69,-0.499,27.815,6.514,49.511,-4.735,14,19.2,33.2,42.169,2.2,7.4,1,1,6.4,4.2,2,2.8,0.6,12,-1.361,4.4,13.4,11.4,4,24,76.923,3.4,14.167,5.4,8.8,8.6,90.698,6.6,1,1,0.4,1,1.2,0.2,1,0,0,0,,0,,0,,,4.6,1,0,,0.4,100,6,1.2,1,2.6,1,1.8,15,46.154,10.8,34.177,2,13,2.939,0.215,6,3.307,0.026,7,2.624,0.376,0,0,,2,3.6,21,10.4,0.4
Rory Lobb,Western Bulldogs,32,32.89,Key Defender,5,7.52,60.6,48.4,2,0.4,1,96.4,7.4,2.4,9.8,79.592,75.676,91.667,73.469,0.8,75,75.51,1.2,2.6,2.2,4.455,1.2,8.167,191.8,19.571,90.954,282.754,182.104,96.78,24.609,12.986,5.411,17.351,11.22,68.236,3.193,3.4,5.8,9.2,36.957,4.6,1.4,0,0.4,1,2.6,1.2,0.2,0.6,1.2,-35.755,4.4,2.6,2,0.2,2.4,7.692,0,0,0.8,0.8,0.8,100,4.8,0.6,0,2.2,0,0.8,1.2,-0.4,11.4,12.051,2.4,21.053,0.8,33.333,0,25,33.333,1.8,0,3.2,37.5,0.2,0,0,0,0.2,0.2,0,0,0.2,0,2.6,8.228,1.4,1,2.623,-1.623,0,,,1,2.623,-1.623,0.8,10,100,0.2,7.6,8.2,7,7
Bailey Williams,Western Bulldogs,28,28.22,Midfielder,5,10.8,77.4,73.4,2,0.4,1,83.6,11.2,8.2,19.4,81.443,73.214,92.683,81.25,3.2,56.25,57.732,3.6,1.8,1.4,13.857,2.8,6.929,358.2,18.464,272.808,631.008,327.708,226.91,29.26,3.76,0.47,22.991,13.009,51.996,16.004,5.4,14,19.4,27.835,3.8,4,0.4,0.6,3.4,4.4,3.4,0,1.8,8.2,-8.916,4.4,6.4,7,1.6,0,0,0.2,,0.6,0.8,1,80,4.8,0.2,0.2,0.4,0.4,1,0.6,0.4,0,0,0,,0,,0,,,2,0,0.4,0,0.4,50,1,0.2,0.6,1,0.4,1.2,5,20,7,22.152,1.2,5,3.135,-1.335,1,1.547,-0.547,4,3.532,-1.532,0,0,,0.6,1.2,9.2,4.2,0.4
Bailey Dale,Western Bulldogs,29,29.44,Gen. Defender,5,13.5,99.4,86.4,4,0.8,2,82,19.2,6.6,25.8,81.395,78.125,90.909,79.07,2,30,74.419,2.4,5.2,3.2,8.062,3.6,7.167,501.2,19.426,295.026,796.226,446.134,332.588,23.236,11.388,1.725,18.778,9.945,65.084,8.32,6,15.2,21.2,28.302,5.4,4.8,0.2,0.8,4,4.6,3.6,0,1.2,9.8,-25.737,8.2,7.2,5.4,0.4,0.2,0.641,0.4,100,1,1.4,1,100,5,0.4,0,1.4,0,0.4,0.8,-0.4,0,0,0,,0,,0,,,0.6,0,0.2,0,0,,0,0,0.2,0.4,0.4,0.6,2.8,0,6.4,20.253,3.2,2,2.719,-2.219,0,,,2,2.719,-2.219,5.2,65,96.154,1.2,1.2,10.4,6.4,0.6
Willem Drew,Port Adelaide,27,27.24,Midfielder,5,10.4,86.6,79.6,0,0,0,81,9.6,10.4,20,63,52.083,73.077,61,3,46.667,48,3.2,0.8,3.6,5.556,3.8,5.263,263.8,13.19,169.654,433.454,238.02,116.972,24.794,12.45,1.197,31.924,-2.976,59.996,-9.996,9.6,10.6,20.2,47.525,2.8,5.6,0.8,1.6,4,4.2,3.4,1.4,1.4,6.8,5.204,2.2,6.2,9,2.8,20.8,71.233,0.8,3.846,2,2.8,4.8,41.667,2.4,0,0.4,0,0,1.6,0.8,0.8,0,0,0,,0,,0,,,5.8,0.8,0.2,0,0.6,100,0,0,0.4,0.8,0.4,0.6,3,0,4.6,25.275,1.2,4,2.902,-2.402,2,3.342,-2.842,2,2.462,-1.962,0,0,,0,2.8,22.6,12,1.2
Connor Rozee,Port Adelaide,25,25.93,Gen. Defender,4,8.3,101.25,100,8,2,1,86,16.5,7.75,24.25,63.918,57.576,77.419,70.833,2.25,77.778,68.041,2.5,4.5,4.5,5.389,4.25,5.706,385.5,15.897,246.635,632.135,406.955,213.647,25.435,-8.175,-1.055,22.515,3.411,50.614,8.645,7.75,13,20.75,37.349,2.25,5.25,1.25,1.5,3.75,3,2.75,1.25,1,7,-9.545,4.5,7.75,5.5,3,18,65.455,1.25,6.944,2.5,3.75,3.75,73.333,3.75,0.25,0.75,0,0.75,1.25,1,0.25,0,0,0,,0,,0,,,5.25,1.25,0.25,0,0,,3,0.75,0,1.25,0,0.25,4.75,60,4.5,25.352,1.75,5,3.339,0.261,3,4.195,1.805,2,2.055,-2.055,2,16,100,0.25,0.75,21.25,11,0.5
Kane Farrell,Port Adelaide,26,26.79,Gen. Defender,5,8.94,97.2,84,0,0,0,84.2,17.8,3.6,21.4,74.766,76.404,66.667,61.682,1.2,50,83.178,1.2,6.8,3,7.133,5.4,3.963,543.8,25.411,208.752,752.552,505.766,264.136,28.414,10.492,2.914,15.844,-0.901,60.186,-2.715,4.8,10,14.8,32.432,4.4,4,0,0.6,3.4,3.6,3,0.2,1.6,5.6,-35.162,6.4,6,2.4,0,0,0,0.4,,0.8,1.2,0.4,100,3.8,0,0,0.6,0.4,0.8,0.8,0,0,0,0,,0,,0,,,3.4,0,0.8,25,0,,0,0,0,0,0.2,0.2,1.2,,2.2,12.088,1.2,0,,,0,,,0,,,6.4,49.231,100,0.8,2.6,13.2,9.8,2.4
Brandon Zerk-Thatcher,Port Adelaide,27,27.35,Key Defender,5,8.4,61.2,48.4,0,0,0,99,8.2,3.2,11.4,80.702,75.61,93.75,73.684,0.8,50,71.93,0.8,2.8,2.4,4.75,2.2,5.182,179.4,15.737,127.642,307.042,190.944,91.764,23.868,-6.308,-1.971,15.854,9.146,67.328,2.116,5.2,5.8,11,47.273,6.6,3.6,0,0.6,3,4.6,3.2,0.2,0.4,1.6,-46.494,6.2,4,0.8,0,0,0,0,,0.4,0.4,0.4,0,4.6,0.6,0,2.4,0,0.8,1.2,-0.4,0,0,0,,0,,0,,,1.6,0,3.2,25,0.2,0,0,0,0,0,0,0,0,,1.4,7.692,1.2,0,,,0,,,0,,,0.4,3.077,100,0,4.4,9.4,8.4,4
Jack Lukosius,Port Adelaide,25,25.39,Key Forward,2,4.65,39,42,0,0,0,64,6,2.5,8.5,70.588,58.333,100,62.5,2.5,40,70.588,2.5,0.5,2,4.25,3,2.833,206,24.235,65.73,271.73,207.41,76.495,37.711,7.03,2.812,24.887,-10.601,39.414,-25.129,1.5,6,7.5,20,0.5,1.5,0.5,1,0.5,1.5,1.5,0,0,1.5,18.641,0.5,1,4.5,1.5,0,0,0,,0,0,0,,4,0,1,0,1.5,0,0.5,-0.5,0,0,0,,0,,0,,,0.5,0,0,,1,0,2,1,0.5,1.5,0,0.5,7,66.667,2.5,16.129,0,3,4.089,0.245,2,3.961,-0.461,1,4.344,1.656,0,0,,0,0.5,5.5,0.5,0.5
Jed McEntee,Port Adelaide,24,24.87,Gen. Forward,5,6.52,47.8,46.2,0,0,0,76.4,6.4,3.2,9.6,62.5,46.875,93.75,70.833,2,60,66.667,2.4,0,1.6,6,1,9.6,180,18.75,75.072,255.072,183.394,112.342,29.58,-2.304,-0.72,32.654,12.346,45.754,19.246,4.2,5.4,9.6,43.75,0.8,3.4,0.8,1.6,1.8,3.8,3,0,1.4,3.6,22.823,0.6,2,3.2,3.8,0,0,0,,0,0,0.2,100,1.4,0,0.8,0,0.2,0.8,0.6,0.2,0,0,0,,0,,0,,,2.6,1,0,,0.6,0,5,1,1,2,0.2,0.6,8.6,50,4.4,24.176,0.2,10,3.219,0.281,7,3.213,-0.07,3,3.233,1.1,0,0,,0,0.2,13,3.8,0.2
Jackson Mead,Port Adelaide,24,24.25,Midfielder,5,6,49.8,48.4,0,0,0,74.8,7,4.8,11.8,62.712,51.429,79.167,64.407,1,40,59.322,1.4,2,3.6,3.278,2.8,4.214,178,15.085,128.04,306.04,149.74,88.95,21.391,17.976,3.908,22.565,-3.21,57.7,-2.862,5,6.2,11.2,44.643,3,4,0.4,1.2,2.8,3.2,2.4,0.2,1.2,4.2,-23.782,3.8,4,3,0.4,4,13.699,0.2,5,0.8,1,1,20,2.4,0.4,0,0.8,0.4,0.4,1.6,-1.2,0,0,0,,0,,0,,,3.4,0.4,0.4,50,0.4,0,1,0.2,0.2,0.4,0.2,0.2,2.6,50,1.2,6.593,0.6,2,3.107,0.393,1,4.282,-3.282,1,1.932,4.068,0.8,6.154,50,0,1.6,12.4,8.6,1.4
Zak Butters,Port Adelaide,25,25.31,Midfielder,5,14.24,123,104,16,3.2,2,81.2,15.2,12.2,27.4,70.803,65.789,77.049,69.853,3.4,35.294,55.474,4.2,3,2,13.7,3.8,7.211,439.2,16.029,289.73,728.93,367.954,238.36,24.208,28.4,2.328,24.974,0.026,59.861,3.375,12.4,14,26.4,46.97,3,7,0.6,2.8,4.2,3.6,2,1.4,0.2,9.4,-10.872,6,10.6,8.2,1.6,22.4,76.712,3.2,14.286,3.4,6.6,8,80,3.6,0.2,0,0.4,0.4,4,0.4,3.6,0,0,0,,0,,0,,,5,0.2,0,,0,,0,0,0.4,0.8,0.6,0.8,4.2,0,5.2,28.571,1.8,4,2.835,-2.335,3,2.83,-2.164,1,2.848,-2.848,0.4,3.077,100,1.2,0.6,15.6,10.2,0.2
Joe Richards,Port Adelaide,26,26.1,Gen. Forward,5,6.96,50.4,52.2,0,0,0,77.6,8,5,13,63.077,50,84,70.312,1,100,61.538,1.4,0.4,2.4,5.417,2.8,4.643,147.2,11.323,100.426,247.626,148.996,93.26,18.625,3.234,0.647,28.3,11.7,56.036,11.964,4.4,7.2,11.6,37.931,1,3.6,1.6,0.8,2.8,3,2.8,0.6,1.8,4.2,13.012,0.6,4.4,3.4,3.2,0.4,1.37,0.2,50,1,1.2,1.4,71.429,2.2,0.2,0.2,0,0.2,0,0.4,-0.4,0,0,0,,0,,0,,,2.2,0.4,0,,0.6,33.333,3,0.6,0.4,1.8,0.2,0.6,5.6,33.333,4.2,23.077,0.2,9,2.74,-0.518,2,1.717,1.283,7,3.032,-1.032,0,0,,0.6,0.4,12.8,6,0
Miles Bergman,Port Adelaide,24,24.2,Gen. Defender,1,5.6,67,39,0,0,0,91,10,4,14,64.286,60,75,42.857,1,0,71.429,1,5,6,2.333,6,2.333,246,17.571,84.98,330.98,225.76,125.82,22.576,8.99,2.248,16.464,-16.464,41.23,-21.23,10,2,12,83.333,6,7,0,2,5,6,5,2,2,2,-21.003,3,6,3,0,5,18.519,1,20,1,2,3,66.667,0,0,0,0,0,1,4,-3,0,0,0,,0,,0,,,3,2,2,50,0,,0,0,0,0,0,0,0,,0,0,0,0,,,0,,,0,,,2,15.385,100,0,2,21,14,1
Mitch Georgiades,Port Adelaide,24,24.25,Key Forward,5,8.04,70.4,69.6,6,1.2,1,92.2,9,4.4,13.4,65.672,60,77.273,61.194,2,40,67.164,3,0,2.8,4.786,4,3.35,263.6,19.672,130.252,393.852,288.028,125.278,32.73,8.978,2.04,27.505,-3.696,48.117,-0.498,4.6,8.6,13.2,34.848,1,1.8,0.6,0.4,1.4,4.4,1.8,0,0.6,3.4,25.353,0,3.6,4.4,5.2,0,0,0,,0.4,0.4,0.2,100,5.4,1.6,2.6,0.2,2.2,1.8,1,0.8,0,0,0,,0,,0,,,1,0.6,0,,2.6,15.385,11,2.2,1.6,4.4,0.4,0.4,17.2,50,5.6,30.769,0.4,22,3.353,0.01,20,3.346,0.304,2,3.424,-2.924,0,0,,0,1.6,6.4,1.6,1.6
Lachie Jones,Port Adelaide,23,23.72,Gen. Defender,4,8.5,72.25,52.25,0,0,0,72.25,7.75,5,12.75,66.667,64.516,70,58,1.5,16.667,60.784,1.75,3.5,2,6.375,2.5,5.1,244.5,19.176,120.735,365.235,227.372,97.915,30.316,10.108,2.022,19.241,-8.896,52.951,-15.02,5.75,6.75,12.5,46,6,4,0,1.25,2.75,4.25,2.75,0,0.25,3.25,-33.546,6.25,3.25,3,0,0,0,0,,1,1,0.75,100,3,0.5,0,1.5,0,0.75,0.25,0.5,0,0,0,,0,,0,,,2.5,0,1.25,0,0.25,0,0,0,0,0,0,0,0,,1.25,7.143,0.75,0,,,0,,,0,,,0.25,1.961,100,0,3.75,8.75,7.5,2
Ollie Lord,Port Adelaide,23,23.99,Key Forward,5,3.14,32,27.8,0,0,0,75,3,1.6,4.6,65.217,53.333,87.5,69.565,0.2,100,65.217,0.2,0,1.4,3.286,1.2,3.833,45.6,9.913,29.288,74.888,58.928,18.722,19.643,-2.04,-1.275,28.007,-28.007,83.622,-16.955,2.4,2.6,5,48,1,1,0.2,0.4,0.6,2.2,0.8,0,0,0,19.034,0.4,1.2,1.6,1.8,2,6.849,0,0,0,0,0.2,0,2.4,0.2,0.8,0.2,0.6,0.4,0.8,-0.4,7.2,7.742,1,13.889,0,0,0,40,0,1,0.4,0,,2,20,4,0.8,0.6,1.4,0.4,0.4,7.8,57.143,1.8,9.89,0,7,3.728,0.129,6,3.838,0.495,1,3.067,-2.067,0,0,,0,3.4,6.8,2.8,2.4
Jase Burgoyne,Port Adelaide,22,22.46,Midfielder,2,6.3,50.5,53.5,0,0,0,71.5,10,4.5,14.5,55.172,40,88.889,55.172,2.5,20,68.966,2.5,2.5,3,4.833,4.5,3.222,231,15.931,135.32,366.32,221.77,91.23,22.177,2.365,0.526,19.502,0.498,51.957,-5.291,5,7.5,12.5,40,5.5,4.5,0,0.5,4,3.5,3.5,0.5,0.5,4.5,-15.877,3,4,5.5,0,0,0,0,,1,1,1,50,2,0,0,1,0,0,0.5,-0.5,0,0,0,,0,,0,,,2.5,0,0.5,100,0,,0,0,0,0,0,0,0,,2,13.333,1,0,,,0,,,0,,,0.5,3.571,100,0,2,10,6.5,2
Hugh Jackson,Port Adelaide,22,22.66,Mid-Forward,2,2.85,10.5,12.5,0,0,0,30.5,1.5,1.5,3,66.667,33.333,100,66.667,1,0,50,1,0.5,1,3,1,3,69,23,25.875,94.875,51.9,16.435,34.6,5.145,3.43,27.25,-27.25,49.99,-49.99,1.5,1.5,3,50,0.5,1.5,0,0,1.5,0.5,0.5,0,0,1.5,-1.547,0,1.5,1,0.5,0,0,0.5,,0.5,1,0,,0,0,0,0,0,0,1,-1,0,0,0,,0,,0,,,2,1,0,,0.5,0,0,0,0,0,0,0.5,0.5,,0.5,3.333,0,0,,,0,,,0,,,0,0,,0,1,6,1.5,0
Josh Sinn,Port Adelaide,22,22.98,Gen. Defender,4,3.95,41.25,36.25,0,0,0,55.5,7.25,3.25,10.5,73.81,68.966,84.615,64.286,0.5,50,69.048,0.5,2.25,2.5,4.2,3.25,3.231,206.75,19.69,106.988,313.738,195.042,104.1,26.902,7.623,2.345,17.163,-10.267,59.676,-14.848,3.75,5,8.75,42.857,3,2.75,0.25,0.75,2,3,2.25,0.25,1.25,2.5,-32.943,3.25,4.5,0.75,0.25,0,0,0,,0.75,0.75,0.5,100,2,0,0,0.25,0,0.5,0.5,0,0,0,0,,0,,0,,,0.75,0,0.25,0,0,,0,0,0,0,0,0,0,,0.5,2.857,0.25,0,,,0,,,0,,,2.25,17.308,88.889,0,2,4.5,3,1.5
Logan Evans,Port Adelaide,20,20.23,Gen. Defender,1,2.2,41,33,0,0,0,71,7,1,8,62.5,57.143,100,75,1,100,87.5,1,1,2,4,2,4,191,23.875,64.6,255.6,194.08,148.37,27.726,-1.49,-1.49,17.65,-3.364,50.45,-7.593,4,4,8,50,2,2,0,2,0,3,1,0,0,3,-8.244,1,4,2,1,0,0,0,,0,0,1,100,1,0,0,0,0,2,1,1,0,0,0,,0,,0,,,2,0,0,,0,,0,0,0,0,0,0,0,,1,10,1,0,,,0,,,0,,,0,0,,0,1,6,4,1
Joe Berry,Port Adelaide,19,19.7,Gen. Forward,5,5.34,51,49.4,0,0,0,77.8,6.2,4.6,10.8,64.815,61.29,69.565,66.667,1.4,28.571,57.407,1.8,0.2,1.6,6.75,2.4,4.5,159.4,14.759,108.044,267.444,141.646,74.008,22.846,7.396,1.608,23.394,-6.727,59.717,6.95,4,6.6,10.6,37.736,0.6,2.8,1,0.2,2.6,3,1.8,0,1,3.4,5.365,1.2,3.4,4,2,0.8,2.74,0,0,0.6,0.6,0.6,66.667,2.6,0,0.2,0.2,0.6,1.2,0.4,0.8,0,0,0,,0,,0,,,2.8,0.8,0.2,100,0.2,0,2,0.4,0.2,1,0,0.4,3,40,2.4,13.187,0,5,2.559,0.041,1,2.429,-1.428,4,2.592,0.408,0,0,,0.2,0.2,11.4,4.4,0.2
Travis Boak,Port Adelaide,37,37.41,Mid-Forward,5,8.16,82,82,1,0.2,1,80.2,9.4,10.8,20.2,67.327,53.191,79.63,64,1.6,62.5,46.535,1.8,1.8,4.4,4.591,4,5.05,244.2,12.089,187.16,431.36,224.884,117.59,24.444,18.958,1.755,26.289,-7.868,61.453,-16.716,8.2,12.2,20.4,40.196,2.6,6,0.8,1.4,4.6,4.2,3.4,0.6,1.4,6.6,-4.143,2.8,8,7.6,2,7.8,26.712,1,12.821,1.8,2.8,3.4,58.824,4.8,0.2,0.2,0.2,0.6,0.8,1.6,-0.8,0,0,0,,0,,0,,,4.8,0.4,0,,0,,2,0.4,0.2,0.8,0.8,1.2,7.8,50,2.6,14.286,0.2,4,2.858,0.392,1,3.821,-2.821,3,2.537,1.463,0.4,3.077,100,0,1.2,17.4,9.4,0.2
Ollie Wines,Port Adelaide,31,31.23,Midfielder,4,6.875,91,88.25,0,0,0,73.25,9.75,14.5,24.25,58.763,46.154,67.241,64.948,2.75,54.545,40.206,2.75,1.75,3.25,7.462,3.5,6.929,268.75,11.082,222.935,491.685,245,136.628,25.789,15.72,1.103,29.032,0.379,49.596,-2.537,11.75,12.75,24.5,47.959,3,6.75,1,2.75,4,4.5,3.25,2.75,1.5,7.75,1.795,3.75,6.5,11.25,3,19,61.29,1.5,7.895,3,4.5,6.25,68,4.25,0.25,0.5,0.5,0.5,2,0.75,1.25,0,0,0,,0,,0,,,4.25,0.5,0.25,0,0.25,0,0,0,0.5,0.5,0.75,1.25,5.5,0,5.5,31.429,1.25,2,2.787,-1.787,2,2.787,-1.787,0,,,0,0,,0,0.75,21,11.25,0.25
Aliir Aliir,Port Adelaide,31,31.32,Key Defender,5,8.2,79,67.6,10,2,1,98.4,13,2,15,74.667,70.769,100,66.667,0.8,25,86.667,1,3.8,3.8,3.947,3.2,4.688,331.8,22.12,141.996,473.796,296.782,155.148,22.829,3.278,1.639,16.292,2.673,64.434,-12.71,6.6,8.4,15,44,8.8,4,0,0,4,6.2,3.6,0,1.2,2,-42.947,8.4,4.6,2,0,0,0,0,,0.4,0.4,0.4,100,8,1.8,0,3.6,0,0.8,1.8,-1,0,0,0,,0,,0,,,1,0,4.2,19.048,0,,1,0.2,0,0.2,0,0.2,1.4,100,2.4,13.187,1,1,4.067,1.933,1,4.067,1.933,0,,,0,0,,0.4,5,7.2,6.6,4.6
Darcy Byrne-Jones,Port Adelaide,30,30.27,Gen. Forward,5,6.9,72.8,59,1,0.2,1,81.2,8.2,5.2,13.4,70.149,68.293,73.077,62.687,1.6,25,61.194,1.6,3,1.8,7.444,4.2,3.19,222.6,16.612,119.03,341.63,211.172,82.862,25.753,10.428,2.005,20.624,-4.408,55.02,1.737,5.6,8,13.6,41.176,5.8,4.2,0.4,0.4,3.8,5.2,3.8,0,2,3.2,-18.923,4.2,4.4,4,1,0,0,0.2,,0.2,0.4,0,,3.6,0,0,0.8,0,1.4,0.2,1.2,0,0,0,,0,,0,,,2.8,0.2,0,,0.8,0,1,0.2,0,0.4,0.4,0.4,3.6,50,2.2,12.088,0.6,2,2.456,0.544,1,1.777,-1.777,1,3.136,2.864,0.2,1.538,100,0,1,14.2,11,1
Jordon Sweet,Port Adelaide,27,27.9,Ruck,5,9.84,96.4,90.4,0,0,0,85.4,5.8,7.8,13.6,61.765,51.724,69.231,65.672,2.2,63.636,42.647,2.2,1.4,3.6,3.778,2.2,6.182,206.8,15.206,121.29,328.09,176.986,117.896,31.605,21.378,2.741,30.111,3.222,46.865,-8.77,7.2,6.4,13.6,52.941,1,2.2,0.4,1.4,0.8,2,1.2,0,0.4,3.6,2.431,1.4,4.2,6,2,24.6,84.247,1.6,6.504,2,3.6,5.2,65.385,2.4,0.2,0.6,0.2,0,2,1.4,0.6,78.8,84.731,40.4,51.269,11.4,28.218,2.4,41.089,39.604,2.6,0.4,1,80,0.8,25,1,0.2,0.4,0.8,0.2,0.8,3.4,25,6,32.967,4,4,3.215,-1.215,4,3.215,-1.215,0,,,0,0,,0,2.8,16.4,10.2,2.2
Toby Pink,North Melbourne,27,27.38,Key Defender,5,5.62,54.4,49.8,0,0,0,92.8,8.4,2.6,11,89.091,85.714,100,70.909,0.4,0,76.364,0.4,4,1.8,6.111,2.2,5,207,18.818,101.884,308.884,205.73,73.942,24.492,0.444,0.171,16.29,1.659,68.117,-6.579,3.6,6.6,10.2,35.294,4.8,1.4,0,0.6,0.8,3.6,1.4,0,0.6,2.2,-43.751,6.4,2.4,1.2,0.2,0,0,0,,0,0,0,,5.6,1.2,0.2,1.8,0,1,0.8,0.2,0,0,0,,0,,0,,,1,0,3,46.667,0,,0,0,0,0,0,0,0,,1.8,8.036,1.2,0,,,0,,,0,,,0.2,1.639,100,0,3.6,8.8,6.4,3
Luke Davies-Uniacke,North Melbourne,26,26.56,Midfielder,5,16.7,110.8,104.4,14,2.8,2,86.6,13,13.6,26.6,73.684,67.692,79.412,73.684,6.4,56.25,48.872,6.8,1,4.6,5.783,3.8,7,488,18.346,289.034,777.034,413.486,298.404,31.807,6.784,0.499,30.55,5.657,51.699,6.922,12.6,15,27.6,45.652,2.2,9.2,0.8,2.6,6.6,3.6,3,1.8,1,10,-1.099,2.4,11.2,12.4,1.6,28,85.366,3.6,12.857,3.8,7.4,7,85.714,5,0.2,0.6,0.2,0.2,1.4,1.2,0.2,0,0,0,,0,,0,,,5.4,0.6,0,,0.4,0,3,0.6,0.2,1,1.6,1.8,13.6,60,7.4,33.036,2.2,5,3.375,0.425,3,3.571,0.762,2,3.08,-0.08,0,0,,1.8,1,22,10,0.4
Paul Curtis,North Melbourne,22,22.82,Gen. Forward,4,13.4,86.75,72.5,5,1.25,1,81.25,7,4.25,11.25,77.778,71.429,88.235,80,1,50,62.222,1.25,0.25,1.75,6.429,1.5,7.5,172.25,15.311,107.145,279.395,188.043,131.993,26.863,4.557,1.072,27.536,14.131,59.171,15.829,6.25,5.75,12,52.083,1,2.25,1,0.5,1.75,5,1.75,0.25,0.75,3.25,25.627,1,2.75,3,5.25,0.75,2.344,0.5,66.667,0.75,1.25,1,100,4.25,2,2.5,0.25,0.75,1,0.75,0.25,0,0,0,,0,,0,,,4,1.25,0,,1.75,42.857,10,2.5,0.5,3.75,0.25,1,17.75,66.667,5.5,23.656,0.5,15,3.767,0.366,12,3.975,0.192,3,2.936,1.064,0,0,,0,1.25,14.5,4.75,0.25
Dylan Stephens,North Melbourne,24,24.97,Midfielder,5,7.84,64.4,68.8,0,0,0,87.2,10.4,8.6,19,71.579,57.692,88.372,71.579,2.4,33.333,54.737,2.6,2,2.6,7.308,2.8,6.786,313.6,16.505,180.272,493.872,282.924,169.184,27.204,16.998,1.977,22.537,1.376,51.899,0.275,4.4,14.2,18.6,23.656,2,3.6,0.2,0.4,3.2,2.4,2.2,0.6,1,8,-10.714,3.4,7.6,6.2,1.4,0,0,0.2,,1.6,1.8,1.8,88.889,5,0,0.4,0.2,0,0.2,0.6,-0.4,0,0,0,,0,,0,,,0.8,0,0,,0,,3,0.6,0.2,1,0.8,1,8.8,60,4.2,18.75,1.2,5,2.823,0.977,1,1.728,4.272,4,3.097,0.153,0,0,,0.2,0.4,12,6.6,0.4
Brynn Teakle,North Melbourne,26,26.2,Ruck,3,7.833,62.333,60.333,0,0,0,77.667,4.333,3.667,8,70.833,53.846,90.909,66.667,1.333,0,54.167,1.667,1.333,1.667,4.8,1.667,4.8,100.333,12.542,51.95,152.283,113.84,23.81,26.271,-7.217,-1.968,22.747,-22.747,55.363,-9.908,5.333,3,8.333,64,1.667,2,0,0.333,1.667,2,0.667,0,0.333,1.667,-6.332,0.667,4.333,2.667,0.667,16.667,54.945,1,6,2,3,3,100,2,0.667,0,0.667,0.333,1.667,0.667,1,58.667,59.259,19.333,32.955,6,31.034,0.667,43.103,32.759,3.667,0.667,0.333,0,0.333,0,0,0,0.333,0.333,0,0.333,0.667,0,2.333,13.462,1.667,1,2.68,-1.68,0,,,1,2.68,-1.68,0,0,,0,1.333,14,6.333,0.333
Tom Powell,North Melbourne,23,23.83,Midfielder,5,6.66,70.4,79.8,0,0,0,77.6,9.6,9.8,19.4,69.072,56.25,81.633,70.103,2.2,45.455,49.485,3,1.8,2.4,8.083,2.4,8.083,258.2,13.309,214.448,472.648,243.768,111.024,25.393,6.88,0.702,26.916,2.352,58.743,2.232,4.8,15,19.8,24.242,1,3.4,0.6,1.4,2,1.8,1.6,0.8,0.6,9.8,-11.199,4.2,7.8,6.6,1.2,4.8,14.634,0.6,12.5,1.6,2.2,2.4,66.667,4.6,0,0,0,0.6,0.4,0.6,-0.2,0,0,0,,0,,0,,,4,0.6,0.2,0,0,,2,0.4,0.6,1,0.6,0.8,6.8,40,5.8,25.893,0.8,5,3.52,-0.52,0,,,5,3.52,-0.52,0,0,,0.6,1,14,7,0.4
Charlie Comben,North Melbourne,24,24.44,Key Defender,5,5.86,54,47.6,0,0,0,95.2,7.6,5.4,13,84.615,78.947,92.593,76.923,0.2,100,58.462,0.6,2.6,3.8,3.421,1.6,8.125,216.8,16.677,121.74,338.54,184.042,102.038,24.216,16.574,3.069,14.184,0.101,67.964,-2.249,3.8,8.8,12.6,30.159,6.8,3,0.2,0.4,2.6,3.8,3,0,1,2.6,-42.798,7.4,3,2,0.2,0,0,0,,0,0,0,,6.2,0.6,0,3.4,0,0.4,2.4,-2,0,0,0,,0,,0,,,0.4,0,2,60,0.2,0,0,0,0.6,0.6,0,0.2,0.8,0,2,8.929,1,3,3.477,-2.477,2,3.487,-2.487,1,3.456,-2.456,0,0,,0.4,4.4,6.6,4.6,4.2
Zac Banch,North Melbourne,22,22.94,Gen. Forward,3,2.5,36.333,38.333,0,0,0,56,4.667,3.667,8.333,68,42.857,100,72,1,0,56,1,0,1.333,6.25,1,8.333,101.333,12.16,93.98,195.313,77.56,33.167,17.898,6.747,1.84,24.371,-14.371,66.953,-16.953,4.667,4.667,9.333,50,0.667,2.333,0.333,0.333,2,4.333,2.333,0.333,1.333,1.333,5.866,0.667,3.667,3.333,1.667,0,0,0,,0,0,0.333,0,3.333,0.333,0.333,0,0,1.667,0.333,1.333,0,0,0,,0,,0,,,1,0,0,,0.333,100,1,0.333,0.333,1.333,0,0,2.333,25,1.667,8.621,0.333,4,3.742,-1.992,2,3.962,-0.462,2,3.522,-3.522,0,0,,1.333,0.667,7,3.667,0.333
Robert Hansen Jr,North Melbourne,21,21.8,Mid-Forward,2,3.85,19,17,0,0,0,25.5,1.5,4.5,6,91.667,66.667,100,91.667,0.5,100,25,1,0,0.5,12,0.5,12,72,12,57.23,129.23,44.485,54.275,29.657,23.565,5.237,23.85,9.483,42.56,24.107,1,5,6,16.667,0.5,1,0,0,1,1,1,0,0.5,3,-3.21,1,1.5,3,0.5,0,0,0,,0,0,0,,1,0,0,0,0,0.5,0,0.5,0,0,0,,0,,0,,,0,0,0,,0,,0,0,0,0,0,0.5,0.5,,1.5,9.091,0,0,,,0,,,0,,,0,0,,0,0,8.5,2,0
Zane Duursma,North Melbourne,20,20.34,Gen. Forward,3,3.4,45.667,40.333,0,0,0,69.667,5.667,3.667,9.333,89.286,88.235,90.909,75,0.667,100,60.714,0.667,2.333,1,9.333,1,9.333,190.333,20.393,84.91,275.243,181.13,82.71,31.964,4.453,1.215,20.516,-1.766,56.844,-0.594,2.667,7,9.667,27.586,2,1.667,0,0.667,1,2.667,1.667,0,0.333,1.667,-25.907,3,4.333,2,0.333,0,0,0,,0,0,0,,5.333,0.667,0,0.667,0,0,0,0,0,0,0,,0,,0,,,0,0,0.667,50,0,,0,0,0,0,0.667,0.667,4,,1.333,7.692,0.333,0,,,0,,,0,,,0.333,2.326,100,0,1,5.333,3.667,0.667
Harry Sheezel,North Melbourne,21,21.21,Mid-Forward,5,11.6,124.6,127,14,2.8,2,85,17.2,18.2,35.4,72.316,60.465,83.516,73.446,3.4,41.176,48.588,4.8,2.8,3.8,9.316,5.2,6.808,438,12.373,339.642,777.642,413.664,224.004,24.05,3.044,0.167,24.973,3.405,57.922,-3.868,10,24.4,34.4,29.07,3.2,7.4,1,1.4,6,3.6,3.2,1.8,1.2,15.8,-13.325,7.8,14,11,1.6,18.6,56.707,2,10.753,3.2,5.2,5.4,88.889,6.6,0,0.2,0.4,0,1,0.6,0.4,0,0,0,,0,,0,,,4,0.2,0,,0,,3,0.6,0.4,1.2,0.6,1.2,8.2,50,6.8,30.357,1.6,6,2.827,0.507,1,3.653,-3.653,5,2.661,1.339,0.6,4.918,100,0,0.6,20.6,13.4,0.2
Jacob Konstanty,North Melbourne,21,21.14,Gen. Forward,5,1.76,34,43.6,0,0,0,66.4,5.2,4.4,9.6,45.833,23.077,72.727,58.333,1.8,44.444,54.167,2.4,0.2,2.8,3.429,2.2,4.364,138,14.375,77.718,215.718,129.27,31.802,25.854,-0.994,-0.226,37.967,4.89,45.319,-2.462,2.8,6.4,9.2,30.435,1.4,1.8,0.4,0.4,1.4,2,1.2,0.2,0.6,3.8,23.236,0.6,1.6,4.6,2.4,0,0,0,,0.8,0.8,0.2,100,1.4,0,0.4,0,0.4,0.6,0.4,0.2,0,0,0,,0,,0,,,3.4,1.4,0,,0.4,0,1,0.2,0.8,1.6,0.8,1,7,12.5,3,13.393,0.6,8,3.485,-2.235,2,3.207,-2.207,6,3.578,-2.244,0,0,,0.4,0.8,12,2.8,0.4
Riley Hardeman,North Melbourne,20,20.84,Gen. Defender,3,3.567,45.333,49,0,0,0,60,6.667,5,11.667,77.143,65,93.333,71.429,1,0,57.143,1,2.667,0.333,35,2.333,5,187,16.029,118.86,305.86,162.593,40.62,24.389,8.45,1.811,16.531,-1.531,59.107,-14.107,2,10,12,16.667,3.333,1.667,0,0.333,1.333,2,1.667,0,1.667,3.667,-43.256,6.333,5,0.667,0,0,0,0,,0,0,0,,5.667,0,0,1,0,0.667,0,0.667,0,0,0,,0,,0,,,0.333,0,0,,0,,0,0,0,0,0,0,0,,1.333,7.692,0,0,,,0,,,0,,,0,0,,0.333,2,3.667,3,1.667
Colby McKercher,North Melbourne,20,20.72,Gen. Defender,5,9.72,105.4,94.2,8,1.6,3,87.8,20.8,8.6,29.4,82.313,80.769,86.047,73.973,2,50,70.748,3.2,4.2,4.4,6.682,5.4,5.444,486.4,16.544,359.3,845.7,434.032,264.014,20.867,-4.982,-0.579,18.595,1.405,67.446,2.554,3.8,21.6,25.4,14.961,2.8,2.8,0,0.4,2.4,2.8,2.2,0.2,0.8,17,-24.501,9,9,6.6,0.8,0,0,0,,0.4,0.4,1,60,4,0.4,0.2,0.6,0,0.6,2,-1.4,0,0,0,,0,,0,,,1.4,0,0.4,50,0,,2,0.4,0,0.6,0.4,1,5.4,66.667,4.6,20.536,1.2,3,3.279,0.721,1,3.515,-3.515,2,3.16,2.839,6,49.18,83.333,2.2,1,9.6,6.8,0.8
Finn O'Sullivan,North Melbourne,19,19.58,Gen. Defender,5,7.54,68.8,68.2,0,0,0,85.4,9,8.4,17.4,85.057,82.222,88.095,78.161,1,40,51.724,1.6,1.6,1.6,10.875,2.2,7.909,184.4,10.598,207.284,391.684,182.662,86.16,20.296,2.694,0.321,22.436,1.373,69.672,4.138,4,14.2,18.2,21.978,3.2,3.2,0.2,0.4,2.8,2.4,1.8,0.2,0.6,7.2,-18.757,4.8,7.8,4.8,0.8,3,9.146,0,0,1,1,1,80,5.8,0.2,0.2,1.2,0.6,0.2,0.8,-0.6,0,0,0,,0,,0,,,2.2,0.2,0.2,100,0,,0,0,0.4,0.6,0,0.2,0.6,0,3,13.393,0,3,1.995,-1.329,0,,,3,1.995,-1.329,0,0,,0,2.2,13.8,6.4,1
Wil Dawson,North Melbourne,20,20.03,Key Defender,1,5.8,37,35,0,0,0,89,6,1,7,71.429,83.333,0,71.429,0,,85.714,0,3,2,3.5,1,7,72,10.286,116.19,188.19,116.46,89.54,19.41,8.32,8.32,18.965,14.368,68.498,-1.832,3,4,7,42.857,4,2,0,0,2,3,2,0,1,0,-40.324,4,1,2,0,2,6.25,0,0,0,0,0,,4,0,0,2,0,1,2,-1,3,2.885,0,0,0,,0,,,2,0,1,0,0,,0,0,0,0,0,0,0,,2,14.286,0,0,,,0,,,0,,,0,0,,0,3,8,7,3
Finnbar Maley,Adelaide,22,22.45,Key Forward,1,5.2,26,36,0,0,0,71,5,3,8,75,60,100,75,0,,62.5,0,1,5,1.6,5,1.6,69,8.625,134.41,203.41,76.53,55.98,15.306,6.55,2.183,14.613,-14.613,67.69,-1.023,4,6,10,40,1,2,1,0,2,3,1,0,0,3,6.411,1,4,2,3,4,12.5,0,0,1,1,1,100,4,1,1,1,2,0,3,-3,9,8.654,2,22.222,0,0,0,50,50,1,0,0,,0,,1,1,0,2,0,0,6,50,2,14.286,0,2,5.358,-2.358,1,5.417,0.583,1,5.3,-5.3,0,0,,0,1,5,3,0
Luke Parker,North Melbourne,33,33.18,Midfielder,5,11.82,99.8,98.4,1,0.2,1,76.2,13.4,13.4,26.8,67.164,52.239,82.09,69.403,2.4,33.333,50,2.4,0.4,4,6.7,5,5.36,340,12.687,203.686,543.686,323.954,152.214,24.176,-4.658,-0.348,25.559,2.774,55.842,-2.509,12.4,14.2,26.6,46.617,1,9,0.8,1.8,7.2,2.2,1.6,2,0.2,9,-4.125,2,13,10,1.6,22.2,67.683,2,9.009,5,7,8.8,70.455,4.4,0.2,0,0.2,0.2,1.2,1.4,-0.2,0,0,0,,0,,0,,,4.6,0.4,0,,0.2,0,2,0.4,0.4,0.8,0.4,0.6,5.4,50,5.6,25,1.4,4,2.948,0.552,2,2.252,1.248,2,3.643,-0.143,0,0,,0,1.2,11.6,6.2,0.6
Jack Darling,North Melbourne,33,33.55,Key Forward,5,10.24,68.2,55.2,0,0,0,90.2,7,2.8,9.8,65.306,62.857,71.429,67.347,0.8,50,71.429,1,0.2,2.2,4.455,2.4,4.083,161.2,16.449,68.918,230.118,170.324,95.89,25.048,4.808,1.717,28.548,11.452,61.771,8.229,6,3.8,9.8,61.224,0.6,2.8,1.4,0.6,2.2,5,2.6,0,1.2,1.4,29.579,0.2,2,3.4,4.2,2,6.098,0.2,10,0.6,0.8,1.2,50,3.4,1.4,1.6,0.2,1.2,0.8,1.2,-0.4,10,9.804,1.8,18,0.4,22.222,0.8,22.222,33.333,2.6,1,0.4,50,2.4,25,7,1.4,0.6,2.2,0.6,0.6,12.6,63.636,4.8,21.429,0.4,11,3.556,0.535,10,3.347,0.553,1,5.646,0.354,0,0,,0,2.2,8.2,2.2,1.2
Caleb Daniel,North Melbourne,29,29.48,Gen. Defender,5,10.06,91,79.2,1,0.2,1,83.2,15.2,8.8,24,84.167,78.947,93.182,81.513,1.6,100,63.333,1.6,4.2,1.6,15,2.8,8.571,383.8,15.992,197.674,581.474,365.152,267.656,24.343,4.116,0.468,18.047,0.872,60.986,7.933,3.6,16,19.6,18.367,2.8,3.2,0,0.8,2.4,2.8,2.4,0,1,11,-25.458,6.8,8.4,4.2,0.2,0.2,0.61,0.2,100,0.6,0.8,0.4,100,3.4,0,0,0,0,0.4,0.6,-0.2,0,0,0,,0,,0,,,1.8,0,0.2,100,0,,0,0,0,0,0.2,0.6,1.6,,3.8,16.964,1,0,,,0,,,0,,,5.2,42.623,76.923,0.8,0.6,8.2,6.6,0.4
Jy Simpkin,North Melbourne,27,27.82,Mid-Forward,3,10.567,96.667,97.333,0,0,0,88.667,16.667,10.333,27,69.136,58,87.097,62.963,3.667,45.455,61.728,4,3.667,3.333,8.1,4,6.75,509.333,18.864,271.68,781.013,461.81,226.04,28.274,1.487,0.144,22.598,-2.143,50.376,-0.376,7.667,20,27.667,27.711,3.667,6.667,0.667,1.333,5.333,4.667,4.333,0.667,1.333,13.333,-14.866,6,12.667,6.333,2.667,4,11.429,0.667,16.667,1.667,2.333,2,83.333,6.333,0.333,0.333,0,0.667,0.333,1,-0.667,0,0,0,,0,,0,,,2,0,0.333,0,0,,1,0.333,0.333,1,0.333,0.667,4.667,33.333,5.333,21.622,0.667,3,2.447,-0.114,1,3.072,-2.072,2,2.135,0.865,0,0,,0.667,1,11.667,6.667,0.667
Griffin Logue,North Melbourne,27,27.71,Key Defender,5,7.44,61.2,53.6,0,0,0,89.2,6,7.6,13.6,86.765,83.333,89.474,79.412,0.6,33.333,44.118,0.8,1.6,1.4,9.714,1.4,9.714,115.6,8.5,153.906,269.506,110.244,32.758,18.374,-2.146,-0.282,19.802,-5.516,75.293,-7.436,3.8,9.4,13.2,28.788,5,2,0,0.6,1.4,3.2,1.8,0.2,0.2,3.8,-40.239,7.4,3.4,2.4,0,0,0,0,,0.6,0.6,0.4,100,6,0.6,0,2,0,1.2,0.8,0.4,0,0,0,,0,,0,,,0.6,0,0.8,0,0,,1,0.2,0,0.2,0,0,1.2,100,2.6,11.607,0.8,1,3.746,2.254,1,3.746,2.254,0,,,0,0,,0.2,4.8,8.2,7.2,4.6
Cameron Zurhaar,North Melbourne,27,27.61,Gen. Forward,4,3.8,54.25,50.75,0,0,0,67.75,7.25,0.75,8,56.25,55.172,66.667,59.375,1.25,60,90.625,1.75,0.5,2,4,2,4,181.75,22.719,71.182,252.933,203.338,60.928,28.047,-1.228,-1.637,24.84,3.731,64.834,-0.548,3.75,4.5,8.25,45.455,0.75,1.75,1.25,0.5,1.25,3.5,1.75,0.25,0.5,1.25,33.721,0.25,1.75,1.75,4.5,0,0,0,,0.25,0.25,0.25,100,4,1,1.75,0,1.25,0.5,0.5,0,0,0,0,,0,,0,,,1.5,1,0,,0.5,50,6,1.5,1.5,3.75,0.5,0.75,13.75,40,4.25,19.54,0.25,15,3.303,-0.503,8,3.976,-0.601,7,2.534,-0.391,0,0,,0.5,0.75,9,1.5,0.5
Liam Baker,West Coast,27,27.92,Gen. Defender,5,12.64,98.8,90.2,0,0,0,86.4,10.8,10.4,21.2,70.755,61.111,80.769,71.429,2.4,41.667,50.943,2.6,1.6,2.4,8.833,3.8,5.579,312.8,14.755,220.846,533.646,281.094,188.904,26.518,30.188,2.903,23.667,-8.449,57.355,3.515,8.2,12.4,20.6,39.806,5.4,7.2,0.8,1.4,5.8,5,4.6,0,2.2,6.2,-8.94,3.8,8.4,6.6,1.8,6.2,20.805,1,16.129,1.4,2.4,2.4,75,5,0.2,0.6,0.8,1,1.2,1,0.2,0,0,0,,0,,0,,,5,0.8,0.4,50,0,,3,0.6,0.2,0.8,0.4,0.6,6.4,75,2.8,17.722,1.2,4,3.689,1.061,4,3.689,1.061,0,,,0.6,4.839,66.667,0.2,2.2,16,8,1.4
Liam Ryan,St Kilda,29,29.24,Gen. Forward,5,6.44,57.8,58.4,0,0,0,82.4,8.4,2,10.4,53.846,47.619,80,56.863,2.8,35.714,80.769,2.8,0,1.4,7.429,1.8,5.778,235,22.596,88.87,323.87,231.314,115.75,28.209,4.716,2.358,29.434,-1.848,55.42,-3.696,3.8,6.6,10.4,36.538,1.2,2.6,0.8,0.6,2,3.4,2.4,0.2,1.2,1.6,18.475,0.8,2,4.4,3.2,4.2,14.094,0.2,4.762,0.2,0.4,0.6,66.667,4.8,0.4,1.2,0.4,0.8,1,0.2,0.8,0,0,0,,0,,0,,,1.8,0.8,0,,1,20,5,1,1.2,2.4,0.4,0.8,10,41.667,4.4,27.848,0.4,12,3.269,-0.269,7,3.598,0.116,5,2.808,-0.808,0,0,,0.4,0.6,12.6,3,0.4
Bailey J. Williams,West Coast,25,25.7,Ruck,4,5.575,49,45.25,0,0,0,80.25,4.5,3.5,8,62.5,50,78.571,62.5,1.25,60,56.25,1.25,0,2.75,2.909,2.5,3.2,122.5,15.312,60.868,183.368,138.64,65.242,30.809,-5.457,-1.559,23.781,-2.352,52.3,-9.443,5.25,3,8.25,63.636,0.5,1.75,0,0.5,1.25,2,0.5,0,0.25,2,2.507,0.25,3.5,3.25,1.25,13.25,44.167,1.5,11.321,1.25,2.75,2.75,81.818,1.5,0.75,0.5,0.25,0,1.5,1.5,0,33.25,35.092,13.5,40.602,2.75,20.37,0.75,29.63,31.481,2,0.5,0,,2.25,33.333,1,0.25,0.25,0.5,0,0.25,2,50,2,13.115,0.5,2,2.727,0.773,2,2.727,0.773,0,,,0,0,,0,2,10.75,4.5,1.5
Sandy Brock,West Coast,23,23.04,Key Defender,4,9.125,64.25,43.75,0,0,0,90,7.25,3.75,11,79.545,75.862,86.667,70.455,0.5,0,65.909,0.5,3.5,1.75,6.286,1.25,8.8,198,18,72.028,270.027,166.677,83.83,22.99,2.3,0.613,15.055,0.329,60.495,4.89,3,7.5,10.5,28.571,4.75,2.5,0,0.25,2.25,2.5,2,0,0.25,3.25,-48.163,6,4.25,0.25,0,0,0,0,,0.25,0.25,0,,4,0.25,0,1.5,0.25,0.25,0.25,0,0,0,0,,0,,0,,,0.75,0,2.5,40,0,,0,0,0,0,0,0,0,,1.75,11.111,0.75,0,,,0,,,0,,,0,0,,0.25,8.75,5.25,4.25,8.25
Tyler Brockman,West Coast,23,23.1,Gen. Forward,5,5.36,43.4,40.4,0,0,0,72.4,5,3.2,8.2,73.171,68,81.25,68.293,0.8,25,60.976,1,0,1.4,5.857,2,4.1,108.6,13.244,103.562,212.162,117.398,38.486,23.48,7.45,2.328,30.272,3.061,57.534,9.133,2.6,5.6,8.2,31.707,1,1.2,0.6,0.6,0.6,2.6,1.2,0,0.4,2,17.164,0.4,2.4,2.6,2.8,1,3.356,0,0,0,0,0,,3.4,0.4,1.4,0.2,1.4,1,0.6,0.4,0,0,0,,0,,0,,,1.4,0.4,0,,0.2,0,3,0.6,0.4,1.4,0.4,1.2,7.2,42.857,2.6,16.456,0.4,7,3.608,-0.751,7,3.608,-0.751,0,,,0,0,,0,0.8,14.6,3.8,0.6
Matthew Owies,West Coast,28,28.78,Gen. Forward,4,3.6,36.25,31,0,0,0,60.5,3.5,2.5,6,75,57.143,100,78.261,0.25,0,58.333,0.75,0.5,0.75,8,1,6,70,11.667,93.382,163.382,66.993,39.222,20.613,7.312,2.925,27.718,-7.718,61.752,-11.752,2.5,3.5,6,41.667,1.25,1.25,0,0,1.25,2,1.25,0.25,0.5,1.75,5.271,1,1,2.75,1.25,0,0,0.25,,0.25,0.5,0.25,100,1.75,0.25,0.75,0.25,0.5,0.5,0.25,0.25,0,0,0,,0,,0,,,2.25,1,0,,0.5,0,1,0.25,0,0.75,0,0.25,1.75,33.333,1,6.349,0,3,3.508,-1.508,2,3.926,-0.926,1,2.672,-2.672,0,0,,0,1.25,9,1.5,1
Rhett Bazzo,West Coast,22,22.2,Key Defender,5,4.48,57,48.8,0,0,0,86.8,6.4,5.4,11.8,88.136,81.25,96.296,74.576,0.6,33.333,54.237,0.6,2.2,2.2,5.364,2.4,4.917,158.6,13.441,131.714,290.314,149.62,47.196,23.378,0.152,0.028,18.347,-2.722,60.871,-10.871,3,8.8,11.8,25.424,4,1.8,0,0,1.8,3,1.8,0,0.4,3.8,-35.115,4.6,6,1.2,0,0,0,0,,0,0,0,,5.4,0.8,0,1,0.4,0.2,1,-0.8,2.8,2.941,0.6,21.429,0.2,33.333,0,33.333,33.333,1.2,0,1.4,71.429,0,,0,0,0,0,0.2,0.2,1.2,,2.2,13.924,0.8,0,,,0,,,0,,,0,0,,0,5.8,4.8,4.8,4.8
Elijah Hewett,West Coast,21,21.59,Midfielder,5,5.64,66,66.4,0,0,0,79.4,6.6,10.6,17.2,69.767,60.606,75.472,65.116,2.6,38.462,38.372,3,0.4,2.6,6.615,3.2,5.375,213.2,12.395,146.538,359.738,217.192,91.234,33.936,5.428,0.512,26.011,-9.344,48.114,10.219,6.2,11.2,17.4,35.632,1.4,4.4,0.6,1.2,3.2,1.8,1.4,0.8,0.6,7.6,2.356,1.4,6,7.8,2.2,14.2,47.651,0.6,4.225,2,2.6,3,80,2,0,0.4,0.2,0.2,1.2,0.4,0.8,0,0,0,,0,,0,,,4.4,0.6,0,,0.2,0,1,0.2,0.6,1,0.4,0.4,4.2,20,3.8,24.051,0.8,5,3.38,-1.58,3,4.085,-3.085,2,2.323,0.677,0,0,,0,0.8,14.4,6.8,0
Reuben Ginbey,West Coast,21,21.3,Gen. Defender,5,8.14,70.6,55.6,1,0.2,1,80,9.2,4.6,13.8,66.667,58.696,82.609,71.014,0.6,33.333,66.667,0.6,4,3,4.6,3.2,4.312,256,18.551,131.096,387.096,203.788,118.306,22.151,18.308,3.98,15.907,-0.689,62.006,-7.658,5.6,8.8,14.4,38.889,6,3.4,0,0.4,3,5.4,3.2,0,1.2,4.8,-49.638,9,4.4,1,0,0,0,0,,0.2,0.2,0,,4,0.4,0,1,0.4,1.6,1.2,0.4,0,0,0,,0,,0,,,2.2,0,1,0,0,,0,0,0,0,0,0,0,,2.2,13.924,1.2,0,,,0,,,0,,,0.2,1.613,100,0.8,6.4,7.6,6.8,5.8
Tyrell Dewar,West Coast,21,21.76,Midfielder,3,2.467,19,20.333,0,0,0,44.333,3.667,1,4.667,71.429,63.636,100,71.429,1.333,100,78.571,1.333,0.333,0.667,7,0.667,7,120,25.714,53.1,173.1,100.483,74.093,27.405,3.003,3.003,30.722,9.278,54.706,5.294,1,4,5,20,0.333,0.333,0,0,0.333,0.667,0.333,0.333,0,1.667,0.818,0.667,1.667,2,0.667,0,0,0,,0,0,0.333,100,2,0,0.333,0,0,0.333,0.333,0,0,0,0,,0,,0,,,0,0,0,,0.333,100,1,0.333,0,0.333,0.333,0.667,4.333,100,2,12.245,0,1,3.878,2.122,1,3.878,2.122,0,,,0,0,,0.667,0.333,5.667,3.667,0.333
Brady Hough,West Coast,22,22.82,Midfielder,5,5.06,66.6,64.4,0,0,0,84,8.8,6.2,15,73.333,75,70.968,73.333,1.2,33.333,58.667,1.4,2.2,1.2,12.5,2.4,6.25,169.6,11.307,176.528,346.128,167.292,80.16,19.01,3.104,0.501,22.553,6.992,66.16,2.022,4,11,15,26.667,3.8,3.2,0,0.4,2.8,3.2,2.6,0,1.4,5,-28.34,5.2,7.4,2.4,0,9,30.201,0,0,0,0,0.4,50,5.4,0.2,0,0.8,0.2,0.4,0.2,0.2,0,0,0,,0,,0,,,2.4,0.2,0.2,0,0,,0,0,0,0,0.2,0.4,1.4,,2.6,16.456,0.4,0,,,0,,,0,,,0.2,1.613,100,0.4,1.8,9.2,7.2,1.4
Harley Reid,West Coast,20,20.7,Midfielder,1,8.7,50,52,0,0,0,76,10,5,15,73.333,60,100,73.333,1,0,66.667,3,1,9,1.667,6,2.5,374,24.933,279,653,317.63,215.43,31.763,19.86,3.972,24.113,-24.113,62.038,-24.538,5,13,18,27.778,1,2,0,1,1,1,0,2,0,6,-5.329,2,6,9,1,22,68.75,2,9.091,1,3,4,75,4,0,1,0,2,2,6,-4,0,0,0,,0,,0,,,1,0,0,,0,,2,2,0,2,0,0,12,100,2,11.765,0,2,3.008,2.992,1,3.484,2.516,1,2.531,3.469,0,0,,3,0,18,9,0
Clay Hall,West Coast,20,20.63,Midfielder,5,6.04,64.4,52.2,0,0,0,77.6,6,9.4,15.4,70.13,60,76.596,64.935,2,30,38.961,2,1.6,3,5.133,2.4,6.417,206.2,13.39,138.526,344.726,181.122,65.722,30.187,7.39,0.786,22.24,-3.722,49.454,-12.417,7.4,8.4,15.8,46.835,2.6,5.2,0,1.2,4,2.8,2.2,1.4,0.8,4.8,-14.42,3.2,6.2,6,0.4,8.6,28.859,0.2,2.326,2.4,2.6,3.8,57.895,2.8,0,0,0,0.2,0.6,1.4,-0.8,0,0,0,,0,,0,,,2.6,0.2,0,,0,,0,0,0.2,0.2,0.4,0.4,2.6,0,1.8,11.392,0.4,1,2.108,-1.108,0,,,1,2.108,-1.108,0,0,,0.4,1,14.6,6.8,0.8
Archer Reid,West Coast,20,20.28,Key Forward,3,3.567,40,33,0,0,0,70,2.667,2,4.667,85.714,75,100,78.571,0.667,50,57.143,0.667,0,0.333,14,0.667,7,60.333,12.929,66.357,126.69,81.157,22.48,30.434,1.08,0.54,25.265,-8.598,66.892,-16.892,3.667,1.667,5.333,68.75,0.333,1,0.667,0,1,3,1,0,0,0,18.27,0.333,1.667,1.667,1.667,2.667,8.511,0,0,0.667,0.667,0.667,100,2,0.667,0.667,0,0.333,1.333,0,1.333,13.333,14.388,4.667,35,1.333,28.571,0,50,42.857,1.667,0.333,0.333,100,2,33.333,1,0.333,0.333,0.667,0,0.333,2.667,50,2.333,13.725,0.667,2,3.862,-0.362,2,3.862,-0.362,0,,,0,0,,0,1,5.667,2,0.333
Ryan Maric,West Coast,21,21.31,Gen. Defender,4,5.575,100.5,83.25,0,0,0,80.75,14.25,8.75,23,73.913,71.93,77.143,70.652,1,75,61.957,1.25,4.25,2.5,9.2,4.25,5.412,415.5,18.065,268.125,683.625,374.352,249.952,26.27,-3.597,-0.411,16.112,-5.398,60.971,-2.042,4.25,14.75,19,22.368,2.75,3.25,0.25,0.75,2.5,3.5,2.75,0.25,0.75,11.25,-31.583,7.5,8,3.25,0.25,0,0,0,,0.5,0.5,0.5,100,2.5,0,0,0.25,0.25,0.75,0.25,0.5,0,0,0,,0,,0,,,3.5,0,0.5,0,0,,1,0.25,0,0.25,0.5,0.5,4.5,100,2.5,15.873,0.5,1,5.968,0.032,1,5.968,0.032,0,,,4.5,34.615,100,3.5,1.25,9,5.25,1
Jobe Shanahan,West Coast,19,19.41,Key Forward,5,2.44,39.4,44,0,0,0,84.4,5.2,0.8,6,56.667,53.846,75,51.724,0.2,0,86.667,0.6,0.2,1.4,4.286,1.6,3.75,100.2,16.7,20.592,120.792,143.492,42.608,27.595,3.622,4.528,32.344,-12.344,68.027,-18.027,3.4,2.8,6.2,54.839,0.2,0.6,0.2,0.2,0.4,3.4,0.6,0,0.2,0.6,41.094,0.2,1,1,4,0,0,0,,0,0,0,,3.8,1.6,2.2,0,0.8,1.2,0.4,0.8,0.2,0.21,0,0,0,,0,,,1.4,1,0,,1.4,0,7,1.4,1.4,3,0,0,9.8,46.667,3.4,21.519,0.2,15,3.597,-0.33,14,3.638,-0.567,1,3.021,2.979,0,0,,0,0.6,8.6,1.6,0.6
Jack Hutchinson,West Coast,24,24.13,Midfielder,1,0.1,63,51,0,0,0,82,8,8,16,62.5,75,50,62.5,2,0,50,2,3,5,3.2,4,4,300,18.75,136.17,436.17,281.62,104.2,35.202,5.22,0.652,20.663,-8.162,46.847,-9.347,7,10,17,41.176,3,5,0,1,4,3,2,1,1,5,-16.81,4,8,5,0,0,0,0,,2,2,4,50,5,0,0,0,1,1,3,-2,0,0,0,,0,,0,,,1,1,0,,0,,0,0,0,0,1,1,6,,3,17.647,2,0,,,0,,,0,,,0,0,,0,1,10,8,0
Tom McCarthy,West Coast,25,25.47,Gen. Defender,5,8.54,91.8,84.2,2,0.4,1,80.4,15.4,8.2,23.6,72.881,68.831,80.488,67.521,2.8,57.143,65.254,3,5.2,4.6,5.13,6,3.933,469.2,19.881,251.432,720.632,384.558,266.258,25.637,30.84,3.761,20.987,-3.42,60.972,-4.215,6.4,13.4,19.8,32.323,3.8,5.4,0.2,1.2,4.2,2.8,2.4,0.2,1.2,8.6,-16.425,5.6,7.4,5.6,1.2,8.2,27.517,0.6,7.317,1.6,2.2,2.6,61.538,4.4,0,0.2,0.8,0.4,0.8,1,-0.2,0,0,0,,0,,0,,,2.6,0.2,0,,0,,0,0,0.2,0.2,0.8,1.2,5.4,0,5,31.646,2,1,3.443,-2.443,1,3.443,-2.443,0,,,4.6,37.097,91.304,1.4,0.8,15,8.2,0.4
Jamie Cripps,West Coast,33,33.69,Gen. Forward,5,7.88,57.8,59.8,0,0,0,88.8,8,4,12,63.333,60,70,58.333,2,40,66.667,3.2,0.8,3.8,3.158,4,3,227,18.917,83.322,310.322,221.902,115.922,27.738,-0.77,-0.192,30.923,-3.337,53.476,-12.096,3.8,8.6,12.4,30.645,2,2.4,1.2,0.4,2,3.4,2.2,0,1.2,4,14.995,1.4,2.8,4.6,3.6,0,0,0,,0.4,0.4,0.2,100,3.6,0.2,0.6,0,1,0.4,0.8,-0.4,0,0,0,,0,,0,,,2.6,1.2,0.2,100,0.8,0,7,1.4,0.2,1.8,1,1,14.6,77.778,3.6,22.785,0.4,9,3.234,1.543,4,3.719,2.281,5,2.847,0.953,0,0,,0,1.4,14.2,3.8,0.2
Tim Kelly,West Coast,31,31.43,Mid-Forward,5,13.5,97.4,79,6,1.2,1,82.2,11,12.6,23.6,74.576,58.182,88.889,66.379,3.6,22.222,46.61,3.6,2.6,3.6,6.556,4.2,5.619,342.2,14.5,185.524,527.724,317.882,102.446,29.434,4.238,0.342,25.743,-5.335,52.38,-11.564,12.8,12.2,25,51.2,2,8.8,0.6,2.4,6.4,3.2,2.6,2,1.2,9.4,-4.508,3.6,10,9.6,1.8,22.8,76.51,3,13.158,4,7,8,72.5,2,0.2,0.2,0,0.2,1.8,1.4,0.4,0,0,0,,0,,0,,,3.4,0.4,0,,0.2,100,3,0.6,0,0.8,0,0.4,4,75,4.6,29.114,1.8,4,3.517,0.983,3,4.029,1.971,1,1.983,-1.983,0,0,,0.4,0.8,18.4,10,0
Liam Duggan,West Coast,29,29.05,Gen. Defender,3,7.867,75,73.333,0,0,0,80,12.333,3.667,16,85.417,83.784,90.909,81.25,1.667,100,77.083,1.667,3.667,1.667,9.6,2.667,6,314.667,19.667,257.25,571.917,291.557,200.423,23.64,2.113,0.576,18.229,-4.716,65.09,2.478,2.333,12.667,15,15.556,4.333,1.667,0,0,1.667,1.333,1,0.333,0.667,4.667,-35.08,7.667,4.333,2.667,0.333,0,0,0,,0.667,0.667,1,66.667,7.333,0,0,2.333,0,0,0.333,-0.333,0,0,0,,0,,0,,,2,0,0,,0,,0,0,0,0,0,0,0,,2.333,13.725,0.333,0,,,0,,,0,,,1.667,12.5,100,0,0.667,11.333,8,0.333
Tom Cole,West Coast,28,28.59,Gen. Defender,5,9.4,91,78.2,0,0,0,82.6,11,7.4,18.4,81.522,80,83.784,77.174,1.6,75,59.783,1.8,2.2,2.6,7.077,2.8,6.571,279,15.163,211.562,490.562,246.604,170.606,22.419,21.128,2.855,18.627,-5.42,67.159,2.653,5.2,11.4,16.6,31.325,5.6,3.2,0,0.6,2.6,4.8,2.8,0,1.6,5.2,-26.306,5.8,7.6,3,0.2,0,0,0,,0.2,0.2,0.2,100,6,0.4,0,0.8,0.4,1.2,1.4,-0.2,0,0,0,,0,,0,,,3.8,0.2,0.4,50,0,,0,0,0.2,0.2,0.4,0.6,2.8,0,2,12.658,0.6,1,3.925,-2.925,0,,,1,3.925,-2.925,1.6,12.903,87.5,0.8,3,12.4,8.8,2.4
Matt Flynn,West Coast,28,28.29,Ruck,4,10.75,85,71.25,0,0,0,80.25,5,6.25,11.25,55.556,45,64,61.364,1.5,50,44.444,2.25,0.5,2,5.625,1.75,6.429,126,11.2,102.645,228.645,120.578,61.528,25.385,11.605,1.857,26.351,0.316,56.234,-2.901,7,5.5,12.5,56,3.25,3.75,0,0.5,3.25,4,2.25,0,0.75,3,-3.954,1.5,5.5,4,1.5,22,75.862,1.5,6.818,0.75,2.25,3.25,61.538,3.75,1.5,0.75,2,0,0.5,1,-0.5,71.75,74.935,27,37.631,7.5,27.778,0.5,47.222,41.667,1.25,0.25,0.25,0,0.5,0,2,0.5,0,0.5,0.5,1,6.5,100,2.5,15.873,1.25,2,3.872,2.128,2,3.872,2.128,0,,,0,0,,0,2.25,10,4.75,0.75
Bayley Fritsch,Melbourne,29,29.06,Gen. Forward,5,10.82,74.4,74.8,6,1.2,2,85.2,8.4,5,13.4,67.164,61.905,76,74.242,1.8,88.889,62.687,2,0,3.4,3.941,3.2,4.188,250.2,18.672,105.726,355.926,236.628,180.304,28.857,9.512,1.902,36.425,15.749,53.62,11.597,4.2,9.8,14,30,1.2,2.2,1.2,0.6,1.6,4,2.2,0.2,0.6,3.2,30.651,0,2.8,5.6,5.6,0,0,0,,0.2,0.2,0.2,100,5.8,1,2.6,0.4,1.6,0.6,1.4,-0.8,0,0,0,,0,,0,,,2.6,1.4,0,,1.6,50,12,2.4,1,3.6,0.8,1.2,20.6,66.667,6.6,27.5,0,18,3.768,0.51,13,3.409,0.975,5,4.699,-0.699,0,0,,0.4,1.2,7.4,1.4,0.8
Charlie Spargo,North Melbourne,26,26.09,Gen. Forward,1,0.6,34,22,0,0,0,17,2,0,2,50,50,,50,1,100,100,1,0,0,,0,,47,23.5,0,47,49.89,43.26,24.945,0,,30.07,-30.07,62.29,-62.29,1,1,2,50,1,0,0,0,0,1,0,0,0,0,-1.435,0,1,1,0,0,0,0,,0,0,0,,1,0,0,0,0,1,0,1,0,0,0,,0,,0,,,3,2,0,,0,,0,0,0,0,0,0,0,,0,0,0,0,,,0,,,0,,,0,0,,0,0,8,5,0
Kade Chandler,Melbourne,25,25.96,Gen. Forward,5,10.7,75,65,0,0,0,84.8,8.2,6,14.2,69.014,58.537,83.333,67.606,2.4,58.333,57.746,3,1,1.2,11.833,2.4,5.917,257,18.099,129.804,386.804,215.42,131.408,26.928,9.896,1.649,27.357,-1.55,51.851,-6.689,6,8.8,14.8,40.541,1.2,3.6,1.6,0.2,3.4,4,3,1.2,2.4,5,7.919,1.8,4.6,5,3.4,0,0,0.4,,1.2,1.6,1.4,71.429,2.8,0,0.2,0,0.8,0.6,0.4,0.2,0,0,0,,0,,0,,,3.6,1.6,0,,0.4,50,5,1,0.2,1.4,0.4,0.8,9,71.429,5.4,22.5,1.2,7,4.165,0.263,2,4.944,1.056,5,3.854,-0.054,0,0,,0.2,1.4,16.2,4.8,0.6
Kysaiah Pickett,Melbourne,24,24.58,Mid-Forward,5,10.42,71.8,79.2,2,0.4,1,82.2,14,4.6,18.6,56.989,48.571,82.609,61.29,3.2,43.75,75.269,3.8,1.8,3.8,4.895,4.2,4.429,372.8,20.043,176.55,549.35,358.582,207.168,25.613,-0.166,-0.036,26.527,-1.073,53.755,4.427,5.2,13.2,18.4,28.261,1,3.2,0.8,1,2.2,2,1.4,1,0.4,10,1.469,2,7.2,6.2,3,16.4,55.782,1.4,8.537,0.6,2,2.4,100,2.6,0.2,0.6,0.2,0.6,0.2,1,-0.8,0,0,0,,0,,0,,,4,0.8,0,,0.6,0,5,1,1,2.4,0.6,1,11,41.667,5.2,21.667,0.6,12,2.759,0.158,4,2.448,-0.198,8,2.915,0.335,0,0,,0.6,1.4,18.2,6.8,0.2
Harrison Petty,Melbourne,26,26.13,Key Forward,5,10.34,72.2,63,0,0,0,78,6.8,2.6,9.4,82.979,76.471,100,82.609,1.4,85.714,72.34,1.6,0.4,1,9.4,0.6,15.667,201,21.383,106.636,307.636,229.592,160.416,33.764,9.882,3.801,28.077,14.78,52.527,33.188,4.6,6,10.6,43.396,0.6,1,0.4,0.2,0.8,4.2,1,0,0,2,27.952,0.4,2.4,3.4,4.4,0,0,0,,0.6,0.6,0.6,100,5.4,1.6,2,0,1,1.6,0.4,1.2,7.6,8.034,2.6,34.211,0.4,15.385,0.2,23.077,15.385,2,1,0,,1.8,33.333,8,1.6,0.6,2.6,1.2,1.6,17.8,61.538,5.2,21.667,0.6,13,3.353,0.57,12,3.291,0.459,1,4.09,1.91,0,0,,0,2.4,13,2.2,1.2
Trent Rivers,Melbourne,24,24.42,Gen. Defender,5,10.62,85,87,0,0,0,79,14.4,7,21.4,80.374,76.389,88.571,70.755,2.8,35.714,67.29,3.2,3.6,2.2,9.727,3.2,6.687,470,21.963,221.304,691.304,381.084,211.352,26.837,32.182,4.597,23.308,4.384,58.483,3.055,4.6,16,20.6,22.33,4.6,3.8,0.2,0.6,3.2,3,2.4,0,1,8.6,-17.496,6.6,6.8,6.4,0.8,4.8,16.327,0.8,16.667,0.4,1.2,0.8,100,6,0,0.2,1.2,0,1.8,0.2,1.6,0,0,0,,0,,0,,,2.2,0,0.6,0,0,,1,0.2,0.6,0.8,0.2,0.4,3.2,25,5,20.833,1.4,4,3.222,-0.972,1,2.561,-1.561,3,3.442,-0.776,0.8,7.143,100,0.8,1.6,9.6,6.4,1.4
Jake Bowey,Melbourne,23,23.3,Gen. Defender,5,9,86.4,87.2,0,0,0,79.2,15.2,6.8,22,80.909,77.632,88.235,73.636,2.2,36.364,69.091,2.2,3.4,1.6,13.75,3,7.333,347.8,15.809,324.322,672.122,336.618,175.094,22.146,1.69,0.249,16.776,-0.109,67.056,-0.39,5,13.4,18.4,27.174,3.4,4,0,0.8,3.2,2.8,2.2,0.2,1.4,6.6,-25.566,6.8,7.4,4,0.2,0,0,0.6,,1,1.6,1.2,66.667,5,0,0,0.6,0,0.4,0.6,-0.2,0,0,0,,0,,0,,,3.6,0,1,80,0,,0,0,0,0,0.4,0.4,2.4,,3.4,14.167,1.8,0,,,0,,,0,,,4,35.714,100,0.4,1.4,12,7.2,0.8
Blake Howes,Melbourne,22,22.73,Gen. Defender,5,4.1,47.8,43.6,0,0,0,70.2,5,5.6,10.6,84.906,80,89.286,77.358,0.4,0,47.17,0.4,1,1.8,5.889,1,10.6,111,10.472,88.588,199.588,136.268,25.092,27.254,-9.248,-1.651,15.558,-6.034,64.476,-12.095,3.2,7.6,10.8,29.63,3.2,2.2,0,0,2.2,2.8,2,0,0.2,3.6,-38.785,5,4.8,0.8,0.2,0,0,0,,0,0,0.2,100,3.4,0.2,0,0.4,0,0.4,0.8,-0.4,0,0,0,,0,,0,,,2,0,0.6,0,0,,1,0.2,0,0.2,0,0,1.2,100,1.4,5.833,0.6,1,2.645,3.355,1,2.645,3.355,0,,,0,0,,0,3,5.4,4.2,2.2
Judd McVee,Fremantle,22,22.4,Gen. Defender,5,5.92,47.6,47.2,0,0,0,79,8.4,5,13.4,79.104,66.667,100,74.627,1.2,33.333,62.687,1.2,2.4,2,6.7,2.2,6.091,186,13.881,180.844,366.844,167.764,74.81,19.972,-0.976,-0.195,18.173,8.143,64.674,-6.779,4.4,7.8,12.2,36.066,2.6,3.6,0,0.6,3,3,2.8,0.4,0.6,4.2,-38.455,5.8,4.4,2,0,0,0,0.2,,1.8,2,1.2,100,3.6,0.2,0,0.4,0,0.2,0.2,0,0,0,0,,0,,0,,,0.4,0,0.6,0,0,,0,0,0,0,0,0,0,,2.4,10,0.6,0,,,0,,,0,,,0.6,5.357,100,1.2,2,6,4.8,1.8
Jacob van Rooyen,Melbourne,22,22.7,Key Forward,5,7.66,70.4,66.2,0,0,0,72,7.2,5,12.2,73.77,72.222,76,63.934,1.8,44.444,59.016,2,0,2.2,5.545,2.4,5.083,215.4,17.656,87.4,302.8,244.806,119.086,34.001,-9.756,-1.951,27.645,9.855,48.1,10.233,5.4,7.4,12.8,42.188,1,3,1.2,1,2,3.8,2.6,0,1,3.4,17.919,0.6,3.6,4.6,4,4.2,14.286,0.2,4.762,0.6,0.8,1.6,50,4.4,0.6,1.4,0.4,0.6,0.6,0.8,-0.2,16.6,17.548,5.4,32.53,1.4,25.926,1,40.741,37.037,2.4,1,0,,1.6,50,6,1.2,1,2.2,0.6,1.2,12.4,54.545,5.2,21.667,1.2,11,3.449,0.278,7,3.618,0.953,4,3.154,-0.904,0,0,,0,1.8,8,3,1.6
Daniel Turner,Melbourne,23,23.92,Key Defender,5,7.42,55.4,55.4,0,0,0,93.2,7.6,4.4,12,80,73.684,90.909,76.667,1,40,63.333,1.2,2.4,2.4,5,2.2,5.455,140.2,11.683,119.428,259.628,139.082,50.358,18.3,3.62,0.823,17.044,-2.339,68.511,-0.864,4.4,7.4,11.8,37.288,6,2.4,0,0.4,2,4.2,2.2,0,1,2.4,-32.622,5.6,4.2,1.6,0.4,0,0,0,,0.2,0.2,0,,6.2,1.4,0,3,0.2,0.4,0.4,0,0,0,0,,0,,0,,,1.2,0,1.8,33.333,0,,1,0.2,0,0.2,0.4,0.4,3.6,100,1.4,5.833,0.6,1,5.882,0.118,0,,,1,5.882,0.118,0,0,,0,4.6,6,4.6,4.2
Caleb Windsor,Melbourne,20,20.56,Gen. Defender,3,9.6,56.333,55.667,0,0,0,69.333,9.667,5.667,15.333,67.391,58.621,82.353,69.565,2.667,50,63.043,3,1.667,3,5.111,3,5.111,291.333,19,218.263,509.597,219.113,134.36,22.667,18.29,3.228,26.853,-2.853,55.488,8.512,5.667,10.333,16,35.417,1,4,1,0.333,3.667,1.667,1.667,1,0.333,8,-10.489,3.667,6.667,4.667,1,19.333,59.794,1,5.172,1,2,3.667,45.455,1.333,0,0,0.333,0,0.333,0,0.333,0,0,0,,0,,0,,,2.667,0.667,0,,0,,0,0,0.333,0.667,0.667,1.333,5,0,3.333,12.048,1,2,2.509,-2.009,0,,,2,2.509,-2.009,0,0,,1.333,1.333,18.667,8,0.667
Xavier Lindsay,Melbourne,19,19.41,Midfielder,1,5.5,57,42,0,0,0,73,5,4,9,66.667,60,75,66.667,0,,55.556,0,0,1,9,1,9,124,13.778,6.63,130.63,116.64,78.81,23.328,-7.86,-1.965,7.77,42.23,35.09,14.91,4,6,10,40,1,2,0,0,2,1,1,0,0,5,4.862,2,3,1,4,0,0,0,,3,3,2,100,1,0,1,0,0,2,1,1,0,0,0,,0,,0,,,1,1,0,,0,,2,2,1,3,0,0,13,66.667,4,16,2,3,4.509,-0.176,2,4.159,-0.659,1,5.21,0.79,0,0,,0,2,12,2,1
Harvey Langford,Melbourne,19,19.79,Midfielder,5,13.28,75.8,63,2,0.4,1,79.8,8.4,7,15.4,77.922,76.19,80,75.325,2.4,33.333,54.545,3,1.2,1.6,9.625,2.2,7,307.4,19.961,130.148,437.548,262.098,172.856,31.202,12.088,1.727,24.81,18.524,49.429,7.238,6.2,9.2,15.4,40.26,2.4,4.6,1,1.2,3.4,5,3.6,0.2,1.2,6,5.121,2,4.8,5.6,3,0.4,1.361,0,0,1.2,1.2,1,80,2.8,0.6,0.6,0,0.2,1,0.2,0.8,0,0,0,,0,,0,,,1.6,0.4,0.2,100,0.6,66.667,7,1.4,0.2,2,0.2,0.4,10,70,5.4,22.5,1,10,3.285,1.015,3,3.585,0.415,7,3.157,1.272,0,0,,0,1,10.2,3.4,0.8
Jake Melksham,Melbourne,34,34.33,Key Forward,5,9.06,55.4,46.2,0,0,0,67.8,7,3,10,74,65.714,93.333,70,2.2,45.455,70,2.4,0,2.6,3.846,3.4,2.941,217.8,21.78,72.396,290.196,231.258,112.916,33.037,-4.646,-1.549,34.964,1.4,40.258,5.196,4,6,10,40,0.6,1.8,0.8,0.4,1.4,4,1.8,0,0.6,2.4,35.845,0,0.6,5.4,4,0,0,0,,0,0,0,,3.2,1,2,0,0.6,1,1.2,-0.2,0,0,0,,0,,0,,,0.8,0.6,0,,1.6,37.5,7,1.4,0.6,2.4,1.2,1.4,16.4,58.333,4.6,19.167,0.4,12,2.902,0.848,9,2.987,1.235,3,2.647,-0.314,0,0,,0.2,1.2,5.8,0.6,0.8
Max Gawn,Melbourne,34,34,Ruck,5,19.2,140.2,120.8,33,6.6,5,86.2,10.6,11.6,22.2,66.667,66.038,67.241,68.182,2.2,54.545,47.748,3,2.4,4.2,5.286,3.6,6.167,235,10.586,272.664,507.664,241.508,115.622,23.222,10.466,0.918,23.863,-8.97,59.075,2.627,13.6,9.8,23.4,58.12,7.6,4.8,0.4,1.2,3.6,6.8,3,0,0.4,3.6,-9.086,4.6,8.4,8.6,1.8,25.2,85.714,1.6,6.349,2.8,4.4,7.2,66.667,6.8,2.4,0.6,4.2,0.6,2.8,0.8,2,70.4,74.419,35.2,50,11,31.25,4.2,47.159,44.318,1.8,0,1,0,0.2,100,2,0.4,0.2,0.8,0,0.6,3.2,50,6.4,26.667,4,4,4.157,-0.907,3,4.759,-0.425,1,2.353,-2.353,0,0,,0,3.6,7,3,2.6
Tom McDonald,Melbourne,33,33.28,Key Defender,5,4.66,48,45.2,1,0.2,1,87.6,7.2,4.2,11.4,80.702,80.556,80.952,73.684,0.4,50,63.158,0.4,2.6,2.6,4.385,2.2,5.182,159,13.947,112.936,271.936,151.242,87.044,21.006,4.932,1.174,14.512,-6.179,61.743,7.702,3.4,8,11.4,29.825,4.6,2.8,0,0.4,2.4,3.4,2.8,0,1.2,3,-43.547,6.8,3.2,1.4,0,0,0,0,,0,0,0,,4.8,0.4,0,1.2,0,0.4,1.2,-0.8,0,0,0,,0,,0,,,1,0.2,1.4,42.857,0,,0,0,0,0,0.2,0.2,1.2,,0.8,3.333,0.4,0,,,0,,,0,,,0.2,1.786,100,0,4,4.4,3.2,4
Jack Viney,Melbourne,31,31.71,Midfielder,5,13.48,101.8,96.2,14,2.8,2,79.8,10,12,22,68.182,62,73.333,61.818,3,33.333,45.455,3,0.4,4,5.5,4.4,5,252,11.455,218.358,470.358,234.182,62.676,23.418,-1.01,-0.084,26.92,-7.872,50.645,-12.55,13.6,8.6,22.2,61.261,3,9.4,2,3,6.4,5.6,4.6,2.2,1.6,5.8,4.324,1.4,9.2,8.8,2.8,21.4,72.789,2,9.346,3.4,5.4,6.4,65.625,2.2,0,0,0.2,0.2,1.8,1.2,0.6,0,0,0,,0,,0,,,8.6,1.2,0.2,0,0,,2,0.4,0.6,1,0,0.2,3.2,40,3.6,15,2,5,3.171,-0.171,0,,,5,3.171,-0.171,0,0,,0.2,1.4,24.4,9.8,0
Christian Salem,Melbourne,30,30.46,Gen. Defender,5,11.14,103.4,99.6,4,0.8,2,84.4,17.6,9,26.6,86.466,84.091,91.111,83.333,1.8,66.667,66.165,2.2,4.2,1.2,22.167,2.8,9.5,408,15.338,323.71,731.71,362.59,268.498,21.081,13.732,1.526,17.166,4.786,67.093,9.736,4.4,19.6,24,18.333,5.6,4,0,0.8,3.2,4,3.8,0,1.2,11.8,-29.832,8.2,10.6,5,0.2,0.4,1.361,0,0,0.4,0.4,0.4,50,6.8,0.2,0,1.2,0,0,0.4,-0.4,0,0,0,,0,,0,,,2.4,0.2,0.4,50,0,,0,0,0,0,0.4,1,3,,4.2,17.5,1.6,0,,,0,,,0,,,3,26.786,100,0,0.6,9.8,6.2,0.4
Christian Petracca,Gold Coast,29,29.98,Mid-Forward,5,13.46,95.8,84.4,5,1,3,83.4,11.2,13.4,24.6,67.48,53.571,79.104,66.393,3.8,52.632,45.528,5.2,0.8,2.6,9.462,3.4,7.235,360.4,14.65,237.188,597.588,304.194,170.972,27.654,12.872,0.975,28.355,4.145,41.417,-1.417,10.8,13.2,24,45,1.4,7.8,2.4,3.4,4.4,4.2,4,2.4,0.8,7.8,15.359,0.8,7.4,10.4,5.4,10.8,36.735,3,27.778,2.2,5.2,5.4,77.778,3.2,0.2,0.8,0.4,0.2,0.4,0.4,0,0,0,0,,0,,0,,,2.4,0.8,0,,0.6,0,4,0.8,0.8,2.2,1,1.6,12.2,36.364,7.2,30,1.2,11,3.17,-0.625,5,3.126,0.874,6,3.207,-1.874,0,0,,0.4,0.6,16,4.2,0.4
Ed Langdon,Melbourne,29,29.91,Mid-Forward,5,4.02,50.4,57.2,0,0,0,85.4,7.6,8.2,15.8,70.886,55.263,85.366,72.152,2.4,50,48.101,3.2,1.2,3.4,4.647,3.4,4.647,259.8,16.443,183.506,443.306,219.89,132.49,28.933,9.308,1.135,27.31,-12.158,50.422,-4.967,4.6,11.2,15.8,29.114,1.6,4.4,0.8,1.4,3,3,3,0.2,1.6,6.8,-0.406,2.6,5,5.6,2.6,0,0,0.4,,1,1.4,1.2,83.333,3.4,0,0,0,0.2,0.2,0.6,-0.4,0,0,0,,0,,0,,,2,0.2,0.2,100,0,,1,0.2,0.2,1,0.6,0.8,5.2,20,3.6,15,0.2,5,2.909,-1.509,0,,,5,2.909,-1.509,0,0,,0,0.4,12.6,5.6,0.2
Clayton Oliver,Greater Western Sydney,28,28.44,Midfielder,5,10.44,97,94.6,2,0.4,1,78.8,13,14.2,27.2,67.647,52.308,81.69,73.529,2.8,64.286,47.794,3.4,1.6,4.4,6.182,4.2,6.476,344.8,12.676,282.616,627.416,314.646,204.324,24.204,21.472,1.512,25.747,11.29,49.024,-0.876,11.6,15.8,27.4,42.336,2.4,7.6,1,1.8,5.8,4.2,3.4,2.2,1.2,11.4,-2.629,4,11,9.2,3.2,21.8,74.15,1.4,6.422,3.2,4.6,6.4,71.875,3.8,0,0.2,0.4,0.2,1.6,2.2,-0.6,0,0,0,,0,,0,,,4.8,0.8,0,,0,,1,0.2,0.4,0.8,0.6,0.8,5.4,25,6.4,26.667,1,4,3.474,-1.474,2,3.02,-2.02,2,3.928,-0.928,0,0,,0,1.2,18.2,8.4,0.4
Tom Sparrow,Melbourne,25,25.58,Gen. Forward,5,6.36,61,56.4,0,0,0,74.6,7.4,7.6,15,76,70.27,81.579,68,2.6,30.769,49.333,2.6,0.8,3,5,3.2,4.688,230.6,15.373,144.944,375.544,200.832,82.718,27.139,6.956,0.915,27.188,-2.863,54.156,-5.507,5,9.6,14.6,34.247,2.6,4.2,0.6,0.4,3.8,4.2,3.4,0,1.8,5.2,-3.703,2,5.6,5.8,1.2,0.6,2.041,0.4,66.667,0.6,1,0.4,100,2.8,0.4,0,0.6,0.2,0.4,0.6,-0.2,0,0,0,,0,,0,,,3,0.8,0,,0,,0,0,0,0,0.8,0.8,4.8,,3.8,15.833,0.8,0,,,0,,,0,,,0,0,,0,1.4,20,9.2,1
Jack Higgins,St Kilda,26,26.78,Gen. Forward,5,10.24,57.2,53.4,0,0,0,86.2,5,3.6,8.6,76.744,80,72.222,74.419,0.6,0,58.14,1,0.4,1,8.6,1.2,7.167,146.6,17.047,87.95,234.55,149.088,95.892,29.818,-3.328,-0.979,27.569,-0.296,51.467,-6.013,3.8,5,8.8,43.182,0.8,2.6,1.8,0.8,1.8,3,2,0.2,1.2,1.8,34.626,0.4,1.2,2.6,4.6,0,0,0,,0.2,0.2,0.6,33.333,3,0.4,1.4,0,0.6,0.8,0.2,0.6,0,0,0,,0,,0,,,2.2,1.6,0,,1.4,14.286,11,2.2,0,2.8,0.2,0.4,14.6,78.571,3.8,18.095,0.2,14,3.279,1.436,8,3.827,2.173,6,2.548,0.452,0,0,,0.2,0.2,14.6,1.8,0.2
Hunter Clark,St Kilda,26,26.76,Midfielder,3,6.067,86.667,88,0,0,0,76,15,7.333,22.333,71.642,68.889,77.273,71.642,3,55.556,67.164,3.667,3,4.667,4.786,4,5.583,448.667,20.09,244.273,692.94,400.813,215.68,27.328,10.013,1.365,21.364,0.587,55.882,9.972,5.667,16.333,22,25.758,3,4.667,0,1,3.667,3.667,3,0.333,2,8,-20.707,7,8.333,6.333,0.333,2,8.333,0,0,1.333,1.333,1,100,8,0.667,0.333,0.667,0.333,0,2.667,-2.667,0,0,0,,0,,0,,,3,1,0.667,0,0.333,0,0,0,0.333,0.667,0.667,1,4.667,0,4,20,0.333,2,2.589,-2.089,2,2.589,-2.089,0,,,0,0,,0,1.333,10.333,5.333,1
Liam Stocker,St Kilda,25,25.93,Gen. Defender,5,6.52,51.6,41,0,0,0,79,5.2,5.6,10.8,72.222,88.462,57.143,66.667,0.8,25,48.148,0.8,0.8,2,5.4,2.4,4.5,123,11.389,72.018,195.018,129.896,29.376,24.98,-2.838,-0.526,21.977,-9.977,64.331,-0.331,5.8,5.6,11.4,50.877,5,4.4,0,1.6,2.8,5.2,4,0,1.6,3,-27.979,3.2,6.4,1.8,0,0,0,0,,0.2,0.2,0.2,100,2.2,0.2,0,0.8,0,1,1,0,0,0,0,,0,,0,,,2.4,0.2,1.4,28.571,0,,0,0,0,0,0,0,0,,1,4.762,1,0,,,0,,,0,,,0.2,1.887,100,0,2.4,8.4,5.8,1.8
Ryan Byrnes,St Kilda,24,24.66,Gen. Defender,2,3.05,40,47,0,0,0,67,5.5,4,9.5,78.947,72.727,87.5,68.421,1,0,57.895,1,0,0.5,19,1.5,6.333,120.5,12.684,106.76,227.26,130.995,32.525,23.817,-6.46,-1.615,22.718,-22.718,62.039,-6.483,2.5,7,9.5,26.316,0.5,2,0,0.5,1.5,2,1.5,0,1,2,-4.008,1,4.5,2.5,1.5,0,0,0,,0.5,0.5,0.5,100,5,0.5,0.5,0,0.5,0,0,0,0,0,0,,0,,0,,,1,1,0,,1,100,1,0.5,0.5,1,0,0,3.5,50,2,9.091,0.5,2,4.822,-1.322,1,5.29,0.71,1,4.353,-3.353,0,0,,0,0,4,0.5,0
Nasiah Wanganeen-Milera,St Kilda,22,22.85,Gen. Defender,5,17.3,120.6,108.8,30,6,4,85.4,21.4,8.6,30,65.333,59.813,79.07,69.333,5.2,61.538,71.333,5.8,3,5.2,5.769,5.8,5.172,641.6,21.387,279.804,921.404,551.626,378.862,25.777,15.45,1.797,24.398,1.852,55.181,7.319,10,16.8,26.8,37.313,3,6.4,1,1.2,5.2,3.6,3,2,0.8,12.4,-3.441,3.8,12.2,7.8,3,17,65.385,2.8,16.471,2.8,5.6,6.6,72.727,3.8,0.2,1,0,0.4,1.6,1,0.6,0,0,0,,0,,0,,,2.2,0.4,0.4,0,0,,6,1.2,1.4,3.4,1.4,2.2,17.8,35.294,7.2,34.286,1.6,17,2.855,-0.325,6,2.964,-0.631,11,2.795,-0.159,2,18.868,100,4.4,1.4,12.2,6.4,1.4
Lance Collard,St Kilda,20,20.76,Gen. Forward,3,3.767,26.333,20,0,0,0,36.333,1.667,1.333,3,88.889,80,100,66.667,0,,55.556,0.333,0.333,0.333,9,0.667,4.5,30.667,10.222,46.48,77.147,30.073,2.907,18.044,-0.853,-0.64,16.125,-16.125,45.51,-45.51,1,1.667,2.667,37.5,0.667,0.667,0.667,0,0.667,1,0.667,0,0,1,17.991,0.333,1,0.333,1,0,0,0,,0,0,0,,0.667,0,0.333,0.333,0,0.333,0.333,0,0,0,0,,0,,0,,,1.667,1.333,0,,0,,2,0.667,0.333,1,0,0.333,4.667,66.667,1.333,6.061,0.333,3,4.28,0.054,1,4.482,1.518,2,4.178,-0.678,0,0,,0,0.333,8.333,2.333,0
Cooper Sharman,St Kilda,25,25.43,Key Forward,5,9.2,70.4,68.4,1,0.2,1,83.2,8.4,3.8,12.2,70.492,66.667,78.947,63.934,1.8,44.444,68.852,2.2,0.2,3.2,3.812,3.8,3.211,242.8,19.902,103.224,346.024,251.288,108.726,30.645,-4.358,-1.147,30.222,1.778,59.224,-7.224,5.4,7.6,13,41.538,1.4,2.6,0.8,0.4,2.2,5.2,2.6,0,0.6,2,22.18,0.4,3,6,3.6,0,0,0,,0.2,0.2,0.2,100,6,1.4,2.2,0.2,1.2,1,1,0,2,1.949,0.2,10,0,0,0.2,0,0,1.6,0.8,0,,2.8,28.571,10,2,1,3.2,0.2,0.8,14.8,62.5,5.8,27.619,0.6,16,3.235,0.827,12,3.401,1.349,4,2.74,-0.74,0,0,,0,1.8,8.2,1.4,1.6
Max Hall,St Kilda,23,23.71,Gen. Forward,5,13.16,82.6,74,6,1.2,1,84.4,8.6,8,16.6,73.494,65.116,82.5,67.47,3.4,64.706,51.807,3.8,0.8,2,8.3,2.2,7.545,281.8,16.976,167.874,449.674,256.768,151.402,29.857,7.274,0.909,30.899,13.219,47.598,11.226,6.8,10.2,17,40,1.4,5,1.2,0.8,4.2,2.4,2,1,1,6,13.781,1,5.6,6.4,4,4.6,17.692,1,21.739,2.2,3.2,3.8,78.947,3.6,0.2,1.2,0.4,0.6,0.8,0,0.8,0,0,0,,0,,0,,,3.8,0.4,0,,0,,4,0.8,0.6,1.8,1.4,1.6,14,44.444,6.2,29.524,1.4,9,3.417,-0.417,6,3.276,-0.776,3,3.698,0.302,0,0,,0.4,0.8,20.6,7.8,0.4
Marcus Windhager,St Kilda,22,22.62,Midfielder,5,9.08,95,89.2,5,1,2,86,12.6,12,24.6,75.61,68.254,83.333,73.171,4.8,66.667,51.22,5.2,2.6,2.4,10.25,2.8,8.786,314.2,12.772,299.416,613.616,308.868,147.146,24.909,2.816,0.235,26.155,-2.017,56.457,7.336,7.2,17.4,24.6,29.268,2.4,5.2,0.2,1.4,3.8,3.8,3,0.6,1.4,11.2,-12.968,4.2,11.4,8.8,0.2,13.6,52.308,0.6,4.412,1.6,2.2,3.4,76.471,5.2,0,0,0,1.2,1.4,0.8,0.6,0,0,0,,0,,0,,,3.2,0.6,0,,0,,0,0,0,0,0.6,1,4,,4.8,22.857,0.6,0,,,0,,,0,,,0,0,,0,1.2,14,8,0.8
Mitch Owens,St Kilda,22,22.26,Key Forward,2,8.25,41,33.5,0,0,0,69,6,3,9,72.222,58.333,100,61.111,0.5,0,66.667,0.5,0,1.5,6,2,4.5,185,20.556,28.785,213.785,219.805,62.64,36.634,-2.845,-0.948,24.827,-10.541,39.546,-10.974,6,2,8,75,0.5,2,0.5,1,1,5.5,1.5,0,0.5,1.5,20.979,0,2.5,3,2.5,1,3.774,0,0,0.5,0.5,1,100,1,0.5,0.5,0,0,3.5,1,2.5,6.5,6.468,0.5,7.692,0,0,0,0,0,0.5,0,0,,3,50,1,0.5,0.5,1.5,0,0,3.5,33.333,3,13.636,0.5,3,2.257,0.076,3,2.257,0.076,0,,,0,0,,0,2,4.5,0.5,1
Anthony Caminiti,St Kilda,22,22.06,Key Defender,5,7.32,56,35,0,0,0,99.6,6.4,2,8.4,85.714,84.375,90,80.952,0.2,100,76.19,0.2,1.4,2.2,3.818,1,8.4,111.4,13.262,91.502,202.902,104.204,63.538,17.367,5.386,2.693,19.529,-5.736,69.347,6.515,2.6,5.4,8,32.5,2.6,1.8,0,0,1.8,2,1.2,0,0.4,1.8,-32.435,3.6,3.2,1,0.2,0,0,0,,0.6,0.6,0.4,100,3.6,0.2,0,0.4,0,0.8,1.2,-0.4,1.2,1.17,0.2,16.667,0,0,0,0,0,0.6,0,1,20,0,,1,0.2,0,0.2,0,0,1.2,100,0.6,2.857,0.2,1,3.412,2.588,1,3.412,2.588,0,,,0,0,,0,11.2,4.2,3.6,10.8
Arie Schoenmaker,St Kilda,20,20.98,Gen. Defender,1,3.5,44,52,0,0,0,72,9,2,11,100,100,100,63.636,2,50,81.818,2,7,1,11,2,5.5,248,22.545,170.87,418.87,295.14,113.67,32.793,-7.08,-3.54,16.171,-3.671,54.754,-4.754,1,9,10,10,1,1,0,0,1,1,1,0,0,1,-42.563,8,0,2,0,0,0,0,,0,0,0,,8,0,0,0,1,0,1,-1,0,0,0,,0,,0,,,0,0,1,100,0,,0,0,0,0,0,0,0,,1,4.762,0,0,,,0,,,0,,,1,9.091,100,0,0,5,5,0
Angus Hastie,St Kilda,20,20.28,Gen. Defender,2,3.85,38,40,0,0,0,74,5.5,3,8.5,88.235,81.818,100,70.588,2,50,64.706,2,3,1,8.5,2.5,3.4,189.5,22.294,113.01,302.51,166.47,90.825,30.267,7.55,2.517,25.555,19.899,57.555,-12.1,1,7,8,12.5,1.5,0.5,0,0,0.5,1,0.5,0,0.5,4,-23.127,3,3,2,0,0,0,0,,0,0,0,,3,0,0,0,0,0.5,0,0.5,0,0,0,,0,,0,,,2,0.5,0.5,100,0,,0,0,0,0,0,0.5,0.5,,1,4.545,0,0,,,0,,,0,,,0,0,,0,1.5,10.5,7,1.5
Hugh Boxshall,St Kilda,19,19.47,Midfielder,5,7.74,72.4,66.2,0,0,0,76.8,5.8,8.6,14.4,73.611,58.621,83.721,77.778,0.2,0,40.278,0.4,0.4,2,7.2,2.2,6.545,83.4,5.792,182.39,265.79,120.018,40.788,20.693,-3.378,-0.402,20.048,3.029,63.555,1.83,7.2,7.6,14.8,48.649,4,5.6,0.6,1.8,3.8,5.2,4,0,2.2,3.4,-9.694,3.4,6,3.8,1.6,1.4,5.385,0.2,14.286,0.8,1,1.4,57.143,4.8,0.8,0.6,0.8,0,0.8,1.2,-0.4,0.2,0.195,0,0,0,,0,,,4.6,1.4,0.2,0,0,,1,0.2,0.4,0.6,0.4,0.4,4,33.333,3,14.286,0.8,3,3.366,-0.7,2,3.049,-2.049,1,4.001,1.999,0,0,,0,1.2,12.6,5.2,0.8
Alixzander Tauru,St Kilda,19,19.12,Key Defender,5,6.4,47,35,0,0,0,84.6,5.4,2.6,8,85,85.185,84.615,82.5,0.4,100,67.5,0.4,1,1.8,4.444,1,8,106.4,13.3,69.988,176.388,107.722,79.152,19.949,2.938,1.13,21.84,2.16,72.94,-0.94,3.4,4.6,8,42.5,4,1.4,0,0.4,1,3.2,1.2,0,0.6,1.8,-21.944,2.6,3.4,1.6,0.4,0,0,0,,0,0,0,,3.4,1,0.2,1.4,0.2,1,1.2,-0.2,0,0,0,,0,,0,,,1.2,0,1.2,16.667,0.2,0,1,0.2,0,0.2,0,0,1.2,100,1.4,6.667,0.8,1,5.292,0.707,1,5.292,0.707,0,,,0,0,,0,5.2,5.8,4.8,5
Mason Wood,St Kilda,32,32.29,Mid-Forward,5,4.64,64.2,62.2,0,0,0,88.2,7.8,4.8,12.6,66.667,69.231,62.5,68.254,0.8,50,61.905,1,0.6,2.2,5.727,2,6.3,162.6,12.905,116.912,279.512,196.534,96.632,25.197,-6.892,-1.436,23.826,9.507,66.844,18.341,5.2,8.2,13.4,38.806,2,3,1.2,0.6,2.4,4.4,2.4,0.2,0.2,2.6,5.497,1.8,4.6,3.4,3.6,0,0,0.2,,0.2,0.4,0.8,50,6.2,1.2,2,0.6,1,0.6,0.6,0,1.2,1.17,0.2,16.667,0.2,100,0,100,100,1.4,0.6,0.2,0,0.8,25,4,0.8,1.2,2.4,0.4,0.6,8.6,33.333,4,19.048,0.4,12,3.868,-1.368,12,3.868,-1.368,0,,,0,0,,0,1.2,9.2,3.6,0.8
Jack Macrae,St Kilda,31,31.41,Midfielder,5,9.36,84.2,73.2,0,0,0,55.8,7.6,11.6,19.2,81.25,76.316,84.483,76.842,1.8,44.444,39.583,1.8,1,1.6,12,2.4,8,141,7.344,251.586,392.586,173.762,55.998,22.863,-20.608,-1.808,27.741,4.692,56.765,5.398,7.8,11.6,19.4,40.206,1.8,6,1.2,1.6,4.4,2.4,2.2,1.2,1.2,6.6,-6.046,3.6,7.4,6.8,1.6,11.4,43.846,0.8,7.018,3.2,4,4.2,76.19,3.6,0,0.2,0.4,0,0.8,0.4,0.4,0,0,0,,0,,0,,,4.2,0,0,,0,,0,0,0,0,0.8,1.6,5.6,,3.8,18.095,1.2,0,,,0,,,0,,,0,0,,0,0.6,14,7.4,0
Bradley Hill,St Kilda,32,32.47,Mid-Forward,5,6.4,72.4,74.6,0,0,0,87.6,12.4,6.4,18.8,72.34,67.742,81.25,68.817,2.4,33.333,65.957,2.8,1.4,2.6,7.231,3.6,5.222,313.6,16.681,192.788,506.388,313.054,151.258,25.66,-14.188,-2.217,25.762,-3.121,52.871,13.167,3.2,15,18.2,17.582,1.8,2.6,0.4,0.2,2.4,2.2,1.6,0,0.6,8.4,-8.646,4,6.4,6.2,1.6,0,0,0,,0.8,0.8,0.4,50,6,0.2,0.4,0,1.2,0.2,0.2,0,0,0,0,,0,,0,,,1.4,0,0,,0.4,50,1,0.2,0.2,0.4,0.4,1.2,4.6,50,3.6,17.143,0.6,2,1.917,1.583,0,,,2,1.917,1.583,0,0,,0.6,0.8,10.8,7.2,0.6
Jack Steele,Melbourne,30,30.04,Midfielder,5,8.02,76.4,75.8,0,0,0,65.6,5.4,11.2,16.6,83.133,70.37,89.286,75.904,1.8,33.333,32.53,2,0.6,4.2,3.952,2.2,7.545,141,8.494,183.292,324.292,155.78,42.406,28.848,-6.6,-0.589,29.183,-8.35,51.602,-1.602,8.2,8.8,17,48.235,2,6.4,0.2,2.4,4,2.4,2.2,1.2,1,4.8,-3.634,1.6,7.8,6.2,1.4,14,53.846,2,14.286,2.4,4.4,4.6,65.217,4,0.2,0.6,0,0,0.8,2.2,-1.4,0,0,0,,0,,0,,,7.4,0.4,0.2,0,0.2,100,1,0.2,0.2,0.4,0.4,0.8,4.2,50,4.4,20.952,1.4,2,4.138,-0.638,2,4.138,-0.638,0,,,0,0,,0,1,16.6,8.8,0.4
Callum Wilkie,St Kilda,29,29.81,Key Defender,5,8.76,88,76.6,9,1.8,1,100,14.6,2.4,17,90.588,89.041,100,78.824,0.4,100,85.882,0.4,4,1.4,12.143,1.4,12.143,301,17.706,249.166,550.166,312.3,194.17,21.39,2.626,1.094,15.727,2.328,67.411,7.589,2.4,12.2,14.6,16.438,5.2,1.4,0,0.2,1.2,2.4,1.4,0,0.2,3.6,-42.317,7.8,5.2,1.6,0,0,0,0,,0.2,0.2,0,,8.2,0.6,0,2.6,1,0.4,0.6,-0.2,0,0,0,,0,,0,,,1.2,0,2.6,30.769,0.2,0,0,0,0,0,0,0,0,,2.6,12.381,1.2,0,,,0,,,0,,,2,18.868,100,0.8,4,6,5.2,3.2
Zak Jones,St Kilda,30,30.79,Midfielder,5,5.1,61,62.6,0,0,0,68.2,9.4,7.6,17,75.294,65.957,86.842,75.294,2.2,54.545,55.294,2.2,1.2,2,8.5,2.4,7.083,250.2,14.718,192.672,442.872,240.398,123.14,25.574,-5.724,-0.753,24.192,0.808,54.732,2.086,5,12.8,17.8,28.09,1,4.6,0,2,2.6,1.6,1.4,0,0.6,6.8,-11.815,2.8,8.2,6,0.8,4.2,16.154,0.6,14.286,1.6,2.2,2.4,75,4.6,0,0.4,0.4,0.4,0.2,0.8,-0.6,0,0,0,,0,,0,,,1.8,0.2,0,,0.2,0,0,0,0.4,0.6,0.2,0.4,1.8,0,3.4,16.19,0.8,3,3.457,-2.791,3,3.457,-2.791,0,,,0,0,,0,0.4,9.2,2.8,0.2
Rowan Marshall,St Kilda,30,30.1,Ruck,5,12.64,115.2,120,9,1.8,1,86.8,13.4,6.4,19.8,57.576,47.761,78.125,59.596,3,53.333,67.677,3.8,0.6,3.2,6.188,2.8,7.071,278,14.04,171.782,449.782,293.2,118.02,21.881,4.832,0.755,23.909,6.091,56.87,-6.87,9,9.8,18.8,47.872,2.4,4.4,0.8,1.6,2.8,2.4,1,0,0.2,5.2,-5.3,3.2,8,5.2,2.4,24.2,93.077,1,4.132,4,5,7.4,75.676,4.4,0.4,1,0.6,0.4,2.6,1.6,1,82.8,80.702,29.8,35.99,7.8,26.174,2,46.309,34.228,5.8,0.4,0.4,50,0.8,25,2,0.4,0.6,1.2,0.8,1.2,8.2,33.333,5.4,25.714,3.6,6,3.956,-1.456,5,3.969,-1.169,1,3.894,-2.894,0,0,,0,2.2,11.2,6.4,1.8
Jack Sinclair,St Kilda,30,30.88,Gen. Defender,5,15.02,125.2,105.8,15,3,3,85.8,19.4,9.6,29,87.586,85.567,91.667,81.379,2,20,66.897,2.6,6.2,2,14.5,3.8,7.632,532,18.345,405.938,937.938,504.826,363.782,26.022,4.002,0.417,18.931,6.344,62.888,15.134,7.2,16.2,23.4,30.769,6,6.2,0.4,0.4,5.8,6.2,5.4,0.2,3.2,9.2,-24.085,7.8,9.2,5.8,0.6,1.2,4.615,0.2,16.667,1,1.2,0.6,100,5.6,0,0.2,0,0.4,0.2,0.4,-0.2,0,0,0,,0,,0,,,2.8,0,0,,0,,1,0.2,0.2,0.6,0.4,0.6,4,33.333,4.8,22.857,1.8,3,2.933,-0.6,0,,,3,2.933,-0.6,6.2,58.491,96.774,0.4,1.2,10.8,7.4,0.6
Noah Balta,Richmond,26,26.18,Key Defender,5,9.08,58,51.8,0,0,0,83.6,7.4,3.4,10.8,62.963,54.054,82.353,55.556,2,40,68.519,2.4,0.8,2.4,4.5,4.2,2.571,237.8,22.019,79.418,317.218,250.27,85.43,33.82,6.302,1.854,27.914,4.229,48.224,-5.366,6.4,5,11.4,56.14,1.4,4,0.6,1.4,2.6,4.4,3,0,0.2,1,12.336,1,3,4.8,2.6,2.6,10.236,0.4,15.385,1.2,1.6,2,80,4.4,1.2,1.2,0.4,1.2,0.4,1,-0.6,10.2,11.384,3.8,37.255,1.2,31.579,0.8,36.842,47.368,0.8,0,0.2,0,2,20,4,0.8,0.4,1.4,0.4,0.4,7.6,57.143,3,17.045,0.4,7,3.219,0.495,5,3.461,-0.661,2,2.616,3.384,0,0,,0.2,2,5.8,1.8,2
Ben Miller,Richmond,26,26.33,Key Defender,5,8.22,76,62.8,1,0.2,1,96.6,11.4,2.6,14,87.143,87.719,84.615,81.159,0.4,50,81.429,0.6,3.8,2.2,6.364,2,7,315.8,22.557,191.716,507.516,308.704,213.788,27.079,6.77,2.604,15.2,-8.057,63.315,8.113,4,7.8,11.8,33.898,5,1.8,0,0.2,1.6,4,1.8,0,0.4,1.8,-39.651,5.4,5.2,1.2,0,0,0,0,,0,0,0,,6.8,1.6,0,2.6,0,0.6,1.2,-0.6,0.4,0.446,0.4,100,0,0,0,0,50,1.4,0,3.4,35.294,0.2,0,0,0,0,0,0,0,0,,1.6,9.091,1.2,0,,,0,,,0,,,2.8,20.896,78.571,0,5.4,7.8,7.2,4.8
Jack Ross,Richmond,25,25.32,Mid-Forward,5,10.54,85.4,76.6,3,0.6,1,82.6,8.6,13.8,22.4,72.321,58.14,81.159,70.536,4.2,47.619,38.393,4.6,0.8,2.8,8,4.6,4.87,286.4,12.786,264.524,550.924,254.738,150.66,29.621,19.41,1.407,28.59,3.91,50.213,-2.714,8.4,15,23.4,35.897,2.6,6.4,0.6,1,5.4,4,3.6,1.2,0.8,11.2,-2.472,3.2,8.4,9.6,2.2,13.4,52.756,0.6,4.478,3,3.6,3,80,3.2,0,0,0.2,0.2,0.6,0.8,-0.2,0.2,0.223,0,0,0,,0,,,3.8,0,0,,0,,0,0,0.2,0.2,1,1.6,6.8,0,5.6,31.818,1,1,2.702,-1.702,0,,,1,2.702,-1.702,0,0,,0.4,0.8,17.8,8.6,0.2
Rhyan Mansell,Richmond,25,25.57,Gen. Forward,5,6.28,62.6,66.2,0,0,0,80,8,5.4,13.4,59.701,50,74.074,61.194,2.2,27.273,59.701,2.8,0,2.8,4.786,4,3.35,193.2,14.418,108.974,302.174,221.94,70.82,27.742,-7.472,-1.384,32.895,3.105,47.802,0.198,5,7.6,12.6,39.683,2,3.6,1.4,1.4,2.2,5,3.6,0,2,3.6,22.824,0.6,3.2,4,4.8,0,0,0,,0,0,0.2,100,4,0.6,1.6,0,0.6,1,1,0,0,0,0,,0,,0,,,3.6,1.8,0.2,0,0.6,33.333,5,1,1,2,0.4,1,10,50,5,28.409,0.6,10,3.013,0.487,6,3.222,1.111,4,2.698,-0.448,0,0,,0,0.8,17.6,4,0.2
Maurice Rioli,Richmond,23,23.33,Gen. Forward,5,4.04,45.6,41.2,0,0,0,73.4,4.6,3.4,8,60,47.826,76.471,65,1.4,57.143,57.5,1.8,0.6,2,4,2,4,116.4,14.55,75.482,191.882,92.354,52.038,20.99,8.3,2.441,28.439,-9.391,56.169,-8.55,4,4.6,8.6,46.512,1,2.4,1.2,0.6,1.8,3.2,1.8,0,1.4,3,11.563,0.8,2.4,3.6,1.8,1,3.937,0,0,0.2,0.2,0.2,100,1.6,0.2,0.2,0,0,1,0.8,0.2,0,0,0,,0,,0,,,4,1.4,0,,0.4,50,1,0.2,0,0.4,0.4,1,4.2,50,1.8,10.227,0.4,2,2.408,0.592,0,,,2,2.408,0.592,0,0,,0,1.2,22,6.6,0.2
Sam Banks,Richmond,22,22.74,Gen. Defender,5,8.68,83.2,86.8,0,0,0,81.8,16,5.6,21.6,81.481,77.5,92.857,77.57,1.2,50,74.074,1.4,4.8,1.6,13.5,3.4,6.353,428.4,19.833,229.664,658.064,415.016,269.098,25.938,-3.922,-0.726,17.453,6.547,60.643,4.691,3.8,15.8,19.6,19.388,3.4,2.4,0,0,2.4,2.6,1.6,0.2,0.4,9,-27.243,7,8.2,4,0.4,0,0,0.2,,0.6,0.8,0.2,100,5.6,0,0.2,0.4,0,1.2,0.4,0.8,0,0,0,,0,,0,,,2.6,0,0,,0,,0,0,0.4,0.4,0,0,0.4,0,4.2,23.864,0.8,2,2.419,-1.419,1,1.386,-0.385,1,3.452,-2.452,2.2,16.418,72.727,0,0.2,12.2,9,0.2
Tom Brown,Richmond,22,22.42,Gen. Defender,5,6.76,54.8,48,0,0,0,77.2,8.6,4.2,12.8,75,74.419,76.19,60.938,1.6,37.5,67.187,1.6,3.4,2.4,5.333,3.4,3.765,285.4,22.297,109.354,394.754,266.752,109.62,31.018,5.244,1.249,17.798,1.25,52.064,-9.207,3.6,8,11.6,31.034,4.4,3.2,0,0.6,2.6,2.6,2.6,0.4,0.4,4,-32.792,5.6,3.8,2,0.2,0,0,0,,1,1,0.8,100,3,0,0.2,1.6,0,0,0.4,-0.4,0,0,0,,0,,0,,,1.2,0,0.8,0,0,,1,0.2,0,0.2,0.2,0.2,2.4,100,1.6,9.091,0.8,1,5.248,0.752,1,5.248,0.752,0,,,0.8,5.97,100,0,3.6,10,9,3.4
Tyler Sonsie,Richmond,22,22.92,Mid-Forward,5,5.66,56.8,66.6,0,0,0,80.4,9.4,9.4,18.8,69.149,68.085,70.213,65.957,2,60,50,2.2,1.6,4.4,4.273,4.4,4.273,264.2,14.053,179.786,443.986,244.912,152.86,26.054,7.024,0.763,23.483,1.517,54.802,13.38,4.8,13.4,18.2,26.374,1.8,4.2,0.4,0.8,3.4,2.2,2,0.2,0.8,7.8,-5.466,2.4,7.8,6.6,1.4,1.8,7.087,0.2,11.111,1.2,1.4,2.2,45.455,4.8,0,0.2,0.4,0.2,0.4,0.8,-0.4,0,0,0,,0,,0,,,1.8,0,0,,0,,0,0,0,0.4,0.2,0.4,1.4,0,3.2,18.182,0.6,2,2.456,-2.456,2,2.456,-2.456,0,,,0,0,,0,1.2,12.4,5,0.6
Tylar Young,West Coast,27,27.32,Key Defender,5,8.24,62.2,55.8,0,0,0,89.2,11,2.2,13.2,78.788,81.818,63.636,72.727,1,60,83.333,1,5.8,2.6,5.077,2.8,4.714,394,29.848,138.616,532.616,348.754,242.532,31.705,8.55,3.886,15.446,4.925,58.469,8.198,3.2,8.8,12,26.667,4,2.4,0,0.4,2,2.4,1.6,0,0.8,2.4,-45.788,7,3.6,1.4,0,0,0,0,,0.6,0.6,0.4,50,6.2,0.8,0,1.6,0,0.4,1,-0.6,0,0,0,,0,,0,,,0.6,0,1.4,28.571,0,,0,0,0,0,0,0,0,,1.6,9.091,0.8,0,,,0,,,0,,,2.4,17.91,75,0.2,3.8,6.6,6.2,3
Tom Sims,Richmond,19,19.63,Key Forward,2,3.75,43,42,0,0,0,73.5,3.5,2,5.5,63.636,85.714,25,54.545,2,25,63.636,2,0,1.5,3.667,1.5,3.667,118.5,21.545,18.355,136.855,131.245,74.86,37.499,3.67,1.835,29.638,-29.638,49.026,10.974,3,2.5,5.5,54.545,0,2,0.5,1,1,2,1.5,0,0.5,0,10.395,0.5,2,2,1,3.5,15.556,0,0,0.5,0.5,0.5,100,3,0.5,0,0,1,0.5,0.5,0,18,22.36,4.5,25,0.5,11.111,0,33.333,22.222,3,0.5,0,,3,16.667,1,0.5,0,0.5,0,0,3,100,0.5,3.333,0,1,5.159,0.841,1,5.159,0.841,0,,,0,0,,0,2.5,12,4,2.5
Steely Green,Richmond,21,21.97,Gen. Forward,4,5.75,31.5,24.5,0,0,0,49.25,2,2.25,4.25,82.353,75,88.889,76.471,0.5,0,47.059,0.5,0,0.25,17,0.25,17,85.75,20.176,28.987,114.738,78.27,67.935,39.135,6.297,2.799,33.222,-8.222,43.267,31.733,1.75,2.25,4,43.75,0.25,1,0,0,1,1.25,0.75,0,0.25,1.25,21.884,0,1,1.5,1.5,0,0,0,,0.5,0.5,0,,0.5,0,0,0,0.25,0.75,0,0.75,0,0,0,,0,,0,,,1.75,1,0,,0.25,0,3,0.75,0.25,1,0.25,0.25,6.25,75,1.5,8.696,0.75,4,2.745,2.005,3,2.953,1.38,1,2.121,3.879,0,0,,0.5,0.5,8.5,2.75,0.5
Jonty Faull,Richmond,19,19.91,Key Forward,2,1.45,23,16.5,0,0,0,41.5,2.5,1.5,4,75,60,100,50,0.5,100,62.5,1,0,1,4,1.5,2.667,62.5,15.625,12.33,74.83,72.015,32.93,28.806,1.13,0.753,20.87,29.13,41.8,8.2,2,2.5,4.5,44.444,0.5,1,0,0,1,2,1,0,0.5,2,21.438,0,2.5,0.5,1.5,0,0,0,,0,0,0,,1,1,1,0,0,0,1,-1,0,0,0,,0,,0,,,0.5,0.5,0,,0,,1,0.5,1,1.5,0.5,0.5,7,33.333,2,13.333,0,3,3.85,-1.183,2,3.124,-2.124,1,5.3,0.7,0,0,,0,1.5,5.5,1.5,1
Luke Trainor,Richmond,19,19.72,Gen. Defender,3,2.1,45.667,50.333,0,0,0,67,8.667,5.667,14.333,72.093,69.231,76.471,74.419,1,66.667,60.465,1,2.333,1.667,8.6,3,4.778,221.667,15.465,149.243,370.91,210.213,111.45,24.255,9.01,1.59,18.944,1.889,55.912,-1.745,3.333,11.333,14.667,22.727,2.667,2,0,0,2,2.667,1.333,0,0.667,6.667,-12.11,3.667,5.333,4.667,1,0,0,0,,0.333,0.333,0.333,100,3,0,0,0.333,0,1.667,0.667,1,0,0,0,,0,,0,,,1,0,0.333,100,0,,0,0,0.333,0.667,0,0.333,0.667,0,3,18.367,1,2,3.204,-2.704,1,3.611,-2.611,1,2.797,-2.797,0.667,4.444,100,0,1,7.333,4.333,0.667
Jasper Alger,Richmond,19,19.03,Gen. Forward,1,-0.8,7,12,0,0,0,11,2,1,3,66.667,50,100,66.667,1,100,66.667,1,0,0,,0,,103,34.333,12.12,115.12,81.11,74.26,40.555,13.97,13.97,34.05,65.95,37.36,62.64,0,3,3,0,0,0,0,0,0,0,0,0,0,2,25.237,0,1,1,1,0,0,0,,0,0,0,,1,0,1,0,0,0,0,0,0,0,0,,0,,0,,,0,0,0,,0,,0,0,1,1,0,1,2,0,2,11.765,0,1,3.824,-2.824,1,3.824,-2.824,0,,,0,0,,0,0,4,0,0
James Trezise,Richmond,23,23.54,Midfielder,5,6.48,63.2,55,0,0,0,81.6,5.4,9,14.4,79.167,70.37,84.444,70.833,1.4,28.571,37.5,1.6,1.4,1.6,9,2.2,6.545,197,13.681,165.174,362.174,157.12,94.296,29.096,28.498,3.166,22.945,-0.217,49.568,0.432,4,10.8,14.8,27.027,2.4,3.2,0,0.2,3,2.8,2.2,0,0.6,7.8,-14.4,3,7.6,3,1.2,0,0,0,,0.8,0.8,1,80,2.6,0,0.4,0.2,0,0.6,0.2,0.4,0,0,0,,0,,0,,,2.6,0,0,,0.4,50,2,0.4,0.2,0.6,0,0.4,3,66.667,2.8,15.909,0.2,3,4.767,-0.434,3,4.767,-0.434,0,,,0,0,,0.4,1.4,13,7.2,0.8
Taj Hotton,Richmond,19,19.53,Gen. Forward,5,8.42,55.6,50.8,0,0,0,67.2,4.4,8.2,12.6,77.778,50,92.683,77.778,0.8,50,34.921,1.2,0,1.8,7,2,6.3,102,8.095,163.614,265.614,108.924,41.704,24.755,-4.224,-0.515,28.149,15.601,59.645,-22.145,6.6,6.4,13,50.769,1,5,1.2,1.6,3.4,4.4,3.4,0.4,1.6,3,8.779,0.2,5.4,5.2,2.2,3.4,13.386,0.8,23.529,1,1.8,1.4,100,3.6,0.6,0.6,0.2,1,0.8,0.6,0.2,0,0,0,,0,,0,,,2.2,0.6,0,,0,,2,0.4,0.2,0.6,0,0.4,3,66.667,4.6,26.136,0.6,3,4.571,-0.237,2,5.549,-2.049,1,2.614,3.386,0,0,,0.2,0.8,14.6,4.2,0.2
Dion Prestia,Richmond,33,33.21,Midfielder,5,11.44,78.4,74,0,0,0,83,9,12.4,21.4,76.636,71.111,80.645,74.528,2.4,33.333,42.056,3,1.2,2,10.7,2.2,9.727,239.2,11.178,268.03,507.23,202.638,118.258,23.027,18.926,1.526,24.639,2.388,57.7,9.867,7.6,13.8,21.4,35.514,0.4,5.8,0.6,1.8,4,1.8,1.8,1.4,1.4,9,-2.284,3,8,8.6,1.8,18,70.866,2,11.111,2.4,4.4,5,72,3,0,0.2,0,0,0.6,1,-0.4,0,0,0,,0,,0,,,3.2,0.4,0,,0,,2,0.4,0.4,0.8,0.4,0.8,5.6,50,4.2,23.864,1,4,3.216,0.284,1,3.826,2.174,3,3.013,-0.346,0,0,,0,0.6,19.8,9.6,0.2
Kamdyn McIntosh,Richmond,31,31.74,Midfielder,5,8.46,57.8,56.8,0,0,0,80,7.8,7.2,15,80,74.359,86.111,73.333,1.6,50,52,2,2.8,2.6,5.769,2,7.5,265.2,17.68,150.206,415.406,227.198,140.992,29.894,16.884,2.345,22.792,3.678,52.7,6.123,4.4,11.8,16.2,27.16,3.2,2.4,0.2,0.4,2,2.6,1.6,0.4,1,6.2,-5.325,3,6.8,4.8,1.6,3.4,13.386,0.8,23.529,0.4,1.2,1.2,83.333,5.2,0.2,0.2,0.6,0,0.6,1,-0.4,0,0,0,,0,,0,,,0.8,0,0.6,0,0,,2,0.4,0.2,0.6,0.6,0.8,6.4,66.667,3.6,20.455,0.4,3,3.08,1.253,1,4.547,1.453,2,2.347,1.153,0.2,1.493,0,0.4,1.8,10.8,4.8,0.4
Nick Vlastuin,Richmond,31,31.7,Gen. Defender,4,11.95,88.25,71.75,8,2,1,73,12.75,3.75,16.5,81.818,76.471,100,81.818,1,0,77.273,1,4.5,2.75,6,2.5,6.6,329.25,19.955,258.172,587.422,319.86,219.632,25.087,15.477,4.127,16.352,1.648,63.001,4.999,7,8,15,46.667,8.75,3.5,0,0.75,2.75,6.75,3.5,0,1.5,2.75,-32.626,6,6,2.75,0.25,0,0,0,,0.25,0.25,0,,5.75,1,0.25,2.75,0.25,1.75,0.75,1,0,0,0,,0,,0,,,2.25,0,0.75,33.333,0,,0,0,0.25,0.25,0,0,0.25,0,2.5,14.493,1.75,1,1.777,-0.777,1,1.777,-0.777,0,,,2.75,22.917,90.909,0.25,3,9,7.5,1.5
Nathan Broad,Richmond,32,32.71,Gen. Defender,4,7.975,58.75,51.75,1,0.25,1,92,7.75,3.25,11,72.727,74.194,69.231,77.273,1,100,70.455,1,2.5,1.25,8.8,2.25,4.889,172,15.636,132.287,304.288,161.847,105.815,20.884,12.825,3.946,18.312,1.043,68.582,8.838,2.75,8.25,11,25,4.75,2,0,0,2,2.5,1.75,0,0.5,3.25,-38.607,5.75,3.5,1.75,0,0,0,0,,0.25,0.25,0.25,100,4.5,0,0,1.75,0.25,0.5,0,0.5,0,0,0,,0,,0,,,2,0,2.75,18.182,0,,0,0,0,0,0,0.25,0.25,,1.5,8,0.5,0,,,0,,,0,,,0.5,3.571,0,0,5.5,9.5,7.5,5
Toby Nankervis,Richmond,31,31.38,Ruck,5,10.88,80.2,84.6,0,0,0,82,7.4,8.4,15.8,55.696,37.838,71.429,59.494,1,20,46.835,1.6,0.6,2.8,5.643,2.6,6.077,157.8,9.987,113.504,271.304,139.784,47.208,18.89,10.184,1.212,20.846,-9.307,52.139,-17.523,9,5.6,14.6,61.644,2.4,6.4,0.2,2.6,3.8,2.8,2.6,0,0.4,3.4,-7.701,2.4,5.2,6.2,0.8,21.4,84.252,1.4,6.542,2.4,3.8,6.4,56.25,1.6,0.2,0.2,0.8,0,0.4,1.4,-1,66.6,74.33,31,46.547,6.8,21.935,1.8,41.935,34.839,3.4,0,1.2,33.333,0.2,0,0,0,0,0.4,0,0,0,0,3.4,19.318,1.8,2,4.411,-4.411,0,,,2,4.411,-4.411,0,0,,0,2.8,16.8,8.8,2.4
Jayden Short,Richmond,29,29.93,Gen. Defender,5,6.88,80.4,86,0,0,0,82.8,16,5.4,21.4,85.047,81.25,96.296,78.505,2.6,46.154,74.766,2.6,2.8,2.2,9.727,3,7.133,423.6,19.794,306.25,729.85,393.968,254.774,24.623,7.45,1.433,19.865,-0.634,63.101,6.13,1.8,17.2,19,9.474,3.4,1.6,0,0,1.6,1.8,1.6,0,0.4,7.6,-25.829,6.8,7.2,4.8,0.2,0,0,0.2,,0,0.2,0,,8.2,0,0.2,1.2,0,0.6,0.4,0.2,0,0,0,,0,,0,,,0.8,0,1.4,14.286,0,,0,0,0,0.2,0,0.2,0.2,0,2.6,14.773,0.4,1,1.942,-1.942,1,1.942,-1.942,0,,,2,14.925,100,0.8,2.2,8.4,5.6,2
Jacob Hopper,Richmond,28,28.89,Midfielder,5,7.96,79.2,80.4,2,0.4,1,82,9.8,17,26.8,61.94,42.857,72.941,67.669,1.8,55.556,36.567,2.6,1.2,4.6,5.826,4.4,6.091,236.2,8.813,314.046,550.246,244.468,141.062,25.465,-5.072,-0.298,27.179,3.054,48.243,7.57,12,15.2,27.2,44.118,3.2,8.8,0.8,3.8,5,5,5,2.6,1.8,10,-0.107,2,10.8,12.2,2.2,20.6,81.102,1.6,7.767,2.6,4.2,6.2,64.516,3.6,0,0.4,0,0,1,1.6,-0.6,0,0,0,,0,,0,,,2.4,0.2,0,,0,,0,0,0.4,0.6,0.6,1,4.4,0,4.6,26.136,1,3,2.869,-2.202,1,2.833,-1.833,2,2.886,-2.386,0,0,,0,0.2,12.4,6.4,0
Sam Taylor,Greater Western Sydney,26,26.65,Key Defender,5,8.28,60.6,43.2,6,1.2,1,91.4,5.8,4.2,10,80,75.862,85.714,74,0.4,50,58,0.4,2.2,2,5,2,5,115.4,11.54,131.576,246.976,109.106,52.634,18.811,9.032,2.15,16.398,-2.605,68.741,-10.12,4.8,5.2,10,48,5.8,3.2,0,0.6,2.6,4.6,3,0,0.6,1.6,-45.554,6,3,1,0,0,0,0,,0.2,0.2,0.2,100,4.4,1,0,2.2,0.2,0.8,1,-0.2,0,0,0,,0,,0,,,1.6,0,3.2,37.5,0,,0,0,0,0,0,0,0,,1.2,4.8,0.8,0,,,0,,,0,,,0,0,,0,5,5,4,4.2
Xavier O'Halloran,Greater Western Sydney,25,25.47,Midfielder,5,8.54,72.2,62.2,0,0,0,82,8,8.2,16.2,70.37,67.5,73.171,70.886,3,40,49.383,3.4,0.4,3.8,4.263,2.8,5.786,251.8,15.543,187.96,439.76,202.188,146.238,25.922,26.754,3.344,31.74,-3.615,51.833,10.667,6.8,10.2,17,40,1.2,4,0.8,1,3,2.8,2.2,1.4,1,7,3.112,1.8,5.4,8,1.8,15.6,48.75,1,6.41,1.8,2.8,3.2,75,2.6,0,0,0,0.4,0.8,2,-1.2,0,0,0,,0,,0,,,4.2,0.8,0.2,0,0,,2,0.4,0,0.6,0.8,1.4,7.8,66.667,4.4,17.6,0.6,3,1.752,2.248,0,,,3,1.752,2.248,0,0,,0.6,0.8,21.4,11,0.2
Connor Idun,Greater Western Sydney,25,25.42,Gen. Defender,5,5.9,67.2,60,0,0,0,90.6,9,6.4,15.4,88.312,88.889,87.5,75.325,0.2,0,58.442,0.2,5,2.2,7,3,5.133,243.8,15.831,145.828,389.628,236.036,111.636,26.226,-4.898,-0.765,11.815,4.464,63.223,1.893,3.6,11.6,15.2,23.684,3.8,3.2,0,1,2.2,3,2.8,0.2,0.4,6,-49.542,10.4,4,0.8,0,0,0,0,,0.6,0.6,0.2,100,5.6,0.2,0,0.8,0,0.2,0.8,-0.6,0,0,0,,0,,0,,,1.4,0,1.6,0,0,,0,0,0,0,0,0,0,,2,8,0.4,0,,,0,,,0,,,0,0,,1.4,3.4,5.4,4.8,3.2
Jake Riccardi,Greater Western Sydney,26,26.14,Key Forward,5,6.48,67.8,63.4,0,0,0,72.4,6.6,4.6,11.2,66.071,54.545,82.609,60.714,1.8,44.444,58.929,1.8,0.2,2.4,4.667,2.8,4,138,12.321,111.896,249.896,164.49,55.654,24.923,-4.982,-1.083,32.549,3.815,51.799,-1.799,4.6,6.4,11,41.818,1.6,2.6,1.4,0,2.6,3.2,2,0,0.6,2.4,30.669,0.2,2.2,4.2,4.4,7.6,23.75,0.4,5.263,0.6,1,1.4,85.714,3.8,0.8,1,0.4,1.2,0.6,1.4,-0.8,27.4,26.095,8.6,31.387,2.6,30.233,0.6,41.86,34.884,3,1.2,0.6,0,1.2,16.667,4,0.8,1.2,2.2,1,1.6,12.6,36.364,5.2,20.8,0.8,11,3.635,-0.908,6,3.916,-0.416,5,3.297,-1.497,0,0,,0,0.4,11,4.8,0.4
Toby Bedford,Greater Western Sydney,25,25.59,Mid-Forward,5,9.82,65.6,60.8,0,0,0,82.8,7.6,4.4,12,73.333,65.789,86.364,63.333,2.8,35.714,63.333,2.8,0.4,2.2,5.455,2.8,4.286,271.2,22.6,120.442,391.642,238.198,124.63,31.342,7.184,1.633,31.474,0.526,44.413,-0.413,4.8,6.8,11.6,41.379,1.6,3.6,1.8,1,2.6,3.6,2.8,0.2,1.4,3,19.232,0.8,2.2,4.2,4.4,0.6,1.875,0.4,66.667,0.6,1,0.8,75,2.8,0,0.8,0,0.4,0.8,1.2,-0.4,0,0,0,,0,,0,,,3.6,2.2,0,,0.8,0,7,1.4,0.8,2.4,0.6,1.2,13.4,58.333,4.6,18.4,0.2,12,3.543,0.291,5,3.731,0.269,7,3.409,0.306,0,0,,0,0.6,14.8,4,0.2
Kieren Briggs,Greater Western Sydney,26,26.23,Ruck,5,10.46,87.2,80,0,0,0,73,5.4,7,12.4,62.903,51.852,71.429,64.516,2.2,54.545,43.548,3,0.8,4.2,2.952,2.4,5.167,159.8,12.887,95.406,255.206,163.134,87.67,30.21,6.778,0.968,26.689,-1.689,46.238,-21.238,8,5.2,13.2,60.606,1.2,2.2,0.2,1.2,1,1,0.6,0,0.4,3,-7.44,2.6,4.6,4.8,1.2,24.4,76.25,1.4,5.738,3,4.4,7.4,67.568,1.6,0,0.2,0.6,0.4,2.2,1.6,0.6,76,72.381,32.4,42.632,9.4,29.012,3.2,47.531,42.593,3.4,0.4,0.2,0,0.4,50,1,0.2,0.4,0.6,0.8,0.8,6.4,33.333,5.2,20.8,4.4,3,3.033,-0.367,1,3.393,-2.393,2,2.853,0.647,0,0,,0,1.8,11,7,1
Leek Aleer,Greater Western Sydney,24,24.36,Key Defender,5,5.9,47,36.6,0,0,0,86.6,3.4,5.8,9.2,80.435,70.588,86.207,82.609,0.2,0,36.957,0.6,0.6,2.6,3.538,1.2,7.667,84.4,9.174,87.022,171.422,62.002,39.146,18.236,13.344,2.301,15.741,-3.976,72.732,-2.144,4.4,5,9.4,46.809,5.4,2,0,0.4,1.6,4.2,1.8,0,0.6,2.2,-43.939,5,3.6,0.8,0,0,0,0,,0.2,0.2,0.2,100,3.4,1,0,2.2,0,1.4,1.6,-0.2,0,0,0,,0,,0,,,2,0,2,70,0,,0,0,0,0,0,0,0,,0.8,3.2,0.2,0,,,0,,,0,,,0,0,,0.2,3.4,6.8,6,3.4
Lachie Ash,Greater Western Sydney,24,24.52,Gen. Defender,5,9.64,102.6,89.4,1,0.2,1,83.2,18.2,8.8,27,75.556,71.429,84.091,68.148,3.8,36.842,67.407,4.2,5.2,3.4,7.941,5.8,4.655,572.4,21.2,308.682,881.082,488.08,280.958,26.818,24.556,2.79,20.713,-0.713,60.94,-2.052,4.8,18.8,23.6,20.339,2.6,4.2,0,0.6,3.6,2.6,2.2,0,0.8,12.6,-32.045,10,8.6,5,0,0,0,0.4,,1.4,1.8,0.6,66.667,5.2,0.2,0,0.2,0.4,0.6,1,-0.4,0,0,0,,0,,0,,,1,0,0.6,33.333,0,,0,0,0,0,0.2,0.6,1.6,,3.8,15.2,1,0,,,0,,,0,,,3.8,34.545,94.737,4.8,1.8,6.8,5.2,1.2
Tom Green,Greater Western Sydney,24,24.93,Midfielder,5,17.56,104.4,89.4,25,5,4,82.8,11.4,17.8,29.2,67.808,49.123,79.775,73.288,4.8,54.167,39.041,6,1,3.6,8.111,4,7.3,396.2,13.568,342.952,739.152,355.202,213.418,31.158,17.376,0.976,26.467,8.827,47.158,5.783,17.6,12,29.6,59.459,2.6,11,1,2.8,8.2,4.4,3.6,5,2.6,9.4,-3.255,3.6,13,10.4,2.6,25,78.125,3.6,14.4,5.6,9.2,10.8,74.074,1.8,0.2,0.2,0.2,0.6,1,1.4,-0.4,0,0,0,,0,,0,,,3.6,0.4,0,,0.2,0,2,0.4,0.6,1.2,1,1.2,9.2,33.333,9.2,36.8,3.2,6,2.876,-0.376,2,4.276,1.724,4,2.176,-1.426,0,0,,0,1,18,10.2,0
Callum Brown,Greater Western Sydney,25,25.37,Gen. Forward,5,7.76,61.2,47.4,0,0,0,82.2,5.4,4,9.4,85.106,81.481,90,82.979,1.2,50,57.447,1.4,0,1.4,6.714,1,9.4,164.2,17.468,90.934,255.134,163.99,95.894,30.369,-0.286,-0.071,27.505,7.494,57.482,-12.482,4,5.6,9.6,41.667,0.8,2.2,0.6,0.8,1.4,3.8,2,0,0.8,2.4,16.583,0,3.6,3.8,2.2,0,0,0,,0.2,0.2,0.2,100,2.6,0.4,0.6,0,0.8,1.8,0.8,1,0,0,0,,0,,0,,,2.2,1,0,,0.6,33.333,6,1.2,0,1.4,0.4,0.8,10,85.714,4,16,0,7,4.128,1.015,4,3.441,1.059,3,5.043,0.957,0,0,,0.2,0.4,10.6,4.8,0.4
Ryan Angwin,Greater Western Sydney,23,23.05,Midfielder,5,9.5,65.6,63,0,0,0,80.6,7.2,7.6,14.8,70.27,72.222,68.421,62.162,2.4,41.667,48.649,2.4,1,1.8,8.222,1.6,9.25,263.2,17.784,167.392,430.592,226.106,105.82,32.301,15.72,2.068,24.87,-1.34,48.827,1.173,5.6,9.2,14.8,37.838,2.6,5,1,0.6,4.4,2.6,2.4,0.2,1,5.8,-7.999,3.6,4.2,5.6,1.4,0,0,0.2,,0.8,1,1.4,85.714,3,0,0,1,0.2,0.6,0.2,0.4,0,0,0,,0,,0,,,4,0.6,0.6,33.333,0,,1,0.2,0,0.4,0.6,0.6,4.8,50,3.2,12.8,1,2,3.427,-0.427,0,,,2,3.427,-0.427,0,0,,0,0.8,14.8,7.2,0.8
Aaron Cadman,Greater Western Sydney,21,21.83,Key Forward,5,8.96,61.6,56.2,1,0.2,1,86.6,6.8,3,9.8,65.306,55.882,86.667,73.469,1,80,69.388,1,0,1.2,8.167,1.2,8.167,182.2,18.592,93.956,276.156,188.458,116.488,28.554,6.244,2.081,26.716,14.46,59.81,10.778,4.2,6.2,10.4,40.385,0.2,1.2,0.6,0.2,1,4.2,1.2,0,0.8,2.4,30.313,0,2.4,3.2,4.8,0,0,0,,0,0,0,,4,1.2,2.2,0,1.2,1.6,0.4,1.2,0.8,0.762,0,0,0,,0,,,1.8,1,0,,3,13.333,8,1.6,0.6,3,1,1.2,16.4,53.333,5.6,22.4,0,15,3.391,0.009,12,3.654,0.513,3,2.338,-2.004,0,0,,0.2,0.8,8.4,1.8,0.6
Darcy Jones,Greater Western Sydney,21,21.74,Gen. Forward,5,9.78,69.4,55,0,0,0,75.8,5.6,7.8,13.4,64.179,67.857,61.538,68.657,1.8,66.667,41.791,2.8,0.6,2.4,5.583,1.8,7.444,219.8,16.403,131.098,350.898,146.588,127.928,26.176,26.816,3.438,32.149,-5.834,54.191,14.23,5.8,8,13.8,42.029,1.6,4.4,1.8,1.4,3,3.8,2.6,0,0.8,5.4,15.198,0.8,4.8,4.2,4,1,3.125,0.2,20,1,1.2,0.4,50,2,0.2,0,0,0.6,0.6,0.2,0.4,0,0,0,,0,,0,,,2.8,0.4,0.2,0,0.4,0,4,0.8,0.6,1.4,0.6,1.2,9.6,57.143,5.6,22.4,1.2,7,3.711,0.146,0,,,7,3.711,0.146,0,0,,1.2,1.4,16.4,7.2,0.2
Harry Rowston,Greater Western Sydney,21,21.38,Midfielder,4,7.7,57.25,55,2,0.5,1,59,7.25,1.75,9,77.778,75.862,85.714,77.778,2.75,72.727,80.556,2.75,0.5,2,4.5,0.5,18,211.25,23.472,110.945,322.195,217.938,145.055,30.06,-1.15,-0.657,27.753,20.073,54.672,10.546,2.75,6.75,9.5,28.947,1.25,2,0,0,2,1.75,1.5,0.5,0.25,2.25,5.815,0.5,3.75,3.5,1.75,7.25,22.835,0.25,3.448,0.5,0.75,0.5,50,4,0,1.25,0,0.5,0,1.25,-1.25,0,0,0,,0,,0,,,3.5,1.25,0,,0,,5,1.25,0,1.5,1,1.5,14,83.333,4,15.686,1,6,3.754,1.246,5,4.229,1.771,1,1.377,-1.377,0,0,,0,0.75,13.5,5.25,0.5
Finn Callaghan,Greater Western Sydney,22,22.68,Midfielder,5,16.48,117.8,111.8,28,5.6,3,82,15.4,13.2,28.6,72.727,67.532,78.788,70.629,5,52,53.846,6,3.2,4.4,6.5,5.2,5.5,531.8,18.594,347.656,879.456,469.59,278.592,30.894,15.816,1.198,25.647,11.667,53.869,-1.63,10,18.8,28.8,34.722,3.4,7,0.8,2.2,4.8,2.6,2.2,1.6,0.8,12.8,-10.483,5.8,12,9.8,1.2,27,84.375,2.6,9.63,3.2,5.8,6.6,84.848,4.8,0.2,0,1,0,0.6,1,-0.4,0,0,0,,0,,0,,,6.2,0,0.2,100,0,,2,0.4,0,0.8,0.8,1,7.4,50,7.8,31.2,2.6,4,2.634,0.366,1,2.504,3.496,3,2.677,-0.677,0,0,,1.4,1,15.2,8.2,0
Harvey Thomas,Greater Western Sydney,20,20.39,Gen. Forward,5,9.88,74.4,72,0,0,0,80.4,8.8,7.2,16,82.5,77.273,88.889,73.75,1.8,44.444,55,2.4,0.8,0.8,20,1.8,8.889,257,16.062,254.494,511.494,246.928,98.248,28.06,0.53,0.074,23.447,5.501,56.07,-3.438,4.8,11.4,16.2,29.63,2.8,3.8,0.6,1,2.8,3.4,2.6,0,1,5,-3.53,2.4,6.8,4.4,2.6,0,0,0.4,,1.2,1.6,1,100,5,0.2,0.4,0.4,0.2,0.6,0.4,0.2,0,0,0,,0,,0,,,3.2,0.6,0.4,0,0.4,0,3,0.6,0.4,1,0.2,0.6,5.6,60,5.6,22.4,1.2,5,3.542,0.458,4,3.839,0.911,1,2.352,-1.352,0,0,,0.8,1.4,14.6,6.4,0.6
Toby McMullin,Greater Western Sydney,21,21.4,Midfielder,1,-3.6,14,23,0,0,0,30,3,4,7,42.857,33.333,50,28.571,0,,42.857,0,2,5,1.4,2,3.5,98,14,30.18,128.18,70.61,1.92,35.305,13.52,3.38,14.9,-14.9,38.46,-38.46,4,3,7,57.143,1,3,1,1,2,3,3,1,1,2,-8.821,3,0,3,1,0,0,0,,1,1,1,100,1,0,0,0,0,1,1,0,0,0,0,,0,,0,,,1,0,0,,0,,0,0,1,1,0,0,1,0,1,7.143,0,1,2.151,-1.151,0,,,1,2.151,-1.151,0,0,,0,0,6,3,0
Joe Fonti,Greater Western Sydney,21,21.01,Gen. Defender,5,3.84,46.2,46.8,0,0,0,80.4,5.8,4.4,10.2,80.392,75.862,86.364,72.549,0.8,25,56.863,0.8,1.4,2,5.1,2.2,4.636,174,17.059,132.628,306.628,137.086,77.868,23.636,13.902,3.16,20.322,2.755,64.354,-2.816,2.2,8,10.2,21.569,2.6,2,0,0,2,2,1.8,0,1,3.4,-34.149,4.2,4.6,1.4,0,0,0,0,,0,0,0,,3.8,0,0,0.6,0.4,0.2,1,-0.8,0,0,0,,0,,0,,,3,0,0.8,25,0,,0,0,0,0,0,0.4,0.4,,2.2,8.8,0.2,0,,,0,,,0,,,0,0,,0.2,1.4,9.8,7,1.4
Stephen Coniglio,Greater Western Sydney,32,32.04,Midfielder,5,6.36,61,59.8,0,0,0,65.4,8.8,6.4,15.2,64.474,54.545,78.125,68,2.6,61.538,57.895,3.2,1,3.8,4,2.4,6.333,188.4,12.395,201.142,389.542,194.636,87.39,22.118,-3.884,-0.607,27.969,16.476,55.963,5.149,6.2,8.8,15,41.333,0.8,4,0.4,1.2,2.8,0.8,0.6,0.8,0.2,7.6,-1.479,1.6,6.8,5.4,1.2,17,53.125,1.8,10.588,2.6,4.4,5,76,1,0.2,0,0.2,0,1,1.6,-0.6,0,0,0,,0,,0,,,5,0.6,0.2,100,0,,1,0.2,0.2,0.6,0.4,0.8,4.2,33.333,4.6,18.4,1.2,3,2.675,-0.341,0,,,3,2.675,-0.341,0,0,,0.4,0.4,12.4,6.8,0
Jake Stringer,Greater Western Sydney,31,31.68,Gen. Forward,3,4.633,53.333,44,0,0,0,68.667,6,3.333,9.333,57.143,50,70,57.143,1,66.667,64.286,1,0,2.667,3.5,2.667,3.5,175,18.75,78.87,253.87,154.703,104.417,27.301,17.55,5.265,36.208,-2.874,53.011,2.544,3.667,6,9.667,37.931,0,2.667,2.333,1.333,1.333,3,2,0,1.333,2,43.808,0,1.667,1.667,6.333,0.333,1.031,0,0,0.667,0.667,0.667,50,2.667,0.333,1.667,0,0.667,0.667,1.333,-0.667,0,0,0,,0,,0,,,1.333,0,0,,1,100,4,1.333,1.333,3,0.667,1,13.667,44.444,4.667,20,0,9,3.126,-0.015,6,3.471,-0.137,3,2.436,0.231,0,0,,0,0,10,2,0
Lachie Whitfield,Greater Western Sydney,31,31.45,Gen. Defender,5,11.4,128.8,112.4,2,0.4,1,82,20.6,9.4,30,82.667,82.524,82.979,76.667,1.8,55.556,68.667,2,7.4,2.2,13.636,3.4,8.824,532.8,17.76,409.59,942.39,500.608,345.578,24.301,14.212,1.512,16.941,-1.941,64.932,7.068,5.6,18.2,23.8,23.529,6.2,3.8,0,0.4,3.4,5.4,3.6,0,1.6,10.8,-28.972,9.2,9.6,4.8,0.2,0,0,0,,0.2,0.2,0,,7,0.4,0.2,1,1,1,0.8,0.2,0,0,0,,0,,0,,,3,0,0.6,0,0,,0,0,0.2,0.2,0,0.4,0.6,0,4.8,19.2,2.8,1,2.189,-1.189,0,,,1,2.189,-1.189,6.4,58.182,90.625,0.6,1.4,10.4,8.2,0.6
Jesse Hogan,Greater Western Sydney,30,30.88,Key Forward,2,3.75,35,30,0,0,0,80,3,3,6,58.333,50,66.667,66.667,0,,50,0,0,1,6,1,6,89,14.833,48.325,137.325,92.39,52.15,36.956,2.365,0.788,,,,,2,4,6,33.333,0,1.5,1.5,0,1.5,1.5,1,0,0,1.5,41.903,0.5,0,1.5,4,0,0,0,,0,0,0.5,0,2,0,2,0,1,0.5,1,-0.5,0.5,0.463,0,0,0,,0,,,0.5,0.5,0,,0,,3,1.5,0.5,3,0,0,9.5,50,3.5,18.919,0,6,3.24,-0.073,5,3.292,-0.692,1,2.981,3.019,0,0,,0,1,4,0.5,0.5
Harry Himmelberg,Greater Western Sydney,29,29.64,Gen. Defender,5,9.08,85,76.6,6,1.2,1,83.8,12,5.4,17.4,82.759,81.667,85.185,82.759,0.8,25,68.966,1,4,2.2,7.909,2,8.7,277,15.92,238.21,515.21,252.184,182.726,21.015,16.534,3.062,17.427,-0.186,70.601,6.985,5,11.4,16.4,30.488,5.2,3.4,0,1.4,2,4.6,3,0,0.4,3.4,-35.112,7.2,6.4,2.6,0.2,0,0,0,,0.2,0.2,0,,8.4,1,0,2,0.4,0.6,1,-0.4,0,0,0,,0,,0,,,1.4,0,1.8,22.222,0,,1,0.2,0.2,0.4,0.2,0.2,2.6,50,2.6,10.4,0.8,2,3.427,0.073,1,3.911,-2.911,1,2.943,3.057,0.8,7.273,100,1.2,4.2,5.4,4.4,4.2
Harry Sharp,Melbourne,23,23.03,Gen. Forward,3,-1.5,5.667,14,0,0,0,34,2.667,1,3.667,45.455,50,33.333,45.455,0.333,100,72.727,0.667,0.333,2.333,1.571,1.333,2.75,63,17.182,27.08,90.08,58.263,13.523,21.849,-2.57,-2.57,29.736,10.264,63.892,16.108,1,3.333,4.333,23.077,0.667,0.667,0,0,0.667,1,0.667,0,0,2,18.096,0.667,0.333,2.333,1,0,0,0,,0,0,0,,0.667,0,0.333,0,0,0.333,0.667,-0.333,0,0,0,,0,,0,,,0.667,0.333,0,,0,,0,0,1,1,0,0,1,0,1.333,5.634,0.333,3,3.362,-2.362,1,4.165,-3.165,2,2.96,-1.96,0,0,,0,0.667,9.333,3,0.667
Jai Culley,Melbourne,22,22.84,Midfielder,4,12.1,67.25,59.75,0,0,0,73,6.25,7.25,13.5,83.333,84,82.759,77.358,2.25,66.667,46.296,2.5,1.25,1.25,10.8,1.5,9,213,15.778,198.697,411.698,189.195,127.36,30.271,20.495,2.827,27.286,7.714,50.245,19.756,7.75,6,13.75,56.364,1.75,4.25,0.75,0.75,3.5,3.75,1.5,0.75,0.25,3.5,-6.982,3,5.75,3.5,1.5,0,0,1,,1.75,2.75,2.5,60,3.5,1,0.5,1,0,1.25,0.25,1,0,0,0,,0,,0,,,2.75,0.25,0.25,0,0,,3,0.75,0,1,0.5,0.5,7.5,75,3.5,14.737,0.75,4,3.747,0.753,3,3.998,0.002,1,2.996,3.004,0,0,,0,1.25,12.5,5.5,0.5
Harry Edwards,West Coast,25,25.24,Key Defender,1,9.4,32,22,0,0,0,92,4,2,6,100,100,100,100,0,,66.667,0,1,3,2,0,,110,18.333,153.53,263.53,110.15,113.11,27.538,-2.63,-1.315,18.02,56.98,55.612,44.388,0,6,6,0,2,0,0,0,0,0,0,0,0,1,-59.048,4,2,0,0,0,0,0,,0,0,0,,4,0,0,2,0,0,2,-2,1,1.075,0,0,0,,0,,,0,0,3,66.667,0,,0,0,0,0,0,0,0,,3,18.75,0,0,,,0,,,0,,,0,0,,1,9,7,6,9
Campbell Chesser,Carlton,22,22.67,Midfielder,4,7.775,63.25,64.5,0,0,0,81.25,9.5,7.25,16.75,58.209,57.895,58.621,55.224,3,33.333,56.716,3,1.25,2.25,7.444,3.75,4.467,320,19.104,125.233,445.232,292.17,128.73,30.755,7.25,1,27.123,-5.911,48.9,-3.446,5.75,11,16.75,34.328,2.25,4,0,0.75,3.25,2.5,2.25,1,1,7,-8.254,3.5,6.25,5.5,1.5,0,0,0.25,,2,2.25,2.25,77.778,3.25,0,0.75,0,0.25,0.75,0.5,0.25,0,0,0,,0,,0,,,2.25,0.25,0.25,100,0,,2,0.5,0.5,1,0.25,0.75,5.5,50,3,19.355,0.75,4,3.65,-0.15,4,3.65,-0.15,0,,,0,0,,0.25,0.75,9.25,6,0.5
Tom Gross,West Coast,19,19.29,Mid-Forward,2,1.35,25,31.5,0,0,0,58.5,2.5,4.5,7,71.429,40,88.889,71.429,0.5,0,35.714,0.5,0.5,1,7,1,7,39,5.571,51.49,90.49,36.775,8.83,14.71,11.615,2.581,23.74,1.26,82.07,-32.07,2.5,4.5,7,35.714,0,1.5,0.5,0,1.5,1,1,1,1,1.5,1.699,1,2.5,2,1.5,0.5,1.613,0.5,100,0.5,1,1,50,3,0,0.5,0,0,0,0,0,0,0,0,,0,,0,,,1.5,0,0,,0,,0,0,0,0.5,0,0,0,0,1.5,8.824,0,1,2.875,-2.875,1,2.875,-2.875,0,,,0,0,,0,0.5,8.5,2.5,0.5
Hamish Davis,West Coast,19,19.66,Midfielder,4,6.925,51.5,57.75,0,0,0,62.75,6,6,12,75,66.667,83.333,70.833,1,25,50,1.25,1,1.5,8,2,6,151.5,12.625,93.585,245.085,128.545,54.648,21.424,14.362,2.394,22.484,-17.722,58.985,2.92,4.75,7.25,12,39.583,1.75,3.75,0.5,1.25,2.5,3.25,2.5,0.25,0.75,3.5,-6.235,1.75,5,4.5,0.75,0,0,0.25,,0.75,1,1.25,60,2.5,0,0,0,0.25,0.75,0,0.75,0,0,0,,0,,0,,,4.5,0.5,0,,0.25,100,1,0.25,0,0.25,0,0.25,1.75,100,1,6.452,0.5,1,1.663,4.337,0,,,1,1.663,4.337,0,0,,0,0.5,10.75,5.5,0.25
Seth Campbell,Richmond,21,21,Gen. Forward,4,6.75,49.75,56.25,0,0,0,84,7.25,5,12.25,57.143,51.724,65,55.102,1.5,50,59.184,2.25,0.25,2,6.125,2.5,4.9,240.25,19.612,104.66,344.91,214.97,115.135,29.651,22.31,4.462,32.021,17.979,54.968,-17.468,4,9,13,30.769,1,3.5,1.25,0.5,3,2,2,0.25,0.75,4.25,21.902,0.25,3,5.5,4.25,3,11.65,0.25,8.333,0.5,0.75,1.5,50,3.75,0,1.25,0.25,0.25,0.25,0.25,0,0,0,0,,0,,0,,,1.25,0,0,,0.5,0,5,1.25,1.25,3.25,0.25,0.75,10.75,38.462,4.75,26.761,0.5,13,2.94,-0.248,5,2.708,-0.108,8,3.085,-0.335,0,0,,0,0.5,17,6.5,0.25
Harry Armstrong,Richmond,19,19.54,Key Forward,4,3.725,32.75,27.5,0,0,0,72.75,3.25,2.5,5.75,60.87,46.154,80,56.522,1.25,40,56.522,1.5,0,1.25,4.6,1.5,3.833,93.75,16.304,28.905,122.655,111.87,34.03,34.422,-2.33,-0.932,29.716,-1.144,45.04,-2.183,3.5,2.25,5.75,60.87,0,1.25,0.5,0.25,1,3.5,1.25,0,1,1.25,25.789,0,1.25,2.5,2,0,0,0,,0,0,0,,2.75,1.75,0.75,0,0.75,0.5,0.25,0.25,0.75,0.806,0,0,0,,0,,,0.25,0,0,,2.25,44.444,2,0.5,0.75,1.5,0.25,0.5,5.5,33.333,2.25,12.676,0,6,3.187,-0.687,4,2.922,-0.922,2,3.717,-0.217,0,0,,0,0.75,4.5,0.75,0.75
Xavier Duursma,Essendon,25,25.48,Midfielder,5,8.28,87.6,78.6,0,0,0,83.2,10.2,8.8,19,74.737,66.667,84.091,71.277,1.4,14.286,53.684,1.4,1.8,2.2,8.636,3.8,5,258.2,13.589,203.148,461.348,231.13,100.322,22.66,-0.552,-0.066,21.395,-8.629,57.466,-0.019,6.2,12.8,19,32.632,4.4,5,0.2,1.4,3.6,3.4,2.6,0,1,6.4,-22.157,7.6,4.8,5.4,1.2,0,0,0.2,,1.4,1.6,1.6,62.5,5.8,0.4,0.6,1.6,0,1.2,0.6,0.6,0,0,0,,0,,0,,,2.8,0.2,0.6,100,0.2,0,2,0.4,0,0.6,0.4,0.6,5,66.667,3,17.045,1,3,4.04,-0.04,2,4.551,-1.551,1,3.016,2.984,0,0,,0.6,0.8,11.8,5.2,0.6
Jaxon Prior,Essendon,24,24.57,Gen. Defender,5,7.58,70.4,66.4,0,0,0,84.4,11,5.6,16.6,83.133,80,89.286,77.108,1.8,33.333,66.265,1.8,2.6,2,8.3,1.2,13.833,303.2,18.265,207.914,511.114,280.286,165.02,25.952,7.968,1.423,18.828,-5.102,62.11,6.518,3.4,10.8,14.2,23.944,4.4,3.2,0,1,2.2,3.2,3,0,1,5.4,-33.754,5.8,5.2,3,0.2,0,0,0,,0,0,0,,4.8,0,0.2,0.6,0.4,0.2,0.2,0,0,0,0,,0,,0,,,2,0.2,0.6,33.333,0.4,0,0,0,0.2,0.2,0.2,0.2,1.4,0,2.2,12.5,0.4,1,2.349,-1.349,1,2.349,-1.349,0,,,1.8,12.857,100,0,1.8,6.6,4.4,1.8
Liam McMahon,Essendon,23,23.66,Key Forward,5,6.66,42.2,32.6,0,0,0,66,4.2,2.4,6.6,81.818,71.429,100,84.848,0.4,50,63.636,0.6,0.2,1.4,4.714,1,6.6,81.2,12.303,53.29,134.49,97.32,58.554,23.171,-0.976,-0.407,29.419,-9.419,58.999,21.001,3.6,2.8,6.4,56.25,0.8,3,1.8,0.8,2.2,3.6,3,0,1,0.8,37.047,0,1.4,1.8,3.2,0,0,0,,0,0,0,,2.2,0.4,0.8,0.2,0.8,0.2,0.6,-0.4,0,0,0,,0,,0,,,0,0,0,,1,20,8,1.6,0.6,2.2,0,0.4,10.6,72.727,3.6,20.455,0.4,11,3.886,0.751,5,3.918,0.082,6,3.859,1.308,0,0,,0,1,2.8,0.6,1
Sam Durham,Essendon,24,24.47,Midfielder,4,10.75,90,82.75,9,2.25,2,78,11,9.25,20.25,65.432,50,83.784,65.432,4.25,47.059,54.321,4.5,0.75,4,5.062,3.5,5.786,333,16.444,160.735,493.735,324.878,132.803,29.534,5.318,0.591,24.89,1.426,50.007,-5.27,10.75,9.75,20.5,52.439,2.75,7.25,1,2.75,4.5,5,3.75,1.75,1.25,6.5,3.217,1.75,7.5,8,3.25,12.75,48.113,1.5,11.765,3,4.5,5,85,4,1,0.75,0.5,0.75,0.75,1.25,-0.5,0,0,0,,0,,0,,,5,0.5,0,,0.25,0,1,0.25,0.75,1.25,0.25,0.75,4.25,20,5.25,29.167,1.75,5,3.007,-1.207,4,2.852,-0.852,1,3.627,-2.627,0,0,,0,1,19.25,7.25,0.75
Archie Perkins,Essendon,23,23.76,Gen. Forward,5,9.44,69.2,56.6,0,0,0,74.2,6.8,7,13.8,78.261,79.412,77.143,71.014,1,0,49.275,1.4,0.4,1.6,8.625,2.8,4.929,182.4,13.217,157.202,339.602,184.842,95.33,27.183,-4.222,-0.621,24.117,-17.22,52.854,5.767,6.8,6.6,13.4,50.746,0.8,4.8,1.2,1,3.8,4.6,2.8,0.2,1.2,4.2,7.241,1,4.2,5.8,2.4,4,15.267,0.4,10,1,1.4,1.8,77.778,2.8,1,0.6,0.2,0.6,0.8,0.4,0.4,0,0,0,,0,,0,,,2.6,0.8,0,,0.6,66.667,3,0.6,0.2,1,0.2,0.8,5.6,60,2.6,14.773,0.4,5,3.375,0.425,4,3.346,-0.096,1,3.492,2.508,0,0,,0.2,0.2,10.4,3.8,0.2
Ben Hobbs,Essendon,22,22.29,Gen. Forward,3,3.067,42,48,0,0,0,66,6.667,4.667,11.333,52.941,30,85.714,55.882,0.667,0,58.824,1,1,3.333,3.4,3.333,3.4,150.333,13.265,97.397,247.73,138.08,38.187,20.712,9.727,2.084,20.619,-13.476,52.945,-2.945,5,5.667,10.667,46.875,1,4.333,1.333,0.667,3.667,4,3.333,0,1.667,2.667,7.739,1.333,3.333,4,2,2,8.108,0,0,1.333,1.333,1,100,2.667,0.333,0.333,0,0.667,1,2,-1,0,0,0,,0,,0,,,3.667,0,0,,0.333,0,0,0,1,1,0,0,1,0,2.333,12.963,0,3,2.93,-1.93,1,1.854,-0.854,2,3.468,-2.468,0,0,,0,0.333,14.333,6.333,0.333
Jayden Nguyen,Essendon,19,19.43,Gen. Defender,5,2.34,39.2,35.2,0,0,0,80.8,3.8,3.8,7.6,81.579,78.947,84.211,78.947,0.6,0,50,0.6,1.6,1.8,4.222,1.2,6.333,89.8,11.816,78.134,167.934,87.308,36.738,22.976,0.898,0.236,17.083,-11.82,62.683,0.475,3.8,4.2,8,47.5,2.4,2.2,0,0.4,1.8,3,1.6,0,0.4,2,-36.374,3.8,2.8,1.4,0,0,0,0,,0.4,0.4,0.8,50,2.2,0.2,0,0.4,0,1,0.6,0.4,0,0,0,,0,,0,,,2.6,0,1,0,0,,0,0,0,0,0,0,0,,1.2,6.818,0.4,0,,,0,,,0,,,0,0,,0,1,8.2,6.6,0.6
Archie Roberts,Essendon,20,20.11,Gen. Defender,5,8.54,90.8,89.6,2,0.4,1,89.8,16.4,11.2,27.6,73.188,71.951,75,62.044,3.8,42.105,59.42,4,5.2,5.8,4.759,6.6,4.182,508,18.406,248.256,756.256,484.824,218.936,29.562,17.584,1.57,20.526,0.527,54.291,-5.607,5.6,20,25.6,21.875,4,4.2,0,1,3.2,3.4,2.8,0.2,0.8,14.2,-23.878,7.6,10.8,6.6,0.6,3.2,12.214,0.4,12.5,1.4,1.8,1.8,88.889,5,0.6,0.2,1,0.4,1,1.8,-0.8,0,0,0,,0,,0,,,1.8,0.2,0.8,50,0,,0,0,0.2,0.2,0.4,1.2,3.4,0,4.2,23.864,0.6,1,2.603,-1.603,0,,,1,2.603,-1.603,2,14.286,100,1.2,0.8,11.4,6.8,0.6
Angus Clarke,Essendon,19,19.16,Gen. Defender,5,4.66,67,75.2,0,0,0,87.2,11.6,7.2,18.8,74.468,68.966,83.333,71.277,2,40,61.702,2,3,2.8,6.714,3.4,5.529,322.2,17.138,150.482,472.682,272.754,145.722,23.513,17.096,2.374,22.101,-4.243,61.8,-8.228,4,14.4,18.4,21.739,4,3,0.2,0.6,2.4,3.6,2.6,0,1.4,8,-29.562,8.4,5,4,1,0,0,0,,0.2,0.2,0,,6.6,0.2,0,1.2,0,0.8,0.2,0.6,0.2,0.23,0,0,0,,0,,,1.2,0,0.6,66.667,0,,1,0.2,0,0.2,0,0,1.2,100,2.4,13.636,0.6,1,3.486,2.514,1,3.486,2.514,0,,,0.4,2.857,100,0.2,0.8,12,8.6,0.8
Oskar Smartt,Essendon,20,20.18,Gen. Forward,1,0.7,6,10,0,0,0,20,0,1,1,100,,100,100,0,,0,0,0,0,,0,,-9,-9,56.41,47.41,0,-8.72,,-6.85,-6.85,,,,,0,1,1,0,0,0,0,0,0,0,0,0,0,0,22.93,0,0,1,0,0,0,0,,0,0,0,,0,0,0,0,0,0,0,0,0,0,0,,0,,0,,,2,1,0,,0,,0,0,0,0,0,0,0,,1,5.263,0,0,,,0,,,0,,,0,0,,0,0,6,2,0
Luamon Lual,Essendon,20,20.76,Midfielder,5,2.54,34.2,39.8,0,0,0,77,4.6,3.8,8.4,73.81,69.565,78.947,78.571,0.6,33.333,54.762,0.8,1,2,4.2,1.6,5.25,103.8,12.357,89.884,193.684,92.64,51.692,20.139,6.076,1.599,25.913,-6.865,68.649,2.78,2,6.2,8.2,24.39,0.8,1.6,0.2,0.4,1.2,1.2,0.8,0,0,2.4,-7.968,1.2,3.2,3.6,0.2,0,0,0,,0.4,0.4,0.6,33.333,3.4,0,0,0.2,0.6,0.4,1,-0.6,0,0,0,,0,,0,,,2.4,0.2,0,,0.4,0,1,0.2,0,0.2,0,0,1.2,100,1.6,9.091,0.2,1,1.031,4.969,0,,,1,1.031,4.969,0,0,,0,0.8,16,8,0.4
Lachlan Blakiston,Essendon,27,27.3,Key Defender,5,8.64,51.2,37,0,0,0,94.8,4.8,4.8,9.6,72.917,75,70.833,66.667,0.8,50,50,1.4,1.8,2,4.8,1,9.6,210.2,21.896,95.59,305.79,158.952,105.766,33.115,16.958,3.533,18.506,4.221,49.215,5.33,5.6,5,10.6,52.83,4.2,3.4,0.2,0.8,2.6,4.2,2.4,0,0.8,3,-27.096,3.4,4.6,2.4,0.2,3.6,13.74,0.2,5.556,0.4,0.6,0.8,75,2,0.4,0,0.8,0,1,1,0,7.8,8.986,2.2,28.205,0.4,18.182,0.2,27.273,18.182,1.4,0,1.4,28.571,0.2,0,1,0.2,0,0.4,0,0.2,1.4,50,2,11.364,1,2,4.705,-1.705,2,4.705,-1.705,0,,,0,0,,0.2,3.2,9,7.8,2.4
Isaac Kako,Essendon,19,19.81,Gen. Forward,5,10.22,66.8,57.2,0,0,0,81.6,7,6.2,13.2,69.697,54.286,87.097,72.727,1.6,50,53.03,2,0.4,1,13.2,1.8,7.333,176.2,13.348,128.428,304.628,175.87,91.214,25.124,-3.498,-0.564,27.042,-12.757,49.214,7.929,6.4,6.2,12.6,50.794,1,5.2,0.8,1,4.2,3.2,2.6,0.6,1.4,3.6,17.636,0.2,4,5.4,3,15.2,58.015,1.6,10.526,0.8,2.4,3.6,61.111,1.8,0.2,0.8,0,0.8,0.2,0.6,-0.4,0,0,0,,0,,0,,,3.6,1.6,0,,0.4,0,4,0.8,0.8,1.8,0.2,1,7.6,44.444,5,28.409,1.2,9,3.424,-0.313,3,4.017,0.316,6,3.127,-0.627,0,0,,0.4,0.6,17,6.2,0.4
Archer May,Essendon,21,21.34,Key Forward,2,5.9,42.5,36.5,0,0,0,80.5,6,1.5,7.5,60,50,100,53.333,1.5,33.333,80,1.5,1.5,2.5,3,3,2.5,191.5,25.533,78.075,269.575,216.58,79.755,36.097,-2.565,-1.71,25.408,-15.408,44.938,-14.938,5,3,8,62.5,3,1.5,0.5,0,1.5,5,1.5,0,0.5,0.5,7.394,1.5,2,2,2.5,0,0,0,,0,0,0,,2.5,1,1,0.5,0,2,0.5,1.5,5.5,6.18,0.5,9.091,0,0,0,100,100,1,0.5,1.5,33.333,0,,1,0.5,0,1,0.5,0.5,6,50,1,5.882,0,2,4.372,-1.372,2,4.372,-1.372,0,,,0,0,,0,2.5,11,5,2
Todd Goldstein,Essendon,37,37.5,Ruck,5,4.88,53,59.8,0,0,0,69.2,4,7.8,11.8,77.966,65,84.615,76.271,1.4,42.857,33.898,1.4,0.6,3.4,3.471,1.4,8.429,96.4,8.169,162.486,258.886,101.128,48.156,25.282,1.318,0.169,24.756,-12.991,51.895,1.046,4.6,6.6,11.2,41.071,1,2.4,0.4,1,1.4,0.2,0.2,0,0.2,3.2,-19.75,3,4.8,3,0.4,18.2,69.466,1.2,6.593,2.4,3.6,4.6,82.609,2.6,0,0,0,0.4,1.8,2,-0.2,52.4,60.369,21.4,40.84,4.4,20.561,0.6,38.318,29.907,1.8,0,0.4,50,0.2,0,0,0,0,0,0.2,0.2,1.2,,2.4,13.636,1.4,0,,,0,,,0,,,0,0,,0,1.6,8.4,4.2,1.4
Dylan Shiel,Essendon,32,32.81,Midfielder,4,11.3,87.75,83.75,0,0,0,70.25,11,12,23,73.913,65.909,81.25,73.913,2.75,54.545,47.826,3.25,3.25,3.5,6.571,4.5,5.111,389.25,16.924,321.642,710.892,300.36,213.005,27.305,35.022,2.919,22.084,-0.655,55.407,4.117,6.25,16.5,22.75,27.473,3.25,5.25,0,1,4.25,3.5,3.25,0.5,1.25,10.5,-15.814,5.25,9,8.5,0,13.5,50.943,0.75,5.556,0.75,1.5,1.75,71.429,5.5,0,0,0.5,0.25,0.5,0.5,0,0,0,0,,0,,0,,,2.75,0.25,0,,0,,0,0,0.25,0.25,0.5,0.5,3.25,0,4,23.529,1.25,1,4.576,-3.576,1,4.576,-3.576,0,,,0.25,1.695,100,1,0,15,6.75,0
Jayden Laverde,Greater Western Sydney,29,29.72,Key Defender,4,5.025,65.5,64.25,0,0,0,79.75,9.5,5.75,15.25,75.41,76.316,73.913,68.852,0.5,0,62.295,0.5,4,2.5,6.1,2.75,5.545,243.5,15.967,158.44,401.94,237.842,131.78,25.036,-4.278,-0.778,15.916,-10.511,65.815,-6.356,3.5,11.5,15,23.333,5,2,0,0.5,1.5,3.25,1.75,0,0.5,4.5,-49.149,9.75,4.25,1,0,0,0,0,,0.25,0.25,0,,7.25,0.5,0,2,0,0.75,0.75,0,0,0,0,,0,,0,,,1,0,1.25,0,0,,0,0,0,0,0,0,0,,0.5,2.778,0.5,0,,,0,,,0,,,0.5,3.448,50,0,4.25,4.75,4.75,4
Peter Wright,Essendon,29,29.31,Key Forward,5,8.42,69.2,60.2,0,0,0,84.8,6.4,4.2,10.6,71.698,71.875,71.429,62.264,1.4,57.143,60.377,1.6,0.2,2.2,4.818,3.2,3.312,172.2,16.245,98.144,270.344,207.03,70.546,32.348,-8.478,-2.019,23.055,-5.664,53.17,7.699,6,5.4,11.4,52.632,1.2,2.4,0.4,0.4,2,5,1.8,0,0.2,2.2,4.992,0.6,5,3.4,2.4,4.4,16.794,0.6,13.636,0.2,0.8,1,80,3.6,1.6,1,0.4,0.2,1.8,0.6,1.2,24,27.65,7.6,31.667,2.2,28.947,0,44.737,28.947,2.2,0.4,0,,2.6,53.846,4,0.8,0.6,1.6,0.4,1,8.4,50,3.8,21.591,1,8,3.176,0.199,8,3.176,0.199,0,,,0,0,,0,2.6,10.2,3.4,2.2
Jade Gresham,Essendon,28,28.35,Gen. Forward,4,7.075,62.25,62.5,0,0,0,82,8.5,7.75,16.25,61.538,44.118,80.645,69.231,2.25,44.444,52.308,2.5,1.25,2.5,6.5,2.75,5.909,159.25,9.8,144.635,303.885,172.078,61.212,20.244,-15.845,-2.045,25.393,-6.874,60.099,-11.951,6.5,9.25,15.75,41.27,2,3.75,0.5,0.75,3,2,1.5,1.5,0.25,6.75,-5.897,2.5,6.5,5.25,1.5,5.25,21.212,0.5,9.524,2.5,3,3.25,61.538,2.25,0,0,0.5,0.25,1.25,1,0.25,0,0,0,,0,,0,,,3.75,0.75,0,,0,,1,0.25,0,0.75,0,0,1.5,33.333,2.75,15.714,0.75,3,3.641,-1.641,2,3.74,-3.74,1,3.444,2.556,0,0,,0.5,1,17.25,6.75,0.25
Zach Merrett,Essendon,30,30.24,Midfielder,4,15.675,110,103.25,3,0.75,1,86.25,14.75,9.75,24.5,77.551,67.797,92.308,74.227,4,56.25,60.204,4.25,2.75,3.5,7,3.5,7,433.25,17.684,249.663,682.912,396.425,259.682,27.34,20.053,2.057,24.41,8.923,54.291,14.459,8.5,15.25,23.75,35.789,3.75,6,1.25,1.5,4.5,4.25,3,0.25,1,11.25,-6.797,4.25,9.5,7.75,2.25,13.5,50.943,0.75,5.556,2.5,3.25,3.75,80,3,0,0.25,0.25,0.75,2.5,0,2.5,0,0,0,,0,,0,,,6.5,1.25,0,,0.25,100,1,0.25,0.5,1.25,1.25,1.5,9.75,20,6,35.294,2.25,5,2.517,-0.917,2,3.738,-0.238,3,1.703,-1.37,0.5,3.39,100,0.25,1.25,20.5,11.25,0.25
Matt Guelfi,Essendon,28,28.38,Gen. Forward,5,4.76,42,37.2,0,0,0,73,4.6,3,7.6,60.526,52.174,73.333,65.789,1.2,50,60.526,1.2,0,2.2,3.455,1.8,4.222,98.8,13,53.848,152.648,103.648,50.578,22.532,-2.92,-0.973,32.682,-16.015,54.505,-12.838,3.6,3.6,7.2,50,0.6,2.8,1.6,0.8,2,3.4,2.8,0.2,1.2,1.2,34.142,0,1.2,2.6,3.4,0,0,0,,0.2,0.2,0.2,100,1.8,0,0.8,0,0,0.6,1,-0.4,0,0,0,,0,,0,,,2,0.8,0,,1.6,50,5,1,0.4,1.8,0.4,0.6,9,55.556,3.6,20.455,0.4,9,3.329,0.227,4,3.177,0.073,5,3.45,0.35,0,0,,0,2,9.2,3.2,0.8
Mason Redman,Essendon,28,28.34,Gen. Defender,5,12.06,115,102,8,1.6,2,86.6,21.8,5.4,27.2,85.294,85.321,85.185,77.037,1.4,71.429,80.147,2,8.2,2.8,9.714,4.6,5.913,618.6,22.743,281.424,900.024,576.784,368.172,26.703,10.608,1.964,15.396,0.138,68.46,5.326,4,15.2,19.2,20.833,5.8,2.4,0,0.8,1.6,3.8,2.2,0,1,7.6,-35.413,9.6,5.4,4.2,0,0,0,0,,0,0,0.2,0,7.4,0.4,0,2.4,0.2,1.2,1.4,-0.2,0,0,0,,0,,0,,,1.2,0,1.4,14.286,0,,1,0.2,0.6,0.8,0,0,1.8,25,3.6,20.455,1.6,4,2.333,-0.083,0,,,4,2.333,-0.083,8.6,61.429,90.698,0.8,2.6,7.6,5.8,2.4
Andrew McGrath,Essendon,27,27.58,Gen. Defender,5,12.24,110.6,95.2,10,2,2,83.4,11,16,27,76.296,69.091,81.25,74.436,3.6,44.444,40.741,4.2,1.8,2.4,11.25,3.4,7.941,295.6,10.948,279.994,575.594,270.73,128.896,25.068,1.69,0.107,22.636,-2.636,52.773,1.227,11,15.8,26.8,41.045,3,9,0.2,1.2,7.8,4,3.6,1.4,1.6,11.8,-15.217,6,11.6,8.4,0.8,19,72.519,1.2,6.316,3.2,4.4,5.4,62.963,3.4,0,0,0.2,0.4,0.6,0.2,0.4,0,0,0,,0,,0,,,4.6,0,0.2,0,0,,1,0.2,0.4,0.6,0.4,0.8,4.4,33.333,4.2,23.864,0.6,3,3.205,-0.538,0,,,3,3.205,-0.538,0,0,,0.8,1,22,13.6,0.4
Tom McCartin,Sydney,26,26,Key Defender,4,11.125,83,56.75,3,0.75,2,96,9.25,6.75,16,84.375,81.081,88.889,82.812,0.75,33.333,57.812,1,3.75,2.75,5.818,1.25,12.8,209,13.062,117.242,326.242,182.613,147.585,20.29,19.27,2.855,16.949,3.051,65.459,0.255,7,9.5,16.5,42.424,8,4.75,0,0.5,4.25,6.5,4.25,0,1,5.25,-39.193,9,5,2.5,0,0,0,0,,0.25,0.25,0.25,0,5.25,1.25,0,2.5,0,0.75,1.5,-0.75,0,0,0,,0,,0,,,0.5,0,1,50,0,,1,0.25,0,0.25,0,0,1.5,100,3,12.5,1.75,1,5.509,0.491,1,5.509,0.491,0,,,0,0,,0.25,5.25,4.25,3.25,5
Caiden Cleary,Sydney,20,20.82,Gen. Forward,3,0.5,24,35.667,0,0,0,28.333,3,4.667,7.667,69.565,66.667,71.429,65.217,0.667,50,39.13,0.667,0.333,1.333,5.75,1.667,4.6,78.667,10.261,84.247,162.913,80.86,27.757,26.953,5.117,1.096,28.596,-14.31,71.736,-0.307,1.667,6.667,8.333,20,1.333,0.667,0,0,0.667,0.667,0.333,0.667,0,3,11.779,0.667,3,2.667,2,1.333,5,0,0,0.667,0.667,1,66.667,3,0,0.333,0,0.667,0,0,0,0,0,0,,0,,0,,,2,0.333,0,,0,,0,0,0.333,0.667,0,0.333,0.667,0,1.333,5.882,0.667,2,2.52,-2.02,1,2.11,-2.11,1,2.93,-1.93,0,0,,0.333,0.333,5.667,4,0
Jesse Dattoli,Sydney,19,19.4,Gen. Forward,3,0.767,36,33,0,0,0,55.333,2.667,6.333,9,59.259,25,73.684,62.963,0.333,0,29.63,0.667,0,2,4.5,2.333,3.857,72.667,8.074,62.96,135.627,82.447,9.01,30.917,3.67,0.579,24.12,-24.12,51.244,-11.244,3.667,5.333,9,40.741,0.667,3.667,2,1,2.667,3,3,0,1,3.333,26.585,0,2,3.667,3.333,0,0,0,,0.667,0.667,0.667,100,2,0,1,0,1,0,0.333,-0.333,0,0,0,,0,,0,,,1.667,0.667,0,,0.333,0,0,0,0.667,1,1,1,6.667,0,2.333,10.294,0,3,2.705,-2.038,3,2.705,-2.038,0,,,0,0,,0,0.667,8,2.667,0.667
Peter Ladhams,Sydney,27,27.96,Ruck,2,5.4,65,66,0,0,0,67,7,4.5,11.5,39.13,28.571,55.556,43.478,2,50,60.87,2,1.5,5,2.3,3.5,3.286,176.5,15.348,24.885,201.385,207.28,69.785,29.611,-4.8,-1.067,22.466,-9.966,39.075,-14.075,7.5,3.5,11,68.182,0.5,4,0,2,2,1,1,0,0,2,-7.834,3.5,2,3.5,2,14,56,1.5,10.714,4,5.5,5.5,90.909,1.5,0,1,0,0,1.5,1.5,0,49,50.515,19.5,39.796,4.5,23.077,2,51.282,46.154,2,0.5,0,,0,,2,1,1,2,0,0,7,50,5.5,26.829,4,4,3.6,-0.1,4,3.6,-0.1,0,,,0,0,,0,2,7.5,3.5,2
Oliver Florent,Carlton,27,27.44,Midfielder,4,6.45,62.75,68,0,0,0,79.5,9.25,7.25,16.5,68.182,64.865,72.414,72.727,0.75,33.333,56.061,1,2,2.25,7.333,3.5,4.714,225.75,13.682,171.553,397.302,215.475,135.778,23.295,15.147,2.164,25.002,-3.79,64.21,-0.574,5,11.25,16.25,30.769,2.75,4.75,0.25,0.5,4.25,3,2.75,0,1.25,5.5,-12.867,4,6.5,4.5,1.25,0,0,0.5,,1.25,1.75,1.25,100,5,0.25,0.75,0.25,0,0,0,0,0,0,0,,0,,0,,,2.25,0.25,0.25,100,0.25,0,1,0.25,0.25,0.75,0,0.25,2,33.333,3.25,13.542,0.5,3,2.818,-0.485,3,2.818,-0.485,0,,,0,0,,0,1,11.25,3.25,1
Mani Liddy,Port Adelaide,23,23.86,Midfielder,4,4.65,56.75,65.25,0,0,0,84,9.75,7,16.75,61.194,46.154,82.143,58.209,2.5,40,58.209,3,2.75,3.25,5.154,3.75,4.467,313.25,18.701,126.697,439.948,270.543,137.59,27.748,18.925,2.704,21.276,-1.832,52.477,-5.255,4.25,12.5,16.75,25.373,3.75,3.25,0.5,0.75,2.5,3.25,2.5,0.25,1.5,6.5,-11.136,3.5,6.75,5.5,1,0,0,0.25,,0.75,1,0.5,100,4.75,0,0,1,0.25,0.75,0.25,0.5,0,0,0,,0,,0,,,1.5,0,0,,0,,1,0.25,0.25,0.5,0.75,1.25,6.75,50,3.5,17.284,0.25,2,4.341,-0.841,1,5.036,0.964,1,3.645,-2.645,0,0,,0,0.25,14.25,9.25,0.25
Dylan Williams,Port Adelaide,24,24.5,Gen. Forward,1,4.5,36,34,0,0,0,77,7,1,8,75,71.429,100,62.5,0,,87.5,0,1,2,4,4,2,212,26.5,47.01,259.01,185.87,80.62,26.553,2.03,2.03,22.543,-22.543,60.007,-2.864,3,4,7,42.857,3,3,0,0,3,3,3,0,1,1,-19.109,1,5,0,1,0,0,0,,0,0,0,,2,0,0,0,0,0,1,-1,0,0,0,,0,,0,,,2,1,0,,0,,0,0,0,0,0,0,0,,0,0,0,0,,,0,,,0,,,1,6.667,100,1,2,9,6,1
Will Lorenz,Port Adelaide,20,20.86,Midfielder,3,6.433,60.667,57.667,0,0,0,77.667,8.333,6,14.333,69.767,52,94.444,65.116,0.333,100,58.14,0.667,2.667,1.333,10.75,3.667,3.909,254.333,17.744,65.823,320.157,239.643,117.547,28.757,6.27,1.045,16.79,10.482,54.584,-18.22,4.667,9.667,14.333,32.558,2.667,3.667,0.333,0.333,3.333,3.667,3,0.333,1.333,5.333,-27.865,5.667,5.333,2.333,1,1.333,4.124,0,0,0.667,0.667,0.667,100,2.667,0,0.333,0,0.333,1,0,1,0,0,0,,0,,0,,,2.333,0.333,0,,0,,1,0.333,0.333,1,0,0,2.333,33.333,3,15,0.333,3,2.805,-0.471,1,3.239,-3.239,2,2.588,0.912,0,0,,0,1.333,16,10.667,1
Jack Whitlock,Port Adelaide,19,19.62,Key Forward,4,4.05,41,42.75,0,0,0,79.5,3.5,3,6.5,50,57.143,41.667,61.538,0.25,100,53.846,0.25,0.25,2.25,2.889,2.25,2.889,91,14,44.193,135.192,94.975,61.728,27.136,1.942,0.647,29.373,13.484,59.186,12.243,2,5,7,28.571,0.5,1.25,0.5,0.5,0.75,1.5,1,0,0.25,2,17.612,1,1.25,1.25,3.5,3.25,10.924,0.25,7.692,0,0.25,0.5,50,2.5,0.25,1.5,0,0.25,0.5,0.75,-0.25,8.75,10.264,1,11.429,0,0,0,0,50,3.25,1.25,0.25,100,2.25,11.111,4,1,0.5,1.75,0,0.5,7,57.143,2.75,13.58,0.25,7,3.234,0.48,4,3.335,1.165,3,3.1,-0.433,0,0,,0,1,12.5,5.5,1
Nick Larkey,North Melbourne,27,27.56,Key Forward,1,11.9,61,58,0,0,0,84,5,2,7,100,100,100,100,1,100,71.429,1,0,1,7,1,7,180,25.714,80.64,260.64,155.78,148.06,31.156,14.58,7.29,40.015,9.985,63.2,36.8,2,6,8,25,0,0,0,0,0,2,0,0,0,0,33.844,0,1,3,4,0,0,0,,0,0,0,,8,2,4,0,2,0,1,-1,0,0,0,,0,,0,,,0,0,0,,0,,3,3,0,3,0,0,18,100,4,21.053,0,3,3.22,2.78,3,3.22,2.78,0,,,0,0,,0,0,4,0,0
Cooper Harvey,North Melbourne,21,21.47,Gen. Forward,4,3.575,34.5,38.25,0,0,0,57.5,4.75,2.25,7,71.429,68.421,77.778,71.429,0.75,33.333,67.857,1,0.75,1,7,1.25,5.6,104.75,14.964,87.93,192.68,118.97,55.337,25.046,0.365,0.162,24.017,6.752,66.429,2.802,1.75,5.25,7,25,0.5,1.25,0.5,0.25,1,1.5,1,0,0.5,1.75,0.31,1.5,1.5,2.25,1.75,0,0,0.25,,0,0.25,0,,3,0.25,1,0,0.25,0.25,0.25,0,0,0,0,,0,,0,,,1.5,0.5,0.25,100,0.25,0,3,0.75,0.5,1.25,0.25,0.25,6.5,60,3,12.245,0.5,5,2.979,1.021,5,2.979,1.021,0,,,0,0,,0,0.25,6.75,1.5,0.25
George Wardlaw,North Melbourne,21,21.55,Midfielder,4,15.3,99.75,86.75,0,0,0,71,11,8.5,19.5,75.641,59.091,97.059,73.077,3.5,35.714,56.41,5,1.5,3,6.5,3.25,6,271,13.897,194.82,465.82,251.87,127.685,22.897,-0.557,-0.066,28.96,-7.531,54.293,-1.912,10.25,9.75,20,51.25,4.25,8.25,1.25,3,5.25,5.75,5.25,0.75,2,6.5,2.085,2.5,7.25,7.75,2.5,23.25,70.455,2.5,10.753,1.75,4.25,3.5,85.714,2.75,0,0.25,0.25,0.25,1.75,1,0.75,0,0,0,,0,,0,,,7,0.5,0,,0,,1,0.25,0.25,0.5,1.5,1.5,10.75,50,5.75,23.469,2.25,2,3.101,0.399,1,3.576,2.424,1,2.626,-1.626,0,0,,0,0.75,21.5,8.5,0
Max Heath,Melbourne,23,23.18,Key Forward,2,2.8,34.5,39,0,0,0,54.5,3,3,6,41.667,33.333,50,41.667,0.5,0,50,0.5,0,2.5,2.4,2.5,2.4,91.5,15.25,41.21,132.71,110.265,24.285,36.755,1.655,0.552,26.7,-26.7,31.6,-31.6,4.5,2,6.5,69.231,0,1.5,1.5,0,1.5,4.5,1.5,0,1.5,1,39.643,0,0.5,2.5,3.5,2,9.524,0,0,0,0,0,,2,1,1,0,0,2,0,2,13.5,15,5,37.037,1,20,0,40,40,1,0,0,,3,50,2,1,1,2.5,0.5,0.5,10,40,3,15.385,1,5,3.711,-0.911,4,3.94,-0.44,1,2.798,-2.798,0,0,,0,0.5,5.5,0.5,0
Hugo Garcia,St Kilda,20,20.61,Midfielder,4,9.7,80.75,74.25,0,0,0,77.5,9.75,7,16.75,67.164,58.974,78.571,64.179,3.25,38.462,58.209,3.75,0.75,3,5.583,2.75,6.091,319.75,19.09,172.84,492.59,272.722,165.808,27.972,12.36,1.766,28.078,-3.754,51.014,-5.068,6.5,10.75,17.25,37.681,1.75,5,1.25,1,4,2,1.75,1,0.25,6.75,-0.716,2,8,4.75,2.5,12,48,0.75,6.25,2.25,3,4.5,61.111,2.75,0,0,0.25,0.25,0.25,0.75,-0.5,0,0,0,,0,,0,,,5.75,1.25,0,,0,,1,0.25,0.25,0.5,0.75,0.75,6.25,50,3,14.286,1,2,3.846,-0.347,0,,,2,3.846,-0.347,0,0,,1.5,0.75,20.75,10.75,0
Francis Evans,Carlton,24,24.35,Gen. Forward,4,17.825,101,86,10,2.5,3,80.5,9.25,6.25,15.5,79.032,75.676,84,79.032,2.75,72.727,59.677,3,0.25,1.5,10.333,1.75,8.857,285.75,18.435,194.547,480.297,292.325,221.005,31.603,-0.163,-0.026,31.912,33.088,41.78,38.22,6.25,8.75,15,41.667,1.25,4.25,1.25,1,3.25,4.5,3,0,1,4.25,22.994,1,3.5,4.75,5.75,0,0,0.75,,0.75,1.5,0.25,100,4,0.75,1.75,0.5,0.75,1.25,0.5,0.75,0,0,0,,0,,0,,,4.25,2,0,,1.25,60,11,2.75,0.5,3.5,1.25,1.5,24.75,78.571,7.75,34.831,0.75,14,3.332,1.525,9,3.275,1.503,5,3.435,1.565,0,0,,0.25,0.25,15.5,3,0.25
Flynn Young,Carlton,23,23.9,Gen. Forward,4,6.925,56.25,59.75,0,0,0,75.75,8,5.75,13.75,63.636,50,82.609,70.909,2.5,40,58.182,3,0.5,2,6.875,2.25,6.111,274.25,19.945,117.855,392.105,230.41,142.477,28.801,4.518,0.786,26.343,-13.843,49.204,-7.537,3.75,10.5,14.25,26.316,0.5,2.75,1.25,0.75,2,2.25,2,0.5,1.25,5.75,7.103,0.75,6,4.5,3,0,0,0.25,,1,1.25,0.75,100,3.75,0,0.75,0,0.5,0.5,0.5,0,0,0,0,,0,,0,,,2,0.75,0,,0.25,0,4,1,0,1.5,0,0.25,6.25,66.667,2.75,12.36,0.25,6,2.98,1.02,4,3.452,1.048,2,2.037,0.963,0,0,,0.75,0.75,14.25,6.5,0
Lewis Young,Carlton,27,27.03,Key Defender,4,7.325,60.75,39.5,0,0,0,91.75,6,4.75,10.75,81.395,79.167,84.211,81.395,0.5,0,55.814,0.75,2.5,3.25,3.308,2.25,4.778,134.25,12.488,104.82,239.07,117.4,75.38,19.567,6.112,1.287,16.382,-8.048,64.495,2.171,4.25,7.5,11.75,36.17,6,3,0,1,2,4.25,3,0,1.5,3.75,-36.204,6,4.25,1.5,0,0,0,0,,0,0,0,,4.25,0.5,0,2,0,0.75,1.5,-0.75,0,0,0,,0,,0,,,0.75,0,1.25,20,0,,0,0,0,0,0,0,0,,1.25,5.618,0.25,0,,,0,,,0,,,0,0,,0,8,5.5,3.5,7.75
Andrew Brayshaw,Fremantle,26,26.14,Midfielder,5,14.14,106.2,89.4,2,0.4,1,83.4,12,11.8,23.8,69.748,60,79.661,73.95,3.4,41.176,50.42,4.4,0.8,3.6,6.611,3.8,6.263,335.4,14.092,286.316,621.716,315.596,174.48,26.745,-5.318,-0.451,25.82,10.35,50.966,12.864,11.4,13.2,24.6,46.341,2.8,6.4,0.8,1.2,5.2,3.6,2.2,2.2,0.4,9.2,-1.745,2.2,11.4,8.4,2.6,22.6,79.021,1.8,7.965,4.2,6,6.8,79.412,2.4,0,0.2,0.2,0,1.8,2,-0.2,0,0,0,,0,,0,,,6.4,0.6,0.2,0,0,,1,0.2,0,0.4,0.8,1.2,6.4,50,5.4,24.324,2.2,2,3.918,-0.918,2,3.918,-0.918,0,,,0,0,,0,2.8,27,15.2,0.6
Jordan Clark,Fremantle,25,25.2,Gen. Defender,5,10.02,94.8,77.6,8,1.6,1,89.8,14.4,9,23.4,71.795,68.056,77.778,63.793,2.8,57.143,61.538,3.6,5,2,11.7,4,5.85,491.2,20.991,174.566,665.766,452.88,225.238,31.45,20.124,2.236,19.442,1.146,55.174,-3.704,6.8,12.8,19.6,34.694,6.8,5.8,0,0.8,5,5.2,4.8,0.2,1,9.6,-19.217,5.4,8,6,0.2,0,0,0,,1.4,1.4,0.6,100,2.2,0.2,0,0.8,0,0.8,0.8,0,0,0,0,,0,,0,,,2.8,0,0,,0,,0,0,0.2,0.6,0.6,0.6,3.8,0,4.8,21.622,1.6,3,1.726,-1.392,1,0.671,-0.671,2,2.253,-1.753,3.2,30.769,93.75,0.8,2,11.4,8.4,1.6
Hayden Young,Fremantle,24,24.72,Midfielder,3,12.567,70.667,52,0,0,0,49,8,7.333,15.333,71.739,58.333,86.364,67.391,3.667,36.364,52.174,4,0.333,1,15.333,2.667,5.75,279,18.196,205.927,484.927,259.457,112.693,32.432,-3.55,-0.484,29.553,-3.466,46.715,-7.585,9.667,7,16.667,58,0.667,5.667,0.333,1.667,4,2,1.667,2.333,1,6.333,-1.236,1,9,4.667,2,12.333,41.111,2,16.216,2.667,4.667,5.667,58.824,0.333,0,0,0,0,0.333,0,0.333,0,0,0,,0,,0,,,3,0.333,0,,0.333,0,0,0,0,0,0.333,0.667,2.333,,3.667,16.923,1,0,,,0,,,0,,,0,0,,0.333,1.667,10,5.667,0
Luke Jackson,Fremantle,24,24.25,Ruck,5,12.38,101.2,90.4,12,2.4,2,83.6,7.4,10.8,18.2,68.132,59.459,74.074,70.33,1.8,55.556,40.659,2.6,0.4,1.8,10.111,2.6,7,215,11.813,192.554,407.554,184.03,113.13,24.869,20.228,1.873,30.713,-2.713,54.583,1.417,9.8,9.4,19.2,51.042,3,4.6,0.4,0.8,3.8,5.6,2.2,0.4,1,5.8,6.939,1.8,7,6.8,3.6,15.8,55.245,0,0,2.2,2.2,3.2,62.5,3.6,1.6,1.2,0.8,0.2,2,0.6,1.4,35.2,36.743,11.2,31.818,2.4,21.429,0.8,35.714,42.857,4.4,1,0.4,0,1.8,22.222,5,1,0.8,2,0.4,1.2,10,50,4.8,21.622,1,10,4.236,-0.836,8,4.79,-0.665,2,2.02,-1.52,0,0,,0,2.2,19,9.2,1.6
Caleb Serong,Fremantle,24,24.89,Midfielder,5,18.12,110.8,91.8,21,4.2,3,82.8,14.2,12.2,26.4,67.424,49.296,88.525,62.791,6,43.333,53.788,6.6,1.2,4.6,5.739,5.8,4.552,534.8,20.258,251.656,786.456,501.806,222.878,36.898,11.05,0.906,25.323,-4.011,41.197,-6.771,15.6,11.4,27,57.778,3.2,10.4,0.2,3.2,7.2,5,4.2,3.4,1.6,9.8,-6.617,3,12.6,10.4,1,23.8,83.217,4.8,20.168,3.8,8.6,10,84,1,0.4,0,0.6,0.2,1.2,0.8,0.4,0,0,0,,0,,0,,,5.4,0.4,0.2,100,0,,1,0.2,0.2,0.6,0.4,1,4.4,33.333,5.4,24.324,2.4,3,2.154,0.179,1,1.425,-1.425,2,2.519,0.981,0,0,,0.4,1,26.4,13.2,0.2
Isaiah Dudley,Fremantle,22,22.67,Gen. Forward,3,4.133,33.333,26,0,0,0,58.333,2,3,5,86.667,83.333,88.889,86.667,0.333,100,40,0.333,0.333,1.667,3,1,5,81.333,16.267,74.527,155.86,76.6,64.113,38.3,7.89,2.63,39.53,60.47,44.57,55.43,1.667,4,5.667,29.412,0,1,1,0,1,1.667,1,0,0,2.667,27.812,0.333,0.667,1.333,3.333,0,0,0,,0,0,0,,0.667,0,0.667,0,0.333,0.333,0.667,-0.333,0,0,0,,0,,0,,,1.333,0.333,0,,1,0,4,1.333,0.333,1.667,0.667,1,12.667,80,3.333,15.385,0,5,3.606,1.394,3,3.453,2.547,2,3.836,-0.336,0,0,,0,1,7.667,0.333,0.333
Josh Treacy,Fremantle,23,23.4,Key Forward,5,15.18,91.6,76.4,5,1,1,92.2,9.2,3.6,12.8,68.75,69.565,66.667,60.317,3.2,31.25,71.875,3.8,0.2,2.8,4.571,3.4,3.765,330.4,25.812,49.374,379.774,355.858,169.31,38.68,10.52,2.922,27.393,-10.151,46.764,-8.833,6.8,6.8,13.6,50,1.8,3,1.4,0.8,2.2,6.8,3,0,0.8,2.4,24.534,0.4,3.4,4.6,5.2,0.2,0.699,0,0,0,0,0,,5.8,2.4,2.2,0.4,1.6,1.2,0.6,0.6,0.4,0.418,0.2,50,0.2,100,0,100,100,2.4,0.6,0.2,0,3.4,47.059,12,2.4,0.6,3.2,0.6,1.2,19.2,75,5.6,25.225,0.4,16,3.371,1.316,12,3.536,1.131,4,2.876,1.874,0,0,,0,1.4,11.2,3,1
Nathan O'Driscoll,Fremantle,23,23.62,Midfielder,4,4.575,36.75,37.25,0,0,0,81.5,5.25,4.5,9.75,66.667,57.143,77.778,61.538,1.5,33.333,53.846,2,1,2,4.875,2.25,4.333,172,17.641,84.875,256.875,151.435,78.722,28.845,19.892,4.421,23.094,-12.568,46.127,-9.285,3.25,6.25,9.5,34.211,2,3.25,0.25,1,2.25,2.5,2.5,0,0.75,3.75,2.677,1,4,3.5,1,1,3.704,0,0,0.75,0.75,0.5,100,1.5,0,0,0.25,0,0,0.75,-0.75,0,0,0,,0,,0,,,2.5,0.25,0,,0,,0,0,0.25,0.5,0,0,0.25,0,1.75,8.333,0.5,2,2.754,-2.254,0,,,2,2.754,-2.254,0,0,,0,1,14,7,0.5
Heath Chapman,Fremantle,23,23.91,Gen. Defender,5,6.2,52.8,47,0,0,0,83.2,6.8,4,10.8,85.185,79.412,95,72.222,1.6,62.5,62.963,1.8,2.4,0.8,13.5,2.4,4.5,225,20.833,129.532,354.532,199.604,128.374,29.354,16.394,4.098,21.778,3.222,57.286,-1.036,2,9,11,18.182,2.4,1,0,0.4,0.6,1.8,0.8,0,0,5.4,-27.061,4.2,3.8,3,0,0,0,0,,0,0,0,,4,0.6,0,1,0,0.4,0.6,-0.2,0,0,0,,0,,0,,,2,0,0.2,0,0,,0,0,0,0,0.4,0.8,2.8,,2.2,9.91,0.8,0,,,0,,,0,,,0.2,1.923,100,0.2,1.8,9.2,7,1.2
Patrick Voss,Fremantle,22,22.5,Key Forward,5,10.8,60.8,48.6,0,0,0,84.6,5.8,3.4,9.2,80.435,75.862,88.235,73.913,1.4,42.857,63.043,2.2,0,3.2,2.875,3,3.067,208.6,22.674,76.654,285.254,207.696,141.16,35.81,7.268,2.138,28.378,2.392,39.748,-1.287,4.4,5.2,9.6,45.833,0.8,2.6,1.4,0.8,1.8,4.2,2.4,0,1,1.4,38.056,0,1.4,3.8,4.4,0,0,0,,0,0,0.2,0,3.4,1.2,1.6,0,0.8,0.8,1.8,-1,0,0,0,,0,,0,,,1,0.4,0,,1.8,22.222,12,2.4,0.4,3.2,0.2,0.6,16.4,75,4.8,21.622,0.4,16,3.814,0.811,9,4.423,0.465,7,3.03,1.256,0,0,,0.6,1.2,7,1.4,1
Neil Erasmus,Fremantle,22,22.07,Midfielder,5,12.56,88.2,71.4,0,0,0,71.8,8.4,11,19.4,78.351,64.286,89.091,79.381,1.4,71.429,43.299,1.4,1.2,1.4,13.857,2,9.7,222.2,11.454,208.984,431.184,223.388,126.054,27.242,0.718,0.065,23.091,3.38,55.609,0.274,9,10.6,19.6,45.918,4.6,7.2,1,2.4,4.8,4.6,3.8,0.6,1,6,-9.975,4,8,5.6,2,2.4,8.392,0.8,33.333,3,3.8,3.4,100,2.8,0,0,0.6,0,1.2,0.2,1,0,0,0,,0,,0,,,3.2,0,0.2,100,0,,2,0.4,0,1,0.2,0.2,3.6,40,4.8,21.622,1.8,5,2.478,-0.078,0,,,5,2.478,-0.078,0,0,,0,0.8,14.8,9.4,0
Jye Amiss,Fremantle,22,22.41,Key Forward,5,5.38,44.6,36.4,2,0.4,1,80.6,4.6,1,5.6,64.286,60.87,80,60.714,0.8,25,82.143,1,0.2,1.4,4,1.2,4.667,91.6,16.357,24.786,116.386,126.438,46.874,27.487,-4.45,-4.45,30.375,-13.708,58.152,-8.152,2.4,3.6,6,40,0.6,1,0.4,0.2,0.8,2.2,0.8,0,0.4,0.8,36.904,0.2,0.8,2,3,0,0,0.2,,0,0.2,0,,3.2,0.4,1.8,0,1.8,0.6,0.6,0,0,0,0,,0,,0,,,0.8,0.4,0,,1.2,16.667,7,1.4,0.6,2.2,0.2,0.2,10.2,63.636,2.6,11.712,0,11,3.394,0.697,9,3.227,0.44,2,4.146,1.854,0,0,,0,1.2,3.8,0.6,0.8
Karl Worner,Fremantle,23,23.54,Gen. Defender,5,5.04,63.4,60,0,0,0,84.6,7.8,6,13.8,82.609,76.923,90,69.565,0.6,33.333,56.522,0.8,3.6,2.2,6.273,3.8,3.632,313.4,22.71,154.498,467.898,256.678,141.85,32.907,19.718,3.286,17.022,-8.689,52.566,-5.344,2.6,11.2,13.8,18.841,3.8,2,0,0.2,1.8,2.2,1.6,0,0.8,6.4,-32.911,5.4,6.4,1.8,0.2,0,0,0,,0.2,0.2,0.2,100,4.2,0.2,0.2,1.4,0.2,0.6,0.6,0,0,0,0,,0,,0,,,3.2,0,1.2,33.333,0,,0,0,0.4,0.6,0.2,0.2,1.6,0,1.4,6.306,0.2,3,3.913,-3.246,2,4.562,-3.562,1,2.614,-2.614,0.4,3.846,100,0.4,3,9.4,7.2,2.8
Murphy Reid,Fremantle,19,19.42,Gen. Forward,5,8.84,67.8,52.4,0,0,0,80.4,7.2,8,15.2,64.474,52.778,75,71.053,3.2,68.75,47.368,4,0,1.8,8.444,2.2,6.909,198.8,13.079,178.546,377.346,194.918,128.096,27.072,-8.66,-1.082,37.116,8.339,53.183,10.453,7,8.2,15.2,46.053,1.4,6,1.6,1,5,6.2,5.4,0.2,3.2,5.6,22.025,0.4,3,7.4,4.4,0,0,0,,0.8,0.8,0.6,100,1.2,0,0.4,0,0.2,0.8,0.6,0.2,0,0,0,,0,,0,,,1,0.2,0,,0.8,0,6,1.2,1,2.4,0.8,1.6,13.8,50,5.2,23.423,0,12,3.146,0.271,4,3.616,-0.116,8,2.911,0.464,0,0,,0.6,0.2,13.4,2.8,0
Jaeger O'Meara,Fremantle,31,31.85,Midfielder,5,5.74,52,52.6,1,0.2,1,80.6,8.2,6.4,14.6,64.384,51.22,81.25,53.425,3.2,25,56.164,3.2,1,4.2,3.476,4.4,3.318,253.2,17.342,105.548,358.748,254.004,62.182,30.976,-5.108,-0.798,24.251,-14.251,43.081,-18.081,6.2,9.8,16,38.75,3,5.2,0,1.4,3.8,2.8,2.6,0.6,1,7.2,-9.718,2.8,5.8,7,0.4,7.4,25.874,0.8,10.811,1.8,2.6,3,80,2,0,0,0.4,0.4,0.2,1.6,-1.4,0,0,0,,0,,0,,,3.4,0,0.2,0,0,,0,0,0.2,0.2,0.2,0.2,1.4,0,2.4,10.811,1.2,1,3.426,-2.426,0,,,1,3.426,-2.426,0,0,,0,1,14,8.6,0.4
Sam Switkowski,Fremantle,29,29.11,Gen. Forward,4,7.15,59.25,52,0,0,0,77.75,6.25,6,12.25,59.184,36,83.333,69.388,1.25,80,51.02,2,0,2,6.125,2.25,5.444,179.25,14.633,201.825,381.075,144.575,97.02,23.132,25.535,4.256,31.849,1.485,52.449,-5.783,5,6.75,11.75,42.553,1.75,2.75,1.5,0.25,2.5,3.5,2,0.5,1,5.25,20.567,0.25,3,4.25,4.25,0.25,0.862,0.5,100,1,1.5,1,75,1.5,0.25,0.25,0,0.25,1,0.5,0.5,0,0,0,,0,,0,,,3.75,1.5,0,,0.5,0,1,0.25,0.75,1.25,1.5,2.25,12,20,5,21.739,0.75,5,3.126,-1.326,2,3.143,0.357,3,3.115,-2.448,0,0,,0,1.75,19,5.75,0.5
Oscar McDonald,Fremantle,29,29.78,Key Defender,1,13.3,88,63,0,0,0,92,7,5,12,83.333,100,60,83.333,0,,58.333,1,4,2,6,0,,222,18.5,78.99,300.99,199.96,220.38,28.566,-3.53,-0.706,11.63,-11.63,55.757,27.577,6,6,12,50,8,5,0,1,4,5,4,0,1,1,-38.964,7,2,3,0,0,0,0,,2,2,0,,4,0,0,4,0,1,1,0,0,0,0,,0,,0,,,4,0,2,0,0,,1,1,0,1,0,0,6,100,1,5.263,1,1,4.882,1.118,1,4.882,1.118,0,,,0,0,,0,7,10,8,7
Shai Bolton,Fremantle,27,27.06,Mid-Forward,5,8.86,69.2,63,5,1,2,83.2,7.6,8,15.6,57.692,39.474,75,60.256,1.4,71.429,48.718,1.6,0.4,3.8,4.105,4,3.9,220.2,14.115,143.446,363.646,202.282,104.54,26.616,8.882,1.11,31.642,-6.642,50.36,-6.61,7.6,9,16.6,45.783,1.6,5.8,1.8,0.4,5.4,5,4.2,0.4,1.8,5.6,19.71,0.6,4.6,6,5.4,9,31.469,0.8,8.889,1.6,2.4,2.2,81.818,2.4,0.4,1,0,0.6,0.4,1.6,-1.2,0,0,0,,0,,0,,,3.6,1.8,0,,0,,5,1,1,3.6,0.6,0.8,10.8,27.778,6,27.027,1.4,18,3.092,-1.148,7,3.063,-1.777,11,3.111,-0.747,0,0,,1,1.6,13.6,4.2,0.4
Brennan Cox,Fremantle,27,27.38,Key Defender,5,8.56,53.2,39.4,3,0.6,1,87.6,5.4,3.2,8.6,81.395,81.481,81.25,74.419,0,,62.791,0,2.2,2,4.3,1.4,6.143,147.6,17.163,99.74,247.34,138.844,75.048,25.712,8.816,2.755,13.552,-5.859,62.817,6.414,2.8,6,8.8,31.818,4.4,1.8,0,0.8,1,2.6,1.6,0,0.2,2,-46.585,5.6,2.4,0.8,0,0,0,0,,0.2,0.2,0,,3.8,0.2,0,2,0,1,1.2,-0.2,0,0,0,,0,,0,,,2,0,2.8,28.571,0,,0,0,0,0,0,0,0,,0.8,3.604,0.4,0,,,0,,,0,,,0,0,,0,9,5.6,5,9
Sean Darcy,Fremantle,27,27.55,Ruck,5,9.86,79.6,69,0,0,0,66.8,6.6,4.6,11.2,62.5,51.515,78.261,60.714,2,50,58.929,2,0.4,3.6,3.111,2.8,4,210.8,18.821,92.886,303.686,209.096,103.378,31.681,0.696,0.151,25.407,-9.278,44.961,-12.703,7.6,4.6,12.2,62.295,1.4,3,0.2,0.6,2.4,2.6,1.4,0,0,2.6,-0.853,1.2,4.8,4.8,1.4,19.2,67.133,1.4,7.292,2.2,3.6,4.8,79.167,1.8,0.8,0.2,0.6,0,1.4,1.8,-0.4,60.2,62.839,24.8,41.196,7.8,31.452,2.2,44.355,40.323,3.4,0.6,0.2,0,0.6,100,0,0,0.2,0.2,0.4,0.4,2.6,0,2.4,10.811,1.8,1,4.563,-3.563,1,4.563,-3.563,0,,,0,0,,0,3,8.2,3.6,2.2
Bailey Banfield,Fremantle,27,27.84,Gen. Defender,5,7,68.6,60.2,0,0,0,75.2,10.6,4.8,15.4,67.532,60.377,83.333,58.442,1.2,33.333,68.831,1.2,3.8,3.8,4.053,4.6,3.348,259.6,16.857,138.222,397.822,268.366,82.128,25.804,-7.706,-1.605,18.106,-0.715,53.958,-8.306,5.6,9.2,14.8,37.838,6,4.8,0,1,3.8,4.8,4.4,0,2,5,-27.011,5.2,6.2,3,0.4,0,0,0,,0.4,0.4,0.2,0,4,0.2,0.2,0.8,0,0.6,1.4,-0.8,0,0,0,,0,,0,,,2.6,0,0.4,0,0,,0,0,0,0.2,0.4,0.4,2.4,0,2,9.009,0.4,1,2.915,-2.915,1,2.915,-2.915,0,,,0,0,,0.6,3.4,10.4,7.2,3
Luke Ryan,Fremantle,29,29.89,Gen. Defender,5,6.96,87.6,74.6,0,0,0,93.8,15,4,19,87.368,90.667,75,69.474,0.6,33.333,78.947,0.6,7.6,1.6,11.875,3.6,5.278,473.8,24.937,230.874,704.674,471.278,267.674,31.419,8.014,2.003,14.367,-3.408,62.084,-8.659,3,9.4,12.4,24.194,5,2.2,0,1,1.2,3,2.2,0,1,4,-31.678,5.6,4,2.8,0,0,0,0,,0,0,0,,5.2,0,0,1.4,0,0.6,0.6,0,0,0,0,,0,,0,,,1.8,0,2.2,0,0,,0,0,0,0,0,0,0,,2.4,10.811,1.8,0,,,0,,,0,,,6.6,63.462,100,0.4,4.6,6.8,6,3.8
Michael Frederick,Fremantle,25,25.62,Gen. Forward,5,6.72,51.4,54.8,1,0.2,1,82.4,8,4,12,63.333,52.5,85,56.667,2.2,45.455,66.667,3.4,0.6,1.6,7.5,2.8,4.286,261.8,21.817,115.91,377.71,234.938,98.544,29.367,-0.814,-0.204,32.194,-6.268,48.754,-0.606,3.2,8.8,12,26.667,0.8,2.8,1,0,2.8,2.6,2.4,0.2,1,4.2,23.37,1,1.8,5,4.2,0,0,0.2,,0.4,0.6,0.2,0,3,0,0.6,0,0.2,0.2,0.4,-0.2,0,0,0,,0,,0,,,2.2,0.8,0,,0.2,0,4,0.8,1.2,2.4,0.6,1,10,33.333,4.2,18.919,0.4,12,3.214,-0.714,3,2.381,-0.381,9,3.491,-0.825,0,0,,0.2,0.2,10.4,3.4,0.2
Lachie Schultz,Collingwood,28,28.08,Gen. Forward,5,7.68,77.2,75,0,0,0,81.6,9,6.2,15.2,68.421,64.444,74.194,67.105,2.2,63.636,59.211,2.8,0.2,2.8,5.429,2.4,6.333,231.6,15.237,193.102,424.702,256.292,126.304,28.477,-4.43,-0.715,31.54,7.17,52.114,9.176,4.4,10.6,15,29.333,1.6,3.2,1,1,2.2,2,1.2,0.2,0.4,2.8,17.061,0.4,4.4,5.8,4.4,0,0,0,,1.2,1.2,2,50,5.8,0,2.2,0.2,1.8,1.2,0.8,0.4,0,0,0,,0,,0,,,3.4,1.4,0,,0.6,0,4,0.8,1,2.2,1.4,2,14.8,36.364,5.2,26.263,1,11,3.224,-0.588,8,3.171,-0.421,3,3.367,-1.034,0,0,,0,0.8,17,6.6,0.4
Patrick Lipinski,Collingwood,27,27.45,Mid-Forward,5,7.8,62.2,56.8,0,0,0,81,7.4,7.2,14.6,71.233,64.865,77.778,65.753,1.8,55.556,50.685,2.4,1,2,7.3,2.2,6.636,230.6,15.795,174.178,404.778,205.89,112.48,27.823,14.54,2.019,33.036,-0.893,52.266,8.449,6.4,8.4,14.8,43.243,2,5,1.6,1.2,3.8,4.6,4.2,0.2,1.2,4.2,14.356,1.4,3.4,6.4,3.6,0,0,0.4,,0.4,0.8,1,0,3.2,0.2,0.8,0.2,0.2,0.8,0.6,0.2,0,0,0,,0,,0,,,1.8,0.8,0,,0.6,33.333,3,0.6,0.8,1.6,0.2,0.4,5.8,37.5,3.6,18.182,0.8,8,3.672,-0.922,4,3.932,-0.432,4,3.411,-1.411,0,0,,0,0.6,12.4,3.6,0.2
Josh Daicos,Collingwood,27,27.09,Gen. Defender,5,9.58,80.2,80.4,0,0,0,86.8,14.6,7,21.6,70.37,69.863,71.429,61.111,3.2,31.25,67.593,3.8,5.2,3.4,6.353,5.8,3.724,522.6,24.194,213.178,735.778,463.75,250.232,32.205,31.566,4.509,20.395,-9.128,52.483,-6.005,6.6,12.4,19,34.737,3.8,4.8,0,0.8,4,3.6,3.2,0.6,1.2,7,-17.851,4.8,8.2,5.6,0.4,3.4,13.492,1.2,35.294,1,2.2,1.6,87.5,4.2,0.4,0.2,0.6,0,0.6,0.4,0.2,0,0,0,,0,,0,,,2.6,0,0.4,50,0,,0,0,0.2,0.2,0.2,0.4,1.6,0,2.4,12.121,0.8,1,3.443,-2.443,1,3.443,-2.443,0,,,2.6,34.211,92.308,0,0.6,10.6,6,0.2
Isaac Quaynor,Collingwood,25,25.95,Gen. Defender,5,8.58,69.6,59,4,0.8,1,82.4,9,4.8,13.8,86.957,84.444,91.667,72.464,1,40,65.217,1.4,3.4,1.2,11.5,2.6,5.308,317.8,23.029,224.22,542.02,261.882,178.828,29.098,33.924,7.068,20.437,-6.483,60.024,-1.884,3,10,13,23.077,4.6,2.4,0,0.6,1.8,2.6,2,0,0.6,5.2,-27.748,4.4,5.8,2.8,0,0,0,0,,0.4,0.4,0.4,100,4.8,0.6,0,1.8,0.2,0.6,0.2,0.4,0,0,0,,0,,0,,,2,0.2,0.2,100,0,,0,0,0,0.2,0.2,0.4,1.4,0,2.6,13.131,1,1,1.815,-1.815,1,1.815,-1.815,0,,,0.2,2.632,100,0.4,2.6,10.8,7.2,2.2
Ned Long,Collingwood,22,22.9,Midfielder,5,9.06,76.2,72,0,0,0,73.4,7.6,9.4,17,61.176,57.895,63.83,62.353,2.6,46.154,44.706,3,1.2,3.2,5.312,3.6,4.722,247,14.529,255.528,502.528,210.218,105.516,27.66,30.228,3.216,33.981,2.019,52.928,-4.928,7.4,8.8,16.2,45.679,1.4,5.2,1.4,1,4.2,2.4,1.6,0.8,1.4,5.6,0.873,2,6,5.8,2.4,10.8,42.857,0.6,5.556,2.8,3.4,4.8,75,2.8,0,0.4,0.2,0,1,1.4,-0.4,0,0,0,,0,,0,,,6,1,0,,0.4,50,1,0.2,0,0.4,0.8,1.2,6.4,50,3,15.152,1,2,2.56,0.44,0,,,2,2.56,0.44,0,0,,0,1.2,18.8,8.6,0.6
Nick Daicos,Collingwood,22,22.99,Midfielder,5,16.48,112.8,96.6,14,2.8,3,85.4,15,11.2,26.2,74.046,69.333,80.357,67.939,5.6,39.286,57.252,6,1.8,4.8,5.458,5.4,4.852,466.2,17.794,274.962,741.162,433.858,216.632,28.924,14.822,1.323,28.834,-0.263,50.571,0.223,10.6,14.6,25.2,42.063,1.8,7.6,1.8,2.6,5,2.4,2.2,2,0.8,8.8,2.436,2.4,8.8,10.8,3.2,18.2,72.222,2.4,13.187,3.2,5.6,6.6,69.697,3.2,0,0.2,0.2,0.8,1.6,2.2,-0.6,0,0,0,,0,,0,,,5.4,1.4,0,,0,,2,0.4,0.6,1,0.6,1,7,40,5.4,27.273,1.4,5,2.26,0.74,1,2.205,-1.205,4,2.274,1.226,0.2,2.632,100,1.2,0.2,21.4,10,0
Scott Pendlebury,Collingwood,37,37.98,Midfielder,5,10.56,79,68.6,5,1,2,60.6,10.8,8.2,19,75.789,66.667,87.805,74.737,2.2,45.455,56.842,2.6,1.8,1.2,15.833,2.8,6.786,258,13.579,319.346,577.346,223.498,142.312,20.694,24.882,3.034,26.081,-9.06,63.546,-1.844,6.2,11.2,17.4,35.632,2.6,3.6,0.4,0.2,3.4,2.4,1.8,1.2,0.4,8,-8.992,3.2,6.8,6.4,1,12.6,50,2,15.873,1.6,3.6,3.8,73.684,2.8,0,0,0.4,0.2,0.8,0.2,0.6,0,0,0,,0,,0,,,2.8,0.4,0,,0,,0,0,0,0.2,0.6,1.4,4.4,0,4.4,22.222,1,1,2.202,-2.202,0,,,1,2.202,-2.202,1.2,15.789,66.667,0,1.6,11.2,6,0.6
Steele Sidebottom,Collingwood,34,34.99,Midfielder,5,9.04,73.4,71,3,0.6,1,83.8,11.6,6,17.6,64.773,65.517,63.333,55.682,2.2,27.273,65.909,2.4,1.6,4,4.4,4.4,4,370.4,21.045,159.038,529.438,345.008,140.558,29.742,18.184,3.031,23.209,-9.876,47.073,1.816,5.2,11.8,17,30.588,4.2,4.6,0.8,1.2,3.4,3.2,3,0.2,1.8,6.6,-0.697,2.4,6.6,5.2,2.8,4.4,17.46,0.4,9.091,1.2,1.6,1.2,83.333,5,0,0.8,1.6,0.2,0.2,1.2,-1,0,0,0,,0,,0,,,1.8,0.2,0,,0,,4,0.8,0.6,1.8,0.8,1,10.4,44.444,3.8,19.192,1,9,2.935,0.065,5,3.31,-0.51,4,2.466,0.784,0,0,,0,1.6,15,7.4,0.6
Jeremy Howe,Collingwood,35,35.5,Gen. Defender,3,3.633,26.333,21,0,0,0,37.333,4.667,1.333,6,77.778,71.429,100,83.333,0,,77.778,0,1.667,1.333,4.5,0.667,9,90.333,15.056,95.05,185.383,100.407,56.03,21.516,-5.147,-3.86,14.094,0.191,70.683,-13.54,1.333,3.667,5,26.667,2.667,1,0,0.333,0.667,1.333,1,0,0.667,1.333,-40.002,3,1.667,0.333,0,0,0,0,,0,0,0,,2,0,0,1,0.333,0.333,0.667,-0.333,0,0,0,,0,,0,,,0,0,1,33.333,0,,0,0,0,0,0,0,0,,0.333,1.695,0.333,0,,,0,,,0,,,1,11.538,100,0,2.333,2,2,2
Will Hoskin-Elliott,Collingwood,32,32.32,Gen. Forward,1,2.2,25,13,0,0,0,66,2,2,4,100,100,100,75,1,0,50,1,0,1,4,1,4,66,16.5,76.97,142.97,69.68,-0.92,34.84,-3.35,-1.675,24.9,-24.9,67.815,-17.815,0,4,4,0,0,0,0,0,0,0,0,0,0,2,16.427,0,1,2,1,0,0,0,,0,0,0,,2,0,0,0,1,0,1,-1,0,0,0,,0,,0,,,0,0,0,,0,,0,0,0,0,1,1,6,,1,6.25,0,0,,,0,,,0,,,0,0,,0,1,12,0,0
Brody Mihocek,Melbourne,32,32.9,Key Forward,5,3.2,49.8,43.4,0,0,0,81,6.2,2.8,9,55.556,45.161,78.571,53.333,1.2,50,68.889,1.6,0,2.8,3.214,2.6,3.462,192.4,21.378,66.642,259.042,195.83,79.27,31.585,14.066,5.024,38.586,8.472,48.992,3.949,3.8,5.4,9.2,41.304,1,2.4,1.6,1.4,1,3.8,2.4,0,0.4,1,35.362,0,1.2,3,5,0,0,0,,0,0,0,,2.6,0,1.4,0.2,1.6,1.4,1.4,0,2.4,2.57,0.2,8.333,0,0,0,0,0,2.2,1.2,0.2,100,2.6,23.077,3,0.6,1.6,2.8,0.6,1,9.2,21.429,4.2,21.212,0.2,14,2.884,-1.027,8,2.965,-0.84,6,2.776,-1.276,0,0,,0,1.2,8.4,1.4,0.6
Tom Mitchell,Collingwood,32,32.58,Midfielder,1,11,78,73,0,0,0,74,7,11,18,94.444,100,90.909,94.444,2,100,38.889,3,1,2,9,0,,141,7.833,307.81,448.81,135.02,150.3,19.289,20.16,1.833,30.063,12.794,70.169,15.546,7,12,19,36.842,2,4,0,0,4,3,3,1,1,6,-4.753,3,4,12,0,13,48.148,2,15.385,0,2,4,75,5,0,0,1,0,2,1,1,0,0,0,,0,,0,,,4,0,0,,0,,0,0,0,0,0,0,0,,4,25,2,0,,,0,,,0,,,0,0,,0,0,22,7,0
Jamie Elliott,Collingwood,33,33.36,Gen. Forward,5,8.46,72.6,72.8,4,0.8,2,86.8,8.4,3.2,11.6,62.069,59.524,68.75,62.069,2,20,72.414,2.8,0,2.2,5.273,2.8,4.143,186.2,16.052,101.644,287.844,203.368,79.574,24.21,0.968,0.303,39.255,-24.255,67.686,-17.685,3.8,7.8,11.6,32.759,0.2,1.4,1,0.2,1.2,2.8,0.8,0.2,0.4,1.6,39.335,0,1.2,5.2,5.2,0,0,0,,0.8,0.8,0.6,100,5.6,1.2,2.4,0,1.4,0.8,0.8,0,0,0,0,,0,,0,,,2.6,2,0,,1,0,12,2.4,1.2,3.8,0.2,0.6,17.2,63.158,4.6,23.232,0.2,19,3.453,0.652,11,3.669,1.422,8,3.157,-0.407,0,0,,0,0.4,12,1.2,0.2
Jack Crisp,Collingwood,32,32.24,Midfielder,5,9.9,89,89.4,0,0,0,81.2,10.8,9.8,20.6,59.223,57.407,61.224,54.369,3.4,29.412,52.427,3.6,1.4,5.2,3.962,6,3.433,353,17.136,143.482,496.482,278.296,127.596,26.254,34.904,3.562,26.78,-9.388,48.617,-7.313,8.4,12.8,21.2,39.623,2.8,5.8,0.8,1.8,4,4.8,3.4,0.8,1.4,7.4,3.723,3,6.4,8.2,3.6,5.4,21.429,0.6,11.111,2.6,3.2,3,93.333,3.8,0.2,0.8,0.6,0.4,0.8,1.8,-1,0,0,0,,0,,0,,,7,2.6,0,,0,,2,0.4,0.2,1,0,0.2,2.8,40,3,15.152,1.6,5,2.992,-0.392,4,2.853,0.147,1,3.549,-2.549,0,0,,0,1.8,21,7.4,0.4
Tim Membrey,Collingwood,31,31.6,Key Forward,5,2.96,46.2,46.6,0,0,0,81.6,5,3.6,8.6,58.14,52,66.667,60.465,1.2,33.333,58.14,1.4,0,1.4,6.143,1.8,4.778,138,16.047,53.472,191.472,143.72,69.73,28.744,-3.408,-0.947,36.535,-15.106,58.865,-8.865,2.8,6.2,9,31.111,0.8,1.8,0.6,0.8,1,2.8,1.8,0,0,1.6,30.414,0,2,3.4,3.6,0,0,0,,0,0,0,,3.8,0,1.8,0.2,1.4,0.6,0,0.6,1,1.071,0.2,20,0.2,100,0,100,100,1.4,0.8,0,,2.8,7.143,5,1,0.6,2,0,0,6.6,50,3.2,16.162,0.4,10,3.373,-0.073,9,3.394,0.273,1,3.184,-3.184,0,0,,0,2,7.6,1.6,1.6
Daniel McStay,Collingwood,30,30.52,Key Forward,3,5.433,57.667,48.333,0,0,0,76.333,5.667,4.333,10,66.667,58.824,76.923,60,1.667,0,56.667,1.667,0.333,1.333,7.5,2,5,181.667,18.167,73.253,254.92,179.633,83.17,31.7,1.55,0.358,28.192,-19.858,48.914,9.419,4,6,10,40,1,3,1.667,1,2,3.333,2.333,0,0.667,3,13.634,1.333,2.333,3.333,3,3.667,15.068,0,0,0,0,0.667,50,2.667,0.333,0.667,0,1,0.667,0.333,0.333,17.333,19.048,2.667,15.385,0.667,25,0,37.5,25,2.333,0.667,0.333,100,1,33.333,1,0.333,1,1.667,0,0,3,20,2.667,13.559,0,5,2.747,-0.947,2,3.366,-0.366,3,2.334,-1.334,0,0,,0.667,2,9.667,2.667,2
Darcy Moore,Collingwood,29,29.93,Key Defender,5,10,68.4,50.4,10,2,1,91.8,5.8,5.2,11,83.636,82.759,84.615,70.909,0.2,0,52.727,0.2,2.8,1.8,6.111,1.8,6.111,158.2,14.382,148.908,307.108,145.528,77.056,25.091,8.9,1.712,20.56,-9.846,64.009,-3.295,4.2,6.2,10.4,40.385,7.8,2.4,0,0.6,1.8,4.2,2.4,0,0.4,0.8,-29.91,3.8,4.8,1.8,0,0,0,0,,0,0,0,,5.6,1.4,0,3.6,0.2,0.2,0.8,-0.6,0,0,0,,0,,0,,,2,0,2.6,38.462,0,,0,0,0,0,0,0,0,,1.2,6.061,0.4,0,,,0,,,0,,,0.2,2.632,100,0.2,6.4,5.4,5.4,5.6
Darcy Cameron,Collingwood,30,30.45,Ruck,5,12.82,102.6,95.6,10,2,1,82,10,6.8,16.8,61.905,58,67.647,66.667,1.2,66.667,59.524,2,1.4,3.8,4.421,2,8.4,191.4,11.393,220.088,411.488,197.118,96.76,20.114,3.66,0.538,23.63,-6.963,61.397,-3.064,8,7.2,15.2,52.632,3.8,2.8,0,1,1.8,2.8,1,0,0.2,3.2,-14.428,3,7.2,4.6,0.4,20.6,81.746,0.6,2.913,2.6,3.2,6.4,65.625,4.8,1.4,0.4,2.8,0.2,1.8,1.6,0.2,71.4,76.445,27.8,38.936,8.2,29.496,2,49.64,41.007,2.6,0.2,0.6,0,1,20,2,0.4,0,0.4,0,0.4,2.8,100,3.4,17.172,2.2,2,3.033,2.967,1,3.632,2.368,1,2.434,3.566,0,0,,0,2.6,8,4.6,2.4
Billy Frampton,Collingwood,29,29.11,Key Defender,5,9.04,64.8,48.8,0,0,0,92.8,7.2,4.2,11.4,82.456,83.333,80.952,68.421,0.8,75,63.158,0.8,2.6,2.8,4.071,2.4,4.75,185.6,16.281,158.502,344.102,165.93,63.24,23.046,0.094,0.022,18.216,-4.327,64.728,-6.395,4.6,6.6,11.2,41.071,7.4,2.2,0,0.2,2,4.6,2.2,0,0.6,1.8,-38.147,5.8,3.2,2.2,0,0,0,0,,0,0,0,,5,1.2,0,2.8,0,1.4,0.8,0.6,0,0,0,,0,,0,,,1.2,0,1.4,42.857,0,,0,0,0,0,0,0,0,,0.6,3.03,0.2,0,,,0,,,0,,,0,0,,0.2,6.2,4.4,3.6,5
Brayden Maynard,Collingwood,29,29.27,Gen. Defender,5,11.24,81.8,70.8,0,0,0,84.8,12,5.6,17.6,86.364,85,89.286,75.862,1.4,42.857,68.182,1.6,4.8,2.2,8,2.6,6.769,417.8,23.739,206.818,624.618,382.06,268.258,31.838,23.732,4.238,18.9,-2.829,55.678,6.822,4.4,11.8,16.2,27.16,5.6,3.2,0,0.6,2.6,4,2.8,0,1.2,5.6,-31.544,6.4,6.4,3.4,0,0,0,0,,0.2,0.2,0.2,100,5.4,0.4,0,1.6,0,1,1.2,-0.2,0,0,0,,0,,0,,,2.2,0,1.2,0,0,,1,0.2,0,0.2,0,0.4,1.6,100,2.2,11.111,0.6,1,2.625,3.375,0,,,1,2.625,3.375,1,13.158,80,0.2,2.8,8.8,6.2,2.4
Jordan De Goey,Collingwood,29,29.79,Mid-Forward,5,9.62,74.4,64.6,15,3,2,79.4,9.6,9.4,19,65.263,50,80.851,64.211,3.2,37.5,50.526,4,1,3.6,5.278,3.6,5.278,312.6,16.453,189.47,502.07,264.896,136.7,28.18,16.61,1.767,27.557,-5.682,49.469,0.531,8.2,11.2,19.4,42.268,1.2,5,0.4,1,4,2.2,1.4,1.6,1,7.6,4.555,2,6.2,9,2.2,13.4,53.175,1.6,11.94,2.6,4.2,5.4,74.074,2.4,0.2,0.4,0,0,0.6,1.6,-1,0,0,0,,0,,0,,,2.4,0,0,,0,,3,0.6,0.8,1.6,0.6,1.4,8.8,37.5,5,25.253,1.4,8,2.593,0.157,3,2.314,-1.648,5,2.76,1.24,0,0,,0,1.4,13.6,5.8,0.2
Dan Houston,Collingwood,28,28.63,Gen. Defender,5,8.6,72.2,67,0,0,0,85.6,12,6,18,72.222,66.667,83.333,74.444,2.2,72.727,66.667,3,2.4,3.2,5.625,2.4,7.5,319.2,17.733,178.68,497.88,294.548,213.174,24.546,12.13,2.022,22.705,-3.097,59.24,11.348,5.4,11.4,16.8,32.143,4,4.2,0.4,0.6,3.6,3.4,3.2,0.6,1.4,7.2,-7.558,3.6,4.6,7.2,1.4,0,0,0.2,,1,1.2,1.4,57.143,3.2,0,0.2,1,0,0.4,0.6,-0.2,0,0,0,,0,,0,,,2,0.2,0.2,0,0,,2,0.4,0.4,0.8,0,0,2.8,50,2.4,12.121,0.8,4,2.105,1.395,1,2.676,3.324,3,1.915,0.751,1.6,21.053,100,0,1.6,11.6,5.8,1.2
Harry Perryman,Collingwood,27,27.03,Gen. Defender,5,7.62,69.2,62.2,0,0,0,84,10.2,4.2,14.4,70.833,68.627,76.19,56.944,2,20,70.833,2,1.8,2,7.2,3,4.8,312.8,21.722,112.492,425.292,282.522,114.624,27.698,17.322,4.124,21.785,-9.785,56.613,-10.613,6,9.4,15.4,38.961,6.2,5,0,1.8,3.2,4.6,3.6,0,0.6,3.6,-22.763,4.4,7,3.8,0.2,0,0,0,,0.6,0.6,0.4,50,5.2,0.2,0.2,1.8,0,0.6,0.4,0.2,0,0,0,,0,,0,,,2,0,0.6,0,0,,0,0,0.2,0.2,0.2,0.2,1.4,0,2.2,11.111,0.6,1,2.611,-1.611,0,,,1,2.611,-1.611,0,0,,0,1.4,11,7.6,1.2
Jye Menzie,Essendon,23,23.17,Gen. Forward,4,3.225,39.5,46,0,0,0,68.5,4.5,3,7.5,66.667,50,91.667,63.333,0.75,33.333,60,1,0.25,1.25,6,1.5,5,136.5,18.2,58.67,195.17,138.972,51.842,30.883,11.102,3.701,23.269,-12.158,46.492,-13.159,2.5,5.5,8,31.25,0.75,2,1.25,0.25,1.75,2.25,2,0,1.25,1.5,26.559,0.75,1.75,2,3.5,0,0,0,,0.25,0.25,0.25,100,3.25,0,1.5,0,0.25,0.5,0.25,0.25,0,0,0,,0,,0,,,2.5,1.75,0,,0,,4,1,1,2.25,0.25,0.25,8.5,44.444,3.5,20.29,0.5,9,4.331,-1.22,8,4.324,-1.574,1,4.386,1.614,0,0,,0,0.25,11,3.75,0
Nat Fyfe,Fremantle,34,34.28,Midfielder,4,2.875,20.5,16.75,0,0,0,19.25,2.25,3,5.25,85.714,77.778,91.667,80.952,1,25,42.857,1.5,0.25,1,5.25,1,5.25,89.25,17,95.562,184.812,67.47,46.948,29.987,14.763,4.921,25.367,-3.144,52.832,2.723,2.25,3,5.25,42.857,1,1.5,0,0.25,1.25,1,0.5,0.25,0.25,2.25,-7.125,0.5,2.75,2,0,4.75,16.522,0.75,15.789,0.25,1,0.75,66.667,0.75,0.25,0,0.25,0,0.25,0.5,-0.25,0,0,0,,0,,0,,,0.75,0,0,,0,,0,0,0,0,0,0,0,,1.25,5.435,0.75,0,,,0,,,0,,,0,0,,0,0.25,2.75,1.75,0
Alex Pearce,Fremantle,30,30.56,Key Defender,4,9.4,74.75,44.75,3,0.75,1,83.5,5.75,5,10.75,81.395,82.609,80,79.07,0.25,100,53.488,0.5,2,1.75,6.143,1.5,7.167,118,10.977,161.74,279.74,122.3,70.67,21.27,15.008,3.002,18.735,9.836,69.653,-7.748,6.25,4.75,11,56.818,6.75,2.75,0,1.25,1.5,5.75,2.5,0,0.5,1.5,-31.874,5.25,3.5,2,0.25,0,0,0,,0.25,0.25,0,,5.25,2,0.25,3.25,0,1,1.25,-0.25,0,0,0,,0,,0,,,0.75,0,3,33.333,0.25,100,1,0.25,0,0.25,0.25,0.25,3,100,2.75,11.957,1.5,1,4.335,1.665,1,4.335,1.665,0,,,0,0,,0,6.25,4.5,4,5.25
Christian Moraes,Port Adelaide,19,19.14,Midfielder,3,5.8,44.667,41,0,0,0,47.333,4,6.667,10.667,78.125,58.333,90,84.375,1,100,37.5,2,0,1,10.667,1.333,8,85.667,8.031,118.15,203.817,77.217,52.213,19.304,7.777,1.167,29.196,8.304,59.873,15.127,4,7,11,36.364,0.333,3.333,1.333,0.333,3,2,2,0.667,1.333,5.333,18.948,1,2.333,4.333,3.333,0,0,0,,0.667,0.667,1.333,100,1.333,0,0.333,0,0,0,0,0,0,0,0,,0,,0,,,2.333,1.333,0,,0,,1,0.333,0.333,1,0.333,1,5,33.333,3.667,18.033,0.333,3,3.931,-1.598,1,3.032,-3.032,2,4.38,-0.88,0,0,,0,0,11.667,6.667,0
Willie Rioli,Port Adelaide,30,30.57,Gen. Forward,3,4.133,44,37.667,0,0,0,82.667,5.333,2.333,7.667,60.87,50,85.714,73.913,2.333,57.143,69.565,2.333,1,1.333,5.75,1.333,5.75,120,15.652,69.7,189.7,110.593,69.827,20.736,0.773,0.331,34.093,29.544,54.533,9.104,3.667,3.333,7,52.381,1.333,2.333,1.333,0.667,1.667,3,2,0,1.333,1.333,19.486,0.667,1.333,3,2,0,0,0,,0.667,0.667,0.667,100,1.667,0.333,0.333,0,0,0.667,0,0.667,0,0,0,,0,,0,,,1.667,1,0,,0,,2,0.667,0.667,1.333,0.667,0.667,8.667,50,3.333,16.393,1,4,4.409,-0.909,2,5.097,-1.597,2,3.721,-0.221,0,0,,0,2,7,2.333,0.667
Hudson O'Keeffe,Carlton,21,21.04,Key Forward,3,5.633,56.333,38.667,0,0,0,77.667,3.667,3.333,7,57.143,54.545,60,61.905,0.333,0,52.381,0.333,0,2.667,2.625,1.667,4.2,57.333,8.19,53.197,110.53,82.71,32.883,22.557,-6.1,-1.83,29.596,30.404,64.304,15.696,4.667,2.333,7,66.667,0.333,1.667,1,0.333,1.333,3,1,0,0.667,1.333,44.317,0,1.333,1.333,4.333,6,21.429,0,0,0.333,0.333,1.667,40,2,1.333,1,0,0,1,1.333,-0.333,21.333,24.242,8.667,40.625,3.667,42.308,0.667,57.692,57.692,0.667,0.333,0.333,100,2.667,25,3,1,0.667,1.667,0.333,0.667,9,60,4.333,18.056,2.333,5,4.258,-0.258,4,4.53,-1.03,1,3.172,2.828,0,0,,0,2.333,6,1,2
Billy Wilson,Carlton,20,20.54,Gen. Defender,3,7.867,58,57,0,0,0,75.667,8,5.667,13.667,85.366,83.333,88.235,82.927,1.667,20,58.537,2.333,1,1,13.667,1,13.667,256.333,18.756,145.6,401.933,208.397,126.277,26.05,23.63,4.17,23.035,1.965,69.404,1.429,3,10.667,13.667,21.951,4,2.333,0,0,2.333,3,2.333,0,1.667,5.333,-23.765,4,6.333,3,0.333,0,0,0,,0.333,0.333,0,,4.333,0,0,0.333,0,0.667,0,0.667,0,0,0,,0,,0,,,2,0,0,,0,,0,0,0,0,0,0,0,,3.667,15.278,1,0,,,0,,,0,,,0.667,6.061,50,0,1,12.667,7.667,0.667
Tom Lynch,Richmond,33,33.16,Key Forward,3,9.967,78.667,66.667,0,0,0,86.333,9.667,2.333,12,55.556,44.828,100,58.333,0.333,100,80.556,1,0,4.667,2.571,4,3,213,17.75,136.223,349.223,254.433,111.723,26.321,-2.163,-0.927,35.112,-4.342,55.249,-9.095,8.667,4.333,13,66.667,1,1.667,1.333,0.667,1,7,1.667,0,0.333,2,43.573,0,1.333,3.333,8.333,0,0,0,,1,1,1.667,80,4,2.667,2.333,0,0.667,2.667,1.667,1,7.333,7.666,0.333,4.545,0,0,1.333,0,0,1.667,1,0,,3.667,54.545,7,2.333,2.333,5.333,1,2,23.333,43.75,6.667,34.483,1.667,16,3.004,0.058,14,3.05,0.307,2,2.681,-1.681,0,0,,0,1.333,9,1,0.333
Tim Taranto,Richmond,27,27.92,Midfielder,3,8.8,79.333,80.667,0,0,0,83.333,8.667,14.333,23,60.87,34.615,76.744,62.319,3.333,30,37.681,3.333,0.667,3.667,6.273,5.333,4.312,307,13.348,155.46,462.46,281.713,78.493,33.806,1.943,0.136,24.386,-13.274,40.828,-18.606,10.667,11.333,22,48.485,2.667,8.667,0.667,2.333,6.333,3.667,3.667,1,1.333,8.667,-1.7,2,10.667,6.333,3,20.333,74.39,1.667,8.197,4,5.667,5.667,76.471,1.667,0,0.667,0.333,0,1,0.333,0.667,0,0,0,,0,,0,,,4.667,0.667,0,,0,,1,0.333,0.333,1.667,0.333,0.333,4.333,20,4.333,22.414,1.333,5,1.976,-0.576,3,1.836,0.497,2,2.185,-2.185,0,0,,0,0,15.333,6.333,0
Liam Henry,St Kilda,24,24.34,Gen. Forward,1,1.3,29,19,0,0,0,33,4,0,4,75,75,,75,3,66.667,100,3,0,0,,1,4,37,9.25,18.58,55.58,56.9,0.18,14.225,0,,43.685,6.315,64.415,10.585,1,3,4,25,1,0,0,0,0,1,0,0,0,0,25.833,0,0,4,0,0,0,0,,0,0,0,,2,0,0,0,1,1,0,1,0,0,0,,0,,0,,,0,0,0,,0,,0,0,0,0,0,0,0,,1,6.25,0,0,,,0,,,0,,,0,0,,0,1,3,0,0
Mattaes Phillipou,St Kilda,21,21.01,Gen. Forward,3,2.433,14.333,18.333,0,0,0,62.333,1.333,2,3.333,80,75,83.333,70,0,,40,0.333,0,1.333,2.5,1.333,2.5,66.333,19.9,31.997,98.33,56.077,31.19,42.058,7.067,3.533,12.085,-12.085,43.52,-43.52,0.333,3.333,3.667,9.091,0,0.333,0,0,0.333,0.333,0.333,0,0.333,1.333,21.016,0,0.667,1.667,1.333,0,0,0,,0,0,0,,0.667,0,0.333,0,0,0,0.333,-0.333,1,0.962,0,0,0,,0,,,1.333,1,0,,0.333,0,2,0.667,0,0.667,0,0,4,100,0.667,3.279,0,2,2.959,3.041,1,3.047,2.954,1,2.871,3.129,0,0,,0,0,11,5,0
Darcy Wilson,St Kilda,20,20.36,Mid-Forward,3,12.367,84.333,77.667,7,2.333,1,87.333,8.667,7.333,16,75,65.385,86.364,75,1.333,25,54.167,2.667,1,3,5.333,2.667,6,303.333,18.958,142.737,446.07,236.233,168.077,27.258,13.883,1.893,27.15,-4.928,49.688,5.867,6.333,10,16.333,38.776,2.333,4.667,1.667,0.667,4,4,2.667,0.333,1.333,6.333,5.16,2.333,6,3.667,4.333,0,0,0,,1.333,1.333,2,66.667,3.333,0.333,0.333,0.333,0,1,0.667,0.333,0,0,0,,0,,0,,,4,0.333,0.667,50,0.333,100,6,2,0,2.667,0.667,1,16.333,75,5.333,26.23,0.667,8,4.304,0.196,3,5.178,0.822,5,3.779,-0.179,0,0,,0,0.333,15,5,0
Max Gruzewski,Greater Western Sydney,21,21.44,Key Forward,3,5.5,51.333,58,0,0,0,65,6.667,2,8.667,53.846,55,50,53.846,0.667,50,76.923,0.667,0,0.333,26,0,,136,15.692,77.82,213.82,173.28,94.19,25.992,0.583,0.292,35.086,-20.8,64.656,6.773,2.667,5.667,8.333,32,0,1.667,0.333,0.333,1.333,2.667,1.667,0,0,0.667,45.645,0,0.667,3,4.667,0,0,0,,0,0,0,,5,1,3.333,0,1,0,0,0,0,0,0,,0,,0,,,1.333,0.667,0,,1.333,0,6,2,1.667,4,0.333,0.333,15.667,50,5.333,18.182,0,12,3.554,-0.137,10,3.686,-0.186,2,2.892,0.108,0,0,,0,1,4.667,0,1
Toby Greene,Greater Western Sydney,32,32.26,Gen. Forward,4,15.6,92.25,94,17,4.25,2,87.75,12.5,5.25,17.75,64.789,56,85.714,67.606,3,66.667,70.423,4,0.5,4.25,4.176,4.5,3.944,410.25,23.113,93.562,503.812,384.828,239.275,30.786,12.492,2.38,33.003,16.997,52.728,9.772,6.5,11.25,17.75,36.62,0.75,4,2,1,3,4.5,2.75,0.5,0.75,4.75,23.285,1.25,3.25,6.25,7,2.5,7.576,0.25,10,1,1.25,1.25,60,6.5,1,2,0.25,2,1,1.25,-0.25,0.75,0.673,0,0,0,,0,,,3.5,1,0,,1.25,20,9,2.25,1.75,4.5,0.75,1.25,20.25,50,9,32.432,0.75,18,2.959,0.43,10,3.034,0.966,8,2.865,-0.24,0,0,,0,0.25,14.25,3.75,0.25
Tristan Xerri,North Melbourne,26,26.79,Ruck,3,19.367,157.667,134,14,4.667,2,86.333,6,13.333,19.333,65.517,55.556,70,71.93,1.333,50,31.034,1.333,0.667,3,6.444,1,19.333,79,4.086,177.553,256.553,118.447,25.24,20.902,-27.173,-2.038,24.485,15.515,52.158,1.175,15.667,4.333,20,78.333,2,5,0,2.333,2.667,3,1.667,0,0.667,2.333,-6.065,3,7.333,8,1.667,32.667,89.908,3,9.184,3.333,6.333,12,61.111,1.333,0.333,0,0.333,0,3.667,1.667,2,90.667,86.349,37.333,41.176,10.667,28.571,7,47.321,48.214,12.333,0.333,0,,0,,0,0,0,0,0.333,0.667,2.333,,6.333,24.051,6.333,0,,,0,,,0,,,0,0,,0,3,19.333,13.333,2.667
Bailey Scott,North Melbourne,25,25.47,Midfielder,3,5.967,47,44.333,0,0,0,74,7.333,3.667,11,75.758,68.182,90.909,72.727,2,66.667,66.667,2.333,2.667,0.667,16.5,1,11,279,25.364,135.41,414.41,258.113,157.16,35.197,8.72,2.378,19.26,5.74,50.426,4.573,2.667,8.667,11.333,23.529,1.667,2.667,0.333,0.667,2,2.333,2.333,0,1.333,4.667,-21.392,3.667,3.667,3.667,0.333,0,0,0,,0.333,0.333,0.333,100,3.667,0,0,0,0,0,0.333,-0.333,0,0,0,,0,,0,,,0.667,0,0.667,50,0,,1,0.333,0.333,0.667,0,0.667,3,50,2.333,8.861,0,2,2.522,0.978,0,,,2,2.522,0.978,0,0,,0,0.667,8,3.333,0.333
Geordie Payne,North Melbourne,20,20.15,Gen. Forward,3,5.067,35,26.667,0,0,0,65,2.333,3,5.333,68.75,57.143,77.778,80,0.333,100,43.75,0.667,0,1.667,3.2,1,5.333,44.333,8.313,85.75,130.083,85.04,35.66,36.446,-10.567,-3.522,40.865,9.135,49.125,50.875,3,2.667,5.667,52.941,0.667,2,1,0.667,1.333,2.667,1.667,0,0.667,1,32.752,0,0.667,2.333,2.667,0,0,0,,0,0,0.333,100,0.667,0,0.667,0,0.333,1.333,1.333,0,0,0,0,,0,,0,,,2,1.333,0,,0.667,0,3,1,0.333,1.667,0.333,1,9,60,2.667,10.127,0,5,3.479,0.321,4,3.95,0.8,1,1.598,-1.598,0,0,,0,1,14.333,2,1
Cooper Trembath,North Melbourne,20,20.2,Key Forward,3,11.867,71.333,60.333,0,0,0,76.333,5.333,3.333,8.667,73.077,75,70,76.923,0.333,100,61.538,0.333,0,0,,0,,127.667,14.731,35.587,163.253,164.86,98.053,30.911,-0.603,-0.181,34.673,-1.34,57.38,9.287,6.667,2.667,9.333,71.429,1.667,3,1.333,0.333,2.667,6.667,3,0,1,0.667,48.958,0,0.667,2.667,6,0,0,0,,0,0,0,,3.333,2,2.667,0,0.667,1.667,0,1.667,0,0,0,,0,,0,,,1.667,1.333,0,,1.667,40,9,3,1.333,4.333,0.667,0.667,23.333,69.231,5,18.987,0.667,13,4.183,0.279,11,4.15,0.486,2,4.361,-0.861,0,0,,0,0.667,8.333,1.333,0.667
Jed Adams,Melbourne,21,21.63,Key Defender,1,6.6,36,27,0,0,0,86,2,3,5,100,100,100,100,0,,40,0,2,1,5,0,,97,19.4,11.59,108.59,94.37,98.74,47.185,2.22,0.74,11.9,38.1,39.15,60.85,2,2,4,50,3,2,0,0,2,2,2,0,2,0,-42.915,2,2,0,0,0,0,0,,0,0,0,,2,0,0,1,0,0,1,-1,0,0,0,,0,,0,,,3,0,4,0,0,,0,0,0,0,0,0,0,,2,8.333,2,0,,,0,,,0,,,1,6.667,100,0,4,16,15,4
Chris Burgess,Adelaide,30,30.09,Key Forward,1,2.7,41,50,0,0,0,83,8,2,10,50,37.5,100,50,1,0,80,2,0,2,5,2,5,218,21.8,-14.24,203.76,247.82,74.02,30.977,5.67,2.835,22.693,-22.693,58.79,-25.457,2,6,8,25,2,2,1,1,1,2,2,0,1,1,23.996,0,2,3,3,0,0,0,,0,0,0,,5,0,2,1,3,0,1,-1,0,0,0,,0,,0,,,2,2,0,,2,50,0,0,2,4,0,0,2,0,2,9.091,1,4,2.899,-2.399,2,2.419,-1.919,2,3.378,-2.878,0,0,,0,2,10,1,2
Izak Rankine,Adelaide,25,25.69,Mid-Forward,2,14,103.5,92.5,8,4,1,91,16,4.5,20.5,56.098,50,77.778,56.098,4.5,33.333,78.049,6,1.5,4,5.125,5.5,3.727,438.5,21.39,159.005,597.505,409.325,169.455,25.583,-2.31,-0.513,25.021,-10.207,49.665,-12.628,12,9.5,21.5,55.814,4,5,0,1.5,3.5,5,3,3.5,1,4.5,2.694,2,9,9,1.5,10,40.816,1,10,4,5,6,83.333,4.5,0,0,0,0.5,3,0.5,2.5,0,0,0,,0,,0,,,3.5,0.5,0,,0,,2,1,0.5,2,0,0.5,7,50,4.5,25,2,4,2.55,0.7,1,4.881,1.119,3,1.773,0.56,0,0,,1,4,15.5,5.5,1
Isaac Cumming,Adelaide,27,27.38,Midfielder,5,6.8,62.2,68,0,0,0,80.4,11,3.6,14.6,65.753,56.364,94.444,64.384,2.4,50,75.342,2.6,2.4,2.8,5.214,3.6,4.056,299.4,20.507,154.796,454.196,278.502,132.344,25.787,8.306,2.307,19.509,9.063,49.466,3.595,5,10,15,33.333,3,3.8,0.6,0.6,3.2,3,2.4,0.6,0.4,3.6,-13.598,4,4.6,5.4,1,0,0,0.2,,0.8,1,1.8,55.556,5.8,0.2,0,0.4,0.4,0.6,0.6,0,0,0,0,,0,,0,,,2.6,0.4,0,,0,,1,0.2,0,0.4,0.4,0.4,3.6,50,3.8,19.792,0.6,2,4.27,-1.27,0,,,2,4.27,-1.27,0,0,,0.4,1,12.8,5.2,0.8
Mitchell Hinge,Adelaide,27,27.5,Gen. Defender,5,7.34,60.6,49.6,0,0,0,63.8,8.4,4.8,13.2,81.818,76.19,91.667,74.242,1.6,50,63.636,1.6,3,2.4,5.5,2,6.6,262.2,19.864,220.338,482.538,241.676,121.24,29.473,2.758,0.575,20.75,-8.555,60.633,0.343,4.2,8,12.2,34.426,3.4,3,0,1,2,3.4,2.8,0.4,0.8,3.6,-27.983,4.6,4.6,3,0,0,0,0,,1,1,0.8,100,2.8,0,0,0.8,0,1,0.6,0.4,0,0,0,,0,,0,,,1.8,0,0.4,50,0,,0,0,0,0,0.6,0.8,3.8,,1.8,9.375,0.4,0,,,0,,,0,,,1.4,12.963,100,0,2,7.6,5,1.4
James Peatling,Adelaide,25,25.36,Midfielder,5,10.28,70.6,63,4,0.8,1,63,7.8,7,14.8,71.622,61.538,82.857,75.676,1.2,66.667,52.703,1.6,1.6,2.2,6.727,1.8,8.222,195,13.176,220.746,415.746,188.056,139.004,24.744,8.592,1.227,25.248,7.01,57.933,3.357,6,9,15,40,2.4,3.6,0.2,0.6,3,2.6,1.8,1.2,1,5.6,-2.635,2.4,5.6,4.8,2.2,10.8,39.706,0.8,7.407,2,2.8,3,73.333,2.6,0,0.6,0.4,0,1.4,0.2,1.2,0,0,0,,0,,0,,,2.4,0.4,0,,0.2,0,6,1.2,0.2,1.6,0.6,0.6,11,75,4.8,25,0.8,8,2.39,2.235,3,3.199,2.801,5,1.904,1.896,0,0,,0.2,0.4,15,7,0
Chayce Jones,Adelaide,25,25.96,Midfielder,1,-0.8,2,9,0,0,0,47,2,0,2,0,0,,0,0,,100,0,0,1,2,2,1,51,25.5,0,51,47.32,0,23.66,0,,28.665,-28.665,49.94,-49.94,0,2,2,0,0,0,0,0,0,0,0,0,0,1,5.38,0,0,2,0,2,6.897,0,0,0,0,0,,1,0,0,0,0,0,0,0,0,0,0,,0,,0,,,0,0,1,100,0,,0,0,0,0,0,0,0,,0,0,0,0,,,0,,,0,,,0,0,,0,1,6,3,0
Nick Murray,Adelaide,25,25.03,Key Defender,5,5.4,42.8,28,0,0,0,94,4.4,2.2,6.6,75.758,77.273,72.727,72.727,0.4,50,66.667,0.6,2.8,1.2,5.5,1.2,5.5,123.8,18.758,54.26,178.06,120.266,82.82,27.333,2.722,1.237,17.307,2.693,67.798,7.202,1,5.2,6.2,16.129,2,0.6,0,0.2,0.4,1,0.6,0,0,2.4,-34.861,3.2,1.8,1.2,0,0,0,0,,0,0,0,,2.8,0.4,0,1.2,0,0,0.4,-0.4,0,0,0,,0,,0,,,0.8,0,2.4,8.333,0,,0,0,0,0.4,0.2,0.2,1.2,0,0.4,2.083,0,2,2.354,-2.354,0,,,2,2.354,-2.354,0.2,1.852,100,0,9.4,6.2,5.2,8.4
Riley Thilthorpe,Adelaide,23,23.48,Key Forward,5,13.62,104,88.2,8,1.6,2,84,10.6,3.6,14.2,69.014,66.038,77.778,67.606,1.4,71.429,74.648,2.4,0.6,3.2,4.437,3,4.733,283.2,19.944,144.302,427.502,283.144,180.08,26.712,5.552,1.542,27.098,4.152,61.358,-1.983,8.8,4.8,13.6,64.706,1.4,4.2,1.8,1.6,2.6,6.6,3,0,0.8,1,20.854,1,3.6,4,5,4.8,17.647,0.6,12.5,1,1.6,1.8,66.667,5.6,2.6,2.2,0.6,0.6,1.8,1.4,0.4,20.2,20.24,9.8,48.515,1.4,14.286,0.4,28.571,28.571,2.4,0.6,0.6,33.333,1.8,55.556,12,2.4,1,3.4,0.4,0.4,17.8,70.588,5.6,29.167,0.4,17,3.587,0.943,14,3.604,0.611,3,3.507,2.493,0,0,,0,1.8,10,2.4,1.4
Josh Worrell,Adelaide,24,24.72,Gen. Defender,5,9.2,97.6,86,5,1,2,90.2,16,8,24,80,81.25,77.5,65.546,2.4,41.667,66.667,2.6,6.4,4.2,5.714,5.6,4.286,453,18.875,212.756,665.756,427.098,215.55,27.032,0.94,0.121,19.001,-1.896,59.141,-3.878,6.8,14.4,21.2,32.075,9.2,5.8,0,1.2,4.6,6,5.2,0.2,1.8,6.4,-30.454,9,6.8,5.4,0,0,0,0,,0.4,0.4,0.2,100,6.6,0.2,0,2.6,0,0.6,0.8,-0.2,0,0,0,,0,,0,,,1,0,1,40,0,,0,0,0,0,0.2,0.4,1.4,,3.2,16.667,1.4,0,,,0,,,0,,,2.2,20.37,100,0.6,3.2,7.4,5.8,3
Luke Pedlar,Adelaide,23,23.62,Gen. Forward,3,6.4,47,46.667,0,0,0,73.667,5.333,1.667,7,52.381,56.25,40,52.381,1,33.333,76.19,1,0,1.667,4.2,2.333,3,136.667,19.524,28.917,165.583,148.353,77.133,27.816,1.797,1.078,33.9,-21.4,50.118,-25.118,2.333,4.667,7,33.333,1,1.333,0.667,1,0.333,2.333,1.333,0,0.333,0.667,35.976,0,1.333,2,3.667,0,0,0,,0,0,0,,3.333,0.333,2,0,1,0.667,1,-0.333,0,0,0,,0,,0,,,1.333,1,0,,0.667,50,7,2.333,0.333,2.667,0,0,14.333,87.5,3.333,18.519,0,8,3.774,1.601,7,3.877,1.408,1,3.048,2.952,0,0,,0,0.667,9.667,3.667,0.667
Sam Berry,Adelaide,23,23.88,Midfielder,5,7.9,66.4,55,0,0,0,67.2,8,7,15,68,62.5,74.286,58.667,2.8,21.429,53.333,2.8,1.2,3.8,3.947,2.6,5.769,252.6,16.84,174.18,426.78,232.026,88.908,29.747,-2.08,-0.297,22.51,-6.721,46.47,-1.733,8.8,7.4,16.2,54.321,2,6.6,0.4,1.8,4.8,3,2.6,1,1,5.2,-12.199,3.2,7.4,4.6,1,14.8,54.412,2.4,16.216,1.4,3.8,4.4,81.818,1.6,0.2,0.2,0.4,0.2,0.8,0.8,0,0,0,0,,0,,0,,,3.4,0,0.2,0,0,,0,0,0.2,0.2,0.2,0.2,1.4,0,3.2,16.667,1.6,1,4.369,-3.369,1,4.369,-3.369,0,,,0,0,,0.6,1,17.4,8.2,0.2
Mark Keane,Adelaide,25,25.79,Key Defender,5,9.08,80.2,62.2,9,1.8,2,92.8,14.2,3,17.2,73.256,76.056,60,65.116,0.2,0,82.558,0.2,7,3.6,4.778,4.2,4.095,376,21.86,210.57,586.57,370.014,174.356,26.057,-0.448,-0.149,13.689,1.237,63.987,1.685,5.4,6.8,12.2,44.262,8.6,3.4,0,1,2.4,5.2,3.2,0,1,1.2,-48.7,7.6,3.8,0.8,0,0,0,0,,0.2,0.2,0.2,100,5.4,1,0,2.6,0,0.8,1.4,-0.6,0,0,0,,0,,0,,,0.2,0,2.4,8.333,0,,0,0,0,0,0,0,0,,1.8,9.375,1.4,0,,,0,,,0,,,5.4,50,85.185,1,4.8,5,4.2,3.8
Zac Taylor,Adelaide,22,22.91,Gen. Forward,5,6.32,55.6,50.2,0,0,0,70,6,5.2,11.2,71.429,63.333,80.769,73.214,1.8,44.444,53.571,2.4,1,2,5.6,3.4,3.294,138.4,12.357,126.94,265.34,159.74,64.574,26.623,-6.354,-1.222,25.501,-3.279,56.786,2.473,4.2,7.6,11.8,35.593,1.8,2.4,0.6,0.4,2,2.6,1.4,0,0.2,3.6,-1.786,2,3.6,4.8,1.4,1.8,6.618,0.8,44.444,0.4,1.2,0.8,75,1.8,0.4,0,0.2,0.2,1.2,0.6,0.6,0,0,0,,0,,0,,,3.6,1,0,,0.4,50,2,0.4,0.2,0.6,0.4,0.6,5.2,66.667,3,15.625,0.8,3,4.305,0.028,2,4.671,-1.171,1,3.573,2.427,0,0,,0,0.8,14.2,5.8,0.6
Jake Soligo,Adelaide,22,22.93,Midfielder,5,8.46,69.4,64.2,0,0,0,80.8,11.2,7.2,18.4,59.783,50,75,62.637,2.2,45.455,60.87,2.6,1,4.2,4.381,3.8,4.842,267.6,14.543,198.726,466.326,254.95,126.926,23.177,5.272,0.753,27.626,-2.094,55.452,-0.133,7.6,10.2,17.8,42.697,1.4,6.2,1.4,1.6,4.6,2.8,2.4,0.8,1.2,7,0.136,1.2,8.6,5.8,2.2,17.2,63.235,1,5.814,1.8,2.8,4,65,2,0.2,0,0,0,0.6,2,-1.4,0,0,0,,0,,0,,,3.2,0.4,0,,0,,2,0.4,0.4,1,0.6,0.8,6.6,40,3.8,19.792,1.2,5,2.864,-0.064,0,,,5,2.864,-0.064,0,0,,0.2,0.8,19,10.6,0.4
Hugh Bond,Adelaide,21,21.26,Gen. Defender,4,4.925,41.5,31,0,0,0,83.75,4.25,4,8.25,87.879,76.471,100,81.818,0.5,50,51.515,0.75,1.25,2.25,3.667,1.25,6.6,128,15.515,83.822,211.822,111.218,57.005,26.169,6.34,1.585,17.088,16.245,63.525,3.142,3.25,5.75,9,36.111,3,2.25,0,0.25,2,3,2,0,0.5,4,-27.23,3.5,3.25,2.25,0,0,0,0,,0.25,0.25,0,,1.5,0,0,0,0,0.75,2,-1.25,0,0,0,,0,,0,,,2.75,0,1.5,50,0,,0,0,0,0.25,0,0,0,0,1,5.063,0,1,2.142,-2.142,0,,,1,2.142,-2.142,0,0,,0,2.25,10.25,9,1.25
Daniel Curtin,Adelaide,20,20.81,Midfielder,5,6.64,61.4,60.2,0,0,0,83.4,7,4.6,11.6,75.862,74.286,78.261,70.69,1,40,60.345,1,1.2,1.6,7.25,2.2,5.273,197.6,17.034,147.14,344.74,181.91,120.346,25.987,1.34,0.305,20.36,17.14,54.886,10.739,5,7,12,41.667,2,3.2,0.4,1,2.2,2.8,1.6,0.6,0.4,3.2,-10.94,2,5.6,3.6,0.8,2,7.353,0.8,40,0.8,1.6,1.6,75,4.2,0.6,0,0.6,0.2,0.6,0.4,0.2,0,0,0,,0,,0,,,4.2,0,0,,0.6,66.667,1,0.2,0,0.2,0,0.4,1.6,100,3.4,17.708,0.6,1,5.597,0.403,0,,,1,5.597,0.403,0,0,,0,1.8,15,8.6,1.2
Rory Laird,Adelaide,32,32,Gen. Defender,4,14.825,128.25,99,0,0,0,79,12.25,13.25,25.5,88.235,85.714,90.566,80.392,1.75,71.429,48.039,1.75,3,1,25.5,2.75,9.273,271.25,10.637,310.772,582.022,290.612,148.493,23.723,1.272,0.096,19.269,6.818,62.443,-1.574,9.75,16,25.75,37.864,4.75,8.25,0.25,3.75,4.5,4.5,4,1,0.75,8.75,-20.825,7,11.25,6.75,0.75,3.5,12.069,1.25,35.714,3.25,4.5,4.25,82.353,5.5,0,0,0.75,0,0.5,0.25,0.25,0,0,0,,0,,0,,,4.5,0,0,,0,,1,0.25,0,0.25,0.25,0.5,3.25,100,4.5,21.951,1.25,1,2.508,3.492,0,,,1,2.508,3.492,0.5,4.348,50,0.25,2.25,13,10,2
Alex Neal-Bullen,Adelaide,29,29.97,Gen. Forward,5,7.02,68.8,62.2,0,0,0,79.8,9,5.6,14.6,61.644,51.111,78.571,54.795,2.6,53.846,61.644,2.6,0.4,2,7.3,4.8,3.042,248.4,17.014,175.554,423.954,245.232,97.458,27.248,-4.426,-0.79,28.282,5.051,44.274,-5.385,6,8.4,14.4,41.667,1.8,5,1.8,0.8,4.2,4.2,3.6,0,2.4,5,4.367,1.4,5.4,4.6,3,0,0,0.2,,1.4,1.6,1.4,57.143,3,0,0.4,0,0,1,0.6,0.4,0,0,0,,0,,0,,,3.6,0.6,0,,0,,1,0.2,0.2,0.4,0.6,1,5.4,50,3.4,17.708,0.6,2,3.75,-0.25,1,5.995,0.005,1,1.505,-0.505,0,0,,0,0.8,18.8,8.6,0.4
Reilly O'Brien,Adelaide,30,30.36,Ruck,5,10.24,90.2,82.6,0,0,0,79.8,4.8,5.2,10,68,50,84.615,72,1,80,48,1,1.2,2.8,3.571,2,5,111.4,11.14,109.034,220.434,112.374,59.958,23.411,1.846,0.355,25.685,-2.155,50.226,14.48,6.2,4.4,10.6,58.491,2.4,2.8,0.2,1.2,1.6,2.8,1.4,0,0.4,2.4,-7.124,2,4,3.8,0.8,22.4,82.353,0.6,2.679,1.6,2.2,3.6,72.222,2.6,0.6,0.4,1.2,0,1.2,1.6,-0.4,79.4,79.559,36.8,46.348,9.4,25.543,1,45.109,40.217,4.2,0,0.8,0,1,40,0,0,0,0.2,0.6,1.6,4.6,0,3.6,18.75,2.8,1,3.216,-3.216,1,3.216,-3.216,0,,,0,0,,0,3.2,13.6,6.2,2.4
Wayne Milera,Adelaide,28,28.29,Gen. Defender,5,10.08,87.2,73.2,0,0,0,82.8,11.8,6.6,18.4,84.783,79.661,93.939,80.435,1,60,64.13,1,4.2,2,9.2,2.4,7.667,326.2,17.728,213.43,539.63,303.676,187.012,25.735,2.08,0.315,17.483,4.551,58.432,4.28,5.4,12.6,18,30,4.8,4,0.2,0.4,3.6,4,3.2,0.2,1.2,6.2,-34.26,8.6,6.4,2.8,0.2,0,0,0,,1,1,0.8,75,5.8,0.6,0,1.6,0,0.6,1,-0.4,0,0,0,,0,,0,,,2.4,0,0.6,0,0,,0,0,0,0,0.2,0.2,1.2,,3.6,18.75,1.2,0,,,0,,,0,,,1,9.259,80,0.2,1.4,9.8,6.8,0.8
Jordan Dawson,Adelaide,28,28.72,Midfielder,5,10.3,101.6,105.6,12,2.4,2,89.2,15.2,7.2,22.4,66.071,59.211,80.556,64.286,4.6,52.174,67.857,5.8,1,4,5.6,4.8,4.667,458.4,20.464,166.188,624.588,457.62,216.736,30.107,-5.884,-0.817,25.423,-5.423,51.569,-2.339,9,13.8,22.8,39.474,2.8,4.8,0.4,1.6,3.2,3.2,1.6,2,0.2,8,0.457,1.6,8.4,11.6,1.2,23.8,87.5,1.8,7.563,3,4.8,5.4,81.481,4.8,0.4,0.2,0.4,0.2,1.6,1.2,0.4,0,0,0,,0,,0,,,7.6,0.6,0,,0.2,100,2,0.4,0.4,1.4,0.6,0.6,6.4,28.571,4.4,22.917,1.4,7,2.039,-0.039,1,1.505,-1.505,6,2.128,0.205,0,0,,0.4,1.2,23.2,10,0.4
Ben Keays,Adelaide,28,28.85,Gen. Forward,5,8.88,73,66.2,3,0.6,1,89.4,6.8,7.4,14.2,57.746,47.059,67.568,61.972,2,40,47.887,2.2,0.4,2.2,6.455,3.6,3.944,188.8,13.296,118.77,307.57,181.82,63.504,27.548,-5.738,-0.775,30.571,-13.904,51.973,-7.528,7.6,6.2,13.8,55.072,1.4,5.8,1.8,2.2,3.6,5.4,4.2,0.4,1.2,3.6,22.055,0.4,4,5,4.4,1,3.676,0.4,40,0.8,1.2,1.6,75,2.8,0.4,0.8,0,1.2,1,0.6,0.4,0,0,0,,0,,0,,,4.2,1.2,0.2,0,0.4,50,5,1,0.6,2.4,0.4,0.6,9.2,41.667,4.2,21.875,0.6,12,2.702,0.048,7,3.214,0.357,5,1.984,-0.384,0,0,,0,1,18.2,5.4,0.6
Darcy Fogarty,Adelaide,26,26.26,Key Forward,5,6.24,58.4,57,0,0,0,82.2,8,5,13,70.769,67.5,76,70.769,1.6,37.5,61.538,2,0.4,2,6.5,3.2,4.062,183,14.077,148.252,331.252,201.534,99.832,25.838,-5.768,-1.154,23.916,19.418,55.597,11.069,4.4,8.6,13,33.846,1.2,2.4,1.4,0.8,1.6,4.2,2.4,0.2,0.6,3.6,15.844,0.4,4.8,4.4,3.4,0,0,0.2,,0,0.2,0.2,100,4.8,0.8,0.6,0.2,0.4,1,0.4,0.6,0,0,0,,0,,0,,,0.6,0.4,0,,1.2,83.333,5,1,0.4,1.8,0.8,1,11.4,55.556,4.6,23.958,0.2,9,3.474,0.082,5,3.829,-0.029,4,3.029,0.221,0,0,,0,1.4,5.2,1.4,1.2
Jack Graham,West Coast,27,27.84,Mid-Forward,3,10.4,93,90,0,0,0,80,11.667,8,19.667,76.271,71.429,83.333,69.492,2.667,37.5,59.322,3,1,4,4.917,4,4.917,287.667,14.627,234.06,521.727,292.083,148.357,25.036,-7.023,-0.878,26.267,-14.839,55.894,-7.322,9.333,10.667,20,46.667,2.667,5.333,0,2.333,3,3,2.333,1.667,0.667,7,-5.158,2,7.333,10.333,0.333,17.667,63.095,2,11.321,4,6,4.333,84.615,2,0,0.333,0,0.667,2.667,2.333,0.333,0,0,0,,0,,0,,,9.333,0,0.333,100,0,,0,0,0,0,0,0.333,0.333,,2.333,15.217,1,0,,,0,,,0,,,0,0,,0,0.667,27.333,13.667,0
Saad El-Hawli,Essendon,24,24.63,Midfielder,3,6,44.667,46.333,0,0,0,74.333,7.667,2.667,10.333,70.968,60.87,100,74.194,1.667,20,74.194,2,1.667,2.333,4.429,2.333,4.429,248.667,24.065,118.827,367.493,226.05,141.887,29.485,4.153,1.558,21.591,5.681,46.492,12.599,2.333,8.667,11,21.212,1.667,1.667,0,0,1.667,2,1.333,0,1,4.667,-25.045,3.333,4.667,3,0,0,0,0.333,,0,0.333,0,,4,0.333,0,1,0,0.333,0.333,0,0,0,0,,0,,0,,,1.667,0,0,,0.667,0,0,0,0,0,0,0.333,0.333,,2,11.111,0.667,0,,,0,,,0,,,0,0,,1,1.667,13,9,1.667
Rhys Unwin,Essendon,19,19.22,Gen. Forward,3,1.933,22,28.667,0,0,0,64.333,5,1.667,6.667,65,53.333,100,70,1.667,60,75,1.667,0.333,1.667,4,1.667,4,123.333,18.5,57.937,181.27,118.9,40.993,23.78,-2.167,-1.3,33.129,3.235,59.278,-4.733,3,4,7,42.857,0.333,1.333,0.333,0,1.333,2.667,1.333,0.333,1,1,15.707,0.333,2,3,1.667,0,0,0,,0.333,0.333,0.333,100,2.333,0,0.667,0,0,1.333,1,0.333,0,0,0,,0,,0,,,0.667,0.667,0,,0,,1,0.333,0.333,1,0,0.333,2.667,33.333,2.667,14.815,0,3,2.795,-0.461,2,2.582,0.418,1,3.22,-2.22,0,0,,0.333,0,9,2.333,0
Kyle Langford,Essendon,29,29.08,Key Forward,3,11.4,66.667,66.333,0,0,0,81.667,9,5,14,76.19,62.963,100,76.19,2,33.333,64.286,2.333,0,2.667,5.25,2.333,6,249,17.786,163.97,412.97,236.92,124.557,26.324,-2.943,-0.589,29.38,11.529,54.091,-4.091,4.333,9.667,14,30.952,1,3,0.667,0,3,3.333,2.667,0.667,1,4.333,10.783,0.333,6,4.667,3,0,0,0.333,,0.667,1,0.667,100,4.667,0.333,1.667,0,1.333,0,0.667,-0.667,0.333,0.391,0,0,0,,0,,,2.333,1,0.333,100,0.667,0,4,1.333,0,1.333,1,1.667,14.667,100,5.333,29.63,0,4,3.094,2.906,3,3.52,2.48,1,1.816,4.184,0,0,,0.667,1,12.667,4,0.667
Alex Dodson,St Kilda,19,19.54,Key Forward,1,-1,13,22,0,0,0,48,3,5,8,75,33.333,100,75,1,100,37.5,1,0,2,4,1,8,75,9.375,133.44,208.44,108.52,27.35,36.173,-10.01,-2.002,26.78,73.22,27.98,72.02,0,6,6,0,1,0,0,0,0,0,0,0,0,3,-1.29,2,0,2,2,0,0,0,,0,0,0,,2,0,1,0,1,0,2,-2,17,16.038,2,11.765,0,0,0,0,0,0,0,0,,1,0,0,0,1,1,0,1,2,0,2,9.091,0,1,2.869,-1.869,1,2.869,-1.869,0,,,0,0,,0,0,3,0,0
Tobie Travaglia,St Kilda,19,19.18,Gen. Defender,2,3.9,42,43.5,0,0,0,62.5,4.5,2.5,7,78.571,77.778,80,64.286,0.5,100,64.286,0.5,1.5,0,,1.5,4.667,141.5,20.214,59.335,200.835,136.565,62.515,30.348,1.7,0.68,19.794,17.706,57.076,5.424,2,5,7,28.571,2,1.5,0,0,1.5,2,1.5,0,0,1.5,-29.028,3.5,2.5,0.5,0.5,0,0,0,,0,0,0,,3.5,0,0,0,0,0.5,0,0.5,0,0,0,,0,,0,,,3.5,0.5,0,,0,,0,0,0,0.5,0,0.5,0.5,0,1.5,6.667,0,1,2.158,-2.158,0,,,1,2.158,-2.158,0,0,,0,1,6.5,5,1
Corey Wagner,Fremantle,28,28.77,Midfielder,2,4.35,50.5,41.5,0,0,0,50,6,2.5,8.5,70.588,58.333,100,52.941,2,25,70.588,2,1.5,1,8.5,2.5,3.4,184.5,21.706,79.51,264.01,187.61,65.325,31.268,-1.085,-0.434,22.977,4.295,50.036,-22.764,4,5.5,9.5,42.105,1,2.5,0,0,2.5,1,1,0.5,0,3,-15.958,3,3,3,0.5,4.5,15.517,2,44.444,1,3,1.5,100,2,0,0,0,0,0.5,0,0.5,0,0,0,,0,,0,,,3,1.5,0,,0,,0,0,0,0,0.5,0.5,3,,2.5,10.87,1,0,,,0,,,0,,,0,0,,0,0.5,10,5.5,0
Lachlan Murphy,Adelaide,27,27.07,Gen. Forward,1,1.5,24,19,0,0,0,81,2,4,6,83.333,100,75,66.667,0,,33.333,0,0,1,6,2,3,1,0.167,85.48,86.48,33.37,-34.65,16.685,-9.07,-2.268,31.94,18.06,65.75,-15.75,3,4,7,42.857,1,3,0,2,1,1,1,0,0,3,3.401,0,3,4,0,0,0,0,,1,1,0,,1,0,0,0,0,1,1,0,0,0,0,,0,,0,,,1,1,0,,0,,0,0,0,0,0,0,0,,2,14.286,0,0,,,0,,,0,,,0,0,,0,0,9,4,0
Harry Schoenberg,West Coast,24,24.85,Midfielder,1,0.9,26,23,0,0,0,18,1,4,5,60,0,75,60,0,,20,0,0,1,5,1,5,15,3,104.25,119.25,19.59,2.48,19.59,3.45,0.862,25.84,-25.84,40.99,-40.99,2,3,5,40,2,1,0,1,0,2,1,0,0,2,-24.086,2,0,3,0,2,10,0,0,0,0,0,,1,0,0,0,0,1,0,1,0,0,0,,0,,0,,,2,0,0,,0,,0,0,0,0,0,0,0,,1,7.143,0,0,,,0,,,0,,,0,0,,0,1,5,4,0
Taylor Walker,Adelaide,35,35.68,Key Forward,4,5.7,54.75,59.25,0,0,0,82,8.75,4,12.75,54.902,51.429,62.5,60.784,2.5,70,68.627,3.75,0,3.75,3.4,4,3.188,337.5,26.471,72.523,410.023,318.332,207.445,36.381,14,3.5,30.059,3.275,47.056,0.563,4,8.75,12.75,31.373,0.5,2.25,1,0.5,1.75,3.75,2,0,1,3,30.043,0,2.5,5.25,5,0,0,0,,0,0,0.25,0,5.5,1.25,2,0.25,0.5,0.5,1.25,-0.75,0.25,0.249,0,0,0,,0,,,0.75,0.5,0,,3,25,5,1.25,1.25,3.25,0.75,1.5,14,38.462,5.5,29.73,0,13,3.046,-0.354,11,3.232,-0.051,2,2.02,-2.02,0,0,,0,0.5,8.25,1.5,0.5
Brodie Smith,Adelaide,33,33.96,Gen. Defender,4,7.175,46.25,47.25,0,0,0,47.25,7.75,2.75,10.5,71.429,67.742,81.818,66.667,1.25,40,73.81,1.75,1.75,1.75,6,2.25,4.667,237.5,22.619,126.568,364.068,221.543,125.395,28.586,8.748,3.181,21.603,5.32,58.247,7.138,3.75,7,10.75,34.884,3.5,1.75,0,0.25,1.5,3.25,1.25,0,0.25,3.75,-25.151,3.5,5,2,0.25,0,0,0.25,,0.25,0.5,0,,3,0.5,0,1,0,1,0.75,0.25,0,0,0,,0,,0,,,2.25,0,0.5,0,0,,1,0.25,0.25,0.75,0.25,0.25,3.25,33.333,1.5,8.108,0.5,3,2.7,-0.366,1,2.148,-2.148,2,2.975,0.525,0.25,2.083,100,0,0.75,6.25,4.5,0.25
Beau McCreery,Collingwood,24,24.7,Gen. Forward,4,8.7,67.25,57.75,0,0,0,72.5,7.25,6.75,14,73.214,58.621,88.889,71.429,2.25,22.222,51.786,3.25,0.5,3.25,4.308,3.25,4.308,257.5,18.393,188.973,446.473,200.787,106.462,28.684,9.89,1.465,32.759,-4.759,46.478,9.522,6,8,14,42.857,2.5,4.5,1.5,0.5,4,3.25,2.75,1,1,4.5,12.524,1,4,5.75,3.25,6,24.242,1.25,20.833,1,2.25,1.75,71.429,2.25,0.25,0.25,0,0,0.25,1,-0.75,0,0,0,,0,,0,,,4.5,1.5,0,,0.75,0,0,0,0.5,0.5,0.75,1.5,5.75,0,4,19.277,1.25,2,3.281,-2.281,0,,,2,3.281,-2.281,0,0,,2,2,18.75,5,0.5
Wil Parker,Collingwood,23,23.59,Gen. Defender,2,2.4,42.5,49.5,0,0,0,72,8,3,11,50,43.75,66.667,45.455,0.5,0,72.727,0.5,1.5,1.5,7.333,2.5,4.4,267,24.273,33.66,300.66,263.765,109.41,32.971,7.385,2.462,22.622,8.148,48.758,-10.296,2,7.5,9.5,21.053,5,2,0,0,2,2,2,0,0,4,-14.667,3,2,3.5,1,0,0,0,,0,0,0,,3.5,0,0.5,1.5,0,0,1,-1,0,0,0,,0,,0,,,3,0,0.5,100,0,,0,0,0,0.5,0,0.5,0.5,0,2,10,1,1,3.875,-3.875,0,,,1,3.875,-3.875,0,0,,0,0.5,9,7,0.5
Edward Allan,Collingwood,21,21.6,Midfielder,1,1.3,10,9,0,0,0,8,0,1,1,100,,100,100,0,,0,0,0,0,,0,,-7,-7,-0.29,-7.29,0,-6.31,,-3.36,-3.36,,,,,0,1,1,0,1,0,0,0,0,0,0,0,0,0,1.04,0,0,1,0,0,0,0,,0,0,0,,1,0,0,1,0,0,0,0,0,0,0,,0,,0,,,1,0,0,,0,,0,0,0,0,0,0,0,,1,6.25,1,0,,,0,,,0,,,0,0,,0,0,2,1,0
Sam Walsh,Carlton,25,25.49,Midfielder,2,9.3,108.5,82.5,10,5,2,60,11,17,28,78.571,59.091,91.176,78.571,4.5,55.556,39.286,5.5,2,3.5,8,3,9.333,364.5,13.018,346.885,711.385,305.54,219.57,27.776,55.81,3.283,28.375,16.625,51.946,8.055,8.5,21,29.5,28.814,1,6,1,2,4,3,2.5,1.5,1,15,1.36,3.5,10.5,12,3.5,14.5,51.786,3,20.69,1,4,4.5,77.778,4,0,0.5,0,2,1,1.5,-0.5,0,0,0,,0,,0,,,1.5,0.5,0,,0,,0,0,1,1,1.5,1.5,10,0,6.5,24.528,1,2,4.259,-3.259,2,4.259,-3.259,0,,,0,0,,1,0.5,8.5,3.5,0
Mitch Lewis,Hawthorn,27,27.21,Key Forward,4,5.3,40,34.75,0,0,0,60.5,4,2,6,62.5,62.5,62.5,62.5,1,75,66.667,1.5,0,1.25,4.8,1.75,3.429,112.5,18.75,25.378,137.878,126.798,82.855,31.699,2.4,1.2,27.569,16.876,45.376,32.402,3.5,2.75,6.25,56,1,1.5,0.5,0.5,1,3.5,1.5,0,0.25,0.75,24.677,0,1.75,2.25,2.25,0,0,0,,0,0,0,,2.5,1,1.25,0,0.25,0.75,0.25,0.5,0,0,0,,0,,0,,,1.25,0.75,0,,1.5,33.333,4,1,0.25,1.75,0.25,0.25,7.75,57.143,2.5,9.804,0.25,7,2.714,0.858,7,2.714,0.858,0,,,0,0,,0,0.75,5.5,1.5,0.25
Lloyd Meek,Hawthorn,27,27.69,Ruck,5,11.8,92.4,91.2,3,0.6,1,81.4,4.6,9.6,14.2,74.648,60.87,81.25,74.648,0.8,50,32.394,0.8,0.6,3.6,3.944,1,14.2,120,8.451,253.878,373.878,127.398,62.734,27.695,3.148,0.328,27.022,15.084,58.069,-0.175,8.6,6.4,15,57.333,1.8,4.6,0.8,0.8,3.8,3.4,1.4,0,0,2.8,-4.186,1.4,7.4,4.4,1.8,22.6,78.472,1,4.425,2.6,3.6,4.4,68.182,3.8,1,0.6,0.6,0.2,1.2,1.4,-0.2,82.8,78.113,34.6,41.787,8.4,24.277,1.4,42.775,34.682,3.4,0.4,0.4,50,0.6,33.333,1,0.2,0.4,0.6,0.8,1,6.6,33.333,4.8,18.605,2,3,2.57,0.097,2,3.154,0.346,1,1.402,-0.402,0,0,,0,2.4,11.4,5.2,1.2
James Worpel,Geelong,26,26.93,Midfielder,5,10.08,73.6,72.2,0,0,0,71.2,11.2,10.2,21.4,57.944,46.429,70.588,51.402,5,28,52.336,5.2,1.8,4.2,5.095,6.6,3.242,411.6,19.234,177.198,588.798,374.074,137.952,33.399,7.732,0.758,28.236,-10.236,42.305,-10.305,9.8,11.8,21.6,45.37,2.8,7,0,2,5,2.6,2.6,2,1.2,8.2,-9.212,3.6,9.8,6.8,1.4,18.8,65.278,1.8,9.574,4,5.8,6,76.667,1.6,0,0,0.2,0,1,1,0,0,0,0,,0,,0,,,3.8,0.8,0,,0.2,0,0,0,0.2,0.2,0.4,0.8,3,0,4.4,17.054,1.6,1,2.469,-1.469,0,,,1,2.469,-1.469,0,0,,0,0.6,20,10.2,0.4
Massimo D'Ambrosio,Hawthorn,22,22.57,Midfielder,5,8.54,54,52.6,0,0,0,79.6,8.4,6.4,14.8,64.865,47.619,87.5,64.384,1.8,44.444,56.757,2,1.8,1.6,9.25,2.4,6.167,313.4,21.176,189.454,502.854,269.766,141.22,32.898,15.338,2.474,23.858,-5.437,44.199,-7.357,4.2,10.4,14.6,28.767,3.2,3.6,0.6,0.4,3.2,3,2.4,0,1.2,7.6,-9.79,3,5.6,4.6,1.4,0,0,0,,1.2,1.2,0.8,100,1.8,0.2,0.2,0.6,0,0.6,0.2,0.4,0,0,0,,0,,0,,,2.2,0.4,0.4,0,0,,0,0,0.4,0.4,0.2,0.4,1.8,0,3,11.628,1.4,2,2.407,-1.407,1,3.108,-2.108,1,1.706,-0.706,0,0,,0.4,0.4,12.2,7.2,0.2
Dylan Moore,Hawthorn,26,26.4,Gen. Forward,5,14.74,99.4,87.4,8,1.6,2,88.4,11.2,11,22.2,76.577,66.071,87.273,72.727,1.8,44.444,50.45,2.8,1.8,2.2,10.091,3.2,6.937,310.8,14,254.26,565.06,273.86,142.672,24.896,21.904,1.991,28.866,3.743,54.846,-4.846,8.4,15.2,23.6,35.593,1.2,6.4,1.8,1.2,5.2,5,4,0.4,1.4,7.8,3.871,2.8,8.6,7,5.2,6.8,23.611,0.6,8.824,1.8,2.4,2.4,75,5.2,0,0.8,0.2,1,1.8,1,0.8,0,0,0,,0,,0,,,2.8,0.8,0,,0.4,50,5,1,0.2,1.4,0.8,1.2,11.4,71.429,5.4,20.93,0.4,7,3.342,1.086,3,2.786,-0.453,4,3.759,2.241,0,0,,0.4,0.6,16.8,8,0
Conor Nash,Hawthorn,27,27.42,Midfielder,5,9.84,67.8,68.6,0,0,0,72,9.8,10.6,20.4,56.863,44.898,67.925,60.784,4,50,48.039,4.2,1.6,4,5.1,3.6,5.667,307.2,15.059,140.476,447.676,264.424,134.078,27.544,21.04,1.985,27.017,5.416,46.25,-5.709,8.8,10,18.8,46.809,1.6,6.2,1.2,2.4,3.8,1.4,1.4,1.8,0.4,7.4,-3.228,3.4,6.4,6.4,2.6,20.4,70.833,2,9.804,3.2,5.2,7.4,70.27,1.2,0,0.2,0.2,0,0.6,1.4,-0.8,0,0,0,,0,,0,,,4.2,1.4,0.2,100,0,,1,0.2,0,0.4,0.6,0.8,5,50,5.4,20.93,2,2,3.367,-0.367,2,3.367,-0.367,0,,,0,0,,0.4,1,19,8.4,0.2
Jack Ginnivan,Hawthorn,23,23.06,Gen. Forward,5,10.94,75.2,66.6,0,0,0,80.2,10,8.6,18.6,64.516,52,79.07,68.817,2.8,42.857,53.763,3.4,0.8,4.6,4.043,4.2,4.429,259.2,13.935,205.838,465.038,239.694,136.192,24.459,6.406,0.745,28.815,1.955,45.177,8.669,7.6,12,19.6,38.776,2.4,6.4,3,1.4,5,5.2,4.4,0,2,7.2,9.136,1.4,6.2,7.6,4.4,0.2,0.694,0.2,100,1,1.2,0.8,25,3.2,0,0.4,0.4,0,1,1.4,-0.4,0,0,0,,0,,0,,,1.4,0,0.4,50,0.4,0,6,1.2,0.2,1.4,0.4,1.4,10.8,85.714,5.2,20.155,1,7,2.6,2.686,1,2.345,3.655,6,2.643,2.524,0,0,,0,0.8,14.8,6.8,0
Connor Macdonald,Hawthorn,22,22.96,Gen. Forward,5,8.62,72.8,73.6,4,0.8,1,78,11.2,6.6,17.8,65.169,53.571,84.848,69.318,2.8,42.857,62.921,3.2,0.4,3,5.933,4.2,4.238,270,15.169,211.756,481.756,280.502,121.768,25.045,-7.81,-1.22,31.457,0.122,56.368,-3.737,4,13.2,17.2,23.256,1.6,3.4,0.8,0.4,3,3.6,3,0,1.2,6.6,9.914,1,6.2,6.6,3.4,0,0,0,,0.4,0.4,0.4,100,5,0.2,1.4,0.2,0.2,0.2,1,-0.8,0,0,0,,0,,0,,,1.6,0.8,0,,0.4,0,6,1.2,1,2.4,0.8,2.2,14.4,50,6.4,24.806,0.4,12,3.54,-0.123,6,3.853,-2.02,6,3.226,1.774,0,0,,0,0.6,12.6,4,0.2
Josh Ward,Hawthorn,22,22.37,Midfielder,5,13.2,78.2,66.2,4,0.8,1,74.8,8.4,10.8,19.2,70.833,50,87.037,76.042,3,40,43.75,3.6,0.8,1.8,10.667,2.2,8.727,283.2,14.75,199.508,482.708,233.228,142.002,27.765,18.464,1.71,26.988,7.158,49.768,3.89,8.2,12.2,20.4,40.196,2.8,6.2,0.6,1.2,5,3.4,2.6,0.6,1,8.4,-6.223,2,10,7.8,0.6,13.6,47.222,1.8,13.235,1.8,3.6,3.6,94.444,2,0,0,0,0.4,0.2,0.4,-0.2,0,0,0,,0,,0,,,3.6,0.4,0.4,100,0,,0,0,0,0,0.4,0.6,2.6,,5.4,20.93,1.2,0,,,0,,,0,,,0,0,,0.2,1.6,16.4,8.2,0.2
Jai Newcombe,Hawthorn,24,24.41,Midfielder,5,13.04,98,85.4,18,3.6,2,80.4,10.4,14.6,25,72,59.615,80.822,68,2.2,27.273,41.6,3.2,1.8,5.4,4.63,4.4,5.682,323.2,12.928,360.032,683.232,281.394,139.1,28.139,3.928,0.269,24.775,2.498,49.816,-2.089,12.6,12.8,25.4,49.606,2.2,7.4,0.8,2.2,5.2,3.2,2.2,3.4,1.4,8,-6.712,3.2,11.6,8.8,1.8,23.6,81.944,2.2,9.322,3.8,6,8.6,65.116,3.6,0.2,0.6,0.6,0.4,1.4,1.8,-0.4,0,0,0,,0,,0,,,3.8,0.8,0,,0,,2,0.4,0.6,1,0.8,1.2,8.2,40,6.2,24.031,2,5,2.886,0.114,3,2.897,1.436,2,2.87,-1.87,0,0,,0.8,1.4,17.8,9.4,0.4
Nick Watson,Hawthorn,20,20.84,Gen. Forward,5,8.38,54.6,47.2,1,0.2,1,73.4,5,4,9,68.889,56,85,71.111,1.4,57.143,55.556,2,0,1,9,1.2,7.5,154.8,17.2,80.198,234.998,139.742,82.63,27.948,6.568,1.642,41.024,-16.024,59.728,-18.061,4.2,4.8,9,46.667,1,2.8,1.2,0.4,2.4,3,2.2,0.4,1,2.2,26.856,0.2,1.6,4.6,2.6,2,6.944,0,0,1,1,0.8,100,2.2,0,0.6,0,0.4,0.6,0.2,0.4,0,0,0,,0,,0,,,2.4,1,0.2,100,0.4,100,6,1.2,0.8,2.2,0.2,0.6,9.6,54.545,5,19.38,0.8,11,2.963,0.674,6,2.996,-0.496,5,2.922,2.078,0,0,,0.2,1.4,9.2,3.2,0.6
Calsher Dear,Hawthorn,20,20.4,Key Forward,3,4.233,47,41.333,0,0,0,63,3.667,3,6.667,45,45.455,44.444,50,0.333,0,55,0.667,0,1,6.667,2,3.333,99,14.85,51.52,150.52,103.85,33.387,28.323,10.643,3.548,41.895,8.105,51.81,-1.81,4,2.667,6.667,60,1.333,3,1.667,0.667,2.333,3.667,2.667,0,0.667,1,48.038,0,0.333,2.333,4,0,0,0,,0,0,0,,2.333,0.667,1.333,0.333,0.333,0.333,0,0.333,0,0,0,,0,,0,,,3,2,0,,2.333,42.857,2,0.667,1,2,0.667,0.667,9,33.333,4,15.385,1,6,3.282,-0.782,5,3.26,-0.46,1,3.392,-2.392,0,0,,0,2.333,17.333,4.667,2
Luke Breust,Hawthorn,35,35.13,Gen. Forward,2,5.95,35,30.5,0,0,0,44.5,3.5,3.5,7,85.714,71.429,100,85.714,1,50,50,2,0,1,7,0,,96.5,13.786,139.26,235.76,81.35,73.795,23.243,8.16,2.331,38.678,21.322,51.464,28.536,2,4.5,6.5,30.769,0,2,0.5,1,1,2,2,0,1.5,1,20.993,0,2.5,2,2,0,0,0,,0.5,0.5,0.5,100,1.5,0,0,0,0,0,1,-1,0,0,0,,0,,0,,,2,2,0,,1.5,0,1,0.5,0.5,1,1.5,3,14,50,5,19.608,0.5,2,3.827,-0.327,1,4.228,1.772,1,3.426,-2.426,0,0,,0,0,6,1,0
Jack Gunston,Hawthorn,34,34.2,Key Forward,5,15.78,103.2,85.2,18,3.6,2,86,9.8,2.6,12.4,69.355,65.306,84.615,67.742,1,40,79.032,1,0,1.2,10.333,1,12.4,255,20.565,85.526,340.526,315.136,150.422,32.157,-2.006,-0.772,37.368,0.132,52.775,15.975,5,7.2,12.2,40.984,0.6,3.6,2,0.6,3,4.8,3.4,0,0.8,1.2,49.627,0,0.4,2.8,9,0,0,0.2,,0,0.2,0.2,100,6,0.8,5,0,3.4,0.6,0.2,0.4,0,0,0,,0,,0,,,1.6,1.2,0,,2.2,18.182,20,4,2.2,6.4,0.8,1.6,31.8,62.5,9,34.884,0.4,32,2.941,1.152,26,3.106,1.125,6,2.229,1.271,0,0,,0,0.8,7.8,1.8,0.6
Jarman Impey,Hawthorn,30,30.47,Gen. Defender,5,8.86,76.6,79.6,4,0.8,2,82,14,6.4,20.4,69.608,62.857,84.375,63.366,3.2,37.5,68.627,3.4,4.8,3,6.8,4.6,4.435,442.2,21.676,228.886,671.086,370.74,187.708,27.26,30.996,4.843,20.992,2.445,53.784,-6.909,5.2,14.4,19.6,26.531,5.4,4.2,0.2,0.2,4,4.2,3.4,0.2,2,9.8,-23.926,6.4,8.8,4,0.4,0,0,0,,0.8,0.8,1,60,4.2,0,0,1.2,0.2,0.6,0.6,0,0,0,0,,0,,0,,,3,0.2,0.8,0,0.2,0,1,0.2,0.2,0.4,0.2,0.6,3,50,3.6,13.953,1.2,2,2.528,0.972,0,,,2,2.528,0.972,0.6,5,100,0.6,2,12,8,1.6
Karl Amon,Hawthorn,30,30.36,Gen. Defender,5,11.72,93.2,86.6,2,0.4,1,83.4,17.8,7.4,25.2,77.778,77.528,78.378,62.4,3,60,70.635,3.6,7.4,3.8,6.632,4.2,6,699.2,27.746,234.904,934.104,582.946,374.77,33.122,31.612,4.391,18.137,-3.851,47.441,-2.203,4.4,17.4,21.8,20.183,4.6,3.8,0,0.2,3.6,3.2,2.6,0,0.8,11.8,-26.068,7.2,9.4,5,0.2,0,0,0,,0.8,0.8,0.6,33.333,4.2,0,0,1,0,0.6,1,-0.4,0,0,0,,0,,0,,,1.4,0,0,,0,,2,0.4,0.2,0.8,0.2,0.6,4.2,50,3.6,13.953,1,4,2.324,0.926,1,2.035,3.965,3,2.42,-0.087,3.4,28.333,100,1.4,1.6,11.4,8.8,1.4
James Sicily,Hawthorn,30,30.98,Gen. Defender,5,7.92,80.2,72.2,2,0.4,1,88.6,12.2,6.8,19,77.895,75.41,82.353,71.579,1.2,50,64.211,1.2,5.6,3.2,5.938,4.4,4.318,337,17.737,184.508,521.508,338.584,156.584,27.753,0.716,0.105,16.874,6.855,63.645,-9.408,5.6,11.4,17,32.941,7.8,4.6,0,1,3.6,4.8,3.8,0,1.4,5,-31.971,7,6.8,3.2,0,0,0,0,,0.6,0.6,0.6,66.667,5.8,0.2,0,3,0,0.8,1.2,-0.4,0,0,0,,0,,0,,,1.8,0,1.4,28.571,0.4,0,0,0,0.2,0.2,0.2,0.2,1.4,0,3.2,12.403,2.4,1,2.37,-1.37,0,,,1,2.37,-1.37,2.6,21.667,92.308,0.2,3.8,9,8,2.8
Tom Barrass,Hawthorn,30,30.23,Key Defender,5,9.14,53.4,32.4,0,0,0,85.2,4.8,4.4,9.2,73.913,75,72.727,65.217,0.8,25,52.174,0.8,2.8,1.6,5.75,2.6,3.538,131.2,14.261,72.156,203.356,133.104,56.492,27.73,-4.774,-1.085,18.439,6.561,54.09,-4.09,4.4,5,9.4,46.809,5.2,3.6,0,1,2.6,4.2,3.4,0,0.8,2.6,-43.057,5.6,2.4,1.4,0,0,0,0,,0,0,0.2,0,2.4,0.6,0,1.4,0.2,0,0.4,-0.4,0.2,0.189,0,0,0,,0,,,0.8,0,1.6,50,0,,0,0,0,0,0,0,0,,1,3.876,0.6,0,,,0,,,0,,,0,0,,0,8.4,4.4,4,7.8
Blake Hardwick,Hawthorn,28,28.9,Gen. Defender,5,10.86,84.6,70.8,8,1.6,2,92.8,12.2,4.6,16.8,75,72.131,82.609,69.88,1.2,100,72.619,1.4,5.4,2.6,6.462,3.6,4.667,358,21.31,182.852,540.852,341.974,185.792,28.498,15.552,3.381,16.323,5.245,56.392,4.392,4.8,8.2,13,36.923,7.8,3.4,0.2,1,2.4,4.6,3.4,0,1.2,3.6,-32.114,5.6,4.6,2.4,0.4,0,0,0,,0.4,0.4,0,,4.2,0.6,0,1.8,0,0.8,1,-0.2,0,0,0,,0,,0,,,3.6,0,0.8,0,0.2,100,0,0,0.2,0.2,0,0,0.2,0,3,11.628,1.8,1,2.577,-1.577,0,,,1,2.577,-1.577,2,16.667,90,0.8,4.4,13.6,12.2,4
Mabior Chol,Hawthorn,28,28.92,Key Forward,5,8.98,70.6,64.8,0,0,0,82.6,6.6,3.8,10.4,65.385,57.576,78.947,68,1.2,50,63.462,1.6,0,2.6,4,1.2,8.667,154.8,14.885,98.846,253.646,159.592,81.838,26.599,5.192,1.366,31.014,7.448,61.202,0.337,5.8,5,10.8,53.704,1,2.8,1.4,1,1.8,3,1.8,0,0.6,1.4,23.282,0.2,3.2,3.2,4.2,6.2,21.528,0.8,12.903,1.2,2,3,66.667,3.8,0.6,1.6,0.6,1,0.6,1.4,-0.8,19.6,18.491,6.4,32.653,1.6,25,1.4,37.5,34.375,3.8,1.6,0,,1.2,16.667,6,1.2,0.8,2.6,0.6,0.8,11.8,46.154,4.4,17.054,1.4,13,3.182,-0.105,8,3.403,-0.153,5,2.828,-0.028,0,0,,0.4,3,12.8,3.2,2.6
Jack Scrimshaw,Hawthorn,27,27.32,Gen. Defender,5,9.88,81.6,65,0,0,0,77.2,9,6,15,80,77.778,83.333,81.333,0.8,25,60,0.8,3.8,2,7.5,1.8,8.333,247.8,16.52,151.292,399.092,233.134,159.788,25.904,6.342,1.057,15.863,-4.752,55.564,13.325,6,8.4,14.4,41.667,6.8,3.8,0,0.8,3,5.2,3,0,0.8,3.8,-41.799,7.4,4.8,2,0.2,0,0,0,,0.2,0.2,0.8,75,5,1,0,2.8,0,0.6,0.8,-0.2,0,0,0,,0,,0,,,3.2,0,1.8,33.333,0,,0,0,0,0,0,0,0,,1.8,6.977,0.8,0,,,0,,,0,,,1.4,11.667,100,1.2,3.8,8.8,7.6,2.2
Josh Battle,Hawthorn,27,27.33,Key Defender,5,9.84,81,62.2,1,0.2,1,94.8,10,7.4,17.4,77.011,80,72.973,70.115,1.2,66.667,57.471,1.4,3.4,2.2,7.909,3.6,4.833,266.6,15.322,220.282,486.882,229.768,136.286,22.977,15.466,2.09,17.909,11.257,64.204,-7.954,6.2,9,15.2,40.789,7.2,3.8,0,0.4,3.4,6.2,3.8,0,0.8,5.6,-39.299,8.2,4.6,2.4,0,0,0,0,,0,0,0,,3.4,0.8,0,1.4,0,0.8,0.8,0,0,0,0,,0,,0,,,2.2,0.2,2.6,7.692,0,,0,0,0,0,0.2,0.2,1.2,,3.4,13.178,0.8,0,,,0,,,0,,,1.8,15,100,0.2,4.8,6.8,5.6,3.2
Changkuoth Jiath,Melbourne,26,26.55,Gen. Defender,5,3.86,37.6,31,0,0,0,55,3.8,5.2,9,73.333,57.895,84.615,80,1.8,88.889,42.222,2.2,0.6,2,4.5,1.2,7.5,132.2,14.689,167.606,299.806,100.794,85.558,26.525,11.862,2.281,27.721,19.338,46.066,18.639,4.2,6,10.2,41.176,1.4,3.2,0.6,0.4,2.8,2,1.8,0.4,0.2,4.8,-0.144,1.6,2.6,5.2,0.8,0,0,0,,1.4,1.4,1.8,77.778,0.4,0,0,0,0.2,0.4,0.8,-0.4,0,0,0,,0,,0,,,2.4,0,0.2,0,0,,0,0,0.4,0.4,1.4,1.6,9,0,3.2,12.403,1,2,2.838,-1.838,0,,,2,2.838,-1.838,0,0,,1.4,1.6,9.6,4.2,0.6
Steven May,Melbourne,33,33.97,Key Defender,2,7.2,91,85,1,0.5,1,84.5,17,4,21,85.714,85.294,87.5,73.81,0.5,100,80.952,0.5,8,3,7,3,7,379,18.048,187.15,566.15,397.72,243.315,23.395,0.11,0.031,13.239,-7.178,66.219,0.448,3.5,11.5,15,23.333,7,2,0,0,2,3.5,2,0,0,3.5,-49.348,9.5,4,1.5,0,0,0,0,,0,0,0,,8,1,0,3.5,0,0,0,0,0,0,0,,0,,0,,,0.5,0,4,25,0,,0,0,0,0,0,0,0,,1.5,8.108,1,0,,,0,,,0,,,6,44.444,91.667,0,5.5,2.5,2,4.5
John Noble,Gold Coast,28,28.76,Gen. Defender,5,8.62,86.4,77.8,3,0.6,2,83.6,14.8,9,23.8,84.034,82.432,86.667,77.311,2.6,53.846,62.185,2.8,5.4,4.2,5.667,4,5.95,504.8,21.21,389.246,894.046,441.842,323.228,29.854,31.448,3.574,15.752,8.906,60.05,4.334,4.2,13.6,17.8,23.596,3.4,3.2,0.2,0.2,3,3.2,2.6,0,0.8,9.4,-25.233,6.6,6,4.8,0.4,0,0,0,,0.4,0.4,0.6,33.333,3.2,0,0.2,0.2,0,0.8,0.8,0,0,0,0,,0,,0,,,1.8,0.2,0.6,33.333,0,,0,0,0.2,0.2,0.4,0.8,3,0,5.6,22.764,1.6,1,2.697,-1.697,1,2.697,-1.697,0,,,5.8,55.769,100,1.8,2,11,8.2,1.4
Joel Jeffrey,Gold Coast,23,23.8,Gen. Defender,5,8.98,71.6,56.8,0,0,0,69.6,11.2,5,16.2,90.123,89.286,92,81.481,2.2,72.727,69.136,2.2,5.4,2.6,6.231,1.8,9,413.4,25.519,188.914,602.314,345.962,301.128,31.451,17.328,3.466,20.282,9.907,53.074,11.077,2.2,12.8,15,14.667,1.6,1.4,0,0,1.4,1.8,1,0,0.4,8.2,-27.767,6,4.8,4,0.2,0,0,0,,0,0,0.2,0,4.2,0.2,0,0.2,0.2,0.4,1.8,-1.4,0,0,0,,0,,0,,,1.4,0.2,0.6,33.333,0,,0,0,0,0,0.4,0.6,2.6,,4,16.26,0.2,0,,,0,,,0,,,1.6,15.385,100,1.2,4,6.6,5.2,3.4
Ben King,Gold Coast,25,25.48,Key Forward,5,9.64,70,53.6,8,1.6,1,84.8,5.8,1.4,7.2,69.444,65.517,85.714,61.111,1.2,33.333,80.556,1.2,0,0.6,12,1.2,6,176.8,24.556,23.43,200.23,219.706,98.878,39.233,-3.246,-2.319,28.607,-14.321,38.047,-9.476,3.4,3.6,7,48.571,0.2,0.6,0.2,0.4,0.2,3.2,0.4,0,0.2,0.8,49.503,0,0.6,1.6,4.8,0,0,0,,0.2,0.2,0.2,100,3.4,1.6,2.8,0,1.6,1.2,0,1.2,0,0,0,,0,,0,,,1,0.8,0,,2.4,33.333,14,2.8,1.2,4.4,0.2,0.2,19.2,63.636,5,20.325,0.4,22,3.696,0.395,18,3.613,0.998,4,4.067,-2.317,0,0,,0,1.2,5.6,0.6,1.2
Wil Powell,Gold Coast,26,26.34,Gen. Defender,5,12.78,94.6,78.4,5,1,2,85.8,10.6,8.4,19,73.684,73.585,73.81,66.316,1.8,55.556,55.789,2.4,4.2,3.6,5.278,4.8,3.958,431.2,22.695,161.036,592.236,376.598,237.386,35.528,29.576,3.521,20.598,12.736,56.243,6.257,6.2,13,19.2,32.292,7.8,4.8,0,0.4,4.4,5.6,4.2,0,1.6,7.2,-25.191,6.4,8.2,4.4,0.2,0,0,0,,0.2,0.2,0.4,0,5.2,0.4,0,2.2,0,0.8,0.8,0,0,0,0,,0,,0,,,3.6,0.2,0.6,0,0,,1,0.2,0.2,0.6,0,0.2,1.6,33.333,4.4,17.886,2.4,3,2.727,-0.394,1,3.073,2.927,2,2.554,-2.054,1.8,17.308,77.778,1,4,13.6,8.8,3.4
Connor Budarick,Western Bulldogs,24,24.73,Gen. Forward,5,2.52,41,45.2,0,0,0,79.8,4.8,5,9.8,67.347,58.333,76,67.347,0.8,50,48.98,1.2,0.4,2.8,3.5,2.6,3.769,127.4,13,115.352,242.752,110.778,43.93,23.079,4.228,0.846,24.664,-13.553,65.379,-15.379,3,7,10,30,0.8,2.2,1,0.6,1.6,2.6,1.8,0,0.8,4.4,11.449,1,2.8,3.6,2.6,0,0,0,,0.2,0.2,0,,2.6,0.6,0.6,0.2,0.4,0.2,0.8,-0.6,0,0,0,,0,,0,,,2.8,1.6,0.6,33.333,1,0,3,0.6,0.4,1.2,0.2,0.4,5.4,50,3,12.195,0.2,6,2.916,0.417,2,2.785,0.715,4,2.982,0.268,0,0,,0,0.8,12,5,0.6
Noah Anderson,Gold Coast,24,24.86,Midfielder,5,18.42,112,94.8,13,2.6,3,87,15.4,13.6,29,68.276,55.844,82.353,66.897,3.8,31.579,53.103,5.8,3.8,4.4,6.591,4.8,6.042,584.6,20.159,316.154,900.754,451.854,292.626,29.341,61.262,4.572,27.122,-6.783,48.871,-4.804,12.4,16.6,29,42.759,3,8.4,1.2,2,6.4,3.6,3.2,3,1.6,11,-4.164,4.8,11.8,9.8,2.6,22.6,83.704,3.4,15.044,3.8,7.2,8.6,72.093,3.8,0,0.2,0,0.4,0.8,2,-1.2,0,0,0,,0,,0,,,2.4,0.2,0,,0,,4,0.8,0.8,2,0.6,1.2,9.8,40,7.4,30.081,2.2,10,2.596,0.204,1,2.489,3.511,9,2.608,-0.163,0,0,,2.6,1,21.4,10.4,0
Matt Rowell,Gold Coast,24,24.5,Midfielder,5,16.68,115.4,93.2,15,3,3,84,10.8,16,26.8,73.134,64.815,78.75,76.866,5.2,76.923,40.299,5.8,1,4,6.7,3.4,7.882,385.2,14.373,299.618,684.818,350.262,264.762,32.432,2.054,0.128,29.57,17.096,44.337,11.219,13.6,13.2,26.8,50.746,3.2,9.6,1.2,2.8,6.8,5.8,5.8,3,3.2,11,0.464,2.8,10.4,10.6,3,22,81.481,3.2,14.545,2.4,5.6,7.2,75,1.6,0,0,0,0.2,1.6,2,-0.4,0,0,0,,0,,0,,,5.8,0.6,0,,0,,4,0.8,0.4,1.2,0.6,1.4,9.6,66.667,8.2,33.333,2.4,6,2.576,1.758,1,2.871,3.129,5,2.517,1.483,0,0,,0.6,0.4,24.4,12,0.2
Sam Flanders,St Kilda,24,24.43,Gen. Forward,5,8.04,64.8,52.2,0,0,0,69.4,8.4,7.2,15.6,78.205,76.19,80.556,75.325,2.8,57.143,53.846,2.8,1,1.6,9.75,2.6,6,223,14.295,243.286,466.286,198.614,153.712,23.645,1.616,0.231,26.019,6.481,56.984,15.516,4.8,10.6,15.4,31.169,2.2,4.6,0.6,0.8,3.8,2.8,2.8,0,1.4,7.2,0.296,2.4,3.6,8.2,1.2,0,0,0,,1.6,1.6,1.2,83.333,2.8,0,0,0.2,0,0.4,0.2,0.2,0,0,0,,0,,0,,,0.8,0.2,0,,0.2,0,1,0.2,0,0.4,0.4,0.6,3.8,50,3.4,13.821,0.4,2,3.548,-0.548,0,,,2,3.548,-0.548,0,0,,0.4,0.4,9.4,3.8,0
Alex Davies,Gold Coast,23,23.78,Midfielder,5,9.98,68.2,50,0,0,0,66.6,5.2,9.6,14.8,66.216,50,75,71.622,1.4,28.571,35.135,1.4,1.4,3,4.933,3.2,4.625,179.6,12.135,195.884,375.484,142.336,80.328,27.372,17.058,1.777,21.318,-11.318,44.242,0.759,8.8,6,14.8,59.459,2.8,6.8,0.6,3,3.8,3.4,2.8,1.4,1.2,4.8,-12.562,3.6,6.6,3.2,1.4,18.8,69.63,1.6,8.511,2.6,4.2,4.8,79.167,0.6,0,0.2,0.2,0.2,0.4,1.6,-1.2,0,0,0,,0,,0,,,3.8,0.6,0,,0,,2,0.4,0.2,0.6,0,0.2,2.8,66.667,4.2,17.073,1.8,3,3.148,1.185,2,2.973,3.027,1,3.498,-2.498,0,0,,0.2,1.2,18.8,8,0.2
Oscar Adams,Gold Coast,22,22.44,Key Defender,2,2.4,35,25.5,0,0,0,62,4,1.5,5.5,54.545,50,66.667,54.545,0.5,100,72.727,0.5,1.5,2.5,2.2,2,2.75,74,13.455,18.2,92.2,73.6,16.11,18.4,-0.935,-0.935,20.013,8.559,73.437,-16.294,3,4,7,42.857,2.5,1,0,0,1,2.5,0.5,0,0,2,-44.773,4,2.5,0.5,0,0,0,0,,0,0,0.5,0,3,1,0,1,0,0.5,1,-0.5,0,0,0,,0,,0,,,1,0,2,25,0,,0,0,0,0,0,0,0,,1,4.651,0,0,,,0,,,0,,,0,0,,0,3.5,7.5,7.5,2
Mac Andrew,Gold Coast,22,22.07,Key Defender,5,7.36,76,61,0,0,0,94.6,8.2,7.6,15.8,81.013,75.61,86.842,73.418,0.8,0,51.899,0.8,3,2.6,6.077,2.6,6.077,292.6,18.519,214.314,506.914,265.952,163.516,32.433,29.286,3.853,19.672,-5.783,55.732,2.602,3.8,11.6,15.4,24.675,4.6,2.2,0.2,0,2.2,3.6,2,0,0.2,5.8,-29.538,7,4.6,3.2,0.6,0,0,0,,0.2,0.2,0,,5.6,0.8,0.4,1,0.2,1.2,1,0.2,0.8,0.879,0,0,0,,0,,,1.2,0,3,13.333,0,,1,0.2,0.2,0.4,0,0.2,1.6,50,2.8,11.382,0.4,2,3.326,0.174,2,3.326,0.174,0,,,0,0,,0.2,6.6,6.4,4.2,6
Bodhi Uwland,Gold Coast,22,22.43,Gen. Defender,5,10.68,87.8,72.8,1,0.2,1,87,11,6.2,17.2,82.558,81.818,83.871,68.605,1.8,44.444,63.953,1.8,4,1.6,10.75,2.8,6.143,359,20.872,221.682,580.682,334.072,192.852,30.37,14.256,2.299,19.685,8.616,60.93,-0.553,4.8,11.6,16.4,29.268,5.6,2.8,0,0.8,2,4,2,0,0.4,4.8,-33.973,8,5,3.2,0.2,0,0,0,,0.6,0.6,0.2,100,6.6,0.6,0,2.2,0,2.2,0.6,1.6,0,0,0,,0,,0,,,1.8,0,0.6,33.333,0,,0,0,0,0,0.4,0.6,2.6,,3.8,15.447,1.8,0,,,0,,,0,,,0.4,3.846,100,0.4,6,6.4,5.2,5.8
Ethan Read,Gold Coast,20,20.48,Key Forward,5,3,41,38,0,0,0,65,5.4,2.6,8,72.5,62.963,92.308,70,1,80,67.5,1.6,0.2,4.2,1.905,2.8,2.857,134.4,16.8,96.882,231.282,148.932,82.776,27.58,6.712,2.582,31.564,15.495,54.466,10.24,4,4.2,8.2,48.78,0.4,1.8,0.8,0.6,1.2,3.2,1,0,0,1.8,26.567,0.2,2.2,3,2.8,2.4,8.889,0.2,8.333,0.4,0.6,0.4,50,3,1,1.2,0,1,0.8,2.2,-1.4,10.2,11.209,2.6,25.49,0.2,7.692,0,15.385,23.077,1.4,0.6,0.2,100,2,10,4,0.8,0.4,1.6,0.2,0.6,6.8,50,4,16.26,0.2,8,3.451,-0.201,7,3.573,0.141,1,2.599,-2.599,0,0,,0,2.4,7,2,1.8
Jarrod Witts,Gold Coast,33,33.29,Ruck,5,13.28,101,88.6,0,0,0,88.4,4,8.6,12.6,63.492,45,72.093,69.841,0.2,0,31.746,0.6,1,3.2,3.937,1,12.6,76.8,6.095,180.834,257.634,78.46,22.186,19.615,6.83,0.794,24.466,-13.354,56.935,-1.379,9.2,4.8,14,65.714,1,3.4,0.2,1.6,1.8,2.8,0.8,0,0.2,3.4,1,1.4,5.2,5.6,1.8,24.6,91.111,0.8,3.252,3,3.8,5.4,70.37,1.6,1.2,0.2,0.4,0,1.8,1,0.8,80,87.912,44.2,55.25,12,27.149,2.2,46.154,40.271,2.6,0,1.2,33.333,0.4,0,1,0.2,0,0.4,0.2,1,3.2,50,4.6,18.699,3.8,2,2.317,0.683,1,1.962,4.038,1,2.672,-2.672,0,0,,0,3.6,5.2,2.6,3
Alex Sexton,Gold Coast,32,32.07,Gen. Forward,2,1.65,29,28.5,0,0,0,56,4,3,7,64.286,50,83.333,64.286,1.5,66.667,57.143,1.5,0,0,,1,7,136.5,19.5,66.545,203.045,126.15,42.74,31.538,0.455,0.152,34.762,5.238,45.54,14.46,2,5,7,28.571,1,2,0.5,0.5,1.5,2,2,0,0.5,2,13.228,0.5,1.5,3.5,1.5,0,0,0,,0,0,0,,2.5,0,0,0,0.5,0,0,0,0,0,0,,0,,0,,,0.5,0.5,0,,0.5,0,0,0,1,1,1,1,7,0,3.5,16.279,0,2,2.98,-1.98,0,,,2,2.98,-1.98,0,0,,0.5,0,3.5,0.5,0
Sam Collins,Gold Coast,31,31.54,Key Defender,5,13.3,68.6,42,4,0.8,1,94.8,6.6,4.2,10.8,87.037,78.788,100,88.889,0.2,100,61.111,0.2,2.6,2,5.4,1.4,7.714,137.4,12.722,140.278,277.678,130.016,94.064,19.699,8.778,2.09,15.902,17.431,69.787,5.97,6.6,4.6,11.2,58.929,8.4,4.8,0,0.8,4,6.4,4.6,0,0.6,1.2,-50.669,7.4,3.4,0.4,0,0,0,0,,0.2,0.2,0.2,100,3.2,0.4,0,2.4,0,1.4,1.2,0.2,0,0,0,,0,,0,,,1.6,0,4.2,38.095,0,,0,0,0,0,0,0,0,,3.2,13.008,1.8,0,,,0,,,0,,,0.2,1.923,0,0,5.6,6,4.6,5.2
Nick Holman,Gold Coast,30,30.59,Mid-Forward,1,5.4,52,35,0,0,0,72,2,4,6,83.333,50,100,83.333,1,0,33.333,1,0,0,,1,6,51,8.5,127.57,178.57,46.22,1.34,23.11,1.75,0.438,21.26,-21.26,65.08,-15.08,4,2,6,66.667,2,3,0,0,3,3,2,0,2,1,-17.505,2,2,1,1,0,0,0,,1,1,1,100,0,0,0,0,0,1,0,1,0,0,0,,0,,0,,,5,2,0,,1,0,0,0,0,0,1,1,6,,1,4.762,0,0,,,0,,,0,,,0,0,,0,0,17,4,0
Touk Miller,Gold Coast,29,29.85,Midfielder,5,14.24,100.2,92.2,3,0.6,2,80.8,11.4,11.6,23,73.043,63.158,82.759,72.174,5.4,59.259,49.565,5.8,0.6,1.6,14.375,3.4,6.765,434.8,18.904,274.168,708.968,375.036,244.048,32.898,26.822,2.312,31.347,9.469,48.692,6.41,8,15,23,34.783,1.8,4.6,0.6,0.6,4,3.8,3,2,1.6,10,2.485,2.2,8.6,10.2,2,12.4,45.926,1.6,12.903,1.6,3.2,3.6,94.444,3,0,0.2,0,0.8,1.8,0,1.8,0,0,0,,0,,0,,,5.8,1.2,0,,0.2,0,0,0,0.8,0.8,1.2,2,8.8,0,8,32.52,0.6,4,2.774,-1.774,1,2.2,-1.2,3,2.965,-1.965,0,0,,0,1,19.8,8.4,0
Lachie Weller,Gold Coast,29,29.85,Midfielder,5,9,61.2,58.4,4,0.8,1,83,8.2,9.8,18,72.222,58.537,83.673,70,3.2,68.75,45.556,4.2,1,2.8,6.429,3.2,5.625,346.8,19.267,154.846,501.646,271.276,194.528,33.082,32.494,3.316,25.714,10.397,44.657,-2.991,6.8,11.4,18.2,37.363,2.8,4.4,0.2,1.2,3.2,3.8,3,1.2,1.2,8.4,-4.708,2.8,6.8,7,1.6,1.4,5.185,0.2,14.286,2,2.2,3.2,75,2.6,0.2,0,0,0,0.8,0.4,0.4,0,0,0,,0,,0,,,1.6,0,0,,0,,0,0,0.4,0.4,1,1,6.4,0,5.2,21.138,0.8,2,2.353,-1.353,0,,,2,2.353,-1.353,0,0,,1,0.6,8.6,3.6,0.2
Brayden Fiorini,Essendon,28,28.35,Midfielder,5,7.8,79,72.4,0,0,0,82.8,8.8,9.8,18.6,70.968,59.091,81.633,71.739,2.4,50,47.312,2.8,1.4,2,9.3,3.6,5.167,235.4,12.656,231.476,466.876,212.87,116.898,24.752,13.334,1.361,27.654,0.917,53.355,0.93,5,13.8,18.8,26.596,4,4.4,1.2,0.2,4.2,3.8,3.4,0.2,2,9,-4.575,3.6,6.2,5.8,3.2,0,0,0,,1,1,0.6,66.667,3.2,0,0.4,0.6,0,0.4,0.2,0.2,0,0,0,,0,,0,,,3.6,0.8,0.4,0,0,,2,0.4,0.2,1.4,0.2,1,4.6,28.571,5,20.325,1.6,7,2.753,-0.895,1,3.139,-3.139,6,2.688,-0.521,0,0,,0,1.2,15.8,7.4,0.8
Ben Long,Gold Coast,28,28.36,Gen. Forward,5,4.42,47.4,50.2,0,0,0,82.8,7.2,2,9.2,67.391,58.333,100,58.696,2,50,78.261,2.4,0,3.4,2.706,3,3.067,198.2,21.543,67.1,265.3,210.884,86.28,30.126,-2.286,-1.143,37.464,-2.169,40.634,0.543,2.8,5.8,8.6,32.558,0.4,1.6,0.8,0.2,1.4,2.6,1.6,0.2,1.2,1.8,45.445,0,0.4,3.2,5,0,0,0,,0.2,0.2,0.4,50,3.8,0.4,1.8,0,1.6,0.4,1.6,-1.2,0,0,0,,0,,0,,,1.8,0.4,0,,2.6,23.077,8,1.6,0.8,3.2,0.6,1,14.4,50,5.2,21.138,0.4,16,3.403,-0.153,10,3.951,-0.151,6,2.49,-0.156,0,0,,0.2,0.4,11,1.8,0.2
Ben Ainsworth,Carlton,27,27.88,Gen. Forward,5,5.4,46,47.4,0,0,0,77.2,6.6,4.6,11.2,73.214,66.667,82.609,69.643,2,60,58.929,2.2,0.4,2.2,5.091,1.4,8,217.2,19.393,130.95,348.15,216.664,128.342,33.854,-0.676,-0.147,30.39,7.705,41.202,20.703,2.6,8.6,11.2,23.214,0.6,2.2,1.4,0.2,2,2.4,2,0,1,4.4,24.025,0.2,3,4,4,0,0,0,,0.2,0.2,0,,3,0.2,1,0.2,0.2,0.4,0.6,-0.2,0,0,0,,0,,0,,,1,0.4,0,,0,,5,1,0.8,2.2,0.4,0.8,9.6,45.455,4.2,17.073,0.2,11,2.837,0.254,6,2.692,0.641,5,3.011,-0.211,0,0,,0,0,8.8,3.2,0
Jy Farrar,Gold Coast,29,29.06,Gen. Forward,5,6.7,56.4,45.8,0,0,0,73.2,5.2,3.2,8.4,73.81,73.077,75,66.667,0.6,33.333,61.905,0.6,0,0.8,10.5,0.8,10.5,125.6,14.952,108.778,234.378,128.092,46.574,24.633,6.244,1.951,31.677,-0.908,68.912,0.318,3.8,4.2,8,47.5,1.2,1.8,1.2,0,1.8,3.8,1.8,0,1.2,1.8,36.82,0,1.2,2.4,4.4,0,0,0,,0,0,0,,3.6,1.4,2,0.4,1,0.6,0.4,0.2,0,0,0,,0,,0,,,1.6,0.6,0,,1.6,50,5,1,1.2,2.4,0.4,1.2,10.4,41.667,4.4,17.886,0.2,12,3.489,-0.489,10,3.644,-1.244,2,2.713,3.287,0,0,,0,1.4,8,1.4,1
Jacob Wehr,Port Adelaide,27,27.49,Midfielder,2,1.7,31,24,0,0,0,29.5,3.5,2.5,6,83.333,71.429,100,83.333,0.5,100,58.333,0.5,0.5,0,,0.5,12,78,13,96.925,174.925,92.675,41.46,26.479,-4.15,-1.66,22.414,20.443,62.91,8.519,1,5.5,6.5,15.385,0.5,0,0,0,0,0.5,0,0,0,3,-17.766,1.5,3.5,1,0.5,0,0,0.5,,0.5,1,0,,2,0,0,0,0.5,0.5,0,0.5,0,0,0,,0,,0,,,0.5,0,0,,0,,0,0,0,0,0.5,0.5,3,,2,7.273,1,0,,,0,,,0,,,0,0,,0,1,5,3,0.5
Matt Whitlock,North Melbourne,19,19.62,Key Defender,1,4.8,13,11,0,0,0,41,1,1,2,100,100,100,100,0,,50,0,0,0,,0,,11,5.5,38.61,49.61,9.22,10.11,9.22,-4.16,-4.16,,,,,2,0,2,100,0,2,1,0,2,2,2,0,1,0,21.82,0,1,0,1,0,0,0,,0,0,0,,0,0,0,0,0,0,0,0,0,0,0,,0,,0,,,0,0,0,,2,0,1,1,0,1,0,0,6,100,1,2.857,0,1,5.588,0.412,0,,,1,5.588,0.412,0,0,,0,0,0,0,0
Jacob Newton,West Coast,19,19.78,Key Forward,2,2.9,25.5,24,0,0,0,47.5,3,0,3,33.333,33.333,,33.333,1,0,100,1,0,0,,0.5,6,82.5,27.5,7.19,89.69,97.1,17.82,32.367,0,,28.243,-28.243,57.427,-24.093,1.5,1.5,3,50,0.5,0.5,0.5,0,0.5,1,0.5,0,0,1,35.827,0,0.5,1,1.5,0,0,0,,0.5,0.5,0,,1,0.5,0,0,0,0.5,0,0.5,0,0,0,,0,,0,,,2,1.5,0,,0,,1,0.5,0.5,1.5,0,0,3.5,33.333,1.5,10.714,0.5,3,3.508,-1.174,1,4.969,1.031,2,2.777,-2.277,0,0,,0,0,8,2,0
Noah Long,West Coast,21,21.35,Gen. Forward,2,4.5,45.5,46.5,0,0,0,76,4,7.5,11.5,65.217,37.5,80,73.913,1.5,0,34.783,1.5,0.5,1.5,7.667,1.5,7.667,107.5,9.348,104.715,212.215,114.165,7.115,28.541,-3.985,-0.531,29.698,-29.698,62.06,-22.06,5,7,12,41.667,1,3.5,1,0,3.5,1.5,1,1,0.5,4.5,22.547,0,4.5,3,4.5,0,0,0.5,,1.5,2,1.5,100,1.5,0,0.5,0,0.5,0.5,0.5,0,0,0,0,,0,,0,,,3,2,0,,0.5,0,1,0.5,1,1.5,0,0,4,33.333,2,14.286,0,3,2.771,-0.104,1,3.212,2.788,2,2.55,-1.55,0,0,,0,0,14,4,0
Jordan Croft,Western Bulldogs,20,20.63,Key Forward,2,7.3,64.5,60,0,0,0,81,6,5.5,11.5,56.522,50,63.636,69.565,0.5,100,52.174,1.5,0,2.5,4.6,2,5.75,162,14.087,92.97,254.97,194.295,83.455,32.382,7.955,1.446,37.137,29.53,34.16,-0.827,7,5,12,58.333,0.5,3.5,2,1.5,2,6.5,3.5,0,1.5,1,44.069,0,1.5,2.5,8,0,0,0,,0.5,0.5,0,,5,2,3.5,0,0.5,1.5,1,0.5,0,0,0,,0,,0,,,1,0,0,,0,,4,2,1.5,4.5,0.5,0.5,16.5,44.444,6.5,22.414,0,9,3.605,-0.605,8,3.331,-0.706,1,5.796,0.204,0,0,,0,1,11,3,1
Sam Davidson,Western Bulldogs,24,24.04,Midfielder,2,9.6,80.5,69,1,0.5,1,71,10,3.5,13.5,70.37,60,100,66.667,0.5,100,74.074,1,1,2.5,5.4,3.5,3.857,251.5,18.63,207.85,459.35,258.065,126.455,25.806,8.06,2.303,24.867,6.383,57.402,-7.402,5,8.5,13.5,37.037,1,3,1,1,2,3.5,2,0.5,1.5,4,12.965,1.5,4.5,4,3.5,0,0,0,,1.5,1.5,1.5,100,4.5,1.5,1.5,0,1,0,1,-1,0,0,0,,0,,0,,,3,1,0,,0,,3,1.5,0.5,2,0.5,1.5,13.5,75,5.5,18.966,0.5,4,3.787,0.963,3,4.185,1.815,1,2.595,-1.595,0,0,,0,1,14,6,0
Jack Henry,Geelong,27,27.33,Key Defender,5,9.18,63.2,50.4,0,0,0,87.2,8,3.6,11.6,74.138,77.5,66.667,70.69,0.6,33.333,68.966,0.6,2.6,1.6,7.25,2.2,5.273,166.4,14.345,157.468,323.868,155.226,67.466,19.403,17.168,4.769,15.944,10.372,67.596,-1.807,5.8,5.6,11.4,50.877,6.8,3.2,0,0.8,2.4,5.6,3,0,0.8,2,-42.822,6.6,4,0.6,0.2,0,0,0,,0.2,0.2,0,,5.4,2.4,0.2,3.2,0,0.2,0.2,0,0,0,0,,0,,0,,,0.8,0,1.4,14.286,0,,0,0,0.2,0.2,0,0,0.2,0,2.4,8.219,1.6,1,2.385,-1.385,1,2.385,-1.385,0,,,0,0,,0.2,3.2,5,4.6,2.8
Zach Guthrie,Geelong,27,27.5,Gen. Defender,5,8.86,78.2,68.6,0,0,0,83.2,11.2,5.4,16.6,77.108,73.214,85.185,71.084,1.4,28.571,67.47,1.4,4,2,8.3,3.2,5.188,302.2,18.205,187.44,489.64,290.122,162.2,25.904,13.328,2.468,18.983,6.471,59.099,-4.553,5,10.6,15.6,32.051,6.2,3.4,0,0.8,2.6,4.2,2.6,0,0.6,4.6,-28.951,6,6.4,3.2,0,0,0,0,,0.8,0.8,0.4,50,5.6,0.8,0,2,0,0.4,0.6,-0.2,0,0,0,,0,,0,,,2.2,0.2,0.8,25,0,,0,0,0,0,0.2,0.4,1.4,,3.6,12.329,1.2,0,,,0,,,0,,,1.6,17.021,62.5,0,2.6,13,8.8,2
Gryan Miers,Geelong,26,26.75,Gen. Forward,5,14.78,94,83.4,5,1,2,78.2,11.8,9.4,21.2,83.019,79.661,87.234,84.906,2.4,75,55.66,2.6,2.2,1.8,11.778,1.6,13.25,293.8,13.858,382.182,675.982,255.76,218.938,21.675,16.404,1.745,25.797,15.712,57.654,19.705,6.6,14.2,20.8,31.731,3.8,5.6,0.6,1.2,4.4,3.8,3.2,0.2,0.8,7.8,-2.035,3,7.6,8.2,2,6.4,20.915,0.2,3.125,1.8,2,2.2,72.727,4.6,0,0.2,0.2,0.2,1,0.2,0.8,0,0,0,,0,,0,,,2.8,0.4,0.2,0,0,,3,0.6,0.2,0.8,1,2.2,11,75,6.8,23.288,2,4,2.545,2.205,1,2.686,3.314,3,2.498,1.835,0,0,,0.2,0.4,19,9.2,0.2
Bailey Smith,Geelong,25,25.06,Midfielder,5,15.5,115.6,107.4,22,4.4,3,86.6,17.4,12.8,30.2,65.563,64.368,67.187,61.589,6,56.667,57.616,6.8,1.6,4.2,7.19,5.2,5.808,533.8,17.675,275.21,809.01,501.094,270.494,28.799,4.358,0.34,26.72,5.748,46.286,4.363,11.2,19.2,30.4,36.842,3.2,8.8,0.8,3.2,5.6,3.8,3.6,1.6,1,13.6,-0.768,3,13.8,11.2,2.4,20.6,67.32,2,9.709,3.2,5.2,6.6,60.606,4.2,0,0,0.4,1,0.4,1.2,-0.8,0.4,0.374,0,0,0,,0,,,4.4,0.4,0,,0,,2,0.4,0.2,0.8,0.8,1.4,8,50,7.6,26.027,2.4,4,2.439,0.811,0,,,4,2.439,0.811,0,0,,0.4,1,19,9,0
Mark O'Connor,Geelong,28,28.95,Gen. Defender,4,4.075,42.5,32.75,0,0,0,86,6,3.75,9.75,87.179,79.167,100,82.051,1,50,61.538,1,1.5,2.75,3.545,1.75,5.571,118.5,12.154,118.235,236.735,138.002,60.612,23,-4.072,-1.086,18.891,6.109,65.736,-3.236,4.5,5.75,10.25,43.902,2.75,3.25,0.5,0.25,3,2.75,2.5,0,1,2,-26.595,4,4.25,1.5,0.5,4.5,14.173,0.25,5.556,1.5,1.75,1,100,2,0,0,0.25,0,2.25,2,0.25,0,0,0,,0,,0,,,1.25,0,0.5,100,0.25,0,0,0,0,0,0.25,0.25,1.5,,2.5,8.85,0.75,0,,,0,,,0,,,0.25,2.703,0,0,0.5,6.75,5,0.25
Sam De Koning,Geelong,24,24.84,Key Defender,5,7.64,67.8,57.4,0,0,0,82.4,5.6,6.8,12.4,80.645,78.571,82.353,79.032,0.8,100,45.161,1.6,1.4,1.8,6.889,2,6.2,125,10.081,178.596,303.596,115.49,93.948,20.623,11.632,1.711,22.076,-2.076,71.795,-7.795,4.8,7.6,12.4,38.71,5.4,3,0.2,0.6,2.4,4.4,2.8,0,0.8,2.8,-23.58,4.8,3.6,3.4,0.6,4,13.072,0,0,0.4,0.4,0.2,100,5,0.8,0.4,2,0,0.8,0.4,0.4,14.6,13.645,3.8,26.027,0.4,10.526,0.2,26.316,36.842,1.8,0,3.2,18.75,0,,1,0.2,0.2,0.4,0.2,0.2,2.6,50,3.2,10.959,1.6,2,4.174,-0.674,2,4.174,-0.674,0,,,0,0,,0,5.4,7.8,5.2,5
Lawson Humphries,Geelong,22,22.68,Gen. Defender,5,6.26,62.8,56.6,0,0,0,80.2,10,3.2,13.2,80.303,80,81.25,78.788,1,100,75.758,1.2,3,0.8,16.5,1.4,9.429,285.6,21.636,172.552,458.152,254.124,199.796,25.931,8.828,2.759,17.824,16.958,58.2,22.235,2.6,9.2,11.8,22.034,2.4,2,0,0.4,1.6,2.4,1.8,0,0.4,3.8,-22.68,4,4.2,2.8,0.8,0.2,0.654,0.2,100,0,0.2,0,,4.4,0.4,0.2,0.4,0,0.2,0.2,0,0,0,0,,0,,0,,,1.8,0,0.4,0,0.2,0,0,0,0.2,0.4,0.4,1,3.2,0,3.6,12.329,0.4,2,2.41,-1.91,1,1.82,-1.82,1,3.001,-2.001,2,21.277,80,0.8,2,9.8,6.8,2
Max Holmes,Geelong,23,23.33,Midfielder,5,16.66,117,102.8,7,1.4,2,82.4,16.8,8.8,25.6,66.406,64.286,70.455,57.812,5.6,32.143,65.625,6.8,5,3,8.533,6.4,4,667,26.055,238.764,905.764,577.022,261.88,34.76,12.586,1.43,22.555,-1.722,49.065,-4.621,9.4,14,23.4,40.171,2.8,7.6,0.4,2,5.6,3.4,3,0.8,0.6,7.8,-6.319,4,9.8,8.6,1,18,58.824,1.6,8.889,1.8,3.4,4.8,75,5,0,0.2,0.4,0.2,0.4,0.2,0.2,0,0,0,,0,,0,,,4,0.2,0.4,0,0,,3,0.6,0.4,1.4,1,1.6,10.6,42.857,6.4,21.918,1.8,7,2.525,0.332,1,2.148,3.852,6,2.588,-0.254,2.6,27.66,92.308,3.4,1.4,18,9.6,0.6
Shannon Neale,Geelong,23,23.43,Key Forward,4,7.775,51.75,42.75,8,2,1,89.25,3,3,6,75,83.333,66.667,66.667,0.5,0,50,1.5,0,2.5,2.4,2.75,2.182,108.75,18.125,33.695,142.445,126.95,72.445,42.317,-2.475,-0.825,24.647,-24.647,49.113,-15.78,4.75,2,6.75,70.37,1,2.75,1.5,0.5,2.25,4.5,2.5,0,0.75,1,42.43,0,0.5,2.5,3.75,0.25,0.787,0,0,0,0,0,,1.75,1,1.5,0,0,1,1,0,10.75,9.451,2.5,23.256,0,0,0,20,10,2.75,1,0,,3.5,35.714,7,1.75,0.5,2.25,0,0.25,11.25,77.778,2.75,9.735,0.5,9,2.709,2.18,7,2.589,2.697,2,3.129,0.371,0,0,,0.25,1.25,11.25,1,1
Oisin Mullin,Geelong,25,25.88,Gen. Defender,5,7.06,41.6,38.6,0,0,0,81.2,3.6,5,8.6,72.093,50,88,67.442,1.2,16.667,41.86,1.4,0.6,1.8,4.778,1.4,6.143,110.6,12.86,101.866,212.466,100.47,44.44,27.908,5.064,1.013,25.621,-5.621,51.311,-24.645,4.6,4.2,8.8,52.273,2,3.8,0.4,1,2.8,2.2,1.6,0,0.8,2,-6.167,1.2,3.6,3.2,0.8,9,29.412,1.6,17.778,0.4,2,1.4,71.429,1.4,0,0,0,0,0.8,0.6,0.2,0,0,0,,0,,0,,,3,0.6,0.2,0,0,,2,0.4,0.2,0.6,0,0,2.6,66.667,2.2,7.534,0.6,3,2.852,1.481,0,,,3,2.852,1.481,0,0,,0.2,1.4,12.2,5.8,0.4
Oliver Dempsey,Geelong,22,22.98,Midfielder,5,12.84,93.2,82.4,9,1.8,1,85.2,10.2,9,19.2,66.667,52.941,82.222,72.917,2.2,63.636,53.125,2.8,0.4,2,9.6,2.8,6.857,266.8,13.896,221.252,488.052,229.382,181.522,22.488,19.396,2.155,28.323,5.011,52.943,3.724,7.2,10.6,17.8,40.449,2.6,6.4,2.6,1.6,4.8,5.8,5,0,3,4.8,13.754,2.4,4.6,5.2,5.6,0,0,0,,1.4,1.4,1.2,66.667,4,0.2,0.8,0.2,0.6,0.6,0.8,-0.2,0,0,0,,0,,0,,,3,0.4,0.4,0,0.4,0,9,1.8,0.8,2.8,1,1.4,18,64.286,7.8,26.712,1,14,3.299,0.844,5,3.155,0.845,9,3.38,0.843,0,0,,0.8,0.6,12.6,5.2,0.6
Connor O'Sullivan,Geelong,20,20.61,Key Defender,5,7.68,58.2,49.4,0,0,0,90.8,7,3.4,10.4,78.846,82.857,70.588,75,0.6,66.667,67.308,0.6,2.2,2.2,4.727,1.6,6.5,161.6,15.538,83.984,245.584,148.144,70.75,21.163,13.28,3.906,18.029,13.4,68.323,5.962,4.6,6.2,10.8,42.593,5.4,2,0,0.2,1.8,4.2,1.6,0,0.6,2.2,-35.203,4.6,4.2,2,0,0,0,0,,0,0,0,,3.8,1,0,2,0,2,1,1,0,0,0,,0,,0,,,2.8,0,2.4,25,0,,0,0,0,0,0.2,0.2,1.2,,2.4,8.219,1.2,0,,,0,,,0,,,0,0,,0,4.6,12,7.8,3.8
Patrick Dangerfield,Geelong,35,35.73,Gen. Forward,5,13.68,92.2,77.2,10,2,1,78.2,9.6,8.6,18.2,64.835,60.417,69.767,60.44,4.2,42.857,52.747,4.6,0.4,3.8,4.789,4,4.55,344.8,18.945,163.538,508.338,341.716,151.38,35.595,-0.112,-0.013,31.797,-2.067,46.442,-0.496,10,8.8,18.8,53.191,0.8,5.6,3.2,4,1.6,5.6,3.2,1.2,1,4.8,21.576,0.4,4.8,7.6,6,8.6,28.105,1.6,18.605,1.2,2.8,3.8,73.684,4.6,1.4,1.4,0,2,1.2,0.4,0.8,0.8,0.748,0.2,25,0,0,0,0,0,2.4,0.6,0,,1,40,6,1.2,0.4,2,1.4,2,16.6,60,6.4,21.918,0.8,10,3.077,0.723,7,3.046,-0.189,3,3.15,2.85,0,0,,0.2,1.2,10.2,2.6,0.2
Rhys Stanley,Geelong,35,35.08,Ruck,3,7.367,64.333,70.667,0,0,0,70.333,6.333,3.333,9.667,62.069,63.158,60,55.172,2.333,42.857,65.517,2.333,1.667,2.667,3.625,2,4.833,200.667,20.759,85.137,285.803,208.907,82.793,32.985,1.87,0.561,26.452,9.912,44.434,-8.07,4.333,4,8.333,52,0.667,1.667,0,0.667,1,1.667,0.333,0,0,2,2.41,0.667,3.667,3,1,20.333,68.539,1.333,6.557,1,2.333,3.333,70,3,1,0.667,0.333,0,1.333,1,0.333,53.333,51.78,22,41.25,3.667,16.667,0.333,31.818,33.333,3.333,0.333,0,,1,66.667,1,0.333,0.333,1,0.333,0.333,4.333,33.333,3,10.714,1.333,3,2.614,-0.281,2,2.64,-2.14,1,2.563,3.437,0,0,,0,3.333,9.667,3.667,3
Tom Stewart,Geelong,32,32.79,Gen. Defender,4,10.75,95.5,84.25,16,4,2,66,15.5,3.75,19.25,83.117,87.097,66.667,71.053,0.5,0,80.519,0.75,6,2,9.625,3.25,5.923,422,21.922,233.43,655.43,383.012,220.155,25.116,2.382,0.635,12.464,11.265,66.532,-2.126,4.75,10.75,15.5,30.645,7.75,3.25,0,0.75,2.5,4,2.5,0,0.5,3.75,-46.922,9.5,4.25,1.75,0,0,0,0.25,,0.25,0.5,0,,7,0.25,0,3.5,0,1.25,0.5,0.75,0,0,0,,0,,0,,,2,0,0.5,0,0,,1,0.25,0,0.25,0,0,1.5,100,3.75,11.905,2,1,3.057,2.943,0,,,1,3.057,2.943,3.5,42.424,100,0.25,2.25,8.25,7.5,2.25
Jeremy Cameron,Geelong,32,32.75,Key Forward,5,9.42,85,78,7,1.4,2,89,10.4,3,13.4,58.209,53.846,73.333,56.716,1.6,37.5,77.612,1.8,0.4,1.2,11.167,2.2,6.091,310.6,23.179,113.316,423.916,326.824,135.668,31.425,5.076,1.692,30.406,6.631,56.534,10.133,4.6,8.8,13.4,34.328,1,2.8,1,0.4,2.4,3.8,2.2,0.2,0.8,3.2,28.289,0.6,1.6,5.4,5.8,0,0,0,,0.6,0.6,0.4,100,6.4,1.2,3,0.2,2,0.2,0.2,0,0.2,0.187,0,0,0,,0,,,2.2,1.4,0,,2.6,23.077,9,1.8,2.4,5,0.2,0.6,14.8,36,7.4,25.342,0.8,25,2.894,-0.254,16,3.257,-0.57,9,2.249,0.306,0,0,,0.2,1,8.6,1.6,0.8
Jack Martin,Geelong,30,30.92,Gen. Forward,5,6.64,53.6,53,0,0,0,56.2,7.6,2.6,10.2,72.549,68.421,84.615,70.588,1.2,66.667,74.51,1.4,1,2.2,4.636,2,5.1,191,18.725,136.606,327.606,181.472,106.432,23.878,6.152,2.366,24.96,19.484,62.766,15.011,3.4,7,10.4,32.692,0.4,2.2,1.4,0.4,1.8,2.2,1.2,0.2,1,2,17.031,0.8,3.6,2.4,3.6,0,0,0.4,,0.2,0.6,1,60,4.6,0.2,1.4,0.4,0.4,0.6,0.8,-0.2,0,0,0,,0,,0,,,1.6,1.4,0,,0,,5,1,0.6,2.2,1,1.2,12.8,45.455,5.4,18.493,0.8,11,3.398,-0.398,7,3.057,-0.342,4,3.997,-0.497,0.2,2.128,100,0,0.4,8.2,2.6,0
Mark Blicavs,Geelong,34,34.76,Ruck,5,8.38,73.6,78.2,11,2.2,2,80.2,5.4,7.4,12.8,64.062,48.148,75.676,69.841,1,60,42.188,1.2,0.4,2.4,5.333,1.8,7.111,132.4,10.344,121.324,253.724,117.07,62.604,22.513,10.476,1.416,28.14,-7.087,46.905,-4.8,6.6,6.2,12.8,51.562,2.2,4.6,0.4,2.2,2.4,3,2.2,0,0.2,3,10.103,0.8,4.8,4.6,2.6,14.6,47.712,1.6,10.959,0.8,2.4,3.2,56.25,2.8,0.6,0.8,0.4,0,0.4,1.4,-1,50.2,46.916,21,41.833,3.8,18.095,1,31.429,39.048,4.4,0.4,0.2,100,1.2,16.667,3,0.6,0.4,1.2,0,0.4,4.4,50,4.6,15.753,2,6,3.667,-0.334,3,3.387,-1.054,3,3.947,0.386,0,0,,0,2,14.6,6.8,1.6
Shaun Mannagh,Geelong,28,28.4,Gen. Forward,5,11.64,79,86.8,7,1.4,1,83.2,11.6,5,16.6,65.06,58.621,80,62.651,3.6,61.111,69.88,4,0.2,3.4,4.882,4.2,3.952,429.6,25.88,158.428,588.028,358.308,241.878,31.431,25.952,5.19,30.159,18.49,47.641,9.116,4.6,12.2,16.8,27.381,0.8,3.2,0.8,1.2,2,1.8,1.4,0.8,0.4,6.2,14.78,0.6,5.4,6.4,4.4,0.2,0.654,0.2,100,2.4,2.6,3,73.333,4.4,0,1.6,0,0.4,0.4,1.2,-0.8,0,0,0,,0,,0,,,5.4,1.2,0,,0.4,0,8,1.6,0.8,2.8,1,1.6,17,57.143,7.2,24.658,1.6,14,2.878,0.836,9,2.984,1.238,5,2.687,0.113,0,0,,1,0.4,18.4,7,0
Tom Atkins,Geelong,30,30.28,Midfielder,5,15.26,107.4,94.8,11,2.2,3,74.6,11.6,10.4,22,74.545,67.241,82.692,74.545,3.8,73.684,52.727,4.8,1.2,3.6,6.111,2.4,9.167,310,14.091,274.122,584.122,273.568,188.94,23.583,18.082,1.739,28.024,9.712,54.484,11.554,11.4,10.8,22.2,51.351,2.8,9.2,1,3.4,5.8,3.8,3.2,0.6,1.4,7.8,-4.429,2.8,9,8.8,1.6,22.4,73.203,1.8,8.036,4,5.8,5.4,70.37,2.4,0,0.2,0,0,2,1.4,0.6,0,0,0,,0,,0,,,8.2,0.8,0,,0.2,0,1,0.2,0.2,0.4,0.8,1.4,6.8,50,7.2,24.658,2,2,3.19,0.31,2,3.19,0.31,0,,,0,0,,0.4,0.8,29.2,14.2,0.2
Tyson Stengle,Geelong,27,27.2,Gen. Forward,5,8.84,73,70.6,3,0.6,2,82.6,10.6,2.8,13.4,55.224,52.83,64.286,58.209,3.4,64.706,79.104,3.8,0,1.8,7.444,1.6,8.375,250.8,18.716,94.29,345.09,276.85,143.688,26.62,7.376,2.634,34.985,16.628,51.693,3.145,4.6,9.2,13.8,33.333,1.8,2.6,1.2,0.2,2.4,4,2.4,0.2,0.4,4.4,38.67,0,1.2,6.2,6.4,0,0,0,,0.4,0.4,0.6,66.667,3.8,0.6,1.8,0.2,0.2,1,0.6,0.4,0,0,0,,0,,0,,,2.8,1.2,0,,1.6,37.5,8,1.6,1.8,4.4,0.8,1,16.4,36.364,7.4,25.342,0.8,22,3.019,-0.428,9,2.962,-1.295,13,3.058,0.172,0,0,,0,0.6,12,1.4,0.2
Jack Bowes,Geelong,27,27.92,Midfielder,5,9.54,65.2,48.6,0,0,0,60.2,7.8,3.6,11.4,68.421,56.41,94.444,64.912,2.2,54.545,68.421,2.4,1,0.8,14.25,1.2,9.5,254.4,22.316,124.438,378.838,224.602,131.186,28.795,20.888,5.802,26.517,9.197,44.813,12.33,5.8,5.6,11.4,50.877,2.2,4.4,1,1,3.4,3.6,2.8,0,1,3.4,7.526,1.6,3.2,3.8,2.8,1.4,4.575,0,0,1.6,1.6,1.8,66.667,1.8,0.2,0.4,0.2,0.4,1,0.2,0.8,0,0,0,,0,,0,,,2,0.6,0,,0.4,100,3,0.6,0.6,1.4,0.6,1.6,8.8,42.857,4.4,15.068,1.4,7,3.198,-0.198,4,3.334,0.166,3,3.016,-0.682,0,0,,1,0.8,9.2,5.2,0.4
Brad Close,Geelong,27,27.42,Gen. Forward,5,7.74,59.8,50.6,0,0,0,80,7.6,4.6,12.2,81.967,73.684,95.652,80.328,2.2,63.636,62.295,2.8,0.4,0.8,15.25,1,12.2,180.2,14.77,180.676,360.876,165.448,103.674,21.769,13.65,2.967,33.349,7.391,49.922,20.449,3.8,7.4,11.2,33.929,0.6,2.4,0.6,0.2,2.2,3.2,1.8,0,1,3.8,25.107,0.4,2.2,5,3.6,0,0,0,,0.4,0.4,0.4,50,2,0.2,0.8,0,0.2,1.4,0.2,1.2,0.2,0.187,0,0,0,,0,,,2.2,0.4,0,,1.2,16.667,2,0.4,0.6,1.2,1.2,2,11,33.333,5.8,19.863,0.6,6,3.867,-1.367,4,3.749,-0.499,2,4.103,-3.103,0,0,,0,0.2,14,2.8,0
Lucas Camporeale,Carlton,19,19.44,Midfielder,1,2.8,15,26,0,0,0,24,4,1,5,80,75,100,80,1,100,80,1,0,0,,0,,119,23.8,41.94,160.94,113.25,73.72,28.312,9.19,9.19,18.685,6.315,66.925,8.075,2,3,5,40,0,0,0,0,0,1,0,0,0,1,-32.034,2,2,1,0,0,0,1,,0,1,0,,2,0,0,0,0,2,0,2,0,0,0,,0,,0,,,1,0,0,,0,,0,0,0,0,0,0,0,,2,8,0,0,,,0,,,0,,,0,0,,0,0,5,2,0
Zak Johnson,Essendon,19,19.01,Gen. Defender,1,1.2,24,39,0,0,0,24,7,3,10,70,71.429,66.667,80,1,100,70,1,1,1,10,1,10,191,19.1,50.06,241.06,187.21,150.22,26.744,0.23,0.077,16.164,26.693,59.077,12.351,1,8,9,11.111,1,1,0,1,0,1,1,0,0,4,-33.352,4,5,0,0,0,0,0,,0,0,0,,4,0,0,0,0,0,0,0,0,0,0,,0,,0,,,0,0,0,,0,,0,0,0,0,1,1,6,,3,18.75,0,0,,,0,,,0,,,1,8.333,100,0,0,2,2,0
Lachlan Gulbin,Gold Coast,19,19.1,Gen. Forward,1,1.3,49,50,0,0,0,71,6,3,9,77.778,83.333,66.667,44.444,3,33.333,66.667,3,0,3,3,5,1.8,213,23.667,85.96,298.96,202.13,39.82,33.688,0.7,0.233,27.835,-11.168,45.118,-28.452,3,6,9,33.333,1,3,1,1,2,2,2,0,1,2,13.226,1,2,5,1,0,0,0,,0,0,0,,4,0,0,0,1,0,2,-2,0,0,0,,0,,0,,,5,2,0,,0,,0,0,0,0,0,0,0,,1,4.545,0,0,,,0,,,0,,,0,0,,0,0,12,2,0
Harrison Ramm,Port Adelaide,19,19.07,Key Defender,1,3.6,28,35,0,0,0,81,5,0,5,60,60,,60,1,0,100,1,2,1,5,2,2.5,96,19.2,20.18,116.18,106.6,23.03,21.32,0,,17.36,22.64,71.298,-11.298,0,5,5,0,1,0,0,0,0,0,0,0,0,1,-38.508,3,1,1,0,0,0,0,,0,0,0,,4,0,0,1,0,0,0,0,0,0,0,,0,,0,,,2,0,1,100,0,,0,0,0,0,0,0,0,,0,0,0,0,,,0,,,0,,,0,0,,0,3,3,1,3
Ewan Mackinlay,Port Adelaide,22,22.45,Midfielder,1,7.4,80,75,0,0,0,73,12,3,15,73.333,66.667,100,66.667,2,50,80,3,1,2,7.5,4,3.75,360,24,104.02,464.02,279.75,168.81,25.432,27.61,9.203,21.782,8.218,53.674,-3.674,3,12,15,20,1,2,0,0,2,1,0,0,0,7,5.417,1,8,3,3,0,0,0,,2,2,1,100,4,0,0,1,0,1,1,0,0,0,0,,0,,0,,,4,1,0,,1,0,1,1,1,2,1,1,13,50,5,23.81,1,2,4.267,-0.767,1,5.527,0.473,1,3.007,-2.007,0,0,,0,1,17,6,0
Rory Atkins,Port Adelaide,31,31.47,Gen. Defender,1,0.1,11,7,0,0,0,25,1,2,3,66.667,100,50,33.333,1,0,33.333,1,0,1,3,1,3,46,15.333,-1.77,44.23,54.51,-10.06,54.51,-13.97,-6.985,29.16,-29.16,36.64,-36.64,1,2,3,33.333,1,1,1,0,1,0,0,0,0,1,-4.93,1,0,1,1,0,0,0,,0,0,0,,1,0,0,1,0,0,1,-1,0,0,0,,0,,0,,,0,0,0,,0,,0,0,0,0,0,0,0,,0,0,0,0,,,0,,,0,,,0,0,,0,0,2,2,0
Roan Steele,Collingwood,24,24.19,Midfielder,3,4.233,31.667,28.333,0,0,0,37.667,5.333,1.667,7,85.714,81.25,100,80.952,1.667,100,76.19,2,0,0,,1,7,145,20.714,63.397,208.397,148.513,111.183,27.846,-1.39,-0.834,24.666,2.001,59.679,20.321,1.667,5,6.667,25,0.667,1,0,0.667,0.333,1.333,0.667,0,0,2,-7.269,0.333,3,3.333,0,0,0,0,,0.333,0.333,0.667,100,2.667,0,0,0.333,0.333,1,0,1,0,0,0,,0,,0,,,0,0,0,,0,,0,0,0,0,0.333,0.333,2,,1,4.478,0,0,,,0,,,0,,,0,0,,0,0.667,5.333,3.333,0.333
Billy Dowling,Adelaide,21,21.5,Mid-Forward,1,9.3,55,53,0,0,0,76,6,8,14,50,50,50,50,1,100,42.857,1,0,3,4.667,2,7,187,13.357,52.81,239.81,180.5,104.8,30.083,19.77,2.471,21.387,-21.387,47.965,-22.965,9,4,13,69.231,1,8,0,2,6,3,2,0,1,1,1.784,1,6,4,2,0,0,1,,3,4,4,75,2,0,1,0,0,1,0,1,0,0,0,,0,,0,,,0,0,0,,0,,2,2,0,2,0,0,12,100,3,10.714,1,2,4.529,1.471,2,4.529,1.471,0,,,0,0,,0,0,11,6,0
Sid Draper,Adelaide,19,19.49,Mid-Forward,1,-5.2,0,16,0,0,0,46,3,2,5,20,0,50,20,1,0,60,1,0,5,1,3,1.667,105,21,-6.15,98.85,108.82,3.21,36.273,2.7,1.35,28.115,-28.115,33.2,-33.2,2,4,6,33.333,1,1,0,0,1,2,1,0,0,4,5.478,0,3,2,1,11,30.556,0,0,0,0,0,,0,0,0,0,0,1,2,-1,0,0,0,,0,,0,,,2,0,0,,0,,0,0,0,1,0,0,0,0,0,0,0,1,2.678,-2.678,0,,,1,2.678,-2.678,0,0,,0,0,5,3,0
Aidan Corr,North Melbourne,31,31.62,Key Defender,1,1.2,10,19,0,0,0,76,2,2,4,75,50,100,75,0,,50,0,0,2,2,0,,26,6.5,71.6,97.6,41.34,-7.59,20.67,-7.46,-3.73,25.13,-25.13,68.025,-18.025,4,1,5,80,2,2,0,0,2,4,2,0,2,1,1.354,0,2,3,0,0,0,0,,0,0,0,,0,0,0,0,0,1,0,1,0,0,0,,0,,0,,,2,0,0,,0,,0,0,0,0,0,0,0,,0,0,0,0,,,0,,,0,,,0,0,,0,1,8,1,0
Mitch Knevitt,Geelong,22,22.97,Midfielder,1,2.1,10,12,0,0,0,12,2,1,3,33.333,0,100,33.333,0,,66.667,0,0,0,,1,3,110,36.667,37.36,147.36,94.83,-1.14,47.415,-1.01,-1.01,23.82,-23.82,29.34,-29.34,1,2,3,33.333,0,1,1,0,1,1,1,0,1,1,28.763,0,1,0,2,0,0,0,,0,0,0,,1,0,1,0,0,0,0,0,0,0,0,,0,,0,,,0,0,0,,0,,0,0,1,1,1,1,7,0,2,6.061,0,1,1.131,-0.131,1,1.131,-0.131,0,,,0,0,,1,0,1,0,0
Jed Bews,Geelong,32,32.04,Gen. Defender,1,10.6,88,68,0,0,0,80,11,4,15,86.667,81.818,100,80,0,,73.333,0,5,1,15,2,7.5,234,15.6,147.57,381.57,191,163.92,17.364,11.29,2.823,18.558,26.896,68.562,4.165,6,10,16,37.5,6,5,1,3,2,3,3,0,0,3,-34.241,8,5,2,1,0,0,0,,3,3,1,100,6,0,0,2,0,0,1,-1,0,0,0,,0,,0,,,3,0,0,,0,,0,0,0,0,0,0,0,,6,18.182,3,0,,,0,,,0,,,0,0,,0,1,12,9,0
Josh Gibcus,Richmond,22,22.74,Key Defender,1,5.4,43,25,0,0,0,56,5,2,7,71.429,60,100,57.143,0,,71.429,0,2,1,7,1,7,128,18.286,119.11,247.11,127.59,22.66,25.518,6.4,3.2,15.177,-15.177,64.007,-14.007,3,4,7,42.857,3,3,0,2,1,3,3,0,0,1,-48.909,4,3,0,0,0,0,0,,0,0,0,,3,0,0,0,0,0,1,-1,0,0,0,,0,,0,,,0,0,2,0,0,,0,0,0,0,0,0,0,,0,0,0,0,,,0,,,0,,,0,0,,0,6,9,9,6
Riley Bice,Sydney,25,25.26,Gen. Defender,1,7,34,33,0,0,0,33,4,7,11,90.909,100,85.714,100,0,,36.364,0,0,0,,0,,50,4.545,76.69,126.69,38.18,22.98,9.545,-6.98,-0.997,17.052,57.947,70.398,29.602,5,7,12,41.667,5,4,0,1,3,5,4,0,0,6,-42.338,6,6,0,0,0,0,0,,0,0,0,,1,0,0,0,0,0,0,0,0,0,0,,0,,0,,,1,0,0,,0,,0,0,0,0,0,0,0,,5,17.857,2,0,,,0,,,0,,,1,11.111,0,0,2,6,2,1
Corey Warner,Sydney,22,22.23,Mid-Forward,1,9.5,75,67,0,0,0,75,11,3,14,85.714,81.818,100,78.571,4,75,78.571,5,3,3,4.667,1,14,422,30.143,287.09,709.09,378.25,287.31,34.386,22.87,7.623,25.804,24.196,48.924,31.076,3,12,15,20,1,2,1,0,2,1,0,0,0,3,-11.995,4,3,7,1,0,0,0,,1,1,2,50,10,1,0,1,0,0,1,-1,0,0,0,,0,,0,,,0,0,0,,2,0,0,0,1,1,4,4,25,0,6,21.429,1,1,2.473,-1.473,1,2.473,-1.473,0,,,0,0,,0,0,2,2,0
Lucca Grego,West Coast,19,19.29,Gen. Defender,1,3.6,59,56,0,0,0,82,9,5,14,71.429,55.556,100,57.143,1,0,64.286,1,5,2,7,3,4.667,235,16.786,108.98,343.98,230.86,33.98,25.651,11.04,2.208,14.384,-14.384,59.692,-26.359,6,5,11,54.545,5,4,0,0,4,5,3,0,1,3,-39.937,6,5,1,0,0,0,0,,1,1,0,,5,2,0,2,0,0,0,0,0,0,0,,0,,0,,,1,0,1,0,0,,0,0,0,0,0,0,0,,0,0,0,0,,,0,,,0,,,3,30,66.667,0,1,7,5,1
Isaac Keeler,St Kilda,21,21.69,Key Forward,1,5.8,57,51,0,0,0,84,8,5,13,76.923,75,80,76.923,0,,61.538,0,1,2,6.5,4,3.25,157,12.077,127.73,284.73,154.88,147.65,19.36,-3.13,-0.626,28.593,14.264,58.639,12.79,4,9,13,30.769,1,3,2,0,3,4,3,0,1,7,14.361,1,6,2,4,2,6.061,0,0,0,0,0,,3,1,0,0,0,0,1,-1,16,13.675,1,6.25,0,0,0,0,0,1,1,0,,2,50,1,1,0,1,1,1,12,100,5,21.739,0,1,4.31,1.69,0,,,1,4.31,1.69,0,0,,0,2,9,2,2
Arthur Jones,Western Bulldogs,22,22.45,Mid-Forward,1,10,33,33,0,0,0,42,3,3,6,83.333,100,66.667,100,0,,50,0,0,0,,0,,95,15.833,40.99,135.99,83.46,89.55,27.82,6.63,2.21,14.58,-14.58,54.21,45.79,4,2,6,66.667,0,3,2,0,3,3,2,0,0,0,31.838,0,2,0,4,0,0,0,,1,1,1,100,2,1,1,0,0,0,0,0,0,0,0,,0,,0,,,0,0,0,,1,0,2,2,0,2,0,1,13,100,5,18.519,1,2,3.235,2.765,1,3.58,2.42,1,2.891,3.109,0,0,,0,0,6,0,0
Hugh McCluggage,Brisbane,27,27.83,Midfielder,5,16.58,108.6,105.4,26.5,5.3,4,82.4,13.4,15,28.4,65.493,52.239,77.333,66.667,4.6,52.174,47.183,5.2,1,3.8,7.474,5.4,5.259,391.8,13.796,281.644,673.444,369.884,186.464,28.022,4.012,0.267,27.526,-1.111,49.219,-2.049,11.8,16.8,28.6,41.259,2.6,8.8,1.6,2,6.8,4.2,3.6,1.8,1.8,10.8,4.214,2.6,10.6,11.4,4,20.2,71.127,2.4,11.881,3.8,6.2,5.8,75.862,4.2,0.2,1,0.2,0,1,0.8,0.2,0,0,0,,0,,0,,,3.8,0.4,0,,0.2,100,7,1.4,0.4,2.6,0.8,1.6,14.4,53.846,6.4,22.857,1.8,13,2.834,0.551,6,2.47,-0.137,7,3.145,1.14,0,0,,0.2,1.6,18.2,8,0.4
Cam Rayner,Brisbane,26,26.19,Gen. Forward,5,12.4,78,70.4,3,0.6,2,84.2,9.4,5,14.4,61.111,55.319,72,58.333,3.4,29.412,65.278,5.4,0.6,3.6,4,3.2,4.5,333,23.125,69.694,402.694,300.93,141.96,32.014,15.014,3.003,28.784,-3.784,46.053,-8.553,8,7,15,53.333,2.8,5.2,1.8,1.4,3.8,4.8,3.2,0.4,1.8,4.4,19.06,0.4,4.8,5.8,4,4,14.085,0.4,10,2,2.4,1.8,77.778,2.8,0.6,0.6,0,0.6,1.6,1.6,0,0,0,0,,0,,0,,,3.6,0.6,0,,0.4,0,9,1.8,1.8,4,0.4,0.8,15.4,45,6.2,22.143,2.4,20,3.139,0.011,6,4.396,-0.063,14,2.6,0.043,0,0,,0.2,1.8,12.2,3.2,0.6
Zac Bailey,Brisbane,26,26.27,Mid-Forward,5,12.5,92.8,94,13.5,2.7,3,88,14.2,8.2,22.4,72.321,64.789,85.366,70.536,2.8,35.714,63.393,3.4,1,3.4,6.588,3.6,6.222,363.2,16.214,200.06,563.26,326.632,151.376,23.002,12.172,1.484,27.504,2.729,60.675,2.116,8.4,13.4,21.8,38.532,1.2,4.6,1,0.8,3.8,2.6,2.2,2.4,0.8,7.2,7.654,3.4,6.4,7,5,9.8,34.507,1.2,12.245,3.8,5,5.2,84.615,5.2,0.2,1.2,0,0.4,1.2,2,-0.8,0,0,0,,0,,0,,,2.8,0.8,0,,0,,9,1.8,2.2,4.4,0.2,0.2,14.2,40.909,8.2,29.286,0.8,22,3.326,-0.372,9,2.984,0.127,13,3.563,-0.717,0,0,,0.4,1.4,14.2,5,0.4
Brandon Starcevich,West Coast,26,26.43,Gen. Defender,5,5.94,49.4,41.8,0,0,0,76.6,7.2,2.8,10,82,77.778,92.857,72,1,40,72,1,2.4,2,5,1.6,6.25,202.8,20.28,109.096,311.896,183.288,83.158,25.457,12.63,4.511,17.669,8.045,63.643,-3.643,3.4,6,9.4,36.17,4.4,2.2,0,1.2,1,3.4,2.2,0,1,2,-38.559,4.8,3.4,1.2,0,0,0,0,,0,0,0,,3.6,0.6,0,1,0,0.4,1,-0.6,0,0,0,,0,,0,,,1.6,0,1.6,50,0,,0,0,0,0,0.2,0.4,1.4,,1.6,5.714,1,0,,,0,,,0,,,1,9.434,80,0,1.4,7,4.4,1.2
Bruce Reville,Brisbane,24,24.85,Midfielder,4,6.275,46.75,39.75,0,0,0,49.25,6.75,2.75,9.5,78.947,74.074,90.909,65.789,2,50,71.053,2.25,1,1.75,5.429,1.75,5.429,265.75,27.974,134.812,400.562,258.612,144.457,38.313,1.213,0.441,23.942,7.876,38.461,20.63,2.5,6.75,9.25,27.027,2,2.5,0.5,0.5,2,2,2,0,0.25,2.25,2.744,1.5,2.5,3.75,1.5,0,0,0,,0.75,0.75,0.5,100,3,0,0.25,0.25,0.25,0.25,0.75,-0.5,0,0,0,,0,,0,,,1.25,0.25,0.25,100,0.25,0,1,0.25,0.5,1,0.75,1.25,7,25,3.25,10.744,0.5,4,3,-1,2,3.258,0.242,2,2.743,-2.243,0,0,,0.5,0.5,5,2.25,0.5
Kai Lohmann,Brisbane,22,22.65,Gen. Forward,5,8.34,69,66.2,0,0,0,80.2,6.8,6.8,13.6,61.765,50,73.529,67.164,1.6,50,50,3.2,0.2,2.8,4.857,3.2,4.25,160.8,11.824,116.26,277.06,171.908,101.798,25.281,6.574,0.967,34.328,-10.798,47.8,-18.388,6,7.4,13.4,44.776,1.2,4.4,2,0.4,4,5.2,4,0,2.2,2.8,32.974,0.2,2.4,5.2,5.6,0,0,0.2,,0.6,0.8,0,,3.4,0.4,1.4,0,0.6,1,1,0,0,0,0,,0,,0,,,2.8,1.2,0.2,100,0.6,0,10,2,0.8,3.4,0.6,1,16.8,58.824,5.4,19.286,0.4,17,3.627,0.138,11,3.841,0.25,6,3.234,-0.067,0,0,,1,1,13,2.8,0.4
Darcy Wilmot,Brisbane,22,22,Gen. Defender,5,11.72,95.2,88.6,8,1.6,1,83.6,16.2,7.6,23.8,78.151,76.543,81.579,73.729,2.4,41.667,68.067,2.6,3.6,3.4,7,4,5.95,407,17.101,225.8,632.8,347.314,236.836,21.439,43.762,5.758,19.896,0.937,67.007,1.048,6,16,22,27.273,6.4,4.8,0.2,1.2,3.6,4.2,3.2,0,1,8.6,-22.4,7,9.4,5.2,0.4,0,0,0.2,,1.2,1.4,2,70,6.2,0,0,1.6,0.4,0.6,0.6,0,0,0,0,,0,,0,,,1.8,0,0.6,0,0,,0,0,0.2,0.2,0,0.4,0.6,0,4.2,15,1.2,1,2.619,-1.619,0,,,1,2.619,-1.619,1.6,15.094,100,1,2.6,10.6,6.4,1.6
James Tunstill,Brisbane,22,22.45,Midfielder,1,0.2,11,18,0,0,0,12,3,0,3,100,100,,66.667,1,0,100,1,1,0,,0,,94,31.333,0.76,94.76,109.85,54.99,36.617,0,,27.533,-27.533,38.743,27.923,0,3,3,0,1,0,0,0,0,0,0,0,0,0,0.567,1,0,2,0,0,0,0,,0,0,0,,3,0,0,1,0,0,0,0,0,0,0,,0,,0,,,0,0,0,,0,,0,0,0,0,0,0,0,,0,0,0,0,,,0,,,0,,,0,0,,0,0,2,1,0
Will Ashcroft,Brisbane,21,21.65,Midfielder,5,18.26,115.2,112.8,26.5,5.3,3,86,15.6,12,27.6,65.942,43.59,95,67.391,6,50,56.522,6.8,2.4,4.2,6.571,5.2,5.308,469,16.993,326.368,795.368,396.662,238.076,25.427,28.506,2.376,28.878,3.881,47.307,-5.928,11.2,15.4,26.6,42.105,2.2,7.6,2.2,1.4,6.2,3.2,2.8,2.4,0.8,9.6,7.125,3.6,7.2,11.4,4.4,16.2,57.042,2.6,16.049,4.4,7,7.6,76.316,5,0.2,0.2,0.6,0,0.8,0.6,0.2,0,0,0,,0,,0,,,5.4,1,0,,0,,5,1,0.4,2.2,1.6,3.4,17.8,45.455,8.2,29.286,1.4,11,2.185,0.724,3,2.709,1.625,8,1.989,0.386,0,0,,0.6,0.8,13.8,6.2,0
Jaspa Fletcher,Brisbane,21,21.84,Gen. Defender,5,12.82,90.4,85.8,4.5,0.9,1,81.6,13.4,8.6,22,80.909,74.627,90.698,74.545,2,30,60.909,2.2,2.8,2.2,10,3.4,6.471,370.8,16.855,277.222,648.022,305.344,193.594,22.787,27.464,3.193,20.259,9.9,61.249,3.83,6.4,14.6,21,30.476,4.6,5,0,0,5,4.8,3.8,0.2,1.2,8,-22.906,6.8,9.2,4.6,0.4,0,0,0,,1.4,1.4,1.2,100,6.4,0.6,0,1,0.6,0.8,0.4,0.4,0,0,0,,0,,0,,,1.8,0,0.4,50,0,,2,0.4,0,0.4,0.2,0.4,3.8,100,5.4,19.286,1.4,2,2.771,3.229,0,,,2,2.771,3.229,1,9.434,60,1,0.8,11,7.2,0.6
Logan Morris,Brisbane,20,20.64,Key Forward,5,6.46,46.6,46,0,0,0,83.2,6.8,1.8,8.6,55.814,55.882,55.556,51.163,2,30,79.07,2.2,0,2.2,3.909,2.2,3.909,182.6,21.233,63.802,246.402,194.806,93.16,28.648,1.49,0.828,32.335,-0.517,53.114,5.977,3.2,5.2,8.4,38.095,0.2,1.4,1,0.2,1.2,3.2,1.4,0,0.6,2,35.854,0,1,3.4,4,0,0,0,,0,0,0,,3,1,1.6,0,0.8,0.8,0.4,0.4,0,0,0,,0,,0,,,1.4,0.4,0,,3.6,16.667,6,1.2,0.6,2.2,0.6,1,11.8,54.545,3.8,13.571,0,11,3.301,0.244,8,3.204,0.171,3,3.559,0.441,0,0,,0.2,0.6,6.8,1.6,0.4
Sam Marshall,Brisbane,19,19.94,Midfielder,5,4.56,40.6,41.4,0,0,0,53.6,5.8,6,11.8,76.271,72.414,80,76.271,1.8,44.444,49.153,1.8,0.4,0.8,14.75,1,11.8,192.8,16.339,131.508,324.308,160.154,110.074,27.613,11.844,1.974,26.381,-2.243,48.387,10.234,2.4,9,11.4,21.053,1.2,2,0.2,0.8,1.2,1.4,1.2,0.2,0.4,6.6,-2.83,1,5.2,4.8,0.4,0,0,0,,0.6,0.6,0.6,33.333,1.8,0,0.2,0.2,0,0.2,0,0.2,0,0,0,,0,,0,,,1.6,0,0,,0,,0,0,0,0,0.2,0.6,1.6,,2.6,9.286,0.4,0,,,0,,,0,,,0,0,,0,0.4,8.2,5.4,0
Levi Ashcroft,Brisbane,19,19.03,Midfielder,5,7.26,60,60.8,0,0,0,68.8,9.2,6.4,15.6,73.077,69.565,78.125,61.538,1.8,33.333,58.974,2.2,2,1.6,9.75,2.6,6,222,14.231,96.598,318.598,224.38,81.886,24.931,-3.862,-0.603,22.514,-10.014,57.032,-4.532,5.6,10,15.6,35.897,1.4,4.4,1,1.4,3,1.6,1,0.6,0.6,5.4,-1.555,2.8,4.2,6.2,2.4,5,17.606,0.6,12,2,2.6,2.8,71.429,3.8,0,0,0,0,0.4,0.2,0.2,0,0,0,,0,,0,,,2,0.4,0,,0,,1,0.2,0,0.6,0,0,1.2,33.333,2.2,7.857,0.4,3,2.101,-0.101,2,1.827,1.173,1,2.649,-2.649,0,0,,0,0.8,11.6,5.8,0
Ty Gallop,Brisbane,19,19.89,Key Forward,5,6.78,48.4,46.2,2,0.4,1,73.6,4.2,5,9.2,71.739,71.429,72,73.913,1.2,66.667,45.652,1.6,0,1.6,5.75,2.4,3.833,140.8,15.304,74.466,215.266,136.45,89.516,34.112,7.658,1.532,29.747,-8.319,54.265,2.878,4.6,5,9.6,47.917,1.2,3.2,1,1,2.2,4,2.6,0,0.6,2,24.538,0,2.4,3.8,3.4,0,0,0,,0.2,0.2,0.2,100,3,0.8,1.2,0,0.6,0.4,1,-0.6,3.4,3.131,0.8,23.529,0,0,0,25,25,2.8,0.6,0,,1.8,33.333,4,0.8,0.4,1.4,0.6,0.8,9,57.143,3.6,12.857,0.8,7,2.992,0.722,4,3.038,0.462,3,2.931,1.069,0,0,,0,0.8,10.4,4,0.4
Dayne Zorko,Brisbane,36,36.89,Gen. Defender,5,14.6,108,110.6,0,0,0,83.6,22,5.8,27.8,78.417,76.364,86.207,75.54,4,45,79.137,4.4,6.6,4.2,6.619,4,6.95,702,25.252,255.008,957.008,643.896,460.81,29.268,26.138,4.507,19.303,4.969,58.935,8.055,6,14.4,20.4,29.412,5.4,4.8,0.4,0,4.8,4.6,3.8,0.2,1.4,6.8,-21.105,6.2,8,5.8,0.4,0,0,0.6,,0.8,1.4,0.8,75,6.4,0,0,1,0,0.8,1.2,-0.4,0,0,0,,0,,0,,,3.8,0.2,0.4,50,0,,1,0.2,0.2,0.4,0.2,0.4,2.8,50,5.6,20,2.4,2,3.16,0.34,0,,,2,3.16,0.34,6.8,64.151,97.059,0.2,1,13.2,8.6,0.4
Ryan Lester,Brisbane,33,33.34,Gen. Defender,5,7.7,71.6,68,0,0,0,87,9.4,4.6,14,84.286,82.979,86.957,71.429,0.6,33.333,67.143,0.6,3.2,0.8,17.5,2.2,6.364,237,16.929,231.046,468.046,202.826,114.58,21.577,10.05,2.185,19.041,-3.823,68.271,-3.053,2.6,11.4,14,18.571,4.2,2.4,0,0,2.4,2,2,0,1,3,-35.61,6.2,5.8,2,0,0,0,0,,0.6,0.6,0.4,100,7.8,0,0,2,0.2,0.4,0.4,0,0,0,0,,0,,0,,,2,0,1.2,33.333,0,,0,0,0,0,0,0.2,0.2,,2.2,7.857,1,0,,,0,,,0,,,0,0,,0.2,3.6,7.8,5.6,2.8
Sam Day,Brisbane,33,33.31,Key Forward,2,4.85,45,35,0,0,0,68,4,3.5,7.5,66.667,37.5,100,66.667,1,50,53.333,1,0,1.5,5,0.5,15,99.5,13.267,63.555,163.055,120.17,36.845,30.042,1.545,0.441,24.343,25.657,36.985,-11.985,6,2,8,75,0.5,2.5,0,1,1.5,4,2,0,0.5,1.5,23.479,0,2.5,3.5,2,3,10.909,0,0,1,1,2,50,1.5,1,1,0,0,0.5,0.5,0,11,10.329,5.5,50,1,18.182,1,45.455,36.364,1.5,0.5,0,,2,0,0,0,1,1,0.5,1,4.5,0,3,11.321,0.5,2,4.197,-3.197,2,4.197,-3.197,0,,,0,0,,0,1,8.5,3.5,0
Darcy Gardiner,Brisbane,30,30.27,Key Defender,5,8.36,67.8,54.6,4,0.8,2,88.2,8.2,3.4,11.6,82.759,78.049,94.118,79.31,0.4,50,70.69,0.6,3.6,1.8,6.444,1.4,8.286,166,14.31,143.374,309.374,164.84,99.64,20.102,8.014,2.357,15.185,9.205,65.47,5.261,3.6,8.6,12.2,29.508,4,2.6,0,0.2,2.4,3.2,2.2,0,0.4,3,-38.781,6.2,4.8,1.2,0,0,0,0,,0.2,0.2,0.4,50,5.8,0.4,0,1.4,0,0.2,0.8,-0.6,0,0,0,,0,,0,,,2,0.2,3.4,11.765,0,,0,0,0,0,0.2,0.4,1.4,,2,7.143,0.6,0,,,0,,,0,,,0,0,,0,7.6,6.8,5.4,6.4
Darcy Fort,Brisbane,32,32.4,Ruck,5,12,83.4,89.8,0,0,0,84.8,7,4,11,54.545,42.857,75,58.182,1,20,63.636,1.2,1,3.4,3.235,2.4,4.583,144.2,13.109,91.878,236.078,140.482,48.354,21.285,-1.054,-0.264,21.187,-1.187,49.822,3.512,7.6,4.4,12,63.333,1.4,4.2,0.2,1.4,2.8,2,1,0,0,2.8,-2.498,1.2,6.2,3.2,1.4,24,84.507,1.4,5.833,2.2,3.6,4.6,91.304,1.4,0.4,0,0.2,0.2,1,1.4,-0.4,84.4,77.716,38.8,45.972,8.6,22.165,1.8,42.784,45.361,5.2,0.2,0.6,33.333,0.6,0,0,0,0.2,0.2,0.4,0.6,2.8,0,4,14.286,4,1,2.927,-1.927,0,,,1,2.927,-1.927,0,0,,0,4.2,14.4,6.6,3.2
Callum Ah Chee,Adelaide,28,28.22,Gen. Forward,5,5.94,70.6,70.8,0,0,0,84.2,12,4.4,16.4,76.829,71.667,90.909,69.512,1.6,50,73.171,2.2,1.8,2.6,6.308,3.2,5.125,290.4,17.707,223.242,513.642,266.992,129.07,22.626,4.33,0.984,21.704,3.786,61.952,6.675,4.2,12.6,16.8,25,3.2,2.8,0.6,0.8,2,3.4,2.4,0,0.8,5.6,-6.956,3.8,6.2,4.4,2.4,0,0,0,,0.6,0.6,0.6,100,6.2,0.6,0.4,0.8,0.6,0.8,0.6,0.2,0,0,0,,0,,0,,,1.6,0.2,0.2,0,0.2,0,1,0.2,0.8,1.2,0.6,0.8,5.8,16.667,4,14.286,0.8,6,2.502,-0.835,2,2.405,-1.905,4,2.55,-0.3,0,0,,0.4,0.6,8.8,3.2,0.6
Charlie Cameron,Brisbane,31,31.49,Gen. Forward,5,7.88,67,57.4,1.5,0.3,1,81.8,7,3.2,10.2,64.706,57.143,81.25,70.588,0.6,66.667,68.627,1,0.2,1.6,6.375,1.4,7.286,157,15.392,82.918,239.918,159.322,95.53,23.43,0.168,0.053,26.457,23.543,61.766,0.734,5.2,5.6,10.8,48.148,0.6,3,1.8,0.8,2.2,4.2,2.2,0,0.6,1.8,31.019,0.6,2,3,5.2,0,0,0.2,,0.6,0.8,0.4,100,3.4,0.6,1.6,0,1.4,0.8,0.6,0.2,0,0,0,,0,,0,,,2.4,1.2,0,,0.4,0,8,1.6,1.6,3.6,0.4,0.8,14,44.444,6.2,22.143,0.6,18,3.733,-0.622,12,3.817,-0.484,6,3.564,-0.898,0,0,,0,0.8,11.4,2,0
Josh Dunkley,Brisbane,28,28.97,Midfielder,5,8.82,107.8,117.8,15,3,3,82.4,10.8,12.8,23.6,66.949,53.704,78.125,71.186,2.2,45.455,45.763,2.2,0.6,3,7.867,3.2,7.375,208.6,8.839,293.546,502.146,225.71,87.236,20.899,-1.896,-0.148,23.712,-7.433,63.016,-7.202,9.2,13.8,23,40,3,6.4,0.8,3,3.4,3.4,2.8,1.2,0.6,7.2,1.014,2.2,10.2,8,2.6,21.6,76.056,0.4,1.852,3.6,4,5.2,61.538,5.4,0,0.6,0.6,0.2,1.4,0.8,0.6,0.2,0.184,0,0,0,,0,,,10.4,2,0.2,0,0.4,0,2,0.4,0.6,1,0.2,0.4,4.4,40,4.6,16.429,2,5,3.673,-0.673,3,3.987,-1.32,2,3.203,0.297,0,0,,0,2.4,26.4,11.6,1.6
Harris Andrews,Brisbane,29,29.05,Key Defender,5,14.48,106,89,22.5,4.5,3,96.8,13.6,4.4,18,85.556,88.235,77.273,84.27,1.2,83.333,75.556,1.2,4,2,9,1.4,12.857,250,13.889,300.24,550.24,231.616,171.734,17.031,15.716,3.742,16.025,8.217,75.666,9.183,5.8,11.2,17,34.118,9.4,3.6,0,1.4,2.2,5.8,3.6,0,0.6,1.8,-43.312,10.4,4.4,2.2,0,0,0,0,,0,0,0,,10.8,1.8,0,4.4,0,0.4,1,-0.6,0,0,0,,0,,0,,,2.4,0,3,20,0,,0,0,0,0,0,0.4,0.4,,3.6,12.857,2.4,0,,,0,,,0,,,0.2,1.887,0,0,6.8,5.2,4.8,5.8
Daniel Rioli,Gold Coast,28,28.7,Gen. Defender,3,9.767,65.333,51.333,0,0,0,79,8,7.333,15.333,80.435,75,86.364,73.913,1.333,25,52.174,1.667,4,1.667,9.2,1.333,11.5,238.667,15.565,227.127,465.793,179.097,131.38,22.387,18.727,2.554,18.763,3.965,65.932,6.795,5.333,8.667,14,38.095,4.667,4.333,0.333,0.667,3.667,3.333,3,0.333,0.667,5.667,-25.583,5.333,5,3.333,0.333,0,0,0,,0.667,0.667,1.667,40,2.667,0,0,0.667,0,0.667,0.667,0,0,0,0,,0,,0,,,1,0,0,,0,,1,0.333,0,0.333,0.333,0.333,4,100,4,15,1.667,1,3.236,2.764,1,3.236,2.764,0,,,1,9.091,100,3,1.333,5,3.667,0.667
Jake Rogers,Gold Coast,20,20.83,Gen. Forward,1,6.3,22,20,0,0,0,27,5,1,6,66.667,60,100,100,1,100,83.333,1,0,0,,0,,131,21.833,134.25,265.25,106.6,131.01,21.32,12.08,12.08,36.512,43.488,51.29,8.71,2,4,6,33.333,0,2,0,0,2,1,1,0,0,3,26.852,0,1,3,2,3,9.375,1,33.333,0,1,1,100,1,0,0,0,0,0,0,0,0,0,0,,0,,0,,,0,0,0,,0,,0,0,0,0,2,2,12,,3,7.895,0,0,,,0,,,0,,,0,0,,0,0,4,2,0
Bailey Humphrey,Gold Coast,21,21.3,Mid-Forward,3,8.967,66,62,0,0,0,68.667,9.333,3.667,13,58.974,42.857,100,56.41,3,44.444,71.795,3,0.667,1.667,7.8,2.667,4.875,325.333,25.026,67.577,392.91,325.013,134.4,36.113,14.43,3.935,31.092,0.158,40.202,-2.702,6.333,6.333,12.667,50,0.667,5,2,1.667,3.333,5.333,4,0,1.667,4,27.699,0.667,2.333,4.333,5.333,4.667,16.867,0,0,1,1,0.667,100,3.333,1.333,2,0,0.333,0,0.333,-0.333,0,0,0,,0,,0,,,2,0.333,0,,0.667,50,4,1.333,1.667,3.667,0.333,0.333,11.667,36.364,4.667,17.5,0.333,11,3.138,-0.502,6,4.058,-1.391,5,2.035,0.565,0,0,,0,1,11,2.333,0.667
Max Michalanney,Adelaide,21,21.84,Gen. Defender,2,3.4,58.5,63,0,0,0,84.5,9,7,16,71.875,77.778,64.286,65.625,1,0,56.25,1,1,2,8,4,4,253,15.812,125,378,236.315,104.065,26.257,1.23,0.176,20.064,2.158,62.67,-1.559,2,14,16,12.5,3.5,1.5,0.5,1,0.5,1.5,1,0,0.5,8,-22.513,4.5,8.5,2.5,0.5,1,3.922,0,0,0.5,0.5,0,,5.5,0.5,0,2,0,0.5,1,-0.5,0,0,0,,0,,0,,,2,0,0.5,0,0,,0,0,0,0,0,0.5,0.5,,3,18.75,1,0,,,0,,,0,,,0,0,,0,1.5,7.5,4.5,1.5
Mason Cox,Fremantle,34,34.8,Key Forward,2,3.7,50,45,0,0,0,67.5,4,3,7,85.714,75,100,71.429,0.5,0,57.143,0.5,0,3.5,2,2,3.5,20,2.857,65.13,85.13,47.72,-5.635,11.93,-2.825,-0.942,26.112,-26.112,69.144,-29.144,3.5,2.5,6,58.333,1.5,2,1,0.5,1.5,2,0.5,0,0,0,7.995,0.5,2.5,1.5,1.5,6,22.642,0.5,8.333,1.5,2,1.5,100,3.5,1,0,1.5,0,0.5,1.5,-1,20.5,21.134,8.5,41.463,3.5,41.176,0,47.059,41.176,1.5,0.5,0,,1,0,2,1,0,1,0,0,6,100,3,15,2,2,5.378,0.622,1,5.106,0.894,1,5.649,0.351,0,0,,0,2.5,3,0.5,2.5
Lachie Neale,Brisbane,32,32.6,Midfielder,2,11.5,75.5,91.5,0,0,0,58,11,13.5,24.5,67.347,50,81.481,59.184,3,16.667,44.898,3.5,0,3,8.167,2.5,9.8,291,11.878,332.31,623.31,270.705,106.895,24.61,-3.96,-0.293,28.941,-17.176,61.23,-14.171,7.5,14.5,22,34.091,0.5,6,0,1,5,0.5,0.5,1.5,0,8,-5.51,2.5,8,11,0.5,21,66.667,2,9.524,2.5,4.5,6.5,61.538,5.5,0,0,0,0,0,0,0,0,0,0,,0,,0,,,3,0,0.5,0,0,,1,0.5,0,0.5,1,1.5,9.5,100,4.5,17.647,0,1,2.653,3.347,0,,,1,2.653,3.347,0,0,,1,1,13.5,5.5,0.5
Jarrod Berry,Brisbane,27,27.9,Midfielder,3,10.233,75.667,74,4,1.333,1,63.333,11.667,7,18.667,80.357,74.286,90.476,70.909,2.667,50,62.5,3.667,3.667,3.333,5.6,2.667,7,438.333,23.482,183.177,621.51,378.353,238.873,33.384,10.893,1.556,22.673,4.913,50.768,4.404,5.667,13,18.667,30.357,2.667,4,0.333,1.333,2.667,3,2,0.333,1.333,8.667,-15.2,5.333,6.667,6,0.667,0,0,0.333,,2,2.333,1.667,100,4.333,0.333,0.333,0.667,0.667,1.333,1,0.333,0,0,0,,0,,0,,,2.333,0.333,0,,0.333,0,2,0.667,0.333,1,0.333,0.333,6.333,66.667,4.667,18.919,1,3,3.745,0.588,1,5.547,0.453,2,2.844,0.656,0,0,,0.333,0.667,9,4,0.333
Jhye Clark,Geelong,21,21.44,Midfielder,3,4.367,35,33.333,0,0,0,42,6.333,3.333,9.667,62.069,52.632,80,62.069,1,33.333,65.517,1.333,3,2.333,4.143,2.333,4.143,193.667,20.034,64.097,257.763,167.2,110.2,26.4,14.03,4.209,20.286,0.766,47.233,0.136,3.667,6,9.667,37.931,2.333,3,0.333,0.333,2.667,2,1.667,0.333,0.333,3.333,-13.214,2.333,4.333,2.333,0.667,1.667,5.155,0.333,20,1.333,1.667,1,100,1.667,0,0,0,0,0,0,0,0,0,0,,0,,0,,,0.667,0,0,,0,,0,0,0,0,0.333,0.667,2.333,,2.333,8.537,1,0,,,0,,,0,,,0,0,,0,1,7,3.333,0.667
Josh Kelly,Greater Western Sydney,30,30.88,Midfielder,1,19.8,81,63,0,0,0,43,9,9,18,88.889,77.778,100,66.667,4,25,50,6,0,2,9,5,3.6,351,19.5,159.1,510.1,307.22,151.85,34.136,8.09,0.899,26.884,-12.599,43.596,-15.024,13,6,19,68.421,2,7,0,1,6,3,2,3,2,5,2.026,2,7,7,3,9,27.273,1,11.111,8,9,9,88.889,1,0,0,0,0,2,1,1,0,0,0,,0,,0,,,1,0,0,,1,0,2,2,0,2,0,0,12,100,6,26.087,3,2,2.3,3.7,0,,,2,2.3,3.7,0,0,,0,1,12,8,0
Sam Butler,Hawthorn,22,22.88,Mid-Forward,3,5.467,56.333,62.333,0,0,0,60.667,6,3.667,9.667,65.517,50,90.909,65.517,0.333,100,62.069,0.667,0.333,0.667,14.5,1.333,7.25,105.333,10.897,114.37,219.703,97.213,58.72,16.202,5.157,1.406,32.321,-15.654,62.193,-3.859,1.667,7.333,9,18.519,0.333,0.667,0.333,0.333,0.333,0.667,0.333,0.667,0,3.333,16.323,0.667,2,3.667,2.667,1.667,5.263,0,0,0,0,1.333,0,2.667,0,0.333,0,0,0.333,0,0.333,0,0,0,,0,,0,,,5.667,2,0,,0.333,0,3,1,0,1.667,0.333,0.333,8,60,4.333,16.667,0.333,5,3.415,0.185,2,4.201,1.799,3,2.891,-0.891,0,0,,0.333,0,14,6,0
Josh Weddle,Hawthorn,21,21.6,Gen. Defender,3,7.133,67.333,71.333,0,0,0,84.333,9.333,5,14.333,60.465,46.429,86.667,58.14,2.333,57.143,65.116,3.667,2.667,3.667,3.909,3,4.778,404.667,28.233,146.777,551.443,339.853,143.84,37.761,11.413,2.283,23.329,5.242,45.41,-7.314,5.333,9.333,14.667,36.364,2,3,0.667,0.333,2.667,3.667,1.333,0,0,4,1.24,2.667,3,6.667,2.333,0,0,0,,0.667,0.667,1.333,50,5,1,1,1,0.333,1.333,0.667,0.667,5.667,5.03,2,35.294,0.667,33.333,0,66.667,66.667,3.333,1,0.667,0,2.667,37.5,1,0.333,1.667,2.333,0.333,1.333,6.667,14.286,5,19.231,0.333,7,3.35,-1.778,5,3.796,-1.996,2,2.235,-1.234,0.333,3.333,100,2,3.667,14.667,6.667,3.667
David Swallow,Gold Coast,33,33.11,Gen. Forward,2,1.4,27.5,29.5,0,0,0,25.5,3.5,1.5,5,80,71.429,100,50,1.5,33.333,70,1.5,0,0.5,10,2,2.5,125,25,45.54,170.54,137.305,25.11,39.23,-6.83,-4.553,34.17,-34.17,36.842,-20.175,2.5,2.5,5,50,1,1,0.5,0.5,0.5,1.5,0.5,0.5,0,1,26.981,0,1,3,1,1,3.922,0,0,1,1,1,100,1.5,0,0,0,0,1,0,1,0,0,0,,0,,0,,,2.5,0.5,0,,0.5,0,0,0,0.5,0.5,0,0,0.5,0,0.5,2.381,0,1,2.491,-1.491,1,2.491,-1.491,0,,,0,0,,0.5,0,5,2.5,0
Josh Rachele,Adelaide,22,22.72,Gen. Forward,1,8.8,28,34,0,0,0,45,4,0,4,75,75,,75,1,100,100,1,0,0,,1,4,72,18,44.52,116.52,80.12,43.56,20.03,0,,35.8,14.2,64.505,-14.505,1,2,3,33.333,0,1,1,0,1,1,1,0,0,0,34.027,0,1,1,1,0,0,0,,0,0,0,,2,0,0,0,1,0,0,0,0,0,0,,0,,0,,,1,0,0,,0,,2,2,0,2,1,1,18,100,3,17.647,0,2,2.296,3.704,0,,,2,2.296,3.704,0,0,,0,0,4,2,0
Oscar McInerney,Brisbane,31,31.47,Ruck,3,5.467,51.333,46.333,0,0,0,66,4.333,4,8.333,60,46.154,75,56,1.667,60,52,2.333,1,1.667,5,1.667,5,143,17.16,65.037,208.037,128.91,41.833,29.748,7.167,1.792,25.057,2.215,44.869,-8.505,5,3.667,8.667,57.692,1.333,2,0.333,0.333,1.667,2.333,1.333,0,0.667,2.333,5.713,0.667,3,3.667,1.333,5.333,18.391,0.333,6.25,1,1.333,2.667,62.5,1.333,0.333,0,0.333,0.667,1.333,0.667,0.667,27,24.545,13.333,49.383,3,22.5,1.333,27.5,32.5,2,1.333,0,,3,44.444,0,0,0.667,0.667,0.333,0.667,3,0,3.333,11.494,1.667,2,2.934,-1.934,0,,,2,2.934,-1.934,0,0,,0,1.667,4.333,1.333,1.667
